ts_code,trade_date,vol,price,amount,pre_close,turnover_rate,volume_ratio,float_share
600000.SH,20260422,174900,9.71,1698279.0,9.72,0.000525133,0.306196,3330580.0
600004.SH,20260422,26000,8.89,231140.0,8.89,0.00109857,0.413203,236672.0
600006.SH,20260422,84700,6.34,536998.0,6.37,0.004235,0.884633,200000.0
600007.SH,20260422,9100,21.73,197743.0,21.62,0.000903421,0.405658,100728.0
600008.SH,20260422,171550,3.06,524943.0,3.06,0.00233701,0.304182,734059.0
600009.SH,20260422,19700,27.36,538992.0,27.41,0.000962723,0.303517,204628.0
600010.SH,20260422,3952100,2.86,11303006.0,2.87,0.012594,0.445927,3138080.0
600011.SH,20260422,960700,7.03,6753721.0,7.02,0.00873545,1.03186,1099770.0
600012.SH,20260422,16500,15.76,260040.0,15.8,0.00141558,0.307209,116560.0
600015.SH,20260422,318500,7.18,2286830.0,7.18,0.0020699,0.744074,1538720.0
600016.SH,20260422,342200,3.73,1276406.0,3.74,0.000964973,0.233838,3546210.0
600017.SH,20260422,230270,2.98,686205.0,2.98,0.00748686,0.982022,307565.0
600018.SH,20260422,363300,4.92,1787436.0,4.93,0.0015628,0.744706,2324670.0
600019.SH,20260422,282900,6.32,1787928.0,6.32,0.00129877,0.288814,2178210.0
600020.SH,20260422,29400,3.83,112602.0,3.83,0.00130819,0.257634,224737.0
600021.SH,20260422,66400,17.88,1187232.0,18.03,0.00235358,0.162674,282124.0
600022.SH,20260422,614900,1.51,928499.0,1.52,0.00574735,0.850343,1069880.0
600023.SH,20260422,474100,5.72,2711852.0,5.72,0.00353576,0.831966,1340870.0
600025.SH,20260422,134900,9.84,1327416.0,9.84,0.000724058,0.443649,1863110.0
600026.SH,20260422,623200,22.2,13835040.0,22.39,0.0163056,0.921697,382200.0
600027.SH,20260422,269700,4.75,1281075.0,4.76,0.00292653,0.280346,921568.0
600028.SH,20260422,1263300,5.51,6960783.0,5.5,0.00133326,0.6442,9475250.0
600029.SH,20260422,1198500,5.74,6879390.0,5.78,0.00889295,0.871679,1347700.0
600030.SH,20260422,502300,26.16,13140168.0,26.3,0.00412514,0.466966,1217660.0
600031.SH,20260422,238700,19.94,4759678.0,19.93,0.00281672,0.34862,847439.0
600032.SH,20260422,2743300,10.96,30066568.0,10.86,0.114082,3.4757,240468.0
600033.SH,20260422,98300,3.65,358795.0,3.65,0.00358184,0.404815,274440.0
600035.SH,20260422,16700,3.83,63961.0,3.83,0.00103719,0.221547,161012.0
600036.SH,20260422,354900,39.87,14149863.0,39.87,0.0017204,0.523141,2062890.0
600037.SH,20260422,63300,7.62,482346.0,7.66,0.00454814,0.509246,139178.0
600038.SH,20260422,24500,33.8,828100.0,33.87,0.00366254,0.505445,66893.5
600039.SH,20260422,49600,9.98,495008.0,9.98,0.000570404,0.247706,869559.0
600048.SH,20260422,421500,5.94,2503710.0,5.97,0.00352117,0.388163,1197040.0
600050.SH,20260422,5768964,4.59,26479545.0,4.66,0.0186153,3.64747,3099040.0
600051.SH,20260422,27200,7.52,204544.0,7.5,0.00874936,0.235819,31088.0
600052.SH,20260422,102500,3.8,389500.0,3.78,0.0121417,0.937468,84419.5
600053.SH,20260422,15100,14.62,220762.0,14.62,0.00348295,0.375216,43354.1
600054.SH,20260422,31000,12.15,376650.0,12.18,0.00603935,0.20926,51330.0
600055.SH,20260422,6800,14.85,100980.0,14.78,0.000967199,0.202413,70306.1
600056.SH,20260422,161300,10.65,1717845.0,10.69,0.0107868,0.422763,149535.0
600057.SH,20260422,40200,8.13,326826.0,8.14,0.00192114,0.290188,209251.0
600058.SH,20260422,56900,11.2,637280.0,11.21,0.00530828,0.428565,107191.0
600059.SH,20260422,20300,8.82,179046.0,8.83,0.00222699,0.365809,91154.2
600060.SH,20260422,11600,23.0,266800.0,23.08,0.000892192,0.107797,130017.0
600061.SH,20260422,102200,6.74,688828.0,6.76,0.00159838,0.347592,639399.0
600062.SH,20260422,8600,18.11,155746.0,18.13,0.000828337,0.0798846,103823.0
600063.SH,20260422,72700,7.06,513262.0,7.03,0.00351359,0.176876,206911.0
600064.SH,20260422,49600,8.58,425568.0,8.58,0.00286649,0.43126,173034.0
600066.SH,20260422,67500,36.45,2460375.0,36.43,0.00304886,0.389582,221394.0
600067.SH,20260422,40900,4.14,169326.0,4.16,0.00293892,0.219567,139167.0
600071.SH,20260422,39400,21.1,831340.0,21.32,0.0139928,0.62695,28157.4
600072.SH,20260422,1932200,13.97,26992834.0,14.0,0.178356,3.73372,108334.0
600073.SH,20260422,41600,5.86,243776.0,5.88,0.00443625,0.533351,93772.9
600075.SH,20260422,59914,6.11001,366075.0,6.12,0.00350826,0.192234,170780.0
600076.SH,20260422,40200,3.44,138288.0,3.44,0.00298986,0.270797,134454.0
600078.SH,20260422,58200,12.25,712950.0,12.28,0.00878394,0.197315,66257.3
600079.SH,20260422,57300,18.68,1070364.0,18.7,0.00371311,0.561293,154318.0
600080.SH,20260422,8300,8.1,67230.0,8.06,0.00222359,0.0985909,37327.0
600081.SH,20260422,100,10.82,1082.0,10.82,1.80823e-05,0.00440762,55302.6
600082.SH,20260422,216700,2.92,632764.0,2.94,0.0341617,0.378726,63433.5
600084.SH,20260422,85400,6.52,556808.0,6.55,0.00759971,1.40899,112373.0
600085.SH,20260422,32300,27.79,897617.0,27.79,0.00235514,0.784015,137147.0
600088.SH,20260422,4300,14.59,62737.0,14.65,0.0010812,0.14631,39770.6
600089.SH,20260422,383500,27.42,10515570.0,27.55,0.00758986,0.197425,505279.0
600094.SH,20260422,60300,4.74,285822.0,4.77,0.00283601,0.182327,212623.0
600095.SH,20260422,43400,9.38,407092.0,9.41,0.00151791,0.23728,285919.0
600096.SH,20260422,354600,34.03,12067038.0,33.99,0.0194516,0.698757,182299.0
600097.SH,20260422,23700,10.8,255960.0,10.87,0.00983661,0.827182,24093.7
600098.SH,20260422,106700,7.05,752235.0,7.08,0.00304347,0.453102,350586.0
600099.SH,20260422,17400,11.39,198186.0,11.34,0.00794085,0.477883,21912.0
600100.SH,20260422,62700,8.39,526053.0,8.4,0.00187148,0.141794,335030.0
600101.SH,20260422,169700,9.67,1640999.0,9.78,0.0309749,0.722775,54786.2
600103.SH,20260422,15922300,5.5,87572650.0,5.2,0.719708,4.0989,221233.0
600104.SH,20260422,361800,13.85,5010930.0,13.84,0.00314738,0.865825,1149530.0
600105.SH,20260422,988718,41.39,40923038.0,41.39,0.067628,0.521251,146199.0
600106.SH,20260422,36800,6.09,224112.0,6.15,0.00276895,0.208513,132902.0
600107.SH,20260422,123500,5.81,717535.0,5.79,0.0343056,2.69152,36000.0
600108.SH,20260422,559100,4.55,2543905.0,4.56,0.0287172,0.61226,194692.0
600109.SH,20260422,73400,8.53,626102.0,8.56,0.00198091,0.409395,370536.0
600110.SH,20260422,1052700,10.0,10527000.0,9.99,0.060668,0.556924,173518.0
600111.SH,20260422,321500,50.2,16139300.0,50.6,0.00889334,0.287275,361507.0
600113.SH,20260422,6300,45.4,286020.0,45.5,0.00153124,0.155613,41143.1
600114.SH,20260422,56900,32.23,1833887.0,32.28,0.00923127,0.349259,61638.3
600115.SH,20260422,935200,4.58,4283216.0,4.63,0.00549311,0.368318,1702500.0
600116.SH,20260422,57900,6.6,382140.0,6.64,0.00302802,0.210432,191214.0
600117.SH,20260422,47400,2.64,125136.0,2.65,0.00145617,0.407189,325512.0
600118.SH,20260422,3714623,93.91,348840246.0,100.2,0.314136,5.44243,118249.0
600119.SH,20260422,123700,6.18,764466.0,6.2,0.0338653,2.0004,36527.0
600120.SH,20260422,90200,5.59,504218.0,5.6,0.00264099,0.181269,341538.0
600121.SH,20260422,161100,4.18,673398.0,4.18,0.0132221,0.454082,121841.0
600123.SH,20260422,83600,6.33,529188.0,6.35,0.00567457,0.356772,147324.0
600125.SH,20260422,101500,6.08,617120.0,6.1,0.00777467,0.396163,130552.0
600126.SH,20260422,721700,9.25,6675725.0,9.33,0.0213698,0.374937,337719.0
600127.SH,20260422,132900,6.89,915681.0,6.92,0.0207079,0.356048,64178.3
600128.SH,20260422,7900,10.47,82713.0,10.46,0.00320139,0.188436,24676.8
600129.SH,20260422,21600,16.09,347544.0,16.11,0.00391717,0.3471,55141.8
600130.SH,20260422,171700,4.6,789820.0,4.62,0.0228933,1.12989,75000.0
600131.SH,20260422,35100,18.35,644085.0,18.42,0.00293502,0.254669,119591.0
600132.SH,20260422,25300,53.06,1342418.0,53.34,0.00522758,0.800698,48397.1
600133.SH,20260422,52300,8.71,455533.0,8.74,0.00490509,0.225585,106624.0
600135.SH,20260422,231500,11.27,2609005.0,11.25,0.0418393,0.714027,55330.7
600136.SH,20260422,215800,1.82,392756.0,1.81,0.011106,1.02316,194309.0
600137.SH,20260422,17400,22.65,394110.0,22.99,0.017898,0.442632,9721.76
600138.SH,20260422,37500,9.2,345000.0,9.25,0.0051807,0.435219,72384.0
600141.SH,20260422,97900,32.2,3152380.0,32.0,0.00814652,0.42788,120174.0
600143.SH,20260422,113700,17.02,1935174.0,17.0,0.00431528,0.245116,263483.0
600148.SH,20260422,3800,18.2,69160.0,18.21,0.0026852,0.297643,14151.6
600149.SH,20260422,1149900,6.29,7232871.0,6.36,0.302478,4.24425,38016.0
600150.SH,20260422,657500,36.0,23670000.0,36.32,0.00873682,0.660023,752562.0
600151.SH,20260422,513000,14.86,7623180.0,15.12,0.0357678,0.586513,143425.0
600152.SH,20260422,3620200,13.77,49850154.0,13.01,0.684245,2.54726,52907.9
600153.SH,20260422,29600,8.75,259000.0,8.8,0.00102085,0.199568,289954.0
600155.SH,20260422,65800,6.23,409934.0,6.25,0.00297261,0.340214,221354.0
600156.SH,20260422,11111401,9.35,103891599.0,9.79,2.76327,24.2639,40211.1
600157.SH,20260422,6010800,1.7,10218360.0,1.71,0.02755,1.05689,2181780.0
600158.SH,20260422,241800,11.03,2667054.0,11.06,0.0252003,0.363864,95951.3
600159.SH,20260422,313500,2.88,902880.0,2.91,0.0377709,1.22747,83000.3
600160.SH,20260422,103600,34.31,3554516.0,34.41,0.0038374,0.293783,269975.0
600161.SH,20260422,13800,15.06,207828.0,15.07,0.000697896,0.124049,197737.0
600162.SH,20260422,300500,1.78,534890.0,1.79,0.00919399,0.7589,326844.0
600163.SH,20260422,390100,6.26,2442026.0,6.31,0.0204993,0.908316,190300.0
600165.SH,20260422,5900,3.59,21181.0,3.59,0.000805006,0.0935702,73291.4
600166.SH,20260422,992200,3.38,3353636.0,3.38,0.0125319,0.34933,791740.0
600167.SH,20260422,219000,6.75,1478250.0,6.83,0.0096781,1.69565,226284.0
600168.SH,20260422,11500,4.95,56925.0,4.97,0.00115764,0.17308,99339.8
600169.SH,20260422,242300,2.4,581520.0,2.41,0.00726942,1.72516,333314.0
600170.SH,20260422,401000,2.7,1082700.0,2.71,0.00451275,0.333733,888594.0
600171.SH,20260422,9500,27.62,262390.0,27.67,0.00134006,0.112681,70892.3
600172.SH,20260422,800900,8.63,6911767.0,8.74,0.0627539,0.620005,127626.0
600173.SH,20260422,527200,7.68,4048896.0,7.76,0.0752695,1.04888,70041.6
600176.SH,20260422,521000,31.5,16411500.0,31.75,0.0130148,0.354097,400314.0
600177.SH,20260422,33476,7.35001,246049.0,7.35,0.000724049,0.180802,462344.0
600178.SH,20260422,3100,11.44,35464.0,11.47,0.000664557,0.0834028,46647.6
600179.SH,20260422,201600,4.54,915264.0,4.54,0.00521972,0.511766,386228.0
600180.SH,20260422,15500,3.2,49600.0,3.21,0.00142643,0.122699,108663.0
600182.SH,20260422,3800,14.52,55176.0,14.52,0.00223529,0.199891,17000.0
600183.SH,20260422,226056,72.54,16398102.0,72.55,0.00944063,0.339491,239450.0
600184.SH,20260422,396100,23.5,9308350.0,23.5,0.0679735,0.881439,58272.7
600185.SH,20260422,219400,5.92,1298848.0,5.93,0.0116392,0.8356,188501.0
600186.SH,20260422,1447200,8.0,11577600.0,8.09,0.0812902,0.574305,178029.0
600187.SH,20260422,114700,1.77,203019.0,1.78,0.00710753,0.355622,161378.0
600188.SH,20260422,242250,19.61,4750523.0,19.52,0.00406368,0.45692,596135.0
600189.SH,20260422,30700,7.99,245293.0,7.99,0.00429252,0.306992,71519.8
600191.SH,20260422,60500,12.8,774400.0,12.76,0.012476,0.840093,48493.2
600192.SH,20260422,10200,8.32,84864.0,8.32,0.00230901,0.151524,44174.8
600193.SH,20260422,258300,2.53,653499.0,2.66,0.0607232,2.49463,42537.3
600195.SH,20260422,45400,7.86,356844.0,7.9,0.00444598,0.218463,102115.0
600196.SH,20260422,69400,25.65,1780110.0,25.63,0.00327592,0.362587,211849.0
600197.SH,20260422,1100,11.89,13079.0,11.89,0.000232472,0.0459321,47317.5
600198.SH,20260422,151600,8.35,1265860.0,8.41,0.0116441,1.07036,130195.0
600199.SH,20260422,17800,8.02,142756.0,8.02,0.002706,0.292461,65779.7
600201.SH,20260422,36100,14.35,518035.0,14.39,0.00324714,0.191763,111175.0
600202.SH,20260422,19700,5.89,116033.0,5.93,0.00513903,0.282006,38334.1
600203.SH,20260422,587500,11.88,6979500.0,12.02,0.0990745,2.98172,59298.8
600206.SH,20260422,519500,24.71,12836845.0,24.88,0.0613665,0.800395,84655.3
600207.SH,20260422,100200,5.58,559116.0,5.65,0.00919846,0.249197,108931.0
600208.SH,20260422,1782600,3.87,6898662.0,3.9,0.0209521,1.03965,850798.0
600210.SH,20260422,89100,7.02,625482.0,7.03,0.00587446,0.619277,151674.0
600211.SH,20260422,15800,41.07,648906.0,41.18,0.00490197,0.646981,32231.9
600212.SH,20260422,64600,7.7,497420.0,7.76,0.0121616,0.245819,53118.0
600215.SH,20260422,35200,6.65,234080.0,6.62,0.00770438,0.573203,45688.3
600216.SH,20260422,106300,14.64,1556232.0,14.71,0.0111731,0.439421,95138.9
600217.SH,20260422,36600,3.74,136884.0,3.75,0.00220794,0.370768,165765.0
600218.SH,20260422,17100,9.58,163818.0,9.62,0.00392562,0.215679,43560.0
600219.SH,20260422,905500,6.09,5514495.0,6.15,0.00788509,0.424605,1148370.0
600221.SH,20260422,1014200,1.48,1501016.0,1.49,0.00236711,0.358505,4284550.0
600222.SH,20260422,2600,7.09,18434.0,7.12,0.000453051,0.0120402,57388.6
600223.SH,20260422,4700,6.74,31678.0,6.75,0.00046234,0.0857083,101657.0
600226.SH,20260422,123000,5.29,650670.0,5.29,0.00413531,0.224415,297438.0
600227.SH,20260422,994000,3.55,3528700.0,3.54,0.0778021,0.912169,127760.0
600228.SH,20260422,39100,6.36,248676.0,6.26,0.0093982,0.402362,41603.7
600229.SH,20260422,5900,6.0,35400.0,6.03,0.000892982,0.200257,66070.8
600230.SH,20260422,23300,19.5,454350.0,19.6,0.00562855,0.236029,41396.1
600231.SH,20260422,28900,2.11,60979.0,2.12,0.0010189,0.152136,283638.0
600232.SH,20260422,361500,8.72,3152280.0,8.83,0.0991175,2.79372,36471.9
600233.SH,20260422,86500,21.36,1847640.0,21.35,0.00252724,0.299312,342271.0
600234.SH,20260422,515700,22.05,11371185.0,22.15,0.196441,4.48147,26252.1
600235.SH,20260422,17600,6.79,119504.0,6.8,0.00500996,0.284442,35130.0
600236.SH,20260422,230100,10.34,2379234.0,10.47,0.00291917,1.06756,788238.0
600237.SH,20260422,112500,9.33,1049625.0,9.31,0.0180111,0.372313,62461.6
600238.SH,20260422,14700,4.69,68943.0,4.74,0.00330136,0.116508,44527.2
600239.SH,20260422,306654,2.01,616375.0,2.03,0.019098,1.38129,160569.0
600241.SH,20260422,54400,9.49,516256.0,9.46,0.0184844,0.6257,29430.2
600243.SH,20260422,1607600,3.88,6237488.0,4.08,0.366321,15.6741,43885.0
600246.SH,20260422,98400,9.61,945624.0,9.68,0.00520521,0.18449,189041.0
600248.SH,20260422,112200,3.43,384846.0,3.44,0.00302774,1.01394,370574.0
600249.SH,20260422,123100,5.87,722597.0,5.9,0.0223818,0.587453,55000.0
600250.SH,20260422,103800,11.37,1180206.0,11.37,0.0331851,0.396444,31279.1
600251.SH,20260422,283200,11.79,3338928.0,11.95,0.0364482,1.75296,77699.4
600252.SH,20260422,195400,2.48,484592.0,2.49,0.00613662,0.312586,318416.0
600255.SH,20260422,123000,3.66,450180.0,3.66,0.00681008,0.301228,180615.0
600256.SH,20260422,708200,6.25,4426250.0,6.23,0.0110795,0.486483,639200.0
600257.SH,20260422,32700,6.28,205356.0,6.28,0.00679499,0.168351,48123.7
600258.SH,20260422,45400,14.99,680546.0,15.05,0.0040659,0.256897,111660.0
600259.SH,20260422,63500,103.7,6584950.0,104.86,0.0188743,0.3873,33643.6
600261.SH,20260422,3997000,4.23,16907310.0,4.07,0.299389,16.5857,133505.0
600262.SH,20260422,91400,24.86,2272204.0,25.2,0.0537647,1.05585,17000.0
600265.SH,20260422,0,,0.0,20.25,0.0,0.0,12980.0
600266.SH,20260422,181000,4.9,886900.0,4.94,0.00871977,0.381038,207574.0
600267.SH,20260422,227800,11.01,2508078.0,11.06,0.019003,0.395333,119876.0
600268.SH,20260422,221500,15.81,3501915.0,16.08,0.0219127,0.464276,101083.0
600269.SH,20260422,47300,4.47,211431.0,4.46,0.00202534,0.344789,233541.0
600271.SH,20260422,44000,8.63,379720.0,8.64,0.00237468,0.189966,185288.0
600272.SH,20260422,6600,12.17,80322.0,12.25,0.004125,0.237762,16000.0
600273.SH,20260422,23800,8.9,211820.0,8.92,0.00181498,0.165964,131131.0
600276.SH,20260422,136900,55.6,7611640.0,55.75,0.0021461,0.220485,637900.0
600278.SH,20260422,25800,7.26,187308.0,7.26,0.002959,0.449866,87191.6
600279.SH,20260422,26800,4.86,130248.0,4.87,0.00225805,0.490499,118687.0
600280.SH,20260422,8800,3.07,27016.0,3.07,0.00077991,0.0494504,112833.0
600281.SH,20260422,24400,5.56,135664.0,5.56,0.00474337,0.263564,51440.2
600282.SH,20260422,58000,5.65,327700.0,5.68,0.000940781,0.224647,616509.0
600283.SH,20260422,8600,9.23,79378.0,9.25,0.0015804,0.188178,54416.7
600284.SH,20260422,46300,7.57,350491.0,7.57,0.00477194,0.178366,97025.6
600285.SH,20260422,8600,21.54,185244.0,21.54,0.0015198,0.108497,56586.5
600287.SH,20260422,10000,5.8,58000.0,5.8,0.0022894,0.236253,43679.6
600288.SH,20260422,65000,15.42,1002300.0,15.55,0.014881,0.651517,43680.0
600289.SH,20260422,90000,6.82,613800.0,6.91,0.0159032,1.33606,56592.3
600292.SH,20260422,48000,15.53,745440.0,15.63,0.00614741,0.229358,78081.7
600293.SH,20260422,17500,3.22,56350.0,3.21,0.00150843,0.073301,116015.0
600295.SH,20260422,27800,15.3,425340.0,15.45,0.00140718,0.191557,197558.0
600298.SH,20260422,30300,39.71,1203213.0,39.68,0.00353497,0.601575,85715.0
600299.SH,20260422,123000,13.88,1707240.0,13.91,0.0045863,0.480347,268190.0
600300.SH,20260422,239000,3.52,841280.0,3.53,0.0147792,0.526868,161714.0
600301.SH,20260422,256000,52.0,13312000.0,54.98,0.0929774,1.76593,27533.6
600302.SH,20260422,379400,11.29,4283426.0,11.51,0.10965,3.83172,34601.0
600303.SH,20260422,88000,3.1,272800.0,3.11,0.0130254,0.425435,67560.4
600305.SH,20260422,18400,7.47,137448.0,7.48,0.0016682,0.360359,110299.0
600307.SH,20260422,221100,1.8,397980.0,1.81,0.00353006,0.303854,626336.0
600308.SH,20260422,2510280,4.14,10392559.0,4.14,0.165491,13.4994,151687.0
600309.SH,20260422,160700,87.49,14059643.0,87.49,0.00513341,0.472922,313047.0
600310.SH,20260422,1423000,4.73,6730790.0,4.78,0.097086,1.21801,146571.0
600312.SH,20260422,191400,21.14,4046196.0,21.17,0.0141055,0.584389,135692.0
600313.SH,20260422,126600,7.41,938106.0,7.46,0.0116984,0.287968,108220.0
600315.SH,20260422,14500,20.1,291450.0,20.2,0.00215701,0.366811,67222.6
600316.SH,20260422,20300,39.19,795557.0,39.35,0.00283079,0.146129,71711.5
600318.SH,20260422,31400,7.72,242408.0,7.74,0.00612411,0.24464,51272.8
600319.SH,20260422,43100,7.54,324974.0,7.5,0.0111166,1.00004,38770.9
600320.SH,20260422,159600,5.12,817152.0,5.14,0.00480434,0.479559,332200.0
600322.SH,20260422,5400,2.4,12960.0,2.4,0.000488378,0.026991,110570.0
600325.SH,20260422,75100,3.57,268107.0,3.58,0.00272877,0.213553,275215.0
600326.SH,20260422,43900,9.3,408270.0,9.31,0.0032221,0.240835,136246.0
600327.SH,20260422,9100,3.8,34580.0,3.82,0.0010285,0.0709683,88478.0
600328.SH,20260422,609700,8.91,5432427.0,8.76,0.0415806,2.0152,146631.0
600329.SH,20260422,9600,40.67,390432.0,40.68,0.00169285,0.32979,56708.9
600330.SH,20260422,6887000,23.45,161500150.0,23.52,0.55836,4.81342,123343.0
600331.SH,20260422,196600,17.24,3389384.0,17.31,0.0096752,0.352099,203200.0
600332.SH,20260422,42900,22.74,975546.0,22.76,0.00305145,0.541465,140589.0
600333.SH,20260422,39500,5.29,208955.0,5.32,0.00648572,0.46202,60903.1
600335.SH,20260422,32200,6.05,194810.0,6.06,0.00215271,0.395556,149579.0
600336.SH,20260422,4000,7.05,28200.0,7.1,0.000501244,0.0618136,79801.5
600337.SH,20260422,163100,3.34,544754.0,3.38,0.01135,0.167231,143700.0
600338.SH,20260422,972600,21.0,20424600.0,21.29,0.106387,1.02813,91421.0
600339.SH,20260422,207300,3.9,808470.0,3.91,0.00371296,0.204445,558315.0
600340.SH,20260422,738900,1.31,967959.0,1.32,0.0189785,0.547839,389336.0
600343.SH,20260422,467800,35.6,16653680.0,36.62,0.0732992,0.716394,63820.6
600345.SH,20260422,142100,51.94,7380674.0,51.95,0.0671679,0.544201,21155.9
600346.SH,20260422,543100,24.94,13544914.0,24.94,0.00771548,1.37541,703910.0
600348.SH,20260422,2715700,10.1,27428570.0,9.93,0.0752793,6.35661,360750.0
600350.SH,20260422,26600,10.54,280364.0,10.53,0.000550204,0.528453,483457.0
600351.SH,20260422,181809,6.49,1179940.0,6.53,0.026273,0.632053,69200.0
600352.SH,20260422,42600,12.81,545706.0,12.82,0.00130943,0.0991506,325333.0
600353.SH,20260422,28100,16.2,455220.0,16.21,0.0033904,0.103144,82881.1
600354.SH,20260422,38200,6.24,238368.0,6.27,0.00723756,0.203314,52780.2
600356.SH,20260422,34200,9.7,331740.0,9.64,0.0114484,0.217182,29873.1
600358.SH,20260422,136400,6.27,855228.0,6.35,0.0270133,0.939309,50493.7
600359.SH,20260422,23700,6.98,165426.0,6.97,0.00621211,0.344139,38151.3
600360.SH,20260422,411110,9.37,3852101.0,9.47,0.0428108,1.42104,96029.5
600361.SH,20260422,135600,4.58,621048.0,4.6,0.0036328,0.182438,373266.0
600362.SH,20260422,176500,46.0,8119000.0,46.22,0.00850501,0.409264,207525.0
600363.SH,20260422,22600,53.7,1213620.0,53.85,0.00501233,0.295332,45088.8
600365.SH,20260422,16700,3.11,51937.0,3.11,0.00390844,0.343292,42728.0
600366.SH,20260422,82900,12.71,1053659.0,12.79,0.00754294,0.445506,109904.0
600367.SH,20260422,578500,22.5,13016250.0,22.6,0.179673,1.53484,32197.3
600368.SH,20260422,26700,3.86,103062.0,3.88,0.00165874,0.278158,160965.0
600369.SH,20260422,78300,4.17,326511.0,4.18,0.00117831,0.318448,664511.0
600370.SH,20260422,391700,2.46,963582.0,2.47,0.00974807,0.744628,401823.0
600371.SH,20260422,4000,8.6,34400.0,8.64,0.00136716,0.0706981,29257.8
600372.SH,20260422,122600,13.24,1623224.0,13.24,0.00253364,0.316334,483890.0
600373.SH,20260422,29300,8.22,240846.0,8.25,0.00217462,0.3352,134736.0
600375.SH,20260422,77900,5.27,410533.0,5.26,0.00532582,0.451472,146269.0
600376.SH,20260422,218100,4.61,1005441.0,4.66,0.00845491,0.446955,257957.0
600377.SH,20260422,41800,12.01,502018.0,12.04,0.00109937,0.501453,380218.0
600378.SH,20260422,227500,34.0,7735000.0,34.09,0.0212108,1.88372,107257.0
600379.SH,20260422,12500,11.64,145500.0,11.68,0.00378557,0.17514,33020.2
600380.SH,20260422,73100,10.91,797521.0,10.95,0.00399573,0.521832,182945.0
600381.SH,20260422,376200,3.07,1154934.0,3.1,0.064082,3.22356,58706.1
600382.SH,20260422,520500,9.5,4944750.0,9.47,0.0749559,1.73706,69440.8
600383.SH,20260422,195200,2.76,538752.0,2.77,0.00432377,0.300046,451458.0
600386.SH,20260422,81500,4.08,332520.0,4.05,0.0101066,0.843635,80640.0
600388.SH,20260422,515094,19.43,10008276.0,19.09,0.0405571,3.78778,127005.0
600389.SH,20260422,54500,29.81,1624645.0,30.07,0.0126553,0.442875,43065.0
600390.SH,20260422,131600,5.3,697480.0,5.29,0.0029257,0.564028,449807.0
600391.SH,20260422,73900,40.37,2983343.0,40.94,0.0223852,0.474287,33012.9
600392.SH,20260422,354300,27.2,9636960.0,27.41,0.0202131,0.430857,175283.0
600395.SH,20260422,89500,5.74,513730.0,5.76,0.00416934,0.422182,214662.0
600396.SH,20260422,9508600,8.13,77304918.0,8.13,0.645655,3.12002,147271.0
600397.SH,20260422,190500,14.94,2846070.0,14.99,0.0192432,0.375938,98996.0
600398.SH,20260422,115700,6.52,754364.0,6.54,0.00240903,0.345081,480277.0
600399.SH,20260422,137600,5.97,821472.0,5.99,0.00697733,0.341815,197210.0
600400.SH,20260422,197800,2.07,409446.0,2.08,0.00863238,0.557491,229137.0
600403.SH,20260422,113500,5.82,660570.0,5.81,0.00474734,0.751664,239081.0
600405.SH,20260422,18000,5.14,92520.0,5.13,0.00295024,0.166068,61011.9
600406.SH,20260422,336864,27.06,9115540.0,27.03,0.0042065,0.370704,800818.0
600408.SH,20260422,189200,3.18,601656.0,3.19,0.0187922,0.551508,100680.0
600409.SH,20260422,89200,7.22,644024.0,7.18,0.00432097,0.208888,206435.0
600410.SH,20260422,529100,27.93,14777763.0,27.9,0.0482538,0.277607,109649.0
600415.SH,20260422,141909,12.24,1736966.0,12.35,0.0025879,0.19601,548356.0
600416.SH,20260422,63200,12.32,778624.0,12.42,0.00428247,0.312772,147578.0
600418.SH,20260422,62050,45.5,2823275.0,45.7,0.0028411,0.186728,218401.0
600419.SH,20260422,5200,9.46,49192.0,9.49,0.00164811,0.135211,31551.2
600420.SH,20260422,419300,9.71,4071403.0,9.75,0.0312637,3.92358,134117.0
600421.SH,20260422,165600,5.27,872712.0,5.55,0.0846626,3.24775,19560.0
600422.SH,20260422,12800,11.12,142336.0,11.13,0.00169094,0.238775,75697.6
600423.SH,20260422,635500,2.73,1734915.0,2.73,0.0795673,1.08094,79869.5
600425.SH,20260422,59800,4.09,244582.0,4.09,0.00372654,0.324257,160470.0
600426.SH,20260422,54600,35.29,1926834.0,35.28,0.00257195,0.19109,212291.0
600428.SH,20260422,75300,8.92,671676.0,8.99,0.00307939,0.243891,244529.0
600429.SH,20260422,82800,5.68,470304.0,5.66,0.005529,0.619188,149756.0
600433.SH,20260422,1869400,3.96,7402824.0,3.98,0.106806,2.37928,175028.0
600435.SH,20260422,70100,15.18,1064118.0,15.27,0.00463515,0.263988,151236.0
600436.SH,20260422,14100,143.99,2030259.0,144.11,0.00233708,0.669563,60331.7
600438.SH,20260422,848200,18.2,15437240.0,18.24,0.0188406,1.24967,450199.0
600439.SH,20260422,97600,2.5,244000.0,2.51,0.00862202,0.474973,113199.0
600444.SH,20260422,2000,17.9,35800.0,17.86,0.00136592,0.0677517,14642.2
600446.SH,20260422,90000,12.0,1080000.0,12.1,0.00956158,0.603859,94126.8
600448.SH,20260422,1798100,3.3,5933730.0,3.37,0.285494,8.47913,62982.0
600449.SH,20260422,2700,12.66,34182.0,12.67,0.00056464,0.0629951,47818.1
600452.SH,20260422,114700,11.93,1368371.0,11.93,0.00746482,0.288492,153654.0
600455.SH,20260422,7300,25.6,186880.0,25.83,0.0116879,0.512504,6245.8
600456.SH,20260422,118200,35.5,4196100.0,35.51,0.0247395,1.39064,47777.8
600458.SH,20260422,16600,11.81,196046.0,11.85,0.00192534,0.172719,86218.7
600459.SH,20260422,310200,22.19,6883338.0,22.04,0.0408316,1.65313,75970.6
600460.SH,20260422,77300,27.08,2093284.0,27.08,0.00464523,0.311,166407.0
600461.SH,20260422,42500,9.83,417775.0,9.85,0.00330957,0.388251,128416.0
600463.SH,20260422,200,9.98,1996.0,10.03,6.66667e-05,0.00703294,30000.0
600467.SH,20260422,99700,2.39,238283.0,2.41,0.00682412,0.356878,146099.0
600468.SH,20260422,175700,8.07,1417899.0,8.05,0.0161528,0.340002,108774.0
600469.SH,20260422,85100,6.99,594849.0,7.03,0.0116663,0.389988,72945.1
600470.SH,20260422,76900,6.83,525227.0,6.86,0.0147431,0.298588,52160.0
600475.SH,20260422,16700,17.6,293920.0,17.71,0.00177116,0.134212,94288.6
600476.SH,20260422,26100,11.37,296757.0,11.32,0.0162041,0.439139,16107.0
600477.SH,20260422,129800,3.07,398486.0,3.09,0.00550241,0.271361,235897.0
600478.SH,20260422,93600,7.69,719784.0,7.7,0.0056198,0.203455,166554.0
600479.SH,20260422,9500,10.52,99940.0,10.51,0.00226997,0.12392,41850.7
600480.SH,20260422,342160,10.72,3667955.0,10.7,0.0282102,0.658201,121290.0
600481.SH,20260422,150300,6.55,984465.0,6.56,0.00728134,0.262393,206418.0
600482.SH,20260422,62500,37.77,2360625.0,37.88,0.00275543,0.145878,226825.0
600483.SH,20260422,94700,10.33,978251.0,10.36,0.00340631,0.412972,278014.0
600486.SH,20260422,10200,72.0,734400.0,72.41,0.00252482,0.147216,40398.9
600487.SH,20260422,1163100,59.7,69437070.0,59.8,0.047567,0.652333,244518.0
600488.SH,20260422,1687800,6.21,10481238.0,6.31,0.154576,0.966219,109189.0
600489.SH,20260422,508425,26.95,13702054.0,27.26,0.0104888,0.996599,484731.0
600490.SH,20260422,204400,8.78,1794632.0,8.85,0.0102578,0.362494,199262.0
600491.SH,20260422,1808200,2.06,3724892.0,2.07,0.118202,2.10776,152976.0
600493.SH,20260422,229600,7.35,1687560.0,7.55,0.0844118,3.70499,27200.0
600495.SH,20260422,20900,4.43,92587.0,4.45,0.00172986,0.0944033,120819.0
600496.SH,20260422,473800,3.66,1734108.0,3.66,0.0238075,1.07562,199013.0
600497.SH,20260422,599400,8.99,5388606.0,8.99,0.011892,0.444362,504038.0
600498.SH,20260422,710300,53.16,37759548.0,53.05,0.0558578,0.770775,127162.0
600499.SH,20260422,78300,17.33,1356939.0,17.37,0.00408268,0.338137,191786.0
600500.SH,20260422,63700,4.18,266266.0,4.19,0.00177521,0.217699,358831.0
600501.SH,20260422,22300,23.85,531855.0,24.0,0.00521242,0.206221,42782.4
600502.SH,20260422,500500,5.97,2987985.0,6.03,0.0291576,0.896845,171653.0
600503.SH,20260422,50400,2.28,114912.0,2.3,0.0031455,0.191666,160229.0
600505.SH,20260422,82500,13.31,1098075.0,13.45,0.0226296,0.794638,36456.8
600506.SH,20260422,12500,20.88,261000.0,20.83,0.00650977,0.315492,19201.9
600507.SH,20260422,202700,6.27,1270929.0,6.33,0.0087628,0.356404,231319.0
600508.SH,20260422,11900,12.93,153867.0,12.95,0.00164656,0.195364,72271.8
600509.SH,20260422,574200,7.93,4553406.0,8.04,0.0417783,2.08445,137440.0
600510.SH,20260422,261400,10.18,2661052.0,10.18,0.0253288,1.48709,103203.0
600511.SH,20260422,10800,28.58,308664.0,28.64,0.00195176,0.192301,55334.6
600512.SH,20260422,201400,2.46,495444.0,2.46,0.0126874,0.463989,158741.0
600513.SH,20260422,49500,20.67,1023165.0,20.82,0.0173407,0.15983,28545.6
600515.SH,20260422,1167300,3.6,4202280.0,3.63,0.0127212,1.87803,917601.0
600516.SH,20260422,118200,5.46,645372.0,5.48,0.00293594,0.273089,402597.0
600517.SH,20260422,94500,6.38,602910.0,6.42,0.00165255,0.389806,571844.0
600518.SH,20260422,500900,1.74,871566.0,1.74,0.00362384,0.332853,1382240.0
600519.SH,20260422,16550,1415.0,23418250.0,1412.01,0.0013216,0.386507,125227.0
600520.SH,20260422,171000,30.18,5160780.0,30.5,0.107934,1.34715,15843.0
600521.SH,20260422,63800,16.18,1032284.0,16.25,0.00426114,0.170238,149725.0
600522.SH,20260422,3032700,32.54,98684058.0,32.44,0.0888586,1.42226,341295.0
600523.SH,20260422,1600,14.06,22496.0,14.17,0.000395996,0.0387832,40404.5
600525.SH,20260422,277500,5.18,1437450.0,5.17,0.0210422,1.99456,131878.0
600526.SH,20260422,29000,5.25,152250.0,5.28,0.00332185,0.297973,87300.7
600527.SH,20260422,284100,2.67,758547.0,2.69,0.0164053,0.174939,173176.0
600528.SH,20260422,107600,7.94,854344.0,7.94,0.00484346,0.534998,222155.0
600529.SH,20260422,14700,18.74,275478.0,18.75,0.00221514,0.289703,66361.4
600530.SH,20260422,13100,5.12,67072.0,5.18,0.0016905,0.180479,77492.0
600531.SH,20260422,809000,15.41,12466690.0,15.37,0.0669003,1.03042,120926.0
600533.SH,20260422,152800,2.42,369776.0,2.4,0.0145524,0.777557,105000.0
600535.SH,20260422,19900,14.08,280192.0,14.11,0.00133204,0.238201,149395.0
600536.SH,20260422,12400,37.46,464504.0,37.51,0.00146979,0.127669,84365.6
600537.SH,20260422,1233900,3.44,4244616.0,3.46,0.10424,0.712578,118372.0
600538.SH,20260422,88900,6.96,618744.0,6.91,0.0169592,0.510952,52419.8
600539.SH,20260422,318200,15.91,5062562.0,16.18,0.138348,1.35861,23000.0
600540.SH,20260422,136900,4.87,666703.0,4.84,0.0235475,0.912475,58137.7
600543.SH,20260422,190200,4.87,926274.0,4.95,0.0592302,2.73487,32112.0
600545.SH,20260422,3016400,4.08,12306912.0,4.26,0.168711,2.61202,178791.0
600546.SH,20260422,74100,12.1,896610.0,12.18,0.00373779,0.254304,198246.0
600547.SH,20260422,259200,37.48,9714816.0,37.8,0.00717123,0.577256,361444.0
600548.SH,20260422,12700,9.16,116332.0,9.14,0.000740773,0.411677,171443.0
600549.SH,20260422,246100,63.7,15676570.0,63.99,0.0158372,0.307168,155393.0
600550.SH,20260422,164800,16.01,2638448.0,16.14,0.00894909,0.164782,184153.0
600551.SH,20260422,3600,8.17,29412.0,8.2,0.00053093,0.0892235,67805.5
600552.SH,20260422,204400,14.52,2967888.0,14.69,0.0216386,0.251355,94460.7
600556.SH,20260422,137700,6.22,856494.0,6.26,0.00761721,0.320368,180775.0
600557.SH,20260422,10900,13.8,150420.0,13.85,0.00192525,0.256695,56615.9
600558.SH,20260422,83400,5.38,448692.0,5.38,0.00929139,0.559492,89760.5
600559.SH,20260422,5000,13.46,67300.0,13.46,0.000549747,0.0822157,90950.9
600560.SH,20260422,8500,14.58,123930.0,14.55,0.00380066,0.38629,22364.6
600561.SH,20260422,29500,6.86,202370.0,6.87,0.0103699,0.41909,28447.7
600562.SH,20260422,44900,28.2,1266180.0,28.29,0.00361555,0.363562,124186.0
600563.SH,20260422,21300,123.26,2625438.0,123.42,0.00946667,0.295725,22500.0
600566.SH,20260422,5200,24.86,129272.0,24.86,0.000566108,0.145861,91855.2
600567.SH,20260422,420000,1.52,638400.0,1.53,0.00665879,0.854092,630745.0
600568.SH,20260422,6800,2.87,19516.0,2.86,0.000407413,0.0526475,166907.0
600569.SH,20260422,24003,2.13998,51366.0,2.15,0.000835636,0.112723,287242.0
600570.SH,20260422,52900,26.27,1389683.0,26.42,0.00279355,0.259067,189365.0
600571.SH,20260422,12500,13.3,166250.0,13.38,0.00273074,0.187586,45775.2
600572.SH,20260422,537400,4.58,2461292.0,4.6,0.0212398,0.254934,253015.0
600573.SH,20260422,214300,12.7,2721610.0,12.53,0.08572,1.85722,25000.0
600575.SH,20260422,316000,3.66,1156560.0,3.67,0.00813121,0.653252,388626.0
600576.SH,20260422,43599,6.0,261594.0,6.0,0.00660201,0.282411,66039.0
600577.SH,20260422,98400,13.08,1287072.0,13.16,0.00457442,0.155109,215109.0
600578.SH,20260422,180600,5.43,980658.0,5.46,0.00269769,0.642654,669462.0
600579.SH,20260422,24700,7.87,194389.0,7.92,0.00500404,0.612247,49360.1
600580.SH,20260422,123400,38.36,4733624.0,38.34,0.00792228,0.390363,155763.0
600581.SH,20260422,198200,2.94,582708.0,2.95,0.0129298,0.403275,153290.0
600582.SH,20260422,82300,5.7,469110.0,5.71,0.0019886,0.528258,413859.0
600583.SH,20260422,148100,6.93,1026333.0,6.93,0.00334965,0.250591,442135.0
600584.SH,20260422,127400,43.84,5585216.0,44.03,0.00711965,0.226371,178941.0
600585.SH,20260422,164070,22.03,3614462.0,22.03,0.00410205,0.517153,399970.0
600586.SH,20260422,290400,5.53,1605912.0,5.6,0.0204891,0.620828,141734.0
600587.SH,20260422,15700,14.12,221684.0,14.15,0.00258801,0.303766,60664.5
600588.SH,20260422,78300,12.17,952911.0,12.2,0.00229149,0.234101,341700.0
600589.SH,20260422,990100,10.28,10178228.0,10.45,0.0669679,0.617812,147847.0
600590.SH,20260422,543300,17.15,9317595.0,17.33,0.0644049,0.655643,84357.0
600592.SH,20260422,35900,20.08,720872.0,20.21,0.00898503,0.583227,39955.4
600593.SH,20260422,5400,35.02,189108.0,35.29,0.00419255,0.131616,12880.0
600594.SH,20260422,5007100,4.89,24484719.0,4.81,0.632268,3.79539,79192.7
600595.SH,20260422,5129800,8.7,44629260.0,8.7,0.127992,7.70966,400790.0
600596.SH,20260422,73700,12.38,912406.0,12.43,0.00546089,0.326952,134960.0
600597.SH,20260422,13000,7.43,96590.0,7.45,0.000943085,0.289032,137846.0
600598.SH,20260422,64800,16.05,1040040.0,16.05,0.0036452,0.270694,177768.0
600599.SH,20260422,316500,3.93,1243845.0,4.11,0.190663,6.06943,16600.0
600600.SH,20260422,8500,62.02,527170.0,62.02,0.00119866,0.257509,70912.6
600601.SH,20260422,1131700,11.4,12901380.0,11.46,0.0271372,0.712895,417029.0
600602.SH,20260422,383200,22.75,8717800.0,23.02,0.0356696,0.446011,107430.0
600603.SH,20260422,47400,6.87,325638.0,6.92,0.00397208,0.23279,119333.0
600604.SH,20260422,20400,4.79,97716.0,4.82,0.00144942,0.282941,140745.0
600605.SH,20260422,43500,30.33,1319355.0,30.65,0.0210876,0.390398,20628.2
600606.SH,20260422,6448000,1.42,9156160.0,1.46,0.0458795,7.75476,1405420.0
600608.SH,20260422,79700,2.14,170558.0,2.18,0.0250337,1.6479,31837.1
600609.SH,20260422,17800,4.04,71912.0,4.06,0.00136445,0.150776,130456.0
600610.SH,20260422,81500,9.3,757950.0,9.28,0.0114995,0.574329,70872.7
600611.SH,20260422,70700,4.75,335825.0,4.77,0.00452244,0.494281,156332.0
600612.SH,20260422,1600,41.15,65840.0,41.2,0.000504557,0.175771,31711.0
600613.SH,20260422,25900,5.82,150738.0,5.84,0.00540349,0.142946,47932.0
600615.SH,20260422,6000,11.28,67680.0,11.34,0.00266352,0.257409,22526.6
600616.SH,20260422,21700,4.96,107632.0,4.96,0.00324362,0.384012,66900.5
600617.SH,20260422,126000,3.25,409500.0,3.27,0.00709642,0.322411,177554.0
600618.SH,20260422,229700,13.08,3004476.0,13.2,0.0306332,2.41083,74984.0
600619.SH,20260422,85900,17.69,1519571.0,17.86,0.0108848,0.307713,78917.5
600620.SH,20260422,5700,6.08,34656.0,6.11,0.000830084,0.107922,68667.7
600621.SH,20260422,24100,14.02,337882.0,14.05,0.00227166,0.24533,106090.0
600622.SH,20260422,204700,2.56,524032.0,2.57,0.0136495,1.21329,149969.0
600623.SH,20260422,86100,9.96,857556.0,9.94,0.00458947,0.460788,187603.0
600624.SH,20260422,15100,4.41,66591.0,4.43,0.00222272,0.364249,67934.7
600626.SH,20260422,22400,3.89,87136.0,3.89,0.0020217,0.211742,110798.0
600628.SH,20260422,7600,7.17,54492.0,7.19,0.00117488,0.0920034,64687.5
600629.SH,20260422,112400,21.19,2381756.0,21.41,0.0117929,0.530424,95311.7
600630.SH,20260422,17800,7.93,141154.0,7.95,0.0041896,0.519158,42486.2
600633.SH,20260422,100500,12.82,1288410.0,12.9,0.0079254,0.407669,126807.0
600635.SH,20260422,87300,5.36,467928.0,5.39,0.00360924,0.32181,241879.0
600636.SH,20260422,1355800,6.08,8243264.0,6.08,0.309094,5.39791,43863.7
600637.SH,20260422,222100,9.99,2218779.0,9.99,0.00660638,0.459868,336190.0
600638.SH,20260422,387300,6.12,2370276.0,5.96,0.0575144,4.96478,67339.7
600639.SH,20260422,41500,11.36,471440.0,11.33,0.00488099,0.463082,85023.7
600640.SH,20260422,13900,12.12,168468.0,12.16,0.0017469,0.256876,79569.6
600641.SH,20260422,214700,24.63,5288061.0,24.6,0.0230704,0.415253,93063.0
600642.SH,20260422,72800,9.27,674856.0,9.26,0.00148759,0.29756,489381.0
600643.SH,20260422,244300,4.92,1201956.0,4.96,0.0153614,0.718859,159035.0
600644.SH,20260422,554200,12.68,7027256.0,12.69,0.0958292,1.36213,57832.1
600645.SH,20260422,17400,27.69,481806.0,27.71,0.00371978,0.181204,46777.0
600648.SH,20260422,27800,10.56,293568.0,10.62,0.00244337,0.726555,113777.0
600649.SH,20260422,71800,4.3,308740.0,4.3,0.00286684,0.245785,250450.0
600650.SH,20260422,28000,12.83,359240.0,12.83,0.00716919,0.895391,39056.0
600651.SH,20260422,111300,6.92,770196.0,6.92,0.00443952,0.566512,250703.0
600653.SH,20260422,137100,1.74,238554.0,1.74,0.00704384,0.959308,194638.0
600654.SH,20260422,1444100,4.03,5819723.0,4.08,0.0623147,0.414673,231743.0
600655.SH,20260422,92700,5.03,466281.0,5.04,0.00238313,0.322114,388985.0
600657.SH,20260422,34400,3.02,103888.0,3.02,0.00120622,0.175411,285188.0
600658.SH,20260422,94700,4.83,457401.0,4.83,0.00846605,0.271647,111859.0
600660.SH,20260422,473800,58.51,27722038.0,60.2,0.0236547,3.92096,200299.0
600661.SH,20260422,16500,9.97,164505.0,9.91,0.00575818,0.485618,28654.9
600662.SH,20260422,102600,5.18,531468.0,5.14,0.00450698,1.01715,227647.0
600663.SH,20260422,121500,7.8,947700.0,7.84,0.0038502,1.8552,315568.0
600664.SH,20260422,3968629,4.0,15874516.0,4.1,0.157578,0.960323,251851.0
600665.SH,20260422,34300,3.24,111132.0,3.25,0.00396934,0.337745,86412.2
600666.SH,20260422,3170500,6.65,21083825.0,6.74,0.126706,0.505715,250225.0
600667.SH,20260422,281100,9.92,2788512.0,9.99,0.0134398,0.243067,209154.0
600668.SH,20260422,85100,11.69,994819.0,11.77,0.0206103,0.588956,41290.1
600671.SH,20260422,6900,19.38,133722.0,19.33,0.00566872,0.263971,12172.1
600673.SH,20260422,530100,32.03,16979103.0,32.65,0.0176608,0.658441,300156.0
600674.SH,20260422,117200,15.14,1774408.0,15.17,0.0024043,0.336973,487461.0
600675.SH,20260422,162500,2.64,429000.0,2.65,0.00268767,0.65678,604614.0
600676.SH,20260422,21800,8.0,174400.0,8.03,0.00211961,0.129413,102849.0
600678.SH,20260422,3803000,11.76,44723280.0,11.87,1.08972,25.6988,34899.0
600679.SH,20260422,1400,11.3,15820.0,11.32,0.000407339,0.0487596,34369.4
600681.SH,20260422,50000,4.03,201500.0,4.05,0.00373188,0.214959,133981.0
600682.SH,20260422,42300,6.91,292293.0,6.93,0.00363383,0.291098,116406.0
600683.SH,20260422,270100,12.14,3279014.0,11.95,0.0364617,0.668568,74077.8
600684.SH,20260422,5100,4.62,23562.0,4.63,0.000597567,0.0340554,85346.1
600685.SH,20260422,83400,30.23,2521182.0,30.53,0.010153,0.41105,82143.5
600686.SH,20260422,80100,16.36,1310436.0,16.36,0.0111708,0.399932,71704.7
600688.SH,20260422,178000,2.81,500180.0,2.8,0.00242877,0.48413,732881.0
600689.SH,20260422,7700,13.51,104027.0,13.5,0.00505899,0.168628,15220.4
600690.SH,20260422,396000,20.75,8217000.0,20.83,0.00633293,0.790061,625303.0
600691.SH,20260422,531100,3.18,1688898.0,3.18,0.0223566,1.03613,237559.0
600692.SH,20260422,36900,7.4,273060.0,7.43,0.01447,0.386241,25501.1
600693.SH,20260422,950800,11.58,11010264.0,11.7,0.109419,1.17798,86895.3
600694.SH,20260422,6500,16.95,110175.0,16.91,0.00188757,0.361001,34435.8
600696.SH,20260422,834800,1.17,976716.0,1.19,0.249589,11.0576,33446.9
600697.SH,20260422,38400,11.78,452352.0,11.73,0.0247142,1.11355,15537.6
600698.SH,20260422,157000,7.23,1135110.0,7.31,0.0189054,1.39271,83045.2
600699.SH,20260422,3052600,27.98,85411748.0,28.71,0.225275,6.09247,135505.0
600702.SH,20260422,26000,45.5,1183000.0,45.59,0.00781675,0.467922,33261.9
600703.SH,20260422,1400300,13.59,19030077.0,13.58,0.0280676,0.472454,498902.0
600704.SH,20260422,233675,5.2,1215110.0,5.2,0.00451879,0.692823,517118.0
600706.SH,20260422,37100,9.52,353192.0,9.58,0.0146046,0.42995,25403.0
600707.SH,20260422,4219100,8.41,35482631.0,8.45,0.1176,2.54522,358767.0
600708.SH,20260422,5100,3.28,16728.0,3.28,0.000229185,0.0203795,222528.0
600710.SH,20260422,19500,13.16,256620.0,13.21,0.00149225,0.118769,130675.0
600711.SH,20260422,499700,14.37,7180689.0,14.52,0.0161683,0.44019,309061.0
600712.SH,20260422,7000,5.85,40950.0,5.89,0.00129955,0.114531,53864.8
600713.SH,20260422,259700,5.73,1488081.0,5.81,0.0201349,0.341022,128980.0
600714.SH,20260422,33500,18.61,623435.0,18.59,0.0116248,0.174148,28817.6
600715.SH,20260422,5723200,2.2,12591040.0,2.22,0.199946,10.9421,286237.0
600716.SH,20260422,14400,4.27,61488.0,4.27,0.00153836,0.150454,93606.1
600717.SH,20260422,73600,4.5,331200.0,4.49,0.00254319,0.448603,289400.0
600718.SH,20260422,17800,8.95,159310.0,8.98,0.00148775,0.148106,119644.0
600719.SH,20260422,204500,7.33,1498985.0,7.29,0.0505438,0.790195,40460.0
600720.SH,20260422,5200,6.88,35776.0,6.88,0.000515336,0.0806423,100905.0
600721.SH,20260422,17900,8.87,158773.0,8.88,0.00465482,0.0889928,38454.8
600722.SH,20260422,208900,13.42,2803438.0,13.45,0.0307062,0.454418,68032.0
600724.SH,20260422,50200,7.29,365958.0,7.34,0.00347419,0.387671,144494.0
600725.SH,20260422,130800,4.06,531048.0,4.1,0.0106128,0.773318,123247.0
600726.SH,20260422,1990300,4.6,9155380.0,4.65,0.0266249,0.948565,747534.0
600727.SH,20260422,329100,7.94,2613054.0,7.93,0.0622608,0.824377,52858.3
600728.SH,20260422,71200,5.55,395160.0,5.56,0.00333865,0.224272,213260.0
600729.SH,20260422,10500,21.6,226800.0,21.6,0.00545503,0.373269,19248.3
600730.SH,20260422,158500,8.63,1367855.0,8.81,0.0270175,0.764763,58665.6
600731.SH,20260422,59700,6.75,402975.0,6.8,0.0110212,0.650284,54168.3
600732.SH,20260422,138800,15.78,2190264.0,15.94,0.00661122,0.360163,209946.0
600733.SH,20260422,177600,7.18,1275168.0,7.2,0.00363063,0.347886,489171.0
600734.SH,20260422,26891800,2.76,74221368.0,2.76,1.23478,39.6147,217785.0
600736.SH,20260422,6962100,7.32,50962572.0,6.92,0.60472,29.5481,115129.0
600737.SH,20260422,133600,14.71,1965256.0,14.73,0.00624635,0.607315,213885.0
600738.SH,20260422,20400,4.75,96900.0,4.76,0.00268186,0.211104,76066.6
600739.SH,20260422,38700,11.48,444276.0,11.48,0.00252989,0.544292,152971.0
600740.SH,20260422,387869,4.13,1601899.0,4.12,0.0151386,0.988528,256212.0
600741.SH,20260422,15400,20.38,313852.0,20.38,0.000488466,0.0997734,315272.0
600742.SH,20260422,18700,10.33,193171.0,10.34,0.00251663,0.210738,74305.8
600743.SH,20260422,4415700,2.53,11171721.0,2.6,0.188214,1.32547,234610.0
600744.SH,20260422,1049700,8.14,8544558.0,8.26,0.0516807,0.64257,203112.0
600745.SH,20260422,939500,29.13,27367635.0,29.13,0.0754829,3.27251,124465.0
600746.SH,20260422,64500,8.67,559215.0,8.7,0.005523,0.24986,116784.0
600748.SH,20260422,27600,5.45,150420.0,5.45,0.00149629,0.120339,184456.0
600749.SH,20260422,403800,20.46,8261748.0,20.99,0.177912,1.08657,22696.6
600750.SH,20260422,3500,27.39,95865.0,27.34,0.000556717,0.0707816,62868.5
600751.SH,20260422,119200,3.8,452960.0,3.8,0.00463238,0.285347,257319.0
600753.SH,20260422,12000,12.76,153120.0,12.68,0.00521043,0.488275,23030.7
600754.SH,20260422,44300,26.8,1187240.0,26.94,0.00488939,0.33035,90604.4
600755.SH,20260422,38400,6.26,240384.0,6.26,0.00180099,0.276853,213216.0
600756.SH,20260422,23400,16.22,379548.0,16.28,0.00722002,0.168123,32409.9
600757.SH,20260422,9200,8.69,79948.0,8.7,0.000758139,0.0891782,121350.0
600758.SH,20260422,700700,3.93,2753751.0,3.97,0.0530535,1.06281,132074.0
600759.SH,20260422,1927200,5.2,10021440.0,5.19,0.0465093,0.737681,414369.0
600760.SH,20260422,67400,49.78,3355172.0,49.95,0.00238484,0.344227,282619.0
600761.SH,20260422,24900,17.24,429276.0,17.31,0.00279558,0.282609,89069.3
600763.SH,20260422,37800,40.7,1538460.0,40.79,0.00845091,0.560047,44728.9
600764.SH,20260422,29400,24.53,721182.0,24.69,0.00413718,0.51688,71062.9
600765.SH,20260422,72700,16.58,1205366.0,16.7,0.00468279,0.361387,155249.0
600768.SH,20260422,49600,17.36,861056.0,17.34,0.0370849,0.406105,13374.7
600769.SH,20260422,64700,15.18,982146.0,15.21,0.0172544,0.406576,37497.7
600770.SH,20260422,67000,5.64,377880.0,5.66,0.00515385,0.22323,130000.0
600771.SH,20260422,36500,17.69,645685.0,17.55,0.00745672,0.695246,48949.1
600773.SH,20260422,173900,22.97,3994483.0,22.84,0.0182747,0.363555,95158.7
600774.SH,20260422,80300,8.51,683353.0,8.63,0.0272314,2.48265,29488.0
600775.SH,20260422,612485,13.35,8176675.0,13.16,0.0911655,2.85439,67183.9
600776.SH,20260422,322300,16.48,5311504.0,16.4,0.0337134,0.724603,95600.0
600777.SH,20260422,75600,5.87,443772.0,5.86,0.00118753,0.305648,636615.0
600778.SH,20260422,45000,6.37,286650.0,6.41,0.0144595,0.810215,31121.5
600779.SH,20260422,36000,32.72,1177920.0,32.87,0.00738457,1.71732,48750.3
600780.SH,20260422,662310,6.88,4556693.0,7.01,0.0577679,2.18901,114650.0
600782.SH,20260422,665232,3.23,2148699.0,3.26,0.0211477,1.02789,314565.0
600783.SH,20260422,34700,21.4,742580.0,21.56,0.00466173,0.238478,74435.9
600784.SH,20260422,18100,7.67,138827.0,7.7,0.00267889,0.102284,67565.2
600785.SH,20260422,22200,17.13,380286.0,17.37,0.00983906,0.276915,22563.1
600787.SH,20260422,113600,5.36,608896.0,5.37,0.00523483,0.688006,217008.0
600789.SH,20260422,19900,8.21,163379.0,8.22,0.00221438,0.146286,89867.0
600790.SH,20260422,13100,3.75,49125.0,3.75,0.000893715,0.200921,146579.0
600791.SH,20260422,119500,12.74,1522430.0,12.77,0.0264197,0.535665,45231.4
600792.SH,20260422,136200,3.98,542076.0,4.02,0.0122711,0.673771,110992.0
600793.SH,20260422,14100,19.0,267900.0,18.95,0.00797042,0.577406,17690.4
600794.SH,20260422,43100,3.58,154298.0,3.57,0.00359121,0.403721,120015.0
600795.SH,20260422,1461502,4.94,7219820.0,4.94,0.00819429,1.01116,1783560.0
600796.SH,20260422,5500,6.15,33825.0,6.19,0.00176578,0.0550602,31147.8
600797.SH,20260422,204100,9.07,1851187.0,9.12,0.0198632,0.47659,102753.0
600798.SH,20260422,33300,3.6,119880.0,3.62,0.00275997,0.20247,120653.0
600800.SH,20260422,832700,5.07,4221789.0,5.03,0.0750363,1.59638,110973.0
600801.SH,20260422,11800,22.82,269276.0,22.98,0.000879483,0.133936,134170.0
600802.SH,20260422,17200,5.62,96664.0,5.62,0.00375342,0.234382,45824.8
600803.SH,20260422,26600,21.02,559132.0,21.02,0.000865962,0.289943,307173.0
600805.SH,20260422,4200,5.2,21840.0,5.23,0.000493958,0.0467878,85027.5
600807.SH,20260422,253800,2.9,736020.0,2.92,0.0322483,1.41439,78701.8
600808.SH,20260422,143400,3.94,564996.0,3.93,0.00240292,0.33555,596775.0
600809.SH,20260422,28370,136.0,3858320.0,136.86,0.00232548,0.546406,121996.0
600810.SH,20260422,49400,8.54,421876.0,8.61,0.00457089,0.319817,108075.0
600812.SH,20260422,11400,5.39,61446.0,5.39,0.00066444,0.0507662,171573.0
600814.SH,20260422,13300,7.85,104405.0,7.86,0.00180933,0.159034,73507.9
600815.SH,20260422,1222600,4.2,5134920.0,4.11,0.068914,1.45989,177409.0
600816.SH,20260422,246700,2.51,619217.0,2.51,0.00451077,0.852725,546914.0
600817.SH,20260422,4300,12.39,53277.0,12.49,0.000812479,0.0727551,52924.4
600818.SH,20260422,6600,8.48,55968.0,8.52,0.0027736,0.18744,23795.8
600819.SH,20260422,4000,7.22,28880.0,7.2,0.000535177,0.064295,74741.6
600820.SH,20260422,11600,6.16,71456.0,6.17,0.000368945,0.0964366,314410.0
600821.SH,20260422,2754471,8.93,24597426.0,9.12,0.140011,0.732071,196732.0
600822.SH,20260422,9400,9.9,93060.0,9.91,0.00237285,0.177034,39614.8
600824.SH,20260422,3300,3.96,13068.0,3.97,0.000313085,0.0415275,105403.0
600825.SH,20260422,27800,5.9,164020.0,5.93,0.00266057,0.350617,104489.0
600826.SH,20260422,23500,9.46,222310.0,9.48,0.00319496,0.498074,73553.4
600827.SH,20260422,21100,8.26,174286.0,8.27,0.00131509,0.188851,160445.0
600828.SH,20260422,79200,5.13,406296.0,5.2,0.00457444,0.430902,173136.0
600829.SH,20260422,23800,9.77,232526.0,9.81,0.00410424,0.162353,57988.9
600830.SH,20260422,28200,8.72,245904.0,8.73,0.00620704,0.786848,45432.3
600831.SH,20260422,85000,3.4,289000.0,3.44,0.0119559,0.645296,71094.7
600833.SH,20260422,2000,11.5,23000.0,11.53,0.000896514,0.0589512,22308.6
600834.SH,20260422,11300,8.24,93112.0,8.27,0.00236708,0.513272,47738.2
600835.SH,20260422,36700,22.75,834925.0,22.75,0.0045505,0.475897,80650.4
600838.SH,20260422,67301,9.99,672337.0,10.11,0.0167882,0.640769,40088.2
600839.SH,20260422,363000,9.41,3415830.0,9.47,0.00786573,0.181411,461496.0
600841.SH,20260422,31000,9.4,291400.0,9.49,0.00297213,0.109118,104302.0
600843.SH,20260422,30900,9.62,297258.0,9.61,0.00658536,0.455573,46922.3
600844.SH,20260422,210800,3.46,729368.0,3.46,0.025622,0.352404,82273.1
600845.SH,20260422,162300,22.2,3603060.0,22.32,0.00760524,0.796265,213405.0
600846.SH,20260422,41000,12.46,510860.0,12.48,0.0065625,1.32935,62476.2
600847.SH,20260422,27800,14.6,405880.0,14.66,0.0181359,0.403724,15328.7
600848.SH,20260422,42400,9.15,387960.0,9.19,0.00177116,0.215068,239391.0
600850.SH,20260422,34100,20.25,690525.0,20.38,0.00501324,0.338001,68019.9
600851.SH,20260422,39700,8.43,334671.0,8.37,0.0053779,0.271169,73820.6
600853.SH,20260422,23200,3.98,92336.0,3.99,0.00228865,0.261569,101370.0
600854.SH,20260422,25400,5.12,130048.0,5.16,0.00488971,0.345599,51945.9
600855.SH,20260422,387600,19.9,7713240.0,20.23,0.0828843,0.743039,46764.0
600857.SH,20260422,13500,12.14,163890.0,12.15,0.00601819,0.459915,22432.0
600858.SH,20260422,49700,5.57,276829.0,5.62,0.00960297,0.810039,51754.8
600859.SH,20260422,70700,12.1,855470.0,12.13,0.006291,0.666179,112383.0
600860.SH,20260422,78400,11.25,882000.0,11.36,0.017656,0.491703,44404.1
600861.SH,20260422,13000,16.25,211250.0,16.23,0.00354634,0.534917,36657.5
600862.SH,20260422,91300,21.56,1968428.0,21.71,0.00655397,0.462036,139305.0
600863.SH,20260422,365100,4.78,1745178.0,4.8,0.00559378,0.573957,652689.0
600864.SH,20260422,311100,6.94,2159034.0,6.99,0.0149526,0.389706,208057.0
600865.SH,20260422,39600,11.34,449064.0,11.43,0.0105252,0.657355,37624.0
600866.SH,20260422,1209800,6.65,8045170.0,6.86,0.0963394,6.87339,125577.0
600867.SH,20260422,190900,9.73,1857457.0,9.75,0.00974704,0.200276,195854.0
600868.SH,20260422,195000,3.46,674700.0,3.48,0.0102732,0.275569,189815.0
600869.SH,20260422,2276800,15.7,35745760.0,15.62,0.102588,2.44148,221935.0
600871.SH,20260422,622800,2.7,1681560.0,2.71,0.00459732,0.413608,1354700.0
600872.SH,20260422,591800,21.68,12830224.0,21.73,0.0767587,1.70224,77098.8
600873.SH,20260422,12282658,9.87,121229834.0,10.97,0.438003,35.0242,280424.0
600874.SH,20260422,29000,6.13,177770.0,6.14,0.00235692,0.339545,123042.0
600875.SH,20260422,391200,41.9,16391280.0,42.01,0.017284,0.385447,226337.0
600876.SH,20260422,7300,9.95,72635.0,9.9,0.00184495,0.0819971,39567.5
600877.SH,20260422,125000,17.03,2128750.0,17.18,0.0105569,0.440823,118406.0
600879.SH,20260422,2228800,24.69,55029072.0,25.52,0.0675537,1.02044,329930.0
600880.SH,20260422,317400,5.41,1717134.0,5.5,0.0290385,0.508578,109303.0
600881.SH,20260422,484200,1.55,750510.0,1.56,0.0149807,1.91273,323215.0
600882.SH,20260422,35400,20.64,730656.0,20.74,0.00694045,0.404481,51005.4
600883.SH,20260422,29100,8.08,235128.0,8.09,0.0123259,0.746345,23608.8
600884.SH,20260422,1066500,15.05,16050825.0,14.8,0.0581164,0.829365,183511.0
600885.SH,20260422,29700,28.69,852093.0,28.84,0.00191911,0.130164,154759.0
600886.SH,20260422,92000,13.69,1259480.0,13.67,0.00123421,0.358378,745418.0
600887.SH,20260422,70400,25.58,1800832.0,25.56,0.00111854,0.162403,629393.0
600888.SH,20260422,64300,8.65,556195.0,8.68,0.00414014,0.215006,155309.0
600889.SH,20260422,32200,15.31,492982.0,15.42,0.0087895,0.78039,36634.6
600892.SH,20260422,15200,3.56,54112.0,3.56,0.00271759,0.378561,55932.0
600893.SH,20260422,87000,48.26,4198620.0,48.71,0.00326439,0.281017,266512.0
600894.SH,20260422,23900,9.98,238522.0,9.97,0.00283463,0.264653,84314.4
600895.SH,20260422,88600,37.61,3332246.0,37.74,0.00572097,0.380871,154869.0
600897.SH,20260422,7800,16.0,124800.0,16.05,0.0018708,0.267001,41693.4
600900.SH,20260422,680200,27.13,18453826.0,27.13,0.00277993,0.776295,2446820.0
600901.SH,20260422,54400,7.01,381344.0,7.01,0.000939478,0.167599,579045.0
600903.SH,20260422,1500,6.24,9360.0,6.24,0.000130434,0.0265848,115001.0
600905.SH,20260422,1296800,4.11,5329848.0,4.12,0.00453622,1.18213,2858760.0
600906.SH,20260422,33200,6.32,209824.0,6.34,0.00156292,0.264393,212424.0
600908.SH,20260422,6200,5.71,35402.0,5.72,0.000310107,0.0603788,199931.0
600909.SH,20260422,251400,5.6,1407840.0,5.62,0.00500377,0.570003,502421.0
600916.SH,20260422,61800,9.04,558672.0,9.08,0.00367857,0.280966,168000.0
600917.SH,20260422,9900,5.24,51876.0,5.25,0.000634193,0.153759,156104.0
600918.SH,20260422,35300,5.98,211094.0,6.0,0.000899169,0.201407,392585.0
600919.SH,20260422,162300,11.2,1817760.0,11.18,0.000884405,0.203731,1835130.0
600925.SH,20260422,55800,4.56,254448.0,4.57,0.00347437,0.772357,160605.0
600926.SH,20260422,96500,17.45,1683925.0,17.38,0.00133122,0.412655,724900.0
600927.SH,20260422,16600,14.44,239704.0,14.43,0.00114046,0.354738,145556.0
600928.SH,20260422,364130,3.67,1336357.0,3.67,0.00823199,2.56767,442335.0
600929.SH,20260422,256700,7.03,1804601.0,7.06,0.0156514,0.623313,164011.0
600930.SH,20260422,1436700,6.08,8735136.0,6.12,0.0444824,1.12045,322981.0
600933.SH,20260422,14800,16.86,249528.0,16.93,0.00151426,0.125802,97737.6
600935.SH,20260422,74200,2.6,192920.0,2.61,0.00211553,0.251625,350740.0
600936.SH,20260422,64700,4.0,258800.0,4.02,0.00387187,0.282765,167103.0
600938.SH,20260422,312900,37.68,11790072.0,37.44,0.0104649,0.641984,299000.0
600939.SH,20260422,16600,2.86,47476.0,2.88,0.000872548,0.209263,190248.0
600941.SH,20260422,183600,96.1,17643960.0,96.66,0.0203375,1.90891,90276.8
600955.SH,20260422,35000,18.54,648900.0,18.56,0.00636364,0.28987,55000.0
600956.SH,20260422,123800,8.29,1026302.0,8.35,0.00527237,0.66974,234809.0
600959.SH,20260422,293900,4.01,1178539.0,4.03,0.00587716,0.286702,500072.0
600960.SH,20260422,50200,5.09,255518.0,5.12,0.00528134,0.299745,95051.6
600961.SH,20260422,9765400,27.77,271185158.0,26.73,1.29891,73.0818,75181.2
600962.SH,20260422,49600,21.4,1061440.0,21.63,0.0189161,0.688482,26221.0
600963.SH,20260422,55600,4.83,268548.0,4.83,0.00316346,0.242243,175757.0
600965.SH,20260422,18200,5.38,97916.0,5.4,0.00222303,0.254198,81870.1
600966.SH,20260422,23600,6.76,159536.0,6.83,0.00176535,0.172585,133684.0
600967.SH,20260422,128900,14.85,1914165.0,14.96,0.00757436,0.666898,170179.0
600968.SH,20260422,149500,4.25,635375.0,4.26,0.00147072,0.283351,1016510.0
600969.SH,20260422,10500,10.25,107625.0,10.24,0.00283745,0.133505,37005.0
600970.SH,20260422,46900,10.43,489167.0,10.46,0.00178884,0.205199,262181.0
600971.SH,20260422,62900,7.49,471121.0,7.54,0.00524165,0.506704,120000.0
600973.SH,20260422,112700,7.34,827218.0,7.34,0.00821808,0.251865,137137.0
600975.SH,20260422,20200,5.67,114534.0,5.68,0.00161644,0.124551,124966.0
600976.SH,20260422,8000,32.56,260480.0,32.82,0.00521857,0.340026,15329.9
600977.SH,20260422,472300,14.71,6947533.0,14.8,0.0252973,0.821636,186700.0
600979.SH,20260422,7383800,5.31,39207978.0,5.32,0.599208,9.60815,123226.0
600980.SH,20260422,2900,23.0,66700.0,23.08,0.00153226,0.107092,18926.4
600981.SH,20260422,95600,2.91,278196.0,2.93,0.00426323,0.5495,224243.0
600982.SH,20260422,1451200,6.1,8852320.0,6.24,0.129846,1.43538,111763.0
600983.SH,20260422,41000,10.7,438700.0,10.67,0.00534941,0.512278,76643.9
600984.SH,20260422,65500,4.19,274445.0,4.19,0.00521064,0.294712,125704.0
600985.SH,20260422,81400,13.82,1124948.0,13.71,0.00302236,0.425322,269326.0
600986.SH,20260422,913300,10.95,10000635.0,10.96,0.0614035,0.473564,148737.0
600987.SH,20260422,48700,7.43,361841.0,7.43,0.00477068,0.595917,102082.0
600988.SH,20260422,112600,43.96,4949896.0,44.33,0.00676719,0.322547,166391.0
600989.SH,20260422,1232400,28.1,34630440.0,27.66,0.0168054,1.30832,733336.0
600990.SH,20260422,31800,24.12,767016.0,24.3,0.011821,0.737117,26901.3
600992.SH,20260422,7900,12.01,94879.0,12.03,0.00322331,0.198562,24509.0
600993.SH,20260422,20900,24.78,517902.0,24.8,0.004857,0.490153,43030.7
600995.SH,20260422,165500,14.13,2338515.0,14.06,0.00517834,0.668361,319601.0
600996.SH,20260422,125900,8.64,1087776.0,8.67,0.0100979,0.283815,124680.0
600997.SH,20260422,34600,5.75,198950.0,5.74,0.00217912,0.339303,158780.0
600998.SH,20260422,79900,5.36,428264.0,5.38,0.00158454,0.211125,504247.0
600999.SH,20260422,214020,15.52,3321590.0,15.6,0.00288359,0.872281,742200.0
601000.SH,20260422,44500,4.84,215380.0,4.87,0.000750937,0.116995,592593.0
601001.SH,20260422,53600,17.55,940680.0,17.41,0.00320249,0.331969,167370.0
601002.SH,20260422,199600,6.61,1319356.0,6.56,0.0209128,0.290751,95444.1
601003.SH,20260422,30500,4.59,139995.0,4.59,0.00119011,0.246291,256279.0
601005.SH,20260422,1205600,1.4,1687840.0,1.4,0.0145015,2.31022,831364.0
601006.SH,20260422,236600,5.27,1246882.0,5.27,0.00117436,0.284739,2014720.0
601007.SH,20260422,167800,8.44,1416232.0,8.39,0.0430256,0.727477,39000.0
601008.SH,20260422,33200,4.81,159692.0,4.83,0.00267604,0.509862,124064.0
601009.SH,20260422,62761,11.53,723634.0,11.53,0.000507629,0.155643,1236360.0
601010.SH,20260422,176700,2.4,424080.0,2.41,0.00956169,0.285623,184800.0
601011.SH,20260422,101800,3.14,319652.0,3.15,0.00531408,0.315965,191566.0
601012.SH,20260422,602800,17.5,10549000.0,17.59,0.00795454,0.576608,757806.0
601015.SH,20260422,339100,3.96,1342836.0,4.0,0.0166022,0.624501,204250.0
601016.SH,20260422,5064800,4.1,20765680.0,4.17,0.0838793,1.67578,603820.0
601018.SH,20260422,115900,3.84,445056.0,3.85,0.000595752,0.321653,1945440.0
601019.SH,20260422,25600,7.66,196096.0,7.69,0.0012267,0.122144,208690.0
601020.SH,20260422,255100,32.3,8239730.0,32.78,0.0311111,0.611483,81996.5
601021.SH,20260422,19800,48.35,957330.0,48.7,0.00202385,0.367416,97833.3
601022.SH,20260422,17900,8.95,160205.0,8.98,0.00136784,0.23274,130863.0
601026.SH,20260422,3800,18.64,70832.0,18.74,0.00342078,0.0914847,11108.6
601033.SH,20260422,6600,14.76,97416.0,14.8,0.00275,0.190654,24000.0
601038.SH,20260422,10900,12.69,138321.0,12.78,0.00148967,0.16768,73170.5
601058.SH,20260422,186100,13.71,2551431.0,13.84,0.0056598,0.50867,328810.0
601059.SH,20260422,19600,16.82,329672.0,16.8,0.000604379,0.346857,324300.0
601061.SH,20260422,1085600,13.74,14916144.0,12.98,0.0221551,5.67269,490000.0
601065.SH,20260422,23900,8.37,200043.0,8.44,0.00574166,0.681089,41625.6
601066.SH,20260422,29000,21.68,628720.0,21.77,0.000446451,0.390704,649567.0
601068.SH,20260422,79100,6.35,502285.0,6.35,0.00309034,0.496096,255959.0
601069.SH,20260422,76700,33.39,2561013.0,33.83,0.00864529,0.386724,88718.8
601077.SH,20260422,58300,7.42,432586.0,7.4,0.000659633,0.188034,883824.0
601083.SH,20260422,30300,13.13,397839.0,13.14,0.0156089,0.296049,19412.0
601086.SH,20260422,186400,8.66,1614224.0,8.77,0.027988,1.61578,66600.0
601088.SH,20260422,73060,45.98,3359299.0,45.98,0.000443029,0.283987,1649100.0
601089.SH,20260422,18100,22.18,401458.0,22.11,0.00377083,0.451978,48000.0
601096.SH,20260422,46600,5.58,260028.0,5.62,0.00283632,0.15572,164298.0
601098.SH,20260422,143900,11.15,1604485.0,11.15,0.00801225,2.13718,179600.0
601099.SH,20260422,80400,3.78,303912.0,3.78,0.00117952,0.0987246,681632.0
601100.SH,20260422,25300,99.85,2526205.0,100.4,0.0018869,0.220932,134082.0
601101.SH,20260422,63300,8.41,532353.0,8.35,0.00439584,0.48633,144000.0
601106.SH,20260422,59000,4.25,250750.0,4.27,0.000860336,0.0966339,685778.0
601107.SH,20260422,95700,6.15,588555.0,6.17,0.00442494,0.63911,216274.0
601108.SH,20260422,100200,8.19,820638.0,8.21,0.00215773,0.335144,464376.0
601111.SH,20260422,672800,7.1,4776880.0,7.15,0.00578101,0.697536,1163810.0
601112.SH,20260422,60000,20.38,1222800.0,20.41,0.0338505,0.49494,17725.0
601113.SH,20260422,84800,4.72,400256.0,4.72,0.0076801,0.295356,110415.0
601116.SH,20260422,53900,14.1,759990.0,14.16,0.00984154,0.557351,54767.8
601117.SH,20260422,357400,8.52,3045048.0,8.56,0.0058705,0.42306,608807.0
601118.SH,20260422,87400,6.67,582958.0,6.71,0.00204233,0.269292,427943.0
601121.SH,20260422,11100,7.8,86580.0,7.8,0.0013875,0.0991558,80000.0
601126.SH,20260422,132900,49.53,6582537.0,49.9,0.0161074,0.405664,82508.5
601127.SH,20260422,51700,89.64,4634388.0,89.95,0.00332005,0.338826,155720.0
601128.SH,20260422,156600,7.3,1143180.0,7.29,0.00472181,0.40906,331652.0
601133.SH,20260422,319400,24.26,7748644.0,23.99,0.0609092,1.26838,52438.7
601136.SH,20260422,37500,16.27,610125.0,16.29,0.00137195,0.491785,273333.0
601137.SH,20260422,143300,20.29,2907557.0,20.47,0.0156133,0.970874,91780.8
601138.SH,20260422,841500,61.19,51491385.0,61.41,0.00424056,0.458298,1984410.0
601139.SH,20260422,191000,6.91,1319810.0,6.98,0.00663945,0.706523,287674.0
601155.SH,20260422,10200,14.7,149940.0,14.73,0.000452203,0.0579174,225562.0
601156.SH,20260422,11700,17.2,201240.0,17.18,0.00123863,0.171084,94459.6
601158.SH,20260422,29900,4.38,130962.0,4.38,0.000622913,0.578965,480003.0
601162.SH,20260422,436600,3.76,1641616.0,3.77,0.00507794,0.439725,859797.0
601163.SH,20260422,8300,13.94,115702.0,13.98,0.0010375,0.214792,80000.0
601166.SH,20260422,515900,18.44,9513196.0,18.42,0.00243776,0.642757,2116290.0
601168.SH,20260422,327200,28.92,9462624.0,28.92,0.0137306,0.680205,238300.0
601169.SH,20260422,269600,5.46,1472016.0,5.46,0.00127513,0.349702,2114300.0
601177.SH,20260422,9500,14.79,140505.0,14.78,0.00237464,0.271154,40006.0
601179.SH,20260422,1487900,17.9,26633410.0,17.89,0.0290272,0.489243,512588.0
601186.SH,20260422,452100,6.89,3114969.0,6.89,0.0039302,0.925556,1150320.0
601187.SH,20260422,80000,7.85,628000.0,7.8,0.00303792,0.505962,263338.0
601188.SH,20260422,44500,3.27,145515.0,3.28,0.00340873,0.362833,130547.0
601198.SH,20260422,304200,12.88,3918096.0,12.88,0.00941083,2.27551,323245.0
601199.SH,20260422,14900,5.63,83887.0,5.64,0.00159322,0.365528,93521.0
601200.SH,20260422,24400,8.05,196420.0,8.08,0.00181247,0.322768,134623.0
601208.SH,20260422,286100,35.7,10213770.0,36.07,0.0283216,0.464025,101018.0
601211.SH,20260422,262500,16.7,4383750.0,16.75,0.00194489,0.2874,1349690.0
601212.SH,20260422,442800,8.0,3542400.0,8.08,0.00597993,0.384082,740477.0
601216.SH,20260422,92700,5.27,488529.0,5.29,0.0010986,0.142491,843802.0
601218.SH,20260422,260900,6.25,1630625.0,6.25,0.0269237,0.373329,96903.4
601222.SH,20260422,101700,6.17,627489.0,6.19,0.00498231,0.318631,204122.0
601225.SH,20260422,177600,25.69,4562544.0,25.5,0.00183187,0.492335,969500.0
601226.SH,20260422,28500,9.52,271320.0,9.51,0.0024522,0.115287,116222.0
601228.SH,20260422,46900,3.25,152425.0,3.25,0.000621642,0.19764,754453.0
601229.SH,20260422,74200,9.76,724192.0,9.78,0.000522204,0.208857,1420900.0
601231.SH,20260422,1039200,41.91,43552872.0,41.59,0.0434975,1.81683,238910.0
601233.SH,20260422,51000,20.22,1031220.0,20.23,0.00214766,0.135348,237467.0
601236.SH,20260422,101400,7.67,777738.0,7.7,0.00214977,1.12471,471679.0
601238.SH,20260422,51300,7.17,367821.0,7.17,0.000694774,0.443277,738370.0
601279.SH,20260422,51300,3.87,198531.0,3.88,0.00323499,0.505327,158579.0
601288.SH,20260422,1217300,7.18,8740214.0,7.18,0.000381307,0.319781,31924400.0
601298.SH,20260422,14500,8.9,129050.0,8.93,0.000268913,0.177631,539208.0
601311.SH,20260422,518700,10.47,5430789.0,10.25,0.0442144,1.27487,117315.0
601318.SH,20260422,226300,58.03,13132189.0,58.03,0.00212288,0.397316,1066010.0
601319.SH,20260422,184600,7.3,1347580.0,7.33,0.000520033,0.365954,3549780.0
601326.SH,20260422,403300,3.56,1435748.0,3.57,0.00847704,1.63648,475756.0
601328.SH,20260422,619331,7.03,4353897.0,7.02,0.00237542,0.502122,2607240.0
601330.SH,20260422,272700,8.15,2222505.0,8.23,0.0275707,0.985812,98909.5
601333.SH,20260422,141900,3.05,432795.0,3.06,0.00251051,0.381406,565224.0
601336.SH,20260422,74900,64.13,4803337.0,63.92,0.00359157,0.335324,208544.0
601339.SH,20260422,24100,8.23,198343.0,8.3,0.00160713,0.121985,149957.0
601360.SH,20260422,244700,10.95,2679465.0,11.03,0.00349594,0.364445,699956.0
601366.SH,20260422,66900,3.92,262248.0,3.95,0.00697063,0.58478,95974.1
601368.SH,20260422,3600,4.73,17028.0,4.74,0.000407713,0.0574011,88297.3
601369.SH,20260422,57800,9.12,527136.0,9.15,0.00338762,0.353717,170621.0
601375.SH,20260422,71500,4.0,286000.0,4.0,0.00207395,0.321511,344752.0
601377.SH,20260422,101300,5.95,602735.0,5.96,0.001173,0.132801,863599.0
601388.SH,20260422,241600,4.09,988144.0,4.08,0.0109757,0.298486,220122.0
601390.SH,20260422,605600,5.28,3197568.0,5.3,0.0029572,0.484569,2047880.0
601398.SH,20260422,1015600,7.62,7738872.0,7.62,0.000376689,0.460777,26961200.0
601399.SH,20260422,91300,4.19,382547.0,4.2,0.00126567,0.0798699,721356.0
601456.SH,20260422,91900,9.29,853751.0,9.28,0.00209962,0.528029,437698.0
601500.SH,20260422,37700,4.21,158717.0,4.22,0.00238155,0.323532,158300.0
601512.SH,20260422,330200,9.18,3031236.0,9.38,0.0220296,5.45634,149889.0
601515.SH,20260422,73900,4.74,350286.0,4.75,0.00384002,0.19555,192447.0
601518.SH,20260422,62900,2.82,177378.0,2.83,0.00332707,0.396173,189055.0
601519.SH,20260422,72500,10.7,775750.0,10.78,0.00364475,0.310366,198916.0
601528.SH,20260422,13100,5.28,69168.0,5.28,0.00075528,0.104205,173446.0
601555.SH,20260422,70800,8.18,579144.0,8.2,0.00142492,0.234472,496870.0
601566.SH,20260422,4800,10.88,52224.0,10.91,0.00083531,0.100456,57463.7
601567.SH,20260422,29800,25.21,751258.0,25.47,0.00212068,0.137511,140521.0
601568.SH,20260422,146400,4.04,591456.0,4.04,0.00368559,0.729284,397222.0
601577.SH,20260422,18000,9.66,173880.0,9.66,0.000447685,0.142246,402068.0
601579.SH,20260422,21500,18.79,403985.0,18.78,0.00448418,0.208758,47946.3
601588.SH,20260422,912100,1.8,1641780.0,1.82,0.0342895,0.516557,266000.0
601595.SH,20260422,34600,25.3,875380.0,25.55,0.00771977,0.719734,44820.0
601598.SH,20260422,41300,6.18,255234.0,6.19,0.00080078,0.282669,515747.0
601599.SH,20260422,84100,3.81,320421.0,3.84,0.00724661,0.430867,116054.0
601600.SH,20260422,1847800,12.01,22192078.0,12.15,0.0140268,0.779712,1317340.0
601601.SH,20260422,130200,37.0,4817400.0,37.05,0.00190211,0.451756,684504.0
601606.SH,20260422,350500,39.72,13921860.0,40.6,0.0483963,2.09508,72422.8
601607.SH,20260422,58100,17.04,990024.0,17.01,0.00208303,0.635778,278921.0
601608.SH,20260422,77700,6.27,487179.0,6.27,0.00169667,0.268894,457955.0
601609.SH,20260422,46700,10.89,508563.0,10.95,0.00270155,0.162221,172864.0
601611.SH,20260422,121800,14.15,1723470.0,14.25,0.00404136,0.284451,301383.0
601615.SH,20260422,174300,17.1,2980530.0,17.2,0.00770729,0.210911,226150.0
601616.SH,20260422,39200,4.78,187376.0,4.8,0.00459191,0.120844,85367.5
601618.SH,20260422,458800,2.96,1358048.0,2.96,0.00256993,0.516744,1785260.0
601619.SH,20260422,448200,6.23,2792286.0,6.27,0.0184089,0.332607,243469.0
601628.SH,20260422,53500,37.21,1990735.0,37.35,0.000256921,0.338685,2082350.0
601633.SH,20260422,28200,20.7,583740.0,20.66,0.000454162,0.237086,620924.0
601636.SH,20260422,139800,6.04,844392.0,6.01,0.00472512,0.242056,295865.0
601658.SH,20260422,701000,5.21,3652210.0,5.21,0.000966526,0.446801,7252780.0
601665.SH,20260422,266800,6.22,1659496.0,6.22,0.0043355,0.504581,615384.0
601666.SH,20260422,84600,7.91,669186.0,7.9,0.00342598,0.361864,246936.0
601668.SH,20260422,1676600,4.85,8131510.0,4.85,0.00405756,0.722958,4132040.0
601669.SH,20260422,2725600,5.9,16081040.0,5.93,0.0208514,0.982647,1307150.0
601677.SH,20260422,324500,18.21,5909145.0,18.22,0.0266419,0.747954,121801.0
601678.SH,20260422,91600,5.06,463496.0,5.07,0.00448286,0.228341,204334.0
601686.SH,20260422,31300,5.89,184357.0,5.89,0.00212701,0.712802,147155.0
601688.SH,20260422,198600,18.9,3753540.0,18.96,0.00271803,0.275333,730676.0
601689.SH,20260422,81700,59.17,4834189.0,59.77,0.00470125,0.260089,173784.0
601696.SH,20260422,108100,12.3,1329630.0,12.36,0.00389129,0.389748,277800.0
601698.SH,20260422,2723000,37.0,100751000.0,38.17,0.0644591,2.95925,422439.0
601699.SH,20260422,59400,13.81,820314.0,13.88,0.00198569,0.219913,299141.0
601700.SH,20260422,93300,5.08,473964.0,5.12,0.00819314,0.455982,113876.0
601702.SH,20260422,5400,19.89,107406.0,19.99,0.000540795,0.0606461,99853.1
601717.SH,20260422,119000,19.99,2378810.0,20.04,0.00771642,0.903772,154217.0
601718.SH,20260422,185100,2.95,546045.0,2.97,0.00424437,0.55922,436107.0
601727.SH,20260422,755900,8.0,6047200.0,8.04,0.00599177,0.787903,1261560.0
601728.SH,20260422,1422000,5.97,8489340.0,6.0,0.00183177,1.15194,7762970.0
601766.SH,20260422,582400,6.08,3540992.0,6.09,0.00239397,0.465598,2432780.0
601777.SH,20260422,124100,10.23,1269543.0,10.2,0.00274491,0.64628,452110.0
601778.SH,20260422,11060900,6.45,71342805.0,6.35,0.309605,1.3995,357259.0
601788.SH,20260422,26500,15.28,404920.0,15.29,0.000678322,0.166114,390670.0
601789.SH,20260422,473400,5.43,2570562.0,5.47,0.0435591,0.586033,108680.0
601798.SH,20260422,9600,9.19,88224.0,9.17,0.00270782,0.169976,35452.8
601799.SH,20260422,5900,128.78,759802.0,129.53,0.00206525,0.156365,28567.9
601800.SH,20260422,203900,7.35,1498665.0,7.37,0.00173035,0.791153,1178370.0
601801.SH,20260422,66900,6.09,407421.0,6.08,0.00341687,0.86442,195793.0
601808.SH,20260422,200100,15.15,3031515.0,15.16,0.00675907,1.04359,296047.0
601811.SH,20260422,49200,13.8,678960.0,13.88,0.00621288,0.577179,79190.4
601816.SH,20260422,415600,5.01,2082156.0,5.01,0.000849452,0.352734,4892570.0
601818.SH,20260422,1511700,3.18,4807206.0,3.18,0.0032575,1.14037,4640680.0
601825.SH,20260422,36200,9.11,329782.0,9.15,0.000386156,0.22798,937444.0
601827.SH,20260422,32800,7.94,260432.0,7.95,0.0019618,0.611148,167193.0
601828.SH,20260422,88100,2.36,207916.0,2.37,0.00243882,0.574629,361240.0
601838.SH,20260422,152800,17.69,2703032.0,17.68,0.0036051,0.844555,423844.0
601857.SH,20260422,860900,11.49,9891741.0,11.47,0.000531675,0.605788,16192200.0
601858.SH,20260422,24600,22.13,544398.0,22.23,0.00311195,0.270301,79050.0
601860.SH,20260422,391600,2.68,1049488.0,2.68,0.011026,1.41562,355159.0
601865.SH,20260422,46600,14.57,678962.0,14.65,0.00245131,0.260209,190103.0
601866.SH,20260422,293900,2.72,799408.0,2.73,0.00301375,0.323106,975198.0
601868.SH,20260422,10135000,3.0,30405000.0,3.0,0.0312532,1.19342,3242870.0
601869.SH,20260422,117500,382.29,44919075.0,381.58,0.0289168,0.676334,40633.8
601872.SH,20260422,916000,18.88,17294080.0,19.09,0.0113443,0.64445,807454.0
601877.SH,20260422,161795,32.45,5250248.0,32.46,0.00752896,0.416146,214897.0
601878.SH,20260422,32700,9.55,312285.0,9.55,0.000714942,0.18817,457380.0
601880.SH,20260422,519500,1.62,841590.0,1.62,0.00282137,0.611123,1841310.0
601881.SH,20260422,148500,12.7,1885950.0,12.73,0.00205014,0.481317,724342.0
601882.SH,20260422,8400,19.5,163800.0,19.52,0.0016092,0.225947,52200.0
601886.SH,20260422,16400,10.08,165312.0,10.0,0.00144748,0.272039,113300.0
601888.SH,20260422,69000,67.12,4631280.0,67.27,0.00353398,0.274325,195248.0
601890.SH,20260422,244400,10.68,2610192.0,10.78,0.0254743,0.746654,95940.0
601898.SH,20260422,189468,16.6,3145169.0,16.59,0.00207024,0.5264,915200.0
601899.SH,20260422,11990300,35.67,427694001.0,35.66,0.0582003,4.78341,2060180.0
601900.SH,20260422,11854,13.4,158844.0,13.46,0.00134404,0.1136,88197.0
601901.SH,20260422,311700,6.98,2175666.0,7.01,0.0037864,0.66138,823210.0
601908.SH,20260422,653500,4.48,2927680.0,4.51,0.0270645,0.500146,241460.0
601916.SH,20260422,159500,2.99,476905.0,2.99,0.00074033,0.203884,2154440.0
601918.SH,20260422,124000,7.65,948600.0,7.65,0.00478664,0.282178,259054.0
601919.SH,20260422,302100,14.6,4410660.0,14.62,0.00240598,0.448871,1255620.0
601921.SH,20260422,36800,7.97,293296.0,7.99,0.001656,0.568055,222222.0
601928.SH,20260422,33200,9.62,319384.0,9.63,0.00130457,0.321315,254490.0
601929.SH,20260422,609000,3.04,1851360.0,3.07,0.0174509,0.671176,348979.0
601933.SH,20260422,1291900,3.83,4947977.0,3.88,0.0142358,0.572331,907504.0
601939.SH,20260422,556100,9.85,5477585.0,9.85,0.00579654,0.551364,959366.0
601949.SH,20260422,9800,6.33,62034.0,6.33,0.000514715,0.127725,190397.0
601952.SH,20260422,145000,9.81,1422450.0,9.8,0.0105225,0.88392,137800.0
601956.SH,20260422,48000,6.1,292800.0,6.12,0.0077218,0.390017,62161.7
601958.SH,20260422,95200,19.9,1894480.0,20.03,0.00295047,0.267797,322660.0
601963.SH,20260422,48500,10.91,529135.0,10.9,0.00238443,0.285928,203403.0
601965.SH,20260422,12400,17.46,216504.0,17.5,0.00124198,0.237061,99840.6
601966.SH,20260422,10900,14.18,154562.0,14.18,0.000744789,0.139869,146350.0
601968.SH,20260422,413400,5.28,2182752.0,5.32,0.0324037,2.89424,127578.0
601969.SH,20260422,50200,11.22,563244.0,11.23,0.00254502,0.190198,197248.0
601975.SH,20260422,1691900,4.47,7562793.0,4.54,0.036149,0.804574,468034.0
601985.SH,20260422,437800,8.92,3905176.0,8.91,0.00231845,0.364001,1888330.0
601988.SH,20260422,631500,5.93,3744795.0,5.93,0.000299622,0.304594,21076600.0
601990.SH,20260422,9500,7.35,69825.0,7.36,0.000257707,0.080047,368636.0
601991.SH,20260422,2389100,4.08,9747528.0,4.11,0.019273,1.60825,1239610.0
601992.SH,20260422,143000,1.73,247390.0,1.73,0.00171583,0.262298,833416.0
601995.SH,20260422,144400,33.89,4893716.0,33.93,0.00493921,1.11452,292354.0
601996.SH,20260422,1595700,2.58,4116906.0,2.62,0.142357,3.53245,112091.0
601997.SH,20260422,138800,5.85,811980.0,5.84,0.00379629,0.63023,365620.0
601998.SH,20260422,120000,8.47,1016400.0,8.44,0.000294385,0.322826,4076300.0
601999.SH,20260422,129700,7.69,997393.0,7.68,0.0235427,0.503026,55091.5
603000.SH,20260422,49300,19.76,974168.0,19.87,0.00445875,0.263495,110569.0
603001.SH,20260422,44000,9.18,403920.0,9.25,0.0109731,0.481962,40098.0
603002.SH,20260422,1085900,13.62,14789958.0,13.86,0.0957517,0.963869,113408.0
603004.SH,20260422,5800,21.51,124758.0,21.59,0.00985054,0.168023,5888.0
603005.SH,20260422,85100,30.76,2617676.0,30.9,0.0130487,0.196068,65217.2
603006.SH,20260422,7300,13.08,95484.0,13.01,0.00287114,0.320013,25425.4
603007.SH,20260422,405000,6.56,2656800.0,6.72,0.0582659,1.34692,69508.9
603008.SH,20260422,67900,12.99,882021.0,12.99,0.0184364,0.285207,36829.2
603009.SH,20260422,40900,50.7,2073630.0,50.98,0.012086,0.622633,33840.9
603010.SH,20260422,4300,13.22,56846.0,13.22,0.000735005,0.0279293,58503.0
603011.SH,20260422,24000,21.7,520800.0,21.94,0.00485423,0.126623,49441.4
603012.SH,20260422,39500,8.97,354315.0,8.97,0.00610982,0.21337,64650.0
603013.SH,20260422,1700,19.08,32436.0,19.17,0.000334501,0.0580748,50822.0
603014.SH,20260422,600,37.54,22524.0,37.5,0.00152411,0.0755246,3936.73
603015.SH,20260422,1600,12.16,19456.0,12.18,0.000395825,0.0334168,40421.9
603016.SH,20260422,184100,55.0,10125500.0,55.23,0.124258,2.64548,14816.0
603017.SH,20260422,2465400,15.63,38534202.0,15.63,0.892645,14.5354,27619.0
603018.SH,20260422,29500,7.38,217710.0,7.42,0.00431415,0.403218,68379.6
603019.SH,20260422,104300,89.0,9282700.0,89.4,0.00713062,0.204109,146271.0
603020.SH,20260422,13700,11.46,157002.0,11.53,0.0035748,0.298831,38323.8
603021.SH,20260422,44400,7.99,354756.0,7.99,0.0138773,0.401492,31994.8
603022.SH,20260422,8900,10.56,93984.0,10.56,0.00445,0.207848,20000.0
603023.SH,20260422,9900,4.41,43659.0,4.41,0.00177382,0.0770291,55811.7
603025.SH,20260422,325800,16.56,5395248.0,16.51,0.0293732,1.59581,110917.0
603026.SH,20260422,131903,99.15,13078182.0,99.14,0.0566835,0.523027,23270.1
603027.SH,20260422,10230,9.69003,99129.0,9.71,0.000818652,0.0950985,124962.0
603028.SH,20260422,23000,8.53,196190.0,8.61,0.00809318,0.563058,28419.0
603029.SH,20260422,5200,18.88,98176.0,18.9,0.00428541,0.262805,12134.2
603030.SH,20260422,4987300,2.59,12917107.0,2.57,0.378706,21.6772,131693.0
603031.SH,20260422,142400,55.03,7836272.0,55.82,0.0656763,1.1332,21682.1
603032.SH,20260422,248400,22.85,5675940.0,22.73,0.107225,1.07539,23166.3
603033.SH,20260422,13100,11.21,146851.0,11.21,0.00129379,0.137954,101253.0
603035.SH,20260422,78700,13.48,1060876.0,13.57,0.0214824,1.38035,36634.7
603036.SH,20260422,300,17.9,5370.0,17.95,0.000145627,0.0140051,20600.6
603037.SH,20260422,1500,14.63,21945.0,14.73,0.000563602,0.0174333,26614.5
603038.SH,20260422,19900,15.7,312430.0,15.88,0.00740666,0.197573,26867.7
603039.SH,20260422,16900,42.49,718081.0,42.66,0.00659214,0.227156,25636.6
603040.SH,20260422,8600,83.48,717928.0,83.4,0.00633545,0.426958,13574.4
603041.SH,20260422,17400,12.78,222372.0,12.87,0.00950053,0.780772,18314.8
603042.SH,20260422,63400,20.75,1315550.0,20.97,0.0394795,0.332202,16059.0
603043.SH,20260422,7200,15.43,111096.0,15.48,0.0012767,0.301433,56395.6
603045.SH,20260422,25400,37.06,941324.0,37.37,0.018753,0.357147,13544.5
603048.SH,20260422,17600,23.08,406208.0,23.12,0.0119826,0.731874,14688.0
603049.SH,20260422,16100,49.84,802424.0,49.86,0.0184108,0.501961,8744.86
603050.SH,20260422,12100,19.7,238370.0,19.7,0.00300011,0.319194,40331.9
603051.SH,20260422,10600,22.48,238288.0,22.58,0.00655807,0.169149,16163.3
603052.SH,20260422,118400,90.4,10703360.0,90.3,0.0630132,1.01707,18789.7
603053.SH,20260422,2600,9.51,24726.0,9.54,0.0002925,0.0937094,88889.0
603055.SH,20260422,2900,9.39,27231.0,9.36,0.000326926,0.0473108,88705.0
603057.SH,20260422,117500,28.18,3311150.0,28.32,0.0285194,2.37777,41200.0
603058.SH,20260422,8700,12.25,106575.0,12.31,0.00210329,0.100449,41363.7
603059.SH,20260422,1200,35.02,42024.0,35.09,0.00119464,0.0734679,10044.9
603060.SH,20260422,49100,6.05,297055.0,6.08,0.00610726,0.962008,80396.1
603061.SH,20260422,7400,248.5,1838900.0,247.35,0.00850575,0.199661,8700.0
603062.SH,20260422,4100,50.8,208280.0,50.79,0.0110592,0.40779,3707.31
603063.SH,20260422,175100,41.2,7214120.0,41.25,0.0381647,0.278315,45880.1
603065.SH,20260422,4100,8.22,33702.0,8.23,0.000978596,0.118158,41896.8
603066.SH,20260422,1000,10.07,10070.0,10.07,0.000339928,0.050966,29418.0
603067.SH,20260422,111800,36.88,4123184.0,37.3,0.0157296,0.299389,71076.0
603068.SH,20260422,5000,33.0,165000.0,33.03,0.00329408,0.24859,15178.7
603069.SH,20260422,86700,17.1,1482570.0,17.29,0.0274367,1.60591,31600.0
603070.SH,20260422,17300,15.01,259673.0,15.23,0.00431421,0.679326,40100.0
603071.SH,20260422,37500,14.41,540375.0,14.43,0.00672098,0.826271,55795.4
603072.SH,20260422,10100,37.02,373902.0,37.19,0.00800127,0.507943,12623.0
603073.SH,20260422,18900,20.11,380079.0,20.18,0.0371368,1.20087,5089.28
603075.SH,20260422,20700,23.16,479412.0,23.16,0.0501878,1.39775,4124.51
603076.SH,20260422,7599,28.15,213912.0,28.39,0.0062957,0.201706,12070.1
603077.SH,20260422,3440100,2.99,10285899.0,3.03,0.0389519,0.942462,883167.0
603078.SH,20260422,65300,23.87,1558711.0,24.08,0.016933,0.620612,38563.7
603079.SH,20260422,1500,16.9,25350.0,16.95,0.000793526,0.0462823,18903.0
603080.SH,20260422,7900,21.65,171035.0,21.73,0.00558304,0.441124,14150.0
603081.SH,20260422,12900,11.78,151962.0,11.86,0.00305326,0.188449,42249.9
603082.SH,20260422,300,37.29,11187.0,37.22,0.000739701,0.0262484,4055.69
603083.SH,20260422,302500,158.2,47855500.0,161.17,0.109765,0.622227,27558.8
603085.SH,20260422,5600,11.91,66696.0,11.98,0.00141022,0.0579617,39710.0
603086.SH,20260422,327600,7.7,2522520.0,7.9,0.0753427,4.0882,43481.3
603087.SH,20260422,9400,64.21,603574.0,64.2,0.00168501,0.147968,55785.9
603088.SH,20260422,40900,13.44,549696.0,13.49,0.00934063,0.128281,43787.2
603089.SH,20260422,19400,12.78,247932.0,12.78,0.00808221,0.996794,24003.3
603090.SH,20260422,14100,70.5,994050.0,70.85,0.0141,0.237227,10000.0
603091.SH,20260422,100,81.39,8139.0,81.94,0.00031805,0.0154365,3144.16
603092.SH,20260422,3900,70.75,275925.0,71.07,0.0116583,0.209867,3345.25
603093.SH,20260422,101800,20.98,2135764.0,20.48,0.0166867,0.835169,61006.6
603095.SH,20260422,4000,17.99,71960.0,18.04,0.00154877,0.136451,25826.9
603096.SH,20260422,2100,17.68,37128.0,17.55,0.00136156,0.129256,15423.5
603097.SH,20260422,12100,32.5,393250.0,32.59,0.00756184,0.232119,16001.4
603098.SH,20260422,20500,15.23,312215.0,15.35,0.00380475,0.227401,53880.0
603099.SH,20260422,18400,35.02,644368.0,35.26,0.00689991,0.263604,26667.0
603100.SH,20260422,34100,19.58,667678.0,19.56,0.00666616,0.644251,51153.9
603101.SH,20260422,161400,10.03,1618842.0,10.0,0.0343112,0.445957,47040.0
603102.SH,20260422,13000,40.14,521820.0,40.42,0.0203125,1.64719,6400.0
603103.SH,20260422,259700,23.96,6222412.0,24.34,0.0409492,1.38978,63420.0
603105.SH,20260422,488300,11.7,5713110.0,11.96,0.0976579,1.7696,50001.1
603106.SH,20260422,20400,8.98,183192.0,8.99,0.00391916,0.430166,52052.0
603107.SH,20260422,15900,14.17,225303.0,14.2,0.00728776,0.833399,21817.4
603108.SH,20260422,189300,13.74,2600982.0,13.69,0.0313565,0.921067,60370.3
603109.SH,20260422,26700,24.32,649344.0,24.64,0.0127844,0.436904,20884.8
603110.SH,20260422,5900,17.8,105020.0,17.85,0.00293202,0.0590185,20122.7
603111.SH,20260422,33900,6.81,230859.0,6.8,0.00397477,0.715671,85287.9
603112.SH,20260422,26000,20.99,545740.0,20.64,0.00486339,0.215761,53460.7
603113.SH,20260422,8200,6.98,57236.0,7.03,0.000966422,0.0420238,84849.1
603115.SH,20260422,488000,52.99,25859120.0,48.69,0.201744,4.97711,24189.0
603116.SH,20260422,26400,5.68,149952.0,5.65,0.00458174,0.516993,57620.1
603117.SH,20260422,16800,4.54,76272.0,4.53,0.00280375,0.174739,59919.8
603118.SH,20260422,261800,14.31,3746358.0,14.44,0.0332539,0.395765,78727.6
603119.SH,20260422,93300,79.62,7428546.0,80.29,0.0457623,0.513219,20387.9
603120.SH,20260422,700,39.75,27825.0,39.69,0.00184697,0.0790212,3790.0
603121.SH,20260422,24200,21.39,517638.0,21.5,0.00714848,0.292794,33853.4
603122.SH,20260422,70600,15.66,1105596.0,15.84,0.0177363,0.165999,39805.3
603123.SH,20260422,130400,11.9,1551760.0,11.9,0.0199915,0.368052,65227.6
603124.SH,20260422,8700,125.0,1087500.0,123.65,0.0112101,0.510257,7760.88
603125.SH,20260422,9500,18.61,176795.0,18.79,0.00234663,0.358577,40483.6
603126.SH,20260422,55900,8.18,457262.0,8.21,0.00915643,0.515536,61050.0
603127.SH,20260422,99500,37.01,3682495.0,37.38,0.0157848,0.286655,63035.3
603128.SH,20260422,13800,5.61,77418.0,5.62,0.0010542,0.171853,130905.0
603129.SH,20260422,600,268.0,160800.0,271.0,0.000390923,0.0244551,15348.3
603130.SH,20260422,88200,45.3,3995460.0,45.4,0.0641388,2.08035,13751.4
603131.SH,20260422,113100,21.75,2459925.0,22.05,0.0335701,1.26146,33690.7
603132.SH,20260422,17100,19.51,333621.0,19.55,0.00174847,0.198155,97800.0
603135.SH,20260422,28600,12.15,347490.0,12.11,0.00454301,0.535668,62953.8
603136.SH,20260422,25000,10.88,272000.0,10.89,0.00925492,0.451454,27012.7
603137.SH,20260422,18900,13.21,249669.0,13.25,0.0103316,0.976122,18293.3
603138.SH,20260422,70500,19.74,1391670.0,19.6,0.0244501,0.399538,28834.3
603139.SH,20260422,67700,33.68,2280136.0,33.89,0.0677813,0.735146,9988.0
603150.SH,20260422,10200,60.0,612000.0,59.99,0.0119322,0.342374,8548.3
603151.SH,20260422,50100,15.27,765027.0,15.43,0.029279,1.40208,17111.3
603153.SH,20260422,12500,16.68,208500.0,16.71,0.00309574,0.948407,40378.0
603155.SH,20260422,30400,16.58,504032.0,16.56,0.00962675,0.904601,31578.7
603156.SH,20260422,73300,33.84,2480472.0,33.32,0.00581618,1.02307,126028.0
603158.SH,20260422,148700,13.02,1936074.0,13.02,0.0302993,0.314034,49077.0
603159.SH,20260422,2800,26.5,74200.0,26.5,0.002,0.139193,14000.0
603160.SH,20260422,25200,68.83,1734516.0,69.07,0.00541033,0.50691,46577.5
603161.SH,20260422,5100,14.78,75378.0,14.87,0.00267367,0.232898,19074.9
603162.SH,20260422,100100,14.47,1448447.0,14.55,0.0358235,0.387432,27942.5
603163.SH,20260422,35800,108.01,3866758.0,108.18,0.0358,1.09972,10000.0
603165.SH,20260422,63000,16.92,1065960.0,17.06,0.0196602,0.492194,32044.5
603166.SH,20260422,65800,13.68,900144.0,13.76,0.0102698,0.964573,64071.6
603167.SH,20260422,27700,9.33,258441.0,9.35,0.00590436,0.670068,46914.4
603168.SH,20260422,14400,6.44,92736.0,6.46,0.00386563,0.149023,37251.4
603169.SH,20260422,59300,9.7,575210.0,9.78,0.00453957,0.322444,130629.0
603170.SH,20260422,2300,13.33,30659.0,13.27,0.000574986,0.102095,40001.0
603171.SH,20260422,92700,59.0,5469300.0,59.27,0.0228387,0.695592,40589.0
603172.SH,20260422,16300,21.3,347190.0,21.28,0.0325479,0.915837,5008.0
603173.SH,20260422,9000,41.97,377730.0,42.03,0.005625,0.624063,16000.0
603175.SH,20260422,22400,96.3,2157120.0,97.82,0.0509099,0.472414,4399.93
603176.SH,20260422,2300,5.45,12535.0,5.46,0.000498034,0.0605506,46181.6
603177.SH,20260422,135600,12.23,1658388.0,12.06,0.0664081,1.7764,20419.2
603178.SH,20260422,1926700,22.4,43158080.0,21.08,0.814976,13.0606,23641.2
603179.SH,20260422,52600,63.59,3344834.0,64.03,0.0103109,0.316791,51014.2
603180.SH,20260422,1300,19.02,24726.0,18.94,0.000842749,0.232644,15425.7
603181.SH,20260422,89000,15.02,1336780.0,15.01,0.0151181,2.34031,58870.0
603182.SH,20260422,11800,14.64,172752.0,14.58,0.00717107,0.188149,16455.0
603183.SH,20260422,85200,4.64,395328.0,4.63,0.0171376,0.655965,49715.3
603185.SH,20260422,48000,24.73,1187040.0,24.89,0.00706899,0.301075,67902.2
603186.SH,20260422,259500,71.79,18629505.0,74.79,0.165507,2.15903,15679.1
603187.SH,20260422,10100,15.11,152611.0,15.26,0.00264148,0.206845,38236.2
603188.SH,20260422,26800,4.86,130248.0,4.88,0.00470035,0.215677,57017.0
603189.SH,20260422,1234700,13.13,16211611.0,14.2,0.458063,8.25282,26954.8
603190.SH,20260422,2700,25.5,68850.0,25.48,0.00656685,0.269461,4111.56
603191.SH,20260422,29100,20.59,599169.0,20.66,0.00881913,0.217243,32996.5
603192.SH,20260422,200,23.95,4790.0,23.99,0.000143465,0.0207485,13940.6
603193.SH,20260422,30100,25.01,752801.0,25.05,0.0291282,0.563258,10333.6
603194.SH,20260422,500,33.36,16680.0,33.46,0.000316402,0.0443593,15802.7
603195.SH,20260422,9400,41.32,388408.0,41.35,0.00052203,0.551468,180066.0
603196.SH,20260422,35400,33.1,1171740.0,33.1,0.0149374,0.575344,23698.8
603197.SH,20260422,4200,33.47,140574.0,33.56,0.00198909,0.205898,21115.2
603198.SH,20260422,20200,35.14,709828.0,35.24,0.002525,0.574494,80000.0
603199.SH,20260422,2600,37.68,97968.0,37.75,0.00234911,0.0962058,11068.0
603200.SH,20260422,118300,68.3,8079890.0,69.31,0.0674151,0.870003,17548.0
603201.SH,20260422,3400,16.56,56304.0,16.58,0.0018051,0.301469,18835.5
603202.SH,20260422,5099,96.7099,493124.0,96.71,0.0153298,0.37229,3326.2
603203.SH,20260422,75200,45.65,3432880.0,46.31,0.0301822,1.06346,24915.3
603205.SH,20260422,2100,26.16,54936.0,26.03,0.00507983,0.364165,4134.0
603206.SH,20260422,26700,17.03,454701.0,17.06,0.00874836,0.255842,30520.0
603207.SH,20260422,18700,28.19,527153.0,27.79,0.034375,1.87207,5440.0
603208.SH,20260422,12700,13.13,166751.0,13.08,0.00716815,0.705389,17717.3
603209.SH,20260422,126500,15.19,1921535.0,14.97,0.0393478,2.91123,32149.2
603210.SH,20260422,14400,16.6,239040.0,16.6,0.00618882,0.578155,23267.8
603211.SH,20260422,55900,24.94,1394146.0,25.14,0.020566,0.316526,27180.8
603212.SH,20260422,52700,13.46,709342.0,13.55,0.012046,0.344504,43749.1
603213.SH,20260422,2300,13.48,31004.0,13.44,0.000520395,0.128981,44197.2
603214.SH,20260422,6100,15.93,97173.0,15.95,0.00440306,0.239597,13854.0
603215.SH,20260422,9900,19.05,188595.0,18.95,0.00528766,0.763796,18722.8
603216.SH,20260422,19100,30.77,587707.0,30.79,0.00857695,0.23911,22269.0
603217.SH,20260422,34000,27.3,928200.0,27.41,0.0163393,0.873183,20808.8
603218.SH,20260422,17200,14.48,249056.0,14.57,0.00167309,0.158237,102804.0
603219.SH,20260422,16000,16.3,260800.0,16.34,0.00285002,0.395282,56140.0
603220.SH,20260422,265400,29.53,7837262.0,29.48,0.0611153,0.359294,43426.1
603221.SH,20260422,2100,11.47,24087.0,11.42,0.000866801,0.141976,24227.0
603222.SH,20260422,75400,10.28,775112.0,10.31,0.0143594,0.203419,52509.1
603223.SH,20260422,20000,9.1,182000.0,9.13,0.00283357,0.160896,70582.2
603225.SH,20260422,39900,17.53,699447.0,17.41,0.0023913,0.167945,166855.0
603226.SH,20260422,3200,38.6,123520.0,38.52,0.000900162,0.0878483,35549.2
603227.SH,20260422,143700,8.89,1277493.0,8.89,0.0134087,0.386152,107169.0
603228.SH,20260422,69300,64.78,4489254.0,65.17,0.00710218,0.188512,97575.6
603229.SH,20260422,13500,9.81,132435.0,9.87,0.00162592,0.142598,83029.7
603230.SH,20260422,18400,11.07,203688.0,11.07,0.00520475,0.458842,35352.3
603231.SH,20260422,81100,18.08,1466288.0,17.84,0.0763179,4.67409,10626.6
603232.SH,20260422,27500,19.33,531575.0,19.49,0.0118893,0.232719,23130.0
603233.SH,20260422,7200,17.7,127440.0,17.77,0.000632218,0.158067,113885.0
603235.SH,20260422,3900,26.23,102297.0,26.23,0.000890858,0.760479,43778.0
603236.SH,20260422,8800,78.0,686400.0,78.45,0.00336317,0.162312,26165.8
603237.SH,20260422,15900,17.45,277455.0,17.41,0.00811176,1.25787,19601.2
603238.SH,20260422,96100,16.17,1553937.0,16.06,0.0541381,4.78222,17750.9
603239.SH,20260422,5900,24.01,141659.0,24.13,0.00217937,0.142038,27072.0
603248.SH,20260422,20300,26.35,534905.0,26.49,0.0292892,0.230427,6930.89
603255.SH,20260422,1900,29.4,55860.0,29.58,0.00313143,0.117177,6067.52
603256.SH,20260422,177500,106.6,18921500.0,106.42,0.0201767,0.519938,87972.8
603257.SH,20260422,6500,59.76,388440.0,60.56,0.0261044,0.400815,2490.0
603258.SH,20260422,14600,17.4,254040.0,17.55,0.00604952,0.852715,24134.1
603259.SH,20260422,141800,98.2,13924760.0,98.55,0.00573328,0.327319,247328.0
603260.SH,20260422,70600,44.71,3156526.0,45.13,0.00597188,0.749268,118221.0
603261.SH,20260422,11900,39.38,468622.0,38.5,0.0153538,1.89744,7750.5
603262.SH,20260422,3400,26.05,88570.0,26.14,0.0084983,0.295083,4000.8
603266.SH,20260422,23000,20.04,460920.0,20.3,0.0115644,0.826791,19888.7
603267.SH,20260422,14500,52.8,765600.0,53.07,0.00627486,0.252979,23108.1
603268.SH,20260422,134600,140.97,18974562.0,141.5,0.0577064,1.16593,23325.0
603269.SH,20260422,116096,15.65,1816902.0,15.63,0.0376017,0.372107,30875.2
603270.SH,20260422,3000,26.4,79200.0,26.44,0.00424228,0.0930123,7071.67
603271.SH,20260422,17400,50.99,887226.0,51.25,0.0183979,0.327115,9457.6
603272.SH,20260422,5833900,22.31,130154309.0,24.79,5.62971,154.031,10362.7
603273.SH,20260422,2900,17.61,51069.0,17.73,0.00517318,0.259652,5605.84
603275.SH,20260422,2200,47.66,104852.0,48.07,0.00529661,0.106201,4153.6
603276.SH,20260422,400,16.84,6736.0,16.85,0.000528804,0.0257201,7564.23
603277.SH,20260422,100,14.08,1408.0,14.1,1.64003e-05,0.00907574,60974.6
603278.SH,20260422,815800,12.8,10442240.0,13.24,0.238706,2.29056,34175.9
603279.SH,20260422,16700,18.43,307781.0,18.51,0.00289743,0.286713,57637.3
603280.SH,20260422,4200,34.58,145236.0,34.93,0.0150313,0.34929,2794.17
603281.SH,20260422,36500,34.8,1270200.0,34.65,0.00977679,0.795326,37333.3
603282.SH,20260422,15400,21.4,329560.0,21.38,0.011508,0.973673,13382.0
603283.SH,20260422,49700,50.02,2485994.0,50.5,0.0183277,0.395403,27117.4
603284.SH,20260422,8300,56.51,469033.0,56.49,0.0449295,0.277598,1847.34
603285.SH,20260422,27300,40.02,1092546.0,39.62,0.0438225,0.345392,6229.68
603286.SH,20260422,177600,68.81,12220656.0,69.5,0.15388,3.69699,11541.5
603288.SH,20260422,75796,40.75,3088687.0,40.65,0.00136309,0.536282,556060.0
603289.SH,20260422,326600,12.05,3935530.0,12.11,0.111319,3.14884,29339.0
603290.SH,20260422,8900,100.88,897832.0,101.01,0.00371649,0.216303,23947.3
603291.SH,20260422,1900,12.04,22876.0,12.11,0.000448938,0.0383869,42322.1
603293.SH,20260422,62800,57.13,3587764.0,57.7,0.178935,0.384908,3509.65
603296.SH,20260422,57700,100.98,5826546.0,100.45,0.0101142,0.438787,57048.7
603297.SH,20260422,7600,114.9,873240.0,116.28,0.0068636,0.455711,11072.9
603298.SH,20260422,18900,25.85,488565.0,26.0,0.00144296,0.298959,130981.0
603299.SH,20260422,11100,11.3,125430.0,11.3,0.001427,0.156098,77785.7
603300.SH,20260422,1211300,6.9,8357970.0,7.06,0.0607298,1.62633,199457.0
603301.SH,20260422,18800,95.2,1789760.0,94.9,0.00712455,0.561721,26387.6
603303.SH,20260422,2100,16.0,33600.0,16.06,0.000440303,0.108004,47694.5
603305.SH,20260422,165600,15.34,2540304.0,15.48,0.0143289,0.59843,115571.0
603306.SH,20260422,29900,106.0,3169400.0,106.4,0.0090745,0.216035,32949.5
603307.SH,20260422,13100,39.38,515878.0,39.8,0.0195522,3.85203,6700.0
603308.SH,20260422,41700,70.0,2919000.0,70.68,0.00614101,0.197566,67904.1
603309.SH,20260422,19300,12.96,250128.0,13.06,0.0066125,0.222358,29187.1
603310.SH,20260422,1700,16.27,27659.0,16.27,0.000876244,0.121907,19401.0
603311.SH,20260422,36600,19.12,699792.0,19.02,0.0155161,0.31294,23588.4
603312.SH,20260422,7500,41.56,311700.0,41.56,0.0147291,0.542815,5091.95
603313.SH,20260422,40000,7.9,316000.0,7.92,0.00701033,0.743815,57058.7
603315.SH,20260422,421700,17.28,7286976.0,17.52,0.131631,0.986531,32036.6
603316.SH,20260422,14900,15.52,231248.0,15.67,0.0056383,0.141672,26426.4
603317.SH,20260422,49100,13.64,669724.0,13.65,0.00461156,0.648786,106471.0
603318.SH,20260422,1385100,8.65,11981115.0,8.55,0.301718,3.59553,45907.1
603319.SH,20260422,63900,35.49,2267811.0,35.85,0.0188412,0.416673,33915.0
603320.SH,20260422,8600,23.5,202100.0,23.56,0.00576615,0.165454,14914.6
603321.SH,20260422,23800,7.35,174930.0,7.42,0.00690727,0.725446,34456.4
603322.SH,20260422,87100,35.55,3096405.0,35.48,0.0552711,0.42632,15758.7
603323.SH,20260422,136400,4.93,672452.0,4.94,0.00675735,0.703733,201854.0
603324.SH,20260422,15000,26.42,396300.0,26.47,0.0101571,0.694928,14768.0
603325.SH,20260422,1200,76.64,91968.0,76.74,0.0035105,0.190587,3418.32
603326.SH,20260422,19600,8.85,173460.0,8.85,0.00614079,0.568455,31917.7
603327.SH,20260422,179100,10.5,1880550.0,10.55,0.0171312,0.299714,104546.0
603328.SH,20260422,278800,13.25,3694100.0,13.38,0.0279235,0.926251,99844.3
603329.SH,20260422,2000,10.4,20800.0,10.4,0.000969072,0.124166,20638.3
603330.SH,20260422,10200,7.08,72216.0,7.1,0.00235743,0.16652,43267.4
603331.SH,20260422,15700,15.35,240995.0,15.48,0.00776553,0.304638,20217.6
603332.SH,20260422,150300,14.24,2140272.0,14.26,0.0694717,1.69034,21634.7
603333.SH,20260422,27800,7.95,221010.0,7.94,0.00447285,0.370114,62152.8
603334.SH,20260422,23200,52.49,1217768.0,51.97,0.0747095,1.28205,3105.36
603335.SH,20260422,2420500,7.83,18952515.0,7.37,0.565346,7.61844,42814.5
603336.SH,20260422,66600,10.23,681318.0,10.3,0.010941,0.529358,60871.9
603337.SH,20260422,57100,39.77,2270867.0,40.13,0.0120534,2.8997,47372.6
603338.SH,20260422,11400,49.69,566466.0,50.02,0.00225142,0.244729,50634.8
603339.SH,20260422,124500,13.91,1731795.0,13.99,0.0402338,3.19139,30944.1
603341.SH,20260422,199700,37.51,7490747.0,38.76,0.0750152,3.27965,26621.3
603344.SH,20260422,3100,28.07,87017.0,28.2,0.00573745,0.259874,5403.1
603345.SH,20260422,9000,95.5,859500.0,95.53,0.00306859,0.219399,29329.4
603348.SH,20260422,5500,20.09,110495.0,20.09,0.00174893,0.186111,31447.7
603350.SH,20260422,3400,35.91,122094.0,36.2,0.00770547,0.160384,4412.45
603351.SH,20260422,3400,25.83,87822.0,25.98,0.00251035,0.279582,13543.9
603352.SH,20260422,1900,38.15,72485.0,38.21,0.00427712,0.105772,4442.24
603353.SH,20260422,15700,37.43,587651.0,37.3,0.00921264,0.311116,17041.8
603355.SH,20260422,10300,28.3,291490.0,28.19,0.00179631,0.242697,57339.7
603356.SH,20260422,14200,16.77,238134.0,16.95,0.0106495,0.249565,13334.0
603357.SH,20260422,4500,8.18,36810.0,8.18,0.000809931,0.129858,55560.3
603358.SH,20260422,24700,36.27,895869.0,36.48,0.00542643,0.177772,45517.9
603359.SH,20260422,33100,5.72,189332.0,5.76,0.00741993,0.397252,44609.6
603360.SH,20260422,35900,23.89,857651.0,23.89,0.00508338,0.249726,70622.4
603363.SH,20260422,105100,4.07,427757.0,4.08,0.00490405,0.188111,214313.0
603365.SH,20260422,2600,20.73,53898.0,20.75,0.00100076,0.183773,25980.2
603366.SH,20260422,47500,8.62,409450.0,8.68,0.00584221,0.25022,81304.8
603367.SH,20260422,7400,15.73,116402.0,15.74,0.00163444,0.0784776,45275.4
603368.SH,20260422,1200,16.88,20256.0,16.91,0.000302106,0.0330025,39721.1
603369.SH,20260422,27740,25.59,709867.0,25.63,0.0022249,0.332437,124680.0
603370.SH,20260422,1500,44.6,66900.0,44.74,0.00428694,0.228558,3499.0
603373.SH,20260422,5200,39.8,206960.0,40.08,0.0114462,0.344934,4543.01
603375.SH,20260422,7700,40.33,310541.0,41.45,0.0120726,0.191863,6378.09
603376.SH,20260422,300,33.64,10092.0,33.66,0.00096657,0.0325855,3103.76
603377.SH,20260422,11300,3.64,41132.0,3.64,0.00157949,0.119031,71542.2
603378.SH,20260422,23600,5.53,130508.0,5.57,0.00550634,0.343961,42859.7
603379.SH,20260422,28200,62.75,1769550.0,62.83,0.00461932,0.42739,61047.9
603380.SH,20260422,85800,35.33,3031314.0,36.9,0.0534775,3.73776,16044.1
603381.SH,20260422,25200,24.39,614628.0,24.49,0.0177293,0.374476,14213.8
603382.SH,20260422,1900,27.5,52250.0,27.59,0.00524133,0.26392,3625.03
603383.SH,20260422,61200,32.4,1982880.0,32.4,0.029799,0.766204,20537.6
603385.SH,20260422,28800,6.42,184896.0,6.47,0.00756571,0.619957,38066.5
603386.SH,20260422,9400,14.3,134420.0,14.4,0.00288059,0.170287,32632.3
603387.SH,20260422,48200,9.33,449706.0,9.4,0.00950403,0.174143,50715.4
603389.SH,20260422,4400,51.79,227876.0,51.48,0.00167458,0.226362,26275.2
603390.SH,20260422,14500,12.1,175450.0,12.1,0.00413678,0.519676,35051.4
603391.SH,20260422,600,65.36,39216.0,65.36,0.00263736,0.0525298,2275.0
603392.SH,20260422,10500,38.86,408030.0,39.1,0.000830438,0.267746,126439.0
603393.SH,20260422,9800,33.45,327810.0,33.42,0.00231557,0.103439,42322.1
603395.SH,20260422,16900,28.22,476918.0,28.22,0.026,0.791456,6500.0
603396.SH,20260422,19400,36.0,698400.0,36.25,0.0140044,0.55108,13852.7
603398.SH,20260422,65500,11.32,741460.0,11.35,0.0151046,0.624187,43364.2
603399.SH,20260422,1877600,13.38,25122288.0,13.48,0.366511,2.81447,51229.1
603400.SH,20260422,1500,66.98,100470.0,67.09,0.0075,0.100035,2000.0
603402.SH,20260422,4900,135.0,661500.0,134.89,0.0253448,0.272958,1933.33
603406.SH,20260422,28300,34.7,982010.0,35.21,0.0771905,2.71515,3666.25
603408.SH,20260422,30400,12.05,366320.0,12.05,0.00679219,1.59927,44757.3
603409.SH,20260422,15200,42.15,640680.0,42.21,0.0420304,0.403941,3616.43
603416.SH,20260422,9500,51.68,490960.0,51.69,0.00682251,0.46906,13924.5
603418.SH,20260422,3200,50.78,162496.0,50.88,0.00773608,0.482502,4136.46
603421.SH,20260422,55700,8.12,452284.0,8.14,0.00854045,0.293348,65219.1
603429.SH,20260422,5400,9.98,53892.0,9.98,0.00102958,0.0857528,52448.5
603439.SH,20260422,6400,11.1,71040.0,11.07,0.00158479,0.308693,40384.0
603444.SH,20260422,7300,382.68,2793564.0,384.0,0.0101331,0.243135,7204.11
603456.SH,20260422,31600,16.62,525192.0,16.7,0.00355277,0.258529,88944.6
603458.SH,20260422,64600,12.01,775846.0,12.06,0.0211025,0.353734,30612.5
603459.SH,20260422,127700,61.16,7810132.0,62.0,0.16154,0.388623,7905.19
603466.SH,20260422,491900,9.89,4864891.0,10.06,0.0826976,1.88703,59481.8
603477.SH,20260422,60000,18.18,1090800.0,18.3,0.0117631,0.288548,51007.0
603486.SH,20260422,11800,64.07,756026.0,64.06,0.00205807,0.21874,57335.2
603488.SH,20260422,32100,11.18,358878.0,11.29,0.0109935,0.287919,29199.0
603489.SH,20260422,112200,36.71,4118862.0,36.89,0.0478224,1.84133,23461.8
603496.SH,20260422,36900,28.5,1051650.0,28.64,0.0115237,0.242828,32020.9
603499.SH,20260422,38700,21.8,843660.0,21.86,0.0127894,0.671993,30259.4
603500.SH,20260422,16300,11.01,179463.0,11.01,0.0049121,0.456493,33183.3
603501.SH,20260422,46100,92.48,4263328.0,92.85,0.00380864,0.253271,121041.0
603505.SH,20260422,29400,18.08,531552.0,18.19,0.00349306,0.273769,84166.9
603506.SH,20260422,28700,12.46,357602.0,12.55,0.015284,1.32887,18777.8
603507.SH,20260422,48100,45.07,2167867.0,45.06,0.0264617,0.385329,18177.2
603508.SH,20260422,13700,24.3,332910.0,24.44,0.00359321,0.457197,38127.4
603511.SH,20260422,1800,14.35,25830.0,14.28,0.000447887,0.138095,40188.7
603515.SH,20260422,3400,20.7,70380.0,20.7,0.000461751,0.148244,73632.8
603516.SH,20260422,34900,147.35,5142515.0,147.0,0.0171694,0.581015,20326.8
603517.SH,20260422,7200,13.06,94032.0,13.11,0.00118811,0.196946,60600.2
603518.SH,20260422,83200,9.12,758784.0,9.06,0.0241808,2.40917,34407.4
603519.SH,20260422,16900,14.2,239980.0,14.17,0.00634556,0.346487,26632.8
603520.SH,20260422,131400,10.67,1402038.0,10.73,0.029972,0.645919,43841.0
603527.SH,20260422,55100,12.22,673322.0,12.26,0.0173833,0.244362,31697.1
603528.SH,20260422,2400,8.09,19416.0,8.1,0.000339977,0.0395523,70593.0
603529.SH,20260422,58400,28.75,1679000.0,28.89,0.00689036,0.66493,84756.0
603530.SH,20260422,53600,58.7,3146320.0,59.01,0.012539,0.672311,42746.5
603533.SH,20260422,107400,26.76,2874024.0,26.73,0.0244704,0.502184,43889.7
603535.SH,20260422,5600,8.24,46144.0,8.24,0.00109607,0.191197,51091.8
603536.SH,20260422,10800,9.82,106056.0,9.84,0.00449004,0.233679,24053.2
603538.SH,20260422,828500,51.5,42667750.0,52.53,0.38315,1.38631,21623.4
603551.SH,20260422,4100,12.16,49856.0,12.22,0.00107928,0.132375,37988.4
603556.SH,20260422,131600,30.7,4040120.0,31.2,0.0270635,1.63524,48626.4
603557.SH,20260422,36200,3.95,142990.0,3.99,0.00580652,0.302999,62343.7
603558.SH,20260422,20500,13.56,277980.0,13.69,0.00598299,0.277752,34263.8
603559.SH,20260422,4200,7.01,29442.0,7.03,0.00104666,0.166821,40127.7
603565.SH,20260422,87400,12.17,1063658.0,12.12,0.00416178,0.58816,210006.0
603566.SH,20260422,9400,12.49,117406.0,12.56,0.00271627,0.296445,34606.2
603567.SH,20260422,97000,6.78,657660.0,6.77,0.0103242,0.515148,93954.1
603568.SH,20260422,70000,20.8,1456000.0,20.8,0.00410066,0.458794,170704.0
603569.SH,20260422,15200,6.81,103512.0,6.85,0.00251861,0.49313,60350.7
603577.SH,20260422,22900,11.34,259686.0,11.34,0.00675239,0.287322,33913.9
603578.SH,20260422,36600,14.13,517158.0,14.06,0.0202931,0.633463,18035.7
603579.SH,20260422,10300,19.98,205794.0,20.02,0.00512304,0.315075,20105.2
603580.SH,20260422,2200,19.36,42592.0,19.36,0.00168359,0.0787082,13067.3
603583.SH,20260422,13600,32.71,444856.0,32.77,0.00355791,0.413326,38224.7
603585.SH,20260422,62200,23.27,1447394.0,23.33,0.0328197,0.400918,18952.1
603586.SH,20260422,8000,18.35,146800.0,18.27,0.00408053,0.514953,19605.3
603587.SH,20260422,49800,12.93,643914.0,12.8,0.0105043,1.3595,47409.3
603588.SH,20260422,262600,15.82,4154332.0,15.89,0.0172396,0.291141,152323.0
603589.SH,20260422,33200,24.41,810412.0,24.5,0.00555073,1.30508,59811.9
603590.SH,20260422,3100,36.0,111600.0,36.17,0.00195925,0.101075,15822.3
603595.SH,20260422,84500,17.96,1517620.0,18.12,0.0363531,1.50568,23244.2
603596.SH,20260422,40300,45.61,1838083.0,46.02,0.00664455,0.447449,60651.2
603598.SH,20260422,52900,21.33,1128357.0,21.63,0.0196375,0.26889,26938.3
603599.SH,20260422,30400,13.69,416176.0,13.69,0.00333967,0.264326,91026.9
603600.SH,20260422,27200,11.26,306272.0,11.31,0.00906552,0.525581,30003.8
603601.SH,20260422,3384600,15.46,52325916.0,16.26,0.296286,1.29665,114234.0
603602.SH,20260422,26000,13.28,345280.0,13.26,0.0112526,0.898381,23105.8
603605.SH,20260422,63400,60.0,3804000.0,60.35,0.0160111,2.05174,39597.6
603606.SH,20260422,497100,62.88,31257648.0,61.09,0.0722828,4.80396,68771.5
603607.SH,20260422,1400,23.5,32900.0,23.54,0.00078424,0.0403026,17851.7
603608.SH,20260422,165400,12.81,2118774.0,12.94,0.0394057,0.741927,41973.6
603609.SH,20260422,38900,6.99,271911.0,6.98,0.00428277,1.10521,90829.1
603610.SH,20260422,2400,15.84,38016.0,15.85,0.000679903,0.0405908,35299.2
603611.SH,20260422,3000,20.55,61650.0,20.61,0.00116459,0.136589,25760.1
603612.SH,20260422,14000,27.31,382340.0,27.41,0.00281066,0.0895955,49810.4
603613.SH,20260422,62900,28.51,1793279.0,28.41,0.00872959,0.420409,72053.8
603615.SH,20260422,23900,19.88,475132.0,20.04,0.00988338,0.476465,24182.0
603616.SH,20260422,64200,6.44,413448.0,6.42,0.016706,0.657882,38429.3
603617.SH,20260422,2600,7.4,19240.0,7.41,0.000677716,0.0493572,38364.1
603618.SH,20260422,2124400,26.42,56126648.0,25.95,0.307271,2.38689,69137.6
603619.SH,20260422,141400,32.55,4602570.0,32.31,0.0305837,0.623543,46233.8
603626.SH,20260422,122200,23.23,2838706.0,23.67,0.0220228,0.348393,55488.0
603628.SH,20260422,78300,13.56,1061748.0,13.68,0.0287686,0.998396,27217.2
603629.SH,20260422,310200,101.3,31423260.0,101.19,0.12077,0.67823,25685.2
603630.SH,20260422,8200,16.62,136284.0,16.66,0.00364113,0.292535,22520.5
603633.SH,20260422,31900,8.47,270193.0,8.54,0.00747404,0.146769,42681.1
603636.SH,20260422,34600,9.03,312438.0,9.03,0.00596181,0.472771,58036.1
603637.SH,20260422,47900,15.18,727122.0,15.27,0.0200682,0.324165,23868.6
603638.SH,20260422,617100,23.05,14224155.0,22.2,0.074252,7.18292,83108.9
603639.SH,20260422,5100,13.18,67218.0,13.17,0.00150054,0.191583,33987.8
603648.SH,20260422,16200,9.9,160380.0,9.86,0.00447004,0.927944,36241.3
603650.SH,20260422,259000,55.03,14252770.0,54.27,0.0421499,2.26094,61447.3
603655.SH,20260422,2300,40.64,93472.0,40.8,0.00216981,0.135165,10600.0
603656.SH,20260422,28000,20.5,574000.0,20.4,0.0153051,1.00363,18294.5
603657.SH,20260422,2300,25.99,59777.0,26.21,0.00170131,0.147467,13519.0
603658.SH,20260422,8800,34.35,302280.0,34.45,0.00154001,0.578805,57142.5
603659.SH,20260422,388000,36.22,14053360.0,36.22,0.0181614,0.637983,213640.0
603660.SH,20260422,57300,10.15,581595.0,10.15,0.0100264,0.327189,57149.3
603661.SH,20260422,300,31.52,9456.0,31.42,0.000215723,0.039123,13906.7
603662.SH,20260422,2400,56.55,135720.0,56.9,0.00085461,0.079697,28083.0
603663.SH,20260422,31400,48.4,1519760.0,47.92,0.00742633,0.326516,42282.0
603665.SH,20260422,2200,27.47,60434.0,27.71,0.00137356,0.0674718,16016.8
603666.SH,20260422,3800,26.61,101118.0,26.78,0.00184887,0.119956,20553.0
603667.SH,20260422,286000,70.05,20034300.0,71.16,0.0780988,1.28743,36620.3
603668.SH,20260422,62300,13.82,860986.0,13.97,0.0123172,0.448936,50579.7
603669.SH,20260422,294600,4.47,1316862.0,4.38,0.040846,1.40363,72124.6
603676.SH,20260422,3800,10.25,38950.0,10.28,0.000873239,0.167484,43516.1
603677.SH,20260422,3600,15.58,56088.0,15.67,0.00186915,0.274233,19260.1
603678.SH,20260422,65800,35.45,2332610.0,35.45,0.0138361,0.581517,47556.7
603679.SH,20260422,17600,14.06,247456.0,14.1,0.0099051,0.377538,17768.6
603680.SH,20260422,21000,13.34,280140.0,13.32,0.00267953,0.468063,78371.9
603681.SH,20260422,15500,17.81,276055.0,17.88,0.00670554,0.261149,23115.2
603682.SH,20260422,383200,6.96,2667072.0,6.99,0.0811005,1.54414,47250.0
603683.SH,20260422,18000,28.2,507600.0,28.0,0.00624632,0.128831,28816.9
603685.SH,20260422,2900,30.85,89465.0,30.92,0.00143945,0.068921,20146.6
603686.SH,20260422,141200,19.23,2715276.0,18.9,0.0339888,1.2658,41543.0
603687.SH,20260422,1389300,19.0,26396700.0,19.55,0.252585,1.28809,55003.2
603688.SH,20260422,85000,51.51,4378350.0,52.05,0.015692,0.302704,54167.8
603689.SH,20260422,23700,8.16,193392.0,8.17,0.00452768,0.654563,52344.7
603690.SH,20260422,28500,26.05,742425.0,26.18,0.00744195,0.291442,38296.4
603693.SH,20260422,452800,15.0,6792000.0,15.32,0.0507922,2.19948,89147.6
603696.SH,20260422,14100,15.74,221934.0,15.78,0.0059949,0.252095,23520.0
603697.SH,20260422,31400,10.13,318082.0,10.19,0.00734173,0.602856,42769.2
603698.SH,20260422,885101,44.2,39121464.0,46.21,0.165134,1.5863,53599.0
603699.SH,20260422,78700,59.85,4710195.0,59.0,0.0103806,0.896217,75814.3
603700.SH,20260422,17200,13.12,225664.0,13.07,0.00860164,0.309131,19996.2
603701.SH,20260422,14500,24.95,361775.0,25.03,0.00554786,0.27081,26136.2
603703.SH,20260422,27400,13.79,377846.0,13.83,0.00660269,0.251453,41498.2
603706.SH,20260422,8200,20.54,168428.0,20.52,0.00432986,0.582147,18938.3
603707.SH,20260422,22800,9.4,214320.0,9.41,0.0014112,0.201178,161564.0
603708.SH,20260422,31700,10.96,347432.0,11.01,0.00496602,0.509489,63833.9
603709.SH,20260422,6600,17.01,112266.0,16.94,0.00527539,0.51194,12510.9
603711.SH,20260422,2400,12.5,30000.0,12.49,0.000581291,0.175942,41287.4
603712.SH,20260422,15500,16.42,254510.0,16.56,0.00200777,0.204122,77200.0
603713.SH,20260422,1400,59.69,83566.0,59.98,0.000885361,0.113593,15812.8
603716.SH,20260422,55100,22.0,1212200.0,22.21,0.0244031,0.271439,22579.1
603717.SH,20260422,38400,6.68,256512.0,6.74,0.0132347,0.382632,29014.6
603718.SH,20260422,125300,4.0,501200.0,4.01,0.0193072,0.553856,64898.0
603719.SH,20260422,43200,10.41,449712.0,10.43,0.0107731,1.2,40100.0
603721.SH,20260422,700,22.02,15414.0,22.01,0.000538462,0.0242051,13000.0
603722.SH,20260422,1100,36.71,40381.0,36.87,0.00114942,0.106469,9570.01
603725.SH,20260422,14000,9.41,131740.0,9.43,0.00488387,0.136178,28665.8
603726.SH,20260422,3500,23.5,82250.0,23.69,0.0018949,0.191113,18470.6
603727.SH,20260422,37100,17.99,667429.0,17.88,0.0131691,0.427292,28171.9
603728.SH,20260422,7300,58.11,424203.0,58.59,0.00174273,0.159932,41888.2
603729.SH,20260422,11100,16.69,185259.0,16.82,0.0120436,0.558625,9216.51
603730.SH,20260422,56100,10.01,561561.0,10.11,0.00261102,0.249733,214859.0
603733.SH,20260422,10200,22.32,227664.0,22.32,0.00144124,0.336461,70772.4
603737.SH,20260422,6100,47.89,292129.0,47.95,0.000826763,0.167776,73781.8
603738.SH,20260422,1827400,35.0,63959000.0,34.67,0.473558,3.59243,38588.8
603739.SH,20260422,38700,14.98,579726.0,15.05,0.0152947,1.0321,25302.9
603755.SH,20260422,6300,28.73,180999.0,28.52,0.00638857,0.683181,9861.37
603757.SH,20260422,146700,54.98,8065566.0,54.33,0.0786396,0.712319,18654.7
603758.SH,20260422,4800,12.59,60432.0,12.6,0.0010939,0.109329,43879.7
603759.SH,20260422,1600,9.48,15168.0,9.49,0.0003465,0.0430511,46176.0
603766.SH,20260422,62300,15.55,968765.0,15.57,0.00303378,0.205353,205354.0
603767.SH,20260422,6300,18.6,117180.0,18.63,0.00204127,0.232891,30863.2
603768.SH,20260422,14300,11.09,158587.0,11.1,0.00600952,0.729644,23795.6
603773.SH,20260422,887900,58.29,51755691.0,58.51,0.395222,3.3166,22465.9
603776.SH,20260422,4600,20.35,93610.0,20.37,0.00163841,0.103989,28076.1
603777.SH,20260422,144900,16.02,2321298.0,16.36,0.0433282,0.504628,33442.4
603778.SH,20260422,9349129,26.1,244012267.0,29.0,1.45431,9.05476,64285.7
603779.SH,20260422,6900,6.3,43470.0,6.3,0.0020778,0.140747,33208.3
603786.SH,20260422,7500,56.52,423900.0,56.73,0.00185709,0.235944,40385.7
603787.SH,20260422,89200,12.74,1136408.0,12.74,0.0387584,1.5176,23014.4
603788.SH,20260422,574600,17.67,10153182.0,17.44,0.257593,14.0231,22306.5
603789.SH,20260422,85600,5.68,486208.0,5.77,0.0329231,2.46408,26000.0
603790.SH,20260422,12000,23.39,280680.0,23.21,0.0062709,0.472266,19136.0
603797.SH,20260422,47100,4.7,221370.0,4.72,0.0081685,0.989915,57660.5
603798.SH,20260422,23300,17.28,402624.0,17.27,0.0090856,0.251178,25645.0
603799.SH,20260422,362400,64.89,23516136.0,65.5,0.0191989,0.395928,188761.0
603800.SH,20260422,21900,48.54,1063026.0,49.02,0.0105288,0.276201,20800.0
603801.SH,20260422,6900,9.0,62100.0,9.05,0.00158858,0.309471,43435.1
603803.SH,20260422,195100,15.36,2996736.0,15.41,0.0459185,0.236473,42488.4
603806.SH,20260422,53500,17.11,915385.0,17.25,0.00205079,0.125413,260874.0
603808.SH,20260422,66200,10.62,703044.0,10.64,0.0179359,0.494515,36909.3
603809.SH,20260422,17200,11.09,190748.0,11.1,0.00186898,0.122171,92028.9
603810.SH,20260422,31300,15.73,492349.0,15.67,0.0189306,1.63689,16534.1
603811.SH,20260422,14500,11.81,171245.0,11.88,0.00443013,0.194799,32730.4
603813.SH,20260422,156600,31.72,4967352.0,30.21,0.149122,9.20267,10501.5
603815.SH,20260422,1623100,7.06,11459086.0,7.07,0.262245,3.16686,61892.4
603816.SH,20260422,2700,31.15,84105.0,31.27,0.000332444,0.04673,81216.6
603817.SH,20260422,16700,7.09,118403.0,7.12,0.00292939,0.151738,57008.4
603818.SH,20260422,59400,3.36,199584.0,3.4,0.00865203,0.474632,68654.4
603819.SH,20260422,34900,14.47,505003.0,14.47,0.016029,0.414938,21773.0
603822.SH,20260422,10300,82.7,851810.0,82.85,0.0134069,0.954958,7682.59
603823.SH,20260422,26600,16.36,435176.0,16.33,0.00638858,0.396538,41636.8
603825.SH,20260422,7800,8.48,66144.0,8.53,0.00307891,0.505253,25333.7
603826.SH,20260422,60600,34.36,2082216.0,34.49,0.00924908,0.321943,65520.0
603828.SH,20260422,240500,5.37,1291485.0,5.62,0.0403564,6.96883,59594.0
603829.SH,20260422,26900,27.9,750510.0,27.9,0.0144417,0.284255,18626.6
603833.SH,20260422,6200,49.1,304420.0,49.47,0.00101781,0.293081,60915.3
603836.SH,20260422,7900,13.13,103727.0,13.1,0.00384924,0.306194,20523.5
603838.SH,20260422,2900,9.3,26970.0,9.28,0.000906205,0.0730216,32001.6
603839.SH,20260422,6300,7.47,47061.0,7.55,0.00162784,0.26305,38701.6
603843.SH,20260422,3124600,8.7,27184020.0,8.42,0.446612,12.6659,69962.3
603848.SH,20260422,17100,15.51,265221.0,15.65,0.00424943,1.28488,40240.7
603855.SH,20260422,200,19.65,3930.0,19.63,5.96067e-05,0.0140075,33553.2
603856.SH,20260422,98600,13.03,1284758.0,12.91,0.0349576,2.85739,28205.6
603858.SH,20260422,10490,16.49,172980.0,16.5,0.00099472,0.147091,105457.0
603859.SH,20260422,42400,41.35,1753240.0,41.56,0.0173275,0.70536,24469.8
603860.SH,20260422,4900,31.8,155820.0,31.89,0.00734853,0.46348,6668.0
603861.SH,20260422,68200,16.58,1130756.0,16.61,0.0129023,0.36066,52858.6
603863.SH,20260422,66900,17.8,1190820.0,17.7,0.03269,0.9096,20465.0
603866.SH,20260422,37200,5.09,189348.0,5.08,0.00232541,0.501049,159972.0
603867.SH,20260422,23700,34.33,813621.0,34.36,0.0109882,0.472085,21568.7
603868.SH,20260422,12600,32.1,404460.0,31.96,0.00289256,1.25445,43560.0
603869.SH,20260422,0,,0.0,10.6,0.0,0.0,49411.7
603871.SH,20260422,24800,13.93,345464.0,14.02,0.00181285,0.148561,136801.0
603876.SH,20260422,441600,26.6,11746560.0,25.98,0.0475213,1.29967,92926.7
603877.SH,20260422,6500,15.08,98020.0,15.09,0.00138497,0.207324,46932.4
603878.SH,20260422,27900,8.55,238545.0,8.58,0.00497204,0.145546,56113.8
603879.SH,20260422,77000,5.61,431970.0,5.62,0.0214279,0.841401,35934.4
603880.SH,20260422,56500,6.35,358775.0,6.45,0.0195473,0.923025,28904.2
603881.SH,20260422,157200,37.95,5965740.0,38.08,0.0218827,0.223582,71837.7
603882.SH,20260422,6100,27.85,169885.0,27.85,0.0013257,0.14757,46013.5
603883.SH,20260422,10500,13.62,143010.0,13.66,0.0013836,0.140838,75889.0
603885.SH,20260422,31600,12.1,382360.0,12.2,0.00144688,0.217695,218401.0
603886.SH,20260422,35900,13.7,491830.0,13.75,0.0149583,0.709259,24000.0
603887.SH,20260422,87600,16.01,1402476.0,16.09,0.0147158,0.458877,59527.9
603888.SH,20260422,9800,20.4,199920.0,20.55,0.00145242,0.116991,67473.8
603889.SH,20260422,275800,9.36,2581488.0,9.3,0.038056,1.44161,72472.1
603890.SH,20260422,458500,19.83,9092055.0,19.8,0.102617,0.603549,44680.8
603893.SH,20260422,50300,175.0,8802500.0,174.33,0.0119512,0.658095,42087.7
603895.SH,20260422,4800,29.03,139344.0,29.03,0.00444115,0.226186,10808.0
603896.SH,20260422,600,18.41,11046.0,18.4,0.000302657,0.0477712,19824.4
603897.SH,20260422,153400,48.94,7507396.0,51.4,0.0743089,0.874696,20643.6
603898.SH,20260422,234600,14.75,3460350.0,14.5,0.0753505,6.3231,31134.5
603899.SH,20260422,2500,25.19,62975.0,25.27,0.000271453,0.0860172,92097.0
603900.SH,20260422,23000,7.59,174570.0,7.62,0.00673009,0.298832,34174.9
603901.SH,20260422,25900,12.38,320642.0,12.38,0.00531143,0.202077,48762.7
603903.SH,20260422,16100,11.74,189014.0,11.73,0.00630582,0.496051,25531.9
603906.SH,20260422,1201500,26.55,31899825.0,26.02,0.212625,1.67526,56507.9
603908.SH,20260422,3000,23.0,69000.0,22.9,0.00322141,0.27336,9312.7
603909.SH,20260422,65400,13.23,865242.0,13.2,0.0250889,0.436719,26067.3
603912.SH,20260422,1017000,10.35,10525950.0,10.54,0.187691,2.04907,54184.9
603915.SH,20260422,21900,15.43,337917.0,15.43,0.0033352,0.353929,65663.2
603916.SH,20260422,48200,11.39,548998.0,11.5,0.0114672,0.48839,42032.8
603917.SH,20260422,27600,13.21,364596.0,13.17,0.01354,0.785663,20384.0
603918.SH,20260422,10000,13.54,135400.0,13.59,0.00273892,0.138835,36510.8
603919.SH,20260422,11500,18.14,208610.0,18.14,0.00226708,0.210404,50726.0
603920.SH,20260422,469900,59.07,27756993.0,60.01,0.0652102,0.942123,72059.2
603922.SH,20260422,79800,22.09,1762782.0,22.1,0.0445312,0.910502,17920.0
603926.SH,20260422,90600,19.3,1748580.0,19.25,0.0392482,0.964063,23083.9
603927.SH,20260422,46012,16.7,768400.0,16.66,0.00553668,0.73616,83104.0
603928.SH,20260422,11200,15.4,172480.0,15.44,0.0042735,0.21179,26208.0
603929.SH,20260422,25200,185.52,4675104.0,187.39,0.011811,0.405489,21336.0
603931.SH,20260422,37400,32.3,1208020.0,31.82,0.0187414,0.792623,19955.8
603933.SH,20260422,76200,24.31,1852422.0,24.56,0.036715,0.45522,20754.5
603936.SH,20260422,448700,15.53,6968311.0,15.69,0.0711773,1.0771,63039.8
603937.SH,20260422,38100,12.48,475488.0,12.64,0.0182392,0.419077,20889.1
603938.SH,20260422,102300,29.0,2966700.0,29.17,0.0267364,0.545835,38262.4
603939.SH,20260422,11400,23.31,265734.0,23.4,0.00094029,0.131351,121239.0
603948.SH,20260422,14000,27.02,378280.0,27.31,0.00861596,1.02585,16248.9
603949.SH,20260422,19400,18.64,361616.0,18.64,0.00922907,0.289066,21020.5
603950.SH,20260422,38200,59.71,2280922.0,59.2,0.0118044,0.230479,32360.7
603955.SH,20260422,400,26.72,10688.0,26.72,0.000294724,0.0262085,13572.0
603956.SH,20260422,62100,5.68,352728.0,5.66,0.0108965,1.01473,56990.6
603958.SH,20260422,87300,26.37,2302101.0,26.63,0.0397976,0.6256,21936.0
603959.SH,20260422,1094300,6.77,7408411.0,6.69,0.22319,2.91601,49029.9
603960.SH,20260422,444700,24.95,11095265.0,24.92,0.169605,3.08717,26219.8
603966.SH,20260422,28300,14.11,399313.0,14.17,0.00711552,0.211643,39772.2
603967.SH,20260422,8200,13.24,108568.0,13.28,0.00236538,0.314732,34666.7
603968.SH,20260422,6800,11.8,80240.0,11.8,0.00332551,0.130056,20448.0
603969.SH,20260422,24300,9.49,230607.0,9.54,0.0028798,0.169306,84380.8
603970.SH,20260422,9600,12.68,121728.0,12.66,0.00357143,0.630762,26880.0
603976.SH,20260422,400,19.75,7900.0,19.86,0.000264544,0.0300435,15120.4
603977.SH,20260422,75800,14.68,1112744.0,14.65,0.0122014,0.383187,62124.2
603978.SH,20260422,33500,25.23,845205.0,25.4,0.0158697,0.350387,21109.4
603979.SH,20260422,11700,63.08,738036.0,63.73,0.00187563,0.144732,62378.9
603980.SH,20260422,1700,6.2,10540.0,6.24,0.00025117,0.00965926,67683.3
603982.SH,20260422,30900,7.79,240711.0,7.84,0.00910018,0.517257,33955.4
603983.SH,20260422,1800,24.65,44370.0,24.75,0.000448878,0.105007,40100.0
603985.SH,20260422,208500,23.87,4976895.0,24.11,0.0472941,0.316662,44085.8
603986.SH,20260422,216290,303.5,65644015.0,306.27,0.0323863,0.550606,66784.5
603987.SH,20260422,64300,8.55,549765.0,8.61,0.014721,1.14145,43679.1
603988.SH,20260422,7300,25.54,186442.0,25.58,0.00310374,0.0961748,23520.0
603989.SH,20260422,11600,19.4,225040.0,19.41,0.00290887,0.163126,39878.0
603990.SH,20260422,5100,15.12,77112.0,15.12,0.00166513,0.0468426,30628.3
603991.SH,20260422,7500,118.0,885000.0,117.79,0.0100624,0.276513,7453.5
603992.SH,20260422,24600,33.8,831480.0,33.77,0.00555252,0.460868,44304.2
603993.SH,20260422,1134300,19.94,22617942.0,20.08,0.00649625,0.509548,1746080.0
603995.SH,20260422,5900,18.3,107970.0,18.25,0.00161371,0.128307,36561.8
603997.SH,20260422,22900,12.89,295181.0,12.88,0.00179994,0.255718,127226.0
603998.SH,20260422,9600,10.4,99840.0,10.44,0.00218638,0.0954079,43908.1
603999.SH,20260422,5500,6.85,37675.0,6.89,0.000954861,0.0818452,57600.0
605001.SH,20260422,76200,7.49,570738.0,7.57,0.0193949,1.50143,39288.6
605003.SH,20260422,9700,28.77,279069.0,29.08,0.00881818,0.956042,11000.0
605005.SH,20260422,22800,20.58,469224.0,20.66,0.00568579,0.456714,40100.0
605006.SH,20260422,536500,10.55,5660075.0,10.76,0.0894095,1.10065,60004.8
605007.SH,20260422,48200,15.36,740352.0,15.36,0.0120034,0.593542,40155.3
605008.SH,20260422,30500,11.88,362340.0,11.88,0.00472164,1.87899,64596.2
605009.SH,20260422,5900,28.65,169035.0,28.77,0.0027437,0.602267,21503.8
605011.SH,20260422,40700,19.88,809116.0,19.88,0.0101725,1.22137,40010.0
605016.SH,20260422,7400,26.38,195212.0,26.39,0.00176185,0.15033,42001.2
605018.SH,20260422,13200,12.4,163680.0,12.45,0.00280812,0.142851,47006.6
605020.SH,20260422,157580,27.03,4259387.0,26.95,0.0313328,1.44531,50292.4
605028.SH,20260422,11900,30.09,358071.0,29.85,0.0074375,0.451902,16000.0
605033.SH,20260422,2400,22.43,53832.0,22.5,0.00177515,0.137926,13520.0
605050.SH,20260422,28100,12.96,364176.0,13.06,0.00570177,0.31184,49282.9
605055.SH,20260422,40000,10.85,434000.0,10.92,0.00909091,0.368597,44000.0
605056.SH,20260422,39100,27.8,1086980.0,27.8,0.00969278,0.306859,40339.3
605058.SH,20260422,16700,37.58,627586.0,37.8,0.0116845,0.259618,14292.4
605060.SH,20260422,31500,60.01,1890315.0,60.4,0.0131832,0.291757,23894.0
605066.SH,20260422,43300,7.7,333410.0,7.7,0.00861806,0.298207,50243.3
605068.SH,20260422,9600,26.33,252768.0,26.45,0.00591867,0.248171,16219.8
605069.SH,20260422,44200,13.93,615706.0,13.85,0.0208788,0.726146,21169.8
605077.SH,20260422,24200,15.41,372922.0,15.36,0.00808204,0.563416,29942.9
605080.SH,20260422,9800,25.97,254506.0,26.01,0.00698248,0.386415,14035.1
605081.SH,20260422,29000,6.49,188210.0,6.83,0.0256077,1.56988,11324.7
605086.SH,20260422,12900,35.6,459240.0,34.99,0.00719866,0.805147,17920.0
605088.SH,20260422,7700,36.95,284515.0,36.61,0.00385549,0.170736,19971.5
605089.SH,20260422,4200,26.3,110460.0,26.51,0.00304348,0.24407,13800.0
605090.SH,20260422,286463,47.0,13463761.0,46.82,0.0406851,0.90566,70409.8
605098.SH,20260422,27600,67.1,1851960.0,67.1,0.0231444,0.78399,11925.1
605099.SH,20260422,4700,39.5,185650.0,39.85,0.00117075,0.12586,40145.3
605100.SH,20260422,24200,48.8,1180960.0,48.72,0.014241,0.59853,16993.2
605108.SH,20260422,6000,16.7,100200.0,16.7,0.00230769,0.243264,26000.0
605111.SH,20260422,50700,38.05,1929135.0,38.38,0.0122071,0.378989,41533.3
605116.SH,20260422,18200,26.25,477750.0,26.27,0.00448074,0.194271,40618.3
605117.SH,20260422,56900,143.54,8167426.0,143.01,0.00625734,0.344653,90933.3
605118.SH,20260422,29100,45.7,1329870.0,45.8,0.0071172,0.544997,40886.9
605122.SH,20260422,1700,13.05,22185.0,13.06,0.000986342,0.0907615,17235.4
605123.SH,20260422,19700,102.0,2009400.0,103.55,0.016258,0.545846,12117.1
605128.SH,20260422,300,33.84,10152.0,34.02,0.000142087,0.0135542,21113.9
605133.SH,20260422,63200,32.79,2072328.0,32.79,0.022402,0.445354,28211.8
605136.SH,20260422,11000,10.7,117700.0,10.7,0.00274685,0.146724,40045.9
605138.SH,20260422,8200,6.83,56006.0,6.82,0.00147596,0.382782,55557.1
605151.SH,20260422,1800,19.82,35676.0,19.82,0.00133775,0.0783909,13455.4
605155.SH,20260422,5200,15.59,81068.0,15.59,0.0027833,0.271642,18682.8
605158.SH,20260422,27100,7.38,199998.0,7.42,0.00529897,0.840348,51142.0
605162.SH,20260422,776555,13.72,10654335.0,13.86,0.191259,2.19971,40602.3
605166.SH,20260422,20800,11.22,233376.0,11.31,0.00660878,0.165948,31473.3
605167.SH,20260422,41600,18.18,756288.0,18.48,0.00926298,0.397863,44909.9
605168.SH,20260422,68700,41.32,2838684.0,41.06,0.0325875,0.918924,21081.7
605169.SH,20260422,16000,12.6,201600.0,12.6,0.00565611,0.606809,28288.0
605177.SH,20260422,2000,20.45,40900.0,20.44,0.00177645,0.109127,11258.4
605178.SH,20260422,555400,66.84,37122936.0,70.35,0.560557,16.6153,9908.0
605179.SH,20260422,41700,17.73,739341.0,17.76,0.010399,0.968835,40100.0
605180.SH,20260422,19800,14.99,296802.0,15.02,0.011716,1.47028,16900.0
605183.SH,20260422,9900,19.29,190971.0,19.29,0.00240041,0.700369,41242.9
605186.SH,20260422,4300,20.06,86258.0,19.96,0.00316176,0.278448,13600.0
605188.SH,20260422,163700,17.51,2866387.0,18.18,0.0325863,2.05765,50235.9
605189.SH,20260422,140900,18.11,2551699.0,18.25,0.0725998,1.03598,19407.8
605196.SH,20260422,6700,48.2,322940.0,48.37,0.00132683,0.0736266,50496.3
605198.SH,20260422,27800,45.8,1273240.0,45.17,0.0102759,0.661231,27053.6
605199.SH,20260422,10000,6.8,68000.0,6.8,0.00249932,0.432758,40010.9
605208.SH,20260422,85500,15.84,1354320.0,16.0,0.0259138,0.495599,32994.0
605218.SH,20260422,3100,18.49,57319.0,18.49,0.00145654,0.149647,21283.3
605222.SH,20260422,665600,31.0,20633600.0,32.5,0.1612,2.30555,41290.3
605228.SH,20260422,17000,14.92,253640.0,15.04,0.00356293,0.117149,47713.5
605255.SH,20260422,12000,115.9,1390800.0,115.78,0.00894988,0.412535,13408.0
605258.SH,20260422,12900,37.4,482460.0,37.77,0.0146591,0.315133,8800.0
605259.SH,20260422,3200,21.59,69088.0,21.62,0.00185529,0.138823,17248.0
605266.SH,20260422,1800,18.8,33840.0,18.81,0.00116472,0.143229,15454.3
605268.SH,20260422,9700,12.55,121735.0,12.64,0.00220179,0.135307,44055.0
605277.SH,20260422,9200,24.1,221720.0,24.1,0.00289186,0.145597,31813.5
605286.SH,20260422,12800,45.36,580608.0,45.55,0.00761905,0.321303,16800.0
605287.SH,20260422,57000,48.33,2754810.0,48.52,0.0407143,0.788881,14000.0
605288.SH,20260422,1900,84.5,160550.0,85.2,0.00270659,0.154898,7019.89
605289.SH,20260422,12800,125.86,1611008.0,126.32,0.0118149,0.223263,10833.8
605296.SH,20260422,12300,30.06,369738.0,30.36,0.00237459,0.377999,51798.4
605298.SH,20260422,84300,61.32,5169276.0,59.62,0.0452615,2.59246,18625.1
605299.SH,20260422,436000,20.98,9147280.0,21.04,0.106542,0.989386,40922.7
605300.SH,20260422,1300,10.94,14222.0,10.94,0.000286092,0.112855,45439.9
605303.SH,20260422,13200,22.29,294228.0,22.48,0.00818669,0.118838,16123.7
605305.SH,20260422,19100,46.5,888150.0,46.95,0.00898739,0.183254,21252.0
605318.SH,20260422,71300,88.5,6310050.0,90.85,0.0567093,2.17128,12572.9
605319.SH,20260422,19500,27.15,529425.0,27.05,0.00560101,0.143873,34815.2
605333.SH,20260422,2600,26.26,68276.0,26.28,0.000560296,0.150133,46404.0
605337.SH,20260422,2900,11.05,32045.0,11.09,0.000743395,0.103937,39010.2
605338.SH,20260422,30300,23.4,709020.0,23.52,0.0126478,0.907688,23956.7
605339.SH,20260422,1800,15.97,28746.0,15.98,0.000424238,0.21105,42429.1
605358.SH,20260422,69900,38.43,2686257.0,38.79,0.0104114,0.387232,67137.8
605365.SH,20260422,135600,28.2,3823920.0,27.65,0.0270113,0.787299,50201.3
605366.SH,20260422,100100,13.85,1386385.0,13.96,0.0128982,0.205378,77607.8
605368.SH,20260422,490100,7.85,3847285.0,8.32,0.0685804,14.5213,71463.6
605369.SH,20260422,100,17.78,1778.0,17.81,4.53529e-05,0.0124928,22049.3
605376.SH,20260422,48600,108.6,5277960.0,106.96,0.018578,0.511138,26160.0
605377.SH,20260422,14200,9.56,135752.0,9.58,0.00255088,0.235607,55667.0
605378.SH,20260422,3700,20.3,75110.0,20.4,0.00141575,0.191417,26134.6
605388.SH,20260422,2381200,7.94,18906728.0,7.95,0.396547,3.88435,60048.4
605389.SH,20260422,7300,80.61,588453.0,80.61,0.00535714,0.633439,13626.7
605398.SH,20260422,70000,27.8,1946000.0,26.97,0.0430196,3.59516,16271.6
605399.SH,20260422,14400,14.95,215280.0,14.98,0.00462239,0.358157,31152.7
605488.SH,20260422,20600,33.6,692160.0,33.75,0.00745818,0.333102,27620.7
605499.SH,20260422,21800,200.97,4381146.0,201.33,0.0041922,0.469869,52001.3
605500.SH,20260422,8500,9.21,78285.0,9.21,0.00205116,0.228334,41440.0
605507.SH,20260422,14500,24.01,348145.0,24.08,0.00259474,0.248383,55882.4
605555.SH,20260422,4400,16.11,70884.0,16.12,0.000908961,0.0837539,48406.9
605566.SH,20260422,10800,33.21,358668.0,33.25,0.0080996,0.418745,13334.0
605567.SH,20260422,16400,10.95,179580.0,11.0,0.0082,0.497398,20000.0
605577.SH,20260422,8100,12.59,101979.0,12.71,0.0018225,0.293908,44444.4
605580.SH,20260422,3500,22.4,78400.0,22.58,0.00125,0.0667152,28000.0
605588.SH,20260422,300,56.65,16995.0,57.0,0.000410399,0.0209889,7309.96
605589.SH,20260422,254400,36.6,9311040.0,36.68,0.0301565,0.671466,84360.0
605598.SH,20260422,92100,55.0,5065500.0,56.11,0.0378986,0.931038,24301.7
605599.SH,20260422,9300,22.95,213435.0,22.93,0.00119571,0.230918,77777.8
688001.SH,20260422,20483,43.84,897975.0,44.14,0.0046082,0.222,44449.0
688002.SH,20260422,36470,134.0,4886980.0,134.81,0.00783062,0.374251,46573.6
688003.SH,20260422,4000,70.6,282400.0,71.36,0.00205846,0.111825,19432.1
688004.SH,20260422,17200,22.55,387860.0,22.4,0.0214764,0.950738,8008.8
688005.SH,20260422,1037424,34.3,35583643.0,33.28,0.145172,3.68204,71461.9
688006.SH,20260422,43461,30.72,1335122.0,30.79,0.00719944,0.216612,60367.2
688007.SH,20260422,7867,14.52,114229.0,14.69,0.00171165,0.154848,45961.6
688008.SH,20260422,234870,158.41,37205757.0,158.4,0.0204871,0.527003,114643.0
688009.SH,20260422,124540,5.35,666289.0,5.36,0.00144461,0.389191,862102.0
688010.SH,20260422,5982,35.6,212959.0,35.82,0.00372567,0.112543,16056.2
688011.SH,20260422,861,68.3705,58867.0,69.04,0.000863916,0.0450337,9966.25
688012.SH,20260422,22384,308.88,6913970.0,308.88,0.00357048,0.189488,62691.8
688013.SH,20260422,2354,38.1198,89734.0,38.5,0.0029006,0.194203,8115.56
688015.SH,20260422,14700,22.99,337953.0,22.88,0.00779094,0.960554,18868.1
688016.SH,20260422,3500,99.61,348635.0,99.62,0.00283948,0.201041,12326.2
688017.SH,20260422,23409,210.9,4936958.0,213.32,0.0127688,0.418241,18333.0
688018.SH,20260422,20830,166.5,3468195.0,167.8,0.0132927,0.4261,15670.3
688019.SH,20260422,7444,245.0,1823780.0,245.41,0.00425385,0.217494,17499.4
688020.SH,20260422,153572,113.52,17433493.0,112.25,0.186399,3.74961,8238.9
688021.SH,20260422,2249,24.06,54111.0,23.95,0.00294319,0.12096,7641.37
688022.SH,20260422,11423,16.15,184481.0,16.17,0.00649483,0.278689,17587.8
688023.SH,20260422,4978,50.0,248900.0,50.2,0.00489073,0.226644,10178.4
688025.SH,20260422,35205,319.51,11248350.0,317.51,0.0370386,0.721755,9504.94
688026.SH,20260422,3585,16.1601,57934.0,16.34,0.00255488,0.229338,14032.0
688027.SH,20260422,8326,571.0,4754146.0,570.2,0.010359,0.248468,8037.44
688028.SH,20260422,22042,113.88,2510143.0,112.09,0.0146023,0.253547,15094.9
688029.SH,20260422,7553,71.7,541550.0,72.51,0.00402082,0.707571,18784.7
688030.SH,20260422,50674,15.7,795582.0,15.43,0.0281154,2.947,18023.6
688031.SH,20260422,5405,136.51,737837.0,136.66,0.00446193,0.0928354,12113.6
688032.SH,20260422,700,111.02,77714.0,111.03,0.000564182,0.0476138,12407.4
688033.SH,20260422,22954,8.18999,187993.0,8.21,0.0040829,0.205367,56219.9
688035.SH,20260422,52764,69.6,3672374.0,70.38,0.0370951,0.698433,14224.0
688036.SH,20260422,11128,52.11,579880.0,52.5,0.000966656,0.127537,115118.0
688037.SH,20260422,20778,176.4,3665239.0,176.8,0.0103052,0.365218,20162.7
688038.SH,20260422,4798,22.3699,107331.0,22.6,0.00412294,0.138303,11637.3
688039.SH,20260422,39814,41.8,1664225.0,42.88,0.0359977,2.19618,11060.1
688041.SH,20260422,55893,251.02,14030261.0,252.55,0.00240468,0.197208,232434.0
688045.SH,20260422,10292,52.41,539404.0,53.03,0.0145827,0.457609,7057.7
688046.SH,20260422,27451,19.11,524589.0,19.4,0.00669537,0.354689,41000.0
688047.SH,20260422,9869,139.57,1377416.0,139.77,0.0024611,0.138603,40100.0
688048.SH,20260422,236292,322.0,76086024.0,310.76,0.134044,1.5098,17628.0
688049.SH,20260422,8910,46.78,416810.0,46.81,0.00508656,0.203064,17516.8
688050.SH,20260422,0,,0.0,51.03,0.0,0.0,19340.3
688051.SH,20260422,4459,31.8601,142064.0,32.21,0.0057659,0.504889,7733.4
688052.SH,20260422,10574,169.15,1788592.0,170.2,0.00741887,0.313818,14252.8
688053.SH,20260422,2700,39.81,107487.0,39.81,0.0027,0.198508,10000.0
688055.SH,20260422,5000,4.22,21100.0,4.25,0.00015,0.0272244,333333.0
688056.SH,20260422,17403,36.0,626508.0,35.82,0.0258004,2.71563,6745.25
688057.SH,20260422,1800,12.31,22158.0,12.35,0.000652174,0.16746,27600.0
688058.SH,20260422,1000,28.97,28970.0,28.97,0.00131863,0.101728,7583.65
688059.SH,20260422,4319,123.02,531323.0,122.3,0.00461537,0.142354,9357.86
688060.SH,20260422,400,46.07,18428.0,46.28,0.000664554,0.113029,6019.07
688061.SH,20260422,983,33.5799,33009.0,33.79,0.000855606,0.0828709,11488.9
688062.SH,20260422,9346,37.07,346456.0,37.2,0.00457756,0.0889797,20417.0
688063.SH,20260422,42412,78.13,3313650.0,78.37,0.0172857,0.349814,24535.9
688065.SH,20260422,37814,48.0,1815072.0,48.18,0.0064819,0.982058,58337.8
688066.SH,20260422,51379,18.81,966439.0,19.02,0.0196645,0.306811,26127.8
688067.SH,20260422,7664,27.02,207081.0,27.15,0.0112706,0.747934,6800.0
688068.SH,20260422,600,114.84,68904.0,114.85,0.000647194,0.0220522,9270.79
688069.SH,20260422,41749,35.0,1461215.0,35.09,0.036946,2.2374,11300.0
688070.SH,20260422,2857,49.0102,140022.0,49.24,0.00326216,0.214272,8758.0
688071.SH,20260422,19794,33.13,655775.0,33.59,0.0233448,1.10834,8478.97
688072.SH,20260422,12355,388.49,4799794.0,388.46,0.00437047,0.270623,28269.3
688073.SH,20260422,0,,0.0,59.49,0.0,0.0,9088.29
688075.SH,20260422,0,,0.0,38.18,0.0,0.0,12708.3
688076.SH,20260422,1862,30.1101,56065.0,30.11,0.000589144,0.0874187,31605.2
688077.SH,20260422,5466,29.97,163816.0,30.15,0.0047747,0.258384,11447.9
688078.SH,20260422,0,,0.0,24.87,0.0,0.0,7289.3
688079.SH,20260422,50661,16.52,836920.0,16.73,0.0125304,0.359217,40430.5
688080.SH,20260422,181306,49.99,9063487.0,56.93,0.246152,11.4777,7365.61
688081.SH,20260422,14907,54.1,806469.0,54.0,0.0144672,0.452168,10304.0
688082.SH,20260422,4906,155.8,764355.0,155.8,0.00103288,0.138018,47498.1
688083.SH,20260422,12284,53.5,657194.0,53.4,0.00724095,0.338118,16964.6
688084.SH,20260422,2350,68.0,159800.0,68.48,0.00310604,0.0752833,7565.91
688085.SH,20260422,9857,17.04,167963.0,17.14,0.00309248,0.215774,31874.1
688087.SH,20260422,20261,39.6,802336.0,39.29,0.0108787,0.896762,18624.5
688088.SH,20260422,16029,40.65,651579.0,40.74,0.00399556,0.260881,40117.0
688089.SH,20260422,6938,19.39,134528.0,19.45,0.00412218,0.316486,16830.9
688090.SH,20260422,3158,72.74,229713.0,73.47,0.0025807,0.0637822,12237.0
688091.SH,20260422,1201,52.99,63641.0,53.1,0.000581025,0.0200047,20670.4
688092.SH,20260422,2600,29.3,76180.0,29.46,0.00314527,0.277734,8266.37
688093.SH,20260422,15424,32.47,500817.0,32.7,0.00550105,0.447836,28038.3
688095.SH,20260422,4748,76.1,361323.0,76.1,0.00519705,0.210527,9135.95
688096.SH,20260422,6837,8.10004,55380.0,8.12,0.00289649,0.0995148,23604.5
688097.SH,20260422,189231,63.67,12048338.0,66.52,0.042523,1.52184,44500.9
688098.SH,20260422,18188,8.62998,156962.0,8.72,0.00442914,0.322708,41064.4
688099.SH,20260422,20501,85.44,1751605.0,86.04,0.00486768,0.161499,42116.6
688100.SH,20260422,1812,37.6998,68312.0,37.9,0.000368529,0.0616161,49168.5
688101.SH,20260422,16526,16.13,266564.0,16.23,0.00497753,0.85939,33201.2
688102.SH,20260422,247275,40.63,10046783.0,41.49,0.0318,0.901117,77759.4
688103.SH,20260422,7331,57.71,423072.0,58.5,0.00769129,0.632578,9531.56
688105.SH,20260422,200,18.62,3724.0,18.69,5.02848e-05,0.0139996,39773.5
688106.SH,20260422,1044257,33.4,34878184.0,32.65,0.208079,2.05194,50185.7
688107.SH,20260422,11336,30.09,341100.0,30.11,0.00282799,0.152731,40084.9
688108.SH,20260422,558,21.1505,11802.0,21.2,0.000133508,0.00549009,41795.2
688109.SH,20260422,0,,0.0,118.01,0.0,0.0,7884.23
688110.SH,20260422,72142,115.32,8319415.0,116.28,0.0163125,0.545377,44225.0
688111.SH,20260422,26309,247.78,6518844.0,247.06,0.00567773,0.310271,46337.2
688112.SH,20260422,3900,52.61,205179.0,53.22,0.00244366,0.0898477,15959.7
688113.SH,20260422,7814,38.22,298651.0,38.4,0.012134,0.913291,6439.76
688114.SH,20260422,3540,47.6701,168752.0,47.67,0.000854382,0.100086,41433.5
688115.SH,20260422,1400,44.97,62958.0,45.18,0.00209989,0.107977,6667.0
688116.SH,20260422,51843,41.88,2171185.0,41.6,0.0141442,0.636996,36653.2
688117.SH,20260422,8607,36.8,316738.0,37.0,0.00546872,0.268078,15738.6
688118.SH,20260422,113104,30.72,3474555.0,28.87,0.121204,4.71551,9331.67
688119.SH,20260422,14515,5.22997,75913.0,5.25,0.00129022,0.0819058,112500.0
688120.SH,20260422,5424,190.5,1033272.0,190.19,0.00153371,0.110236,35365.2
688121.SH,20260422,24127,10.66,257194.0,10.65,0.0119048,0.859885,20266.7
688122.SH,20260422,23555,74.1,1745426.0,74.53,0.00362572,0.163871,64966.4
688123.SH,20260422,12618,118.99,1501416.0,119.14,0.0079724,0.125872,15827.1
688125.SH,20260422,2000,248.83,497660.0,247.58,0.00244829,0.234338,8168.97
688126.SH,20260422,152148,19.77,3007966.0,19.77,0.0055698,0.275766,273166.0
688127.SH,20260422,17589,71.06,1249874.0,71.46,0.00433336,0.205203,40589.8
688128.SH,20260422,3400,25.96,88264.0,26.02,0.000840544,0.1714,40450.0
688129.SH,20260422,8186,26.8201,219549.0,27.09,0.00679456,0.358424,12047.9
688130.SH,20260422,1200,21.31,25572.0,21.31,0.00199054,0.0929563,6028.51
688131.SH,20260422,8493,76.03,645723.0,76.8,0.00400417,0.25998,21210.4
688132.SH,20260422,21940,17.37,381098.0,17.11,0.0144129,1.75722,15222.5
688133.SH,20260422,10335,22.51,232641.0,22.51,0.00628508,0.243924,16443.7
688135.SH,20260422,63285,34.95,2211811.0,35.42,0.0271488,0.262479,23310.4
688136.SH,20260422,33111,30.18,999290.0,30.06,0.0164521,0.624558,20125.7
688137.SH,20260422,884,49.5396,43793.0,49.54,0.0012597,0.062581,7017.54
688138.SH,20260422,2500,28.54,71350.0,28.54,0.000794155,0.115781,31480.0
688139.SH,20260422,5123,32.92,168649.0,33.15,0.00161868,0.111571,31649.3
688141.SH,20260422,12876,65.3,840803.0,65.33,0.00285929,0.106406,45032.2
688143.SH,20260422,19745,67.77,1338119.0,68.45,0.0161349,0.171997,12237.4
688146.SH,20260422,214878,69.3,14891045.0,69.3,0.148222,1.10381,14497.1
688147.SH,20260422,17476,67.54,1180329.0,68.03,0.00378959,0.227977,46115.9
688148.SH,20260422,96734,9.46,915104.0,9.55,0.018961,0.241599,51017.3
688150.SH,20260422,54100,54.88,2969008.0,55.0,0.0134431,0.462563,40243.8
688151.SH,20260422,5200,21.32,110864.0,21.32,0.00150943,0.257889,34450.0
688152.SH,20260422,2718,34.5,93771.0,34.55,0.00264319,0.265504,10283.0
688153.SH,20260422,66301,33.98,2252908.0,34.51,0.016201,1.58106,40924.0
688155.SH,20260422,16201,90.6,1467811.0,90.88,0.0128136,0.336578,12643.6
688156.SH,20260422,9001,26.64,239787.0,26.64,0.00893717,0.157567,10071.4
688157.SH,20260422,16798,39.61,665369.0,40.0,0.0107383,0.47981,15643.1
688158.SH,20260422,229028,46.76,10709349.0,46.8,0.056484,0.481974,40547.4
688159.SH,20260422,18751,44.73,838732.0,44.7,0.0202213,0.341261,9272.88
688160.SH,20260422,6438,107.44,691699.0,108.04,0.00708779,0.306534,9083.22
688161.SH,20260422,0,,0.0,29.94,0.0,0.0,40000.0
688162.SH,20260422,6638,35.23,233857.0,35.58,0.00484169,0.217913,13710.1
688163.SH,20260422,39251,39.77,1561012.0,39.79,0.0362696,0.952563,10822.0
688165.SH,20260422,3700,17.06,63122.0,17.06,0.000709111,0.0714287,52178.0
688166.SH,20260422,77828,56.66,4409734.0,57.2,0.0183945,0.398634,42310.4
688167.SH,20260422,16876,368.0,6210368.0,375.6,0.0187804,0.275987,8985.95
688168.SH,20260422,10143,81.98,831523.0,81.4,0.0131412,0.475593,7718.5
688169.SH,20260422,7260,117.7,854502.0,118.55,0.00280194,0.106371,25910.6
688170.SH,20260422,32386,60.36,1954819.0,60.46,0.0313332,0.418984,10336.0
688171.SH,20260422,10352,53.05,549174.0,53.39,0.0123571,0.314701,8377.34
688172.SH,20260422,16401,38.88,637671.0,39.22,0.00210761,0.116011,77818.1
688173.SH,20260422,14147,14.61,206688.0,14.75,0.00344839,0.252577,41024.9
688175.SH,20260422,500,35.82,17910.0,35.45,0.000386647,0.0238611,12931.7
688176.SH,20260422,33867,13.08,442980.0,13.17,0.00777326,0.216429,43568.6
688177.SH,20260422,6061,22.2901,135100.0,22.4,0.00146373,0.127939,41408.0
688178.SH,20260422,7476,33.3,248951.0,33.92,0.00879552,0.25712,8499.78
688179.SH,20260422,79271,18.76,1487124.0,18.94,0.0227785,0.62645,34800.8
688180.SH,20260422,64523,42.02,2711256.0,42.32,0.00841904,0.222228,76639.4
688181.SH,20260422,11690,33.52,391849.0,33.47,0.00869264,0.33352,13448.2
688182.SH,20260422,10957,31.03,339996.0,31.21,0.00273925,0.14499,40000.0
688183.SH,20260422,57842,113.0,6536146.0,112.95,0.00695366,0.264576,83182.1
688184.SH,20260422,1200,10.35,12420.0,10.45,0.00119418,0.236826,10048.8
688185.SH,20260422,3711,68.26,253313.0,68.26,0.00324465,0.178145,11437.3
688186.SH,20260422,794390,20.11,15975183.0,24.01,0.283216,7.84296,28048.9
688187.SH,20260422,36936,52.15,1926212.0,52.14,0.00425086,0.814879,86890.8
688188.SH,20260422,3040,141.3,429552.0,140.9,0.00105289,0.198738,28873.0
688189.SH,20260422,42647,7.38,314735.0,7.43,0.0155419,0.742873,27440.0
688190.SH,20260422,0,,0.0,86.12,0.0,0.0,12000.0
688191.SH,20260422,7100,41.55,295005.0,41.55,0.00306496,0.132737,23165.0
688192.SH,20260422,2204,55.7101,122785.0,55.72,0.000477869,0.0504486,46121.4
688193.SH,20260422,7253,54.9,398190.0,55.2,0.0181009,1.16463,4006.99
688195.SH,20260422,82378,378.07,31144650.0,378.1,0.0636861,0.926526,12935.0
688196.SH,20260422,3357,58.7399,197190.0,58.74,0.0027975,0.206447,12000.0
688197.SH,20260422,10250,39.14,401185.0,39.46,0.0160144,0.445149,6400.49
688198.SH,20260422,4200,100.67,422814.0,101.64,0.00304904,0.666912,13774.8
688199.SH,20260422,8186,28.24,231173.0,28.39,0.00507731,0.205118,16122.7
688200.SH,20260422,2052,294.21,603719.0,294.2,0.00151402,0.0814646,13553.3
688201.SH,20260422,29464,11.75,346202.0,11.86,0.00973918,0.252979,30253.1
688202.SH,20260422,2700,70.01,189027.0,70.3,0.00200964,0.0639583,13435.2
688203.SH,20260422,1400,12.5,17500.0,12.54,0.000690751,0.0640955,20267.8
688205.SH,20260422,52712,253.0,13336136.0,258.51,0.0333019,0.391586,15828.5
688206.SH,20260422,9521,33.29,316954.0,33.41,0.00218784,0.235494,43517.8
688207.SH,20260422,32569,14.28,465085.0,14.3,0.0125762,0.924712,25897.3
688208.SH,20260422,12562,34.32,431128.0,34.52,0.00187441,0.118932,67018.4
688209.SH,20260422,129841,22.05,2862994.0,22.28,0.0299322,1.88514,43378.4
688210.SH,20260422,7400,48.02,355348.0,47.99,0.00457189,0.226578,16185.9
688211.SH,20260422,4400,32.6,143440.0,32.66,0.0033564,1.205,13109.3
688212.SH,20260422,3300,36.71,121143.0,36.91,0.00245052,0.148232,13466.5
688213.SH,20260422,16068,91.9,1476649.0,92.45,0.00496678,0.205204,32350.9
688215.SH,20260422,0,,0.0,77.55,0.0,0.0,6242.33
688216.SH,20260422,1755,28.6399,50263.0,28.72,0.00164893,0.0911691,10643.3
688217.SH,20260422,702,28.4003,19937.0,28.37,0.00125681,0.0834808,5585.59
688218.SH,20260422,35513,28.7,1019223.0,28.84,0.0304897,0.474745,11647.5
688219.SH,20260422,13763,10.97,150980.0,11.04,0.00250418,0.279658,54960.0
688220.SH,20260422,24762,90.04,2229570.0,91.0,0.00670804,0.150358,36913.9
688221.SH,20260422,84970,18.99,1613580.0,18.79,0.0226842,0.678141,37457.9
688222.SH,20260422,35643,26.24,935272.0,26.08,0.00889563,0.202183,40068.0
688223.SH,20260422,767343,6.81,5225606.0,6.87,0.00747213,0.453232,1026940.0
688225.SH,20260422,6728,16.8801,113569.0,16.97,0.00168196,0.219289,40001.0
688226.SH,20260422,43114,56.46,2434216.0,56.56,0.0228388,0.308809,18877.6
688227.SH,20260422,96221,106.29,10227330.0,105.78,0.0851097,0.836969,11305.5
688228.SH,20260422,4100,107.88,442308.0,108.0,0.00606951,0.211554,6755.08
688229.SH,20260422,2077,86.5599,179785.0,86.35,0.00467793,0.0941339,4440.0
688230.SH,20260422,0,,0.0,65.18,0.0,0.0,11760.0
688231.SH,20260422,5400,34.26,185004.0,34.26,0.0021875,0.143343,24685.7
688232.SH,20260422,5716,22.0299,125923.0,22.19,0.00177525,0.296496,32198.2
688233.SH,20260422,19730,78.97,1558078.0,79.33,0.011585,0.331482,17030.6
688234.SH,20260422,24903,97.12,2418579.0,96.54,0.00579529,0.215024,42971.1
688235.SH,20260422,11022,239.01,2634368.0,240.1,0.00957974,0.265803,11505.5
688236.SH,20260422,3623,20.2001,73185.0,20.33,0.00125612,0.205457,28842.8
688237.SH,20260422,1600,54.73,87568.0,54.99,0.00178408,0.0914327,8968.2
688238.SH,20260422,20333,6.85,139281.0,6.88,0.00317135,0.202525,64114.6
688239.SH,20260422,11028,60.98,672487.0,61.6,0.00578498,0.222295,19063.2
688244.SH,20260422,3434,19.2501,66105.0,19.25,0.00227475,0.207799,15096.2
688246.SH,20260422,7851,18.9499,148776.0,18.86,0.00570627,0.300688,13758.6
688247.SH,20260422,95381,9.22,879413.0,9.28,0.0210396,4.16107,45334.0
688248.SH,20260422,7649,56.8,434463.0,57.43,0.00135452,0.101891,56470.0
688249.SH,20260422,17093,29.98,512448.0,30.11,0.00143854,0.0734013,118822.0
688251.SH,20260422,782,33.5,26197.0,33.92,0.000782757,0.0218284,9990.33
688252.SH,20260422,7389,21.1,155908.0,21.24,0.00180651,0.215138,40902.1
688253.SH,20260422,2329,44.6801,104060.0,44.68,0.00170019,0.0602932,13698.4
688255.SH,20260422,3639,29.46,107205.0,29.54,0.00331243,0.134613,10985.9
688256.SH,20260422,28702,1317.99,37828949.0,1330.0,0.0068065,0.332695,42168.5
688257.SH,20260422,25800,75.81,1955898.0,76.64,0.0102215,0.238822,25240.8
688258.SH,20260422,79140,124.99,9891709.0,118.93,0.0653282,1.65012,12114.2
688259.SH,20260422,2584,37.2101,96151.0,37.21,0.00231334,0.145748,11170.0
688260.SH,20260422,2758,29.1001,80258.0,29.1,0.00229833,0.0668722,12000.0
688261.SH,20260422,2700,74.63,201501.0,75.11,0.00221136,0.0809986,12209.7
688262.SH,20260422,8285,35.38,293123.0,35.48,0.00246577,0.0798493,33600.0
688265.SH,20260422,3200,42.28,135296.0,42.66,0.00410448,0.548469,7796.35
688266.SH,20260422,4547,98.79,449198.0,98.17,0.00171774,0.147139,26470.8
688267.SH,20260422,152937,30.0,4588110.0,31.58,0.0867974,6.64241,17620.0
688268.SH,20260422,427332,125.03,53429320.0,119.04,0.356361,3.65717,11991.5
688269.SH,20260422,1700,39.77,67609.0,39.82,0.00130065,0.125392,13070.4
688270.SH,20260422,306802,145.7,44701051.0,147.76,0.143331,1.26633,21405.2
688271.SH,20260422,9337,116.03,1083372.0,116.88,0.00113291,0.191772,82415.8
688272.SH,20260422,70393,44.22,3112778.0,44.36,0.0926224,1.4709,7600.0
688273.SH,20260422,10693,48.86,522460.0,48.07,0.010693,0.362113,10000.0
688275.SH,20260422,50758,135.8,6892936.0,138.63,0.0402463,1.0406,12611.8
688276.SH,20260422,44247,17.89,791579.0,18.1,0.0106965,2.23686,41365.8
688277.SH,20260422,32749,20.59,674302.0,20.56,0.00718192,0.407133,45599.2
688278.SH,20260422,12040,63.31,762252.0,63.16,0.00294961,0.543438,40818.9
688279.SH,20260422,600,176.3,105780.0,179.2,0.000641313,0.036804,9355.81
688280.SH,20260422,66622,11.11,740170.0,11.19,0.0127985,0.274911,52054.4
688281.SH,20260422,2500,77.5,193750.0,76.68,0.000917193,0.102077,27257.1
688282.SH,20260422,18423,91.64,1688284.0,95.46,0.0209352,0.759631,8800.0
688283.SH,20260422,14164,44.1,624632.0,45.07,0.0116289,0.606288,12180.0
688285.SH,20260422,4170,8.75995,36529.0,8.83,0.00110819,0.125432,37629.0
688286.SH,20260422,1357,69.7598,94664.0,70.39,0.00242063,0.106696,5605.98
688288.SH,20260422,6133,25.09,153877.0,25.09,0.00614445,0.226439,9981.37
688289.SH,20260422,4400,17.86,78584.0,17.86,0.000759422,0.140491,57938.8
688290.SH,20260422,800,54.46,43568.0,54.59,0.000782858,0.0656294,10219.0
688291.SH,20260422,2731,43.5002,118799.0,43.28,0.00266006,0.109199,10266.7
688292.SH,20260422,7202,23.36,168239.0,23.46,0.00454819,0.23241,15834.9
688293.SH,20260422,5263,52.5801,276729.0,52.73,0.00462396,0.250739,11382.0
688295.SH,20260422,168381,60.0,10102860.0,60.0,0.018709,0.70769,90000.0
688296.SH,20260422,14328,13.91,199302.0,14.06,0.0133416,0.930203,10739.3
688297.SH,20260422,19017,48.7,926128.0,49.0,0.00281733,0.202751,67500.0
688298.SH,20260422,1483,22.3001,33071.0,22.34,0.000735615,0.143142,20160.0
688299.SH,20260422,2148,17.6899,37998.0,17.69,0.000747409,0.0377245,28739.3
688300.SH,20260422,32822,94.57,3103977.0,94.66,0.0135926,0.580341,24146.9
688301.SH,20260422,2887,116.6,336624.0,116.61,0.00136534,0.106355,21144.9
688302.SH,20260422,4035,44.0099,177580.0,44.29,0.00407512,0.219214,9901.56
688303.SH,20260422,227190,22.9,5202651.0,23.22,0.0105906,1.20202,214521.0
688305.SH,20260422,5307,59.0,313113.0,59.53,0.00401395,0.311421,13221.4
688306.SH,20260422,22868,9.48999,217017.0,9.48,0.00186179,0.239969,122828.0
688307.SH,20260422,72384,93.33,6755599.0,92.22,0.0815374,0.981264,8877.4
688308.SH,20260422,86667,95.9,8311365.0,95.89,0.0545825,0.555756,15878.2
688309.SH,20260422,46680,79.95,3732066.0,78.27,0.05879,1.59952,7940.13
688310.SH,20260422,19539,16.18,316141.0,16.27,0.0118905,1.19922,16432.5
688311.SH,20260422,19345,40.0,773800.0,39.79,0.0111311,0.438854,17379.2
688312.SH,20260422,20684,66.9,1383760.0,66.95,0.0141894,0.236438,14577.1
688313.SH,20260422,386049,138.91,53626067.0,136.35,0.0854117,0.846804,45198.6
688314.SH,20260422,6709,47.5101,318745.0,47.51,0.00825833,0.251606,8123.92
688315.SH,20260422,400,14.19,5676.0,14.18,9.61076e-05,0.0119919,41620.0
688316.SH,20260422,9021,73.2,660337.0,73.2,0.0188337,0.218769,4789.81
688317.SH,20260422,242,20.2521,4901.0,20.33,0.000125938,0.00954815,19215.8
688318.SH,20260422,10676,113.34,1210018.0,114.05,0.00416837,0.365049,25611.9
688319.SH,20260422,28727,29.65,851756.0,29.82,0.00708593,0.311856,40540.9
688320.SH,20260422,383,30.8198,11804.0,30.96,0.000253619,0.0214391,15101.4
688321.SH,20260422,8559,29.93,256171.0,30.13,0.00209878,0.0822177,40780.8
688322.SH,20260422,14240,81.91,1166398.0,82.3,0.00446848,0.208391,31867.6
688323.SH,20260422,17274,21.75,375710.0,21.95,0.00959657,0.290833,18000.2
688325.SH,20260422,1180,121.67,143571.0,121.1,0.00144492,0.0855941,8166.55
688326.SH,20260422,3231,118.62,383261.0,118.95,0.00289455,0.207637,11162.4
688327.SH,20260422,64288,12.92,830601.0,12.93,0.00771356,0.3114,83344.1
688328.SH,20260422,49901,42.0,2095842.0,41.74,0.0528297,0.85054,9445.63
688329.SH,20260422,30505,22.26,679041.0,22.27,0.0395142,1.33193,7720.0
688330.SH,20260422,2400,50.02,120048.0,50.32,0.00171429,0.0947729,14000.0
688331.SH,20260422,19446,141.71,2755693.0,142.3,0.0119233,0.193956,16309.3
688332.SH,20260422,3011,127.15,382849.0,127.78,0.00249672,0.158422,12059.8
688333.SH,20260422,35624,86.09,3066870.0,86.61,0.0129862,0.278527,27432.2
688334.SH,20260422,2100,21.72,45612.0,21.7,0.00133839,0.0549166,15690.5
688335.SH,20260422,0,,0.0,32.26,0.0,0.0,14803.5
688336.SH,20260422,16405,82.5,1353413.0,83.27,0.00265976,0.165694,61678.6
688337.SH,20260422,64162,62.89,4035148.0,64.03,0.0345111,0.696569,18591.7
688338.SH,20260422,0,,0.0,30.0,0.0,0.0,10614.2
688339.SH,20260422,29154,25.35,739054.0,25.4,0.0148907,0.704539,19578.7
688343.SH,20260422,16742,91.55,1532730.0,91.72,0.00465568,0.12149,35960.3
688345.SH,20260422,24905,54.24,1350847.0,54.6,0.024905,0.671516,10000.0
688347.SH,20260422,30034,127.08,3816721.0,128.56,0.00736579,0.184506,40775.0
688348.SH,20260422,18814,52.53,988299.0,53.11,0.0120388,0.862258,15627.7
688349.SH,20260422,16720,24.6,411312.0,24.77,0.00140565,0.295611,118948.0
688350.SH,20260422,1150,28.4104,32672.0,28.26,0.000802822,0.0500075,14324.5
688351.SH,20260422,3976,24.0601,95663.0,24.21,0.000844879,0.0804921,47060.0
688352.SH,20260422,71095,11.85,842476.0,11.91,0.0194312,0.488401,36588.1
688353.SH,20260422,69241,126.5,8758987.0,128.3,0.0434113,0.944804,15950.0
688355.SH,20260422,5712,24.2799,138687.0,24.4,0.00460808,0.195721,12395.6
688356.SH,20260422,2316,109.99,254737.0,108.59,0.00381859,0.1944,6065.07
688357.SH,20260422,3123,36.8601,115114.0,36.52,0.00312113,0.25994,10006.0
688358.SH,20260422,0,,0.0,29.03,0.0,0.0,11197.6
688359.SH,20260422,31730,95.9,3042907.0,95.61,0.0321329,0.517931,9874.61
688360.SH,20260422,3800,18.65,70870.0,18.45,0.00150623,0.129348,25228.6
688361.SH,20260422,14921,160.15,2389598.0,160.8,0.00538932,0.247141,27686.2
688362.SH,20260422,60127,44.88,2698500.0,44.68,0.0146476,0.379837,41049.1
688363.SH,20260422,7089,42.52,301424.0,42.63,0.00147173,0.277258,48167.8
688365.SH,20260422,26468,19.38,512950.0,19.45,0.0062157,0.159671,42582.5
688366.SH,20260422,600,38.88,23328.0,38.87,0.000309196,0.176022,19405.2
688367.SH,20260422,16864,39.83,671693.0,40.2,0.0192457,0.445954,8762.46
688368.SH,20260422,42565,153.55,6535856.0,156.36,0.0480958,1.22357,8850.05
688369.SH,20260422,22514,24.95,561724.0,25.03,0.0195403,0.450272,11521.8
688370.SH,20260422,2000,24.97,49940.0,24.99,0.00145871,0.230073,13710.8
688371.SH,20260422,24388,21.35,520684.0,21.24,0.00726975,1.29149,33547.2
688372.SH,20260422,26597,153.12,4072533.0,154.27,0.0158538,0.347259,16776.5
688373.SH,20260422,17579,5.97998,105122.0,6.03,0.00290256,0.132779,60563.8
688375.SH,20260422,33272,134.72,4482404.0,137.47,0.00558241,0.378465,59601.5
688376.SH,20260422,6300,71.33,449379.0,71.67,0.00465797,0.255718,13525.2
688377.SH,20260422,200,39.72,7944.0,40.04,0.000102752,0.0103549,19464.3
688378.SH,20260422,84166,39.26,3304357.0,38.98,0.0349294,1.83089,24096.1
688379.SH,20260422,20014,58.67,1174221.0,59.12,0.0222167,0.385393,9008.55
688380.SH,20260422,21062,46.3,975171.0,46.42,0.0052607,0.281133,40036.5
688381.SH,20260422,6419,24.8099,159255.0,24.98,0.00259354,0.092233,24750.0
688382.SH,20260422,8080,21.24,171619.0,21.34,0.00139708,0.0402593,57834.8
688383.SH,20260422,5921,100.4,594468.0,102.11,0.00582509,0.348728,10164.7
688385.SH,20260422,23792,76.06,1809620.0,76.52,0.00441091,0.194027,53938.9
688386.SH,20260422,3847,78.7499,302951.0,78.72,0.00422747,0.275318,9100.0
688387.SH,20260422,482041,17.52,8445358.0,17.73,0.0239016,0.441984,201678.0
688388.SH,20260422,115408,50.7,5851186.0,50.94,0.0253269,0.36527,45567.4
688389.SH,20260422,1363,12.6001,17174.0,12.65,0.000318097,0.0602134,42848.6
688390.SH,20260422,4627,87.8001,406251.0,88.44,0.00190363,0.0606092,24306.2
688391.SH,20260422,0,,0.0,29.9,0.0,0.0,11518.2
688392.SH,20260422,14131,138.0,1950078.0,139.66,0.01221,0.635786,11573.3
688393.SH,20260422,3507,23.5301,82520.0,23.41,0.00374809,0.33012,9356.77
688395.SH,20260422,2561,26.9699,69070.0,26.85,0.00295735,0.306059,8659.77
688396.SH,20260422,32495,51.33,1667968.0,51.59,0.00244652,0.154359,132821.0
688398.SH,20260422,18176,29.08,528558.0,29.16,0.010831,0.662491,16781.4
688399.SH,20260422,1466,60.06,88048.0,60.46,0.00174791,0.0726528,8387.17
688400.SH,20260422,49958,48.8,2437950.0,49.16,0.0108374,0.366802,46097.7
688401.SH,20260422,11290,58.4,659336.0,58.35,0.00583919,0.245009,19334.9
688403.SH,20260422,137393,16.36,2247749.0,16.5,0.0147559,0.2292,93110.3
688408.SH,20260422,8822,41.54,366466.0,41.79,0.0040271,0.142301,21906.6
688409.SH,20260422,4700,99.0,465300.0,100.18,0.00153489,0.103735,30621.1
688410.SH,20260422,7752,15.77,122249.0,15.83,0.00242553,0.242827,31960.1
688411.SH,20260422,5899,228.63,1348688.0,230.28,0.00444958,0.149299,13257.4
688416.SH,20260422,19991,100.0,1999100.0,99.61,0.0240839,0.319354,8300.57
688418.SH,20260422,76307,50.06,3819928.0,51.0,0.0396288,0.733424,19255.5
688419.SH,20260422,9640,48.35,466094.0,48.07,0.0161991,0.462394,5950.95
688420.SH,20260422,14100,24.62,347142.0,24.85,0.0337814,1.54288,4173.9
688425.SH,20260422,77218,4.87,376052.0,4.87,0.00144779,0.396425,533350.0
688426.SH,20260422,6995,19.8801,139061.0,19.96,0.0182031,0.573598,3842.76
688428.SH,20260422,8775,29.52,259038.0,29.68,0.00326986,0.0689194,26836.0
688429.SH,20260422,2970,14.5801,43303.0,14.62,0.00247857,0.060146,11982.7
688432.SH,20260422,44216,15.25,674294.0,15.46,0.00353643,0.357184,125030.0
688433.SH,20260422,6842,83.4201,570760.0,84.25,0.00164638,0.124037,41557.8
688435.SH,20260422,6747,40.3,271904.0,40.24,0.0120379,0.268266,5604.81
688439.SH,20260422,662,51.3293,33980.0,51.35,0.000331,0.0303629,20000.0
688443.SH,20260422,6666,30.1001,200647.0,30.4,0.00571306,0.11521,11668.0
688448.SH,20260422,800,63.36,50688.0,64.0,0.0011165,0.0489434,7165.23
688449.SH,20260422,23509,47.18,1109155.0,47.48,0.00801796,0.305936,29320.4
688450.SH,20260422,7407,46.5001,344426.0,46.87,0.0151377,0.311166,4893.07
688455.SH,20260422,7098,28.35,201228.0,28.35,0.00422423,0.187624,16803.1
688456.SH,20260422,23144,57.75,1336566.0,58.45,0.0223268,0.79604,10366.0
688458.SH,20260422,3243,36.42,118110.0,36.41,0.00381222,0.222786,8506.85
688459.SH,20260422,1083,9.44968,10234.0,9.49,0.000225625,0.08742,48000.0
688466.SH,20260422,24986,17.3,432258.0,17.3,0.0204545,1.75664,12215.4
688468.SH,20260422,1685,7.27003,12250.0,7.27,0.000420086,0.0636629,40110.8
688469.SH,20260422,296758,6.6,1958603.0,6.58,0.00669913,0.342002,442980.0
688472.SH,20260422,206453,13.25,2735502.0,13.34,0.0153194,0.520976,134765.0
688475.SH,20260422,4329,29.7801,128918.0,29.93,0.000549714,0.0685883,78750.0
688478.SH,20260422,33529,40.99,1374354.0,40.98,0.0324235,0.425844,10340.9
688479.SH,20260422,56527,36.0,2034972.0,36.68,0.0907082,1.56357,6231.74
688480.SH,20260422,19539,99.7,1948038.0,100.08,0.020497,0.413909,9532.62
688484.SH,20260422,20658,36.36,751125.0,36.63,0.00483044,0.410855,42766.3
688485.SH,20260422,54352,44.8,2434970.0,45.68,0.0612362,0.413096,8875.8
688486.SH,20260422,5275,71.5801,377585.0,71.78,0.00395666,0.159071,13332.0
688488.SH,20260422,48097,17.77,854684.0,17.76,0.0114304,0.29408,42078.3
688489.SH,20260422,2450,39.9102,97780.0,39.48,0.00214291,0.472698,11433.1
688496.SH,20260422,23747,5.50002,130609.0,5.58,0.00998001,0.333618,23794.6
688498.SH,20260422,22976,1374.21,31573849.0,1398.9,0.027082,0.739281,8483.86
688499.SH,20260422,13700,55.0,753500.0,55.63,0.00811955,0.21295,16872.9
688500.SH,20260422,1505,50.3302,75747.0,50.7,0.00205276,0.0591491,7331.59
688501.SH,20260422,800,26.38,21104.0,26.38,0.000643988,0.0343725,12422.6
688502.SH,20260422,36558,475.21,17372727.0,481.38,0.0692386,1.35307,5280.0
688503.SH,20260422,40079,96.9,3883655.0,97.83,0.0199478,0.397128,20092.0
688505.SH,20260422,0,,0.0,7.76,0.0,0.0,71057.2
688506.SH,20260422,3947,295.0,1164365.0,296.0,0.000955982,0.185617,41287.4
688507.SH,20260422,3800,95.0,361000.0,95.6,0.00771797,0.168575,4923.57
688508.SH,20260422,24538,67.0,1644046.0,67.59,0.018687,0.313467,13131.0
688509.SH,20260422,15889,4.54,72136.0,4.53,0.00412924,0.266465,38479.2
688510.SH,20260422,4476,32.55,145694.0,32.72,0.00172471,0.0470517,25952.3
688511.SH,20260422,194856,23.52,4583013.0,23.92,0.145765,4.53357,13367.8
688512.SH,20260422,7570,12.53,94852.0,12.67,0.00233231,0.0779941,32457.0
688513.SH,20260422,18933,64.81,1227048.0,65.71,0.010725,0.535362,17653.2
688515.SH,20260422,5942,129.03,766696.0,127.0,0.0119271,0.312358,4981.94
688516.SH,20260422,34551,78.2,2701888.0,79.3,0.0109769,0.245699,31476.0
688517.SH,20260422,7109,22.31,158602.0,22.52,0.00520374,0.139108,13661.3
688518.SH,20260422,71846,29.11,2091437.0,29.13,0.0210491,0.388099,34132.5
688519.SH,20260422,28027,150.35,4213859.0,152.61,0.011938,0.331482,23477.1
688520.SH,20260422,10905,43.08,469787.0,43.48,0.00244871,0.220286,44533.6
688521.SH,20260422,303253,231.15,70096931.0,233.06,0.057662,0.958105,52591.5
688522.SH,20260422,9947,35.14,349538.0,35.04,0.00808062,0.188572,12309.7
688523.SH,20260422,68058,70.0,4764060.0,72.9,0.0705148,0.583066,9651.59
688525.SH,20260422,136362,274.65,37451823.0,275.96,0.0289616,0.341352,47083.7
688526.SH,20260422,5751,15.04,86495.0,15.05,0.00123378,0.312021,46612.8
688528.SH,20260422,16201,11.2,181451.0,11.09,0.00964345,0.796615,16800.0
688529.SH,20260422,11593,18.4,213311.0,18.48,0.00689338,0.796994,16817.6
688530.SH,20260422,113655,35.34,4016568.0,34.99,0.167687,0.796448,6777.82
688533.SH,20260422,2500,26.65,66625.0,26.65,0.00151527,0.234236,16498.7
688535.SH,20260422,9947,124.75,1240888.0,126.1,0.0123264,0.351071,8069.65
688536.SH,20260422,6874,198.27,1362908.0,199.31,0.00506749,0.136999,13564.9
688538.SH,20260422,72136,2.25999,163027.0,2.26,0.00125405,0.146203,575224.0
688539.SH,20260422,41793,43.45,1815906.0,43.69,0.022479,0.697377,18592.0
688543.SH,20260422,21666,70.74,1532653.0,71.4,0.0186837,0.374024,11596.2
688545.SH,20260422,8530,53.0,452090.0,53.01,0.00468038,0.148465,18225.0
688548.SH,20260422,487354,30.0,14620620.0,29.5,0.0705075,1.49636,69120.9
688549.SH,20260422,148087,9.48,1403865.0,9.54,0.0251285,0.782873,58931.9
688550.SH,20260422,14630,41.7,610071.0,41.94,0.00841557,0.528631,17384.4
688551.SH,20260422,9121,45.84,418107.0,45.93,0.0108492,0.369088,8407.07
688552.SH,20260422,221212,46.31,10244328.0,47.92,0.254772,2.38102,8682.75
688553.SH,20260422,4000,18.84,75360.0,19.0,0.00116435,0.0325002,34354.0
688556.SH,20260422,189781,14.13,2681606.0,14.38,0.0228439,0.429502,83077.4
688557.SH,20260422,10669,32.85,350477.0,32.85,0.0103906,0.788771,10268.0
688558.SH,20260422,18600,31.49,585714.0,31.5,0.0140909,1.04002,13200.0
688559.SH,20260422,18086,58.82,1063819.0,59.0,0.00729983,0.246042,24775.9
688560.SH,20260422,86730,16.7,1448391.0,16.9,0.0430845,0.571415,20130.2
688561.SH,20260422,22907,30.24,692708.0,30.24,0.00335755,0.499043,68225.3
688562.SH,20260422,2200,19.93,43846.0,20.06,0.00127153,0.0482859,17302.0
688563.SH,20260422,11700,60.27,705159.0,60.27,0.0100009,0.332629,11698.9
688565.SH,20260422,14244,12.58,179190.0,12.72,0.00951312,0.527397,14973.0
688566.SH,20260422,33631,31.0,1042561.0,31.15,0.0168635,1.03639,19943.1
688567.SH,20260422,88267,14.0,1235738.0,13.88,0.00722254,0.598404,122210.0
688568.SH,20260422,62387,64.16,4002750.0,64.65,0.00772041,0.380478,80807.9
688569.SH,20260422,1200,21.45,25740.0,21.57,0.00056962,0.0776414,21066.7
688570.SH,20260422,18612,18.0,335016.0,17.79,0.00988948,3.7408,18820.0
688571.SH,20260422,24414,8.25002,201416.0,8.27,0.0057557,0.499575,42417.1
688573.SH,20260422,52990,22.3,1181677.0,21.94,0.0995749,1.14218,5321.62
688575.SH,20260422,200,14.24,2848.0,14.24,3.50025e-05,0.00403061,57138.8
688576.SH,20260422,0,,0.0,70.37,0.0,0.0,2179.22
688577.SH,20260422,2076,69.21,143680.0,69.2,0.00186557,0.220304,11128.0
688578.SH,20260422,32914,95.3,3136704.0,95.72,0.00731422,0.635865,45000.0
688579.SH,20260422,2460,11.0699,27232.0,11.19,0.000614985,0.0305252,40001.0
688580.SH,20260422,7325,61.28,448876.0,60.96,0.00764843,0.362063,9577.13
688581.SH,20260422,600,56.11,33666.0,56.11,0.00144371,0.257684,4155.97
688582.SH,20260422,14583,61.93,903125.0,62.11,0.00582809,0.27912,25021.9
688583.SH,20260422,3490,117.1,408679.0,117.81,0.0113299,0.164447,3080.34
688584.SH,20260422,25949,20.68,536625.0,20.52,0.00755869,0.714395,34330.0
688585.SH,20260422,4586,125.52,575635.0,126.08,0.00113694,0.10021,40336.2
688586.SH,20260422,5910,14.18,83804.0,14.14,0.000746835,0.0805489,79133.9
688588.SH,20260422,2263,12.0601,27292.0,12.04,0.000565736,0.0732331,40001.0
688589.SH,20260422,400,22.22,8888.0,22.28,0.000275238,0.0149839,14532.9
688590.SH,20260422,6438,14.52,93480.0,14.54,0.00228689,0.0589954,28151.7
688591.SH,20260422,10699,34.24,366334.0,34.45,0.00635192,0.149567,16843.7
688592.SH,20260422,600,46.52,27912.0,46.6,0.00155756,0.0434457,3852.18
688593.SH,20260422,13736,31.69,435294.0,31.73,0.00425683,0.172878,32268.2
688595.SH,20260422,4389,33.1201,145364.0,33.31,0.00304594,0.129127,14409.4
688596.SH,20260422,19906,31.94,635798.0,31.97,0.00676773,0.235802,29413.1
688597.SH,20260422,25170,9.68999,243897.0,9.7,0.00748973,0.445907,33606.0
688598.SH,20260422,15464,24.28,375466.0,24.21,0.00759619,0.465732,20357.6
688599.SH,20260422,68800,16.36,1125568.0,16.45,0.00293695,0.221804,234257.0
688600.SH,20260422,3100,27.59,85529.0,27.77,0.00230127,0.116857,13470.8
688601.SH,20260422,12434,50.2,624187.0,50.2,0.00930043,0.231792,13369.3
688602.SH,20260422,16919,8.09002,136875.0,8.13,0.00651743,0.13119,25959.6
688603.SH,20260422,7559,94.26,712511.0,94.08,0.01594,0.116577,4742.16
688605.SH,20260422,14950,65.1,973245.0,65.1,0.0137977,0.533256,10835.2
688606.SH,20260422,1649,57.2098,94339.0,57.41,0.00207995,0.321464,7928.09
688607.SH,20260422,4738,66.81,316546.0,66.94,0.00537621,0.139789,8812.9
688608.SH,20260422,5900,167.0,985300.0,168.35,0.00349746,0.123232,16869.4
688609.SH,20260422,10222,8.72002,89136.0,8.73,0.0020444,0.124456,50000.0
688610.SH,20260422,3300,115.23,380259.0,115.7,0.00806204,0.129115,4093.26
688611.SH,20260422,9048,66.25,599430.0,65.66,0.00589871,0.446796,15339.0
688612.SH,20260422,43380,32.91,1427636.0,33.05,0.0171766,0.581505,25255.3
688613.SH,20260422,3444,20.6301,71050.0,20.53,0.00251371,0.129124,13700.9
688615.SH,20260422,32324,193.0,6238532.0,194.01,0.0334374,0.571373,9667.02
688616.SH,20260422,6159,13.83,85179.0,13.83,0.00343353,0.276328,17937.8
688617.SH,20260422,300,251.36,75408.0,252.33,0.000212703,0.0400882,14104.2
688618.SH,20260422,738,40.5203,29904.0,40.7,0.000670617,0.00959845,11004.8
688619.SH,20260422,101360,16.52,1674467.0,15.75,0.0546598,3.22061,18543.8
688620.SH,20260422,2700,12.1,32670.0,12.03,0.0011622,0.0467724,23231.9
688621.SH,20260422,666,61.4204,40906.0,61.93,0.000594643,0.0262316,11200.0
688622.SH,20260422,17195,83.97,1443864.0,83.71,0.024402,0.752353,7046.55
688623.SH,20260422,1941,99.5003,193130.0,100.0,0.0101396,0.187153,1914.27
688625.SH,20260422,2100,68.05,142905.0,69.3,0.00111512,0.0557168,18832.1
688626.SH,20260422,4600,60.0,276000.0,60.15,0.002875,0.256428,16000.0
688627.SH,20260422,8137,283.49,2306758.0,283.48,0.0112465,0.257625,7235.17
688628.SH,20260422,38901,81.49,3170042.0,81.44,0.0348053,0.780512,11176.8
688629.SH,20260422,92732,137.0,12704284.0,138.5,0.0510125,0.379958,18178.3
688630.SH,20260422,35803,253.33,9069974.0,255.18,0.0271769,0.451108,13174.1
688631.SH,20260422,12850,56.84,730394.0,57.63,0.0198088,0.448996,6487.0
688633.SH,20260422,4712,27.7201,130617.0,27.6,0.00327746,0.24659,14377.0
688636.SH,20260422,125066,47.61,5954392.0,47.09,0.0746095,2.11909,16762.7
688638.SH,20260422,2025,42.9501,86974.0,43.38,0.00765277,0.171837,2646.1
688639.SH,20260422,20600,28.8,593280.0,29.1,0.00823619,0.575062,25011.6
688646.SH,20260422,1300,53.5,69550.0,53.53,0.00224196,0.0933681,5798.5
688648.SH,20260422,3150,52.8,166320.0,53.19,0.00453049,0.205848,6952.89
688651.SH,20260422,900,38.35,34515.0,38.34,0.00277312,0.0690519,3245.44
688652.SH,20260422,11900,108.86,1295434.0,108.85,0.00985507,0.301511,12075.0
688653.SH,20260422,28006,13.4,375280.0,13.31,0.00885113,0.645323,31641.2
688655.SH,20260422,73690,38.58,2842960.0,38.2,0.055244,0.456282,13339.0
688656.SH,20260422,0,,0.0,135.8,0.0,0.0,6347.97
688657.SH,20260422,600,50.27,30162.0,50.8,0.00146183,0.0516953,4104.45
688658.SH,20260422,9820,18.76,184223.0,18.77,0.00218222,0.0702886,45000.0
688659.SH,20260422,9446,9.87,93232.0,10.0,0.00590375,0.391032,16000.0
688660.SH,20260422,30402,12.6,383065.0,12.7,0.00228015,0.210574,133333.0
688661.SH,20260422,235653,103.85,24472564.0,103.44,0.155149,3.35191,15188.8
688662.SH,20260422,19570,70.75,1384578.0,70.95,0.0221782,0.269879,8824.0
688663.SH,20260422,16168,63.63,1028770.0,63.88,0.0114282,0.307422,14147.5
688665.SH,20260422,900,47.96,43164.0,47.95,0.000889395,0.141003,10119.2
688667.SH,20260422,18804,146.07,2746700.0,146.35,0.0356843,0.773006,5269.55
688668.SH,20260422,43204,220.51,9526914.0,223.0,0.0310216,0.450132,13927.1
688669.SH,20260422,37446,28.1,1052233.0,27.74,0.0308621,0.908272,12133.3
688670.SH,20260422,10976,17.27,189556.0,17.38,0.00890909,0.948562,12320.0
688671.SH,20260422,1300,21.68,28184.0,21.74,0.00277498,0.127838,4684.71
688676.SH,20260422,46349,87.6,4060172.0,88.2,0.0100806,0.360924,45978.4
688677.SH,20260422,43251,92.09,3982985.0,92.12,0.0360795,0.437418,11987.7
688678.SH,20260422,187688,21.65,4063445.0,21.71,0.0465604,0.653591,40310.6
688679.SH,20260422,300,55.2,16560.0,55.4,0.000227808,0.00785518,13169.0
688680.SH,20260422,9139,51.08,466820.0,50.98,0.00936652,0.343361,9757.1
688681.SH,20260422,1900,19.0,36100.0,19.15,0.00181523,0.0791841,10467.0
688682.SH,20260422,2160,49.8801,107741.0,50.13,0.002121,0.0850861,10183.9
688683.SH,20260422,800,40.3,32240.0,40.6,0.000515537,0.0418625,15517.8
688685.SH,20260422,5688,43.93,249874.0,44.24,0.0038733,0.100909,14685.2
688686.SH,20260422,3756,109.41,410944.0,109.17,0.00307276,0.174389,12223.5
688687.SH,20260422,13848,20.75,287346.0,20.9,0.00810088,0.424334,17094.4
688689.SH,20260422,479,36.6806,17570.0,36.9,0.000371595,0.0186368,12890.4
688690.SH,20260422,9271,31.3,290182.0,31.49,0.00229585,0.0579916,40381.5
688691.SH,20260422,7955,101.7,809024.0,101.63,0.0109025,0.146019,7296.5
688692.SH,20260422,2280,254.3,579804.0,254.0,0.00311745,0.141748,7313.67
688693.SH,20260422,25080,90.32,2265226.0,88.96,0.0644657,0.367332,3890.44
688695.SH,20260422,851,23.8202,20271.0,23.86,0.00159377,0.0671476,5339.55
688696.SH,20260422,3300,90.58,298914.0,91.0,0.00471294,0.349129,7002.0
688697.SH,20260422,30484,16.27,495975.0,16.28,0.0066656,0.353724,45733.3
688698.SH,20260422,9370,68.2,639034.0,69.05,0.00437804,0.154979,21402.3
688699.SH,20260422,4273,44.5301,190277.0,44.77,0.00388226,0.225769,11006.5
688700.SH,20260422,93838,63.01,5912732.0,63.35,0.0314469,0.708751,29840.1
688701.SH,20260422,4020,9.19005,36944.0,9.26,0.0029938,0.180504,13427.7
688702.SH,20260422,34715,224.89,7807056.0,224.5,0.0171017,0.541181,20299.2
688707.SH,20260422,1756342,17.51,30753548.0,16.38,0.345234,7.86104,50874.0
688708.SH,20260422,0,,0.0,54.1,0.0,0.0,14227.6
688709.SH,20260422,16783,43.79,734928.0,43.83,0.00756856,0.269174,22174.6
688710.SH,20260422,1037,69.2797,71843.0,69.49,0.00114341,0.0796947,9069.4
688711.SH,20260422,7837,28.13,220455.0,28.18,0.00367774,0.192544,21309.3
688712.SH,20260422,2843,40.5399,115255.0,40.82,0.00766004,0.0713398,3711.47
688716.SH,20260422,1300,33.38,43394.0,33.38,0.00185908,0.0840539,6992.72
688717.SH,20260422,4420,108.1,477802.0,108.09,0.00446249,0.0697778,9904.78
688718.SH,20260422,17026,15.96,271735.0,15.83,0.00979889,0.938256,17375.4
688719.SH,20260422,96281,53.25,5126963.0,54.03,0.10731,1.92345,8972.23
688720.SH,20260422,50352,78.46,3950618.0,78.46,0.0893014,1.54859,5638.43
688721.SH,20260422,3453,43.8899,151552.0,44.16,0.00645607,0.178155,5348.45
688722.SH,20260422,10000,17.68,176800.0,17.73,0.00446219,0.26747,22410.5
688726.SH,20260422,214695,62.6,13439907.0,63.87,0.0976221,0.877268,21992.4
688727.SH,20260422,20734,50.6,1049140.0,50.55,0.0412673,0.792657,5024.32
688728.SH,20260422,17214,13.21,227397.0,13.27,0.000688867,0.141443,249889.0
688729.SH,20260422,4600,22.9,105340.0,22.83,0.00213953,0.0798922,21500.1
688733.SH,20260422,10800,28.88,311904.0,29.2,0.00540608,0.199249,19977.5
688737.SH,20260422,5569,29.68,165288.0,29.74,0.00465774,0.179398,11956.5
688739.SH,20260422,4311,23.9,103033.0,23.88,0.00103518,0.232062,41645.0
688750.SH,20260422,3000,18.71,56130.0,18.86,0.00128801,0.0836409,23291.8
688755.SH,20260422,200,37.9,7580.0,38.12,0.00113636,0.0925775,1760.0
688757.SH,20260422,1746,26.8099,46810.0,26.82,0.000963468,0.0369239,18122.0
688758.SH,20260422,61081,21.39,1306523.0,21.99,0.0204844,1.09046,29818.4
688759.SH,20260422,4876,36.4799,177876.0,36.87,0.0104946,0.162375,4646.2
688765.SH,20260422,0,,0.0,63.8,0.0,0.0,4097.88
688766.SH,20260422,8338,273.73,2282361.0,275.1,0.00563192,0.168107,14804.9
688767.SH,20260422,4700,35.87,168589.0,35.85,0.00314732,0.225212,14933.3
688768.SH,20260422,1026,46.8002,48017.0,46.8,0.00117575,0.0834927,8726.35
688772.SH,20260422,352255,17.35,6111624.0,17.47,0.0311128,0.89082,113219.0
688775.SH,20260422,2310,192.83,445437.0,194.35,0.00704268,0.247694,3280.0
688776.SH,20260422,2450,83.4902,204551.0,84.0,0.00226049,0.131134,10838.3
688777.SH,20260422,56048,68.82,3857223.0,68.81,0.00711993,0.286522,78719.9
688778.SH,20260422,22188,81.67,1812094.0,82.2,0.00439635,0.224348,50469.1
688779.SH,20260422,64401,10.93,703903.0,10.96,0.00333819,0.209101,192922.0
688781.SH,20260422,7003,38.44,269195.0,38.38,0.0171495,0.108589,4083.51
688783.SH,20260422,21138,22.39,473280.0,22.47,0.0128407,0.332856,16461.8
688785.SH,20260422,2900,291.82,846278.0,291.61,0.022785,0.370876,1272.77
688786.SH,20260422,4450,32.9,146405.0,32.9,0.00309458,0.199794,14380.0
688787.SH,20260422,4604,135.0,621540.0,135.25,0.00763197,0.217418,6032.52
688788.SH,20260422,872,56.5,49268.0,56.55,0.000555859,0.0469398,15687.4
688789.SH,20260422,27647,69.69,1926719.0,69.3,0.0153376,1.6001,18025.6
688790.SH,20260422,600,140.0,84000.0,141.36,0.00497609,0.0555706,1205.77
688793.SH,20260422,1100,21.08,23188.0,21.18,0.00127988,0.0804234,8594.54
688795.SH,20260422,8640,622.23,5376067.0,625.91,0.0294054,0.232184,2938.24
688796.SH,20260422,4123,97.2401,400921.0,97.3,0.0114886,0.199655,3588.76
688798.SH,20260422,3992,66.51,265508.0,66.79,0.00294085,0.144093,13574.3
688799.SH,20260422,11200,56.18,629216.0,56.96,0.00852878,0.177629,13132.0
688800.SH,20260422,18347,93.99,1724435.0,93.75,0.00892041,0.19142,20567.4
688802.SH,20260422,13705,693.0,9497565.0,697.73,0.0755555,0.390146,1813.9
688805.SH,20260422,71405,56.27,4017959.0,56.83,0.226547,0.925724,3151.89
688807.SH,20260422,10973,342.14,3754302.0,344.0,0.0729799,0.400641,1503.57
688809.SH,20260422,15344,395.7,6071621.0,401.91,0.0630066,0.569118,2435.3
688811.SH,20260422,941817,24.6,23168698.0,25.97,1.02231,1.95598,9212.61
688813.SH,20260422,36543,75.76,2768498.0,75.95,0.121498,0.327656,3007.7
688816.SH,20260422,6900,68.98,475962.0,69.27,0.0357805,0.381841,1928.42
688818.SH,20260422,283841,72.44,20561442.0,73.6,0.215004,1.02365,13201.6
688819.SH,20260422,4296,35.8,153797.0,36.04,0.00044193,0.0924267,97210.0
688820.SH,20260422,1033043,76.01,78521598.0,76.65,0.597471,0.795086,17290.3
688981.SH,20260422,85131,106.8,9091991.0,107.46,0.00425748,0.168736,199956.0
689009.SH,20260422,53580,44.99,2410564.0,44.92,0.0964263,0.519647,5556.58
000001.SZ,20260422,232400,11.08,2574992.0,11.08,0.00119759,0.34745,1940560.0
000002.SZ,20260422,993700,3.92,3895304.0,3.9,0.0102265,1.13452,971694.0
000004.SZ,20260422,91700,3.22,295274.0,3.39,0.0726119,1.76349,12628.8
000006.SZ,20260422,76500,9.6,734400.0,9.67,0.00566673,0.229194,134998.0
000007.SZ,20260422,4400,13.82,60808.0,13.73,0.00127003,0.0685711,34644.8
000008.SZ,20260422,192800,2.7,520560.0,2.7,0.0070979,0.330316,271630.0
000009.SZ,20260422,158000,8.9,1406200.0,8.88,0.00613349,0.786997,257602.0
000010.SZ,20260422,460100,3.79,1743779.0,3.74,0.0529982,0.945046,86814.2
000011.SZ,20260422,11700,8.38,98046.0,8.37,0.00222233,0.236575,52647.6
000012.SZ,20260422,26300,4.52,118876.0,4.53,0.0013423,0.186531,195932.0
000014.SZ,20260422,11100,13.24,146964.0,13.25,0.0045859,0.168066,24204.6
000016.SZ,20260422,566800,3.35,1898780.0,3.41,0.0355006,1.06333,159659.0
000017.SZ,20260422,28200,6.48,182736.0,6.5,0.00639714,0.358735,44082.2
000019.SZ,20260422,54900,7.82,429318.0,7.85,0.0131903,0.231694,41621.6
000020.SZ,20260422,24500,15.89,389305.0,15.97,0.0135236,0.418914,18116.5
000021.SZ,20260422,208100,28.85,6003685.0,28.85,0.0132427,0.332999,157143.0
000025.SZ,20260422,38216,16.22,619863.52,16.31,0.00972966,1.37033,39277.8
000026.SZ,20260422,352400,18.0,6343200.0,18.78,0.0966643,1.26275,36456.1
000027.SZ,20260422,296100,6.84,2025324.0,6.87,0.006224,0.915919,475739.0
000028.SZ,20260422,294100,25.1,7381910.0,25.85,0.0615204,5.29138,47805.3
000029.SZ,20260422,13500,19.89,268515.0,19.93,0.00151403,0.375471,89166.0
000030.SZ,20260422,1121100,5.38,6031518.0,5.65,0.0670953,2.8182,167091.0
000031.SZ,20260422,31900,2.89,92191.0,2.9,0.000744231,0.120257,428630.0
000032.SZ,20260422,36900,18.25,673425.0,18.18,0.00324265,0.168296,113796.0
000034.SZ,20260422,99200,36.43,3613856.0,36.53,0.016361,0.433352,60632.0
000035.SZ,20260422,90000,6.97,627300.0,6.98,0.00389101,0.134419,231303.0
000036.SZ,20260422,71400,5.1,364140.0,5.1,0.00509581,0.167078,140115.0
000037.SZ,20260422,711200,11.06,7865872.0,11.4,0.20985,1.56607,33890.8
000039.SZ,20260422,82300,11.3,929990.0,11.35,0.00357607,0.147135,230141.0
000042.SZ,20260422,34400,8.9,306160.0,8.93,0.00517992,0.848841,66410.2
000045.SZ,20260422,54900,11.99,658251.0,12.1,0.0120126,0.593009,45702.2
000048.SZ,20260422,73800,14.9,1099620.0,14.95,0.0140208,0.516146,52636.0
000049.SZ,20260422,396117,29.42,11653762.14,29.64,0.103012,2.84179,38453.5
000050.SZ,20260422,57500,8.36,480700.0,8.37,0.00233957,0.295945,245772.0
000055.SZ,20260422,19600,3.38,66248.0,3.4,0.00290003,0.198884,67585.4
000056.SZ,20260422,7704800,1.98,15255504.0,2.07,0.852559,9.96934,90372.7
000058.SZ,20260422,19600,7.95,155820.0,7.95,0.00199037,0.395754,98473.9
000059.SZ,20260422,41400,5.28,218592.0,5.29,0.0025884,0.200349,159944.0
000060.SZ,20260422,4441000,6.51,28910910.0,6.79,0.0999974,4.18812,444112.0
000061.SZ,20260422,49200,7.48,368016.0,7.54,0.002742,0.344893,179431.0
000062.SZ,20260422,488492,30.4,14850156.8,29.67,0.0467501,0.769296,104490.0
000063.SZ,20260422,172700,35.08,6058316.0,35.2,0.00428789,0.229541,402762.0
000065.SZ,20260422,762800,14.3,10908040.0,14.47,0.0782389,1.35537,97496.2
000066.SZ,20260422,297100,15.4,4575340.0,15.41,0.00921072,0.326554,322559.0
000068.SZ,20260422,11500,3.23,37145.0,3.23,0.00114238,0.128522,100667.0
000069.SZ,20260422,150800,2.2,331760.0,2.2,0.00218595,0.381438,689860.0
000070.SZ,20260422,1272400,20.03,25486172.0,20.48,0.143179,0.833944,88867.9
000078.SZ,20260422,512000,3.68,1884160.0,3.72,0.0194941,0.191746,262644.0
000088.SZ,20260422,113300,4.56,516648.0,4.56,0.00358216,0.565022,316289.0
000089.SZ,20260422,25300,6.85,173305.0,6.87,0.0012337,0.543733,205074.0
000090.SZ,20260422,60800,3.69,224352.0,3.71,0.00325407,0.346432,186843.0
000096.SZ,20260422,21700,9.62,208754.0,9.62,0.00424784,0.32503,51084.8
000099.SZ,20260422,21100,18.15,382965.0,18.22,0.00271988,0.166197,77577.0
000100.SZ,20260422,1082810,4.31,4666911.1,4.34,0.00565968,0.344344,1913200.0
000151.SZ,20260422,47600,10.98,522648.0,11.02,0.0154578,0.499779,30793.5
000153.SZ,20260422,56800,6.44,365792.0,6.48,0.0123783,0.188569,45886.9
000155.SZ,20260422,597600,16.66,9956016.0,16.97,0.0323697,0.67273,184617.0
000156.SZ,20260422,22500,7.55,169875.0,7.57,0.00132363,0.244728,169988.0
000157.SZ,20260422,353900,8.13,2877207.0,8.17,0.00500589,0.295682,706967.0
000158.SZ,20260422,30700,17.53,538171.0,17.55,0.00193336,0.108553,158791.0
000159.SZ,20260422,47700,6.23,297171.0,6.24,0.00992368,0.43302,48066.8
000166.SZ,20260422,497700,4.68,2329236.0,4.7,0.00220851,0.853589,2253550.0
000301.SZ,20260422,93600,12.7,1188720.0,12.67,0.00141644,0.329841,660813.0
000333.SZ,20260422,85200,79.5,6773400.0,79.5,0.00124311,0.315702,685379.0
000338.SZ,20260422,333900,26.66,8901774.0,26.93,0.00667334,0.307127,500349.0
000400.SZ,20260422,103200,26.18,2701776.0,26.16,0.0102006,0.286929,101170.0
000401.SZ,20260422,32200,4.67,150374.0,4.68,0.0012237,0.220608,263135.0
000402.SZ,20260422,246600,2.72,670752.0,2.73,0.00825117,0.279537,298867.0
000403.SZ,20260422,17044,12.87,219356.28,12.87,0.00181182,0.24217,94071.0
000404.SZ,20260422,2234800,7.9,17654920.0,7.95,0.322556,8.17942,69284.0
000407.SZ,20260422,138900,4.71,654219.0,4.71,0.0158602,0.848229,87577.5
000408.SZ,20260422,57500,86.12,4951900.0,86.46,0.00366193,0.363211,157021.0
000409.SZ,20260422,8400,10.72,90048.0,10.73,0.00142256,0.0907719,59048.3
000410.SZ,20260422,23800,6.68,158984.0,6.68,0.00141589,0.172576,168092.0
000411.SZ,20260422,5700,10.9,62130.0,10.96,0.00101111,0.0985064,56373.6
000415.SZ,20260422,342900,4.68,1604772.0,4.67,0.00635829,0.516547,539296.0
000417.SZ,20260422,11300,6.44,72772.0,6.48,0.00145053,0.0858334,77902.7
000419.SZ,20260422,23800,5.7,135660.0,5.75,0.00437836,0.260212,54358.3
000420.SZ,20260422,779300,5.3,4130290.0,5.29,0.0317042,0.539893,245803.0
000421.SZ,20260422,48500,6.0,291000.0,6.02,0.00844512,0.695175,57429.6
000422.SZ,20260422,507600,16.33,8289108.0,16.26,0.0479838,1.22133,105786.0
000423.SZ,20260422,20700,53.05,1098135.0,53.21,0.00322003,0.25036,64285.0
000425.SZ,20260422,362200,10.05,3640110.0,10.1,0.00402032,0.239903,900922.0
000426.SZ,20260422,2890600,41.99,121376294.0,44.93,0.162832,5.18106,177521.0
000428.SZ,20260422,79800,3.82,304836.0,3.83,0.00783178,0.416752,101893.0
000429.SZ,20260422,2400,12.64,30336.0,12.68,0.000184144,0.0537925,130333.0
000430.SZ,20260422,22900,7.94,181826.0,7.95,0.00617989,0.181508,37055.6
000488.SZ,20260422,18700,2.54,47498.0,2.55,0.00110375,0.104581,169422.0
000498.SZ,20260422,147300,5.82,857286.0,5.85,0.0101632,0.740613,144935.0
000501.SZ,20260422,8300,8.37,69471.0,8.39,0.00108042,0.164623,76822.1
000503.SZ,20260422,38000,7.39,280820.0,7.44,0.00388058,0.35644,97923.5
000504.SZ,20260422,1000,9.79,9790.0,9.8,0.000303838,0.0372595,32912.2
000505.SZ,20260422,41900,6.56,274864.0,6.55,0.00662576,0.447339,63238.0
000506.SZ,20260422,138800,17.33,2405404.0,17.54,0.0149455,0.41065,92870.7
000507.SZ,20260422,43400,5.27,228718.0,5.3,0.00480964,0.341927,90235.4
000509.SZ,20260422,165700,3.56,589892.0,3.57,0.0154409,0.570057,107312.0
000510.SZ,20260422,107700,14.79,1592883.0,14.9,0.0177528,0.218505,60666.5
000513.SZ,20260422,21200,33.6,712320.0,33.68,0.00373148,0.434407,56814.0
000514.SZ,20260422,8200,4.83,39606.0,4.83,0.000971828,0.0792113,84377.1
000516.SZ,20260422,78500,4.6,361100.0,4.6,0.00356032,0.281657,220486.0
000517.SZ,20260422,28300,1.89,53487.0,1.89,0.00113564,0.113128,249199.0
000518.SZ,20260422,48400,2.99,144716.0,2.99,0.00470115,0.209392,102954.0
000519.SZ,20260422,53900,17.91,965349.0,18.04,0.00387057,0.253306,139256.0
000520.SZ,20260422,11100,3.97,44067.0,4.0,0.00109675,0.0542781,101208.0
000521.SZ,20260422,560142,5.67,3176005.14,5.72,0.0639782,7.26109,87552.1
000523.SZ,20260422,145100,3.26,473026.0,3.26,0.0109496,0.720096,132516.0
000524.SZ,20260422,40800,10.33,421464.0,10.38,0.00608985,0.31038,66996.7
000525.SZ,20260422,95800,5.67,543186.0,5.67,0.00861697,0.454131,111176.0
000526.SZ,20260422,6100,32.22,196542.0,32.45,0.00510634,0.33125,11945.9
000528.SZ,20260422,257700,9.73,2507421.0,9.82,0.01267,0.970013,203393.0
000529.SZ,20260422,6800,5.63,38284.0,5.64,0.00119322,0.11324,56988.4
000530.SZ,20260422,60800,6.05,367840.0,6.08,0.0101326,0.294018,60004.1
000531.SZ,20260422,265000,6.8,1802000.0,6.88,0.029129,1.23154,90974.5
000532.SZ,20260422,14400,13.69,197136.0,13.71,0.00419153,0.264542,34355.0
000533.SZ,20260422,949500,16.39,15562305.0,16.4,0.138633,0.67799,68490.2
000534.SZ,20260422,102500,42.38,4343950.0,42.18,0.0205012,0.38335,49997.0
000536.SZ,20260422,30300,4.2,127260.0,4.21,0.0010966,0.0990125,276308.0
000537.SZ,20260422,513200,10.35,5311620.0,10.39,0.0249645,1.10332,205572.0
000538.SZ,20260422,12800,55.06,704768.0,55.06,0.000721967,0.209314,177293.0
000539.SZ,20260422,9207500,6.79,62518925.0,6.39,0.360317,11.0462,255539.0
000541.SZ,20260422,51900,5.69,295311.0,5.7,0.00421782,0.873779,123049.0
000543.SZ,20260422,162300,8.25,1338975.0,8.29,0.00715967,0.505132,226686.0
000544.SZ,20260422,8800,8.29,72952.0,8.33,0.000902856,0.199828,97468.4
000545.SZ,20260422,141000,2.99,421590.0,3.01,0.0143089,0.307987,98540.3
000546.SZ,20260422,735300,6.76,4970628.0,6.68,0.10554,1.12572,69670.5
000547.SZ,20260422,1660893,27.46,45608121.78,28.01,0.104516,0.702794,158912.0
000548.SZ,20260422,5300,5.22,27666.0,5.23,0.00106167,0.0758165,49921.6
000550.SZ,20260422,17800,18.9,336420.0,19.01,0.00343322,0.299226,51846.3
000551.SZ,20260422,166300,14.58,2424654.0,14.46,0.0343207,1.6963,48454.7
000552.SZ,20260422,5436800,2.74,14896832.0,2.77,0.145923,2.44975,372581.0
000553.SZ,20260422,16300,6.14,100082.0,6.14,0.000748712,0.204088,217707.0
000554.SZ,20260422,130900,7.89,1032801.0,7.88,0.0360951,0.599238,36265.3
000555.SZ,20260422,101900,15.31,1560089.0,15.38,0.0104552,0.169113,97463.2
000557.SZ,20260422,6600,4.67,30822.0,4.68,0.000452701,0.0925628,145792.0
000558.SZ,20260422,74100,4.46,330486.0,4.48,0.00575005,0.204518,128868.0
000559.SZ,20260422,1235000,16.98,20970300.0,17.27,0.0372622,1.1366,331435.0
000560.SZ,20260422,363800,2.97,1080486.0,2.99,0.0155574,0.366388,233844.0
000561.SZ,20260422,48600,9.88,480168.0,9.93,0.00626089,0.352631,77624.7
000563.SZ,20260422,143800,3.35,481730.0,3.35,0.00281191,0.45228,511397.0
000564.SZ,20260422,431200,1.86,802032.0,1.87,0.0028566,0.21841,1509490.0
000565.SZ,20260422,13600,7.27,98872.0,7.31,0.00313659,0.217101,43359.2
000566.SZ,20260422,56700,5.34,302778.0,5.37,0.00437252,0.160917,129674.0
000567.SZ,20260422,34000,5.37,182580.0,5.38,0.00174368,0.342459,194990.0
000568.SZ,20260422,23000,100.63,2314490.0,100.61,0.00156329,0.331534,147126.0
000570.SZ,20260422,624100,6.64,4144024.0,6.68,0.11231,0.838191,55569.2
000571.SZ,20260422,126300,6.05,764115.0,6.06,0.0155161,0.42047,81399.2
000572.SZ,20260422,61900,5.75,355925.0,5.75,0.00376921,0.175278,164225.0
000573.SZ,20260422,130900,4.89,640101.0,4.91,0.0206805,0.369638,63296.5
000576.SZ,20260422,33900,9.66,327474.0,9.72,0.00781439,0.36978,43381.5
000581.SZ,20260422,79000,18.93,1495470.0,19.0,0.00995081,0.324744,79390.5
000582.SZ,20260422,91600,10.93,1001188.0,10.93,0.00424694,0.349501,215685.0
000586.SZ,20260422,445000,20.54,9140300.0,20.45,0.232753,0.975732,19119.0
000589.SZ,20260422,34900,4.58,159842.0,4.58,0.00225916,0.205512,154482.0
000590.SZ,20260422,6200,11.11,68882.0,11.12,0.00259026,0.145085,23935.9
000591.SZ,20260422,622700,5.51,3431077.0,5.57,0.015867,0.734952,392450.0
000592.SZ,20260422,1219200,10.93,13325856.0,11.03,0.0636627,0.590393,191509.0
000593.SZ,20260422,122301,18.28,2235662.28,18.64,0.0341162,0.470943,35848.3
000595.SZ,20260422,25000,6.67,166750.0,6.64,0.00219557,0.124625,113866.0
000596.SZ,20260422,8800,105.07,924616.0,105.27,0.0021537,0.413937,40860.0
000597.SZ,20260422,15000,5.15,77250.0,5.18,0.00106445,0.0640776,140917.0
000598.SZ,20260422,129700,6.82,884554.0,6.84,0.00435348,0.629901,297923.0
000599.SZ,20260422,35600,5.27,187612.0,5.31,0.00435877,0.293945,81674.5
000600.SZ,20260422,126500,9.4,1189100.0,9.47,0.011605,0.590402,109005.0
000601.SZ,20260422,2779900,7.11,19765089.0,7.11,0.264872,2.72416,104953.0
000603.SZ,20260422,142500,40.69,5798325.0,41.07,0.0213734,0.753165,66671.6
000605.SZ,20260422,69600,6.72,467712.0,6.74,0.0197358,1.47557,35265.9
000607.SZ,20260422,2200,4.03,8866.0,4.03,0.000248578,0.018627,88503.3
000608.SZ,20260422,71400,3.91,279174.0,3.94,0.0095784,0.400465,74542.8
000609.SZ,20260422,0,,0.0,10.76,0.0,0.0,29105.8
000610.SZ,20260422,422000,8.53,3599660.0,8.62,0.17919,1.42828,23550.4
000612.SZ,20260422,130300,13.35,1739505.0,13.39,0.0109294,0.26203,119220.0
000615.SZ,20260422,24620,3.41,83954.2,3.4,0.00266071,0.278708,92531.6
000617.SZ,20260422,855600,9.36,8008416.0,9.34,0.00676787,0.496333,1264210.0
000619.SZ,20260422,20900,5.85,122265.0,5.86,0.00580556,0.297406,36000.0
000620.SZ,20260422,642700,2.78,1786706.0,2.8,0.0137572,0.310508,467175.0
000623.SZ,20260422,46100,17.82,821502.0,17.8,0.00387081,0.498187,119097.0
000625.SZ,20260422,391260,9.97,3900862.2,9.96,0.00473273,0.54978,826711.0
000626.SZ,20260422,365300,8.99,3284047.0,8.91,0.0725209,1.67143,50371.7
000628.SZ,20260422,44100,59.58,2627478.0,59.54,0.0229402,0.293371,19223.9
000629.SZ,20260422,196100,3.45,676545.0,3.46,0.0021108,0.189501,929033.0
000630.SZ,20260422,1760300,6.4,11265920.0,6.45,0.0157974,0.640529,1114300.0
000631.SZ,20260422,85800,3.23,277134.0,3.25,0.00373043,0.409006,230000.0
000632.SZ,20260422,47400,4.5,213300.0,4.5,0.010183,0.282124,46548.2
000633.SZ,20260422,54200,6.57,356094.0,6.6,0.0140742,0.556688,38510.2
000635.SZ,20260422,21000,8.05,169050.0,8.05,0.00572488,0.351945,36682.0
000636.SZ,20260422,278300,22.0,6122600.0,22.19,0.0240533,0.407838,115701.0
000637.SZ,20260422,19500,4.43,86385.0,4.42,0.00534855,0.272992,36458.5
000639.SZ,20260422,450400,2.11,950344.0,2.12,0.0417259,0.733044,107943.0
000650.SZ,20260422,39800,5.73,228054.0,5.75,0.00298937,0.30145,133139.0
000651.SZ,20260422,167100,36.91,6167661.0,36.91,0.00302983,0.606079,551516.0
000652.SZ,20260422,47500,4.17,198075.0,4.19,0.00322151,0.300437,147446.0
000655.SZ,20260422,7700,8.55,65835.0,8.56,0.00129338,0.0540191,59534.0
000656.SZ,20260422,483400,1.44,696096.0,1.44,0.00635204,0.44104,761015.0
000657.SZ,20260422,766200,57.74,44240388.0,57.81,0.052735,0.583978,145293.0
000659.SZ,20260422,53500,4.14,221490.0,4.13,0.00416115,0.151646,128570.0
000661.SZ,20260422,141500,86.44,12231260.0,88.3,0.0354091,3.04553,39961.5
000663.SZ,20260422,17500,6.33,110775.0,6.36,0.00571333,0.246071,30630.1
000665.SZ,20260422,58100,4.66,270746.0,4.7,0.0051094,0.424383,113712.0
000668.SZ,20260422,1300,14.8,19240.0,14.78,0.000885306,0.0482426,14684.2
000669.SZ,20260422,1214100,4.36,5293476.0,4.16,0.178437,4.71715,68040.9
000670.SZ,20260422,184400,7.81,1440164.0,7.81,0.0224368,0.391991,82186.3
000672.SZ,20260422,22200,13.33,295926.0,13.32,0.00229009,0.234822,96939.5
000676.SZ,20260422,41300,7.62,314706.0,7.62,0.00328031,0.23356,125903.0
000677.SZ,20260422,142100,4.43,629503.0,4.45,0.0164472,0.376052,86397.8
000678.SZ,20260422,61600,12.01,739816.0,12.09,0.0134026,0.415432,45961.2
000679.SZ,20260422,20600,6.84,140904.0,6.83,0.00578002,0.370863,35640.0
000680.SZ,20260422,46500,11.42,531030.0,11.5,0.00353699,0.220132,131468.0
000681.SZ,20260422,74600,20.98,1565108.0,21.05,0.0110333,0.293704,67613.5
000682.SZ,20260422,52700,13.06,688262.0,13.16,0.0039312,0.178368,134056.0
000683.SZ,20260422,688300,9.03,6215349.0,8.99,0.0205948,1.29137,334211.0
000685.SZ,20260422,59100,11.32,669012.0,11.36,0.00471306,0.571515,125396.0
000686.SZ,20260422,40800,8.22,335376.0,8.25,0.00174325,0.324641,234045.0
000688.SZ,20260422,321400,43.02,13826628.0,44.0,0.0271209,1.38051,118506.0
000690.SZ,20260422,7798500,5.25,40942125.0,5.27,0.358639,8.1542,217447.0
000691.SZ,20260422,7200,7.79,56088.0,7.82,0.00222724,0.138392,32327.0
000692.SZ,20260422,179100,4.36,780876.0,4.32,0.0336128,1.34031,53283.3
000695.SZ,20260422,84600,15.08,1275768.0,15.07,0.0381406,0.51052,22181.1
000697.SZ,20260422,134900,10.03,1353047.0,10.11,0.0206551,2.1924,65310.7
000698.SZ,20260422,47900,3.89,186331.0,3.88,0.00609636,0.966087,78571.4
000700.SZ,20260422,120800,11.52,1391616.0,11.63,0.0131588,0.308375,91801.5
000701.SZ,20260422,16600,5.67,94122.0,5.7,0.00248597,0.170331,66774.7
000702.SZ,20260422,105300,7.04,741312.0,7.04,0.0394923,0.468499,26663.5
000703.SZ,20260422,259100,15.21,3940911.0,15.17,0.00681499,0.329719,380191.0
000705.SZ,20260422,23100,8.62,199122.0,8.62,0.00819263,0.329995,28196.1
000707.SZ,20260422,61300,5.9,361670.0,5.89,0.0111312,0.718177,55070.4
000708.SZ,20260422,74300,16.64,1236352.0,16.64,0.00147212,0.806679,504714.0
000709.SZ,20260422,833400,2.3,1916820.0,2.3,0.00806354,1.1605,1033540.0
000710.SZ,20260422,20300,9.95,201985.0,9.95,0.00616029,0.320933,32953.0
000711.SZ,20260422,1874000,4.05,7589700.0,4.01,0.078684,1.41679,238168.0
000712.SZ,20260422,10600,10.38,110028.0,10.44,0.00118339,0.107621,89573.4
000713.SZ,20260422,12100,6.45,78045.0,6.45,0.00197064,0.145125,61401.5
000715.SZ,20260422,1317800,6.21,8183538.0,6.27,0.271135,12.7759,48603.1
000716.SZ,20260422,14300,5.12,73216.0,5.12,0.00193561,0.164316,73878.4
000717.SZ,20260422,82800,2.43,201204.0,2.44,0.00341646,0.595517,242356.0
000718.SZ,20260422,20500,2.1,43050.0,2.11,0.000898298,0.0676307,228209.0
000719.SZ,20260422,51900,14.32,743208.0,14.31,0.00777939,0.401346,66714.8
000720.SZ,20260422,879500,4.86,4274370.0,4.94,0.0699943,0.585893,125653.0
000721.SZ,20260422,25200,7.93,199836.0,7.98,0.00491841,0.14494,51236.0
000722.SZ,20260422,347948,13.91,4839956.68,13.93,0.0749632,1.26625,46415.8
000723.SZ,20260422,338800,4.5,1524600.0,4.49,0.00770875,0.543985,439501.0
000725.SZ,20260422,3141808,4.2,13195593.6,4.22,0.0086452,0.438133,3634170.0
000726.SZ,20260422,22100,6.69,147849.0,6.71,0.00374998,0.210047,58933.6
000727.SZ,20260422,292900,2.68,784972.0,2.69,0.0064664,0.278651,452957.0
000728.SZ,20260422,356100,7.36,2620896.0,7.4,0.00816036,1.21927,436378.0
000729.SZ,20260422,165700,12.66,2097762.0,12.7,0.00660263,0.375822,250961.0
000731.SZ,20260422,293000,7.27,2130110.0,7.34,0.0533867,1.54761,54882.6
000733.SZ,20260422,48000,47.0,2256000.0,47.24,0.00866278,0.613126,55409.5
000735.SZ,20260422,111600,6.95,775620.0,6.97,0.00969678,0.417788,115090.0
000736.SZ,20260422,76900,5.32,409108.0,5.24,0.0102932,0.941205,74709.8
000737.SZ,20260422,73700,14.05,1035485.0,14.13,0.0038697,0.21926,190454.0
000738.SZ,20260422,109900,21.41,2352959.0,21.6,0.00835625,0.369849,131518.0
000739.SZ,20260422,112400,17.86,2007464.0,18.0,0.00970632,1.14454,115801.0
000750.SZ,20260422,70000,3.85,269500.0,3.85,0.00120769,0.241976,579620.0
000751.SZ,20260422,946800,5.88,5567184.0,5.75,0.0671552,0.956394,140987.0
000752.SZ,20260422,41300,9.99,412587.0,9.95,0.0156583,0.694202,26375.8
000753.SZ,20260422,48600,6.48,314928.0,6.48,0.00490176,0.246063,99148.1
000755.SZ,20260422,18800,5.15,96820.0,5.18,0.00128126,0.456528,146731.0
000756.SZ,20260422,3600,14.45,52020.0,14.46,0.000721588,0.072462,49889.9
000757.SZ,20260422,18000,4.72,84960.0,4.73,0.00337891,0.211381,53271.6
000758.SZ,20260422,88500,6.97,616845.0,7.02,0.00447837,0.238191,197617.0
000759.SZ,20260422,187200,5.48,1025856.0,5.56,0.0285494,1.01998,65570.6
000761.SZ,20260422,42700,2.97,126819.0,2.98,0.00115149,0.339308,370824.0
000762.SZ,20260422,1071400,35.3,37820420.0,35.58,0.205722,1.77836,52080.1
000766.SZ,20260422,152500,23.2,3538000.0,23.45,0.0157866,0.818688,96600.8
000767.SZ,20260422,4419400,4.15,18340510.0,4.23,0.151752,2.37514,291225.0
000768.SZ,20260422,123600,24.24,2996064.0,24.36,0.00445179,0.472321,277641.0
000776.SZ,20260422,183900,19.88,3655932.0,19.88,0.00311481,0.32166,590405.0
000777.SZ,20260422,39300,22.82,896826.0,22.82,0.0102501,0.443729,38341.1
000778.SZ,20260422,306000,4.74,1450440.0,4.78,0.00785921,0.414682,389352.0
000779.SZ,20260422,1600,8.72,13952.0,8.74,0.000344253,0.0237264,46477.5
000782.SZ,20260422,274500,6.09,1671705.0,6.1,0.0519749,0.828515,52814.0
000783.SZ,20260422,81900,7.18,588042.0,7.2,0.00148099,0.233297,553007.0
000785.SZ,20260422,859600,2.57,2209172.0,2.6,0.0145754,0.872936,589759.0
000786.SZ,20260422,29400,25.4,746760.0,25.54,0.00174015,0.226237,168951.0
000788.SZ,20260422,467500,6.43,3006025.0,6.53,0.0784413,0.536681,59598.7
000789.SZ,20260422,7000,5.06,35420.0,5.06,0.000877844,0.147275,79740.8
000790.SZ,20260422,70100,3.98,278998.0,4.01,0.011259,0.26603,62261.5
000791.SZ,20260422,912600,8.2,7483320.0,8.37,0.0471477,1.18721,193562.0
000792.SZ,20260422,683600,37.0,25293200.0,37.49,0.0129188,0.751328,529153.0
000793.SZ,20260422,102800,2.83,290924.0,2.83,0.0052422,0.174153,196101.0
000795.SZ,20260422,97200,9.32,905904.0,9.4,0.00857383,0.610376,113368.0
000796.SZ,20260422,181500,5.3,961950.0,5.31,0.0136388,0.351099,133077.0
000797.SZ,20260422,58400,2.75,160600.0,2.75,0.00371839,0.27847,157057.0
000798.SZ,20260422,350500,10.2,3575100.0,10.32,0.0958079,3.62084,36583.6
000799.SZ,20260422,11800,42.68,503624.0,43.03,0.00363188,0.243772,32490.0
000800.SZ,20260422,69900,6.97,487203.0,6.98,0.00142049,0.451252,492084.0
000801.SZ,20260422,66900,14.37,961353.0,14.41,0.00658485,0.517499,101597.0
000802.SZ,20260422,2011000,4.53,9109830.0,4.46,0.281045,12.6725,71554.4
000803.SZ,20260422,196800,7.81,1537008.0,7.85,0.0428024,0.774594,45978.8
000807.SZ,20260422,187856,34.39,6460367.84,34.36,0.00541696,0.366339,346792.0
000809.SZ,20260422,29500,3.59,105905.0,3.6,0.00357666,0.201701,82479.1
000810.SZ,20260422,594400,12.31,7317064.0,12.37,0.0535203,2.70946,111061.0
000811.SZ,20260422,328500,20.88,6859080.0,20.37,0.0335754,1.10052,97839.6
000812.SZ,20260422,120600,3.92,472752.0,3.92,0.0159589,1.16765,75569.0
000813.SZ,20260422,42600,3.3,140580.0,3.3,0.00203171,0.140463,209676.0
000815.SZ,20260422,1201700,20.73,24911241.0,20.89,0.172841,0.939999,69526.3
000816.SZ,20260422,91900,3.23,296837.0,3.23,0.00638412,0.342836,143951.0
000818.SZ,20260422,127900,14.38,1839202.0,14.45,0.0194314,0.345334,65821.1
000819.SZ,20260422,359100,17.07,6129837.0,17.08,0.0982403,3.05491,36553.2
000820.SZ,20260422,122800,3.46,424888.0,3.48,0.0413514,1.66298,29696.7
000821.SZ,20260422,179400,11.66,2091804.0,11.72,0.02967,1.3333,60465.1
000822.SZ,20260422,67400,6.02,405748.0,6.05,0.00752995,0.150703,89509.2
000823.SZ,20260422,79500,16.11,1280745.0,16.1,0.0148051,0.312466,53697.9
000825.SZ,20260422,126000,4.53,570780.0,4.55,0.00221198,0.332145,569625.0
000826.SZ,20260422,382800,1.96,750288.0,1.98,0.0268599,0.746635,142517.0
000828.SZ,20260422,10400,10.14,105456.0,10.18,0.00100046,0.216205,103952.0
000829.SZ,20260422,423400,10.96,4640464.0,10.99,0.0413424,1.00315,102413.0
000830.SZ,20260422,76700,15.77,1209559.0,15.77,0.004028,0.244441,190417.0
000831.SZ,20260422,175900,54.83,9644597.0,55.27,0.0165752,0.557432,106122.0
000833.SZ,20260422,242500,26.08,6324400.0,26.37,0.0534492,0.556282,45370.2
000837.SZ,20260422,13800,10.9,150420.0,10.95,0.00136986,0.12789,100740.0
000838.SZ,20260422,946600,1.8,1703880.0,1.82,0.0898302,1.48808,105377.0
000839.SZ,20260422,194500,3.11,604895.0,3.13,0.00496195,0.313019,391983.0
000848.SZ,20260422,20600,8.37,172422.0,8.37,0.0020373,0.218469,101114.0
000850.SZ,20260422,265500,4.89,1298295.0,4.91,0.028143,2.33673,94339.7
000852.SZ,20260422,201600,7.23,1457568.0,7.23,0.0213136,1.04484,94587.3
000856.SZ,20260422,18700,10.65,199155.0,10.68,0.00823789,0.229573,22700.0
000858.SZ,20260422,45000,101.0,4545000.0,101.18,0.00115936,0.375907,388144.0
000859.SZ,20260422,856000,10.0,8560000.0,10.07,0.0955437,2.06537,89592.5
000860.SZ,20260422,9800,12.74,124852.0,12.8,0.00132117,0.219753,74176.7
000862.SZ,20260422,441100,6.55,2889205.0,6.63,0.0702425,1.08487,62796.7
000863.SZ,20260422,279600,4.6,1286160.0,4.65,0.0240286,0.820739,116362.0
000868.SZ,20260422,7100,4.31,30601.0,4.32,0.000968188,0.0899119,73332.9
000869.SZ,20260422,1100,19.0,20900.0,19.04,0.000241699,0.128163,45511.2
000875.SZ,20260422,114800,6.54,750792.0,6.56,0.00343468,0.199573,334238.0
000876.SZ,20260422,146200,8.77,1282174.0,8.76,0.00324889,0.378068,450000.0
000877.SZ,20260422,67100,4.74,318054.0,4.76,0.000943676,0.769364,711049.0
000878.SZ,20260422,163700,19.4,3175780.0,19.58,0.00817021,0.341704,200362.0
000880.SZ,20260422,190700,31.43,5993701.0,31.58,0.0839989,0.695931,22702.7
000881.SZ,20260422,9500,7.7,73150.0,7.73,0.0010512,0.126417,90373.2
000882.SZ,20260422,153700,1.61,247457.0,1.61,0.00561869,0.295592,273551.0
000883.SZ,20260422,246200,4.83,1189146.0,4.84,0.00379963,0.648491,647959.0
000885.SZ,20260422,6900,13.58,93702.0,13.6,0.00107464,0.114929,64207.8
000886.SZ,20260422,31100,5.67,176337.0,5.67,0.00318049,0.290498,97783.7
000887.SZ,20260422,85493,18.45,1577345.85,18.54,0.00650448,0.487347,131437.0
000888.SZ,20260422,48200,12.35,595270.0,12.43,0.00914762,0.350928,52691.3
000889.SZ,20260422,2329420,4.45,10365919.0,4.66,0.267797,0.831092,86984.5
000890.SZ,20260422,1212900,14.75,17890275.0,14.59,0.289136,1.53265,41949.1
000892.SZ,20260422,521800,6.35,3313430.0,6.45,0.0734065,1.11768,71083.6
000893.SZ,20260422,57100,53.6,3060560.0,53.56,0.00703366,0.322435,81181.0
000895.SZ,20260422,66100,28.95,1913595.0,28.94,0.00190808,0.640145,346421.0
000897.SZ,20260422,858800,2.1,1803480.0,2.09,0.0531028,3.39937,161724.0
000898.SZ,20260422,92230,2.31,213051.3,2.31,0.00115904,0.348356,795748.0
000899.SZ,20260422,208100,13.13,2732353.0,13.21,0.0213288,0.698983,97567.8
000900.SZ,20260422,10799,4.08,44059.92,4.09,0.000711519,0.135676,151774.0
000901.SZ,20260422,392800,23.24,9128672.0,23.57,0.0492111,1.16247,79819.3
000902.SZ,20260422,116600,15.1,1760660.0,15.03,0.0102032,0.801656,114278.0
000903.SZ,20260422,112200,2.52,282744.0,2.52,0.00584295,0.629875,192026.0
000905.SZ,20260422,19200,10.83,207936.0,10.89,0.00258827,0.170874,74180.8
000906.SZ,20260422,13800,5.72,78936.0,5.72,0.00196794,0.315603,70124.0
000908.SZ,20260422,51900,7.12,369528.0,7.11,0.00589924,0.337755,87977.4
000909.SZ,20260422,6800,6.64,45152.0,6.65,0.00155354,0.137285,43771.1
000910.SZ,20260422,1100,6.88,7568.0,6.88,0.00020103,0.0319509,54718.1
000911.SZ,20260422,1014100,6.17,6256997.0,6.25,0.253322,6.9217,40032.0
000912.SZ,20260422,661800,4.85,3209730.0,4.94,0.0422066,1.3393,156800.0
000913.SZ,20260422,192100,14.6,2804660.0,15.24,0.036935,2.57387,52010.3
000915.SZ,20260422,14700,31.18,458346.0,31.2,0.00627723,0.580853,23418.0
000917.SZ,20260422,297700,9.87,2938299.0,9.94,0.0210024,0.862928,141746.0
000919.SZ,20260422,901200,7.6,6849120.0,7.8,0.144942,1.09474,62176.7
000920.SZ,20260422,1600,11.9,19040.0,12.01,0.000338554,0.039701,47259.9
000921.SZ,20260422,5300,22.59,119727.0,22.6,0.000577258,0.0740075,91813.3
000922.SZ,20260422,3200,13.92,44544.0,13.93,0.000544761,0.0329379,58741.3
000923.SZ,20260422,11300,18.75,211875.0,18.83,0.00179965,0.117896,62790.1
000925.SZ,20260422,10000,7.4,74000.0,7.42,0.00148534,0.0754587,67324.4
000926.SZ,20260422,60900,1.99,121191.0,2.0,0.00387107,0.251377,157321.0
000927.SZ,20260422,425600,2.9,1234240.0,2.9,0.0070343,0.417706,605035.0
000928.SZ,20260422,155100,7.07,1096557.0,7.11,0.0108112,0.283496,143463.0
000929.SZ,20260422,7000,10.75,75250.0,10.76,0.00376842,0.144281,18575.4
000930.SZ,20260422,56000,6.4,358400.0,6.44,0.00301668,0.249256,185635.0
000931.SZ,20260422,71800,5.01,359718.0,5.02,0.00956021,0.388579,75103.0
000932.SZ,20260422,140500,5.03,706715.0,5.05,0.00205031,0.20754,685261.0
000933.SZ,20260422,124800,33.29,4154592.0,33.33,0.00555303,0.277052,224742.0
000935.SZ,20260422,3600,28.04,100944.0,28.1,0.00047155,0.0687614,76344.0
000936.SZ,20260422,189300,8.14,1540902.0,8.2,0.0213684,0.38707,88588.7
000937.SZ,20260422,56400,5.55,313020.0,5.54,0.00164269,0.380078,343340.0
000938.SZ,20260422,324700,27.52,8935744.0,27.61,0.0113529,0.260601,286007.0
000948.SZ,20260422,4900,15.27,74823.0,15.26,0.00125916,0.133113,38914.9
000949.SZ,20260422,514800,8.06,4149288.0,8.01,0.0310786,0.689472,165644.0
000950.SZ,20260422,471400,6.09,2870826.0,6.08,0.0272772,0.583131,172818.0
000951.SZ,20260422,33000,24.11,795630.0,24.28,0.00280882,0.145348,117487.0
000952.SZ,20260422,34600,6.67,230782.0,6.67,0.0100583,0.450252,34399.4
000953.SZ,20260422,12500,6.65,83125.0,6.62,0.00341416,0.206004,36612.2
000955.SZ,20260422,40700,5.12,208384.0,5.12,0.00756066,0.289669,53831.3
000957.SZ,20260422,37800,12.05,455490.0,12.14,0.0063754,0.171029,59290.4
000958.SZ,20260422,53800,6.07,326566.0,6.09,0.000999368,0.245193,538340.0
000959.SZ,20260422,123300,4.54,559782.0,4.55,0.00165468,0.199051,745161.0
000960.SZ,20260422,714200,37.8,26996760.0,38.01,0.043405,1.05283,164543.0
000962.SZ,20260422,138100,50.81,7016861.0,51.62,0.0275287,0.532161,50165.9
000963.SZ,20260422,47300,33.99,1607727.0,34.07,0.00269821,0.447585,175301.0
000965.SZ,20260422,34700,3.6,124920.0,3.61,0.0031266,0.204175,110983.0
000966.SZ,20260422,374900,4.39,1645811.0,4.43,0.0114946,0.622521,326152.0
000967.SZ,20260422,771960,13.21,10197591.6,13.45,0.0243872,0.302401,316542.0
000968.SZ,20260422,846600,8.97,7594002.0,8.87,0.0875036,1.29183,96750.3
000969.SZ,20260422,734500,21.82,16026790.0,22.13,0.0710523,2.94476,103375.0
000970.SZ,20260422,82600,12.27,1013502.0,12.32,0.0067943,0.493202,121573.0
000972.SZ,20260422,101600,3.98,404368.0,3.98,0.0131728,0.646931,77128.4
000973.SZ,20260422,168500,17.61,2967285.0,17.77,0.0174174,0.156701,96742.3
000975.SZ,20260422,206900,30.15,6238035.0,30.34,0.00818617,0.88111,252743.0
000977.SZ,20260422,588700,71.65,42180355.0,71.37,0.0401341,0.630197,146683.0
000978.SZ,20260422,255800,7.47,1910826.0,7.51,0.0546441,0.394807,46812.0
000980.SZ,20260422,7164300,2.4,17194320.0,2.38,0.142392,4.06185,503139.0
000981.SZ,20260422,1144300,4.03,4611529.0,4.07,0.0120284,0.409406,951336.0
000983.SZ,20260422,380400,6.38,2426952.0,6.43,0.00670064,0.780314,567707.0
000985.SZ,20260422,8900,19.23,171147.0,19.25,0.00686519,0.665381,12964.0
000987.SZ,20260422,301800,9.03,2725254.0,9.08,0.00601993,0.667857,501334.0
000988.SZ,20260422,243100,115.48,28073188.0,116.28,0.0241894,0.257028,100499.0
000989.SZ,20260422,36100,9.37,338257.0,9.37,0.00520058,0.152776,69415.4
000990.SZ,20260422,285500,10.84,3094820.0,10.85,0.0234934,0.425587,121524.0
000993.SZ,20260422,158300,12.54,1985082.0,12.73,0.0359979,0.701169,43974.8
000995.SZ,20260422,152200,13.87,2111014.0,13.83,0.0857909,1.14962,17740.8
000997.SZ,20260422,44700,21.02,939594.0,21.11,0.00443699,0.179041,100744.0
000998.SZ,20260422,91900,9.8,900620.0,9.8,0.00699173,0.386542,131441.0
000999.SZ,20260422,47600,27.46,1307096.0,27.48,0.00286282,0.354221,166269.0
001201.SZ,20260422,34100,13.11,447051.0,13.13,0.0167869,0.507108,20313.5
001202.SZ,20260422,2100,16.94,35574.0,16.95,0.00179758,0.17156,11682.4
001203.SZ,20260422,368000,44.54,16390720.0,45.02,0.0281782,1.32866,130597.0
001205.SZ,20260422,52900,14.66,775514.0,14.66,0.0317748,1.55373,16648.4
001206.SZ,20260422,19400,20.49,397506.0,20.44,0.0181538,0.35102,10686.4
001207.SZ,20260422,41900,17.9,750010.0,17.9,0.0143188,0.574934,29262.2
001208.SZ,20260422,226700,22.0,4987400.0,22.49,0.0711252,0.390027,31873.4
001209.SZ,20260422,15300,20.76,317628.0,20.82,0.0159218,0.809628,9609.46
001210.SZ,20260422,1000,21.15,21150.0,21.2,0.00104933,0.0414403,9529.9
001211.SZ,20260422,7800,31.33,244374.0,31.37,0.0116424,0.161704,6699.66
001212.SZ,20260422,6000,48.7,292200.0,49.01,0.00345128,0.141882,17384.9
001213.SZ,20260422,87200,4.03,351416.0,4.03,0.001962,0.841822,444444.0
001215.SZ,20260422,3600,39.63,142668.0,39.63,0.00371966,0.134153,9678.29
001216.SZ,20260422,37700,19.17,722709.0,19.06,0.0153531,0.955835,24555.3
001217.SZ,20260422,26200,11.86,310732.0,11.87,0.00797363,0.575222,32858.3
001218.SZ,20260422,7000,25.69,179830.0,25.67,0.0075344,0.582852,9290.72
001219.SZ,20260422,3600,14.98,53928.0,14.98,0.00189352,0.100616,19012.2
001220.SZ,20260422,95100,45.0,4279500.0,44.9,0.420635,2.20083,2260.86
001221.SZ,20260422,2900,62.98,182642.0,63.39,0.00805354,0.253078,3600.9
001222.SZ,20260422,2700,19.93,53811.0,20.03,0.00251373,0.144781,10741.0
001223.SZ,20260422,2300,58.5,134550.0,58.75,0.00246379,0.127502,9335.2
001225.SZ,20260422,8100,50.5,409050.0,50.67,0.0385003,0.871136,2103.88
001226.SZ,20260422,1000,45.97,45970.0,45.97,0.00294753,0.100268,3392.67
001227.SZ,20260422,386521,2.23,861941.83,2.23,0.00916469,1.3266,421750.0
001228.SZ,20260422,4300,34.66,149038.0,34.69,0.00538411,0.246447,7986.46
001229.SZ,20260422,47700,39.3,1874610.0,39.37,0.0905477,2.05066,5267.94
001230.SZ,20260422,33360,27.49,917066.4,27.73,0.0424664,0.694443,7855.63
001231.SZ,20260422,10200,23.72,241944.0,23.76,0.0200623,0.224028,5084.15
001233.SZ,20260422,5800,67.9,393820.0,68.31,0.0163907,0.350601,3538.59
001234.SZ,20260422,2600,26.79,69654.0,26.87,0.00284198,0.0855443,9148.55
001236.SZ,20260422,13300,9.17,121961.0,9.17,0.00175444,0.220811,75807.8
001238.SZ,20260422,1400,47.07,65898.0,47.32,0.00135048,0.231943,10366.7
001239.SZ,20260422,1600,15.13,24208.0,15.19,0.00140351,0.0567947,11400.0
001255.SZ,20260422,700,37.2,26040.0,37.25,0.000985138,0.0602638,7105.6
001256.SZ,20260422,1200,23.93,28716.0,23.88,0.00112241,0.0544796,10691.3
001257.SZ,20260422,327700,24.21,7933617.0,24.66,0.239288,0.962645,13694.8
001258.SZ,20260422,890400,9.41,8378664.0,9.39,0.095401,2.44179,93332.4
001259.SZ,20260422,3000,31.4,94200.0,31.57,0.00630988,0.368711,4754.45
001260.SZ,20260422,3400,21.57,73338.0,21.57,0.00295652,0.229417,11500.0
001266.SZ,20260422,2100,33.0,69300.0,33.1,0.00361562,0.157154,5808.14
001267.SZ,20260422,244100,44.1,10764810.0,44.68,0.0403043,0.39421,60564.3
001268.SZ,20260422,257200,37.37,9611564.0,37.19,0.408686,5.52601,6293.33
001269.SZ,20260422,12900,21.92,282768.0,22.06,0.00670436,0.435998,19241.2
001270.SZ,20260422,108900,143.98,15679422.0,147.0,0.0535136,1.27622,20350.0
001277.SZ,20260422,800,35.7,28560.0,35.81,0.00175633,0.106822,4554.95
001278.SZ,20260422,3700,21.45,79365.0,21.44,0.00433708,0.179516,8531.09
001279.SZ,20260422,10200,32.09,327318.0,32.1,0.0255,1.57183,4000.0
001280.SZ,20260422,61600,84.24,5189184.0,85.39,0.0389658,0.501253,15808.7
001282.SZ,20260422,13500,20.89,282015.0,21.03,0.0172712,0.276505,7816.48
001283.SZ,20260422,24800,72.0,1785600.0,71.9,0.0311016,0.496523,7973.87
001285.SZ,20260422,11600,53.44,619904.0,53.8,0.027954,0.688963,4149.68
001286.SZ,20260422,508400,11.62,5907608.0,11.77,0.0376593,1.86531,135000.0
001287.SZ,20260422,111000,27.39,3040290.0,27.47,0.0146072,0.38513,75990.0
001288.SZ,20260422,8400,28.0,235200.0,28.13,0.00552937,0.181643,15191.6
001289.SZ,20260422,151600,15.8,2395280.0,15.75,0.00300678,1.92476,504193.0
001296.SZ,20260422,10500,25.41,266805.0,25.66,0.0136627,0.383753,7685.13
001298.SZ,20260422,50365,21.82,1098964.3,21.81,0.0211019,0.399912,23867.5
001299.SZ,20260422,60400,14.7,887880.0,14.77,0.0276557,0.261574,21840.0
001300.SZ,20260422,14800,18.53,274244.0,18.23,0.00607115,0.177481,24377.6
001301.SZ,20260422,112200,75.01,8416122.0,73.99,0.0603054,1.64616,18605.3
001306.SZ,20260422,2600,70.1,182260.0,70.15,0.0167744,0.276536,1549.98
001308.SZ,20260422,11800,20.05,236590.0,20.17,0.00242182,0.575504,48723.7
001309.SZ,20260422,131873,514.71,67876351.83,514.6,0.081743,0.891943,16132.6
001311.SZ,20260422,7900,31.51,248929.0,31.64,0.00579798,0.186846,13625.4
001312.SZ,20260422,553900,28.1,15564590.0,30.57,0.96903,1.35115,5716.03
001313.SZ,20260422,130800,8.34,1090872.0,8.37,0.0187091,0.873586,69912.6
001314.SZ,20260422,1900,43.5,82650.0,43.57,0.00152746,0.134483,12438.9
001316.SZ,20260422,12600,50.43,635418.0,50.67,0.0113216,0.452486,11129.2
001317.SZ,20260422,7100,50.2,356420.0,50.2,0.0083059,0.261915,8548.14
001318.SZ,20260422,1000,13.6,13600.0,13.62,0.000353782,0.0489286,28266.0
001319.SZ,20260422,17800,25.32,450696.0,25.41,0.0217073,1.00248,8200.01
001322.SZ,20260422,38100,7.32,278892.0,7.34,0.00484972,0.861862,78561.3
001323.SZ,20260422,600,24.23,14538.0,24.23,0.000192772,0.0543147,31124.8
001324.SZ,20260422,14600,20.62,301052.0,20.67,0.0178804,0.44066,8165.36
001325.SZ,20260422,52200,65.02,3394044.0,64.78,0.266327,1.42356,1960.0
001326.SZ,20260422,2500,54.2,135500.0,54.2,0.010372,0.163394,2410.33
001328.SZ,20260422,2900,34.3,99470.0,34.64,0.00179326,0.190502,16171.7
001330.SZ,20260422,3058202,8.53,26086463.06,8.83,0.222493,1.90713,137452.0
001331.SZ,20260422,7900,51.0,402900.0,51.02,0.00470586,0.19818,16787.6
001332.SZ,20260422,900,57.49,51741.0,57.63,0.00187486,0.0518138,4800.35
001333.SZ,20260422,28500,24.82,707370.0,24.86,0.0647727,1.11631,4400.0
001335.SZ,20260422,14500,45.17,654965.0,45.17,0.0567647,1.14255,2554.4
001336.SZ,20260422,7500,26.38,197850.0,26.32,0.0161002,0.621015,4658.32
001337.SZ,20260422,53700,48.0,2577600.0,48.55,0.0127857,0.629537,42000.0
001338.SZ,20260422,97000,12.38,1200860.0,12.41,0.0193331,0.845043,50173.1
001339.SZ,20260422,34300,72.1,2473030.0,72.09,0.0287235,0.321472,11941.5
001356.SZ,20260422,18900,10.93,206577.0,10.96,0.00941954,0.711244,20064.7
001358.SZ,20260422,4300,27.98,120314.0,28.03,0.00865253,0.318172,4969.65
001359.SZ,20260422,4000,83.48,333920.0,83.47,0.00862441,0.198593,4638.0
001360.SZ,20260422,900,21.81,19629.0,21.83,0.000717221,0.0374645,12548.4
001366.SZ,20260422,481400,15.08,7259512.0,15.14,0.299602,5.73034,16068.0
001367.SZ,20260422,82000,25.36,2079520.0,25.25,0.0674137,1.14732,12163.7
001368.SZ,20260422,21800,29.66,646588.0,29.39,0.0201458,0.685931,10821.1
001369.SZ,20260422,89900,16.06,1443794.0,16.11,0.0447198,0.491698,20102.9
001373.SZ,20260422,5400,34.6,186840.0,34.6,0.0162986,0.444825,3313.17
001376.SZ,20260422,20900,15.68,327712.0,15.78,0.00977765,0.228983,21375.3
001378.SZ,20260422,800,25.77,20616.0,25.74,0.0012402,0.0271662,6450.58
001379.SZ,20260422,6000,21.73,130380.0,21.88,0.00891544,0.361059,6729.9
001380.SZ,20260422,1300,19.52,25376.0,19.65,0.00147722,0.0768792,8800.33
001382.SZ,20260422,7800,20.5,159900.0,20.65,0.012381,0.125099,6300.0
001386.SZ,20260422,177700,18.75,3331875.0,19.37,0.165237,6.42703,10754.3
001387.SZ,20260422,28500,13.45,383325.0,13.42,0.0250197,1.46514,11391.0
001388.SZ,20260422,3400,39.65,134810.0,39.58,0.0108974,0.296034,3120.0
001389.SZ,20260422,93000,158.28,14720040.0,158.3,0.0612062,0.838817,15194.5
001390.SZ,20260422,1100,21.71,23881.0,21.73,0.0022,0.0846759,5000.0
001391.SZ,20260422,53000,5.32,281960.0,5.32,0.00348832,0.398627,151935.0
001395.SZ,20260422,8300,39.9,331170.0,39.89,0.017701,1.62006,4689.0
001396.SZ,20260422,8500,48.8,414800.0,49.14,0.038276,0.315309,2220.71
001400.SZ,20260422,42900,209.05,8968245.0,213.62,0.286,1.48149,1500.0
001696.SZ,20260422,48800,19.55,954040.0,19.67,0.00547455,0.183738,89139.8
001872.SZ,20260422,3400,21.67,73678.0,21.66,0.000147698,0.164865,230200.0
001896.SZ,20260422,2966994,16.88,50082858.72,17.1,0.194457,1.25158,152578.0
001914.SZ,20260422,27000,10.35,279450.0,10.34,0.00256236,0.330906,105372.0
001965.SZ,20260422,25700,9.26,237982.0,9.3,0.000378214,0.162227,679510.0
001979.SZ,20260422,142600,8.6,1226360.0,8.6,0.00169488,0.246379,841358.0
002001.SZ,20260422,148600,34.85,5178710.0,35.08,0.00489321,0.283854,303686.0
002003.SZ,20260422,22100,10.02,221442.0,10.01,0.00216221,0.34551,102210.0
002004.SZ,20260422,108300,5.25,568575.0,5.26,0.00575568,0.445611,188162.0
002005.SZ,20260422,10000,2.82,28200.0,2.79,0.000570779,0.116319,175199.0
002006.SZ,20260422,29000,17.85,517650.0,17.88,0.00557914,0.362399,51979.3
002007.SZ,20260422,12500,14.9,186250.0,14.93,0.000794551,0.157435,157321.0
002008.SZ,20260422,452400,91.31,41308644.0,92.8,0.0472862,0.924567,95672.7
002009.SZ,20260422,430400,25.35,10910640.0,25.1,0.12154,1.82537,35412.3
002010.SZ,20260422,49600,5.88,291648.0,5.91,0.00179884,0.193315,275732.0
002011.SZ,20260422,49700,12.15,603855.0,12.21,0.00469063,0.521518,105956.0
002012.SZ,20260422,54500,7.05,384225.0,7.09,0.0116546,0.377536,46762.5
002014.SZ,20260422,24000,11.99,287760.0,11.96,0.00397011,1.2884,60451.7
002015.SZ,20260422,1203200,18.78,22596096.0,18.91,0.0741195,0.601567,162332.0
002016.SZ,20260422,84100,5.55,466755.0,5.57,0.0103943,0.490354,80909.6
002017.SZ,20260422,10700,19.04,203728.0,19.1,0.00184455,0.109328,58008.6
002019.SZ,20260422,28300,11.9,336770.0,11.92,0.00336315,0.12012,84147.4
002020.SZ,20260422,18900,15.05,284445.0,15.05,0.00261061,0.139527,72396.8
002021.SZ,20260422,98400,2.87,282408.0,2.9,0.00823129,0.286505,119544.0
002022.SZ,20260422,15600,5.72,89232.0,5.74,0.00303338,0.190478,51427.8
002023.SZ,20260422,1188300,12.77,15174591.0,12.85,0.160395,1.48861,74086.0
002024.SZ,20260422,313300,1.3,407290.0,1.3,0.00338582,0.991556,925329.0
002025.SZ,20260422,369707,73.83,27295467.81,74.31,0.0814563,0.915938,45387.1
002026.SZ,20260422,26100,13.06,340866.0,13.09,0.00592517,0.469876,44049.4
002027.SZ,20260422,293700,6.28,1844436.0,6.28,0.00203362,0.231754,1444220.0
002028.SZ,20260422,61300,215.01,13180113.0,216.24,0.0100379,0.514635,61068.3
002029.SZ,20260422,139400,9.59,1336846.0,9.65,0.0209496,0.84057,66540.6
002030.SZ,20260422,23100,5.83,134673.0,5.86,0.00164595,0.228905,140345.0
002031.SZ,20260422,55500,6.1,338550.0,6.11,0.00286266,0.154066,193875.0
002032.SZ,20260422,7500,46.94,352050.0,46.93,0.000936118,0.352078,80118.1
002033.SZ,20260422,1873200,10.48,19631136.0,10.69,0.340904,1.83767,54948.0
002034.SZ,20260422,389897,19.18,7478224.46,19.64,0.0884483,2.25598,44081.9
002035.SZ,20260422,23700,6.25,148125.0,6.29,0.00303054,0.139943,78203.8
002036.SZ,20260422,69000,8.92,615480.0,8.97,0.00653739,0.296985,105547.0
002037.SZ,20260422,10800,8.35,90180.0,8.37,0.00223194,0.18058,48388.4
002038.SZ,20260422,1521000,7.32,11133720.0,7.47,0.178539,1.34929,85191.3
002039.SZ,20260422,259100,21.51,5573241.0,22.0,0.0606001,1.60383,42755.7
002040.SZ,20260422,53500,10.09,539815.0,10.06,0.0110065,0.778385,48607.5
002041.SZ,20260422,37600,10.16,382016.0,10.21,0.00427273,0.389599,88000.0
002042.SZ,20260422,433700,4.93,2138141.0,4.99,0.0255015,0.428689,170068.0
002043.SZ,20260422,7700,14.56,112112.0,14.6,0.000953533,0.0848256,80752.3
002044.SZ,20260422,227600,5.25,1194900.0,5.29,0.00587472,0.163928,387423.0
002045.SZ,20260422,139800,11.38,1590924.0,11.39,0.0248876,1.19368,56172.5
002046.SZ,20260422,75300,53.03,3993159.0,53.27,0.0142397,0.415612,52880.3
002047.SZ,20260422,388800,5.54,2153952.0,5.62,0.0256437,1.25548,151616.0
002048.SZ,20260422,154400,27.96,4317024.0,28.13,0.0217526,0.935437,70979.9
002049.SZ,20260422,79200,69.89,5535288.0,70.27,0.00932297,0.437646,84951.5
002050.SZ,20260422,467893,45.8,21429499.4,46.11,0.0127,0.545983,368420.0
002051.SZ,20260422,4694600,11.88,55771848.0,11.88,0.379411,3.44118,123734.0
002052.SZ,20260422,18500,10.1,186850.0,10.18,0.00268354,0.160429,68938.7
002053.SZ,20260422,41100,11.4,468540.0,11.46,0.00446388,0.502088,92072.3
002054.SZ,20260422,33400,8.2,273880.0,8.23,0.00869764,0.16596,38401.2
002055.SZ,20260422,84600,6.01,508446.0,6.03,0.0142427,0.502357,59399.0
002056.SZ,20260422,155100,19.87,3081837.0,19.9,0.00954443,0.575545,162503.0
002057.SZ,20260422,8000,9.73,77840.0,9.79,0.00106182,0.0970269,75342.5
002058.SZ,20260422,1600,23.01,36816.0,23.1,0.00111796,0.0623802,14311.8
002059.SZ,20260422,56700,5.05,286335.0,5.07,0.00576779,0.226568,98304.6
002060.SZ,20260422,404000,3.85,1555400.0,3.87,0.0258508,0.485136,156281.0
002061.SZ,20260422,69400,3.89,269966.0,3.89,0.00267012,0.466789,259914.0
002062.SZ,20260422,402200,9.03,3631866.0,9.09,0.0357606,0.751271,112470.0
002063.SZ,20260422,87800,6.34,556652.0,6.37,0.00497811,0.202324,176372.0
002064.SZ,20260422,538400,11.52,6202368.0,11.27,0.0108724,1.40261,495199.0
002065.SZ,20260422,782500,8.21,6424325.0,8.36,0.0269093,2.63434,290792.0
002066.SZ,20260422,74600,22.41,1671786.0,23.16,0.0322944,1.23455,23100.0
002067.SZ,20260422,252300,4.89,1233747.0,4.89,0.0188621,0.743536,133760.0
002068.SZ,20260422,10200,8.68,88536.0,8.72,0.00138779,0.0621863,73497.9
002069.SZ,20260422,284900,3.78,1076922.0,3.81,0.0401145,2.6148,71021.6
002072.SZ,20260422,15800,7.57,119606.0,7.6,0.00429895,0.250749,36753.2
002073.SZ,20260422,66000,7.19,474540.0,7.26,0.00651117,0.270421,101364.0
002074.SZ,20260422,336200,40.36,13569032.0,40.56,0.0193642,0.466933,173619.0
002075.SZ,20260422,223400,4.65,1038810.0,4.68,0.0101831,1.14882,219382.0
002076.SZ,20260422,120500,2.19,263895.0,2.21,0.0115613,0.451263,104227.0
002077.SZ,20260422,87400,15.76,1377424.0,15.77,0.0150599,0.554332,58034.9
002078.SZ,20260422,104800,14.5,1519600.0,14.5,0.00377337,0.554563,277735.0
002079.SZ,20260422,181100,10.47,1896117.0,10.47,0.022337,0.510262,81076.4
002080.SZ,20260422,263000,50.6,13307800.0,50.73,0.0156723,0.45931,167812.0
002081.SZ,20260422,25431496,4.94,125631590.24,4.49,0.961637,30.0911,264460.0
002082.SZ,20260422,147100,27.68,4071728.0,27.88,0.0265882,0.336205,55325.3
002083.SZ,20260422,444100,11.6,5151560.0,11.8,0.046929,0.490248,94632.3
002084.SZ,20260422,52500,3.76,197400.0,3.77,0.00814533,0.332444,64454.1
002085.SZ,20260422,106300,14.58,1549854.0,14.58,0.00500636,0.363042,212330.0
002086.SZ,20260422,219400,2.01,440994.0,2.02,0.0138748,0.735125,158129.0
002088.SZ,20260422,30500,10.37,316285.0,10.46,0.00603015,0.660189,50579.1
002090.SZ,20260422,28900,10.62,306918.0,10.62,0.00731579,0.332899,39503.6
002091.SZ,20260422,141800,9.45,1340010.0,9.5,0.00887253,0.615164,159819.0
002092.SZ,20260422,92000,6.1,561200.0,6.11,0.00357206,0.170418,257555.0
002093.SZ,20260422,65700,9.65,634005.0,9.59,0.00652109,0.682517,100750.0
002094.SZ,20260422,30600,6.22,190332.0,6.23,0.00443187,0.203233,69045.4
002095.SZ,20260422,1300,16.4,21320.0,16.37,0.000516471,0.0499249,25170.8
002096.SZ,20260422,10500,11.78,123690.0,11.81,0.000846475,0.188314,124044.0
002097.SZ,20260422,30200,9.99,301698.0,10.01,0.00281533,0.242071,107270.0
002098.SZ,20260422,9800,8.88,87024.0,8.94,0.00273752,0.360583,35798.9
002099.SZ,20260422,131500,7.15,940225.0,7.17,0.0081389,0.546398,161570.0
002100.SZ,20260422,99500,7.8,776100.0,7.84,0.00728803,0.254807,136525.0
002101.SZ,20260422,17100,10.18,174078.0,10.22,0.00258225,0.137662,66221.2
002102.SZ,20260422,50900,2.8,142520.0,2.82,0.0023425,0.122423,217290.0
002103.SZ,20260422,28500,8.17,232845.0,8.19,0.00734279,0.45173,38813.6
002104.SZ,20260422,37700,14.8,557960.0,14.86,0.00628649,0.181522,59969.9
002105.SZ,20260422,8200,6.33,51906.0,6.32,0.00224984,0.157834,36447.1
002106.SZ,20260422,23300,10.85,252805.0,10.93,0.00330542,0.172943,70490.2
002107.SZ,20260422,718500,7.67,5510895.0,7.77,0.125745,1.28151,57139.4
002108.SZ,20260422,2885500,5.9,17024450.0,6.08,0.175144,1.31612,164750.0
002109.SZ,20260422,121300,3.87,469431.0,3.86,0.00950426,0.349076,127627.0
002110.SZ,20260422,125200,3.64,455728.0,3.63,0.00515422,0.580145,242908.0
002111.SZ,20260422,10800,9.94,107352.0,9.98,0.00220971,0.208559,48875.1
002112.SZ,20260422,68200,21.43,1461526.0,21.43,0.0260226,0.19261,26208.0
002114.SZ,20260422,33200,8.97,297804.0,9.03,0.0102662,0.326468,32339.1
002115.SZ,20260422,157900,12.76,2014804.0,12.69,0.0209919,0.379412,75219.6
002116.SZ,20260422,14100,10.39,146499.0,10.43,0.00306056,0.265649,46070.0
002117.SZ,20260422,3200,9.99,31968.0,9.97,0.000611217,0.0441666,52354.6
002119.SZ,20260422,74700,21.69,1620243.0,21.74,0.0199049,0.159158,37528.4
002120.SZ,20260422,118900,7.2,856080.0,7.21,0.00422361,0.193222,281513.0
002121.SZ,20260422,49800,7.5,373500.0,7.54,0.00355734,0.153727,139992.0
002122.SZ,20260422,72000,2.95,212400.0,2.97,0.00362224,0.497803,198772.0
002123.SZ,20260422,115900,9.93,1150887.0,10.02,0.0160957,0.481379,72007.0
002124.SZ,20260422,3245800,2.91,9445278.0,2.88,0.164565,0.82893,197235.0
002125.SZ,20260422,38900,14.19,551991.0,14.18,0.0061794,0.195319,62951.1
002126.SZ,20260422,58800,47.9,2816520.0,48.35,0.00740354,0.262831,79421.5
002127.SZ,20260422,26500,2.77,73405.0,2.78,0.0013285,0.142555,199473.0
002128.SZ,20260422,22700,33.47,759769.0,33.47,0.00101268,0.105971,224157.0
002129.SZ,20260422,456200,8.69,3964378.0,8.76,0.0112927,0.767839,403978.0
002130.SZ,20260422,63500,25.82,1639570.0,26.0,0.00553641,0.151763,114695.0
002131.SZ,20260422,1798900,7.94,14283266.0,8.01,0.0307252,0.329235,585480.0
002132.SZ,20260422,857800,4.5,3860100.0,4.54,0.0612941,0.523784,139948.0
002133.SZ,20260422,100900,3.24,326916.0,3.25,0.0131061,0.572256,76987.0
002134.SZ,20260422,19100,23.14,441974.0,23.15,0.0077488,0.174498,24649.0
002135.SZ,20260422,74700,7.61,568467.0,7.65,0.00715606,0.25726,104387.0
002136.SZ,20260422,24300,13.8,335340.0,13.82,0.011331,0.299084,21445.6
002137.SZ,20260422,43500,8.16,354960.0,8.18,0.0109722,0.475177,39645.8
002138.SZ,20260422,90400,35.12,3174848.0,35.1,0.0119498,0.40534,75650.0
002139.SZ,20260422,65600,12.06,791136.0,12.1,0.0061246,0.531377,107109.0
002140.SZ,20260422,53100,12.6,669060.0,12.68,0.00751102,0.729091,70696.1
002141.SZ,20260422,118600,3.76,445936.0,3.79,0.0116392,0.591499,101897.0
002142.SZ,20260422,30600,32.38,990828.0,32.41,0.000463644,0.130048,659989.0
002144.SZ,20260422,4900,15.3,74970.0,15.3,0.00355997,0.123829,13764.2
002145.SZ,20260422,118600,4.73,560978.0,4.73,0.00318059,0.30387,372887.0
002146.SZ,20260422,774500,1.33,1030085.0,1.34,0.0198005,1.00225,391152.0
002148.SZ,20260422,26000,7.68,199680.0,7.68,0.00578655,0.314325,44931.8
002149.SZ,20260422,1491692,59.01,88024744.92,61.33,0.305587,1.49605,48813.9
002150.SZ,20260422,121200,29.88,3621456.0,29.77,0.0338033,0.602714,35854.5
002151.SZ,20260422,108500,39.46,4281410.0,39.77,0.0245023,0.556974,44281.5
002152.SZ,20260422,30900,12.03,371727.0,12.08,0.0012449,0.159403,248213.0
002153.SZ,20260422,31100,9.63,299493.0,9.65,0.00194404,0.189605,159976.0
002154.SZ,20260422,42500,3.67,155975.0,3.68,0.00360239,0.1793,117977.0
002155.SZ,20260422,390600,30.46,11897676.0,30.88,0.0249982,0.675704,156251.0
002156.SZ,20260422,501000,47.8,23947800.0,47.23,0.0330159,0.612412,151745.0
002157.SZ,20260422,1707200,3.3,5633760.0,3.33,0.0235884,0.452803,723746.0
002158.SZ,20260422,4400,24.88,109472.0,25.03,0.000824608,0.113012,53358.7
002159.SZ,20260422,3400,17.23,58582.0,17.26,0.00245536,0.0802422,13847.3
002160.SZ,20260422,57600,5.08,292608.0,5.11,0.00558828,0.226697,103073.0
002161.SZ,20260422,34100,6.96,237336.0,7.01,0.00483865,0.195977,70474.3
002162.SZ,20260422,74200,4.53,336126.0,4.53,0.00807844,0.517798,91849.4
002163.SZ,20260422,413100,12.85,5308335.0,12.91,0.0514094,1.28492,80354.9
002164.SZ,20260422,11700,12.85,150345.0,12.83,0.00243864,0.143528,47977.5
002165.SZ,20260422,123000,9.58,1178340.0,9.58,0.0169042,0.369495,72763.0
002166.SZ,20260422,19000,8.76,166440.0,8.76,0.00257249,0.22897,73858.5
002167.SZ,20260422,79400,12.97,1029818.0,13.1,0.0104651,0.324246,75871.3
002168.SZ,20260422,328300,4.29,1408407.0,4.37,0.0418663,3.20039,78416.3
002169.SZ,20260422,281100,14.72,4137792.0,14.9,0.0370515,0.88249,75867.4
002170.SZ,20260422,97900,13.7,1341230.0,13.68,0.0124376,0.300102,78713.0
002171.SZ,20260422,104600,11.76,1230096.0,11.83,0.00648183,0.31135,161374.0
002172.SZ,20260422,37100,3.78,140238.0,3.78,0.00484878,0.2564,76514.1
002173.SZ,20260422,253300,24.88,6302104.0,25.17,0.0601856,1.10908,42086.5
002174.SZ,20260422,155400,9.69,1505826.0,9.72,0.0158691,1.03554,97925.9
002175.SZ,20260422,340400,2.49,847596.0,2.51,0.0266608,0.498953,127678.0
002176.SZ,20260422,703100,11.5,8085650.0,11.71,0.0412129,0.520938,170602.0
002177.SZ,20260422,273200,7.56,2065392.0,7.61,0.0404789,0.470084,67491.9
002178.SZ,20260422,11200,6.0,67200.0,6.03,0.00157351,0.100539,71178.3
002179.SZ,20260422,77400,36.2,2801880.0,36.44,0.00369186,0.267447,209650.0
002180.SZ,20260422,54300,18.05,980115.0,18.18,0.0039918,0.237488,136029.0
002181.SZ,20260422,284600,13.32,3790872.0,13.39,0.0250851,0.281504,113454.0
002182.SZ,20260422,47600,16.37,779212.0,16.44,0.00549963,0.240655,86551.2
002183.SZ,20260422,932500,5.98,5576350.0,6.01,0.0359069,0.488145,259699.0
002184.SZ,20260422,12000,11.55,138600.0,11.57,0.00499227,0.235571,24037.2
002185.SZ,20260422,249700,12.5,3121250.0,12.55,0.00764501,0.270576,326618.0
002186.SZ,20260422,2700,10.33,27891.0,10.36,0.000880048,0.0489353,30680.2
002187.SZ,20260422,17500,6.14,107450.0,6.19,0.00249681,0.194434,70089.5
002188.SZ,20260422,61100,6.57,401427.0,6.57,0.0237408,0.479064,25736.3
002189.SZ,20260422,11300,20.56,232328.0,20.64,0.00432685,0.304126,26116.0
002190.SZ,20260422,7600,31.66,240616.0,31.8,0.00211859,0.18302,35872.9
002191.SZ,20260422,63400,3.57,226338.0,3.6,0.0044012,0.538918,144052.0
002192.SZ,20260422,455464,80.15,36505439.6,80.67,0.175775,1.29529,25911.8
002193.SZ,20260422,12700,6.47,82169.0,6.48,0.00485262,0.148591,26171.4
002194.SZ,20260422,3678704,11.86,43629429.44,10.78,0.720053,33.7002,51089.4
002195.SZ,20260422,574700,9.08,5218276.0,9.13,0.0102602,0.315122,560126.0
002196.SZ,20260422,102400,14.34,1468416.0,14.5,0.020966,0.332909,48841.0
002197.SZ,20260422,66300,7.4,490620.0,7.45,0.0124157,0.236074,53400.0
002198.SZ,20260422,41800,7.59,317262.0,7.62,0.00823677,0.255454,50748.1
002199.SZ,20260422,0,,0.0,9.43,0.0,0.0,24344.2
002200.SZ,20260422,14700,7.73,113631.0,7.77,0.0075105,0.565527,19572.6
002201.SZ,20260422,3495400,13.93,48690922.0,13.93,0.580609,5.89994,60202.3
002202.SZ,20260422,872400,25.88,22577712.0,26.13,0.0259372,0.415711,336350.0
002203.SZ,20260422,299000,17.86,5340140.0,17.71,0.0135163,0.54273,221214.0
002204.SZ,20260422,143200,6.89,986648.0,6.9,0.00741443,0.557317,193137.0
002205.SZ,20260422,8400,12.74,107016.0,12.79,0.00451994,0.322999,18584.3
002206.SZ,20260422,19800,6.23,123354.0,6.26,0.00187352,0.130496,105684.0
002207.SZ,20260422,178800,7.18,1283784.0,7.22,0.0685552,0.794631,26081.2
002208.SZ,20260422,250700,12.68,3178876.0,12.7,0.0312176,0.794355,80307.2
002209.SZ,20260422,15500,16.81,260555.0,16.8,0.00991601,0.175775,15631.3
002210.SZ,20260422,189500,2.58,488910.0,2.59,0.0071341,0.382681,265626.0
002211.SZ,20260422,1000,3.65,3650.0,3.66,0.000231227,0.0158221,43247.6
002212.SZ,20260422,111100,7.54,837694.0,7.59,0.00952136,0.502447,116685.0
002213.SZ,20260422,138700,36.12,5009844.0,36.18,0.0671485,0.321632,20655.7
002214.SZ,20260422,28800,18.82,542016.0,18.97,0.00601986,0.731375,47841.7
002215.SZ,20260422,103300,10.13,1046429.0,10.14,0.0128644,0.830743,80299.3
002216.SZ,20260422,21100,13.15,277465.0,13.12,0.00334654,0.356143,63050.2
002217.SZ,20260422,23384300,2.82,65943726.0,2.98,0.321243,4.6615,727932.0
002218.SZ,20260422,1196600,5.75,6880450.0,5.8,0.0862304,1.3974,138768.0
002219.SZ,20260422,768700,2.33,1791071.0,2.32,0.023493,0.558924,327204.0
002221.SZ,20260422,100600,8.2,824920.0,8.19,0.00688628,0.554621,146088.0
002222.SZ,20260422,121100,93.36,11305896.0,93.52,0.0258677,0.430719,46815.2
002223.SZ,20260422,5500,32.76,180180.0,32.75,0.000585008,0.0889804,94015.8
002224.SZ,20260422,48100,4.36,209716.0,4.38,0.00596493,0.337906,80638.0
002225.SZ,20260422,26800,5.74,153832.0,5.77,0.00275104,0.195258,97417.7
002226.SZ,20260422,21200,5.65,119780.0,5.66,0.000800341,0.13541,264887.0
002228.SZ,20260422,632600,4.0,2530400.0,4.03,0.0523103,2.17691,120932.0
002229.SZ,20260422,482560,18.89,9115558.4,18.94,0.0978514,0.536446,49315.6
002230.SZ,20260422,159200,48.6,7737120.0,48.78,0.0072719,0.451101,218925.0
002232.SZ,20260422,15300,18.29,279837.0,18.23,0.00374497,0.314859,40854.8
002233.SZ,20260422,40000,9.14,365600.0,9.18,0.00340927,0.627025,117327.0
002234.SZ,20260422,70600,8.86,625516.0,8.84,0.0234233,1.23039,30140.9
002235.SZ,20260422,65300,9.36,611208.0,9.45,0.011796,0.160103,55357.8
002236.SZ,20260422,95300,18.47,1760191.0,18.52,0.00395662,0.139654,240862.0
002237.SZ,20260422,337700,17.1,5774670.0,17.25,0.0283221,0.624042,119236.0
002238.SZ,20260422,39731,7.14,283679.34,7.19,0.00495054,0.798186,80255.9
002239.SZ,20260422,211600,3.04,643264.0,3.05,0.00647857,0.332845,326615.0
002240.SZ,20260422,745800,47.94,35753652.0,48.45,0.0816949,1.10234,91290.9
002241.SZ,20260422,211400,24.47,5172958.0,24.57,0.00673577,0.291288,313847.0
002242.SZ,20260422,749299,10.55,7905104.45,10.69,0.0983738,3.60966,76168.6
002243.SZ,20260422,65200,8.96,584192.0,8.98,0.00541464,0.755116,120414.0
002244.SZ,20260422,216700,10.13,2195171.0,10.2,0.00806806,0.834239,268590.0
002245.SZ,20260422,888700,20.32,18058384.0,20.18,0.0818671,1.29102,108554.0
002246.SZ,20260422,54200,26.31,1426002.0,26.57,0.00987187,0.218538,54903.5
002247.SZ,20260422,102300,2.8,286440.0,2.79,0.0158964,0.542892,64354.1
002248.SZ,20260422,41100,12.35,507585.0,12.4,0.013366,0.228672,30749.6
002249.SZ,20260422,107900,9.4,1014260.0,9.43,0.00579565,0.382331,186174.0
002250.SZ,20260422,11700,16.55,193635.0,16.67,0.0013073,0.0986091,89497.6
002251.SZ,20260422,88300,4.23,373509.0,4.25,0.00410226,0.154036,215247.0
002252.SZ,20260422,153500,5.64,865740.0,5.66,0.00231391,0.629264,663378.0
002253.SZ,20260422,21000,11.27,236670.0,11.27,0.0100814,0.366111,20830.4
002254.SZ,20260422,33400,10.47,349698.0,10.54,0.00392679,0.139327,85056.8
002255.SZ,20260422,24100,10.74,258834.0,10.8,0.00377759,0.125424,63797.2
002256.SZ,20260422,2677500,4.21,11272275.0,4.1,0.137169,2.29863,195197.0
002258.SZ,20260422,16000,14.0,224000.0,14.01,0.00200213,0.10837,79914.9
002259.SZ,20260422,364000,5.79,2107560.0,5.77,0.0483831,0.805664,75232.8
002261.SZ,20260422,333500,36.16,12059360.0,36.15,0.0291101,0.294158,114565.0
002262.SZ,20260422,78600,21.18,1664748.0,21.18,0.00889214,0.509721,88392.7
002263.SZ,20260422,1644016,4.93,8104998.88,5.02,0.0875247,0.43872,187835.0
002264.SZ,20260422,42700,8.29,353983.0,8.31,0.00652125,0.267106,65478.3
002265.SZ,20260422,59200,22.62,1339104.0,22.86,0.00573066,0.53309,103304.0
002266.SZ,20260422,391800,4.5,1763100.0,4.49,0.00800114,0.655226,489680.0
002267.SZ,20260422,48800,7.7,375760.0,7.72,0.00438819,0.793587,111208.0
002268.SZ,20260422,19800,16.59,328482.0,16.62,0.00234249,0.191924,84525.4
002269.SZ,20260422,246100,1.62,398682.0,1.62,0.00979502,0.636591,251250.0
002270.SZ,20260422,47000,26.95,1266650.0,27.14,0.0052443,0.306986,89621.1
002271.SZ,20260422,213600,15.27,3261672.0,15.31,0.011157,0.350915,191449.0
002272.SZ,20260422,559800,19.15,10720170.0,19.33,0.137161,0.59429,40813.3
002273.SZ,20260422,466200,32.38,15095556.0,32.39,0.0342271,0.515835,136208.0
002274.SZ,20260422,45600,6.17,281352.0,6.18,0.00486219,0.214855,93784.9
002275.SZ,20260422,4600,14.05,64630.0,14.09,0.000822837,0.202263,55904.1
002276.SZ,20260422,25300,14.41,364573.0,14.5,0.00251178,0.119693,100726.0
002277.SZ,20260422,329800,5.9,1945820.0,5.95,0.0236556,1.67669,139417.0
002278.SZ,20260422,57800,11.52,665856.0,11.63,0.0173703,0.392927,33275.3
002279.SZ,20260422,151800,8.1,1229580.0,8.11,0.0192218,0.743013,78972.7
002281.SZ,20260422,459100,121.5,55780650.0,121.79,0.0588984,0.759372,77947.7
002282.SZ,20260422,7200,6.92,49824.0,6.92,0.00142573,0.132926,50500.5
002283.SZ,20260422,77400,10.73,830502.0,10.79,0.00771818,0.253609,100283.0
002284.SZ,20260422,36800,13.9,511520.0,13.91,0.00503496,0.276583,73088.9
002285.SZ,20260422,280400,3.05,855220.0,3.06,0.0141958,0.326586,197524.0
002286.SZ,20260422,16500,10.25,169125.0,10.29,0.00446486,0.196663,36955.2
002287.SZ,20260422,25200,23.1,582120.0,23.18,0.00441339,1.43798,57099.0
002289.SZ,20260422,237900,30.0,7137000.0,29.31,0.0849783,11.3492,27995.4
002290.SZ,20260422,18900,71.1,1343790.0,71.17,0.00764575,0.198953,24719.6
002291.SZ,20260422,68000,6.39,434520.0,6.38,0.00782396,0.26783,86912.5
002292.SZ,20260422,100100,8.08,808808.0,8.13,0.00983427,0.370273,101787.0
002293.SZ,20260422,332500,10.41,3461325.0,10.2,0.0402258,5.8395,82658.3
002294.SZ,20260422,64600,54.66,3531036.0,54.63,0.00579598,0.316505,111457.0
002295.SZ,20260422,14900,11.02,164198.0,11.13,0.005953,0.453524,25029.4
002296.SZ,20260422,6900,11.48,79212.0,11.53,0.00198609,0.0752439,34741.5
002297.SZ,20260422,5100200,19.1,97413820.0,18.99,0.889924,4.42356,57310.5
002298.SZ,20260422,195100,10.12,1974412.0,10.18,0.0295314,0.565582,66065.4
002299.SZ,20260422,17500,19.0,332500.0,19.12,0.00143568,0.188535,121894.0
002300.SZ,20260422,1943500,10.0,19435000.0,10.34,0.269073,3.11076,72229.5
002301.SZ,20260422,8300,6.66,55278.0,6.68,0.001156,0.0938679,71799.0
002302.SZ,20260422,87800,5.64,495192.0,5.64,0.00695526,1.03765,126235.0
002303.SZ,20260422,47600,3.4,161840.0,3.4,0.00492305,0.287449,96688.1
002304.SZ,20260422,14200,49.67,705314.0,49.73,0.000942639,0.367976,150641.0
002305.SZ,20260422,46300,2.28,105564.0,2.28,0.00266997,0.133281,173410.0
002306.SZ,20260422,136500,2.36,322140.0,2.38,0.0167699,0.818489,81396.0
002307.SZ,20260422,179400,4.63,830622.0,4.66,0.014145,0.603048,126829.0
002309.SZ,20260422,7422500,4.31,31990975.0,4.31,0.308483,1.7245,240613.0
002310.SZ,20260422,1101800,2.95,3250310.0,2.96,0.0256292,0.572362,429901.0
002311.SZ,20260422,30000,48.29,1448700.0,48.42,0.00180449,0.408865,166252.0
002312.SZ,20260422,99300,11.56,1147908.0,11.55,0.00527121,0.327429,188382.0
002313.SZ,20260422,9700,8.37,81189.0,8.44,0.00259099,0.168274,37437.4
002314.SZ,20260422,463600,2.57,1191452.0,2.56,0.0346416,0.463471,133828.0
002315.SZ,20260422,34966,43.48,1520321.68,43.55,0.0172893,0.400929,20224.1
002316.SZ,20260422,40600,5.22,211932.0,5.22,0.0119137,0.272809,34078.5
002317.SZ,20260422,45300,17.8,806340.0,17.89,0.00594787,0.147317,76161.7
002318.SZ,20260422,23300,29.04,676632.0,29.1,0.00244059,0.236229,95468.9
002319.SZ,20260422,34100,11.16,380556.0,11.17,0.01705,0.670039,20000.0
002320.SZ,20260422,36599,8.4,307431.6,8.44,0.00163732,0.276366,223530.0
002321.SZ,20260422,739000,2.16,1596240.0,2.19,0.034795,0.995357,212387.0
002322.SZ,20260422,21800,14.01,305418.0,14.1,0.00620376,0.286746,35140.0
002323.SZ,20260422,385800,2.08,802464.0,2.09,0.0181948,0.366154,212038.0
002324.SZ,20260422,700200,17.28,12099456.0,17.13,0.0901999,1.69035,77627.6
002326.SZ,20260422,230000,24.91,5729300.0,24.82,0.0284597,0.620016,80815.9
002327.SZ,20260422,16500,7.1,117150.0,7.12,0.00336085,0.278544,49094.8
002328.SZ,20260422,2214900,12.2,27021780.0,11.9,0.38804,1.22171,57079.2
002329.SZ,20260422,126100,4.05,510705.0,4.04,0.0193884,0.335213,65038.9
002330.SZ,20260422,22900,4.72,108088.0,4.73,0.00360528,0.187836,63517.9
002331.SZ,20260422,322400,8.63,2782312.0,8.67,0.081446,1.87632,39584.5
002332.SZ,20260422,85700,8.9,762730.0,8.92,0.00870427,0.507619,98457.4
002333.SZ,20260422,288000,5.94,1710720.0,5.94,0.0432102,0.533803,66650.9
002334.SZ,20260422,103100,8.05,829955.0,8.1,0.014027,0.170131,73501.2
002335.SZ,20260422,297300,66.42,19746666.0,67.42,0.0653877,0.915388,45467.3
002337.SZ,20260422,3400,6.13,20842.0,6.13,0.000578235,0.0472944,58799.7
002338.SZ,20260422,363100,64.01,23242031.0,64.06,0.151292,3.03348,24000.0
002339.SZ,20260422,47900,10.5,502950.0,10.52,0.0100043,0.205597,47879.4
002340.SZ,20260422,1458100,8.4,12248040.0,8.48,0.0287273,0.993253,507566.0
002342.SZ,20260422,5164036,20.32,104933211.52,21.42,0.540912,1.88399,95469.0
002343.SZ,20260422,36300,6.38,231594.0,6.43,0.0076634,0.339493,47368.0
002344.SZ,20260422,45000,4.45,200250.0,4.46,0.00351214,0.441485,128127.0
002345.SZ,20260422,97300,11.27,1096571.0,11.24,0.0112196,0.607004,86722.9
002346.SZ,20260422,12800,19.1,244480.0,19.22,0.00325431,0.376776,39332.5
002347.SZ,20260422,126200,8.19,1033578.0,8.28,0.0255785,0.441595,49338.3
002348.SZ,20260422,365600,10.05,3674280.0,9.97,0.0404634,1.56741,90353.3
002349.SZ,20260422,19700,7.3,143810.0,7.35,0.00241961,0.0787601,81418.1
002350.SZ,20260422,47300,13.88,656524.0,13.88,0.00891525,0.219953,53055.1
002351.SZ,20260422,28100,11.3,317530.0,11.31,0.00539289,0.71434,52105.7
002352.SZ,20260422,84300,36.86,3107298.0,36.87,0.00176729,0.407194,477001.0
002353.SZ,20260422,62900,116.12,7303948.0,117.15,0.00910939,0.315355,69049.6
002354.SZ,20260422,146000,5.64,823440.0,5.67,0.00898078,0.268756,162569.0
002355.SZ,20260422,78900,5.97,471033.0,5.98,0.0127635,0.315924,61816.7
002356.SZ,20260422,122400,3.43,419832.0,3.45,0.00933463,0.435293,131125.0
002357.SZ,20260422,22200,10.94,242868.0,10.95,0.00708184,0.190801,31347.8
002358.SZ,20260422,49000,7.52,368480.0,7.56,0.0052702,0.117221,92975.6
002360.SZ,20260422,6768500,6.8,46025800.0,6.29,2.06658,33.1193,32752.2
002361.SZ,20260422,9164000,22.46,205823440.0,22.69,1.13258,2.53206,80912.3
002362.SZ,20260422,4300,18.57,79851.0,18.6,0.00207135,0.147514,20759.4
002363.SZ,20260422,26200,8.55,224010.0,8.6,0.00630174,0.206562,41575.8
002364.SZ,20260422,1239900,44.3,54927570.0,44.16,0.222163,1.01469,55810.4
002365.SZ,20260422,1800,13.46,24228.0,13.46,0.00073383,0.0228513,24528.8
002366.SZ,20260422,59900,7.23,433077.0,7.24,0.00323721,0.153331,185036.0
002367.SZ,20260422,10600,6.38,67628.0,6.38,0.00133405,0.131007,79457.6
002368.SZ,20260422,23400,20.38,476892.0,20.47,0.00377158,0.252489,62043.0
002369.SZ,20260422,17200,7.17,123324.0,7.18,0.00303771,0.162551,56621.5
002370.SZ,20260422,135000,7.15,965250.0,7.19,0.0181046,0.192927,74566.8
002371.SZ,20260422,51655,449.0,23193095.0,450.36,0.00713217,0.453466,72425.3
002372.SZ,20260422,17000,10.46,177820.0,10.42,0.00115579,0.188282,147086.0
002373.SZ,20260422,144100,9.79,1410739.0,9.8,0.0104603,0.614449,137759.0
002374.SZ,20260422,72500,3.1,224750.0,3.11,0.00668074,0.384781,108521.0
002375.SZ,20260422,272300,4.14,1127322.0,4.09,0.0205232,1.48675,132679.0
002376.SZ,20260422,53400,7.08,378072.0,7.08,0.00683468,0.557422,78131.0
002377.SZ,20260422,83000,3.29,273070.0,3.3,0.00951492,0.245445,87231.5
002378.SZ,20260422,280200,32.17,9014034.0,32.51,0.0234453,0.318643,119512.0
002379.SZ,20260422,33000,27.65,912450.0,27.94,0.00290397,0.217158,113637.0
002380.SZ,20260422,28300,33.15,938145.0,33.08,0.019901,0.359224,14220.4
002381.SZ,20260422,25300,6.41,162173.0,6.45,0.00789646,0.476303,32039.7
002382.SZ,20260422,54300,7.38,400734.0,7.37,0.00543429,0.202768,99921.0
002383.SZ,20260422,51300,9.72,498636.0,9.75,0.00692906,0.382259,74036.0
002384.SZ,20260422,1862191,172.06,320408583.46,169.4,0.134326,1.91413,138632.0
002385.SZ,20260422,191800,3.95,757610.0,3.97,0.00544256,0.27047,352408.0
002386.SZ,20260422,109900,6.46,709954.0,6.49,0.00844472,0.231642,130140.0
002387.SZ,20260422,12900,8.2,105780.0,8.24,0.000924734,0.108574,139500.0
002388.SZ,20260422,109700,5.06,555082.0,5.06,0.0216703,0.632017,50622.3
002389.SZ,20260422,121300,22.18,2690434.0,22.36,0.0123177,0.510372,98476.1
002390.SZ,20260422,76900,3.19,245311.0,3.21,0.00398902,0.207945,192779.0
002391.SZ,20260422,635400,6.43,4085622.0,6.22,0.136904,8.33125,46412.1
002392.SZ,20260422,634900,8.16,5180784.0,8.28,0.055504,1.90385,114388.0
002393.SZ,20260422,14200,23.05,327310.0,23.04,0.00567324,0.279701,25029.8
002394.SZ,20260422,2800,13.99,39172.0,14.04,0.000866107,0.0371279,32328.6
002395.SZ,20260422,75500,18.25,1377875.0,18.25,0.0281521,1.30128,26818.6
002396.SZ,20260422,185000,26.91,4978350.0,26.91,0.0317172,0.86839,58328.0
002397.SZ,20260422,464100,4.22,1958502.0,4.17,0.0716356,2.56324,64786.2
002398.SZ,20260422,75500,5.09,384295.0,5.07,0.0123872,0.703332,60949.9
002399.SZ,20260422,1400,11.03,15442.0,11.03,0.000112251,0.0397547,124720.0
002400.SZ,20260422,362100,8.87,3211827.0,8.95,0.0209771,0.33715,172616.0
002401.SZ,20260422,7300,14.61,106653.0,14.67,0.0019658,0.244082,37135.0
002402.SZ,20260422,47200,31.53,1488216.0,31.77,0.00580125,0.181118,81361.8
002403.SZ,20260422,121100,10.77,1304247.0,10.99,0.0407523,2.55214,29716.1
002404.SZ,20260422,37600,7.01,263576.0,7.03,0.00825388,0.657231,45554.3
002405.SZ,20260422,194600,9.11,1772806.0,9.1,0.00826028,0.377384,235585.0
002406.SZ,20260422,63700,7.62,485394.0,7.61,0.0105777,0.383225,60221.3
002407.SZ,20260422,1327500,31.68,42055200.0,31.95,0.123057,1.3248,107877.0
002408.SZ,20260422,1634700,6.38,10429386.0,6.47,0.0594199,3.58391,275110.0
002409.SZ,20260422,31700,87.6,2776920.0,87.59,0.00995219,0.323152,31852.3
002410.SZ,20260422,64700,11.37,735639.0,11.39,0.00412071,0.246543,157012.0
002412.SZ,20260422,12900,6.5,83850.0,6.52,0.00259117,0.115726,49784.5
002413.SZ,20260422,893400,13.9,12418260.0,14.15,0.0689655,0.629595,129543.0
002414.SZ,20260422,1809981,14.15,25611231.15,14.3,0.0532565,1.62197,339861.0
002415.SZ,20260422,455600,33.56,15289936.0,33.73,0.00503626,0.581465,904640.0
002416.SZ,20260422,203000,13.22,2683660.0,13.3,0.0165863,0.443865,122390.0
002418.SZ,20260422,10125800,5.97,60451026.0,6.13,0.891044,3.86382,113640.0
002419.SZ,20260422,16500,5.79,95535.0,5.82,0.00141182,0.0665851,116870.0
002420.SZ,20260422,45800,7.85,359530.0,7.91,0.0114626,0.556516,39955.9
002421.SZ,20260422,470500,2.84,1336220.0,2.85,0.0234465,0.436175,200669.0
002422.SZ,20260422,29900,33.56,1003444.0,33.54,0.00228963,0.126687,130589.0
002423.SZ,20260422,18600,10.16,188976.0,10.18,0.000807255,0.206341,230411.0
002424.SZ,20260422,95400,5.0,477000.0,5.03,0.00786341,0.911033,121321.0
002425.SZ,20260422,30200,3.25,98150.0,3.24,0.00315879,0.19526,95606.1
002426.SZ,20260422,2810700,3.89,10933623.0,3.93,0.0826045,2.03994,340260.0
002427.SZ,20260422,41100,6.38,262218.0,6.43,0.00417384,0.228073,98470.5
002428.SZ,20260422,953757,68.53,65360967.21,68.4,0.14605,0.99674,65303.6
002429.SZ,20260422,400300,10.96,4387288.0,10.99,0.00884771,0.350741,452433.0
002430.SZ,20260422,391300,30.08,11770304.0,30.08,0.0400128,2.00404,97793.8
002431.SZ,20260422,172200,2.53,435666.0,2.54,0.0095539,0.437351,180240.0
002432.SZ,20260422,63700,79.51,5064787.0,80.08,0.0145298,0.191676,43841.0
002434.SZ,20260422,50635,7.63,386345.05,7.67,0.00386138,0.265978,131132.0
002436.SZ,20260422,2114561,29.0,61322269.0,28.21,0.139991,1.62444,151050.0
002437.SZ,20260422,725000,3.7,2682500.0,3.73,0.0347547,0.334066,208605.0
002438.SZ,20260422,19500,16.3,317850.0,16.37,0.00415884,0.268564,46888.1
002439.SZ,20260422,378900,15.12,5728968.0,15.1,0.0520039,0.620865,72859.9
002440.SZ,20260422,40200,11.57,465114.0,11.59,0.00424786,0.183053,94635.9
002441.SZ,20260422,35700,9.47,338079.0,9.47,0.00895738,0.339202,39855.4
002442.SZ,20260422,32900,5.7,187530.0,5.73,0.00667799,0.338909,49266.3
002443.SZ,20260422,76800,9.53,731904.0,9.53,0.0147855,0.290669,51942.7
002444.SZ,20260422,25200,31.81,801612.0,32.05,0.00219697,0.214546,114703.0
002445.SZ,20260422,915800,3.4,3113720.0,3.45,0.0387017,0.750514,236631.0
002446.SZ,20260422,1456700,10.8,15732360.0,10.55,0.171826,3.46131,84777.7
002448.SZ,20260422,26600,15.06,400596.0,15.16,0.00583926,0.177061,45553.7
002449.SZ,20260422,11400,8.15,92910.0,8.16,0.00184324,0.0961898,61847.7
002451.SZ,20260422,46200,9.66,446292.0,9.72,0.0105203,0.302949,43914.9
002452.SZ,20260422,55000,10.95,602250.0,10.96,0.0106609,0.241755,51590.5
002453.SZ,20260422,68300,4.92,336036.0,4.95,0.0111462,0.580886,61276.3
002454.SZ,20260422,41100,10.35,425385.0,10.37,0.00655559,0.183998,62694.6
002455.SZ,20260422,202000,11.18,2258360.0,11.16,0.0305685,0.320094,66081.2
002456.SZ,20260422,672400,9.37,6300388.0,9.43,0.0202712,0.916872,331703.0
002457.SZ,20260422,80200,11.3,906260.0,11.36,0.0240645,0.427235,33327.0
002458.SZ,20260422,536500,11.0,5901500.0,11.12,0.0744736,2.25513,72038.9
002459.SZ,20260422,138600,11.02,1527372.0,11.05,0.00419266,0.33225,330578.0
002460.SZ,20260422,769300,81.85,62967205.0,83.36,0.0635146,0.882936,121122.0
002461.SZ,20260422,18700,9.77,182699.0,9.78,0.000844881,0.223437,221333.0
002462.SZ,20260422,8000,14.11,112880.0,14.16,0.0027447,0.24269,29147.0
002463.SZ,20260422,448746,99.92,44838700.32,99.82,0.023338,0.494492,192281.0
002465.SZ,20260422,712600,16.5,11757900.0,16.8,0.0287584,0.720002,247789.0
002466.SZ,20260422,1740670,70.0,121846900.0,70.71,0.117964,1.95631,147560.0
002467.SZ,20260422,636800,7.2,4584960.0,7.28,0.0465903,0.32262,136681.0
002468.SZ,20260422,334100,17.03,5689723.0,17.06,0.0227713,0.567493,146720.0
002469.SZ,20260422,35200,8.41,296032.0,8.4,0.0056015,0.224271,62840.3
002470.SZ,20260422,903200,2.9,2619280.0,2.9,0.0274884,0.46766,328575.0
002471.SZ,20260422,2947200,9.41,27733152.0,9.77,0.219547,1.08915,134240.0
002472.SZ,20260422,77600,38.9,3018640.0,38.9,0.0102754,0.635476,75520.2
002474.SZ,20260422,37200,7.29,271188.0,7.32,0.00700874,0.238976,53076.6
002475.SZ,20260422,990973,65.39,64799724.47,65.75,0.0136324,0.417256,726927.0
002476.SZ,20260422,9700,5.83,56551.0,5.83,0.00158516,0.112888,61192.7
002478.SZ,20260422,54200,10.42,564764.0,10.53,0.00749941,0.154348,72272.4
002479.SZ,20260422,38300,5.59,214097.0,5.62,0.00443763,0.147658,86307.3
002480.SZ,20260422,68400,6.31,431604.0,6.28,0.00891055,0.586665,76763.0
002481.SZ,20260422,38100,4.46,169926.0,4.49,0.00340798,0.391912,111797.0
002482.SZ,20260422,74400,1.66,123504.0,1.67,0.00198741,0.240634,374356.0
002483.SZ,20260422,40600,6.9,280140.0,6.94,0.00458627,0.582374,88525.1
002484.SZ,20260422,115400,35.56,4103624.0,35.68,0.0140651,0.205682,82047.2
002485.SZ,20260422,51500,4.95,254925.0,4.94,0.00946691,1.69004,54400.0
002486.SZ,20260422,90000,2.85,256500.0,2.86,0.0109694,0.458874,82046.7
002487.SZ,20260422,63000,86.5,5449500.0,86.99,0.00998541,0.30547,63092.0
002488.SZ,20260422,196400,11.45,2248780.0,11.43,0.0213459,0.713946,92008.4
002489.SZ,20260422,232140,3.36,779990.4,3.37,0.0121347,1.0349,191302.0
002490.SZ,20260422,331800,8.99,2982882.0,9.05,0.0612491,0.767814,54172.2
002491.SZ,20260422,2069300,16.62,34391766.0,16.75,0.175891,1.02612,117647.0
002492.SZ,20260422,250000,8.25,2062500.0,8.18,0.0628402,1.9369,39783.5
002493.SZ,20260422,293600,12.42,3646512.0,12.38,0.00313602,0.532116,936220.0
002494.SZ,20260422,110200,5.64,621528.0,5.64,0.0384279,0.671088,28677.0
002495.SZ,20260422,63200,2.53,159896.0,2.54,0.00901861,0.296348,70077.4
002496.SZ,20260422,1459800,2.19,3196962.0,2.16,0.123581,3.40585,118125.0
002497.SZ,20260422,486900,27.66,13467654.0,27.99,0.0459968,0.864693,105855.0
002498.SZ,20260422,834200,8.87,7399354.0,9.03,0.0250752,0.307316,332680.0
002500.SZ,20260422,114400,5.61,641784.0,5.63,0.00318683,0.7316,358977.0
002501.SZ,20260422,1081900,1.82,1969058.0,1.84,0.0305064,0.714944,354647.0
002506.SZ,20260422,11027612,4.7,51829776.4,4.88,0.188686,1.82748,584443.0
002507.SZ,20260422,23600,12.31,290516.0,12.31,0.00205078,0.349995,115078.0
002508.SZ,20260422,22200,19.46,432012.0,19.53,0.00237801,0.412252,93355.2
002510.SZ,20260422,33400,6.86,229124.0,6.91,0.00332389,0.15257,100485.0
002511.SZ,20260422,52000,8.82,458640.0,8.86,0.00411062,0.223185,126502.0
002512.SZ,20260422,1682500,4.31,7251575.0,4.38,0.15373,2.67573,109445.0
002513.SZ,20260422,61600,6.2,381920.0,6.23,0.0213118,0.521727,28904.1
002514.SZ,20260422,42100,4.15,174715.0,4.2,0.00759881,0.28861,55403.4
002515.SZ,20260422,388500,6.4,2486400.0,6.39,0.0320915,0.51483,121060.0
002516.SZ,20260422,35500,5.77,204835.0,5.77,0.0024358,0.341817,145743.0
002517.SZ,20260422,451700,17.61,7954437.0,17.73,0.023911,0.748272,188909.0
002518.SZ,20260422,44600,48.35,2156410.0,48.3,0.00789184,0.429087,56514.0
002519.SZ,20260422,580800,8.35,4849680.0,8.52,0.0519683,0.508472,111760.0
002520.SZ,20260422,75200,5.58,419616.0,5.61,0.0104817,0.323651,71744.0
002521.SZ,20260422,11400,8.56,97584.0,8.6,0.00272461,0.125911,41840.8
002522.SZ,20260422,838500,6.1,5114850.0,6.28,0.0926499,2.1418,90502.0
002523.SZ,20260422,38800,4.08,158304.0,4.09,0.00274877,0.22707,141154.0
002524.SZ,20260422,35300,4.07,143671.0,4.08,0.00690995,0.260383,51085.7
002526.SZ,20260422,65000,3.42,222300.0,3.42,0.00367007,0.331734,177108.0
002527.SZ,20260422,31898,13.27,423286.46,13.36,0.00603114,0.272053,52888.9
002528.SZ,20260422,955900,5.08,4855972.0,5.23,0.0910191,1.74387,105022.0
002529.SZ,20260422,6300,7.17,45171.0,7.19,0.00242308,0.184778,26000.0
002530.SZ,20260422,17500,9.0,157500.0,9.04,0.00251754,0.0688415,69512.3
002531.SZ,20260422,107500,12.18,1309350.0,12.22,0.00601639,0.1874,178679.0
002532.SZ,20260422,227700,18.26,4157802.0,18.37,0.00554439,0.371427,410686.0
002533.SZ,20260422,91400,14.12,1290568.0,14.23,0.014334,0.42705,63764.5
002534.SZ,20260422,17500,18.3,320250.0,18.38,0.00212028,0.15451,82536.3
002535.SZ,20260422,43000,3.42,147060.0,3.45,0.00576146,0.484079,74633.9
002536.SZ,20260422,502533,37.85,19020874.05,38.5,0.0923093,0.850924,54440.1
002537.SZ,20260422,61800,7.72,477096.0,7.75,0.00528567,0.259412,116920.0
002538.SZ,20260422,104500,7.0,731500.0,7.04,0.012243,0.627696,85355.1
002539.SZ,20260422,51800,14.18,734524.0,14.12,0.00582157,0.187776,88979.4
002540.SZ,20260422,90900,6.33,575397.0,6.37,0.0104,0.718237,87403.8
002541.SZ,20260422,17000,20.53,349010.0,20.58,0.00342623,0.242632,49617.2
002542.SZ,20260422,11000700,1.89,20791323.0,1.96,0.625476,6.56178,175877.0
002543.SZ,20260422,9400,8.5,79900.0,8.54,0.00142077,0.219193,66161.1
002544.SZ,20260422,134800,27.4,3693520.0,27.81,0.0198099,0.99218,68046.9
002545.SZ,20260422,38800,22.51,873388.0,22.61,0.00343313,0.185459,113016.0
002546.SZ,20260422,88900,8.65,768985.0,8.7,0.0110954,0.279513,80123.2
002547.SZ,20260422,412000,3.37,1388440.0,3.39,0.0372916,0.53186,110481.0
002548.SZ,20260422,170600,5.04,859824.0,5.06,0.0212065,0.752378,80447.1
002549.SZ,20260422,1163400,19.51,22697934.0,20.65,0.168034,2.5446,69236.0
002550.SZ,20260422,30000,7.7,231000.0,7.73,0.00318728,0.122896,94124.0
002551.SZ,20260422,14000,3.39,47460.0,3.4,0.00229063,0.108764,61118.7
002552.SZ,20260422,79900,21.88,1748212.0,21.91,0.0216823,0.30673,36850.3
002553.SZ,20260422,99400,25.22,2506868.0,25.5,0.0396332,0.998847,25080.0
002554.SZ,20260422,111100,3.44,382184.0,3.44,0.00833164,0.393781,133347.0
002555.SZ,20260422,182900,21.72,3972588.0,21.92,0.0115223,0.337787,158736.0
002556.SZ,20260422,79200,6.18,489456.0,6.23,0.00837545,0.347166,94562.1
002557.SZ,20260422,461300,24.08,11108104.0,24.26,0.0913875,3.21224,50477.3
002558.SZ,20260422,83200,31.81,2646592.0,32.05,0.00437765,0.16466,190056.0
002559.SZ,20260422,28100,10.66,299546.0,10.7,0.00557534,0.113907,50400.5
002560.SZ,20260422,4768237,13.97,66612270.89,14.18,1.05274,3.41691,45293.6
002561.SZ,20260422,2700,8.12,21924.0,8.11,0.000651482,0.0654325,41444.0
002562.SZ,20260422,85700,5.79,496203.0,5.78,0.0116694,0.418708,73439.8
002563.SZ,20260422,149800,5.39,807422.0,5.37,0.00678721,0.794318,220709.0
002564.SZ,20260422,40900,6.14,251126.0,6.15,0.00476188,0.212472,85890.4
002565.SZ,20260422,12727950,22.76,289688142.0,22.32,1.20081,5.35331,105994.0
002566.SZ,20260422,86400,7.65,660960.0,7.67,0.037275,1.0823,23179.0
002567.SZ,20260422,63200,4.23,267336.0,4.24,0.00441521,0.224979,143142.0
002568.SZ,20260422,4500,17.17,77265.0,17.19,0.000589714,0.0876818,76308.1
002569.SZ,20260422,0,,0.0,13.74,0.0,0.0,13995.6
002570.SZ,20260422,36400,4.94,179816.0,4.96,0.00337038,0.227556,108000.0
002571.SZ,20260422,900,12.23,11007.0,12.23,0.000301703,0.0157222,29830.6
002572.SZ,20260422,69100,13.02,899682.0,13.02,0.0106069,0.666535,65146.4
002573.SZ,20260422,18400,3.54,65136.0,3.55,0.00130243,0.190776,141275.0
002574.SZ,20260422,6500,5.41,35165.0,5.43,0.00123106,0.0987346,52800.0
002575.SZ,20260422,77800,6.33,492474.0,6.34,0.0132879,0.114325,58549.6
002576.SZ,20260422,2700,18.67,50409.0,18.69,0.00166638,0.0575709,16202.8
002577.SZ,20260422,5100,15.46,78846.0,15.46,0.00181706,0.262265,28067.3
002578.SZ,20260422,147400,3.9,574860.0,3.93,0.0171164,0.397521,86116.3
002579.SZ,20260422,157000,13.03,2045710.0,13.19,0.0269107,0.275027,58341.2
002580.SZ,20260422,16220200,26.73,433565946.0,29.7,3.58585,20.1704,45233.9
002581.SZ,20260422,7600,7.32,55632.0,7.3,0.00189625,0.122497,40079.1
002582.SZ,20260422,238000,12.73,3029740.0,12.84,0.0691374,0.734376,34424.2
002583.SZ,20260422,118200,10.61,1254102.0,10.67,0.00921479,0.46368,128272.0
002584.SZ,20260422,82400,7.77,640248.0,7.84,0.0175908,0.516823,46842.7
002585.SZ,20260422,254300,7.84,1993712.0,7.84,0.0286838,0.417091,88656.2
002586.SZ,20260422,156300,4.79,748677.0,4.83,0.0143722,1.50829,108752.0
002587.SZ,20260422,31900,6.43,205117.0,6.47,0.00598839,0.225151,53269.8
002588.SZ,20260422,1259200,11.45,14417840.0,10.62,0.146658,8.39555,85859.8
002589.SZ,20260422,1047900,3.31,3468549.0,3.35,0.076736,0.544096,136559.0
002590.SZ,20260422,4200,12.55,52710.0,12.56,0.000848559,0.0621401,49495.7
002591.SZ,20260422,48100,6.99,336219.0,6.94,0.0215201,0.714646,22351.2
002592.SZ,20260422,3000,7.96,23880.0,7.98,0.00114199,0.0712329,26269.8
002593.SZ,20260422,11700,5.2,60840.0,5.23,0.00208741,0.0912223,56050.4
002594.SZ,20260422,329377,101.11,33303308.47,101.53,0.0094469,0.706708,348661.0
002595.SZ,20260422,5400,87.66,473364.0,88.2,0.0006797,0.104003,79446.8
002596.SZ,20260422,104500,3.48,363660.0,3.5,0.0091145,0.388521,114653.0
002597.SZ,20260422,30100,22.98,691698.0,23.11,0.00530633,0.343182,56724.7
002598.SZ,20260422,78300,8.11,635013.0,8.15,0.027327,0.934099,28653.0
002599.SZ,20260422,58000,6.96,403680.0,6.99,0.0145726,0.630469,39800.7
002600.SZ,20260422,448500,14.25,6391125.0,14.34,0.00622957,0.357451,719954.0
002601.SZ,20260422,459765,17.92,8238988.8,17.71,0.0231316,2.2147,198760.0
002602.SZ,20260422,216000,16.85,3639600.0,16.82,0.00317795,0.259143,679683.0
002603.SZ,20260422,21900,16.31,357189.0,16.33,0.00159059,0.129873,137685.0
002605.SZ,20260422,21700,20.79,451143.0,20.91,0.00643417,0.42595,33726.2
002606.SZ,20260422,43400,12.15,527310.0,12.23,0.0103053,0.110173,42114.2
002607.SZ,20260422,178200,2.56,456192.0,2.57,0.00350512,0.228199,508400.0
002608.SZ,20260422,521700,7.75,4043175.0,7.79,0.0138086,2.67126,377808.0
002609.SZ,20260422,28800,8.28,238464.0,8.32,0.00626904,0.390633,45940.0
002611.SZ,20260422,209700,17.91,3755727.0,17.72,0.0209302,0.729818,100190.0
002612.SZ,20260422,5600,16.93,94808.0,16.93,0.00219833,0.129056,25473.9
002613.SZ,20260422,102100,3.96,404316.0,3.99,0.013221,0.177223,77225.7
002614.SZ,20260422,7000,6.11,42770.0,6.13,0.00158635,0.102263,44126.6
002615.SZ,20260422,10900,7.87,85783.0,7.88,0.00356532,0.0739491,30572.3
002616.SZ,20260422,80300,5.86,470558.0,5.87,0.0136685,0.555302,58748.0
002617.SZ,20260422,168100,7.7,1294370.0,7.72,0.00895281,0.30838,187762.0
002620.SZ,20260422,737700,10.02,7391754.0,9.82,0.233923,4.14558,31536.0
002622.SZ,20260422,180500,2.53,456665.0,2.54,0.0214887,0.735958,83997.5
002623.SZ,20260422,15700,22.33,350581.0,22.52,0.0079039,0.384936,19863.6
002624.SZ,20260422,778600,20.11,15657646.0,20.0,0.0425992,0.911862,182773.0
002625.SZ,20260422,61000,39.96,2437560.0,40.18,0.00283118,0.287829,215458.0
002626.SZ,20260422,23800,16.55,393890.0,16.54,0.00390253,0.342667,60986.1
002627.SZ,20260422,105500,7.48,789140.0,7.53,0.0147119,0.461193,71710.8
002628.SZ,20260422,258200,5.58,1440756.0,5.58,0.0342538,0.493716,75378.5
002629.SZ,20260422,1791900,7.16,12830004.0,7.03,0.494653,5.62516,36225.4
002630.SZ,20260422,365800,2.11,771838.0,2.12,0.0355052,0.558987,103027.0
002631.SZ,20260422,183500,7.25,1330375.0,7.26,0.0231233,0.882092,79357.2
002632.SZ,20260422,13100,12.1,158510.0,12.17,0.00228054,0.127524,57442.6
002633.SZ,20260422,13900,19.36,269104.0,19.37,0.00930271,0.351119,14941.9
002634.SZ,20260422,429700,5.52,2371944.0,5.6,0.0962343,0.766842,44651.5
002635.SZ,20260422,174800,16.57,2896436.0,16.64,0.0441935,0.577597,39553.3
002636.SZ,20260422,358200,41.65,14919030.0,41.88,0.0494536,0.814827,72431.5
002637.SZ,20260422,393600,12.38,4872768.0,12.5,0.0889043,2.56408,44272.3
002638.SZ,20260422,356400,4.53,1614492.0,4.49,0.0263477,0.697279,135268.0
002639.SZ,20260422,163600,19.57,3201652.0,19.76,0.0251453,0.213647,65061.9
002640.SZ,20260422,111400,3.44,383216.0,3.45,0.00719516,0.279902,154826.0
002641.SZ,20260422,21900,4.17,91323.0,4.18,0.00193123,0.241945,113399.0
002642.SZ,20260422,79000,7.78,614620.0,7.83,0.0119411,0.646381,66158.0
002643.SZ,20260422,30800,16.78,516824.0,16.87,0.00338724,0.264087,90929.6
002644.SZ,20260422,29300,8.3,243190.0,8.36,0.00573771,0.542832,51065.7
002645.SZ,20260422,590900,23.35,13797515.0,22.93,0.10572,1.13415,55892.8
002646.SZ,20260422,5900,7.89,46551.0,7.9,0.00123968,0.175054,47593.0
002647.SZ,20260422,1616900,11.96,19338124.0,12.07,0.159255,2.33553,101529.0
002648.SZ,20260422,279200,26.89,7507688.0,26.69,0.00829352,0.441935,336648.0
002649.SZ,20260422,387500,11.94,4626750.0,11.78,0.0706416,4.30624,54854.3
002650.SZ,20260422,4600,7.33,33718.0,7.29,0.00041552,0.0461611,110705.0
002651.SZ,20260422,65500,9.63,630765.0,9.64,0.0115834,0.883556,56546.4
002652.SZ,20260422,46800,4.89,228852.0,4.87,0.00913948,0.297923,51206.4
002653.SZ,20260422,11100,57.85,642135.0,57.88,0.00206786,0.152743,53678.6
002654.SZ,20260422,125200,15.4,1928080.0,15.51,0.0148123,0.208461,84524.3
002655.SZ,20260422,117500,23.5,2761250.0,23.61,0.0323643,0.275599,36305.5
002656.SZ,20260422,26900,3.05,82045.0,3.05,0.00397582,0.340069,67659.0
002657.SZ,20260422,38600,21.89,844954.0,21.96,0.0114842,0.508973,33611.4
002658.SZ,20260422,78600,9.0,707400.0,9.05,0.0219209,0.506422,35856.1
002659.SZ,20260422,58100,5.14,298634.0,5.14,0.00971121,0.526995,59827.8
002660.SZ,20260422,8400,8.7,73080.0,8.76,0.00244907,0.230344,34298.7
002661.SZ,20260422,6900,8.85,61065.0,8.88,0.00219346,0.223323,31457.2
002662.SZ,20260422,158000,4.21,665180.0,4.24,0.0105335,0.659167,149998.0
002663.SZ,20260422,443300,2.15,953095.0,2.15,0.0342875,0.529983,129289.0
002664.SZ,20260422,7900,20.83,164557.0,20.99,0.00196236,0.0814175,40257.6
002666.SZ,20260422,68700,5.39,370293.0,5.4,0.0137217,0.700654,50066.8
002667.SZ,20260422,96500,28.51,2751215.0,28.93,0.0407842,0.425122,23661.1
002668.SZ,20260422,213700,9.83,2100671.0,9.9,0.019712,1.47475,108411.0
002669.SZ,20260422,107900,14.13,1524627.0,14.18,0.0356438,0.951048,30271.8
002670.SZ,20260422,1372400,12.8,17566720.0,13.21,0.0845412,7.39473,162335.0
002671.SZ,20260422,18700,4.8,89760.0,4.81,0.00339451,0.182502,55089.0
002672.SZ,20260422,12700,4.16,52832.0,4.17,0.00140313,0.150775,90511.8
002673.SZ,20260422,362500,7.18,2602750.0,7.2,0.00811038,1.69992,446958.0
002674.SZ,20260422,8500,13.88,117980.0,13.91,0.00290535,0.242954,29256.4
002675.SZ,20260422,24600,13.81,339726.0,13.86,0.00330919,0.106677,74338.4
002676.SZ,20260422,23000,6.81,156630.0,6.84,0.00319455,0.170789,71997.6
002677.SZ,20260422,13900,7.53,104667.0,7.58,0.00259876,0.262735,53487.1
002678.SZ,20260422,268180,5.99,1606398.2,5.96,0.0197544,1.34216,135757.0
002679.SZ,20260422,15300,10.5,160650.0,10.54,0.00648976,0.492059,23575.6
002681.SZ,20260422,70700,5.15,364105.0,5.16,0.00450529,0.308586,156926.0
002682.SZ,20260422,20800,5.89,122512.0,5.94,0.0036987,0.12871,56236.0
002683.SZ,20260422,28900,42.0,1213800.0,41.9,0.0043357,0.224557,66655.9
002685.SZ,20260422,827000,8.3,6864100.0,8.47,0.0820798,1.18167,100756.0
002686.SZ,20260422,844400,8.09,6831196.0,8.1,0.161537,1.63148,52272.9
002687.SZ,20260422,221100,4.98,1101078.0,4.98,0.0534841,0.79733,41339.4
002688.SZ,20260422,8300,5.78,47974.0,5.78,0.00111042,0.0890218,74746.4
002689.SZ,20260422,38600,3.77,145522.0,3.78,0.00370118,0.296445,104291.0
002690.SZ,20260422,8400,18.1,152040.0,18.14,0.00193661,0.224946,43374.7
002691.SZ,20260422,15600,7.07,110292.0,7.1,0.00464313,0.360767,33598.0
002692.SZ,20260422,565000,6.91,3904150.0,6.92,0.0787227,0.614097,71770.9
002693.SZ,20260422,438300,8.88,3892104.0,9.02,0.106647,2.90012,41098.2
002694.SZ,20260422,361700,2.8,1012760.0,2.8,0.0503213,2.58926,71878.1
002695.SZ,20260422,6300,11.24,70812.0,11.25,0.00123178,0.0873466,51145.5
002696.SZ,20260422,16600,6.89,114374.0,6.87,0.00496282,0.281519,33448.7
002697.SZ,20260422,88000,5.22,459360.0,5.25,0.00768331,0.51072,114534.0
002698.SZ,20260422,11000,13.93,153230.0,13.95,0.00130915,0.175505,84023.9
002700.SZ,20260422,20500,6.68,136940.0,6.68,0.00778092,0.495456,26346.5
002701.SZ,20260422,110100,5.39,593439.0,5.4,0.00430514,0.317311,255741.0
002702.SZ,20260422,108000,5.61,605880.0,5.65,0.0235426,0.881624,45874.4
002703.SZ,20260422,194500,20.53,3993085.0,20.67,0.0331884,0.48031,58604.8
002705.SZ,20260422,530787,17.4,9235693.8,17.84,0.0656831,0.978274,80810.3
002706.SZ,20260422,166200,10.73,1783326.0,10.77,0.0181762,0.246745,91438.1
002707.SZ,20260422,269700,6.39,1723383.0,6.44,0.0326827,1.16957,82520.7
002708.SZ,20260422,221000,13.52,2987920.0,13.57,0.042775,0.575291,51665.7
002709.SZ,20260422,1401100,52.79,73964069.0,52.79,0.0928489,1.17616,150901.0
002712.SZ,20260422,87500,5.2,455000.0,5.22,0.0161767,0.827727,54090.0
002713.SZ,20260422,209200,14.64,3062688.0,14.5,0.039734,0.675999,52650.1
002714.SZ,20260422,518337,45.46,23563600.02,45.48,0.0136398,1.37068,380019.0
002715.SZ,20260422,10000,15.6,156000.0,15.69,0.00724638,0.3093,13800.0
002716.SZ,20260422,737500,12.2,8997500.0,12.34,0.0317224,0.442004,232485.0
002717.SZ,20260422,7795900,1.55,12083645.0,1.59,0.482658,17.0276,161520.0
002718.SZ,20260422,6600,72.07,475662.0,72.03,0.00702271,0.344452,9398.08
002719.SZ,20260422,45600,8.27,377112.0,8.28,0.0281723,0.92586,16186.1
002721.SZ,20260422,115200,2.9,334080.0,2.91,0.00433184,0.232302,265938.0
002722.SZ,20260422,182800,15.25,2787700.0,15.36,0.0822101,4.30929,22235.7
002723.SZ,20260422,8700,10.36,90132.0,10.26,0.0027435,0.0462095,31711.4
002724.SZ,20260422,8800,7.04,61952.0,7.07,0.00154988,0.128743,56778.8
002725.SZ,20260422,32200,16.75,539350.0,16.79,0.0151877,0.283366,21201.4
002726.SZ,20260422,989800,3.33,3296034.0,3.33,0.0917864,1.45953,107837.0
002727.SZ,20260422,11600,12.46,144536.0,12.5,0.00291962,0.220599,39731.2
002728.SZ,20260422,47300,10.51,497123.0,10.55,0.0142501,0.281602,33192.7
002729.SZ,20260422,16800,19.0,319200.0,19.15,0.00957463,0.158443,17546.4
002730.SZ,20260422,41900,26.48,1109512.0,26.47,0.0121088,0.197942,34603.0
002731.SZ,20260422,4387000,5.92,25971040.0,6.23,1.91025,38.1432,22965.6
002732.SZ,20260422,6900,16.17,111573.0,16.17,0.00440708,0.572083,15656.6
002733.SZ,20260422,62700,30.42,1907334.0,30.2,0.0169982,0.200099,36886.3
002734.SZ,20260422,20000,17.3,346000.0,17.39,0.00460463,0.0833712,43434.6
002735.SZ,20260422,23600,15.5,365800.0,15.51,0.00827898,0.238811,28505.9
002736.SZ,20260422,163400,11.26,1839884.0,11.32,0.00169988,0.344376,961243.0
002737.SZ,20260422,3000,12.27,36810.0,12.23,0.000513699,0.0851306,58400.0
002738.SZ,20260422,103648,82.77,8578944.96,83.61,0.0145731,0.413989,71122.8
002739.SZ,20260422,363500,10.26,3729510.0,10.37,0.0173102,0.827591,209991.0
002741.SZ,20260422,132400,19.97,2644028.0,19.97,0.0310537,0.759156,42635.8
002742.SZ,20260422,41800,4.72,197296.0,4.73,0.00797771,0.918023,52396.0
002743.SZ,20260422,49100,5.27,258757.0,5.29,0.0112985,0.684228,43457.1
002745.SZ,20260422,80200,8.54,684908.0,8.62,0.00753281,0.199907,106468.0
002746.SZ,20260422,43700,6.17,269629.0,6.2,0.00615774,0.470717,70967.6
002747.SZ,20260422,24400,21.04,513376.0,21.18,0.00311859,0.210347,78240.5
002748.SZ,20260422,19200,12.36,237312.0,12.32,0.008,0.489503,24000.0
002749.SZ,20260422,24800,12.33,305784.0,12.32,0.00546738,0.614983,45359.9
002752.SZ,20260422,5788900,7.36,42606304.0,6.9,0.593413,34.1796,97552.7
002753.SZ,20260422,12700,7.31,92837.0,7.33,0.00523042,0.233222,24281.0
002755.SZ,20260422,44500,15.81,703545.0,15.94,0.00479448,0.223401,92815.2
002756.SZ,20260422,132800,73.01,9695728.0,73.86,0.0341625,0.679574,38873.1
002757.SZ,20260422,65200,22.04,1437008.0,22.18,0.0231161,0.279208,28205.4
002758.SZ,20260422,6500,9.81,63765.0,9.83,0.00125433,0.10182,51820.5
002759.SZ,20260422,210200,34.51,7254002.0,34.88,0.041961,0.379463,50094.2
002760.SZ,20260422,60600,21.8,1321080.0,21.9,0.056117,1.95735,10798.9
002761.SZ,20260422,36200,8.16,295392.0,8.19,0.00334631,0.467311,108179.0
002762.SZ,20260422,17900,8.05,144095.0,8.04,0.00846822,0.237541,21137.8
002763.SZ,20260422,742800,8.53,6336084.0,8.56,0.244653,7.72243,30361.4
002765.SZ,20260422,27000,10.28,277560.0,10.29,0.00453126,0.334465,59586.0
002766.SZ,20260422,59600,4.75,283100.0,4.78,0.0069567,0.269558,85672.8
002767.SZ,20260422,29700,21.85,648945.0,22.0,0.0228113,0.791479,13019.9
002768.SZ,20260422,1100,51.22,56342.0,51.5,0.000622355,0.0372508,17674.8
002769.SZ,20260422,94200,10.55,993810.0,10.42,0.025254,1.44739,37301.0
002771.SZ,20260422,308700,17.12,5284944.0,17.53,0.176891,0.741613,17451.5
002772.SZ,20260422,563600,18.62,10494232.0,18.79,0.151661,4.25953,37161.9
002773.SZ,20260422,15900,26.53,421827.0,26.73,0.00231497,0.115848,68683.4
002774.SZ,20260422,192100,11.56,2220676.0,11.83,0.0681757,2.28526,28177.2
002775.SZ,20260422,64300,3.71,238553.0,3.72,0.0112458,0.481199,57177.0
002777.SZ,20260422,18700,16.4,306680.0,16.44,0.00462286,0.353089,40451.1
002778.SZ,20260422,1600,20.4,32640.0,20.4,0.00129629,0.0594718,12342.9
002779.SZ,20260422,7000,95.42,667940.0,95.78,0.00422174,0.288899,16580.8
002780.SZ,20260422,17700,15.2,269040.0,15.21,0.0135475,0.417176,13065.2
002782.SZ,20260422,57200,21.44,1226368.0,21.48,0.0117574,0.407501,48650.1
002783.SZ,20260422,56000,9.7,543200.0,9.74,0.0121425,0.447441,46118.8
002785.SZ,20260422,77700,42.0,3263400.0,42.49,0.0401561,1.16237,19349.5
002786.SZ,20260422,85800,7.11,610038.0,7.17,0.0173645,1.67947,49411.2
002787.SZ,20260422,177100,17.74,3141754.0,17.62,0.0705971,0.528574,25086.0
002788.SZ,20260422,478600,14.53,6954058.0,14.72,0.125345,0.800593,38182.7
002789.SZ,20260422,53800,13.6,731680.0,13.85,0.0343844,1.93514,15646.6
002790.SZ,20260422,9800,7.67,75166.0,7.73,0.00375915,0.273444,26069.8
002791.SZ,20260422,16600,18.96,314736.0,18.96,0.00762501,0.426795,21770.5
002792.SZ,20260422,469700,50.19,23574243.0,51.18,0.139037,0.679087,33782.4
002793.SZ,20260422,31200,4.98,155376.0,5.01,0.0028731,0.142546,108594.0
002795.SZ,20260422,101500,8.25,837375.0,8.3,0.023364,0.485699,43442.9
002796.SZ,20260422,152000,56.2,8542400.0,55.81,0.0667521,0.74815,22770.8
002797.SZ,20260422,416600,7.73,3220318.0,7.75,0.00991338,0.255604,420240.0
002798.SZ,20260422,572596,7.07,4048253.72,7.15,0.119435,1.92728,47942.2
002799.SZ,20260422,16600,8.11,134626.0,8.12,0.00518692,0.323433,32003.6
002800.SZ,20260422,51200,17.91,916992.0,17.93,0.0346314,0.782754,14784.3
002801.SZ,20260422,800,32.5,26000.0,32.58,0.00069083,0.0512658,11580.3
002802.SZ,20260422,323300,14.4,4655520.0,14.79,0.21599,1.6816,14968.3
002803.SZ,20260422,168000,18.23,3062640.0,18.23,0.0581951,1.13618,28868.4
002805.SZ,20260422,100500,18.03,1812015.0,17.95,0.0360807,0.386522,27854.3
002806.SZ,20260422,15900,14.52,230868.0,14.5,0.00913238,0.182675,17410.6
002807.SZ,20260422,109700,4.7,515590.0,4.7,0.00446295,0.351949,245802.0
002808.SZ,20260422,432700,3.84,1661568.0,4.04,0.262233,4.51365,16500.6
002809.SZ,20260422,19800,10.38,205524.0,10.39,0.012849,0.274424,15409.8
002810.SZ,20260422,278000,26.47,7358660.0,26.68,0.0859098,1.75839,32359.5
002811.SZ,20260422,9100,13.75,125125.0,13.66,0.00321427,0.247386,28311.3
002812.SZ,20260422,215600,75.08,16187248.0,75.84,0.0262078,0.574696,82265.7
002813.SZ,20260422,28500,27.18,774630.0,26.7,0.0237785,0.890664,11985.6
002815.SZ,20260422,70100,15.62,1094962.0,15.71,0.00902023,0.21202,77714.2
002816.SZ,20260422,13200,25.8,340560.0,25.99,0.0132,0.321157,10000.0
002817.SZ,20260422,36500,7.74,282510.0,7.75,0.0125845,0.466335,29003.9
002818.SZ,20260422,8600,10.69,91934.0,10.68,0.00288267,0.472507,29833.5
002819.SZ,20260422,5900,26.57,156763.0,26.44,0.00250979,0.243235,23507.9
002820.SZ,20260422,16100,10.4,167440.0,10.4,0.0080152,0.352447,20086.8
002821.SZ,20260422,19800,111.2,2201760.0,111.33,0.00624606,0.214604,31700.0
002822.SZ,20260422,105600,3.3,348480.0,3.32,0.00987889,0.904129,106895.0
002823.SZ,20260422,13200,15.88,209616.0,15.88,0.00603046,0.246205,21888.9
002824.SZ,20260422,125400,27.95,3504930.0,27.95,0.0569997,0.317258,22000.1
002825.SZ,20260422,349073,10.21,3564035.33,10.33,0.136023,4.37277,25662.7
002826.SZ,20260422,1100,21.02,23122.0,21.1,0.000601161,0.0204289,18297.9
002827.SZ,20260422,6000,32.25,193500.0,32.41,0.00217392,0.277674,27599.9
002828.SZ,20260422,89300,11.79,1052847.0,11.78,0.0461351,0.517471,19356.2
002829.SZ,20260422,7700,23.61,181797.0,23.79,0.0052722,0.122671,14604.9
002830.SZ,20260422,8400,22.01,184884.0,22.01,0.012565,0.428257,6685.25
002831.SZ,20260422,106200,38.19,4055778.0,38.19,0.0207831,0.919164,51099.3
002832.SZ,20260422,39800,18.54,737892.0,18.53,0.0102204,0.346603,38941.8
002833.SZ,20260422,3000,18.4,55200.0,18.41,0.00104084,0.0665266,28822.9
002835.SZ,20260422,4000,15.59,62360.0,15.59,0.00314248,0.236691,12728.8
002836.SZ,20260422,15500,13.05,202275.0,13.11,0.00672743,0.531069,23040.0
002837.SZ,20260422,1470100,98.07,144172707.0,108.97,0.173801,3.01232,84585.5
002838.SZ,20260422,2400,27.35,65640.0,27.38,0.00057057,0.0400968,42063.2
002839.SZ,20260422,44500,4.62,205590.0,4.63,0.00182226,0.195565,244202.0
002840.SZ,20260422,80400,13.32,1070928.0,13.48,0.0100925,0.155213,79663.0
002841.SZ,20260422,7700,36.41,280357.0,36.42,0.00148248,0.137605,51940.1
002842.SZ,20260422,456000,32.92,15011520.0,33.37,0.169856,0.884439,26846.2
002843.SZ,20260422,337900,26.69,9018551.0,26.68,0.134733,1.12997,25079.3
002845.SZ,20260422,11600,14.5,168200.0,14.56,0.00463564,0.164571,25023.5
002846.SZ,20260422,858900,16.46,14137494.0,16.29,0.334179,11.1985,25701.8
002847.SZ,20260422,5800,54.57,316506.0,54.87,0.0023604,0.237246,24572.1
002848.SZ,20260422,13700,15.02,205774.0,15.15,0.00830681,0.155662,16492.5
002849.SZ,20260422,36600,17.8,651480.0,17.8,0.0189082,0.603116,19356.7
002850.SZ,20260422,21600,205.03,4428648.0,207.1,0.01085,0.348777,19907.9
002851.SZ,20260422,92100,106.2,9781020.0,107.46,0.0201109,0.417843,45796.0
002852.SZ,20260422,8000,9.68,77440.0,9.68,0.00279915,0.184539,28580.1
002853.SZ,20260422,183800,28.99,5328362.0,29.03,0.142807,5.82876,12870.5
002855.SZ,20260422,19400,11.57,224458.0,11.59,0.0078789,0.588527,24622.7
002856.SZ,20260422,116400,12.35,1437540.0,12.55,0.0939434,2.00524,12390.4
002857.SZ,20260422,4600,20.88,96048.0,20.9,0.00359375,0.148471,12800.0
002858.SZ,20260422,12300,15.97,196431.0,16.09,0.00836857,0.188928,14697.8
002859.SZ,20260422,45200,46.8,2115360.0,46.69,0.0111358,0.2845,40589.9
002860.SZ,20260422,43100,13.58,585298.0,13.62,0.0122603,0.181956,35154.0
002861.SZ,20260422,13100,15.63,204753.0,15.74,0.00872354,0.32885,15016.8
002862.SZ,20260422,500,17.1,8550.0,17.12,0.000396046,0.0229957,12624.8
002863.SZ,20260422,48000,5.54,265920.0,5.57,0.00800689,0.513893,59948.4
002864.SZ,20260422,31000,30.83,955730.0,30.94,0.0417842,1.01616,7419.07
002865.SZ,20260422,257100,81.2,20876520.0,81.25,0.115019,1.08683,22352.8
002866.SZ,20260422,2104600,28.88,60780848.0,26.55,1.1614,4.58731,18121.2
002867.SZ,20260422,22500,12.46,280350.0,12.52,0.00208508,0.136868,107910.0
002868.SZ,20260422,100,39.99,3999.0,40.12,9.34558e-05,0.0105347,10700.2
002869.SZ,20260422,4100,21.4,87740.0,21.4,0.00260287,0.106102,15751.8
002870.SZ,20260422,3600,37.49,134964.0,37.52,0.00277494,0.133068,12973.3
002871.SZ,20260422,26300,18.32,481816.0,18.32,0.0176043,0.52475,14939.6
002872.SZ,20260422,32600,5.02,163652.0,5.0,0.0151686,1.50897,21491.8
002873.SZ,20260422,28100,9.56,268636.0,9.56,0.0117234,0.218865,23969.1
002875.SZ,20260422,100500,23.85,2396925.0,23.84,0.0550872,0.673381,18243.8
002876.SZ,20260422,23000,29.65,681950.0,29.87,0.0154423,0.233465,14894.2
002877.SZ,20260422,12300,8.92,109716.0,8.99,0.00511403,0.195211,24051.5
002878.SZ,20260422,138300,18.79,2598657.0,18.7,0.0586184,0.978892,23593.3
002879.SZ,20260422,34800,21.39,744372.0,21.52,0.0252414,0.392984,13786.9
002880.SZ,20260422,5100,26.52,135252.0,26.64,0.00224868,0.271273,22680.0
002881.SZ,20260422,9400,39.39,370266.0,39.43,0.00516695,0.224449,18192.5
002882.SZ,20260422,98400,28.61,2815224.0,29.03,0.0398732,0.694498,24678.3
002883.SZ,20260422,50000,9.57,478500.0,9.65,0.0326105,1.42276,15332.5
002884.SZ,20260422,75100,18.98,1425398.0,18.98,0.0275019,1.50326,27307.2
002885.SZ,20260422,121500,29.46,3579390.0,29.45,0.0526184,0.40505,23090.8
002886.SZ,20260422,56800,22.9,1300720.0,22.94,0.0271669,1.00837,20907.8
002887.SZ,20260422,129300,12.38,1600734.0,12.43,0.0595219,2.02255,21723.1
002888.SZ,20260422,2700,19.05,51435.0,19.1,0.0036037,0.145092,7492.3
002889.SZ,20260422,5700,13.59,77463.0,13.61,0.00226834,0.334369,25128.5
002890.SZ,20260422,29900,15.87,474513.0,15.71,0.0185166,1.27024,16147.7
002891.SZ,20260422,131500,42.8,5628200.0,42.67,0.0408515,0.759368,32189.8
002892.SZ,20260422,9400,11.06,103964.0,11.1,0.00194449,0.165671,48341.7
002893.SZ,20260422,39400,10.35,407790.0,10.43,0.0194301,0.453796,20277.9
002895.SZ,20260422,20900,36.8,769120.0,36.65,0.00351283,0.222812,59496.1
002896.SZ,20260422,12500,72.5,906250.0,72.6,0.00636059,0.249142,19652.3
002897.SZ,20260422,29100,66.0,1920600.0,66.7,0.0159517,0.224996,18242.5
002898.SZ,20260422,20100,11.29,226929.0,11.88,0.0198494,1.89895,10126.3
002899.SZ,20260422,35400,33.49,1185546.0,33.8,0.0239518,0.685144,14779.7
002900.SZ,20260422,15500,11.02,170810.0,11.03,0.00962002,0.243382,16112.2
002901.SZ,20260422,1600,44.02,70432.0,44.02,0.000554638,0.100612,28847.6
002902.SZ,20260422,209500,28.86,6046170.0,29.3,0.11794,0.448956,17763.2
002903.SZ,20260422,178600,33.65,6009890.0,33.59,0.167439,1.69545,10666.6
002905.SZ,20260422,131500,9.84,1293960.0,9.97,0.0376316,1.36916,34944.0
002906.SZ,20260422,18300,32.3,591090.0,32.41,0.00348829,0.173257,52461.3
002907.SZ,20260422,2100,13.81,29001.0,13.86,0.0007002,0.0435454,29991.5
002908.SZ,20260422,1300,8.96,11648.0,8.97,0.000403934,0.0250165,32183.5
002909.SZ,20260422,129700,6.5,843050.0,6.45,0.034096,1.25366,38039.7
002910.SZ,20260422,37600,10.71,402696.0,10.7,0.0219803,1.21553,17106.2
002911.SZ,20260422,19800,13.7,271260.0,13.79,0.0015627,0.226032,126704.0
002912.SZ,20260422,3500,26.48,92680.0,26.55,0.00215754,0.0882111,16222.2
002913.SZ,20260422,20300,50.77,1030631.0,51.1,0.00672891,0.267686,30168.3
002915.SZ,20260422,15100,21.35,322385.0,21.5,0.00524171,0.339143,28807.4
002916.SZ,20260422,38194,296.82,11336743.08,295.33,0.0057451,0.313066,66480.9
002917.SZ,20260422,22900,13.19,302051.0,13.26,0.00878928,0.380414,26054.5
002918.SZ,20260422,27700,11.58,320766.0,11.62,0.0129324,0.457729,21419.2
002919.SZ,20260422,23200,20.1,466320.0,20.27,0.00877498,0.662708,26438.8
002920.SZ,20260422,19000,105.2,1998800.0,105.5,0.0034251,0.240172,55472.8
002921.SZ,20260422,9500,24.26,230470.0,24.39,0.0073929,0.122185,12850.2
002922.SZ,20260422,103200,39.0,4024800.0,39.17,0.0275213,0.572789,37498.2
002923.SZ,20260422,22100,12.27,271167.0,12.3,0.00856308,0.206009,25808.5
002925.SZ,20260422,48100,19.96,960076.0,20.12,0.00657959,0.401124,73104.8
002926.SZ,20260422,42300,8.52,360396.0,8.55,0.00161143,0.324172,262500.0
002927.SZ,20260422,22400,17.79,398496.0,17.88,0.0101478,0.27436,22073.8
002928.SZ,20260422,464500,8.52,3957540.0,8.67,0.0363392,1.89264,127824.0
002929.SZ,20260422,115800,55.48,6424584.0,55.67,0.054996,0.487444,21056.1
002930.SZ,20260422,18000,13.5,243000.0,13.5,0.00415379,0.217772,43333.9
002933.SZ,20260422,2000,32.1,64200.0,32.28,0.00171315,0.103865,11674.4
002935.SZ,20260422,243600,20.33,4952388.0,20.5,0.0586859,1.9763,41509.1
002936.SZ,20260422,221100,1.82,402402.0,1.82,0.00314541,0.53317,702930.0
002937.SZ,20260422,4400,31.9,140360.0,31.9,0.00148171,0.0757943,29695.4
002938.SZ,20260422,185500,69.28,12851440.0,69.25,0.00803227,0.422885,230943.0
002939.SZ,20260422,28500,9.01,256785.0,9.03,0.000791082,0.190421,360266.0
002940.SZ,20260422,204900,39.0,7991100.0,39.12,0.110592,0.588022,18527.5
002941.SZ,20260422,11600,16.05,186180.0,16.14,0.00158958,0.0981699,72975.1
002942.SZ,20260422,83100,19.71,1637901.0,19.29,0.0605646,5.95243,13720.9
002943.SZ,20260422,54800,57.51,3151548.0,58.59,0.0376338,0.23226,14561.4
002945.SZ,20260422,25600,15.51,397056.0,15.56,0.000948148,0.244699,270000.0
002946.SZ,20260422,34600,18.09,625914.0,18.04,0.00406721,0.738084,85070.6
002947.SZ,20260422,100700,71.7,7220190.0,72.82,0.0522754,0.691029,19263.4
002948.SZ,20260422,573100,5.6,3209360.0,5.57,0.0184128,1.32405,311250.0
002949.SZ,20260422,28900,14.58,421362.0,14.55,0.0190275,0.633347,15188.6
002950.SZ,20260422,828000,14.56,12055680.0,14.38,0.183188,2.9137,45199.5
002951.SZ,20260422,39500,16.14,637530.0,16.3,0.00984732,0.379874,40112.4
002952.SZ,20260422,628800,27.59,17348592.0,27.29,0.477648,7.54826,13164.5
002953.SZ,20260422,6300,12.22,76986.0,12.27,0.00231927,0.0834003,27163.8
002955.SZ,20260422,2600,25.23,65598.0,25.22,0.00132893,0.122726,19564.7
002956.SZ,20260422,9000,27.67,249030.0,27.79,0.00403182,0.410147,22322.4
002957.SZ,20260422,539100,49.64,26760924.0,50.05,0.128762,1.47706,41867.9
002958.SZ,20260422,116900,3.0,350700.0,3.0,0.0021491,0.330391,543949.0
002959.SZ,20260422,9900,42.55,421245.0,42.43,0.00657726,0.739543,15051.8
002960.SZ,20260422,54600,11.95,652470.0,11.81,0.00675285,0.483084,80854.7
002961.SZ,20260422,34100,24.53,836473.0,24.68,0.00714988,0.298096,47693.1
002962.SZ,20260422,622100,17.6,10948960.0,18.1,0.297394,1.39263,20918.4
002963.SZ,20260422,32200,15.33,493626.0,15.42,0.0281932,0.538298,11421.2
002965.SZ,20260422,15200,31.02,471504.0,31.02,0.00762204,0.376783,19942.2
002966.SZ,20260422,60300,8.75,527625.0,8.76,0.00137163,0.182798,439622.0
002967.SZ,20260422,198000,22.38,4431240.0,22.38,0.0361824,1.52949,54722.7
002968.SZ,20260422,26500,11.71,310315.0,11.7,0.0124406,0.884613,21301.1
002969.SZ,20260422,359900,21.41,7705459.0,21.79,0.0329492,0.722893,109229.0
002970.SZ,20260422,73800,64.61,4768218.0,63.98,0.0592876,0.924481,12447.8
002971.SZ,20260422,36400,30.99,1128036.0,31.06,0.0232735,0.915545,15640.1
002972.SZ,20260422,207300,13.45,2788185.0,13.57,0.153959,3.62758,13464.6
002973.SZ,20260422,5200,13.47,70044.0,13.43,0.00163701,0.142244,31765.3
002975.SZ,20260422,92500,98.85,9143625.0,98.83,0.0873804,0.706971,10585.9
002976.SZ,20260422,5900,28.85,170215.0,29.03,0.00885016,0.225691,6666.54
002977.SZ,20260422,11400,30.22,344508.0,30.36,0.0171119,0.386192,6662.02
002978.SZ,20260422,13400,34.09,456806.0,34.22,0.00362869,0.407402,36928.0
002979.SZ,20260422,10800,40.2,434160.0,40.47,0.00489306,0.246715,22072.1
002980.SZ,20260422,239640,81.44,19516281.6,82.2,0.236355,0.976424,10139.0
002981.SZ,20260422,2400,24.43,58632.0,24.43,0.00200976,0.140834,11941.7
002982.SZ,20260422,526400,15.55,8185520.0,15.54,0.404639,8.9158,13009.1
002983.SZ,20260422,80600,24.01,1935206.0,25.17,0.0628914,3.27372,12815.8
002984.SZ,20260422,21300,17.76,378288.0,17.86,0.00298358,0.246699,71390.7
002985.SZ,20260422,73600,38.3,2818880.0,38.79,0.0222397,0.673844,33093.9
002986.SZ,20260422,51900,14.67,761373.0,14.62,0.0171947,0.57094,30183.7
002987.SZ,20260422,11400,16.26,185364.0,16.34,0.00135155,0.148636,84347.8
002988.SZ,20260422,13300,34.19,454727.0,34.44,0.00532485,0.263685,24977.2
002989.SZ,20260422,6600,25.5,168300.0,25.88,0.00359994,0.107216,18333.7
002990.SZ,20260422,245500,44.41,10902655.0,45.15,0.180782,0.88312,13579.9
002991.SZ,20260422,73400,52.7,3868180.0,52.91,0.146995,6.64759,4993.37
002992.SZ,20260422,95000,56.98,5413100.0,56.8,0.0601116,3.50721,15804.0
002993.SZ,20260422,483400,46.71,22579614.0,49.2,0.202729,9.46506,23844.7
002995.SZ,20260422,44300,23.6,1045480.0,23.64,0.0394068,0.318541,11241.7
002996.SZ,20260422,6200,7.37,45694.0,7.41,0.00148928,0.0805419,41630.8
002997.SZ,20260422,19700,31.44,619368.0,31.58,0.00941137,0.604674,20932.1
002998.SZ,20260422,48300,9.24,446292.0,9.31,0.0178565,0.371516,27049.0
002999.SZ,20260422,38800,6.99,271212.0,7.01,0.0112884,0.499566,34371.5
003000.SZ,20260422,17700,10.61,187797.0,10.61,0.00574563,0.776971,30806.0
003001.SZ,20260422,8000,17.0,136000.0,17.04,0.0074414,0.280619,10750.7
003002.SZ,20260422,10000,29.42,294200.0,29.45,0.00546905,0.31319,18284.7
003003.SZ,20260422,18100,13.19,238739.0,13.24,0.0153655,0.599219,11779.6
003004.SZ,20260422,10800,32.44,350352.0,32.42,0.0157111,1.05048,6874.14
003005.SZ,20260422,87300,18.51,1615923.0,18.59,0.068752,3.37205,12697.8
003006.SZ,20260422,510400,19.11,9753744.0,19.49,0.119093,5.75215,42857.3
003007.SZ,20260422,80300,43.86,3521958.0,44.94,0.111702,1.38624,7188.76
003008.SZ,20260422,83400,21.59,1800606.0,21.59,0.107304,2.6411,7772.32
003009.SZ,20260422,40800,60.61,2472888.0,61.16,0.0247742,0.720325,16468.7
003010.SZ,20260422,7800,31.0,241800.0,31.12,0.00344916,0.114834,22614.2
003011.SZ,20260422,4700,24.01,112847.0,24.06,0.00601879,0.179685,7808.88
003012.SZ,20260422,10800,6.18,66744.0,6.17,0.000943635,0.131634,114451.0
003013.SZ,20260422,9000,13.35,120150.0,13.39,0.0022503,0.598667,39994.7
003015.SZ,20260422,10200,16.35,166770.0,16.43,0.00412412,0.0896837,24732.5
003016.SZ,20260422,7300,8.23,60079.0,8.25,0.00177666,0.197965,41088.3
003017.SZ,20260422,6800,31.47,213996.0,31.47,0.00981411,0.484932,6928.8
003018.SZ,20260422,582200,49.6,28877120.0,47.45,0.245253,3.70682,23738.8
003019.SZ,20260422,9700,35.0,339500.0,35.19,0.00567393,0.143322,17095.7
003020.SZ,20260422,100,23.59,2359.0,23.59,7.26087e-05,0.00518278,13772.5
003021.SZ,20260422,4700,99.59,468073.0,100.28,0.0022672,0.140344,20730.4
003022.SZ,20260422,27700,22.5,623250.0,22.53,0.00207579,0.190953,133443.0
003023.SZ,20260422,234500,30.92,7250740.0,31.18,0.223078,2.8008,10512.0
003025.SZ,20260422,1300,13.75,17875.0,13.82,0.000574165,0.0342982,22641.6
003026.SZ,20260422,29000,37.17,1077930.0,37.54,0.0303045,0.455185,9569.53
003027.SZ,20260422,2945583,27.67,81504281.61,25.15,2.80904,43.9682,10486.1
003028.SZ,20260422,2100,28.48,59808.0,28.35,0.00297711,0.142679,7053.82
003029.SZ,20260422,8500,20.87,177395.0,20.99,0.00482683,0.173292,17609.9
003030.SZ,20260422,24700,20.84,514748.0,20.89,0.0311139,1.78736,7938.58
003031.SZ,20260422,109200,123.12,13444704.0,122.5,0.0321029,0.740945,34015.7
003032.SZ,20260422,24600,6.37,156702.0,6.4,0.00890595,0.826002,27622.0
003033.SZ,20260422,2400,58.9,141360.0,59.2,0.00297237,0.139758,8074.36
003035.SZ,20260422,703100,8.06,5666986.0,8.03,0.0185618,0.73235,378788.0
003036.SZ,20260422,77100,27.24,2100204.0,27.53,0.0356485,0.560063,21627.8
003037.SZ,20260422,4600,7.17,32982.0,7.18,0.000767851,0.182376,59907.5
003038.SZ,20260422,26900,15.0,403500.0,15.08,0.0164802,0.158563,16322.7
003039.SZ,20260422,67100,15.5,1040050.0,15.6,0.0108661,0.830399,61751.9
003040.SZ,20260422,3100,15.8,48980.0,15.83,0.000678559,0.0581723,45685.0
003041.SZ,20260422,0,,0.0,62.22,0.0,0.0,13682.3
003042.SZ,20260422,22300,16.93,377539.0,16.98,0.0175086,0.480971,12736.6
003043.SZ,20260422,2200,56.46,124212.0,56.71,0.00262446,0.0615123,8382.67
003816.SZ,20260422,870799,4.54,3953427.46,4.57,0.00221379,0.597876,3933510.0
300001.SZ,20260422,101900,29.53,3009107.0,29.6,0.00984635,0.405993,103490.0
300002.SZ,20260422,269600,9.54,2571984.0,9.61,0.0145962,0.81304,184705.0
300003.SZ,20260422,82800,16.35,1353780.0,16.39,0.00524412,0.380253,157891.0
300004.SZ,20260422,18500,14.02,259370.0,14.15,0.00385422,0.0914017,47999.4
300005.SZ,20260422,47700,14.37,685449.0,14.48,0.00544158,0.216182,87658.4
300006.SZ,20260422,103600,6.42,665112.0,6.44,0.00981227,0.143361,105582.0
300007.SZ,20260422,36400,44.0,1601600.0,44.26,0.0128646,0.38645,28294.6
300008.SZ,20260422,330600,7.89,2608434.0,7.95,0.0200693,0.371876,164729.0
300009.SZ,20260422,100000,9.7,970000.0,9.75,0.00812845,0.506508,123025.0
300010.SZ,20260422,68100,5.98,407238.0,6.01,0.00409419,0.217655,166333.0
300011.SZ,20260422,7800,7.37,57486.0,7.38,0.00153769,0.123128,50725.6
300012.SZ,20260422,181800,17.26,3137868.0,17.33,0.0127023,0.383292,143124.0
300013.SZ,20260422,13300,3.75,49875.0,3.77,0.00298232,0.125043,44596.2
300014.SZ,20260422,386000,71.89,27749540.0,71.98,0.0184554,0.509069,209153.0
300015.SZ,20260422,258058,9.66,2492840.28,9.69,0.00324383,0.440129,795536.0
300016.SZ,20260422,86700,9.85,853995.0,9.82,0.0154239,0.330663,56211.5
300017.SZ,20260422,1780700,18.3,32586810.0,17.98,0.077247,0.727095,230520.0
300018.SZ,20260422,54600,13.2,720720.0,13.37,0.0151385,0.251397,36067.0
300019.SZ,20260422,28200,18.79,529878.0,18.88,0.00765036,0.276364,36861.0
300020.SZ,20260422,55000,3.7,203500.0,3.73,0.00717469,0.286323,76658.4
300021.SZ,20260422,30500,4.38,133590.0,4.39,0.00349474,0.311573,87273.9
300022.SZ,20260422,55100,9.79,539429.0,9.76,0.0111488,0.242978,49422.6
300024.SZ,20260422,61600,14.9,917840.0,14.97,0.00400019,0.36765,153993.0
300025.SZ,20260422,93900,5.1,478890.0,5.15,0.0185429,0.884835,50639.2
300026.SZ,20260422,124800,3.41,425568.0,3.44,0.00415816,0.205549,300133.0
300027.SZ,20260422,3384200,1.89,6396138.0,1.91,0.136186,1.04353,248498.0
300029.SZ,20260422,68400,4.1,280440.0,4.17,0.0341385,1.09815,20036.0
300030.SZ,20260422,172100,8.04,1383684.0,7.7,0.0632192,2.88063,27222.8
300031.SZ,20260422,12900,21.41,276189.0,21.55,0.00366579,0.207173,35190.2
300032.SZ,20260422,40900,5.91,241719.0,5.92,0.00509232,0.108655,80317.0
300033.SZ,20260422,48800,243.8,11897440.0,245.77,0.0111311,0.363943,43841.1
300034.SZ,20260422,50000,19.46,973000.0,19.66,0.00651842,0.336011,76705.7
300035.SZ,20260422,630600,23.47,14800182.0,23.2,0.1081,1.55985,58334.8
300036.SZ,20260422,10500,16.18,169890.0,16.18,0.00239465,0.100338,43847.8
300037.SZ,20260422,136900,62.8,8597320.0,62.88,0.0254119,0.60877,53872.4
300039.SZ,20260422,69000,5.92,408480.0,5.94,0.00752514,0.529466,91692.6
300040.SZ,20260422,358900,7.02,2519478.0,7.11,0.0693693,0.740583,51737.6
300041.SZ,20260422,56800,11.16,633888.0,11.19,0.0104395,0.545543,54408.7
300042.SZ,20260422,84100,49.28,4144448.0,49.4,0.0419699,0.358727,20038.2
300043.SZ,20260422,461700,5.8,2677860.0,5.88,0.0371281,1.21472,124353.0
300045.SZ,20260422,112400,23.39,2629036.0,23.62,0.0217697,0.414847,51631.3
300046.SZ,20260422,12300,31.82,391386.0,32.08,0.00520016,0.268415,23653.1
300047.SZ,20260422,24000,12.08,289920.0,12.14,0.00418183,0.182148,57391.1
300048.SZ,20260422,376800,7.13,2686584.0,6.99,0.033464,1.10696,112598.0
300049.SZ,20260422,10100,56.95,575195.0,57.45,0.00432289,0.181165,23364.0
300050.SZ,20260422,85200,7.19,612588.0,7.15,0.015647,0.204149,54451.5
300051.SZ,20260422,197300,17.79,3509967.0,17.42,0.0536614,0.36968,36767.6
300052.SZ,20260422,377900,13.21,4992059.0,13.35,0.144319,0.960929,26185.1
300053.SZ,20260422,255100,18.68,4765268.0,18.9,0.0391968,0.708241,65081.9
300054.SZ,20260422,124900,52.2,6519780.0,52.3,0.0169207,0.456987,73815.1
300055.SZ,20260422,8200,11.47,94054.0,11.51,0.00138529,0.0240924,59193.6
300056.SZ,20260422,151100,9.61,1452071.0,9.74,0.0392314,0.8899,38515.0
300057.SZ,20260422,1822300,7.55,13758365.0,7.33,0.248892,2.19171,73216.6
300058.SZ,20260422,1646100,18.7,30782070.0,18.79,0.0473299,0.256502,347793.0
300059.SZ,20260422,612900,19.86,12172194.0,19.94,0.00459523,0.289488,1333780.0
300061.SZ,20260422,43700,8.09,353533.0,8.12,0.00702381,0.468355,62217.0
300062.SZ,20260422,277400,7.85,2177590.0,7.76,0.0605085,1.38804,45844.8
300063.SZ,20260422,186900,12.2,2280180.0,12.34,0.0298298,0.267888,62655.4
300065.SZ,20260422,1944700,26.5,51534550.0,28.4,0.296044,2.27904,65689.5
300066.SZ,20260422,40600,6.52,264712.0,6.56,0.00406773,0.20949,99809.9
300067.SZ,20260422,6147956,6.06,37256613.36,5.05,0.655793,72.308,93748.4
300068.SZ,20260422,52400,12.41,650284.0,12.48,0.00614173,0.132526,85318.0
300069.SZ,20260422,45200,22.09,998468.0,22.05,0.0386325,0.386923,11700.0
300070.SZ,20260422,42300,4.07,172161.0,4.07,0.00123152,0.0934725,343477.0
300071.SZ,20260422,142800,4.9,699720.0,4.94,0.0151055,0.333302,94535.1
300072.SZ,20260422,103200,4.63,477816.0,4.64,0.0044266,0.220893,233136.0
300073.SZ,20260422,208900,59.5,12429550.0,59.07,0.0412869,1.15202,50597.1
300074.SZ,20260422,33100,4.02,133062.0,4.02,0.00605021,0.246917,54708.8
300075.SZ,20260422,18100,12.64,228784.0,12.71,0.00351157,0.244077,51543.8
300076.SZ,20260422,732500,4.86,3559950.0,4.91,0.172759,2.15139,42400.0
300077.SZ,20260422,435100,21.8,9485180.0,21.14,0.0768283,1.53684,56632.8
300078.SZ,20260422,26300,3.86,101518.0,3.88,0.0023622,0.102599,111337.0
300079.SZ,20260422,68800,5.48,377024.0,5.5,0.00536879,0.259672,128148.0
300080.SZ,20260422,182400,4.67,851808.0,4.71,0.00974952,0.644914,187086.0
300081.SZ,20260422,949400,3.82,3626708.0,3.88,0.157002,2.38371,60470.4
300082.SZ,20260422,29200,11.23,327916.0,11.26,0.00430474,0.100017,67832.1
300083.SZ,20260422,143200,8.33,1192856.0,8.38,0.00959441,0.164639,149254.0
300084.SZ,20260422,35100,11.19,392769.0,11.21,0.0101415,0.209286,34610.2
300085.SZ,20260422,38600,37.18,1435148.0,37.51,0.00592013,0.146463,65201.3
300086.SZ,20260422,30400,7.23,219792.0,7.28,0.00689839,0.101458,44068.3
300087.SZ,20260422,22900,7.99,182971.0,8.0,0.00253797,0.24513,90229.6
300088.SZ,20260422,770100,7.13,5490813.0,7.18,0.0309837,0.17665,248550.0
300091.SZ,20260422,6300,3.23,20349.0,3.22,0.000385222,0.0316895,163542.0
300092.SZ,20260422,4700,16.54,77738.0,16.66,0.00223952,0.0912207,20986.6
300093.SZ,20260422,42000,23.18,973560.0,23.28,0.0181836,0.583517,23097.8
300094.SZ,20260422,572300,3.13,1791299.0,3.16,0.0517676,1.83797,110552.0
300095.SZ,20260422,27400,9.58,262492.0,9.65,0.00798054,0.393728,34333.5
300096.SZ,20260422,107700,9.97,1073769.0,9.87,0.0250465,1.61233,43000.0
300097.SZ,20260422,155000,10.12,1568600.0,10.29,0.0574056,0.408323,27000.8
300098.SZ,20260422,72500,5.23,379175.0,5.25,0.00470247,0.17278,154174.0
300099.SZ,20260422,167800,9.93,1666254.0,10.0,0.0288654,0.459457,58131.8
300100.SZ,20260422,40600,30.96,1256976.0,31.27,0.00736634,0.430561,55115.6
300101.SZ,20260422,430900,23.03,9923627.0,23.59,0.0761249,1.74565,56604.3
300102.SZ,20260422,1010400,34.85,35212440.0,35.88,0.110308,1.27223,91597.7
300103.SZ,20260422,87300,7.7,672210.0,7.72,0.0275102,0.759739,31733.7
300105.SZ,20260422,25800,6.57,169506.0,6.55,0.00500511,0.361111,51547.3
300106.SZ,20260422,11100,9.67,107337.0,9.65,0.00525239,0.212003,21133.2
300107.SZ,20260422,63700,6.88,438256.0,6.88,0.0183371,0.80431,34738.3
300109.SZ,20260422,5100,18.7,95370.0,18.81,0.00114029,0.057364,44725.6
300110.SZ,20260422,116900,3.06,357714.0,3.08,0.00989967,0.227539,118085.0
300111.SZ,20260422,78000,3.89,303420.0,3.92,0.00605961,0.208018,128721.0
300112.SZ,20260422,27100,8.02,217342.0,8.02,0.0114054,0.420313,23760.6
300113.SZ,20260422,205500,28.4,5836200.0,28.38,0.0403717,0.311593,50902.0
300115.SZ,20260422,76900,33.71,2592299.0,33.94,0.00566559,0.166855,135732.0
300118.SZ,20260422,267100,16.85,4500635.0,17.09,0.0288188,0.474966,92682.6
300119.SZ,20260422,21800,18.45,402210.0,18.57,0.00653431,0.411996,33362.3
300120.SZ,20260422,9000,7.39,66510.0,7.41,0.00170633,0.0991253,52744.7
300121.SZ,20260422,19400,12.85,249290.0,12.84,0.00451835,0.194967,42936.0
300122.SZ,20260422,17900,15.26,273154.0,15.25,0.00126564,0.13302,141431.0
300123.SZ,20260422,55121528,4.13,227651910.64,5.14,5.54531,305.36,99402.0
300124.SZ,20260422,82800,65.86,5453208.0,66.04,0.00345206,0.248539,239857.0
300125.SZ,20260422,61000,9.69,591090.0,9.86,0.0169064,0.658228,36081.0
300126.SZ,20260422,25700,7.68,197376.0,7.75,0.0122002,0.629825,21065.3
300127.SZ,20260422,17700,31.09,550293.0,31.24,0.00766844,0.298997,23081.6
300128.SZ,20260422,106400,6.24,663936.0,6.26,0.00819901,0.382903,129772.0
300129.SZ,20260422,132000,12.55,1656600.0,12.67,0.0183662,0.290126,71871.0
300130.SZ,20260422,32000,23.48,751360.0,23.45,0.00737053,0.337056,43416.1
300131.SZ,20260422,2108100,17.27,36406887.0,17.72,0.202261,1.47784,104227.0
300132.SZ,20260422,159600,8.71,1390116.0,8.63,0.0314123,0.901476,50808.1
300133.SZ,20260422,621300,7.72,4796436.0,7.82,0.0385367,0.706183,161223.0
300134.SZ,20260422,13200,11.14,147048.0,11.11,0.00185284,0.0639956,71241.8
300135.SZ,20260422,37300,3.71,138383.0,3.73,0.00404731,0.243046,92160.0
300136.SZ,20260422,995875,77.1,76781962.5,77.04,0.121049,0.853598,82270.3
300137.SZ,20260422,293600,16.35,4800360.0,16.55,0.0553927,0.49667,53003.4
300138.SZ,20260422,27800,11.96,332488.0,11.96,0.00697943,0.460914,39831.3
300139.SZ,20260422,135700,56.26,7634482.0,56.95,0.058076,0.509789,23365.9
300140.SZ,20260422,92700,6.29,583083.0,6.33,0.00908715,0.449975,102012.0
300141.SZ,20260422,164100,13.37,2194017.0,13.5,0.0644189,2.28227,25473.9
300142.SZ,20260422,82900,12.06,999774.0,12.05,0.00531239,0.23713,156050.0
300143.SZ,20260422,47300,11.7,553410.0,11.78,0.00737613,0.360986,64125.8
300144.SZ,20260422,185900,7.82,1453738.0,7.85,0.00788106,0.617187,235882.0
300145.SZ,20260422,579300,4.93,2855949.0,4.97,0.0303167,0.600523,191083.0
300146.SZ,20260422,22600,10.72,242272.0,10.72,0.00201662,0.161688,112068.0
300147.SZ,20260422,39300,10.15,398895.0,10.16,0.00597811,0.253848,65739.8
300148.SZ,20260422,232000,4.45,1032400.0,4.48,0.0284947,0.818736,81418.6
300149.SZ,20260422,299800,10.71,3210858.0,10.81,0.0631752,0.819819,47455.3
300150.SZ,20260422,20300,5.44,110432.0,5.44,0.0044109,0.252234,46022.3
300151.SZ,20260422,33600,18.11,608496.0,18.22,0.00911418,0.171483,36865.6
300152.SZ,20260422,97600,2.08,203008.0,2.1,0.013696,0.522697,71261.8
300153.SZ,20260422,25200,28.1,708120.0,28.28,0.00791631,0.122111,31833.0
300154.SZ,20260422,13200,8.2,108240.0,8.25,0.00418842,0.258529,31515.4
300155.SZ,20260422,21100,4.68,98748.0,4.68,0.00637989,0.255723,33072.7
300157.SZ,20260422,69500,6.19,430205.0,6.24,0.00981882,0.215675,70782.5
300158.SZ,20260422,98500,5.83,574255.0,5.91,0.00993451,0.261926,99149.3
300159.SZ,20260422,129400,3.41,441254.0,3.41,0.00706394,0.31363,183184.0
300160.SZ,20260422,26700,5.33,142311.0,5.35,0.0035032,0.311709,76216.0
300161.SZ,20260422,3600,28.89,104004.0,29.0,0.0018462,0.134104,19499.5
300162.SZ,20260422,65600,9.65,633040.0,9.76,0.0191722,0.1893,34216.2
300163.SZ,20260422,347400,4.95,1719630.0,5.06,0.0765552,0.977432,45379.0
300164.SZ,20260422,559800,13.78,7714044.0,13.77,0.0959859,0.640996,58321.1
300165.SZ,20260422,554600,6.21,3444066.0,6.26,0.13188,1.61116,42053.5
300166.SZ,20260422,418800,15.6,6533280.0,15.64,0.0462365,0.257372,90577.8
300167.SZ,20260422,16100,6.19,99659.0,6.2,0.00448601,0.245139,35889.3
300168.SZ,20260422,16600,5.42,89972.0,5.44,0.00115343,0.126485,143918.0
300169.SZ,20260422,13000,5.86,76180.0,5.86,0.00430841,0.187968,30173.6
300170.SZ,20260422,155500,21.18,3293490.0,21.17,0.0159188,0.269698,97683.0
300171.SZ,20260422,37600,14.52,545952.0,14.61,0.00668258,0.788785,56265.7
300172.SZ,20260422,53000,5.37,284610.0,5.39,0.0101351,0.307856,52293.6
300173.SZ,20260422,22700,4.38,99426.0,4.38,0.00308959,0.240613,73472.6
300174.SZ,20260422,460800,18.03,8308224.0,17.6,0.127224,4.15203,36219.5
300175.SZ,20260422,23300,6.48,150984.0,6.48,0.00494902,0.500507,47080.0
300176.SZ,20260422,69600,7.25,504600.0,7.27,0.0179715,0.626828,38728.1
300177.SZ,20260422,16700,8.02,133934.0,8.07,0.0027544,0.149221,60630.3
300179.SZ,20260422,271900,27.74,7542506.0,27.57,0.0727041,0.543869,37398.2
300180.SZ,20260422,145200,5.74,833448.0,5.74,0.008478,0.606589,171267.0
300181.SZ,20260422,65000,15.57,1012050.0,15.51,0.010781,0.71332,60291.1
300182.SZ,20260422,388400,5.83,2264372.0,5.87,0.0171942,0.332059,225890.0
300183.SZ,20260422,5100,15.32,78132.0,15.3,0.00137456,0.0700454,37102.9
300184.SZ,20260422,482200,12.6,6075720.0,12.63,0.0457494,0.315893,105400.0
300185.SZ,20260422,866400,3.24,2807136.0,3.27,0.0225271,0.540566,384603.0
300187.SZ,20260422,85100,5.18,440818.0,5.16,0.0132527,0.859942,64213.1
300188.SZ,20260422,115900,12.96,1502064.0,13.03,0.0135475,0.650176,85550.9
300189.SZ,20260422,145900,6.68,974612.0,6.68,0.0164628,0.251587,88624.0
300190.SZ,20260422,21500,4.04,86860.0,4.05,0.00227696,0.0772262,94424.2
300191.SZ,20260422,120296,40.0,4811840.0,39.77,0.0543846,0.88332,22119.5
300192.SZ,20260422,14800,19.72,291856.0,19.83,0.00455893,0.137385,32463.8
300193.SZ,20260422,63600,8.62,548232.0,8.67,0.0151654,1.10674,41937.6
300194.SZ,20260422,6100,4.14,25254.0,4.14,0.000629941,0.0348674,96834.4
300195.SZ,20260422,16300,7.6,123880.0,7.64,0.00519253,0.239788,31391.2
300196.SZ,20260422,152400,19.71,3003804.0,19.9,0.0617189,0.572941,24692.6
300197.SZ,20260422,486800,1.65,803220.0,1.65,0.016417,1.31752,296522.0
300198.SZ,20260422,53900,2.52,135828.0,2.51,0.0052523,0.51216,102622.0
300199.SZ,20260422,165000,21.63,3568950.0,21.81,0.0221269,0.330375,74569.8
300200.SZ,20260422,197000,9.81,1932570.0,9.96,0.0464709,1.53205,42392.1
300201.SZ,20260422,134600,11.39,1533094.0,11.47,0.013411,0.288122,100365.0
300203.SZ,20260422,61500,14.0,861000.0,14.04,0.0137169,0.788673,44835.1
300204.SZ,20260422,299900,29.43,8826057.0,29.87,0.0661061,0.566534,45366.4
300205.SZ,20260422,58200,6.14,357348.0,6.17,0.0135331,0.726235,43005.6
300206.SZ,20260422,55700,14.99,834943.0,14.92,0.0164608,0.807647,33838.0
300207.SZ,20260422,516200,29.59,15274358.0,29.65,0.0301195,0.478255,171384.0
300209.SZ,20260422,346761,12.65,4386526.65,12.83,0.0472066,0.306837,73456.0
300210.SZ,20260422,32100,9.51,305271.0,9.51,0.00662922,0.24114,48422.0
300211.SZ,20260422,5000,8.4,42000.0,8.43,0.00168302,0.148905,29708.6
300212.SZ,20260422,1131900,8.31,9406089.0,8.34,0.162045,3.20761,69851.2
300213.SZ,20260422,6300,7.85,49455.0,7.85,0.00114085,0.0695675,55222.2
300214.SZ,20260422,20800,7.71,160368.0,7.71,0.00447406,0.124465,46490.3
300215.SZ,20260422,96600,7.99,771834.0,8.05,0.019325,0.268991,49987.0
300217.SZ,20260422,58400,5.41,315944.0,5.45,0.00475976,0.108929,122695.0
300218.SZ,20260422,28300,14.76,417708.0,14.87,0.0130851,0.461878,21627.6
300219.SZ,20260422,25200,7.73,194796.0,7.78,0.00356613,0.134955,70664.9
300220.SZ,20260422,5100,14.2,72420.0,14.13,0.00337705,0.219464,15101.9
300221.SZ,20260422,79000,11.39,899810.0,11.4,0.0172804,0.339479,45716.4
300222.SZ,20260422,13900,11.07,153873.0,11.08,0.00219311,0.101945,63380.4
300223.SZ,20260422,31800,119.0,3784200.0,120.26,0.00756116,0.135223,42057.1
300224.SZ,20260422,609200,14.32,8723744.0,15.13,0.065698,3.31781,92727.4
300225.SZ,20260422,137300,6.64,911672.0,6.63,0.0289018,0.52966,47505.7
300226.SZ,20260422,31600,23.87,754292.0,23.94,0.0103148,0.371903,30635.6
300227.SZ,20260422,124600,11.92,1485232.0,11.9,0.0287715,0.63923,43306.8
300228.SZ,20260422,243500,8.94,2176890.0,9.04,0.0435674,0.79481,55890.4
300229.SZ,20260422,32000,18.52,592640.0,18.57,0.00366539,0.152424,87303.0
300230.SZ,20260422,39100,4.8,187680.0,4.82,0.0062081,0.365869,62982.2
300231.SZ,20260422,29600,11.14,329744.0,11.18,0.00666258,0.106845,44427.2
300232.SZ,20260422,1642100,6.54,10739334.0,7.07,0.185891,6.16461,88336.7
300233.SZ,20260422,22811,15.98,364519.78,16.08,0.00616822,0.16764,36981.5
300234.SZ,20260422,108900,6.45,702405.0,6.51,0.0316582,0.54973,34398.7
300235.SZ,20260422,26100,14.13,368793.0,14.3,0.0128487,0.282767,20313.3
300236.SZ,20260422,35400,85.82,3038028.0,86.68,0.0127087,0.345392,27855.0
300237.SZ,20260422,804500,2.3,1850350.0,2.33,0.0557944,3.93358,144190.0
300238.SZ,20260422,6800,14.95,101660.0,15.01,0.00256474,0.114727,26513.4
300239.SZ,20260422,56700,5.29,299943.0,5.33,0.00961405,0.635192,58976.2
300240.SZ,20260422,15400,7.05,108570.0,7.06,0.00423831,0.223776,36335.3
300241.SZ,20260422,40800,6.82,278256.0,6.88,0.00695795,0.106791,58638.0
300242.SZ,20260422,191600,4.75,910100.0,4.76,0.0301944,0.898057,63455.5
300243.SZ,20260422,329110,16.81,5532339.1,16.45,0.168733,0.830101,19504.8
300244.SZ,20260422,99500,19.12,1902440.0,19.26,0.0198421,0.461538,50145.9
300245.SZ,20260422,54700,13.19,721493.0,13.3,0.017971,0.200363,30437.9
300246.SZ,20260422,23900,16.77,400803.0,16.56,0.0113095,0.117902,21132.7
300247.SZ,20260422,90000,4.5,405000.0,4.51,0.0112041,0.822223,80327.5
300248.SZ,20260422,2400,10.3,24720.0,10.39,0.000586635,0.0358642,40911.3
300249.SZ,20260422,81100,17.99,1458989.0,18.11,0.0216781,0.227449,37411.0
300250.SZ,20260422,12400,21.38,265112.0,21.43,0.00787679,0.253751,15742.4
300251.SZ,20260422,3655300,16.05,58667565.0,16.86,0.131705,3.12862,277536.0
300252.SZ,20260422,228900,14.91,3412899.0,14.94,0.0409634,0.714243,55879.2
300253.SZ,20260422,190900,8.37,1597833.0,8.41,0.010544,0.351131,181050.0
300254.SZ,20260422,21000,12.18,255780.0,12.27,0.00929485,0.127098,22593.2
300255.SZ,20260422,85400,41.3,3527020.0,41.87,0.00930591,0.372834,91769.6
300256.SZ,20260422,38600,3.48,134328.0,3.49,0.00172061,0.108093,224339.0
300257.SZ,20260422,113400,28.31,3210354.0,29.01,0.0118782,0.826723,95469.0
300258.SZ,20260422,86200,11.58,998196.0,11.67,0.0151257,0.45294,56989.2
300259.SZ,20260422,87900,4.83,424557.0,4.83,0.00751582,0.404681,116953.0
300260.SZ,20260422,59900,50.49,3024351.0,50.88,0.0208249,0.460555,28763.7
300261.SZ,20260422,2500,6.09,15225.0,6.09,0.000267045,0.0197396,93617.3
300263.SZ,20260422,220200,10.94,2408988.0,11.12,0.0225724,0.571198,97552.9
300264.SZ,20260422,56000,8.53,477680.0,8.5,0.0151176,0.286787,37042.9
300265.SZ,20260422,221600,20.3,4498480.0,20.59,0.0474213,0.314223,46730.0
300266.SZ,20260422,89200,2.38,212296.0,2.39,0.00574418,0.53178,155288.0
300267.SZ,20260422,2139900,4.04,8645196.0,4.08,0.150444,2.03192,142239.0
300268.SZ,20260422,900,13.85,12465.0,14.01,0.000673111,0.0688526,13370.8
300269.SZ,20260422,36700,7.34,269378.0,7.37,0.00698144,0.14862,52568.0
300270.SZ,20260422,374700,12.59,4717473.0,12.24,0.143602,1.80841,26093.0
300271.SZ,20260422,7100,6.54,46434.0,6.54,0.00089057,0.0795597,79724.2
300272.SZ,20260422,137700,8.6,1184220.0,8.73,0.0296466,0.486441,46447.2
300274.SZ,20260422,167600,135.56,22719856.0,136.23,0.0105408,0.247769,159001.0
300275.SZ,20260422,3100,11.12,34472.0,11.11,0.00114197,0.0786787,27146.1
300276.SZ,20260422,606700,7.45,4519915.0,7.54,0.0573916,1.44606,105712.0
300277.SZ,20260422,70100,19.32,1354332.0,19.33,0.00915676,0.193786,76555.4
300278.SZ,20260422,64400,4.71,303324.0,4.71,0.00456917,0.235937,140945.0
300279.SZ,20260422,48300,8.72,421176.0,8.73,0.009919,0.301091,48694.4
300281.SZ,20260422,11200,6.86,76832.0,6.91,0.00281884,0.195494,39732.6
300283.SZ,20260422,374900,10.04,3763996.0,10.05,0.102092,0.955357,36721.9
300284.SZ,20260422,29800,6.69,199362.0,6.73,0.00248882,0.272265,119735.0
300285.SZ,20260422,137500,36.11,4965125.0,35.88,0.016107,0.312704,85366.9
300286.SZ,20260422,14500,25.87,375115.0,26.01,0.0069787,0.262772,20777.5
300287.SZ,20260422,37200,4.16,154752.0,4.17,0.00282198,0.171554,131822.0
300288.SZ,20260422,6500,12.62,82030.0,12.61,0.00253343,0.145181,25656.9
300289.SZ,20260422,12000,6.66,79920.0,6.64,0.00220931,0.180121,54315.6
300290.SZ,20260422,70500,15.17,1069485.0,15.23,0.0110235,0.16482,63954.2
300291.SZ,20260422,30100,6.76,203476.0,6.8,0.00323392,0.155265,93075.9
300292.SZ,20260422,126000,4.93,621180.0,4.94,0.0112909,0.266363,111594.0
300293.SZ,20260422,2700,18.35,49545.0,18.48,0.000797783,0.0429063,33843.8
300294.SZ,20260422,19900,18.61,370339.0,18.65,0.00394646,0.462984,50424.9
300295.SZ,20260422,38100,10.65,405765.0,10.73,0.0227428,0.366207,16752.6
300296.SZ,20260422,468000,7.64,3575520.0,7.69,0.0205757,0.411188,227453.0
300298.SZ,20260422,7500,16.06,120450.0,16.05,0.00166329,0.213461,45091.3
300299.SZ,20260422,46400,6.02,279328.0,6.04,0.00673222,0.293883,68922.3
300300.SZ,20260422,198900,12.68,2522052.0,12.8,0.0298288,0.280847,66680.5
300301.SZ,20260422,81700,3.78,308826.0,3.8,0.0103444,0.212498,78979.9
300302.SZ,20260422,55800,24.25,1353150.0,24.52,0.0151296,0.18154,36881.4
300303.SZ,20260422,485000,9.69,4699650.0,9.8,0.0365033,0.327233,132865.0
300304.SZ,20260422,27300,12.55,342615.0,12.64,0.00319479,0.170373,85451.6
300305.SZ,20260422,12400,6.27,77748.0,6.26,0.00385721,0.167912,32147.6
300306.SZ,20260422,7700,12.37,95249.0,12.36,0.00488571,0.344653,15760.2
300307.SZ,20260422,2100,6.49,13629.0,6.51,0.00026687,0.0351949,78689.9
300308.SZ,20260422,146119,859.3,125560056.7,864.86,0.013184,0.476777,110831.0
300310.SZ,20260422,61100,6.26,382486.0,6.3,0.00883749,0.196518,69137.3
300311.SZ,20260422,43900,5.33,233987.0,5.35,0.00816882,0.53188,53740.9
300313.SZ,20260422,1000,8.24,8240.0,8.2,0.000506707,0.0409345,19735.3
300314.SZ,20260422,2400,12.62,30288.0,12.62,0.00166966,0.0759019,14374.1
300315.SZ,20260422,292600,4.88,1427888.0,4.91,0.0113278,0.537694,258303.0
300316.SZ,20260422,177343,44.44,7881122.92,44.78,0.0143999,0.436104,123156.0
300317.SZ,20260422,424700,5.0,2123500.0,5.0,0.0512358,0.709879,82891.3
300318.SZ,20260422,20700,5.57,115299.0,5.58,0.00259223,0.192884,79853.9
300319.SZ,20260422,210600,12.35,2600910.0,12.22,0.0249888,0.96489,84277.8
300320.SZ,20260422,38300,9.41,360403.0,9.48,0.00789154,0.291148,48533.0
300321.SZ,20260422,3100,35.84,111104.0,35.78,0.00349509,0.199741,8869.59
300322.SZ,20260422,178800,29.81,5330028.0,30.2,0.0405966,0.266117,44043.1
300323.SZ,20260422,331400,10.93,3622202.0,10.85,0.0279028,0.409874,118769.0
300324.SZ,20260422,98300,4.59,451197.0,4.62,0.00574857,0.287455,170999.0
300326.SZ,20260422,82000,6.82,559240.0,6.84,0.011441,0.79272,71671.8
300327.SZ,20260422,38700,26.45,1023615.0,26.52,0.0114208,0.364781,33885.4
300328.SZ,20260422,114300,16.15,1845945.0,16.27,0.0166529,0.292349,68636.7
300329.SZ,20260422,2900,14.36,41644.0,14.44,0.00115021,0.0675565,25212.8
300331.SZ,20260422,39900,48.31,1927569.0,48.78,0.0189805,0.324833,21021.6
300332.SZ,20260422,348200,5.67,1974294.0,5.75,0.0419491,0.982472,83005.4
300333.SZ,20260422,24600,8.91,219186.0,8.98,0.00734811,0.378291,33478.0
300334.SZ,20260422,12900,7.31,94299.0,7.28,0.0042711,0.218808,30203.0
300335.SZ,20260422,186600,6.76,1261416.0,6.85,0.0485736,0.509574,38415.9
300337.SZ,20260422,329500,14.5,4777750.0,14.79,0.0463165,0.570432,71141.0
300338.SZ,20260422,49000,3.63,177870.0,3.65,0.0140256,0.458263,34936.1
300339.SZ,20260422,42700,40.51,1729777.0,40.6,0.00549064,0.24368,77768.6
300340.SZ,20260422,144500,11.35,1640075.0,11.26,0.0528408,2.27282,27346.3
300341.SZ,20260422,10200,15.15,154530.0,15.21,0.00197917,0.207223,51536.9
300342.SZ,20260422,1003900,65.85,66106815.0,68.68,0.239709,1.54636,41879.9
300343.SZ,20260422,48300,6.69,323127.0,6.73,0.00453002,0.299935,106622.0
300345.SZ,20260422,112700,6.73,758471.0,6.78,0.0235111,0.489114,47934.7
300346.SZ,20260422,552000,51.63,28499760.0,51.25,0.0841476,1.48854,65599.0
300347.SZ,20260422,31400,57.0,1789800.0,57.18,0.0055456,0.276796,56621.4
300348.SZ,20260422,136900,13.43,1838567.0,13.45,0.0193965,0.712575,70579.7
300349.SZ,20260422,24800,14.5,359600.0,14.59,0.00670621,0.276567,36980.6
300350.SZ,20260422,44000,5.24,230560.0,5.25,0.00933062,0.31889,47156.5
300351.SZ,20260422,87600,19.9,1743240.0,19.82,0.033256,0.296812,26341.1
300352.SZ,20260422,206300,7.4,1526620.0,7.45,0.01616,0.243043,127661.0
300353.SZ,20260422,62100,19.57,1215297.0,19.7,0.0115587,0.534156,53725.9
300354.SZ,20260422,4000,36.41,145640.0,36.72,0.0049195,0.13567,8130.9
300355.SZ,20260422,76300,3.72,283836.0,3.74,0.00587615,0.247685,129847.0
300357.SZ,20260422,19200,25.9,497280.0,26.11,0.00396642,0.18179,48406.4
300358.SZ,20260422,202700,10.99,2227673.0,10.99,0.0289034,1.11736,70130.0
300359.SZ,20260422,18200,4.91,89362.0,4.93,0.00287383,0.251868,63330.2
300360.SZ,20260422,6000,16.18,97080.0,16.19,0.00119934,0.0892232,50027.7
300363.SZ,20260422,31300,21.7,679210.0,21.8,0.00627435,0.224904,49885.6
300364.SZ,20260422,176400,30.18,5323752.0,30.39,0.0267106,0.278304,66041.1
300365.SZ,20260422,294000,5.68,1669920.0,5.82,0.0574528,1.73508,51172.5
300366.SZ,20260422,41900,5.65,236735.0,5.65,0.00789817,0.5994,53050.2
300368.SZ,20260422,9100,10.5,95550.0,10.5,0.00172041,0.0591736,52894.3
300369.SZ,20260422,71400,8.05,574770.0,8.08,0.00883602,0.299917,80805.6
300370.SZ,20260422,52500,2.48,130200.0,2.49,0.00336222,0.310419,156147.0
300371.SZ,20260422,4800,12.74,61152.0,12.74,0.00357115,0.243104,13441.0
300373.SZ,20260422,53700,81.51,4377087.0,81.39,0.00990522,0.43348,54213.8
300374.SZ,20260422,21600,13.98,301968.0,14.06,0.00878465,0.762961,24588.3
300375.SZ,20260422,52700,4.92,259284.0,4.91,0.00997638,0.483645,52824.8
300376.SZ,20260422,29300,6.28,184004.0,6.28,0.0012589,0.108466,232743.0
300377.SZ,20260422,48600,17.44,847584.0,17.52,0.00703408,0.169079,69092.2
300378.SZ,20260422,26500,41.46,1098690.0,41.46,0.00983265,0.245964,26951.0
300380.SZ,20260422,1300,34.19,44447.0,34.31,0.00102068,0.0627645,12736.6
300381.SZ,20260422,4900,6.18,30282.0,6.18,0.00100135,0.0714138,48934.1
300382.SZ,20260422,1900,12.49,23731.0,12.47,0.000293057,0.0177756,64833.8
300383.SZ,20260422,892000,17.13,15279960.0,17.13,0.0497337,0.536365,179355.0
300384.SZ,20260422,300,15.42,4626.0,15.47,0.00013622,0.00589003,22023.3
300385.SZ,20260422,504400,15.8,7969520.0,16.22,0.173535,1.4853,29066.3
300386.SZ,20260422,16300,14.05,229015.0,14.09,0.0065003,0.357109,25075.8
300387.SZ,20260422,22100,8.61,190281.0,8.62,0.00764821,0.333234,28895.7
300388.SZ,20260422,7600,7.81,59356.0,7.85,0.00111594,0.237643,68104.2
300389.SZ,20260422,16000,20.14,322240.0,20.13,0.00729137,0.18555,21943.7
300390.SZ,20260422,942904,84.05,79251081.2,85.81,0.140257,1.21199,67226.8
300393.SZ,20260422,240500,10.7,2573350.0,10.69,0.0251594,0.385765,95590.5
300394.SZ,20260422,295800,346.65,102539070.0,353.0,0.0381258,0.639302,77585.2
300395.SZ,20260422,87400,111.9,9780060.0,112.4,0.0170827,0.25619,51163.0
300396.SZ,20260422,29600,11.22,332112.0,11.26,0.0108708,1.29877,27229.0
300397.SZ,20260422,9700,11.94,115818.0,11.94,0.00239208,0.0857631,40550.5
300398.SZ,20260422,1149000,30.5,35044500.0,30.15,0.203778,2.69777,56385.0
300399.SZ,20260422,71100,21.03,1495233.0,21.03,0.0359853,2.13968,19758.1
300400.SZ,20260422,35800,27.4,980920.0,27.66,0.0148048,0.182926,24181.4
300401.SZ,20260422,54800,13.6,745280.0,13.67,0.0102449,0.338345,53490.1
300402.SZ,20260422,3600,19.05,68580.0,19.02,0.00147772,0.106414,24361.8
300403.SZ,20260422,5000,12.19,60950.0,12.19,0.0011708,0.0619475,42705.9
300404.SZ,20260422,63000,10.15,639450.0,10.1,0.0220711,0.553025,28544.2
300405.SZ,20260422,21300,5.99,127587.0,6.02,0.00973388,0.295055,21882.3
300406.SZ,20260422,6600,11.85,78210.0,11.93,0.00155542,0.250751,42432.2
300407.SZ,20260422,12000,13.51,162120.0,13.44,0.00463461,0.133516,25892.1
300408.SZ,20260422,131000,65.46,8575260.0,66.09,0.00700608,0.469218,186980.0
300409.SZ,20260422,313100,27.2,8516320.0,27.2,0.0455423,0.825436,68749.3
300410.SZ,20260422,119000,9.97,1186430.0,10.11,0.0324149,0.261336,36711.5
300411.SZ,20260422,12500,10.64,133000.0,10.68,0.0040438,0.145531,30911.6
300412.SZ,20260422,109300,5.37,586941.0,5.39,0.0233616,0.774817,46786.2
300413.SZ,20260422,23900,21.06,503334.0,21.14,0.00233924,0.190633,102170.0
300414.SZ,20260422,23000,14.23,327290.0,14.31,0.00733559,0.273221,31354.0
300415.SZ,20260422,13900,23.58,327762.0,23.64,0.00306781,0.125104,45309.2
300416.SZ,20260422,33400,18.4,614560.0,18.54,0.00661446,0.200492,50495.4
300417.SZ,20260422,3600,12.73,45828.0,12.78,0.00411136,0.126165,8756.22
300418.SZ,20260422,934700,53.86,50342942.0,54.28,0.0745083,1.42126,125449.0
300419.SZ,20260422,66300,7.3,483990.0,7.36,0.0180284,0.833659,36775.4
300420.SZ,20260422,82100,3.7,303770.0,3.72,0.00735467,0.400847,111630.0
300421.SZ,20260422,25600,24.81,635136.0,25.0,0.0111138,0.241951,23034.4
300422.SZ,20260422,22500,4.65,104625.0,4.65,0.00439924,0.29262,51145.2
300423.SZ,20260422,13600,7.91,107576.0,7.97,0.00407967,0.112539,33336.0
300424.SZ,20260422,6100,18.25,111325.0,18.36,0.00248685,0.0575526,24529.1
300425.SZ,20260422,31600,4.9,154840.0,4.93,0.00465342,0.5058,67907.0
300426.SZ,20260422,12400,7.58,93992.0,7.64,0.0031,0.172043,40000.0
300427.SZ,20260422,124700,12.1,1508870.0,12.2,0.024791,0.274102,50300.5
300428.SZ,20260422,76200,21.06,1604772.0,21.14,0.0127689,1.10035,59676.1
300429.SZ,20260422,19000,14.39,273410.0,14.49,0.00474446,0.105655,40046.7
300430.SZ,20260422,31500,17.71,557865.0,17.75,0.0121222,0.626723,25985.4
300432.SZ,20260422,274340,25.6,7023104.0,25.4,0.0162278,0.410867,169056.0
300433.SZ,20260422,362900,26.6,9653140.0,26.84,0.00730225,0.25514,496970.0
300434.SZ,20260422,1600,10.18,16288.0,10.18,0.000467671,0.0206916,34212.1
300435.SZ,20260422,154000,24.03,3700620.0,24.42,0.0417554,0.899633,36881.4
300436.SZ,20260422,80600,114.21,9205326.0,116.22,0.0589518,0.760061,13672.2
300437.SZ,20260422,15500,15.77,244435.0,15.85,0.00892083,0.133614,17375.1
300438.SZ,20260422,270500,67.35,18218175.0,67.12,0.0669282,0.623828,40416.4
300439.SZ,20260422,1900,9.79,18601.0,9.78,0.000649946,0.0458517,29233.2
300440.SZ,20260422,20400,17.34,353736.0,17.5,0.00465943,0.165041,43782.2
300441.SZ,20260422,7900,7.26,57354.0,7.28,0.00126087,0.20008,62654.9
300442.SZ,20260422,171500,89.98,15431570.0,90.05,0.0105226,0.291508,162982.0
300443.SZ,20260422,24700,29.99,740753.0,30.02,0.0101741,0.224524,24277.4
300444.SZ,20260422,203700,15.17,3090129.0,15.36,0.0327784,0.224421,62144.7
300445.SZ,20260422,10600,21.5,227900.0,21.67,0.00754169,0.276527,14055.2
300446.SZ,20260422,172900,21.06,3641274.0,20.77,0.0462844,1.25689,37356.0
300447.SZ,20260422,354700,20.9,7413230.0,21.41,0.176071,2.78626,20145.3
300448.SZ,20260422,349000,7.23,2523270.0,7.3,0.0751275,1.1962,46454.4
300449.SZ,20260422,23600,7.0,165200.0,7.01,0.00611342,0.385244,38603.6
300450.SZ,20260422,793800,58.02,46056276.0,58.58,0.0509037,1.06492,155941.0
300451.SZ,20260422,77800,4.31,335318.0,4.31,0.00509598,0.231059,152669.0
300452.SZ,20260422,16500,14.52,239580.0,14.53,0.0083069,0.339547,19863.0
300453.SZ,20260422,257500,10.02,2580150.0,10.14,0.0715557,1.91031,35986.0
300454.SZ,20260422,8600,109.0,937400.0,109.6,0.00298608,0.0711788,28800.3
300455.SZ,20260422,87800,25.96,2279288.0,26.37,0.0123902,0.484114,70862.2
300456.SZ,20260422,298600,55.88,16685768.0,56.48,0.0499792,0.446382,59744.9
300457.SZ,20260422,49350,28.41,1402033.5,28.65,0.00777354,0.284426,63484.6
300458.SZ,20260422,380400,39.23,14923092.0,38.91,0.0576433,1.54497,65992.0
300459.SZ,20260422,405000,4.09,1656450.0,4.11,0.0123205,0.601595,328719.0
300460.SZ,20260422,66800,9.12,609216.0,9.21,0.0237888,1.15369,28080.4
300461.SZ,20260422,78500,61.39,4819115.0,62.7,0.0546265,0.636359,14370.3
300462.SZ,20260422,6600,13.13,86658.0,13.12,0.00478143,0.386236,13803.4
300463.SZ,20260422,2500,10.58,26450.0,10.61,0.000508337,0.0511813,49180.0
300464.SZ,20260422,38900,8.15,317035.0,8.18,0.0109472,0.198036,35534.3
300465.SZ,20260422,18800,14.75,277300.0,14.77,0.00423663,0.20551,44374.9
300466.SZ,20260422,32800,8.63,283064.0,8.69,0.0073072,0.632025,44887.2
300467.SZ,20260422,21800,32.6,710680.0,32.53,0.0129333,0.439123,16855.7
300468.SZ,20260422,88400,30.21,2670564.0,30.44,0.0166859,0.304113,52979.0
300469.SZ,20260422,61200,53.4,3268080.0,54.16,0.0246543,0.838836,24823.3
300470.SZ,20260422,9100,35.69,324779.0,35.95,0.00461591,0.161437,19714.4
300471.SZ,20260422,69600,13.22,920112.0,13.29,0.0189878,0.645341,36655.2
300472.SZ,20260422,6100,8.39,51179.0,8.45,0.00230327,0.105242,26484.1
300473.SZ,20260422,15400,34.56,532224.0,34.76,0.0102632,0.324418,15005.0
300474.SZ,20260422,13300,60.91,810103.0,61.37,0.00327204,0.170207,40647.4
300475.SZ,20260422,109000,159.8,17418200.0,160.82,0.0244735,0.305793,44538.0
300476.SZ,20260422,230000,331.0,76130000.0,330.9,0.0268211,0.447983,85753.4
300477.SZ,20260422,206300,2.29,472427.0,2.33,0.0208205,0.444107,99085.1
300478.SZ,20260422,20800,29.83,620464.0,29.96,0.0164202,0.354567,12667.3
300479.SZ,20260422,2900,19.25,55825.0,19.29,0.00147262,0.0774628,19692.8
300480.SZ,20260422,18400,33.31,612904.0,33.55,0.00681073,0.0967348,27016.2
300481.SZ,20260422,19600,15.08,295568.0,15.14,0.00675686,0.21132,29007.6
300482.SZ,20260422,5000,17.59,87950.0,17.62,0.0011626,0.14165,43007.1
300483.SZ,20260422,153400,20.05,3075670.0,20.02,0.0401911,0.566025,38167.6
300484.SZ,20260422,11300,17.15,193795.0,17.29,0.0067928,0.330497,16635.3
300485.SZ,20260422,18900,11.63,219807.0,11.73,0.00690242,0.0937813,27381.7
300486.SZ,20260422,25300,24.64,623392.0,24.64,0.00530392,0.189696,47700.6
300487.SZ,20260422,13600,65.46,890256.0,66.1,0.00441531,0.207759,30801.9
300488.SZ,20260422,3500,29.36,102760.0,29.58,0.00215712,0.0927255,16225.3
300489.SZ,20260422,112700,79.32,8939364.0,80.26,0.0812848,0.674553,13864.8
300490.SZ,20260422,178300,19.99,3564217.0,19.72,0.0453398,0.431421,39325.3
300491.SZ,20260422,63400,26.04,1650936.0,26.76,0.0406437,0.671673,15599.0
300492.SZ,20260422,22100,53.53,1183013.0,53.94,0.0112365,0.529435,19668.1
300493.SZ,20260422,30300,15.88,481164.0,15.93,0.00598092,0.333895,50661.1
300494.SZ,20260422,51300,11.89,609957.0,11.97,0.0128782,0.476201,39834.8
300496.SZ,20260422,325100,62.61,20354511.0,61.07,0.0881936,3.30996,36862.1
300497.SZ,20260422,176100,18.0,3169800.0,18.25,0.0399462,0.314395,44084.3
300498.SZ,20260422,369800,16.41,6068418.0,16.56,0.00621585,0.831888,594930.0
300499.SZ,20260422,400100,41.53,16616153.0,41.92,0.147419,0.89615,27140.4
300500.SZ,20260422,5700,10.72,61104.0,10.73,0.003401,0.15434,16759.8
300501.SZ,20260422,84700,19.74,1671978.0,19.41,0.0840909,1.34453,10072.4
300502.SZ,20260422,321930,569.0,183178170.0,578.5,0.0363591,0.835967,88541.9
300503.SZ,20260422,737700,60.2,44409540.0,61.14,0.306131,2.70875,24097.5
300504.SZ,20260422,27200,15.87,431664.0,15.87,0.0124627,0.412202,21825.2
300505.SZ,20260422,15100,25.89,390939.0,25.9,0.00694696,0.0887851,21736.1
300506.SZ,20260422,3000,5.0,15000.0,5.0,0.000408332,0.0318596,73469.6
300507.SZ,20260422,39700,8.75,347375.0,8.8,0.00512264,0.310447,77499.2
300508.SZ,20260422,65000,36.69,2384850.0,38.61,0.0794047,2.99713,8185.91
300509.SZ,20260422,9400,12.36,116184.0,12.36,0.00380407,0.122381,24710.4
300510.SZ,20260422,68900,4.08,281112.0,4.1,0.00835465,0.409729,82469.1
300511.SZ,20260422,924400,7.48,6914512.0,7.18,0.165056,2.98787,56005.4
300512.SZ,20260422,6100,9.05,55205.0,9.03,0.00188326,0.178919,32390.7
300513.SZ,20260422,38900,8.63,335707.0,8.69,0.0134939,0.564076,28827.8
300514.SZ,20260422,5300,13.38,70914.0,13.39,0.00330716,0.200246,16025.8
300515.SZ,20260422,11000,17.23,189530.0,17.33,0.00545208,0.358899,20175.8
300516.SZ,20260422,30100,62.04,1867404.0,63.13,0.0167222,0.532261,18000.0
300517.SZ,20260422,7700,11.88,91476.0,11.92,0.00609929,0.159486,12624.4
300518.SZ,20260422,55300,23.22,1284066.0,23.33,0.0277341,0.382259,19939.4
300519.SZ,20260422,44400,15.69,696636.0,15.75,0.0389132,1.50116,11410.0
300520.SZ,20260422,44200,35.97,1589874.0,36.08,0.0158988,0.216278,27800.8
300521.SZ,20260422,5000,27.79,138950.0,27.89,0.00333934,0.200355,14973.0
300522.SZ,20260422,29000,13.38,388020.0,13.49,0.0110222,0.162446,26310.6
300523.SZ,20260422,2900,22.36,64844.0,22.36,0.00124807,0.131885,23235.8
300525.SZ,20260422,21000,10.36,217560.0,10.39,0.00337576,0.217053,62208.3
300527.SZ,20260422,48700,8.22,400314.0,8.22,0.00478968,0.62903,101677.0
300528.SZ,20260422,321900,17.25,5552775.0,17.42,0.086391,1.69149,37260.8
300529.SZ,20260422,82500,18.52,1527900.0,18.7,0.0160981,1.48186,51248.2
300530.SZ,20260422,2500,24.6,61500.0,24.62,0.0014539,0.0998574,17195.1
300531.SZ,20260422,42900,19.81,849849.0,20.0,0.0138943,0.190367,30875.9
300532.SZ,20260422,28600,11.7,334620.0,11.76,0.00662376,0.403619,43177.9
300533.SZ,20260422,494280,30.0,14828400.0,30.58,0.299611,4.18512,16497.4
300534.SZ,20260422,26000,9.38,243880.0,9.45,0.0086078,0.450599,30205.1
300535.SZ,20260422,12400,19.95,247380.0,19.8,0.0152783,0.62138,8116.1
300536.SZ,20260422,23000,8.67,199410.0,8.66,0.00784269,0.23755,29326.7
300537.SZ,20260422,14600,23.4,341640.0,23.38,0.00961538,0.295276,15184.0
300538.SZ,20260422,2100,15.82,33222.0,15.85,0.00173575,0.0528178,12098.5
300539.SZ,20260422,19600,30.7,601720.0,30.78,0.00899544,0.169911,21788.8
300540.SZ,20260422,1066300,28.0,29856400.0,28.1,0.515801,5.36795,20672.7
300541.SZ,20260422,20200,14.41,291082.0,14.51,0.00522683,0.172536,38646.7
300542.SZ,20260422,4300,15.7,67510.0,15.7,0.00173623,0.101789,24766.4
300543.SZ,20260422,16800,9.84,165312.0,9.85,0.00671466,0.424809,25019.9
300545.SZ,20260422,9500,31.57,299915.0,31.81,0.00794587,0.143805,11955.9
300546.SZ,20260422,32700,21.3,696510.0,21.61,0.0244187,1.12832,13391.4
300547.SZ,20260422,65800,38.09,2506322.0,38.61,0.0372524,0.29644,17663.3
300548.SZ,20260422,98300,267.0,26246100.0,264.85,0.0365047,0.478343,26928.0
300549.SZ,20260422,5500,17.49,96195.0,17.5,0.0054426,0.328873,10105.5
300550.SZ,20260422,8500,11.12,94520.0,11.17,0.00324056,0.0881595,26230.1
300551.SZ,20260422,398800,13.61,5427668.0,13.98,0.117615,4.30732,33907.3
300552.SZ,20260422,11700,26.8,313560.0,26.92,0.00866101,0.238688,13508.8
300553.SZ,20260422,96300,38.15,3673845.0,42.38,0.113434,4.04422,8489.54
300554.SZ,20260422,7800,23.08,180024.0,23.08,0.00986157,0.322643,7909.49
300555.SZ,20260422,0,,0.0,13.48,0.0,0.0,19798.5
300556.SZ,20260422,2700,17.84,48168.0,17.85,0.00248833,0.0588212,10850.6
300557.SZ,20260422,8300,36.35,301705.0,36.59,0.00695215,0.161185,11938.8
300558.SZ,20260422,10500,43.61,457905.0,44.0,0.00250362,0.129401,41939.3
300559.SZ,20260422,266100,15.3,4071330.0,15.37,0.0855251,1.17155,31113.7
300560.SZ,20260422,4400,15.94,70136.0,15.85,0.00235338,0.0648097,18696.5
300561.SZ,20260422,291300,17.62,5132706.0,18.02,0.120843,1.36586,24105.8
300562.SZ,20260422,50800,13.98,710184.0,14.03,0.031174,0.722094,16295.7
300563.SZ,20260422,2800,33.27,93156.0,33.42,0.00218501,0.0830352,12814.6
300564.SZ,20260422,2200,15.13,33286.0,15.14,0.0019436,0.104678,11319.2
300565.SZ,20260422,49400,13.33,658502.0,13.44,0.0216472,0.216716,22820.5
300566.SZ,20260422,8000,18.61,148880.0,18.75,0.0035292,0.180956,22668.0
300567.SZ,20260422,5200,124.82,649064.0,125.37,0.00229026,0.0671352,22704.9
300568.SZ,20260422,274500,15.81,4339845.0,15.85,0.0227129,0.423749,120856.0
300569.SZ,20260422,92800,6.62,614336.0,6.68,0.00910125,0.195137,101964.0
300570.SZ,20260422,210300,143.24,30123372.0,143.1,0.109421,0.736884,19219.3
300571.SZ,20260422,51600,34.81,1796196.0,35.31,0.0446223,0.318241,11563.7
300572.SZ,20260422,23900,29.14,696446.0,29.43,0.0130176,0.402287,18359.7
300573.SZ,20260422,75800,67.14,5089212.0,66.3,0.0399934,1.79013,18953.1
300575.SZ,20260422,7700,6.18,47586.0,6.16,0.00224681,0.0681119,34270.8
300576.SZ,20260422,109100,37.3,4069430.0,37.22,0.0468936,1.33463,23265.4
300577.SZ,20260422,9800,19.19,188062.0,19.06,0.00689341,0.947356,14216.5
300578.SZ,20260422,82500,21.09,1739925.0,21.45,0.0416212,1.24937,19821.6
300579.SZ,20260422,5100,26.37,134487.0,26.41,0.00195797,0.160059,26047.3
300580.SZ,20260422,61700,30.73,1896041.0,30.73,0.0130556,0.257544,47259.2
300581.SZ,20260422,29900,12.84,383916.0,13.01,0.00543528,0.3002,55011.0
300582.SZ,20260422,25300,12.8,323840.0,12.91,0.0114201,0.337053,22154.0
300583.SZ,20260422,24800,13.83,342984.0,13.81,0.0133227,1.25359,18614.9
300584.SZ,20260422,2300,42.76,98348.0,43.14,0.00280109,0.049325,8211.07
300585.SZ,20260422,7300,18.36,134028.0,18.36,0.00426623,0.0803453,17111.1
300586.SZ,20260422,181500,10.94,1985610.0,10.78,0.0339508,0.634921,53459.6
300587.SZ,20260422,10800,5.76,62208.0,5.8,0.00102668,0.023482,105194.0
300588.SZ,20260422,7700,25.65,197505.0,25.81,0.00435466,0.251643,17682.2
300589.SZ,20260422,647500,16.42,10631950.0,16.6,0.279569,2.88253,23160.7
300590.SZ,20260422,13000,11.9,154700.0,11.89,0.00366856,0.338234,35436.2
300591.SZ,20260422,7600,6.97,52972.0,6.95,0.00216867,0.0833844,35044.5
300592.SZ,20260422,12200,13.4,163480.0,13.43,0.00349686,0.158432,34888.4
300593.SZ,20260422,95700,29.05,2780085.0,29.52,0.0212542,0.287595,45026.4
300594.SZ,20260422,76400,26.05,1990220.0,26.37,0.0839578,1.38963,9099.81
300595.SZ,20260422,18700,13.92,260304.0,13.92,0.00279733,0.245499,66849.5
300596.SZ,20260422,9800,42.38,415324.0,42.79,0.00439374,0.389647,22304.5
300597.SZ,20260422,14300,9.45,135135.0,9.42,0.00526951,0.345098,27137.2
300598.SZ,20260422,2200,36.58,80476.0,36.71,0.00101419,0.0629057,21692.1
300599.SZ,20260422,11400,11.07,126198.0,11.11,0.00536872,0.0786339,21234.1
300600.SZ,20260422,613100,13.77,8442387.0,14.15,0.208371,5.613,29423.4
300601.SZ,20260422,427860,14.34,6135512.4,13.85,0.0475203,4.63231,90037.4
300602.SZ,20260422,95000,34.83,3308850.0,35.06,0.0240261,0.372718,39540.4
300603.SZ,20260422,89100,11.19,997029.0,11.21,0.0238279,0.199654,37393.1
300604.SZ,20260422,44700,148.0,6615600.0,148.3,0.0091323,0.204239,48947.1
300605.SZ,20260422,17200,14.15,243380.0,14.12,0.0136095,0.332247,12638.2
300606.SZ,20260422,15000,37.6,564000.0,38.17,0.012747,0.143667,11767.4
300607.SZ,20260422,35000,26.8,938000.0,26.95,0.0103704,0.434161,33749.9
300608.SZ,20260422,39300,12.75,501075.0,12.78,0.0136659,0.200095,28757.7
300609.SZ,20260422,3700,37.51,138787.0,37.74,0.00308515,0.0915966,11992.9
300610.SZ,20260422,1100,12.09,13299.0,12.1,0.00065623,0.0269615,16762.4
300611.SZ,20260422,5300,27.38,145114.0,27.55,0.00357377,0.0911794,14830.3
300612.SZ,20260422,19100,15.03,287073.0,15.06,0.0106182,0.293141,17987.9
300613.SZ,20260422,5300,43.55,230815.0,43.77,0.00241348,0.154755,21960.0
300614.SZ,20260422,15100,13.05,197055.0,13.04,0.00941158,0.549266,16044.1
300615.SZ,20260422,10500,13.51,141855.0,13.54,0.00694065,0.159353,15128.3
300616.SZ,20260422,29200,12.3,359160.0,12.48,0.0188377,1.01422,15500.8
300617.SZ,20260422,97400,61.07,5948218.0,61.85,0.0701104,0.820049,13892.4
300618.SZ,20260422,88000,46.45,4087600.0,47.26,0.032294,0.554513,27249.7
300619.SZ,20260422,14300,42.69,610467.0,42.89,0.00983061,0.21125,14546.4
300620.SZ,20260422,157420,259.08,40784373.6,256.82,0.0637062,0.787261,24710.3
300621.SZ,20260422,51000,8.5,433500.0,8.4,0.0251816,1.17985,20252.9
300622.SZ,20260422,12600,24.61,310086.0,24.64,0.00808871,0.291233,15577.3
300623.SZ,20260422,255800,28.28,7234024.0,28.96,0.0333352,1.61398,76735.7
300624.SZ,20260422,14600,70.7,1032220.0,71.38,0.00852638,0.183,17123.3
300625.SZ,20260422,8100,11.94,96714.0,11.9,0.00500087,0.465578,16197.2
300626.SZ,20260422,34000,28.68,975120.0,29.0,0.0188992,0.291789,17990.2
300627.SZ,20260422,37200,35.03,1303116.0,35.37,0.00573971,0.339163,64811.6
300628.SZ,20260422,166220,36.36,6043759.2,35.74,0.0229049,2.66098,72569.7
300629.SZ,20260422,47200,25.72,1213984.0,26.03,0.0217678,0.292109,21683.4
300631.SZ,20260422,3200,27.34,87488.0,27.46,0.0026558,0.132775,12049.1
300632.SZ,20260422,213100,17.29,3684499.0,17.52,0.0963336,0.557896,22121.1
300633.SZ,20260422,9900,28.01,277299.0,28.1,0.00369415,0.0936501,26799.1
300634.SZ,20260422,29100,27.03,786573.0,27.03,0.00670085,0.175967,43427.4
300635.SZ,20260422,10500,13.99,146895.0,14.04,0.0087199,0.14527,12041.4
300636.SZ,20260422,10900,7.92,86328.0,7.92,0.00296714,0.148604,36735.8
300637.SZ,20260422,3800,11.8,44840.0,11.83,0.00162043,0.0867963,23450.5
300638.SZ,20260422,14100,25.7,362370.0,25.85,0.00265813,0.101547,53044.9
300639.SZ,20260422,93300,6.3,587790.0,6.27,0.0146891,0.23206,63516.4
300640.SZ,20260422,47800,7.07,337946.0,7.11,0.0216535,0.544692,22074.9
300641.SZ,20260422,265500,19.53,5185215.0,19.78,0.050519,1.91309,52554.5
300642.SZ,20260422,27000,16.82,454140.0,16.84,0.0196069,1.07564,13770.7
300643.SZ,20260422,4400,17.69,77836.0,17.65,0.00190599,0.118072,23085.1
300644.SZ,20260422,2200,30.45,66990.0,30.28,0.00248356,0.0708135,8858.24
300645.SZ,20260422,3300,16.94,55902.0,16.94,0.00236864,0.117781,13932.0
300647.SZ,20260422,70200,6.77,475254.0,6.83,0.0153731,0.368847,45664.2
300648.SZ,20260422,1600,51.53,82448.0,51.58,0.00120585,0.0529763,13268.7
300649.SZ,20260422,36100,16.68,602148.0,16.6,0.0340191,0.992675,10611.7
300650.SZ,20260422,18200,16.1,293020.0,16.22,0.0106842,0.223862,17034.5
300651.SZ,20260422,105600,29.0,3062400.0,29.22,0.120778,0.596284,8743.3
300652.SZ,20260422,9300,43.1,400830.0,43.15,0.00776826,0.509801,11971.8
300653.SZ,20260422,7200,18.3,131760.0,18.4,0.004,0.257837,18000.0
300654.SZ,20260422,35600,11.07,394092.0,11.09,0.0101061,0.336593,35226.2
300655.SZ,20260422,212000,15.77,3343240.0,15.7,0.0198709,0.638973,106689.0
300656.SZ,20260422,12700,24.06,305562.0,24.05,0.00955621,0.190078,13289.8
300657.SZ,20260422,33700,34.59,1165683.0,34.81,0.00719311,0.0813237,46850.4
300658.SZ,20260422,44100,21.41,944181.0,21.65,0.0195553,0.182637,22551.4
300659.SZ,20260422,6200,12.95,80290.0,12.94,0.00327628,0.141641,18923.9
300660.SZ,20260422,3900,43.44,169416.0,43.63,0.000872916,0.0767196,44677.9
300661.SZ,20260422,62600,78.5,4914100.0,78.5,0.0104526,0.261115,59889.5
300662.SZ,20260422,12900,24.31,313599.0,24.4,0.00657212,0.382701,19628.4
300663.SZ,20260422,5900,13.18,77762.0,13.19,0.00128357,0.067156,45965.7
300664.SZ,20260422,29600,6.07,179672.0,6.08,0.00393489,0.126978,75224.5
300665.SZ,20260422,5800,7.78,45124.0,7.73,0.00265968,0.126494,21807.1
300666.SZ,20260422,33100,156.57,5182467.0,157.22,0.0149695,0.346165,22111.6
300667.SZ,20260422,74700,18.09,1351323.0,18.19,0.0432716,0.957548,17263.0
300668.SZ,20260422,30800,57.98,1785784.0,58.68,0.0308946,0.492295,9969.39
300669.SZ,20260422,600,34.08,20448.0,34.23,0.000328767,0.0358559,18250.0
300670.SZ,20260422,6100,6.28,38308.0,6.26,0.0027148,0.0636445,22469.4
300671.SZ,20260422,53700,45.69,2453553.0,46.15,0.0243269,0.426287,22074.3
300672.SZ,20260422,24508,163.02,3995294.16,164.5,0.0116517,0.21232,21033.8
300673.SZ,20260422,1100,16.3,17930.0,16.39,0.000685643,0.0318699,16043.3
300674.SZ,20260422,31000,20.34,630540.0,20.37,0.0044096,0.309814,70301.2
300675.SZ,20260422,13000,15.21,197730.0,15.21,0.00886363,0.545504,14666.7
300676.SZ,20260422,8800,39.62,348656.0,39.73,0.00211515,0.211994,41604.7
300677.SZ,20260422,28220,54.77,1545609.4,54.7,0.00606082,0.199342,46561.3
300678.SZ,20260422,14800,28.74,425352.0,28.78,0.00508247,0.331268,29119.7
300679.SZ,20260422,46400,43.0,1995200.0,43.52,0.0129089,0.216377,35944.1
300680.SZ,20260422,14400,40.39,581616.0,40.79,0.00818935,0.169308,17583.8
300681.SZ,20260422,132000,29.72,3923040.0,29.9,0.0571937,0.469189,23079.5
300682.SZ,20260422,9900,15.85,156915.0,15.91,0.000959931,0.0570072,103132.0
300683.SZ,20260422,30800,33.71,1038268.0,34.06,0.0252325,0.311039,12206.5
300684.SZ,20260422,86900,59.6,5179240.0,59.93,0.0425349,0.490138,20430.3
300685.SZ,20260422,36900,22.05,813645.0,22.03,0.00947194,0.331347,38957.2
300686.SZ,20260422,346600,18.81,6519546.0,19.05,0.203974,2.05802,16992.4
300687.SZ,20260422,15300,21.6,330480.0,21.67,0.00464923,0.112629,32908.6
300688.SZ,20260422,11200,24.38,273056.0,24.47,0.00754827,0.275963,14837.8
300689.SZ,20260422,7700,51.68,397936.0,51.37,0.00761004,0.208774,10118.2
300690.SZ,20260422,41000,30.38,1245580.0,30.57,0.036986,0.349521,11085.3
300691.SZ,20260422,64100,16.93,1085213.0,16.93,0.0290389,2.05534,22073.8
300692.SZ,20260422,320400,9.62,3082248.0,9.66,0.0624437,1.31801,51310.2
300693.SZ,20260422,104900,50.94,5343606.0,51.39,0.0390176,0.491148,26885.3
300694.SZ,20260422,120800,13.03,1574024.0,13.14,0.0557237,1.38263,21678.4
300695.SZ,20260422,1200,70.1,84120.0,69.95,0.00117351,0.122139,10225.7
300696.SZ,20260422,22000,35.64,784080.0,36.0,0.0082742,0.160479,26588.7
300697.SZ,20260422,25500,15.98,407490.0,15.98,0.0126556,0.478567,20149.1
300698.SZ,20260422,21900,36.0,788400.0,36.36,0.0184739,0.899211,11854.6
300699.SZ,20260422,70100,36.3,2544630.0,36.65,0.0085341,0.283808,82141.1
300700.SZ,20260422,13700,16.2,221940.0,16.11,0.00506263,0.145044,27061.0
300701.SZ,20260422,28600,11.77,336622.0,11.83,0.0114803,0.859659,24912.2
300702.SZ,20260422,5800,22.07,128006.0,22.19,0.00274667,0.216471,21116.4
300703.SZ,20260422,128700,20.83,2680821.0,20.96,0.0774031,0.886846,16627.2
300705.SZ,20260422,3400,13.73,46682.0,13.75,0.000921689,0.0662269,36888.8
300706.SZ,20260422,65800,39.55,2602390.0,39.78,0.0578937,0.625594,11365.6
300707.SZ,20260422,9400,16.18,152092.0,16.2,0.006447,0.196801,14580.4
300708.SZ,20260422,40200,9.49,381498.0,9.58,0.00566186,0.096326,71001.4
300709.SZ,20260422,7000,41.0,287000.0,41.17,0.00468908,0.116645,14928.3
300710.SZ,20260422,27200,29.85,811920.0,30.1,0.0364709,0.946923,7458.0
300711.SZ,20260422,48900,24.96,1220544.0,24.72,0.019684,0.952583,24842.6
300712.SZ,20260422,13100,28.98,379638.0,29.09,0.0070151,0.414569,18674.0
300713.SZ,20260422,11900,16.72,198968.0,16.72,0.0133545,0.349648,8910.88
300715.SZ,20260422,18000,13.36,240480.0,13.36,0.00575156,0.354505,31295.9
300716.SZ,20260422,110200,13.46,1483292.0,13.51,0.0688664,1.92518,16002.0
300717.SZ,20260422,6400,20.98,134272.0,20.98,0.00628354,0.301026,10185.3
300718.SZ,20260422,8400,70.11,588924.0,70.61,0.00433343,0.210339,19384.2
300719.SZ,20260422,4600,16.05,73830.0,16.16,0.00256096,0.0891314,17962.0
300720.SZ,20260422,59400,65.0,3861000.0,64.74,0.0340105,0.563459,17465.2
300721.SZ,20260422,12600,14.35,180810.0,14.39,0.00910723,0.382601,13835.2
300722.SZ,20260422,20800,31.0,644800.0,31.18,0.00751563,0.557523,27675.6
300723.SZ,20260422,36400,35.05,1275820.0,35.51,0.00868344,0.21745,41918.9
300724.SZ,20260422,636900,98.0,62416200.0,108.11,0.221365,4.69077,28771.4
300725.SZ,20260422,79400,38.8,3080720.0,37.98,0.0391685,1.15047,20271.4
300726.SZ,20260422,13000,45.71,594230.0,45.94,0.00606235,0.23634,21443.8
300727.SZ,20260422,5500,34.42,189310.0,34.46,0.00339761,0.13972,16187.9
300729.SZ,20260422,1800,13.08,23544.0,13.12,0.00054864,0.0423452,32808.4
300730.SZ,20260422,34700,13.73,476431.0,13.85,0.0179496,0.34405,19331.9
300731.SZ,20260422,97400,74.06,7213444.0,74.43,0.0810456,1.16115,12017.9
300732.SZ,20260422,10700,6.76,72332.0,6.8,0.00289072,0.127758,37015.0
300733.SZ,20260422,13500,18.0,243000.0,18.14,0.00598712,0.251066,22548.4
300735.SZ,20260422,51600,23.25,1199700.0,23.36,0.00681263,0.337493,75741.7
300736.SZ,20260422,143700,27.81,3996297.0,27.38,0.114881,0.650811,12508.6
300737.SZ,20260422,8500,6.18,52530.0,6.21,0.000958403,0.0380672,88689.2
300738.SZ,20260422,221500,23.69,5247335.0,23.76,0.0224901,0.227955,98487.6
300739.SZ,20260422,143300,28.88,4138504.0,28.91,0.0417592,0.404372,34315.8
300740.SZ,20260422,62900,23.15,1456135.0,23.27,0.0174092,0.521311,36130.3
300741.SZ,20260422,20300,16.77,340431.0,16.85,0.00329611,0.240667,61587.7
300743.SZ,20260422,41400,19.0,786600.0,19.02,0.0324933,0.965616,12741.1
300745.SZ,20260422,500,26.36,13180.0,26.42,0.000351342,0.0130925,14231.2
300746.SZ,20260422,3400,13.5,45900.0,13.46,0.00152094,0.0971268,22354.5
300747.SZ,20260422,135800,36.87,5006946.0,36.9,0.0266654,0.452232,50927.4
300748.SZ,20260422,89700,33.5,3004950.0,33.88,0.00793783,0.29159,113003.0
300749.SZ,20260422,25700,25.59,657663.0,25.67,0.0163283,0.223581,15739.6
300750.SZ,20260422,1202859,441.01,530472847.59,440.69,0.028257,2.42416,425685.0
300751.SZ,20260422,61199,232.59,14234275.41,236.83,0.0316515,0.562063,19335.2
300752.SZ,20260422,12200,19.35,236070.0,19.41,0.00775763,0.115261,15726.5
300753.SZ,20260422,12300,27.56,338988.0,27.83,0.0139923,0.357951,8790.58
300755.SZ,20260422,6800,13.2,89760.0,13.25,0.00163287,0.254759,41644.6
300756.SZ,20260422,12800,53.99,691072.0,53.63,0.00975384,0.308327,13123.0
300757.SZ,20260422,61732,540.01,33335897.32,541.36,0.0409763,0.884212,15065.3
300758.SZ,20260422,784700,15.12,11864664.0,15.34,0.218129,4.50152,35974.2
300759.SZ,20260422,67300,30.02,2020346.0,30.08,0.00473933,0.209958,142003.0
300760.SZ,20260422,90300,157.01,14178003.0,158.85,0.00745419,1.1829,121140.0
300761.SZ,20260422,75840,22.26,1688198.4,22.17,0.0120761,0.791029,62801.6
300762.SZ,20260422,289800,42.2,12229560.0,43.05,0.046149,0.605532,62796.6
300763.SZ,20260422,38274,93.6,3582446.4,94.64,0.0119014,0.240269,32159.1
300765.SZ,20260422,8900,31.8,283020.0,31.97,0.000633636,0.0606796,140459.0
300766.SZ,20260422,114000,37.75,4303500.0,38.16,0.0318214,0.350809,35825.0
300767.SZ,20260422,17100,22.8,389880.0,22.59,0.00712821,0.105983,23989.2
300768.SZ,20260422,10300,16.91,174173.0,17.06,0.00244849,0.134319,42066.8
300769.SZ,20260422,131700,48.3,6361110.0,48.66,0.0523123,0.672867,25175.7
300770.SZ,20260422,1900,40.2,76380.0,40.31,0.000833924,0.0860381,22783.9
300771.SZ,20260422,9900,13.88,137412.0,13.97,0.00554395,0.211835,17857.3
300772.SZ,20260422,13400,16.18,216812.0,16.29,0.00192011,0.0490488,69787.6
300773.SZ,20260422,345200,27.13,9365276.0,27.1,0.0469943,0.529174,73455.8
300774.SZ,20260422,28400,16.97,481948.0,17.09,0.014573,0.222728,19488.0
300775.SZ,20260422,122500,36.99,4531275.0,36.92,0.0230419,0.433,53164.1
300776.SZ,20260422,171000,102.0,17442000.0,102.49,0.101734,0.972676,16808.5
300777.SZ,20260422,41000,34.04,1395640.0,34.28,0.00970675,0.126777,42238.6
300778.SZ,20260422,5800,12.67,73486.0,12.74,0.00284845,0.121906,20361.9
300779.SZ,20260422,10700,90.01,963107.0,90.76,0.0066495,0.248552,16091.4
300780.SZ,20260422,41500,24.3,1008450.0,24.6,0.0385921,0.326541,10753.5
300781.SZ,20260422,10000,36.18,361800.0,36.41,0.00825317,0.224539,12116.6
300782.SZ,20260422,296900,113.75,33772375.0,111.74,0.0662357,1.04151,44824.8
300783.SZ,20260422,17700,18.78,332406.0,18.81,0.00631543,0.341057,28026.6
300784.SZ,20260422,3800,50.88,193344.0,50.58,0.0224469,0.656134,1692.89
300785.SZ,20260422,43300,54.85,2375005.0,54.85,0.0353948,0.293224,12233.4
300786.SZ,20260422,9900,15.04,148896.0,15.01,0.0067652,0.265982,14633.7
300787.SZ,20260422,1600,12.24,19584.0,12.26,0.000814114,0.0409929,19653.3
300788.SZ,20260422,37500,39.68,1488000.0,40.0,0.0197211,0.360693,19015.2
300789.SZ,20260422,4900,21.24,104076.0,21.35,0.0049547,0.249665,9889.6
300790.SZ,20260422,170000,31.44,5344800.0,31.44,0.0523684,0.765829,32462.4
300791.SZ,20260422,1600,20.36,32576.0,20.37,0.000623336,0.0494205,25668.3
300792.SZ,20260422,12949,35.88,464610.12,36.18,0.00609268,0.197523,21253.4
300793.SZ,20260422,10700,14.24,152368.0,14.27,0.00287567,0.237605,37208.7
300795.SZ,20260422,10400,11.77,122408.0,11.82,0.00597752,0.397893,17398.5
300796.SZ,20260422,269700,8.82,2378754.0,9.05,0.0746796,4.79636,36114.3
300797.SZ,20260422,4300,15.81,67983.0,15.84,0.00113609,0.122653,37849.2
300798.SZ,20260422,597045,11.11,6633169.95,11.41,0.156534,0.771682,38141.6
300800.SZ,20260422,3700,11.91,44067.0,11.91,0.00157862,0.124902,23438.2
300801.SZ,20260422,785300,31.34,24611302.0,30.88,0.573717,9.02756,13687.9
300802.SZ,20260422,12500,19.23,240375.0,19.31,0.00641958,0.423096,19471.7
300803.SZ,20260422,13800,98.5,1359300.0,98.97,0.00227971,0.078495,60533.9
300804.SZ,20260422,13300,47.0,625100.0,47.0,0.0483636,0.360907,2750.0
300805.SZ,20260422,101800,10.68,1087224.0,10.73,0.0353042,1.38941,28835.1
300806.SZ,20260422,99400,70.0,6958000.0,69.39,0.0314348,0.385347,31621.0
300808.SZ,20260422,10200,24.77,252654.0,24.77,0.00857867,0.432635,11890.0
300809.SZ,20260422,1900,35.12,66728.0,35.08,0.00126188,0.0422284,15057.0
300810.SZ,20260422,11500,33.8,388700.0,33.96,0.0100873,0.348801,11400.4
300811.SZ,20260422,24100,87.0,2096700.0,87.0,0.0101387,0.358025,23770.4
300812.SZ,20260422,34900,38.52,1344348.0,38.86,0.0376451,0.19502,9270.81
300813.SZ,20260422,8900,26.76,238164.0,26.76,0.0117027,0.211236,7605.11
300814.SZ,20260422,16400,97.89,1605396.0,98.5,0.00856709,0.193734,19143.0
300815.SZ,20260422,7400,21.1,156140.0,21.21,0.00189559,0.209289,39038.1
300816.SZ,20260422,7000,64.38,450660.0,64.67,0.0123525,0.299799,5666.86
300817.SZ,20260422,6200,20.09,124558.0,20.14,0.00494965,0.0965479,12526.1
300818.SZ,20260422,6800,36.46,247928.0,36.65,0.00621104,0.153124,10948.2
300819.SZ,20260422,67300,53.52,3601896.0,53.76,0.0499398,0.868912,13476.2
300820.SZ,20260422,3000,46.54,139620.0,46.68,0.00268385,0.129664,11178.0
300821.SZ,20260422,167698,14.24,2388019.52,14.32,0.0139773,0.256511,119979.0
300822.SZ,20260422,3000,13.97,41910.0,13.96,0.00103813,0.198452,28898.2
300823.SZ,20260422,900,16.45,14805.0,16.53,0.00106145,0.0432213,8478.94
300824.SZ,20260422,15450,10.3,159135.0,10.32,0.00488159,0.485991,31649.5
300825.SZ,20260422,17500,9.02,157850.0,9.01,0.00361206,0.23363,48448.8
300826.SZ,20260422,1600,16.6,26560.0,16.57,0.00094351,0.0738114,16958.0
300827.SZ,20260422,82000,37.35,3062700.0,37.61,0.0212852,0.349086,38524.4
300828.SZ,20260422,51300,22.9,1174770.0,23.0,0.0608041,0.607104,8436.93
300829.SZ,20260422,75200,17.88,1344576.0,17.73,0.0475214,1.62029,15824.4
300830.SZ,20260422,649400,11.55,7500570.0,10.81,0.192652,4.60915,33708.5
300831.SZ,20260422,27600,16.86,465336.0,17.07,0.0149606,0.220176,18448.4
300832.SZ,20260422,14600,44.61,651306.0,44.82,0.00213725,0.310759,68312.2
300833.SZ,20260422,10000,35.28,352800.0,35.14,0.0123069,0.675419,8125.55
300834.SZ,20260422,350500,38.3,13424150.0,38.4,0.182147,2.55287,19242.7
300835.SZ,20260422,2100,94.3,198030.0,94.72,0.00252573,0.0498597,8314.42
300836.SZ,20260422,1900,62.01,117819.0,62.16,0.00299438,0.134843,6345.22
300837.SZ,20260422,2700,36.32,98064.0,36.37,0.00357177,0.164136,7559.28
300838.SZ,20260422,27100,15.99,433329.0,16.01,0.0266326,1.11467,10175.5
300839.SZ,20260422,24200,14.8,358160.0,14.83,0.00835378,0.207913,28968.9
300840.SZ,20260422,31100,19.11,594321.0,19.3,0.0175622,0.335523,17708.5
300841.SZ,20260422,3600,60.78,218808.0,60.89,0.00302729,0.163452,11891.8
300842.SZ,20260422,118000,84.47,9967460.0,85.32,0.0913868,2.24255,12912.1
300843.SZ,20260422,6800,67.34,457912.0,67.7,0.00423672,0.0775875,16050.2
300844.SZ,20260422,1400,35.9,50260.0,35.5,0.00155487,0.166411,9003.99
300845.SZ,20260422,59100,13.5,797850.0,13.57,0.0408688,0.615081,14460.9
300846.SZ,20260422,118000,29.08,3431440.0,29.08,0.0301015,0.28251,39200.7
300847.SZ,20260422,54700,15.75,861525.0,15.87,0.0184791,1.52023,29601.0
300848.SZ,20260422,70200,16.1,1130220.0,16.07,0.0277336,0.932325,25312.3
300849.SZ,20260422,12900,21.45,276705.0,21.45,0.0106201,0.443703,12146.8
300850.SZ,20260422,26900,41.0,1102900.0,41.26,0.00894326,0.165149,30078.5
300851.SZ,20260422,4800,29.16,139968.0,29.3,0.00887081,0.532621,5411.0
300852.SZ,20260422,8800,43.89,386232.0,44.1,0.00567902,0.196694,15495.6
300853.SZ,20260422,13300,25.09,333697.0,25.09,0.0135281,0.151535,9831.4
300854.SZ,20260422,25400,29.39,746506.0,29.39,0.0312266,0.292689,8134.09
300855.SZ,20260422,26200,42.34,1109308.0,42.5,0.00894332,0.297021,29295.6
300856.SZ,20260422,4200,12.93,54306.0,12.98,0.000913569,0.160055,45973.6
300857.SZ,20260422,341800,219.96,75182328.0,217.31,0.0709032,1.18123,48206.6
300858.SZ,20260422,916000,24.21,22176360.0,23.45,0.467967,2.57786,19574.0
300859.SZ,20260422,30800,33.19,1022252.0,33.25,0.019871,0.450133,15500.0
300860.SZ,20260422,7000,24.4,170800.0,24.61,0.00639755,0.420589,10941.7
300861.SZ,20260422,13600,17.01,231336.0,17.1,0.00322378,0.150311,42186.5
300862.SZ,20260422,1400,22.67,31738.0,22.75,0.000924269,0.0429647,15147.1
300863.SZ,20260422,3100,58.2,180420.0,58.55,0.00171395,0.0660967,18086.9
300864.SZ,20260422,1500,21.2,31800.0,21.23,0.000949904,0.124079,15791.1
300865.SZ,20260422,29500,28.05,827475.0,27.75,0.0513202,2.14861,5748.22
300866.SZ,20260422,27900,116.09,3238911.0,117.06,0.00907246,0.364171,30752.4
300867.SZ,20260422,26500,21.02,557030.0,21.15,0.0138289,0.339722,19162.8
300868.SZ,20260422,12300,77.0,947100.0,76.98,0.0152436,0.231811,8068.98
300869.SZ,20260422,8800,12.93,113784.0,12.99,0.00333158,0.238796,26413.9
300870.SZ,20260422,117291,365.49,42868687.59,367.73,0.107588,1.82337,10901.9
300871.SZ,20260422,14200,27.24,386808.0,27.3,0.00703722,0.0786129,20178.4
300872.SZ,20260422,27300,16.4,447720.0,16.46,0.00646856,0.353187,42204.2
300873.SZ,20260422,13500,22.52,304020.0,22.67,0.0080916,0.525329,16684.0
300875.SZ,20260422,13000,40.77,530010.0,41.05,0.0148078,0.290407,8779.17
300876.SZ,20260422,2900,27.72,80388.0,27.73,0.00357562,0.155688,8110.49
300877.SZ,20260422,2600,28.48,74048.0,28.51,0.00216669,0.122466,11999.9
300878.SZ,20260422,2500,26.7,66750.0,26.77,0.00173462,0.122028,14412.4
300879.SZ,20260422,5300,25.58,135574.0,25.71,0.00263644,0.106904,20102.8
300880.SZ,20260422,34000,22.3,758200.0,22.19,0.0174255,0.305263,19511.6
300881.SZ,20260422,3700,48.15,178155.0,48.35,0.00644529,0.118573,5740.62
300882.SZ,20260422,11300,22.14,250182.0,22.3,0.0042429,0.257711,26632.7
300883.SZ,20260422,113000,6.68,754840.0,6.75,0.0341726,0.797404,33067.5
300884.SZ,20260422,6800,13.31,90508.0,13.32,0.00355259,0.152427,19141.0
300885.SZ,20260422,79600,25.14,2001144.0,25.47,0.0476596,0.943287,16701.8
300886.SZ,20260422,15700,29.66,465662.0,29.85,0.035971,0.979919,4364.63
300887.SZ,20260422,29300,9.86,288898.0,9.95,0.00808952,0.295368,36219.7
300888.SZ,20260422,175700,32.74,5752418.0,33.91,0.0302047,3.67121,58169.8
300889.SZ,20260422,5200,25.83,134316.0,25.83,0.00355271,0.119725,14636.7
300890.SZ,20260422,2507400,38.17,95707458.0,33.16,2.30322,37.9664,10886.5
300891.SZ,20260422,2700,8.44,22788.0,8.44,0.000809658,0.0383846,33347.4
300892.SZ,20260422,3100,28.07,87017.0,28.19,0.00480155,0.200784,6456.25
300893.SZ,20260422,13000,23.84,309920.0,23.91,0.00518207,0.350899,25086.5
300894.SZ,20260422,19500,9.99,194805.0,9.98,0.00663105,0.524405,29407.1
300895.SZ,20260422,38222,59.6,2278031.2,60.18,0.0276626,0.274875,13817.2
300896.SZ,20260422,6600,113.8,751080.0,114.2,0.00322815,0.338915,20445.1
300897.SZ,20260422,1300,26.58,34554.0,26.46,0.00148708,0.0789369,8741.99
300898.SZ,20260422,23900,24.08,575512.0,23.91,0.0208315,0.439433,11473.0
300899.SZ,20260422,500,39.97,19985.0,39.9,0.00122142,0.0630715,4093.61
300900.SZ,20260422,763900,47.7,36438030.0,50.5,0.297486,1.30643,25678.5
300901.SZ,20260422,97600,15.23,1486448.0,14.9,0.0406667,0.884462,24000.0
300902.SZ,20260422,8523,18.26,155629.98,18.42,0.00702909,0.167337,12125.3
300903.SZ,20260422,40400,38.2,1543280.0,38.38,0.0123023,0.126146,32839.5
300904.SZ,20260422,300,58.59,17577.0,58.9,0.00136468,0.0358747,2198.32
300905.SZ,20260422,295500,54.51,16107705.0,54.8,0.211606,1.51287,13964.6
300906.SZ,20260422,16000,35.01,560160.0,35.31,0.0221616,0.538018,7219.7
300907.SZ,20260422,33100,29.79,986049.0,29.96,0.0344792,1.43498,9600.0
300908.SZ,20260422,36399,28.71,1045015.29,28.86,0.0294959,1.85101,12340.3
300909.SZ,20260422,2500,40.97,102425.0,41.25,0.00204564,0.0679646,12221.1
300910.SZ,20260422,11900,46.13,548947.0,46.27,0.00575092,0.258235,20692.4
300911.SZ,20260422,25200,32.27,813204.0,32.51,0.0147078,0.239713,17133.7
300912.SZ,20260422,15600,26.48,413088.0,26.73,0.0181531,0.17066,8593.57
300913.SZ,20260422,2600,54.38,141388.0,54.65,0.00101648,0.0377502,25578.4
300915.SZ,20260422,1100,23.26,25586.0,23.16,0.00190965,0.148636,5760.23
300916.SZ,20260422,125300,34.6,4335380.0,34.4,0.134118,2.67775,9342.52
300917.SZ,20260422,17200,32.81,564332.0,33.19,0.0101775,0.327184,16900.0
300918.SZ,20260422,103700,14.8,1534760.0,15.08,0.0204886,0.65335,50613.4
300919.SZ,20260422,143700,57.88,8317356.0,57.65,0.015748,0.657039,91249.5
300920.SZ,20260422,1100,39.56,43516.0,39.56,0.00167508,0.111109,6566.84
300921.SZ,20260422,16100,25.32,407652.0,25.57,0.0140365,0.186948,11470.1
300922.SZ,20260422,34000,19.56,665040.0,19.7,0.0272274,1.05472,12487.4
300923.SZ,20260422,1100,27.83,30613.0,27.97,0.0014385,0.0937127,7646.85
300925.SZ,20260422,39900,18.64,743736.0,18.72,0.0114148,0.320604,34954.6
300926.SZ,20260422,36400,25.25,919100.0,25.27,0.0122153,0.77677,29798.7
300927.SZ,20260422,129300,30.78,3979854.0,31.18,0.0918003,1.8976,14084.9
300928.SZ,20260422,600,29.98,17988.0,30.03,0.00111969,0.0348127,5358.65
300929.SZ,20260422,4600,12.52,57592.0,12.61,0.00362927,0.153821,12674.7
300930.SZ,20260422,800,30.2,24160.0,30.13,0.00169761,0.0853633,4712.5
300931.SZ,20260422,19300,13.65,263445.0,13.67,0.0104338,0.296184,18497.5
300932.SZ,20260422,26200,14.09,369158.0,14.15,0.0114915,0.207124,22799.4
300933.SZ,20260422,372700,8.0,2981600.0,8.05,0.068124,2.43797,54709.0
300935.SZ,20260422,3600,31.6,113760.0,31.62,0.00597416,0.137507,6025.95
300936.SZ,20260422,146300,73.49,10751587.0,73.42,0.308258,2.16081,4746.03
300937.SZ,20260422,68700,29.0,1992300.0,29.83,0.103108,1.94174,6662.9
300938.SZ,20260422,175200,50.77,8894904.0,51.5,0.0828972,0.660408,21134.6
300939.SZ,20260422,9300,40.04,372372.0,40.3,0.00775,0.184442,12000.0
300940.SZ,20260422,31100,24.07,748577.0,24.3,0.0197486,0.6314,15747.9
300941.SZ,20260422,2700,19.82,53514.0,19.81,0.00254027,0.112078,10628.8
300942.SZ,20260422,17100,8.32,142272.0,8.35,0.0042215,0.29912,40506.9
300943.SZ,20260422,43700,29.16,1274292.0,29.75,0.0325293,0.332099,13434.0
300945.SZ,20260422,18500,15.75,291375.0,15.84,0.00776005,0.280719,23840.1
300946.SZ,20260422,2000,47.39,94780.0,47.62,0.00263837,0.202712,7580.43
300947.SZ,20260422,5500,17.4,95700.0,17.4,0.00364051,0.166336,15107.8
300948.SZ,20260422,18200,20.22,368004.0,20.25,0.0120083,0.507259,15156.2
300949.SZ,20260422,1700,38.37,65229.0,38.63,0.00495611,0.183725,3430.11
300950.SZ,20260422,6400,21.7,138880.0,21.66,0.00703584,0.390342,9096.28
300951.SZ,20260422,10000,36.92,369200.0,36.75,0.00660527,0.455708,15139.4
300952.SZ,20260422,11700,37.04,433368.0,37.37,0.0111653,0.178143,10478.9
300953.SZ,20260422,191284,216.93,41495238.12,217.77,0.15357,1.97801,12455.8
300955.SZ,20260422,2900,37.64,109156.0,37.63,0.00287698,0.114912,10080.0
300956.SZ,20260422,42400,15.31,649144.0,15.31,0.0201471,1.31539,21045.2
300957.SZ,20260422,16300,36.8,599840.0,37.01,0.00384797,0.293161,42360.0
300958.SZ,20260422,3500,13.31,46585.0,13.36,0.00384407,0.120069,9104.94
300959.SZ,20260422,9700,86.9,842930.0,87.81,0.0185273,0.234621,5235.52
300960.SZ,20260422,2700,23.42,63234.0,23.59,0.00206299,0.161339,13087.8
300961.SZ,20260422,12800,13.41,171648.0,13.37,0.00838966,0.16131,15256.9
300962.SZ,20260422,2500,16.31,40775.0,16.39,0.000946963,0.11504,26400.2
300963.SZ,20260422,9400,17.11,160834.0,17.12,0.0027053,0.115755,34746.6
300964.SZ,20260422,47100,76.6,3607860.0,75.09,0.0840924,0.696177,5600.98
300965.SZ,20260422,2000,56.4,112800.0,56.16,0.00369728,0.364611,5409.38
300966.SZ,20260422,1400,21.73,30422.0,21.7,0.00182609,0.0744133,7666.67
300967.SZ,20260422,21200,17.9,379480.0,18.06,0.0169881,0.219714,12479.3
300968.SZ,20260422,3800,11.91,45258.0,11.94,0.000919251,0.101505,41338.0
300969.SZ,20260422,36000,130.33,4691880.0,133.14,0.0710233,1.4518,5068.76
300970.SZ,20260422,1033500,33.17,34281195.0,33.17,1.08634,15.6525,9513.61
300971.SZ,20260422,58600,24.3,1423980.0,24.29,0.0636524,2.36757,9206.25
300972.SZ,20260422,1200,205.33,246396.0,205.33,0.000684459,0.0781796,17532.1
300973.SZ,20260422,1700,34.03,57851.0,34.14,0.00143382,0.0837455,11856.5
300975.SZ,20260422,279800,20.7,5791860.0,20.75,0.0568614,0.751599,49207.3
300976.SZ,20260422,1800,60.3,108540.0,60.3,0.00208872,0.141113,8617.73
300977.SZ,20260422,0,,0.0,19.6,0.0,0.0,9480.21
300978.SZ,20260422,7800,11.17,87126.0,11.16,0.00407908,0.315946,19121.9
300979.SZ,20260422,13600,43.0,584800.0,43.18,0.00116539,0.828847,116699.0
300980.SZ,20260422,7100,35.28,250488.0,35.29,0.00721974,0.141658,9834.14
300981.SZ,20260422,28100,13.38,375978.0,13.34,0.00714949,0.298823,39303.5
300982.SZ,20260422,1500,21.32,31980.0,21.47,0.000773606,0.0341759,19389.7
300983.SZ,20260422,6300,31.08,195804.0,30.78,0.00412276,0.694815,15281.0
300984.SZ,20260422,10100,61.66,622766.0,61.86,0.0114005,0.372964,8859.25
300985.SZ,20260422,19400,23.63,458422.0,23.71,0.0104576,0.575244,18551.1
300986.SZ,20260422,93100,24.18,2251158.0,24.22,0.0226172,0.25002,41163.4
300987.SZ,20260422,4300,17.59,75637.0,17.58,0.00248027,0.130931,17336.8
300988.SZ,20260422,9600,27.79,266784.0,27.73,0.00899973,0.280636,10667.0
300989.SZ,20260422,800,15.12,12096.0,15.13,0.000531162,0.0206988,15061.3
300990.SZ,20260422,16800,87.77,1474536.0,88.48,0.0217824,0.250111,7712.65
300991.SZ,20260422,3300,50.85,167805.0,51.26,0.00358143,0.0577998,9214.2
300992.SZ,20260422,7000,33.15,232050.0,33.45,0.00903197,0.100962,7750.25
300993.SZ,20260422,7500,12.5,93750.0,12.48,0.00311469,0.359652,24079.4
300994.SZ,20260422,8500,15.1,128350.0,15.15,0.00728588,0.307009,11666.4
300995.SZ,20260422,2800,35.77,100156.0,35.77,0.00466352,0.251863,6004.05
300996.SZ,20260422,11300,17.34,195942.0,17.45,0.00477722,0.0980328,23653.9
300997.SZ,20260422,83400,20.42,1703028.0,20.62,0.0210027,0.712596,39709.1
300998.SZ,20260422,4900,25.86,126714.0,25.76,0.0045505,0.131326,10768.1
300999.SZ,20260422,21500,28.06,603290.0,28.13,0.00396206,0.283605,54264.7
301000.SZ,20260422,4100,29.81,122221.0,30.08,0.00178829,0.133463,22926.9
301001.SZ,20260422,5800,28.95,167910.0,28.95,0.0115308,0.433917,5030.0
301002.SZ,20260422,8100,44.89,363609.0,45.18,0.00953107,0.114986,8498.52
301003.SZ,20260422,2120,52.9,112148.0,52.9,0.00282139,0.063382,7514.04
301004.SZ,20260422,2300,49.0,112700.0,49.06,0.00168984,0.19089,13610.7
301005.SZ,20260422,94700,174.0,16477800.0,180.13,0.0715416,0.767286,13237.1
301006.SZ,20260422,4800,17.64,84672.0,17.72,0.00557581,0.340488,8608.61
301007.SZ,20260422,1900,35.33,67127.0,35.28,0.00125557,0.0643433,15132.5
301008.SZ,20260422,57777,33.38,1928596.26,33.71,0.0498752,0.423823,11584.3
301009.SZ,20260422,6300,11.71,73773.0,11.77,0.00417122,0.347624,15103.5
301010.SZ,20260422,3000,21.22,63660.0,21.22,0.00277778,0.185329,10800.0
301011.SZ,20260422,2700,22.2,59940.0,22.32,0.00184216,0.0877502,14656.7
301012.SZ,20260422,128000,37.85,4844800.0,37.11,0.0649878,0.507809,19696.0
301013.SZ,20260422,30700,24.3,746010.0,24.61,0.0162226,0.169213,18924.2
301015.SZ,20260422,41300,26.53,1095689.0,26.89,0.00785834,0.229193,52555.7
301016.SZ,20260422,400,24.1,9640.0,24.1,0.000193097,0.00916182,20715.0
301017.SZ,20260422,60500,14.85,898425.0,15.0,0.0233867,0.27906,25869.4
301018.SZ,20260422,105500,123.72,13052460.0,124.84,0.0533483,0.648282,19775.7
301019.SZ,20260422,13600,21.88,297568.0,21.88,0.0130007,0.873971,10460.9
301020.SZ,20260422,50600,22.44,1135464.0,22.44,0.0345628,3.48893,14640.0
301021.SZ,20260422,17400,64.0,1113600.0,63.99,0.011392,0.336319,15273.9
301022.SZ,20260422,529800,34.88,18479424.0,33.4,0.788558,18.2149,6718.59
301023.SZ,20260422,2400,41.34,99216.0,41.34,0.00551259,0.195718,4353.67
301024.SZ,20260422,1900,40.35,76665.0,40.35,0.00308642,0.128792,6156.0
301025.SZ,20260422,9500,11.18,106210.0,11.24,0.00342774,0.158823,27715.1
301026.SZ,20260422,4300,30.4,130720.0,30.5,0.00376173,0.130419,11430.9
301027.SZ,20260422,13600,23.6,320960.0,23.6,0.0115018,0.229343,11824.2
301028.SZ,20260422,4300,14.5,62350.0,14.48,0.00173066,0.186839,24845.9
301029.SZ,20260422,17900,27.96,500484.0,28.09,0.00387546,0.175206,46188.1
301030.SZ,20260422,79300,11.84,938912.0,11.97,0.0392369,0.528877,20210.6
301031.SZ,20260422,11100,150.0,1665000.0,151.16,0.0161911,0.509285,6855.61
301032.SZ,20260422,26800,13.38,358584.0,13.46,0.0167633,0.696476,15987.3
301033.SZ,20260422,1800,57.31,103158.0,57.8,0.00318758,0.211857,5646.91
301035.SZ,20260422,3000,76.76,230280.0,76.76,0.00107011,0.294372,28034.5
301036.SZ,20260422,2400,29.01,69624.0,29.1,0.00340746,0.210279,7043.36
301037.SZ,20260422,7800,14.99,116922.0,14.99,0.011471,0.526406,6799.78
301038.SZ,20260422,1600,21.0,33600.0,21.03,0.000717231,0.0788087,22308.0
301039.SZ,20260422,10400,9.14,95056.0,9.16,0.000716043,0.105552,145243.0
301040.SZ,20260422,9500,32.01,304095.0,32.18,0.0100674,0.116566,9436.41
301041.SZ,20260422,9000,29.72,267480.0,29.89,0.0113966,0.151634,7897.13
301042.SZ,20260422,200,94.95,18990.0,95.1,0.000302935,0.0129896,6602.08
301043.SZ,20260422,600,52.65,31590.0,52.78,0.00105731,0.0493835,5674.77
301045.SZ,20260422,2700,42.59,114993.0,42.1,0.00422152,0.095161,6395.8
301046.SZ,20260422,4300,26.19,112617.0,26.37,0.00333811,0.15654,12881.5
301047.SZ,20260422,1800,73.59,132462.0,73.64,0.00150526,0.172469,11958.1
301048.SZ,20260422,8100,10.83,87723.0,10.93,0.00151875,0.0730254,53333.3
301049.SZ,20260422,30100,23.13,696213.0,23.25,0.0702838,1.97778,4282.64
301050.SZ,20260422,28500,49.7,1416450.0,50.11,0.0135478,0.45129,21036.6
301051.SZ,20260422,6100,22.6,137860.0,22.67,0.00378863,0.222494,16100.8
301052.SZ,20260422,38100,35.5,1352550.0,36.0,0.0475087,0.776609,8019.59
301053.SZ,20260422,22300,63.14,1408022.0,62.38,0.0256104,0.266641,8707.4
301055.SZ,20260422,132900,35.19,4676751.0,35.0,0.0851923,1.02836,15600.0
301056.SZ,20260422,48300,15.48,747684.0,15.68,0.0274438,0.733997,17599.6
301057.SZ,20260422,17400,31.79,553146.0,31.86,0.0210687,1.10554,8258.7
301058.SZ,20260422,1800,10.03,18054.0,10.02,0.000351374,0.0462088,51227.4
301059.SZ,20260422,16200,14.35,232470.0,14.41,0.00783604,0.698019,20673.7
301060.SZ,20260422,14700,9.71,142737.0,9.61,0.00408124,0.312909,36018.5
301061.SZ,20260422,5100,73.06,372606.0,73.86,0.00350908,0.342274,14533.7
301062.SZ,20260422,36200,8.11,293582.0,8.17,0.0115565,0.713902,31324.3
301063.SZ,20260422,4900,25.01,122549.0,25.01,0.00487821,0.191717,10044.7
301065.SZ,20260422,3000,23.56,70680.0,23.64,0.00347675,0.196075,8628.75
301066.SZ,20260422,5700,14.45,82365.0,14.46,0.00244513,0.102262,23311.7
301067.SZ,20260422,2700,33.73,91071.0,34.07,0.00423006,0.17482,6382.89
301068.SZ,20260422,11300,35.51,401263.0,35.86,0.0112128,0.398829,10077.8
301069.SZ,20260422,23400,22.0,514800.0,22.07,0.00548299,0.357291,42677.4
301070.SZ,20260422,72100,98.83,7125643.0,99.83,0.121473,0.857693,5935.48
301071.SZ,20260422,60600,49.73,3013638.0,50.0,0.0311417,0.37899,19459.4
301072.SZ,20260422,1400,22.7,31780.0,22.8,0.0020852,0.130647,6713.99
301073.SZ,20260422,18900,25.52,482328.0,25.69,0.0106073,0.219302,17817.9
301075.SZ,20260422,7300,81.68,596264.0,81.54,0.009125,0.210869,8000.0
301076.SZ,20260422,13600,39.55,537880.0,39.84,0.0123857,0.402291,10980.4
301077.SZ,20260422,22400,31.31,701344.0,31.62,0.0234794,0.377972,9540.26
301078.SZ,20260422,18900,8.8,166320.0,8.82,0.00150592,0.0642225,125505.0
301079.SZ,20260422,229600,47.39,10880744.0,46.91,0.33024,1.15643,6952.52
301080.SZ,20260422,8700,46.55,404985.0,46.3,0.00690485,0.166828,12599.8
301081.SZ,20260422,17600,16.14,284064.0,16.25,0.00805429,0.2245,21851.7
301082.SZ,20260422,17100,17.1,292410.0,17.16,0.00815158,0.246016,20977.5
301083.SZ,20260422,0,,0.0,17.22,0.0,0.0,8560.99
301085.SZ,20260422,12900,69.36,894744.0,69.88,0.0218972,0.156292,5891.17
301086.SZ,20260422,4200,178.29,748818.0,178.23,0.00895131,0.120795,4692.05
301087.SZ,20260422,5500,57.03,313665.0,57.0,0.00283518,0.158027,19399.1
301088.SZ,20260422,1400,14.6,20440.0,14.55,0.000745275,0.128403,18785.0
301089.SZ,20260422,0,,0.0,27.5,0.0,0.0,9047.01
301090.SZ,20260422,104600,8.55,894330.0,8.59,0.00711118,0.326688,147092.0
301091.SZ,20260422,22200,23.0,510600.0,23.15,0.00421029,0.218474,52728.0
301092.SZ,20260422,900,34.14,30726.0,34.3,0.00148298,0.0673007,6068.86
301093.SZ,20260422,12400,80.0,992000.0,80.8,0.00790141,0.389679,15693.4
301095.SZ,20260422,19300,86.5,1669450.0,86.8,0.0110599,0.212426,17450.4
301096.SZ,20260422,1600,56.2,89920.0,56.38,0.00193267,0.0456947,8278.72
301097.SZ,20260422,900,58.94,53046.0,59.0,0.00310974,0.101153,2894.14
301098.SZ,20260422,38200,8.59,328138.0,8.61,0.0255195,0.88927,14968.9
301099.SZ,20260422,421200,56.56,23823072.0,59.93,0.469145,5.15829,8978.04
301100.SZ,20260422,5100,18.82,95982.0,18.87,0.00582857,0.461293,8750.0
301101.SZ,20260422,2400,34.58,82992.0,34.8,0.00125709,0.144431,19091.7
301102.SZ,20260422,1400,10.9,15260.0,10.91,0.000344828,0.0551045,40600.0
301103.SZ,20260422,2600,18.93,49218.0,19.07,0.00164529,0.162901,15802.6
301105.SZ,20260422,15600,58.24,908544.0,58.6,0.094905,2.19858,1643.75
301106.SZ,20260422,12500,29.7,371250.0,29.55,0.0122411,0.656694,10211.5
301107.SZ,20260422,1700,28.53,48501.0,28.45,0.002895,0.162082,5872.19
301108.SZ,20260422,7300,28.14,205422.0,28.4,0.0112596,0.525671,6483.34
301109.SZ,20260422,21100,15.35,323885.0,15.43,0.00916107,0.38993,23032.2
301110.SZ,20260422,26500,68.4,1812600.0,69.01,0.0405406,0.572779,6536.66
301111.SZ,20260422,7100,18.97,134687.0,19.0,0.0044375,0.124695,16000.0
301112.SZ,20260422,10100,33.5,338350.0,33.5,0.00915962,1.23856,11026.7
301113.SZ,20260422,1300,25.56,33228.0,25.58,0.00235995,0.110444,5508.59
301115.SZ,20260422,400,20.82,8328.0,20.97,0.000258454,0.0135242,15476.7
301116.SZ,20260422,4100,10.41,42681.0,10.41,0.000913186,0.137626,44897.7
301117.SZ,20260422,37500,46.2,1732500.0,46.65,0.0471996,0.594281,7944.99
301118.SZ,20260422,2600,24.88,64688.0,25.07,0.00247495,0.142492,10505.2
301119.SZ,20260422,2200,44.68,98296.0,44.68,0.00261562,0.164799,8411.0
301120.SZ,20260422,24800,22.84,566432.0,23.07,0.0113439,0.112475,21862.0
301121.SZ,20260422,900,37.51,33759.0,37.67,0.00177895,0.0762584,5059.16
301122.SZ,20260422,100,31.14,3114.0,30.84,0.000132204,0.00561535,7564.07
301123.SZ,20260422,70900,63.52,4503568.0,64.66,0.030351,0.462597,23360.0
301125.SZ,20260422,10500,24.88,261240.0,24.94,0.00819599,0.217001,12811.1
301126.SZ,20260422,16600,11.25,186750.0,11.34,0.0120392,0.486336,13788.3
301127.SZ,20260422,51400,16.09,827026.0,16.07,0.00785644,0.592434,65424.1
301128.SZ,20260422,12300,175.39,2157297.0,177.39,0.0135176,0.157435,9099.24
301129.SZ,20260422,4000,27.8,111200.0,27.68,0.00603478,0.172661,6628.25
301130.SZ,20260422,100,30.4,3040.0,30.5,0.000169442,0.00603406,5901.74
301131.SZ,20260422,3800,42.79,162602.0,42.9,0.00970505,0.441454,3915.49
301132.SZ,20260422,11600,42.29,490564.0,42.62,0.0122448,0.165936,9473.44
301133.SZ,20260422,8000,46.32,370560.0,46.65,0.00719839,0.251006,11113.6
301135.SZ,20260422,500,28.35,14175.0,28.35,0.00065393,0.050227,7646.08
301136.SZ,20260422,34700,16.21,562487.0,16.36,0.0126088,0.53606,27520.5
301137.SZ,20260422,5000,44.02,220100.0,44.41,0.00275007,0.100417,18181.3
301138.SZ,20260422,7500,38.88,291600.0,39.25,0.0109393,0.694316,6856.01
301139.SZ,20260422,11800,17.57,207326.0,17.7,0.0154922,0.158432,7616.71
301141.SZ,20260422,68400,55.51,3796884.0,56.89,0.153664,1.66779,4451.26
301148.SZ,20260422,24100,63.94,1540954.0,64.2,0.0409355,0.396841,5887.31
301149.SZ,20260422,18200,12.87,234234.0,12.99,0.00696707,0.146587,26122.9
301150.SZ,20260422,126800,67.59,8570412.0,67.89,0.0569669,0.747312,22258.5
301151.SZ,20260422,4500,18.98,85410.0,18.88,0.00266519,0.433251,16884.4
301152.SZ,20260422,9000,29.95,269550.0,30.1,0.0126762,0.175932,7099.94
301153.SZ,20260422,11400,24.71,281694.0,24.72,0.0034363,0.201326,33175.2
301155.SZ,20260422,42900,65.55,2812095.0,66.09,0.0347793,0.923656,12334.9
301156.SZ,20260422,34200,19.06,651852.0,18.99,0.0383301,1.96751,8922.5
301157.SZ,20260422,62200,79.14,4922508.0,79.92,0.301064,0.886462,2066.01
301158.SZ,20260422,32200,23.62,760564.0,23.69,0.0219806,0.388276,14649.3
301159.SZ,20260422,3500,40.42,141470.0,40.47,0.00660191,0.224044,5301.5
301160.SZ,20260422,3700,58.46,216302.0,58.46,0.00500479,0.164133,7392.92
301161.SZ,20260422,3900,31.3,122070.0,31.41,0.00325,0.222711,12000.0
301162.SZ,20260422,3100,69.0,213900.0,69.47,0.00363744,0.147229,8522.48
301163.SZ,20260422,16900,31.36,529984.0,31.34,0.0308813,0.706196,5472.56
301165.SZ,20260422,51000,92.82,4733820.0,92.99,0.00641143,0.420985,79545.5
301166.SZ,20260422,1000,30.46,30460.0,30.46,0.00175689,0.0894811,5691.87
301167.SZ,20260422,2600,16.75,43550.0,16.84,0.0036639,0.123761,7096.27
301168.SZ,20260422,1200,43.8,52560.0,44.1,0.00125901,0.0657716,9531.33
301169.SZ,20260422,900,61.81,55629.0,61.81,0.00124969,0.0689801,7201.8
301170.SZ,20260422,1300,29.62,38506.0,29.47,0.00387188,0.122835,3357.54
301171.SZ,20260422,108300,49.11,5318613.0,49.22,0.0283385,0.228792,38216.6
301172.SZ,20260422,40700,30.71,1249897.0,31.18,0.0412085,0.591401,9876.61
301173.SZ,20260422,600,44.25,26550.0,44.29,0.00194624,0.101493,3082.87
301175.SZ,20260422,62200,6.26,389372.0,6.29,0.0100019,0.35627,62188.0
301176.SZ,20260422,25200,29.5,743400.0,29.76,0.0153608,0.337761,16405.4
301177.SZ,20260422,2200,29.38,64636.0,29.43,0.000549987,0.222535,40000.9
301178.SZ,20260422,3600,54.29,195444.0,53.7,0.0072762,0.131271,4947.63
301179.SZ,20260422,254200,27.05,6876110.0,27.66,0.107029,1.00641,23750.5
301180.SZ,20260422,7600,19.62,149112.0,19.68,0.00463025,0.098407,16413.8
301181.SZ,20260422,28800,49.41,1423008.0,50.33,0.0322354,0.503863,8934.27
301182.SZ,20260422,5000,65.03,325150.0,65.51,0.00521802,0.100993,9582.17
301183.SZ,20260422,39300,202.93,7975149.0,205.9,0.0669468,0.470005,5870.33
301185.SZ,20260422,2200,18.88,41536.0,18.91,0.00157289,0.115881,13987.0
301186.SZ,20260422,44946,75.89,3410951.94,77.95,0.0594135,0.9754,7564.95
301187.SZ,20260422,2100,19.91,41811.0,19.91,0.000823747,0.0934479,25493.3
301188.SZ,20260422,184100,24.81,4567521.0,24.84,0.068813,0.721137,26753.7
301189.SZ,20260422,29444,87.75,2583711.0,86.03,0.0263462,0.229841,11175.8
301190.SZ,20260422,12100,21.9,264990.0,22.07,0.00759316,0.858063,15935.4
301191.SZ,20260422,8300,142.99,1186817.0,143.64,0.0159009,0.175954,5219.84
301192.SZ,20260422,15400,27.45,422730.0,27.59,0.0321713,0.848468,4786.88
301193.SZ,20260422,155100,21.0,3257100.0,22.03,0.106115,2.57028,14616.2
301195.SZ,20260422,41700,32.38,1350246.0,32.07,0.0475418,5.87643,8771.23
301196.SZ,20260422,5700,120.99,689643.0,121.4,0.00695448,0.0957853,8196.16
301197.SZ,20260422,34400,28.68,986592.0,29.11,0.0316324,0.363805,10874.9
301198.SZ,20260422,32900,15.89,522781.0,15.64,0.0211502,0.971753,15555.4
301199.SZ,20260422,940,22.46,21112.4,22.62,0.001311,0.0653967,7170.1
301200.SZ,20260422,17100,198.94,3401874.0,200.6,0.00405805,0.337863,42138.5
301201.SZ,20260422,12700,41.0,520700.0,41.1,0.0117003,0.133177,10854.4
301202.SZ,20260422,2700,42.6,115020.0,42.99,0.00726197,0.134817,3718.0
301203.SZ,20260422,2100,43.49,91329.0,43.68,0.00478987,0.184758,4384.25
301205.SZ,20260422,43000,278.59,11979370.0,284.99,0.0515558,0.419103,8340.47
301206.SZ,20260422,1600,26.28,42048.0,26.26,0.00122809,0.182778,13028.3
301207.SZ,20260422,3800,19.3,73340.0,19.38,0.00063265,0.0721206,60064.8
301208.SZ,20260422,700,34.73,24311.0,34.67,0.00105945,0.0663005,6607.21
301209.SZ,20260422,10600,97.51,1033606.0,98.0,0.0110782,0.829118,9568.3
301210.SZ,20260422,6500,36.6,237900.0,36.71,0.0149549,0.115915,4346.39
301211.SZ,20260422,2600,11.94,31044.0,11.81,0.000622613,0.0747531,41759.5
301212.SZ,20260422,0,,0.0,27.43,0.0,0.0,9375.0
301213.SZ,20260422,2100,71.21,149541.0,71.2,0.00406103,0.131199,5171.1
301215.SZ,20260422,42900,6.3,270270.0,6.32,0.0032441,0.459303,132240.0
301216.SZ,20260422,9400,29.02,272788.0,29.12,0.00171429,0.0658733,54833.1
301217.SZ,20260422,265500,48.61,12905955.0,49.34,0.0320259,0.540665,82901.6
301218.SZ,20260422,900,35.99,32391.0,36.05,0.00128445,0.0309054,7006.88
301219.SZ,20260422,113100,82.8,9364680.0,83.69,0.0537506,0.543189,21041.6
301220.SZ,20260422,200,39.88,7976.0,39.88,0.000256954,0.00831523,7783.5
301221.SZ,20260422,24700,52.65,1300455.0,52.7,0.0393794,1.39692,6272.32
301222.SZ,20260422,24800,38.1,944880.0,38.4,0.0310693,0.541084,7982.17
301223.SZ,20260422,42000,19.6,823200.0,19.6,0.037495,2.25968,11201.5
301225.SZ,20260422,7800,113.14,882492.0,114.9,0.0261027,0.338501,2988.2
301226.SZ,20260422,59800,39.2,2344160.0,38.81,0.0549632,0.891368,10880.0
301227.SZ,20260422,1600,36.28,58048.0,36.33,0.00295623,0.0815851,5412.3
301228.SZ,20260422,7300,55.16,402668.0,55.39,0.00611184,0.117288,11944.0
301229.SZ,20260422,2500,18.36,45900.0,18.4,0.00193378,0.136997,12928.1
301230.SZ,20260422,16300,39.51,644013.0,39.91,0.0129761,0.192131,12561.6
301231.SZ,20260422,4100,32.1,131610.0,32.2,0.00626614,0.127033,6543.1
301232.SZ,20260422,105200,226.0,23775200.0,236.62,0.235519,1.22055,4466.73
301233.SZ,20260422,200,54.99,10998.0,55.35,0.000709707,0.0256509,2818.06
301234.SZ,20260422,1200,39.99,47988.0,40.13,0.00176471,0.116234,6800.0
301235.SZ,20260422,24600,52.39,1288794.0,52.59,0.0338167,0.461505,7274.51
301236.SZ,20260422,45900,39.91,1831869.0,39.86,0.00584186,0.278523,78570.9
301237.SZ,20260422,11800,67.33,794494.0,67.51,0.0202575,0.417665,5825.0
301238.SZ,20260422,85100,21.29,1811779.0,21.28,0.0116045,0.698859,73333.3
301239.SZ,20260422,8800,38.5,338800.0,38.6,0.0058816,0.408061,14961.9
301246.SZ,20260422,51800,23.87,1236466.0,24.06,0.0304567,0.26003,17007.7
301248.SZ,20260422,13300,59.82,795606.0,60.29,0.0118403,0.0926055,11232.9
301251.SZ,20260422,3900,66.78,260442.0,67.26,0.00722314,0.0818964,5399.31
301252.SZ,20260422,39300,37.95,1491435.0,38.66,0.0831211,1.17195,4728.04
301255.SZ,20260422,7100,29.14,206894.0,29.43,0.018645,0.137194,3808.0
301256.SZ,20260422,109600,14.14,1549744.0,14.3,0.0228333,0.854891,48000.0
301257.SZ,20260422,1200,56.57,67884.0,56.97,0.00159323,0.0544906,7531.89
301258.SZ,20260422,3800,31.84,120992.0,31.84,0.00426655,0.432469,8906.5
301259.SZ,20260422,12500,37.73,471625.0,37.98,0.0126427,0.218092,9887.1
301260.SZ,20260422,22700,15.59,353893.0,15.54,0.0111037,1.35497,20443.6
301261.SZ,20260422,700,76.6,53620.0,77.15,0.0018675,0.054642,3748.33
301262.SZ,20260422,30200,23.98,724196.0,24.18,0.0247388,0.665398,12207.5
301263.SZ,20260422,14300,30.0,429000.0,29.73,0.00471036,0.324922,30358.6
301265.SZ,20260422,180700,27.13,4902391.0,27.45,0.107273,0.929737,16844.8
301266.SZ,20260422,6700,41.1,275370.0,41.35,0.00642179,0.198088,10433.2
301267.SZ,20260422,800,17.1,13680.0,17.12,0.000123372,0.0263478,64844.4
301268.SZ,20260422,7500,22.98,172350.0,22.99,0.00217582,0.220141,34469.8
301269.SZ,20260422,14600,85.5,1248300.0,85.5,0.00267675,0.295483,54543.8
301270.SZ,20260422,1600,35.5,56800.0,35.58,0.00169325,0.0350623,9449.28
301272.SZ,20260422,10100,43.2,436320.0,43.42,0.032239,1.13809,3132.85
301273.SZ,20260422,7200,31.61,227592.0,31.69,0.0130942,0.539059,5498.62
301275.SZ,20260422,2300,42.01,96623.0,42.15,0.000783549,0.0529567,29353.6
301276.SZ,20260422,800,26.06,20848.0,26.06,0.001107,0.0401676,7226.76
301277.SZ,20260422,30900,11.66,360294.0,11.72,0.00788108,1.13911,39207.8
301278.SZ,20260422,4700,39.55,185885.0,39.91,0.00914362,0.200402,5140.2
301279.SZ,20260422,3800,29.54,112252.0,29.67,0.00378151,0.221298,10048.9
301280.SZ,20260422,0,,0.0,62.52,0.0,0.0,4012.76
301281.SZ,20260422,2100,38.8,81480.0,38.94,0.00295975,0.0588106,7095.2
301282.SZ,20260422,92300,45.34,4184882.0,45.87,0.0784983,0.410866,11758.2
301283.SZ,20260422,8900,49.83,443487.0,49.83,0.0140652,0.425881,6327.69
301285.SZ,20260422,7100,105.59,749689.0,105.6,0.00343543,0.172078,20667.0
301286.SZ,20260422,3700,49.99,184963.0,50.04,0.00229416,0.117147,16127.9
301287.SZ,20260422,29100,41.81,1216671.0,43.58,0.170861,3.184,1703.14
301288.SZ,20260422,700,18.73,13111.0,18.75,0.000896176,0.0975039,7810.96
301289.SZ,20260422,700,56.0,39200.0,56.39,0.000903215,0.10198,7750.09
301290.SZ,20260422,83200,28.79,2395328.0,29.3,0.122064,3.83953,6816.09
301291.SZ,20260422,19400,54.23,1052062.0,54.15,0.0120022,0.138203,16163.7
301292.SZ,20260422,160300,95.0,15228500.0,97.95,0.188436,0.690492,8506.86
301293.SZ,20260422,76900,68.1,5236890.0,68.87,0.0477801,1.01023,16094.6
301295.SZ,20260422,60900,45.3,2758770.0,45.99,0.207143,1.7496,2940.0
301296.SZ,20260422,33400,7.9,263860.0,7.92,0.00786296,1.82749,42477.6
301297.SZ,20260422,106400,40.05,4261320.0,40.1,0.0293131,0.868758,36297.8
301298.SZ,20260422,4000,16.32,65280.0,16.4,0.00369743,0.246328,10818.3
301299.SZ,20260422,5400,64.18,346572.0,64.82,0.0121356,0.267777,4449.71
301300.SZ,20260422,1000,44.97,44970.0,45.05,0.00257911,0.125257,3877.3
301301.SZ,20260422,17000,10.1,171700.0,10.08,0.00275178,0.128547,61778.2
301302.SZ,20260422,40500,22.57,914085.0,22.82,0.0291388,0.715258,13899.0
301303.SZ,20260422,33100,16.41,543171.0,16.62,0.0325356,0.749307,10173.5
301305.SZ,20260422,9500,27.63,262485.0,27.87,0.00767904,0.170482,12371.3
301306.SZ,20260422,68400,170.13,11636892.0,175.88,0.117324,0.767446,5830.0
301307.SZ,20260422,6700,43.18,289306.0,43.37,0.00614726,0.0637039,10899.2
301308.SZ,20260422,76300,378.22,28858186.0,375.96,0.0278067,0.518488,27439.4
301309.SZ,20260422,9700,34.88,338336.0,35.32,0.0160116,0.216876,6058.09
301310.SZ,20260422,65200,60.81,3964812.0,61.4,0.149142,0.752773,4371.67
301311.SZ,20260422,17100,16.76,286596.0,16.82,0.007125,0.7692,24000.0
301312.SZ,20260422,20200,117.8,2379560.0,118.63,0.0333593,0.281987,6055.28
301313.SZ,20260422,11400,35.55,405270.0,35.77,0.0151018,0.258548,7548.78
301314.SZ,20260422,20200,50.45,1019090.0,50.34,0.11064,1.12731,1825.74
301315.SZ,20260422,3100,49.43,153233.0,49.84,0.00837838,0.303577,3700.0
301316.SZ,20260422,13400,47.11,631274.0,47.3,0.00334992,0.109583,40001.0
301317.SZ,20260422,15200,59.9,910480.0,60.13,0.0291206,0.234596,5219.67
301318.SZ,20260422,3000,26.8,80400.0,26.8,0.00337902,0.271672,8878.33
301319.SZ,20260422,203000,74.93,15210790.0,73.11,0.217021,1.82942,9353.95
301320.SZ,20260422,3100,17.25,53475.0,17.25,0.00454484,0.21364,6820.92
301321.SZ,20260422,4900,24.1,118090.0,24.2,0.00331933,0.0781841,14762.0
301322.SZ,20260422,5000,35.5,177500.0,35.34,0.00526162,0.143724,9502.77
301323.SZ,20260422,2100,67.92,142632.0,67.92,0.00310316,0.072974,6767.3
301325.SZ,20260422,1400,45.43,63602.0,45.5,0.00241818,0.081991,5789.47
301326.SZ,20260422,4300,159.8,687140.0,159.86,0.00596746,0.186363,7205.74
301327.SZ,20260422,18700,66.0,1234200.0,65.94,0.0107236,0.430158,17438.1
301328.SZ,20260422,19750,63.0,1244250.0,62.25,0.0179722,0.537788,10989.2
301329.SZ,20260422,2400,23.76,57024.0,23.84,0.00400374,0.115427,5994.4
301330.SZ,20260422,3700,33.9,125430.0,34.17,0.00190406,0.156604,19432.2
301331.SZ,20260422,1000,26.7,26700.0,26.68,0.000973749,0.102566,10269.6
301332.SZ,20260422,6500,9.41,61165.0,9.41,0.00245378,0.359704,26489.8
301333.SZ,20260422,3400,67.35,228990.0,67.63,0.00352537,0.197123,9644.37
301335.SZ,20260422,1900,26.01,49419.0,26.1,0.00375318,0.0597336,5062.38
301336.SZ,20260422,2400,51.2,122880.0,51.4,0.00788688,0.298147,3043.03
301337.SZ,20260422,1100,28.25,31075.0,27.89,0.00297412,0.07755,3698.58
301338.SZ,20260422,11900,180.54,2148426.0,182.36,0.0201183,0.235401,5915.0
301339.SZ,20260422,4000,13.3,53200.0,13.38,0.000702001,0.110547,56980.0
301345.SZ,20260422,20100,244.75,4919475.0,244.06,0.0573798,1.15869,3502.97
301348.SZ,20260422,15700,24.38,382766.0,24.59,0.0101199,0.172974,15513.9
301349.SZ,20260422,47600,63.36,3015936.0,63.64,0.0590688,0.935499,8058.41
301353.SZ,20260422,1000,28.39,28390.0,28.39,0.00313664,0.140521,3188.12
301355.SZ,20260422,7900,12.63,99777.0,12.55,0.0078838,0.236195,10020.5
301356.SZ,20260422,600,21.19,12714.0,21.19,0.00109469,0.0616351,5481.0
301357.SZ,20260422,40100,116.8,4683680.0,118.36,0.0421218,1.25602,9520.0
301358.SZ,20260422,264000,82.9,21885600.0,85.5,0.0347397,1.03231,75993.8
301359.SZ,20260422,4800,21.78,104544.0,21.81,0.00674659,0.291456,7114.7
301360.SZ,20260422,3500,81.5,285250.0,82.26,0.0137471,0.146212,2546.0
301361.SZ,20260422,300,38.14,11442.0,38.14,0.000985416,0.0131022,3044.4
301362.SZ,20260422,8900,147.02,1308478.0,147.0,0.0299966,0.221634,2967.0
301363.SZ,20260422,17900,26.32,471128.0,26.44,0.00479632,0.267574,37320.3
301365.SZ,20260422,38000,31.42,1193960.0,31.55,0.0374819,0.842857,10138.2
301366.SZ,20260422,61500,37.56,2309940.0,37.9,0.0525657,1.34042,11699.6
301367.SZ,20260422,1700,69.94,118898.0,70.4,0.00243053,0.246186,6994.36
301368.SZ,20260422,31100,50.51,1570861.0,51.1,0.0485017,1.42985,6412.14
301369.SZ,20260422,8973,165.45,1484582.85,167.5,0.0246759,0.483351,3636.34
301370.SZ,20260422,13500,10.25,138375.0,10.3,0.0041699,0.400031,32374.9
301371.SZ,20260422,100150,25.2,2523780.0,25.27,0.128745,3.57842,7778.94
301372.SZ,20260422,7700,32.02,246554.0,32.05,0.0187027,0.168051,4117.04
301373.SZ,20260422,58400,98.94,5778096.0,99.65,0.143197,0.692557,4078.31
301376.SZ,20260422,4800,16.57,79536.0,16.67,0.00247879,0.108297,19364.3
301377.SZ,20260422,15100,228.0,3442800.0,227.0,0.0212604,0.242637,7102.4
301378.SZ,20260422,4800,31.5,151200.0,31.5,0.0104542,0.306476,4591.45
301379.SZ,20260422,9100,25.9,235690.0,25.9,0.00715418,0.216976,12719.8
301380.SZ,20260422,1000,33.7,33700.0,33.88,0.00123856,0.0760868,8073.86
301381.SZ,20260422,5300,21.39,113367.0,21.43,0.00271144,0.110406,19546.8
301382.SZ,20260422,204730,43.46,8897565.8,42.6,0.116133,0.74271,17628.9
301383.SZ,20260422,8800,28.98,255024.0,28.97,0.0124621,0.642684,7061.42
301386.SZ,20260422,3800,26.55,100890.0,26.49,0.00844444,0.18116,4500.0
301387.SZ,20260422,4500,61.86,278370.0,62.2,0.0105425,0.116453,4268.43
301388.SZ,20260422,4200,32.02,134484.0,32.18,0.0153528,0.195821,2735.66
301389.SZ,20260422,81900,63.32,5185908.0,62.79,0.0968439,0.779756,8456.9
301390.SZ,20260422,16500,35.59,587235.0,35.79,0.0537881,1.21426,3067.59
301391.SZ,20260422,1900,77.54,147326.0,77.54,0.00204663,0.0948051,9283.56
301392.SZ,20260422,30201,153.97,4650047.97,154.8,0.0740295,0.454699,4079.59
301393.SZ,20260422,37700,57.17,2155309.0,56.77,0.0895385,1.13025,4210.48
301395.SZ,20260422,35600,12.41,441796.0,12.51,0.025904,0.281654,13743.0
301396.SZ,20260422,93900,281.0,26385900.0,279.33,0.123421,0.633917,7608.11
301397.SZ,20260422,6200,37.93,235166.0,38.14,0.00876476,0.0828366,7073.78
301398.SZ,20260422,2700,46.18,124686.0,46.58,0.00725436,0.12029,3721.9
301399.SZ,20260422,135800,23.08,3134264.0,23.31,0.248338,1.30092,5468.36
301408.SZ,20260422,508300,20.32,10328656.0,20.22,0.222004,1.06827,22895.9
301413.SZ,20260422,7900,121.4,959060.0,122.46,0.0134468,0.202872,5874.99
301418.SZ,20260422,1300,39.79,51727.0,39.64,0.00441631,0.15601,2943.63
301419.SZ,20260422,9900,45.74,452826.0,46.02,0.0124801,0.116305,7932.66
301421.SZ,20260422,20900,97.74,2042766.0,98.76,0.0451321,0.371741,4630.85
301428.SZ,20260422,3300,33.81,111573.0,33.97,0.00539245,0.0619088,6119.67
301429.SZ,20260422,1000,19.8,19800.0,19.83,0.0022706,0.0809391,4404.11
301439.SZ,20260422,18700,15.9,297330.0,15.9,0.0102048,0.484283,18324.7
301446.SZ,20260422,700,39.25,27475.0,39.5,0.0022032,0.0579149,3177.2
301448.SZ,20260422,1800,39.8,71640.0,39.8,0.00372806,0.169448,4828.25
301449.SZ,20260422,5800,82.0,475600.0,82.66,0.0416868,0.303786,1391.33
301456.SZ,20260422,400,29.79,11916.0,29.88,0.000661156,0.0295082,6050.01
301458.SZ,20260422,205600,42.73,8785288.0,41.92,0.175006,2.06161,11748.2
301459.SZ,20260422,2800,38.0,106400.0,38.11,0.0107284,0.300649,2609.9
301468.SZ,20260422,4100,54.18,222138.0,54.45,0.00546648,0.0775313,7500.26
301469.SZ,20260422,62400,35.3,2202720.0,34.54,0.135479,5.3938,4605.87
301479.SZ,20260422,19200,107.33,2060736.0,106.96,0.0376994,0.388587,5092.92
301486.SZ,20260422,277700,204.74,56856298.0,209.06,0.383279,2.57527,7245.38
301487.SZ,20260422,30800,22.89,705012.0,22.92,0.0112906,0.26383,27279.4
301488.SZ,20260422,1400,135.38,189532.0,135.75,0.00597979,0.134183,2341.22
301489.SZ,20260422,10000,214.07,2140700.0,215.41,0.0210082,0.208663,4760.04
301491.SZ,20260422,300,50.52,15156.0,50.8,0.00104956,0.0553754,2858.34
301498.SZ,20260422,82100,57.71,4737991.0,58.6,0.0457508,0.760508,17945.0
301499.SZ,20260422,18700,35.86,670582.0,35.94,0.054103,0.40878,3456.37
301500.SZ,20260422,79000,24.9,1967100.0,24.79,0.0548418,0.642794,14405.1
301501.SZ,20260422,200,38.43,7686.0,38.61,0.00045977,0.0252555,4350.0
301502.SZ,20260422,1100,47.5,52250.0,47.49,0.00466359,0.0487583,2358.7
301503.SZ,20260422,9000,36.16,325440.0,36.15,0.0277094,1.33889,3248.0
301505.SZ,20260422,81700,23.45,1915865.0,23.45,0.104487,3.03227,7819.16
301507.SZ,20260422,3300,14.26,47058.0,14.26,0.00299491,0.0947857,11018.7
301508.SZ,20260422,2400,29.82,71568.0,29.86,0.00407911,0.210857,5883.64
301509.SZ,20260422,19800,42.86,848628.0,43.23,0.0348954,0.246348,5674.09
301510.SZ,20260422,4200,31.01,130242.0,31.21,0.00150452,0.0800983,27915.9
301511.SZ,20260422,644600,61.99,39958754.0,60.81,0.172063,1.53992,37463.1
301512.SZ,20260422,54100,48.48,2622768.0,49.12,0.218027,4.2989,2481.34
301513.SZ,20260422,91100,97.08,8843988.0,100.02,0.452132,0.741837,2014.9
301515.SZ,20260422,800,23.12,18496.0,23.12,0.00122006,0.05064,6557.06
301516.SZ,20260422,30700,19.32,593124.0,19.52,0.0437475,0.292315,7017.54
301517.SZ,20260422,47700,71.92,3430584.0,72.94,0.0485956,0.365978,9815.71
301518.SZ,20260422,16500,44.31,731115.0,44.28,0.0308419,0.545794,5349.87
301519.SZ,20260422,1900,14.46,27474.0,14.46,0.00251734,0.10644,7547.66
301520.SZ,20260422,200,43.9,8780.0,43.98,0.000891942,0.0123852,2242.3
301522.SZ,20260422,113000,32.0,3616000.0,32.21,0.040154,2.34051,28141.7
301525.SZ,20260422,1200,73.02,87624.0,73.52,0.00242909,0.104024,4940.12
301526.SZ,20260422,610500,13.84,8449320.0,14.03,0.0434707,0.355597,140439.0
301528.SZ,20260422,9300,72.25,671925.0,71.24,0.0291994,0.544994,3185.0
301529.SZ,20260422,10800,112.34,1213272.0,115.01,0.0238735,0.292879,4523.85
301533.SZ,20260422,700,32.44,22708.0,32.48,0.00246161,0.103134,2843.67
301535.SZ,20260422,22900,20.39,466931.0,20.31,0.0134868,0.739623,16979.6
301536.SZ,20260422,34300,81.22,2785846.0,81.35,0.0183233,0.555522,18719.3
301538.SZ,20260422,1700,83.54,142018.0,83.55,0.00544528,0.116524,3121.97
301539.SZ,20260422,300,19.55,5865.0,19.57,0.000399671,0.0243025,7506.18
301548.SZ,20260422,6600,82.16,542256.0,82.99,0.0251573,0.211638,2623.5
301550.SZ,20260422,40500,156.99,6358095.0,157.62,0.0287072,0.664198,14108.0
301551.SZ,20260422,8700,29.6,257520.0,29.72,0.00562911,0.240266,15455.4
301552.SZ,20260422,3600,43.46,156456.0,43.55,0.0151261,0.142516,2380.0
301555.SZ,20260422,2300,37.0,85100.0,37.22,0.00475725,0.0922393,4834.73
301556.SZ,20260422,2600,89.7,233220.0,89.75,0.00881954,0.118626,2948.0
301557.SZ,20260422,500,106.43,53215.0,106.4,0.00281453,0.0325512,1776.5
301558.SZ,20260422,3800,8.25,31350.0,8.27,0.00173293,0.0585885,21928.2
301559.SZ,20260422,1500,16.87,25305.0,16.97,0.00166667,0.052043,9000.0
301560.SZ,20260422,73100,40.07,2929117.0,40.45,0.300576,2.66933,2432.0
301563.SZ,20260422,3100,166.0,514600.0,167.2,0.0210601,0.169098,1471.98
301565.SZ,20260422,2500,21.58,53950.0,21.6,0.00195297,0.105838,12801.0
301566.SZ,20260422,112200,23.93,2684946.0,23.69,0.0540721,0.809417,20750.1
301567.SZ,20260422,2300,43.05,99015.0,43.09,0.0108287,0.313495,2123.99
301568.SZ,20260422,9800,56.51,553798.0,56.6,0.0205885,0.229342,4759.94
301571.SZ,20260422,8300,75.7,628310.0,75.78,0.00696502,0.16101,11916.7
301575.SZ,20260422,200,45.67,9134.0,45.68,0.00114886,0.0321408,1740.85
301577.SZ,20260422,100,62.75,6275.0,62.81,0.000530753,0.0108892,1884.12
301578.SZ,20260422,900,33.66,30294.0,33.75,0.00388435,0.162512,2316.99
301580.SZ,20260422,20400,75.93,1548972.0,76.26,0.0283266,0.303458,7201.7
301581.SZ,20260422,800,46.05,36840.0,46.11,0.0018915,0.182317,4229.45
301584.SZ,20260422,3900,27.52,107328.0,27.53,0.00726064,0.0684709,5371.43
301585.SZ,20260422,100,29.59,2959.0,29.65,0.000146824,0.0103377,6810.89
301586.SZ,20260422,1900,43.5,82650.0,43.7,0.00359093,0.194496,5291.11
301587.SZ,20260422,190100,28.42,5402642.0,28.95,0.258805,1.93333,7345.3
301588.SZ,20260422,2400,22.46,53904.0,22.42,0.00327157,0.0435241,7335.92
301589.SZ,20260422,200,172.14,34428.0,172.93,0.0005803,0.0291867,3446.5
301590.SZ,20260422,3000,185.2,555600.0,186.2,0.0348728,0.527619,860.268
301591.SZ,20260422,2000,42.0,84000.0,42.22,0.00589124,0.175878,3394.87
301592.SZ,20260422,1500,125.67,188505.0,126.97,0.00642167,0.0728773,2335.84
301595.SZ,20260422,3800,47.94,182172.0,48.13,0.0155974,0.214608,2436.3
301596.SZ,20260422,5700,73.96,421572.0,74.2,0.0182012,0.544585,3131.66
301598.SZ,20260422,5500,61.78,339790.0,61.78,0.0313431,0.888209,1754.77
301600.SZ,20260422,1800,109.0,196200.0,108.98,0.00557992,0.191561,3225.85
301601.SZ,20260422,2500,23.96,59900.0,23.99,0.00295928,0.154417,8448.0
301602.SZ,20260422,13500,19.3,260550.0,19.43,0.00647484,0.894,20849.9
301603.SZ,20260422,48100,100.59,4838379.0,100.66,0.127476,0.52394,3773.25
301606.SZ,20260422,20500,73.8,1512900.0,73.43,0.0124243,0.579259,16499.9
301607.SZ,20260422,22400,47.74,1069376.0,47.71,0.0200276,0.770396,11184.5
301608.SZ,20260422,36600,92.0,3367200.0,92.37,0.091644,2.42996,3993.72
301609.SZ,20260422,3300,47.28,156024.0,47.67,0.00900458,0.103077,3664.8
301611.SZ,20260422,24000,99.66,2391840.0,100.77,0.016373,0.156902,14658.3
301613.SZ,20260422,1500,46.93,70395.0,47.0,0.00178782,0.119489,8390.12
301616.SZ,20260422,2700,51.51,139077.0,51.29,0.00950644,0.361212,2840.18
301617.SZ,20260422,7700,60.46,465542.0,60.81,0.0145173,0.26675,5304.0
301618.SZ,20260422,6400,49.56,317184.0,49.6,0.0193037,1.57435,3315.43
301622.SZ,20260422,600,63.08,37848.0,63.35,0.000927939,0.0342574,6465.94
301626.SZ,20260422,1100,258.0,283800.0,258.84,0.0020905,0.0464919,5261.9
301628.SZ,20260422,2000,111.74,223480.0,112.3,0.00717468,0.0842213,2787.58
301629.SZ,20260422,86800,275.0,23870000.0,303.45,0.452176,3.65605,1919.61
301630.SZ,20260422,9250,212.58,1966365.0,213.5,0.0925,0.563177,1000.0
301631.SZ,20260422,48400,108.79,5265436.0,104.97,0.157626,1.08416,3070.55
301632.SZ,20260422,4100,21.12,86592.0,21.23,0.00559635,0.224349,7326.2
301633.SZ,20260422,700,63.88,44716.0,63.71,0.00274395,0.222354,2551.06
301636.SZ,20260422,10000,72.5,725000.0,73.0,0.0626293,0.237919,1596.7
301638.SZ,20260422,105100,27.52,2892352.0,27.73,0.0447272,0.229011,23498.0
301656.SZ,20260422,13000,21.94,285220.0,22.01,0.00638416,0.201517,20362.9
301658.SZ,20260422,42400,42.68,1809632.0,42.78,0.0435244,0.411693,9741.67
301662.SZ,20260422,14100,164.55,2320155.0,169.57,0.045849,0.474456,3075.31
301665.SZ,20260422,6500,26.8,174200.0,26.82,0.0062398,0.319166,10417.0
301666.SZ,20260422,86912,213.0,18512256.0,214.55,0.327768,0.571711,2651.63
301667.SZ,20260422,101100,109.93,11113923.0,115.9,0.449444,1.34905,2249.45
301668.SZ,20260422,0,,0.0,51.15,0.0,0.0,2432.86
301678.SZ,20260422,47900,59.4,2845260.0,63.02,0.0999768,2.77501,4791.11
301680.SZ,20260422,9900,105.7,1046430.0,106.99,0.0589199,0.385105,1680.25
301682.SZ,20260422,24600,125.61,3090006.0,126.95,0.095769,0.366938,2568.68
301683.SZ,20260422,25400,128.64,3267456.0,130.8,0.17805,0.577967,1426.56
301687.SZ,20260422,23100,60.6,1399860.0,60.93,0.0782114,0.64513,2953.53
301696.SZ,20260422,155341,94.04,14608267.64,96.75,0.516369,1.22948,3008.34
302132.SZ,20260422,26100,68.99,1800639.0,69.26,0.0044534,0.455129,58606.9
920000.BJ,20260422,10162,16.43,166961.66,16.48,0.0176442,1.28829,5759.39
920001.BJ,20260422,5857,15.81,92599.17,15.91,0.00660383,0.26103,8869.1
920002.BJ,20260422,500,86.85,43425.0,86.86,0.00156961,0.0644853,3185.51
920003.BJ,20260422,205785,29.96,6165318.6,27.86,1.54556,45.9171,1331.46
920005.BJ,20260422,600,36.76,22056.0,37.04,0.0027907,0.128794,2150.0
920006.BJ,20260422,30291,23.79,720622.89,23.17,0.0633741,1.84783,4779.71
920007.BJ,20260422,300,57.01,17103.0,56.87,0.00281879,0.0751355,1064.29
920008.BJ,20260422,800,26.44,21152.0,26.41,0.00235151,0.0665301,3402.07
920009.BJ,20260422,1300,67.9,88270.0,67.03,0.0180556,0.499289,720.0
920010.BJ,20260422,85819,12.38,1062439.22,12.43,0.0494225,0.513855,17364.3
920011.BJ,20260422,2845,26.6,75677.0,26.61,0.0152957,0.0590236,1860.0
920012.BJ,20260422,70189,63.98,4490692.22,64.82,0.528983,1.06657,1326.87
920014.BJ,20260422,15617,12.7,198335.9,12.82,0.0232925,0.385772,6704.73
920015.BJ,20260422,3496,42.1,147181.6,41.99,0.00873728,0.179923,4001.24
920016.BJ,20260422,4527,17.08,77321.16,17.08,0.0132225,0.522751,3423.72
920017.BJ,20260422,0,,0.0,17.36,0.0,0.0,12351.0
920018.BJ,20260422,100,29.22,2922.0,29.2,0.000226123,0.0048009,4422.38
920019.BJ,20260422,600,18.56,11136.0,18.67,0.000358133,0.0219001,16753.6
920020.BJ,20260422,1200,15.99,19188.0,15.98,0.00217782,0.150968,5510.09
920021.BJ,20260422,116179,10.51,1221041.29,10.61,0.0469306,0.421986,24755.5
920022.BJ,20260422,740,26.9,19906.0,26.8,0.00445381,0.134935,1661.5
920023.BJ,20260422,7587,3.16,23974.92,3.14,0.00282246,0.0794929,26880.9
920026.BJ,20260422,0,,0.0,37.06,0.0,0.0,3721.46
920027.BJ,20260422,2306,18.36,42338.16,18.33,0.005464,0.14853,4220.35
920028.BJ,20260422,38001,16.6,630816.6,16.41,0.08929,0.61274,4255.91
920029.BJ,20260422,4453,87.5,389637.5,87.11,0.003295,0.580174,13514.4
920030.BJ,20260422,6000,5.75,34500.0,5.74,0.00533456,0.33213,11247.4
920033.BJ,20260422,700,15.46,10822.0,15.45,0.000845809,0.0854037,8276.1
920035.BJ,20260422,3415,36.69,125296.35,36.65,0.026241,0.27958,1301.4
920036.BJ,20260422,10609,47.2,500744.8,47.33,0.0812248,0.412016,1306.13
920037.BJ,20260422,9076,76.05,690229.8,76.62,0.0306992,0.636306,2956.43
920039.BJ,20260422,1100,9.73,10703.0,9.77,0.000715122,0.0936018,15382.0
920045.BJ,20260422,9156,554.98,5081396.88,553.01,0.0454899,0.596034,2012.75
920046.BJ,20260422,18008,27.0,486216.0,26.97,0.0281036,0.239402,6407.73
920047.BJ,20260422,15317,29.0,444193.0,29.0,0.00850442,0.168275,18010.6
920050.BJ,20260422,6683,32.66,218266.78,32.39,0.0369172,1.37178,1810.27
920055.BJ,20260422,6627,34.9,231282.3,35.1,0.0433137,0.255657,1530.0
920056.BJ,20260422,2300,22.72,52256.0,22.83,0.00745691,0.201319,3084.39
920057.BJ,20260422,723,6.24,4511.52,6.23,0.000628309,0.0550026,11507.1
920058.BJ,20260422,271,28.6,7750.6,28.33,0.000982084,0.0509359,2759.44
920060.BJ,20260422,30384,34.2,1039132.8,34.49,0.0320424,0.494492,9482.43
920061.BJ,20260422,17590,24.37,428668.3,24.55,0.044685,1.79136,3936.44
920062.BJ,20260422,19903,10.57,210374.71,10.68,0.0149075,0.35862,13351.0
920066.BJ,20260422,106,22.17,2350.02,22.12,0.000533378,0.0203846,1987.33
920068.BJ,20260422,20041,22.06,442104.46,22.15,0.0319611,0.614751,6270.43
920069.BJ,20260422,10546,38.11,401908.06,38.38,0.0713641,0.535608,1477.77
920075.BJ,20260422,2037,21.67,44141.79,21.63,0.00584021,0.270797,3487.89
920076.BJ,20260422,10900,20.92,228028.0,20.66,0.055158,0.885427,1976.14
920077.BJ,20260422,11629,18.64,216764.56,18.55,0.00383348,0.100456,30335.3
920078.BJ,20260422,99413,27.72,2755728.36,28.75,0.480256,1.36073,2070.0
920080.BJ,20260422,102,23.35,2381.7,23.27,0.000443947,0.0168995,2297.57
920082.BJ,20260422,10581,15.55,164534.55,15.42,0.026742,1.07406,3956.7
920086.BJ,20260422,1633,30.52,49839.16,30.52,0.00610593,0.0714353,2674.45
920087.BJ,20260422,9485,15.09,143128.65,15.01,0.00578191,0.179281,16404.6
920088.BJ,20260422,41840,51.82,2168148.8,51.38,0.128477,0.740754,3256.62
920089.BJ,20260422,1600,18.97,30352.0,18.93,0.00186444,0.0739115,8581.67
920090.BJ,20260422,25436,5.59,142187.24,5.62,0.0187931,0.388843,13534.7
920091.BJ,20260422,1216,61.8,75148.8,61.8,0.00838609,0.0829247,1450.02
920092.BJ,20260422,5100,31.22,159222.0,31.5,0.0154764,0.297931,3295.34
920098.BJ,20260422,3000,27.06,81180.0,26.92,0.00541754,0.306013,5537.57
920099.BJ,20260422,533,32.03,17071.99,32.18,0.00109936,0.0457453,4848.27
920100.BJ,20260422,1900,50.35,95665.0,50.68,0.00970867,0.218614,1957.01
920101.BJ,20260422,2000,35.2,70400.0,35.08,0.00718945,0.208214,2781.85
920106.BJ,20260422,100,67.1,6710.0,67.09,0.000229069,0.0106615,4365.49
920108.BJ,20260422,603,11.22,6765.66,11.13,0.000826394,0.0712103,7296.77
920110.BJ,20260422,550,35.45,19497.5,35.33,0.00338691,0.363486,1623.9
920111.BJ,20260422,587229,31.0,18204099.0,32.0,0.779976,10.1556,7528.81
920112.BJ,20260422,200,33.4,6680.0,33.47,0.000862701,0.0535198,2318.3
920116.BJ,20260422,27411,101.6,2784957.6,103.67,0.0178602,0.575796,15347.5
920118.BJ,20260422,4100,20.87,85567.0,20.94,0.0130827,0.830115,3133.91
920119.BJ,20260422,3015,97.46,293841.9,97.49,0.0158878,0.227832,1897.68
920121.BJ,20260422,3550,36.72,130356.0,36.48,0.0298513,1.0533,1189.23
920122.BJ,20260422,800,26.8,21440.0,26.85,0.00214046,0.0948183,3737.51
920123.BJ,20260422,7509,13.43,100845.87,13.38,0.0118005,0.700235,6363.29
920124.BJ,20260422,0,,0.0,16.32,0.0,0.0,7653.14
920128.BJ,20260422,650,25.35,16477.5,25.23,0.00170001,0.112192,3823.5
920130.BJ,20260422,0,,0.0,20.3,0.0,0.0,5658.76
920132.BJ,20260422,0,,0.0,13.68,0.0,0.0,2812.32
920139.BJ,20260422,10680,18.45,197046.0,18.4,0.0041088,0.19424,25993.0
920145.BJ,20260422,700,15.17,10619.0,15.17,0.00144054,0.0713418,4859.3
920146.BJ,20260422,23012,7.12,163845.44,7.05,0.0214789,0.895958,10713.8
920149.BJ,20260422,2900,10.31,29899.0,10.32,0.00458375,0.341299,6326.7
920152.BJ,20260422,3900,16.18,63102.0,16.12,0.00474676,0.228451,8216.12
920158.BJ,20260422,14906,17.36,258768.16,17.36,0.0390829,0.365036,3813.94
920159.BJ,20260422,11432,39.5,451564.0,39.21,0.0793889,0.826256,1440.0
920160.BJ,20260422,100,23.6,2360.0,23.55,0.000392341,0.00969432,2548.8
920163.BJ,20260422,2000,12.86,25720.0,12.85,0.00332823,0.237617,6009.2
920166.BJ,20260422,0,,0.0,28.72,0.0,0.0,2376.47
920167.BJ,20260422,2900,17.52,50808.0,17.58,0.00443671,0.207921,6536.38
920168.BJ,20260422,0,,0.0,22.18,0.0,0.0,2817.45
920169.BJ,20260422,3729,30.82,114927.78,30.72,0.00734009,0.133378,5080.32
920171.BJ,20260422,11000,21.2,233200.0,21.18,0.0162645,0.178604,6763.2
920174.BJ,20260422,2030,39.3,79779.0,39.3,0.00233331,0.139426,8700.08
920175.BJ,20260422,400,10.0,4000.0,9.98,0.000504567,0.0238416,7927.59
920177.BJ,20260422,40690,36.68,1492509.2,37.23,0.345651,0.559363,1177.2
920179.BJ,20260422,23234,52.06,1209562.04,52.06,0.0389059,0.463871,5971.85
920180.BJ,20260422,2229,16.67,37157.43,16.67,0.00624904,0.108075,3566.95
920181.BJ,20260422,36330,77.3,2808309.0,78.38,0.362575,0.868664,1002.0
920183.BJ,20260422,5800,39.56,229448.0,39.56,0.0515563,0.492614,1124.98
920184.BJ,20260422,10673,16.25,173436.25,16.16,0.0119428,0.436729,8936.79
920185.BJ,20260422,405342,32.5,13173615.0,31.0,0.0362675,3.48103,111765.0
920187.BJ,20260422,5561,37.38,207870.18,37.47,0.024291,0.522797,2289.33
920188.BJ,20260422,19645,26.5,520592.5,26.79,0.0992479,0.471228,1979.39
920190.BJ,20260422,900,22.95,20655.0,22.8,0.000905041,0.0521203,9944.3
920191.BJ,20260422,167850,12.98,2178693.0,13.18,0.420519,0.575732,3991.5
920195.BJ,20260422,1100,19.95,21945.0,20.03,0.00155457,0.121054,7075.9
920198.BJ,20260422,0,,0.0,8.92,0.0,0.0,7046.6
920199.BJ,20260422,2554,34.97,89313.38,35.14,0.00673394,0.163026,3792.73
920204.BJ,20260422,4048,16.1,65172.8,16.18,0.0080975,0.364434,4999.07
920207.BJ,20260422,25778,30.65,790095.7,30.49,0.0457751,0.532491,5631.45
920208.BJ,20260422,10305,24.19,249277.95,24.1,0.010115,0.793859,10187.9
920212.BJ,20260422,1000,12.04,12040.0,12.04,0.0019379,0.0978746,5160.23
920221.BJ,20260422,0,,0.0,14.96,0.0,0.0,6176.49
920223.BJ,20260422,17298,19.5,337311.0,19.56,0.0212028,0.329434,8158.38
920225.BJ,20260422,40641,31.1,1263935.1,31.35,0.0490939,0.5785,8278.22
920227.BJ,20260422,0,,0.0,62.5,0.0,0.0,1771.82
920230.BJ,20260422,56970,12.19,694464.3,12.19,0.120577,0.794716,4724.77
920237.BJ,20260422,2121,21.39,45368.19,21.27,0.00250243,0.0627489,8475.77
920239.BJ,20260422,7687,31.0,238297.0,30.83,0.00428401,0.387427,17943.5
920242.BJ,20260422,462,26.06,12039.72,26.05,0.00122655,0.0301223,3766.65
920245.BJ,20260422,9499,25.67,243839.33,25.3,0.025,2.06262,3799.6
920247.BJ,20260422,9876,22.31,220333.56,22.08,0.00864146,0.354901,11428.6
920249.BJ,20260422,314807,11.0,3462877.0,11.26,0.252513,1.11584,12467.0
920252.BJ,20260422,33208,28.3,939786.4,28.3,0.0486698,0.876654,6823.12
920260.BJ,20260422,3000,10.16,30480.0,10.17,0.00303402,0.165965,9887.88
920261.BJ,20260422,100,14.7,1470.0,14.78,5.8411e-05,0.00594464,17120.1
920262.BJ,20260422,1184,20.55,24331.2,20.6,0.00379665,0.175971,3118.54
920263.BJ,20260422,338,12.47,4214.86,12.34,0.000329455,0.0288355,10259.4
920266.BJ,20260422,0,,0.0,8.22,0.0,0.0,11849.0
920267.BJ,20260422,400,19.56,7824.0,19.64,0.00134784,0.0672046,2967.7
920270.BJ,20260422,0,,0.0,16.16,0.0,0.0,8112.83
920271.BJ,20260422,4000,14.5,58000.0,14.44,0.0069096,0.575432,5789.04
920273.BJ,20260422,2600,22.88,59488.0,22.83,0.00378619,0.0936562,6867.07
920274.BJ,20260422,6488,23.03,149418.64,22.96,0.00797705,0.322601,8133.33
920275.BJ,20260422,500,7.43,3715.0,7.42,0.000379033,0.0328176,13191.5
920278.BJ,20260422,1100,8.05,8855.0,8.05,0.00148552,0.0521204,7404.8
920284.BJ,20260422,25053,32.84,822740.52,32.91,0.0369719,0.630428,6776.23
920299.BJ,20260422,11179,24.48,273661.92,24.46,0.0246153,0.281936,4541.48
920300.BJ,20260422,0,,0.0,12.08,0.0,0.0,6653.17
920304.BJ,20260422,900,12.16,10944.0,12.16,0.000659563,0.0382072,13645.4
920305.BJ,20260422,55678,6.07,337965.46,6.12,0.0686528,0.839017,8110.09
920339.BJ,20260422,1700,8.2,13940.0,8.24,0.00112451,0.151457,15117.7
920344.BJ,20260422,3713,21.55,80015.15,21.36,0.0032648,0.29836,11372.8
920346.BJ,20260422,1000,21.31,21310.0,21.34,0.00224197,0.114815,4460.37
920351.BJ,20260422,2000,17.83,35660.0,17.8,0.00502004,0.12544,3984.03
920357.BJ,20260422,8186,25.37,207678.82,25.38,0.0183895,0.294544,4451.46
920363.BJ,20260422,100,17.05,1705.0,17.01,0.000195735,0.00717687,5108.96
920367.BJ,20260422,3200,19.46,62272.0,19.46,0.00762039,0.128472,4199.26
920368.BJ,20260422,35328,37.08,1309962.24,37.56,0.015816,0.274994,22336.9
920370.BJ,20260422,2300,3.46,7958.0,3.46,0.000879694,0.0899154,26145.4
920371.BJ,20260422,2348,9.83,23080.84,9.8,0.00120776,0.122773,19440.9
920374.BJ,20260422,1100,20.8,22880.0,20.8,0.00322453,0.111918,3411.35
920375.BJ,20260422,18662,13.94,260148.28,14.07,0.0287478,0.258838,6491.62
920378.BJ,20260422,0,,0.0,8.93,0.0,0.0,11138.2
920392.BJ,20260422,11300,20.59,232667.0,20.44,0.0310526,1.48067,3638.99
920394.BJ,20260422,2000,49.08,98160.0,49.08,0.00137767,0.117211,14517.3
920395.BJ,20260422,2000,10.06,20120.0,10.08,0.00190943,0.18696,10474.4
920396.BJ,20260422,1800,30.48,54864.0,30.53,0.00350817,0.105622,5130.88
920402.BJ,20260422,118804,9.46,1123885.84,9.55,0.0435382,2.38605,27287.3
920403.BJ,20260422,10336,22.84,236074.24,22.64,0.0174909,0.699723,5909.36
920405.BJ,20260422,700,20.95,14665.0,20.92,0.0006359,0.0297116,11008.0
920407.BJ,20260422,500,18.78,9390.0,18.72,0.0014384,0.0468737,3476.09
920414.BJ,20260422,5400,12.73,68742.0,12.73,0.00962952,0.191965,5607.76
920415.BJ,20260422,1160,13.14,15242.4,13.12,0.00107178,0.0512358,10823.1
920418.BJ,20260422,1200,25.71,30852.0,25.67,0.000770758,0.0525117,15569.1
920419.BJ,20260422,500,13.99,6995.0,13.99,0.00051711,0.0308288,9669.13
920422.BJ,20260422,2160,11.56,24969.6,11.51,0.00326172,0.0733017,6622.27
920425.BJ,20260422,0,,0.0,20.05,0.0,0.0,5921.33
920427.BJ,20260422,1500,12.38,18570.0,12.44,0.00294649,0.0960136,5090.8
920429.BJ,20260422,3800,13.05,49590.0,13.13,0.00334801,0.233359,11350.0
920433.BJ,20260422,0,,0.0,5.19,0.0,0.0,16931.6
920436.BJ,20260422,1671,14.7,24563.7,14.7,0.00188031,0.133623,8886.82
920438.BJ,20260422,104702,47.4,4962874.8,48.08,0.0751122,1.56477,13939.4
920445.BJ,20260422,0,,0.0,10.22,0.0,0.0,10551.2
920454.BJ,20260422,14988,14.65,219574.2,14.57,0.023723,1.51312,6317.91
920455.BJ,20260422,0,,0.0,7.95,0.0,0.0,9376.24
920469.BJ,20260422,2800,9.21,25788.0,9.18,0.00270667,0.158633,10344.8
920471.BJ,20260422,0,,0.0,12.85,0.0,0.0,5303.06
920475.BJ,20260422,0,,0.0,13.52,0.0,0.0,5619.84
920476.BJ,20260422,400,21.65,8660.0,21.76,0.000496093,0.0238813,8063.0
920478.BJ,20260422,12237,16.76,205092.12,16.86,0.0259039,0.356954,4724.01
920489.BJ,20260422,16642,15.2,252958.4,15.06,0.0191672,0.494379,8682.55
920491.BJ,20260422,2200,26.68,58696.0,26.93,0.0019037,0.0440319,11556.4
920493.BJ,20260422,11833,163.54,1935168.82,162.51,0.0270182,0.318456,4379.65
920496.BJ,20260422,5126,9.36,47979.36,9.41,0.00353521,0.187786,14499.8
920504.BJ,20260422,1000,22.29,22290.0,22.3,0.00585072,0.276004,1709.19
920505.BJ,20260422,8199,42.58,349113.42,42.99,0.0227681,0.560017,3601.09
920508.BJ,20260422,1255,20.5,25727.5,20.37,0.00393344,0.183937,3190.59
920509.BJ,20260422,25681,32.3,829496.3,32.3,0.0305779,0.812757,8398.55
920510.BJ,20260422,700,15.23,10661.0,15.25,0.000745481,0.0310856,9389.91
920519.BJ,20260422,14000,12.31,172340.0,12.32,0.0222242,0.824189,6299.44
920522.BJ,20260422,100797,62.19,6268565.43,61.58,0.0775258,1.56146,13001.7
920523.BJ,20260422,8978,24.48,219781.44,24.49,0.0110785,0.394811,8103.95
920526.BJ,20260422,151313,25.54,3864534.02,26.6,0.288945,3.00054,5236.75
920527.BJ,20260422,1600,17.61,28176.0,17.65,0.00440189,0.230863,3634.8
920533.BJ,20260422,7449,23.81,177360.69,23.98,0.010185,0.270357,7313.71
920541.BJ,20260422,34025,12.59,428374.75,12.34,0.0377809,2.82838,9005.87
920547.BJ,20260422,3600,23.79,85644.0,23.75,0.00954441,0.560833,3771.84
920553.BJ,20260422,1200,9.13,10956.0,9.06,0.00131848,0.0875397,9101.38
920556.BJ,20260422,15451,9.74,150492.74,9.68,0.0131499,0.522785,11749.9
920564.BJ,20260422,19997,27.01,540118.97,27.56,0.0487842,0.461454,4099.07
920566.BJ,20260422,600,10.59,6354.0,10.55,0.000534062,0.0318324,11234.7
920570.BJ,20260422,0,,0.0,29.53,0.0,0.0,2436.48
920571.BJ,20260422,89613,10.68,957066.84,10.63,0.031697,0.399441,28271.8
920575.BJ,20260422,13662,7.65,104514.3,7.65,0.00727326,0.292693,18783.9
920576.BJ,20260422,56761,82.0,4654402.0,85.2,0.0529845,0.852262,10712.8
920578.BJ,20260422,800,19.39,15512.0,19.42,0.00347826,0.0895505,2300.0
920579.BJ,20260422,500,18.7,9350.0,18.62,0.00112172,0.036748,4457.44
920580.BJ,20260422,146723,14.09,2067327.07,13.66,0.267923,7.07733,5476.31
920592.BJ,20260422,2025,32.46,65731.5,32.45,0.00402699,0.124128,5028.57
920593.BJ,20260422,8382,28.32,237378.24,28.29,0.00518655,0.289377,16161.0
920599.BJ,20260422,3223,19.02,61301.46,19.0,0.000919349,0.0658765,35057.4
920608.BJ,20260422,0,,0.0,16.71,0.0,0.0,4821.89
920627.BJ,20260422,4568,20.88,95379.84,20.8,0.00975704,0.227375,4681.75
920634.BJ,20260422,26717,22.3,595789.1,22.18,0.0659228,1.10372,4052.77
920639.BJ,20260422,669,7.9,5285.1,7.9,0.000563351,0.021992,11875.4
920640.BJ,20260422,18065,38.63,697850.95,38.94,0.0100187,0.213999,18031.2
920641.BJ,20260422,7686,18.5,142191.0,18.6,0.0169215,0.307424,4542.16
920642.BJ,20260422,4972,12.62,62746.64,12.55,0.00497414,0.15747,9995.69
920651.BJ,20260422,3600,27.7,99720.0,27.65,0.00868152,0.274472,4146.74
920656.BJ,20260422,300,16.43,4929.0,16.32,0.000926604,0.0311723,3237.63
920662.BJ,20260422,7450,25.88,192806.0,26.01,0.0275864,0.269803,2700.61
920663.BJ,20260422,3500,16.27,56945.0,16.33,0.00546222,0.257274,6407.65
920665.BJ,20260422,800,11.36,9088.0,11.34,0.0012486,0.0435383,6407.17
920670.BJ,20260422,31532,18.28,576404.96,18.37,0.0473215,0.892279,6663.36
920675.BJ,20260422,200,9.92,1984.0,9.89,0.000253107,0.00799311,7901.79
920679.BJ,20260422,400,18.26,7304.0,18.31,0.00107599,0.120742,3717.5
920682.BJ,20260422,13435,8.97,120511.95,9.06,0.00713973,0.237809,18817.2
920685.BJ,20260422,0,,0.0,12.72,0.0,0.0,5490.39
920689.BJ,20260422,2600,28.83,74958.0,28.94,0.00685462,0.186219,3793.06
920690.BJ,20260422,1700,25.85,43945.0,25.86,0.0039444,0.152074,4309.91
920693.BJ,20260422,3808,30.03,114354.24,29.82,0.0104015,0.220077,3661.0
920694.BJ,20260422,600,17.94,10764.0,17.92,0.000960147,0.0732304,6249.04
920699.BJ,20260422,0,,0.0,41.56,0.0,0.0,2087.53
920701.BJ,20260422,0,,0.0,16.09,0.0,0.0,10020.7
920703.BJ,20260422,2100,13.81,29001.0,13.81,0.00275355,0.216415,7626.51
920706.BJ,20260422,52964,25.0,1324100.0,25.42,0.111101,1.8809,4767.19
920717.BJ,20260422,4503,9.18,41337.54,9.18,0.0101694,0.370005,4428.0
920718.BJ,20260422,800,13.23,10584.0,13.22,0.00185571,0.162854,4311.01
920719.BJ,20260422,82506,11.36,937268.16,11.05,0.112723,2.03631,7319.37
920720.BJ,20260422,1100,12.46,13706.0,12.53,0.00148614,0.0563649,7401.72
920725.BJ,20260422,38960,32.99,1285290.4,32.82,0.0925905,0.885561,4207.78
920726.BJ,20260422,9731,19.17,186543.27,19.21,0.0174037,0.184018,5591.35
920729.BJ,20260422,300,8.18,2454.0,8.16,0.000390498,0.0227847,7682.5
920735.BJ,20260422,4815,31.36,150998.4,31.31,0.00464064,0.221034,10375.7
920748.BJ,20260422,783,37.24,29158.92,37.3,0.00219537,0.0785172,3566.6
920751.BJ,20260422,17155,24.13,413950.15,24.03,0.020652,0.925905,8306.71
920753.BJ,20260422,0,,0.0,19.02,0.0,0.0,3238.15
920765.BJ,20260422,4700,14.97,70359.0,14.91,0.00890032,0.378045,5280.71
920768.BJ,20260422,30261,12.18,368578.98,12.18,0.0395598,0.794221,7649.43
920770.BJ,20260422,19627,15.98,313639.46,16.08,0.0239664,0.62441,8189.38
920779.BJ,20260422,8696,36.4,316534.4,36.09,0.0434079,0.453388,2003.32
920781.BJ,20260422,0,,0.0,7.76,0.0,0.0,10211.9
920786.BJ,20260422,55108,8.46,466213.68,8.43,0.0389603,0.696859,14144.6
920790.BJ,20260422,3600,27.4,98640.0,27.29,0.00662313,0.278345,5435.5
920792.BJ,20260422,100,11.62,1162.0,11.67,9.83997e-05,0.0103928,10162.6
920799.BJ,20260422,1900,37.0,70300.0,37.11,0.00158241,0.0472447,12007.0
920802.BJ,20260422,2100,14.7,30870.0,14.66,0.00950287,0.391886,2209.86
920806.BJ,20260422,550,11.86,6523.0,11.82,0.000182884,0.0201888,30073.7
920807.BJ,20260422,34996,12.49,437100.04,12.58,0.0283252,0.94469,12355.1
920808.BJ,20260422,41469,81.0,3358989.0,82.04,0.0213129,0.693297,19457.2
920809.BJ,20260422,175495,7.89,1384655.55,7.96,0.0382253,0.573973,45910.7
920810.BJ,20260422,200,11.62,2324.0,11.67,0.000320474,0.0233517,6240.75
920819.BJ,20260422,17992,3.55,63871.6,3.55,0.00148495,0.264487,121162.0
920821.BJ,20260422,26393,24.6,649267.8,24.46,0.0362275,0.615201,7285.34
920826.BJ,20260422,7907,10.63,84051.41,10.64,0.0126564,0.19016,6247.45
920832.BJ,20260422,0,,0.0,6.88,0.0,0.0,12334.2
920833.BJ,20260422,1100,15.65,17215.0,15.68,0.00176115,0.0631196,6245.92
920834.BJ,20260422,4000,12.48,49920.0,12.44,0.00636979,0.243387,6279.64
920837.BJ,20260422,4303,12.82,55164.46,12.84,0.00314575,0.405838,13678.8
920839.BJ,20260422,3800,35.26,133988.0,34.96,0.0058421,0.328058,6504.51
920855.BJ,20260422,3700,16.21,59977.0,16.28,0.00551935,0.980009,6703.69
920856.BJ,20260422,2500,13.6,34000.0,13.66,0.00471164,0.218093,5306.0
920857.BJ,20260422,0,,0.0,24.39,0.0,0.0,7400.72
920866.BJ,20260422,0,,0.0,7.64,0.0,0.0,11411.2
920870.BJ,20260422,0,,0.0,14.74,0.0,0.0,6600.29
920871.BJ,20260422,5000,13.31,66550.0,13.33,0.0106351,0.686237,4701.41
920873.BJ,20260422,800,8.27,6616.0,8.27,0.000667744,0.0292885,11980.6
920876.BJ,20260422,125,24.64,3080.0,24.68,0.000318486,0.0105999,3924.82
920879.BJ,20260422,42162,21.86,921661.32,21.98,0.0322321,1.33751,13080.7
920885.BJ,20260422,5276,21.08,111218.08,21.12,0.00596137,0.123405,8850.32
920892.BJ,20260422,473,15.05,7118.65,15.04,0.000313551,0.0376258,15085.3
920895.BJ,20260422,5588,17.25,96393.0,17.09,0.0194454,1.0167,2873.69
920896.BJ,20260422,700,18.07,12649.0,18.16,0.00158004,0.0673232,4430.27
920906.BJ,20260422,300,24.38,7314.0,24.38,0.000899396,0.0364053,3335.57
920914.BJ,20260422,1800,25.65,46170.0,25.6,0.0018087,0.0755324,9951.92
920924.BJ,20260422,29222,21.42,625935.24,21.15,0.044701,0.611282,6537.21
920925.BJ,20260422,11893,17.49,208008.57,17.4,0.0215083,0.75725,5529.51
920926.BJ,20260422,4700,15.07,70829.0,15.05,0.00586164,0.631201,8018.24
920931.BJ,20260422,100,12.05,1205.0,12.05,0.000347514,0.0151003,2877.58
920932.BJ,20260422,1000,15.7,15700.0,15.72,0.0011519,0.0550919,8681.31
920942.BJ,20260422,1575,26.38,41548.5,26.21,0.00380297,0.104576,4141.5
920943.BJ,20260422,810,21.45,17374.5,21.34,0.00156347,0.0559925,5180.78
920946.BJ,20260422,0,,0.0,10.2,0.0,0.0,42678.7
920950.BJ,20260422,0,,0.0,16.28,0.0,0.0,3572.01
920953.BJ,20260422,17311,30.41,526427.51,30.85,0.0289067,1.03758,5988.58
920957.BJ,20260422,2327,11.27,26225.29,11.32,0.00544904,0.351046,4270.47
920961.BJ,20260422,155890,24.79,3864513.1,23.96,0.149966,5.07367,10395.0
920964.BJ,20260422,3150,5.98,18837.0,5.98,0.00213274,0.163481,14769.7
920970.BJ,20260422,3750,7.37,27637.5,7.39,0.00535169,0.0520005,7007.13
920971.BJ,20260422,4942,29.08,143713.36,29.0,0.00576644,0.12308,8570.28
920974.BJ,20260422,1405,7.65,10748.25,7.67,0.0010938,0.0661219,12845.2
920976.BJ,20260422,28533,31.0,884523.0,30.75,0.0646719,2.26958,4411.96
920978.BJ,20260422,9083,29.0,263407.0,29.28,0.00899887,0.258054,10093.5
920981.BJ,20260422,2544,32.34,82272.96,32.57,0.00681862,0.105769,3730.96
920982.BJ,20260422,4079,181.88,741888.52,183.51,0.00742918,0.379968,5490.51
920985.BJ,20260422,50783,6.95,352941.85,6.91,0.023155,1.31747,21931.8
920992.BJ,20260422,0,,0.0,15.25,0.0,0.0,4901.73
