ts_code,trade_date,vol,price,amount,pre_close,turnover_rate,volume_ratio,float_share
600000.SH,20260428,207500,9.34,1938050.0,9.36,0.000623014,0.263188,3330580.0
600004.SH,20260428,20700,8.85,183195.0,8.84,0.000874629,0.263635,236672.0
600006.SH,20260428,86100,6.55,563955.0,6.55,0.004305,0.507209,200000.0
600007.SH,20260428,20900,21.62,451858.0,21.45,0.00207489,0.91413,100728.0
600008.SH,20260428,218400,3.01,657384.0,3.01,0.00297524,0.32528,734059.0
600009.SH,20260428,13100,27.11,355141.0,27.14,0.000640186,0.197493,204628.0
600010.SH,20260428,3957510,2.69,10645702.0,2.7,0.0126112,0.498325,3138080.0
600011.SH,20260428,606100,6.95,4212395.0,6.95,0.00551115,0.491263,1099770.0
600012.SH,20260428,34900,15.76,550024.0,15.96,0.00299417,0.746027,116560.0
600015.SH,20260428,199100,7.05,1403655.0,7.07,0.00129393,0.36894,1538720.0
600016.SH,20260428,972800,3.74,3638272.0,3.74,0.00274321,0.539864,3546210.0
600017.SH,20260428,31000,2.97,92070.0,2.97,0.00100792,0.113257,307565.0
600018.SH,20260428,136100,4.87,662807.0,4.87,0.000585459,0.437164,2324670.0
600019.SH,20260428,394000,6.31,2486140.0,6.29,0.00180883,0.4638,2178210.0
600020.SH,20260428,46300,3.73,172699.0,3.73,0.00206018,0.320262,224737.0
600021.SH,20260428,272200,17.38,4730836.0,17.62,0.00964826,0.839877,282124.0
600022.SH,20260428,971100,1.43,1388673.0,1.43,0.00907668,1.00757,1069880.0
600023.SH,20260428,1078300,5.66,6103178.0,5.78,0.00804177,1.51076,1340870.0
600025.SH,20260428,33800,9.58,323804.0,9.58,0.000181417,0.125059,1863110.0
600026.SH,20260428,532100,21.66,11525286.0,21.5,0.013922,0.841579,382200.0
600027.SH,20260428,555400,4.9,2721460.0,4.91,0.00602669,0.432038,921568.0
600028.SH,20260428,1090100,5.34,5821134.0,5.34,0.00115047,0.442389,9475250.0
600029.SH,20260428,322200,5.48,1765656.0,5.51,0.00239075,0.295124,1347700.0
600030.SH,20260428,431975,26.85,11598529.0,26.77,0.0035476,0.331191,1217660.0
600031.SH,20260428,341700,19.55,6680235.0,19.5,0.00403215,0.615681,847439.0
600032.SH,20260428,1000900,10.32,10329288.0,10.87,0.0416231,0.779248,240468.0
600033.SH,20260428,32800,3.59,117752.0,3.59,0.00119516,0.174028,274440.0
600035.SH,20260428,7000,3.76,26320.0,3.76,0.000434751,0.0793244,161012.0
600036.SH,20260428,390400,39.38,15373952.0,39.38,0.00189249,0.614104,2062890.0
600037.SH,20260428,50800,7.58,385064.0,7.58,0.00365001,0.468387,139178.0
600038.SH,20260428,110400,32.6,3599040.0,33.24,0.0165038,2.29693,66893.5
600039.SH,20260428,115500,9.1,1051050.0,9.12,0.00132826,0.387569,869559.0
600048.SH,20260428,1469400,5.86,8610684.0,5.78,0.0122752,1.9759,1197040.0
600050.SH,20260428,312100,4.5,1404450.0,4.5,0.00100709,0.175946,3099040.0
600051.SH,20260428,68100,7.41,504621.0,7.49,0.0219056,0.966079,31088.0
600052.SH,20260428,2087500,4.11,8579625.0,4.35,0.247277,2.9508,84419.5
600053.SH,20260428,175600,11.43,2007108.0,12.7,0.0405037,4.11281,43354.1
600054.SH,20260428,25200,11.92,300384.0,12.0,0.00490941,0.306602,51330.0
600055.SH,20260428,2800,14.74,41272.0,14.73,0.000398258,0.0599527,70306.1
600056.SH,20260428,131200,10.21,1339552.0,10.27,0.00877386,0.61521,149535.0
600057.SH,20260428,132100,6.93,915453.0,6.9,0.00631299,0.346186,209251.0
600058.SH,20260428,15400,10.9,167860.0,10.91,0.00143669,0.133108,107191.0
600059.SH,20260428,36300,8.93,324159.0,8.94,0.00398226,0.391979,91154.2
600060.SH,20260428,57600,24.36,1403136.0,24.47,0.00443019,0.401924,130017.0
600061.SH,20260428,97700,6.52,637004.0,6.52,0.001528,0.231054,639399.0
600062.SH,20260428,40700,17.82,725274.0,17.82,0.00392015,0.575662,103823.0
600063.SH,20260428,162600,7.01,1139826.0,7.05,0.00785846,0.430175,206911.0
600064.SH,20260428,118220,7.94,938667.0,7.97,0.00683218,0.479294,173034.0
600066.SH,20260428,339350,35.5,12046925.0,36.48,0.0153279,1.67011,221394.0
600067.SH,20260428,29200,3.96,115632.0,3.98,0.0020982,0.121073,139167.0
600071.SH,20260428,6000,20.5,123000.0,20.59,0.00213088,0.121856,28157.4
600072.SH,20260428,108500,12.93,1402905.0,13.02,0.0100153,0.163794,108334.0
600073.SH,20260428,4400,5.75,25300.0,5.76,0.000469218,0.0703684,93772.9
600075.SH,20260428,117800,6.71,790438.0,6.79,0.00689778,0.399867,170780.0
600076.SH,20260428,21100,3.33,70263.0,3.35,0.00156931,0.12735,134454.0
600078.SH,20260428,166700,12.9,2150430.0,13.0,0.0251595,0.548999,66257.3
600079.SH,20260428,46800,18.56,868608.0,18.59,0.0030327,0.562141,154318.0
600080.SH,20260428,24600,7.82,192372.0,7.88,0.0065904,0.338671,37327.0
600081.SH,20260428,2000,10.85,21700.0,10.85,0.000361647,0.0757283,55302.6
600082.SH,20260428,387908,3.11,1206394.0,3.15,0.0611519,1.21331,63433.5
600085.SH,20260428,15100,27.3,412230.0,27.32,0.00110101,0.313137,137147.0
600088.SH,20260428,4500,14.0,63000.0,14.04,0.00113149,0.155238,39770.6
600089.SH,20260428,333500,26.45,8821075.0,26.52,0.00660031,0.242754,505279.0
600094.SH,20260428,30600,4.59,140454.0,4.6,0.00143917,0.11166,212623.0
600095.SH,20260428,202500,8.63,1747575.0,8.67,0.00708243,0.701171,285919.0
600096.SH,20260428,963300,35.45,34148985.0,35.19,0.0528417,1.40828,182299.0
600097.SH,20260428,33900,10.91,369849.0,10.96,0.0140701,1.16504,24093.7
600098.SH,20260428,98000,7.12,697760.0,7.14,0.00279532,0.313143,350586.0
600099.SH,20260428,32700,11.27,368529.0,11.45,0.0149233,0.609254,21912.0
600100.SH,20260428,145612,8.5,1237702.0,8.51,0.00434624,0.363455,335030.0
600101.SH,20260428,83000,9.58,795140.0,9.6,0.0151498,0.307213,54786.2
600103.SH,20260428,1853600,4.7,8711920.0,4.75,0.083785,0.363286,221233.0
600104.SH,20260428,86900,13.69,1189661.0,13.7,0.000755963,0.233939,1149530.0
600105.SH,20260428,1078400,48.6,52410240.0,48.52,0.0737622,0.674228,146199.0
600106.SH,20260428,53000,6.12,324360.0,6.12,0.00398789,0.29286,132902.0
600107.SH,20260428,15600,5.76,89856.0,5.76,0.00433333,0.335936,36000.0
600108.SH,20260428,117700,4.24,499048.0,4.23,0.00604546,0.122135,194692.0
600109.SH,20260428,76900,8.74,672106.0,8.76,0.00207537,0.263584,370536.0
600110.SH,20260428,1026500,10.4,10675600.0,10.48,0.0591581,0.464369,173518.0
600111.SH,20260428,320550,46.9,15033795.0,46.83,0.00886706,0.35748,361507.0
600113.SH,20260428,3100,45.06,139686.0,45.03,0.000753467,0.0794644,41143.1
600114.SH,20260428,13500,33.43,451305.0,33.68,0.0021902,0.0731222,61638.3
600115.SH,20260428,298400,4.33,1292072.0,4.36,0.00175272,0.182862,1702500.0
600116.SH,20260428,104000,6.52,678080.0,6.54,0.00543892,0.433315,191214.0
600117.SH,20260428,58400,2.57,150088.0,2.56,0.0017941,0.443436,325512.0
600118.SH,20260428,395000,98.0,38710000.0,99.5,0.0334041,0.411664,118249.0
600120.SH,20260428,316900,5.72,1812668.0,5.76,0.00927861,0.419389,341538.0
600121.SH,20260428,423000,4.11,1738530.0,4.15,0.0347173,0.991301,121841.0
600123.SH,20260428,135200,6.64,897728.0,6.66,0.00917705,0.353529,147324.0
600125.SH,20260428,113400,5.96,675864.0,5.97,0.00868618,0.608464,130552.0
600126.SH,20260428,2785300,9.11,25374083.0,9.43,0.0824739,1.04525,337719.0
600127.SH,20260428,56300,6.81,383403.0,6.84,0.00877243,0.213007,64178.3
600128.SH,20260428,4200,10.63,44646.0,10.64,0.00170201,0.101037,24676.8
600129.SH,20260428,6900,15.63,107847.0,15.63,0.00125132,0.145519,55141.8
600130.SH,20260428,133700,4.74,633738.0,4.77,0.0178267,0.714447,75000.0
600131.SH,20260428,58100,16.93,983633.0,16.92,0.00485824,0.298431,119591.0
600132.SH,20260428,7800,54.62,426036.0,54.73,0.00161167,0.208144,48397.1
600133.SH,20260428,218700,8.7,1902690.0,8.74,0.0205113,0.587861,106624.0
600135.SH,20260428,58000,10.4,603200.0,10.46,0.0104824,0.255435,55330.7
600136.SH,20260428,510300,1.78,908334.0,1.79,0.0262623,1.99817,194309.0
600137.SH,20260428,27900,22.99,641421.0,23.3,0.0286985,0.741467,9721.76
600138.SH,20260428,8900,9.13,81257.0,9.15,0.00122955,0.129729,72384.0
600141.SH,20260428,61000,32.57,1986770.0,32.51,0.00507597,0.1997,120174.0
600143.SH,20260428,125300,16.95,2123835.0,16.95,0.00475553,0.274798,263483.0
600148.SH,20260428,52700,18.99,1000773.0,19.0,0.0372395,1.85018,14151.6
600149.SH,20260428,131100,6.18,810198.0,6.19,0.0344855,0.447057,38016.0
600150.SH,20260428,544500,38.71,21077595.0,38.41,0.00723528,0.362551,752562.0
600151.SH,20260428,352000,14.16,4984320.0,14.16,0.0245424,0.367763,143425.0
600152.SH,20260428,3752800,14.55,54603240.0,14.26,0.709308,3.35298,52907.9
600153.SH,20260428,380600,9.12,3471072.0,9.0,0.0131262,2.76787,289954.0
600155.SH,20260428,156800,6.06,950208.0,6.07,0.00708367,0.743598,221354.0
600156.SH,20260428,435900,9.2,4010280.0,9.23,0.108403,0.53383,40211.1
600157.SH,20260428,4674500,1.73,8086885.0,1.74,0.0214252,0.710934,2181780.0
600158.SH,20260428,691700,10.5,7262850.0,10.67,0.0720887,1.25251,95951.3
600159.SH,20260428,333600,3.14,1047504.0,3.14,0.0401926,1.20869,83000.3
600160.SH,20260428,239500,35.88,8593260.0,35.88,0.0088712,0.621287,269975.0
600161.SH,20260428,41400,14.46,598644.0,14.48,0.00209369,0.599064,197737.0
600162.SH,20260428,114500,1.74,199230.0,1.75,0.0035032,0.435054,326844.0
600163.SH,20260428,137900,6.22,857738.0,6.19,0.00724647,0.198313,190300.0
600165.SH,20260428,14600,3.4,49640.0,3.41,0.00199205,0.224346,73291.4
600166.SH,20260428,1029300,3.63,3736359.0,3.64,0.0130005,0.283958,791740.0
600167.SH,20260428,21400,6.72,143808.0,6.73,0.000945714,0.194635,226284.0
600168.SH,20260428,58500,4.99,291915.0,4.97,0.00588888,0.877186,99339.8
600169.SH,20260428,151400,2.39,361846.0,2.39,0.00454226,1.12843,333314.0
600170.SH,20260428,584200,2.62,1530604.0,2.63,0.00657443,0.516663,888594.0
600171.SH,20260428,294700,29.0,8546300.0,29.37,0.0415701,1.8115,70892.3
600172.SH,20260428,323100,8.28,2675268.0,8.34,0.0253162,0.276578,127626.0
600173.SH,20260428,7000,7.48,52360.0,7.49,0.000999406,0.0338361,70041.6
600176.SH,20260428,1204980,33.62,40511428.0,33.44,0.0301009,0.91288,400314.0
600177.SH,20260428,151970,7.56,1148893.0,7.64,0.00328695,0.700693,462344.0
600178.SH,20260428,143100,10.98,1571238.0,11.36,0.0306768,4.21853,46647.6
600179.SH,20260428,93800,4.27,400526.0,4.26,0.00242862,0.245422,386228.0
600180.SH,20260428,504800,2.9,1463920.0,2.92,0.0464557,2.49087,108663.0
600182.SH,20260428,26700,14.95,399165.0,14.88,0.0157059,1.29387,17000.0
600183.SH,20260428,230000,77.34,17788200.0,76.67,0.00960534,0.351457,239450.0
600184.SH,20260428,341400,22.77,7773678.0,23.03,0.0585866,0.641247,58272.7
600185.SH,20260428,462500,6.03,2788875.0,6.06,0.0245357,1.81417,188501.0
600186.SH,20260428,1612400,9.36,15092064.0,9.34,0.0901216,0.505249,178914.0
600187.SH,20260428,350200,1.76,616352.0,1.76,0.0217006,0.987036,161378.0
600188.SH,20260428,145950,20.76,3029922.0,20.8,0.00244827,0.225636,596135.0
600189.SH,20260428,88000,8.39,738320.0,8.39,0.0123043,0.727942,71519.8
600191.SH,20260428,6200,12.7,78740.0,12.7,0.00127853,0.0595675,48493.2
600192.SH,20260428,10300,8.2,84460.0,8.24,0.00233165,0.190881,44174.8
600195.SH,20260428,45740,7.59001,347167.0,7.58,0.00447927,0.332098,102115.0
600196.SH,20260428,107800,25.5,2748900.0,25.37,0.00508853,0.763315,211849.0
600197.SH,20260428,36600,11.96,437736.0,11.89,0.00773499,0.988344,47317.5
600198.SH,20260428,207800,8.1,1683180.0,8.24,0.0159607,1.13484,130195.0
600199.SH,20260428,93900,7.86,738054.0,7.91,0.0142749,0.910084,65779.7
600201.SH,20260428,40600,13.56,550536.0,13.6,0.00365191,0.215866,111175.0
600202.SH,20260428,86200,6.13,528406.0,6.19,0.0224865,0.79651,38334.1
600203.SH,20260428,271300,12.5,3391250.0,12.64,0.0457513,0.805544,59298.8
600206.SH,20260428,1147400,26.52,30429048.0,26.7,0.135538,1.14691,84655.3
600207.SH,20260428,151600,5.85,886860.0,5.9,0.013917,0.546838,108931.0
600208.SH,20260428,5651000,4.18,23621180.0,4.26,0.06642,1.57735,850798.0
600210.SH,20260428,136200,6.89,938418.0,6.91,0.00897981,0.799098,151674.0
600211.SH,20260428,1900,40.33,76627.0,40.39,0.000589478,0.105695,32231.9
600212.SH,20260428,169500,7.77,1317015.0,7.62,0.0319101,0.990575,53118.0
600215.SH,20260428,29700,6.69,198693.0,6.69,0.00650057,0.26322,45688.3
600216.SH,20260428,90100,14.56,1311856.0,14.56,0.00947036,0.416783,95138.9
600217.SH,20260428,36200,3.66,132492.0,3.68,0.00218381,0.338543,165765.0
600218.SH,20260428,13900,9.51,132189.0,9.59,0.003191,0.212519,43560.0
600219.SH,20260428,9051200,5.53,50053136.0,5.86,0.0788178,4.88558,1148370.0
600221.SH,20260428,1303100,1.42,1850402.0,1.43,0.00304139,0.580673,4284550.0
600222.SH,20260428,8600,7.01,60286.0,7.03,0.00149855,0.0673234,57388.6
600223.SH,20260428,112300,6.71,753533.0,6.79,0.011047,1.91988,101657.0
600226.SH,20260428,334800,5.36,1794528.0,5.41,0.0112561,0.547684,297438.0
600227.SH,20260428,1477900,3.68,5438672.0,3.68,0.115678,0.635317,127760.0
600228.SH,20260428,3400,6.09,20706.0,6.09,0.000817235,0.0476461,41603.7
600229.SH,20260428,102500,6.09,624225.0,6.06,0.0155137,3.49671,66070.8
600230.SH,20260428,6900,18.88,130272.0,18.91,0.00166682,0.0583377,41396.1
600231.SH,20260428,329000,2.22,730380.0,2.2,0.0115993,1.26109,283638.0
600232.SH,20260428,67800,8.43,571554.0,8.54,0.0185897,0.492083,36471.9
600233.SH,20260428,28800,22.22,639936.0,22.16,0.000841439,0.0858106,342271.0
600234.SH,20260428,88700,23.41,2076467.0,23.57,0.0337878,0.52121,26252.1
600235.SH,20260428,32100,6.73,216033.0,6.73,0.00913749,0.40409,35130.0
600236.SH,20260428,41500,9.53,395495.0,9.53,0.000526491,0.163501,788238.0
600237.SH,20260428,72400,9.18,664632.0,9.26,0.0115911,0.320483,62461.6
600238.SH,20260428,569900,5.45,3105955.0,5.23,0.127989,6.84629,44527.2
600239.SH,20260428,90400,1.99,179896.0,2.0,0.00562999,0.412779,160569.0
600241.SH,20260428,16200,9.71,157302.0,9.8,0.00550455,0.15063,29430.2
600243.SH,20260428,133500,3.82,509970.0,3.64,0.0304204,1.40508,43885.0
600246.SH,20260428,3248800,10.66,34632208.0,10.67,0.171857,4.14032,189041.0
600248.SH,20260428,12400,3.36,41664.0,3.36,0.000334616,0.115309,370574.0
600249.SH,20260428,84400,5.95,502180.0,6.0,0.0153455,0.593494,55000.0
600250.SH,20260428,56200,10.93,614266.0,11.07,0.0179672,0.318706,31279.1
600251.SH,20260428,384200,12.12,4656504.0,12.04,0.049447,1.75397,77699.4
600252.SH,20260428,28700,2.45,70315.0,2.45,0.000901336,0.105143,318416.0
600255.SH,20260428,93200,3.66,341112.0,3.66,0.00516016,0.214066,180615.0
600256.SH,20260428,955900,6.22,5945698.0,6.24,0.0149546,0.352413,639200.0
600257.SH,20260428,18400,6.18,113712.0,6.16,0.00382348,0.131318,48123.7
600258.SH,20260428,27200,14.9,405280.0,14.92,0.00243596,0.177809,111660.0
600259.SH,20260428,78900,89.0,7022100.0,87.98,0.0234517,0.466627,33643.6
600261.SH,20260428,177600,3.96,703296.0,4.01,0.0133028,0.264342,133505.0
600262.SH,20260428,17800,22.88,407264.0,22.99,0.0104706,0.191908,17000.0
600265.SH,20260428,8700,22.66,197142.0,21.58,0.00670262,0.667156,12980.0
600266.SH,20260428,34500,4.75,163875.0,4.74,0.00166206,0.100595,207574.0
600267.SH,20260428,534500,11.68,6242960.0,11.65,0.0445877,1.53424,119876.0
600268.SH,20260428,48000,15.01,720480.0,15.03,0.00474857,0.141439,101083.0
600269.SH,20260428,305200,4.34,1324568.0,4.36,0.0130684,2.21665,233541.0
600271.SH,20260428,22900,8.36,191444.0,8.36,0.00123591,0.133657,185288.0
600272.SH,20260428,5600,12.28,68768.0,12.28,0.0035,0.264765,16000.0
600273.SH,20260428,132500,8.35,1106375.0,8.29,0.0101044,0.696553,131131.0
600276.SH,20260428,287700,55.38,15932826.0,55.38,0.00451011,0.490357,637900.0
600278.SH,20260428,91400,7.21,658994.0,7.2,0.0104827,1.69139,87191.6
600279.SH,20260428,14100,4.76,67116.0,4.77,0.001188,0.238102,118687.0
600280.SH,20260428,159100,3.0,477300.0,3.03,0.0141004,0.700593,112833.0
600281.SH,20260428,29200,5.52,161184.0,5.54,0.00567649,0.373224,51440.2
600282.SH,20260428,109000,5.21,567890.0,5.22,0.00176802,0.248777,616509.0
600283.SH,20260428,5200,9.23,47996.0,9.25,0.000955589,0.126942,54416.7
600284.SH,20260428,24800,7.11,176328.0,7.15,0.00255603,0.155973,97025.6
600285.SH,20260428,674600,22.34,15070564.0,21.45,0.119216,10.7743,56586.5
600287.SH,20260428,34400,5.83,200552.0,5.81,0.00787553,0.511862,43679.6
600288.SH,20260428,17900,15.03,269037.0,15.1,0.00409799,0.223157,43680.0
600289.SH,20260428,3233000,5.63,18201790.0,5.92,0.571279,37.4549,56592.3
600292.SH,20260428,40400,16.05,648420.0,15.98,0.00517407,0.260004,78081.7
600293.SH,20260428,49100,3.1,152210.0,3.12,0.00423223,0.185006,116015.0
600295.SH,20260428,17600,15.2,267520.0,15.23,0.000890879,0.198769,197558.0
600298.SH,20260428,99500,39.9,3970050.0,39.42,0.0116082,1.72016,85715.0
600299.SH,20260428,28900,14.17,409513.0,14.18,0.00107759,0.158283,268190.0
600300.SH,20260428,131700,3.48,458316.0,3.5,0.008144,0.46426,161714.0
600301.SH,20260428,38900,51.54,2004906.0,51.93,0.0141282,0.214141,27533.6
600302.SH,20260428,134700,9.48,1276956.0,9.57,0.0389295,1.13911,34601.0
600303.SH,20260428,131400,3.17,416538.0,3.18,0.0194493,0.560298,67560.4
600305.SH,20260428,4000,7.42,29680.0,7.42,0.000362651,0.0660824,110299.0
600307.SH,20260428,97300,1.75,170275.0,1.75,0.00155348,0.138295,626336.0
600308.SH,20260428,36600,3.94,144204.0,3.95,0.00241286,0.0932495,151687.0
600309.SH,20260428,129800,88.5,11487300.0,88.97,0.00414634,0.367278,313047.0
600310.SH,20260428,1068000,5.16,5510880.0,5.27,0.0728657,0.507602,146571.0
600312.SH,20260428,79200,22.0,1742400.0,22.02,0.00583674,0.269183,135692.0
600313.SH,20260428,153600,6.99,1073664.0,7.04,0.0141933,0.367811,108220.0
600315.SH,20260428,275300,21.25,5850125.0,20.65,0.0409535,5.3259,67222.6
600316.SH,20260428,12400,37.51,465124.0,37.75,0.00172915,0.0872585,71711.5
600318.SH,20260428,11300,7.67,86671.0,7.72,0.0022039,0.11597,51272.8
600319.SH,20260428,9800,7.82,76636.0,7.77,0.00252767,0.168467,38770.9
600320.SH,20260428,374720,5.01,1877347.0,4.92,0.01128,0.98074,332200.0
600322.SH,20260428,104600,2.4,251040.0,2.39,0.00946007,0.711583,110570.0
600323.SH,20260428,38900,30.55,1188395.0,30.82,0.00477097,0.373573,81534.7
600325.SH,20260428,224900,3.38,760162.0,3.38,0.00817179,0.652064,275215.0
600326.SH,20260428,301400,9.18,2766852.0,9.27,0.0221217,1.29236,136246.0
600327.SH,20260428,66100,3.83,253163.0,3.83,0.00747079,0.501253,88478.0
600328.SH,20260428,23200,8.6,199520.0,8.64,0.0015822,0.0610834,146631.0
600329.SH,20260428,14300,39.0,557700.0,39.01,0.00252165,0.587875,56708.9
600330.SH,20260428,13981642,27.01,377644150.0,27.42,1.13355,5.07574,123343.0
600331.SH,20260428,289400,18.32,5301808.0,18.41,0.0142421,0.468434,203200.0
600332.SH,20260428,273000,22.64,6180720.0,22.29,0.0194183,3.75017,140589.0
600333.SH,20260428,371300,5.83,2164679.0,5.78,0.0609657,2.31981,60903.1
600335.SH,20260428,18700,5.92,110704.0,5.94,0.00125018,0.178297,149579.0
600336.SH,20260428,22800,7.26,165528.0,7.26,0.00285709,0.227508,79801.5
600337.SH,20260428,803000,2.88,2312640.0,2.89,0.0558804,1.35143,143700.0
600338.SH,20260428,3097600,24.92,77192192.0,24.83,0.338828,2.9514,91421.0
600339.SH,20260428,1047140,4.01,4199031.0,4.06,0.0187554,0.89401,558315.0
600340.SH,20260428,666400,1.22,813008.0,1.24,0.0171163,0.753476,389336.0
600343.SH,20260428,102700,34.45,3538015.0,34.22,0.016092,0.199579,63820.6
600345.SH,20260428,126400,52.16,6593024.0,52.17,0.0597468,0.665145,21155.9
600346.SH,20260428,3286032,20.02,65786361.0,21.1,0.0466826,9.48339,703910.0
600348.SH,20260428,156600,9.77,1529982.0,9.8,0.00434096,0.217784,360750.0
600350.SH,20260428,74100,10.89,806949.0,10.9,0.00153271,1.26531,483457.0
600351.SH,20260428,370900,6.79,2518411.0,6.79,0.0535983,2.03817,69200.0
600352.SH,20260428,644661,13.01,8387040.0,13.03,0.0198154,1.42931,325333.0
600353.SH,20260428,93200,17.88,1666416.0,17.96,0.011245,0.242511,82881.1
600354.SH,20260428,23000,6.03,138690.0,6.04,0.00435769,0.133528,52780.2
600356.SH,20260428,19600,9.54,186984.0,9.56,0.00656108,0.234787,29873.1
600358.SH,20260428,45900,5.92,271728.0,5.89,0.00909025,0.369101,50493.7
600359.SH,20260428,17200,7.12,122464.0,7.12,0.00450837,0.207949,38151.3
600360.SH,20260428,347100,9.84,3415464.0,9.92,0.0361451,1.3644,96029.5
600361.SH,20260428,180800,4.57,826256.0,4.61,0.00484373,0.266782,373266.0
600362.SH,20260428,76600,44.44,3404104.0,44.79,0.00369113,0.234999,207525.0
600363.SH,20260428,9000,53.38,480420.0,53.36,0.00199606,0.138195,45088.8
600365.SH,20260428,36500,3.08,112420.0,3.1,0.00854241,0.733011,42728.0
600366.SH,20260428,108000,13.11,1415880.0,13.14,0.00982675,0.428482,109904.0
600367.SH,20260428,184000,21.6,3974400.0,21.7,0.0571476,0.46752,32197.3
600368.SH,20260428,82000,3.85,315700.0,3.86,0.00509426,0.846509,160965.0
600369.SH,20260428,66600,4.13,275058.0,4.14,0.00100224,0.277111,664511.0
600370.SH,20260428,2010600,2.64,5307984.0,2.66,0.0500369,1.92759,401823.0
600371.SH,20260428,19500,8.58,167310.0,8.66,0.00666489,0.457367,29257.8
600372.SH,20260428,877254,13.15,11535890.0,12.99,0.0181292,2.71185,483890.0
600373.SH,20260428,96800,8.24,797632.0,8.28,0.00718443,1.12499,134736.0
600375.SH,20260428,418300,5.34,2233722.0,5.24,0.0285981,2.50612,146269.0
600376.SH,20260428,62400,4.37,272688.0,4.4,0.00241901,0.151652,257957.0
600377.SH,20260428,32400,11.96,387504.0,12.0,0.000852142,0.350218,380218.0
600378.SH,20260428,62900,35.47,2231063.0,35.8,0.00586444,0.378386,107257.0
600379.SH,20260428,98300,12.51,1229733.0,12.6,0.0297697,0.612163,33020.2
600380.SH,20260428,59200,10.86,642912.0,10.88,0.00323594,0.587874,182945.0
600381.SH,20260428,426800,3.02,1288936.0,3.1,0.0727012,2.98094,58706.1
600382.SH,20260428,45500,8.58,390390.0,8.58,0.00655234,0.181577,69440.8
600383.SH,20260428,239600,2.68,642128.0,2.69,0.00530724,0.583753,451458.0
600386.SH,20260428,30200,4.05,122310.0,4.07,0.00374504,0.322728,80640.0
600388.SH,20260428,118800,18.68,2219184.0,18.68,0.00935399,0.547166,127005.0
600389.SH,20260428,9200,29.54,271768.0,29.52,0.00213631,0.096122,43065.0
600390.SH,20260428,248100,5.14,1275234.0,5.17,0.0055157,1.14232,449807.0
600391.SH,20260428,65200,36.75,2396100.0,36.75,0.0197498,0.343207,33012.9
600392.SH,20260428,198000,24.3,4811400.0,24.28,0.011296,0.248171,175283.0
600395.SH,20260428,107800,5.71,615538.0,5.71,0.00502184,0.316364,214662.0
600396.SH,20260428,6324500,10.13,64067185.0,10.12,0.429447,1.88481,147271.0
600397.SH,20260428,178500,13.23,2361555.0,13.3,0.018031,0.347333,98996.0
600398.SH,20260428,222100,6.41,1423661.0,6.41,0.00462441,0.633698,480277.0
600399.SH,20260428,79400,5.67,450198.0,5.67,0.00402617,0.210005,197210.0
600400.SH,20260428,3366300,2.43,8180109.0,2.43,0.146912,4.50165,229137.0
600403.SH,20260428,23000,5.71,131330.0,5.71,0.000962016,0.114881,239081.0
600405.SH,20260428,112500,5.2,585000.0,5.17,0.018439,1.01717,61011.9
600406.SH,20260428,278000,26.15,7269700.0,26.23,0.00347145,0.357209,800818.0
600408.SH,20260428,303700,3.23,980951.0,3.22,0.0301649,0.626197,100680.0
600409.SH,20260428,71900,7.59,545721.0,7.61,0.00348294,0.12358,206435.0
600410.SH,20260428,6355383,23.42,148843070.0,26.0,0.579609,4.01817,109649.0
600415.SH,20260428,1128200,13.7,15456340.0,13.88,0.0205742,0.690773,548356.0
600416.SH,20260428,25000,12.75,318750.0,12.78,0.00169402,0.103327,147578.0
600418.SH,20260428,819700,49.03,40189891.0,48.94,0.0375319,1.96926,218401.0
600419.SH,20260428,42300,9.4,397620.0,9.45,0.0134068,0.594691,31551.2
600420.SH,20260428,25400,9.58,243332.0,9.59,0.00189386,0.361755,134117.0
600421.SH,20260428,28600,4.29,122694.0,4.52,0.0146217,4.99406,19560.0
600422.SH,20260428,1350458,9.52,12856360.0,9.86,0.178402,18.2744,75697.6
600425.SH,20260428,22000,4.06,89320.0,4.06,0.00137097,0.106546,160470.0
600426.SH,20260428,153400,38.25,5867550.0,37.94,0.00722594,0.561079,212291.0
600428.SH,20260428,50400,8.89,448056.0,8.92,0.00206111,0.182947,244529.0
600429.SH,20260428,520500,6.08,3164640.0,6.05,0.0347566,1.70509,149756.0
600433.SH,20260428,5788275,4.4,25468410.0,4.4,0.330706,4.77652,175028.0
600435.SH,20260428,34628,14.41,498989.0,14.46,0.00228967,0.153163,151236.0
600436.SH,20260428,9500,140.0,1330000.0,140.31,0.00157463,0.336233,60331.7
600438.SH,20260428,94200,17.55,1653210.0,17.62,0.00209241,0.143571,450199.0
600439.SH,20260428,218500,2.54,554990.0,2.54,0.0193024,1.30855,113199.0
600444.SH,20260428,48700,18.38,895106.0,18.15,0.03326,2.0797,14642.2
600446.SH,20260428,72200,13.5,974700.0,13.6,0.00767051,0.201755,94126.8
600448.SH,20260428,73400,3.37,247358.0,3.37,0.0116541,0.257958,62982.0
600449.SH,20260428,10000,12.78,127800.0,12.83,0.00209126,0.20096,47818.1
600452.SH,20260428,48400,11.58,560472.0,11.58,0.00314993,0.144978,153654.0
600455.SH,20260428,18900,25.99,491211.0,25.98,0.0302603,1.3844,6245.8
600456.SH,20260428,220100,34.31,7551631.0,35.05,0.0460675,1.9763,47777.8
600458.SH,20260428,39600,11.77,466092.0,11.77,0.00459297,0.36655,86218.7
600459.SH,20260428,59700,20.72,1236984.0,20.81,0.0078583,0.260959,75970.6
600460.SH,20260428,603200,28.9,17432480.0,28.93,0.0362484,1.55483,166407.0
600461.SH,20260428,7100,10.38,73698.0,10.39,0.000552893,0.0743542,128416.0
600463.SH,20260428,9700,10.3,99910.0,10.33,0.00323333,0.325993,30000.0
600467.SH,20260428,139300,2.35,327355.0,2.36,0.0095346,0.512858,146099.0
600468.SH,20260428,66400,7.75,514600.0,7.78,0.00610443,0.190364,108774.0
600469.SH,20260428,189100,6.45,1219695.0,6.46,0.0259236,1.31368,72945.1
600470.SH,20260428,692500,6.78,4695150.0,6.91,0.132765,1.87744,52160.0
600475.SH,20260428,7300,17.23,125779.0,17.31,0.000774219,0.0717527,94288.6
600477.SH,20260428,74200,2.95,218890.0,2.97,0.00314544,0.194387,235897.0
600478.SH,20260428,81500,7.73,629995.0,7.75,0.00489331,0.165041,166554.0
600479.SH,20260428,5400,10.55,56970.0,10.6,0.0012903,0.100142,41850.7
600480.SH,20260428,533800,10.17,5428746.0,10.37,0.0440104,1.23083,121290.0
600481.SH,20260428,183900,6.23,1145697.0,6.28,0.0089091,0.352843,206418.0
600482.SH,20260428,75000,39.51,2963250.0,39.51,0.00330652,0.137004,226825.0
600483.SH,20260428,44900,9.86,442714.0,9.89,0.00161503,0.142427,278014.0
600486.SH,20260428,51600,70.17,3620772.0,70.92,0.0127726,0.995601,40398.9
600487.SH,20260428,2447200,70.0,171304000.0,71.38,0.100083,1.08182,244518.0
600488.SH,20260428,1071400,5.53,5924842.0,5.62,0.0981237,0.641208,109189.0
600489.SH,20260428,114600,25.58,2931468.0,25.73,0.0023642,0.209981,484731.0
600490.SH,20260428,254000,8.49,2156460.0,8.51,0.012747,0.447629,199262.0
600491.SH,20260428,2801700,1.89,5295213.0,1.85,0.183147,3.4197,152976.0
600493.SH,20260428,89200,7.3,651160.0,7.28,0.0327941,0.859681,27200.0
600495.SH,20260428,26300,4.35,114405.0,4.38,0.00217681,0.178561,120819.0
600496.SH,20260428,170600,3.71,632926.0,3.72,0.00857233,0.223557,199013.0
600497.SH,20260428,813900,8.88,7227432.0,8.99,0.0161476,0.549576,504038.0
600498.SH,20260428,797800,51.15,40807470.0,51.6,0.0627388,0.699611,127162.0
600499.SH,20260428,326300,20.19,6587997.0,20.29,0.0170138,0.803021,191786.0
600500.SH,20260428,60000,4.21,252600.0,4.22,0.0016721,0.217518,358831.0
600501.SH,20260428,42600,23.4,996840.0,23.4,0.00995736,0.541158,42782.4
600502.SH,20260428,288600,5.52,1593072.0,5.46,0.016813,0.559096,171653.0
600503.SH,20260428,620900,2.4,1490160.0,2.43,0.0387508,2.05935,160229.0
600505.SH,20260428,11200,13.14,147168.0,13.25,0.00307213,0.094383,36456.8
600506.SH,20260428,149600,22.06,3300176.0,21.27,0.077909,3.61494,19201.9
600507.SH,20260428,1019900,5.76,5874624.0,6.06,0.0440907,2.11711,231319.0
600508.SH,20260428,86700,13.27,1150509.0,13.42,0.0119964,1.04165,72271.8
600509.SH,20260428,53500,8.03,429605.0,8.05,0.00389261,0.148293,137440.0
600510.SH,20260428,41100,11.23,461553.0,11.12,0.00398246,0.132551,103203.0
600511.SH,20260428,10200,28.51,290802.0,28.56,0.00184333,0.179325,55334.6
600512.SH,20260428,91200,2.44,222528.0,2.45,0.00574523,0.243528,158741.0
600513.SH,20260428,190900,20.15,3846635.0,20.57,0.0668754,1.46961,28545.6
600515.SH,20260428,1579600,3.51,5544396.0,3.48,0.0172144,1.5541,917601.0
600516.SH,20260428,97486,5.4,526424.0,5.4,0.00242143,0.140644,402597.0
600517.SH,20260428,136600,6.26,855116.0,6.26,0.00238877,0.601691,571844.0
600518.SH,20260428,1186200,1.71,2028402.0,1.71,0.00858175,1.14325,1382240.0
600519.SH,20260428,38200,1402.0,53556400.0,1403.2,0.00305046,0.889927,125227.0
600520.SH,20260428,67200,29.3,1968960.0,29.35,0.0424162,0.442463,15843.0
600521.SH,20260428,25700,15.77,405289.0,15.78,0.00171648,0.142957,149725.0
600522.SH,20260428,4104341,35.78,146853321.0,35.78,0.120258,1.34026,341295.0
600523.SH,20260428,10400,13.8,143520.0,13.9,0.00257397,0.3023,40404.5
600525.SH,20260428,56600,5.15,291490.0,5.15,0.00429185,0.515522,131878.0
600526.SH,20260428,35100,5.4,189540.0,5.41,0.00402059,0.210374,87300.7
600527.SH,20260428,2210200,2.74,6055948.0,2.79,0.127627,1.57499,173176.0
600528.SH,20260428,40700,7.75,315425.0,7.75,0.00183205,0.278094,222155.0
600529.SH,20260428,17400,19.11,332514.0,19.1,0.00262201,0.268243,66361.4
600530.SH,20260428,18700,5.13,95931.0,5.11,0.00241315,0.18226,77492.0
600531.SH,20260428,366400,15.72,5759808.0,15.82,0.0302995,0.377732,120926.0
600533.SH,20260428,143500,2.44,350140.0,2.44,0.0136667,0.889863,105000.0
600535.SH,20260428,94200,15.03,1415826.0,14.98,0.00630543,0.630832,149395.0
600536.SH,20260428,23400,37.22,870948.0,37.29,0.00277364,0.196232,84365.6
600538.SH,20260428,76300,7.15,545545.0,7.12,0.0145556,0.312099,52419.8
600539.SH,20260428,334300,17.03,5693129.0,17.49,0.145348,1.82628,23000.0
600540.SH,20260428,288700,4.97,1434839.0,5.02,0.049658,1.62932,58137.7
600543.SH,20260428,467600,4.9,2291240.0,4.94,0.145615,3.88945,32112.0
600545.SH,20260428,1807300,4.81,8693113.0,4.95,0.101084,1.29775,178791.0
600546.SH,20260428,81400,12.85,1045990.0,12.89,0.00410602,0.250309,198246.0
600547.SH,20260428,160200,35.34,5661468.0,35.64,0.00443222,0.321411,361444.0
600548.SH,20260428,7800,8.96,69888.0,8.95,0.000454963,0.230781,171443.0
600549.SH,20260428,443513,57.0,25280241.0,56.79,0.0285413,0.597412,155393.0
600550.SH,20260428,117800,15.01,1768178.0,15.19,0.00639686,0.198387,184153.0
600551.SH,20260428,12200,8.15,99430.0,8.17,0.00179926,0.332397,67805.5
600552.SH,20260428,1104800,15.8,17455840.0,16.1,0.116959,1.39538,94460.7
600556.SH,20260428,46100,6.06,279366.0,6.1,0.00255013,0.121109,180775.0
600557.SH,20260428,16900,14.08,237952.0,14.2,0.00298503,0.255275,56615.9
600558.SH,20260428,540798,5.5,2974389.0,5.35,0.060249,3.94316,89760.5
600559.SH,20260428,32900,13.62,448098.0,13.63,0.00361733,0.193534,90950.9
600560.SH,20260428,12700,14.45,183515.0,14.57,0.00567863,0.555347,22364.6
600561.SH,20260428,62300,6.95,432985.0,6.94,0.0218999,1.02241,28447.7
600562.SH,20260428,35400,28.33,1002882.0,28.45,0.00285057,0.223194,124186.0
600563.SH,20260428,28800,117.2,3375360.0,118.4,0.0128,0.445,22500.0
600566.SH,20260428,16100,26.52,426972.0,26.68,0.00175276,0.247422,91855.2
600567.SH,20260428,118200,1.44,170208.0,1.43,0.00187397,0.16057,630745.0
600568.SH,20260428,39300,2.73,107289.0,2.74,0.00235461,0.355133,166907.0
600569.SH,20260428,78200,2.12,165784.0,2.12,0.00272244,0.367491,287242.0
600570.SH,20260428,103300,26.34,2720922.0,26.5,0.00545508,0.47845,189365.0
600571.SH,20260428,32700,13.1,428370.0,13.21,0.00714361,0.424259,45775.2
600572.SH,20260428,358700,4.41,1581867.0,4.43,0.0141765,0.427226,253025.0
600573.SH,20260428,134400,13.17,1770048.0,13.28,0.05376,1.01442,25000.0
600575.SH,20260428,3319000,3.65,12114350.0,3.76,0.0854034,4.74231,388626.0
600576.SH,20260428,45600,5.75,262200.0,5.79,0.00690501,0.401429,66039.0
600577.SH,20260428,83300,12.57,1047081.0,12.6,0.00387245,0.185774,215109.0
600578.SH,20260428,297659,4.98,1482342.0,5.01,0.00444624,0.564493,669462.0
600579.SH,20260428,90200,7.93,715286.0,8.03,0.0182739,1.91291,49360.1
600580.SH,20260428,79000,37.92,2995680.0,37.92,0.0050718,0.289532,155763.0
600581.SH,20260428,181200,2.89,523668.0,2.88,0.0118207,0.640881,153290.0
600582.SH,20260428,30500,5.7,173850.0,5.7,0.000736966,0.160101,413859.0
600583.SH,20260428,112200,6.75,757350.0,6.75,0.00253768,0.223003,442135.0
600584.SH,20260428,608200,46.1,28038020.0,46.32,0.0339888,0.840406,178941.0
600585.SH,20260428,142500,21.19,3019575.0,21.18,0.00356276,0.482635,399970.0
600586.SH,20260428,296600,5.61,1663926.0,5.64,0.0209266,0.690282,141734.0
600587.SH,20260428,33200,13.55,449860.0,13.59,0.00547273,0.541632,60664.5
600588.SH,20260428,67200,11.95,803040.0,12.04,0.00196664,0.152431,341700.0
600589.SH,20260428,413000,10.11,4175430.0,10.02,0.0279343,0.278879,147847.0
600590.SH,20260428,285800,16.11,4604238.0,16.38,0.0338798,0.362419,84357.0
600592.SH,20260428,17500,19.17,335475.0,19.16,0.00437989,0.247826,39955.4
600593.SH,20260428,14500,33.72,488940.0,34.1,0.0112578,0.391025,12880.0
600594.SH,20260428,170600,4.2,716520.0,4.24,0.0215424,0.172486,79192.7
600595.SH,20260428,150200,8.12,1219624.0,8.16,0.00374759,0.183171,400790.0
600596.SH,20260428,63000,12.5,787500.0,12.51,0.00466806,0.2754,134960.0
600597.SH,20260428,35300,7.36,259808.0,7.38,0.00256084,0.742724,137846.0
600598.SH,20260428,81500,15.8,1287700.0,15.85,0.00458463,0.372533,177768.0
600599.SH,20260428,92500,4.16,384800.0,4.38,0.0557229,2.01872,16600.0
600600.SH,20260428,101000,62.42,6304420.0,61.9,0.0142429,2.84337,70912.6
600601.SH,20260428,2670275,12.2,32577355.0,11.95,0.0640309,1.2609,417029.0
600602.SH,20260428,157300,22.3,3507790.0,22.59,0.0146421,0.241094,107430.0
600603.SH,20260428,72900,6.02,438858.0,6.1,0.00610896,0.329094,119333.0
600604.SH,20260428,52400,4.89,256236.0,4.9,0.00372303,0.366398,140745.0
600605.SH,20260428,104400,32.37,3379428.0,32.88,0.0506102,1.21439,20628.2
600606.SH,20260428,1405700,1.3,1827410.0,1.32,0.010002,1.27488,1405420.0
600608.SH,20260428,271700,1.97,535249.0,2.07,0.0853406,6.35033,31837.1
600609.SH,20260428,34200,4.0,136800.0,4.01,0.00262158,0.253777,130456.0
600610.SH,20260428,50400,9.19,463176.0,9.28,0.00711134,0.24508,70872.7
600611.SH,20260428,13000,4.68,60840.0,4.7,0.000831566,0.0665005,156332.0
600612.SH,20260428,5900,39.38,232342.0,39.3,0.00186056,0.450654,31711.0
600613.SH,20260428,31800,5.76,183168.0,5.79,0.0066344,0.30563,47932.0
600615.SH,20260428,16800,11.7,196560.0,11.64,0.00745785,0.571078,22526.6
600616.SH,20260428,38400,4.95,190080.0,4.98,0.00573987,0.54855,66900.5
600617.SH,20260428,94500,3.37,318465.0,3.38,0.00532232,0.195887,177554.0
600618.SH,20260428,43600,12.76,556336.0,12.87,0.00581457,0.292194,74984.0
600619.SH,20260428,52700,17.2,906440.0,17.2,0.00667786,0.237522,78917.5
600620.SH,20260428,42100,6.01,253021.0,6.08,0.00613097,0.786055,68667.7
600621.SH,20260428,132600,13.9,1843140.0,13.92,0.0124988,1.47111,106090.0
600622.SH,20260428,68100,2.54,172974.0,2.56,0.00454095,0.490164,149969.0
600623.SH,20260428,546000,10.1,5514600.0,9.83,0.0291039,2.97436,187603.0
600624.SH,20260428,56500,4.26,240690.0,4.35,0.00831681,0.996689,67934.7
600626.SH,20260428,22200,3.9,86580.0,3.91,0.00200365,0.219485,110798.0
600628.SH,20260428,13600,7.06,96016.0,7.09,0.00210241,0.14513,64687.5
600629.SH,20260428,121800,20.28,2470104.0,20.36,0.0127791,0.58007,95311.7
600630.SH,20260428,51600,8.1,417960.0,8.16,0.0121451,0.756818,42486.2
600633.SH,20260428,2170400,13.08,28388832.0,13.58,0.171157,2.50707,126807.0
600635.SH,20260428,108900,5.34,581526.0,5.36,0.00450225,0.241035,241879.0
600636.SH,20260428,683100,4.75,3244725.0,5.0,0.155732,3.59375,43863.7
600637.SH,20260428,7706100,11.0,84767100.0,10.86,0.229219,18.1347,336190.0
600638.SH,20260428,25800,6.13,158154.0,6.19,0.00383132,0.111282,67339.7
600639.SH,20260428,37400,11.14,416636.0,11.08,0.00439878,0.432103,85023.7
600640.SH,20260428,19800,12.82,253836.0,12.82,0.00248839,0.222448,79569.6
600641.SH,20260428,455700,26.4,12030480.0,26.52,0.0489668,0.694265,93063.0
600642.SH,20260428,110200,8.96,987392.0,8.95,0.00225182,0.403773,489381.0
600643.SH,20260428,304900,4.75,1448275.0,4.75,0.0191719,1.16125,159035.0
600644.SH,20260428,105900,11.58,1226322.0,11.74,0.0183116,0.20277,57832.1
600645.SH,20260428,95400,26.55,2532870.0,26.53,0.0203946,0.98301,46777.0
600648.SH,20260428,10700,10.46,111922.0,10.51,0.000940436,0.401336,113777.0
600649.SH,20260428,55900,4.15,231985.0,4.16,0.00223198,0.246743,250450.0
600650.SH,20260428,5200,12.43,64636.0,12.51,0.00133142,0.144839,39056.0
600651.SH,20260428,16100,6.65,107065.0,6.67,0.000642195,0.0788042,250703.0
600653.SH,20260428,176600,1.79,316114.0,1.79,0.00907325,1.04,194638.0
600654.SH,20260428,371000,3.73,1383830.0,3.78,0.0160091,0.19222,231743.0
600655.SH,20260428,60600,4.9,296940.0,4.92,0.0015579,0.455713,388985.0
600657.SH,20260428,54100,2.93,158513.0,2.93,0.001897,0.275855,285188.0
600658.SH,20260428,37500,4.93,184875.0,4.96,0.00335245,0.215557,111859.0
600660.SH,20260428,41500,59.46,2467590.0,59.45,0.00207191,0.272127,200299.0
600661.SH,20260428,16800,9.99,167832.0,10.02,0.00586287,0.242407,28654.9
600662.SH,20260428,37200,5.03,187116.0,5.04,0.00163411,0.261278,227647.0
600663.SH,20260428,37800,7.82,295596.0,7.85,0.00119784,0.429169,315568.0
600664.SH,20260428,357400,3.66,1308084.0,3.67,0.0141909,0.198578,251851.0
600665.SH,20260428,186000,3.45,641700.0,3.44,0.0215247,1.53274,86412.2
600666.SH,20260428,1581800,5.93,9380074.0,5.81,0.063215,0.361488,250225.0
600667.SH,20260428,360800,9.84,3550272.0,9.88,0.0172504,0.319357,209154.0
600668.SH,20260428,40900,10.85,443765.0,10.86,0.00990553,0.30331,41290.1
600671.SH,20260428,13400,19.38,259692.0,19.27,0.0110088,0.691869,12172.1
600673.SH,20260428,405500,32.11,13020605.0,32.48,0.0135097,0.513045,300156.0
600674.SH,20260428,90100,15.07,1357807.0,15.06,0.00184835,0.307758,487461.0
600675.SH,20260428,1296000,2.58,3343680.0,2.61,0.0214352,6.39353,604614.0
600676.SH,20260428,30100,8.16,245616.0,8.15,0.00292661,0.285066,102849.0
600678.SH,20260428,267400,10.96,2930704.0,11.18,0.0766211,0.492334,34899.0
600679.SH,20260428,7400,11.28,83472.0,11.38,0.00215308,0.2309,34369.4
600681.SH,20260428,39000,4.0,156000.0,4.0,0.00291086,0.219926,133981.0
600682.SH,20260428,12400,6.79,84196.0,6.8,0.00106524,0.104588,116406.0
600683.SH,20260428,280000,13.68,3830400.0,13.56,0.0377981,0.690914,74077.8
600684.SH,20260428,12300,4.59,56457.0,4.6,0.00144119,0.0880181,85346.1
600685.SH,20260428,65300,30.58,1996874.0,30.73,0.0079495,0.256395,82143.5
600686.SH,20260428,69800,17.54,1224292.0,17.5,0.00973436,0.339026,71704.7
600688.SH,20260428,79000,2.76,218040.0,2.77,0.00107794,0.211203,732881.0
600689.SH,20260428,6900,13.49,93081.0,13.54,0.00453338,0.288611,15220.4
600690.SH,20260428,884900,20.41,18060809.0,20.52,0.0141515,1.64932,625303.0
600691.SH,20260428,436300,3.23,1409249.0,3.25,0.018366,0.476914,237559.0
600692.SH,20260428,18100,7.37,133397.0,7.42,0.00709775,0.239718,25501.1
600693.SH,20260428,1802300,11.54,20798542.0,11.53,0.207411,2.43302,86895.3
600694.SH,20260428,60000,18.12,1087200.0,18.25,0.0174237,1.05484,34435.8
600696.SH,20260428,1182400,1.38,1631712.0,1.45,0.353515,14.3652,33446.9
600697.SH,20260428,76500,12.09,924885.0,12.06,0.0492354,2.3568,15537.6
600698.SH,20260428,55100,7.26,400026.0,7.32,0.00663494,0.472011,83045.2
600699.SH,20260428,292000,28.8,8409600.0,28.59,0.021549,0.315594,135505.0
600702.SH,20260428,9100,44.82,407862.0,44.82,0.00273586,0.157894,33261.9
600703.SH,20260428,2103200,14.52,30538464.0,14.73,0.0421566,0.62475,498902.0
600704.SH,20260428,978600,5.19,5078934.0,5.24,0.0189241,2.4688,517118.0
600706.SH,20260428,14200,9.4,133480.0,9.5,0.00558989,0.197057,25403.0
600707.SH,20260428,3449966,8.91,30739197.0,8.88,0.0961618,1.75844,358767.0
600708.SH,20260428,122200,3.38,413036.0,3.39,0.00549145,0.430306,222528.0
600710.SH,20260428,34200,12.31,421002.0,12.37,0.00261718,0.162048,130675.0
600711.SH,20260428,505700,13.71,6933147.0,13.88,0.0163625,0.446423,309061.0
600712.SH,20260428,14100,5.93,83613.0,5.93,0.00261766,0.224257,53864.8
600713.SH,20260428,105500,5.42,571810.0,5.43,0.00817954,0.34346,128980.0
600714.SH,20260428,28800,18.28,526464.0,18.31,0.00999388,0.184929,28817.6
600715.SH,20260428,354800,2.04,723792.0,2.05,0.0123953,0.329593,286237.0
600716.SH,20260428,95100,4.29,407979.0,4.28,0.0101596,0.892978,93606.1
600717.SH,20260428,83900,4.47,375033.0,4.47,0.0028991,0.491784,289400.0
600718.SH,20260428,18500,9.07,167795.0,9.11,0.00154626,0.131523,119644.0
600719.SH,20260428,105000,7.45,782250.0,7.47,0.0259516,0.511818,40460.0
600720.SH,20260428,15300,6.71,102663.0,6.71,0.00151628,0.265124,100905.0
600721.SH,20260428,175400,8.34,1462836.0,8.49,0.045612,1.38819,38454.8
600722.SH,20260428,511500,12.88,6588120.0,13.1,0.0751852,0.658708,68032.0
600724.SH,20260428,9200,7.04,64768.0,7.04,0.000636703,0.0839509,144494.0
600725.SH,20260428,19300,4.01,77393.0,4.02,0.00156596,0.111021,123247.0
600726.SH,20260428,11538600,6.33,73039338.0,6.38,0.154356,2.77183,747534.0
600727.SH,20260428,83900,7.92,664488.0,7.97,0.0158726,0.260532,52858.3
600728.SH,20260428,170100,5.64,959364.0,5.64,0.00797618,0.517483,213260.0
600729.SH,20260428,2600,21.81,56706.0,21.91,0.00135077,0.109728,19248.3
600731.SH,20260428,64000,6.87,439680.0,6.88,0.011815,0.546598,54168.3
600732.SH,20260428,917800,14.45,13262210.0,14.88,0.043716,2.7972,209946.0
600733.SH,20260428,898100,7.38,6627978.0,7.41,0.0183596,1.16924,489171.0
600734.SH,20260428,3419500,2.35,8035825.0,2.34,0.157012,1.33219,217785.0
600735.SH,20260428,99700,7.42,739774.0,7.07,0.0234339,16.7312,42545.2
600736.SH,20260428,6593394,7.25,47802107.0,7.65,0.572695,4.77399,115129.0
600737.SH,20260428,104000,14.8,1539200.0,14.76,0.00486243,0.514587,213885.0
600738.SH,20260428,43400,4.74,205716.0,4.78,0.00570553,0.418158,76066.6
600739.SH,20260428,99500,11.64,1158180.0,11.47,0.0065045,0.995056,152971.0
600740.SH,20260428,91400,4.19,382966.0,4.21,0.00356736,0.195732,256212.0
600741.SH,20260428,55700,19.84,1105088.0,19.88,0.00176673,0.373954,315272.0
600742.SH,20260428,27400,9.4,257560.0,9.42,0.00368747,0.203889,74305.8
600743.SH,20260428,1400800,2.35,3291880.0,2.33,0.0597076,0.897197,234610.0
600744.SH,20260428,431000,7.8,3361800.0,7.88,0.0212198,0.23465,203112.0
600745.SH,20260428,148800,28.36,4219968.0,28.66,0.0119551,0.321322,124465.0
600746.SH,20260428,36900,8.76,323244.0,8.8,0.00315967,0.189352,116784.0
600748.SH,20260428,16600,5.45,90470.0,5.4,0.000899942,0.0848245,184456.0
600749.SH,20260428,86200,17.32,1492984.0,17.63,0.0379793,0.274025,22696.6
600750.SH,20260428,121387,24.54,2978837.0,24.92,0.0193081,1.84452,62868.5
600751.SH,20260428,74800,3.68,275264.0,3.68,0.0029069,0.227095,257319.0
600753.SH,20260428,19500,12.67,247065.0,12.89,0.00846695,0.622352,23030.7
600754.SH,20260428,18700,25.18,470866.0,25.31,0.00206392,0.152846,90604.4
600755.SH,20260428,14800,6.05,89540.0,6.06,0.000694132,0.0873536,213216.0
600756.SH,20260428,17500,16.23,284025.0,16.33,0.00539959,0.179367,32409.9
600757.SH,20260428,15300,8.64,132192.0,8.64,0.00126082,0.226379,121350.0
600758.SH,20260428,583400,4.05,2362770.0,4.09,0.0441721,0.605873,132074.0
600760.SH,20260428,53300,48.23,2570659.0,48.56,0.00188369,0.303524,282955.0
600761.SH,20260428,69200,17.71,1225532.0,17.78,0.00776923,0.480559,89069.3
600763.SH,20260428,27980,42.7,1194746.0,42.68,0.00625546,0.269962,44728.9
600764.SH,20260428,9900,23.79,235521.0,23.8,0.00139313,0.162656,71062.9
600765.SH,20260428,64100,15.87,1017267.0,15.97,0.00412884,0.330807,155249.0
600768.SH,20260428,414600,17.69,7334274.0,17.4,0.309988,4.78345,13374.7
600769.SH,20260428,27900,15.16,422964.0,15.22,0.00744045,0.233269,37497.7
600770.SH,20260428,17936137,6.71,120351479.0,6.96,1.3797,19.5067,130000.0
600771.SH,20260428,9500,16.82,159790.0,16.81,0.00194079,0.108564,48949.1
600773.SH,20260428,141900,26.09,3702171.0,26.08,0.0149119,0.34406,95158.7
600774.SH,20260428,56400,8.63,486732.0,8.75,0.0191264,1.7874,29488.0
600775.SH,20260428,45400,12.45,565230.0,12.53,0.00675758,0.149681,67183.9
600776.SH,20260428,272100,16.89,4595769.0,16.74,0.0284623,0.595566,95600.0
600777.SH,20260428,155800,5.57,867806.0,5.57,0.00244732,0.276979,636615.0
600778.SH,20260428,39700,6.43,255271.0,6.44,0.0127565,0.534145,31121.5
600779.SH,20260428,13200,32.17,424644.0,32.35,0.00270767,0.391154,48750.3
600780.SH,20260428,62500,6.9,431250.0,6.92,0.00545136,0.138835,114650.0
600782.SH,20260428,138500,3.13,433505.0,3.13,0.0044029,0.184979,314565.0
600783.SH,20260428,513600,21.6,11093760.0,22.06,0.0689989,1.51677,74435.9
600784.SH,20260428,50800,7.75,393700.0,7.74,0.00751866,0.389588,67565.2
600785.SH,20260428,25200,16.83,424116.0,16.97,0.0111687,0.389058,22563.1
600787.SH,20260428,50400,5.3,267120.0,5.3,0.0023225,0.295291,217008.0
600789.SH,20260428,12200,8.08,98576.0,8.08,0.00135756,0.160241,89867.0
600790.SH,20260428,19500,3.93,76635.0,3.95,0.00133034,0.161166,146579.0
600791.SH,20260428,68800,13.17,906096.0,13.19,0.0152107,0.221458,45231.4
600792.SH,20260428,81800,4.3,351740.0,4.33,0.00736988,0.250177,110992.0
600793.SH,20260428,6300,17.82,112266.0,17.94,0.00356125,0.220455,17690.4
600794.SH,20260428,150100,3.57,535857.0,3.6,0.0125067,1.26865,120015.0
600795.SH,20260428,988900,4.87,4815943.0,4.89,0.00554452,0.64826,1783560.0
600796.SH,20260428,24200,6.2,150040.0,6.26,0.00776941,0.273892,31147.8
600797.SH,20260428,57000,8.86,505020.0,8.92,0.0055473,0.167457,102753.0
600798.SH,20260428,135900,3.6,489240.0,3.59,0.0112637,0.8774,120653.0
600800.SH,20260428,142800,4.55,649740.0,4.59,0.012868,0.324145,110973.0
600801.SH,20260428,6100,22.6,137860.0,22.58,0.000454648,0.0769575,134170.0
600802.SH,20260428,73600,5.54,407744.0,5.56,0.0160612,1.0483,45824.8
600803.SH,20260428,10400,21.03,218712.0,21.08,0.000338572,0.110507,307173.0
600805.SH,20260428,73000,5.26,383980.0,5.28,0.00858545,0.556125,85027.5
600807.SH,20260428,97700,2.94,287238.0,2.95,0.0124139,0.702186,78701.8
600808.SH,20260428,250100,3.87,967887.0,3.9,0.00419086,0.408697,596775.0
600809.SH,20260428,19300,138.31,2669383.0,138.31,0.00158201,0.233001,121996.0
600810.SH,20260428,9361096,6.98,65340450.0,7.46,0.866164,67.2432,108075.0
600812.SH,20260428,36500,5.22,190530.0,5.22,0.00212737,0.277055,171573.0
600814.SH,20260428,17700,7.76,137352.0,7.79,0.00240791,0.243528,73507.9
600815.SH,20260428,6756800,4.33,29256944.0,4.27,0.380859,3.02768,177409.0
600816.SH,20260428,352600,2.62,923812.0,2.64,0.00644709,0.365808,546914.0
600817.SH,20260428,49500,12.65,626175.0,12.58,0.00935296,0.910457,52924.4
600819.SH,20260428,52700,7.13,375751.0,7.19,0.00705096,0.956864,74741.6
600820.SH,20260428,27700,5.93,164261.0,5.93,0.000881016,0.156332,314410.0
600821.SH,20260428,715100,8.45,6042595.0,8.57,0.0363488,0.238792,196732.0
600822.SH,20260428,4100,9.86,40426.0,9.92,0.00103497,0.110832,39614.8
600824.SH,20260428,338800,4.04,1368752.0,3.99,0.0321434,4.2496,105403.0
600825.SH,20260428,13800,5.8,80040.0,5.83,0.00132072,0.167925,104489.0
600826.SH,20260428,637400,10.18,6488732.0,10.33,0.0866582,4.7736,73553.4
600827.SH,20260428,59300,8.13,482109.0,8.12,0.00369597,0.561161,160445.0
600828.SH,20260428,223900,5.13,1148607.0,5.15,0.012932,1.17845,173136.0
600829.SH,20260428,60800,9.75,592800.0,9.71,0.0104848,0.859073,57988.9
600830.SH,20260428,821500,9.54,7837110.0,9.54,0.180819,10.9126,45432.3
600831.SH,20260428,46300,3.69,170847.0,3.67,0.00651244,0.355001,71094.7
600833.SH,20260428,27100,11.68,316528.0,11.56,0.0121478,1.11294,22308.6
600834.SH,20260428,41200,8.19,337428.0,8.23,0.00863041,1.78965,47738.2
600835.SH,20260428,7900,23.48,185492.0,23.52,0.000979536,0.0651035,80650.4
600838.SH,20260428,64700,9.75,630825.0,9.88,0.0161394,0.593053,40088.2
600839.SH,20260428,418000,8.84,3695120.0,8.88,0.0090575,0.334751,461496.0
600841.SH,20260428,242300,9.09,2202507.0,9.27,0.0232305,0.972413,104302.0
600843.SH,20260428,134500,8.5,1143250.0,8.51,0.0286644,0.920852,46922.3
600844.SH,20260428,254300,3.5,890050.0,3.53,0.0309093,0.423459,82273.1
600845.SH,20260428,40300,22.55,908765.0,22.62,0.00188842,0.176244,213405.0
600846.SH,20260428,44600,13.17,587382.0,13.16,0.00713872,0.846702,62476.2
600847.SH,20260428,13300,14.37,191121.0,14.46,0.00867651,0.405329,15328.7
600848.SH,20260428,9600,9.03,86688.0,9.03,0.000401017,0.0918602,239391.0
600850.SH,20260428,65950,20.15,1328893.0,20.26,0.0096957,0.679671,68019.9
600851.SH,20260428,16000,8.38,134080.0,8.42,0.00216742,0.155642,73820.6
600853.SH,20260428,38400,3.96,152064.0,3.96,0.00378812,0.266312,101370.0
600854.SH,20260428,92700,5.28,489456.0,5.29,0.0178455,1.10459,51945.9
600855.SH,20260428,76800,18.88,1449984.0,18.85,0.0164229,0.296815,46764.0
600857.SH,20260428,8600,12.37,106382.0,12.38,0.00383381,0.297908,22432.0
600858.SH,20260428,107800,5.66,610148.0,5.68,0.020829,1.33925,51754.8
600859.SH,20260428,36700,12.38,454346.0,12.43,0.00326562,0.251198,112383.0
600860.SH,20260428,156000,10.78,1681680.0,10.95,0.0351319,1.47238,44404.1
600861.SH,20260428,71500,15.69,1121835.0,15.73,0.0195049,1.97972,36657.5
600862.SH,20260428,98400,20.09,1976856.0,20.22,0.00706364,0.486907,139305.0
600863.SH,20260428,361200,4.54,1639848.0,4.56,0.00553403,0.392984,652689.0
600864.SH,20260428,1923500,6.22,11964170.0,6.37,0.0924506,1.56869,208057.0
600865.SH,20260428,188800,11.49,2169312.0,11.64,0.0501807,1.55833,37624.0
600866.SH,20260428,317000,6.29,1993930.0,6.34,0.0252435,1.01727,125577.0
600867.SH,20260428,469100,10.08,4728528.0,9.98,0.0239515,0.780141,195854.0
600868.SH,20260428,145700,3.35,488095.0,3.37,0.0076759,0.192281,189815.0
600869.SH,20260428,703200,17.25,12130200.0,17.24,0.0316849,0.54273,221935.0
600871.SH,20260428,208200,2.68,557976.0,2.68,0.00153687,0.153325,1354700.0
600872.SH,20260428,103600,20.92,2167312.0,20.93,0.0134373,0.277934,77098.8
600873.SH,20260428,100800,10.2,1028160.0,10.27,0.00359455,0.116232,280424.0
600874.SH,20260428,44300,6.16,272888.0,6.18,0.0036004,0.35082,123042.0
600875.SH,20260428,306653,39.98,12259987.0,40.35,0.0135485,0.335286,226337.0
600876.SH,20260428,3400,9.71,33014.0,9.81,0.000859291,0.0693064,39567.5
600877.SH,20260428,64700,17.01,1100547.0,17.16,0.00546425,0.342517,118406.0
600879.SH,20260428,593600,23.4,13890240.0,23.39,0.0179917,0.300438,329930.0
600880.SH,20260428,117100,5.13,600723.0,5.17,0.0107133,0.264202,109303.0
600881.SH,20260428,1131400,1.45,1640530.0,1.48,0.0350046,1.80564,323215.0
600882.SH,20260428,28800,20.2,581760.0,20.38,0.00564646,0.358673,51005.4
600883.SH,20260428,33600,8.26,277536.0,8.23,0.014232,0.790733,23608.8
600884.SH,20260428,696100,15.94,11095834.0,15.94,0.0379323,0.506412,183511.0
600885.SH,20260428,104800,28.53,2989944.0,28.92,0.0067718,0.520451,154759.0
600886.SH,20260428,36700,13.36,490312.0,13.4,0.000492341,0.147961,745418.0
600887.SH,20260428,55200,25.21,1391592.0,25.25,0.000877036,0.138329,629393.0
600888.SH,20260428,35800,8.62,308596.0,8.66,0.00230509,0.0960949,155309.0
600889.SH,20260428,37900,15.21,576459.0,15.37,0.0103454,0.476071,36634.6
600892.SH,20260428,66500,3.62,240730.0,3.61,0.0118894,1.26999,55932.0
600893.SH,20260428,132025,47.7,6297593.0,48.33,0.0049538,0.341083,266512.0
600894.SH,20260428,103300,10.08,1041264.0,9.98,0.0122518,1.49274,84314.4
600895.SH,20260428,176200,36.0,6343200.0,35.87,0.0113774,0.699528,154869.0
600897.SH,20260428,1600,15.98,25568.0,15.95,0.000383754,0.0867639,41693.4
600900.SH,20260428,435800,26.68,11627144.0,26.66,0.00178109,0.602098,2446820.0
600901.SH,20260428,30700,6.81,209067.0,6.84,0.000530183,0.0694795,579045.0
600903.SH,20260428,103600,6.39,662004.0,6.37,0.00900862,1.2273,115001.0
600905.SH,20260428,2097300,4.1,8598930.0,4.1,0.00733638,1.44558,2858760.0
600906.SH,20260428,51100,6.01,307111.0,6.03,0.00240557,0.238261,212424.0
600908.SH,20260428,53700,5.71,306627.0,5.71,0.00268592,0.311788,199931.0
600909.SH,20260428,65200,5.6,365120.0,5.6,0.00129772,0.153973,502421.0
600916.SH,20260428,89600,8.75,784000.0,8.79,0.00533333,0.433656,168000.0
600917.SH,20260428,13900,5.24,72836.0,5.25,0.000890432,0.26476,156104.0
600918.SH,20260428,53600,5.93,317848.0,5.94,0.00136531,0.28737,392585.0
600919.SH,20260428,184600,11.23,2073058.0,11.24,0.00100592,0.237256,1835130.0
600925.SH,20260428,23500,4.7,110450.0,4.71,0.00146322,0.149472,160605.0
600926.SH,20260428,57600,17.07,983232.0,17.03,0.000794592,0.191785,724900.0
600927.SH,20260428,42100,14.45,608345.0,14.5,0.00289237,0.5613,145556.0
600928.SH,20260428,98300,3.69,362727.0,3.69,0.0022223,0.274853,442335.0
600929.SH,20260428,78800,6.91,544508.0,6.92,0.00480455,0.224408,164011.0
600930.SH,20260428,672100,6.3,4234230.0,6.31,0.0208092,0.276656,322981.0
600933.SH,20260428,41900,17.0,712300.0,17.02,0.00428699,0.284451,97737.6
600935.SH,20260428,47800,2.61,124758.0,2.61,0.00136283,0.186289,350740.0
600936.SH,20260428,45100,4.01,180851.0,4.02,0.00269894,0.260749,167103.0
600938.SH,20260428,241800,38.83,9389094.0,38.82,0.00808696,0.50192,299000.0
600939.SH,20260428,27500,2.82,77550.0,2.83,0.00144549,0.323195,190248.0
600941.SH,20260428,21200,95.31,2020572.0,95.5,0.00234833,0.194514,90276.8
600955.SH,20260428,42000,19.05,800100.0,19.2,0.00763636,0.444542,55000.0
600956.SH,20260428,96800,8.51,823768.0,8.6,0.0041225,0.248339,234809.0
600959.SH,20260428,238700,3.92,935704.0,3.94,0.00477332,0.373704,500072.0
600960.SH,20260428,25300,5.05,127765.0,5.09,0.00266171,0.141531,95051.6
600961.SH,20260428,946200,29.18,27610116.0,29.06,0.125856,0.832739,75181.2
600962.SH,20260428,2200,20.88,45936.0,20.8,0.000839022,0.0445857,26221.0
600963.SH,20260428,182000,4.6,837200.0,4.6,0.0103552,0.381555,175757.0
600965.SH,20260428,105400,4.23,445842.0,4.7,0.0128741,1.59784,81870.1
600966.SH,20260428,49200,6.24,307008.0,6.2,0.00368031,0.236825,133684.0
600967.SH,20260428,373800,14.2,5307960.0,14.35,0.021965,2.44836,170179.0
600968.SH,20260428,119500,4.26,509070.0,4.26,0.00117559,0.223341,1016510.0
600969.SH,20260428,10000,10.1,101000.0,10.18,0.00270233,0.105279,37005.0
600970.SH,20260428,42300,9.96,421308.0,9.96,0.00161339,0.210562,262181.0
600971.SH,20260428,44900,8.03,360547.0,8.11,0.00374165,0.22411,120000.0
600973.SH,20260428,100200,7.36,737472.0,7.42,0.00730658,0.260738,137137.0
600975.SH,20260428,23700,5.41,128217.0,5.43,0.00189651,0.190931,124966.0
600976.SH,20260428,35100,32.03,1124253.0,32.27,0.0228965,2.51705,15329.9
600977.SH,20260428,179900,13.81,2484419.0,13.91,0.00963578,0.400043,186700.0
600979.SH,20260428,1801900,5.09,9171671.0,5.21,0.146227,0.976437,123226.0
600980.SH,20260428,17600,21.87,384912.0,22.04,0.0092992,0.620887,18926.4
600981.SH,20260428,94400,2.81,265264.0,2.83,0.00420971,0.405019,224243.0
600982.SH,20260428,238700,5.92,1413104.0,5.99,0.0213577,0.210668,111763.0
600983.SH,20260428,12700,9.5,120650.0,9.52,0.00165701,0.132345,76643.9
600984.SH,20260428,151300,3.9,590070.0,3.91,0.0120362,0.48974,125704.0
600985.SH,20260428,21300,14.39,306507.0,14.42,0.000790863,0.121147,269326.0
600986.SH,20260428,2214500,11.14,24669530.0,11.43,0.148887,0.830415,148737.0
600987.SH,20260428,11400,7.05,80370.0,7.06,0.00111675,0.0971141,102082.0
600988.SH,20260428,383800,38.84,14906792.0,38.98,0.0230661,0.898184,166391.0
600989.SH,20260428,634600,29.79,18904734.0,29.66,0.00865361,0.52903,733336.0
600990.SH,20260428,1100,23.3,25630.0,23.33,0.000408903,0.0264286,26901.3
600992.SH,20260428,45900,12.1,555390.0,12.21,0.0187278,0.743322,24509.0
600993.SH,20260428,40000,25.87,1034800.0,25.96,0.00929569,0.940594,43030.7
600995.SH,20260428,65500,14.31,937305.0,14.38,0.00204943,0.211814,319601.0
600996.SH,20260428,46800,8.4,393120.0,8.43,0.00375361,0.172757,124680.0
600997.SH,20260428,313000,5.82,1821660.0,5.96,0.0197128,2.54327,158780.0
600998.SH,20260428,517500,5.19,2685825.0,5.22,0.0102628,1.35669,504247.0
600999.SH,20260428,144700,15.42,2231274.0,15.38,0.00194961,0.390254,742200.0
601000.SH,20260428,35500,4.8,170400.0,4.82,0.000599062,0.104088,592593.0
601001.SH,20260428,315700,16.9,5335330.0,17.95,0.0188624,2.01979,167370.0
601002.SH,20260428,227700,6.3,1434510.0,6.31,0.0238569,0.454951,95444.1
601005.SH,20260428,1076900,1.38,1486122.0,1.38,0.0129534,2.30261,831364.0
601006.SH,20260428,252200,5.27,1329094.0,5.26,0.00125179,0.316187,2014720.0
601007.SH,20260428,171700,8.12,1394204.0,8.26,0.0440256,0.610576,39000.0
601008.SH,20260428,51800,4.73,245014.0,4.73,0.00417527,0.66816,124064.0
601009.SH,20260428,138200,11.63,1607266.0,11.65,0.0011178,0.272831,1236360.0
601010.SH,20260428,142200,2.35,334170.0,2.36,0.00769481,0.382362,184800.0
601011.SH,20260428,379600,3.12,1184352.0,3.1,0.0198156,1.17095,191566.0
601012.SH,20260428,1019900,17.03,17368897.0,17.14,0.0134586,1.01697,757806.0
601015.SH,20260428,656800,3.91,2568088.0,4.0,0.0321567,1.01973,204250.0
601016.SH,20260428,3894600,4.51,17564646.0,4.65,0.0644994,0.543397,603820.0
601018.SH,20260428,112200,3.79,425238.0,3.8,0.000576734,0.291513,1945440.0
601019.SH,20260428,6200,7.43,46066.0,7.44,0.000297091,0.0626405,208690.0
601020.SH,20260428,118400,31.62,3743808.0,31.82,0.0144396,0.316707,81996.5
601021.SH,20260428,18300,47.88,876204.0,47.83,0.00187053,0.43189,97833.3
601022.SH,20260428,100600,8.62,867172.0,8.71,0.00768741,1.40213,130863.0
601026.SH,20260428,49000,18.3,896700.0,18.45,0.0441101,0.978771,11108.6
601033.SH,20260428,24100,14.88,358608.0,14.85,0.0100417,0.812091,24000.0
601038.SH,20260428,46700,12.87,601029.0,12.82,0.00638235,0.815644,73170.5
601058.SH,20260428,867100,13.8,11965980.0,13.49,0.0263708,3.32939,328810.0
601059.SH,20260428,16900,16.59,280371.0,16.59,0.000521122,0.253902,324300.0
601061.SH,20260428,99500,14.04,1396980.0,14.16,0.00203061,0.309441,490000.0
601065.SH,20260428,5700,8.31,47367.0,8.33,0.000886778,0.085862,64277.6
601066.SH,20260428,44900,21.48,964452.0,21.43,0.00069123,0.552477,649567.0
601068.SH,20260428,49100,6.18,303438.0,6.2,0.00191828,0.362986,255959.0
601069.SH,20260428,40200,31.65,1272330.0,31.96,0.00453117,0.284447,88718.8
601077.SH,20260428,45300,7.43,336579.0,7.43,0.000512545,0.180284,883824.0
601083.SH,20260428,9800,12.46,122108.0,12.41,0.00504842,0.105212,19412.0
601086.SH,20260428,31200,8.26,257712.0,8.34,0.00468468,0.247182,66600.0
601088.SH,20260428,53500,46.76,2501660.0,46.78,0.000324419,0.159418,1649100.0
601089.SH,20260428,4500,20.9,94050.0,20.87,0.0009375,0.111659,48000.0
601096.SH,20260428,49600,5.43,269328.0,5.45,0.00301891,0.203798,164298.0
601098.SH,20260428,41500,10.96,454840.0,10.92,0.00231069,0.494533,179600.0
601099.SH,20260428,113200,3.64,412048.0,3.64,0.00166072,0.12189,681632.0
601100.SH,20260428,39800,96.0,3820800.0,96.94,0.00296833,0.26102,134082.0
601101.SH,20260428,351517,9.75,3427291.0,9.89,0.0244109,0.718556,144000.0
601106.SH,20260428,64600,4.15,268090.0,4.18,0.000941995,0.114591,685778.0
601107.SH,20260428,39200,6.1,239120.0,6.12,0.00181252,0.331309,216274.0
601108.SH,20260428,164000,8.19,1343160.0,8.18,0.00353162,0.492892,464376.0
601111.SH,20260428,527400,6.66,3512484.0,6.7,0.00453166,0.662036,1163810.0
601112.SH,20260428,38100,20.03,763143.0,20.12,0.0214951,0.265831,17725.0
601113.SH,20260428,489800,4.51,2208998.0,4.67,0.0443598,2.30523,110415.0
601116.SH,20260428,87900,14.05,1234995.0,14.11,0.0160496,0.73828,54767.8
601117.SH,20260428,919600,8.44,7761424.0,8.39,0.015105,1.00096,608807.0
601118.SH,20260428,228600,6.89,1575054.0,6.89,0.00534184,0.549891,427943.0
601121.SH,20260428,40900,7.83,320247.0,7.89,0.0051125,0.369633,80000.0
601126.SH,20260428,61400,51.23,3145522.0,51.4,0.00744165,0.170981,82508.5
601127.SH,20260428,57100,90.06,5142426.0,90.68,0.00366683,0.258507,155720.0
601128.SH,20260428,83800,7.37,617606.0,7.35,0.00252674,0.162162,331652.0
601133.SH,20260428,57000,23.1,1316700.0,22.97,0.0108698,0.305456,52438.7
601136.SH,20260428,12300,16.03,197169.0,16.03,0.00045,0.179905,273333.0
601137.SH,20260428,1054270,18.66,19672678.0,20.3,0.114868,7.97621,91780.8
601138.SH,20260428,1667600,67.25,112146100.0,67.25,0.00840351,0.675945,1984410.0
601139.SH,20260428,62600,7.01,438826.0,7.01,0.00217607,0.269364,287674.0
601155.SH,20260428,28100,13.9,390590.0,13.95,0.00124578,0.251204,225562.0
601156.SH,20260428,5700,16.34,93138.0,16.5,0.000603433,0.0861671,94459.6
601158.SH,20260428,9700,4.37,42389.0,4.37,0.000202082,0.156306,480003.0
601162.SH,20260428,242900,3.7,898730.0,3.72,0.00282509,0.262997,859797.0
601163.SH,20260428,28700,14.25,408975.0,14.27,0.0035875,0.667852,80000.0
601166.SH,20260428,292900,18.18,5324922.0,18.17,0.00138403,0.282259,2116290.0
601168.SH,20260428,168400,29.0,4883600.0,28.97,0.00706672,0.344568,238300.0
601169.SH,20260428,19972721,5.34,106654330.0,5.5,0.094465,16.7061,2114300.0
601177.SH,20260428,95900,14.99,1437541.0,14.77,0.0239714,2.63577,40006.0
601179.SH,20260428,535500,16.91,9055305.0,16.92,0.010447,0.254913,512588.0
601186.SH,20260428,478400,6.74,3224416.0,6.74,0.00415883,0.928296,1150320.0
601187.SH,20260428,40700,7.62,310134.0,7.61,0.00154554,0.229662,263338.0
601188.SH,20260428,25200,3.29,82908.0,3.31,0.00193034,0.174787,130547.0
601198.SH,20260428,102300,12.73,1302279.0,12.73,0.00316479,0.697598,323245.0
601199.SH,20260428,8000,5.2,41600.0,5.21,0.000855423,0.0711696,93521.0
601200.SH,20260428,26700,8.04,214668.0,8.05,0.00198332,0.308785,134623.0
601208.SH,20260428,249600,36.17,9028032.0,36.07,0.0247084,0.403128,101018.0
601211.SH,20260428,724900,16.15,11707135.0,16.23,0.00537086,0.625569,1349690.0
601212.SH,20260428,299700,7.6,2277720.0,7.63,0.00404739,0.280122,740477.0
601216.SH,20260428,356900,5.5,1962950.0,5.53,0.00422967,0.418584,843802.0
601218.SH,20260428,757800,6.48,4910544.0,6.49,0.0782016,0.985193,96903.4
601222.SH,20260428,85400,6.02,514108.0,6.05,0.00418377,0.320208,204122.0
601225.SH,20260428,361400,25.1,9071140.0,25.38,0.00372769,0.659383,969500.0
601226.SH,20260428,86000,9.38,806680.0,9.33,0.00739961,0.501407,116222.0
601228.SH,20260428,125500,3.22,404110.0,3.22,0.00166346,0.580108,754453.0
601229.SH,20260428,120200,9.65,1159930.0,9.64,0.000845942,0.190084,1420900.0
601231.SH,20260428,196500,39.49,7759785.0,39.65,0.00822484,0.351329,238910.0
601233.SH,20260428,142200,20.36,2895192.0,20.33,0.0059882,0.510294,237467.0
601236.SH,20260428,15900,7.6,120840.0,7.58,0.000337094,0.179875,471679.0
601238.SH,20260428,87100,7.02,611442.0,7.04,0.00117963,0.534239,738370.0
601279.SH,20260428,7600,3.9,29640.0,3.92,0.000479258,0.0695893,158579.0
601288.SH,20260428,1211600,6.9,8360040.0,6.92,0.000379521,0.498132,31924400.0
601298.SH,20260428,15600,8.91,138996.0,8.93,0.000289313,0.181576,539208.0
601311.SH,20260428,142500,10.12,1442100.0,10.11,0.0121468,0.189789,117315.0
601318.SH,20260428,365000,57.47,20976550.0,57.55,0.00342399,0.612532,1066010.0
601319.SH,20260428,181900,7.15,1300585.0,7.15,0.000512427,0.394595,3549780.0
601326.SH,20260428,43800,3.47,151986.0,3.47,0.00092064,0.200502,475756.0
601328.SH,20260428,434600,6.91,3003086.0,6.92,0.00166689,0.393285,2607240.0
601330.SH,20260428,858700,9.0,7728300.0,8.7,0.0868167,1.50132,98909.5
601333.SH,20260428,141100,3.0,423300.0,2.99,0.00249636,0.34889,565224.0
601336.SH,20260428,105600,62.05,6552480.0,62.18,0.00506368,0.645124,208544.0
601339.SH,20260428,92500,8.54,789950.0,8.48,0.00616844,0.674091,149957.0
601360.SH,20260428,466500,11.17,5210805.0,11.12,0.00666471,0.652847,699956.0
601366.SH,20260428,10900,3.92,42728.0,3.94,0.00113572,0.098783,95974.1
601368.SH,20260428,25300,4.77,120681.0,4.77,0.00286532,0.467887,88297.3
601369.SH,20260428,63600,9.16,582576.0,9.16,0.00372756,0.470422,170621.0
601375.SH,20260428,119700,3.95,472815.0,3.95,0.00347206,0.459723,344752.0
601377.SH,20260428,312300,5.85,1826955.0,5.86,0.00361626,0.555799,863599.0
601388.SH,20260428,664400,4.33,2876852.0,4.39,0.0301832,0.768787,220122.0
601390.SH,20260428,387900,5.15,1997685.0,5.15,0.00189415,0.332138,2047880.0
601398.SH,20260428,1244600,7.49,9322054.0,7.51,0.000461626,0.55426,26961200.0
601399.SH,20260428,312500,4.23,1321875.0,4.23,0.00433212,0.225442,721356.0
601456.SH,20260428,215600,9.25,1994300.0,9.22,0.00492577,1.06958,437698.0
601500.SH,20260428,19000,4.34,82460.0,4.34,0.00120025,0.15731,158300.0
601512.SH,20260428,475900,9.83,4678097.0,10.02,0.0317502,1.33182,149889.0
601515.SH,20260428,80500,4.64,373520.0,4.64,0.00418297,0.207723,192447.0
601518.SH,20260428,146400,2.84,415776.0,2.85,0.00774377,0.871038,189055.0
601519.SH,20260428,30100,10.1,304010.0,10.13,0.0015132,0.0864981,198916.0
601528.SH,20260428,71900,5.28,379632.0,5.28,0.00414539,0.437445,173446.0
601555.SH,20260428,84200,8.3,698860.0,8.31,0.00169461,0.252728,496870.0
601566.SH,20260428,113100,10.79,1220349.0,10.93,0.019682,1.30539,57463.7
601567.SH,20260428,805900,21.29,17157611.0,22.29,0.0573509,3.69971,140521.0
601568.SH,20260428,63100,3.93,247983.0,3.94,0.00158853,0.286863,397222.0
601577.SH,20260428,30000,9.79,293700.0,9.79,0.000746142,0.170978,402068.0
601579.SH,20260428,107200,18.76,2011072.0,18.94,0.0223583,1.30573,47946.3
601588.SH,20260428,118400,1.73,204832.0,1.74,0.00445113,0.202919,266000.0
601595.SH,20260428,22600,24.5,553700.0,24.4,0.00504239,0.499625,44820.0
601598.SH,20260428,113900,5.96,678844.0,5.98,0.00220845,0.937949,515747.0
601599.SH,20260428,49800,3.75,186750.0,3.76,0.0042911,0.229982,116054.0
601600.SH,20260428,1442400,11.85,17092440.0,11.98,0.0109494,0.706547,1317340.0
601601.SH,20260428,84500,36.28,3065660.0,36.36,0.00123447,0.273985,684504.0
601606.SH,20260428,14900,37.74,562326.0,37.8,0.00205736,0.0881905,72422.8
601607.SH,20260428,11800,16.7,197060.0,16.68,0.000423059,0.162995,278921.0
601608.SH,20260428,54600,6.03,329238.0,6.03,0.00119226,0.203588,457955.0
601609.SH,20260428,54000,10.37,559980.0,10.37,0.00312385,0.218588,172864.0
601611.SH,20260428,182300,13.42,2446466.0,13.47,0.00604877,0.556558,301383.0
601615.SH,20260428,133900,15.96,2137044.0,16.02,0.00592086,0.166619,226150.0
601616.SH,20260428,50800,4.61,234188.0,4.63,0.00595074,0.163546,85367.5
601618.SH,20260428,1749800,2.9,5074420.0,2.9,0.00980136,2.20496,1785260.0
601619.SH,20260428,266200,6.0,1597200.0,5.98,0.0109336,0.258403,243469.0
601628.SH,20260428,28900,36.67,1059763.0,36.67,0.000138785,0.18056,2082350.0
601633.SH,20260428,56000,20.15,1128400.0,20.22,0.000901881,0.44497,620924.0
601636.SH,20260428,707800,6.79,4805962.0,6.83,0.023923,0.571361,295865.0
601658.SH,20260428,253900,5.14,1305046.0,5.15,0.000350073,0.208997,7252780.0
601665.SH,20260428,67800,6.28,425784.0,6.28,0.00110175,0.0938941,615384.0
601666.SH,20260428,296600,8.16,2420256.0,8.3,0.0120112,1.09374,246936.0
601668.SH,20260428,482300,4.81,2319863.0,4.81,0.00116722,0.246154,4132040.0
601669.SH,20260428,672900,5.66,3808614.0,5.68,0.00514783,0.237508,1307150.0
601677.SH,20260428,106500,18.0,1917000.0,18.07,0.00874379,0.204963,121801.0
601678.SH,20260428,154600,5.12,791552.0,5.12,0.00756606,0.283591,204334.0
601686.SH,20260428,10800,5.53,59724.0,5.55,0.000733921,0.130908,147155.0
601688.SH,20260428,291800,18.85,5500430.0,18.76,0.00399356,0.364582,730676.0
601689.SH,20260428,72900,58.33,4252257.0,58.81,0.00419487,0.23446,173784.0
601696.SH,20260428,36800,12.2,448960.0,12.22,0.00132469,0.144367,277800.0
601698.SH,20260428,351700,36.58,12865186.0,36.84,0.00832547,0.297182,422439.0
601699.SH,20260428,69500,15.01,1043195.0,14.95,0.00232332,0.232344,299141.0
601700.SH,20260428,17500,5.12,89600.0,5.12,0.00153676,0.087152,113876.0
601702.SH,20260428,39700,19.36,768592.0,19.62,0.00397584,0.567393,99853.1
601717.SH,20260428,20800,19.6,407680.0,19.64,0.00134875,0.156854,154217.0
601718.SH,20260428,101800,2.93,298274.0,2.94,0.00233429,0.260289,436107.0
601727.SH,20260428,312900,8.03,2512587.0,8.04,0.00248025,0.311426,1261560.0
601728.SH,20260428,534700,5.98,3197506.0,5.99,0.000688783,0.4087,7762970.0
601766.SH,20260428,470500,5.87,2761835.0,5.87,0.001934,0.313085,2432780.0
601777.SH,20260428,372100,11.28,4197288.0,11.15,0.0082303,0.741293,452110.0
601778.SH,20260428,4346556,6.85,29773909.0,6.94,0.121664,0.559568,357259.0
601788.SH,20260428,100400,14.74,1479896.0,14.73,0.00256994,0.388811,390670.0
601789.SH,20260428,1827400,5.66,10343084.0,5.44,0.168145,2.08456,108680.0
601798.SH,20260428,35400,8.75,309750.0,8.75,0.0099851,0.364815,35452.8
601799.SH,20260428,7300,123.71,903083.0,124.22,0.00255531,0.293712,28567.9
601800.SH,20260428,76900,7.05,542145.0,7.05,0.000652595,0.251429,1178370.0
601801.SH,20260428,53200,5.97,317604.0,5.97,0.00271715,0.804141,195793.0
601808.SH,20260428,44400,14.92,662448.0,14.96,0.00149976,0.18895,296047.0
601811.SH,20260428,20600,13.47,277482.0,13.53,0.00260133,0.435993,79190.4
601816.SH,20260428,630900,4.87,3072483.0,4.88,0.00128951,0.526792,4892570.0
601818.SH,20260428,646307,3.16,2042330.0,3.16,0.0013927,0.570488,4640680.0
601825.SH,20260428,66300,8.95,593385.0,8.98,0.000707242,0.259948,937444.0
601827.SH,20260428,18500,7.97,147445.0,7.97,0.0011065,0.287453,167193.0
601828.SH,20260428,3873300,2.57,9954381.0,2.45,0.107222,23.7341,361240.0
601838.SH,20260428,78100,18.47,1442507.0,18.44,0.00184266,0.259453,423844.0
601857.SH,20260428,479800,11.92,5719216.0,11.96,0.000296315,0.275716,16192200.0
601858.SH,20260428,18400,23.21,427064.0,23.35,0.00232764,0.137424,79050.0
601860.SH,20260428,532640,2.67,1422149.0,2.68,0.0149972,1.08269,355159.0
601865.SH,20260428,360300,13.99,5040597.0,14.28,0.0189529,2.22728,190103.0
601866.SH,20260428,294300,2.64,776952.0,2.64,0.00301785,0.396252,975198.0
601868.SH,20260428,2282600,2.82,6436932.0,2.84,0.00703882,0.267528,3242870.0
601869.SH,20260428,262600,370.51,97295926.0,377.5,0.0646259,1.44286,40633.8
601872.SH,20260428,243300,17.19,4182327.0,17.19,0.00301318,0.155966,807454.0
601877.SH,20260428,95700,31.83,3046131.0,31.97,0.0044533,0.378166,214897.0
601878.SH,20260428,744200,9.6,7144320.0,9.39,0.0162709,3.53978,457380.0
601880.SH,20260428,240756,1.59,382802.0,1.59,0.00130753,0.32519,1841310.0
601881.SH,20260428,136600,12.39,1692474.0,12.37,0.00188585,0.406696,724342.0
601882.SH,20260428,2200,19.2,42240.0,19.26,0.000421456,0.0916372,52200.0
601886.SH,20260428,33400,9.95,332330.0,10.01,0.00294792,0.507774,113300.0
601888.SH,20260428,55500,65.42,3630810.0,65.62,0.00284255,0.293529,195248.0
601890.SH,20260428,122400,10.42,1275408.0,10.37,0.012758,0.247739,95940.0
601898.SH,20260428,242700,17.2,4174440.0,17.49,0.00265188,0.565189,915200.0
601899.SH,20260428,2084800,33.33,69486384.0,33.56,0.0101195,0.681353,2060180.0
601900.SH,20260428,128800,12.46,1604848.0,12.28,0.0146037,0.921351,88197.0
601901.SH,20260428,50900,6.95,353755.0,6.96,0.000618311,0.122795,823210.0
601908.SH,20260428,364800,4.1,1495680.0,4.1,0.0151081,0.339486,241460.0
601916.SH,20260428,272300,2.95,803285.0,2.96,0.0012639,0.343532,2154440.0
601918.SH,20260428,226200,8.4,1900080.0,8.44,0.00873176,0.35566,259054.0
601919.SH,20260428,310600,14.22,4416732.0,14.2,0.00247368,0.487948,1255620.0
601921.SH,20260428,140300,7.68,1077504.0,7.72,0.0063135,0.720309,222222.0
601928.SH,20260428,21100,9.4,198340.0,9.4,0.000829109,0.210827,254490.0
601929.SH,20260428,99000,2.93,290070.0,2.93,0.00283685,0.104881,348979.0
601933.SH,20260428,819200,3.84,3145728.0,3.86,0.00902696,0.512032,907504.0
601939.SH,20260428,158800,9.66,1534008.0,9.68,0.00165526,0.239241,959366.0
601949.SH,20260428,63500,5.78,367030.0,5.82,0.00333514,0.467986,190397.0
601952.SH,20260428,145800,9.64,1405512.0,9.7,0.0105806,0.587393,137800.0
601956.SH,20260428,315600,5.9,1862040.0,6.08,0.0507708,2.93315,62161.7
601958.SH,20260428,303300,19.0,5762700.0,19.18,0.00939997,0.768027,322660.0
601963.SH,20260428,20700,10.84,224388.0,10.85,0.00101768,0.16353,203403.0
601965.SH,20260428,10900,16.2,176580.0,16.2,0.00109174,0.0907837,99840.6
601966.SH,20260428,604192,13.52,8168676.0,14.03,0.041284,8.34329,146350.0
601968.SH,20260428,45800,5.18,237244.0,5.21,0.00358996,0.210162,127578.0
601969.SH,20260428,34900,11.42,398558.0,11.42,0.00176935,0.177608,197248.0
601975.SH,20260428,1440100,4.28,6163628.0,4.33,0.0307691,0.764838,468034.0
601985.SH,20260428,275800,9.02,2487716.0,9.02,0.00146055,0.185928,1888330.0
601988.SH,20260428,425600,5.74,2442944.0,5.76,0.000201931,0.252983,21076600.0
601990.SH,20260428,51600,7.22,372552.0,7.22,0.00139975,0.360225,368636.0
601991.SH,20260428,748660,4.03,3017100.0,4.05,0.00603949,0.359066,1239610.0
601992.SH,20260428,136800,1.66,227088.0,1.67,0.00164144,0.243099,833416.0
601995.SH,20260428,49100,33.99,1668909.0,34.03,0.00167947,0.324314,292354.0
601996.SH,20260428,749200,2.75,2060300.0,2.78,0.0668383,0.916617,112091.0
601997.SH,20260428,359900,5.95,2141405.0,5.97,0.00984356,0.364441,365620.0
601998.SH,20260428,60400,8.33,503132.0,8.33,0.000148174,0.14426,4076300.0
601999.SH,20260428,11600,7.35,85260.0,7.39,0.00210559,0.088869,55091.5
603000.SH,20260428,39600,19.73,781308.0,19.8,0.00358147,0.240971,110569.0
603001.SH,20260428,45900,8.89,408051.0,8.87,0.011447,0.469076,40098.0
603002.SH,20260428,605500,14.91,9028005.0,15.15,0.0533914,0.613369,113408.0
603004.SH,20260428,900,21.39,19251.0,21.46,0.00152853,0.0409475,5888.0
603005.SH,20260428,413400,31.78,13137852.0,31.93,0.0633882,1.01471,65217.2
603006.SH,20260428,83200,13.93,1158976.0,13.93,0.0327232,1.6298,25425.4
603007.SH,20260428,152600,5.89,898814.0,5.91,0.021954,0.362714,69508.9
603009.SH,20260428,6900,46.77,322713.0,46.8,0.00203895,0.0998131,33840.9
603010.SH,20260428,1800,13.02,23436.0,13.01,0.000307676,0.0152668,58503.0
603011.SH,20260428,23800,21.07,501466.0,21.17,0.00481378,0.144681,49441.4
603012.SH,20260428,48700,8.91,433917.0,8.89,0.00753287,0.244517,64650.0
603013.SH,20260428,4300,18.85,81055.0,18.85,0.000846091,0.154298,50822.0
603014.SH,20260428,1700,36.19,61523.0,36.41,0.0043183,0.20795,3936.73
603015.SH,20260428,34200,12.15,415530.0,12.15,0.00846076,0.505051,40421.9
603016.SH,20260428,50700,58.86,2984202.0,58.86,0.0342198,0.604436,14816.0
603017.SH,20260428,161200,14.82,2388984.0,14.95,0.0583656,0.44367,27619.0
603018.SH,20260428,5300,7.29,38637.0,7.31,0.000775084,0.0945514,68379.6
603019.SH,20260428,478600,93.01,44514586.0,94.24,0.0327202,0.762281,146271.0
603020.SH,20260428,9600,10.97,105312.0,10.96,0.00250497,0.14642,38323.8
603021.SH,20260428,97000,7.53,730410.0,7.53,0.0303174,1.26073,31994.8
603022.SH,20260428,31700,10.8,342360.0,10.89,0.01585,0.752475,20000.0
603023.SH,20260428,59600,4.41,262836.0,4.47,0.0106788,0.523431,55811.7
603025.SH,20260428,85500,16.16,1381680.0,16.25,0.00770843,0.396256,110917.0
603026.SH,20260428,445400,107.12,47711248.0,109.3,0.191404,1.9944,23270.1
603027.SH,20260428,30600,9.61,294066.0,9.49,0.00244875,0.213148,124962.0
603028.SH,20260428,33200,8.41,279212.0,8.35,0.0116823,0.461514,28419.0
603029.SH,20260428,25400,19.16,486664.0,19.14,0.0209326,1.3166,12134.2
603030.SH,20260428,358475,2.4,860340.0,2.42,0.0272204,0.537385,131693.0
603031.SH,20260428,68400,57.01,3899484.0,57.41,0.0315468,0.559399,21682.1
603032.SH,20260428,243100,23.46,5703126.0,23.46,0.104937,1.43025,23166.3
603033.SH,20260428,37800,11.39,430542.0,11.5,0.00373322,0.341676,101253.0
603035.SH,20260428,61600,13.55,834680.0,13.44,0.0168147,0.997182,36634.7
603036.SH,20260428,2600,18.14,47164.0,18.13,0.0012621,0.0882903,20600.6
603037.SH,20260428,19800,14.6,289080.0,14.78,0.00743955,0.32861,26614.5
603038.SH,20260428,150400,17.2,2586880.0,16.84,0.055978,1.70395,26867.7
603039.SH,20260428,31500,45.0,1417500.0,45.13,0.0122871,0.230633,25636.6
603040.SH,20260428,2700,81.18,219186.0,82.1,0.00198904,0.176564,13574.4
603041.SH,20260428,28500,13.54,385890.0,13.69,0.0155612,0.77032,18314.8
603042.SH,20260428,127000,20.38,2588260.0,19.92,0.0790835,0.883441,16059.0
603043.SH,20260428,17600,15.5,272800.0,15.48,0.00312081,0.719492,56395.6
603045.SH,20260428,61300,40.0,2452000.0,40.36,0.0452582,0.797084,13544.5
603048.SH,20260428,3900,22.35,87165.0,22.36,0.00265523,0.198535,14688.0
603049.SH,20260428,13600,48.08,653888.0,48.19,0.015552,0.553676,8744.86
603050.SH,20260428,3500,19.22,67270.0,19.21,0.000867799,0.110457,40331.9
603051.SH,20260428,3100,22.14,68634.0,22.21,0.00191793,0.0837166,16163.3
603052.SH,20260428,28800,88.89,2560032.0,88.92,0.0153275,0.266076,18789.7
603053.SH,20260428,21700,9.63,208971.0,9.71,0.00244125,0.823521,88889.0
603055.SH,20260428,40100,8.92,357692.0,9.07,0.0045206,0.650696,88705.0
603057.SH,20260428,11000,26.84,295240.0,27.0,0.0026699,0.224542,41200.0
603058.SH,20260428,127400,11.35,1445990.0,11.36,0.0308,1.35033,41363.7
603059.SH,20260428,9900,34.13,337887.0,33.86,0.00985578,0.571256,10044.9
603060.SH,20260428,1292700,6.81,8803287.0,7.01,0.160791,4.08641,80396.1
603061.SH,20260428,17150,250.21,4291102.0,255.35,0.0197126,0.530179,8700.0
603062.SH,20260428,190400,51.27,9761808.0,54.65,0.51358,8.23898,3707.31
603063.SH,20260428,206200,42.1,8681020.0,42.35,0.0449432,0.537096,45880.1
603065.SH,20260428,347500,8.6,2988500.0,8.16,0.082942,10.222,41896.8
603066.SH,20260428,1037900,11.16,11582964.0,11.37,0.352811,10.6818,29418.0
603067.SH,20260428,33600,36.0,1209600.0,36.21,0.00444724,0.126402,75552.5
603068.SH,20260428,12700,33.9,430530.0,34.15,0.00836697,0.438247,15178.7
603069.SH,20260428,10100,16.75,169175.0,16.81,0.0031962,0.191611,31600.0
603070.SH,20260428,5800,14.97,86826.0,14.97,0.00144638,0.173697,40100.0
603071.SH,20260428,23900,14.24,340336.0,14.11,0.0042835,0.474582,55795.4
603072.SH,20260428,17300,35.83,619859.0,35.66,0.0137051,0.873241,12623.0
603073.SH,20260428,71600,19.8,1417680.0,20.5,0.140688,3.99789,5089.28
603075.SH,20260428,4400,23.4,102960.0,23.55,0.0106679,0.216865,4124.51
603076.SH,20260428,28800,29.9,861120.0,29.93,0.0238605,0.521774,12070.1
603077.SH,20260428,1352100,2.94,3975174.0,2.96,0.0153097,0.393594,883167.0
603078.SH,20260428,172800,24.17,4176576.0,24.54,0.044809,0.896046,38563.7
603079.SH,20260428,24100,16.38,394758.0,16.5,0.0127493,0.431926,18903.0
603080.SH,20260428,7700,21.6,166320.0,21.68,0.0054417,0.404402,14150.0
603081.SH,20260428,9600,11.82,113472.0,11.9,0.00227219,0.151412,42249.9
603082.SH,20260428,61100,35.0,2138500.0,36.92,0.150653,6.76188,4055.69
603083.SH,20260428,822800,160.0,131648000.0,153.59,0.298561,1.87941,27558.8
603085.SH,20260428,14000,11.99,167860.0,11.97,0.00352556,0.163756,39710.0
603086.SH,20260428,16400,7.43,121852.0,7.42,0.00377174,0.17197,43481.3
603087.SH,20260428,17700,59.96,1061292.0,59.97,0.00317285,0.18437,55785.9
603088.SH,20260428,57600,13.3,766080.0,13.45,0.0131545,0.268333,43787.2
603089.SH,20260428,5300,12.29,65137.0,12.29,0.00220803,0.145424,24003.3
603090.SH,20260428,94400,70.0,6608000.0,70.72,0.0944,1.65084,10000.0
603091.SH,20260428,10200,84.45,861390.0,85.85,0.0324411,1.93153,3144.16
603092.SH,20260428,3800,75.53,287014.0,75.54,0.0113594,0.124672,3345.25
603093.SH,20260428,64900,20.72,1344728.0,20.69,0.0106382,0.561504,61006.6
603095.SH,20260428,891900,20.49,18275031.0,19.05,0.345337,15.8012,25826.9
603096.SH,20260428,7200,18.02,129744.0,18.17,0.00466821,0.300076,15423.5
603097.SH,20260428,57100,26.4,1507440.0,26.48,0.0356844,1.54754,16001.4
603098.SH,20260428,7700,15.0,115500.0,15.08,0.0014291,0.092868,53880.0
603099.SH,20260428,6500,34.01,221065.0,34.26,0.00243747,0.141786,26667.0
603100.SH,20260428,21600,18.88,407808.0,18.94,0.00422255,0.368506,51153.9
603101.SH,20260428,176300,10.64,1875832.0,10.55,0.0374787,0.505291,47040.0
603102.SH,20260428,4400,40.1,176440.0,40.31,0.006875,0.661814,6400.0
603103.SH,20260428,138300,20.75,2869725.0,21.2,0.021807,0.780609,63420.0
603105.SH,20260428,1415300,10.4,14719120.0,11.38,0.283054,3.92878,50001.1
603106.SH,20260428,45600,8.72,397632.0,8.91,0.00876047,0.865869,52052.0
603107.SH,20260428,17200,14.18,243896.0,14.3,0.00788362,0.619748,21817.4
603108.SH,20260428,34900,13.53,472197.0,13.53,0.00578099,0.182232,60370.3
603109.SH,20260428,209500,24.48,5128560.0,24.98,0.100312,3.22174,20884.8
603110.SH,20260428,794900,20.87,16589563.0,19.66,0.395027,6.26804,20122.7
603111.SH,20260428,12300,6.81,83763.0,6.84,0.00144217,0.148326,85287.9
603112.SH,20260428,22200,21.22,471084.0,21.21,0.00415259,0.141894,53460.7
603113.SH,20260428,12700,7.07,89789.0,7.09,0.00149678,0.0889956,84849.1
603115.SH,20260428,97300,57.66,5610318.0,58.62,0.0402248,0.773142,24189.0
603116.SH,20260428,50400,6.0,302400.0,6.0,0.00874695,0.456866,57620.1
603117.SH,20260428,31900,4.54,144826.0,4.51,0.00532378,0.359388,59919.8
603118.SH,20260428,345900,14.52,5022468.0,14.73,0.0439363,0.441522,78727.6
603119.SH,20260428,76400,76.49,5843836.0,76.99,0.0374731,0.521353,20387.9
603120.SH,20260428,4400,38.63,169972.0,38.86,0.0116095,0.472131,3790.0
603121.SH,20260428,13000,20.82,270660.0,20.9,0.00384009,0.242533,33853.4
603122.SH,20260428,29300,15.32,448876.0,15.43,0.00736084,0.152072,39805.3
603123.SH,20260428,264200,11.45,3025090.0,11.69,0.0405043,1.03709,65227.6
603124.SH,20260428,4900,132.1,647290.0,132.53,0.00631372,0.253518,7760.88
603125.SH,20260428,455600,22.22,10123432.0,21.48,0.112539,8.58731,40483.6
603126.SH,20260428,18400,8.03,147752.0,8.07,0.00301392,0.151597,61050.0
603127.SH,20260428,159100,37.79,6012389.0,37.23,0.0252398,0.652735,63035.3
603128.SH,20260428,10700,5.45,58315.0,5.47,0.000817389,0.14515,130905.0
603129.SH,20260428,1200,274.39,329268.0,274.39,0.000781847,0.102341,15348.3
603130.SH,20260428,26200,47.14,1235068.0,47.12,0.0190526,0.4917,13751.4
603131.SH,20260428,52300,20.35,1064305.0,20.52,0.0155236,0.584711,33690.7
603132.SH,20260428,55800,19.75,1102050.0,19.9,0.00570552,0.538635,97800.0
603135.SH,20260428,6000,11.35,68100.0,11.36,0.00095308,0.057801,62953.8
603136.SH,20260428,249600,11.14,2780544.0,11.36,0.0924011,3.97461,27012.7
603137.SH,20260428,31100,13.58,422338.0,13.39,0.0170007,1.31587,18293.3
603138.SH,20260428,21600,18.93,408888.0,18.98,0.00749108,0.145464,28834.3
603139.SH,20260428,11900,33.26,395794.0,33.39,0.0119143,0.178509,9988.0
603150.SH,20260428,6200,59.7,370140.0,58.01,0.0072529,0.221669,8548.3
603151.SH,20260428,6700,15.84,106128.0,15.82,0.00391555,0.144812,17111.3
603153.SH,20260428,2000,16.65,33300.0,16.57,0.000495319,0.127063,40378.0
603155.SH,20260428,35000,16.77,586950.0,16.88,0.0110834,0.654047,31578.7
603156.SH,20260428,63400,34.99,2218366.0,34.52,0.00503064,0.654193,126028.0
603158.SH,20260428,107000,13.36,1429520.0,13.42,0.0218025,0.243481,49077.0
603159.SH,20260428,1500,26.2,39300.0,26.32,0.00107143,0.0950428,14000.0
603160.SH,20260428,32100,65.86,2114106.0,66.41,0.00689173,0.399538,46577.5
603161.SH,20260428,11100,14.6,162060.0,14.6,0.00581917,0.378465,19074.9
603162.SH,20260428,80800,14.6,1179680.0,14.67,0.0289117,0.378206,27947.2
603163.SH,20260428,1900,102.58,194902.0,102.85,0.0019,0.0692681,10000.0
603165.SH,20260428,117400,17.3,2031020.0,17.1,0.0366366,0.993479,32044.5
603166.SH,20260428,1900,13.47,25593.0,13.42,0.000296543,0.0401444,64071.6
603167.SH,20260428,21600,9.22,199152.0,9.24,0.00460412,0.313514,46914.4
603168.SH,20260428,22000,6.61,145420.0,6.63,0.00590582,0.316883,37251.4
603169.SH,20260428,101800,8.3,844940.0,8.36,0.00779305,0.30361,130629.0
603170.SH,20260428,36800,13.52,497536.0,13.55,0.00919977,1.29912,40001.0
603171.SH,20260428,23400,55.0,1287000.0,55.54,0.00576511,0.227431,40589.0
603172.SH,20260428,81700,21.69,1772073.0,21.05,0.163139,3.84678,5008.0
603173.SH,20260428,6100,38.2,233020.0,38.58,0.0038125,0.246847,16000.0
603175.SH,20260428,5300,98.0,519400.0,98.3,0.0116549,0.122861,4547.42
603176.SH,20260428,95800,5.48,524984.0,5.49,0.0207442,1.62373,46181.6
603177.SH,20260428,12700,11.65,147955.0,11.7,0.00621964,0.16718,20419.2
603178.SH,20260428,445500,17.23,7675965.0,17.4,0.188442,1.16357,23641.2
603179.SH,20260428,36300,61.35,2227005.0,61.36,0.00711567,0.241026,51014.2
603180.SH,20260428,6600,19.09,125994.0,19.09,0.00427857,0.924055,15425.7
603181.SH,20260428,69100,15.95,1102145.0,15.85,0.0117377,0.887643,58870.0
603182.SH,20260428,61100,14.48,884728.0,14.56,0.0371316,1.27065,16455.0
603183.SH,20260428,154700,4.79,741013.0,4.78,0.0311172,0.718924,49715.3
603185.SH,20260428,36952,23.82,880197.0,24.03,0.00544194,0.312001,67902.2
603186.SH,20260428,75700,75.29,5699453.0,75.3,0.048281,0.428546,15679.1
603187.SH,20260428,1500,14.74,22110.0,14.68,0.000392299,0.0309613,38236.2
603188.SH,20260428,37500,5.03,188625.0,5.03,0.00657699,0.305103,57017.0
603189.SH,20260428,355300,12.47,4430591.0,12.41,0.131813,1.20229,26954.8
603190.SH,20260428,5800,25.55,148190.0,25.55,0.0141066,0.571483,4111.56
603191.SH,20260428,14000,19.88,278320.0,19.99,0.00424288,0.132633,32996.5
603192.SH,20260428,6600,24.24,159984.0,24.12,0.00473436,0.615932,13940.6
603193.SH,20260428,28000,26.53,742840.0,26.58,0.027096,0.361468,10333.6
603194.SH,20260428,22000,35.3,776600.0,35.7,0.0139217,1.15985,15802.7
603195.SH,20260428,2300,41.02,94346.0,41.05,0.000127731,0.136027,180066.0
603196.SH,20260428,71700,31.35,2247795.0,32.18,0.0302547,0.853737,23698.8
603197.SH,20260428,23100,33.2,766920.0,33.21,0.01094,1.10616,21115.2
603198.SH,20260428,31400,38.28,1201992.0,38.4,0.003925,0.270111,80000.0
603199.SH,20260428,7800,37.55,292890.0,37.65,0.00704734,0.324716,11068.0
603200.SH,20260428,41700,63.64,2653788.0,63.42,0.0237634,0.409353,17548.0
603201.SH,20260428,3600,16.22,58392.0,16.2,0.00191129,0.183594,18835.5
603202.SH,20260428,35200,79.53,2799456.0,80.78,0.0701006,1.6075,5021.36
603203.SH,20260428,45500,47.63,2167165.0,48.25,0.0182618,0.520771,24915.3
603205.SH,20260428,4100,27.43,112463.0,27.52,0.00991776,0.277093,4134.0
603206.SH,20260428,57900,16.55,958245.0,16.82,0.0189712,1.29928,30520.0
603207.SH,20260428,19900,27.03,537897.0,27.73,0.0365809,2.41005,5440.0
603208.SH,20260428,50600,13.38,677028.0,13.52,0.0285597,2.70831,17717.3
603209.SH,20260428,5700,14.98,85386.0,15.03,0.00177299,0.0947006,32149.2
603210.SH,20260428,2100,16.3,34230.0,16.26,0.000902537,0.084744,23267.8
603211.SH,20260428,149800,25.0,3745000.0,25.4,0.0551124,1.1025,27180.8
603212.SH,20260428,225900,13.93,3146787.0,13.8,0.0516354,0.897755,43749.1
603213.SH,20260428,10100,13.45,135845.0,13.53,0.00228521,0.662117,44197.2
603214.SH,20260428,24000,16.2,388800.0,16.05,0.0173235,1.17903,13854.0
603215.SH,20260428,5100,19.9,101490.0,20.2,0.00272395,0.189328,18722.8
603216.SH,20260428,3400,30.0,102000.0,29.99,0.00152679,0.0916782,22269.0
603217.SH,20260428,54400,30.58,1663552.0,30.28,0.0261428,0.685925,20808.8
603218.SH,20260428,444100,13.41,5955381.0,14.4,0.0431989,3.91094,102804.0
603219.SH,20260428,79000,17.58,1388820.0,17.58,0.014072,1.08542,56140.0
603220.SH,20260428,2799028,29.7,83131132.0,31.55,0.64455,3.75136,43426.1
603221.SH,20260428,28700,11.85,340095.0,11.89,0.0118463,0.616402,24227.0
603222.SH,20260428,185500,9.52,1765960.0,9.7,0.0353272,0.761774,52509.1
603223.SH,20260428,4300,9.0,38700.0,9.01,0.000609219,0.0345711,70582.2
603225.SH,20260428,21300,17.15,365295.0,17.14,0.00127656,0.147922,166855.0
603226.SH,20260428,6600,39.39,259974.0,39.09,0.00185658,0.186518,35549.2
603227.SH,20260428,83800,8.67,726546.0,8.63,0.00781941,0.442037,107169.0
603228.SH,20260428,801900,75.34,60415146.0,75.35,0.0821824,1.47596,97575.6
603229.SH,20260428,31780,10.14,322249.0,10.14,0.00382755,0.36827,83029.7
603230.SH,20260428,53200,10.61,564452.0,10.74,0.0150485,1.72249,35352.3
603231.SH,20260428,23300,17.79,414507.0,17.83,0.0219261,1.11831,10626.6
603232.SH,20260428,25800,18.45,476010.0,18.43,0.0111543,0.358178,23130.0
603233.SH,20260428,20600,18.54,381924.0,18.6,0.00180885,0.260122,113885.0
603235.SH,20260428,100,26.36,2636.0,26.38,2.28425e-05,0.0174356,43778.0
603236.SH,20260428,22165,73.79,1635555.0,74.03,0.00847099,0.189208,26165.8
603237.SH,20260428,13200,17.53,231396.0,17.64,0.00673429,0.61285,19601.2
603238.SH,20260428,16400,15.7,257480.0,15.69,0.00923897,0.529945,17750.9
603239.SH,20260428,17600,24.95,439120.0,25.2,0.00650118,0.286912,27072.0
603248.SH,20260428,20400,25.65,523260.0,25.64,0.0294334,0.257016,6930.89
603255.SH,20260428,42600,30.47,1298022.0,30.22,0.0702098,3.54639,6067.52
603256.SH,20260428,148200,107.0,15857400.0,106.41,0.0168461,0.592749,87972.8
603257.SH,20260428,41600,59.01,2454816.0,56.81,0.167068,3.06059,2490.0
603258.SH,20260428,1600,17.22,27552.0,17.28,0.000662961,0.0889615,24134.1
603259.SH,20260428,4597200,110.5,507990600.0,100.52,0.185875,14.6681,247328.0
603260.SH,20260428,19000,44.02,836380.0,44.26,0.00160716,0.237578,118221.0
603261.SH,20260428,5000,34.74,173700.0,34.38,0.00645119,0.426895,7750.5
603262.SH,20260428,14100,25.15,354615.0,25.28,0.035243,1.0435,4000.8
603266.SH,20260428,56000,19.5,1092000.0,19.78,0.0281567,1.27806,19888.7
603267.SH,20260428,10000,51.9,519000.0,52.17,0.00432749,0.191531,23108.1
603268.SH,20260428,135500,137.0,18563500.0,138.92,0.0580922,0.854785,23325.0
603269.SH,20260428,26600,14.7,391020.0,14.57,0.00861534,0.158032,30875.2
603270.SH,20260428,9300,26.38,245334.0,26.51,0.0131511,0.379307,7071.67
603271.SH,20260428,6800,50.98,346664.0,50.91,0.00718998,0.162789,9457.6
603273.SH,20260428,14800,17.7,261960.0,17.7,0.026401,1.03979,5605.84
603275.SH,20260428,8100,45.96,372276.0,45.96,0.0195012,0.456664,4153.6
603276.SH,20260428,29700,18.01,534897.0,17.81,0.0392637,1.12627,7564.23
603277.SH,20260428,13100,12.89,168859.0,13.02,0.00214844,0.639891,60974.6
603278.SH,20260428,131600,12.0,1579200.0,11.91,0.0385066,0.282495,34175.9
603279.SH,20260428,25000,17.85,446250.0,17.72,0.00433747,0.392422,57637.3
603280.SH,20260428,2100,34.3,72030.0,34.52,0.00751566,0.184265,2794.17
603281.SH,20260428,4300,34.68,149124.0,34.55,0.00115179,0.0849297,37333.3
603282.SH,20260428,7900,22.01,173879.0,21.91,0.00590345,0.437693,13382.0
603283.SH,20260428,460118,52.5,24156195.0,49.7,0.169676,4.52335,27117.4
603284.SH,20260428,114000,47.0,5358000.0,48.5,0.617103,4.5159,1847.34
603285.SH,20260428,42300,42.3,1789290.0,42.26,0.0679008,0.651229,6229.68
603286.SH,20260428,9600,61.32,588672.0,61.32,0.00831782,0.161161,11541.5
603288.SH,20260428,154000,40.2,6190800.0,39.85,0.00276949,1.08445,556060.0
603289.SH,20260428,15000,11.85,177750.0,11.88,0.00511264,0.133518,29339.0
603290.SH,20260428,36300,109.39,3970857.0,110.7,0.0151583,0.500525,23947.3
603291.SH,20260428,15600,12.16,189696.0,12.1,0.00368602,0.312112,42322.1
603293.SH,20260428,23100,51.87,1198197.0,51.96,0.0658185,0.302778,3509.65
603296.SH,20260428,62400,107.38,6700512.0,108.1,0.010938,0.357191,57048.7
603297.SH,20260428,2400,116.46,279504.0,117.33,0.00216745,0.0931391,11072.9
603298.SH,20260428,8200,26.82,219924.0,26.99,0.000626044,0.100406,130981.0
603299.SH,20260428,84099,10.73,902382.0,10.82,0.0108116,0.792915,77785.7
603300.SH,20260428,556800,6.68,3719424.0,6.74,0.0279157,0.867879,199457.0
603301.SH,20260428,3300,89.78,296274.0,89.52,0.00125059,0.161558,26387.6
603303.SH,20260428,45000,16.2,729000.0,15.96,0.00943506,1.36036,47694.5
603305.SH,20260428,32200,14.89,479458.0,14.99,0.00278617,0.0957808,115571.0
603306.SH,20260428,77700,93.02,7227654.0,93.8,0.0235815,0.414999,32949.5
603307.SH,20260428,200,40.1,8020.0,39.98,0.000298507,0.0536538,6700.0
603308.SH,20260428,112050,79.8,8941590.0,80.4,0.0165012,0.42799,67904.1
603309.SH,20260428,34600,13.8,477480.0,13.86,0.0118545,0.451626,29187.1
603310.SH,20260428,14300,16.59,237237.0,16.69,0.00737075,0.824966,19401.0
603311.SH,20260428,90400,19.17,1732968.0,19.07,0.0383239,1.24211,23588.4
603312.SH,20260428,7100,39.0,276900.0,39.16,0.0139436,0.435598,5091.95
603313.SH,20260428,8200,7.89,64698.0,7.94,0.00143712,0.150066,57058.7
603315.SH,20260428,223800,18.14,4059732.0,18.46,0.0698575,0.644693,32036.6
603316.SH,20260428,21200,15.52,329024.0,15.54,0.00802228,0.260599,26426.4
603317.SH,20260428,3511347,15.71,55163261.0,14.28,0.329792,45.5174,106471.0
603318.SH,20260428,4638647,13.0,60302411.0,12.53,1.01044,7.90546,45907.1
603319.SH,20260428,9200,37.37,343804.0,37.47,0.00271267,0.049664,33915.0
603320.SH,20260428,47200,24.23,1143656.0,24.58,0.0316468,1.23191,14914.6
603321.SH,20260428,58100,7.36,427616.0,7.42,0.0168619,1.40802,34456.4
603322.SH,20260428,143400,32.89,4716426.0,32.2,0.0909975,1.13082,15758.7
603323.SH,20260428,109100,4.9,534590.0,4.9,0.00540489,0.41157,201854.0
603324.SH,20260428,13700,26.01,356337.0,26.3,0.00927684,0.362998,14768.0
603325.SH,20260428,7900,64.89,512631.0,65.2,0.0231108,0.587959,3418.32
603326.SH,20260428,17200,8.73,150156.0,8.87,0.00538886,0.528101,31917.7
603327.SH,20260428,453000,10.77,4878810.0,10.74,0.0433302,1.22658,104546.0
603328.SH,20260428,130000,13.3,1729000.0,13.44,0.0130203,0.259105,99844.3
603329.SH,20260428,46500,10.55,490575.0,10.53,0.0225309,2.22488,20638.3
603330.SH,20260428,8600,7.28,62608.0,7.28,0.00198764,0.0939007,43267.4
603331.SH,20260428,20200,14.58,294516.0,14.57,0.00999131,0.341085,20217.6
603332.SH,20260428,46900,14.3,670670.0,14.32,0.0216781,0.314108,21634.7
603333.SH,20260428,12400,8.07,100068.0,8.12,0.00199508,0.102515,62152.8
603334.SH,20260428,1200,49.38,59256.0,49.35,0.00386428,0.0968638,3105.36
603335.SH,20260428,743607,6.67,4959859.0,6.81,0.173681,1.40196,42814.5
603336.SH,20260428,892300,11.68,10422064.0,11.48,0.146587,2.96837,60871.9
603337.SH,20260428,2300,38.01,87423.0,38.25,0.000485513,0.0670806,47372.6
603338.SH,20260428,274700,54.56,14987632.0,51.84,0.0542512,6.62819,50634.8
603339.SH,20260428,3500,13.66,47810.0,13.72,0.00113107,0.0639572,30944.1
603341.SH,20260428,31900,38.24,1219856.0,38.24,0.0119829,0.395752,26621.3
603344.SH,20260428,1400,27.29,38206.0,27.26,0.00259111,0.0824549,5403.1
603345.SH,20260428,3300,99.85,329505.0,99.5,0.00112515,0.0761588,29329.4
603348.SH,20260428,3000,19.39,58170.0,19.37,0.000953964,0.115628,31447.7
603350.SH,20260428,1700,35.5,60350.0,35.54,0.00385273,0.112634,4412.45
603351.SH,20260428,17000,25.9,440300.0,26.13,0.0125518,1.86829,13543.9
603352.SH,20260428,3700,36.98,136826.0,37.09,0.00832914,0.245474,4442.24
603353.SH,20260428,12300,37.41,460143.0,37.41,0.00721755,0.277916,17041.8
603355.SH,20260428,13000,30.75,399750.0,30.8,0.00226719,0.322892,57339.7
603356.SH,20260428,11200,17.79,199248.0,17.89,0.00839958,0.26181,13334.0
603357.SH,20260428,18200,8.0,145600.0,8.02,0.00327572,0.402407,55560.3
603358.SH,20260428,46400,33.55,1556720.0,33.8,0.0101938,0.546292,45517.9
603359.SH,20260428,923500,4.55,4201925.0,5.05,0.207018,12.3073,44609.6
603360.SH,20260428,284700,20.55,5850585.0,22.83,0.040313,2.63452,70622.4
603363.SH,20260428,456200,3.39,1546518.0,3.38,0.0212867,0.532223,214313.0
603365.SH,20260428,228100,22.01,5020481.0,22.74,0.0877975,5.89727,25980.2
603366.SH,20260428,23800,8.48,201824.0,8.51,0.00292726,0.187077,81304.8
603367.SH,20260428,5400,15.35,82890.0,15.39,0.0011927,0.0926317,45275.4
603368.SH,20260428,9600,16.71,160416.0,16.72,0.00241685,0.383251,39721.1
603369.SH,20260428,38900,25.95,1009455.0,26.08,0.00311999,0.327983,124680.0
603370.SH,20260428,21800,42.87,934566.0,43.97,0.0623035,3.3078,3499.0
603373.SH,20260428,2400,38.23,91752.0,38.18,0.00528284,0.228191,4543.01
603375.SH,20260428,35900,42.02,1508518.0,42.32,0.0562864,1.4722,6378.09
603376.SH,20260428,57900,31.87,1845273.0,32.77,0.186548,7.12096,3103.76
603377.SH,20260428,130600,3.63,474078.0,3.66,0.018255,2.3095,71542.2
603378.SH,20260428,22900,5.71,130759.0,5.73,0.00534302,0.359548,42859.7
603379.SH,20260428,147100,64.16,9437936.0,64.95,0.0240958,1.72843,61047.9
603380.SH,20260428,2900,36.8,106720.0,36.9,0.00180752,0.0984298,16044.1
603381.SH,20260428,7400,22.88,169312.0,23.1,0.00520622,0.118466,14213.8
603382.SH,20260428,1800,26.9,48420.0,26.98,0.00496547,0.263189,3625.03
603383.SH,20260428,10000,33.2,332000.0,33.53,0.00486911,0.132585,20537.6
603385.SH,20260428,36700,6.51,238917.0,6.54,0.00964102,0.687845,38066.5
603386.SH,20260428,199200,13.5,2689200.0,14.39,0.0610439,3.73278,32632.3
603387.SH,20260428,139000,9.27,1288530.0,9.27,0.0274079,1.02627,50715.4
603389.SH,20260428,45900,54.07,2481813.0,54.16,0.0174689,2.0946,26275.2
603390.SH,20260428,631000,14.16,8934960.0,14.28,0.180021,2.76764,35051.4
603391.SH,20260428,700,63.5,44450.0,63.82,0.00307692,0.0712741,2275.0
603392.SH,20260428,138400,38.5,5328400.0,39.79,0.010946,4.62937,126439.0
603393.SH,20260428,20000,33.1,662000.0,33.28,0.00472566,0.25671,42322.1
603395.SH,20260428,14100,28.14,396774.0,28.27,0.0216923,0.592774,6500.0
603396.SH,20260428,12500,34.6,432500.0,34.65,0.00902348,0.390467,13852.7
603398.SH,20260428,170800,11.06,1889048.0,11.2,0.0393874,1.83551,43364.2
603399.SH,20260428,3513200,15.5,54454600.0,14.57,0.685783,5.03367,51229.1
603400.SH,20260428,100,64.79,6479.0,64.79,0.0005,0.0070581,2000.0
603402.SH,20260428,48900,126.0,6161400.0,132.09,0.252931,4.59073,1933.33
603406.SH,20260428,4600,33.71,155066.0,33.95,0.0125469,0.469482,3666.25
603408.SH,20260428,19000,11.7,222300.0,11.65,0.00424512,0.632372,44757.3
603409.SH,20260428,32500,43.0,1397500.0,42.49,0.0898676,1.70452,3616.43
603416.SH,20260428,3700,52.67,194879.0,52.67,0.00265719,0.250248,13924.5
603418.SH,20260428,6200,50.7,314340.0,50.93,0.0149887,0.763186,4136.46
603421.SH,20260428,68200,8.24,561968.0,8.24,0.0104571,0.343851,65219.1
603429.SH,20260428,4100,9.76,40016.0,9.77,0.000781719,0.10087,52448.5
603439.SH,20260428,25700,11.22,288354.0,11.22,0.0063639,1.0117,40384.0
603444.SH,20260428,8200,403.98,3312636.0,402.34,0.0113824,0.298371,7204.11
603456.SH,20260428,122100,14.05,1715505.0,14.02,0.0137276,0.551693,88944.6
603458.SH,20260428,12600,11.53,145278.0,11.6,0.00411597,0.0744918,30612.5
603459.SH,20260428,283700,62.0,17589400.0,63.54,0.358878,1.2911,7905.19
603466.SH,20260428,121700,10.01,1218217.0,10.06,0.02046,0.251493,59481.8
603477.SH,20260428,29400,17.21,505974.0,17.28,0.00576391,0.18243,51007.0
603486.SH,20260428,539700,69.58,37552326.0,67.8,0.0941306,7.20721,57335.2
603488.SH,20260428,130300,11.31,1473693.0,11.48,0.0446247,1.23581,29199.0
603489.SH,20260428,23200,35.29,818728.0,35.11,0.00988842,0.356333,23461.8
603496.SH,20260428,259208,30.7,7957686.0,31.14,0.0809496,0.679544,32020.9
603499.SH,20260428,800,20.55,16440.0,20.55,0.00026438,0.0133845,30259.4
603500.SH,20260428,24500,10.72,262640.0,10.81,0.00738322,0.503298,33183.3
603501.SH,20260428,1646900,106.95,176135955.0,104.63,0.136062,5.8377,121041.0
603505.SH,20260428,49000,18.0,882000.0,18.01,0.00582177,0.388261,84166.9
603506.SH,20260428,33800,12.68,428584.0,12.68,0.018,1.07225,18777.8
603507.SH,20260428,40700,45.2,1839640.0,45.13,0.0223906,0.32332,18177.2
603508.SH,20260428,16400,23.8,390320.0,24.02,0.00430136,0.703079,38127.4
603511.SH,20260428,16200,14.72,238464.0,14.7,0.00403098,0.932087,40188.7
603515.SH,20260428,6600,20.56,135696.0,20.74,0.00089634,0.218508,73632.8
603516.SH,20260428,241000,138.35,33342350.0,146.21,0.118563,3.67469,20326.8
603517.SH,20260428,1600,13.0,20800.0,13.0,0.000264026,0.0326056,60600.2
603518.SH,20260428,614700,9.7,5962590.0,9.19,0.178653,11.5517,34407.4
603519.SH,20260428,101900,13.98,1424562.0,13.99,0.0382611,2.36419,26632.8
603520.SH,20260428,1189200,11.7,13913640.0,11.75,0.271253,3.83349,43841.0
603527.SH,20260428,133700,12.11,1619107.0,12.11,0.0421805,0.861051,31697.1
603528.SH,20260428,103500,8.2,848700.0,8.16,0.0146615,1.48623,70593.0
603529.SH,20260428,152100,23.75,3612375.0,23.84,0.0179456,1.04458,84756.0
603530.SH,20260428,44400,62.5,2775000.0,60.97,0.0103868,0.812481,42746.5
603533.SH,20260428,50100,26.0,1302600.0,26.17,0.011415,0.238306,43889.7
603535.SH,20260428,2200,8.18,17996.0,8.18,0.000430597,0.0655509,51091.8
603536.SH,20260428,18700,10.03,187561.0,10.03,0.00777442,0.492736,24053.2
603538.SH,20260428,366736,56.0,20537216.0,56.4,0.163136,0.635326,22480.4
603551.SH,20260428,186800,11.72,2189296.0,12.12,0.0491729,9.70891,37988.4
603556.SH,20260428,22600,29.9,675740.0,30.15,0.00464768,0.249358,48626.4
603557.SH,20260428,193200,4.01,774732.0,3.89,0.0309895,1.63523,62343.7
603558.SH,20260428,15900,13.15,209085.0,13.15,0.00464047,0.135868,34263.8
603559.SH,20260428,68400,6.95,475380.0,7.11,0.0170456,1.83031,40127.7
603565.SH,20260428,230000,10.51,2417300.0,10.51,0.0109521,0.924088,210006.0
603566.SH,20260428,11800,12.5,147500.0,12.57,0.00340979,0.407099,34606.2
603567.SH,20260428,125500,6.63,832065.0,6.63,0.0133576,0.85907,93954.1
603568.SH,20260428,216400,20.0,4328000.0,20.69,0.0126769,2.14625,170704.0
603569.SH,20260428,27600,6.52,179952.0,6.56,0.00457327,0.417167,60350.7
603577.SH,20260428,2600,11.22,29172.0,11.3,0.000766647,0.0409298,33913.9
603578.SH,20260428,2800,13.27,37156.0,13.33,0.00155248,0.0457923,18035.7
603579.SH,20260428,417900,22.33,9331707.0,22.08,0.207856,10.6662,20105.2
603580.SH,20260428,29600,20.0,592000.0,19.74,0.0226519,1.34415,13067.3
603583.SH,20260428,290600,30.88,8973728.0,33.13,0.0760242,7.6467,38224.7
603585.SH,20260428,26600,19.39,515774.0,19.52,0.013891,0.178686,19149.1
603586.SH,20260428,208500,16.0,3336000.0,16.65,0.106349,2.36442,19605.3
603587.SH,20260428,26600,13.01,346066.0,12.95,0.00561072,0.821756,47409.3
603588.SH,20260428,101600,14.88,1511808.0,14.92,0.00667002,0.182366,152323.0
603589.SH,20260428,31200,24.2,755040.0,24.3,0.00521635,0.663928,59811.9
603590.SH,20260428,3300,35.69,117777.0,35.78,0.00208566,0.107299,15822.3
603595.SH,20260428,74900,18.11,1356439.0,18.37,0.032223,1.04593,23244.2
603596.SH,20260428,161000,46.85,7542850.0,47.38,0.0265452,1.57055,60651.2
603598.SH,20260428,32400,20.35,659340.0,20.5,0.0120275,0.230006,26938.3
603599.SH,20260428,155200,14.93,2317136.0,14.95,0.0170499,0.692428,91026.9
603600.SH,20260428,266800,11.83,3156244.0,11.81,0.0889221,3.17032,30003.8
603601.SH,20260428,1231000,14.65,18034150.0,14.94,0.107761,0.545273,114234.0
603602.SH,20260428,88500,12.84,1136340.0,13.2,0.0383022,2.48182,23105.8
603605.SH,20260428,21700,61.95,1344315.0,62.2,0.00548013,0.484134,39597.6
603606.SH,20260428,67800,63.73,4320894.0,64.11,0.00985873,0.330311,68771.5
603607.SH,20260428,5900,23.58,139122.0,23.6,0.00330501,0.150781,17851.7
603608.SH,20260428,48300,13.02,628866.0,13.02,0.0115072,0.225735,41973.6
603609.SH,20260428,13300,6.85,91105.0,6.84,0.00146429,0.396715,90829.1
603610.SH,20260428,128600,16.55,2128330.0,16.71,0.0364315,2.4904,35299.2
603611.SH,20260428,30000,21.03,630900.0,21.02,0.0116459,1.20297,25760.1
603612.SH,20260428,20000,25.05,501000.0,25.13,0.00401522,0.114806,49810.4
603613.SH,20260428,383000,27.59,10566970.0,28.74,0.0531547,2.66466,72053.8
603615.SH,20260428,16000,20.15,322400.0,20.3,0.00661649,0.353731,24182.0
603616.SH,20260428,83400,6.01,501234.0,6.01,0.0217022,0.467442,38429.3
603617.SH,20260428,27100,7.6,205960.0,7.66,0.00706389,0.402719,38364.1
603618.SH,20260428,483348,29.31,14166930.0,30.36,0.0699111,0.487616,69137.6
603619.SH,20260428,72600,33.58,2437908.0,33.73,0.0157028,0.324936,46233.8
603626.SH,20260428,843800,24.33,20529654.0,24.37,0.152069,2.50683,55488.0
603628.SH,20260428,38100,12.79,487299.0,12.81,0.0139985,0.430186,27217.2
603629.SH,20260428,1411100,119.35,168414785.0,108.5,0.549383,3.35467,25685.2
603630.SH,20260428,51000,16.85,859350.0,16.73,0.0226461,1.63036,22520.5
603633.SH,20260428,247300,8.18,2022914.0,8.41,0.0579414,1.19338,42681.1
603636.SH,20260428,23100,9.07,209517.0,9.07,0.00398028,0.297727,58036.1
603637.SH,20260428,42900,16.14,692406.0,16.28,0.0179734,0.220331,23868.6
603638.SH,20260428,26800,22.6,605680.0,22.65,0.00322469,0.249592,83108.9
603639.SH,20260428,9900,13.77,136323.0,13.76,0.00291281,0.280277,33987.8
603648.SH,20260428,23000,10.16,233680.0,10.18,0.00634635,0.716261,36241.3
603650.SH,20260428,116200,55.46,6444452.0,56.17,0.0189105,0.719891,61447.3
603655.SH,20260428,126600,49.53,6270498.0,51.8,0.119434,2.89449,10600.0
603656.SH,20260428,2200,20.39,44858.0,20.43,0.00120254,0.070167,18294.5
603657.SH,20260428,91700,28.41,2605197.0,28.35,0.0678304,5.61689,13519.0
603658.SH,20260428,1700,33.52,56984.0,33.5,0.000297502,0.0822728,57142.5
603659.SH,20260428,261600,36.98,9673968.0,36.97,0.0122449,0.366915,213640.0
603660.SH,20260428,186500,11.29,2105585.0,11.38,0.0326338,0.61423,57149.3
603661.SH,20260428,11400,32.24,367536.0,32.01,0.00819749,1.2902,13906.7
603662.SH,20260428,47100,56.1,2642310.0,56.88,0.0167717,1.40809,28083.0
603663.SH,20260428,27800,48.42,1346076.0,48.73,0.00657491,0.319376,42282.0
603665.SH,20260428,14300,26.64,380952.0,26.75,0.00892814,0.426641,16016.8
603666.SH,20260428,87800,28.7,2519860.0,29.15,0.0427187,1.90371,20553.0
603667.SH,20260428,74900,66.0,4943400.0,66.69,0.0204531,0.36713,36620.3
603668.SH,20260428,20800,13.32,277056.0,13.45,0.00411232,0.18058,50579.7
603669.SH,20260428,126100,4.29,540969.0,4.27,0.0177025,0.659705,71233.0
603676.SH,20260428,56600,10.56,597696.0,10.61,0.0130067,2.36907,43516.1
603677.SH,20260428,29400,15.95,468930.0,15.96,0.0152647,1.94985,19260.1
603678.SH,20260428,19700,34.65,682605.0,34.58,0.00414243,0.236405,47556.7
603679.SH,20260428,39000,13.8,538200.0,13.91,0.0219488,0.810382,17768.6
603680.SH,20260428,706700,14.25,10070475.0,14.51,0.0901727,7.30742,78371.9
603681.SH,20260428,50500,17.44,880720.0,17.4,0.0212415,1.19356,23774.2
603682.SH,20260428,575300,7.81,4493093.0,7.85,0.121757,2.8053,47250.0
603683.SH,20260428,33800,27.9,943020.0,27.9,0.0117292,0.258273,28816.9
603685.SH,20260428,14200,33.51,475842.0,33.79,0.00704834,0.358838,20146.6
603686.SH,20260428,30100,18.8,565880.0,18.81,0.0072455,0.263224,41543.0
603687.SH,20260428,833900,16.0,13342400.0,16.48,0.151609,0.925266,55003.2
603688.SH,20260428,82500,52.5,4331250.0,52.9,0.0152304,0.29916,54167.8
603689.SH,20260428,23000,8.21,188830.0,8.21,0.00439395,0.568564,52344.7
603690.SH,20260428,1559940,23.67,36923780.0,26.3,0.407333,14.7742,38296.4
603693.SH,20260428,145308,14.77,2146199.0,15.07,0.0162997,0.389488,89147.6
603696.SH,20260428,16600,15.4,255640.0,15.55,0.00705782,0.265421,23520.0
603697.SH,20260428,505100,11.0,5556100.0,10.86,0.118099,5.60531,42769.2
603698.SH,20260428,256400,40.6,10409840.0,40.26,0.0478367,0.530199,53599.0
603699.SH,20260428,19700,58.15,1145555.0,58.01,0.00259846,0.194418,75814.3
603700.SH,20260428,15300,13.02,199206.0,13.12,0.00765146,0.352021,19996.2
603701.SH,20260428,7100,26.01,184671.0,26.0,0.00271654,0.150118,26136.2
603703.SH,20260428,21900,13.65,298935.0,13.7,0.00527734,0.191983,41498.2
603706.SH,20260428,90500,20.98,1898690.0,20.63,0.0477868,6.29326,18938.3
603707.SH,20260428,21200,9.35,198220.0,9.38,0.00131217,0.313939,161564.0
603708.SH,20260428,16000,10.8,172800.0,10.89,0.00250651,0.280052,63833.9
603709.SH,20260428,46600,18.57,865362.0,18.31,0.0372474,0.692202,12510.9
603711.SH,20260428,1600,12.43,19888.0,12.49,0.000387527,0.115677,41287.4
603712.SH,20260428,6100,16.16,98576.0,16.2,0.000790155,0.0729023,77200.0
603713.SH,20260428,700,56.91,39837.0,56.78,0.00044268,0.05599,15812.8
603716.SH,20260428,20100,21.2,426120.0,21.32,0.00890205,0.210505,22579.1
603717.SH,20260428,38600,6.79,262094.0,6.81,0.0133036,0.568041,29014.6
603718.SH,20260428,188900,3.87,731043.0,3.88,0.0291072,0.864699,64898.0
603719.SH,20260428,16300,10.35,168705.0,10.44,0.00406484,0.330435,40100.0
603721.SH,20260428,69820,23.16,1617031.0,23.14,0.0537077,2.64702,13000.0
603722.SH,20260428,1800,38.53,69354.0,38.72,0.00188088,0.112713,9570.01
603725.SH,20260428,28200,9.78,275796.0,9.85,0.00983752,0.362812,28665.8
603726.SH,20260428,124400,24.56,3055264.0,24.62,0.0673502,3.2646,18470.6
603727.SH,20260428,13200,18.3,241560.0,18.26,0.00468552,0.239794,28171.9
603728.SH,20260428,37600,58.1,2184560.0,57.72,0.00897626,0.817786,41888.2
603729.SH,20260428,96400,17.03,1641692.0,17.3,0.104595,3.9221,9216.51
603730.SH,20260428,72000,10.43,750960.0,10.52,0.00335104,0.328967,214859.0
603733.SH,20260428,700,21.95,15365.0,21.97,9.89086e-05,0.0259956,70772.4
603737.SH,20260428,10600,43.35,459510.0,43.38,0.00143667,0.134448,73781.8
603738.SH,20260428,552100,39.0,21531900.0,38.93,0.143073,0.714602,38588.8
603739.SH,20260428,13700,14.98,205226.0,15.14,0.0054144,0.356467,25302.9
603755.SH,20260428,7100,28.22,200362.0,28.22,0.00719981,0.560279,9861.37
603757.SH,20260428,32700,50.53,1652331.0,51.05,0.0175291,0.231511,18654.7
603758.SH,20260428,500,12.65,6325.0,12.65,0.000113948,0.0172056,43879.7
603759.SH,20260428,6300,9.37,59031.0,9.37,0.00136435,0.168028,46176.0
603766.SH,20260428,17800,15.4,274120.0,15.46,0.000866795,0.0909313,205354.0
603767.SH,20260428,21000,19.19,402990.0,19.15,0.00680423,0.449129,30863.2
603768.SH,20260428,61100,11.54,705094.0,11.29,0.025677,2.72255,23795.6
603773.SH,20260428,705800,66.9,47218020.0,64.13,0.314166,2.31797,22465.9
603776.SH,20260428,101300,20.9,2117170.0,20.65,0.0360806,1.85593,28076.1
603777.SH,20260428,83800,15.25,1277950.0,15.4,0.025058,0.493274,33442.4
603778.SH,20260428,282600,26.21,7406946.0,26.36,0.04396,0.304651,64285.7
603779.SH,20260428,55200,6.34,349968.0,6.4,0.0166224,1.0425,33208.3
603786.SH,20260428,5300,54.1,286730.0,54.4,0.00131235,0.130332,40385.7
603787.SH,20260428,53900,11.9,641410.0,11.94,0.0234201,0.662327,23014.4
603788.SH,20260428,54800,17.36,951328.0,17.7,0.0245668,0.356944,22306.5
603789.SH,20260428,145400,5.7,828780.0,5.71,0.0559231,2.50031,26000.0
603790.SH,20260428,14400,24.0,345600.0,24.24,0.00752508,0.389303,19136.0
603797.SH,20260428,57800,4.71,272238.0,4.73,0.0100242,1.19178,57660.5
603798.SH,20260428,133300,18.6,2479380.0,18.22,0.051979,1.71304,25645.0
603799.SH,20260428,463930,65.31,30299268.0,66.3,0.0245777,0.601511,188761.0
603800.SH,20260428,33800,50.67,1712646.0,51.5,0.01625,0.387723,20800.0
603801.SH,20260428,36187,8.85,320255.0,8.82,0.00833127,1.78158,43435.1
603803.SH,20260428,214500,13.93,2987985.0,13.88,0.0504844,0.387173,42488.4
603806.SH,20260428,507000,19.0,9633000.0,18.9,0.0194346,0.975674,260874.0
603808.SH,20260428,60300,10.56,636768.0,10.61,0.0163374,0.5269,36909.3
603809.SH,20260428,14900,10.78,160622.0,10.86,0.00161906,0.14978,92028.9
603810.SH,20260428,52700,15.8,832660.0,16.04,0.0318736,2.10066,16534.1
603811.SH,20260428,67700,11.85,802245.0,11.91,0.0206841,0.748502,32730.4
603813.SH,20260428,13400,34.1,456940.0,34.99,0.0127601,1.00585,10501.5
603815.SH,20260428,534300,6.76,3611868.0,6.91,0.0863272,0.889955,61892.4
603816.SH,20260428,18200,28.72,522704.0,28.86,0.00224092,0.267517,81216.6
603817.SH,20260428,153000,7.28,1113840.0,7.32,0.0268381,1.22422,57008.4
603818.SH,20260428,84300,3.46,291678.0,3.46,0.0122789,0.647465,68654.4
603819.SH,20260428,132100,14.66,1936586.0,14.64,0.0606714,1.09645,21773.0
603822.SH,20260428,1300,81.63,106119.0,82.27,0.00169214,0.0791288,7682.59
603823.SH,20260428,4600,16.21,74566.0,16.3,0.00110479,0.0910432,41636.8
603825.SH,20260428,6200,8.71,54002.0,8.71,0.00244734,0.247746,25333.7
603826.SH,20260428,63500,35.4,2247900.0,35.85,0.0096917,0.436259,65520.0
603829.SH,20260428,21300,29.89,636657.0,29.3,0.0114352,0.233133,18626.6
603833.SH,20260428,20900,46.66,975194.0,47.0,0.00343099,0.672785,60915.3
603836.SH,20260428,55400,13.72,760088.0,13.97,0.0269934,1.61598,20523.5
603838.SH,20260428,137100,9.18,1258578.0,9.0,0.0428416,4.58639,32001.6
603839.SH,20260428,58100,7.57,439817.0,7.6,0.0150123,1.25768,38701.6
603843.SH,20260428,1068200,7.89,8428098.0,7.74,0.152682,4.20814,69962.3
603848.SH,20260428,11900,15.68,186592.0,15.8,0.00295721,0.651377,40240.7
603855.SH,20260428,1200,19.46,23352.0,19.46,0.00035764,0.0898526,33553.2
603856.SH,20260428,16500,12.65,208725.0,12.75,0.0058499,0.205873,28205.6
603858.SH,20260428,32100,16.22,520662.0,16.2,0.0030439,0.755813,105457.0
603859.SH,20260428,4500,39.45,177525.0,39.49,0.001839,0.0764625,24469.8
603860.SH,20260428,13100,31.99,419069.0,32.14,0.0196461,1.06684,6668.0
603861.SH,20260428,30000,16.21,486300.0,16.27,0.00567551,0.132249,52858.6
603863.SH,20260428,8700,17.65,153555.0,17.7,0.00425116,0.11655,20465.0
603866.SH,20260428,25200,5.01,126252.0,5.02,0.00157528,0.324645,159972.0
603867.SH,20260428,10700,33.95,363265.0,33.79,0.0049609,0.190507,21568.7
603868.SH,20260428,15300,34.0,520200.0,34.48,0.0035124,0.624458,43560.0
603869.SH,20260428,10200,10.28,104856.0,10.3,0.00206429,0.637611,49411.7
603871.SH,20260428,251800,13.7,3449660.0,13.47,0.0184063,1.72876,136801.0
603876.SH,20260428,295100,28.3,8351330.0,28.13,0.0317562,0.521806,92926.7
603877.SH,20260428,48600,14.38,698868.0,14.38,0.0103553,2.18313,46932.4
603878.SH,20260428,28900,8.02,231778.0,8.02,0.00515025,0.167804,56113.8
603879.SH,20260428,57100,5.76,328896.0,5.76,0.01589,0.410843,35934.4
603880.SH,20260428,10600,6.54,69324.0,6.54,0.00366729,0.21885,28904.2
603881.SH,20260428,74800,37.13,2777324.0,37.3,0.0104124,0.151515,71837.7
603882.SH,20260428,25800,28.07,724206.0,28.2,0.00560706,0.422874,46013.5
603883.SH,20260428,23500,13.99,328765.0,14.01,0.00309663,0.196589,75889.0
603885.SH,20260428,22700,11.65,264455.0,11.67,0.00103937,0.184499,218401.0
603886.SH,20260428,169700,12.2,2070340.0,12.34,0.0707083,2.505,24000.0
603887.SH,20260428,126900,16.09,2041821.0,15.95,0.0213177,0.489967,59527.9
603888.SH,20260428,22200,20.35,451770.0,20.41,0.00329017,0.27155,67473.8
603889.SH,20260428,48200,8.84,426088.0,8.84,0.00665083,0.298125,72472.1
603890.SH,20260428,416600,19.01,7919566.0,18.51,0.0932391,0.850396,44680.8
603893.SH,20260428,81100,183.35,14869685.0,185.49,0.0192693,0.880702,42087.7
603895.SH,20260428,9200,28.89,265788.0,29.4,0.00851221,0.405739,10808.0
603896.SH,20260428,700,18.33,12831.0,18.39,0.0003531,0.050352,19824.4
603897.SH,20260428,25600,48.7,1246720.0,48.7,0.012401,0.215807,20643.6
603898.SH,20260428,3100,13.55,42005.0,13.68,0.00099568,0.04152,31134.5
603899.SH,20260428,2300,24.94,57362.0,24.94,0.000249737,0.0782915,92097.0
603900.SH,20260428,23300,7.64,178012.0,7.66,0.00679848,0.385109,34272.4
603901.SH,20260428,150600,12.69,1911114.0,12.62,0.0295755,0.915135,50920.5
603903.SH,20260428,57500,12.08,694600.0,12.18,0.0225208,0.49675,25531.9
603906.SH,20260428,511200,31.28,15990336.0,31.51,0.0904652,0.570465,56507.9
603908.SH,20260428,36100,23.48,847628.0,23.48,0.0387643,3.07967,9312.7
603909.SH,20260428,31800,11.8,375240.0,11.76,0.0121992,0.308993,26067.3
603912.SH,20260428,144100,10.53,1517373.0,10.64,0.026593,0.22829,54187.1
603915.SH,20260428,70200,15.3,1074060.0,15.38,0.0106909,1.29357,65663.2
603916.SH,20260428,137800,11.35,1564030.0,11.2,0.0327839,1.1993,42032.8
603917.SH,20260428,20700,13.09,270963.0,13.13,0.010155,0.447242,20384.0
603918.SH,20260428,5600,13.45,75320.0,13.54,0.00153379,0.0906918,36510.8
603919.SH,20260428,14500,18.08,262160.0,18.07,0.00285849,0.216262,50726.0
603920.SH,20260428,74500,55.95,4168275.0,56.15,0.0103387,0.148032,72059.2
603922.SH,20260428,73900,22.05,1629495.0,21.96,0.0412388,0.640433,17920.0
603926.SH,20260428,30000,19.79,593700.0,19.79,0.0129961,0.265841,23083.9
603927.SH,20260428,11200,16.63,186256.0,16.64,0.00134771,0.155675,83104.0
603928.SH,20260428,15600,15.6,243360.0,15.73,0.00595238,0.29456,26208.0
603929.SH,20260428,24900,192.81,4800969.0,194.75,0.0116704,0.431458,21336.0
603931.SH,20260428,553600,35.0,19376000.0,34.47,0.277413,6.60444,19955.8
603933.SH,20260428,35500,21.73,771415.0,22.06,0.0171048,0.335354,20754.5
603936.SH,20260428,858320,14.96,12840467.0,15.92,0.136155,1.45441,63039.8
603937.SH,20260428,300000,12.29,3687000.0,12.47,0.143616,3.2809,20889.1
603938.SH,20260428,87700,30.08,2638016.0,30.17,0.0229206,0.374424,38262.4
603939.SH,20260428,14800,23.39,346172.0,23.5,0.00122073,0.120932,121239.0
603948.SH,20260428,19300,27.49,530557.0,27.6,0.0118777,0.99869,16248.9
603949.SH,20260428,21700,17.96,389732.0,17.88,0.0103232,0.453947,21020.5
603950.SH,20260428,21600,59.14,1277424.0,59.0,0.00667477,0.183836,32360.7
603955.SH,20260428,7800,25.05,195390.0,25.06,0.00574713,0.554765,13572.0
603956.SH,20260428,41900,5.71,239249.0,5.75,0.00735209,0.546672,56990.6
603958.SH,20260428,59700,23.5,1402950.0,23.6,0.0272155,0.517931,21936.0
603960.SH,20260428,10600,22.3,236380.0,22.39,0.00404275,0.0735888,26219.8
603966.SH,20260428,121700,14.09,1714753.0,14.16,0.0305993,0.975203,39772.2
603967.SH,20260428,152400,13.9,2118360.0,14.0,0.0439615,1.86946,34666.7
603968.SH,20260428,7700,11.9,91630.0,11.96,0.00376565,0.210877,20448.0
603969.SH,20260428,198300,9.25,1834275.0,9.46,0.0235006,1.2705,84380.8
603970.SH,20260428,7200,13.09,94248.0,13.12,0.00267857,0.271063,26880.0
603976.SH,20260428,13800,21.46,296148.0,21.4,0.00912675,0.50359,15120.4
603977.SH,20260428,20100,13.71,275571.0,13.76,0.00323546,0.0983622,62124.2
603978.SH,20260428,31300,26.03,814739.0,26.26,0.0148275,0.316806,21109.4
603979.SH,20260428,75400,60.9,4591860.0,61.81,0.0120874,0.997415,62378.9
603980.SH,20260428,37800,6.09,230202.0,6.12,0.00558483,0.224043,67683.3
603982.SH,20260428,277600,7.4,2054240.0,7.49,0.0817544,3.18007,33955.4
603983.SH,20260428,14600,25.13,366898.0,25.31,0.0036409,0.615099,40100.0
603985.SH,20260428,201700,26.1,5264370.0,26.39,0.0457517,0.335745,44085.8
603986.SH,20260428,174710,305.0,53286550.0,303.42,0.0261603,0.465905,66784.5
603987.SH,20260428,73700,8.71,641927.0,8.82,0.0168731,1.3722,43679.1
603988.SH,20260428,27600,25.84,713184.0,26.21,0.0117347,0.352962,23520.0
603989.SH,20260428,39400,20.0,788000.0,20.14,0.00988014,0.511891,39878.0
603990.SH,20260428,21600,15.13,326808.0,15.13,0.00705231,0.177243,30628.3
603991.SH,20260428,4800,110.34,529632.0,110.6,0.00643993,0.135164,7453.5
603992.SH,20260428,4800,33.43,160464.0,33.36,0.00108342,0.115597,44304.2
603993.SH,20260428,1433700,18.76,26896212.0,19.0,0.00821094,0.720104,1746080.0
603995.SH,20260428,35800,19.5,698100.0,19.52,0.00979164,0.65775,36561.8
603997.SH,20260428,14300,12.73,182039.0,12.77,0.00112398,0.218299,127226.0
603998.SH,20260428,171500,10.79,1850485.0,10.79,0.0390588,1.99541,43908.1
603999.SH,20260428,24300,6.69,162567.0,6.69,0.00421875,0.265267,57600.0
605001.SH,20260428,52500,7.3,383250.0,7.31,0.0133627,0.578798,39288.6
605003.SH,20260428,10100,26.26,265226.0,28.08,0.00918182,0.695255,11000.0
605005.SH,20260428,10400,20.32,211328.0,20.16,0.00259352,0.27165,40100.0
605006.SH,20260428,1079400,11.39,12294366.0,11.34,0.179885,2.34018,60004.8
605007.SH,20260428,5200,15.31,79612.0,15.32,0.00129497,0.0592507,40155.3
605008.SH,20260428,29600,12.0,355200.0,11.87,0.00458231,1.61025,64596.2
605009.SH,20260428,6200,28.29,175398.0,28.3,0.00288321,0.703451,21503.8
605011.SH,20260428,24800,19.98,495504.0,19.99,0.00619845,0.476434,40010.0
605016.SH,20260428,23700,26.26,622362.0,26.51,0.00564269,0.348762,42001.2
605018.SH,20260428,8400,12.62,106008.0,12.6,0.00178698,0.123293,47006.6
605020.SH,20260428,55100,26.65,1468415.0,26.76,0.0109559,0.431789,50292.4
605028.SH,20260428,8400,29.25,245700.0,29.39,0.00525,0.293556,16000.0
605033.SH,20260428,700,22.47,15729.0,22.47,0.000517751,0.0320384,13520.0
605050.SH,20260428,1300,12.87,16731.0,12.92,0.000263783,0.0256896,49282.9
605055.SH,20260428,21800,11.17,243506.0,11.3,0.00495455,0.330283,44000.0
605056.SH,20260428,31800,26.02,827436.0,26.62,0.00788313,0.226867,40339.3
605058.SH,20260428,54500,36.93,2012685.0,36.93,0.0381322,1.17088,14292.4
605060.SH,20260428,55000,58.02,3191100.0,57.51,0.0230183,0.54856,23894.0
605066.SH,20260428,20400,7.52,153408.0,7.56,0.00406024,0.184313,50243.3
605068.SH,20260428,2100,26.35,55335.0,26.43,0.00129471,0.0574619,16219.8
605069.SH,20260428,0,,0.0,14.18,0.0,0.0,21169.8
605077.SH,20260428,36100,16.9,610090.0,16.98,0.0120563,0.252862,29943.0
605080.SH,20260428,26500,24.35,645275.0,24.75,0.0188812,0.909464,14035.1
605081.SH,20260428,4000,5.29,21160.0,5.57,0.0035321,4.79157,11324.7
605086.SH,20260428,0,,0.0,31.15,0.0,0.0,17920.0
605088.SH,20260428,5300,36.01,190853.0,36.27,0.00265378,0.105987,19971.5
605089.SH,20260428,49900,28.3,1412170.0,28.38,0.0361594,1.5828,13800.0
605090.SH,20260428,171800,47.0,8074600.0,46.36,0.0244,0.408016,70409.8
605098.SH,20260428,49300,62.91,3101463.0,66.85,0.0413413,2.3781,11925.1
605099.SH,20260428,12100,39.2,474320.0,39.75,0.00301405,0.345645,40145.3
605100.SH,20260428,2700,48.05,129735.0,48.4,0.00158887,0.064527,16993.2
605108.SH,20260428,29600,16.9,500240.0,17.06,0.0113846,0.65031,26000.0
605111.SH,20260428,384600,39.51,15195546.0,40.1,0.0926005,1.94387,41533.3
605116.SH,20260428,18400,23.74,436816.0,23.63,0.00452998,0.251564,40618.3
605117.SH,20260428,82200,139.81,11492382.0,140.7,0.0090396,0.64489,90933.3
605118.SH,20260428,65900,48.34,3185606.0,47.36,0.0161177,1.39702,40886.9
605122.SH,20260428,54700,13.9,760330.0,13.9,0.031737,1.16141,17235.4
605123.SH,20260428,2400,100.2,240480.0,100.3,0.00198067,0.0802941,12117.1
605128.SH,20260428,40700,33.45,1361415.0,33.61,0.0192764,2.23449,21113.9
605133.SH,20260428,16100,31.02,499422.0,31.16,0.00570683,0.153137,28211.8
605136.SH,20260428,279800,11.08,3100184.0,10.83,0.0698699,3.50575,40045.9
605138.SH,20260428,1132900,7.43,8417447.0,7.43,0.203916,26.7199,55557.1
605151.SH,20260428,88700,20.6,1827220.0,20.61,0.0659214,3.54986,13455.4
605155.SH,20260428,25300,15.79,399487.0,15.74,0.0135418,1.14855,18682.8
605158.SH,20260428,1900,7.19,13661.0,7.19,0.000371515,0.0406877,51142.0
605162.SH,20260428,82900,11.9,986510.0,11.93,0.0201775,0.267633,41085.3
605166.SH,20260428,18600,11.62,216132.0,11.7,0.00590978,0.165787,31473.3
605167.SH,20260428,2200,17.18,37796.0,17.19,0.000489869,0.0414553,44909.9
605168.SH,20260428,54400,39.5,2148800.0,40.08,0.0258044,0.625934,21081.7
605169.SH,20260428,64700,12.6,815220.0,12.88,0.0228719,1.58906,28288.0
605177.SH,20260428,18200,21.15,384930.0,21.32,0.0161657,0.818245,11258.4
605178.SH,20260428,26200,70.92,1858104.0,70.95,0.0264433,0.485538,9908.0
605179.SH,20260428,9000,17.3,155700.0,17.31,0.00224439,0.234934,40100.0
605180.SH,20260428,31200,15.49,483288.0,15.33,0.0184615,1.79058,16900.0
605183.SH,20260428,33600,17.19,577584.0,17.68,0.00814685,1.06325,41242.9
605186.SH,20260428,20000,19.99,399800.0,20.04,0.0147059,1.34263,13600.0
605188.SH,20260428,67100,16.34,1096414.0,16.51,0.013357,0.467714,50235.9
605189.SH,20260428,23900,17.58,420162.0,17.85,0.0123147,0.321702,19407.8
605196.SH,20260428,54000,42.26,2282040.0,42.89,0.0106939,0.461476,50496.3
605198.SH,20260428,300,46.19,13857.0,46.1,0.000110891,0.0117132,27053.6
605199.SH,20260428,11500,6.64,76360.0,6.61,0.00287422,0.65551,40010.9
605208.SH,20260428,43800,15.9,696420.0,15.78,0.0132751,0.206172,32994.0
605218.SH,20260428,6400,18.0,115200.0,18.13,0.00300705,0.242741,21283.3
605222.SH,20260428,135600,33.0,4474800.0,33.44,0.0328406,0.470888,41290.3
605228.SH,20260428,15600,14.86,231816.0,14.97,0.00326951,0.18421,47713.5
605255.SH,20260428,17300,106.0,1833800.0,108.52,0.0129027,0.905297,13408.0
605258.SH,20260428,82001,36.36,2981556.0,38.08,0.093183,2.26119,8800.0
605259.SH,20260428,24100,21.63,521283.0,21.76,0.0139726,1.14535,17248.0
605266.SH,20260428,105800,19.78,2092724.0,19.11,0.0684599,8.09789,15454.3
605268.SH,20260428,107800,13.15,1417570.0,13.35,0.0244694,0.595071,44055.0
605277.SH,20260428,16500,23.73,391545.0,23.87,0.00518648,0.272169,31813.5
605286.SH,20260428,4000,42.28,169120.0,43.26,0.00238095,0.12849,16800.0
605287.SH,20260428,345800,50.28,17386824.0,49.28,0.247,4.5733,14000.0
605288.SH,20260428,2400,81.55,195720.0,82.48,0.00341886,0.235602,7019.89
605289.SH,20260428,120100,148.0,17774800.0,142.29,0.110857,3.42705,10833.8
605296.SH,20260428,12400,28.07,348068.0,28.08,0.00239389,0.401045,51798.4
605298.SH,20260428,25700,61.63,1583891.0,63.27,0.0137986,0.523189,18625.1
605299.SH,20260428,478000,22.1,10563800.0,22.25,0.116806,1.04466,40922.7
605300.SH,20260428,29200,11.12,324704.0,11.14,0.00642608,1.32011,45439.9
605303.SH,20260428,6500,22.8,148200.0,22.8,0.00403132,0.116171,16123.7
605305.SH,20260428,236400,46.9,11087160.0,45.45,0.111237,3.29355,21252.0
605318.SH,20260428,18500,97.0,1794500.0,96.16,0.0147142,0.505404,12572.9
605319.SH,20260428,23300,27.24,634692.0,27.55,0.00669249,0.276767,34815.2
605333.SH,20260428,11600,23.76,275616.0,23.75,0.00249978,0.359149,46404.0
605336.SH,20260428,84920,17.36,1474211.0,16.53,0.0463,1.318,18341.2
605337.SH,20260428,55800,10.97,612126.0,11.09,0.0143039,1.95584,39010.2
605338.SH,20260428,700,23.45,16415.0,23.55,0.000292194,0.0179861,23956.7
605339.SH,20260428,4700,15.8,74260.0,16.03,0.00110773,0.407314,42429.1
605358.SH,20260428,324200,40.24,13045808.0,40.44,0.0482888,1.48758,67137.8
605365.SH,20260428,60800,29.99,1823392.0,29.94,0.0121112,0.340614,50201.3
605366.SH,20260428,49900,13.2,658680.0,13.19,0.00642977,0.141846,77607.8
605368.SH,20260428,25500,7.75,197625.0,7.76,0.00356825,0.274124,71463.6
605369.SH,20260428,4400,18.77,82588.0,18.81,0.00199553,0.250507,22049.3
605376.SH,20260428,22800,118.63,2704764.0,119.0,0.0087156,0.216801,26160.0
605377.SH,20260428,9800,9.33,91434.0,9.36,0.00176047,0.142883,55667.0
605378.SH,20260428,30500,20.3,619150.0,20.53,0.0116703,1.53803,26134.6
605388.SH,20260428,105100,6.69,703119.0,6.74,0.0175025,0.181577,60048.4
605389.SH,20260428,24700,93.59,2311673.0,95.34,0.0181262,1.01422,13626.7
605398.SH,20260428,3700,26.93,99641.0,27.23,0.0022739,0.140374,16271.6
605399.SH,20260428,17900,14.85,265815.0,15.0,0.00574588,0.557454,31152.7
605488.SH,20260428,41500,32.15,1334225.0,32.69,0.015025,0.797421,27620.7
605499.SH,20260428,10400,197.88,2057952.0,197.75,0.00199995,0.348384,52001.3
605500.SH,20260428,27100,9.07,245797.0,9.17,0.00653958,0.663719,41440.0
605507.SH,20260428,10100,23.98,242198.0,23.97,0.00180737,0.377855,55882.4
605555.SH,20260428,14500,15.68,227360.0,15.72,0.00299544,0.265179,48406.9
605566.SH,20260428,3500,32.2,112700.0,32.48,0.00262487,0.133802,13334.0
605567.SH,20260428,11900,10.91,129829.0,10.94,0.00595,0.263114,20000.0
605577.SH,20260428,31900,11.3,360470.0,11.35,0.0071775,0.740648,44444.4
605580.SH,20260428,10500,21.88,229740.0,22.06,0.00375,0.371381,28000.0
605588.SH,20260428,20000,56.78,1135600.0,57.63,0.0273599,0.713625,7309.96
605589.SH,20260428,449200,40.13,18026396.0,39.7,0.053248,0.929809,84360.0
605598.SH,20260428,5200,47.18,245336.0,47.2,0.00213977,0.0740825,24301.7
605599.SH,20260428,19200,22.62,434304.0,22.76,0.00246857,0.60633,77777.8
688001.SH,20260428,303382,59.8,18142244.0,60.66,0.068254,1.74435,44449.0
688002.SH,20260428,485109,158.0,76647222.0,138.0,0.10416,5.70891,46573.6
688003.SH,20260428,5295,71.0,375945.0,71.65,0.00272488,0.156727,19432.1
688004.SH,20260428,9900,22.37,221463.0,22.39,0.0123614,0.680306,8008.8
688005.SH,20260428,313142,35.18,11016336.0,34.65,0.0438194,0.84066,71461.9
688006.SH,20260428,15081,31.75,478822.0,31.71,0.00249821,0.126625,60367.2
688007.SH,20260428,5451,15.1301,82474.0,15.15,0.00118599,0.0937031,45961.6
688008.SH,20260428,1551457,172.7,267936624.0,178.09,0.13533,2.50075,114643.0
688009.SH,20260428,70503,5.26,370846.0,5.27,0.000817804,0.237171,862102.0
688010.SH,20260428,53262,35.0,1864170.0,35.4,0.0331723,1.1864,16056.2
688011.SH,20260428,500,66.25,33125.0,66.27,0.000501693,0.0317294,9966.25
688012.SH,20260428,189456,353.02,66881757.0,352.01,0.0302202,1.18101,62691.8
688013.SH,20260428,600,37.51,22506.0,37.51,0.000739321,0.0562304,8115.56
688015.SH,20260428,28684,22.7,651127.0,23.05,0.0152024,1.84766,18868.1
688016.SH,20260428,5881,96.67,568516.0,96.65,0.00477113,0.380825,12326.2
688017.SH,20260428,17467,212.0,3703004.0,213.8,0.00952762,0.255528,18333.0
688018.SH,20260428,20516,173.98,3569374.0,176.25,0.0122745,0.321178,16714.3
688019.SH,20260428,26279,254.2,6680122.0,256.2,0.0150171,0.680082,17499.4
688020.SH,20260428,145133,142.09,20621948.0,138.72,0.176156,1.64451,8238.9
688021.SH,20260428,9790,24.59,240736.0,24.36,0.0128118,0.576193,7641.37
688022.SH,20260428,15530,16.41,254847.0,16.74,0.00882997,0.295994,17587.8
688023.SH,20260428,29882,50.01,1494399.0,51.27,0.0293581,1.25578,10178.4
688025.SH,20260428,17923,308.29,5525482.0,312.0,0.0188565,0.356808,9504.94
688026.SH,20260428,1399,16.2502,22734.0,16.18,0.00099701,0.0781039,14032.0
688027.SH,20260428,15404,566.57,8727444.0,559.58,0.0191653,0.752799,8037.44
688028.SH,20260428,20777,115.0,2389355.0,115.67,0.0137643,0.266108,15094.9
688029.SH,20260428,54866,77.78,4267477.0,75.77,0.0292077,4.88576,18784.7
688030.SH,20260428,19403,15.93,309090.0,15.99,0.0107653,0.914078,18023.6
688031.SH,20260428,8300,135.29,1122907.0,135.3,0.00685181,0.149578,12113.6
688032.SH,20260428,10641,108.86,1158379.0,108.81,0.00857637,0.711711,12407.4
688033.SH,20260428,14478,7.89999,114376.0,7.96,0.00257525,0.119989,56219.9
688035.SH,20260428,32483,72.2,2345273.0,73.63,0.0228368,0.357725,14224.0
688036.SH,20260428,730334,60.77,44382397.0,57.8,0.063442,5.13602,115118.0
688037.SH,20260428,86086,206.0,17733716.0,212.0,0.0426956,1.04298,20162.7
688038.SH,20260428,5799,22.91,132855.0,22.55,0.0049831,0.184086,11637.3
688039.SH,20260428,2100,41.72,87612.0,41.74,0.00189871,0.0899088,11060.1
688041.SH,20260428,456253,290.0,132313370.0,296.27,0.0196294,1.25389,232434.0
688045.SH,20260428,7786,56.0301,436250.0,56.62,0.0110319,0.230972,7057.7
688046.SH,20260428,18102,19.34,350093.0,19.5,0.00441512,0.2017,41000.0
688047.SH,20260428,304026,156.0,47428056.0,159.31,0.075817,2.41582,40100.0
688048.SH,20260428,158528,393.93,62448935.0,385.0,0.0899297,0.889539,17628.0
688049.SH,20260428,52226,48.0,2506848.0,48.21,0.0298149,0.902596,17516.8
688050.SH,20260428,2140,52.6201,112607.0,52.65,0.0011065,0.103223,19340.3
688051.SH,20260428,5838,37.9,221260.0,38.71,0.00754907,0.20228,7733.4
688052.SH,20260428,6857,185.08,1269094.0,187.5,0.00481097,0.144575,14252.8
688053.SH,20260428,0,,0.0,39.07,0.0,0.0,10000.0
688055.SH,20260428,132281,4.25,562194.0,4.23,0.00396843,0.620892,333333.0
688056.SH,20260428,3900,36.1,140790.0,36.13,0.00578185,0.639709,6745.25
688057.SH,20260428,4659,12.5999,58703.0,12.57,0.00168804,0.402964,27600.0
688058.SH,20260428,4641,28.6399,132918.0,28.68,0.00611974,0.278025,7583.65
688059.SH,20260428,5144,118.5,609564.0,117.95,0.00549699,0.155143,9357.86
688060.SH,20260428,1200,46.03,55236.0,46.53,0.00199366,0.290274,6019.07
688061.SH,20260428,3689,35.0201,129189.0,35.4,0.00321091,0.261424,11488.9
688062.SH,20260428,12245,36.9,451841.0,37.03,0.00599745,0.134078,20417.0
688063.SH,20260428,26741,72.38,1935514.0,72.76,0.0108987,0.201588,24535.9
688065.SH,20260428,13387,47.0,629189.0,46.99,0.00229474,0.253153,58337.8
688066.SH,20260428,90323,18.5,1670976.0,18.66,0.0345696,0.630037,26127.8
688067.SH,20260428,3109,27.5002,85498.0,27.56,0.00457206,0.276206,6800.0
688068.SH,20260428,2000,110.58,221160.0,109.7,0.00215731,0.0988551,9270.79
688069.SH,20260428,1427,37.63,53698.0,37.95,0.00126283,0.0393835,11300.0
688070.SH,20260428,11799,47.58,561396.0,46.95,0.0133442,0.945789,8842.05
688071.SH,20260428,4322,32.5599,140724.0,32.92,0.00509732,0.191286,8478.97
688072.SH,20260428,78317,405.0,31718385.0,412.73,0.0277039,1.4863,28269.3
688073.SH,20260428,2318,55.78,129298.0,55.53,0.00255053,0.192391,9088.29
688075.SH,20260428,800,37.27,29816.0,37.42,0.000629511,0.156019,12708.3
688076.SH,20260428,15085,29.7,448025.0,29.36,0.00477295,0.676502,31605.2
688077.SH,20260428,17400,29.89,520086.0,29.67,0.0151994,0.813428,11447.9
688078.SH,20260428,10100,25.21,254621.0,25.5,0.0138559,1.40677,7289.3
688079.SH,20260428,46874,16.0,749984.0,15.8,0.0115937,0.360011,40430.5
688080.SH,20260428,4934,45.6899,225434.0,45.77,0.0066987,0.124098,7365.61
688081.SH,20260428,6989,54.3,379503.0,53.49,0.0067828,0.247061,10304.0
688082.SH,20260428,255755,151.3,38695732.0,166.1,0.0538453,5.31498,47498.1
688083.SH,20260428,5649,53.9301,304651.0,54.54,0.00332987,0.171434,16964.6
688084.SH,20260428,14752,70.0,1032640.0,71.49,0.019498,0.630207,7565.91
688085.SH,20260428,41157,17.4,716132.0,17.61,0.0129123,0.960769,31874.1
688087.SH,20260428,88640,42.0,3722880.0,40.2,0.0475931,2.94193,18624.5
688088.SH,20260428,11301,41.25,466166.0,41.3,0.00281701,0.158466,40117.0
688089.SH,20260428,16263,15.31,248987.0,15.47,0.00966258,0.190965,16830.9
688090.SH,20260428,20605,75.88,1563507.0,74.33,0.0168383,0.481936,12237.0
688091.SH,20260428,31127,53.98,1680235.0,54.4,0.0150588,0.688843,20670.4
688092.SH,20260428,2700,29.28,79056.0,29.46,0.00326624,0.27236,8266.37
688093.SH,20260428,3504,31.6801,111007.0,31.78,0.00124972,0.125597,28038.3
688095.SH,20260428,6302,74.2701,468050.0,74.81,0.00689802,0.363822,9135.95
688096.SH,20260428,0,,0.0,8.31,0.0,0.0,23604.5
688097.SH,20260428,83552,58.35,4875259.0,59.1,0.0187754,0.639479,44500.9
688098.SH,20260428,900,8.66,7794.0,8.72,0.000219168,0.0258742,41064.4
688099.SH,20260428,117460,95.42,11208033.0,95.89,0.0278893,0.613158,42116.6
688100.SH,20260428,2400,36.88,88512.0,36.94,0.000488117,0.0958741,49168.5
688101.SH,20260428,123282,18.75,2311538.0,19.06,0.0371318,2.11669,33201.2
688102.SH,20260428,185798,38.9,7227542.0,37.82,0.023894,0.813824,77759.4
688103.SH,20260428,79849,56.61,4520252.0,60.8,0.0837733,5.80192,9531.56
688105.SH,20260428,6804,19.6099,133426.0,19.46,0.00171069,0.27109,39773.5
688106.SH,20260428,900281,41.0,36911521.0,38.45,0.168663,1.22084,53377.6
688107.SH,20260428,26508,30.72,814326.0,30.92,0.00661296,0.392202,40084.9
688108.SH,20260428,2400,20.92,50208.0,20.92,0.000574229,0.0203911,41795.2
688109.SH,20260428,4100,94.24,386384.0,95.97,0.00520025,0.30927,7884.23
688110.SH,20260428,285028,132.52,37771911.0,132.94,0.0644496,1.65872,44225.0
688111.SH,20260428,50483,253.5,12797441.0,253.5,0.0108947,0.659679,46337.2
688112.SH,20260428,39841,61.5,2450222.0,61.68,0.0249635,0.814315,15959.7
688113.SH,20260428,28584,40.65,1161940.0,39.53,0.0443868,3.46427,6439.76
688114.SH,20260428,46524,52.75,2454141.0,53.59,0.0112286,0.932544,41433.5
688115.SH,20260428,3150,51.58,162477.0,51.49,0.00472476,0.154205,6667.0
688116.SH,20260428,6763,41.78,282558.0,41.77,0.00184513,0.0714783,36653.2
688117.SH,20260428,6709,37.57,252057.0,37.79,0.00426277,0.141388,15738.6
688118.SH,20260428,19487,27.37,533359.0,27.67,0.0208826,0.581775,9331.67
688119.SH,20260428,111334,5.0,556670.0,5.04,0.00989636,0.870252,112500.0
688120.SH,20260428,22293,193.66,4317262.0,194.0,0.00630365,0.380061,35365.2
688121.SH,20260428,33629,9.83999,330909.0,9.96,0.0165933,0.582506,20266.7
688122.SH,20260428,21859,70.23,1535158.0,70.43,0.00336466,0.151003,64966.4
688123.SH,20260428,464901,110.0,51139110.0,125.65,0.293737,4.52521,15827.1
688125.SH,20260428,2100,212.99,447279.0,211.6,0.0025707,0.196001,8168.97
688126.SH,20260428,380817,21.0,7997157.0,21.1,0.0139409,0.546546,273166.0
688127.SH,20260428,18307,69.0,1263183.0,69.31,0.00451025,0.208491,40589.8
688128.SH,20260428,31337,26.26,822910.0,26.09,0.0077471,1.43697,40450.0
688129.SH,20260428,10379,29.71,308360.0,29.46,0.00861479,0.383985,12047.9
688130.SH,20260428,25122,23.62,593382.0,24.16,0.041672,0.906383,6028.51
688131.SH,20260428,6318,72.24,456412.0,71.68,0.00297873,0.181694,21210.4
688132.SH,20260428,1900,17.35,32965.0,17.66,0.00124815,0.171315,15222.5
688133.SH,20260428,6106,22.9201,139950.0,23.18,0.00371328,0.167778,16443.7
688135.SH,20260428,87699,36.77,3224692.0,37.18,0.0376223,0.48041,23310.4
688136.SH,20260428,12578,28.82,362498.0,28.78,0.00624971,0.248223,20125.7
688137.SH,20260428,1700,49.26,83742.0,48.77,0.0024225,0.209733,7017.54
688138.SH,20260428,24990,30.29,756947.0,30.49,0.00793837,0.363169,31480.0
688139.SH,20260428,35360,32.8,1159808.0,32.9,0.0111724,1.09593,31649.3
688141.SH,20260428,77839,83.57,6505005.0,84.38,0.0172852,0.365716,45032.2
688143.SH,20260428,55602,67.37,3745907.0,68.62,0.045436,0.443443,12237.4
688146.SH,20260428,402839,71.9,28964124.0,71.4,0.277876,1.58927,14497.1
688147.SH,20260428,32751,69.49,2275867.0,68.8,0.00710189,0.364248,46115.9
688148.SH,20260428,81642,10.18,831116.0,10.27,0.0160028,0.241272,51017.3
688150.SH,20260428,69656,52.41,3650671.0,52.93,0.0173085,0.460664,40243.8
688151.SH,20260428,6094,19.82,120783.0,19.85,0.00176894,0.20525,34450.0
688152.SH,20260428,6316,34.44,217523.0,34.84,0.00614215,0.701648,10283.0
688153.SH,20260428,171447,34.1,5846343.0,35.72,0.041894,3.65669,40924.0
688155.SH,20260428,9418,85.13,801754.0,85.51,0.00744883,0.243212,12643.6
688156.SH,20260428,34939,24.7,862993.0,24.99,0.0346913,0.718183,10071.4
688157.SH,20260428,0,,0.0,38.9,0.0,0.0,15643.1
688158.SH,20260428,101727,46.87,4767944.0,47.04,0.0250884,0.183457,40547.4
688159.SH,20260428,12914,45.35,585650.0,45.25,0.0139266,0.29878,9272.88
688160.SH,20260428,10957,106.0,1161442.0,107.26,0.0120629,0.555542,9083.22
688161.SH,20260428,1200,31.21,37452.0,31.22,0.0003,0.0299063,40000.0
688162.SH,20260428,4744,34.16,162055.0,34.08,0.00346023,0.194513,13710.1
688163.SH,20260428,17273,34.65,598509.0,35.07,0.015961,0.371226,10822.0
688165.SH,20260428,11572,17.32,200427.0,17.48,0.00221779,0.182741,52178.0
688166.SH,20260428,126121,60.5,7630321.0,62.18,0.0298085,0.808818,42310.4
688167.SH,20260428,27651,366.0,10120266.0,360.9,0.0307714,0.496123,8985.95
688168.SH,20260428,2689,87.6601,235718.0,86.81,0.00348384,0.105717,7718.5
688169.SH,20260428,14583,118.5,1728086.0,118.68,0.00562819,0.201462,25910.6
688170.SH,20260428,231778,58.65,13593780.0,63.1,0.224243,3.17841,10336.0
688171.SH,20260428,900,51.79,46611.0,51.8,0.00107433,0.0331814,8377.34
688172.SH,20260428,38080,42.99,1637059.0,43.2,0.00489346,0.189261,77818.1
688173.SH,20260428,55048,15.58,857648.0,15.58,0.0134182,0.666094,41024.9
688175.SH,20260428,6934,35.9001,248931.0,35.51,0.00536202,0.520289,12931.7
688176.SH,20260428,22859,13.07,298767.0,12.93,0.00524667,0.259069,43568.6
688177.SH,20260428,43929,21.9,962045.0,22.44,0.0106088,2.1275,41408.0
688178.SH,20260428,5649,33.6999,190371.0,33.59,0.00664605,0.255629,8499.78
688179.SH,20260428,165270,18.6,3074022.0,18.78,0.0474903,1.1056,34800.8
688180.SH,20260428,217002,41.5,9005583.0,40.77,0.0283147,1.11402,76639.4
688181.SH,20260428,42224,35.9,1515842.0,36.17,0.0313976,0.485631,13448.2
688182.SH,20260428,15100,31.55,476405.0,31.88,0.003775,0.192369,40000.0
688183.SH,20260428,69800,120.0,8376000.0,120.7,0.00839123,0.330124,83182.1
688184.SH,20260428,442527,12.62,5584691.0,12.19,0.44038,26.3564,10048.8
688185.SH,20260428,2684,66.0,177144.0,65.85,0.00234671,0.152272,11437.3
688186.SH,20260428,14240,20.55,292632.0,20.75,0.00507684,0.105713,28048.9
688187.SH,20260428,26484,50.7,1342739.0,50.74,0.00304797,0.609422,86890.8
688188.SH,20260428,5530,140.5,776965.0,141.27,0.00191528,0.391469,28873.0
688189.SH,20260428,18716,7.56,141493.0,7.61,0.0068207,0.432647,27440.0
688190.SH,20260428,2400,84.76,203424.0,84.56,0.002,0.177463,12000.0
688191.SH,20260428,29891,41.0,1225531.0,40.6,0.0129035,0.485463,23165.0
688192.SH,20260428,623,56.0,34888.0,56.2,0.000135078,0.0184159,46121.4
688193.SH,20260428,8741,60.3,527082.0,60.5,0.0218144,0.638202,4006.99
688195.SH,20260428,26704,339.0,9052656.0,339.65,0.0206448,0.254652,12935.0
688196.SH,20260428,13786,54.0,744444.0,55.0,0.0108388,0.765543,12719.1
688197.SH,20260428,1429,38.8202,55474.0,38.94,0.00223264,0.0947326,6400.49
688198.SH,20260428,227,100.0,22700.0,100.5,0.000164794,0.0325596,13774.8
688199.SH,20260428,8560,27.49,235314.0,27.48,0.00530928,0.181248,16122.7
688200.SH,20260428,10375,319.67,3316576.0,318.13,0.00765495,0.300593,13553.3
688202.SH,20260428,17301,71.0,1228371.0,70.16,0.0128773,0.570217,13435.2
688203.SH,20260428,28730,12.93,371479.0,13.03,0.0141752,0.491623,20267.8
688205.SH,20260428,526466,252.0,132669432.0,236.57,0.332606,3.62838,15828.5
688206.SH,20260428,3822,34.6099,132279.0,34.79,0.000878262,0.0998506,43517.8
688207.SH,20260428,9072,14.77,133993.0,14.85,0.00350307,0.220668,25897.3
688208.SH,20260428,52332,35.0,1831620.0,35.1,0.00780861,0.472741,67018.4
688209.SH,20260428,129617,24.0,3110808.0,23.75,0.0298805,1.21251,43378.4
688210.SH,20260428,2200,45.97,101134.0,45.49,0.00135921,0.0658397,16185.9
688211.SH,20260428,1131,33.5004,37889.0,33.67,0.000862747,0.187002,13109.3
688212.SH,20260428,2554,37.5701,95954.0,37.84,0.00189655,0.102586,13466.5
688213.SH,20260428,44800,96.31,4314688.0,96.94,0.0138481,0.513748,32350.9
688215.SH,20260428,3965,80.6199,319658.0,79.3,0.0063518,0.47188,6242.33
688216.SH,20260428,26434,29.42,777688.0,29.74,0.0248363,1.21535,10643.3
688217.SH,20260428,1662,28.7599,47799.0,28.76,0.00297551,0.213671,5585.59
688218.SH,20260428,20609,30.61,630841.0,30.61,0.0176939,0.249278,11647.5
688219.SH,20260428,14743,10.95,161436.0,10.99,0.0026825,0.316546,54960.0
688220.SH,20260428,65903,92.68,6107890.0,93.28,0.0178532,0.516662,36913.9
688221.SH,20260428,1248922,22.8,28475422.0,22.74,0.33342,5.65688,37457.9
688222.SH,20260428,14478,26.58,384825.0,26.6,0.00361336,0.099475,40068.0
688223.SH,20260428,412551,6.37,2627950.0,6.42,0.00401728,0.306132,1026940.0
688225.SH,20260428,44901,16.63,746704.0,16.9,0.011225,1.31518,40001.0
688226.SH,20260428,17696,56.5,999824.0,56.64,0.0093741,0.121379,18877.6
688227.SH,20260428,71300,128.0,9126400.0,122.74,0.0630665,0.504034,11305.5
688228.SH,20260428,3220,106.0,341320.0,104.83,0.00476679,0.167021,6755.08
688229.SH,20260428,51219,87.06,4459126.0,89.85,0.115358,2.04924,4440.0
688230.SH,20260428,10108,67.32,680471.0,68.18,0.00859524,0.734242,11760.0
688231.SH,20260428,20689,35.71,738804.0,35.99,0.00838096,0.607259,24685.7
688232.SH,20260428,14888,22.05,328280.0,22.02,0.00462386,0.609066,32198.2
688233.SH,20260428,49229,70.9,3490336.0,70.39,0.0289062,0.507394,17030.6
688234.SH,20260428,72644,106.0,7700264.0,107.7,0.0169053,0.492369,42971.1
688235.SH,20260428,9045,236.5,2139143.0,235.0,0.00786144,0.367252,11505.5
688236.SH,20260428,1546,19.7697,30564.0,19.68,0.000536009,0.121712,28842.8
688237.SH,20260428,0,,0.0,55.68,0.0,0.0,8968.2
688238.SH,20260428,19500,6.83,133185.0,6.91,0.00304143,0.212628,64114.6
688239.SH,20260428,8601,60.4499,519930.0,60.44,0.00451184,0.1568,19063.2
688244.SH,20260428,6744,19.5099,131575.0,19.57,0.00446736,0.499624,15096.2
688246.SH,20260428,34096,19.34,659417.0,19.35,0.0247817,1.44075,13758.6
688247.SH,20260428,3650,9.1,33215.0,9.16,0.000805135,0.198335,45334.0
688248.SH,20260428,6758,55.45,374731.0,55.46,0.00119674,0.112482,56470.0
688249.SH,20260428,98979,31.83,3150502.0,32.0,0.00833004,0.249975,118822.0
688251.SH,20260428,22124,33.8,747791.0,34.5,0.0221454,0.574874,9990.33
688252.SH,20260428,43059,23.25,1001122.0,23.2,0.0105273,0.438632,40902.1
688253.SH,20260428,70918,44.53,3157979.0,46.0,0.0517709,1.98832,13698.4
688255.SH,20260428,6400,29.91,191424.0,30.14,0.00582566,0.290859,10985.9
688256.SH,20260428,47792,1353.78,64699854.0,1356.72,0.0113336,0.56617,42168.5
688257.SH,20260428,7235,73.52,531917.0,73.5,0.00286639,0.112366,25240.8
688258.SH,20260428,52226,131.5,6867719.0,130.95,0.0431113,0.72762,12114.2
688259.SH,20260428,6639,37.8,250954.0,37.76,0.0059436,0.331307,11170.0
688260.SH,20260428,29200,32.84,958928.0,33.14,0.0243333,0.539941,12000.0
688261.SH,20260428,12876,74.01,952953.0,74.47,0.0105457,0.34688,12209.7
688262.SH,20260428,23840,36.64,873498.0,36.79,0.00709524,0.212896,33600.0
688265.SH,20260428,3600,41.09,147924.0,41.1,0.00461754,0.697596,7796.35
688266.SH,20260428,9481,101.0,957581.0,100.0,0.00358168,0.311367,26470.8
688267.SH,20260428,8535,29.4699,251526.0,29.86,0.00484393,0.187851,17620.0
688268.SH,20260428,234368,189.0,44295552.0,182.0,0.195444,1.43506,11991.5
688269.SH,20260428,20716,40.7,843141.0,41.05,0.0158496,0.693094,13070.4
688270.SH,20260428,151441,147.0,22261827.0,144.89,0.0707498,0.708605,21405.2
688271.SH,20260428,11083,114.91,1273548.0,115.0,0.00134477,0.244421,82415.8
688272.SH,20260428,12287,41.38,508436.0,41.38,0.0161671,0.321738,7600.0
688273.SH,20260428,750,46.5,34875.0,46.7,0.00075,0.0486072,10000.0
688275.SH,20260428,48000,148.75,7140000.0,145.24,0.0380595,1.07532,12611.8
688276.SH,20260428,7973,18.14,144630.0,18.13,0.00192744,0.319462,41365.8
688277.SH,20260428,8929,20.02,178759.0,20.05,0.00195815,0.13765,45599.2
688278.SH,20260428,2453,58.3,143010.0,58.0,0.000600946,0.078118,40818.9
688279.SH,20260428,5880,202.7,1191876.0,204.69,0.00628487,0.304347,9355.81
688280.SH,20260428,52454,10.89,571224.0,10.94,0.0100768,0.243139,52054.4
688281.SH,20260428,11777,75.6,890341.0,74.98,0.00432071,0.591432,27257.1
688282.SH,20260428,4270,80.97,345742.0,81.0,0.00485227,0.144781,8800.0
688283.SH,20260428,29556,46.0,1359576.0,46.97,0.024266,0.866634,12180.0
688285.SH,20260428,10860,9.1,98826.0,9.14,0.00288607,0.146049,37629.0
688286.SH,20260428,6936,72.27,501265.0,72.35,0.0123725,0.446799,5605.98
688287.SH,20260428,1675428,0.97,1625165.0,1.16,0.452188,4.20949,37051.6
688288.SH,20260428,12895,27.04,348681.0,27.28,0.0129191,0.325334,9981.37
688289.SH,20260428,7000,17.13,119910.0,17.13,0.00120817,0.217127,57938.8
688290.SH,20260428,0,,0.0,56.05,0.0,0.0,10219.0
688291.SH,20260428,99916,43.8,4376321.0,42.74,0.0973208,4.85166,10266.7
688292.SH,20260428,10942,23.34,255386.0,23.35,0.00691006,0.350374,15834.9
688293.SH,20260428,0,,0.0,49.81,0.0,0.0,11382.0
688295.SH,20260428,47525,58.5,2780213.0,58.92,0.00528056,0.178873,90000.0
688296.SH,20260428,22894,14.41,329903.0,14.46,0.0213179,1.5056,10739.3
688297.SH,20260428,31147,46.02,1433385.0,46.48,0.00461437,0.339755,67500.0
688298.SH,20260428,14464,21.95,317485.0,21.91,0.0071746,1.29436,20160.0
688299.SH,20260428,42699,17.46,745525.0,17.21,0.0148574,0.612665,28739.3
688300.SH,20260428,23758,89.0,2114462.0,89.63,0.00983894,0.357884,24146.9
688301.SH,20260428,2211,113.5,250949.0,114.29,0.00104564,0.0829578,21144.9
688302.SH,20260428,23890,41.8,998602.0,41.03,0.0241275,1.22421,9901.56
688303.SH,20260428,43667,22.43,979451.0,22.56,0.00203556,0.195396,214521.0
688305.SH,20260428,1100,58.88,64768.0,59.05,0.000831986,0.0760178,13221.4
688306.SH,20260428,24831,9.45999,234901.0,9.43,0.0020216,0.355505,122828.0
688307.SH,20260428,43818,94.0,4118892.0,91.9,0.049359,0.676018,8877.4
688308.SH,20260428,51508,89.08,4588333.0,90.11,0.0324395,0.398844,15878.2
688309.SH,20260428,4584,68.99,316250.0,68.19,0.00577321,0.10078,7940.13
688310.SH,20260428,13840,16.69,230990.0,16.7,0.00842235,0.808716,16432.5
688311.SH,20260428,76519,36.37,2782996.0,38.32,0.0440291,1.57391,17379.2
688312.SH,20260428,38764,68.65,2661149.0,68.96,0.0265924,0.40897,14577.1
688313.SH,20260428,333564,143.0,47699652.0,145.26,0.0737996,0.725936,45198.6
688314.SH,20260428,3984,44.7001,178085.0,44.93,0.00490404,0.217191,8123.92
688315.SH,20260428,2295,14.5198,33323.0,14.56,0.000551418,0.0924642,41620.0
688316.SH,20260428,10606,72.33,767132.0,72.95,0.0221428,0.222237,4789.81
688317.SH,20260428,200,20.14,4028.0,20.06,0.000104081,0.0125619,19215.8
688318.SH,20260428,2140,111.0,237540.0,111.09,0.000835548,0.08359,25611.9
688319.SH,20260428,3370,28.8,97056.0,28.8,0.000831259,0.0556458,40540.9
688320.SH,20260428,6811,32.2,219314.0,32.49,0.00451019,0.314346,15101.4
688321.SH,20260428,7542,30.03,226486.0,29.91,0.0018494,0.0881137,40780.8
688322.SH,20260428,16633,78.3,1302364.0,79.0,0.0052194,0.250223,31867.6
688323.SH,20260428,24702,23.9,590378.0,23.92,0.0137232,0.387338,18000.2
688325.SH,20260428,500,122.1,61050.0,122.8,0.000612254,0.0420167,8166.55
688326.SH,20260428,14053,95.0,1335035.0,96.62,0.0125896,0.537863,11162.4
688327.SH,20260428,81782,13.4,1095879.0,13.52,0.00981257,0.335246,83344.1
688328.SH,20260428,258956,46.9,12145036.0,43.08,0.274154,3.65639,9445.63
688329.SH,20260428,8254,21.45,177048.0,21.6,0.0106917,0.249849,7720.0
688330.SH,20260428,7348,46.35,340580.0,46.16,0.00524857,0.187734,14000.0
688331.SH,20260428,13472,135.73,1828555.0,135.05,0.00826031,0.175423,16309.3
688332.SH,20260428,7177,128.0,918656.0,128.93,0.00595117,0.360489,12059.8
688333.SH,20260428,27829,84.55,2352942.0,85.4,0.0101446,0.258606,27432.2
688334.SH,20260428,52845,20.91,1104989.0,21.04,0.0336797,2.22133,15690.5
688335.SH,20260428,1237,33.5004,41440.0,33.59,0.000835616,0.0382834,14803.5
688336.SH,20260428,69392,77.4,5370941.0,76.25,0.0112506,1.00476,61678.6
688337.SH,20260428,60421,64.88,3920114.0,65.66,0.0324989,0.575469,18591.7
688338.SH,20260428,4836,31.1301,150545.0,31.13,0.00455614,0.271974,10614.2
688339.SH,20260428,138478,23.8,3295776.0,24.87,0.0707289,3.16523,19578.7
688343.SH,20260428,81043,87.23,7069381.0,88.7,0.0225368,0.496539,35960.3
688345.SH,20260428,3099,52.8199,163689.0,53.52,0.003099,0.10736,10000.0
688347.SH,20260428,140525,141.42,19873046.0,143.1,0.0344635,0.569045,40775.0
688348.SH,20260428,15763,51.06,804859.0,51.05,0.0100865,0.694715,15627.7
688349.SH,20260428,15275,24.28,370877.0,24.28,0.00128417,0.196817,118948.0
688350.SH,20260428,19695,31.13,613105.0,31.32,0.0137492,0.461736,14324.5
688351.SH,20260428,17413,23.38,407116.0,23.14,0.00370017,0.363016,47060.0
688352.SH,20260428,11411,12.96,147887.0,13.02,0.00311877,0.0626649,36588.1
688353.SH,20260428,23378,122.77,2870117.0,121.01,0.0146571,0.348078,15950.0
688355.SH,20260428,8792,22.58,198523.0,22.58,0.00709284,0.27964,12395.6
688356.SH,20260428,2700,105.0,283500.0,105.06,0.00445172,0.324408,6065.07
688357.SH,20260428,13463,38.7,521018.0,38.58,0.0134549,0.731127,10006.0
688358.SH,20260428,13345,29.8,397681.0,29.32,0.0119178,1.48804,11197.6
688359.SH,20260428,9630,97.1,935073.0,96.6,0.00975228,0.213769,9874.61
688360.SH,20260428,400,18.35,7340.0,18.42,0.00015855,0.0167242,25228.6
688361.SH,20260428,17747,182.0,3229954.0,184.57,0.00641004,0.208953,27686.2
688362.SH,20260428,77771,48.0,3733008.0,48.8,0.0189459,0.413421,41049.1
688363.SH,20260428,6072,43.5,264132.0,43.53,0.00126059,0.223442,48167.8
688365.SH,20260428,69356,19.7,1366313.0,20.05,0.0162875,0.473871,42582.5
688366.SH,20260428,200,39.05,7810.0,39.47,0.000103065,0.0443317,19405.2
688367.SH,20260428,8219,38.7099,318157.0,38.54,0.00937979,0.185968,8762.46
688368.SH,20260428,19900,151.0,3004900.0,155.1,0.0224858,0.419672,8850.05
688369.SH,20260428,2400,24.28,58272.0,24.37,0.00208301,0.0490084,11521.8
688370.SH,20260428,5800,24.73,143434.0,24.94,0.00423025,0.531056,13710.8
688371.SH,20260428,8056,21.7,174815.0,21.8,0.00240139,0.344798,33547.2
688372.SH,20260428,26357,150.85,3975953.0,151.85,0.0157107,0.264125,16776.5
688373.SH,20260428,12357,6.01999,74389.0,6.06,0.00204033,0.153909,60563.8
688375.SH,20260428,5988,126.38,756763.0,125.97,0.00100467,0.0923237,59601.5
688376.SH,20260428,32642,65.56,2140010.0,64.65,0.0241342,1.10714,13525.2
688377.SH,20260428,6917,38.0,262846.0,38.13,0.00355369,0.332067,19464.3
688378.SH,20260428,65539,43.73,2866020.0,43.65,0.0271991,0.651406,24096.1
688379.SH,20260428,23281,67.24,1565414.0,66.03,0.0258432,0.351238,9008.55
688380.SH,20260428,50076,47.8,2393633.0,47.8,0.0125076,0.541804,40036.5
688381.SH,20260428,472561,34.97,16525458.0,35.21,0.190934,2.72088,24750.0
688382.SH,20260428,68548,22.97,1574548.0,22.95,0.0118524,0.378721,57834.8
688383.SH,20260428,13528,101.36,1371198.0,101.18,0.0133089,0.716803,10164.7
688385.SH,20260428,31301,72.01,2253985.0,72.18,0.00580304,0.260547,53938.9
688386.SH,20260428,2566,81.7202,209694.0,82.14,0.00281978,0.122794,9100.0
688387.SH,20260428,233372,17.13,3997662.0,17.2,0.0115715,0.275302,201678.0
688388.SH,20260428,273346,48.5,13257281.0,48.17,0.0599872,0.893078,45567.4
688389.SH,20260428,8204,12.95,106242.0,12.9,0.00191465,0.23659,42848.6
688390.SH,20260428,44347,85.71,3800981.0,85.49,0.0182451,0.437448,24306.2
688391.SH,20260428,3200,30.91,98912.0,31.1,0.00277822,0.25854,11518.2
688392.SH,20260428,16912,138.01,2334025.0,139.51,0.0146129,0.509151,11573.3
688393.SH,20260428,5816,24.0899,140107.0,23.97,0.00621582,0.523171,9356.77
688395.SH,20260428,6823,28.35,193432.0,28.37,0.00787896,0.645828,8659.77
688396.SH,20260428,320719,54.98,17633131.0,55.16,0.0241467,1.09707,132821.0
688398.SH,20260428,12876,31.62,407139.0,32.2,0.00767277,0.272678,16781.4
688399.SH,20260428,0,,0.0,62.51,0.0,0.0,8387.17
688400.SH,20260428,17432,46.5,810588.0,46.8,0.00378154,0.115916,46097.7
688401.SH,20260428,90397,64.15,5798968.0,64.2,0.0467534,0.693544,19334.9
688403.SH,20260428,122643,16.76,2055497.0,16.85,0.0126901,0.207523,96644.3
688408.SH,20260428,209126,42.55,8898311.0,41.95,0.0954626,4.47256,21906.6
688409.SH,20260428,48599,119.5,5807581.0,120.42,0.0158711,0.959186,30621.1
688410.SH,20260428,7301,15.88,115940.0,15.94,0.00228441,0.228776,31960.1
688411.SH,20260428,213561,230.35,49193776.0,226.89,0.161088,4.66725,13257.4
688416.SH,20260428,17359,94.6,1642161.0,95.18,0.020913,0.24586,8300.57
688418.SH,20260428,11391,44.68,508950.0,44.68,0.00591572,0.110509,19255.5
688419.SH,20260428,9200,44.25,407100.0,44.5,0.0154597,0.356961,5950.95
688420.SH,20260428,1606,26.0697,41868.0,25.82,0.00384772,0.176655,4173.9
688425.SH,20260428,96805,4.76,460792.0,4.78,0.00181504,0.620656,533350.0
688426.SH,20260428,32418,19.85,643497.0,20.05,0.028886,2.46439,11222.8
688428.SH,20260428,47487,28.16,1337234.0,27.91,0.0176953,0.447284,26836.0
688429.SH,20260428,3124,13.9001,43424.0,14.06,0.00260709,0.114209,11982.7
688432.SH,20260428,26669,15.83,422170.0,15.87,0.002133,0.195395,125030.0
688433.SH,20260428,9264,81.4,754090.0,81.7,0.00222919,0.226529,41557.8
688435.SH,20260428,300,40.96,12288.0,41.12,0.000535254,0.0120371,5604.81
688439.SH,20260428,5673,52.3199,296811.0,52.6,0.0028365,0.25301,20000.0
688443.SH,20260428,2749,31.3801,86264.0,31.38,0.00235602,0.0799281,11668.0
688448.SH,20260428,3000,65.15,195450.0,64.64,0.00418689,0.237727,7165.23
688449.SH,20260428,141384,47.7,6744017.0,48.35,0.0482203,1.94189,29320.4
688450.SH,20260428,1800,47.0,84600.0,46.47,0.00367867,0.0702209,4893.07
688455.SH,20260428,12365,21.39,264487.0,21.37,0.00735878,0.161554,16803.1
688456.SH,20260428,67679,63.61,4305061.0,64.42,0.0652894,1.53775,10366.0
688458.SH,20260428,12614,37.42,472016.0,37.86,0.014828,0.711242,8506.85
688459.SH,20260428,3700,9.25,34225.0,9.26,0.000770833,0.258648,48000.0
688466.SH,20260428,5399,17.5099,94536.0,17.52,0.00441983,0.386948,12215.4
688468.SH,20260428,2886,7.26992,20981.0,7.31,0.000719507,0.109524,40110.8
688469.SH,20260428,435892,6.86,2990219.0,6.89,0.00983999,0.379996,442980.0
688472.SH,20260428,1582990,13.53,21417855.0,12.77,0.117463,3.07596,134765.0
688475.SH,20260428,15227,30.61,466098.0,30.75,0.00193359,0.264583,78750.0
688478.SH,20260428,117006,43.77,5121353.0,44.8,0.0845626,1.31808,13836.6
688479.SH,20260428,14988,37.0,554556.0,36.68,0.0240511,0.443847,6231.74
688480.SH,20260428,3881,92.1,357440.0,91.66,0.00407128,0.0915758,9532.62
688484.SH,20260428,23560,38.88,916013.0,39.11,0.00550901,0.306402,42766.3
688485.SH,20260428,71940,48.5,3489090.0,48.0,0.0810519,0.554705,8875.8
688486.SH,20260428,13586,78.0,1059708.0,78.0,0.0101905,0.420654,13332.0
688488.SH,20260428,18248,17.57,320617.0,17.66,0.00433668,0.173615,42078.3
688489.SH,20260428,10557,40.25,424919.0,39.6,0.00923375,2.02064,11433.1
688496.SH,20260428,13548,5.66002,76682.0,5.63,0.00569374,0.255539,23794.6
688498.SH,20260428,82124,1467.08,120482478.0,1418.0,0.0968003,2.31421,8483.86
688499.SH,20260428,8219,55.0301,452292.0,55.27,0.00487114,0.140117,16872.9
688500.SH,20260428,3808,47.5701,181147.0,48.0,0.00519396,0.173028,7331.59
688501.SH,20260428,41675,24.42,1017704.0,25.06,0.0335477,1.33151,12422.6
688502.SH,20260428,2076,460.0,954960.0,464.4,0.00393182,0.0783332,5280.0
688503.SH,20260428,36800,101.0,3716800.0,99.91,0.0183158,0.24794,20092.0
688505.SH,20260428,8749,7.81004,68330.0,7.81,0.00123126,0.232949,71057.2
688506.SH,20260428,5348,284.0,1518832.0,284.52,0.00129531,0.308213,41287.4
688507.SH,20260428,14201,90.88,1290587.0,92.26,0.0288429,0.833651,4923.57
688508.SH,20260428,21187,75.44,1598347.0,76.2,0.0161351,0.188016,13131.0
688509.SH,20260428,10188,4.45995,45438.0,4.5,0.00264766,0.157793,38479.2
688510.SH,20260428,12711,33.03,419844.0,33.04,0.00489784,0.144665,25952.3
688511.SH,20260428,34442,24.6,847273.0,24.88,0.0257649,0.377204,13367.8
688512.SH,20260428,6976,12.6499,88246.0,12.7,0.0021493,0.0722121,32457.0
688513.SH,20260428,4270,65.83,281094.0,65.95,0.00241882,0.150715,17653.2
688515.SH,20260428,119067,136.9,16300272.0,135.03,0.238997,5.08358,4981.94
688516.SH,20260428,40805,79.21,3232164.0,79.43,0.0129638,0.398646,31476.0
688517.SH,20260428,4959,21.0601,104437.0,21.1,0.00362996,0.0876438,13661.3
688518.SH,20260428,34145,28.06,958109.0,28.17,0.0100037,0.195354,34132.5
688519.SH,20260428,83704,178.0,14899312.0,172.1,0.0356535,0.943018,23477.1
688520.SH,20260428,2272,41.5801,94470.0,41.48,0.000510177,0.0755937,44533.6
688521.SH,20260428,78731,242.0,19052902.0,242.04,0.0149703,0.279765,52591.5
688522.SH,20260428,7474,34.82,260245.0,35.18,0.00607163,0.185836,12309.7
688523.SH,20260428,14523,63.8,926567.0,64.17,0.0150473,0.159434,9651.59
688525.SH,20260428,386961,267.8,103628156.0,264.65,0.0821858,1.18072,47083.7
688526.SH,20260428,14514,14.55,211179.0,14.63,0.00311374,0.849605,46612.8
688528.SH,20260428,1400,11.5,16100.0,11.53,0.000833333,0.0628012,16800.0
688529.SH,20260428,0,,0.0,19.85,0.0,0.0,16817.6
688530.SH,20260428,867391,50.0,43369550.0,46.2,1.27975,5.68008,6777.82
688533.SH,20260428,4050,26.7,108135.0,26.89,0.00245474,0.381794,16498.7
688535.SH,20260428,25911,129.93,3366616.0,129.4,0.0321092,0.668267,8069.65
688536.SH,20260428,260899,223.88,58410068.0,221.32,0.192334,3.90502,13564.9
688538.SH,20260428,589294,2.22,1308233.0,2.22,0.0102446,1.1095,575224.0
688539.SH,20260428,20018,37.81,756881.0,37.45,0.010767,0.34588,18592.0
688543.SH,20260428,10348,67.12,694558.0,67.55,0.00892361,0.212579,11596.2
688545.SH,20260428,25627,53.86,1380270.0,54.11,0.0140615,0.416665,18225.0
688548.SH,20260428,309311,32.01,9901045.0,31.79,0.0447493,0.736814,69120.9
688549.SH,20260428,736860,10.47,7714924.0,10.33,0.125036,2.23995,58931.9
688550.SH,20260428,7202,39.93,287576.0,40.02,0.00414278,0.228955,17384.4
688551.SH,20260428,5429,45.3301,246097.0,45.64,0.00645766,0.102234,8407.07
688552.SH,20260428,11235,42.91,482094.0,43.02,0.0129394,0.125218,8682.75
688553.SH,20260428,42218,19.76,834228.0,19.88,0.0122891,0.333812,34354.0
688556.SH,20260428,46945,13.05,612632.0,13.12,0.00565076,0.159162,83077.4
688557.SH,20260428,1200,35.12,42144.0,35.24,0.00116868,0.0514149,10268.0
688558.SH,20260428,3822,35.0999,134152.0,35.46,0.00289545,0.0961521,13200.0
688559.SH,20260428,25835,59.79,1544675.0,60.13,0.0104275,0.371395,24775.9
688560.SH,20260428,29852,16.63,496439.0,16.61,0.0148295,0.301222,20130.2
688561.SH,20260428,23501,30.49,716545.0,30.65,0.00344462,0.522638,68225.3
688562.SH,20260428,8438,19.34,163191.0,19.45,0.00487689,0.230644,17302.0
688563.SH,20260428,605,57.6496,34878.0,58.09,0.000517143,0.0178012,11698.9
688565.SH,20260428,36602,12.45,455695.0,12.6,0.0244453,1.17724,14973.0
688566.SH,20260428,11607,28.51,330916.0,28.77,0.00582006,0.391297,19943.1
688567.SH,20260428,50464,13.48,680255.0,13.59,0.00412927,0.329725,122210.0
688568.SH,20260428,34248,55.46,1899394.0,55.51,0.0042382,0.205251,80807.9
688569.SH,20260428,0,,0.0,20.04,0.0,0.0,21066.7
688570.SH,20260428,400,17.82,7128.0,17.88,0.00021254,0.0800493,18820.0
688571.SH,20260428,1200,8.08,9696.0,8.09,0.000282905,0.0159369,42417.1
688573.SH,20260428,6967,21.93,152786.0,21.93,0.0130919,0.221695,5321.62
688575.SH,20260428,1000,13.95,13950.0,13.9,0.000175012,0.0326706,57138.8
688576.SH,20260428,0,,0.0,69.9,0.0,0.0,2179.22
688577.SH,20260428,23227,71.0,1649117.0,69.25,0.0208726,2.15714,11128.0
688578.SH,20260428,45622,91.1,4156164.0,91.18,0.0101382,0.738463,45000.0
688579.SH,20260428,12861,10.85,139542.0,10.92,0.00321517,0.23041,40001.0
688580.SH,20260428,61568,63.83,3929885.0,61.68,0.0642865,3.44018,9577.13
688581.SH,20260428,7000,58.31,408170.0,58.55,0.0168432,1.1926,4155.97
688582.SH,20260428,20389,53.32,1087141.0,53.36,0.00814846,0.22234,25021.9
688583.SH,20260428,21759,113.0,2458767.0,116.52,0.0706382,1.73695,3080.34
688584.SH,20260428,7470,20.9501,156497.0,21.03,0.00217594,0.16235,34330.0
688585.SH,20260428,2688,116.39,312856.0,117.03,0.000666399,0.0916395,40336.2
688586.SH,20260428,16992,13.0,220896.0,13.0,0.00214725,0.273062,79133.9
688588.SH,20260428,6400,12.08,77312.0,12.06,0.00159996,0.180679,40001.0
688589.SH,20260428,30570,22.55,689354.0,22.63,0.0210351,1.04684,14532.9
688590.SH,20260428,8969,14.29,128167.0,14.42,0.00318595,0.107945,28151.7
688591.SH,20260428,9895,34.91,345434.0,35.17,0.00587459,0.198366,16843.7
688592.SH,20260428,38921,47.0,1829287.0,46.78,0.101036,3.21086,3852.18
688593.SH,20260428,36772,34.18,1256867.0,34.26,0.0113957,0.349621,32268.2
688595.SH,20260428,29458,35.66,1050472.0,36.0,0.0204437,0.594209,14409.4
688596.SH,20260428,20753,33.1,686924.0,33.4,0.0070557,0.291229,29413.1
688597.SH,20260428,52239,8.46999,442464.0,8.56,0.0155445,0.354988,33606.0
688598.SH,20260428,9716,24.86,241540.0,24.86,0.00477267,0.192105,20357.6
688599.SH,20260428,140183,16.08,2254143.0,16.22,0.00598416,0.44467,234257.0
688600.SH,20260428,8114,29.99,243339.0,29.43,0.00602338,0.328121,13470.8
688601.SH,20260428,6825,50.9801,347939.0,51.19,0.00510499,0.15877,13369.3
688602.SH,20260428,53220,8.0,425760.0,8.01,0.0205011,0.786473,25959.6
688603.SH,20260428,11042,95.6,1055615.0,94.58,0.0232847,0.297142,4742.16
688605.SH,20260428,37487,66.66,2498883.0,67.45,0.0345975,1.00875,10835.2
688606.SH,20260428,0,,0.0,54.17,0.0,0.0,7928.09
688607.SH,20260428,2106,64.0199,134826.0,65.67,0.00265477,0.089856,7932.9
688608.SH,20260428,44482,177.0,7873314.0,177.87,0.0263685,0.788238,16869.4
688609.SH,20260428,242270,9.95,2410587.0,10.05,0.048454,1.11162,50000.0
688610.SH,20260428,17211,121.3,2087694.0,123.9,0.0420472,0.907496,4093.26
688611.SH,20260428,1285,65.9603,84759.0,65.7,0.000837736,0.0816708,15339.0
688612.SH,20260428,8103,33.1801,268858.0,33.21,0.00320844,0.0975977,25255.3
688613.SH,20260428,4454,20.2901,90372.0,20.22,0.00325089,0.170407,13700.9
688615.SH,20260428,14875,126.0,1874250.0,128.0,0.010991,0.314062,13533.8
688616.SH,20260428,24229,13.84,335329.0,13.91,0.0135072,0.930462,17937.8
688617.SH,20260428,1800,248.1,446580.0,248.73,0.00127622,0.216932,14104.2
688618.SH,20260428,1900,37.66,71554.0,38.1,0.00172652,0.0470015,11004.8
688619.SH,20260428,9300,16.09,149637.0,16.01,0.00501515,0.178977,18543.8
688620.SH,20260428,82219,12.88,1058981.0,13.09,0.0353906,0.797002,23231.9
688621.SH,20260428,5484,58.38,320156.0,57.92,0.00489643,0.230435,11200.0
688622.SH,20260428,19054,81.1,1545279.0,80.75,0.0270402,0.744441,7046.55
688623.SH,20260428,200,92.0,18400.0,92.8,0.00104478,0.0265978,1914.27
688625.SH,20260428,3838,71.89,275914.0,70.86,0.00203801,0.146332,18832.1
688626.SH,20260428,4100,58.58,240178.0,58.58,0.0025625,0.270576,16000.0
688627.SH,20260428,23824,283.67,6758154.0,284.5,0.032928,0.709012,7235.17
688628.SH,20260428,40062,104.0,4166448.0,105.1,0.035844,0.561018,11176.8
688629.SH,20260428,161492,136.99,22122789.0,136.02,0.0888378,0.516149,18178.3
688630.SH,20260428,11629,269.94,3139132.0,270.0,0.00882719,0.164056,13174.1
688631.SH,20260428,400,57.09,22836.0,57.18,0.000616618,0.0176736,6487.0
688633.SH,20260428,176994,32.6,5770004.0,32.68,0.123109,2.42313,14377.0
688636.SH,20260428,10402,45.2,470170.0,45.11,0.00620543,0.193251,16762.7
688638.SH,20260428,3000,41.86,125580.0,42.1,0.0113374,0.286202,2646.1
688639.SH,20260428,9700,27.82,269854.0,28.01,0.00387821,0.223798,25011.6
688646.SH,20260428,1046,57.3499,59988.0,57.15,0.00180392,0.0852136,5798.5
688648.SH,20260428,12804,54.53,698202.0,54.93,0.0184154,0.31623,6952.89
688651.SH,20260428,4800,38.0,182400.0,37.88,0.01479,0.42254,3245.44
688652.SH,20260428,27254,115.42,3145657.0,114.0,0.0225706,0.578248,12075.0
688653.SH,20260428,392902,14.52,5704937.0,14.05,0.124174,6.50819,31641.2
688655.SH,20260428,16114,33.72,543364.0,33.69,0.0120804,0.126444,13339.0
688656.SH,20260428,600,138.0,82800.0,140.0,0.000945183,0.145426,6347.97
688657.SH,20260428,5273,52.7,277887.0,52.75,0.012847,0.364329,4104.45
688658.SH,20260428,30007,19.61,588437.0,19.47,0.00666822,0.258245,45000.0
688659.SH,20260428,43347,10.77,466847.0,10.82,0.0270919,1.48426,16000.0
688660.SH,20260428,18918,12.06,228151.0,12.13,0.00141885,0.148828,133333.0
688661.SH,20260428,508205,118.1,60019011.0,115.6,0.334592,4.04399,15188.8
688662.SH,20260428,33570,69.81,2343522.0,70.85,0.038044,0.423331,8824.0
688663.SH,20260428,7562,67.0,506654.0,66.21,0.00534513,0.134136,14147.5
688665.SH,20260428,800,48.45,38760.0,48.8,0.000790574,0.13196,10119.2
688667.SH,20260428,21707,153.0,3321171.0,158.0,0.0411933,1.12902,5269.55
688668.SH,20260428,13628,236.08,3217298.0,235.81,0.00978527,0.185032,13927.1
688669.SH,20260428,46232,26.2,1211278.0,26.55,0.0381033,1.98252,12133.3
688670.SH,20260428,5762,17.73,102160.0,17.79,0.00467695,0.395867,12320.0
688671.SH,20260428,3900,22.41,87399.0,22.45,0.00832495,0.326041,4684.71
688676.SH,20260428,31586,90.05,2844319.0,90.03,0.00686974,0.181383,45978.4
688677.SH,20260428,247909,122.2,30294480.0,118.76,0.206803,2.72915,11987.7
688678.SH,20260428,52072,23.29,1212757.0,23.31,0.0129177,0.177824,40310.6
688679.SH,20260428,500,55.5,27750.0,55.09,0.00037968,0.0136878,13169.0
688680.SH,20260428,2400,47.8,114720.0,48.5,0.00245975,0.0823279,9757.1
688681.SH,20260428,5740,19.4,111356.0,19.42,0.0054839,0.274973,10467.0
688682.SH,20260428,14440,46.8,675792.0,46.93,0.0141793,0.643116,10183.9
688683.SH,20260428,14890,45.13,671986.0,45.18,0.00959544,0.640488,15517.8
688685.SH,20260428,4150,46.0701,191191.0,46.12,0.00282598,0.0923452,14685.2
688686.SH,20260428,1119,105.86,118457.0,106.8,0.000915446,0.0694995,12223.5
688687.SH,20260428,15000,20.33,304950.0,20.55,0.00877478,0.422482,17094.4
688689.SH,20260428,24298,40.0,971920.0,39.66,0.0188497,0.544655,12890.4
688690.SH,20260428,96072,33.51,3219373.0,33.14,0.0237911,0.705968,40381.5
688691.SH,20260428,62670,112.0,7019040.0,114.0,0.0858905,0.694083,7296.5
688692.SH,20260428,27795,260.21,7232537.0,261.0,0.0380042,1.51894,7313.67
688693.SH,20260428,36477,97.71,3564168.0,95.99,0.0937606,0.528262,3890.44
688695.SH,20260428,19375,23.96,464225.0,24.33,0.0362858,1.73576,5339.55
688696.SH,20260428,400,91.41,36564.0,91.4,0.000571265,0.0804375,7002.0
688697.SH,20260428,74132,16.92,1254313.0,16.77,0.0162096,1.09792,45733.3
688698.SH,20260428,8394,66.28,556354.0,66.84,0.00392201,0.16908,21402.3
688699.SH,20260428,14087,46.71,658004.0,46.72,0.0127988,0.495307,11006.5
688700.SH,20260428,107896,64.86,6998135.0,66.52,0.036158,0.778662,29840.1
688701.SH,20260428,31281,9.42,294667.0,9.43,0.0232958,1.58989,13427.7
688702.SH,20260428,73842,285.33,21069338.0,296.45,0.0363768,0.705495,20299.2
688707.SH,20260428,413380,16.23,6709157.0,16.15,0.0812556,0.77442,50874.0
688708.SH,20260428,6422,52.54,337412.0,52.99,0.00451375,0.571745,14227.6
688709.SH,20260428,15638,43.05,673216.0,43.05,0.00705221,0.28175,22174.6
688710.SH,20260428,35984,72.3,2601643.0,70.9,0.0396763,3.27844,9069.4
688711.SH,20260428,9476,28.0,265328.0,28.17,0.00444689,0.220571,21309.3
688712.SH,20260428,17700,41.5,734550.0,41.29,0.04769,0.605007,3711.47
688716.SH,20260428,3561,32.8899,117121.0,33.1,0.00509244,0.230908,6992.72
688717.SH,20260428,29988,99.31,2978108.0,101.32,0.0302763,0.485678,9904.78
688718.SH,20260428,7580,16.64,126131.0,16.63,0.00436248,0.387642,17375.4
688719.SH,20260428,27086,61.1,1654955.0,61.77,0.0301887,0.558343,8972.23
688720.SH,20260428,13815,79.33,1095944.0,79.8,0.0245015,0.315324,5638.43
688721.SH,20260428,17781,47.5,844598.0,48.13,0.0332451,0.537349,5348.45
688722.SH,20260428,518,17.61,9122.0,17.74,0.000231141,0.017505,22410.5
688726.SH,20260428,24902,58.88,1466230.0,58.83,0.011323,0.156165,21992.4
688727.SH,20260428,39432,50.86,2005512.0,51.35,0.0784823,1.07415,5024.32
688728.SH,20260428,86759,13.43,1165173.0,13.53,0.00347191,0.640812,249889.0
688729.SH,20260428,125653,24.15,3034520.0,24.15,0.058443,1.85127,21500.1
688733.SH,20260428,4859,29.1,141397.0,29.4,0.00243223,0.129442,19977.5
688737.SH,20260428,1791,30.1999,54088.0,30.46,0.00149794,0.0635146,11956.5
688739.SH,20260428,1623,23.6999,38465.0,23.67,0.000389723,0.0852815,41645.0
688750.SH,20260428,2200,18.52,40744.0,18.54,0.000944537,0.0769134,23291.8
688755.SH,20260428,8455,38.5899,326278.0,39.05,0.0480398,2.1403,1760.0
688757.SH,20260428,11341,27.19,308362.0,27.19,0.00625813,0.340569,18122.0
688758.SH,20260428,3724,20.13,74964.0,20.11,0.00124889,0.0656167,29818.4
688759.SH,20260428,50977,33.5,1707730.0,34.5,0.0955174,2.46333,5336.93
688765.SH,20260428,30596,59.35,1815873.0,60.44,0.0661106,2.65855,4628.0
688766.SH,20260428,25601,265.09,6786569.0,262.41,0.0172922,0.505679,14804.9
688767.SH,20260428,2900,35.71,103559.0,36.1,0.00194196,0.146074,14933.3
688768.SH,20260428,32063,43.8,1404359.0,45.5,0.0367427,2.66128,8726.35
688772.SH,20260428,123072,16.58,2040534.0,16.7,0.0108703,0.259102,113219.0
688775.SH,20260428,6721,195.58,1314493.0,195.6,0.0204909,0.655212,3280.0
688776.SH,20260428,2700,80.88,218376.0,81.02,0.00249116,0.169198,10838.3
688777.SH,20260428,123498,74.99,9261115.0,74.91,0.0156883,0.538728,78719.9
688778.SH,20260428,11522,80.29,925101.0,80.61,0.00228298,0.11393,50469.1
688779.SH,20260428,187407,11.36,2128944.0,11.23,0.00971413,0.537732,192922.0
688781.SH,20260428,9256,39.1,361910.0,39.12,0.0226668,0.16565,4083.51
688783.SH,20260428,131316,22.93,3011076.0,23.32,0.0709136,2.10172,18517.8
688785.SH,20260428,10749,294.0,3160206.0,301.49,0.0844538,1.41075,1272.77
688786.SH,20260428,12595,32.85,413746.0,33.23,0.00875869,0.599987,14380.0
688787.SH,20260428,8653,132.0,1142196.0,133.31,0.0143439,0.364701,6032.52
688788.SH,20260428,300,54.3,16290.0,54.44,0.000191236,0.0153986,15687.4
688789.SH,20260428,4155,67.0,278385.0,66.78,0.00230505,0.215594,18025.6
688790.SH,20260428,1450,138.0,200100.0,139.38,0.0120255,0.243766,1205.77
688793.SH,20260428,3000,21.5,64500.0,21.5,0.00349059,0.221591,8594.54
688795.SH,20260428,52555,690.0,36262950.0,689.5,0.178866,1.62442,2938.24
688796.SH,20260428,61356,101.99,6257698.0,98.69,0.170967,2.98503,3588.76
688798.SH,20260428,94027,69.4,6525474.0,71.69,0.0692683,2.39053,13574.3
688799.SH,20260428,3160,58.5,184860.0,58.98,0.00240634,0.0705685,13132.0
688800.SH,20260428,29655,91.88,2724701.0,90.95,0.0144184,0.376783,20567.4
688802.SH,20260428,20203,715.0,14445145.0,724.12,0.111379,0.678013,1813.9
688805.SH,20260428,10367,50.51,523637.0,51.05,0.0328914,0.223531,3151.89
688807.SH,20260428,5168,376.0,1943168.0,378.0,0.0343716,0.178589,1503.57
688808.SH,20260428,51094,869.88,44445649.0,880.0,0.264789,0.455424,1929.61
688809.SH,20260428,25512,426.44,10879337.0,432.55,0.104759,0.936184,2435.3
688811.SH,20260428,224573,22.03,4947343.0,22.6,0.243767,0.648493,9212.61
688813.SH,20260428,74037,78.08,5780809.0,78.08,0.246158,0.823378,3007.7
688816.SH,20260428,2600,64.7,168220.0,64.53,0.0134825,0.188904,1928.42
688818.SH,20260428,34039,66.18,2252701.0,66.49,0.0257839,0.177122,13201.6
688819.SH,20260428,22841,35.51,811084.0,35.28,0.00234966,0.575336,97210.0
688820.SH,20260428,391947,100.0,39194700.0,101.1,0.226687,0.474892,17290.3
688981.SH,20260428,493923,115.24,56919687.0,116.58,0.0247016,0.804358,199956.0
689009.SH,20260428,10163,44.18,449001.0,44.4,0.01829,0.0856897,5556.58
000001.SZ,20260428,1379900,11.36,15675664.0,11.38,0.00711083,1.09899,1940560.0
000002.SZ,20260428,313000,3.73,1167490.0,3.73,0.00322118,0.367573,971694.0
000004.SZ,20260428,0,,0.0,2.76,0.0,0.0,12628.8
000006.SZ,20260428,140400,9.41,1321164.0,9.35,0.0104001,0.465614,134998.0
000007.SZ,20260428,1000,13.96,13960.0,13.97,0.000288644,0.0223348,34644.8
000008.SZ,20260428,128000,2.66,340480.0,2.66,0.0047123,0.30058,271630.0
000009.SZ,20260428,68900,8.85,609765.0,8.86,0.00267467,0.281246,257602.0
000010.SZ,20260428,1837500,3.04,5586000.0,3.38,0.211659,4.98428,86814.2
000011.SZ,20260428,9500,8.45,80275.0,8.47,0.00180445,0.219212,52647.6
000012.SZ,20260428,828700,4.34,3596558.0,4.44,0.0422954,5.86967,195932.0
000014.SZ,20260428,6300,13.17,82971.0,13.21,0.00260281,0.119194,24204.6
000016.SZ,20260428,316100,3.39,1071579.0,3.4,0.0197984,0.584597,159659.0
000017.SZ,20260428,24800,6.33,156984.0,6.39,0.00562585,0.272459,44082.2
000019.SZ,20260428,453600,7.7,3492720.0,7.94,0.108982,1.79199,41621.6
000020.SZ,20260428,27700,15.81,437937.0,15.84,0.0152899,0.466567,18116.5
000021.SZ,20260428,523400,29.2,15283280.0,29.29,0.0333073,0.798839,157143.0
000025.SZ,20260428,17000,15.96,271320.0,16.07,0.00432814,0.380278,39277.8
000026.SZ,20260428,98700,18.02,1778574.0,18.2,0.0270737,0.38485,36456.1
000027.SZ,20260428,157000,6.9,1083300.0,6.94,0.00330013,0.306481,475739.0
000028.SZ,20260428,12000,24.53,294360.0,24.55,0.00251018,0.256679,47805.3
000029.SZ,20260428,13200,20.69,273108.0,20.74,0.00148038,0.344852,89166.0
000030.SZ,20260428,55200,5.16,284832.0,5.15,0.0033036,0.183168,167091.0
000031.SZ,20260428,133700,2.91,389067.0,2.9,0.00311924,0.668746,428630.0
000032.SZ,20260428,234800,17.8,4179440.0,17.98,0.0206334,1.30569,113796.0
000034.SZ,20260428,306300,37.59,11513817.0,36.85,0.0505179,1.20777,60632.0
000035.SZ,20260428,52600,6.76,355576.0,6.78,0.00227408,0.122358,231303.0
000036.SZ,20260428,333600,5.2,1734720.0,5.26,0.023809,0.996973,140115.0
000037.SZ,20260428,310900,10.9,3388810.0,11.02,0.0917358,0.59441,33890.8
000039.SZ,20260428,64100,11.1,711510.0,11.16,0.00278525,0.119642,230141.0
000042.SZ,20260428,5800,8.9,51620.0,8.88,0.000873359,0.118835,66410.2
000045.SZ,20260428,10300,11.87,122261.0,11.89,0.00225372,0.126673,45702.2
000048.SZ,20260428,122200,14.03,1714466.0,13.94,0.0230652,1.00199,52980.3
000049.SZ,20260428,75100,28.47,2138097.0,28.64,0.0195301,0.26222,38453.5
000050.SZ,20260428,41300,8.35,344855.0,8.36,0.00168042,0.21633,245772.0
000055.SZ,20260428,338100,3.59,1213779.0,3.5,0.0500256,3.60353,67585.4
000056.SZ,20260428,20027400,2.0,40054800.0,2.03,2.21607,13.6673,90373.3
000058.SZ,20260428,30400,8.07,245328.0,8.07,0.00308711,0.378207,98473.9
000059.SZ,20260428,656700,5.5,3611850.0,5.49,0.0410588,2.5829,159941.0
000060.SZ,20260428,292000,6.55,1912600.0,6.58,0.00657492,0.256866,444112.0
000061.SZ,20260428,122200,7.37,900614.0,7.4,0.00681041,1.05674,179431.0
000062.SZ,20260428,5251053,38.28,201010308.84,37.77,0.502541,6.24438,104490.0
000063.SZ,20260428,823300,37.0,30462100.0,37.26,0.0204413,0.575835,402762.0
000065.SZ,20260428,103600,12.82,1328152.0,12.9,0.0106261,0.278962,97496.2
000066.SZ,20260428,3299152,16.63,54864897.76,16.77,0.102281,1.76846,322559.0
000068.SZ,20260428,133500,3.29,439215.0,3.32,0.0132615,1.15442,100667.0
000069.SZ,20260428,93200,2.18,203176.0,2.18,0.001351,0.344189,689860.0
000070.SZ,20260428,373800,20.13,7524594.0,20.15,0.0420624,0.322444,88867.9
000078.SZ,20260428,718000,3.22,2311960.0,3.19,0.0273374,0.496433,262644.0
000088.SZ,20260428,125300,4.47,560091.0,4.47,0.00396157,0.568958,316289.0
000089.SZ,20260428,94100,7.11,669051.0,7.12,0.0045886,0.636303,205073.0
000090.SZ,20260428,75800,3.51,266058.0,3.54,0.00405688,0.337529,186843.0
000096.SZ,20260428,10300,9.69,99807.0,9.7,0.00201626,0.143497,51084.8
000099.SZ,20260428,31000,17.62,546220.0,17.61,0.00399603,0.410195,77577.0
000100.SZ,20260428,1553320,4.3,6679276.0,4.3,0.00811897,0.447277,1913200.0
000151.SZ,20260428,71100,11.47,815517.0,11.5,0.0230893,0.628336,30793.5
000153.SZ,20260428,11300,6.32,71416.0,6.32,0.00246258,0.102667,45886.9
000155.SZ,20260428,389400,17.84,6946896.0,17.88,0.0210923,0.434271,184617.0
000156.SZ,20260428,22500,7.5,168750.0,7.51,0.00132363,0.22995,169988.0
000157.SZ,20260428,131900,7.91,1043329.0,7.93,0.00186572,0.201696,706967.0
000158.SZ,20260428,137600,18.23,2508448.0,18.41,0.00866547,0.248908,158791.0
000159.SZ,20260428,62900,6.59,414511.0,6.64,0.0130859,0.250129,48066.8
000166.SZ,20260428,206600,4.63,956558.0,4.62,0.000916775,0.30731,2253550.0
000301.SZ,20260428,68100,12.76,868956.0,12.76,0.00103055,0.25234,660813.0
000333.SZ,20260428,170400,79.45,13538280.0,79.5,0.00248577,0.699853,685501.0
000338.SZ,20260428,611300,29.73,18173949.0,29.66,0.0122175,0.486152,500349.0
000400.SZ,20260428,43500,25.73,1119255.0,25.74,0.00429969,0.188015,101170.0
000401.SZ,20260428,19400,4.59,89046.0,4.59,0.000737263,0.168192,263135.0
000402.SZ,20260428,92516,2.64,244242.24,2.64,0.00309556,0.274239,298867.0
000403.SZ,20260428,22300,12.19,271837.0,12.2,0.00237055,0.412073,94071.0
000404.SZ,20260428,262000,8.63,2261060.0,8.75,0.0378154,0.386594,69284.0
000407.SZ,20260428,143800,4.69,674422.0,4.73,0.0164197,0.812155,87577.5
000408.SZ,20260428,25056,89.09,2232239.04,89.93,0.00159571,0.184532,157021.0
000409.SZ,20260428,41300,10.23,422499.0,10.29,0.00699427,0.45238,59048.3
000410.SZ,20260428,92800,6.18,573504.0,6.24,0.00470823,0.293866,197102.0
000411.SZ,20260428,200800,10.53,2114424.0,10.95,0.0356195,3.61709,56373.6
000415.SZ,20260428,140800,4.62,650496.0,4.62,0.00261081,0.197907,539296.0
000417.SZ,20260428,568900,6.42,3652338.0,6.46,0.073027,4.76209,77902.7
000419.SZ,20260428,27100,5.69,154199.0,5.72,0.00498544,0.315802,54358.3
000420.SZ,20260428,249700,5.12,1278464.0,5.15,0.0101585,0.210307,245803.0
000421.SZ,20260428,1019200,6.19,6308848.0,6.01,0.177469,13.9655,57429.6
000422.SZ,20260428,1361600,16.52,22493632.0,16.09,0.128713,2.57727,105786.0
000423.SZ,20260428,25300,53.6,1356080.0,53.56,0.0039356,0.326111,64285.0
000425.SZ,20260428,362400,9.71,3518904.0,9.71,0.00402254,0.396721,900922.0
000426.SZ,20260428,215600,41.73,8996988.0,42.02,0.0121451,0.341004,177521.0
000428.SZ,20260428,251100,3.85,966735.0,3.83,0.0246436,1.7608,101893.0
000429.SZ,20260428,10700,12.61,134927.0,12.67,0.000820974,0.21736,130333.0
000430.SZ,20260428,34800,7.9,274920.0,7.98,0.00939128,0.638599,37055.6
000488.SZ,20260428,721000,2.69,1939490.0,2.71,0.0425565,2.76099,169422.0
000498.SZ,20260428,26100,5.7,148770.0,5.7,0.00180081,0.185621,144935.0
000501.SZ,20260428,4200,8.28,34776.0,8.3,0.000546718,0.0678445,76822.1
000503.SZ,20260428,11000,7.37,81070.0,7.39,0.00112333,0.0624521,97923.5
000504.SZ,20260428,35600,9.62,342472.0,9.78,0.0108166,1.25055,32912.2
000505.SZ,20260428,29700,6.37,189189.0,6.37,0.00469654,0.326884,63238.0
000506.SZ,20260428,64500,15.75,1015875.0,15.93,0.00694514,0.239635,92870.7
000507.SZ,20260428,34000,5.15,175100.0,5.17,0.00376792,0.269585,90235.4
000509.SZ,20260428,56400,3.49,196836.0,3.53,0.00525568,0.259379,107312.0
000510.SZ,20260428,70300,13.01,914603.0,13.08,0.011589,0.141743,60661.0
000513.SZ,20260428,34400,32.5,1118000.0,32.54,0.00605485,0.708269,56814.0
000514.SZ,20260428,74400,4.79,356376.0,4.82,0.00881756,0.899688,84377.1
000516.SZ,20260428,103900,4.62,480018.0,4.61,0.00473514,0.367217,219423.0
000517.SZ,20260428,109600,1.84,201664.0,1.86,0.0043981,0.68031,249199.0
000518.SZ,20260428,75400,2.94,221676.0,2.93,0.00732369,0.656254,102954.0
000519.SZ,20260428,463200,17.7,8198640.0,17.41,0.0332625,2.38763,139256.0
000520.SZ,20260428,33100,3.78,125118.0,3.8,0.00327048,0.247048,101208.0
000521.SZ,20260428,50300,5.6,281680.0,5.63,0.00574515,0.548928,87552.1
000523.SZ,20260428,1851300,3.34,6183342.0,3.26,0.139704,9.30456,132516.0
000524.SZ,20260428,73300,10.23,749859.0,10.18,0.0109408,0.812508,66996.7
000525.SZ,20260428,1034700,5.54,5732238.0,5.75,0.0930686,5.67013,111176.0
000526.SZ,20260428,52700,35.68,1880336.0,35.04,0.0441154,1.5065,11945.9
000528.SZ,20260428,88300,9.65,852095.0,9.64,0.00434117,0.310207,203402.0
000529.SZ,20260428,3900,5.59,21801.0,5.61,0.000684349,0.0761415,56988.4
000530.SZ,20260428,47500,5.87,278825.0,5.87,0.00791513,0.195295,60011.7
000531.SZ,20260428,134600,7.08,952968.0,7.14,0.0147953,0.375828,90974.5
000532.SZ,20260428,57000,12.68,722760.0,12.7,0.0165915,0.645021,34355.0
000533.SZ,20260428,499200,13.22,6599424.0,13.0,0.0728863,0.482362,68490.2
000534.SZ,20260428,115100,40.8,4696080.0,41.18,0.0230214,0.423186,49997.0
000536.SZ,20260428,370500,4.0,1482000.0,3.95,0.0134089,0.962569,276308.0
000537.SZ,20260428,2992336,10.6,31718761.6,10.76,0.145562,2.92997,205572.0
000538.SZ,20260428,35500,54.3,1927650.0,54.29,0.00200233,0.51665,177293.0
000539.SZ,20260428,2157700,6.7,14456590.0,6.89,0.0844373,0.944336,255539.0
000541.SZ,20260428,129700,5.67,735399.0,5.72,0.0105405,1.64211,123049.0
000543.SZ,20260428,175700,8.03,1410871.0,8.03,0.0077508,0.391595,226686.0
000544.SZ,20260428,2800,8.33,23324.0,8.38,0.000287272,0.0521374,97468.4
000545.SZ,20260428,190000,2.88,547200.0,2.9,0.0192814,0.422123,98540.3
000546.SZ,20260428,1934600,7.15,13832390.0,7.24,0.277678,1.80971,69670.5
000547.SZ,20260428,397400,25.06,9958844.0,25.34,0.0250075,0.257887,158912.0
000548.SZ,20260428,34500,5.24,180780.0,5.24,0.00691084,0.451291,49921.6
000550.SZ,20260428,71000,19.72,1400120.0,19.71,0.0136943,1.38051,51846.3
000551.SZ,20260428,56400,14.45,814980.0,14.53,0.0116397,0.307715,48454.7
000552.SZ,20260428,771700,2.74,2114458.0,2.74,0.0207123,0.495748,372581.0
000553.SZ,20260428,18200,6.21,113022.0,6.2,0.000835985,0.255987,217707.0
000554.SZ,20260428,108400,8.03,870452.0,8.03,0.0298908,0.43241,36265.3
000555.SZ,20260428,397500,14.47,5751825.0,14.97,0.0407846,1.60002,97463.2
000557.SZ,20260428,7500,4.61,34575.0,4.62,0.000514433,0.116123,145792.0
000558.SZ,20260428,132900,4.22,560838.0,4.26,0.0103128,0.412245,128868.0
000559.SZ,20260428,353800,16.8,5943840.0,17.08,0.0106748,0.260179,331435.0
000560.SZ,20260428,171400,2.88,493632.0,2.89,0.00732968,0.268723,233844.0
000561.SZ,20260428,15500,9.43,146165.0,9.47,0.00199679,0.155047,77624.7
000563.SZ,20260428,743100,3.23,2400213.0,3.22,0.0145308,1.57556,511397.0
000564.SZ,20260428,473700,1.78,843186.0,1.79,0.00313815,0.251385,1509490.0
000565.SZ,20260428,783700,8.14,6379318.0,8.02,0.180746,7.64745,43359.2
000566.SZ,20260428,233700,5.07,1184859.0,5.14,0.0180222,0.821229,129674.0
000567.SZ,20260428,24800,5.43,134664.0,5.42,0.00127186,0.191709,194990.0
000568.SZ,20260428,16700,100.37,1676179.0,100.35,0.00113508,0.197143,147126.0
000570.SZ,20260428,169300,6.7,1134310.0,6.7,0.0304665,0.405681,55569.2
000571.SZ,20260428,34400,5.59,192296.0,5.6,0.00422608,0.171472,81399.2
000572.SZ,20260428,153500,5.5,844250.0,5.55,0.00934692,0.491822,164225.0
000573.SZ,20260428,35600,4.81,171236.0,4.83,0.00562433,0.135048,63296.5
000576.SZ,20260428,16200,9.45,153090.0,9.51,0.00373431,0.207139,43381.5
000581.SZ,20260428,41000,19.72,808520.0,19.72,0.00516434,0.234052,79390.5
000582.SZ,20260428,453500,10.93,4956755.0,10.84,0.0210261,2.19899,215685.0
000586.SZ,20260428,319700,18.02,5760994.0,18.82,0.167216,1.01639,19119.0
000589.SZ,20260428,553900,4.76,2636564.0,4.79,0.0358553,1.92112,154482.0
000590.SZ,20260428,103600,11.2,1160320.0,11.08,0.0432824,2.7117,23935.9
000591.SZ,20260428,219300,5.19,1138167.0,5.18,0.00558797,0.156226,392450.0
000592.SZ,20260428,540600,10.65,5757390.0,10.77,0.0282284,0.390311,191509.0
000593.SZ,20260428,1672800,24.0,40147200.0,23.13,0.466633,5.41277,35848.3
000595.SZ,20260428,279500,6.39,1786005.0,6.47,0.0245465,1.91723,113866.0
000596.SZ,20260428,3700,105.6,390720.0,106.18,0.000905531,0.120083,40860.0
000597.SZ,20260428,127900,4.99,638221.0,4.99,0.00907624,0.905257,140917.0
000598.SZ,20260428,205500,6.83,1403565.0,6.79,0.00689776,1.09552,297923.0
000599.SZ,20260428,14500,5.32,77140.0,5.34,0.00177534,0.114104,81674.5
000600.SZ,20260428,67100,9.1,610610.0,9.15,0.00615568,0.273951,109005.0
000601.SZ,20260428,253800,6.84,1735992.0,6.92,0.0241802,0.15429,104962.0
000603.SZ,20260428,20000,37.55,751000.0,37.76,0.00299978,0.0992117,66671.6
000605.SZ,20260428,27700,6.85,189745.0,6.85,0.00785462,0.600115,35265.9
000607.SZ,20260428,40800,3.92,159936.0,3.95,0.00461,0.311531,88503.3
000608.SZ,20260428,16600,3.69,61254.0,3.7,0.00222691,0.133774,74542.8
000609.SZ,20260428,64900,13.08,848892.0,12.46,0.0222979,10.6097,29105.8
000610.SZ,20260428,2468300,7.66,18907178.0,8.04,1.0481,11.4264,23550.2
000612.SZ,20260428,316600,13.2,4179120.0,13.17,0.026556,0.914352,119220.0
000615.SZ,20260428,48500,3.41,165385.0,3.42,0.00524172,0.456701,92526.8
000617.SZ,20260428,307800,9.31,2865618.0,9.35,0.00243473,0.216402,1264210.0
000619.SZ,20260428,80400,6.02,484008.0,6.02,0.0223333,1.12557,36000.0
000620.SZ,20260428,407200,2.73,1111656.0,2.73,0.00871622,0.405976,467175.0
000623.SZ,20260428,851700,18.51,15764967.0,17.79,0.0715133,9.63887,119097.0
000625.SZ,20260428,1357400,9.7,13166780.0,9.83,0.0164193,1.76558,826711.0
000626.SZ,20260428,894300,8.92,7977156.0,8.95,0.177542,3.03729,50371.2
000628.SZ,20260428,190200,62.41,11870382.0,62.72,0.0989396,1.20615,19223.9
000629.SZ,20260428,1956100,3.69,7218009.0,3.74,0.021055,1.42333,929044.0
000630.SZ,20260428,614800,6.25,3842500.0,6.29,0.00551737,0.273716,1114300.0
000631.SZ,20260428,76700,3.21,246207.0,3.21,0.00333478,0.39687,230000.0
000632.SZ,20260428,14592500,3.93,57348525.0,4.15,3.13493,66.0955,46548.2
000633.SZ,20260428,9700,6.62,64214.0,6.67,0.00251881,0.0858404,38510.2
000635.SZ,20260428,18900,8.12,153468.0,8.13,0.00515239,0.271548,36682.0
000636.SZ,20260428,520900,23.08,12022372.0,23.29,0.0450211,0.782286,115701.0
000637.SZ,20260428,35100,4.48,157248.0,4.5,0.00962738,0.42493,36458.5
000639.SZ,20260428,1981600,2.06,4082096.0,2.05,0.183579,3.51169,107943.0
000650.SZ,20260428,407200,5.66,2304752.0,5.56,0.0305847,2.9366,133139.0
000651.SZ,20260428,136400,37.41,5102724.0,37.51,0.00247319,0.457887,551516.0
000652.SZ,20260428,40000,4.19,167600.0,4.19,0.00271285,0.25091,147446.0
000655.SZ,20260428,10400,8.33,86632.0,8.33,0.0017469,0.173233,59534.0
000656.SZ,20260428,11321500,1.49,16869035.0,1.48,0.148768,12.0792,761015.0
000657.SZ,20260428,379000,53.82,20397780.0,53.83,0.0260853,0.449029,145293.0
000659.SZ,20260428,26700,4.04,107868.0,4.04,0.00207669,0.107246,128570.0
000661.SZ,20260428,7400,85.01,629074.0,85.11,0.00185178,0.153492,39961.5
000663.SZ,20260428,110800,6.48,717984.0,6.46,0.0361735,1.53355,30630.1
000665.SZ,20260428,67400,4.69,316106.0,4.7,0.00592726,0.513725,113712.0
000668.SZ,20260428,9600,15.52,148992.0,15.55,0.00653764,0.485434,14684.2
000669.SZ,20260428,250235,4.16,1040977.6,4.15,0.0367772,1.21757,68040.9
000670.SZ,20260428,214800,7.57,1626036.0,7.64,0.0261357,0.602103,82186.3
000672.SZ,20260428,608320,13.32,8102822.4,13.88,0.0627525,4.117,96939.5
000676.SZ,20260428,111700,7.04,786368.0,7.1,0.00887192,0.393732,125903.0
000677.SZ,20260428,426300,3.83,1632729.0,3.85,0.0493415,0.88567,86397.8
000678.SZ,20260428,55600,11.8,656080.0,11.77,0.0120972,0.487198,45961.2
000679.SZ,20260428,74700,6.89,514683.0,6.96,0.0209596,1.48288,35640.0
000680.SZ,20260428,21300,11.36,241968.0,11.43,0.00162017,0.0758483,131468.0
000681.SZ,20260428,35300,20.19,712707.0,20.23,0.00522085,0.17651,67613.5
000682.SZ,20260428,82200,13.53,1112166.0,13.53,0.00613159,0.285651,134060.0
000683.SZ,20260428,40700,8.95,364265.0,8.98,0.00121779,0.0713379,334211.0
000685.SZ,20260428,238800,11.61,2772468.0,11.41,0.0190436,1.55781,125396.0
000686.SZ,20260428,666300,8.55,5696865.0,8.54,0.0284688,2.56687,234045.0
000688.SZ,20260428,101744,45.8,4659875.2,45.86,0.00858553,0.342442,118506.0
000690.SZ,20260428,1070600,5.37,5749122.0,5.46,0.049235,0.461754,217447.0
000691.SZ,20260428,31000,7.35,227850.0,7.43,0.00958951,0.56381,32327.0
000692.SZ,20260428,302700,4.37,1322799.0,4.44,0.0568095,1.77199,53283.3
000695.SZ,20260428,44700,14.88,665136.0,14.95,0.0201523,0.390719,22181.1
000697.SZ,20260428,89800,10.15,911470.0,9.98,0.0137497,1.54755,65310.7
000698.SZ,20260428,294100,3.83,1126403.0,3.86,0.0374309,3.45656,78571.4
000700.SZ,20260428,111100,11.41,1267651.0,11.58,0.0121022,0.27344,91801.5
000701.SZ,20260428,21800,5.78,126004.0,5.82,0.00326471,0.159669,66774.7
000702.SZ,20260428,27400,6.79,186046.0,6.74,0.0102762,0.24019,26663.5
000703.SZ,20260428,198200,15.36,3044352.0,15.35,0.00521317,0.383399,380191.0
000705.SZ,20260428,35600,8.68,309008.0,8.69,0.0126259,0.874295,28196.1
000707.SZ,20260428,206800,5.92,1224256.0,5.93,0.037552,0.588384,55070.4
000708.SZ,20260428,24700,15.25,376675.0,15.24,0.000489386,0.17562,504714.0
000709.SZ,20260428,269500,2.26,609070.0,2.27,0.00260754,0.425036,1033540.0
000710.SZ,20260428,14700,9.86,144942.0,9.86,0.0044609,0.20991,32953.0
000711.SZ,20260428,6357300,4.59,29180007.0,4.37,0.266925,4.56628,238168.0
000712.SZ,20260428,35400,10.05,355770.0,10.08,0.00395207,0.327177,89573.4
000713.SZ,20260428,65200,6.62,431624.0,6.62,0.0106186,0.69534,61401.5
000715.SZ,20260428,1177500,6.21,7312275.0,6.35,0.242268,2.08677,48603.1
000716.SZ,20260428,9744101,4.52,44043336.52,4.59,1.31894,113.952,73878.4
000717.SZ,20260428,33300,2.43,80919.0,2.44,0.00137401,0.220328,242356.0
000718.SZ,20260428,189200,2.09,395428.0,2.09,0.00829063,0.858444,228209.0
000719.SZ,20260428,279200,13.31,3716152.0,13.66,0.0418498,2.65038,66714.8
000720.SZ,20260428,324200,4.6,1491320.0,4.62,0.0258012,0.27347,125653.0
000721.SZ,20260428,42000,7.68,322560.0,7.7,0.00819736,0.461732,51236.0
000722.SZ,20260428,100500,14.45,1452225.0,14.44,0.0216521,0.188684,46415.8
000723.SZ,20260428,190200,4.34,825468.0,4.36,0.00432764,0.308003,439501.0
000725.SZ,20260428,1855657,4.2,7793759.4,4.21,0.00510614,0.268929,3634170.0
000726.SZ,20260428,42600,6.57,279882.0,6.58,0.00722847,0.587001,58933.6
000727.SZ,20260428,2517500,2.67,6721725.0,2.69,0.0555793,2.37492,452957.0
000728.SZ,20260428,77100,7.31,563601.0,7.31,0.00176682,0.208973,436378.0
000729.SZ,20260428,80749,12.65,1021474.85,12.71,0.0032176,0.186768,250961.0
000731.SZ,20260428,827800,7.0,5794600.0,7.12,0.150831,3.80972,54882.6
000733.SZ,20260428,37700,47.2,1779440.0,47.18,0.00680389,0.464065,55409.5
000735.SZ,20260428,521700,6.44,3359748.0,6.58,0.0453298,2.44602,115090.0
000736.SZ,20260428,74800,5.46,408408.0,5.5,0.0100121,1.17217,74709.8
000737.SZ,20260428,41900,13.69,573611.0,13.7,0.00220001,0.145756,190454.0
000738.SZ,20260428,44600,20.76,925896.0,20.85,0.00339116,0.1876,131518.0
000739.SZ,20260428,25400,18.7,474980.0,18.79,0.00219342,0.197415,115801.0
000750.SZ,20260428,72600,3.79,275154.0,3.79,0.00125254,0.225552,579620.0
000751.SZ,20260428,594600,6.24,3710304.0,6.24,0.0421741,0.340098,140987.0
000753.SZ,20260428,48200,6.31,304142.0,6.36,0.00486141,0.305032,99148.1
000755.SZ,20260428,39300,4.93,193749.0,4.97,0.00267837,0.49066,146731.0
000756.SZ,20260428,3400,14.29,48586.0,14.27,0.0006815,0.0919714,49889.9
000757.SZ,20260428,47000,4.75,223250.0,4.77,0.00882271,0.397804,53271.6
000758.SZ,20260428,132200,6.91,913502.0,6.94,0.00668972,0.337515,197617.0
000759.SZ,20260428,96900,5.38,521322.0,5.43,0.014778,0.426466,65570.6
000761.SZ,20260428,27200,2.97,80784.0,2.97,0.000733502,0.2378,370824.0
000762.SZ,20260428,231300,37.21,8606673.0,37.47,0.0444124,0.38009,52080.1
000766.SZ,20260428,75000,23.65,1773750.0,23.16,0.00776391,0.539434,96600.8
000767.SZ,20260428,1050900,3.83,4024947.0,3.86,0.0360855,0.386445,291225.0
000768.SZ,20260428,59400,23.7,1407780.0,23.75,0.00213945,0.211409,277641.0
000776.SZ,20260428,5043856,21.01,105971414.56,19.9,0.0854305,8.66289,590405.0
000777.SZ,20260428,333800,20.8,6943040.0,21.57,0.0870607,3.69869,38341.1
000778.SZ,20260428,787500,4.47,3520125.0,4.43,0.0202259,1.11008,389352.0
000779.SZ,20260428,34000,8.65,294100.0,8.69,0.0073154,0.427574,46477.3
000782.SZ,20260428,996600,6.72,6697152.0,6.78,0.1887,2.804,52814.0
000783.SZ,20260428,458800,7.18,3294184.0,7.13,0.00829645,1.32013,553007.0
000785.SZ,20260428,156900,2.54,398526.0,2.54,0.00266041,0.31417,589759.0
000786.SZ,20260428,81400,24.65,2006510.0,24.82,0.00481797,0.680121,168951.0
000788.SZ,20260428,652900,6.18,4034922.0,6.21,0.109549,1.53259,59598.7
000789.SZ,20260428,32500,5.04,163800.0,5.05,0.0040757,0.652062,79740.8
000790.SZ,20260428,42000,4.01,168420.0,3.99,0.00674575,0.261139,62261.5
000791.SZ,20260428,266000,8.2,2181200.0,8.27,0.0137424,0.383381,193562.0
000792.SZ,20260428,327100,37.56,12285876.0,37.67,0.00618158,0.376083,529153.0
000793.SZ,20260428,2044000,2.88,5886720.0,2.83,0.104232,5.19538,196101.0
000795.SZ,20260428,24300,9.07,220401.0,9.11,0.00214346,0.183263,113368.0
000796.SZ,20260428,76100,5.14,391154.0,5.18,0.00571851,0.195556,133077.0
000797.SZ,20260428,470600,2.74,1289444.0,2.78,0.0299647,2.16124,157052.0
000798.SZ,20260428,17300,9.12,157776.0,9.18,0.00472889,0.116485,36583.6
000799.SZ,20260428,8700,42.02,365574.0,42.06,0.00267774,0.122883,32490.0
000800.SZ,20260428,9100,6.98,63518.0,7.01,0.000184928,0.0753313,492084.0
000801.SZ,20260428,96700,13.58,1313186.0,13.77,0.00951802,0.735831,101597.0
000802.SZ,20260428,453200,4.21,1907972.0,4.3,0.0633364,1.11737,71554.4
000803.SZ,20260428,18500,8.1,149850.0,8.2,0.0040236,0.0790871,45978.8
000807.SZ,20260428,419200,33.15,13896480.0,33.43,0.0120879,0.785352,346792.0
000809.SZ,20260428,384200,3.8,1459960.0,3.7,0.0465815,2.32385,82479.1
000810.SZ,20260428,77800,12.91,1004398.0,13.01,0.00700518,0.239686,111061.0
000811.SZ,20260428,186000,22.76,4233360.0,23.1,0.0190107,0.330811,97839.6
000812.SZ,20260428,126800,4.08,517344.0,4.09,0.0167696,0.821464,75613.0
000813.SZ,20260428,211400,3.55,750470.0,3.54,0.0100822,0.592809,209676.0
000815.SZ,20260428,475570,19.3,9178501.0,19.64,0.0684014,0.439998,69526.3
000816.SZ,20260428,195900,3.15,617085.0,3.14,0.0136088,0.661533,143951.0
000818.SZ,20260428,396600,13.99,5548434.0,14.09,0.0602542,1.06149,65821.1
000819.SZ,20260428,36300,16.83,610929.0,16.83,0.00993072,0.241823,36553.2
000820.SZ,20260428,672500,3.74,2515150.0,3.56,0.226456,5.93808,29696.7
000821.SZ,20260428,142200,10.73,1525806.0,10.75,0.0235177,0.771092,60465.1
000822.SZ,20260428,191500,5.97,1143255.0,5.95,0.0213945,0.554883,89509.2
000823.SZ,20260428,52900,15.59,824711.0,15.71,0.00985141,0.223163,53697.9
000825.SZ,20260428,1587900,4.29,6812091.0,4.5,0.0278762,5.22358,569625.0
000826.SZ,20260428,211000,1.88,396680.0,1.89,0.0148052,0.505656,142517.0
000828.SZ,20260428,69600,10.16,707136.0,10.17,0.00669542,1.01607,103952.0
000829.SZ,20260428,670000,11.46,7678200.0,11.54,0.0654214,1.00894,102413.0
000830.SZ,20260428,78500,16.64,1306240.0,16.67,0.00412253,0.183949,190417.0
000831.SZ,20260428,285000,51.0,14535000.0,50.09,0.0268559,0.798258,106122.0
000833.SZ,20260428,483078,27.43,13250829.54,27.4,0.106475,1.0716,45370.2
000837.SZ,20260428,11900,10.83,128877.0,10.89,0.00118125,0.119345,100740.0
000838.SZ,20260428,19236071,1.89,36356174.19,1.8,1.82546,30.1612,105377.0
000839.SZ,20260428,758500,3.09,2343765.0,3.15,0.0193503,1.2152,391983.0
000848.SZ,20260428,1882000,8.95,16843900.0,8.41,0.186126,16.9275,101114.0
000850.SZ,20260428,253100,4.61,1166791.0,4.68,0.0268286,1.53444,94339.7
000852.SZ,20260428,105100,7.25,761975.0,7.3,0.0111114,0.435525,94587.3
000856.SZ,20260428,242400,10.08,2443392.0,10.66,0.106784,4.22267,22700.0
000858.SZ,20260428,56900,100.08,5694552.0,100.2,0.00146595,0.37819,388144.0
000859.SZ,20260428,114400,9.01,1030744.0,9.06,0.0127689,0.226583,89592.5
000860.SZ,20260428,18300,12.38,226554.0,12.43,0.00246708,0.334744,74176.7
000862.SZ,20260428,155000,6.64,1029200.0,6.71,0.0246828,0.245539,62796.7
000863.SZ,20260428,110100,4.53,498753.0,4.52,0.00946189,0.304873,116362.0
000868.SZ,20260428,128200,4.44,569208.0,4.46,0.0174819,1.70524,73332.9
000869.SZ,20260428,6500,19.24,125060.0,19.13,0.00142822,0.724872,45511.2
000875.SZ,20260428,194600,6.52,1268792.0,6.57,0.0058222,0.291482,334238.0
000876.SZ,20260428,49500,8.49,420255.0,8.51,0.0011,0.180633,450000.0
000877.SZ,20260428,77200,4.66,359752.0,4.7,0.00108572,0.768132,711049.0
000878.SZ,20260428,183100,19.37,3546647.0,19.49,0.00913846,0.491965,200362.0
000880.SZ,20260428,44460,29.94,1331132.4,30.16,0.0195836,0.145955,22702.7
000881.SZ,20260428,85300,7.64,651692.0,7.71,0.00943863,0.868246,90373.2
000882.SZ,20260428,1334080,1.57,2094505.6,1.56,0.0487689,3.12464,273551.0
000883.SZ,20260428,144400,4.79,691676.0,4.81,0.00222854,0.354273,647959.0
000885.SZ,20260428,15450,14.07,217381.5,14.07,0.00240625,0.13666,64207.8
000886.SZ,20260428,56100,5.63,315843.0,5.65,0.00573721,0.343957,97782.8
000887.SZ,20260428,90600,18.12,1641672.0,18.19,0.00689303,0.549386,131437.0
000888.SZ,20260428,87600,12.0,1051200.0,12.04,0.0166251,0.945466,52691.3
000889.SZ,20260428,2664000,4.46,11881440.0,4.46,0.306261,1.28794,86984.5
000890.SZ,20260428,633800,16.1,10204180.0,16.51,0.151088,0.616343,41949.1
000892.SZ,20260428,449500,5.25,2359875.0,5.31,0.0632354,0.725118,71083.6
000893.SZ,20260428,196900,52.4,10317560.0,52.48,0.0242544,1.69639,81181.0
000895.SZ,20260428,24300,28.78,699354.0,28.79,0.000701459,0.221982,346421.0
000897.SZ,20260428,50500,2.09,105545.0,2.09,0.0031226,0.213907,161724.0
000898.SZ,20260428,64100,2.28,146148.0,2.28,0.000805532,0.264953,795748.0
000899.SZ,20260428,1004000,12.63,12680520.0,13.08,0.102903,3.1219,97567.8
000900.SZ,20260428,63600,4.1,260760.0,4.1,0.00419045,0.59466,151774.0
000901.SZ,20260428,77800,21.98,1710044.0,21.93,0.00974701,0.317162,79819.3
000902.SZ,20260428,115000,15.3,1759500.0,15.28,0.0100632,0.60004,114278.0
000903.SZ,20260428,4931100,2.39,11785329.0,2.52,0.256793,23.6694,192026.0
000905.SZ,20260428,50400,10.67,537768.0,10.77,0.00679421,0.492463,74180.8
000906.SZ,20260428,917000,6.33,5804610.0,6.44,0.130768,3.10651,70124.0
000908.SZ,20260428,45400,7.13,323702.0,7.1,0.00516041,0.536279,87977.4
000909.SZ,20260428,1896700,5.17,9805939.0,5.44,0.433323,79.9001,43771.1
000910.SZ,20260428,12500,7.01,87625.0,7.01,0.00228444,0.346296,54718.1
000911.SZ,20260428,135400,5.91,800214.0,5.94,0.033823,0.671982,40032.0
000912.SZ,20260428,843683,5.12,4319656.96,5.11,0.0538063,0.965168,156800.0
000913.SZ,20260428,23500,13.49,317015.0,13.52,0.00451834,0.226845,52010.3
000915.SZ,20260428,42600,28.1,1197060.0,28.1,0.0181909,0.684503,23418.2
000917.SZ,20260428,5172500,9.14,47276650.0,10.14,0.364913,13.3106,141746.0
000919.SZ,20260428,253900,7.26,1843314.0,7.28,0.0408353,0.601883,62176.7
000920.SZ,20260428,4100,11.64,47724.0,11.71,0.000867544,0.0816216,47259.9
000921.SZ,20260428,15600,22.4,349440.0,22.48,0.0016991,0.284667,91813.3
000922.SZ,20260428,219500,14.51,3184945.0,13.93,0.0373672,3.45266,58741.3
000923.SZ,20260428,6900,18.15,125235.0,18.25,0.0010989,0.0876207,62790.1
000925.SZ,20260428,22341500,10.28,229670620.0,10.12,3.31848,60.2385,67324.4
000926.SZ,20260428,62800,1.94,121832.0,1.94,0.00399184,0.317654,157321.0
000927.SZ,20260428,3160300,2.8,8848840.0,2.87,0.0522333,3.79401,605035.0
000928.SZ,20260428,399970,6.56,2623803.2,6.51,0.0278797,1.06445,143463.0
000929.SZ,20260428,4300,10.32,44376.0,10.36,0.00231489,0.140519,18575.4
000930.SZ,20260428,50200,5.88,295176.0,5.9,0.00270423,0.184982,185635.0
000931.SZ,20260428,262800,4.69,1232532.0,4.7,0.034992,1.72357,75103.0
000932.SZ,20260428,149800,4.82,722036.0,4.8,0.00218603,0.232463,685261.0
000933.SZ,20260428,595000,32.14,19123300.0,32.12,0.0264748,1.55585,224742.0
000935.SZ,20260428,2500,28.68,71700.0,28.62,0.000327465,0.0520921,76344.0
000936.SZ,20260428,103900,8.08,839512.0,8.14,0.0117284,0.188757,88588.7
000937.SZ,20260428,25400,5.65,143510.0,5.66,0.000739792,0.12646,343340.0
000938.SZ,20260428,800700,31.85,25502295.0,32.19,0.0279958,0.329969,286007.0
000948.SZ,20260428,12600,14.41,181566.0,14.52,0.00323783,0.222025,38914.9
000949.SZ,20260428,186500,7.81,1456565.0,7.8,0.0112591,0.263379,165644.0
000950.SZ,20260428,197100,5.9,1162890.0,5.88,0.011405,0.465149,172818.0
000951.SZ,20260428,21200,22.47,476364.0,22.63,0.00180446,0.111102,117487.0
000952.SZ,20260428,648800,7.35,4768680.0,7.35,0.188608,6.90251,34399.4
000953.SZ,20260428,72200,6.76,488072.0,6.82,0.0197202,0.790251,36612.2
000955.SZ,20260428,41800,5.11,213598.0,5.14,0.007765,0.291165,53831.3
000957.SZ,20260428,122900,12.42,1526418.0,12.46,0.0207285,0.511889,59290.4
000958.SZ,20260428,144100,5.96,858836.0,5.96,0.00267674,0.404429,538342.0
000959.SZ,20260428,34700,4.42,153374.0,4.44,0.000465671,0.0952107,745161.0
000960.SZ,20260428,1100500,36.49,40157245.0,38.19,0.0668821,1.23942,164543.0
000962.SZ,20260428,381900,45.12,17231328.0,46.54,0.0761274,1.55934,50165.9
000963.SZ,20260428,87100,34.28,2985788.0,34.21,0.00496859,0.684559,175301.0
000965.SZ,20260428,63600,3.55,225780.0,3.58,0.0057306,0.423081,110983.0
000966.SZ,20260428,342200,4.55,1557010.0,4.59,0.010492,0.342712,326152.0
000967.SZ,20260428,4481400,13.0,58258200.0,12.89,0.139196,1.94295,321949.0
000968.SZ,20260428,564900,8.68,4903332.0,8.86,0.0583874,0.956691,96750.3
000969.SZ,20260428,217800,21.2,4617360.0,20.67,0.021069,0.832832,103375.0
000970.SZ,20260428,27200,11.97,325584.0,11.99,0.00223735,0.156316,121573.0
000972.SZ,20260428,1506100,3.77,5677997.0,3.96,0.195272,15.3816,77128.4
000973.SZ,20260428,615100,19.63,12074413.0,19.72,0.0635813,0.767834,96742.3
000975.SZ,20260428,133100,27.23,3624313.0,27.45,0.00526621,0.411818,252743.0
000977.SZ,20260428,212950,73.0,15545350.0,73.16,0.0145177,0.24273,146683.0
000978.SZ,20260428,81400,6.94,564916.0,7.01,0.0173887,0.253817,46812.0
000980.SZ,20260428,690900,2.09,1443981.0,2.12,0.0137318,0.255959,503139.0
000981.SZ,20260428,1173500,3.8,4459300.0,3.84,0.0123353,0.421643,951336.0
000983.SZ,20260428,217900,6.53,1422887.0,6.58,0.00383825,0.407926,567707.0
000985.SZ,20260428,9300,19.8,184140.0,19.71,0.00717374,0.64657,12964.0
000987.SZ,20260428,262300,9.02,2365946.0,9.05,0.00523204,0.614239,501334.0
000988.SZ,20260428,517200,118.5,61288200.0,118.79,0.0514634,0.593373,100499.0
000989.SZ,20260428,125600,9.91,1244696.0,9.93,0.018094,0.478611,69415.4
000990.SZ,20260428,758000,12.3,9323400.0,12.53,0.0623747,0.703178,121524.0
000993.SZ,20260428,41000,12.44,510040.0,12.44,0.00932353,0.150256,43974.8
000995.SZ,20260428,56400,13.5,761400.0,13.38,0.0317911,0.321246,17740.8
000997.SZ,20260428,95900,20.03,1920877.0,20.08,0.00951918,0.497582,100744.0
000998.SZ,20260428,83300,9.65,803845.0,9.63,0.00633744,0.404209,131441.0
000999.SZ,20260428,160600,25.99,4173994.0,25.99,0.00965902,1.20202,166269.0
001201.SZ,20260428,118500,12.7,1504950.0,12.66,0.0583357,2.29574,20313.5
001202.SZ,20260428,21400,16.94,362516.0,16.94,0.0183182,1.55707,11682.4
001203.SZ,20260428,133500,47.82,6383970.0,47.27,0.0102223,0.471939,130597.0
001205.SZ,20260428,19900,14.75,293525.0,14.8,0.0119531,0.630102,16648.4
001206.SZ,20260428,13600,19.28,262208.0,19.3,0.0127264,0.387837,10686.4
001207.SZ,20260428,139900,18.0,2518200.0,17.72,0.0478091,1.79149,29262.2
001208.SZ,20260428,151800,19.69,2988942.0,19.95,0.047626,0.425401,31873.4
001209.SZ,20260428,15800,20.74,327692.0,20.88,0.0164421,0.647586,9609.46
001210.SZ,20260428,21300,20.01,426213.0,20.18,0.0223507,0.762239,9529.9
001211.SZ,20260428,262500,37.37,9809625.0,38.01,0.391811,4.59439,6699.66
001212.SZ,20260428,20500,51.6,1057800.0,51.66,0.0117919,0.363542,17384.9
001213.SZ,20260428,46200,3.98,183876.0,3.99,0.0010395,0.524686,444444.0
001215.SZ,20260428,23200,45.8,1062560.0,46.0,0.0239418,0.379494,9690.16
001216.SZ,20260428,28200,18.48,521136.0,18.49,0.0114843,0.699733,24555.3
001217.SZ,20260428,33800,12.0,405600.0,12.1,0.0102995,0.673006,32817.2
001218.SZ,20260428,3500,24.28,84980.0,24.34,0.00296456,0.159751,11806.1
001219.SZ,20260428,44200,15.46,683332.0,15.5,0.0232482,0.93859,19012.2
001220.SZ,20260428,268395,38.88,10435197.6,40.11,1.18713,10.0563,2260.86
001221.SZ,20260428,12500,55.96,699500.0,56.38,0.0347135,0.781841,3600.9
001222.SZ,20260428,30100,19.09,574609.0,19.18,0.0280235,1.77583,10741.0
001223.SZ,20260428,600,56.9,34140.0,57.03,0.000642729,0.0506251,9335.2
001225.SZ,20260428,1600,49.2,78720.0,49.56,0.00760501,0.167029,2103.88
001226.SZ,20260428,1600,46.16,73856.0,46.47,0.00471605,0.137456,3392.67
001227.SZ,20260428,901500,2.24,2019360.0,2.24,0.0213752,2.17882,421750.0
001228.SZ,20260428,2700,31.45,84915.0,31.58,0.00338072,0.141178,7986.46
001229.SZ,20260428,6200,38.02,235724.0,38.02,0.0117693,0.234245,5267.94
001230.SZ,20260428,24000,27.74,665760.0,27.74,0.0305513,0.734521,7855.63
001231.SZ,20260428,16600,25.18,417988.0,25.17,0.0326505,0.661507,5084.15
001233.SZ,20260428,3000,66.2,198600.0,66.5,0.00847795,0.154423,3538.59
001234.SZ,20260428,1059300,28.97,30687921.0,32.19,1.15789,11.9987,9148.55
001236.SZ,20260428,99400,8.96,890624.0,9.02,0.0131121,1.50313,75807.8
001238.SZ,20260428,0,,0.0,47.99,0.0,0.0,10366.7
001239.SZ,20260428,75900,14.88,1129392.0,15.28,0.0665789,3.11784,11400.0
001255.SZ,20260428,1300,35.9,46670.0,36.13,0.00182954,0.109793,7105.6
001256.SZ,20260428,13700,24.89,340993.0,24.99,0.0128142,0.563113,10691.3
001257.SZ,20260428,61900,22.35,1383465.0,22.27,0.0451996,0.239455,13694.8
001258.SZ,20260428,89600,8.95,801920.0,9.08,0.0096001,0.172892,93332.4
001259.SZ,20260428,21600,32.34,698544.0,32.4,0.0454311,1.82421,4754.45
001260.SZ,20260428,16500,22.04,363660.0,22.05,0.0143478,0.7539,11500.0
001266.SZ,20260428,131720,35.93,4732699.6,32.66,0.226785,8.66937,5808.14
001267.SZ,20260428,3037600,51.01,154947976.0,49.31,0.50155,4.2758,60564.3
001268.SZ,20260428,8900,35.0,311500.0,35.19,0.0131982,0.12188,6743.33
001269.SZ,20260428,3700,21.43,79291.0,21.53,0.00192296,0.160611,19241.2
001270.SZ,20260428,153900,150.18,23112702.0,148.1,0.0756267,1.93063,20350.0
001277.SZ,20260428,16200,36.15,585630.0,35.98,0.0355657,2.22313,4554.95
001278.SZ,20260428,35800,21.97,786526.0,22.18,0.0419642,1.38519,8531.09
001279.SZ,20260428,1800,31.4,56520.0,31.68,0.0045,0.209312,4000.0
001280.SZ,20260428,36200,84.34,3053108.0,84.26,0.0228987,0.314131,15808.7
001282.SZ,20260428,14400,20.9,300960.0,20.9,0.0184226,0.236328,7816.48
001283.SZ,20260428,76700,70.5,5407350.0,71.96,0.0961892,1.43991,7973.87
001285.SZ,20260428,42800,52.95,2266260.0,52.95,0.103141,3.22749,4149.68
001286.SZ,20260428,77000,11.41,878570.0,11.39,0.0057037,0.241455,135000.0
001287.SZ,20260428,1043500,26.01,27141435.0,27.63,0.137321,3.86185,75990.0
001288.SZ,20260428,2500,27.83,69575.0,27.85,0.00164564,0.0800798,15191.6
001289.SZ,20260428,46700,16.3,761210.0,16.42,0.000926232,0.324356,504193.0
001296.SZ,20260428,3000,25.45,76350.0,25.43,0.00390364,0.125583,7685.13
001298.SZ,20260428,239280,21.92,5245017.6,21.21,0.100253,2.48318,23867.5
001299.SZ,20260428,65300,14.9,972970.0,14.96,0.0298813,0.548962,21853.1
001300.SZ,20260428,12200,17.7,215940.0,17.7,0.0050046,0.229293,24377.6
001301.SZ,20260428,230500,75.0,17287500.0,78.38,0.124095,2.45227,18574.4
001306.SZ,20260428,18200,67.9,1235780.0,70.01,0.117421,1.84116,1549.98
001308.SZ,20260428,21200,20.34,431208.0,20.24,0.00435107,1.26543,48723.7
001309.SZ,20260428,163397,496.93,81196871.21,488.15,0.101283,1.1439,16132.6
001311.SZ,20260428,4800,29.74,142752.0,29.88,0.00352283,0.0894679,13625.4
001312.SZ,20260428,117400,24.75,2905650.0,24.91,0.205387,0.473726,5716.03
001313.SZ,20260428,19000,8.53,162070.0,8.61,0.00271757,0.145517,69915.3
001314.SZ,20260428,72800,49.4,3596320.0,50.48,0.140543,1.00392,5179.9
001316.SZ,20260428,5700,48.99,279243.0,48.91,0.00512168,0.210925,11129.2
001317.SZ,20260428,39800,52.58,2092684.0,52.58,0.0465598,1.01329,8548.14
001318.SZ,20260428,30200,13.23,399546.0,13.22,0.0106842,0.872022,28266.0
001319.SZ,20260428,3600,23.61,84996.0,23.7,0.00439024,0.118483,8200.01
001322.SZ,20260428,12800,7.29,93312.0,7.3,0.0016293,0.255116,78561.3
001323.SZ,20260428,3700,24.04,88948.0,24.04,0.00118876,0.503951,31124.8
001324.SZ,20260428,9700,20.45,198365.0,20.44,0.0118795,0.323621,8165.36
001325.SZ,20260428,901300,52.39,47219107.0,58.21,4.59847,26.5156,1960.0
001326.SZ,20260428,700,54.4,38080.0,54.68,0.00290416,0.0746364,2410.33
001328.SZ,20260428,20100,33.76,678576.0,33.79,0.0124291,0.846343,16171.7
001330.SZ,20260428,1560100,8.06,12574406.0,8.17,0.134162,0.936585,116285.0
001331.SZ,20260428,652902,41.82,27304361.64,44.58,0.38892,14.8792,16787.6
001332.SZ,20260428,100100,62.94,6300294.0,62.83,0.208526,6.27895,4800.35
001333.SZ,20260428,600,24.13,14478.0,24.11,0.00136364,0.0216343,4400.0
001335.SZ,20260428,6600,46.6,307560.0,46.48,0.0258377,0.415232,2554.4
001336.SZ,20260428,13600,26.66,362576.0,26.73,0.0291951,1.12475,4658.32
001337.SZ,20260428,49800,47.7,2375460.0,47.91,0.0118571,0.588604,42000.0
001338.SZ,20260428,463000,12.22,5657860.0,12.55,0.0922806,3.34922,50173.1
001339.SZ,20260428,298970,83.73,25032758.1,82.65,0.240073,2.26738,12453.3
001356.SZ,20260428,30000,11.03,330900.0,11.03,0.0149517,1.06707,20064.7
001358.SZ,20260428,1600,28.22,45152.0,28.17,0.00321954,0.134443,4969.65
001359.SZ,20260428,3000,84.36,253080.0,83.95,0.00646831,0.172666,4638.0
001360.SZ,20260428,18500,20.56,380360.0,20.74,0.0147429,0.665057,12548.4
001366.SZ,20260428,46600,14.8,689680.0,14.65,0.0290017,0.40042,16068.0
001367.SZ,20260428,99700,25.11,2503467.0,25.82,0.0819652,2.33919,12163.7
001368.SZ,20260428,200,28.4,5680.0,28.4,0.000184824,0.00881329,10821.1
001369.SZ,20260428,178400,15.7,2800880.0,15.96,0.0887432,1.24118,20102.9
001373.SZ,20260428,12400,36.2,448880.0,36.3,0.0374264,0.978566,3313.17
001376.SZ,20260428,56600,15.35,868810.0,15.53,0.0264792,0.626864,21375.3
001378.SZ,20260428,18600,25.31,470766.0,25.15,0.0288346,1.15566,6450.58
001379.SZ,20260428,2600,21.17,55042.0,21.2,0.00386343,0.127162,6729.77
001380.SZ,20260428,7600,19.11,145236.0,19.24,0.00863604,0.441472,8800.33
001382.SZ,20260428,6800,20.2,137360.0,20.32,0.0107937,0.160432,6300.0
001386.SZ,20260428,8800,18.99,167112.0,19.03,0.00818279,0.144009,10754.3
001387.SZ,20260428,20100,13.51,271551.0,13.6,0.0176455,0.823685,11391.0
001388.SZ,20260428,2500,37.0,92500.0,37.3,0.00801282,0.189569,3120.0
001389.SZ,20260428,83600,172.17,14393412.0,172.2,0.055005,0.628233,15198.6
001390.SZ,20260428,5800,21.55,124990.0,21.53,0.0116,0.409061,5000.0
001391.SZ,20260428,41700,5.26,219342.0,5.27,0.00274459,0.349313,151935.0
001395.SZ,20260428,1400,40.24,56336.0,40.22,0.00298571,0.130207,4689.0
001396.SZ,20260428,4500,44.0,198000.0,44.2,0.0202638,0.200668,2220.71
001400.SZ,20260428,15200,193.0,2933600.0,202.11,0.101333,0.670822,1500.0
001696.SZ,20260428,105700,17.64,1864548.0,17.74,0.0118578,0.376211,89139.8
001872.SZ,20260428,28000,21.5,602000.0,21.67,0.00121633,1.1149,230200.0
001896.SZ,20260428,943000,16.09,15172870.0,16.39,0.0618044,0.476654,152578.0
001914.SZ,20260428,8500,9.98,84830.0,9.96,0.000806669,0.132783,105372.0
001965.SZ,20260428,32800,9.4,308320.0,9.4,0.000482701,0.321518,679510.0
001979.SZ,20260428,69200,8.48,586816.0,8.47,0.000822479,0.172284,841358.0
002001.SZ,20260428,85500,34.53,2952315.0,34.53,0.00281541,0.246564,303686.0
002003.SZ,20260428,35100,10.07,353457.0,10.12,0.0034341,0.654583,102210.0
002004.SZ,20260428,161200,4.95,797940.0,4.95,0.00855934,0.341906,188332.0
002005.SZ,20260428,797100,3.04,2423184.0,3.03,0.0454968,4.78954,175199.0
002006.SZ,20260428,40600,17.39,706034.0,17.46,0.0078108,0.505977,51979.3
002007.SZ,20260428,47000,14.42,677740.0,14.46,0.00298751,0.673373,157321.0
002008.SZ,20260428,215383,103.0,22184449.0,104.67,0.0225125,0.417351,95672.7
002009.SZ,20260428,101800,23.45,2387210.0,23.7,0.0287471,0.377409,35412.3
002010.SZ,20260428,105800,5.71,604118.0,5.74,0.00383705,0.564801,275732.0
002011.SZ,20260428,37600,11.7,439920.0,11.71,0.00354865,0.39201,105956.0
002012.SZ,20260428,46000,6.91,317860.0,6.9,0.00983693,0.319484,46762.5
002014.SZ,20260428,26100,11.2,292320.0,11.21,0.00433055,0.764953,60269.4
002015.SZ,20260428,2466100,18.1,44636410.0,18.31,0.151917,1.33744,162332.0
002016.SZ,20260428,28000,5.25,147000.0,5.26,0.00346065,0.192002,80909.6
002017.SZ,20260428,57200,19.26,1101672.0,19.25,0.00986061,0.526992,58008.6
002019.SZ,20260428,9900,11.24,111276.0,11.19,0.00117604,0.0559233,84180.8
002020.SZ,20260428,11400,15.11,172254.0,15.13,0.00157465,0.117106,72396.8
002021.SZ,20260428,126000,3.03,381780.0,3.05,0.0105401,0.29662,119544.0
002022.SZ,20260428,34000,5.86,199240.0,5.89,0.00661122,0.518225,51427.8
002023.SZ,20260428,614500,12.52,7693540.0,12.75,0.0829441,1.10747,74086.0
002024.SZ,20260428,1427200,1.31,1869632.0,1.32,0.0154237,3.18607,925329.0
002025.SZ,20260428,101300,73.03,7397939.0,74.49,0.0223191,0.266397,45387.1
002026.SZ,20260428,28600,13.15,376090.0,13.15,0.00649271,0.488583,44049.4
002027.SZ,20260428,204400,6.09,1244796.0,6.09,0.0014153,0.162813,1444220.0
002028.SZ,20260428,81400,207.23,16868522.0,207.48,0.0133293,0.572724,61068.3
002029.SZ,20260428,955200,11.17,10669584.0,11.13,0.143551,4.22679,66540.6
002030.SZ,20260428,87800,5.77,506606.0,5.77,0.00625603,0.972593,140345.0
002031.SZ,20260428,149200,5.78,862376.0,5.84,0.00769567,0.387751,193875.0
002032.SZ,20260428,4100,47.1,193110.0,47.1,0.000511744,0.193805,80118.1
002033.SZ,20260428,404300,9.99,4038957.0,10.16,0.0735786,0.472132,54948.0
002034.SZ,20260428,198911,17.4,3461051.4,17.59,0.0434762,0.909051,45751.7
002035.SZ,20260428,335600,5.88,1973328.0,5.94,0.0429135,2.29561,78203.8
002036.SZ,20260428,4076600,8.15,33224290.0,9.05,0.386236,16.7218,105547.0
002037.SZ,20260428,13200,8.2,108240.0,8.2,0.00272793,0.258518,48388.4
002038.SZ,20260428,132800,6.85,909680.0,6.87,0.0155884,0.213886,85191.3
002039.SZ,20260428,61200,20.36,1246032.0,20.47,0.0143139,0.365409,42755.7
002040.SZ,20260428,35500,9.8,347900.0,9.89,0.00730339,0.49523,48607.5
002041.SZ,20260428,150300,9.75,1465425.0,9.55,0.0170795,1.07412,88000.0
002042.SZ,20260428,177500,4.94,876850.0,4.94,0.010437,0.215773,170068.0
002043.SZ,20260428,13100,13.55,177505.0,13.6,0.00162224,0.140082,80752.3
002044.SZ,20260428,194800,5.19,1011012.0,5.19,0.0050281,0.24646,387423.0
002045.SZ,20260428,1481499,11.45,16963163.55,11.76,0.263741,6.28813,56172.5
002046.SZ,20260428,81100,51.38,4166918.0,51.8,0.0153365,0.566818,52880.3
002047.SZ,20260428,76100,5.21,396481.0,5.21,0.00501926,0.252212,151616.0
002048.SZ,20260428,299500,26.0,7787000.0,27.65,0.042195,2.40535,70979.9
002049.SZ,20260428,812800,76.45,62138560.0,73.36,0.0956782,3.67181,84951.5
002050.SZ,20260428,437500,45.86,20063750.0,45.91,0.011875,0.485587,368420.0
002051.SZ,20260428,218000,10.16,2214880.0,10.22,0.0176185,0.263789,123734.0
002052.SZ,20260428,18300,9.67,176961.0,9.77,0.00265453,0.131744,68938.7
002053.SZ,20260428,38000,11.45,435100.0,11.52,0.00412719,0.288375,92072.3
002054.SZ,20260428,12200,8.13,99186.0,8.17,0.00317698,0.115764,38401.2
002055.SZ,20260428,74100,6.06,449046.0,6.09,0.012475,0.489183,59399.0
002056.SZ,20260428,40100,18.72,750672.0,18.78,0.00246764,0.137403,162503.0
002057.SZ,20260428,50100,9.55,478455.0,9.54,0.00665061,0.526854,75331.4
002058.SZ,20260428,301800,26.3,7937340.0,25.07,0.210875,12.8678,14311.8
002059.SZ,20260428,26100,5.0,130500.0,5.01,0.00265501,0.23038,98304.6
002060.SZ,20260428,145100,3.8,551380.0,3.81,0.00928453,0.324211,156281.0
002061.SZ,20260428,80000,3.81,304800.0,3.81,0.00307794,0.47064,259914.0
002062.SZ,20260428,45100,8.71,392821.0,8.71,0.00400995,0.110448,112470.0
002063.SZ,20260428,150800,6.39,963612.0,6.41,0.00852567,0.371886,176878.0
002064.SZ,20260428,73500,11.36,834960.0,11.44,0.00148425,0.166608,495199.0
002065.SZ,20260428,75000,8.35,626250.0,8.36,0.00257916,0.230388,290792.0
002066.SZ,20260428,16100,23.0,370300.0,23.19,0.0069697,0.363097,23100.0
002067.SZ,20260428,97200,4.74,460728.0,4.77,0.00726673,0.208811,133760.0
002068.SZ,20260428,29400,8.66,254604.0,8.68,0.00400011,0.257998,73497.9
002069.SZ,20260428,105000,3.83,402150.0,3.84,0.0147842,0.869924,71021.6
002072.SZ,20260428,13500,7.63,103005.0,7.63,0.00367315,0.226565,36753.2
002073.SZ,20260428,82000,7.1,582200.0,7.11,0.00808964,0.454499,101364.0
002074.SZ,20260428,369700,39.45,14584665.0,39.46,0.0212937,0.617852,173619.0
002075.SZ,20260428,38700,4.5,174150.0,4.49,0.00176404,0.159182,219382.0
002076.SZ,20260428,1570600,2.32,3643792.0,2.29,0.15069,4.4798,104227.0
002077.SZ,20260428,108100,15.66,1692846.0,15.77,0.0186267,0.59337,58034.9
002078.SZ,20260428,22900,14.37,329073.0,14.41,0.000824526,0.140576,277735.0
002079.SZ,20260428,46600,10.51,489766.0,10.55,0.00574793,0.118286,81072.7
002080.SZ,20260428,331300,52.15,17277295.0,52.07,0.0197423,0.609245,167812.0
002081.SZ,20260428,5336200,4.47,23852814.0,4.43,0.201777,1.94117,264460.0
002082.SZ,20260428,416800,30.18,12579024.0,29.8,0.0753362,1.45623,55325.3
002083.SZ,20260428,587300,11.46,6730458.0,11.4,0.0620613,1.11665,94632.3
002084.SZ,20260428,41100,3.82,157002.0,3.82,0.00637663,0.250266,64454.1
002085.SZ,20260428,61200,14.0,856800.0,14.06,0.00288231,0.271543,212330.0
002086.SZ,20260428,134100,1.91,256131.0,1.92,0.00848044,0.321916,158129.0
002088.SZ,20260428,44400,10.39,461316.0,10.43,0.00877832,1.01657,50579.1
002090.SZ,20260428,33800,10.66,360308.0,10.69,0.00855618,0.437956,39503.6
002091.SZ,20260428,144700,9.79,1416613.0,9.83,0.00905399,0.360085,159819.0
002092.SZ,20260428,274500,6.7,1839150.0,6.73,0.0106579,0.336052,257555.0
002093.SZ,20260428,11600,9.35,108460.0,9.38,0.00115136,0.0759966,100750.0
002094.SZ,20260428,65900,5.91,389469.0,5.96,0.00954445,0.347755,69045.4
002095.SZ,20260428,6900,16.19,111711.0,16.33,0.00274127,0.252241,25170.8
002096.SZ,20260428,21800,11.43,249174.0,11.42,0.00175744,0.376671,124044.0
002097.SZ,20260428,12900,9.91,127839.0,9.95,0.00120265,0.0817469,107263.0
002098.SZ,20260428,74200,8.8,652960.0,8.98,0.0207269,2.35114,35798.9
002099.SZ,20260428,122000,7.24,883280.0,7.21,0.00755092,0.538332,161570.0
002100.SZ,20260428,52500,7.51,394275.0,7.5,0.00384545,0.183403,136525.0
002101.SZ,20260428,40300,10.03,404209.0,10.06,0.00608566,0.654328,66221.2
002102.SZ,20260428,842800,2.84,2393552.0,2.89,0.038787,1.30819,217290.0
002103.SZ,20260428,6900,8.03,55407.0,8.12,0.00177773,0.129513,38813.6
002104.SZ,20260428,130200,14.2,1848840.0,14.41,0.0217108,0.550036,59970.2
002105.SZ,20260428,51100,6.5,332150.0,6.48,0.0140203,0.693751,36447.1
002106.SZ,20260428,265700,10.73,2850961.0,10.88,0.0376932,1.82688,70490.2
002107.SZ,20260428,187700,7.57,1420889.0,7.49,0.0328495,0.686696,57139.4
002108.SZ,20260428,629900,5.78,3640822.0,5.83,0.0382337,0.277656,164750.0
002109.SZ,20260428,89400,3.84,343296.0,3.87,0.00700479,0.271848,127627.0
002110.SZ,20260428,141400,3.46,489244.0,3.47,0.00582114,0.652736,242908.0
002111.SZ,20260428,44900,9.81,440469.0,9.9,0.00918668,0.949466,48875.1
002112.SZ,20260428,102400,19.86,2033664.0,19.71,0.0390721,0.520885,26208.0
002114.SZ,20260428,17800,9.0,160200.0,9.08,0.00550418,0.141559,32339.1
002115.SZ,20260428,4237100,13.79,58429609.0,13.33,0.563298,7.87971,75219.6
002116.SZ,20260428,4600,9.62,44252.0,9.63,0.000999985,0.0548973,46000.7
002117.SZ,20260428,67300,10.32,694536.0,10.35,0.0128547,0.742445,52354.6
002119.SZ,20260428,114400,20.98,2400112.0,21.01,0.0304836,0.447415,37528.4
002120.SZ,20260428,5053000,8.21,41485130.0,8.13,0.179494,7.84573,281513.0
002121.SZ,20260428,149600,6.97,1042712.0,6.97,0.0106497,0.418809,140474.0
002122.SZ,20260428,336300,2.98,1002174.0,3.0,0.0169189,1.97333,198772.0
002123.SZ,20260428,33700,9.74,328238.0,9.79,0.0046801,0.191609,72007.0
002124.SZ,20260428,1217900,2.47,3008213.0,2.49,0.0617485,0.41406,197235.0
002125.SZ,20260428,151900,14.39,2185841.0,14.2,0.0241298,1.00058,62951.1
002126.SZ,20260428,84900,45.43,3857007.0,45.92,0.0106898,0.445845,79421.5
002127.SZ,20260428,1133500,3.07,3479845.0,3.11,0.0568247,1.74222,199473.0
002128.SZ,20260428,30900,31.76,981384.0,31.85,0.0013785,0.234104,224157.0
002129.SZ,20260428,556000,8.49,4720440.0,8.54,0.0137631,0.95979,403978.0
002130.SZ,20260428,117700,23.62,2780074.0,23.7,0.010262,0.210594,114695.0
002131.SZ,20260428,5090200,6.72,34206144.0,6.8,0.0869407,0.982791,585480.0
002132.SZ,20260428,171000,4.61,788310.0,4.62,0.0122188,0.226824,139948.0
002133.SZ,20260428,191300,3.31,633203.0,3.32,0.0248483,1.28983,76987.0
002134.SZ,20260428,381000,25.6,9753600.0,24.98,0.15457,3.78897,24649.0
002135.SZ,20260428,191100,7.4,1414140.0,7.44,0.0183069,0.456249,104387.0
002136.SZ,20260428,32000,13.99,447680.0,14.12,0.0149215,0.29469,21445.6
002137.SZ,20260428,9500,8.21,77995.0,8.26,0.00239622,0.0802438,39645.8
002138.SZ,20260428,75300,35.4,2665620.0,35.57,0.00995374,0.331334,75650.0
002139.SZ,20260428,993700,11.4,11328180.0,12.02,0.0927747,7.01199,107109.0
002140.SZ,20260428,6100,12.19,74359.0,12.19,0.000862848,0.0802174,70696.1
002141.SZ,20260428,15700,3.63,56991.0,3.67,0.00151994,0.0784807,103294.0
002142.SZ,20260428,98500,32.84,3234740.0,32.84,0.00149255,0.285213,659944.0
002144.SZ,20260428,66200,14.2,940040.0,14.13,0.0480959,1.3707,13764.2
002145.SZ,20260428,293200,4.58,1342856.0,4.62,0.00786297,0.766842,372887.0
002146.SZ,20260428,1004100,1.26,1265166.0,1.27,0.0256703,1.03965,391152.0
002148.SZ,20260428,9900,7.71,76329.0,7.72,0.00220334,0.128342,44931.8
002149.SZ,20260428,1723400,56.1,96682740.0,57.88,0.353055,1.80985,48813.9
002150.SZ,20260428,136900,27.69,3790761.0,27.82,0.0381821,0.679455,35854.5
002151.SZ,20260428,162600,39.95,6495870.0,40.21,0.0367196,0.7567,44281.5
002152.SZ,20260428,38000,11.82,449160.0,11.88,0.00153094,0.194986,248213.0
002153.SZ,20260428,87200,9.76,851072.0,9.59,0.0054508,0.541364,159976.0
002154.SZ,20260428,4843400,3.94,19082996.0,3.99,0.410536,17.6203,117977.0
002155.SZ,20260428,220300,28.68,6318204.0,28.85,0.0140991,0.415438,156251.0
002156.SZ,20260428,1112900,50.85,56590965.0,51.2,0.07334,1.0489,151745.0
002157.SZ,20260428,1075400,3.1,3333740.0,3.12,0.0148588,0.462505,723746.0
002158.SZ,20260428,14200,25.96,368632.0,26.02,0.00266133,0.18906,53356.7
002159.SZ,20260428,7100,17.08,121268.0,17.22,0.00512737,0.20394,13847.3
002160.SZ,20260428,34100,4.9,167090.0,4.93,0.00330834,0.146635,103073.0
002161.SZ,20260428,46700,7.2,336240.0,7.2,0.00662653,0.196558,70474.3
002162.SZ,20260428,95900,4.49,430591.0,4.51,0.010441,0.613901,91849.4
002163.SZ,20260428,289800,12.05,3492090.0,11.93,0.036065,0.926552,80354.9
002164.SZ,20260428,28200,12.92,364344.0,13.08,0.00587775,0.265364,47977.5
002165.SZ,20260428,200300,8.68,1738604.0,8.77,0.0275295,0.374557,72758.4
002166.SZ,20260428,41900,8.58,359502.0,8.64,0.00567301,0.407593,73858.5
002167.SZ,20260428,94600,13.2,1248720.0,13.29,0.0124685,0.360008,75871.3
002168.SZ,20260428,21800,4.22,91996.0,4.26,0.00278003,0.166471,78416.3
002169.SZ,20260428,88300,12.78,1128474.0,12.93,0.0116387,0.228363,75867.4
002170.SZ,20260428,148400,13.71,2034564.0,13.71,0.0188533,0.631584,78713.0
002171.SZ,20260428,59200,11.5,680800.0,11.52,0.00366849,0.191325,161374.0
002172.SZ,20260428,56000,3.76,210560.0,3.77,0.00731891,0.395657,76514.1
002173.SZ,20260428,157100,23.39,3674569.0,23.3,0.0373279,0.58475,42086.5
002174.SZ,20260428,83600,9.29,776644.0,9.34,0.00853707,0.399843,97925.9
002175.SZ,20260428,4372400,2.7,11805480.0,2.63,0.342455,7.13156,127678.0
002176.SZ,20260428,3116500,14.17,44160805.0,14.49,0.182677,1.41014,170602.0
002177.SZ,20260428,175200,7.5,1314000.0,7.56,0.0259587,0.369958,67491.9
002178.SZ,20260428,28100,6.12,171972.0,6.13,0.00394783,0.218705,71178.3
002179.SZ,20260428,164200,36.6,6009720.0,36.94,0.00783209,0.482941,209650.0
002180.SZ,20260428,18900,18.5,349650.0,18.66,0.00138941,0.120782,136029.0
002181.SZ,20260428,2097400,14.34,30076716.0,14.34,0.184868,2.74598,113454.0
002182.SZ,20260428,38400,15.73,604032.0,15.86,0.00443668,0.169548,86551.2
002183.SZ,20260428,557400,5.74,3199476.0,5.72,0.0214633,0.495846,259699.0
002184.SZ,20260428,9900,11.34,112266.0,11.43,0.00411862,0.206454,24037.2
002185.SZ,20260428,836200,12.87,10761894.0,12.89,0.0256018,0.816715,326618.0
002186.SZ,20260428,29500,10.69,315355.0,10.75,0.00961533,0.490668,30680.2
002187.SZ,20260428,67000,6.1,408700.0,6.09,0.00955921,0.639162,70089.5
002188.SZ,20260428,129900,6.64,862536.0,6.63,0.0504735,1.13932,25736.3
002189.SZ,20260428,16600,20.76,344616.0,20.76,0.00635626,0.446676,26116.0
002190.SZ,20260428,88300,29.95,2644585.0,30.66,0.0246147,2.60723,35872.9
002191.SZ,20260428,619600,3.63,2249148.0,3.57,0.0430124,4.80549,144052.0
002192.SZ,20260428,583370,90.93,53045834.1,90.42,0.225137,1.93039,25911.8
002193.SZ,20260428,75600,6.67,504252.0,6.54,0.0288865,0.878332,26171.4
002194.SZ,20260428,310600,11.18,3472508.0,11.37,0.0607954,0.675636,51089.4
002195.SZ,20260428,2592800,8.72,22609216.0,8.92,0.0462896,1.20217,560126.0
002196.SZ,20260428,54700,14.17,775099.0,14.25,0.0111996,0.178589,48841.0
002197.SZ,20260428,133000,7.9,1050700.0,7.9,0.0249064,0.592309,53400.0
002198.SZ,20260428,2387300,6.17,14729641.0,6.59,0.470422,10.497,50748.1
002199.SZ,20260428,498400,10.49,5228216.0,10.16,0.20473,13.9804,24344.2
002200.SZ,20260428,4500,7.58,34110.0,7.58,0.00229913,0.248554,19572.6
002201.SZ,20260428,889847,13.77,12253193.19,14.13,0.147809,0.64858,60202.3
002202.SZ,20260428,792300,26.45,20956335.0,26.53,0.0235558,0.441297,336350.0
002203.SZ,20260428,123500,17.12,2114320.0,17.23,0.00558283,0.234872,221214.0
002204.SZ,20260428,51200,6.82,349184.0,6.82,0.00265097,0.218631,193137.0
002205.SZ,20260428,28200,12.83,361806.0,12.91,0.0151741,0.874708,18584.3
002206.SZ,20260428,68100,6.06,412686.0,6.03,0.00644376,0.499479,105684.0
002207.SZ,20260428,0,,0.0,6.88,0.0,0.0,26081.2
002208.SZ,20260428,113700,12.72,1446264.0,12.61,0.0141581,0.49193,80307.2
002209.SZ,20260428,9000,16.68,150120.0,16.7,0.00575768,0.123769,15631.3
002210.SZ,20260428,7224500,2.94,21240030.0,2.74,0.272082,13.116,265527.0
002211.SZ,20260428,68400,3.57,244188.0,3.59,0.0158159,0.528081,43247.6
002212.SZ,20260428,120600,7.93,956358.0,7.93,0.0103356,0.330121,116684.0
002213.SZ,20260428,265500,36.54,9701370.0,36.52,0.128536,0.803847,20655.7
002214.SZ,20260428,3700,18.93,70041.0,18.93,0.000773384,0.0953206,47841.7
002215.SZ,20260428,1068800,10.65,11382720.0,10.63,0.133102,8.30068,80299.3
002216.SZ,20260428,125100,14.4,1801440.0,14.43,0.0198413,1.0727,63050.2
002217.SZ,20260428,75905200,3.26,247450952.0,2.96,1.04275,9.25019,727932.0
002218.SZ,20260428,12276388,5.71,70098175.48,5.19,0.884671,13.5571,138768.0
002219.SZ,20260428,238600,2.32,553552.0,2.32,0.00729246,0.189272,327187.0
002221.SZ,20260428,36100,7.74,279414.0,7.71,0.00247112,0.148339,146088.0
002222.SZ,20260428,146800,87.0,12771600.0,87.91,0.0313574,0.408002,46815.2
002223.SZ,20260428,168300,29.15,4905945.0,29.14,0.0178607,1.37104,94229.4
002224.SZ,20260428,133200,4.35,579420.0,4.38,0.0165183,0.792303,80638.0
002225.SZ,20260428,1649400,4.34,7158396.0,4.82,0.173873,7.98185,94862.2
002226.SZ,20260428,151400,5.4,817560.0,5.46,0.00571554,0.963901,264892.0
002227.SZ,20260428,1744800,8.64,15075072.0,8.35,0.709451,11.0666,24593.7
002228.SZ,20260428,201200,3.84,772608.0,3.87,0.0166374,0.409171,120932.0
002229.SZ,20260428,710800,16.59,11792172.0,16.58,0.144133,1.13583,49315.6
002230.SZ,20260428,144900,49.58,7184142.0,49.81,0.00661858,0.383066,218929.0
002232.SZ,20260428,22500,17.65,397125.0,17.79,0.0055073,0.491359,40854.8
002233.SZ,20260428,43000,9.44,405920.0,9.46,0.00366496,0.376466,117327.0
002234.SZ,20260428,14000,8.51,119140.0,8.51,0.00464486,0.195905,30140.9
002235.SZ,20260428,200200,9.65,1931930.0,9.77,0.0361647,0.577805,55357.8
002236.SZ,20260428,110900,18.08,2005072.0,18.17,0.00463798,0.305377,239113.0
002237.SZ,20260428,312500,16.34,5106250.0,16.47,0.0262086,0.549836,119236.0
002238.SZ,20260428,26300,7.13,187519.0,7.13,0.00327702,0.447347,80255.9
002239.SZ,20260428,697400,2.97,2071278.0,2.97,0.0213523,1.20729,326615.0
002240.SZ,20260428,664400,52.23,34701612.0,52.12,0.0727784,1.19136,91290.9
002241.SZ,20260428,540300,24.82,13410246.0,25.08,0.0171928,0.572348,314259.0
002242.SZ,20260428,509800,11.22,5719956.0,11.15,0.0669305,1.18976,76168.6
002243.SZ,20260428,146800,8.85,1299180.0,8.95,0.0121912,1.11839,120414.0
002244.SZ,20260428,119000,9.14,1087660.0,9.11,0.00431543,0.381716,275755.0
002245.SZ,20260428,168400,20.5,3452200.0,20.44,0.015513,0.240969,108554.0
002246.SZ,20260428,72800,24.4,1776320.0,24.5,0.0132596,0.265603,54903.5
002247.SZ,20260428,343800,2.8,962640.0,2.82,0.0534232,1.47435,64354.1
002248.SZ,20260428,163300,12.68,2070644.0,12.7,0.0531064,1.07663,30749.6
002249.SZ,20260428,215200,9.2,1979840.0,9.26,0.0115591,0.769534,186174.0
002250.SZ,20260428,176400,17.52,3090528.0,17.44,0.01971,1.12893,89497.6
002251.SZ,20260428,225900,4.15,937485.0,4.17,0.0104949,0.355881,215247.0
002252.SZ,20260428,115000,5.46,627900.0,5.47,0.00173355,0.437456,663378.0
002253.SZ,20260428,1090650,11.99,13076893.5,12.19,0.523586,18.6338,20830.4
002254.SZ,20260428,99600,10.83,1078668.0,10.85,0.0117098,0.413295,85056.8
002255.SZ,20260428,391400,11.0,4305400.0,10.78,0.0613506,2.27325,63797.2
002256.SZ,20260428,781023,4.45,3475552.35,4.53,0.040012,0.395453,195197.0
002258.SZ,20260428,59800,13.0,777400.0,13.07,0.00748296,0.284997,79914.9
002259.SZ,20260428,993100,5.07,5035017.0,5.06,0.132004,1.687,75232.8
002261.SZ,20260428,2302503,36.88,84916310.64,38.3,0.200977,1.41779,114565.0
002262.SZ,20260428,77400,22.22,1719828.0,22.22,0.00875638,0.589486,88392.7
002263.SZ,20260428,1845700,4.26,7862682.0,4.27,0.098262,0.617678,187835.0
002264.SZ,20260428,47100,8.05,379155.0,8.11,0.00719322,0.36204,65478.3
002265.SZ,20260428,23600,22.28,525808.0,22.47,0.00228452,0.234525,103304.0
002266.SZ,20260428,708300,4.83,3421089.0,4.79,0.0144645,0.876779,489680.0
002267.SZ,20260428,328400,7.91,2597644.0,8.05,0.0295304,3.43713,111208.0
002268.SZ,20260428,41200,15.9,655080.0,15.97,0.00487427,0.389101,84525.4
002269.SZ,20260428,475200,1.56,741312.0,1.58,0.0189134,1.01435,251250.0
002270.SZ,20260428,70900,26.55,1882395.0,26.69,0.00791108,0.34067,89621.1
002271.SZ,20260428,176600,15.05,2657830.0,15.05,0.00922438,0.435269,191449.0
002272.SZ,20260428,370100,18.04,6676604.0,18.3,0.0906812,0.521361,40813.3
002273.SZ,20260428,226700,32.56,7381352.0,32.85,0.0166437,0.244814,136208.0
002274.SZ,20260428,1019900,6.66,6792534.0,6.5,0.108749,4.18743,93784.9
002275.SZ,20260428,3000,13.99,41970.0,13.96,0.000536633,0.215767,55904.1
002276.SZ,20260428,50900,13.59,691731.0,13.61,0.00505416,0.189344,100709.0
002277.SZ,20260428,19600,5.81,113876.0,5.82,0.00140585,0.0907229,139417.0
002278.SZ,20260428,132000,10.65,1405800.0,10.78,0.0396691,0.469535,33275.3
002279.SZ,20260428,62500,8.0,500000.0,8.02,0.00791584,0.293285,78955.6
002281.SZ,20260428,738325,131.92,97399834.0,134.52,0.0947179,0.895542,77949.9
002282.SZ,20260428,16400,6.82,111848.0,6.86,0.00324749,0.288395,50500.5
002283.SZ,20260428,215800,11.29,2436382.0,11.1,0.0215192,0.791066,100283.0
002284.SZ,20260428,55100,14.02,772502.0,14.01,0.00753876,0.392147,73088.9
002285.SZ,20260428,106400,3.05,324520.0,3.05,0.00538669,0.243458,197524.0
002286.SZ,20260428,18300,10.2,186660.0,10.29,0.0049501,0.18427,36969.0
002287.SZ,20260428,3500,22.66,79310.0,22.55,0.000613018,0.207473,57094.5
002289.SZ,20260428,301400,33.16,9994424.0,31.58,0.107661,7.65543,27995.4
002290.SZ,20260428,379900,84.0,31911600.0,88.07,0.153684,2.38625,24719.6
002291.SZ,20260428,135500,6.28,850940.0,6.29,0.0155904,0.519702,86912.5
002292.SZ,20260428,717100,8.3,5951930.0,8.22,0.0704511,2.92889,101787.0
002293.SZ,20260428,95500,10.8,1031400.0,10.91,0.0115536,0.499754,82658.3
002294.SZ,20260428,7300,54.68,399164.0,54.68,0.000654964,0.0574846,111457.0
002295.SZ,20260428,18300,10.92,199836.0,10.93,0.0073114,0.439251,25029.4
002296.SZ,20260428,320400,11.07,3546828.0,11.38,0.0922239,3.51782,34741.5
002297.SZ,20260428,4934400,21.0,103622400.0,20.53,0.860994,2.52477,57310.5
002298.SZ,20260428,30200,9.8,295960.0,9.85,0.00457052,0.104018,66075.7
002299.SZ,20260428,19400,18.1,351140.0,18.15,0.00159155,0.183072,121894.0
002300.SZ,20260428,228257,10.09,2303113.13,10.3,0.0316016,0.318488,72229.5
002301.SZ,20260428,214900,7.11,1527939.0,7.17,0.0299308,0.788596,71799.0
002302.SZ,20260428,14900,5.58,83142.0,5.6,0.00118033,0.195066,126235.0
002303.SZ,20260428,184400,3.33,614052.0,3.36,0.0190716,1.23112,96688.1
002304.SZ,20260428,108779,49.2,5351926.8,49.43,0.00722108,2.4423,150641.0
002305.SZ,20260428,2342400,2.33,5457792.0,2.31,0.135078,12.9412,173410.0
002306.SZ,20260428,204200,2.4,490080.0,2.38,0.0250872,1.63206,81396.0
002307.SZ,20260428,232100,4.36,1011956.0,4.39,0.0183002,0.921867,126829.0
002309.SZ,20260428,3932300,4.23,16633629.0,4.16,0.163428,1.06039,240613.0
002310.SZ,20260428,1648600,2.93,4830398.0,2.96,0.0383484,0.592091,429901.0
002311.SZ,20260428,107900,46.78,5047562.0,46.53,0.00656265,1.44164,164415.0
002312.SZ,20260428,688000,11.25,7740000.0,11.44,0.0365216,1.81106,188382.0
002313.SZ,20260428,723300,9.41,6806253.0,9.2,0.193203,3.5027,37437.4
002314.SZ,20260428,121100,2.45,296695.0,2.46,0.00904895,0.318594,133828.0
002315.SZ,20260428,29400,30.92,909048.0,30.88,0.0111824,0.28798,26291.3
002316.SZ,20260428,46600,5.22,243252.0,5.22,0.0136743,0.412935,34078.5
002317.SZ,20260428,69200,19.19,1327948.0,19.28,0.00908593,0.250203,76161.7
002318.SZ,20260428,290188,27.5,7980170.0,28.48,0.0303961,4.13639,95468.9
002319.SZ,20260428,113300,11.22,1271226.0,11.05,0.05665,1.92293,20000.0
002320.SZ,20260428,223199,8.35,1863711.65,8.34,0.00998297,1.822,223580.0
002321.SZ,20260428,129000,2.1,270900.0,2.11,0.00607383,0.370571,212387.0
002322.SZ,20260428,20800,12.37,257296.0,12.41,0.00591919,0.182187,35140.0
002323.SZ,20260428,7321300,1.76,12885488.0,1.95,0.345282,7.4092,212038.0
002324.SZ,20260428,740224,14.65,10844281.6,14.78,0.0953558,1.32931,77627.6
002326.SZ,20260428,2074000,26.0,53924000.0,27.22,0.256633,3.40574,80815.9
002327.SZ,20260428,127700,7.41,946257.0,7.45,0.026009,1.06228,49098.3
002328.SZ,20260428,901900,11.13,10038147.0,10.96,0.158009,0.779318,57079.2
002329.SZ,20260428,47400,4.01,190074.0,4.02,0.00727448,0.165438,65159.3
002330.SZ,20260428,134700,4.61,620967.0,4.63,0.0212076,0.987222,63514.9
002331.SZ,20260428,723300,9.19,6647127.0,9.27,0.18272,1.81004,39585.2
002332.SZ,20260428,334900,8.78,2940422.0,8.86,0.0340147,3.9702,98457.4
002333.SZ,20260428,111600,5.65,630540.0,5.69,0.0167439,0.403789,66650.9
002334.SZ,20260428,31100,7.86,244446.0,7.91,0.00423122,0.105109,73501.2
002335.SZ,20260428,48000,63.4,3043200.0,63.45,0.0105571,0.122921,45466.9
002337.SZ,20260428,38400,6.06,232704.0,6.13,0.00653065,0.435089,58799.7
002338.SZ,20260428,158200,61.12,9669184.0,60.11,0.0659167,1.03431,24000.0
002339.SZ,20260428,30600,10.11,309366.0,10.13,0.00639204,0.165685,47872.0
002340.SZ,20260428,1645400,8.92,14676968.0,8.92,0.0324175,0.831541,507566.0
002342.SZ,20260428,1949307,18.44,35945221.08,18.42,0.204182,0.803907,95469.0
002343.SZ,20260428,21300,6.23,132699.0,6.25,0.0044967,0.211374,47368.0
002344.SZ,20260428,37700,4.45,167765.0,4.47,0.00294239,0.324519,128127.0
002345.SZ,20260428,39500,10.7,422650.0,10.72,0.00455474,0.272792,86722.9
002346.SZ,20260428,6600,18.56,122496.0,18.59,0.001678,0.223273,39332.5
002347.SZ,20260428,25500,7.92,201960.0,7.97,0.0051684,0.12155,49338.3
002348.SZ,20260428,46000,9.9,455400.0,9.92,0.00509113,0.191859,90353.3
002349.SZ,20260428,86700,7.24,627708.0,7.29,0.0106487,0.707382,81418.1
002350.SZ,20260428,80700,14.22,1147554.0,14.23,0.0152106,0.343307,53055.1
002351.SZ,20260428,29100,11.12,323592.0,11.17,0.0055848,0.46599,52105.7
002352.SZ,20260428,73100,36.89,2696659.0,36.88,0.00153249,0.459019,477001.0
002353.SZ,20260428,82000,128.42,10530440.0,129.3,0.0118662,0.455786,69103.9
002354.SZ,20260428,29200,5.57,162644.0,5.59,0.00179616,0.0626059,162569.0
002355.SZ,20260428,151600,5.87,889892.0,5.96,0.0245241,0.821375,61816.7
002356.SZ,20260428,31000,3.34,103540.0,3.35,0.00236416,0.109635,131125.0
002357.SZ,20260428,16900,11.15,188435.0,11.18,0.00539113,0.145115,31347.8
002358.SZ,20260428,37200,7.23,268956.0,7.25,0.00400105,0.137369,92975.6
002360.SZ,20260428,0,,0.0,6.29,0.0,0.0,32752.2
002361.SZ,20260428,4064685,20.66,83976392.1,21.66,0.502357,1.27232,80912.3
002362.SZ,20260428,47902,18.66,893851.32,18.92,0.0230749,1.45912,20759.4
002363.SZ,20260428,32500,8.25,268125.0,8.25,0.00781704,0.351973,41575.8
002364.SZ,20260428,488700,41.0,20036700.0,41.15,0.0875644,0.599675,55810.4
002365.SZ,20260428,28600,13.09,374374.0,13.15,0.0116597,0.50587,24528.8
002366.SZ,20260428,623700,7.26,4528062.0,7.36,0.033707,1.37327,185036.0
002367.SZ,20260428,98400,6.12,602208.0,6.17,0.012384,0.849834,79457.6
002368.SZ,20260428,25100,19.46,488446.0,19.62,0.00404558,0.382931,62043.0
002369.SZ,20260428,64200,7.26,466092.0,7.27,0.0113384,0.446238,56621.5
002370.SZ,20260428,73800,6.72,495936.0,6.74,0.00989717,0.193802,74566.8
002371.SZ,20260428,83600,511.54,42764744.0,516.25,0.0115429,0.545753,72425.3
002372.SZ,20260428,62200,10.5,653100.0,10.41,0.00422882,0.915415,147086.0
002373.SZ,20260428,840000,9.21,7736400.0,9.72,0.0609762,3.54172,137759.0
002374.SZ,20260428,21600,3.14,67824.0,3.16,0.0019904,0.0993402,108521.0
002375.SZ,20260428,163300,4.09,667897.0,4.04,0.0123079,0.593382,132679.0
002376.SZ,20260428,65700,7.31,480267.0,7.36,0.00834674,0.448829,78713.3
002377.SZ,20260428,498700,3.41,1700567.0,3.39,0.0571697,0.841376,87231.5
002378.SZ,20260428,959400,30.5,29261700.0,29.33,0.0802764,1.36485,119512.0
002379.SZ,20260428,55400,25.49,1412146.0,25.59,0.00487516,0.258463,113637.0
002380.SZ,20260428,32200,34.86,1122492.0,35.05,0.0226435,0.344637,14220.4
002381.SZ,20260428,32400,6.56,212544.0,6.58,0.0101125,0.616859,32039.7
002382.SZ,20260428,172100,7.49,1289029.0,7.49,0.0172236,0.496258,99921.0
002383.SZ,20260428,22800,9.4,214320.0,9.46,0.00307958,0.106602,74036.0
002384.SZ,20260428,1003400,187.0,187635800.0,186.7,0.0723786,1.00025,138632.0
002385.SZ,20260428,181400,3.86,700204.0,3.87,0.00514812,0.285025,352362.0
002386.SZ,20260428,133000,6.81,905730.0,6.8,0.0102197,0.214931,130140.0
002387.SZ,20260428,46400,8.14,377696.0,8.2,0.00332617,0.437747,139500.0
002388.SZ,20260428,310100,5.24,1624924.0,5.18,0.0612575,1.90577,50622.3
002389.SZ,20260428,507300,21.78,11048994.0,22.21,0.051515,2.59927,98476.1
002390.SZ,20260428,50000,3.16,158000.0,3.17,0.00259364,0.205768,192779.0
002391.SZ,20260428,55900,6.68,373412.0,6.68,0.0120449,0.267933,46409.8
002392.SZ,20260428,91900,8.91,818829.0,8.95,0.00793921,0.185464,115755.0
002393.SZ,20260428,32900,17.65,580685.0,17.55,0.0109587,0.746734,30021.7
002394.SZ,20260428,69900,12.16,849984.0,12.23,0.0216327,0.803101,32312.1
002395.SZ,20260428,212800,18.31,3896368.0,18.87,0.079348,3.25317,26818.6
002396.SZ,20260428,78100,27.07,2114167.0,27.28,0.0133898,0.263044,58328.0
002397.SZ,20260428,678939,4.52,3068804.28,4.5,0.104799,1.78873,64784.8
002398.SZ,20260428,61100,4.99,304889.0,5.04,0.0100246,0.51923,60949.9
002399.SZ,20260428,4500,10.8,48600.0,10.86,0.000360808,0.171919,124720.0
002400.SZ,20260428,503800,8.46,4262148.0,8.58,0.0291861,0.56124,172616.0
002401.SZ,20260428,15400,14.39,221606.0,14.49,0.00414704,0.504878,37135.0
002402.SZ,20260428,374100,32.46,12143286.0,32.96,0.0459798,1.05941,81361.8
002403.SZ,20260428,115200,10.51,1210752.0,10.58,0.0387668,1.74575,29716.1
002404.SZ,20260428,59100,7.0,413700.0,7.0,0.0129735,0.724464,45554.3
002405.SZ,20260428,69800,9.01,628898.0,9.05,0.00296284,0.151236,235585.0
002406.SZ,20260428,1138100,8.32,9468992.0,8.44,0.188986,2.63179,60221.3
002407.SZ,20260428,1294000,34.18,44228920.0,34.52,0.119952,0.795372,107877.0
002408.SZ,20260428,230200,6.58,1514716.0,6.58,0.00836757,0.384501,275110.0
002409.SZ,20260428,530800,83.0,44056400.0,89.12,0.166644,4.24798,31852.3
002410.SZ,20260428,110100,11.02,1213302.0,11.09,0.00701221,0.261484,157012.0
002412.SZ,20260428,936300,6.9,6460470.0,6.49,0.188071,12.419,49784.5
002413.SZ,20260428,178400,13.16,2347744.0,13.22,0.0137715,0.102326,129543.0
002414.SZ,20260428,685900,14.3,9808370.0,14.19,0.0201818,0.576747,339861.0
002415.SZ,20260428,185300,34.01,6302053.0,33.97,0.00204833,0.353922,904640.0
002416.SZ,20260428,400200,13.45,5382690.0,13.15,0.0326986,0.920605,122390.0
002418.SZ,20260428,827000,5.94,4912380.0,5.99,0.0727738,0.260792,113640.0
002419.SZ,20260428,110700,5.62,622134.0,5.65,0.00947206,0.487523,116870.0
002420.SZ,20260428,69700,7.35,512295.0,7.39,0.0174442,0.523654,39955.9
002421.SZ,20260428,163800,2.81,460278.0,2.82,0.00817619,0.266475,200338.0
002422.SZ,20260428,11500,33.23,382145.0,33.24,0.000880627,0.0838819,130589.0
002423.SZ,20260428,72100,10.11,728931.0,10.1,0.0031292,0.737311,230411.0
002424.SZ,20260428,189500,5.0,947500.0,4.97,0.0156197,2.01792,121321.0
002425.SZ,20260428,2365100,3.39,8017689.0,3.43,0.257024,10.0869,92018.6
002426.SZ,20260428,914300,3.81,3483483.0,3.87,0.0268706,0.505857,340260.0
002427.SZ,20260428,25400,6.3,160020.0,6.31,0.00257945,0.176376,98470.5
002428.SZ,20260428,1115330,72.6,80972958.0,72.8,0.170792,0.91357,65303.6
002429.SZ,20260428,1984000,12.01,23827840.0,11.9,0.0438518,0.856547,452433.0
002430.SZ,20260428,261100,31.3,8172430.0,31.3,0.026699,0.733125,97793.8
002432.SZ,20260428,139500,76.88,10724760.0,77.35,0.0318196,0.440504,43841.0
002434.SZ,20260428,96800,7.13,690184.0,7.2,0.00738187,0.377864,131132.0
002436.SZ,20260428,1276000,28.99,36991240.0,29.23,0.0840618,0.795438,151793.0
002437.SZ,20260428,859700,3.77,3241069.0,3.77,0.0412119,0.798284,208605.0
002438.SZ,20260428,35200,16.17,569184.0,16.33,0.00750724,0.358388,46888.1
002439.SZ,20260428,236500,15.14,3580610.0,15.25,0.0324595,0.660046,72859.9
002440.SZ,20260428,154700,11.78,1822366.0,11.76,0.0163469,0.376088,94635.9
002441.SZ,20260428,302400,9.62,2909088.0,9.4,0.0758743,3.62308,39855.4
002442.SZ,20260428,874100,6.18,5401938.0,6.2,0.177424,5.48974,49266.3
002443.SZ,20260428,614020,12.05,7398941.0,11.8,0.118295,1.19624,51905.8
002444.SZ,20260428,13900,31.4,436460.0,31.52,0.00121182,0.139558,114703.0
002445.SZ,20260428,4466331,3.6,16078791.6,3.79,0.188747,2.25637,236631.0
002446.SZ,20260428,282900,10.15,2871435.0,10.3,0.0333696,0.596,84777.7
002448.SZ,20260428,147200,15.42,2269824.0,15.41,0.025357,0.319383,58050.9
002449.SZ,20260428,72600,8.04,583704.0,8.11,0.0117385,0.505453,61847.7
002451.SZ,20260428,89000,9.44,840160.0,9.45,0.0202665,0.742927,43914.9
002452.SZ,20260428,61400,11.02,676628.0,10.93,0.0119166,0.33639,51524.6
002453.SZ,20260428,64100,4.85,310885.0,4.9,0.0104608,0.350434,61276.3
002454.SZ,20260428,76600,10.58,810428.0,10.52,0.012218,0.528799,62694.6
002455.SZ,20260428,321600,10.77,3463632.0,10.88,0.0486674,0.323353,66081.2
002456.SZ,20260428,945300,8.86,8375358.0,8.9,0.0284984,1.08207,331703.0
002457.SZ,20260428,91800,10.98,1007964.0,11.0,0.0275452,0.576567,33327.0
002458.SZ,20260428,83200,10.85,902720.0,10.88,0.0115493,0.331682,72038.9
002459.SZ,20260428,126600,10.63,1345758.0,10.68,0.00382966,0.336602,330578.0
002460.SZ,20260428,210240,84.12,17685388.8,84.11,0.0173577,0.284753,121122.0
002461.SZ,20260428,37400,10.02,374748.0,10.06,0.00168976,0.383458,221333.0
002462.SZ,20260428,5400,13.85,74790.0,13.88,0.00185268,0.21186,29147.0
002463.SZ,20260428,371200,104.94,38953728.0,104.95,0.0193051,0.455639,192281.0
002465.SZ,20260428,221800,15.75,3493350.0,15.82,0.00895117,0.262794,247789.0
002466.SZ,20260428,1257936,74.61,93854604.96,73.65,0.0852492,1.15852,147560.0
002467.SZ,20260428,317900,6.72,2136288.0,6.79,0.0232586,0.238268,136681.0
002468.SZ,20260428,124600,17.45,2174270.0,17.53,0.00849237,0.482495,146720.0
002469.SZ,20260428,108200,7.32,792024.0,7.35,0.0172183,0.788229,62840.3
002470.SZ,20260428,880100,2.79,2455479.0,2.81,0.0267855,0.289543,328574.0
002471.SZ,20260428,175900,8.48,1491632.0,8.46,0.0131034,0.0857942,134240.0
002472.SZ,20260428,91100,38.49,3506439.0,38.48,0.0121705,0.600281,74853.2
002474.SZ,20260428,204100,7.34,1498094.0,7.28,0.0385945,1.00897,52883.2
002475.SZ,20260428,2705800,71.02,192165916.0,71.97,0.0372224,1.02407,726927.0
002476.SZ,20260428,8700,5.89,51243.0,5.91,0.00142174,0.0896531,61192.7
002478.SZ,20260428,423400,9.44,3996896.0,9.49,0.0585839,0.710362,72272.4
002479.SZ,20260428,15500,5.49,85095.0,5.51,0.00179591,0.0658584,86307.3
002480.SZ,20260428,330600,6.72,2221632.0,6.73,0.0430676,1.70004,76763.0
002481.SZ,20260428,31500,4.58,144270.0,4.59,0.00281715,0.162661,111815.0
002482.SZ,20260428,329200,1.67,549764.0,1.68,0.00879342,0.759802,374371.0
002483.SZ,20260428,304603,6.71,2043886.13,6.87,0.0344087,2.80411,88525.1
002484.SZ,20260428,990900,38.28,37931652.0,37.64,0.120772,2.39774,82047.2
002485.SZ,20260428,50200,4.63,232426.0,4.67,0.00922794,1.56432,54400.0
002486.SZ,20260428,228600,2.87,656082.0,2.87,0.0278622,1.08108,82046.7
002487.SZ,20260428,275900,90.19,24883421.0,88.66,0.0437298,1.54448,63092.0
002488.SZ,20260428,155600,11.88,1848528.0,11.85,0.0169115,0.636955,92008.4
002489.SZ,20260428,31900,3.32,105908.0,3.32,0.00166752,0.125157,191302.0
002490.SZ,20260428,516200,10.3,5316860.0,10.5,0.0952887,0.629312,54172.2
002491.SZ,20260428,1210695,16.35,19794863.25,16.82,0.102909,0.556241,117647.0
002492.SZ,20260428,28600,8.26,236236.0,8.33,0.00718891,0.214686,39783.5
002493.SZ,20260428,1761200,12.66,22296792.0,12.44,0.0188118,3.22292,936220.0
002494.SZ,20260428,51300,5.64,289332.0,5.64,0.0178889,0.452583,28677.0
002495.SZ,20260428,261500,2.6,679900.0,2.62,0.0376846,1.04825,69391.8
002496.SZ,20260428,249500,2.14,533930.0,2.16,0.0211217,0.514241,118125.0
002497.SZ,20260428,401000,28.95,11608950.0,28.97,0.037882,0.649675,105855.0
002498.SZ,20260428,227700,8.53,1942281.0,8.63,0.00684442,0.140527,332680.0
002500.SZ,20260428,131400,5.55,729270.0,5.54,0.0036604,0.775026,358977.0
002501.SZ,20260428,443800,1.58,701204.0,1.6,0.0125139,0.406483,354647.0
002506.SZ,20260428,1191000,4.35,5180850.0,4.37,0.0203784,0.223147,584443.0
002507.SZ,20260428,43300,12.47,539951.0,12.45,0.00376267,0.495626,115078.0
002508.SZ,20260428,14400,18.86,271584.0,18.96,0.0015425,0.272418,93355.2
002510.SZ,20260428,49200,6.72,330624.0,6.77,0.00489627,0.209085,100485.0
002511.SZ,20260428,411700,8.86,3647662.0,8.64,0.0325451,2.45162,126502.0
002512.SZ,20260428,2216100,4.02,8908722.0,4.12,0.202485,3.62705,109445.0
002513.SZ,20260428,28700,6.24,179088.0,6.24,0.00992938,0.283708,28904.1
002514.SZ,20260428,981500,3.78,3710070.0,4.2,0.177155,6.66229,55403.4
002515.SZ,20260428,425600,6.15,2617440.0,6.21,0.0351561,0.571946,121060.0
002516.SZ,20260428,262300,5.98,1568554.0,6.04,0.0179974,1.60759,145743.0
002517.SZ,20260428,93600,17.0,1591200.0,17.04,0.00495478,0.193811,188909.0
002518.SZ,20260428,91800,47.09,4322862.0,47.4,0.0162439,0.787364,56513.6
002519.SZ,20260428,521162,8.12,4231835.44,8.2,0.0466321,0.61437,111760.0
002520.SZ,20260428,89700,5.3,475410.0,5.39,0.0125028,0.455616,71744.0
002521.SZ,20260428,29100,8.53,248223.0,8.6,0.00695494,0.451313,41840.8
002522.SZ,20260428,41900,6.07,254333.0,6.11,0.00462973,0.131175,90502.0
002523.SZ,20260428,101600,3.83,389128.0,3.85,0.0071978,0.415406,141154.0
002524.SZ,20260428,346100,4.22,1460542.0,4.24,0.0677633,2.38132,51074.9
002526.SZ,20260428,64200,3.39,217638.0,3.4,0.0036249,0.333864,177108.0
002527.SZ,20260428,60400,12.9,779160.0,13.1,0.0114202,0.597998,52888.9
002528.SZ,20260428,685800,4.67,3202686.0,4.85,0.0653006,1.73695,105022.0
002529.SZ,20260428,29000,7.26,210540.0,7.26,0.0111538,0.484602,26000.0
002530.SZ,20260428,30400,8.98,272992.0,9.02,0.00437332,0.231117,69512.3
002531.SZ,20260428,98700,11.81,1165647.0,11.88,0.00552389,0.184804,178679.0
002532.SZ,20260428,265500,17.37,4611735.0,17.54,0.0064648,0.454865,410686.0
002533.SZ,20260428,10000,13.46,134600.0,13.51,0.00156827,0.0577715,63764.5
002534.SZ,20260428,154700,17.82,2756754.0,18.06,0.0187433,1.33412,82536.3
002535.SZ,20260428,132800,3.48,462144.0,3.52,0.0177935,1.11271,74633.9
002536.SZ,20260428,191600,37.3,7146680.0,37.06,0.0351946,0.30801,54440.1
002537.SZ,20260428,84700,7.38,625086.0,7.42,0.00724427,0.344767,116920.0
002538.SZ,20260428,75600,7.36,556416.0,7.4,0.00885712,0.546681,85355.1
002539.SZ,20260428,52000,14.89,774280.0,15.03,0.00584405,0.226822,88979.4
002540.SZ,20260428,21700,6.19,134323.0,6.18,0.00248273,0.129324,87403.8
002541.SZ,20260428,259400,19.84,5146496.0,19.37,0.0522803,3.76625,49617.2
002542.SZ,20260428,3119600,1.79,5584084.0,1.82,0.177374,2.43575,175877.0
002543.SZ,20260428,388600,8.18,3178748.0,8.5,0.0587354,9.11422,66161.1
002544.SZ,20260428,36700,25.71,943557.0,25.72,0.00539334,0.245401,68046.8
002545.SZ,20260428,139200,23.85,3319920.0,24.02,0.0123168,0.533562,113016.0
002546.SZ,20260428,17000,8.2,139400.0,8.24,0.00212173,0.0750822,80123.2
002547.SZ,20260428,289400,3.13,905822.0,3.15,0.0261946,0.460257,110481.0
002548.SZ,20260428,134800,4.76,641648.0,4.8,0.0167563,0.662552,80447.1
002549.SZ,20260428,853000,20.06,17111180.0,20.28,0.123202,1.10324,69236.0
002550.SZ,20260428,268500,7.16,1922460.0,7.18,0.0285262,1.52541,94124.0
002551.SZ,20260428,52200,3.45,180090.0,3.45,0.00854076,0.423505,61118.7
002552.SZ,20260428,104200,21.5,2240300.0,21.52,0.0282765,0.753249,36850.3
002553.SZ,20260428,15800,23.9,377620.0,24.04,0.00629984,0.188894,25080.0
002554.SZ,20260428,58500,3.41,199485.0,3.44,0.00438705,0.18997,133347.0
002555.SZ,20260428,947200,21.42,20289024.0,21.15,0.0596714,2.39057,158736.0
002556.SZ,20260428,441400,6.58,2904412.0,6.65,0.0466783,1.77265,94562.1
002557.SZ,20260428,29300,22.7,665110.0,22.7,0.00580458,0.142867,50477.3
002558.SZ,20260428,1081500,32.0,34608000.0,31.52,0.0569042,3.06284,190056.0
002559.SZ,20260428,102800,10.56,1085568.0,10.63,0.0203966,0.603928,50400.5
002560.SZ,20260428,3929200,15.54,61059768.0,15.68,0.867496,2.9243,45293.6
002561.SZ,20260428,1000,8.13,8130.0,8.16,0.00024129,0.0263672,41444.0
002562.SZ,20260428,172000,5.78,994160.0,5.8,0.0211427,0.539768,81351.9
002563.SZ,20260428,197000,5.59,1101230.0,5.66,0.00892577,0.78448,220709.0
002564.SZ,20260428,92308,6.34,585232.72,6.36,0.0107472,0.481347,85890.4
002565.SZ,20260428,1537000,19.12,29387440.0,18.57,0.145008,0.621319,105994.0
002566.SZ,20260428,224400,8.26,1853544.0,8.17,0.0968116,2.84078,23179.0
002567.SZ,20260428,133900,4.07,544973.0,4.07,0.00935437,0.62502,143142.0
002568.SZ,20260428,41400,16.9,699660.0,16.94,0.00542537,0.667941,76308.1
002569.SZ,20260428,113000,13.9,1570700.0,13.34,0.0807394,4.26171,13995.6
002570.SZ,20260428,184800,4.9,905520.0,4.91,0.0171112,0.874208,108000.0
002571.SZ,20260428,17800,11.45,203810.0,11.46,0.00596702,0.170959,29830.6
002572.SZ,20260428,9000,12.49,112410.0,12.52,0.0013815,0.0977111,65146.4
002573.SZ,20260428,27300,3.49,95277.0,3.5,0.0019324,0.250477,141275.0
002574.SZ,20260428,121600,5.43,660288.0,5.4,0.0230303,1.71785,52800.0
002575.SZ,20260428,475303,6.39,3037186.17,6.18,0.0811796,1.25048,58549.6
002576.SZ,20260428,3900,18.35,71565.0,18.39,0.002407,0.0856804,16202.8
002577.SZ,20260428,6100,16.02,97722.0,16.03,0.00217335,0.313216,28067.3
002578.SZ,20260428,505000,4.08,2060400.0,4.11,0.0586417,1.18673,86116.3
002579.SZ,20260428,885800,12.42,11001636.0,12.94,0.151831,1.79548,58341.2
002580.SZ,20260428,2182300,28.45,62086435.0,28.82,0.482448,1.56464,45233.9
002581.SZ,20260428,376200,6.58,2475396.0,6.87,0.0938643,7.46713,40079.1
002582.SZ,20260428,219600,12.63,2773548.0,12.69,0.0637923,0.668549,34424.2
002583.SZ,20260428,37600,10.42,391792.0,10.49,0.00293127,0.188267,128272.0
002584.SZ,20260428,173800,7.69,1336522.0,7.77,0.0371029,0.735537,46842.7
002585.SZ,20260428,995600,7.83,7795548.0,8.02,0.112299,2.12712,88656.2
002586.SZ,20260428,19900,4.7,93530.0,4.72,0.00182985,0.204181,108752.0
002587.SZ,20260428,1464700,6.77,9916019.0,6.64,0.274959,6.09675,53269.8
002588.SZ,20260428,49900,11.2,558880.0,11.22,0.00581154,0.111899,85863.7
002589.SZ,20260428,279400,3.2,894080.0,3.21,0.02046,0.364143,136559.0
002590.SZ,20260428,52500,12.42,652050.0,12.49,0.010607,0.770156,49495.7
002591.SZ,20260428,124000,7.25,899000.0,7.19,0.0554779,1.31022,22351.2
002592.SZ,20260428,30500,7.84,239120.0,7.92,0.0116103,0.806457,26269.8
002593.SZ,20260428,124900,5.28,659472.0,5.25,0.0222835,0.957659,56050.4
002594.SZ,20260428,369258,101.85,37608927.3,102.34,0.0105907,0.836347,348661.0
002595.SZ,20260428,3800,87.45,332310.0,87.44,0.000478307,0.0808107,79446.8
002596.SZ,20260428,43300,3.45,149385.0,3.46,0.00377663,0.152862,114653.0
002597.SZ,20260428,40700,22.99,935693.0,23.09,0.00717501,0.561036,56724.7
002598.SZ,20260428,328800,8.15,2679720.0,8.27,0.114753,4.33621,28653.0
002599.SZ,20260428,26200,6.88,180256.0,6.97,0.0065835,0.286003,39796.5
002600.SZ,20260428,321600,14.3,4598880.0,14.44,0.00446695,0.224944,719954.0
002601.SZ,20260428,780200,16.96,13232192.0,17.8,0.0392533,3.42229,198760.0
002602.SZ,20260428,812900,16.79,13648591.0,16.7,0.01196,1.28618,679683.0
002603.SZ,20260428,219600,17.0,3733200.0,16.76,0.0159495,1.68062,137685.0
002605.SZ,20260428,12800,19.45,248960.0,19.45,0.00379527,0.171746,33726.2
002606.SZ,20260428,1499700,14.58,21865626.0,14.82,0.356103,2.24102,42114.2
002607.SZ,20260428,559300,2.48,1387064.0,2.5,0.0110012,0.646017,508400.0
002608.SZ,20260428,23200,7.6,176320.0,7.6,0.000614069,0.0794558,377808.0
002609.SZ,20260428,16900,8.25,139425.0,8.29,0.00367871,0.18094,45940.0
002611.SZ,20260428,120200,17.01,2044602.0,17.1,0.0119972,0.373214,100190.0
002612.SZ,20260428,225700,17.56,3963292.0,17.55,0.0886979,3.16403,25445.9
002613.SZ,20260428,159100,3.89,618899.0,3.94,0.020602,0.582989,77225.7
002614.SZ,20260428,36500,6.08,221920.0,6.13,0.00827166,0.450463,44126.6
002615.SZ,20260428,55400,8.2,454280.0,8.2,0.018121,0.543617,30572.3
002616.SZ,20260428,79900,5.82,465018.0,5.86,0.0136005,0.483827,58748.0
002617.SZ,20260428,424800,7.69,3266712.0,7.77,0.0226244,0.618562,187762.0
002620.SZ,20260428,2408700,9.9,23846130.0,10.42,0.763793,12.9153,31536.0
002622.SZ,20260428,24500,2.58,63210.0,2.59,0.00291675,0.1341,83997.5
002623.SZ,20260428,3000,21.5,64500.0,21.5,0.0015103,0.0542768,19863.6
002624.SZ,20260428,1707200,16.41,28015152.0,16.28,0.0934053,1.37404,182773.0
002625.SZ,20260428,862300,38.75,33414125.0,40.39,0.0400218,3.82378,215458.0
002626.SZ,20260428,29700,15.9,472230.0,15.9,0.00486996,0.365128,60986.1
002627.SZ,20260428,131000,7.18,940580.0,7.26,0.0182678,0.596768,71710.8
002628.SZ,20260428,48900,5.63,275307.0,5.62,0.00648726,0.131781,75378.5
002629.SZ,20260428,118000,6.56,774080.0,6.55,0.0325738,0.335162,36225.4
002630.SZ,20260428,1616300,2.08,3361904.0,2.12,0.156881,4.00228,103027.0
002631.SZ,20260428,12600,7.27,91602.0,7.29,0.00158776,0.0680289,79357.2
002632.SZ,20260428,12200,11.3,137860.0,11.37,0.00212386,0.0837403,57442.6
002633.SZ,20260428,8200,19.2,157440.0,19.2,0.00548793,0.244123,14941.9
002635.SZ,20260428,85000,16.63,1413550.0,16.7,0.02149,0.366761,39553.3
002636.SZ,20260428,481600,45.0,21672000.0,44.1,0.0664904,1.02074,72431.5
002637.SZ,20260428,96200,12.65,1216930.0,12.77,0.0206709,0.356091,46538.9
002638.SZ,20260428,105700,4.55,480935.0,4.55,0.00781412,0.265284,135268.0
002639.SZ,20260428,552500,17.56,9701900.0,18.07,0.0849191,1.02812,65061.9
002640.SZ,20260428,96100,3.26,313286.0,3.29,0.00620696,0.256122,154826.0
002641.SZ,20260428,22300,4.15,92545.0,4.17,0.0019665,0.22113,113399.0
002642.SZ,20260428,157000,8.14,1277980.0,8.13,0.0237311,0.988002,66158.0
002643.SZ,20260428,82500,16.8,1386000.0,16.86,0.00907276,0.615028,90931.5
002644.SZ,20260428,17300,8.18,141514.0,8.18,0.00338779,0.399881,51065.7
002645.SZ,20260428,42300,22.11,935253.0,22.07,0.00756807,0.0960917,55892.8
002646.SZ,20260428,17200,7.95,136740.0,7.95,0.00361398,0.325834,47593.0
002647.SZ,20260428,141700,11.71,1659307.0,11.71,0.0139566,0.172446,101529.0
002648.SZ,20260428,112000,27.68,3100160.0,27.95,0.00332691,0.22174,336648.0
002649.SZ,20260428,9800,11.62,113876.0,11.62,0.00178655,0.101538,54854.3
002650.SZ,20260428,19800,7.32,144936.0,7.39,0.00178854,0.28667,110705.0
002651.SZ,20260428,31200,9.51,296712.0,9.6,0.0055176,0.413927,56546.4
002652.SZ,20260428,360400,5.16,1859664.0,5.11,0.0703818,1.52194,51206.4
002653.SZ,20260428,30400,58.36,1774144.0,59.0,0.00566334,0.533737,53678.6
002654.SZ,20260428,131300,14.2,1864460.0,14.16,0.015534,0.33474,84524.3
002655.SZ,20260428,318200,25.8,8209560.0,25.9,0.0876451,0.783126,36305.5
002656.SZ,20260428,765400,3.18,2433972.0,3.13,0.113126,8.0923,67659.0
002657.SZ,20260428,10800,21.02,227016.0,21.16,0.0032132,0.124718,33611.4
002658.SZ,20260428,230800,8.71,2010268.0,8.53,0.0643683,0.883596,35856.1
002659.SZ,20260428,115800,5.27,610266.0,5.32,0.0193556,0.64313,59827.8
002660.SZ,20260428,16900,8.8,148720.0,8.83,0.0049273,0.395527,34298.7
002661.SZ,20260428,101200,8.99,909788.0,8.87,0.0321707,3.53064,31457.2
002662.SZ,20260428,154500,4.15,641175.0,4.14,0.0103001,0.548664,149998.0
002663.SZ,20260428,160300,2.12,339836.0,2.13,0.0123986,0.333256,129289.0
002664.SZ,20260428,14800,20.1,297480.0,20.2,0.00367632,0.168771,40257.6
002666.SZ,20260428,30200,4.97,150094.0,5.02,0.00603194,0.202597,50066.8
002667.SZ,20260428,52600,31.28,1645328.0,31.49,0.0222306,0.204686,23661.1
002668.SZ,20260428,12500,9.62,120250.0,9.62,0.00115302,0.0662504,108411.0
002669.SZ,20260428,323500,13.75,4448125.0,14.35,0.106865,2.25579,30271.8
002670.SZ,20260428,33000,12.48,411840.0,12.53,0.00203283,0.102226,162335.0
002671.SZ,20260428,26700,4.76,127092.0,4.78,0.0048467,0.257361,55089.0
002672.SZ,20260428,65600,4.35,285360.0,4.38,0.00724767,0.769817,90511.8
002673.SZ,20260428,54400,7.04,382976.0,7.05,0.00121712,0.180207,446958.0
002674.SZ,20260428,32900,13.85,455665.0,13.99,0.0112454,1.12631,29256.4
002675.SZ,20260428,112200,13.37,1500114.0,13.37,0.0150931,0.796043,74338.4
002676.SZ,20260428,62000,7.02,435240.0,7.05,0.00861139,0.374263,71997.6
002677.SZ,20260428,78800,7.69,605972.0,7.69,0.014288,0.853761,55151.0
002678.SZ,20260428,13300,5.75,76475.0,5.76,0.000979688,0.0966543,135757.0
002679.SZ,20260428,13300,10.59,140847.0,10.65,0.00564143,0.231727,23575.6
002681.SZ,20260428,144800,5.17,748616.0,5.17,0.00922725,0.479373,156926.0
002682.SZ,20260428,31295,5.78,180885.1,5.77,0.00556486,0.192765,56236.9
002683.SZ,20260428,12800,38.1,487680.0,38.16,0.00192031,0.09283,66655.9
002685.SZ,20260428,110500,8.01,885105.0,8.06,0.0109671,0.204553,100756.0
002686.SZ,20260428,110000,7.56,831600.0,7.69,0.0210434,0.259552,52272.9
002687.SZ,20260428,156500,4.96,776240.0,4.96,0.0378574,0.844627,41339.4
002688.SZ,20260428,27600,5.8,160080.0,5.82,0.00369249,0.394004,74746.4
002689.SZ,20260428,26400,3.7,97680.0,3.7,0.00253137,0.310679,104291.0
002690.SZ,20260428,19800,17.01,336798.0,17.06,0.00456487,0.34939,43374.7
002691.SZ,20260428,6726700,5.54,37265918.0,5.54,2.00211,154.302,33598.0
002692.SZ,20260428,304500,6.01,1830045.0,6.03,0.0424252,0.422126,71773.4
002693.SZ,20260428,124400,8.78,1092232.0,8.79,0.030269,0.851051,41098.2
002694.SZ,20260428,248000,3.13,776240.0,3.16,0.0345029,1.54728,71878.1
002695.SZ,20260428,26000,11.95,310700.0,11.9,0.00508354,0.327696,51145.5
002696.SZ,20260428,364100,6.6,2403060.0,6.95,0.108853,5.30698,33448.7
002697.SZ,20260428,127700,5.17,660209.0,5.2,0.0111495,0.781778,114534.0
002698.SZ,20260428,294200,13.19,3880498.0,13.83,0.0350139,5.40364,84023.9
002700.SZ,20260428,46900,6.74,316106.0,6.8,0.0218357,1.03159,21478.6
002701.SZ,20260428,19300,5.35,103255.0,5.35,0.000754671,0.0597319,255741.0
002702.SZ,20260428,684900,5.87,4020363.0,5.76,0.149299,4.42356,45874.4
002703.SZ,20260428,758100,18.94,14358414.0,19.78,0.129358,1.54492,58604.8
002705.SZ,20260428,642700,16.66,10707382.0,16.88,0.0795319,1.43073,80810.3
002706.SZ,20260428,2235900,11.59,25914081.0,11.39,0.244526,3.69022,91438.1
002707.SZ,20260428,157900,6.35,1002665.0,6.41,0.0182546,1.04906,86498.8
002708.SZ,20260428,52300,13.48,705004.0,13.51,0.0101228,0.255398,51665.7
002709.SZ,20260428,3259100,56.5,184139150.0,55.26,0.215976,2.27069,150901.0
002712.SZ,20260428,277000,5.51,1526270.0,5.58,0.0512109,1.06142,54090.0
002713.SZ,20260428,3787493,12.78,48404160.54,13.45,0.719371,16.0593,52650.1
002714.SZ,20260428,343600,42.27,14523972.0,42.26,0.00904165,0.835188,380019.0
002715.SZ,20260428,29100,15.77,458907.0,15.57,0.021087,0.8917,13800.0
002716.SZ,20260428,638900,11.32,7232348.0,11.4,0.0274813,0.38422,232485.0
002717.SZ,20260428,10626900,1.4,14877660.0,1.43,0.657931,14.8876,161520.0
002718.SZ,20260428,0,,0.0,70.54,0.0,0.0,9398.08
002719.SZ,20260428,0,,0.0,8.47,0.0,0.0,16186.1
002721.SZ,20260428,221600,2.84,629344.0,2.85,0.00833277,0.698983,265938.0
002722.SZ,20260428,33500,15.37,514895.0,15.48,0.0150659,0.487353,22235.7
002723.SZ,20260428,173300,10.56,1830048.0,10.32,0.0546602,1.23517,31705.0
002724.SZ,20260428,22500,7.17,161325.0,7.19,0.00396275,0.272064,56778.8
002725.SZ,20260428,48000,16.59,796320.0,16.75,0.0223923,0.467739,21435.9
002726.SZ,20260428,146700,3.01,441567.0,3.02,0.0136038,0.257059,107837.0
002727.SZ,20260428,8000,12.33,98640.0,12.38,0.00201353,0.158344,39731.2
002728.SZ,20260428,161400,10.2,1646280.0,10.35,0.0486252,1.48795,33192.7
002729.SZ,20260428,44700,18.2,813540.0,18.44,0.0254754,0.413427,17546.4
002730.SZ,20260428,334700,29.01,9709647.0,29.95,0.0967258,1.29453,34603.0
002731.SZ,20260428,280600,4.82,1352492.0,5.07,0.122183,1.88482,22965.6
002732.SZ,20260428,11200,16.3,182560.0,16.28,0.00715353,0.827851,15656.6
002733.SZ,20260428,54500,29.23,1593035.0,29.23,0.0147751,0.208771,36886.3
002734.SZ,20260428,131700,18.15,2390355.0,18.15,0.0303215,0.502582,43434.6
002735.SZ,20260428,18500,14.84,274540.0,14.86,0.00648988,0.210976,28505.9
002736.SZ,20260428,135600,10.82,1467192.0,10.84,0.00141067,0.337082,961243.0
002737.SZ,20260428,33800,12.42,419796.0,12.46,0.00578767,0.978667,58400.0
002738.SZ,20260428,50400,84.85,4276440.0,84.81,0.00708633,0.216782,71122.8
002739.SZ,20260428,102700,9.88,1014676.0,9.93,0.00489068,0.256032,209991.0
002741.SZ,20260428,781400,22.05,17229870.0,22.26,0.183273,3.24212,42635.8
002742.SZ,20260428,1300,4.68,6084.0,4.7,0.00024811,0.0300054,52396.0
002743.SZ,20260428,49400,5.28,260832.0,5.3,0.0113675,0.650018,43457.1
002745.SZ,20260428,894000,9.15,8180100.0,8.86,0.0839692,2.2282,106468.0
002746.SZ,20260428,397300,6.23,2475179.0,6.21,0.0559833,3.77392,70967.6
002747.SZ,20260428,31100,20.91,650301.0,20.95,0.00397493,0.319862,78240.5
002748.SZ,20260428,75800,13.07,990706.0,13.15,0.0315833,1.31622,24000.0
002749.SZ,20260428,5200,12.54,65208.0,12.54,0.00114639,0.194151,45359.9
002752.SZ,20260428,720800,7.45,5369960.0,7.59,0.0738883,0.871313,97552.7
002753.SZ,20260428,48600,7.33,356238.0,7.38,0.0200156,1.00546,24281.0
002755.SZ,20260428,20800,15.18,315744.0,15.22,0.00224101,0.127048,92815.2
002756.SZ,20260428,414500,77.7,32206650.0,81.36,0.106629,2.11946,38873.1
002757.SZ,20260428,244300,23.23,5675089.0,23.46,0.0866149,1.03781,28205.3
002758.SZ,20260428,86500,8.97,775905.0,9.0,0.0166922,0.831469,51820.5
002759.SZ,20260428,521500,35.0,18252500.0,34.4,0.104104,1.06047,50094.2
002760.SZ,20260428,55600,22.09,1228204.0,22.19,0.0514869,0.858424,10798.9
002761.SZ,20260428,14000,7.95,111300.0,7.95,0.00129415,0.179715,108179.0
002762.SZ,20260428,7300,8.11,59203.0,8.18,0.00345352,0.165218,21137.8
002763.SZ,20260428,36100,8.32,300352.0,8.36,0.0118901,0.21583,30361.4
002765.SZ,20260428,18300,10.38,189954.0,10.41,0.00307119,0.177507,59586.0
002766.SZ,20260428,123000,4.78,587940.0,4.8,0.0143569,0.722826,85672.8
002767.SZ,20260428,6900,20.58,142002.0,20.76,0.00529895,0.1798,13021.4
002768.SZ,20260428,33200,53.01,1759932.0,52.98,0.0187838,1.16921,17674.8
002769.SZ,20260428,26600,10.38,276108.0,10.32,0.00713117,0.26734,37301.0
002771.SZ,20260428,85400,15.1,1289540.0,15.26,0.0489357,0.318866,17451.5
002772.SZ,20260428,25810,17.31,446771.1,17.49,0.00694528,0.163587,37161.9
002773.SZ,20260428,11000,25.21,277310.0,25.3,0.00160171,0.106658,68676.8
002774.SZ,20260428,214200,11.99,2568258.0,12.23,0.0760199,1.18173,28176.8
002775.SZ,20260428,113200,3.76,425632.0,3.81,0.0197982,0.911427,57177.0
002777.SZ,20260428,22200,16.18,359196.0,16.26,0.0054881,0.396123,40451.1
002778.SZ,20260428,26700,20.62,550554.0,20.84,0.0216319,0.908309,12342.9
002779.SZ,20260428,97900,84.06,8229474.0,93.4,0.0590441,5.04729,16580.8
002780.SZ,20260428,27300,15.32,418236.0,15.4,0.0208952,0.623698,13065.2
002782.SZ,20260428,347400,19.95,6930630.0,21.2,0.0714078,2.87942,48650.1
002783.SZ,20260428,390300,9.12,3559536.0,9.39,0.0846292,3.08219,46118.8
002785.SZ,20260428,369100,45.0,16609500.0,44.55,0.190754,4.04506,19349.5
002786.SZ,20260428,32800,7.08,232224.0,7.08,0.00663817,0.530836,49411.2
002787.SZ,20260428,2031900,17.88,36330372.0,19.24,0.809973,7.80072,25086.0
002788.SZ,20260428,96500,13.74,1325910.0,13.85,0.0252733,0.265859,38182.7
002789.SZ,20260428,123700,12.5,1546250.0,13.1,0.0790587,3.94411,15646.6
002790.SZ,20260428,281500,7.69,2164735.0,7.78,0.10798,4.93797,26069.8
002791.SZ,20260428,35000,18.16,635600.0,18.16,0.0160768,0.723845,21770.5
002792.SZ,20260428,549500,44.65,24535175.0,45.05,0.162658,1.12972,33782.4
002793.SZ,20260428,420100,5.41,2272741.0,5.37,0.0386856,0.831663,108593.0
002795.SZ,20260428,399400,9.1,3634540.0,9.09,0.0919368,1.51021,43442.9
002796.SZ,20260428,88300,56.65,5002195.0,57.26,0.0387777,0.41513,22770.8
002797.SZ,20260428,539200,7.28,3925376.0,7.32,0.0128308,0.345499,420240.0
002798.SZ,20260428,546793,7.45,4073607.85,7.49,0.114053,2.35579,47942.2
002799.SZ,20260428,22200,8.48,188256.0,8.53,0.00693675,0.273471,32003.4
002800.SZ,20260428,14100,17.67,249147.0,17.72,0.00953715,0.246008,14784.3
002801.SZ,20260428,2600,31.52,81952.0,31.79,0.0022452,0.197233,11580.3
002802.SZ,20260428,250500,14.59,3654795.0,14.75,0.167353,1.43562,14968.3
002803.SZ,20260428,77300,19.5,1507350.0,19.62,0.0267767,0.32882,28868.4
002805.SZ,20260428,236100,18.64,4400904.0,18.36,0.0847626,1.36386,27854.3
002806.SZ,20260428,3200,14.08,45056.0,14.07,0.00183796,0.0434997,17410.6
002807.SZ,20260428,204600,4.52,924792.0,4.52,0.00832378,0.392937,245802.0
002808.SZ,20260428,232200,3.14,729108.0,3.3,0.140722,2.82417,16500.6
002809.SZ,20260428,132900,10.45,1388805.0,10.43,0.0781901,1.55983,16997.0
002810.SZ,20260428,169500,28.46,4823970.0,28.23,0.0523574,1.03414,32373.6
002811.SZ,20260428,18800,13.4,251920.0,13.44,0.00665282,0.411339,28258.7
002812.SZ,20260428,484361,80.86,39165430.46,80.85,0.0588776,0.825343,82265.7
002813.SZ,20260428,15500,26.9,416950.0,27.07,0.0129322,0.450188,11985.6
002815.SZ,20260428,110100,15.5,1706550.0,15.62,0.0141673,0.344236,77714.2
002816.SZ,20260428,2800,24.56,68768.0,24.56,0.0028,0.0633069,10000.0
002817.SZ,20260428,30500,7.92,241560.0,7.95,0.0105158,0.437713,29003.9
002818.SZ,20260428,8100,10.85,87885.0,10.92,0.00271507,0.332407,29833.5
002819.SZ,20260428,8300,26.89,223187.0,27.02,0.00350805,0.303789,23659.9
002820.SZ,20260428,11800,10.62,125316.0,10.65,0.0058745,0.277605,20086.8
002821.SZ,20260428,224500,121.07,27180215.0,117.72,0.0708202,2.82455,31700.0
002822.SZ,20260428,23600,3.16,74576.0,3.15,0.00220778,0.195979,106895.0
002823.SZ,20260428,15500,15.7,243350.0,15.69,0.00708123,0.307337,21888.9
002824.SZ,20260428,88100,27.3,2405130.0,27.29,0.0400452,0.383929,22000.1
002825.SZ,20260428,9100,10.18,92638.0,10.23,0.003546,0.0659315,25662.7
002826.SZ,20260428,12900,19.81,255549.0,19.76,0.00704998,0.271436,18297.9
002827.SZ,20260428,52500,31.02,1628550.0,32.22,0.0190218,2.0696,27599.9
002828.SZ,20260428,87100,11.77,1025167.0,11.77,0.0449985,0.569011,19356.2
002829.SZ,20260428,117400,21.67,2544058.0,22.26,0.080382,1.99353,14605.3
002830.SZ,20260428,12000,21.48,257760.0,21.41,0.01795,0.295382,6685.25
002831.SZ,20260428,55800,37.47,2090826.0,37.48,0.0109199,0.563837,51099.3
002832.SZ,20260428,70700,17.88,1264116.0,17.93,0.0181553,0.718427,38941.8
002833.SZ,20260428,245500,19.27,4730785.0,19.34,0.0851753,3.32501,28822.9
002835.SZ,20260428,26400,15.36,405504.0,15.42,0.0207405,0.858021,12728.7
002836.SZ,20260428,11900,13.19,156961.0,13.29,0.00516493,0.313573,23040.0
002837.SZ,20260428,157500,95.8,15088500.0,96.0,0.0181712,0.212219,86675.5
002838.SZ,20260428,56200,29.06,1633172.0,29.22,0.0133609,0.974737,42063.2
002839.SZ,20260428,36100,4.64,167504.0,4.64,0.00147828,0.113103,244202.0
002840.SZ,20260428,64300,11.79,758097.0,11.83,0.00807153,0.169335,79662.8
002841.SZ,20260428,17400,37.96,660504.0,37.76,0.00335001,0.214024,51940.1
002842.SZ,20260428,290800,30.77,8947916.0,30.36,0.108321,0.723712,26846.2
002843.SZ,20260428,574800,26.4,15174720.0,26.72,0.229739,1.47264,25019.7
002845.SZ,20260428,118500,14.15,1676775.0,14.33,0.0473556,0.908754,25023.4
002846.SZ,20260428,203300,15.76,3204008.0,15.98,0.0781456,0.704931,26015.6
002847.SZ,20260428,9900,55.2,546480.0,55.18,0.00402896,0.337453,24572.1
002848.SZ,20260428,7900,15.5,122450.0,15.37,0.00479006,0.121362,16492.5
002849.SZ,20260428,14400,17.3,249120.0,17.43,0.00743927,0.256867,19356.7
002850.SZ,20260428,42100,198.0,8335800.0,205.28,0.0211474,0.869259,19907.9
002851.SZ,20260428,43400,107.5,4665500.0,108.04,0.00947682,0.197585,45796.0
002852.SZ,20260428,318900,9.27,2956203.0,9.82,0.111581,6.35641,28580.1
002853.SZ,20260428,7000,26.29,184030.0,26.36,0.0054388,0.126429,12870.5
002855.SZ,20260428,191900,12.18,2337342.0,12.44,0.0779361,3.6744,24622.7
002856.SZ,20260428,410900,13.16,5407444.0,13.12,0.331627,4.63188,12390.4
002857.SZ,20260428,9400,20.79,195426.0,20.75,0.00734375,0.353069,12800.0
002858.SZ,20260428,96800,16.2,1568160.0,16.42,0.06586,1.52732,14697.8
002859.SZ,20260428,37300,47.41,1768393.0,47.39,0.00918947,0.33,40589.9
002860.SZ,20260428,87000,12.7,1104900.0,12.9,0.0247482,0.649435,35154.0
002861.SZ,20260428,44500,16.24,722680.0,16.37,0.0296334,0.87492,15016.8
002862.SZ,20260428,102300,19.0,1943700.0,19.03,0.081031,1.78179,12624.8
002863.SZ,20260428,48500,5.53,268205.0,5.54,0.0080903,0.472041,59948.4
002864.SZ,20260428,47600,30.0,1428000.0,30.33,0.064159,1.72403,7419.07
002865.SZ,20260428,69800,75.7,5283860.0,74.7,0.0312265,0.414095,22352.8
002866.SZ,20260428,251100,25.78,6473358.0,25.95,0.138567,0.510891,18121.2
002867.SZ,20260428,16500,12.19,201135.0,12.2,0.00152906,0.244334,107910.0
002868.SZ,20260428,100,38.36,3836.0,38.36,9.34558e-05,0.0162457,10700.2
002869.SZ,20260428,58900,21.0,1236900.0,21.31,0.0373925,2.08836,15751.8
002870.SZ,20260428,20100,36.1,725610.0,36.74,0.0154934,1.02619,12973.3
002871.SZ,20260428,600,17.98,10788.0,17.98,0.000401618,0.0217069,14939.6
002872.SZ,20260428,27200,5.17,140624.0,5.16,0.012656,0.989508,21491.8
002873.SZ,20260428,30900,9.59,296331.0,9.59,0.0128916,0.459373,23969.1
002875.SZ,20260428,31700,22.5,713250.0,22.75,0.0173758,0.236652,18243.8
002876.SZ,20260428,23000,29.37,675510.0,29.61,0.0154423,0.325623,14894.2
002877.SZ,20260428,12000,8.98,107760.0,9.0,0.0049893,0.172755,24051.5
002878.SZ,20260428,34800,18.56,645888.0,18.66,0.0147521,0.312794,23589.8
002879.SZ,20260428,179600,19.4,3484240.0,21.18,0.130269,2.21855,13786.9
002880.SZ,20260428,0,,0.0,25.94,0.0,0.0,22680.0
002881.SZ,20260428,18600,39.38,732468.0,39.39,0.010224,0.516244,18192.5
002882.SZ,20260428,22000,27.4,602800.0,27.4,0.00891473,0.303821,24678.3
002883.SZ,20260428,93000,9.73,904890.0,9.76,0.0606555,2.34412,15332.5
002884.SZ,20260428,13500,18.46,249210.0,18.44,0.00494374,0.441826,27307.2
002885.SZ,20260428,159300,29.95,4771035.0,30.18,0.0671427,0.525252,23725.6
002886.SZ,20260428,7600,22.2,168720.0,22.28,0.003635,0.0941542,20907.8
002887.SZ,20260428,15900,13.04,207336.0,12.86,0.00731939,0.169125,21723.1
002888.SZ,20260428,21400,18.66,399324.0,18.66,0.0285627,1.01355,7492.3
002889.SZ,20260428,10100,13.39,135239.0,13.39,0.00401997,0.566554,25124.6
002890.SZ,20260428,6300,16.4,103320.0,16.44,0.00390149,0.233118,16147.7
002891.SZ,20260428,104200,36.0,3751200.0,36.0,0.0323705,0.603099,32189.8
002892.SZ,20260428,26300,10.33,271679.0,10.42,0.00524931,0.324909,50101.8
002893.SZ,20260428,41100,10.45,429495.0,10.46,0.0202684,0.333787,20277.9
002895.SZ,20260428,31600,36.33,1148028.0,36.11,0.00531127,0.328163,59496.1
002896.SZ,20260428,98490,70.0,6894300.0,71.36,0.0501164,2.66289,19652.3
002897.SZ,20260428,58800,66.48,3909024.0,66.74,0.0322324,0.388912,18242.5
002898.SZ,20260428,17300,9.2,159160.0,9.68,0.0170843,3.33809,10126.3
002899.SZ,20260428,100,32.81,3281.0,32.81,6.76604e-05,0.00291574,14779.7
002900.SZ,20260428,20800,10.95,227760.0,10.9,0.0129094,0.472213,16112.2
002901.SZ,20260428,5500,42.08,231440.0,41.85,0.0019067,0.309418,28845.7
002902.SZ,20260428,1248200,29.65,37009130.0,28.61,0.702689,3.74716,17763.2
002903.SZ,20260428,41100,32.92,1353012.0,32.92,0.0385316,0.401281,10666.6
002905.SZ,20260428,7900,9.8,77420.0,9.82,0.00226076,0.118876,34944.0
002906.SZ,20260428,9200,31.26,287592.0,31.41,0.00175368,0.111652,52461.3
002907.SZ,20260428,8100,13.95,112995.0,14.02,0.00241203,0.260303,33581.7
002908.SZ,20260428,48800,8.49,414312.0,8.52,0.0151631,0.714411,32183.5
002909.SZ,20260428,14800,6.53,96644.0,6.54,0.00389067,0.18227,38039.7
002910.SZ,20260428,48100,10.9,524290.0,10.84,0.0281185,1.34424,17106.2
002911.SZ,20260428,45900,12.3,564570.0,12.25,0.00362262,0.478514,126704.0
002912.SZ,20260428,110000,26.0,2860000.0,27.11,0.0678084,2.66359,16222.2
002913.SZ,20260428,37400,49.42,1848308.0,49.43,0.0123971,0.642042,30168.3
002915.SZ,20260428,41500,19.16,795140.0,19.36,0.014406,0.470506,28807.4
002916.SZ,20260428,84009,321.32,26993771.88,321.8,0.0126366,0.655798,66480.9
002917.SZ,20260428,1500,12.95,19425.0,12.98,0.000575717,0.0338465,26054.5
002918.SZ,20260428,11800,11.29,133222.0,11.28,0.00550909,0.242196,21419.2
002919.SZ,20260428,76100,23.47,1786067.0,23.47,0.0287834,1.04263,26438.8
002920.SZ,20260428,406083,105.72,42931094.76,111.3,0.0680637,3.72519,59662.2
002921.SZ,20260428,18372,28.01,514599.72,27.82,0.0143036,0.205506,12844.3
002922.SZ,20260428,90900,40.7,3699630.0,41.06,0.0242412,0.374824,37498.2
002923.SZ,20260428,872200,13.41,11696202.0,12.54,0.337951,11.2623,25808.5
002925.SZ,20260428,57800,19.44,1123632.0,19.55,0.00790646,0.625039,73104.8
002926.SZ,20260428,56500,8.67,489855.0,8.67,0.00215238,0.246338,262500.0
002927.SZ,20260428,24200,17.48,423016.0,17.65,0.0109632,0.386729,22073.8
002928.SZ,20260428,218600,8.12,1775032.0,8.19,0.0171017,1.14119,127824.0
002929.SZ,20260428,49400,55.35,2734290.0,55.35,0.0233088,0.266391,21193.8
002930.SZ,20260428,2200,12.4,27280.0,12.39,0.000507685,0.0287195,43333.9
002931.SZ,20260428,426500,60.0,25590000.0,62.33,0.211922,2.84865,20125.4
002932.SZ,20260428,145200,17.7,2570040.0,17.58,0.0930203,1.81526,15609.5
002933.SZ,20260428,3000,31.68,95040.0,31.82,0.00256973,0.165263,11674.4
002935.SZ,20260428,58700,21.4,1256180.0,21.46,0.0141415,0.275366,41509.1
002936.SZ,20260428,314200,1.81,568702.0,1.81,0.00446986,0.613625,702930.0
002937.SZ,20260428,40000,32.27,1290800.0,32.59,0.0134701,0.471206,29695.4
002938.SZ,20260428,271300,77.49,21023037.0,77.18,0.0117475,0.506826,230943.0
002939.SZ,20260428,157500,8.82,1389150.0,8.87,0.00437177,1.02173,360266.0
002940.SZ,20260428,324500,36.33,11789085.0,36.33,0.175145,1.1138,18527.5
002941.SZ,20260428,364700,14.51,5291797.0,14.96,0.0499759,2.61012,72975.1
002942.SZ,20260428,2500,19.9,49750.0,19.9,0.00181027,0.111728,13810.1
002943.SZ,20260428,173100,60.0,10386000.0,60.97,0.118876,0.958579,14561.4
002945.SZ,20260428,23300,15.18,353694.0,15.22,0.000862963,0.21314,270000.0
002946.SZ,20260428,315500,19.61,6186955.0,18.59,0.0370868,8.61134,85070.6
002947.SZ,20260428,121800,80.0,9744000.0,80.64,0.0632289,0.590174,19263.4
002948.SZ,20260428,81900,5.56,455364.0,5.55,0.00263132,0.148575,311250.0
002949.SZ,20260428,38100,14.82,564642.0,14.92,0.0250846,0.707934,15188.6
002950.SZ,20260428,155600,13.99,2176844.0,14.11,0.0344251,0.52196,45199.5
002951.SZ,20260428,58000,15.06,873480.0,15.17,0.0144594,0.611791,40112.4
002952.SZ,20260428,238100,27.75,6607275.0,28.87,0.180865,1.63809,13164.5
002953.SZ,20260428,5800,12.0,69600.0,12.02,0.00213777,0.0993989,27131.1
002955.SZ,20260428,6100,25.4,154940.0,25.76,0.00311786,0.191555,19564.7
002956.SZ,20260428,14900,29.9,445510.0,29.82,0.0066749,0.611957,22322.4
002957.SZ,20260428,134500,45.53,6123785.0,45.81,0.0321249,0.409677,41867.9
002958.SZ,20260428,188500,3.0,565500.0,3.0,0.0034654,0.255458,543949.0
002959.SZ,20260428,1400,42.71,59794.0,42.71,0.000930118,0.12314,15051.8
002960.SZ,20260428,120700,11.97,1444779.0,12.09,0.014928,0.695914,80854.7
002961.SZ,20260428,88300,24.61,2173063.0,24.58,0.0185142,0.990563,47693.1
002962.SZ,20260428,162400,16.8,2728320.0,16.97,0.077635,0.549617,20918.4
002963.SZ,20260428,38300,15.72,602076.0,15.77,0.0311397,0.79144,12299.4
002965.SZ,20260428,13000,30.47,396110.0,30.46,0.00682717,0.240422,19041.6
002966.SZ,20260428,65800,8.68,571144.0,8.72,0.00149674,0.281769,439622.0
002967.SZ,20260428,164400,22.25,3657900.0,22.04,0.0300424,1.37236,54722.7
002968.SZ,20260428,62000,11.74,727880.0,11.82,0.0291064,1.74758,21301.1
002969.SZ,20260428,750300,21.15,15868845.0,21.69,0.0686906,1.46725,109229.0
002970.SZ,20260428,580900,70.75,41098675.0,68.81,0.464087,6.32848,12517.1
002971.SZ,20260428,136200,33.27,4531374.0,33.05,0.0870836,1.09313,15640.1
002972.SZ,20260428,24700,13.46,332462.0,13.5,0.0183444,0.285964,13464.6
002973.SZ,20260428,1400,12.87,18018.0,12.85,0.000440732,0.0303279,31765.3
002975.SZ,20260428,95900,117.29,11248111.0,117.26,0.0905922,0.65541,10585.9
002976.SZ,20260428,14000,29.66,415240.0,29.63,0.0209975,0.624914,6667.44
002977.SZ,20260428,2536788,27.22,69051369.36,27.53,3.8063,154.249,6664.72
002978.SZ,20260428,9500,31.7,301150.0,31.82,0.00257258,0.199341,36928.0
002979.SZ,20260428,37800,43.88,1658664.0,44.47,0.017108,0.411271,22095.0
002980.SZ,20260428,199380,79.2,15790896.0,80.9,0.196647,0.941859,10139.0
002981.SZ,20260428,28500,24.77,705945.0,24.67,0.0238659,1.8368,11941.7
002982.SZ,20260428,62600,13.92,871392.0,13.96,0.0481201,0.399615,13009.1
002983.SZ,20260428,400,24.12,9648.0,24.13,0.000312116,0.0117938,12815.8
002984.SZ,20260428,78700,17.26,1358362.0,17.34,0.0110238,1.09312,71390.7
002985.SZ,20260428,38200,37.05,1415310.0,37.24,0.0115429,0.237792,33093.9
002986.SZ,20260428,109200,14.48,1581216.0,14.89,0.0361784,1.02528,30183.7
002987.SZ,20260428,146400,15.77,2308728.0,16.05,0.0173567,1.84595,84347.8
002988.SZ,20260428,4700,34.18,160646.0,34.18,0.00188171,0.0968224,24977.2
002989.SZ,20260428,14200,23.85,338670.0,23.91,0.00774532,0.423855,18333.7
002990.SZ,20260428,353400,49.71,17567514.0,48.7,0.256053,1.51806,13801.9
002991.SZ,20260428,1500,50.46,75690.0,50.14,0.00300398,0.0849109,4993.37
002992.SZ,20260428,1000,54.07,54070.0,54.05,0.000632753,0.0256107,15804.0
002993.SZ,20260428,5500,45.66,251130.0,45.88,0.00230659,0.0585763,23844.7
002995.SZ,20260428,12500,21.58,269750.0,21.68,0.0111193,0.127604,11241.7
002996.SZ,20260428,601500,7.41,4457115.0,7.41,0.144484,4.77578,41630.8
002997.SZ,20260428,1900,29.67,56373.0,29.66,0.000907695,0.0546887,20932.1
002998.SZ,20260428,27400,9.24,253176.0,9.35,0.0101298,0.292099,27049.0
002999.SZ,20260428,1045900,7.35,7687365.0,7.39,0.304293,4.52896,34371.5
003000.SZ,20260428,35200,11.18,393536.0,11.24,0.0114263,0.414596,30806.0
003001.SZ,20260428,1300,16.4,21320.0,16.4,0.00120923,0.045677,10750.7
003002.SZ,20260428,6500,28.3,183950.0,28.41,0.00355488,0.205724,18284.7
003003.SZ,20260428,23800,13.37,318206.0,13.37,0.0202044,0.691092,11779.6
003004.SZ,20260428,3700,32.17,119029.0,32.07,0.00538249,0.519196,6874.14
003005.SZ,20260428,17900,18.43,329897.0,18.39,0.0140969,0.516923,12697.8
003006.SZ,20260428,14500,18.49,268105.0,18.52,0.00338332,0.12589,42857.3
003007.SZ,20260428,31800,44.69,1421142.0,45.03,0.0442357,0.622431,7188.76
003008.SZ,20260428,5600,22.46,125776.0,22.55,0.00720506,0.146048,7772.32
003009.SZ,20260428,12900,59.68,769872.0,60.16,0.00783303,0.283466,16468.7
003010.SZ,20260428,13500,30.29,408915.0,30.29,0.0059697,0.268705,22614.2
003011.SZ,20260428,16600,23.45,389270.0,23.51,0.0212579,0.735215,7808.88
003012.SZ,20260428,6900,6.19,42711.0,6.21,0.000602878,0.106109,114451.0
003013.SZ,20260428,46600,13.37,623042.0,13.35,0.0116515,2.53634,39994.7
003015.SZ,20260428,281300,15.35,4317955.0,16.0,0.113737,4.02402,24732.5
003016.SZ,20260428,95800,8.31,796098.0,8.3,0.0233156,2.2637,41088.3
003017.SZ,20260428,46000,31.29,1439340.0,31.93,0.0663896,2.29328,6928.8
003018.SZ,20260428,179100,56.21,10067211.0,55.53,0.0754463,0.929521,23738.8
003019.SZ,20260428,13300,34.86,463638.0,34.91,0.00777972,0.194015,17095.7
003020.SZ,20260428,45300,22.98,1040994.0,23.29,0.0328917,3.02178,13772.5
003021.SZ,20260428,46500,98.0,4557000.0,100.18,0.0224308,1.223,20730.4
003022.SZ,20260428,196900,24.61,4845709.0,24.61,0.0147553,0.628188,133443.0
003023.SZ,20260428,29600,30.26,895696.0,30.35,0.0281582,0.293479,10512.0
003025.SZ,20260428,11300,13.77,155601.0,13.89,0.00499082,0.288392,22641.6
003026.SZ,20260428,198500,40.83,8104755.0,41.16,0.207429,2.15037,9569.53
003027.SZ,20260428,130000,23.79,3092700.0,23.96,0.123974,0.642058,10486.1
003028.SZ,20260428,22400,27.08,606592.0,28.48,0.0317558,1.67025,7053.82
003029.SZ,20260428,12900,21.17,273093.0,21.28,0.00732542,0.43711,17609.9
003030.SZ,20260428,44600,21.51,959346.0,21.53,0.0561813,1.16711,7938.58
003031.SZ,20260428,59232,126.5,7492848.0,126.9,0.0174132,0.405107,34015.7
003032.SZ,20260428,1456100,6.66,9697626.0,6.43,0.527152,51.1954,27622.0
003033.SZ,20260428,13800,55.61,767418.0,56.54,0.0170911,1.19984,8074.36
003035.SZ,20260428,308500,7.9,2437150.0,7.89,0.0081444,0.197661,378788.0
003036.SZ,20260428,746900,37.1,27709990.0,36.95,0.345342,5.22163,21627.8
003037.SZ,20260428,60300,7.21,434763.0,7.17,0.0100655,1.80319,59907.5
003038.SZ,20260428,4500,14.52,65340.0,14.58,0.0027569,0.064047,16322.7
003039.SZ,20260428,40500,14.36,581580.0,14.44,0.00655851,0.455682,61751.9
003040.SZ,20260428,24300,14.65,355995.0,14.83,0.00531903,0.304377,45685.0
003042.SZ,20260428,16000,16.56,264960.0,16.65,0.0125622,0.37727,12736.6
003043.SZ,20260428,8900,56.64,504096.0,57.07,0.0106171,0.33565,8382.67
003816.SZ,20260428,909900,4.61,4194639.0,4.62,0.0023132,0.673076,3933510.0
300001.SZ,20260428,318400,30.25,9631600.0,30.77,0.0307662,1.06195,103490.0
300002.SZ,20260428,165000,9.3,1534500.0,9.37,0.00893316,0.532142,184705.0
300003.SZ,20260428,86500,14.5,1254250.0,14.58,0.00547846,0.245554,157891.0
300004.SZ,20260428,146200,12.99,1899138.0,13.19,0.0304587,1.05124,47999.4
300005.SZ,20260428,337100,16.6,5595860.0,16.73,0.0384561,0.731115,87658.4
300006.SZ,20260428,56800,6.39,362952.0,6.38,0.0053797,0.134529,105582.0
300007.SZ,20260428,20500,42.75,876375.0,42.98,0.00724519,0.216825,28294.6
300008.SZ,20260428,1251800,7.97,9976846.0,7.72,0.0759915,1.34202,164729.0
300009.SZ,20260428,42500,8.86,376550.0,8.88,0.00345459,0.18344,123025.0
300010.SZ,20260428,159300,5.41,861813.0,5.41,0.00957716,0.368094,166333.0
300011.SZ,20260428,6600,7.3,48180.0,7.32,0.00130112,0.0938191,50725.6
300012.SZ,20260428,151500,16.78,2542170.0,16.91,0.0105852,0.362305,143124.0
300013.SZ,20260428,78300,3.97,310851.0,4.0,0.0175541,0.509264,44604.9
300014.SZ,20260428,271300,71.06,19278578.0,71.43,0.0129714,0.334069,209153.0
300015.SZ,20260428,426250,10.89,4641862.5,10.88,0.00535802,0.256351,795536.0
300016.SZ,20260428,50000,9.29,464500.0,9.36,0.00889421,0.241357,56216.4
300017.SZ,20260428,587600,16.87,9912812.0,16.89,0.0254901,0.214276,230520.0
300018.SZ,20260428,159400,14.17,2258698.0,14.3,0.0441956,0.418439,36067.0
300019.SZ,20260428,11300,18.42,208146.0,18.48,0.00306557,0.13036,36861.0
300020.SZ,20260428,46800,3.54,165672.0,3.53,0.00610501,0.375428,76658.4
300021.SZ,20260428,63200,4.38,276816.0,4.36,0.00723618,0.454359,87338.9
300022.SZ,20260428,26100,9.43,246123.0,9.51,0.00528099,0.133023,49422.6
300024.SZ,20260428,48600,14.72,715392.0,14.8,0.00310505,0.227716,156519.0
300025.SZ,20260428,73700,5.57,410509.0,5.59,0.0145464,0.400763,50665.4
300026.SZ,20260428,48100,3.34,160654.0,3.35,0.00160263,0.130305,300133.0
300027.SZ,20260428,2568800,1.78,4572464.0,1.83,0.103373,1.05107,248498.0
300029.SZ,20260428,593500,3.46,2053510.0,4.32,0.296216,7.82364,20036.0
300030.SZ,20260428,122600,7.97,977122.0,8.01,0.0450359,0.55743,27222.8
300031.SZ,20260428,171800,22.98,3947964.0,22.7,0.0488204,1.93117,35190.2
300032.SZ,20260428,67900,5.63,382277.0,5.67,0.00845401,0.198893,80317.0
300033.SZ,20260428,50020,227.27,11368045.4,229.1,0.0114094,0.35546,43841.1
300034.SZ,20260428,24300,19.56,475308.0,19.67,0.00316795,0.114709,76705.7
300035.SZ,20260428,182100,24.45,4452345.0,24.64,0.0312164,0.268091,58334.8
300036.SZ,20260428,160000,15.12,2419200.0,15.79,0.0364899,1.79773,43847.8
300037.SZ,20260428,257500,66.88,17221600.0,68.3,0.0477981,0.870646,53872.4
300039.SZ,20260428,36600,5.73,209718.0,5.73,0.0039916,0.400701,91692.6
300040.SZ,20260428,191500,7.17,1373055.0,7.23,0.0370137,0.288387,51737.6
300041.SZ,20260428,29400,11.48,337512.0,11.48,0.00540355,0.214345,54408.7
300042.SZ,20260428,244400,50.41,12320204.0,50.3,0.121967,1.26177,20038.2
300043.SZ,20260428,389600,6.11,2380456.0,6.17,0.0313301,0.643864,124353.0
300044.SZ,20260428,38100,6.72,256032.0,6.72,0.00532585,0.105325,71537.8
300045.SZ,20260428,42300,21.99,930177.0,22.22,0.0081927,0.20367,51631.3
300046.SZ,20260428,32600,32.34,1054284.0,32.5,0.0137825,0.529849,23653.1
300047.SZ,20260428,238000,12.56,2989280.0,12.57,0.0414698,1.38375,57391.1
300048.SZ,20260428,81300,6.44,523572.0,6.46,0.00719322,0.221484,113023.0
300049.SZ,20260428,129000,51.77,6678330.0,55.09,0.0552131,1.83593,23364.0
300050.SZ,20260428,70900,7.01,497009.0,7.04,0.0130208,0.166032,54451.5
300051.SZ,20260428,38100,16.63,633603.0,16.5,0.0103624,0.114967,36767.6
300052.SZ,20260428,123000,12.2,1500600.0,12.22,0.0469732,0.551405,26185.1
300053.SZ,20260428,516400,17.0,8778800.0,17.91,0.0793462,1.80584,65081.9
300054.SZ,20260428,674000,57.99,39085260.0,56.31,0.0913093,1.61473,73815.1
300055.SZ,20260428,29000,11.67,338430.0,11.68,0.00489918,0.102811,59193.6
300056.SZ,20260428,131700,10.17,1339389.0,10.11,0.0341944,0.435274,38515.0
300057.SZ,20260428,1900141,8.81,16740242.21,8.99,0.24885,1.38342,76356.9
300058.SZ,20260428,3038651,17.02,51717840.02,17.27,0.0873695,0.523931,347793.0
300059.SZ,20260428,706200,19.9,14053380.0,19.98,0.00529474,0.323365,1333780.0
300061.SZ,20260428,342800,9.9,3393720.0,10.01,0.0550975,0.911689,62217.0
300062.SZ,20260428,42700,7.63,325801.0,7.7,0.00931586,0.238953,45835.8
300063.SZ,20260428,120400,11.27,1356908.0,11.45,0.0192162,0.194536,62655.4
300065.SZ,20260428,648400,25.62,16612008.0,25.62,0.0987425,0.755588,65665.7
300066.SZ,20260428,14700,6.22,91434.0,6.24,0.0014728,0.0820933,99809.9
300067.SZ,20260428,5317600,6.88,36585088.0,6.52,0.567221,4.17347,93748.4
300068.SZ,20260428,305500,11.17,3412435.0,11.23,0.0358072,0.806484,85318.0
300069.SZ,20260428,70300,25.78,1812334.0,25.95,0.0600855,0.53782,11700.0
300070.SZ,20260428,508600,4.03,2049658.0,4.09,0.0148074,1.59142,343477.0
300071.SZ,20260428,148600,4.78,710308.0,4.82,0.015719,0.424603,94535.1
300072.SZ,20260428,196300,4.59,901017.0,4.62,0.00841997,0.44354,233136.0
300073.SZ,20260428,154900,62.52,9684348.0,62.61,0.0306144,0.560214,50597.1
300074.SZ,20260428,53700,4.1,220170.0,4.1,0.0098156,0.36304,54708.8
300075.SZ,20260428,19100,13.41,256131.0,13.54,0.00370558,0.136421,51543.8
300076.SZ,20260428,328700,5.04,1656648.0,5.04,0.0775236,1.06442,42400.0
300077.SZ,20260428,116700,22.86,2667762.0,23.08,0.0206064,0.200496,56632.8
300078.SZ,20260428,96000,3.83,367680.0,3.88,0.00862249,0.446466,111337.0
300079.SZ,20260428,124300,5.54,688622.0,5.57,0.00969972,0.387034,128148.0
300080.SZ,20260428,72100,4.45,320845.0,4.49,0.0038539,0.224288,187083.0
300081.SZ,20260428,102100,4.06,414526.0,4.01,0.0168843,0.227234,60470.4
300082.SZ,20260428,975900,12.9,12589110.0,13.41,0.14387,1.97893,67832.1
300083.SZ,20260428,275500,8.43,2322465.0,8.48,0.0184585,0.442474,149254.0
300084.SZ,20260428,8600,11.23,96578.0,11.32,0.00248482,0.061173,34610.2
300085.SZ,20260428,38800,35.44,1375072.0,35.69,0.0059508,0.198407,65201.3
300086.SZ,20260428,82400,7.02,578448.0,7.07,0.0186983,0.452435,44068.3
300087.SZ,20260428,63600,8.29,527244.0,8.34,0.00704869,0.422112,90229.6
300088.SZ,20260428,1635500,6.87,11235885.0,7.06,0.0658016,0.820781,248550.0
300091.SZ,20260428,190300,3.15,599445.0,3.16,0.0116361,0.44398,163542.0
300092.SZ,20260428,6600,16.61,109626.0,16.78,0.00314486,0.0809281,20986.6
300093.SZ,20260428,27700,21.96,608292.0,22.15,0.0119925,0.375636,23097.8
300094.SZ,20260428,41100,3.01,123711.0,3.03,0.00371772,0.1144,110552.0
300095.SZ,20260428,14800,9.5,140600.0,9.56,0.00438983,0.219017,33714.3
300096.SZ,20260428,103000,9.71,1000130.0,9.84,0.0239535,1.39321,43000.0
300097.SZ,20260428,138400,10.81,1496104.0,11.03,0.0512577,0.561547,27000.8
300098.SZ,20260428,57000,5.19,295830.0,5.22,0.00369711,0.173761,154174.0
300099.SZ,20260428,130800,9.01,1178508.0,8.96,0.0225006,0.312783,58131.8
300100.SZ,20260428,20300,29.66,602098.0,29.92,0.00368317,0.268676,55115.6
300101.SZ,20260428,256800,21.63,5554584.0,22.38,0.0453675,0.860636,56604.3
300102.SZ,20260428,175100,32.19,5636469.0,31.76,0.0191173,0.2339,91592.4
300103.SZ,20260428,6300,8.01,50463.0,8.03,0.00198525,0.0624398,31734.1
300105.SZ,20260428,17600,6.72,118272.0,6.76,0.00341434,0.159424,51547.3
300106.SZ,20260428,52800,10.88,574464.0,10.9,0.0249843,0.288792,21133.2
300107.SZ,20260428,303200,7.32,2219424.0,7.28,0.0872811,1.18227,34738.3
300109.SZ,20260428,15400,19.39,298606.0,19.38,0.00344322,0.11269,44725.6
300110.SZ,20260428,107600,3.1,333560.0,3.1,0.00910955,0.400404,118118.0
300111.SZ,20260428,249900,3.85,962115.0,3.86,0.0194141,0.519521,128721.0
300112.SZ,20260428,42600,8.12,345912.0,8.17,0.0179288,0.527872,23760.6
300113.SZ,20260428,107800,26.23,2827594.0,26.4,0.0211779,0.198255,50902.0
300115.SZ,20260428,65100,32.89,2141139.0,33.08,0.00479623,0.143556,135732.0
300118.SZ,20260428,815800,15.31,12489898.0,15.77,0.0880214,1.87268,92682.0
300119.SZ,20260428,51700,18.23,942491.0,17.81,0.0154965,1.54742,33362.3
300120.SZ,20260428,13800,7.33,101154.0,7.36,0.00261638,0.14474,52744.7
300121.SZ,20260428,90100,12.71,1145171.0,12.87,0.0209847,0.769115,42936.0
300122.SZ,20260428,418950,14.75,6179512.5,14.93,0.0296223,3.11059,141431.0
300123.SZ,20260428,673800,3.85,2594130.0,3.88,0.0677853,0.747306,99402.0
300124.SZ,20260428,1105700,64.0,70764800.0,65.74,0.0460984,3.46608,239857.0
300125.SZ,20260428,4600,9.44,43424.0,9.44,0.00127491,0.0604539,36081.0
300126.SZ,20260428,17300,7.87,136151.0,7.88,0.00821267,0.321277,21065.0
300127.SZ,20260428,24900,29.98,746502.0,30.2,0.0107878,0.429716,23081.6
300128.SZ,20260428,15100,6.09,91959.0,6.13,0.00116358,0.0569347,129772.0
300129.SZ,20260428,100800,10.99,1107792.0,11.03,0.0140251,0.225283,71871.0
300130.SZ,20260428,5200,22.81,118612.0,23.0,0.00119771,0.0668381,43416.1
300131.SZ,20260428,2194681,17.5,38406917.5,17.21,0.210568,1.32551,104227.0
300132.SZ,20260428,144806,9.43,1365520.58,9.55,0.0285006,0.651375,50808.1
300133.SZ,20260428,2275300,9.13,20773489.0,9.11,0.135725,1.14825,167640.0
300134.SZ,20260428,36000,11.02,396720.0,11.07,0.00469057,0.23915,76749.8
300135.SZ,20260428,41600,3.88,161408.0,3.89,0.00451389,0.204575,92160.0
300136.SZ,20260428,803000,88.0,70664000.0,88.46,0.0973097,0.626565,82520.0
300137.SZ,20260428,281200,17.23,4845076.0,17.45,0.0530532,0.663948,53003.4
300138.SZ,20260428,16300,11.6,189080.0,11.65,0.00409226,0.287085,39831.3
300139.SZ,20260428,117600,52.62,6188112.0,53.27,0.0503297,0.546272,23365.9
300140.SZ,20260428,43600,6.6,287760.0,6.63,0.004274,0.150695,102012.0
300141.SZ,20260428,25500,13.03,332265.0,13.0,0.010015,0.408045,25461.9
300142.SZ,20260428,2961200,12.61,37340732.0,11.95,0.189759,9.40891,156050.0
300143.SZ,20260428,10200,11.43,116586.0,11.38,0.00159062,0.103782,64125.8
300144.SZ,20260428,56100,7.75,434775.0,7.78,0.00215987,0.210279,259738.0
300145.SZ,20260428,215300,4.97,1070041.0,5.02,0.0112674,0.268453,191083.0
300146.SZ,20260428,47400,10.54,499596.0,10.56,0.00422956,0.324251,112068.0
300147.SZ,20260428,78400,9.48,743232.0,9.5,0.0119258,0.376735,65739.8
300148.SZ,20260428,76700,4.16,319072.0,4.2,0.00942127,0.220237,81411.5
300149.SZ,20260428,53600,10.5,562800.0,10.5,0.0112948,0.264798,47455.3
300150.SZ,20260428,30300,5.01,151803.0,5.06,0.00653492,0.208588,46366.3
300151.SZ,20260428,153700,17.58,2702046.0,18.03,0.041692,1.11641,36865.6
300152.SZ,20260428,301100,1.82,548002.0,1.84,0.0422526,1.36003,71261.8
300153.SZ,20260428,80700,27.85,2247495.0,28.2,0.025351,0.528936,31833.0
300154.SZ,20260428,23000,8.48,195040.0,8.55,0.00729801,0.402036,31515.4
300155.SZ,20260428,62100,4.81,298701.0,4.83,0.01885,0.654901,32944.3
300157.SZ,20260428,33800,5.94,200772.0,5.97,0.00477519,0.0917161,70782.5
300158.SZ,20260428,30100,5.88,176988.0,5.87,0.00303582,0.139561,99149.3
300159.SZ,20260428,144000,3.46,498240.0,3.44,0.00786095,0.47545,183184.0
300160.SZ,20260428,5400,5.18,27972.0,5.21,0.000708513,0.0526153,76216.0
300161.SZ,20260428,9300,29.02,269886.0,29.26,0.00476936,0.372076,19499.5
300162.SZ,20260428,60600,9.12,552672.0,9.28,0.0177109,0.231464,34216.2
300163.SZ,20260428,913200,4.7,4292040.0,4.95,0.201238,3.20053,45379.0
300164.SZ,20260428,237300,12.94,3070662.0,13.07,0.0406885,0.231015,58321.1
300165.SZ,20260428,312100,6.4,1997440.0,6.28,0.074215,0.91183,42053.5
300166.SZ,20260428,626800,16.06,10066408.0,15.96,0.0692016,0.378779,90575.9
300167.SZ,20260428,99400,6.53,649082.0,6.72,0.0276963,1.05365,35889.3
300168.SZ,20260428,68100,5.35,364335.0,5.39,0.00473185,0.553287,143918.0
300169.SZ,20260428,126600,6.08,769728.0,6.18,0.0419572,1.53084,30173.6
300170.SZ,20260428,452000,20.32,9184640.0,20.73,0.0462721,0.907212,97683.0
300171.SZ,20260428,5400,14.23,76842.0,14.15,0.000959732,0.0778189,56265.7
300172.SZ,20260428,34800,5.32,185136.0,5.35,0.00665474,0.174287,52293.6
300173.SZ,20260428,61100,4.28,261508.0,4.32,0.00831603,0.49687,73472.6
300174.SZ,20260428,69700,17.71,1234387.0,17.81,0.0192438,0.393092,36219.5
300175.SZ,20260428,45600,6.53,297768.0,6.49,0.00968564,0.613139,47080.0
300176.SZ,20260428,42000,7.29,306180.0,7.29,0.0108448,0.402857,38728.1
300177.SZ,20260428,21700,7.91,171647.0,7.96,0.00357907,0.200862,60630.3
300179.SZ,20260428,299000,29.59,8847410.0,29.29,0.0799504,0.568711,37398.2
300180.SZ,20260428,48800,5.38,262544.0,5.38,0.00284935,0.150344,171267.0
300181.SZ,20260428,100800,15.44,1556352.0,15.44,0.0167189,0.572692,60291.1
300182.SZ,20260428,253300,5.7,1443810.0,5.73,0.0112111,0.205541,225937.0
300183.SZ,20260428,25400,13.09,332486.0,13.22,0.00684583,0.244584,37102.9
300184.SZ,20260428,1613300,13.5,21779550.0,13.52,0.153064,0.974881,105400.0
300185.SZ,20260428,261600,3.18,831888.0,3.2,0.00680182,0.182446,384603.0
300187.SZ,20260428,635500,5.56,3533380.0,5.12,0.0990066,6.15004,64187.7
300188.SZ,20260428,10800,12.6,136080.0,12.64,0.00126241,0.0953978,85550.9
300189.SZ,20260428,226800,5.96,1351728.0,5.94,0.025591,0.337758,88625.0
300190.SZ,20260428,49000,4.11,201390.0,4.12,0.00518935,0.217538,94424.2
300191.SZ,20260428,32200,40.75,1312150.0,40.88,0.0145573,0.192709,22119.5
300192.SZ,20260428,15100,19.36,292336.0,19.6,0.00465134,0.158163,32463.8
300193.SZ,20260428,102800,8.68,892304.0,8.79,0.0245126,1.23052,41937.6
300194.SZ,20260428,17400,4.15,72210.0,4.16,0.00179688,0.182398,96834.4
300195.SZ,20260428,347200,7.38,2562336.0,7.73,0.110604,4.854,31391.2
300196.SZ,20260428,42300,19.3,816390.0,19.49,0.0171306,0.134562,24692.6
300197.SZ,20260428,251000,1.57,394070.0,1.58,0.00846479,0.536239,296522.0
300198.SZ,20260428,0,,0.0,2.47,0.0,0.0,102622.0
300199.SZ,20260428,140600,22.4,3149440.0,22.39,0.0188548,0.295802,74569.8
300200.SZ,20260428,108600,10.47,1137042.0,10.46,0.025618,0.34664,42392.1
300201.SZ,20260428,77100,11.67,899757.0,11.65,0.00768194,0.205028,100365.0
300203.SZ,20260428,9800,13.82,135436.0,13.87,0.00218579,0.0782299,44835.1
300204.SZ,20260428,286900,27.93,8013117.0,27.51,0.0632406,0.891773,45366.4
300205.SZ,20260428,496000,6.09,3020640.0,6.37,0.115334,4.10369,43005.6
300206.SZ,20260428,55300,14.96,827288.0,15.0,0.0163426,0.460656,33838.0
300207.SZ,20260428,131000,26.88,3521280.0,27.07,0.00764367,0.118835,171384.0
300209.SZ,20260428,573700,13.55,7773635.0,13.2,0.0781012,0.647516,73456.0
300210.SZ,20260428,35900,9.1,326690.0,9.06,0.00741399,0.404473,48422.0
300211.SZ,20260428,12400,8.41,104284.0,8.46,0.00415436,0.26759,29848.2
300212.SZ,20260428,471800,8.28,3906504.0,8.28,0.0675436,1.52015,69851.2
300213.SZ,20260428,206200,8.13,1676406.0,8.21,0.0373401,1.53761,55222.2
300214.SZ,20260428,58100,7.87,457247.0,7.9,0.0124972,0.434627,46490.3
300215.SZ,20260428,380700,8.5,3235950.0,8.57,0.0508214,1.30629,74909.4
300217.SZ,20260428,121500,5.17,628155.0,5.22,0.00990259,0.34627,122695.0
300218.SZ,20260428,11600,14.7,170520.0,14.78,0.00536351,0.21634,21627.6
300219.SZ,20260428,5300,7.55,40015.0,7.61,0.000750019,0.0312783,70664.9
300220.SZ,20260428,33400,14.4,480960.0,14.47,0.0221164,1.30471,15101.9
300221.SZ,20260428,30600,11.12,340272.0,11.17,0.00669344,0.149941,45716.4
300222.SZ,20260428,32600,11.2,365120.0,11.23,0.00514355,0.261769,63380.4
300223.SZ,20260428,98000,122.76,12030480.0,122.48,0.0233017,0.441252,42057.1
300224.SZ,20260428,39900,13.05,520695.0,13.04,0.00430294,0.111179,92727.4
300225.SZ,20260428,942600,7.1,6692460.0,6.96,0.198418,3.00362,47505.7
300226.SZ,20260428,88800,24.35,2162280.0,23.43,0.0289859,0.951583,30635.6
300227.SZ,20260428,8600,11.11,95546.0,11.21,0.00198583,0.0439195,43306.8
300228.SZ,20260428,74700,9.06,676782.0,9.11,0.0133654,0.275241,55890.4
300229.SZ,20260428,32900,18.1,595490.0,18.19,0.00376848,0.115473,87303.0
300230.SZ,20260428,123500,4.82,595270.0,4.77,0.0196087,1.19282,62982.2
300231.SZ,20260428,58100,10.91,633871.0,10.95,0.0130775,0.262742,44427.3
300232.SZ,20260428,93400,6.36,594024.0,6.37,0.010546,0.24299,88564.2
300233.SZ,20260428,14400,15.87,228528.0,15.89,0.00389384,0.124917,36981.5
300234.SZ,20260428,400,6.55,2620.0,6.61,0.000116283,0.00182478,34398.7
300235.SZ,20260428,100600,13.97,1405382.0,14.09,0.0495243,1.17188,20313.3
300236.SZ,20260428,139700,89.07,12443079.0,89.88,0.0501526,1.09251,27855.0
300237.SZ,20260428,93000,2.33,216690.0,2.35,0.00644982,0.407028,144190.0
300238.SZ,20260428,7400,14.54,107596.0,14.54,0.00279104,0.176488,26513.4
300239.SZ,20260428,121400,5.43,659202.0,5.5,0.0205846,1.07354,58976.2
300240.SZ,20260428,7100,6.76,47996.0,6.79,0.00195402,0.0604641,36335.3
300241.SZ,20260428,130700,6.72,878304.0,6.8,0.0222893,0.303055,58638.0
300242.SZ,20260428,19100,4.72,90152.0,4.74,0.00300998,0.105006,63455.5
300243.SZ,20260428,537700,18.71,10060367.0,17.85,0.275675,2.02555,19504.8
300244.SZ,20260428,246700,19.18,4731706.0,18.95,0.0491964,1.20712,50145.9
300245.SZ,20260428,0,,0.0,12.15,0.0,0.0,30437.9
300246.SZ,20260428,17300,16.42,284066.0,16.57,0.00818637,0.119534,21132.7
300247.SZ,20260428,303000,4.4,1333200.0,4.44,0.0377325,1.96985,80302.0
300248.SZ,20260428,30200,9.81,296262.0,9.78,0.0073831,0.325155,40904.2
300249.SZ,20260428,24900,17.41,433509.0,17.58,0.0066558,0.0829871,37411.0
300250.SZ,20260428,40600,21.89,888734.0,21.91,0.0257901,0.42386,15742.4
300251.SZ,20260428,229800,14.82,3405636.0,14.93,0.00827999,0.251264,277537.0
300252.SZ,20260428,241700,14.94,3610998.0,14.78,0.0432551,0.684973,55877.9
300253.SZ,20260428,135500,8.56,1159880.0,8.61,0.00748412,0.181552,181050.0
300254.SZ,20260428,184500,11.89,2193705.0,12.05,0.0816619,1.69186,22593.2
300255.SZ,20260428,45700,39.8,1818860.0,39.8,0.00497986,0.308023,91769.6
300256.SZ,20260428,34200,3.39,115938.0,3.42,0.00152448,0.154253,224339.0
300257.SZ,20260428,77500,28.81,2232775.0,29.69,0.00811782,0.552745,95469.0
300258.SZ,20260428,36400,11.4,414960.0,11.47,0.00638717,0.153508,56989.2
300259.SZ,20260428,65500,4.47,292785.0,4.51,0.00560053,0.313849,116953.0
300260.SZ,20260428,74300,49.31,3663733.0,49.6,0.0258312,0.653771,28763.7
300261.SZ,20260428,45500,5.9,268450.0,5.96,0.00486021,0.38186,93617.3
300263.SZ,20260428,207700,10.43,2166311.0,10.51,0.021291,0.390488,97552.8
300264.SZ,20260428,139700,8.7,1215390.0,8.69,0.0377174,0.707927,37038.6
300265.SZ,20260428,228500,18.74,4282090.0,18.88,0.0488979,0.327104,46730.0
300266.SZ,20260428,189700,2.42,459074.0,2.42,0.0122147,1.01933,155304.0
300267.SZ,20260428,629200,4.08,2567136.0,4.06,0.044236,0.485522,142237.0
300268.SZ,20260428,5800,13.7,79460.0,13.77,0.00433783,0.624064,13370.8
300269.SZ,20260428,380700,6.58,2505006.0,6.88,0.0724208,1.39755,52567.8
300270.SZ,20260428,34300,12.44,426692.0,12.6,0.0131453,0.199987,26093.0
300271.SZ,20260428,158100,6.53,1032393.0,6.62,0.0198309,1.67611,79724.2
300272.SZ,20260428,74900,8.14,609686.0,8.14,0.0161258,0.24254,46447.2
300274.SZ,20260428,5548699,125.67,697305003.33,131.39,0.348972,9.91264,159001.0
300275.SZ,20260428,78600,11.43,898398.0,11.4,0.0289544,1.31916,27146.1
300276.SZ,20260428,439100,7.07,3104437.0,7.21,0.0415372,1.2735,105712.0
300277.SZ,20260428,194800,18.43,3590164.0,18.53,0.0254456,0.460248,76555.4
300278.SZ,20260428,48900,4.77,233253.0,4.82,0.00346945,0.206439,140945.0
300279.SZ,20260428,42600,8.25,351450.0,8.23,0.00874844,0.206141,48694.4
300281.SZ,20260428,76500,7.1,543150.0,7.04,0.0192537,1.57228,39732.6
300283.SZ,20260428,1050100,11.3,11866130.0,11.42,0.285961,1.80961,36721.9
300284.SZ,20260428,41100,6.59,270849.0,6.53,0.00343257,0.518362,119735.0
300285.SZ,20260428,432300,34.61,14961903.0,35.03,0.0506403,1.08541,85366.9
300286.SZ,20260428,10200,24.12,246024.0,24.28,0.00490916,0.136316,20777.5
300287.SZ,20260428,72700,4.3,312610.0,4.33,0.0055147,0.172346,131830.0
300288.SZ,20260428,68900,12.61,868829.0,12.79,0.0268543,1.81725,25656.9
300289.SZ,20260428,129600,6.77,877392.0,6.84,0.0238605,1.49086,54315.6
300290.SZ,20260428,535000,15.58,8335300.0,15.82,0.0836536,1.70258,63954.2
300291.SZ,20260428,838400,5.98,5013632.0,6.04,0.0901636,2.61902,92986.5
300292.SZ,20260428,632600,5.29,3346454.0,5.37,0.0566874,0.493347,111594.0
300293.SZ,20260428,43500,18.35,798225.0,17.79,0.0128532,0.705919,33843.8
300294.SZ,20260428,11300,17.95,202835.0,17.95,0.00224096,0.271658,50424.9
300295.SZ,20260428,203100,12.13,2463603.0,12.48,0.121214,1.05511,16755.4
300296.SZ,20260428,359100,6.55,2352105.0,6.56,0.0157879,0.227042,227453.0
300298.SZ,20260428,430800,16.88,7271904.0,16.27,0.0955395,10.8278,45091.3
300299.SZ,20260428,61900,5.88,363972.0,5.92,0.00898113,0.395301,68922.3
300300.SZ,20260428,431800,12.3,5311140.0,12.62,0.0647566,0.842146,66680.5
300301.SZ,20260428,70700,3.62,255934.0,3.63,0.00895164,0.27736,78979.9
300302.SZ,20260428,1032600,25.5,26331300.0,24.0,0.279979,4.34841,36881.4
300303.SZ,20260428,445400,9.82,4373828.0,9.92,0.0335228,0.30602,132865.0
300304.SZ,20260428,21600,12.25,264600.0,12.36,0.00252775,0.140186,85451.6
300305.SZ,20260428,146700,6.51,955017.0,6.56,0.0456333,1.56028,32147.6
300306.SZ,20260428,21500,12.38,266170.0,12.45,0.0136419,0.753907,15760.2
300307.SZ,20260428,2000,6.49,12980.0,6.5,0.000254162,0.0297134,78689.9
300308.SZ,20260428,235800,854.0,201373200.0,857.03,0.0212757,0.75702,110831.0
300310.SZ,20260428,96800,5.82,563376.0,5.88,0.0140011,0.227783,69137.3
300311.SZ,20260428,251000,5.47,1372970.0,5.48,0.0467056,2.33227,53740.9
300313.SZ,20260428,152500,8.53,1300825.0,8.65,0.0772728,3.39046,19735.3
300314.SZ,20260428,32500,11.63,377975.0,11.74,0.02261,0.534402,14374.1
300315.SZ,20260428,2589400,4.84,12532696.0,4.79,0.100247,5.23816,258303.0
300316.SZ,20260428,1175298,41.19,48410524.62,43.15,0.095432,4.46945,123156.0
300317.SZ,20260428,605600,4.93,2985608.0,4.82,0.0730595,0.96884,82891.3
300318.SZ,20260428,21100,5.48,115628.0,5.56,0.00266273,0.344203,79241.9
300319.SZ,20260428,243600,12.58,3064488.0,12.68,0.0289044,0.600263,84277.8
300320.SZ,20260428,118300,9.33,1103739.0,9.32,0.0243752,0.975729,48533.0
300321.SZ,20260428,2100,37.34,78414.0,37.0,0.00236764,0.0621859,8869.59
300322.SZ,20260428,200200,30.77,6160154.0,31.32,0.0454555,0.475358,44043.1
300323.SZ,20260428,364400,11.23,4092212.0,11.22,0.0306813,0.413755,118769.0
300324.SZ,20260428,123600,4.7,580920.0,4.73,0.00722811,0.265127,170999.0
300326.SZ,20260428,49200,6.74,331608.0,6.74,0.00686463,0.626092,71671.8
300327.SZ,20260428,38400,27.36,1050624.0,27.48,0.0113323,0.338891,33885.4
300328.SZ,20260428,144600,16.69,2413374.0,16.79,0.0210467,0.395106,68704.2
300329.SZ,20260428,48500,13.97,677545.0,14.1,0.0192353,1.21854,25214.0
300331.SZ,20260428,155000,53.36,8270800.0,54.27,0.0697787,0.842539,22213.1
300332.SZ,20260428,102300,5.75,588225.0,5.76,0.0123244,0.267866,83005.8
300333.SZ,20260428,41400,9.18,380052.0,9.18,0.0123663,0.552739,33478.0
300334.SZ,20260428,88600,7.8,691080.0,7.86,0.0293349,1.00273,30203.0
300335.SZ,20260428,44100,6.69,295029.0,6.66,0.0114796,0.129981,38415.9
300337.SZ,20260428,78900,14.1,1112490.0,14.0,0.0110906,0.180317,71141.0
300338.SZ,20260428,0,,0.0,3.69,0.0,0.0,34936.1
300339.SZ,20260428,144100,46.0,6628600.0,46.74,0.0185293,0.292165,77768.6
300340.SZ,20260428,51400,10.85,557690.0,10.89,0.018796,0.607035,27346.3
300341.SZ,20260428,38900,14.84,577276.0,14.99,0.007548,0.875043,51536.9
300342.SZ,20260428,374300,71.82,26882226.0,71.82,0.0893746,0.543719,41879.9
300343.SZ,20260428,76600,6.65,509390.0,6.64,0.00718426,0.49766,106622.0
300345.SZ,20260428,128000,6.36,814080.0,6.48,0.026703,0.622025,47934.7
300346.SZ,20260428,722500,51.68,37338800.0,51.73,0.110139,1.25584,65599.0
300347.SZ,20260428,38000,56.86,2160680.0,56.86,0.00671124,0.408445,56621.4
300348.SZ,20260428,54100,11.99,648659.0,12.05,0.00758841,0.26801,71292.9
300349.SZ,20260428,4800,13.38,64224.0,13.38,0.00129828,0.0411839,36972.0
300350.SZ,20260428,36800,5.29,194672.0,5.33,0.0078038,0.269724,47156.5
300351.SZ,20260428,240600,21.98,5288388.0,22.41,0.0913401,0.921246,26341.1
300352.SZ,20260428,984500,6.9,6793050.0,7.09,0.0771183,1.81576,127661.0
300353.SZ,20260428,179300,18.7,3352910.0,19.62,0.0333731,1.4466,53725.9
300354.SZ,20260428,10300,36.28,373684.0,36.76,0.0126677,0.383244,8130.9
300355.SZ,20260428,58600,3.63,212718.0,3.64,0.00428898,0.242657,136629.0
300357.SZ,20260428,36900,26.23,967887.0,26.22,0.00762532,0.319898,48391.4
300358.SZ,20260428,59700,9.76,582672.0,9.77,0.00851276,0.172667,70130.0
300359.SZ,20260428,13000,4.86,63180.0,4.92,0.00205273,0.199043,63330.2
300360.SZ,20260428,399000,14.82,5913180.0,15.33,0.0797559,6.13173,50027.7
300363.SZ,20260428,39000,21.65,844350.0,21.41,0.00781788,0.358467,49885.6
300364.SZ,20260428,98200,29.26,2873332.0,29.37,0.0148692,0.175395,66042.5
300365.SZ,20260428,262800,5.61,1474308.0,5.72,0.0513557,1.65424,51172.5
300366.SZ,20260428,241200,5.25,1266300.0,5.34,0.0454663,2.09914,53050.2
300368.SZ,20260428,31700,10.21,323657.0,10.28,0.00599308,0.202491,52894.3
300369.SZ,20260428,39200,8.06,315952.0,8.15,0.00485327,0.179495,80770.3
300370.SZ,20260428,80300,2.56,205568.0,2.58,0.00514259,0.350863,156147.0
300371.SZ,20260428,5200,13.13,68276.0,13.13,0.0037144,0.19002,13999.6
300373.SZ,20260428,210400,77.8,16369120.0,79.13,0.0388093,1.29565,54213.8
300374.SZ,20260428,1700,13.96,23732.0,14.03,0.000691384,0.0597299,24588.3
300375.SZ,20260428,37200,4.79,178188.0,4.84,0.00704215,0.293486,52824.8
300376.SZ,20260428,9200,6.11,56212.0,6.13,0.000395285,0.0401825,232743.0
300377.SZ,20260428,45800,16.8,769440.0,16.85,0.00662882,0.183629,69092.2
300378.SZ,20260428,11100,40.7,451770.0,40.88,0.00411858,0.099535,26951.0
300380.SZ,20260428,300,34.21,10263.0,34.08,0.000235543,0.0130408,12736.6
300381.SZ,20260428,48800,6.2,302560.0,6.24,0.0099726,0.6058,48934.1
300382.SZ,20260428,136100,15.92,2166712.0,15.92,0.0209921,0.328325,64833.8
300383.SZ,20260428,400800,16.0,6412800.0,16.14,0.0223467,0.250661,179355.0
300384.SZ,20260428,76300,15.03,1146789.0,15.3,0.0346452,2.23422,22023.3
300385.SZ,20260428,224100,15.5,3473550.0,15.33,0.0770997,1.05807,29066.3
300386.SZ,20260428,15600,12.76,199056.0,12.85,0.00622115,0.214311,25075.8
300387.SZ,20260428,54800,8.91,488268.0,9.01,0.0189648,0.476027,28895.7
300388.SZ,20260428,11400,8.15,92910.0,8.17,0.00167391,0.124081,68104.2
300389.SZ,20260428,177032,17.45,3089208.4,19.43,0.0806754,2.1074,21943.7
300390.SZ,20260428,708300,93.84,66466872.0,94.23,0.10536,0.982172,67226.8
300393.SZ,20260428,721236,9.66,6967139.76,9.85,0.0754506,1.69056,95590.5
300394.SZ,20260428,111100,321.12,35676432.0,322.25,0.0142876,0.218835,77759.7
300395.SZ,20260428,67900,108.0,7333200.0,108.7,0.0132745,0.175353,51150.7
300396.SZ,20260428,2500,11.45,28625.0,11.47,0.000918138,0.0933167,27229.0
300397.SZ,20260428,87500,12.82,1121750.0,12.94,0.0214375,0.338616,40816.3
300398.SZ,20260428,304200,30.45,9262890.0,30.78,0.0539505,0.575687,56385.0
300399.SZ,20260428,18700,21.54,402798.0,21.63,0.00946449,0.458041,19758.1
300400.SZ,20260428,16100,25.66,413126.0,25.67,0.00665801,0.0902697,24181.4
300401.SZ,20260428,24600,13.12,322752.0,13.14,0.00459898,0.210932,53490.1
300402.SZ,20260428,11500,18.32,210680.0,18.56,0.0047205,0.305762,24361.8
300403.SZ,20260428,25000,11.1,277500.0,11.23,0.00585399,0.245735,42705.9
300404.SZ,20260428,302400,10.73,3244752.0,10.73,0.105941,2.2711,28544.2
300405.SZ,20260428,24500,6.15,150675.0,6.22,0.0111962,0.34837,21882.3
300406.SZ,20260428,321100,12.7,4077970.0,12.68,0.0756736,4.5426,42432.2
300407.SZ,20260428,9500,13.06,124070.0,13.13,0.00366907,0.126538,25892.1
300408.SZ,20260428,105200,75.56,7948912.0,75.71,0.00562626,0.281434,186980.0
300409.SZ,20260428,68800,27.0,1857600.0,27.15,0.0100074,0.200486,68749.3
300410.SZ,20260428,117500,9.86,1158550.0,9.95,0.0320063,0.402544,36711.5
300411.SZ,20260428,178800,10.06,1798728.0,10.28,0.0578425,4.11111,30911.6
300412.SZ,20260428,170900,5.19,886971.0,5.21,0.0365279,1.16015,46786.2
300413.SZ,20260428,36900,20.28,748332.0,20.34,0.00361163,0.250152,102170.0
300414.SZ,20260428,26100,14.35,374535.0,14.43,0.0083243,0.226909,31354.0
300415.SZ,20260428,9000,23.66,212940.0,23.83,0.00198635,0.113012,45309.2
300416.SZ,20260428,155200,16.98,2635296.0,17.15,0.0307355,0.789805,50495.4
300417.SZ,20260428,24300,13.48,327564.0,13.4,0.0290703,0.689483,8359.04
300418.SZ,20260428,157500,50.99,8030925.0,51.17,0.0125549,0.258129,125449.0
300419.SZ,20260428,385500,7.11,2740905.0,7.6,0.104826,2.85738,36775.4
300420.SZ,20260428,181500,3.68,667920.0,3.72,0.0162591,0.934639,111630.0
300421.SZ,20260428,8300,23.61,195963.0,23.83,0.00360331,0.0971762,23034.4
300422.SZ,20260428,1207200,5.45,6579240.0,5.52,0.233642,4.20595,51668.8
300423.SZ,20260428,81000,7.78,630180.0,7.9,0.024298,0.788319,33336.0
300424.SZ,20260428,260800,18.68,4871744.0,17.8,0.106323,3.32168,24529.1
300425.SZ,20260428,9900,4.99,49401.0,5.01,0.0014543,0.11771,68073.8
300426.SZ,20260428,23100,7.42,171402.0,7.48,0.005775,0.351829,40000.0
300427.SZ,20260428,85100,11.22,954822.0,11.44,0.0169183,0.305582,50300.5
300428.SZ,20260428,17100,20.41,349011.0,20.45,0.00286547,0.244314,59676.1
300429.SZ,20260428,64700,14.17,916799.0,14.33,0.0161561,0.431146,40046.7
300430.SZ,20260428,1200,17.42,20904.0,17.48,0.000461797,0.0209324,25985.4
300432.SZ,20260428,218500,26.8,5855800.0,26.42,0.0129247,0.362167,169056.0
300433.SZ,20260428,246700,26.5,6537550.0,26.71,0.00496408,0.329185,496970.0
300434.SZ,20260428,274700,11.6,3186520.0,11.66,0.0802946,1.05007,34211.5
300435.SZ,20260428,116400,23.11,2690004.0,23.32,0.0315606,0.466325,36881.4
300436.SZ,20260428,42700,112.33,4796491.0,112.55,0.0312313,0.510245,13672.2
300437.SZ,20260428,21700,15.93,345681.0,15.94,0.0124892,0.165956,17375.1
300438.SZ,20260428,143400,68.23,9784182.0,69.24,0.0354806,0.420529,40416.4
300439.SZ,20260428,6300,9.7,61110.0,9.74,0.00215508,0.22157,29233.2
300440.SZ,20260428,51700,17.1,884070.0,17.25,0.0118085,0.365499,43782.2
300441.SZ,20260428,515600,6.82,3516392.0,7.2,0.082292,10.9549,62654.9
300442.SZ,20260428,120000,90.5,10860000.0,90.12,0.00736276,0.20094,162982.0
300443.SZ,20260428,17900,30.65,548635.0,30.63,0.00737311,0.134646,24277.4
300444.SZ,20260428,666500,16.5,10997250.0,16.93,0.10725,0.670685,62144.7
300445.SZ,20260428,12400,21.7,269080.0,21.95,0.00882236,0.29131,14055.2
300446.SZ,20260428,93500,19.63,1835405.0,19.81,0.0250294,0.658234,37356.0
300447.SZ,20260428,33500,19.69,659615.0,19.7,0.0166292,0.202489,20145.3
300448.SZ,20260428,148900,7.69,1145041.0,7.77,0.0231727,0.382509,64256.7
300449.SZ,20260428,13900,7.1,98690.0,7.13,0.0036007,0.177602,38603.6
300450.SZ,20260428,201000,57.43,11543430.0,57.43,0.0128895,0.287018,155941.0
300451.SZ,20260428,35200,4.36,153472.0,4.36,0.00230564,0.130742,152669.0
300452.SZ,20260428,3200,14.1,45120.0,14.14,0.00161103,0.045528,19863.0
300453.SZ,20260428,127100,10.14,1288794.0,10.08,0.0353193,0.601589,35986.0
300454.SZ,20260428,109800,117.87,12942126.0,119.16,0.0381246,0.852718,28800.3
300455.SZ,20260428,21900,25.57,559983.0,25.68,0.0030905,0.131921,70862.2
300456.SZ,20260428,291300,45.77,13332801.0,45.16,0.0487573,0.366611,59744.9
300457.SZ,20260428,50900,27.98,1424182.0,28.06,0.00801769,0.301956,63484.6
300458.SZ,20260428,316800,42.67,13517856.0,43.5,0.0480058,0.735442,65992.0
300459.SZ,20260428,182300,3.85,701855.0,3.85,0.00554576,0.23813,328719.0
300460.SZ,20260428,5900,9.36,55224.0,9.51,0.00210111,0.048014,28080.4
300461.SZ,20260428,13300,58.2,774060.0,59.18,0.00925518,0.108702,14370.3
300462.SZ,20260428,12500,13.79,172375.0,13.83,0.00905574,0.341196,13803.4
300463.SZ,20260428,22800,10.4,237120.0,10.4,0.00463603,0.498388,49180.0
300464.SZ,20260428,33900,7.88,267132.0,7.89,0.00954009,0.297335,35534.3
300465.SZ,20260428,9100,14.19,129129.0,14.3,0.00205071,0.0880406,44374.9
300466.SZ,20260428,20000,9.06,181200.0,9.14,0.00445561,0.159162,44887.2
300467.SZ,20260428,294600,37.37,11009202.0,36.95,0.173068,3.89469,17022.2
300468.SZ,20260428,76700,29.0,2224300.0,29.09,0.0144774,0.385071,52979.0
300469.SZ,20260428,53500,53.95,2886325.0,53.98,0.0215524,0.520523,24823.3
300470.SZ,20260428,6200,33.22,205964.0,33.2,0.0031449,0.11491,19714.4
300471.SZ,20260428,46900,12.19,571711.0,12.33,0.0127949,0.424271,36655.2
300472.SZ,20260428,22100,8.18,180778.0,8.25,0.00898574,0.267147,24594.5
300473.SZ,20260428,2000,34.42,68840.0,34.6,0.00133289,0.0483031,15005.0
300474.SZ,20260428,52700,63.16,3328532.0,63.68,0.0129652,0.538525,40647.4
300475.SZ,20260428,677700,170.73,115703721.0,170.99,0.152162,1.62188,44538.0
300476.SZ,20260428,191200,320.0,61184000.0,317.4,0.0220991,0.408825,86519.5
300477.SZ,20260428,1869300,2.29,4280697.0,2.41,0.188656,3.36541,99085.1
300478.SZ,20260428,3400,29.73,101082.0,29.76,0.00268408,0.0602954,12667.3
300479.SZ,20260428,33100,17.31,572961.0,17.48,0.0168081,0.455864,19692.8
300480.SZ,20260428,136000,36.25,4930000.0,36.58,0.0503402,0.692547,27016.2
300481.SZ,20260428,17100,15.1,258210.0,15.29,0.00589501,0.190472,29007.6
300482.SZ,20260428,15500,18.52,287060.0,18.52,0.00360406,0.192233,43007.1
300483.SZ,20260428,153900,21.25,3270375.0,21.3,0.0403221,0.45898,38167.6
300484.SZ,20260428,25700,16.64,427648.0,16.79,0.0154491,0.570498,16635.3
300485.SZ,20260428,13500,11.46,154710.0,11.52,0.0049303,0.173992,27381.7
300486.SZ,20260428,32000,24.0,768000.0,24.26,0.00670852,0.250011,47700.6
300487.SZ,20260428,10900,66.45,724305.0,66.46,0.00353874,0.195423,30801.9
300488.SZ,20260428,83182,30.21,2512928.22,30.96,0.0512667,2.02173,16225.3
300489.SZ,20260428,46100,96.82,4463402.0,98.6,0.0332496,0.257187,13864.8
300490.SZ,20260428,120700,19.43,2345201.0,19.53,0.0306927,0.282253,39325.3
300491.SZ,20260428,13500,24.85,335475.0,25.1,0.00865442,0.171272,15599.0
300492.SZ,20260428,5300,51.04,270512.0,51.05,0.00269472,0.229474,19668.1
300493.SZ,20260428,84600,16.2,1370520.0,16.12,0.0166992,0.858924,50661.1
300494.SZ,20260428,6200,11.27,69874.0,11.31,0.00155643,0.0457897,39834.8
300496.SZ,20260428,72400,64.68,4682832.0,65.17,0.0196408,0.429701,36862.1
300497.SZ,20260428,886200,19.5,17280900.0,19.74,0.201024,1.79001,44084.3
300498.SZ,20260428,96000,15.6,1497600.0,15.66,0.00161363,0.18678,594930.0
300499.SZ,20260428,107100,40.5,4337550.0,40.59,0.0394608,0.260041,27140.8
300500.SZ,20260428,29600,10.96,324416.0,11.01,0.0176613,0.619435,16759.8
300501.SZ,20260428,109522,13.16,1441309.52,13.61,0.0767635,1.12082,14267.5
300502.SZ,20260428,251893,537.34,135352184.62,538.0,0.0284499,0.502837,88539.1
300503.SZ,20260428,293300,61.69,18093677.0,62.93,0.121714,0.982562,24097.5
300504.SZ,20260428,446700,17.37,7759179.0,17.47,0.204672,3.25941,21825.2
300505.SZ,20260428,17300,25.12,434576.0,25.3,0.0079591,0.0988868,21736.1
300506.SZ,20260428,17500,5.02,87850.0,5.07,0.00238194,0.256931,73469.6
300507.SZ,20260428,41800,8.0,334400.0,8.0,0.00539361,0.286436,77499.2
300508.SZ,20260428,5200,33.1,172120.0,33.35,0.00635238,0.117687,8185.91
300509.SZ,20260428,40700,11.52,468864.0,11.47,0.0164708,0.411174,24710.4
300510.SZ,20260428,249600,4.06,1013376.0,4.12,0.0302659,1.2813,82469.1
300511.SZ,20260428,3421192,8.0,27369536.0,7.89,0.610868,7.89299,56005.4
300512.SZ,20260428,9700,9.14,88658.0,9.14,0.00299468,0.306377,32390.7
300513.SZ,20260428,36300,8.75,317625.0,8.75,0.012592,0.666843,28827.8
300514.SZ,20260428,18800,12.23,229924.0,12.24,0.0117311,0.279434,16025.8
300515.SZ,20260428,400,17.01,6804.0,17.2,0.000198258,0.0112348,20175.8
300516.SZ,20260428,4900,51.27,251223.0,51.61,0.00272222,0.0756471,18000.0
300517.SZ,20260428,37700,12.26,462202.0,12.16,0.0298628,0.864933,12624.4
300518.SZ,20260428,18700,23.6,441320.0,23.7,0.00937843,0.140917,19939.4
300519.SZ,20260428,19200,16.05,308160.0,16.2,0.0168273,0.515931,11410.0
300520.SZ,20260428,247200,33.81,8357832.0,34.84,0.0875915,2.207,28221.9
300521.SZ,20260428,2200,28.8,63360.0,28.97,0.00146931,0.0689784,14973.0
300522.SZ,20260428,9900,13.35,132165.0,13.38,0.00376275,0.152601,26310.6
300523.SZ,20260428,3900,23.38,91182.0,23.41,0.00167844,0.10385,23235.8
300525.SZ,20260428,2900,10.07,29203.0,10.08,0.000466176,0.0279538,62208.3
300527.SZ,20260428,67300,8.25,555225.0,8.23,0.006619,0.781845,101677.0
300528.SZ,20260428,14700,16.0,235200.0,16.08,0.00394516,0.0892263,37260.8
300529.SZ,20260428,404400,18.98,7675512.0,18.16,0.0789101,5.23186,51248.2
300530.SZ,20260428,5800,24.0,139200.0,24.18,0.00337305,0.171468,17195.1
300531.SZ,20260428,115800,19.7,2281260.0,19.6,0.037505,0.716612,30875.9
300532.SZ,20260428,43600,11.43,498348.0,11.52,0.0100939,0.422953,43194.4
300533.SZ,20260428,46200,29.1,1344420.0,29.4,0.0280045,0.227626,16497.4
300534.SZ,20260428,24900,9.4,234060.0,9.45,0.00824363,0.406263,30205.1
300535.SZ,20260428,109500,19.65,2151675.0,20.31,0.134917,5.19581,8116.1
300536.SZ,20260428,36100,8.92,322012.0,8.97,0.0123096,0.383878,29326.7
300537.SZ,20260428,2800,23.25,65100.0,23.4,0.00184405,0.0534371,15184.0
300538.SZ,20260428,29100,16.49,479859.0,16.42,0.0240525,0.863633,12098.5
300539.SZ,20260428,11900,29.6,352240.0,29.81,0.00546152,0.10742,21788.8
300540.SZ,20260428,621700,31.31,19465427.0,30.1,0.300734,1.57188,20672.7
300541.SZ,20260428,41400,12.5,517500.0,12.6,0.0107124,0.236192,38646.7
300542.SZ,20260428,5800,15.45,89610.0,15.6,0.00234266,0.141366,24758.2
300543.SZ,20260428,32700,9.38,306726.0,9.45,0.0130696,0.431913,25019.9
300545.SZ,20260428,35000,33.14,1159900.0,33.46,0.0292743,0.417894,11955.9
300546.SZ,20260428,22100,19.91,440011.0,20.04,0.0165031,0.4264,13391.4
300547.SZ,20260428,58900,36.73,2163397.0,36.49,0.0330484,0.313298,17822.4
300548.SZ,20260428,32100,258.31,8291751.0,255.14,0.0119207,0.17119,26928.0
300549.SZ,20260428,64200,17.75,1139550.0,17.96,0.0635303,3.11746,10105.4
300550.SZ,20260428,10400,11.33,117832.0,11.37,0.00396492,0.158046,26230.1
300551.SZ,20260428,10900,13.91,151619.0,14.07,0.00321465,0.100341,33907.3
300552.SZ,20260428,23600,26.9,634840.0,27.19,0.0174701,0.343552,13508.8
300553.SZ,20260428,16100,43.66,702926.0,43.55,0.0189645,0.396377,8489.54
300554.SZ,20260428,10700,23.56,252092.0,23.68,0.013528,0.395918,7909.49
300555.SZ,20260428,19700,13.89,273633.0,13.72,0.00995026,1.02128,19798.5
300556.SZ,20260428,65700,19.2,1261440.0,19.46,0.0605494,1.2807,10850.6
300557.SZ,20260428,13500,35.95,485325.0,35.9,0.0113077,0.281144,11938.8
300558.SZ,20260428,68800,49.59,3411792.0,49.48,0.0164047,0.41241,41939.3
300559.SZ,20260428,239700,14.09,3377373.0,14.1,0.0770401,0.696037,31113.7
300560.SZ,20260428,117600,15.46,1818096.0,16.15,0.0628995,1.99896,18696.5
300561.SZ,20260428,27300,17.58,479934.0,17.57,0.0113251,0.207525,24105.8
300562.SZ,20260428,43700,14.4,629280.0,14.4,0.026817,0.343753,16295.7
300563.SZ,20260428,12800,33.1,423680.0,33.27,0.00998862,0.359536,12814.6
300564.SZ,20260428,25300,15.48,391644.0,15.4,0.0223515,1.06601,11319.2
300565.SZ,20260428,57540,12.7,730758.0,12.85,0.0252142,0.30871,22820.5
300566.SZ,20260428,8700,19.01,165387.0,18.97,0.003838,0.199136,22668.0
300567.SZ,20260428,128900,138.5,17852650.0,139.75,0.056772,1.10389,22704.9
300568.SZ,20260428,2178900,15.9,34644510.0,16.52,0.180289,2.71701,120856.0
300569.SZ,20260428,37800,6.32,238896.0,6.33,0.00370719,0.089144,101964.0
300570.SZ,20260428,172300,149.0,25672700.0,149.82,0.0896496,0.542153,19219.3
300571.SZ,20260428,41600,34.35,1428960.0,34.45,0.0359746,0.347096,11563.7
300572.SZ,20260428,8100,28.58,231498.0,28.79,0.0044118,0.130012,18359.9
300573.SZ,20260428,140900,73.66,10378694.0,73.15,0.0744544,1.77153,18924.3
300575.SZ,20260428,129600,6.76,876096.0,6.79,0.0378164,0.579765,34270.8
300576.SZ,20260428,202346,38.19,7727593.74,38.61,0.0869729,1.32145,23265.4
300577.SZ,20260428,93900,19.49,1830111.0,18.98,0.0660501,8.68232,14216.5
300578.SZ,20260428,26600,21.2,563920.0,21.11,0.0134197,0.419253,19821.6
300579.SZ,20260428,4900,26.8,131320.0,26.96,0.00188119,0.144779,26047.3
300580.SZ,20260428,32700,28.61,935547.0,28.65,0.00691928,0.157902,47259.2
300581.SZ,20260428,36600,12.03,440298.0,12.19,0.00665322,0.377538,55011.0
300582.SZ,20260428,654800,15.7,10280360.0,15.73,0.295535,4.1778,22156.5
300583.SZ,20260428,45400,14.19,644226.0,14.05,0.0243891,2.00849,18614.9
300584.SZ,20260428,4400,42.81,188364.0,42.74,0.00535867,0.141067,8210.99
300585.SZ,20260428,66800,18.91,1263188.0,19.1,0.039039,0.781248,17111.1
300586.SZ,20260428,31700,10.36,328412.0,10.43,0.00592971,0.147828,53459.6
300587.SZ,20260428,300800,6.15,1849920.0,6.14,0.0285949,0.852292,105194.0
300588.SZ,20260428,18800,25.88,486544.0,26.07,0.0106322,0.401561,17682.2
300589.SZ,20260428,75900,15.98,1212882.0,16.16,0.0323766,0.282453,23442.9
300590.SZ,20260428,546500,14.43,7885995.0,14.57,0.154209,1.2296,35438.9
300591.SZ,20260428,344800,7.79,2685992.0,7.84,0.0983892,1.50821,35044.5
300592.SZ,20260428,46600,13.47,627702.0,13.4,0.0133575,0.416873,34886.9
300593.SZ,20260428,21700,29.69,644273.0,30.06,0.0048194,0.0858832,45026.4
300594.SZ,20260428,36200,24.0,868800.0,24.29,0.039781,0.626672,9099.81
300595.SZ,20260428,13100,14.51,190081.0,14.51,0.00195963,0.108731,66849.5
300596.SZ,20260428,366000,43.87,16056420.0,40.83,0.164093,7.49079,22304.5
300597.SZ,20260428,39400,9.38,369572.0,9.5,0.0145188,0.92603,27137.2
300598.SZ,20260428,14300,38.17,545831.0,38.07,0.00659226,0.210584,21692.1
300599.SZ,20260428,159700,11.68,1865296.0,11.58,0.0505351,1.09964,31601.8
300600.SZ,20260428,30400,12.71,386384.0,12.87,0.0103319,0.152138,29423.4
300601.SZ,20260428,143100,14.15,2024865.0,14.06,0.0158934,0.688411,90037.4
300602.SZ,20260428,222200,35.96,7990312.0,36.6,0.0561957,0.806721,39540.4
300603.SZ,20260428,100300,10.45,1048135.0,10.56,0.0268231,0.228008,37393.1
300604.SZ,20260428,496800,176.46,87665328.0,175.02,0.101497,2.12694,48947.1
300605.SZ,20260428,250200,12.82,3207564.0,13.03,0.197971,3.83514,12638.2
300606.SZ,20260428,17300,35.54,614842.0,35.8,0.0147016,0.164103,11767.4
300607.SZ,20260428,85070,29.3,2492551.0,29.66,0.025206,0.374008,33749.9
300608.SZ,20260428,65500,12.81,839055.0,12.95,0.0227765,0.408213,28757.7
300609.SZ,20260428,50500,40.0,2020000.0,39.82,0.0421082,1.07364,11992.9
300610.SZ,20260428,12000,12.11,145320.0,12.23,0.00715887,0.343471,16762.4
300611.SZ,20260428,60400,25.62,1547448.0,26.46,0.0407274,1.23883,14830.3
300612.SZ,20260428,61600,14.52,894432.0,14.79,0.0342451,0.948161,17987.9
300613.SZ,20260428,944321,62.7,59208926.7,63.88,0.430019,5.03431,21960.0
300614.SZ,20260428,6000,13.54,81240.0,13.54,0.0037397,0.132831,16044.1
300615.SZ,20260428,32800,13.89,455592.0,13.94,0.0216813,0.386944,15128.3
300616.SZ,20260428,47700,14.6,696420.0,14.73,0.0307726,0.326387,15500.8
300617.SZ,20260428,11800,59.82,705876.0,60.15,0.00849387,0.124471,13892.4
300618.SZ,20260428,37800,46.53,1758834.0,46.62,0.0138717,0.252926,27249.7
300619.SZ,20260428,42500,41.33,1756525.0,41.5,0.0290129,0.288558,14648.6
300620.SZ,20260428,102600,236.92,24307992.0,239.7,0.0415211,0.453383,24710.3
300621.SZ,20260428,70000,8.62,603400.0,8.71,0.0345629,1.60904,20252.9
300622.SZ,20260428,113600,25.42,2887712.0,24.67,0.0729268,2.84101,15577.3
300623.SZ,20260428,94800,29.2,2768160.0,29.31,0.0123541,0.410296,76735.7
300624.SZ,20260428,120700,66.45,8020515.0,69.53,0.0704887,1.77047,17123.3
300625.SZ,20260428,13500,11.53,155655.0,11.6,0.00833479,0.62717,16197.2
300626.SZ,20260428,16800,26.17,439656.0,26.34,0.00933844,0.181046,17990.2
300627.SZ,20260428,33700,32.66,1100642.0,32.68,0.00519968,0.238693,64811.6
300628.SZ,20260428,19600,37.23,729708.0,37.4,0.00270063,0.148361,72575.5
300629.SZ,20260428,220100,25.87,5693987.0,26.0,0.101506,1.90368,21683.4
300631.SZ,20260428,22800,27.2,620160.0,27.2,0.0188461,0.733765,12098.0
300632.SZ,20260428,246842,17.61,4346887.62,17.6,0.111594,0.892334,22119.6
300633.SZ,20260428,20800,26.55,552240.0,26.64,0.00776145,0.354443,26799.1
300634.SZ,20260428,58494,26.57,1554185.58,26.87,0.0134694,0.515795,43427.4
300635.SZ,20260428,1300,13.66,17758.0,13.73,0.00107961,0.0288726,12041.4
300636.SZ,20260428,14100,8.03,113223.0,8.03,0.00383822,0.236901,36735.8
300637.SZ,20260428,12300,11.98,147354.0,12.01,0.00524509,0.273485,23450.5
300638.SZ,20260428,39700,23.19,920643.0,23.26,0.00748423,0.182656,53044.9
300639.SZ,20260428,45100,6.08,274208.0,6.1,0.00710052,0.208263,63516.4
300640.SZ,20260428,34900,7.09,247441.0,7.14,0.0158098,0.349637,22074.9
300641.SZ,20260428,600400,18.49,11101396.0,19.59,0.114243,3.28127,52554.5
300642.SZ,20260428,20400,16.52,337008.0,16.6,0.0148141,0.708833,13770.7
300643.SZ,20260428,17800,17.6,313280.0,17.51,0.00771061,0.453491,23085.1
300644.SZ,20260428,61700,28.34,1748578.0,29.86,0.0696527,2.53533,8858.24
300645.SZ,20260428,14400,17.24,248256.0,17.24,0.0103359,0.498908,13932.0
300647.SZ,20260428,36900,6.76,249444.0,6.81,0.00808073,0.201418,45664.2
300648.SZ,20260428,12200,49.88,608536.0,49.3,0.00919457,0.463801,13268.7
300649.SZ,20260428,42200,18.65,787030.0,18.38,0.0397686,0.335669,10611.4
300650.SZ,20260428,34500,15.31,528195.0,15.5,0.020253,0.504922,17034.5
300651.SZ,20260428,150400,29.43,4426272.0,30.13,0.172017,1.07762,8743.3
300652.SZ,20260428,8700,41.24,358788.0,41.26,0.00726708,0.494254,11971.8
300653.SZ,20260428,600,18.72,11232.0,18.72,0.000333333,0.0247753,18000.0
300654.SZ,20260428,33100,11.2,370720.0,11.33,0.00938644,0.195763,35263.6
300655.SZ,20260428,1202200,15.08,18129176.0,15.96,0.112683,2.75064,106689.0
300656.SZ,20260428,10100,24.23,244723.0,24.45,0.00759982,0.227444,13289.8
300657.SZ,20260428,133900,35.39,4738721.0,34.93,0.0285803,0.336393,46850.4
300658.SZ,20260428,268100,21.61,5793641.0,20.75,0.121398,1.35355,22084.4
300659.SZ,20260428,36500,12.85,469025.0,12.91,0.0192878,0.59198,18923.9
300660.SZ,20260428,12700,42.88,544576.0,43.02,0.00284257,0.25245,44677.9
300661.SZ,20260428,182400,89.0,16233600.0,90.12,0.0304493,0.398852,59902.9
300662.SZ,20260428,125000,24.74,3092500.0,23.94,0.0636991,3.18763,19623.5
300663.SZ,20260428,13400,12.72,170448.0,12.84,0.00291522,0.129632,45965.7
300664.SZ,20260428,364000,5.59,2034760.0,5.66,0.0483736,1.54474,75247.6
300665.SZ,20260428,37800,7.9,298620.0,7.88,0.0173338,0.802552,21807.1
300666.SZ,20260428,102700,167.8,17233060.0,167.75,0.0464463,0.88813,22111.6
300667.SZ,20260428,38300,18.22,697826.0,18.2,0.0221861,0.518357,17263.0
300668.SZ,20260428,8700,60.11,522957.0,61.35,0.00872672,0.137963,9969.39
300669.SZ,20260428,500,33.07,16535.0,33.2,0.000273973,0.0391744,18250.0
300670.SZ,20260428,36900,6.56,242064.0,6.65,0.0164223,0.468979,22469.4
300671.SZ,20260428,55100,45.28,2494928.0,46.0,0.0249611,0.307931,22074.3
300672.SZ,20260428,63200,171.75,10854600.0,173.3,0.0300469,0.582542,21033.8
300673.SZ,20260428,8500,15.33,130305.0,15.33,0.00529815,0.169397,16043.3
300674.SZ,20260428,38200,20.08,767056.0,20.12,0.00543376,0.388612,70301.2
300675.SZ,20260428,60300,16.02,966006.0,16.08,0.0411136,1.81365,14666.7
300676.SZ,20260428,95400,40.9,3901860.0,41.22,0.0229302,1.60742,41604.6
300677.SZ,20260428,22700,57.84,1312968.0,57.59,0.00487529,0.118636,46561.3
300678.SZ,20260428,16600,28.69,476254.0,28.82,0.0057006,0.289869,29119.7
300679.SZ,20260428,46600,44.0,2050400.0,44.15,0.0129646,0.196823,35944.1
300680.SZ,20260428,42200,38.2,1612040.0,38.08,0.0239993,0.598885,17583.8
300681.SZ,20260428,31900,30.7,979330.0,30.81,0.0138218,0.186106,23079.5
300682.SZ,20260428,52100,14.23,741383.0,14.28,0.00505176,0.203712,103132.0
300683.SZ,20260428,50900,35.93,1828837.0,35.86,0.0416994,0.503763,12206.4
300684.SZ,20260428,45600,60.01,2736456.0,60.71,0.0223198,0.318653,20430.3
300685.SZ,20260428,263100,21.75,5722425.0,22.33,0.0675357,3.39895,38957.2
300686.SZ,20260428,50600,18.95,958870.0,18.94,0.029778,0.267057,16992.4
300687.SZ,20260428,149500,23.51,3514745.0,23.68,0.0454288,0.776082,32908.6
300688.SZ,20260428,15600,24.66,384696.0,24.66,0.0105137,0.330609,14837.8
300689.SZ,20260428,400,51.1,20440.0,51.54,0.000395327,0.0159523,10118.2
300690.SZ,20260428,3900,29.27,114153.0,29.37,0.00351818,0.0485999,11085.3
300691.SZ,20260428,6000,16.75,100500.0,16.82,0.00271815,0.0855334,22073.8
300692.SZ,20260428,306100,8.85,2708985.0,8.82,0.0596568,0.948743,51310.2
300693.SZ,20260428,33200,47.8,1586960.0,48.03,0.0123488,0.191162,26885.3
300694.SZ,20260428,18300,12.66,231678.0,12.73,0.00844159,0.175286,21678.4
300695.SZ,20260428,700,60.92,42644.0,61.35,0.00068455,0.0441619,10225.7
300696.SZ,20260428,13800,38.22,527436.0,38.61,0.00518801,0.125627,26599.8
300697.SZ,20260428,7900,15.94,125926.0,16.0,0.00238498,0.112541,33124.0
300698.SZ,20260428,7500,39.03,292725.0,39.42,0.00632666,0.101371,11854.6
300699.SZ,20260428,189400,32.8,6212320.0,33.05,0.0230579,0.67101,82141.1
300700.SZ,20260428,36700,16.91,620597.0,16.94,0.0135619,0.299293,27061.0
300701.SZ,20260428,20000,11.8,236000.0,11.89,0.0080282,0.459702,24912.2
300702.SZ,20260428,32900,21.58,709982.0,21.65,0.0156361,1.01681,21041.0
300703.SZ,20260428,8600,17.99,154714.0,18.2,0.00517223,0.0739821,16627.2
300705.SZ,20260428,18300,12.92,236436.0,12.92,0.00496086,0.317563,36888.8
300706.SZ,20260428,288000,40.38,11629440.0,40.39,0.253395,2.08726,11365.6
300707.SZ,20260428,45400,15.21,690534.0,15.36,0.0311377,0.510144,14580.4
300708.SZ,20260428,48800,9.03,440664.0,9.07,0.0068731,0.126272,71001.4
300709.SZ,20260428,23900,39.13,935207.0,39.57,0.0160105,0.332287,14927.7
300710.SZ,20260428,64000,31.2,1996800.0,31.43,0.0858139,1.37913,7458.0
300711.SZ,20260428,28800,23.96,690048.0,23.91,0.011593,0.57774,24842.6
300712.SZ,20260428,82200,27.3,2244060.0,28.5,0.0440184,2.745,18674.0
300713.SZ,20260428,68600,16.99,1165514.0,17.16,0.0794206,2.06624,8637.56
300715.SZ,20260428,40700,14.2,577940.0,14.12,0.0130049,0.553303,31295.9
300716.SZ,20260428,16200,13.4,217080.0,13.68,0.0101237,0.361135,16002.0
300717.SZ,20260428,15600,21.27,331812.0,21.23,0.0153161,0.82799,10185.3
300718.SZ,20260428,4500,68.7,309150.0,68.44,0.00232148,0.137349,19384.2
300719.SZ,20260428,5900,15.47,91273.0,15.6,0.00328471,0.140585,17962.0
300720.SZ,20260428,335600,67.01,22488556.0,70.51,0.192154,2.40559,17465.2
300721.SZ,20260428,704000,22.29,15692160.0,22.43,0.508848,2.57882,13835.2
300722.SZ,20260428,4600,28.32,130272.0,28.3,0.00166211,0.110692,27675.6
300723.SZ,20260428,165700,38.03,6301571.0,38.29,0.0395287,0.887363,41918.9
300724.SZ,20260428,36400,89.51,3258164.0,89.48,0.0126514,0.154388,28771.4
300725.SZ,20260428,28400,38.94,1105896.0,38.72,0.0140099,0.374727,20271.3
300726.SZ,20260428,30800,48.36,1489488.0,48.36,0.0143631,0.34451,21443.8
300727.SZ,20260428,1600,33.89,54224.0,33.98,0.00098699,0.0537962,16210.9
300729.SZ,20260428,18400,12.32,226688.0,12.34,0.00560832,0.45858,32808.4
300730.SZ,20260428,17700,13.6,240720.0,13.68,0.00856084,0.267718,20675.5
300731.SZ,20260428,22300,67.37,1502351.0,67.65,0.0185556,0.260029,12017.9
300732.SZ,20260428,56200,7.23,406326.0,7.29,0.0151831,0.471619,37015.0
300733.SZ,20260428,5500,17.3,95150.0,17.34,0.00243889,0.118144,22551.2
300735.SZ,20260428,275200,21.12,5812224.0,23.19,0.036334,2.57569,75741.7
300736.SZ,20260428,56300,26.58,1496454.0,26.43,0.0451456,0.374361,12470.7
300737.SZ,20260428,82300,6.67,548941.0,6.69,0.00927959,0.254777,88689.2
300738.SZ,20260428,189000,23.19,4382910.0,23.2,0.0191901,0.207305,98488.1
300739.SZ,20260428,56900,28.8,1638720.0,29.09,0.0165813,0.215888,34315.8
300740.SZ,20260428,78100,25.55,1995455.0,25.43,0.0216162,0.474898,36130.3
300741.SZ,20260428,4400,16.8,73920.0,16.75,0.000714429,0.126999,61587.7
300743.SZ,20260428,10100,19.41,196041.0,19.41,0.00792711,0.228287,12741.1
300745.SZ,20260428,26500,28.66,759490.0,28.49,0.0186211,0.50929,14231.2
300746.SZ,20260428,31200,13.01,405912.0,13.16,0.0139569,1.0207,22354.5
300747.SZ,20260428,107800,35.11,3784858.0,35.3,0.0206522,0.406931,52197.8
300748.SZ,20260428,36300,31.86,1156518.0,31.99,0.0032123,0.128193,113003.0
300749.SZ,20260428,33600,23.9,803040.0,23.72,0.0213475,0.438944,15739.6
300750.SZ,20260428,1100000,426.19,468809000.0,434.88,0.0258407,2.59636,425685.0
300751.SZ,20260428,177415,240.0,42579600.0,231.1,0.0917573,2.31739,19335.2
300752.SZ,20260428,2100,18.98,39858.0,19.09,0.00133533,0.0356255,15726.5
300753.SZ,20260428,5900,27.4,161660.0,27.48,0.00671263,0.167565,8789.4
300755.SZ,20260428,13600,13.49,183464.0,13.49,0.00326573,0.347326,41644.6
300756.SZ,20260428,3500,55.5,194250.0,55.57,0.00266712,0.0775595,13122.8
300757.SZ,20260428,34500,520.01,17940345.0,518.5,0.0229003,0.460477,15065.3
300758.SZ,20260428,666300,13.79,9188277.0,14.53,0.185216,1.6573,35974.2
300759.SZ,20260428,424025,30.35,12869158.75,29.33,0.0298602,1.86187,142003.0
300760.SZ,20260428,33000,157.77,5206410.0,158.01,0.00272412,0.387622,121140.0
300761.SZ,20260428,12100,21.49,260029.0,21.49,0.00192671,0.10121,62801.3
300762.SZ,20260428,1375201,37.77,51941341.77,38.99,0.218993,3.16791,62796.6
300763.SZ,20260428,204100,83.58,17058678.0,83.6,0.0634656,0.853266,32159.1
300765.SZ,20260428,32800,31.37,1028936.0,31.37,0.0023352,0.389073,140459.0
300766.SZ,20260428,633100,30.66,19410846.0,31.25,0.17672,1.32045,35825.0
300767.SZ,20260428,15600,24.15,376740.0,24.19,0.00650293,0.108471,23989.2
300768.SZ,20260428,8200,17.18,140876.0,17.2,0.00194928,0.155294,42066.8
300769.SZ,20260428,277700,53.09,14743093.0,52.34,0.110305,1.29237,25175.7
300770.SZ,20260428,2500,39.65,99125.0,39.65,0.00109727,0.138301,22783.9
300771.SZ,20260428,17100,13.98,239058.0,14.07,0.00957591,0.388849,17857.3
300772.SZ,20260428,491100,16.28,7995108.0,16.03,0.0703707,2.2227,69787.6
300773.SZ,20260428,101100,26.55,2684205.0,26.67,0.0137634,0.231121,73455.8
300774.SZ,20260428,6100,16.21,98881.0,16.32,0.00313013,0.0656817,19488.0
300775.SZ,20260428,847100,31.72,26870012.0,35.53,0.159337,3.15413,53164.1
300776.SZ,20260428,131900,110.6,14588140.0,111.85,0.0784723,0.783055,16808.5
300777.SZ,20260428,20100,36.45,732645.0,36.76,0.00475868,0.102685,42238.6
300778.SZ,20260428,4300,12.89,55427.0,13.01,0.00211178,0.145322,20361.9
300779.SZ,20260428,40000,73.19,2927600.0,73.66,0.0248579,0.448673,16091.4
300780.SZ,20260428,18800,23.3,438040.0,23.42,0.017483,0.180999,10753.3
300781.SZ,20260428,500,34.13,17065.0,34.34,0.000412658,0.0130598,12116.6
300782.SZ,20260428,399460,104.58,41775526.8,106.58,0.0891159,1.41136,44824.8
300783.SZ,20260428,65600,18.92,1241152.0,18.92,0.0234063,1.13902,28026.6
300784.SZ,20260428,1200,49.39,59268.0,49.54,0.00713647,0.181452,1681.5
300785.SZ,20260428,12600,51.7,651420.0,52.15,0.0102996,0.0958738,12233.4
300786.SZ,20260428,156700,15.71,2461757.0,15.82,0.10704,2.67706,14639.4
300787.SZ,20260428,35100,10.63,373113.0,10.71,0.0178596,0.376051,19653.3
300788.SZ,20260428,5600,36.58,204848.0,36.7,0.00294502,0.0743119,19015.2
300789.SZ,20260428,1500,21.08,31620.0,21.24,0.00151675,0.104363,9889.6
300790.SZ,20260428,181100,29.9,5414890.0,29.27,0.0557877,1.02751,32462.4
300791.SZ,20260428,22400,19.3,432320.0,19.4,0.00872671,1.20317,25668.3
300792.SZ,20260428,7900,34.91,275789.0,35.1,0.00371706,0.159611,21253.4
300793.SZ,20260428,73500,14.55,1069425.0,14.33,0.0197534,1.32888,37208.7
300795.SZ,20260428,126725,10.8,1368630.0,11.03,0.0728367,2.45865,17398.5
300796.SZ,20260428,120300,8.66,1041798.0,8.69,0.0333109,1.32034,36114.3
300797.SZ,20260428,5800,15.68,90944.0,15.73,0.0015324,0.222052,37849.2
300798.SZ,20260428,87500,10.44,913500.0,10.56,0.0229408,0.169145,38141.6
300800.SZ,20260428,48200,12.42,598644.0,12.53,0.0205713,0.981856,23430.7
300801.SZ,20260428,58600,30.12,1765032.0,30.56,0.0428114,0.312997,13687.9
300802.SZ,20260428,27398,19.92,545768.16,20.08,0.0140707,0.464807,19471.7
300803.SZ,20260428,45600,96.05,4379880.0,96.85,0.00753297,0.305196,60533.9
300804.SZ,20260428,6200,48.12,298344.0,48.65,0.0225455,0.20487,2750.0
300805.SZ,20260428,22100,10.5,232050.0,10.62,0.00766426,0.208008,28835.1
300806.SZ,20260428,120300,71.18,8562954.0,70.6,0.0380198,0.57007,31641.4
300808.SZ,20260428,11500,24.68,283820.0,24.25,0.00967203,0.366259,11890.0
300809.SZ,20260428,14800,32.07,474636.0,32.1,0.00982935,0.306343,15057.0
300810.SZ,20260428,4200,32.6,136920.0,32.87,0.00368407,0.0935602,11400.4
300811.SZ,20260428,22300,88.83,1980909.0,88.83,0.00938142,0.249054,23770.4
300812.SZ,20260428,45100,36.29,1636679.0,36.65,0.0486473,0.413779,9270.81
300813.SZ,20260428,2100,25.85,54285.0,25.85,0.0027613,0.066522,7605.11
300814.SZ,20260428,7600,94.99,721924.0,95.38,0.00397012,0.113067,19143.0
300815.SZ,20260428,3400,20.57,69938.0,20.7,0.000870945,0.0920006,39038.1
300816.SZ,20260428,14000,69.86,978040.0,70.06,0.0247051,0.511615,5666.86
300817.SZ,20260428,5500,19.95,109725.0,20.06,0.00439082,0.140734,12526.1
300818.SZ,20260428,3700,34.48,127576.0,34.71,0.00337954,0.13153,10948.2
300819.SZ,20260428,31900,57.06,1820214.0,56.53,0.0236713,0.41155,13476.2
300820.SZ,20260428,37800,44.58,1685124.0,45.76,0.0338165,1.75593,11178.0
300821.SZ,20260428,215800,14.64,3159312.0,14.85,0.0179865,0.289389,119979.0
300822.SZ,20260428,41900,15.1,632690.0,15.25,0.0144992,1.05339,28898.2
300823.SZ,20260428,97200,17.48,1699056.0,16.93,0.114637,4.17012,8478.94
300824.SZ,20260428,10100,9.8,98980.0,9.94,0.00319105,0.234331,31651.0
300825.SZ,20260428,29400,9.15,269010.0,9.23,0.00606826,0.41557,48448.8
300826.SZ,20260428,300,16.7,5010.0,16.83,0.000176908,0.00988207,16958.0
300827.SZ,20260428,76700,36.51,2800317.0,36.92,0.0199094,0.235429,38524.4
300828.SZ,20260428,9900,21.87,216513.0,22.04,0.0117341,0.111807,8436.93
300829.SZ,20260428,41700,18.0,750600.0,18.22,0.026604,0.647303,15674.3
300830.SZ,20260428,11800,10.3,121540.0,10.39,0.0035006,0.0626382,33708.5
300831.SZ,20260428,520100,19.59,10188759.0,19.49,0.281921,2.85115,18448.4
300832.SZ,20260428,64400,47.97,3089268.0,46.62,0.0094273,1.05178,68312.2
300833.SZ,20260428,12100,34.5,417450.0,35.06,0.0148913,0.780387,8125.55
300834.SZ,20260428,27400,36.93,1011882.0,37.28,0.0142392,0.260073,19242.7
300835.SZ,20260428,12300,93.89,1154847.0,92.56,0.0147936,0.314217,8314.42
300836.SZ,20260428,300,57.18,17154.0,57.3,0.000472797,0.0115895,6345.22
300837.SZ,20260428,17900,34.16,611464.0,33.97,0.0236795,0.775879,7559.28
300838.SZ,20260428,16500,16.32,269280.0,16.44,0.0162154,0.579759,10175.5
300839.SZ,20260428,9800,14.57,142786.0,14.57,0.00338294,0.0863485,28968.9
300840.SZ,20260428,24000,19.64,471360.0,19.81,0.0135528,0.37394,17708.5
300841.SZ,20260428,600,57.33,34398.0,57.32,0.000504549,0.0269399,11891.8
300842.SZ,20260428,20800,87.6,1822080.0,87.6,0.0161089,0.336355,12912.1
300843.SZ,20260428,46300,70.99,3286837.0,70.94,0.0288471,0.538233,16050.2
300844.SZ,20260428,1500,35.07,52605.0,35.01,0.00166593,0.184799,9003.99
300845.SZ,20260428,5200,13.41,69732.0,13.57,0.00361659,0.0524186,14378.2
300846.SZ,20260428,65800,27.28,1795024.0,27.5,0.0167854,0.142207,39200.7
300847.SZ,20260428,10400,15.77,164008.0,15.85,0.00351339,0.218697,29601.0
300848.SZ,20260428,15800,16.62,262596.0,16.8,0.00624204,0.151379,25312.3
300849.SZ,20260428,11600,22.99,266684.0,23.0,0.0105196,0.338973,11027.0
300850.SZ,20260428,63700,40.59,2585583.0,40.83,0.0211779,0.488003,30078.5
300851.SZ,20260428,18000,29.98,539640.0,29.86,0.036482,1.60239,4933.94
300852.SZ,20260428,25100,47.3,1187230.0,47.65,0.0161981,0.307722,15495.6
300853.SZ,20260428,111700,30.73,3432541.0,30.25,0.113616,1.22258,9831.4
300854.SZ,20260428,83800,33.65,2819870.0,33.86,0.103023,1.25946,8134.09
300855.SZ,20260428,10400,39.5,410800.0,39.6,0.00355002,0.132851,29295.6
300856.SZ,20260428,46500,14.2,660300.0,14.22,0.0101145,0.580958,45973.6
300857.SZ,20260428,768700,261.85,201284095.0,258.0,0.159459,2.35928,48206.6
300858.SZ,20260428,206250,19.5,4021875.0,19.5,0.105369,0.556566,19574.0
300859.SZ,20260428,18400,32.0,588800.0,31.94,0.011871,0.438349,15500.0
300860.SZ,20260428,13600,24.9,338640.0,25.03,0.0124295,0.494325,10941.7
300861.SZ,20260428,185600,17.72,3288832.0,17.63,0.0439951,2.01499,42186.5
300862.SZ,20260428,34100,24.16,823856.0,24.54,0.0225126,0.419643,15147.1
300863.SZ,20260428,10200,57.5,586500.0,58.22,0.00563945,0.207731,18086.9
300864.SZ,20260428,13800,21.6,298080.0,21.34,0.00873912,0.703405,15791.1
300865.SZ,20260428,46700,31.33,1463111.0,31.91,0.0812425,0.849307,5748.22
300866.SZ,20260428,19187,120.81,2317981.47,121.9,0.00623919,0.268646,30752.4
300867.SZ,20260428,20200,20.91,422382.0,20.93,0.0105413,0.187167,19162.8
300868.SZ,20260428,12600,70.49,888174.0,70.21,0.0156011,0.287771,8076.35
300869.SZ,20260428,28800,12.9,371520.0,13.03,0.0109034,0.954565,26413.9
300870.SZ,20260428,25200,392.9,9901080.0,391.25,0.0231153,0.36997,10901.9
300871.SZ,20260428,197600,27.78,5489328.0,28.25,0.0979263,2.17908,20178.4
300872.SZ,20260428,9900,15.7,155430.0,15.75,0.00234574,0.117565,42204.2
300873.SZ,20260428,4700,21.4,100580.0,21.35,0.00281708,0.112376,16684.0
300875.SZ,20260428,20400,38.69,789276.0,38.75,0.0232368,0.488898,8779.17
300876.SZ,20260428,31000,29.98,929380.0,29.76,0.0382221,1.07582,8110.49
300877.SZ,20260428,2500,29.5,73750.0,29.48,0.00208335,0.0972835,11999.9
300878.SZ,20260428,900,26.0,23400.0,26.3,0.000624462,0.0592714,14412.4
300879.SZ,20260428,149300,23.8,3553340.0,24.67,0.0742681,4.03145,20102.8
300880.SZ,20260428,10600,22.85,242210.0,23.1,0.00543265,0.106755,19511.6
300881.SZ,20260428,3200,45.5,145600.0,45.75,0.00557431,0.162983,5740.62
300882.SZ,20260428,61400,20.64,1267296.0,21.39,0.0230544,1.83646,26632.7
300883.SZ,20260428,31300,6.68,209084.0,6.72,0.0094655,0.231671,33067.5
300884.SZ,20260428,6000,13.25,79500.0,13.32,0.00313463,0.136858,19141.0
300885.SZ,20260428,10300,23.57,242771.0,23.67,0.00616701,0.165341,16701.8
300886.SZ,20260428,9400,28.55,268370.0,28.71,0.0215368,0.516711,4364.63
300887.SZ,20260428,58600,9.47,554942.0,9.54,0.016179,0.566496,36219.7
300888.SZ,20260428,11400,31.27,356478.0,31.27,0.00196656,0.197447,57969.1
300889.SZ,20260428,7600,23.8,180880.0,23.97,0.00519243,0.17965,14636.7
300890.SZ,20260428,250400,41.03,10273912.0,40.98,0.230009,0.793433,10886.5
300891.SZ,20260428,15800,8.61,136038.0,8.61,0.004738,0.246151,33347.4
300892.SZ,20260428,200,27.95,5590.0,27.95,0.000309777,0.0111953,6456.25
300893.SZ,20260428,4400,23.0,101200.0,23.15,0.00175393,0.125291,25086.5
300894.SZ,20260428,51100,10.26,524286.0,10.36,0.0173767,0.944225,29407.1
300895.SZ,20260428,83300,63.49,5288717.0,63.49,0.0602871,0.411509,13817.2
300896.SZ,20260428,13700,117.99,1616463.0,118.34,0.00670086,0.424738,20445.1
300897.SZ,20260428,1900,26.24,49856.0,26.37,0.00216758,0.117191,8765.54
300898.SZ,20260428,139200,23.86,3321312.0,24.29,0.121328,2.78473,11473.0
300899.SZ,20260428,200,36.63,7326.0,36.64,0.000488567,0.0231553,4093.61
300900.SZ,20260428,90200,42.24,3810048.0,42.47,0.0351267,0.207925,25678.5
300901.SZ,20260428,31900,16.66,531454.0,16.74,0.0132917,0.31618,24000.0
300902.SZ,20260428,40400,18.22,736088.0,18.67,0.0333187,1.02179,12125.3
300903.SZ,20260428,208000,43.03,8950240.0,42.86,0.0628992,0.522789,33068.8
300904.SZ,20260428,0,,0.0,58.6,0.0,0.0,2198.32
300905.SZ,20260428,1256773,66.04,82997288.92,55.85,0.899969,7.22479,13964.6
300906.SZ,20260428,1600,35.55,56880.0,35.55,0.00221639,0.0640996,7218.95
300907.SZ,20260428,47800,29.6,1414880.0,29.9,0.0497917,1.74668,9600.0
300908.SZ,20260428,5300,28.7,152110.0,28.69,0.00429485,0.350381,12340.3
300909.SZ,20260428,21300,44.5,947850.0,44.48,0.0174289,0.634444,12221.1
300910.SZ,20260428,55600,47.02,2614312.0,47.83,0.0268698,0.83869,20692.4
300911.SZ,20260428,9400,30.41,285854.0,30.61,0.00548626,0.128886,17133.7
300912.SZ,20260428,40700,26.69,1086283.0,26.68,0.047361,0.618899,8593.57
300913.SZ,20260428,114300,55.0,6286500.0,54.25,0.0446862,1.71805,25578.4
300915.SZ,20260428,52200,23.73,1238706.0,23.46,0.0906214,4.18718,5760.23
300916.SZ,20260428,6000,36.36,218160.0,36.19,0.0064229,0.0617968,9341.58
300917.SZ,20260428,10700,32.52,347964.0,32.53,0.00633136,0.329449,16900.0
300918.SZ,20260428,15400,14.37,221298.0,14.55,0.00304267,0.193226,50613.4
300919.SZ,20260428,86400,61.78,5337792.0,61.86,0.00946854,0.351946,91249.5
300920.SZ,20260428,900,38.76,34884.0,39.13,0.00137052,0.109772,6566.84
300921.SZ,20260428,227800,26.4,6013920.0,24.92,0.198603,3.11504,11470.1
300922.SZ,20260428,33100,18.6,615660.0,18.72,0.0265066,0.673406,12487.4
300923.SZ,20260428,7200,28.52,205344.0,28.8,0.00941564,0.623087,7646.85
300925.SZ,20260428,102500,19.07,1954675.0,19.28,0.0293256,0.453566,34952.3
300926.SZ,20260428,311900,23.2,7236080.0,24.87,0.104669,6.12052,29798.7
300927.SZ,20260428,42600,31.6,1346160.0,31.59,0.0302451,0.338075,14084.9
300928.SZ,20260428,3200,30.38,97216.0,30.31,0.00597146,0.271892,5358.82
300929.SZ,20260428,30400,13.11,398544.0,13.13,0.0242501,0.987498,12536.0
300930.SZ,20260428,15000,31.22,468300.0,31.23,0.0318302,1.10172,4712.5
300931.SZ,20260428,16100,13.56,218316.0,13.69,0.00839368,0.233324,19181.1
300932.SZ,20260428,137600,14.42,1984192.0,14.26,0.0603525,1.48258,22799.4
300933.SZ,20260428,4200,7.75,32550.0,7.8,0.000767698,0.0336804,54709.0
300935.SZ,20260428,33700,31.79,1071323.0,31.87,0.0559248,1.91791,6025.95
300936.SZ,20260428,8599,73.23,629704.77,74.04,0.0181332,0.192572,4742.12
300937.SZ,20260428,5500,28.13,154715.0,28.3,0.00825467,0.210882,6662.9
300938.SZ,20260428,385000,59.04,22730400.0,56.88,0.182166,1.57733,21134.6
300939.SZ,20260428,7700,39.32,302764.0,39.71,0.00641667,0.173007,12000.0
300940.SZ,20260428,19000,23.03,437570.0,23.09,0.0120651,0.361835,15747.9
300941.SZ,20260428,39600,17.97,711612.0,18.13,0.0319926,0.743169,12377.9
300942.SZ,20260428,85100,7.9,672290.0,7.9,0.0210088,1.1915,40506.9
300943.SZ,20260428,11080,28.88,319990.4,28.85,0.00830426,0.147419,13342.6
300945.SZ,20260428,70300,15.7,1103710.0,15.5,0.0294882,1.20026,23840.1
300946.SZ,20260428,1600,47.59,76144.0,47.69,0.0021107,0.123556,7580.43
300947.SZ,20260428,5500,17.58,96690.0,17.5,0.00364051,0.17263,15107.8
300948.SZ,20260428,9300,20.02,186186.0,20.07,0.00613612,0.23301,15156.2
300949.SZ,20260428,4100,39.5,161950.0,39.5,0.011953,0.468615,3430.11
300950.SZ,20260428,27900,21.64,603756.0,21.7,0.0307063,0.979034,9086.08
300951.SZ,20260428,15700,33.35,523595.0,33.83,0.0103703,0.260424,15139.4
300952.SZ,20260428,9400,33.34,313396.0,33.54,0.00885729,0.160347,10612.7
300953.SZ,20260428,49900,220.01,10978499.0,217.49,0.0400616,0.587214,12455.8
300955.SZ,20260428,8000,37.54,300320.0,38.0,0.00793651,0.300774,10080.0
300956.SZ,20260428,24200,15.74,380908.0,15.74,0.011499,0.345546,21045.2
300957.SZ,20260428,141400,43.35,6129690.0,42.5,0.0335633,1.20894,42129.3
300958.SZ,20260428,44000,13.6,598400.0,13.67,0.0483254,1.19732,9104.94
300959.SZ,20260428,9500,99.0,940500.0,99.4,0.0181453,0.155298,5235.52
300960.SZ,20260428,18600,21.05,391530.0,21.06,0.0142117,0.939316,13087.8
300961.SZ,20260428,66400,12.92,857888.0,13.19,0.0435214,0.718286,15256.9
300962.SZ,20260428,600,16.0,9600.0,16.1,0.000227271,0.0289235,26400.2
300963.SZ,20260428,19100,16.8,320880.0,16.91,0.0056779,0.222529,33639.2
300964.SZ,20260428,56300,68.07,3832341.0,68.73,0.100518,1.32538,5600.98
300966.SZ,20260428,28200,23.46,661572.0,23.67,0.0367826,0.8618,7666.67
300967.SZ,20260428,13000,16.32,212160.0,16.35,0.0104173,0.201794,12479.3
300968.SZ,20260428,42400,11.71,496504.0,11.79,0.0102569,0.837842,41338.0
300969.SZ,20260428,14947,121.28,1812772.16,121.0,0.0282701,0.563606,5287.21
300970.SZ,20260428,260000,37.29,9695400.0,37.53,0.274385,1.17386,9475.74
300971.SZ,20260428,30000,23.8,714000.0,23.96,0.0325193,0.416845,9225.28
300972.SZ,20260428,1200,211.03,253236.0,211.0,0.000673463,0.0788928,17818.4
300973.SZ,20260428,135900,31.01,4214259.0,33.75,0.114621,6.29151,11856.5
300975.SZ,20260428,290400,19.78,5744112.0,20.07,0.0590156,0.468446,49207.3
300976.SZ,20260428,10000,63.0,630000.0,63.23,0.0115722,0.393479,8641.42
300977.SZ,20260428,3200,19.76,63232.0,19.76,0.00337545,0.135345,9480.21
300978.SZ,20260428,4400,11.18,49192.0,11.13,0.00153262,0.140771,28708.9
300979.SZ,20260428,2900,41.75,121075.0,41.69,0.000248502,0.170477,116699.0
300980.SZ,20260428,19200,32.82,630144.0,32.66,0.0195238,0.391059,9834.14
300981.SZ,20260428,34800,14.58,507384.0,14.58,0.00885502,0.209494,39299.7
300982.SZ,20260428,32000,20.48,655360.0,20.65,0.0165036,0.717886,19389.7
300983.SZ,20260428,5700,30.12,171684.0,30.32,0.00373012,0.807922,15281.0
300984.SZ,20260428,18200,59.37,1080534.0,59.93,0.0205435,0.665813,8859.25
300985.SZ,20260428,1700,23.14,39338.0,23.35,0.000916388,0.0451199,18551.1
300986.SZ,20260428,107800,23.56,2539768.0,23.64,0.0261883,0.423315,41163.4
300987.SZ,20260428,42900,17.26,740454.0,17.42,0.0247451,1.20681,17336.8
300988.SZ,20260428,21600,26.22,566352.0,26.22,0.0202494,0.528838,10667.0
300989.SZ,20260428,20600,15.04,309824.0,15.14,0.012642,0.443128,16294.9
300990.SZ,20260428,7700,86.03,662431.0,86.92,0.0099836,0.123078,7712.65
300991.SZ,20260428,22300,48.7,1086010.0,49.05,0.0242018,0.512427,9214.2
300992.SZ,20260428,3200,31.37,100384.0,31.51,0.00412882,0.0821597,7750.4
300993.SZ,20260428,7300,12.14,88622.0,12.02,0.00301833,0.228151,24185.5
300994.SZ,20260428,14100,15.07,212487.0,15.1,0.012086,0.545781,11666.4
300995.SZ,20260428,800,35.85,28680.0,35.71,0.00133243,0.0500691,6004.05
300996.SZ,20260428,8600,17.63,151618.0,17.62,0.00361294,0.124433,23803.3
300997.SZ,20260428,43600,20.51,894236.0,20.67,0.0109798,0.305149,39709.1
300998.SZ,20260428,20500,26.9,551450.0,26.7,0.0190378,0.824996,10768.1
300999.SZ,20260428,18800,27.52,517376.0,27.58,0.0034645,0.210211,54264.7
301000.SZ,20260428,27800,28.9,803420.0,29.35,0.0121255,0.956273,22926.9
301001.SZ,20260428,4100,29.0,118900.0,29.29,0.00815109,0.322383,5030.0
301002.SZ,20260428,53900,47.2,2544080.0,48.05,0.0634228,0.63502,8498.52
301003.SZ,20260428,184300,58.0,10689400.0,60.95,0.245274,1.93901,7514.04
301004.SZ,20260428,1300,48.7,63310.0,49.17,0.000955128,0.185407,13610.7
301005.SZ,20260428,17400,167.0,2905800.0,167.5,0.0131449,0.179273,13237.1
301006.SZ,20260428,27100,18.0,487800.0,18.15,0.0314801,1.55059,8608.61
301007.SZ,20260428,1400,36.4,50960.0,36.3,0.00092516,0.0358489,15132.5
301008.SZ,20260428,8900,31.1,276790.0,31.32,0.0076828,0.130333,11584.3
301009.SZ,20260428,11800,11.13,131334.0,11.21,0.00781276,0.407223,15103.5
301010.SZ,20260428,6000,21.18,127080.0,21.34,0.00555556,0.262768,10800.0
301011.SZ,20260428,60800,20.82,1265856.0,21.72,0.0414826,3.08841,14656.7
301012.SZ,20260428,270800,35.1,9505080.0,33.88,0.13749,1.4246,19696.0
301013.SZ,20260428,75400,25.48,1921192.0,25.73,0.0398432,0.593779,18924.2
301015.SZ,20260428,14400,24.51,352944.0,24.6,0.00273995,0.137022,52555.7
301016.SZ,20260428,7100,23.33,165643.0,23.43,0.00339047,0.272169,20941.1
301017.SZ,20260428,12600,14.22,179172.0,14.39,0.00487061,0.102454,25869.4
301018.SZ,20260428,64900,124.61,8087189.0,125.54,0.0328181,0.436059,19775.7
301019.SZ,20260428,6100,22.05,134505.0,22.08,0.00583121,0.251254,10460.9
301020.SZ,20260428,21400,23.16,495624.0,23.0,0.0146175,0.828619,14640.0
301021.SZ,20260428,64800,63.45,4111560.0,63.45,0.0424252,1.36714,15273.9
301022.SZ,20260428,82600,31.04,2563904.0,30.89,0.122942,1.01399,6718.59
301023.SZ,20260428,4200,40.55,170310.0,40.97,0.00964703,0.349624,4353.67
301024.SZ,20260428,3300,40.5,133650.0,40.75,0.00536062,0.356113,6156.0
301025.SZ,20260428,61100,11.27,688597.0,11.37,0.0220458,0.895047,27715.1
301026.SZ,20260428,17913,30.61,548316.93,30.83,0.0156707,0.46848,11430.9
301027.SZ,20260428,45800,26.1,1195380.0,26.13,0.0377912,0.413049,12119.2
301028.SZ,20260428,10500,14.24,149520.0,14.23,0.00422834,0.348605,24832.4
301029.SZ,20260428,53500,27.56,1474460.0,27.9,0.0115831,0.45717,46188.1
301030.SZ,20260428,428400,12.19,5222196.0,11.3,0.211968,5.23544,20210.6
301031.SZ,20260428,91700,159.99,14671083.0,161.52,0.117989,2.41868,7771.91
301032.SZ,20260428,4300,13.0,55900.0,13.09,0.00268964,0.0994546,15987.3
301033.SZ,20260428,26900,55.1,1482190.0,56.22,0.0476367,3.69735,5646.91
301035.SZ,20260428,13100,83.03,1087693.0,83.2,0.00467303,0.952371,28033.2
301036.SZ,20260428,3300,28.16,92928.0,28.22,0.00468523,0.137092,7043.41
301037.SZ,20260428,8800,15.35,135080.0,15.48,0.0129416,0.49146,6799.78
301038.SZ,20260428,3000,20.26,60780.0,20.36,0.00134481,0.136279,22308.0
301039.SZ,20260428,21500,8.8,189200.0,8.74,0.00148028,0.167935,145243.0
301040.SZ,20260428,5100,31.85,162435.0,31.92,0.0054046,0.0972566,9436.41
301041.SZ,20260428,14200,29.86,424012.0,29.95,0.0179812,0.320427,7897.13
301042.SZ,20260428,5700,103.0,587100.0,101.98,0.00863364,0.253479,6602.08
301043.SZ,20260428,1000,53.97,53970.0,54.33,0.00176218,0.0949815,5674.77
301045.SZ,20260428,12700,42.56,540512.0,42.33,0.0182168,0.444841,6971.6
301046.SZ,20260428,300,24.7,7410.0,25.0,0.000232892,0.0111945,12881.5
301047.SZ,20260428,2900,72.27,209583.0,72.58,0.00242514,0.379933,11958.1
301048.SZ,20260428,4500,10.55,47475.0,10.64,0.00084375,0.067674,53333.3
301049.SZ,20260428,11500,24.3,279450.0,24.22,0.0268526,0.604026,4282.64
301050.SZ,20260428,31000,40.03,1240930.0,40.44,0.0147266,0.325404,21050.4
301051.SZ,20260428,4300,23.09,99287.0,23.3,0.00267232,0.14071,16090.9
301052.SZ,20260428,9500,33.2,315400.0,33.39,0.011846,0.183689,8019.59
301053.SZ,20260428,13100,60.24,789144.0,60.76,0.0149747,0.300817,8748.07
301055.SZ,20260428,36600,30.89,1130574.0,30.92,0.0234615,0.338531,15600.0
301056.SZ,20260428,5600,14.62,81872.0,14.66,0.00318189,0.104273,17599.6
301057.SZ,20260428,6700,32.02,214534.0,32.01,0.00811266,0.175795,8258.7
301058.SZ,20260428,14000,9.83,137620.0,9.84,0.00273291,0.274365,51227.4
301059.SZ,20260428,4900,14.3,70070.0,14.35,0.00237276,0.184424,20651.0
301060.SZ,20260428,22100,9.49,209729.0,9.52,0.00613574,0.502375,36018.5
301061.SZ,20260428,4900,73.39,359611.0,73.41,0.00877162,0.259716,5586.2
301062.SZ,20260428,34500,8.18,282210.0,8.21,0.0110138,0.503844,31324.3
301063.SZ,20260428,44600,24.0,1070400.0,25.16,0.0444017,2.28349,10044.7
301065.SZ,20260428,5900,23.72,139948.0,23.75,0.00683761,0.348481,8628.75
301066.SZ,20260428,127200,14.79,1881288.0,14.49,0.054565,2.66494,23311.7
301067.SZ,20260428,16700,32.83,548261.0,32.96,0.0261637,1.1661,6382.89
301068.SZ,20260428,13300,36.95,491435.0,37.21,0.0132574,0.429046,10032.2
301069.SZ,20260428,10200,22.19,226338.0,22.21,0.00239002,0.112002,42677.4
301070.SZ,20260428,54500,95.17,5186765.0,97.04,0.0918207,0.818002,5935.48
301071.SZ,20260428,29000,52.68,1527720.0,53.05,0.015036,0.205189,19287.1
301072.SZ,20260428,5600,23.84,133504.0,23.83,0.00834079,0.394364,6713.99
301073.SZ,20260428,6400,25.02,160128.0,25.26,0.00359188,0.123584,17817.9
301075.SZ,20260428,5700,80.66,459762.0,80.72,0.007125,0.205549,8000.0
301076.SZ,20260428,1600,37.58,60128.0,37.84,0.00145714,0.0423555,10980.4
301077.SZ,20260428,212000,34.69,7354280.0,35.04,0.222216,1.49523,9540.26
301078.SZ,20260428,92300,8.76,808548.0,8.83,0.0073543,0.450252,125505.0
301079.SZ,20260428,73700,44.8,3301760.0,45.25,0.0957971,0.504107,7693.34
301080.SZ,20260428,5200,46.04,239408.0,46.21,0.00412704,0.140859,12599.8
301081.SZ,20260428,34600,15.09,522114.0,15.16,0.015834,0.509064,21851.7
301082.SZ,20260428,3600,12.96,46656.0,12.91,0.00132009,0.0487448,27270.8
301083.SZ,20260428,4500,17.46,78570.0,17.5,0.0052564,0.15737,8560.99
301085.SZ,20260428,13900,72.01,1000939.0,72.5,0.0235946,0.248408,5891.17
301086.SZ,20260428,4600,190.79,877634.0,190.91,0.00980382,0.205458,4692.05
301087.SZ,20260428,2100,54.13,113673.0,54.06,0.00108252,0.0623183,19399.1
301088.SZ,20260428,9600,14.48,139008.0,14.55,0.00510638,0.581439,18800.0
301089.SZ,20260428,1700,26.7,45390.0,26.83,0.00187907,0.109259,9047.01
301090.SZ,20260428,88700,8.77,777899.0,8.86,0.00603023,0.393137,147092.0
301091.SZ,20260428,5400,21.7,117180.0,21.83,0.00102412,0.0797284,52728.0
301092.SZ,20260428,21700,36.75,797475.0,37.17,0.0357563,0.671269,6068.86
301093.SZ,20260428,10600,81.7,866020.0,81.6,0.00675173,0.25966,15699.7
301095.SZ,20260428,22900,84.17,1927493.0,85.36,0.0132354,0.294718,17302.0
301096.SZ,20260428,6200,58.48,362576.0,58.31,0.00746179,0.231046,8309.0
301097.SZ,20260428,2400,57.84,138816.0,57.81,0.00829263,0.210832,2894.14
301098.SZ,20260428,48700,9.0,438300.0,9.08,0.032534,0.821205,14968.9
301099.SZ,20260428,182900,57.2,10461880.0,56.55,0.203719,1.19165,8978.04
301100.SZ,20260428,86700,20.21,1752207.0,18.74,0.0990857,6.17805,8750.0
301101.SZ,20260428,24200,36.55,884510.0,36.52,0.0126769,0.882772,19089.8
301102.SZ,20260428,2000,10.75,21500.0,10.78,0.000492611,0.0702756,40600.0
301103.SZ,20260428,17100,19.94,340974.0,19.97,0.0140586,0.704895,12163.4
301105.SZ,20260428,7600,57.49,436924.0,57.84,0.0462358,0.967378,1643.75
301106.SZ,20260428,2300,33.4,76820.0,33.77,0.00225237,0.0473724,10211.5
301107.SZ,20260428,9200,27.55,253460.0,27.55,0.0156671,0.496739,5872.19
301108.SZ,20260428,16100,27.63,444843.0,28.0,0.0248329,1.09094,6483.34
301109.SZ,20260428,39600,16.76,663696.0,16.86,0.0171933,0.327895,23032.2
301110.SZ,20260428,13800,70.37,971106.0,71.39,0.0211117,0.197317,6536.66
301111.SZ,20260428,34500,18.86,650670.0,19.0,0.0215625,0.921622,16000.0
301112.SZ,20260428,16600,36.0,597600.0,36.28,0.0150544,0.698942,11026.7
301113.SZ,20260428,3100,25.31,78461.0,25.45,0.00562757,0.192706,5508.59
301115.SZ,20260428,159400,18.9,3012660.0,20.85,0.102994,5.06991,15476.7
301116.SZ,20260428,22100,10.85,239785.0,10.94,0.00492231,0.354589,44897.7
301117.SZ,20260428,8900,43.01,382789.0,43.31,0.011202,0.177343,7944.99
301118.SZ,20260428,36600,26.2,958920.0,25.91,0.0348397,1.7039,10505.2
301119.SZ,20260428,20300,40.76,827428.0,41.5,0.0241351,1.03981,8411.0
301120.SZ,20260428,15700,20.11,315727.0,20.3,0.00718489,0.0805485,21851.4
301121.SZ,20260428,1500,37.67,56505.0,37.59,0.00296492,0.11609,5059.16
301122.SZ,20260428,2400,31.5,75600.0,31.8,0.0031729,0.171098,7564.07
301123.SZ,20260428,22400,64.22,1438528.0,64.4,0.00958904,0.210026,23360.0
301125.SZ,20260428,95400,22.65,2160810.0,23.54,0.0744664,2.80259,12811.1
301126.SZ,20260428,51000,11.45,583950.0,11.38,0.0369878,1.70489,13788.3
301127.SZ,20260428,35200,14.82,521664.0,14.9,0.00538028,0.318288,65424.1
301128.SZ,20260428,66400,181.41,12045624.0,181.39,0.0729731,0.824024,9099.24
301129.SZ,20260428,7200,26.81,193032.0,27.03,0.0108626,0.268411,6628.25
301130.SZ,20260428,1500,30.39,45585.0,30.42,0.00254162,0.142485,5901.74
301131.SZ,20260428,6400,43.0,275200.0,43.17,0.0163453,0.600895,3915.49
301132.SZ,20260428,12000,40.59,487080.0,40.9,0.012667,0.179503,9473.44
301133.SZ,20260428,1100,46.0,50600.0,46.33,0.000989779,0.0380587,11113.6
301135.SZ,20260428,44600,27.09,1208214.0,28.39,0.0583306,3.06653,7646.08
301136.SZ,20260428,26900,15.46,415874.0,15.23,0.00977454,0.502892,27520.5
301137.SZ,20260428,5700,43.46,247722.0,43.89,0.00313508,0.133505,18181.3
301138.SZ,20260428,10100,35.0,353500.0,35.14,0.0147316,0.371572,6856.01
301139.SZ,20260428,8600,17.21,148006.0,17.34,0.011291,0.22609,7616.71
301141.SZ,20260428,700,51.99,36393.0,51.88,0.00157259,0.0159488,4451.26
301148.SZ,20260428,29200,70.6,2061520.0,70.6,0.0495982,0.69812,5887.31
301149.SZ,20260428,50800,13.35,678180.0,13.38,0.0194466,0.409896,26122.9
301150.SZ,20260428,128900,63.0,8120700.0,62.11,0.0579104,0.66727,22258.5
301151.SZ,20260428,13200,16.87,222684.0,17.0,0.00781788,0.619381,16884.4
301152.SZ,20260428,48400,31.15,1507660.0,31.21,0.0681696,0.819443,7099.94
301153.SZ,20260428,13700,21.59,295783.0,21.74,0.00412959,0.19322,33175.2
301155.SZ,20260428,16200,63.45,1027890.0,63.48,0.0131334,0.371491,12334.9
301156.SZ,20260428,16400,19.95,327180.0,19.8,0.0183805,0.810877,8922.5
301157.SZ,20260428,19400,76.31,1480414.0,77.32,0.093901,0.477333,2066.01
301158.SZ,20260428,29600,24.54,726384.0,24.37,0.0202058,0.384094,14649.3
301159.SZ,20260428,49000,39.28,1924720.0,39.97,0.0924267,2.85724,5301.5
301160.SZ,20260428,400,57.28,22912.0,57.6,0.000527338,0.0204666,7585.27
301161.SZ,20260428,42700,31.51,1345477.0,31.39,0.0355833,1.46955,12000.0
301162.SZ,20260428,7100,66.71,473641.0,67.09,0.00833091,0.260127,8522.48
301163.SZ,20260428,9600,30.4,291840.0,30.53,0.0175421,0.350392,5472.56
301165.SZ,20260428,42300,98.0,4145400.0,98.98,0.00531771,0.312985,79545.5
301166.SZ,20260428,7500,30.69,230175.0,30.9,0.0131767,0.762382,5691.87
301167.SZ,20260428,12100,17.19,207999.0,17.16,0.0170512,0.510671,7096.27
301168.SZ,20260428,2000,41.8,83600.0,41.75,0.00209834,0.127453,9531.33
301169.SZ,20260428,8200,67.35,552270.0,67.81,0.011386,0.420022,7201.8
301170.SZ,20260428,2200,28.8,63360.0,28.79,0.00655241,0.158947,3357.54
301171.SZ,20260428,734903,33.01,24259148.03,34.38,0.147988,2.03779,49659.5
301172.SZ,20260428,84200,32.02,2696084.0,31.5,0.0852519,0.893837,9876.61
301173.SZ,20260428,1000,42.98,42980.0,42.99,0.00324374,0.128787,3082.87
301175.SZ,20260428,12500,6.2,77500.0,6.21,0.00201003,0.0452166,62188.0
301176.SZ,20260428,360300,32.81,11821443.0,33.68,0.219623,3.40031,16405.4
301177.SZ,20260428,25700,29.38,755066.0,30.09,0.00642485,2.12158,40000.9
301178.SZ,20260428,18300,55.03,1007049.0,53.23,0.0369874,0.746506,4947.63
301179.SZ,20260428,61600,23.87,1470392.0,24.18,0.0259362,0.336348,23750.5
301180.SZ,20260428,25500,17.87,455685.0,18.01,0.0155357,0.329508,16413.8
301181.SZ,20260428,200,45.69,9138.0,45.88,0.000223857,0.00541751,8934.27
301182.SZ,20260428,23900,66.91,1599149.0,67.36,0.0273505,0.603046,8738.42
301183.SZ,20260428,15500,183.26,2840530.0,185.11,0.0264059,0.168333,5869.9
301185.SZ,20260428,2300,18.69,42987.0,18.73,0.00164438,0.111138,13987.0
301186.SZ,20260428,6800,64.77,440436.0,65.0,0.00898883,0.144354,7564.95
301187.SZ,20260428,6200,20.21,125302.0,20.31,0.00243201,0.293054,25493.3
301188.SZ,20260428,192600,29.0,5585400.0,28.45,0.0719901,0.746843,26753.7
301189.SZ,20260428,53900,79.0,4258100.0,79.02,0.0482293,0.653179,11175.8
301190.SZ,20260428,70600,24.52,1731112.0,25.21,0.0443039,1.55788,15935.4
301191.SZ,20260428,66200,152.86,10119332.0,153.4,0.126824,1.21119,5219.84
301192.SZ,20260428,10800,27.16,293328.0,27.16,0.0225617,0.484033,4786.88
301193.SZ,20260428,621444,22.83,14187566.52,24.24,0.377478,5.13458,16463.1
301195.SZ,20260428,4000,31.9,127600.0,32.01,0.00456153,0.302035,8768.98
301196.SZ,20260428,6700,115.74,775458.0,117.37,0.00817456,0.162431,8196.16
301197.SZ,20260428,45700,29.65,1355005.0,29.65,0.0420233,0.716974,10874.9
301198.SZ,20260428,13500,16.8,226800.0,16.8,0.00867864,0.155369,15555.4
301199.SZ,20260428,6600,22.67,149622.0,22.65,0.00920489,0.469896,7170.1
301200.SZ,20260428,11200,188.27,2108624.0,188.26,0.0026579,0.219106,42138.5
301201.SZ,20260428,208900,42.03,8780067.0,40.28,0.192456,4.13785,10854.4
301202.SZ,20260428,21200,39.83,844396.0,40.95,0.0570199,1.05355,3718.0
301203.SZ,20260428,12200,43.95,536190.0,45.11,0.0278269,0.898713,4384.25
301205.SZ,20260428,29900,261.0,7803900.0,259.58,0.0358493,0.321122,8340.47
301206.SZ,20260428,300,26.25,7875.0,26.32,0.000230268,0.0308253,13028.3
301207.SZ,20260428,42200,19.27,813194.0,19.44,0.00702574,0.972232,60064.8
301208.SZ,20260428,3000,34.16,102480.0,34.24,0.0045405,0.279651,6607.21
301209.SZ,20260428,6200,91.21,565502.0,92.76,0.00647973,0.486204,9568.3
301210.SZ,20260428,11500,35.62,409630.0,35.48,0.0264587,0.480445,4346.39
301211.SZ,20260428,12100,11.45,138545.0,11.58,0.00289754,0.337074,41759.5
301212.SZ,20260428,0,,0.0,28.43,0.0,0.0,9375.0
301213.SZ,20260428,10200,71.63,730626.0,71.32,0.019725,0.63874,5171.1
301215.SZ,20260428,71400,6.28,448392.0,6.29,0.00539927,0.693154,132240.0
301216.SZ,20260428,167900,30.05,5045395.0,30.35,0.0306201,1.44514,54833.2
301217.SZ,20260428,927700,53.99,50086523.0,51.31,0.111904,2.04567,82901.6
301218.SZ,20260428,2000,34.34,68680.0,34.67,0.00285434,0.0576892,7006.88
301219.SZ,20260428,90000,83.83,7544700.0,84.36,0.0427724,0.507556,21041.6
301220.SZ,20260428,700,38.87,27209.0,38.87,0.000899338,0.0380025,7783.5
301221.SZ,20260428,26800,48.99,1312932.0,49.02,0.0427274,0.928814,6272.32
301222.SZ,20260428,49400,46.22,2283268.0,47.06,0.061888,0.84884,7982.17
301223.SZ,20260428,11600,19.96,231536.0,19.85,0.00600639,0.658171,19312.8
301225.SZ,20260428,1100,103.22,113542.0,103.3,0.00368115,0.0601867,2988.2
301226.SZ,20260428,9300,38.76,360468.0,39.01,0.00854779,0.171165,10880.0
301227.SZ,20260428,4400,31.71,139524.0,31.93,0.00812963,0.172554,5412.3
301228.SZ,20260428,85300,53.14,4532842.0,55.98,0.0714164,2.26262,11944.0
301229.SZ,20260428,15700,16.94,265958.0,17.01,0.0121441,0.403641,12928.1
301230.SZ,20260428,17900,42.85,767015.0,42.9,0.0142498,0.185176,12561.6
301231.SZ,20260428,5800,30.69,178002.0,30.77,0.0088643,0.206627,6543.1
301232.SZ,20260428,16400,207.0,3394800.0,205.71,0.0367159,0.262366,4466.73
301233.SZ,20260428,5200,55.61,289172.0,55.6,0.0184524,0.581008,2818.06
301234.SZ,20260428,2200,41.53,91366.0,41.53,0.00547664,0.16208,4017.06
301235.SZ,20260428,21600,50.05,1081080.0,50.1,0.0296927,0.257423,7274.51
301236.SZ,20260428,157850,40.85,6448172.5,40.85,0.0200901,0.456547,78570.9
301237.SZ,20260428,7200,65.63,472536.0,65.71,0.0123605,0.160628,5825.0
301238.SZ,20260428,52200,21.51,1122822.0,21.51,0.00711818,0.486933,73333.3
301239.SZ,20260428,111300,42.99,4784787.0,42.0,0.0743889,2.99348,14961.9
301246.SZ,20260428,127600,25.53,3257628.0,25.53,0.0750246,0.684551,17007.7
301248.SZ,20260428,446950,88.01,39336069.5,81.74,0.397895,3.67556,11232.9
301251.SZ,20260428,217000,60.0,13020000.0,64.57,0.401903,5.0348,5399.31
301252.SZ,20260428,17200,37.65,647580.0,38.05,0.0363787,0.445339,4728.04
301255.SZ,20260428,2500,28.87,72175.0,29.0,0.00656513,0.0830844,3808.0
301256.SZ,20260428,36600,13.85,506910.0,14.06,0.007625,0.277728,48000.0
301257.SZ,20260428,2600,56.41,146666.0,56.36,0.00345199,0.19467,7531.89
301258.SZ,20260428,1200,29.18,35016.0,29.33,0.00134733,0.0693336,8906.5
301259.SZ,20260428,18200,38.91,708162.0,39.0,0.0184078,0.429923,9887.1
301260.SZ,20260428,0,,0.0,15.62,0.0,0.0,20443.6
301261.SZ,20260428,363500,88.86,32300610.0,74.8,0.969765,25.2674,3748.33
301262.SZ,20260428,15300,23.86,365058.0,24.01,0.0125332,0.332725,12207.5
301263.SZ,20260428,10000,29.07,290700.0,29.14,0.00329396,0.256773,30358.6
301265.SZ,20260428,46700,25.66,1198322.0,25.9,0.0275034,0.30139,16979.7
301266.SZ,20260428,3100,42.36,131316.0,42.7,0.00297128,0.102381,10433.2
301267.SZ,20260428,104400,18.15,1894860.0,17.8,0.0161001,1.56962,64844.4
301268.SZ,20260428,11300,21.98,248374.0,22.18,0.00327823,0.259224,34469.8
301269.SZ,20260428,231800,87.9,20375220.0,92.77,0.042498,3.61457,54543.8
301270.SZ,20260428,1600,33.39,53424.0,33.69,0.00169325,0.0501188,9449.28
301272.SZ,20260428,6200,44.15,273730.0,44.55,0.0197903,0.469344,3132.85
301273.SZ,20260428,26600,35.53,945098.0,35.46,0.0483758,1.38493,5498.62
301275.SZ,20260428,185100,44.47,8231397.0,41.38,0.0620393,4.44573,29835.9
301276.SZ,20260428,51400,27.0,1387800.0,25.87,0.0711245,1.95363,7226.76
301277.SZ,20260428,4000,11.48,45920.0,11.55,0.0010202,0.192826,39207.8
301278.SZ,20260428,43600,38.32,1670752.0,38.83,0.0848217,0.70634,5140.2
301279.SZ,20260428,1300,29.19,37947.0,29.39,0.00129367,0.0971283,10048.9
301280.SZ,20260428,400,60.0,24000.0,60.46,0.000996819,0.0239196,4012.76
301281.SZ,20260428,2000,37.23,74460.0,37.49,0.00281881,0.0462859,7095.2
301282.SZ,20260428,79700,44.71,3563387.0,44.9,0.0629542,0.458834,12660.0
301283.SZ,20260428,300,48.92,14676.0,48.92,0.000474107,0.0236611,6327.69
301285.SZ,20260428,22400,106.47,2384928.0,106.03,0.0108385,0.635487,20667.0
301286.SZ,20260428,29900,48.0,1435200.0,48.38,0.0185393,0.969934,16127.9
301287.SZ,20260428,500,41.68,20840.0,41.68,0.00293576,0.039888,1703.14
301288.SZ,20260428,0,,0.0,17.67,0.0,0.0,7810.96
301289.SZ,20260428,1400,55.01,77014.0,55.45,0.00180643,0.151071,7750.09
301290.SZ,20260428,11600,29.59,343244.0,29.4,0.0170186,0.29841,6816.09
301291.SZ,20260428,36900,55.18,2036142.0,55.17,0.0228289,0.330889,16163.7
301292.SZ,20260428,51000,84.8,4324800.0,85.89,0.0599516,0.246977,8506.86
301293.SZ,20260428,11200,65.01,728112.0,65.3,0.00695887,0.140486,16094.6
301295.SZ,20260428,11800,44.74,527932.0,44.73,0.0401361,0.270075,2940.0
301296.SZ,20260428,11900,7.73,91987.0,7.73,0.00278616,0.414334,42711.2
301297.SZ,20260428,201600,40.28,8120448.0,40.07,0.0555406,1.04184,36297.8
301298.SZ,20260428,3500,16.15,56525.0,16.25,0.00323525,0.15438,10818.3
301299.SZ,20260428,8800,62.66,551408.0,62.99,0.019652,0.378168,4477.92
301300.SZ,20260428,900,46.05,41445.0,46.0,0.0023212,0.101596,3877.3
301301.SZ,20260428,8100,9.83,79623.0,9.84,0.00131114,0.0721743,61778.2
301302.SZ,20260428,26900,24.25,652325.0,24.49,0.0193539,0.240293,13899.0
301303.SZ,20260428,10700,15.67,167669.0,15.66,0.0104697,0.176941,10220.0
301305.SZ,20260428,18900,27.8,525420.0,27.82,0.0152772,0.363678,12371.3
301306.SZ,20260428,60200,153.0,9210600.0,155.6,0.103259,0.979997,5830.0
301307.SZ,20260428,25200,46.32,1167264.0,46.61,0.0231657,0.222281,10878.1
301308.SZ,20260428,903700,399.99,361470963.0,393.46,0.329344,5.8848,27439.4
301309.SZ,20260428,6500,32.85,213525.0,33.2,0.0107295,0.298544,6058.09
301310.SZ,20260428,5800,61.7,357860.0,61.72,0.0132673,0.0990794,4371.67
301311.SZ,20260428,15100,16.97,256247.0,16.97,0.00629167,0.626894,24000.0
301312.SZ,20260428,17600,113.1,1990560.0,115.14,0.0290656,0.252341,6055.28
301313.SZ,20260428,9700,35.07,340179.0,35.45,0.0128498,0.308805,7548.78
301314.SZ,20260428,39400,53.92,2124448.0,50.78,0.215803,2.60246,1825.74
301315.SZ,20260428,1800,50.77,91386.0,50.92,0.00486486,0.119171,3700.0
301316.SZ,20260428,5600,47.96,268576.0,47.97,0.00139997,0.0500095,40001.0
301317.SZ,20260428,73200,55.6,4069920.0,54.51,0.140239,1.46619,5219.67
301318.SZ,20260428,12400,24.77,307148.0,25.05,0.0139666,0.568221,8878.33
301319.SZ,20260428,55600,71.76,3989856.0,75.98,0.0594153,0.614208,9357.86
301320.SZ,20260428,24100,17.41,419581.0,17.39,0.0353325,1.50622,6820.92
301321.SZ,20260428,10300,23.61,243183.0,23.62,0.00697736,0.200841,14762.0
301322.SZ,20260428,2400,36.81,88344.0,37.04,0.00252558,0.0797024,9502.77
301323.SZ,20260428,5400,67.28,363312.0,66.88,0.00797955,0.250224,6767.3
301325.SZ,20260428,3600,45.45,163620.0,45.43,0.00621819,0.189455,5789.47
301326.SZ,20260428,1000,160.22,160220.0,158.63,0.00138778,0.0515139,7205.74
301327.SZ,20260428,8000,61.3,490400.0,61.68,0.00458765,0.225503,17438.1
301328.SZ,20260428,2100,59.8,125580.0,59.8,0.00191096,0.0767929,10989.2
301329.SZ,20260428,2600,23.56,61256.0,23.64,0.00433738,0.137958,5994.4
301330.SZ,20260428,11700,35.81,418977.0,36.09,0.00602095,0.203904,19432.2
301331.SZ,20260428,59100,25.81,1525371.0,25.96,0.0575815,4.63392,10263.7
301332.SZ,20260428,39100,9.5,371450.0,9.48,0.0147604,1.7061,26489.8
301333.SZ,20260428,4700,66.66,313302.0,67.97,0.00487331,0.36492,9644.37
301335.SZ,20260428,6200,26.05,161510.0,26.05,0.0122472,0.304897,5062.38
301336.SZ,20260428,8800,53.68,472384.0,53.15,0.0289185,0.905459,3043.03
301337.SZ,20260428,25600,27.96,715776.0,28.2,0.0578008,1.73838,4429.01
301338.SZ,20260428,44230,188.01,8315682.3,192.97,0.074776,0.843747,5915.0
301339.SZ,20260428,8600,13.29,114294.0,13.26,0.0015093,0.240588,56980.0
301345.SZ,20260428,5000,279.33,1396650.0,275.91,0.0142736,0.205358,3502.97
301348.SZ,20260428,77700,24.29,1887333.0,24.33,0.0500841,0.776419,15513.9
301349.SZ,20260428,5200,60.0,312000.0,60.46,0.00645289,0.108876,8058.41
301353.SZ,20260428,4200,28.46,119532.0,28.58,0.0131739,0.540344,3188.12
301355.SZ,20260428,16700,12.66,211422.0,12.66,0.0166658,0.515778,10020.5
301356.SZ,20260428,1900,21.21,40299.0,21.35,0.00346652,0.154036,5481.0
301357.SZ,20260428,2700,110.84,299268.0,111.95,0.00283613,0.0925785,9520.0
301358.SZ,20260428,2230296,95.08,212056543.68,89.87,0.293484,8.23364,75993.8
301359.SZ,20260428,12400,22.08,273792.0,22.08,0.0174287,0.624264,7114.7
301360.SZ,20260428,800,82.06,65648.0,82.6,0.00316681,0.048614,2526.21
301361.SZ,20260428,2000,36.74,73480.0,36.71,0.00656944,0.103526,3044.4
301362.SZ,20260428,3900,140.99,549861.0,142.4,0.0131446,0.145447,2967.0
301363.SZ,20260428,7400,26.11,193214.0,26.01,0.00198284,0.0890961,37320.3
301365.SZ,20260428,25700,34.82,894874.0,34.77,0.0253496,0.358154,10138.2
301366.SZ,20260428,58000,37.98,2202840.0,38.14,0.0495742,1.13726,11699.6
301367.SZ,20260428,23300,68.6,1598380.0,69.42,0.0331916,1.951,7019.86
301368.SZ,20260428,21600,49.0,1058400.0,48.8,0.0336861,0.751425,6412.14
301369.SZ,20260428,7200,166.31,1197432.0,168.95,0.0198001,0.53422,3636.34
301370.SZ,20260428,6900,10.32,71208.0,10.32,0.00213128,0.282977,32374.9
301371.SZ,20260428,121100,28.34,3431974.0,29.0,0.155677,1.24267,7778.94
301372.SZ,20260428,11400,32.64,372096.0,32.98,0.0276898,0.474397,4117.04
301373.SZ,20260428,122000,120.01,14641220.0,116.5,0.299144,1.36101,4078.31
301376.SZ,20260428,8600,16.01,137686.0,16.0,0.00444117,0.247194,19364.3
301377.SZ,20260428,10600,228.5,2422100.0,228.66,0.0149245,0.242522,7102.4
301378.SZ,20260428,71800,31.95,2294010.0,33.15,0.156378,2.28772,4591.45
301379.SZ,20260428,192800,27.27,5257656.0,27.99,0.154507,2.06718,12478.4
301380.SZ,20260428,2090,33.71,70453.9,33.66,0.0025886,0.161214,8073.86
301381.SZ,20260428,14100,21.55,303855.0,21.65,0.00721345,0.342396,19546.8
301382.SZ,20260428,87200,40.0,3488000.0,40.74,0.0494644,0.427283,17628.9
301383.SZ,20260428,6400,29.28,187392.0,29.43,0.00906333,0.447256,7061.42
301386.SZ,20260428,6300,24.85,156555.0,24.93,0.014,0.269705,4500.0
301387.SZ,20260428,1600,60.03,96048.0,60.95,0.00374845,0.0458958,4268.43
301388.SZ,20260428,5000,32.09,160450.0,32.16,0.0182771,0.289973,2735.66
301389.SZ,20260428,24500,61.0,1494500.0,61.29,0.0289704,0.202861,8456.9
301390.SZ,20260428,29900,36.51,1091649.0,36.89,0.0974706,2.91375,3067.59
301391.SZ,20260428,27400,87.39,2394486.0,88.7,0.0295145,0.837757,9283.56
301392.SZ,20260428,53300,161.77,8622341.0,161.15,0.13065,1.12147,4079.59
301393.SZ,20260428,6200,60.88,377456.0,60.88,0.0147252,0.215559,4210.48
301395.SZ,20260428,22300,12.98,289454.0,13.15,0.0175136,0.292624,12732.9
301396.SZ,20260428,217100,320.0,69472000.0,313.22,0.285353,1.62602,7608.11
301397.SZ,20260428,300,37.9,11370.0,37.9,0.000424663,0.00511501,7064.42
301398.SZ,20260428,5200,45.01,234052.0,45.39,0.0139714,0.354821,3721.9
301399.SZ,20260428,15200,22.51,342152.0,22.78,0.0277963,0.199245,5468.36
301408.SZ,20260428,187400,19.84,3718016.0,19.97,0.0818486,0.556564,22895.9
301413.SZ,20260428,6900,100.04,690276.0,101.0,0.0117447,0.157625,5874.99
301418.SZ,20260428,18000,40.88,735840.0,40.15,0.0611489,1.70581,2943.63
301419.SZ,20260428,5500,41.75,229625.0,42.2,0.00693336,0.0989951,7932.66
301421.SZ,20260428,24431,99.98,2442611.38,99.98,0.0527571,0.463499,4630.85
301428.SZ,20260428,75900,33.46,2539614.0,32.0,0.124026,1.71554,6119.67
301429.SZ,20260428,9700,20.38,197686.0,20.22,0.0220249,0.703737,4404.11
301439.SZ,20260428,8700,15.74,136938.0,15.82,0.00474769,0.203974,18324.7
301446.SZ,20260428,1700,40.35,68595.0,40.4,0.00547152,0.15701,3107.0
301448.SZ,20260428,6800,38.87,264316.0,39.29,0.0140838,0.978135,4828.25
301449.SZ,20260428,56200,75.0,4215000.0,78.83,0.403931,3.33524,1391.33
301456.SZ,20260428,7600,30.65,232940.0,30.87,0.0128358,0.506392,5920.96
301458.SZ,20260428,41400,39.9,1651860.0,39.82,0.0352394,0.29208,11748.2
301459.SZ,20260428,1500,37.04,55560.0,37.46,0.00574735,0.153588,2609.9
301468.SZ,20260428,58400,50.85,2969640.0,51.78,0.077864,0.906418,7500.26
301469.SZ,20260428,7200,36.88,265536.0,37.22,0.0156322,0.259299,4605.87
301479.SZ,20260428,2200,106.32,233904.0,107.1,0.00431972,0.058411,5092.92
301486.SZ,20260428,65900,213.0,14036700.0,210.09,0.0909546,0.451888,7245.38
301487.SZ,20260428,16300,23.0,374900.0,23.14,0.0059752,0.125619,27279.4
301488.SZ,20260428,1100,129.0,141900.0,129.27,0.00469841,0.103086,2341.22
301489.SZ,20260428,10827,229.0,2479383.0,226.01,0.0227456,0.246143,4760.04
301491.SZ,20260428,100,49.38,4938.0,49.4,0.000349853,0.0129868,2858.34
301498.SZ,20260428,29200,55.28,1614176.0,55.52,0.0162817,0.292996,17934.3
301499.SZ,20260428,5700,35.5,202350.0,35.8,0.0164913,0.143371,3456.37
301500.SZ,20260428,2290000,31.51,72157900.0,30.32,1.58972,11.4388,14405.1
301501.SZ,20260428,29600,36.5,1080400.0,37.76,0.068046,3.36164,4350.0
301502.SZ,20260428,2200,47.64,104808.0,47.64,0.00932717,0.142881,2358.7
301503.SZ,20260428,3700,36.53,135161.0,36.72,0.0113916,0.428906,3248.0
301505.SZ,20260428,17100,23.2,396720.0,23.02,0.0218694,0.292458,7819.16
301507.SZ,20260428,9200,14.5,133400.0,14.51,0.00835818,0.275833,11007.2
301508.SZ,20260428,15400,29.3,451220.0,29.28,0.0261743,1.0842,5883.64
301509.SZ,20260428,27300,35.84,978432.0,36.06,0.0481134,0.486049,5674.09
301510.SZ,20260428,341600,39.97,13653752.0,39.74,0.122367,2.06896,27915.9
301511.SZ,20260428,213614,67.02,14316410.28,67.5,0.0570198,0.421305,37463.1
301512.SZ,20260428,36300,49.37,1792131.0,50.12,0.146292,1.68063,2481.34
301513.SZ,20260428,41500,81.7,3390550.0,83.88,0.205966,0.587373,2014.9
301515.SZ,20260428,17200,23.23,399556.0,23.23,0.0262313,1.00032,6557.06
301516.SZ,20260428,11700,19.31,225927.0,19.32,0.0166725,0.172871,7017.54
301517.SZ,20260428,37800,65.9,2491020.0,66.04,0.0385097,0.461929,9815.71
301518.SZ,20260428,7400,38.72,286528.0,38.89,0.0138321,0.268389,5349.87
301519.SZ,20260428,42800,14.86,636008.0,14.86,0.0567079,1.74644,7547.45
301520.SZ,20260428,1600,42.1,67360.0,42.03,0.00681672,0.142868,2347.17
301522.SZ,20260428,24500,31.15,763175.0,31.29,0.00870595,0.426867,28141.7
301525.SZ,20260428,68400,69.53,4755852.0,74.34,0.138458,5.36381,4940.12
301526.SZ,20260428,2544300,15.0,38164500.0,15.43,0.181167,1.27165,140439.0
301528.SZ,20260428,2400,72.0,172800.0,71.53,0.00753935,0.140869,3183.3
301529.SZ,20260428,16900,122.4,2068560.0,122.49,0.0373576,0.424599,4523.85
301533.SZ,20260428,9300,32.81,305133.0,32.79,0.0327042,1.03583,2843.67
301535.SZ,20260428,20300,19.5,395850.0,19.38,0.0119555,0.627295,16979.6
301536.SZ,20260428,93300,81.11,7567563.0,82.4,0.0498415,0.695394,18719.3
301538.SZ,20260428,100,77.47,7747.0,77.49,0.000320311,0.00707663,3121.97
301539.SZ,20260428,46700,17.81,831727.0,17.79,0.0622154,1.88955,7506.17
301548.SZ,20260428,2400,79.46,190704.0,79.46,0.00914809,0.079254,2623.5
301550.SZ,20260428,8900,158.91,1414299.0,158.8,0.0063085,0.165286,14108.0
301551.SZ,20260428,10100,29.0,292900.0,29.16,0.00653494,0.317208,15455.4
301552.SZ,20260428,1500,39.8,59700.0,39.81,0.00630252,0.0653888,2380.0
301555.SZ,20260428,26300,36.0,946800.0,36.42,0.0543981,1.177,4834.73
301556.SZ,20260428,6600,85.66,565356.0,85.63,0.0223881,0.27811,2948.0
301557.SZ,20260428,15400,104.0,1601600.0,104.85,0.0866874,1.61612,1776.5
301558.SZ,20260428,16900,8.28,139932.0,8.32,0.00770698,0.277724,21928.2
301559.SZ,20260428,400,16.66,6664.0,16.77,0.000444444,0.0196067,9000.0
301560.SZ,20260428,12600,42.5,535500.0,42.68,0.0206354,0.251378,6106.0
301563.SZ,20260428,6710,164.58,1104331.8,165.5,0.045585,0.521638,1471.98
301565.SZ,20260428,5100,21.31,108681.0,21.4,0.00398406,0.182505,12801.0
301566.SZ,20260428,45300,23.7,1073610.0,23.72,0.0214604,0.238938,21108.7
301567.SZ,20260428,8400,42.83,359772.0,43.0,0.0395483,0.742757,2123.99
301568.SZ,20260428,19800,55.55,1099890.0,55.55,0.0415972,0.509519,4759.94
301571.SZ,20260428,95000,71.47,6789650.0,69.63,0.0797201,1.60813,11916.7
301575.SZ,20260428,1000,46.06,46060.0,46.26,0.00574431,0.106596,1740.85
301577.SZ,20260428,15500,65.6,1016800.0,66.51,0.0822667,0.644186,1884.12
301578.SZ,20260428,19570,33.54,656377.8,34.08,0.084463,2.64585,2316.99
301580.SZ,20260428,18000,72.9,1312200.0,73.16,0.0249941,0.376335,7201.7
301581.SZ,20260428,4200,46.99,197358.0,47.07,0.00993037,0.810422,4229.45
301584.SZ,20260428,2900,26.68,77372.0,26.67,0.00539894,0.102245,5371.43
301585.SZ,20260428,9200,31.36,288512.0,31.46,0.0135078,0.447013,6810.89
301586.SZ,20260428,3100,42.96,133176.0,43.51,0.00585889,0.347704,5291.11
301587.SZ,20260428,92589,29.0,2685081.0,29.55,0.126052,0.752034,7345.3
301588.SZ,20260428,144600,31.97,4622862.0,31.95,0.197112,0.980637,7335.92
301589.SZ,20260428,700,171.68,120176.0,171.71,0.00203105,0.124746,3446.5
301590.SZ,20260428,300,183.33,54999.0,183.91,0.00348728,0.0516515,860.268
301591.SZ,20260428,5800,40.1,232580.0,40.51,0.0170898,0.458727,3393.84
301592.SZ,20260428,7700,127.79,983983.0,127.79,0.0329646,0.466807,2335.84
301595.SZ,20260428,4900,45.13,221137.0,45.27,0.0201125,0.291989,2436.3
301596.SZ,20260428,3400,68.78,233852.0,69.09,0.0108569,0.215147,3131.66
301598.SZ,20260428,7200,63.52,457344.0,63.89,0.041031,0.842102,1754.77
301600.SZ,20260428,500,107.8,53900.0,108.12,0.00154998,0.0558135,3225.85
301601.SZ,20260428,12100,22.44,271524.0,22.45,0.0143229,0.429348,8448.0
301602.SZ,20260428,42400,19.0,805600.0,19.1,0.0203358,2.58283,20849.9
301603.SZ,20260428,49300,105.11,5181923.0,105.1,0.130657,0.791864,3773.25
301606.SZ,20260428,209000,78.2,16343800.0,73.07,0.126668,6.81951,16499.9
301607.SZ,20260428,48500,52.28,2535580.0,52.91,0.0447808,0.468022,10830.5
301608.SZ,20260428,1500,90.5,135750.0,91.0,0.0037559,0.0679552,3993.72
301609.SZ,20260428,13900,45.51,632589.0,45.89,0.0379284,0.672467,3664.8
301611.SZ,20260428,429300,109.29,46918197.0,116.09,0.292872,2.55671,14658.3
301613.SZ,20260428,0,,0.0,47.06,0.0,0.0,8390.12
301616.SZ,20260428,9800,48.3,473340.0,48.33,0.0345049,1.11865,2840.18
301617.SZ,20260428,800,60.58,48464.0,60.92,0.0015083,0.0261869,5304.0
301618.SZ,20260428,0,,0.0,48.63,0.0,0.0,3315.43
301622.SZ,20260428,1400,54.65,76510.0,54.79,0.00216519,0.0572225,6465.94
301626.SZ,20260428,66600,252.0,16783200.0,266.86,0.12657,3.19083,5261.9
301628.SZ,20260428,4900,107.78,528122.0,107.78,0.017578,0.225638,2787.58
301629.SZ,20260428,33600,335.0,11256000.0,343.09,0.175036,0.921873,1919.61
301630.SZ,20260428,19300,239.0,4612700.0,240.4,0.193,1.0158,1000.0
301631.SZ,20260428,29700,109.02,3237894.0,110.32,0.0967254,0.761199,3070.55
301632.SZ,20260428,10900,20.77,226393.0,20.63,0.0148781,0.631139,7326.2
301633.SZ,20260428,400,62.58,25032.0,62.38,0.00156797,0.139057,2551.06
301636.SZ,20260428,4200,63.21,265482.0,64.08,0.0263043,0.164318,1596.7
301638.SZ,20260428,86000,26.75,2300500.0,26.75,0.0365988,0.276742,23498.0
301656.SZ,20260428,338878,20.81,7052051.18,21.96,0.166419,4.52197,20362.9
301658.SZ,20260428,42800,38.75,1658500.0,39.36,0.043935,0.461931,9741.67
301662.SZ,20260428,8900,155.87,1387243.0,157.0,0.0289402,0.376837,3075.31
301665.SZ,20260428,53100,27.57,1463967.0,27.69,0.0509744,1.61007,10417.0
301666.SZ,20260428,91779,238.01,21844319.79,239.71,0.346122,0.981431,2651.63
301667.SZ,20260428,83500,120.0,10020000.0,126.3,0.371203,0.80317,2249.45
301668.SZ,20260428,1300,48.64,63232.0,48.64,0.00534351,0.0962971,2432.86
301678.SZ,20260428,1700,59.51,101167.0,59.51,0.00354824,0.073242,4791.11
301680.SZ,20260428,6400,103.58,662912.0,103.47,0.0380896,0.322526,1680.25
301682.SZ,20260428,10800,124.01,1339308.0,124.93,0.0420449,0.288607,2568.68
301683.SZ,20260428,27060,132.81,3593838.6,133.99,0.189686,0.740856,1426.56
301687.SZ,20260428,10800,60.8,656640.0,61.26,0.0365664,0.256537,2953.53
301696.SZ,20260428,51700,94.89,4905813.0,94.92,0.171856,0.700773,3008.34
302132.SZ,20260428,21600,67.41,1456056.0,68.01,0.00368557,0.396804,58606.9
920000.BJ,20260428,200,15.86,3172.0,15.85,0.000347259,0.0283548,5759.39
920001.BJ,20260428,1400,15.06,21084.0,15.06,0.00157851,0.0909661,8869.1
920002.BJ,20260428,0,,0.0,83.42,0.0,0.0,3185.51
920003.BJ,20260428,9882,30.09,297349.38,29.86,0.0742194,0.470476,1331.46
920005.BJ,20260428,0,,0.0,34.6,0.0,0.0,2150.0
920006.BJ,20260428,200,20.19,4038.0,20.28,0.000418435,0.0150208,4779.71
920007.BJ,20260428,100,54.36,5436.0,54.64,0.000939598,0.0429041,1064.29
920008.BJ,20260428,20300,25.08,509124.0,25.35,0.0596695,2.01921,3402.07
920009.BJ,20260428,0,,0.0,64.29,0.0,0.0,720.0
920010.BJ,20260428,29883,11.94,356803.02,12.04,0.0172094,0.259696,17364.3
920011.BJ,20260428,5061,25.19,127486.59,25.19,0.0272097,0.196014,1860.0
920012.BJ,20260428,17275,58.02,1002295.5,58.69,0.130194,0.381388,1326.87
920014.BJ,20260428,8686,12.11,105187.46,12.12,0.012955,0.292371,6704.73
920015.BJ,20260428,3366,40.9,137669.4,40.9,0.00841238,0.19859,4001.24
920016.BJ,20260428,102,16.84,1717.68,16.75,0.000297921,0.0202267,3423.72
920017.BJ,20260428,2100,17.35,36435.0,17.35,0.00170027,0.175449,12351.0
920018.BJ,20260428,3000,28.49,85470.0,28.7,0.00678368,0.260903,4422.38
920019.BJ,20260428,951,18.13,17241.63,18.13,0.00056764,0.0520953,16753.6
920020.BJ,20260428,5300,15.56,82468.0,15.5,0.00961872,0.882888,5510.09
920021.BJ,20260428,11795,9.9,116770.5,9.9,0.0047646,0.0641524,24755.5
920022.BJ,20260428,200,26.5,5300.0,26.5,0.00120373,0.0421141,1661.5
920023.BJ,20260428,802755,2.94,2360099.7,3.05,0.298634,11.7751,26880.9
920026.BJ,20260428,0,,0.0,37.11,0.0,0.0,3721.46
920027.BJ,20260428,400,17.66,7064.0,17.77,0.000947789,0.0354027,4220.35
920028.BJ,20260428,47441,17.56,833063.96,17.81,0.111471,0.713474,4255.91
920029.BJ,20260428,1200,83.8,100560.0,84.0,0.000887941,0.213681,13514.4
920030.BJ,20260428,4103,5.5,22566.5,5.44,0.00364795,0.308888,11247.4
920033.BJ,20260428,3613,15.82,57157.66,15.89,0.00436558,0.379657,8276.1
920035.BJ,20260428,2800,36.0,100800.0,36.22,0.0215153,0.307794,1301.4
920036.BJ,20260428,2700,45.19,122013.0,44.94,0.0206718,0.127152,1306.13
920037.BJ,20260428,2432,76.15,185196.8,76.07,0.00822614,0.267156,2956.43
920039.BJ,20260428,2100,9.31,19551.0,9.31,0.00136523,0.26202,15382.0
920045.BJ,20260428,5170,553.0,2859010.0,557.98,0.0256862,0.3428,2012.75
920046.BJ,20260428,9098,25.75,234273.5,25.66,0.0162676,0.17642,5592.7
920047.BJ,20260428,15225,26.9,409552.5,26.8,0.00845334,0.324058,18010.6
920050.BJ,20260428,900,33.04,29736.0,32.95,0.00497165,0.150982,1810.27
920055.BJ,20260428,1300,32.9,42770.0,33.11,0.00849673,0.0779708,1530.0
920056.BJ,20260428,100,21.76,2176.0,21.76,0.000324213,0.0115639,3084.39
920057.BJ,20260428,12001,6.11,73326.11,6.12,0.0104292,1.01761,11507.1
920058.BJ,20260428,0,,0.0,27.48,0.0,0.0,2759.44
920060.BJ,20260428,15123,32.9,497546.7,32.95,0.0159484,0.247214,9482.43
920061.BJ,20260428,9,22.96,206.64,23.08,2.28633e-05,0.00103382,3936.44
920062.BJ,20260428,13800,10.14,139932.0,10.22,0.0103363,0.334478,13351.0
920066.BJ,20260428,0,,0.0,21.3,0.0,0.0,1987.33
920068.BJ,20260428,2100,20.51,43071.0,20.35,0.00334905,0.0813522,6270.43
920069.BJ,20260428,2550,37.61,95905.5,37.98,0.0172557,0.127548,1477.77
920075.BJ,20260428,671,20.53,13775.63,20.48,0.0019238,0.15053,3487.89
920076.BJ,20260428,726,20.18,14650.68,20.22,0.00367383,0.0666238,1976.14
920077.BJ,20260428,54179,18.44,999060.76,18.49,0.01786,0.548613,30335.3
920078.BJ,20260428,1200,25.54,30648.0,25.41,0.0057971,0.0208957,2070.0
920080.BJ,20260428,2200,23.11,50842.0,23.08,0.00957533,0.538968,2297.57
920082.BJ,20260428,27639,15.01,414861.39,15.01,0.0698536,3.51082,3956.7
920086.BJ,20260428,4968,29.75,147798.0,29.85,0.0185758,0.235518,2674.45
920087.BJ,20260428,21235,13.44,285398.4,13.58,0.0129445,0.403533,16404.6
920088.BJ,20260428,30303,49.66,1504846.98,49.99,0.0930504,0.494633,3256.62
920089.BJ,20260428,5000,19.11,95550.0,19.12,0.00582637,0.297395,8581.67
920090.BJ,20260428,286452,4.5,1289034.0,4.61,0.192336,2.19051,14893.3
920091.BJ,20260428,0,,0.0,57.52,0.0,0.0,1450.02
920092.BJ,20260428,100,29.16,2916.0,29.38,0.000303459,0.00939387,3295.34
920098.BJ,20260428,1000,25.94,25940.0,26.18,0.00180585,0.162046,5537.57
920099.BJ,20260428,1200,32.87,39444.0,32.8,0.00247511,0.124441,4848.27
920100.BJ,20260428,646,48.43,31285.78,48.72,0.00330095,0.11403,1957.01
920101.BJ,20260428,800,34.68,27744.0,34.87,0.00287578,0.159723,2781.85
920106.BJ,20260428,702,65.63,46072.26,65.95,0.00160807,0.080323,4365.49
920108.BJ,20260428,500,10.77,5385.0,10.72,0.000685235,0.0641786,7296.77
920110.BJ,20260428,900,31.71,28539.0,31.71,0.00554221,0.406936,1623.9
920111.BJ,20260428,169348,33.41,5657916.68,33.95,0.224933,0.989919,7528.81
920112.BJ,20260428,2216,32.75,72574.0,32.85,0.00955873,1.20166,2318.3
920116.BJ,20260428,14099,98.25,1385226.75,99.29,0.00918651,0.415813,15347.5
920118.BJ,20260428,0,,0.0,20.21,0.0,0.0,3133.91
920119.BJ,20260428,659,95.87,63178.33,95.48,0.00347267,0.0862993,1897.68
920121.BJ,20260428,1000,35.71,35710.0,35.71,0.00840882,0.397083,1189.23
920122.BJ,20260428,1730,26.0,44980.0,25.9,0.00462875,0.42935,3737.51
920123.BJ,20260428,29818,14.04,418644.72,13.6,0.0468594,2.00933,6363.29
920124.BJ,20260428,27173,15.6,423898.8,15.71,0.0355057,2.01996,7653.14
920125.BJ,20260428,177695,52.02,9243693.9,53.82,1.07815,1.52465,1648.15
920128.BJ,20260428,500,24.27,12135.0,24.27,0.00205761,0.0843887,2430.0
920130.BJ,20260428,1178,19.19,22605.82,19.15,0.00208173,0.12219,5658.76
920132.BJ,20260428,7200,13.6,97920.0,13.35,0.0256016,1.47857,2812.32
920139.BJ,20260428,85152,17.9,1524220.8,18.17,0.0327596,1.7564,25993.0
920145.BJ,20260428,1700,14.32,24344.0,14.19,0.00349845,0.238267,4859.3
920146.BJ,20260428,10000,6.72,67200.0,6.72,0.00933377,0.395233,10713.8
920149.BJ,20260428,0,,0.0,9.92,0.0,0.0,6326.7
920152.BJ,20260428,13631,14.46,197104.26,14.26,0.0165906,0.833377,8216.12
920156.BJ,20260428,417029,40.98,17089848.42,40.6,1.92108,2.10086,2170.8
920158.BJ,20260428,3300,16.65,54945.0,16.73,0.00865247,0.108179,3813.94
920159.BJ,20260428,1900,41.55,78945.0,41.64,0.0131944,0.0755461,1440.0
920160.BJ,20260428,0,,0.0,22.71,0.0,0.0,2548.8
920163.BJ,20260428,10138,12.42,125913.96,12.19,0.0168708,1.54407,6009.2
920166.BJ,20260428,100,27.36,2736.0,27.44,0.000420792,0.0120587,2376.47
920167.BJ,20260428,800,16.99,13592.0,17.0,0.00122392,0.0803577,6536.38
920168.BJ,20260428,1300,21.5,27950.0,21.51,0.0046141,0.11843,2817.45
920169.BJ,20260428,18918,28.84,545595.12,29.2,0.0372378,1.10118,5080.32
920171.BJ,20260428,26469,19.78,523556.82,19.8,0.0391368,0.670128,6763.2
920174.BJ,20260428,8505,38.98,331524.9,38.88,0.00977578,0.839939,8700.08
920175.BJ,20260428,1300,10.03,13039.0,10.06,0.00163984,0.0550357,7927.59
920177.BJ,20260428,4134,33.01,136463.34,33.07,0.0351172,0.146278,1177.2
920179.BJ,20260428,20575,49.39,1016199.25,49.95,0.0344533,0.413088,5971.85
920180.BJ,20260428,51255,15.4,789327.0,15.73,0.143694,2.76648,3566.95
920181.BJ,20260428,34874,79.0,2755046.0,80.6,0.348044,1.05265,1002.0
920183.BJ,20260428,1100,38.75,42625.0,38.49,0.00977793,0.147164,1124.98
920184.BJ,20260428,4100,15.89,65149.0,15.73,0.00458778,0.235352,8936.79
920185.BJ,20260428,66382,32.34,2146793.88,32.03,0.00593945,0.518579,111765.0
920187.BJ,20260428,1200,37.5,45000.0,37.4,0.00524171,0.122344,2289.33
920188.BJ,20260428,30653,26.15,801575.95,25.49,0.154861,1.18886,1979.39
920190.BJ,20260428,6822,22.99,156837.78,22.97,0.00686021,0.476621,9944.3
920191.BJ,20260428,11437,12.5,142962.5,12.48,0.0286534,0.104523,3991.5
920195.BJ,20260428,200,19.94,3988.0,19.94,0.00028265,0.0333894,7075.9
920198.BJ,20260428,2400,8.39,20136.0,8.46,0.0034059,0.164923,7046.6
920199.BJ,20260428,2000,32.01,64020.0,32.14,0.00527325,0.152656,3792.73
920204.BJ,20260428,0,,0.0,15.35,0.0,0.0,4999.07
920207.BJ,20260428,101607,31.83,3234150.81,32.81,0.180428,1.40399,5631.45
920208.BJ,20260428,100,23.47,2347.0,23.46,9.8156e-05,0.0109957,10187.9
920212.BJ,20260428,100,11.76,1176.0,11.82,0.00019379,0.014989,5160.23
920221.BJ,20260428,2800,15.17,42476.0,15.03,0.00453332,0.42066,6176.49
920223.BJ,20260428,0,,0.0,17.63,0.0,0.0,8158.38
920225.BJ,20260428,38448,27.99,1076159.52,28.65,0.0464448,0.840961,8278.22
920227.BJ,20260428,0,,0.0,59.35,0.0,0.0,1771.82
920230.BJ,20260428,21196,11.76,249264.96,11.68,0.0448614,0.589865,4724.77
920237.BJ,20260428,1800,20.21,36378.0,20.23,0.0021237,0.0995374,8475.77
920239.BJ,20260428,5391,31.21,168253.11,30.86,0.00300444,0.313271,17943.5
920242.BJ,20260428,150,25.15,3772.5,25.0,0.000398232,0.0230361,3766.65
920245.BJ,20260428,0,,0.0,25.55,0.0,0.0,3799.6
920247.BJ,20260428,51718,19.5,1008501.0,18.47,0.0377109,2.27151,13714.3
920249.BJ,20260428,78529,9.9,777437.1,10.05,0.0629897,0.504612,12467.0
920252.BJ,20260428,4831,26.77,129325.87,26.67,0.00708033,0.165057,6823.12
920260.BJ,20260428,400,9.48,3792.0,9.55,0.000404536,0.0268821,9887.88
920261.BJ,20260428,0,,0.0,15.36,0.0,0.0,17120.1
920262.BJ,20260428,1741,19.95,34732.95,19.85,0.00558274,0.314126,3118.54
920263.BJ,20260428,149707,11.0,1646777.0,11.48,0.145922,21.8033,10259.4
920266.BJ,20260428,10697,8.1,86645.7,8.02,0.00902773,1.40853,11849.0
920267.BJ,20260428,2500,18.59,46475.0,18.71,0.00842402,0.707716,2967.7
920270.BJ,20260428,6000,15.48,92880.0,15.48,0.00739569,0.582637,8112.83
920271.BJ,20260428,110,12.8,1408.0,12.8,0.000190014,0.00830338,5789.04
920273.BJ,20260428,822,22.89,18815.58,22.89,0.00119702,0.0433294,6867.07
920274.BJ,20260428,3700,22.13,81881.0,22.18,0.00454918,0.334289,8133.33
920275.BJ,20260428,0,,0.0,7.29,0.0,0.0,13191.5
920278.BJ,20260428,4779,7.8,37276.2,7.8,0.00645392,0.348683,7404.8
920284.BJ,20260428,22810,33.27,758888.7,33.53,0.034014,0.638834,6706.07
920299.BJ,20260428,7700,23.0,177100.0,22.97,0.0169548,0.294099,4541.48
920300.BJ,20260428,100,11.15,1115.0,11.19,0.000150304,0.00638657,6653.17
920304.BJ,20260428,500,11.66,5830.0,11.63,0.000366424,0.0226551,13645.4
920305.BJ,20260428,19700,4.99,98303.0,5.01,0.0242907,0.341303,8110.09
920339.BJ,20260428,2800,8.09,22652.0,8.13,0.00185213,0.378123,15117.7
920344.BJ,20260428,90,20.83,1874.7,20.96,7.91361e-05,0.0104886,11372.8
920346.BJ,20260428,500,20.63,10315.0,20.73,0.00112098,0.0792053,4460.37
920351.BJ,20260428,500,16.7,8350.0,16.8,0.00125501,0.0437615,3984.03
920357.BJ,20260428,1900,25.8,49020.0,25.9,0.00426826,0.0768081,4451.46
920363.BJ,20260428,1200,16.65,19980.0,16.65,0.00234882,0.117605,5108.96
920367.BJ,20260428,0,,0.0,18.36,0.0,0.0,4199.26
920368.BJ,20260428,40563,31.98,1297204.74,31.83,0.0181596,0.392838,22336.9
920370.BJ,20260428,5800,3.37,19546.0,3.4,0.00221836,0.264316,26145.4
920371.BJ,20260428,8300,9.23,76609.0,9.16,0.00426934,0.438937,19440.9
920374.BJ,20260428,100,19.37,1937.0,19.46,0.000293139,0.0131306,3411.35
920375.BJ,20260428,10341,12.99,134329.59,13.1,0.0159298,0.261987,6491.62
920378.BJ,20260428,14000,8.2,114800.0,8.22,0.0125693,1.20665,11138.2
920392.BJ,20260428,1000,19.59,19590.0,19.57,0.00274802,0.13568,3638.99
920394.BJ,20260428,2319,50.68,117526.92,50.73,0.00159741,0.148495,14517.3
920395.BJ,20260428,2000,9.55,19100.0,9.66,0.00190943,0.2097,10474.4
920396.BJ,20260428,4308,29.0,124932.0,28.77,0.00839623,0.343958,5130.88
920402.BJ,20260428,102027,9.52,971297.04,9.69,0.0373899,1.06105,27287.3
920403.BJ,20260428,9200,21.4,196880.0,21.3,0.0155685,0.440856,5909.36
920405.BJ,20260428,3168,19.59,62061.12,19.65,0.0028779,0.148474,11008.0
920407.BJ,20260428,11205,17.89,200457.45,17.47,0.0322345,1.36417,3476.09
920414.BJ,20260428,9455,11.36,107408.8,11.25,0.0168606,0.372172,5607.76
920415.BJ,20260428,700,12.45,8715.0,12.33,0.000646763,0.0459084,10823.1
920418.BJ,20260428,1000,25.12,25120.0,25.06,0.000642298,0.0626896,15569.1
920419.BJ,20260428,7800,13.19,102882.0,13.19,0.00806691,1.00344,9669.13
920422.BJ,20260428,100,11.22,1122.0,11.16,0.000151006,0.0094533,6622.27
920425.BJ,20260428,487,19.93,9705.91,19.82,0.00082245,0.0503519,5921.33
920427.BJ,20260428,2450,11.66,28567.0,11.6,0.0048126,0.187092,5090.8
920429.BJ,20260428,3681,12.18,44834.58,12.26,0.00324316,0.165031,11350.0
920433.BJ,20260428,3800,5.16,19608.0,5.1,0.00224432,0.268361,16931.6
920436.BJ,20260428,1400,13.82,19348.0,13.82,0.00157537,0.139717,8886.82
920438.BJ,20260428,31885,42.8,1364678.0,42.36,0.022874,0.512634,13939.4
920445.BJ,20260428,400,9.81,3924.0,9.81,0.000379103,0.0275181,10551.2
920454.BJ,20260428,300,14.64,4392.0,14.73,0.000609378,0.0291083,4923.05
920455.BJ,20260428,0,,0.0,7.65,0.0,0.0,9376.24
920469.BJ,20260428,200,8.85,1770.0,8.86,0.000193334,0.0132091,10344.8
920471.BJ,20260428,48536,12.4,601846.4,11.95,0.0915245,1.42742,5303.06
920475.BJ,20260428,1500,13.33,19995.0,13.33,0.00266911,0.206931,5619.84
920476.BJ,20260428,4600,20.79,95634.0,20.99,0.00570507,0.391573,8063.0
920478.BJ,20260428,100,16.28,1628.0,16.28,0.000211685,0.00777489,4724.01
920489.BJ,20260428,7546,14.81,111756.26,14.85,0.00869099,0.212898,8682.55
920491.BJ,20260428,2388,26.07,62255.16,26.06,0.00206638,0.0787814,11556.4
920493.BJ,20260428,12034,150.57,1811959.38,150.38,0.0274771,0.360202,4379.65
920496.BJ,20260428,16858,8.98,151384.84,9.06,0.0116263,0.866335,14499.8
920504.BJ,20260428,0,,0.0,21.6,0.0,0.0,1709.19
920505.BJ,20260428,1974,38.36,75722.64,38.44,0.00548167,0.169591,3601.09
920508.BJ,20260428,250,19.18,4795.0,19.22,0.000783554,0.0485023,3190.59
920509.BJ,20260428,486,32.0,15552.0,32.16,0.000578671,0.0182594,8398.55
920510.BJ,20260428,34161,15.28,521980.08,15.06,0.0363805,2.00863,9389.91
920519.BJ,20260428,2650,11.78,31217.0,11.7,0.00460576,0.236562,5753.67
920522.BJ,20260428,36130,58.2,2102766.0,59.07,0.0277886,0.686964,13001.7
920523.BJ,20260428,200,23.73,4746.0,23.73,0.000246793,0.0135675,8103.95
920526.BJ,20260428,19495,23.21,452478.95,23.21,0.0372273,0.309826,5236.75
920527.BJ,20260428,6145,17.39,106861.55,17.08,0.016906,1.2818,3634.8
920533.BJ,20260428,5700,23.06,131442.0,23.23,0.00779358,0.366381,7313.71
920541.BJ,20260428,6584,12.2,80324.8,12.13,0.00731079,0.548714,9005.87
920547.BJ,20260428,14366,22.76,326970.16,23.1,0.0380875,2.65304,3771.84
920553.BJ,20260428,700,8.61,6027.0,8.65,0.000769114,0.079978,9101.38
920556.BJ,20260428,10400,9.08,94432.0,9.08,0.00885116,0.402943,11749.9
920564.BJ,20260428,35171,25.0,879275.0,25.92,0.0858024,1.14555,4099.07
920566.BJ,20260428,100,10.36,1036.0,10.35,8.90103e-05,0.0095551,11234.7
920570.BJ,20260428,0,,0.0,28.6,0.0,0.0,2436.48
920571.BJ,20260428,776702,11.42,8869936.84,11.05,0.274727,4.53202,28271.8
920575.BJ,20260428,0,,0.0,6.95,0.0,0.0,18783.9
920576.BJ,20260428,40221,72.0,2895912.0,74.75,0.0375449,0.898149,10712.8
920578.BJ,20260428,500,18.66,9330.0,18.41,0.00217391,0.0784526,2300.0
920579.BJ,20260428,0,,0.0,17.88,0.0,0.0,4457.44
920580.BJ,20260428,1795,13.3,23873.5,13.4,0.00327776,0.0657686,5476.31
920592.BJ,20260428,3056,30.03,91771.68,30.03,0.00607727,0.2601,5028.57
920593.BJ,20260428,1900,27.66,52554.0,27.8,0.00117567,0.0762573,16161.0
920599.BJ,20260428,34815,18.99,661136.85,19.08,0.00993085,1.22542,35057.4
920608.BJ,20260428,1902,16.37,31135.74,16.26,0.00394451,0.531286,4821.89
920627.BJ,20260428,300,19.92,5976.0,19.78,0.000640786,0.0220683,4681.75
920634.BJ,20260428,25293,22.9,579209.7,22.99,0.0624091,1.11815,4052.77
920639.BJ,20260428,11000,7.62,83820.0,7.63,0.00926287,0.450497,11875.4
920640.BJ,20260428,7483,36.0,269388.0,36.0,0.00415003,0.133753,18031.2
920641.BJ,20260428,10290,18.19,187175.1,18.19,0.0226544,0.404114,4542.16
920642.BJ,20260428,0,,0.0,11.85,0.0,0.0,9995.69
920651.BJ,20260428,1200,29.94,35928.0,30.19,0.00289384,0.0762603,4146.74
920656.BJ,20260428,200,16.3,3260.0,16.31,0.000617736,0.0305864,3237.63
920662.BJ,20260428,1000,24.45,24450.0,24.5,0.00370287,0.0550617,2700.61
920663.BJ,20260428,1600,15.71,25136.0,15.71,0.00249701,0.161794,6407.65
920665.BJ,20260428,100,10.81,1081.0,10.72,0.000156075,0.00663765,6407.17
920670.BJ,20260428,13000,15.28,198640.0,15.4,0.0195097,0.336357,6663.36
920675.BJ,20260428,12246,9.5,116337.0,9.51,0.0154978,0.757396,7901.79
920679.BJ,20260428,2700,17.62,47574.0,17.57,0.00726295,1.09709,3717.5
920682.BJ,20260428,1300,8.88,11544.0,8.87,0.000690856,0.0359502,18817.2
920685.BJ,20260428,1812,12.39,22450.68,12.35,0.00330031,0.370315,5490.39
920689.BJ,20260428,0,,0.0,28.26,0.0,0.0,3793.06
920690.BJ,20260428,27400,26.16,716784.0,26.0,0.0635744,3.48449,4309.91
920693.BJ,20260428,1322,28.4,37544.8,28.63,0.00361104,0.0872848,3661.0
920694.BJ,20260428,10170,18.27,185805.9,18.16,0.0162745,1.33693,6249.04
920699.BJ,20260428,100,41.46,4146.0,41.46,0.000479035,0.0226483,2087.53
920701.BJ,20260428,240,15.33,3679.2,15.41,0.000239504,0.0381651,10020.7
920703.BJ,20260428,7038,12.26,86285.88,12.26,0.00922833,0.603059,7626.51
920706.BJ,20260428,55270,22.8,1260156.0,23.24,0.115938,2.82016,4767.19
920717.BJ,20260428,9415,8.98,84546.7,9.0,0.0212624,0.898581,4428.0
920718.BJ,20260428,3100,12.86,39866.0,12.87,0.00719088,0.855475,4311.01
920719.BJ,20260428,8300,11.72,97276.0,11.72,0.0113398,0.1084,7319.37
920720.BJ,20260428,500,12.15,6075.0,12.12,0.000675519,0.0329941,7401.72
920725.BJ,20260428,43643,31.96,1394830.28,31.05,0.10372,1.79982,4207.78
920726.BJ,20260428,6254,18.77,117387.58,18.76,0.0111851,0.170443,5591.35
920729.BJ,20260428,600,7.81,4686.0,7.81,0.000780995,0.0591374,7682.5
920735.BJ,20260428,1747,30.75,53720.25,30.85,0.00168374,0.1417,10375.7
920748.BJ,20260428,100,33.9,3390.0,33.87,0.000280379,0.0122109,3566.6
920751.BJ,20260428,1465,23.18,33958.7,23.05,0.00176363,0.11603,8306.71
920753.BJ,20260428,5869,18.6,109163.4,18.58,0.0181245,1.73058,3238.15
920765.BJ,20260428,9400,13.62,128028.0,13.62,0.0178006,0.969366,5280.71
920768.BJ,20260428,15133,12.25,185379.25,12.04,0.0197832,0.7893,7649.43
920770.BJ,20260428,1100,15.29,16819.0,15.29,0.0013432,0.0357759,8189.38
920779.BJ,20260428,0,,0.0,33.36,0.0,0.0,2003.32
920781.BJ,20260428,62687,7.2,451346.4,7.3,0.0613862,4.26941,10211.9
920786.BJ,20260428,2600,8.23,21398.0,8.2,0.00183815,0.0387992,14144.6
920790.BJ,20260428,0,,0.0,25.71,0.0,0.0,5435.5
920792.BJ,20260428,1700,11.28,19176.0,11.37,0.00167279,0.228252,10162.6
920799.BJ,20260428,4618,35.6,164400.8,35.72,0.00384609,0.186752,12007.0
920802.BJ,20260428,130,13.94,1812.2,14.01,0.000588273,0.028728,2209.86
920806.BJ,20260428,11332,11.61,131564.52,11.61,0.00376808,0.499772,30073.7
920807.BJ,20260428,8961,11.7,104843.7,11.65,0.00725288,0.32315,12355.1
920808.BJ,20260428,21847,76.97,1681563.59,77.71,0.0112282,0.451904,19457.2
920809.BJ,20260428,385192,8.5,3274132.0,8.41,0.0839002,1.65878,45910.7
920810.BJ,20260428,2000,11.37,22740.0,11.38,0.00320474,0.281565,6240.75
920819.BJ,20260428,100,3.46,346.0,3.45,8.25338e-06,0.00154284,121162.0
920821.BJ,20260428,11882,23.0,273286.0,23.21,0.0163095,0.268626,7285.34
920826.BJ,20260428,100,10.41,1041.0,10.41,0.000160065,0.00449163,6247.45
920832.BJ,20260428,1779,6.69,11901.51,6.69,0.00144234,0.0999596,12334.2
920833.BJ,20260428,2800,15.02,42056.0,15.1,0.00448292,0.108823,6245.92
920834.BJ,20260428,13706,11.73,160771.38,11.73,0.0218261,1.05751,6279.64
920837.BJ,20260428,18090,12.75,230647.5,12.7,0.0132249,1.89342,13678.8
920839.BJ,20260428,10199,34.14,348193.86,34.51,0.0156799,1.50284,6504.51
920855.BJ,20260428,0,,0.0,15.52,0.0,0.0,6703.69
920856.BJ,20260428,8127,12.14,98661.78,12.14,0.0153166,0.559043,5306.0
920857.BJ,20260428,8212,19.71,161858.52,20.11,0.0110962,1.05711,7400.72
920866.BJ,20260428,500,7.48,3740.0,7.5,0.000438165,0.0438903,11411.2
920870.BJ,20260428,0,,0.0,14.2,0.0,0.0,6600.29
920871.BJ,20260428,400,12.65,5060.0,12.71,0.000850809,0.0666293,4701.41
920873.BJ,20260428,8309,8.45,70211.05,8.38,0.00693536,0.255903,11980.6
920876.BJ,20260428,705,24.05,16955.25,24.05,0.00179626,0.0561854,3924.82
920879.BJ,20260428,35732,21.09,753587.88,21.28,0.0285265,1.11093,12525.9
920885.BJ,20260428,4937,20.25,99974.25,20.25,0.00557833,0.155144,8850.32
920892.BJ,20260428,0,,0.0,15.04,0.0,0.0,15085.3
920895.BJ,20260428,131,16.19,2120.89,16.15,0.00045586,0.0235719,2873.69
920896.BJ,20260428,0,,0.0,17.25,0.0,0.0,4430.27
920906.BJ,20260428,3515,23.35,82075.25,23.4,0.0105379,0.519519,3335.57
920914.BJ,20260428,2827,26.33,74434.91,26.49,0.00284066,0.0991705,9951.92
920924.BJ,20260428,24378,20.39,497067.42,20.39,0.0372911,0.936825,6537.21
920925.BJ,20260428,34715,16.7,579740.5,16.37,0.0627814,2.61726,5529.51
920926.BJ,20260428,10900,14.38,156742.0,14.45,0.013594,2.36141,8018.24
920931.BJ,20260428,200,11.77,2354.0,11.72,0.000695028,0.0363448,2877.58
920932.BJ,20260428,25100,14.43,362193.0,14.74,0.0289127,2.04797,8681.31
920942.BJ,20260428,4100,25.0,102500.0,25.38,0.00989979,0.442443,4141.5
920943.BJ,20260428,3892,20.1,78229.2,19.98,0.00751238,0.39729,5180.78
920946.BJ,20260428,1990,9.98,19860.2,9.98,0.000466275,0.0937493,42678.7
920950.BJ,20260428,0,,0.0,15.76,0.0,0.0,3572.01
920953.BJ,20260428,300,29.75,8925.0,29.79,0.000500954,0.0229566,5988.58
920957.BJ,20260428,18700,11.37,212619.0,11.17,0.0437891,2.96207,4270.47
920961.BJ,20260428,59557,21.0,1250697.0,20.67,0.0572937,1.49481,10395.0
920964.BJ,20260428,0,,0.0,5.98,0.0,0.0,14769.7
920970.BJ,20260428,3375,7.04,23760.0,7.04,0.00481652,0.0913894,7007.13
920971.BJ,20260428,8422,28.65,241290.3,28.51,0.00982698,0.296839,8570.28
920974.BJ,20260428,7737,7.9,61122.3,7.94,0.00602327,0.23977,12845.2
920976.BJ,20260428,28450,28.01,796884.5,29.46,0.0644838,2.59143,4411.96
920978.BJ,20260428,100,27.1,2710.0,27.17,9.90737e-05,0.00330559,10093.5
920981.BJ,20260428,216276,35.0,7569660.0,36.37,0.579679,2.59793,3730.96
920982.BJ,20260428,4513,189.0,852957.0,190.14,0.00821964,0.342285,5490.51
920985.BJ,20260428,5500,6.4,35200.0,6.42,0.00250778,0.1556,21931.8
920992.BJ,20260428,10100,15.83,159883.0,15.68,0.020605,0.569275,4901.73
