ts_code,trade_date,vol,price,amount,pre_close,turnover_rate,volume_ratio,float_share
600000.SH,20260506,474734,9.27,4400784.0,9.27,0.00142538,0.638892,3330580.0
600004.SH,20260506,89600,8.72,781312.0,8.73,0.00378583,0.704184,236672.0
600006.SH,20260506,61000,6.72,409920.0,6.71,0.00305,0.285889,200000.0
600007.SH,20260506,26900,20.99,564631.0,21.0,0.00267055,1.0348,100728.0
600008.SH,20260506,291000,3.06,890460.0,3.06,0.00396426,0.406866,734059.0
600009.SH,20260506,68300,27.21,1858443.0,27.24,0.00333776,0.871106,204628.0
600010.SH,20260506,4174700,2.72,11355184.0,2.7,0.0133034,0.482789,3138080.0
600011.SH,20260506,815800,7.01,5718758.0,6.99,0.00741791,0.718343,1099770.0
600012.SH,20260506,29300,15.72,460596.0,15.66,0.00251373,0.72642,116560.0
600015.SH,20260506,2172324,6.89,14967312.0,6.89,0.0141177,2.66794,1538720.0
600016.SH,20260506,2879071,3.7,10652563.0,3.7,0.00811872,1.85104,3546210.0
600017.SH,20260506,298700,2.96,884152.0,2.96,0.00971176,1.04628,307565.0
600018.SH,20260506,515400,5.01,2582154.0,5.0,0.00221709,1.26972,2324670.0
600019.SH,20260506,698000,6.33,4418340.0,6.31,0.00320447,0.742197,2178210.0
600020.SH,20260506,394100,4.0,1576400.0,4.04,0.017536,1.77161,224737.0
600021.SH,20260506,129500,17.13,2218335.0,17.0,0.00459019,0.342853,282124.0
600022.SH,20260506,655700,1.45,950765.0,1.44,0.0061287,0.750279,1069880.0
600023.SH,20260506,538800,5.7,3071160.0,5.7,0.00401828,0.620089,1340870.0
600025.SH,20260506,109000,9.51,1036590.0,9.51,0.000585043,0.398664,1863110.0
600026.SH,20260506,525800,22.0,11567600.0,21.59,0.0137572,0.899991,382200.0
600027.SH,20260506,301500,4.99,1504485.0,4.99,0.0032716,0.228567,921568.0
600028.SH,20260506,2951940,5.38,15881437.0,5.39,0.00311542,0.782451,9475250.0
600029.SH,20260506,1515800,5.45,8261110.0,5.41,0.0112473,1.46267,1347700.0
600030.SH,20260506,1134971,27.29,30973359.0,27.22,0.00932096,0.674622,1217660.0
600031.SH,20260506,1377100,20.6,28368260.0,20.35,0.0162501,1.54205,847439.0
600032.SH,20260506,276000,9.98,2754480.0,9.87,0.0114776,0.343538,240468.0
600033.SH,20260506,199500,3.65,728175.0,3.64,0.00726935,0.959381,274440.0
600035.SH,20260506,189900,3.86,733014.0,3.84,0.0117942,2.11177,161012.0
600036.SH,20260506,577040,38.29,22094862.0,38.27,0.00279723,0.486742,2062890.0
600037.SH,20260506,442400,7.95,3517080.0,7.99,0.0317867,2.18758,139178.0
600038.SH,20260506,98900,31.18,3083702.0,31.21,0.0147847,1.28782,66893.5
600039.SH,20260506,235000,8.16,1917600.0,8.19,0.00270252,0.485542,869559.0
600048.SH,20260506,1332400,6.19,8247556.0,6.14,0.0111307,1.02148,1197040.0
600050.SH,20260506,1106300,4.53,5011539.0,4.52,0.00356981,0.841264,3099040.0
600051.SH,20260506,43800,7.81,342078.0,7.77,0.014089,0.56781,31088.0
600052.SH,20260506,2977801,4.44,13221436.0,4.44,0.352739,4.02195,84419.5
600053.SH,20260506,299300,10.32,3088776.0,10.86,0.0690362,11.173,43354.1
600054.SH,20260506,60800,11.82,718656.0,11.89,0.0118449,0.647051,51330.0
600055.SH,20260506,72100,14.4,1038240.0,14.45,0.0102552,0.932449,70306.1
600056.SH,20260506,82900,10.4,862160.0,10.36,0.00554385,0.597033,149535.0
600057.SH,20260506,355200,7.16,2543232.0,7.23,0.0169748,0.684385,209251.0
600058.SH,20260506,86800,11.29,979972.0,11.12,0.00809769,0.809002,107191.0
600059.SH,20260506,89200,8.88,792096.0,8.91,0.00978561,0.961079,91154.2
600060.SH,20260506,97800,25.58,2501724.0,25.6,0.0075221,0.732381,130017.0
600061.SH,20260506,374418,6.71,2512345.0,6.71,0.00585578,0.632156,639399.0
600062.SH,20260506,80400,17.85,1435140.0,17.85,0.00774398,1.25104,103823.0
600063.SH,20260506,271900,7.04,1914176.0,7.04,0.0131409,0.645084,206911.0
600064.SH,20260506,54436,8.03999,437665.0,8.03,0.00314597,0.299325,173034.0
600066.SH,20260506,67800,35.6,2413680.0,35.41,0.00306241,0.321671,221394.0
600067.SH,20260506,308800,3.62,1117856.0,3.64,0.0221892,0.951986,139167.0
600071.SH,20260506,31200,19.77,616824.0,19.42,0.0110806,0.758797,28157.4
600072.SH,20260506,647700,13.79,8931783.0,13.68,0.0597875,1.46529,108334.0
600073.SH,20260506,145600,5.91,860496.0,5.88,0.0155269,2.19467,93772.9
600075.SH,20260506,71300,6.86,489118.0,6.86,0.00417497,0.214197,170780.0
600076.SH,20260506,438300,3.29,1442007.0,3.33,0.0325984,1.87603,134454.0
600078.SH,20260506,105900,13.21,1398939.0,13.21,0.0159831,0.345134,66257.3
600079.SH,20260506,113300,18.99,2151567.0,18.88,0.00734199,1.04879,154318.0
600080.SH,20260506,12500,7.24,90500.0,7.62,0.00334878,0.189089,37327.0
600081.SH,20260506,6300,11.3,71190.0,11.29,0.00113919,0.198048,55302.6
600082.SH,20260506,435300,3.42,1488726.0,3.34,0.068623,1.71728,63433.5
600084.SH,20260506,5189000,5.08,26360120.0,5.35,0.461767,242.791,112373.0
600085.SH,20260506,71200,27.85,1982920.0,27.77,0.00519151,1.37593,137147.0
600088.SH,20260506,50200,14.72,738944.0,14.61,0.0126224,1.42908,39770.6
600089.SH,20260506,859000,26.9,23107100.0,26.82,0.0170005,0.660067,505279.0
600094.SH,20260506,64400,4.75,305900.0,4.71,0.00302884,0.263007,212623.0
600095.SH,20260506,33000,8.88,293040.0,8.88,0.00115417,0.104426,285919.0
600096.SH,20260506,387200,36.28,14047616.0,36.18,0.0212398,0.548253,182299.0
600097.SH,20260506,68100,10.6,721860.0,10.46,0.0282647,1.41841,24093.7
600098.SH,20260506,135800,7.13,968254.0,7.11,0.00387351,0.456518,350586.0
600099.SH,20260506,45400,11.69,530726.0,11.7,0.0207192,0.608247,21912.0
600100.SH,20260506,406000,8.08,3280480.0,7.98,0.0121183,0.810399,335030.0
600101.SH,20260506,174200,9.87,1719354.0,9.82,0.0317963,0.834284,54786.2
600103.SH,20260506,1182730,4.55,5381422.0,4.46,0.0534609,0.404731,221233.0
600104.SH,20260506,265000,13.77,3649050.0,13.78,0.00230529,0.731231,1149530.0
600105.SH,20260506,1112786,43.31,48194762.0,42.41,0.0761142,0.677715,146199.0
600106.SH,20260506,76000,5.93,450680.0,5.94,0.00571848,0.40214,132902.0
600108.SH,20260506,430700,4.4,1895080.0,4.34,0.0221222,0.662395,194692.0
600109.SH,20260506,228900,8.93,2044077.0,8.97,0.00617753,0.557727,370536.0
600110.SH,20260506,1017667,10.94,11133277.0,10.75,0.058649,0.458804,173518.0
600111.SH,20260506,2174244,53.12,115495841.0,53.04,0.060144,1.75214,361507.0
600113.SH,20260506,9200,44.93,413356.0,44.68,0.0022361,0.272786,41143.1
600114.SH,20260506,160847,34.11,5486491.0,34.08,0.0260953,0.97156,61638.3
600115.SH,20260506,2764600,4.37,12081302.0,4.32,0.0162385,1.79507,1702500.0
600116.SH,20260506,130300,6.58,857374.0,6.58,0.00681434,0.557928,191214.0
600117.SH,20260506,33900,2.61,88479.0,2.61,0.00104144,0.261396,325512.0
600118.SH,20260506,605300,102.0,61740600.0,102.8,0.0511886,0.92982,118249.0
600119.SH,20260506,463500,6.08,2818080.0,6.15,0.126892,2.58525,36527.0
600120.SH,20260506,254300,5.6,1424080.0,5.59,0.00744573,0.358391,341538.0
600121.SH,20260506,255300,4.25,1085025.0,4.25,0.0209535,0.527418,121841.0
600123.SH,20260506,183700,7.09,1302433.0,7.08,0.0124691,0.412602,147324.0
600125.SH,20260506,105000,6.15,645750.0,6.14,0.00804276,0.600325,130552.0
600126.SH,20260506,885700,8.87,7856159.0,8.74,0.026226,0.388618,337719.0
600127.SH,20260506,130300,6.82,888646.0,6.81,0.0203028,0.630849,64178.3
600128.SH,20260506,20500,10.68,218940.0,10.61,0.00830742,0.396845,24676.8
600129.SH,20260506,41200,15.56,641072.0,15.56,0.00747164,0.710127,55141.8
600130.SH,20260506,775800,4.56,3537648.0,4.62,0.10344,2.30424,75000.0
600131.SH,20260506,170400,17.24,2937696.0,17.14,0.0142486,0.912372,119591.0
600132.SH,20260506,43900,55.69,2444791.0,55.01,0.00907079,0.892566,48397.1
600133.SH,20260506,238800,9.0,2149200.0,8.98,0.0223965,0.752011,106624.0
600135.SH,20260506,540700,11.38,6153166.0,11.43,0.0977215,2.23815,55330.7
600136.SH,20260506,741900,1.79,1328001.0,1.79,0.0381815,4.30769,194309.0
600137.SH,20260506,35400,23.64,836856.0,23.4,0.0364132,0.790666,9721.76
600138.SH,20260506,75200,9.01,677552.0,9.01,0.010389,0.977704,72384.0
600141.SH,20260506,197100,32.65,6435315.0,32.64,0.0164012,0.599721,120174.0
600143.SH,20260506,211100,17.17,3624587.0,17.15,0.00801191,0.531049,263483.0
600148.SH,20260506,17600,19.19,337744.0,19.13,0.0124367,0.392154,14151.6
600149.SH,20260506,194700,6.44,1253868.0,6.43,0.0512153,0.792503,38016.0
600150.SH,20260506,4798532,41.02,196835783.0,41.76,0.0790343,2.67413,607145.0
600151.SH,20260506,678000,14.62,9912360.0,14.51,0.047272,1.0481,143425.0
600152.SH,20260506,3072600,14.85,45628110.0,14.85,0.580745,2.41502,52907.9
600153.SH,20260506,157300,9.51,1495923.0,9.51,0.005425,0.577438,289954.0
600155.SH,20260506,271300,6.27,1701051.0,6.27,0.0122564,1.02959,221354.0
600156.SH,20260506,2166900,11.02,23879238.0,10.8,0.538881,3.78294,40211.1
600157.SH,20260506,7488230,1.77,13254167.0,1.77,0.0343217,0.993973,2181780.0
600158.SH,20260506,4109900,11.85,48702315.0,11.85,0.428332,6.46482,95951.3
600159.SH,20260506,279700,3.35,936995.0,3.33,0.0336987,0.895111,83000.3
600160.SH,20260506,455011,36.64,16671603.0,36.63,0.0168538,1.06761,269975.0
600161.SH,20260506,73900,14.3,1056770.0,14.26,0.00373728,0.911563,197737.0
600162.SH,20260506,544500,1.91,1039995.0,1.89,0.0166593,1.28141,326844.0
600163.SH,20260506,195300,6.17,1205001.0,6.17,0.0102628,0.439646,190300.0
600165.SH,20260506,7700,3.37,25949.0,3.38,0.0010506,0.10828,73291.4
600166.SH,20260506,2145700,3.55,7617235.0,3.53,0.0271011,0.730605,791740.0
600167.SH,20260506,49400,6.67,329498.0,6.67,0.0021831,0.51008,226284.0
600168.SH,20260506,10340,5.07002,52424.0,5.07,0.00104087,0.159525,99339.8
600169.SH,20260506,328700,2.39,785593.0,2.39,0.00986157,2.78278,333314.0
600170.SH,20260506,1075610,2.71,2914903.0,2.7,0.0121046,0.849369,888594.0
600171.SH,20260506,205100,29.2,5988920.0,28.7,0.0289312,1.21408,70892.3
600172.SH,20260506,705800,8.59,6062822.0,8.43,0.0553024,0.782404,127626.0
600173.SH,20260506,60500,7.27,439835.0,7.28,0.00863772,0.560181,70041.6
600176.SH,20260506,1907800,35.2,67154560.0,34.5,0.0476576,1.2301,400314.0
600177.SH,20260506,151200,7.69,1162728.0,7.69,0.00327029,0.488894,462344.0
600178.SH,20260506,8200,10.25,84050.0,10.2,0.00175786,0.127748,46647.6
600179.SH,20260506,98900,4.22,417358.0,4.21,0.00256066,0.336641,386228.0
600180.SH,20260506,17400,2.76,48024.0,2.91,0.00160128,0.071993,108663.0
600182.SH,20260506,176800,13.81,2441608.0,14.54,0.104,7.34069,17000.0
600183.SH,20260506,497420,78.8,39196696.0,76.51,0.0207734,0.839306,239450.0
600184.SH,20260506,247000,22.18,5478460.0,21.87,0.0423869,0.611965,58272.7
600185.SH,20260506,457300,5.91,2702643.0,5.94,0.0242599,1.69909,188501.0
600186.SH,20260506,5795461,10.95,63460298.0,10.72,0.323925,1.6003,178914.0
600188.SH,20260506,679500,22.0,14949000.0,22.85,0.0113984,1.01512,596135.0
600189.SH,20260506,51100,8.3,424130.0,8.29,0.00714488,0.401846,71519.8
600191.SH,20260506,50400,12.59,634536.0,12.7,0.0103932,0.427734,48493.2
600192.SH,20260506,24500,8.28,202860.0,8.26,0.00554615,0.519543,44174.8
600195.SH,20260506,94700,7.5,710250.0,7.52,0.00927387,0.871428,102115.0
600196.SH,20260506,162600,24.83,4037358.0,24.89,0.00767528,0.802259,211849.0
600197.SH,20260506,34800,12.26,426648.0,12.26,0.00735458,0.73665,47317.5
600198.SH,20260506,616900,8.67,5348523.0,8.4,0.0473828,2.22972,130195.0
600199.SH,20260506,117100,7.92,927432.0,7.94,0.0178018,1.56205,65779.7
600201.SH,20260506,51200,14.69,752128.0,14.59,0.00460536,0.229615,111175.0
600202.SH,20260506,86600,6.45,558570.0,6.36,0.0225909,0.666718,38334.1
600203.SH,20260506,97800,12.3,1202940.0,12.21,0.0164927,0.353418,59298.8
600206.SH,20260506,1806100,28.36,51220996.0,27.37,0.213347,2.00373,84655.3
600207.SH,20260506,56300,5.59,314717.0,5.59,0.0051684,0.237597,108931.0
600208.SH,20260506,10666414,4.58,48852176.0,4.55,0.12537,3.53873,850798.0
600210.SH,20260506,337200,7.01,2363772.0,6.98,0.0222319,1.09058,151674.0
600211.SH,20260506,46300,40.39,1870057.0,40.46,0.0143646,1.59188,32231.9
600212.SH,20260506,29200,7.13,208196.0,7.06,0.00549719,0.171172,53118.0
600215.SH,20260506,384500,7.07,2718415.0,6.84,0.0841572,2.99602,45688.3
600216.SH,20260506,75800,14.54,1102132.0,14.54,0.00796729,0.368837,95138.9
600217.SH,20260506,72679,3.78001,274727.0,3.78,0.00438445,0.494388,165765.0
600218.SH,20260506,52200,9.66,504252.0,9.66,0.0119835,0.709682,43560.0
600219.SH,20260506,1098700,5.4,5932980.0,5.37,0.00956747,0.39265,1148370.0
600221.SH,20260506,13085422,1.51,19758987.0,1.51,0.0305409,3.33608,4284550.0
600222.SH,20260506,45100,6.81,307131.0,6.8,0.0078587,0.297481,57388.6
600223.SH,20260506,90400,6.51,588504.0,6.55,0.00889266,1.21215,101657.0
600226.SH,20260506,559000,5.4,3018600.0,5.4,0.0187938,0.855266,297438.0
600227.SH,20260506,2812700,4.0,11250800.0,4.09,0.220155,0.954705,127760.0
600228.SH,20260506,58700,6.23,365701.0,6.17,0.0141093,0.961959,41603.7
600229.SH,20260506,41600,6.3,262080.0,6.32,0.00629628,0.858146,66070.8
600230.SH,20260506,214700,18.97,4072859.0,18.97,0.0518648,1.32359,41396.1
600231.SH,20260506,278100,2.18,606258.0,2.17,0.00980474,0.784486,283638.0
600232.SH,20260506,91100,8.74,796214.0,8.58,0.0249782,1.20404,36471.9
600233.SH,20260506,81400,21.52,1751728.0,21.5,0.00237823,0.331697,342271.0
600234.SH,20260506,101700,24.41,2482497.0,24.4,0.0387398,1.01396,26252.1
600235.SH,20260506,103600,6.99,724164.0,6.95,0.0294905,1.18077,35130.0
600236.SH,20260506,234700,10.17,2386899.0,10.09,0.00297753,0.944426,788238.0
600237.SH,20260506,62400,8.94,557856.0,8.88,0.00999014,0.315966,62461.6
600238.SH,20260506,914400,5.44,4974336.0,5.64,0.205358,5.94799,44527.2
600239.SH,20260506,367700,1.83,672891.0,1.93,0.0228999,1.86416,160569.0
600241.SH,20260506,30100,9.85,296485.0,9.76,0.0102276,0.384656,29430.2
600243.SH,20260506,301800,4.17,1258506.0,4.16,0.0687706,2.02505,43885.0
600246.SH,20260506,6286300,11.82,74304066.0,11.28,0.332536,5.6772,189041.0
600248.SH,20260506,515800,3.49,1800142.0,3.48,0.013919,0.940949,370574.0
600249.SH,20260506,172300,5.99,1032077.0,5.99,0.0313273,1.1949,55000.0
600250.SH,20260506,243700,10.72,2612464.0,10.91,0.0779113,1.66334,31279.1
600251.SH,20260506,269832,12.94,3491626.0,12.95,0.0347277,1.12704,77699.4
600252.SH,20260506,94900,2.46,233454.0,2.46,0.00298037,0.302197,318416.0
600255.SH,20260506,125900,3.65,459535.0,3.65,0.00697064,0.353218,180615.0
600256.SH,20260506,2099800,6.65,13963670.0,6.75,0.0328504,0.763633,639200.0
600257.SH,20260506,165500,6.18,1022790.0,6.1,0.0343905,1.23561,48123.7
600258.SH,20260506,66100,15.58,1029838.0,15.65,0.00591974,0.306284,111660.0
600259.SH,20260506,113900,91.9,10467410.0,92.01,0.0338549,0.631791,33643.6
600261.SH,20260506,435900,3.58,1560522.0,3.56,0.0326504,1.07611,133505.0
600262.SH,20260506,30800,24.73,761684.0,24.51,0.0181176,0.373897,17000.0
600265.SH,20260506,32200,21.91,705502.0,22.02,0.0248074,1.41372,12980.0
600266.SH,20260506,1532000,5.14,7874480.0,5.14,0.0738049,3.82336,207574.0
600267.SH,20260506,233400,11.25,2625750.0,11.32,0.0194701,0.673211,119876.0
600268.SH,20260506,130400,14.95,1949480.0,14.97,0.0129003,0.553988,101083.0
600269.SH,20260506,61100,4.44,271284.0,4.43,0.00261625,0.414228,233541.0
600271.SH,20260506,190900,8.47,1616923.0,8.41,0.0103029,0.978756,185288.0
600272.SH,20260506,44400,12.61,559884.0,12.64,0.02775,1.55749,16000.0
600273.SH,20260506,58200,8.22,478404.0,8.17,0.00443831,0.224877,131131.0
600276.SH,20260506,445200,53.98,24031896.0,53.88,0.00697915,0.69121,637900.0
600278.SH,20260506,12600,7.09,89334.0,7.06,0.00144509,0.207461,87191.6
600279.SH,20260506,22900,4.87,111523.0,4.88,0.00192945,0.350155,118687.0
600280.SH,20260506,151500,3.18,481770.0,3.18,0.0134269,0.580327,112833.0
600281.SH,20260506,46600,5.62,261892.0,5.6,0.00905906,0.509708,51440.2
600282.SH,20260506,85400,5.4,461160.0,5.39,0.00138522,0.196218,616509.0
600283.SH,20260506,4200,9.17,38514.0,9.16,0.000771822,0.0928074,54416.7
600284.SH,20260506,149500,7.06,1055470.0,7.05,0.0154083,1.01443,97025.6
600285.SH,20260506,44100,22.36,986076.0,22.36,0.00779337,0.368957,56586.5
600287.SH,20260506,29200,5.98,174616.0,5.92,0.00668504,0.428739,43679.6
600288.SH,20260506,111100,15.48,1719828.0,15.18,0.025435,1.14873,43680.0
600289.SH,20260506,139600,6.15,858540.0,6.21,0.0246677,1.72888,56592.3
600292.SH,20260506,67300,15.49,1042477.0,15.32,0.00861918,0.397361,78081.7
600293.SH,20260506,35600,3.16,112496.0,3.16,0.00306858,0.131503,116015.0
600295.SH,20260506,41800,15.67,655006.0,15.67,0.00211584,0.50897,197558.0
600298.SH,20260506,26900,37.63,1012247.0,37.6,0.00313831,0.308453,85715.0
600299.SH,20260506,112100,13.26,1486446.0,13.29,0.00417987,0.538952,268190.0
600300.SH,20260506,731300,3.74,2735062.0,3.74,0.0452217,1.76454,161714.0
600301.SH,20260506,96700,51.66,4995522.0,50.53,0.0351208,0.801638,27533.6
600303.SH,20260506,142900,3.33,475857.0,3.31,0.0211514,0.604059,67560.4
600305.SH,20260506,49000,7.55,369950.0,7.53,0.00444248,0.816997,110299.0
600307.SH,20260506,309000,1.78,550020.0,1.77,0.00493346,0.489168,626336.0
600308.SH,20260506,127200,3.91,497352.0,3.89,0.00838569,0.526419,151687.0
600309.SH,20260506,117500,89.56,10523300.0,89.54,0.00375343,0.398361,313047.0
600310.SH,20260506,1107700,4.94,5472038.0,4.94,0.0755743,0.577129,146571.0
600312.SH,20260506,343200,21.95,7533240.0,21.96,0.0252925,1.24308,135692.0
600313.SH,20260506,167800,7.12,1194736.0,7.12,0.0155055,0.471028,108220.0
600315.SH,20260506,44900,20.28,910572.0,20.17,0.0066793,0.54627,67222.6
600316.SH,20260506,88900,36.5,3244850.0,36.61,0.0123969,0.634174,71711.5
600318.SH,20260506,19000,7.86,149340.0,7.85,0.00370567,0.169786,51272.8
600319.SH,20260506,19500,8.16,159120.0,8.08,0.00502954,0.336804,38770.9
600320.SH,20260506,522000,5.46,2850120.0,5.42,0.0157134,0.463254,332200.0
600322.SH,20260506,3088500,2.71,8369835.0,2.73,0.279325,10.9954,110570.0
600323.SH,20260506,48800,32.18,1570384.0,32.01,0.00598518,0.43215,81534.7
600325.SH,20260506,711900,3.47,2470293.0,3.46,0.025867,1.1135,275215.0
600326.SH,20260506,90400,9.38,847952.0,9.37,0.00663504,0.279619,136246.0
600327.SH,20260506,205100,4.0,820400.0,3.97,0.0231809,1.21417,88478.0
600328.SH,20260506,228200,8.08,1843856.0,8.1,0.0155629,0.642903,146631.0
600329.SH,20260506,47300,40.61,1920853.0,40.6,0.00834084,1.3372,56708.9
600330.SH,20260506,8701127,27.1,235800542.0,27.89,0.705439,3.584,123343.0
600331.SH,20260506,707700,18.4,13021680.0,18.14,0.0348278,0.915629,203200.0
600332.SH,20260506,60500,22.65,1370325.0,22.65,0.00430332,0.475812,140589.0
600333.SH,20260506,146500,5.76,843840.0,5.77,0.0240546,0.626619,60903.1
600335.SH,20260506,32200,6.08,195776.0,6.07,0.00215271,0.276254,149579.0
600336.SH,20260506,55500,7.55,419025.0,7.55,0.00695476,0.448169,79801.5
600338.SH,20260506,2564300,27.17,69672031.0,27.58,0.280493,1.73745,91421.0
600339.SH,20260506,1288000,3.99,5139120.0,4.07,0.0230694,1.10721,558315.0
600343.SH,20260506,267000,34.57,9230190.0,34.52,0.041836,0.845427,63820.6
600345.SH,20260506,117300,49.2,5771160.0,48.66,0.0554454,0.738061,21155.9
600346.SH,20260506,267400,22.45,6003130.0,22.09,0.00379878,0.557385,703910.0
600348.SH,20260506,269400,10.51,2831394.0,10.45,0.00746778,0.451325,360750.0
600350.SH,20260506,56500,10.68,603420.0,10.7,0.00116867,0.787783,483457.0
600351.SH,20260506,493600,7.08,3494688.0,7.08,0.0713295,1.56245,69200.0
600352.SH,20260506,327700,13.28,4351856.0,13.12,0.0100728,0.637496,325333.0
600353.SH,20260506,165500,17.22,2849910.0,17.23,0.0199684,0.45478,82881.1
600354.SH,20260506,53900,6.26,337414.0,6.26,0.0102122,0.304879,52780.2
600356.SH,20260506,82400,9.99,823176.0,9.93,0.0275833,0.790709,29873.1
600358.SH,20260506,46600,5.93,276338.0,5.89,0.00922888,0.628159,50493.7
600359.SH,20260506,202100,7.6,1535960.0,7.62,0.0529733,1.87884,38151.3
600360.SH,20260506,228600,10.31,2356866.0,10.18,0.0238052,1.36038,96029.5
600361.SH,20260506,165100,4.5,742950.0,4.47,0.00442312,0.282448,373266.0
600362.SH,20260506,237200,45.6,10816320.0,45.46,0.01143,0.678514,207525.0
600363.SH,20260506,368500,47.52,17511120.0,48.0,0.0817275,3.82075,45088.8
600365.SH,20260506,54500,3.09,168405.0,3.09,0.0127551,1.04832,42728.0
600366.SH,20260506,175500,13.33,2339415.0,13.27,0.0159685,0.592368,109904.0
600367.SH,20260506,484300,23.48,11371364.0,23.47,0.150416,1.35612,32197.3
600368.SH,20260506,172000,3.9,670800.0,3.89,0.0106855,1.79914,160965.0
600369.SH,20260506,58600,4.24,248464.0,4.24,0.000881852,0.189382,664511.0
600370.SH,20260506,88700,2.41,213767.0,2.54,0.00220744,0.0682695,401823.0
600371.SH,20260506,34500,8.8,303600.0,8.79,0.0117917,0.677766,29257.8
600372.SH,20260506,790400,13.25,10472800.0,13.0,0.0163343,2.2877,483890.0
600373.SH,20260506,86800,8.35,724780.0,8.3,0.00644223,1.02545,134736.0
600375.SH,20260506,54200,5.38,291596.0,5.37,0.00370551,0.210544,146269.0
600376.SH,20260506,190100,4.47,849747.0,4.53,0.00736946,0.443308,257957.0
600377.SH,20260506,69700,12.25,853825.0,12.3,0.00183316,0.829781,380218.0
600378.SH,20260506,216400,36.76,7954864.0,36.4,0.0201759,1.224,107257.0
600379.SH,20260506,7082900,18.25,129262925.0,16.78,2.14502,18.8942,33020.2
600380.SH,20260506,40400,10.93,441572.0,10.93,0.00220831,0.282825,182945.0
600381.SH,20260506,430800,3.77,1624116.0,3.59,0.0733825,4.04154,58706.1
600382.SH,20260506,91900,8.42,773798.0,8.37,0.0132343,0.572626,69440.8
600383.SH,20260506,801200,2.92,2339504.0,2.9,0.0177469,1.05224,451458.0
600386.SH,20260506,65800,4.19,275702.0,4.15,0.00815972,0.610469,80640.0
600388.SH,20260506,63000,18.6,1171800.0,18.62,0.00496045,0.339467,127005.0
600389.SH,20260506,36100,28.69,1035709.0,28.9,0.00838268,0.520156,43065.0
600390.SH,20260506,183582,5.24,961970.0,5.24,0.00408135,0.671521,449807.0
600391.SH,20260506,60800,36.99,2248992.0,37.19,0.018417,0.369066,33012.9
600392.SH,20260506,477067,26.08,12441907.0,26.03,0.027217,0.646115,175283.0
600395.SH,20260506,59600,5.53,329588.0,5.53,0.00277645,0.13336,214662.0
600396.SH,20260506,3070000,10.08,30945600.0,9.92,0.20846,0.858353,147271.0
600397.SH,20260506,613300,14.23,8727259.0,14.35,0.061952,1.23859,98996.0
600398.SH,20260506,369600,6.66,2461536.0,6.61,0.00769556,1.28008,480277.0
600399.SH,20260506,123100,5.52,679512.0,5.47,0.00624208,0.320748,197210.0
600400.SH,20260506,2953300,2.71,8003443.0,2.76,0.128888,2.1561,229137.0
600403.SH,20260506,28400,5.78,164152.0,5.79,0.00118788,0.134147,239081.0
600405.SH,20260506,34500,5.24,180780.0,5.24,0.00565463,0.298094,61011.9
600406.SH,20260506,1049800,25.99,27284302.0,25.97,0.0131091,1.41135,800818.0
600408.SH,20260506,92400,3.3,304920.0,3.3,0.00917759,0.145674,100680.0
600409.SH,20260506,180800,7.86,1421088.0,7.76,0.00875821,0.326177,206435.0
600410.SH,20260506,506800,22.36,11332048.0,21.92,0.04622,0.369539,109649.0
600415.SH,20260506,761500,13.35,10166025.0,13.25,0.013887,0.516257,548356.0
600416.SH,20260506,112100,12.49,1400129.0,12.37,0.00759597,0.511459,147578.0
600418.SH,20260506,406600,47.6,19354160.0,47.34,0.0186171,0.763243,218401.0
600419.SH,20260506,19000,9.59,182210.0,9.62,0.00602196,0.345191,31551.2
600420.SH,20260506,54500,9.59,522655.0,9.59,0.00406361,0.684691,134117.0
600422.SH,20260506,29000,9.51,275790.0,9.5,0.00383103,0.219653,75697.6
600423.SH,20260506,329500,3.1,1021450.0,3.09,0.0412548,0.632298,79869.5
600425.SH,20260506,134500,4.1,551450.0,4.1,0.00838161,0.680071,160470.0
600426.SH,20260506,159000,38.01,6043590.0,38.5,0.00751751,0.61236,211506.0
600428.SH,20260506,126100,8.58,1081938.0,8.56,0.00515686,0.298826,244529.0
600429.SH,20260506,231200,6.0,1387200.0,6.09,0.0154385,0.54843,149756.0
600433.SH,20260506,6114900,4.95,30268755.0,4.84,0.349367,3.49195,175028.0
600435.SH,20260506,107000,14.49,1550430.0,14.45,0.00707505,0.535385,151236.0
600436.SH,20260506,53500,142.5,7623750.0,143.55,0.00886764,1.51786,60331.7
600438.SH,20260506,623100,17.37,10823247.0,17.37,0.0138405,1.15707,450199.0
600439.SH,20260506,268000,2.63,704840.0,2.62,0.0236752,1.29542,113199.0
600444.SH,20260506,49800,17.31,862038.0,17.31,0.0340113,1.19349,14642.2
600446.SH,20260506,233100,13.82,3221442.0,13.68,0.0247645,0.987491,94126.8
600448.SH,20260506,646000,3.59,2319140.0,3.59,0.102569,2.63309,62982.0
600449.SH,20260506,15800,12.94,204452.0,12.91,0.00330419,0.334508,47818.1
600452.SH,20260506,155600,11.67,1815852.0,11.61,0.0101266,0.497009,153654.0
600455.SH,20260506,53500,28.5,1524750.0,28.09,0.0856576,1.4847,6245.8
600456.SH,20260506,73500,33.5,2462250.0,33.41,0.0153837,0.850068,47777.8
600458.SH,20260506,38900,12.01,467189.0,12.01,0.00451178,0.353236,86218.7
600459.SH,20260506,114154,20.11,2295637.0,20.09,0.0150261,0.686543,75970.6
600460.SH,20260506,851379,29.6,25200818.0,28.9,0.0511624,1.60564,166407.0
600461.SH,20260506,35000,10.28,359800.0,10.28,0.00272553,0.368699,128416.0
600463.SH,20260506,35600,10.8,384480.0,10.79,0.0118667,0.802216,30000.0
600467.SH,20260506,285200,2.45,698740.0,2.45,0.019521,0.795383,146099.0
600468.SH,20260506,143300,7.58,1086214.0,7.44,0.0131742,0.517152,108774.0
600469.SH,20260506,111100,6.44,715484.0,6.39,0.0152306,0.657377,72945.1
600470.SH,20260506,114000,6.96,793440.0,6.98,0.0218558,0.268783,52160.0
600475.SH,20260506,50100,16.92,847692.0,16.89,0.00531348,0.465131,94288.6
600476.SH,20260506,409700,11.67,4781199.0,11.56,0.254361,3.39531,16107.0
600477.SH,20260506,347600,3.01,1046276.0,3.02,0.0147353,1.01409,235897.0
600478.SH,20260506,303100,7.63,2312653.0,7.59,0.0181983,0.433941,166554.0
600479.SH,20260506,116900,11.01,1287069.0,11.01,0.0279326,1.06515,41850.7
600480.SH,20260506,236500,10.18,2407570.0,10.11,0.0194988,0.968926,121290.0
600481.SH,20260506,549800,6.1,3353780.0,6.08,0.0266353,1.06826,206418.0
600482.SH,20260506,294100,39.3,11558130.0,38.57,0.012966,0.629662,226825.0
600483.SH,20260506,141400,10.09,1426726.0,10.01,0.00508608,0.501616,278014.0
600486.SH,20260506,22200,72.0,1598400.0,72.34,0.0054952,0.358639,40398.9
600487.SH,20260506,1164903,67.5,78630953.0,65.7,0.0476408,0.624949,244518.0
600488.SH,20260506,838900,5.7,4781730.0,5.7,0.0768303,0.604645,109189.0
600489.SH,20260506,940905,26.22,24670529.0,25.96,0.0194109,1.70527,484731.0
600490.SH,20260506,658200,8.22,5410404.0,8.19,0.0330319,1.3299,199262.0
600493.SH,20260506,118900,7.72,917908.0,7.56,0.0437132,1.44504,27200.0
600495.SH,20260506,49500,4.28,211860.0,4.29,0.00409703,0.387546,120819.0
600496.SH,20260506,477800,4.18,1997204.0,4.15,0.0240085,0.5711,199013.0
600497.SH,20260506,867400,9.02,7823948.0,8.98,0.017209,0.782095,504038.0
600498.SH,20260506,836900,47.4,39669060.0,46.68,0.0658136,0.72077,127162.0
600499.SH,20260506,286200,19.48,5575176.0,19.25,0.0149229,0.499315,191786.0
600500.SH,20260506,467700,4.65,2174805.0,4.6,0.013034,1.0233,358831.0
600501.SH,20260506,50665,23.9,1210894.0,23.61,0.0118425,0.679541,42782.4
600502.SH,20260506,127200,5.41,688152.0,5.39,0.00741028,0.256773,171653.0
600503.SH,20260506,310800,2.58,801864.0,2.57,0.0193972,0.720108,160229.0
600505.SH,20260506,111100,13.91,1545401.0,13.78,0.0304745,1.00498,36456.8
600506.SH,20260506,55600,17.41,967996.0,17.39,0.0222734,0.711216,24962.5
600507.SH,20260506,42600,5.86,249636.0,5.82,0.00184161,0.109886,231319.0
600508.SH,20260506,50900,13.88,706492.0,13.88,0.00704286,0.51713,72271.8
600509.SH,20260506,216200,8.11,1753382.0,8.1,0.0157305,0.828146,137440.0
600510.SH,20260506,96700,11.27,1089809.0,11.06,0.00936992,0.478993,103203.0
600511.SH,20260506,23500,28.65,673275.0,28.66,0.00424689,0.4935,55334.6
600512.SH,20260506,400500,2.41,965205.0,2.4,0.0252299,1.004,158741.0
600513.SH,20260506,327500,22.65,7417875.0,22.78,0.114729,1.53993,28545.6
600515.SH,20260506,616100,3.61,2224121.0,3.61,0.00671425,0.599375,917601.0
600516.SH,20260506,478800,5.72,2738736.0,5.66,0.0118928,0.69981,402597.0
600517.SH,20260506,434400,5.91,2567304.0,5.92,0.00759648,1.19327,571844.0
600518.SH,20260506,882434,1.7,1500138.0,1.71,0.00638411,0.718303,1382240.0
600519.SH,20260506,133500,1365.1,182240850.0,1384.79,0.0106606,2.67189,125227.0
600520.SH,20260506,85600,29.98,2566288.0,29.46,0.0540302,0.84601,15843.0
600521.SH,20260506,135600,16.32,2212992.0,16.29,0.00905659,0.700957,149725.0
600522.SH,20260506,4036400,33.67,135905588.0,33.12,0.118267,1.6751,341295.0
600523.SH,20260506,122300,13.7,1675510.0,13.7,0.0302689,3.48435,40404.5
600525.SH,20260506,14500,5.21,75545.0,5.19,0.0010995,0.0984418,131878.0
600526.SH,20260506,66100,5.46,360906.0,5.43,0.00757153,0.365817,87300.7
600527.SH,20260506,2855560,3.01,8595236.0,2.95,0.164893,1.60747,173176.0
600528.SH,20260506,83502,7.81,652151.0,7.79,0.00375872,0.611309,222155.0
600529.SH,20260506,35400,18.64,659856.0,18.64,0.00533443,0.620509,66361.4
600530.SH,20260506,48100,5.46,262626.0,5.43,0.00620709,0.433428,77492.0
600531.SH,20260506,412900,14.95,6172855.0,14.73,0.0341448,0.522116,120926.0
600533.SH,20260506,331200,2.57,851184.0,2.58,0.0315429,1.513,105000.0
600535.SH,20260506,43600,15.15,660540.0,15.13,0.00291844,0.212768,149395.0
600536.SH,20260506,181500,38.36,6962340.0,37.78,0.0215135,1.4568,84365.6
600537.SH,20260506,3853200,3.04,11713728.0,3.2,0.325518,3.13592,118372.0
600538.SH,20260506,38600,6.71,259006.0,6.72,0.00736362,0.176417,52419.8
600539.SH,20260506,519700,17.37,9027189.0,17.56,0.225957,2.34464,23000.0
600540.SH,20260506,1505400,5.59,8415186.0,5.58,0.258937,6.12183,58137.7
600543.SH,20260506,309400,4.97,1537718.0,4.96,0.0963503,1.78763,32112.0
600545.SH,20260506,5149013,4.9,25230164.0,4.89,0.28799,2.8105,178791.0
600546.SH,20260506,138100,13.9,1919590.0,14.06,0.00696611,0.329392,198246.0
600547.SH,20260506,619800,34.63,21463674.0,34.38,0.0171479,1.26189,361444.0
600548.SH,20260506,10300,9.05,93215.0,9.07,0.000600784,0.307444,171443.0
600549.SH,20260506,508600,57.6,29295360.0,57.78,0.0327299,0.647714,155393.0
600550.SH,20260506,241900,15.11,3655109.0,14.95,0.0131358,0.542096,184153.0
600551.SH,20260506,73600,8.1,596160.0,8.12,0.0108546,1.92437,67805.5
600552.SH,20260506,306800,15.7,4816760.0,15.54,0.0324791,0.469328,94460.7
600556.SH,20260506,194000,6.02,1167880.0,5.95,0.0107316,0.500246,180775.0
600557.SH,20260506,25000,13.49,337250.0,13.48,0.00441572,0.416872,56615.9
600558.SH,20260506,190600,5.76,1097856.0,5.75,0.0212343,0.78531,89760.5
600559.SH,20260506,140400,13.46,1889784.0,13.57,0.0154369,1.00236,90950.9
600560.SH,20260506,28000,14.64,409920.0,14.53,0.0125198,1.11235,22364.6
600561.SH,20260506,115400,7.07,815878.0,6.94,0.0405657,1.61434,28447.7
600562.SH,20260506,40000,27.65,1106000.0,27.46,0.00322098,0.408809,124186.0
600563.SH,20260506,36200,118.99,4307438.0,118.02,0.0160889,0.598382,22500.0
600566.SH,20260506,16700,27.6,460920.0,27.69,0.00181808,0.191965,91855.2
600567.SH,20260506,3430800,1.46,5008968.0,1.45,0.0543928,3.46147,630745.0
600568.SH,20260506,124300,2.66,330638.0,2.66,0.00744727,1.06278,166907.0
600569.SH,20260506,237000,2.09,495330.0,2.09,0.00825088,0.958452,287242.0
600570.SH,20260506,332000,26.98,8957360.0,26.79,0.0175323,1.28405,189365.0
600571.SH,20260506,23600,12.7,299720.0,12.68,0.00515563,0.26306,45775.2
600572.SH,20260506,318800,4.47,1425036.0,4.48,0.0125995,0.550331,253025.0
600573.SH,20260506,433300,13.68,5927544.0,13.74,0.17332,3.21681,25000.0
600575.SH,20260506,736200,3.6,2650320.0,3.61,0.0189437,0.878765,388626.0
600576.SH,20260506,19400,5.97,115818.0,5.96,0.00293766,0.132365,66039.0
600577.SH,20260506,231800,13.03,3020354.0,13.03,0.0107759,0.491377,215110.0
600578.SH,20260506,460800,4.87,2244096.0,4.88,0.00688314,0.707869,669462.0
600579.SH,20260506,167100,7.81,1305051.0,7.84,0.0338533,2.84915,49360.1
600580.SH,20260506,164120,38.02,6239842.0,37.85,0.0105365,0.644657,155763.0
600581.SH,20260506,3076000,2.86,8797360.0,2.82,0.200666,12.1387,153290.0
600582.SH,20260506,159300,5.69,906417.0,5.69,0.00384914,0.522393,413859.0
600583.SH,20260506,761200,6.71,5107652.0,6.77,0.0172164,1.81035,442135.0
600584.SH,20260506,2427200,47.86,116165792.0,45.56,0.135642,2.75636,178941.0
600585.SH,20260506,397200,21.01,8345172.0,21.13,0.00993074,1.19533,399970.0
600586.SH,20260506,264300,5.87,1551441.0,5.86,0.0186476,0.502544,141734.0
600587.SH,20260506,29264,13.75,402380.0,13.75,0.00482391,0.40514,60664.5
600588.SH,20260506,253900,11.8,2996020.0,11.68,0.0074305,0.57241,341700.0
600589.SH,20260506,2586200,10.66,27568892.0,10.07,0.174924,2.271,147847.0
600590.SH,20260506,647800,15.94,10325932.0,15.69,0.0767927,1.50359,84357.0
600592.SH,20260506,36200,19.08,690696.0,19.09,0.00906011,0.485056,39955.4
600593.SH,20260506,20200,33.74,681548.0,34.08,0.0156832,0.507334,12880.0
600594.SH,20260506,163800,4.05,663390.0,4.05,0.0206837,0.280976,79192.7
600595.SH,20260506,200700,7.79,1563453.0,7.73,0.0050076,0.274142,400790.0
600596.SH,20260506,154700,12.47,1929109.0,12.49,0.0114627,0.638586,134960.0
600597.SH,20260506,422300,7.4,3125020.0,7.4,0.0306357,6.58421,137846.0
600598.SH,20260506,209500,16.74,3507030.0,16.75,0.011785,0.812027,177768.0
600600.SH,20260506,120400,63.59,7656236.0,63.41,0.0169786,1.9772,70912.6
600601.SH,20260506,1183277,11.88,14057331.0,11.67,0.028374,0.574222,417029.0
600602.SH,20260506,350678,22.1,7749984.0,21.77,0.0326424,0.747711,107430.0
600603.SH,20260506,38200,5.88,224616.0,5.86,0.00324846,0.181527,117594.0
600604.SH,20260506,43700,4.85,211945.0,4.83,0.0031049,0.427013,140745.0
600605.SH,20260506,26300,31.51,828713.0,31.6,0.0127495,0.330043,20628.2
600606.SH,20260506,9411076,1.54,14493057.0,1.57,0.0669626,5.45329,1405420.0
600609.SH,20260506,40300,4.03,162409.0,4.02,0.00308917,0.260751,130456.0
600610.SH,20260506,32000,9.32,298240.0,9.29,0.00451514,0.190626,70872.7
600611.SH,20260506,213600,4.52,965472.0,4.53,0.0136633,1.08493,156332.0
600612.SH,20260506,6500,39.4,256100.0,39.41,0.00204976,0.417561,31711.0
600613.SH,20260506,135200,5.88,794976.0,5.88,0.0282066,1.235,47932.0
600615.SH,20260506,21700,12.1,262570.0,11.87,0.00963305,0.604002,22526.6
600616.SH,20260506,29800,4.99,148702.0,5.0,0.00445438,0.342589,66900.5
600617.SH,20260506,508500,3.61,1835685.0,3.59,0.0286391,0.910681,177554.0
600618.SH,20260506,89100,12.88,1147608.0,12.87,0.0118825,0.682249,74984.0
600619.SH,20260506,793800,17.89,14201082.0,17.9,0.100586,2.68263,78917.5
600620.SH,20260506,89600,5.52,494592.0,5.52,0.0130483,1.00501,68667.7
600621.SH,20260506,83800,14.17,1187446.0,14.14,0.00789896,0.842644,106090.0
600622.SH,20260506,73500,2.69,197715.0,2.67,0.00490103,0.361471,149969.0
600623.SH,20260506,273100,10.98,2998638.0,10.88,0.0145573,0.873178,187603.0
600624.SH,20260506,382000,4.7,1795400.0,4.62,0.0562305,5.7676,67934.7
600626.SH,20260506,48300,3.93,189819.0,3.92,0.00435929,0.385171,110798.0
600628.SH,20260506,56000,7.25,406000.0,7.2,0.008657,0.536032,64687.5
600629.SH,20260506,229200,20.3,4652760.0,20.4,0.0239206,1.25363,95817.1
600630.SH,20260506,53500,8.34,446190.0,8.33,0.0125923,0.600233,42486.2
600633.SH,20260506,355200,13.2,4688640.0,13.12,0.028011,0.351724,126807.0
600635.SH,20260506,252289,5.27,1329563.0,5.29,0.0104304,0.535283,241879.0
600637.SH,20260506,889700,10.02,8914794.0,9.98,0.0264642,1.06924,336190.0
600638.SH,20260506,69300,6.25,433125.0,6.25,0.0102911,0.481815,67339.7
600639.SH,20260506,205700,10.39,2137223.0,10.32,0.0241933,1.78377,85023.7
600640.SH,20260506,40600,12.45,505470.0,12.4,0.00510245,0.513478,79569.6
600641.SH,20260506,298900,28.14,8411046.0,27.62,0.032118,0.49723,93063.0
600642.SH,20260506,221600,9.03,2001048.0,9.06,0.00452817,0.797257,489381.0
600643.SH,20260506,94900,4.8,455520.0,4.82,0.00596723,0.386973,159035.0
600644.SH,20260506,85000,11.68,992800.0,11.58,0.0146977,0.25896,57832.1
600645.SH,20260506,14000,25.94,363160.0,25.87,0.00299292,0.14911,46777.0
600648.SH,20260506,35700,10.05,358785.0,10.03,0.00313771,0.843766,113777.0
600649.SH,20260506,211900,4.29,909051.0,4.27,0.00846077,0.877936,250450.0
600650.SH,20260506,7800,12.48,97344.0,12.49,0.00199713,0.232307,39056.0
600651.SH,20260506,163033,6.83,1113515.0,6.89,0.00650304,0.808173,250703.0
600653.SH,20260506,99600,1.84,183264.0,1.84,0.00511719,0.341097,194638.0
600654.SH,20260506,2751500,3.96,10895940.0,3.92,0.118731,1.55691,231743.0
600655.SH,20260506,82700,4.92,406884.0,4.93,0.00212605,0.750152,388985.0
600657.SH,20260506,225200,3.13,704876.0,3.11,0.00789655,0.921481,285188.0
600658.SH,20260506,47600,5.09,242284.0,5.1,0.00425538,0.315973,111859.0
600660.SH,20260506,275800,60.22,16608676.0,58.87,0.0137694,2.32412,200299.0
600661.SH,20260506,18200,10.2,185640.0,10.2,0.00635145,0.282307,28654.9
600662.SH,20260506,36100,5.07,183027.0,5.07,0.00158579,0.243263,227647.0
600663.SH,20260506,63800,8.22,524436.0,8.23,0.00202175,0.513905,315568.0
600664.SH,20260506,563671,3.59,2023579.0,3.58,0.0223811,0.490904,251851.0
600665.SH,20260506,117196,3.6,421906.0,3.6,0.0135624,0.691675,86412.2
600666.SH,20260506,3939600,5.38,21195048.0,5.24,0.157442,1.1748,250225.0
600667.SH,20260506,3215125,10.15,32633519.0,9.59,0.15372,3.25063,209154.0
600668.SH,20260506,45000,10.95,492750.0,10.96,0.0108985,0.309795,41290.1
600671.SH,20260506,21900,20.39,446541.0,19.91,0.017992,0.96845,12172.1
600673.SH,20260506,1321400,38.94,51455316.0,35.4,0.0440238,1.84176,300156.0
600674.SH,20260506,145000,15.37,2228650.0,15.31,0.0029746,0.498329,487461.0
600675.SH,20260506,301800,2.6,784680.0,2.58,0.00499162,0.964753,604614.0
600676.SH,20260506,91700,8.17,749189.0,8.18,0.00891596,0.789939,102849.0
600678.SH,20260506,42000,9.86,414120.0,10.38,0.0120347,0.127025,34899.0
600679.SH,20260506,3600,11.26,40536.0,11.23,0.00104744,0.115364,34369.4
600681.SH,20260506,104600,4.06,424676.0,4.06,0.00780708,0.519589,133981.0
600682.SH,20260506,69400,6.76,469144.0,6.77,0.00596189,0.57247,116406.0
600683.SH,20260506,1027416,15.23,15647546.0,14.5,0.138694,3.10994,74077.8
600684.SH,20260506,77300,4.45,343985.0,4.47,0.00905724,0.479896,85346.1
600685.SH,20260506,435100,31.74,13810074.0,32.15,0.0529683,1.5051,82143.5
600686.SH,20260506,127200,15.53,1975416.0,15.54,0.0177394,0.500766,71704.7
600688.SH,20260506,3064700,3.13,9592511.0,3.11,0.0418171,3.95343,732881.0
600689.SH,20260506,32500,13.7,445250.0,13.54,0.0213529,1.0512,15220.4
600690.SH,20260506,543500,21.51,11690685.0,21.53,0.00869179,0.755203,625303.0
600691.SH,20260506,860500,3.3,2839650.0,3.35,0.0362226,0.989139,237559.0
600692.SH,20260506,151200,7.85,1186920.0,7.85,0.0592917,1.59334,25501.1
600693.SH,20260506,391600,11.27,4413332.0,11.35,0.0450657,0.589607,86895.3
600694.SH,20260506,39400,18.14,714716.0,18.2,0.0114416,0.547196,34435.8
600697.SH,20260506,121400,12.64,1534496.0,12.55,0.078133,2.74714,15537.6
600698.SH,20260506,37700,7.3,275210.0,7.31,0.0045397,0.388424,83045.2
600699.SH,20260506,189320,28.75,5442950.0,28.52,0.0139714,0.357927,135505.0
600702.SH,20260506,76300,43.55,3322865.0,44.25,0.0229392,1.62327,33261.9
600703.SH,20260506,2340568,14.06,32908386.0,13.67,0.0469144,0.950333,498902.0
600704.SH,20260506,367300,5.11,1876903.0,5.12,0.00710283,0.566865,517118.0
600706.SH,20260506,33600,9.57,321552.0,9.54,0.0132268,0.453693,25403.0
600707.SH,20260506,927500,8.23,7633325.0,8.09,0.0258524,0.620257,358767.0
600708.SH,20260506,339500,3.82,1296890.0,3.8,0.0152565,0.69506,222528.0
600710.SH,20260506,59800,12.3,735540.0,12.22,0.00457624,0.34173,130675.0
600711.SH,20260506,428300,13.83,5923389.0,13.76,0.0138581,0.440935,309061.0
600712.SH,20260506,97900,6.26,612854.0,6.31,0.0181751,0.960127,53864.8
600713.SH,20260506,102410,5.28,540725.0,5.28,0.00793997,0.402821,128980.0
600714.SH,20260506,554000,22.1,12243400.0,22.1,0.192243,2.52282,28817.6
600715.SH,20260506,215600,2.03,437668.0,2.04,0.00753221,0.398143,286237.0
600716.SH,20260506,18300,4.45,81435.0,4.43,0.001955,0.173851,93606.1
600717.SH,20260506,92400,4.74,437976.0,4.74,0.00319281,0.300216,289400.0
600718.SH,20260506,52400,8.89,465836.0,8.84,0.00437966,0.336473,119644.0
600719.SH,20260506,296200,7.75,2295550.0,7.75,0.0732082,1.0581,40460.0
600720.SH,20260506,28300,6.67,188761.0,6.66,0.00280462,0.407489,100905.0
600721.SH,20260506,22500,8.47,190575.0,8.43,0.00585103,0.226836,38454.8
600722.SH,20260506,992900,13.6,13503440.0,13.61,0.145946,1.19733,68032.0
600724.SH,20260506,6300,7.0,44100.0,6.97,0.000436003,0.0742591,144494.0
600725.SH,20260506,84400,4.23,357012.0,4.23,0.00684804,0.426179,123247.0
600726.SH,20260506,7686800,6.6,50732880.0,6.59,0.102829,1.48679,747534.0
600727.SH,20260506,200200,8.06,1613612.0,8.07,0.0378748,0.803276,52858.3
600728.SH,20260506,239100,5.38,1286358.0,5.34,0.0112117,0.604672,213260.0
600729.SH,20260506,9900,21.35,211365.0,21.35,0.00514332,0.343521,19248.3
600730.SH,20260506,152300,9.42,1434666.0,8.97,0.0259607,0.683277,58665.6
600731.SH,20260506,340700,6.92,2357644.0,6.84,0.0628966,3.99638,54168.3
600732.SH,20260506,89560,15.45,1383702.0,15.38,0.00426586,0.173282,209946.0
600733.SH,20260506,502800,7.1,3569880.0,7.11,0.0102786,0.554687,489171.0
600734.SH,20260506,16145300,2.14,34550942.0,2.23,0.74134,9.41201,217785.0
600735.SH,20260506,4420691,7.1,31386906.0,7.4,1.03906,25.6572,42545.2
600736.SH,20260506,3019200,8.31,25089552.0,8.15,0.262244,1.28955,115129.0
600737.SH,20260506,322200,15.15,4881330.0,15.05,0.0150642,1.38693,213885.0
600738.SH,20260506,52900,4.8,253920.0,4.8,0.00695443,0.47743,76066.6
600739.SH,20260506,69700,11.93,831521.0,11.9,0.00455642,0.421784,152971.0
600740.SH,20260506,169300,4.3,727990.0,4.3,0.00660781,0.360677,256212.0
600741.SH,20260506,98000,18.67,1829660.0,18.66,0.00310842,0.430084,315272.0
600742.SH,20260506,12800,9.44,120832.0,9.42,0.00172261,0.172201,74305.8
600743.SH,20260506,1458300,2.46,3587418.0,2.47,0.0621585,1.45096,234610.0
600744.SH,20260506,2934198,8.78,25762258.0,8.54,0.144462,1.34401,203112.0
600746.SH,20260506,43800,8.26,361788.0,8.28,0.0037505,0.302389,116784.0
600748.SH,20260506,53500,5.3,283550.0,5.3,0.00290042,0.292603,184456.0
600749.SH,20260506,112200,16.01,1796322.0,16.24,0.0494348,0.572971,22696.6
600750.SH,20260506,39000,23.88,931320.0,23.92,0.00620342,0.525636,62868.5
600751.SH,20260506,71000,3.7,262700.0,3.68,0.00275922,0.190041,257319.0
600753.SH,20260506,12700,13.18,167386.0,13.04,0.00551437,0.37482,23030.7
600754.SH,20260506,61100,25.31,1546441.0,25.56,0.0067436,0.424805,90604.4
600755.SH,20260506,139500,6.18,862110.0,6.19,0.00654267,0.748884,213216.0
600756.SH,20260506,35400,16.52,584808.0,16.51,0.0109226,0.445817,32409.9
600757.SH,20260506,46600,8.64,402624.0,8.61,0.00384014,0.618179,121350.0
600758.SH,20260506,423800,3.99,1690962.0,3.98,0.032088,0.545328,132074.0
600759.SH,20260506,777400,4.44,3451656.0,4.67,0.0187611,0.457938,414369.0
600760.SH,20260506,366652,47.89,17558964.0,46.97,0.0129579,2.1657,282955.0
600761.SH,20260506,25200,18.07,455364.0,18.03,0.00282926,0.148221,89069.3
600763.SH,20260506,32600,42.18,1375068.0,42.18,0.00728835,0.335768,44728.9
600764.SH,20260506,39200,23.63,926296.0,23.62,0.00551624,0.589531,71062.9
600765.SH,20260506,132928,16.01,2128177.0,15.95,0.00856222,0.664137,155249.0
600768.SH,20260506,98300,18.95,1862785.0,18.88,0.0734969,0.838355,13374.7
600769.SH,20260506,346700,15.78,5470926.0,16.0,0.092459,1.77922,37497.7
600770.SH,20260506,7815738,8.2,64089052.0,7.62,0.601211,3.70633,130000.0
600771.SH,20260506,23700,16.74,396738.0,16.76,0.00484176,0.488386,48949.1
600773.SH,20260506,465200,27.7,12886040.0,27.2,0.0488868,1.02824,95158.7
600774.SH,20260506,20000,8.81,176200.0,8.78,0.00678242,0.47402,29488.0
600775.SH,20260506,49200,12.42,611064.0,12.35,0.00732319,0.267695,67183.9
600776.SH,20260506,89300,16.68,1489524.0,16.62,0.009341,0.23733,95600.0
600777.SH,20260506,228500,5.94,1357290.0,6.01,0.0035893,0.490325,636615.0
600778.SH,20260506,94800,6.85,649380.0,6.83,0.0304613,0.931075,31121.5
600779.SH,20260506,53200,32.15,1710380.0,32.51,0.0109127,1.83054,48750.3
600780.SH,20260506,135200,6.86,927472.0,6.82,0.0117924,0.479508,114650.0
600782.SH,20260506,214500,3.11,667095.0,3.09,0.00681894,0.445367,314565.0
600783.SH,20260506,211800,21.7,4596060.0,21.73,0.028454,0.499121,74435.9
600784.SH,20260506,21800,7.52,163936.0,7.5,0.00322651,0.197318,67565.2
600785.SH,20260506,117800,17.36,2045008.0,17.36,0.0522091,1.56592,22563.1
600787.SH,20260506,225600,5.26,1186656.0,5.27,0.0103959,1.26863,217008.0
600789.SH,20260506,125200,8.15,1020380.0,8.14,0.0139317,1.57742,89867.0
600790.SH,20260506,189638,4.21,798376.0,4.2,0.0129376,0.607021,146579.0
600791.SH,20260506,145300,13.69,1989157.0,13.45,0.0321237,0.497075,45231.4
600792.SH,20260506,125400,4.5,564300.0,4.51,0.0112981,0.401972,110992.0
600793.SH,20260506,49600,16.3,808480.0,16.31,0.0280378,1.0591,17690.4
600794.SH,20260506,33300,3.58,119214.0,3.58,0.00277465,0.249616,120015.0
600795.SH,20260506,1039496,4.73,4916816.0,4.74,0.0058282,0.578311,1783560.0
600796.SH,20260506,8900,6.36,56604.0,6.34,0.00285735,0.109618,31147.8
600797.SH,20260506,189000,8.86,1674540.0,8.76,0.0183937,0.712865,102753.0
600798.SH,20260506,74500,3.65,271925.0,3.63,0.00617471,0.402577,120653.0
600800.SH,20260506,224800,4.58,1029584.0,4.59,0.0202572,0.568299,110973.0
600801.SH,20260506,52800,21.52,1136256.0,21.51,0.00393531,0.432241,134170.0
600802.SH,20260506,75100,5.68,426568.0,5.66,0.0163885,0.973316,45824.8
600803.SH,20260506,82570,20.01,1652226.0,20.26,0.00268806,0.626312,307173.0
600805.SH,20260506,158600,5.29,838994.0,5.3,0.0186528,1.31555,85027.5
600807.SH,20260506,71000,3.13,222230.0,3.13,0.00902139,0.353687,78701.8
600808.SH,20260506,162200,3.88,629336.0,3.87,0.00271794,0.346592,596775.0
600809.SH,20260506,101200,140.82,14250984.0,143.35,0.00829533,1.30245,121996.0
600810.SH,20260506,190700,7.6,1449320.0,7.64,0.0176451,0.728397,108075.0
600812.SH,20260506,74200,5.21,386582.0,5.21,0.00432469,0.698078,171573.0
600814.SH,20260506,106300,7.83,832329.0,7.77,0.014461,1.42614,73507.9
600815.SH,20260506,538400,4.41,2374344.0,4.41,0.0303479,0.326261,177409.0
600816.SH,20260506,7839979,2.93,22971138.0,2.94,0.143349,5.89208,546914.0
600817.SH,20260506,36900,11.79,435051.0,11.85,0.0069722,0.587246,52924.4
600818.SH,20260506,119300,7.38,880434.0,7.77,0.0501349,4.16527,23795.8
600819.SH,20260506,18800,6.82,128216.0,6.83,0.00251533,0.259372,74741.6
600820.SH,20260506,63900,5.97,381483.0,5.94,0.00203238,0.352954,314410.0
600821.SH,20260506,2268800,7.8,17696640.0,7.8,0.115324,1.00093,196732.0
600822.SH,20260506,1100,9.99,10989.0,9.93,0.000277674,0.0262077,39614.8
600824.SH,20260506,577400,4.08,2355792.0,4.1,0.0547804,4.57432,105403.0
600825.SH,20260506,44500,5.86,260770.0,5.86,0.00425883,0.581058,104489.0
600826.SH,20260506,124800,9.57,1194336.0,9.57,0.0169673,0.579437,73553.4
600827.SH,20260506,174200,8.3,1445860.0,8.27,0.0108573,1.24101,160445.0
600828.SH,20260506,31800,5.04,160272.0,5.0,0.00183671,0.198736,173136.0
600829.SH,20260506,12800,9.73,124544.0,9.72,0.00220732,0.206366,57988.9
600830.SH,20260506,368700,9.9,3650130.0,9.9,0.0811538,1.49932,45432.3
600831.SH,20260506,105200,3.89,409228.0,3.86,0.0147972,0.569744,71094.7
600833.SH,20260506,62240,12.5,778000.0,12.35,0.0278995,1.31541,22308.6
600834.SH,20260506,16900,8.04,135876.0,8.02,0.00354014,0.487894,47738.2
600835.SH,20260506,65700,24.16,1587312.0,24.15,0.00814627,0.699858,80650.4
600838.SH,20260506,13000,9.59,124670.0,9.59,0.00324285,0.15835,40088.2
600839.SH,20260506,741400,8.86,6568804.0,8.74,0.0160651,0.739139,461496.0
600841.SH,20260506,192300,8.5,1634550.0,8.3,0.0184368,0.746963,104302.0
600843.SH,20260506,17000,8.75,148750.0,8.72,0.00362301,0.147528,46922.3
600844.SH,20260506,1012000,3.66,3703920.0,3.73,0.123005,1.49422,82273.1
600845.SH,20260506,65800,22.85,1503530.0,22.68,0.00308333,0.390435,213405.0
600846.SH,20260506,21800,12.67,276206.0,12.76,0.00348933,0.355501,62476.2
600847.SH,20260506,53700,14.82,795834.0,14.77,0.0350322,1.58993,15328.7
600848.SH,20260506,107320,9.01,966953.0,8.98,0.00448304,1.14814,239391.0
600850.SH,20260506,209100,19.47,4071177.0,19.34,0.030741,1.76468,68019.9
600851.SH,20260506,32100,8.39,269319.0,8.33,0.00434838,0.323399,73820.6
600853.SH,20260506,36568,3.95999,144809.0,3.96,0.00360739,0.344103,101370.0
600854.SH,20260506,79300,5.46,432978.0,5.42,0.0152659,0.742349,51945.9
600855.SH,20260506,83100,18.71,1554801.0,18.62,0.0177701,0.551855,46764.0
600857.SH,20260506,21800,12.72,277296.0,12.71,0.00971826,0.698574,22432.0
600858.SH,20260506,80100,5.81,465381.0,5.79,0.0154768,0.766549,51754.8
600859.SH,20260506,102300,12.28,1256244.0,12.37,0.00910282,0.764013,112383.0
600860.SH,20260506,21300,10.84,230892.0,10.79,0.00479686,0.249922,44404.1
600861.SH,20260506,60000,15.9,954000.0,15.9,0.0163677,1.50838,36657.5
600862.SH,20260506,112000,20.02,2242240.0,20.0,0.00803992,0.475691,139305.0
600863.SH,20260506,182400,4.65,848160.0,4.64,0.00279459,0.255897,652689.0
600864.SH,20260506,783400,6.09,4770906.0,6.11,0.0376531,0.810276,208057.0
600865.SH,20260506,132900,11.72,1557588.0,11.51,0.0353232,0.880291,37624.0
600866.SH,20260506,437292,5.82,2545039.0,5.82,0.0348226,1.22816,125577.0
600867.SH,20260506,143400,9.25,1326450.0,9.23,0.00732177,0.250386,195854.0
600868.SH,20260506,212100,3.43,727503.0,3.41,0.011174,0.368604,189815.0
600869.SH,20260506,870600,17.31,15070086.0,16.99,0.0392277,0.825082,221935.0
600871.SH,20260506,1125400,2.69,3027326.0,2.72,0.00830737,0.834936,1354700.0
600872.SH,20260506,155100,20.8,3226080.0,20.78,0.020117,0.633989,77098.8
600873.SH,20260506,191700,9.92,1901664.0,9.92,0.00683607,0.460821,280424.0
600874.SH,20260506,65600,6.22,408032.0,6.21,0.00533152,0.507618,123042.0
600875.SH,20260506,625600,39.65,24805040.0,39.01,0.0276402,0.828043,226337.0
600876.SH,20260506,19700,9.45,186165.0,9.43,0.00497883,0.365542,39567.5
600877.SH,20260506,250400,16.77,4199208.0,16.45,0.0211476,1.23979,118406.0
600879.SH,20260506,1426300,24.08,34345304.0,23.97,0.0432304,0.96269,329930.0
600880.SH,20260506,55600,5.15,286340.0,5.13,0.00508678,0.19701,109303.0
600881.SH,20260506,1825600,1.58,2884448.0,1.56,0.0564825,2.18436,323215.0
600882.SH,20260506,103000,20.7,2132100.0,20.68,0.020194,1.46966,51005.4
600883.SH,20260506,144000,9.18,1321920.0,9.01,0.0609942,2.14199,23608.8
600884.SH,20260506,1507900,16.81,25347799.0,16.65,0.0821695,0.903281,183511.0
600885.SH,20260506,593600,31.4,18639040.0,31.14,0.0383563,2.0543,154759.0
600886.SH,20260506,193900,13.71,2658369.0,13.63,0.00260123,0.619849,745418.0
600887.SH,20260506,1189400,27.45,32649030.0,27.46,0.0188976,1.17894,629393.0
600888.SH,20260506,78900,8.66,683274.0,8.62,0.00508021,0.303293,155309.0
600889.SH,20260506,25500,15.33,390915.0,15.39,0.00696063,0.404505,36634.6
600892.SH,20260506,84900,3.66,310734.0,3.65,0.0151792,0.862068,55932.0
600893.SH,20260506,155300,46.5,7221450.0,46.25,0.00582712,0.460287,266512.0
600894.SH,20260506,114500,9.42,1078590.0,9.48,0.0135801,1.06218,84314.4
600895.SH,20260506,398600,36.98,14740228.0,36.62,0.0257379,1.45359,154869.0
600897.SH,20260506,35400,16.05,568170.0,16.12,0.00849055,2.06513,41693.4
600900.SH,20260506,1761500,27.34,48159410.0,27.32,0.00719913,1.91539,2446820.0
600901.SH,20260506,216500,6.85,1483025.0,6.9,0.00373891,0.515629,579045.0
600903.SH,20260506,31700,6.48,205416.0,6.47,0.0027565,0.269488,115001.0
600905.SH,20260506,1390200,4.09,5685918.0,4.09,0.00486294,1.16243,2858760.0
600906.SH,20260506,1229800,6.41,7883018.0,6.42,0.0578938,2.80218,212424.0
600908.SH,20260506,168600,5.72,964392.0,5.73,0.0084329,1.1301,199931.0
600909.SH,20260506,247400,5.57,1378018.0,5.56,0.00492416,0.470895,502421.0
600916.SH,20260506,207800,8.9,1849420.0,8.94,0.012369,0.909919,168000.0
600917.SH,20260506,31000,5.28,163680.0,5.27,0.00198586,0.605543,156104.0
600918.SH,20260506,66300,6.02,399126.0,6.02,0.00168881,0.323631,392585.0
600919.SH,20260506,388900,11.29,4390681.0,11.3,0.00211919,0.505528,1835130.0
600925.SH,20260506,134300,4.69,629867.0,4.69,0.00836214,1.10498,160605.0
600926.SH,20260506,140200,17.4,2439480.0,17.4,0.00193406,0.493549,724900.0
600927.SH,20260506,51000,14.97,763470.0,14.82,0.00350382,0.602271,145556.0
600928.SH,20260506,182200,3.7,674140.0,3.69,0.00411905,0.61968,442335.0
600929.SH,20260506,67900,6.98,473942.0,6.93,0.00413996,0.234448,164011.0
600930.SH,20260506,1209600,6.17,7463232.0,6.17,0.0374511,0.64711,322981.0
600933.SH,20260506,91400,17.1,1562940.0,16.97,0.00935156,0.407408,97737.7
600935.SH,20260506,126500,2.66,336490.0,2.67,0.00360666,0.455505,350740.0
600936.SH,20260506,489700,4.15,2032255.0,4.13,0.0293053,2.86942,167103.0
600938.SH,20260506,680400,39.0,26535600.0,39.99,0.0227559,1.30771,299000.0
600939.SH,20260506,74800,3.06,228888.0,3.05,0.00393172,0.467206,190248.0
600941.SH,20260506,49309,96.61,4763742.0,96.63,0.00546198,0.70293,90276.8
600955.SH,20260506,20000,19.42,388400.0,19.41,0.00363636,0.187829,55000.0
600956.SH,20260506,70800,8.21,581268.0,8.2,0.00301522,0.268837,234809.0
600959.SH,20260506,545200,3.87,2109924.0,3.88,0.0109024,1.08832,500072.0
600960.SH,20260506,108000,4.98,537840.0,4.97,0.0113623,0.510279,95051.6
600961.SH,20260506,1034200,26.74,27654508.0,26.49,0.137561,1.24494,75181.2
600962.SH,20260506,80500,22.0,1771000.0,21.75,0.0307006,1.66046,26221.0
600963.SH,20260506,125500,4.62,579810.0,4.64,0.00714055,0.283801,175757.0
600966.SH,20260506,65700,6.33,415881.0,6.35,0.00491456,0.307441,133684.0
600967.SH,20260506,72700,14.1,1025070.0,14.1,0.00427196,0.508472,170179.0
600968.SH,20260506,1174500,4.38,5144310.0,4.43,0.0115542,1.74632,1016510.0
600969.SH,20260506,41300,10.03,414239.0,9.93,0.0111606,0.420161,37005.0
600970.SH,20260506,137700,9.34,1286118.0,9.33,0.00525209,0.467209,262181.0
600971.SH,20260506,53500,8.28,442980.0,8.29,0.00445832,0.212691,120000.0
600973.SH,20260506,182270,7.3,1330571.0,7.28,0.0132911,0.634545,137137.0
600975.SH,20260506,117700,5.6,659120.0,5.62,0.00941855,0.87779,124966.0
600976.SH,20260506,8100,31.69,256689.0,31.69,0.00528381,0.499409,15329.9
600977.SH,20260506,590300,13.7,8087110.0,13.78,0.0316176,1.64891,186700.0
600979.SH,20260506,779400,5.05,3935970.0,4.99,0.0632496,0.667262,123226.0
600980.SH,20260506,28000,23.45,656600.0,23.06,0.0147942,0.808525,18926.4
600981.SH,20260506,42700,2.86,122122.0,2.85,0.00190418,0.201118,224243.0
600982.SH,20260506,868000,6.12,5312160.0,6.06,0.0776645,1.21318,111763.0
600983.SH,20260506,35500,9.4,333700.0,9.4,0.00463181,0.426406,76643.9
600984.SH,20260506,94800,4.19,397212.0,4.16,0.0075415,0.28276,125704.0
600985.SH,20260506,87000,14.86,1292820.0,14.81,0.00323029,0.342814,269326.0
600986.SH,20260506,1261430,10.19,12853972.0,9.99,0.0848092,0.489043,148737.0
600987.SH,20260506,39800,7.13,283774.0,7.12,0.00389883,0.320504,102082.0
600988.SH,20260506,631600,38.56,24354496.0,38.0,0.0379588,1.38286,166391.0
600989.SH,20260506,1852400,29.78,55164472.0,30.7,0.0252599,1.46287,733336.0
600990.SH,20260506,7800,23.25,181350.0,23.12,0.00289949,0.193532,26901.3
600992.SH,20260506,94300,11.41,1075963.0,11.4,0.0384757,0.950576,24509.0
600993.SH,20260506,22700,26.0,590200.0,26.03,0.0052753,0.500717,43030.7
600995.SH,20260506,153100,14.38,2201578.0,14.38,0.00479035,0.582146,319601.0
600996.SH,20260506,133600,8.52,1138272.0,8.45,0.0107154,0.502734,124680.0
600997.SH,20260506,63500,5.88,373380.0,5.89,0.00399924,0.445276,158780.0
600998.SH,20260506,85270,5.17,440846.0,5.17,0.00169104,0.233567,504247.0
600999.SH,20260506,278000,15.73,4372940.0,15.72,0.00374562,0.518977,742200.0
601000.SH,20260506,77200,4.65,358980.0,4.65,0.00130275,0.18622,592593.0
601001.SH,20260506,78500,19.03,1493855.0,19.33,0.00469021,0.339318,167370.0
601002.SH,20260506,321100,6.28,2016508.0,6.22,0.0336427,0.992642,95444.1
601005.SH,20260506,931700,1.4,1304380.0,1.4,0.0112069,1.59487,831364.0
601006.SH,20260506,1008800,5.26,5306288.0,5.27,0.00500715,0.740151,2014720.0
601007.SH,20260506,85600,7.66,655696.0,7.67,0.0219487,0.383806,39000.0
601008.SH,20260506,26300,4.81,126503.0,4.79,0.00211988,0.328251,124064.0
601009.SH,20260506,190500,11.71,2230755.0,11.75,0.00154082,0.494673,1236360.0
601010.SH,20260506,167900,2.1,352590.0,2.21,0.0090855,0.597142,184800.0
601011.SH,20260506,103900,3.14,326246.0,3.14,0.00542371,0.288149,191566.0
601012.SH,20260506,1568300,16.53,25923999.0,16.46,0.0206953,1.1508,757806.0
601015.SH,20260506,334600,4.0,1338400.0,4.02,0.0163819,0.537579,204250.0
601016.SH,20260506,5939750,4.24,25184540.0,4.26,0.0983696,0.813467,603820.0
601018.SH,20260506,165300,3.7,611610.0,3.7,0.00084968,0.279626,1945440.0
601019.SH,20260506,89600,7.46,668416.0,7.46,0.00429345,0.825376,208690.0
601020.SH,20260506,310200,28.67,8893434.0,28.66,0.0378309,0.901633,81996.5
601021.SH,20260506,58800,47.68,2803584.0,47.18,0.00601022,1.09967,97833.3
601022.SH,20260506,12900,8.7,112230.0,8.66,0.000985761,0.222945,130863.0
601026.SH,20260506,15200,17.72,269344.0,17.57,0.0136831,0.297355,11108.6
601033.SH,20260506,63900,15.49,989811.0,15.43,0.026625,1.20911,24000.0
601038.SH,20260506,134200,13.88,1862696.0,13.84,0.0183407,1.42929,73170.5
601058.SH,20260506,156000,13.97,2179320.0,13.92,0.00474438,0.280745,328810.0
601059.SH,20260506,93300,16.97,1583301.0,16.91,0.00287697,1.25629,324300.0
601061.SH,20260506,97200,13.93,1353996.0,13.86,0.00198367,0.380937,490000.0
601065.SH,20260506,7200,8.29,59688.0,8.29,0.00112014,0.141782,64277.6
601066.SH,20260506,518100,23.15,11994015.0,23.0,0.00797608,3.09723,649567.0
601068.SH,20260506,60700,6.23,378161.0,6.22,0.00237147,0.401198,255959.0
601069.SH,20260506,132900,32.5,4319250.0,32.59,0.0149799,1.00594,88718.8
601077.SH,20260506,152100,7.3,1110330.0,7.28,0.00172093,0.490134,883824.0
601083.SH,20260506,133500,12.19,1627365.0,12.11,0.0687719,1.32523,19412.0
601086.SH,20260506,483900,8.91,4311549.0,8.93,0.0726577,4.16646,66600.0
601088.SH,20260506,217300,47.6,10343480.0,48.0,0.00131769,0.65286,1649100.0
601089.SH,20260506,8000,20.63,165040.0,20.59,0.00166667,0.210138,48000.0
601096.SH,20260506,146500,5.55,813075.0,5.56,0.00891674,0.528733,164298.0
601098.SH,20260506,78900,11.42,901038.0,11.37,0.0043931,0.704276,179600.0
601099.SH,20260506,678600,3.7,2510820.0,3.68,0.00995552,0.671495,681632.0
601100.SH,20260506,89200,104.65,9334780.0,104.98,0.00665264,0.586688,134082.0
601101.SH,20260506,543800,11.16,6068808.0,11.69,0.0377639,0.726927,144000.0
601106.SH,20260506,6256600,4.69,29343454.0,4.54,0.0912336,7.93097,685778.0
601107.SH,20260506,107100,6.12,655452.0,6.13,0.00495205,0.964457,216274.0
601108.SH,20260506,372000,8.29,3083880.0,8.27,0.00801074,0.797535,464376.0
601111.SH,20260506,1596500,6.85,10936025.0,6.73,0.0137179,2.54036,1163810.0
601112.SH,20260506,39900,20.2,805980.0,20.1,0.0225106,0.275522,17725.0
601113.SH,20260506,148500,4.61,684585.0,4.6,0.0134492,0.731757,110415.0
601116.SH,20260506,24300,13.72,333396.0,13.64,0.00443691,0.203727,54767.8
601117.SH,20260506,479100,8.63,4134633.0,8.6,0.00786949,0.449469,608807.0
601118.SH,20260506,608300,7.33,4458839.0,7.19,0.0142145,1.25832,427943.0
601121.SH,20260506,96800,7.86,760848.0,7.78,0.0121,0.755466,80000.0
601126.SH,20260506,479504,56.99,27326933.0,56.05,0.0581157,1.59238,82508.5
601127.SH,20260506,689552,87.0,59991024.0,88.75,0.0442814,3.35226,155720.0
601128.SH,20260506,227300,7.32,1663836.0,7.32,0.00685357,0.452533,331652.0
601133.SH,20260506,81100,23.13,1875843.0,22.78,0.0154657,0.373856,52438.7
601136.SH,20260506,93700,16.67,1561979.0,16.62,0.00342805,0.663619,273333.0
601137.SH,20260506,59000,17.57,1036630.0,17.51,0.00642836,0.250709,91780.8
601138.SH,20260506,4258830,63.28,269498762.0,62.88,0.0214614,1.62259,1984410.0
601139.SH,20260506,86200,6.91,595642.0,6.93,0.00299644,0.36863,287674.0
601155.SH,20260506,273100,14.82,4047342.0,14.78,0.0121075,1.74793,225562.0
601156.SH,20260506,60500,16.1,974050.0,16.0,0.00640486,0.658011,94459.6
601158.SH,20260506,45500,4.44,202020.0,4.43,0.000947912,0.562419,480003.0
601162.SH,20260506,1013300,3.6,3647880.0,3.58,0.0117853,0.773846,859797.0
601163.SH,20260506,11500,14.76,169740.0,14.68,0.0014375,0.164373,80000.0
601166.SH,20260506,848832,17.94,15228046.0,17.93,0.00401095,0.807708,2116290.0
601168.SH,20260506,398351,29.92,11918662.0,29.59,0.0167164,0.739989,238300.0
601169.SH,20260506,1021300,5.31,5423103.0,5.3,0.00483044,0.514699,2114300.0
601177.SH,20260506,91800,16.0,1468800.0,15.93,0.0229466,0.645397,40006.0
601179.SH,20260506,900700,16.92,15239844.0,16.92,0.0175716,0.550359,512588.0
601186.SH,20260506,396100,6.75,2673675.0,6.75,0.00344338,0.764417,1150320.0
601187.SH,20260506,112300,7.74,869202.0,7.72,0.00426448,0.612484,263338.0
601188.SH,20260506,31300,3.37,105481.0,3.36,0.0023976,0.191647,130547.0
601198.SH,20260506,72800,13.24,963872.0,13.2,0.00225216,0.413096,323245.0
601199.SH,20260506,33000,5.32,175560.0,5.31,0.00352862,0.259334,93521.0
601200.SH,20260506,45660,8.18,373499.0,8.19,0.00339169,0.446772,134623.0
601208.SH,20260506,814900,40.0,32596000.0,39.14,0.0806686,1.02291,101018.0
601211.SH,20260506,476100,16.17,7698537.0,16.12,0.00352747,0.348091,1349690.0
601212.SH,20260506,962351,7.67,7381232.0,7.63,0.0129964,1.21573,740477.0
601216.SH,20260506,509200,5.59,2846428.0,5.59,0.00603459,0.519617,843802.0
601218.SH,20260506,287200,6.47,1858184.0,6.47,0.0296378,0.278881,96903.4
601222.SH,20260506,182100,6.07,1105347.0,6.08,0.00892113,0.727814,204122.0
601225.SH,20260506,111600,25.87,2887092.0,26.13,0.00115111,0.20788,969500.0
601226.SH,20260506,66000,8.9,587400.0,8.86,0.00567877,0.362634,116222.0
601228.SH,20260506,161400,3.24,522936.0,3.24,0.0021393,0.63125,754453.0
601229.SH,20260506,281800,9.38,2643284.0,9.38,0.00198325,0.458577,1420900.0
601231.SH,20260506,386800,38.5,14891800.0,37.8,0.0161902,0.818029,238910.0
601233.SH,20260506,519300,24.1,12515130.0,24.21,0.0218683,1.13881,237467.0
601236.SH,20260506,77200,7.51,579772.0,7.5,0.00163671,0.530151,471679.0
601238.SH,20260506,262000,7.04,1844480.0,7.03,0.00354836,1.57147,738370.0
601279.SH,20260506,11200,3.99,44688.0,3.98,0.000706274,0.0977723,158579.0
601288.SH,20260506,2580800,6.91,17833328.0,6.92,0.000808409,0.936026,31924400.0
601298.SH,20260506,57100,8.89,507619.0,8.85,0.00105896,0.49431,539208.0
601311.SH,20260506,141100,10.0,1411000.0,9.95,0.0120275,0.287505,117315.0
601318.SH,20260506,635800,59.38,37753804.0,59.37,0.00596432,0.707766,1066010.0
601319.SH,20260506,415100,7.17,2976267.0,7.18,0.00116937,0.73727,3549780.0
601326.SH,20260506,90500,3.51,317655.0,3.5,0.00190224,0.428493,475756.0
601328.SH,20260506,1476500,6.8,10040200.0,6.8,0.00566307,1.05448,2607240.0
601330.SH,20260506,132700,8.52,1130604.0,8.57,0.0134163,0.271871,98909.5
601333.SH,20260506,580100,3.2,1856320.0,3.22,0.0102632,0.78686,565224.0
601336.SH,20260506,193500,64.4,12461400.0,64.4,0.00927862,0.923355,208544.0
601339.SH,20260506,368400,9.48,3492432.0,9.29,0.0245671,2.35308,149957.0
601360.SH,20260506,975300,11.28,11001384.0,11.17,0.0139337,1.12617,699956.0
601366.SH,20260506,105800,4.03,426374.0,4.04,0.0110238,0.828157,95974.1
601368.SH,20260506,52800,4.99,263472.0,4.97,0.0059798,0.571523,88297.3
601369.SH,20260506,41500,9.18,380970.0,9.18,0.00243229,0.345326,170621.0
601375.SH,20260506,187500,4.06,761250.0,4.06,0.00543869,0.591312,344752.0
601377.SH,20260506,1093820,6.08,6650426.0,6.07,0.0126658,1.44281,863599.0
601388.SH,20260506,439000,4.12,1808680.0,4.08,0.0199435,0.361783,220122.0
601390.SH,20260506,1664500,5.08,8455660.0,5.08,0.00812791,1.08832,2047880.0
601398.SH,20260506,2011000,7.45,14981950.0,7.45,0.000745886,0.869053,26961200.0
601399.SH,20260506,673400,4.29,2888886.0,4.29,0.0093352,0.58707,721356.0
601456.SH,20260506,136600,9.6,1311360.0,9.63,0.00312087,0.398348,437698.0
601500.SH,20260506,1250100,4.61,5762961.0,4.66,0.0789703,4.82932,158300.0
601512.SH,20260506,182500,10.06,1835950.0,10.06,0.0121757,0.527358,149889.0
601515.SH,20260506,94300,4.6,433780.0,4.54,0.00490005,0.263364,192447.0
601518.SH,20260506,174600,2.93,511578.0,2.93,0.00923539,0.857538,189055.0
601519.SH,20260506,54900,10.25,562725.0,10.24,0.00275996,0.17117,198916.0
601528.SH,20260506,144160,5.23,753957.0,5.23,0.00831154,0.815714,173446.0
601555.SH,20260506,457500,8.1,3705750.0,8.04,0.00920763,0.826084,496870.0
601566.SH,20260506,11500,10.88,125120.0,10.86,0.00200126,0.141831,57463.7
601567.SH,20260506,94600,20.29,1919434.0,20.06,0.00673209,0.286234,140521.0
601568.SH,20260506,24600,3.91,96186.0,3.91,0.000619301,0.104743,397222.0
601577.SH,20260506,86500,9.93,858945.0,9.97,0.00215138,0.358274,402068.0
601579.SH,20260506,26800,17.83,477844.0,17.85,0.00558958,0.297303,47946.3
601588.SH,20260506,3628700,1.98,7184826.0,2.0,0.136417,5.16827,266000.0
601595.SH,20260506,7600,24.2,183920.0,24.25,0.00169567,0.21699,44820.0
601598.SH,20260506,62700,6.0,376200.0,6.0,0.00121571,0.420615,515747.0
601599.SH,20260506,47700,3.71,176967.0,3.71,0.00411015,0.214107,116054.0
601600.SH,20260506,1732500,11.77,20391525.0,11.65,0.0131515,0.848667,1317340.0
601601.SH,20260506,252200,37.23,9389406.0,37.23,0.00368442,0.609471,684504.0
601606.SH,20260506,68900,37.62,2592018.0,37.62,0.00951357,0.657017,72422.8
601607.SH,20260506,30300,17.11,518433.0,17.09,0.00108633,0.353878,278921.0
601608.SH,20260506,138900,6.06,841734.0,6.05,0.00303305,0.427077,457955.0
601609.SH,20260506,118400,10.14,1200576.0,10.14,0.00684932,0.555765,172864.0
601611.SH,20260506,342200,13.34,4564948.0,13.34,0.0113543,0.873536,301383.0
601615.SH,20260506,470900,15.84,7459056.0,15.84,0.0208225,0.491877,226150.0
601616.SH,20260506,99900,4.64,463536.0,4.64,0.0117023,0.341374,85367.5
601618.SH,20260506,1600900,2.94,4706646.0,2.93,0.00896731,1.95614,1785260.0
601619.SH,20260506,267600,5.67,1517292.0,5.64,0.0109911,0.352007,243469.0
601628.SH,20260506,483635,36.99,17889659.0,36.67,0.00232254,1.58299,2082350.0
601633.SH,20260506,106300,19.9,2115370.0,19.89,0.00171196,0.796788,620924.0
601636.SH,20260506,232200,6.38,1481436.0,6.33,0.00784816,0.1738,295865.0
601658.SH,20260506,494341,5.07,2506309.0,5.07,0.000681588,0.388122,7252780.0
601665.SH,20260506,202100,6.42,1297482.0,6.39,0.00328413,0.362728,615384.0
601666.SH,20260506,271300,8.61,2335893.0,8.62,0.0109866,0.777523,246936.0
601668.SH,20260506,1913900,4.92,9416388.0,4.91,0.00463185,1.02601,4132040.0
601669.SH,20260506,1571314,5.6,8799358.0,5.59,0.0120209,0.77603,1307150.0
601677.SH,20260506,227300,17.92,4073216.0,17.75,0.0186616,0.621297,121801.0
601678.SH,20260506,572200,5.35,3061270.0,5.35,0.0280032,0.862147,204334.0
601686.SH,20260506,36400,5.56,202384.0,5.57,0.00247359,0.52105,147155.0
601688.SH,20260506,1192800,19.29,23009112.0,19.15,0.0163246,1.18228,730676.0
601689.SH,20260506,433600,60.68,26310848.0,60.14,0.0249506,1.40629,173784.0
601696.SH,20260506,102000,12.48,1272960.0,12.42,0.00367171,0.381787,277800.0
601698.SH,20260506,638800,36.67,23424796.0,36.67,0.0151217,0.961203,422439.0
601699.SH,20260506,177200,16.08,2849376.0,16.16,0.00592363,0.431589,299141.0
601700.SH,20260506,579298,5.53,3203518.0,5.43,0.0508711,2.60088,113876.0
601702.SH,20260506,54400,18.52,1007488.0,18.52,0.00544801,0.790951,99853.1
601717.SH,20260506,542900,18.45,10016505.0,18.67,0.0352037,1.98986,154217.0
601727.SH,20260506,901400,8.1,7301340.0,8.08,0.0071451,0.952352,1261560.0
601728.SH,20260506,715400,6.03,4313862.0,6.03,0.000921554,0.636235,7762970.0
601766.SH,20260506,2618100,5.97,15630057.0,5.97,0.0107618,1.33438,2432780.0
601777.SH,20260506,209100,11.26,2354466.0,11.23,0.00462498,0.355146,452110.0
601778.SH,20260506,11815800,6.72,79402176.0,6.5,0.31691,1.65376,372844.0
601788.SH,20260506,517609,15.2,7867657.0,15.19,0.0132493,1.33583,390670.0
601789.SH,20260506,1616600,5.97,9651102.0,5.89,0.148749,1.17594,108680.0
601798.SH,20260506,40000,9.14,365600.0,9.11,0.0112826,0.367798,35452.8
601799.SH,20260506,16049,124.1,1991681.0,124.08,0.00561784,0.585501,28567.9
601800.SH,20260506,314388,7.01,2203860.0,7.01,0.00266798,1.01786,1178370.0
601801.SH,20260506,18000,6.05,108900.0,6.04,0.000919338,0.248924,195793.0
601808.SH,20260506,347900,14.95,5201105.0,15.1,0.0117515,1.6422,296047.0
601811.SH,20260506,27500,13.6,374000.0,13.59,0.00347264,0.877697,79190.4
601816.SH,20260506,923200,4.91,4532912.0,4.9,0.00188694,0.821194,4892570.0
601818.SH,20260506,5480000,3.12,17097600.0,3.12,0.0118086,3.765,4640680.0
601825.SH,20260506,126000,8.96,1128960.0,8.98,0.00134408,0.511691,937444.0
601827.SH,20260506,87300,8.24,719352.0,8.24,0.0052215,1.04884,167193.0
601828.SH,20260506,1421000,2.65,3765650.0,2.67,0.0393367,2.29838,361240.0
601838.SH,20260506,177700,19.1,3394070.0,19.15,0.00419258,0.627921,423844.0
601857.SH,20260506,2436200,11.99,29210038.0,12.22,0.00150455,1.36544,16192200.0
601858.SH,20260506,59200,25.39,1503088.0,25.38,0.00748893,0.435941,79050.0
601860.SH,20260506,73200,2.69,196908.0,2.69,0.00206105,0.153358,355159.0
601865.SH,20260506,99500,13.51,1344245.0,13.52,0.00523402,0.472959,190103.0
601866.SH,20260506,318400,2.66,846944.0,2.66,0.00326498,0.437907,975198.0
601868.SH,20260506,3956300,2.83,11196329.0,2.83,0.0122,0.729642,3242870.0
601869.SH,20260506,257600,362.0,93251200.0,353.9,0.0633954,1.64593,40633.8
601872.SH,20260506,2231000,18.13,40448030.0,17.6,0.0276301,1.84596,807454.0
601877.SH,20260506,221500,32.78,7260770.0,32.73,0.0103073,0.883095,214897.0
601878.SH,20260506,270100,9.83,2655083.0,9.85,0.00590538,0.639535,457380.0
601880.SH,20260506,824800,1.64,1352672.0,1.64,0.00447943,0.673525,1841310.0
601881.SH,20260506,364300,12.83,4673969.0,12.78,0.00502939,0.779771,724342.0
601882.SH,20260506,5200,20.16,104832.0,20.08,0.000996169,0.127094,52200.0
601886.SH,20260506,32700,9.6,313920.0,9.58,0.00288614,0.320389,113300.0
601888.SH,20260506,941300,63.7,59960810.0,65.62,0.0482106,4.10932,195248.0
601890.SH,20260506,194300,10.95,2127585.0,10.93,0.0202522,0.337208,95940.0
601898.SH,20260506,220828,18.43,4069860.0,18.72,0.00241289,0.504647,915200.0
601899.SH,20260506,2508280,33.5,84027380.0,33.3,0.0121751,1.01158,2060180.0
601900.SH,20260506,101200,12.55,1270060.0,12.5,0.0114743,0.80841,88197.0
601901.SH,20260506,306700,7.2,2208240.0,7.18,0.00372566,0.538948,823210.0
601908.SH,20260506,188000,3.94,740720.0,3.93,0.00778596,0.233366,241460.0
601916.SH,20260506,740300,2.97,2198691.0,2.97,0.00343615,1.07488,2154440.0
601918.SH,20260506,336500,8.89,2991485.0,8.95,0.0129896,0.445328,259054.0
601919.SH,20260506,2176000,14.2,30899200.0,14.12,0.0173301,2.43378,1255620.0
601921.SH,20260506,18300,7.62,139446.0,7.6,0.0008235,0.0899139,222222.0
601928.SH,20260506,53800,9.42,506796.0,9.43,0.00211403,0.813042,254490.0
601929.SH,20260506,293800,2.92,857896.0,2.91,0.00841885,0.430211,348979.0
601933.SH,20260506,850900,3.82,3250438.0,3.84,0.00937627,0.781911,907504.0
601939.SH,20260506,554100,9.94,5507754.0,9.95,0.00577569,0.584176,959366.0
601949.SH,20260506,51000,5.9,300900.0,5.87,0.00267862,0.342196,190397.0
601952.SH,20260506,250200,9.96,2491992.0,9.96,0.0181567,1.01091,137800.0
601956.SH,20260506,43100,5.93,255583.0,5.93,0.00693353,0.508706,62161.7
601958.SH,20260506,194600,19.65,3823890.0,19.58,0.00603111,0.566798,322660.0
601963.SH,20260506,62100,10.47,650187.0,10.5,0.00305305,0.502862,203403.0
601965.SH,20260506,12900,16.11,207819.0,16.1,0.00129206,0.15866,99840.6
601966.SH,20260506,51049,13.25,676399.0,13.22,0.00348814,0.389654,146350.0
601968.SH,20260506,41700,5.15,214755.0,5.15,0.00326859,0.25858,127578.0
601969.SH,20260506,304100,12.24,3722184.0,12.23,0.0154172,0.855266,197248.0
601975.SH,20260506,2162400,4.58,9903792.0,4.48,0.0462017,1.14049,468034.0
601985.SH,20260506,758500,8.99,6818915.0,8.99,0.00401678,0.550799,1888330.0
601988.SH,20260506,1334900,5.75,7675675.0,5.75,0.000633358,0.701949,21076600.0
601990.SH,20260506,89300,7.34,655462.0,7.35,0.00242244,0.546075,368636.0
601991.SH,20260506,28751700,4.58,131682786.0,4.16,0.231942,13.2782,1239610.0
601992.SH,20260506,982200,1.66,1630452.0,1.66,0.0117852,1.41859,833416.0
601995.SH,20260506,124200,34.37,4268754.0,34.23,0.00424827,0.702755,292354.0
601996.SH,20260506,224900,2.73,613977.0,2.72,0.020064,0.357115,112091.0
601997.SH,20260506,633100,6.01,3804931.0,6.01,0.0173158,0.930368,365620.0
601998.SH,20260506,166900,8.41,1403629.0,8.41,0.00040944,0.296693,4076300.0
601999.SH,20260506,39700,7.31,290207.0,7.31,0.0072062,0.436582,55091.5
603000.SH,20260506,194000,19.1,3705400.0,18.98,0.0175456,1.0667,110569.0
603001.SH,20260506,76600,8.31,636546.0,8.23,0.0191032,0.667456,40098.0
603002.SH,20260506,667800,14.0,9349200.0,13.82,0.0588848,0.687017,113408.0
603004.SH,20260506,4500,20.77,93465.0,20.73,0.00764266,0.213643,5888.0
603005.SH,20260506,257554,31.8,8190217.0,31.1,0.0394917,0.676826,65217.2
603006.SH,20260506,19100,13.46,257086.0,13.46,0.00751217,0.286058,25425.4
603007.SH,20260506,369800,5.81,2148538.0,5.86,0.0532018,1.3493,69508.9
603008.SH,20260506,142900,9.8,1400420.0,10.32,0.0388007,2.49096,36829.2
603009.SH,20260506,42700,45.95,1962065.0,45.94,0.0126179,0.750181,33840.9
603010.SH,20260506,62900,13.34,839086.0,13.02,0.0107516,0.488478,58503.0
603011.SH,20260506,25100,20.77,521327.0,20.58,0.00507671,0.178248,49441.4
603012.SH,20260506,99400,8.66,860804.0,8.66,0.0153751,0.583022,64650.0
603013.SH,20260506,188600,20.41,3849326.0,20.41,0.0371099,2.90963,50822.0
603014.SH,20260506,400,35.95,14380.0,35.95,0.00101607,0.0401337,3936.73
603015.SH,20260506,10800,11.88,128304.0,11.79,0.00267182,0.165989,40421.9
603016.SH,20260506,92800,56.04,5200512.0,54.94,0.062635,1.3036,14816.0
603017.SH,20260506,589200,15.54,9156168.0,15.4,0.213331,1.67794,27619.0
603018.SH,20260506,163200,7.57,1235424.0,7.52,0.0238668,2.42474,68379.6
603019.SH,20260506,1133200,96.0,108787200.0,92.96,0.0774728,1.72955,146271.0
603020.SH,20260506,19300,10.93,210949.0,10.87,0.00503604,0.378356,38323.8
603022.SH,20260506,91000,11.53,1049230.0,11.3,0.0455,1.62364,20000.0
603023.SH,20260506,156800,4.59,719712.0,4.55,0.0280944,1.08167,55811.7
603025.SH,20260506,96600,16.4,1584240.0,16.36,0.00870918,0.733274,110917.0
603026.SH,20260506,195585,115.66,22621361.0,114.92,0.0840499,0.799132,23270.1
603027.SH,20260506,137443,9.11,1252106.0,9.15,0.0109988,0.455876,124962.0
603028.SH,20260506,23000,8.72,200560.0,8.68,0.00809318,0.293078,28419.0
603029.SH,20260506,60600,19.95,1208970.0,19.95,0.0499415,2.27412,12134.2
603030.SH,20260506,4904400,2.77,13585188.0,2.65,0.372411,11.0901,131693.0
603031.SH,20260506,89360,42.19,3770098.0,41.5,0.0284233,0.635927,31439.0
603032.SH,20260506,106000,23.2,2459200.0,23.31,0.0457561,0.686687,23166.3
603033.SH,20260506,242000,11.09,2683780.0,11.24,0.0239005,2.42503,101253.0
603035.SH,20260506,49300,13.47,664071.0,13.47,0.0134572,1.07838,36634.7
603036.SH,20260506,3600,17.28,62208.0,17.28,0.00174752,0.0888349,20600.6
603037.SH,20260506,10400,13.88,144352.0,13.76,0.00390764,0.163047,26614.5
603038.SH,20260506,17900,16.79,300541.0,16.84,0.00666227,0.255056,26867.7
603039.SH,20260506,140720,46.17,6497042.0,45.55,0.0548903,1.71496,25636.6
603040.SH,20260506,12800,79.8,1021440.0,79.62,0.0094295,0.676937,13574.4
603041.SH,20260506,46600,14.12,657992.0,14.12,0.0254439,0.80467,18314.8
603042.SH,20260506,70800,19.56,1384848.0,19.3,0.0440875,0.752069,16059.0
603043.SH,20260506,22500,15.5,348750.0,15.52,0.00398967,0.507058,56395.6
603045.SH,20260506,1187974,51.35,61002465.0,46.68,0.877089,15.779,13544.5
603048.SH,20260506,25300,23.56,596068.0,23.41,0.0172249,0.891121,14688.0
603049.SH,20260506,5200,49.0,254800.0,48.94,0.00594635,0.195347,8744.86
603050.SH,20260506,146600,22.18,3251588.0,21.7,0.0363484,2.25989,40331.9
603051.SH,20260506,58300,23.58,1374714.0,23.42,0.0360694,1.28075,16163.3
603052.SH,20260506,44900,83.48,3748252.0,81.44,0.023896,0.609948,18789.7
603053.SH,20260506,8000,9.68,77440.0,9.69,0.000899999,0.287364,88889.0
603055.SH,20260506,237200,9.09,2156148.0,9.07,0.0267403,3.11666,88705.0
603057.SH,20260506,20100,27.8,558780.0,27.78,0.00487864,0.58104,41200.0
603058.SH,20260506,19900,11.06,220094.0,11.05,0.00481098,0.137178,41363.7
603059.SH,20260506,3700,34.73,128501.0,34.58,0.00368347,0.18761,10044.9
603060.SH,20260506,296100,6.72,1989792.0,6.68,0.0368301,0.663749,80396.1
603061.SH,20260506,18445,259.44,4785371.0,254.85,0.0212011,0.514314,8700.0
603062.SH,20260506,1500,53.89,80835.0,53.75,0.00404606,0.0569685,3707.31
603063.SH,20260506,346100,44.1,15263010.0,43.88,0.0754358,0.937375,45880.1
603065.SH,20260506,28500,8.26,235410.0,8.27,0.00680244,0.433902,41896.8
603066.SH,20260506,207200,11.53,2389016.0,11.6,0.0704331,1.08828,29418.0
603067.SH,20260506,221200,35.68,7892416.0,34.98,0.0292776,0.704998,75552.5
603068.SH,20260506,42200,35.78,1509916.0,35.48,0.0278021,1.03388,15178.7
603069.SH,20260506,31600,16.93,534988.0,17.02,0.01,0.697024,31600.0
603070.SH,20260506,82700,13.9,1149530.0,13.85,0.0206234,1.64448,40100.0
603071.SH,20260506,4500,14.06,63270.0,14.03,0.000806517,0.12702,55795.4
603072.SH,20260506,17100,37.6,642960.0,37.54,0.0135467,0.612663,12623.0
603073.SH,20260506,19300,21.01,405493.0,21.0,0.0379228,0.727921,5089.28
603075.SH,20260506,5900,23.54,138886.0,23.54,0.0143047,0.302919,4124.51
603076.SH,20260506,171800,31.62,5432316.0,32.2,0.142335,3.24808,12070.1
603077.SH,20260506,1337500,2.96,3959000.0,2.96,0.0151443,0.501195,883170.0
603078.SH,20260506,476900,25.75,12280175.0,24.81,0.123665,2.09126,38563.7
603079.SH,20260506,6400,15.96,102144.0,15.96,0.00338571,0.103481,18903.0
603080.SH,20260506,27300,21.95,599235.0,21.94,0.0192933,1.1789,14150.0
603081.SH,20260506,22300,12.4,276520.0,12.46,0.00527812,0.374377,42249.9
603082.SH,20260506,5000,33.96,169800.0,33.96,0.0123284,0.38691,4055.69
603083.SH,20260506,595400,185.8,110625320.0,174.97,0.216047,1.70979,27558.8
603085.SH,20260506,82500,12.39,1022175.0,12.28,0.0207756,0.642785,39710.0
603086.SH,20260506,34900,7.38,257562.0,7.35,0.00802644,0.743949,43481.3
603087.SH,20260506,15500,59.0,914500.0,58.85,0.00277848,0.245032,55785.9
603088.SH,20260506,62300,12.0,747600.0,11.94,0.0142279,0.309953,43787.2
603089.SH,20260506,9400,11.63,109322.0,11.59,0.00391612,0.239926,24003.3
603090.SH,20260506,37500,64.15,2405625.0,64.15,0.0375,0.623905,10000.0
603091.SH,20260506,1500,81.83,122745.0,81.06,0.00477075,0.229767,3144.16
603092.SH,20260506,11600,73.48,852368.0,73.0,0.0335535,0.412173,3457.17
603093.SH,20260506,46600,21.08,982328.0,20.95,0.00763852,0.648036,61006.6
603095.SH,20260506,1412200,27.77,39216794.0,25.37,0.546794,13.8832,25826.9
603096.SH,20260506,9900,18.57,183843.0,18.44,0.00641879,0.395961,15423.5
603097.SH,20260506,15100,27.38,413438.0,27.08,0.00943668,0.336007,16001.4
603098.SH,20260506,44400,14.1,626040.0,14.19,0.00824053,0.549789,53880.0
603099.SH,20260506,23600,34.7,818920.0,34.95,0.00884989,0.455014,26667.0
603100.SH,20260506,26500,19.56,518340.0,19.49,0.00518044,0.331202,51153.9
603101.SH,20260506,398300,11.24,4476892.0,11.06,0.0846726,1.17412,47040.0
603102.SH,20260506,3000,41.09,123270.0,41.08,0.0046875,0.38307,6400.0
603103.SH,20260506,57700,20.6,1188620.0,20.66,0.00909808,0.565155,63420.0
603105.SH,20260506,60700,9.8,594860.0,9.73,0.0121397,0.236749,50001.1
603106.SH,20260506,30000,8.96,268800.0,8.9,0.00576347,0.447627,52052.0
603107.SH,20260506,25000,14.41,360250.0,14.31,0.0114587,1.14998,21817.4
603108.SH,20260506,70800,13.53,957924.0,13.43,0.0117276,0.540778,60370.3
603109.SH,20260506,5500,22.43,123365.0,22.4,0.00263349,0.0681646,20884.8
603110.SH,20260506,235700,22.06,5199542.0,22.13,0.117132,0.697356,20122.7
603111.SH,20260506,7600,6.94,52744.0,6.92,0.0008911,0.0851233,85287.9
603112.SH,20260506,197700,21.5,4250550.0,20.75,0.0369805,1.69682,53460.7
603113.SH,20260506,1300063,6.25,8125394.0,6.71,0.153221,7.47279,84849.1
603115.SH,20260506,146100,56.67,8279487.0,56.89,0.0603993,1.41852,24189.0
603116.SH,20260506,61900,6.52,403588.0,6.52,0.0107428,0.38449,57620.1
603117.SH,20260506,132200,4.7,621340.0,4.68,0.0220628,0.84899,59919.8
603118.SH,20260506,490000,14.71,7207900.0,14.64,0.0622399,0.638441,78727.6
603119.SH,20260506,718707,82.75,59473004.0,82.51,0.352516,5.10893,20387.9
603120.SH,20260506,5300,39.31,208343.0,39.12,0.0139842,0.585444,3790.0
603121.SH,20260506,42400,20.09,851816.0,20.09,0.0125246,0.809367,33853.4
603122.SH,20260506,179600,15.16,2722736.0,15.05,0.0451197,1.09883,39805.3
603123.SH,20260506,190900,11.66,2225894.0,11.6,0.0292668,0.949112,65227.6
603124.SH,20260506,21700,127.45,2765665.0,127.1,0.0279607,0.629284,7760.88
603125.SH,20260506,100100,22.05,2207205.0,22.07,0.024726,0.720428,40483.6
603126.SH,20260506,31600,8.22,259752.0,8.18,0.00517609,0.323292,61050.0
603127.SH,20260506,341092,38.41,13101344.0,38.87,0.0541113,0.802312,63035.3
603128.SH,20260506,356300,5.59,1991717.0,5.58,0.0272183,3.82224,130905.0
603129.SH,20260506,3200,274.8,879360.0,274.73,0.00208492,0.299201,15348.3
603130.SH,20260506,800,46.08,36864.0,45.66,0.000581758,0.0304645,13751.4
603131.SH,20260506,904300,23.67,21404781.0,22.52,0.268412,10.0407,33690.7
603132.SH,20260506,29300,19.2,562560.0,19.24,0.00299591,0.349722,97800.0
603135.SH,20260506,29400,12.19,358386.0,11.96,0.00467009,0.415485,62953.8
603136.SH,20260506,159000,11.0,1749000.0,11.04,0.0588613,1.38723,27012.7
603137.SH,20260506,27800,13.85,385030.0,13.84,0.0151968,0.904754,18293.3
603138.SH,20260506,106300,18.21,1935723.0,18.21,0.0368658,0.978444,28834.3
603139.SH,20260506,57200,35.95,2056340.0,36.3,0.0572687,1.05206,9988.0
603150.SH,20260506,11000,61.79,679690.0,60.63,0.0128681,0.576231,8548.3
603151.SH,20260506,33700,15.89,535493.0,15.79,0.0196946,1.12447,17111.3
603153.SH,20260506,258700,17.01,4400487.0,17.43,0.0640695,7.84444,40378.0
603155.SH,20260506,40100,17.84,715384.0,17.68,0.0126984,0.681046,31578.7
603156.SH,20260506,311100,38.97,12123567.0,37.55,0.024685,3.02174,126028.0
603158.SH,20260506,234900,12.8,3006720.0,12.76,0.0478635,0.618433,49077.0
603159.SH,20260506,23000,25.8,593400.0,25.8,0.0164286,1.48942,14000.0
603160.SH,20260506,27800,65.71,1826738.0,64.89,0.00596854,0.389917,46577.5
603161.SH,20260506,30500,14.81,451705.0,14.81,0.0159896,0.948162,19074.9
603162.SH,20260506,101000,15.05,1520050.0,14.87,0.0361396,0.537104,27947.2
603163.SH,20260506,9400,99.36,933984.0,98.0,0.0094,0.490739,10000.0
603165.SH,20260506,46300,17.4,805620.0,17.4,0.0144487,0.430815,32044.5
603166.SH,20260506,8700,13.7,119190.0,13.66,0.00135786,0.187205,64071.6
603167.SH,20260506,298700,9.01,2691287.0,9.07,0.0636691,3.09446,46914.4
603168.SH,20260506,96800,6.77,655336.0,6.74,0.0259856,1.21966,37251.4
603169.SH,20260506,75700,8.49,642693.0,8.43,0.00579503,0.239474,130629.0
603170.SH,20260506,32900,13.68,450072.0,13.65,0.00822479,0.640928,40001.0
603171.SH,20260506,49300,55.06,2714458.0,55.29,0.0121461,0.711694,40589.0
603172.SH,20260506,32300,21.58,697034.0,21.58,0.0644968,1.43044,5008.0
603173.SH,20260506,14400,38.86,559584.0,38.9,0.009,0.475945,16000.0
603175.SH,20260506,27500,98.11,2698025.0,96.18,0.0604738,0.571567,4547.42
603176.SH,20260506,14900,5.73,85377.0,5.71,0.00322639,0.184586,46181.6
603177.SH,20260506,28200,12.1,341220.0,12.09,0.0138105,0.503933,20419.2
603178.SH,20260506,816900,20.23,16525887.0,19.46,0.345541,2.85938,23641.2
603179.SH,20260506,99400,61.42,6105148.0,61.4,0.0194848,0.474593,51014.2
603180.SH,20260506,29100,18.53,539223.0,18.52,0.0188646,2.10288,15425.7
603181.SH,20260506,29700,15.2,451440.0,15.18,0.00504501,0.420761,58870.0
603182.SH,20260506,63100,15.35,968585.0,15.05,0.038347,1.85273,16455.0
603183.SH,20260506,159400,4.88,777872.0,4.9,0.0320625,0.79694,49715.3
603185.SH,20260506,113256,21.86,2475776.0,21.71,0.0166793,0.674168,67902.2
603186.SH,20260506,207400,81.0,16799400.0,79.18,0.132278,1.03246,15679.1
603187.SH,20260506,75700,14.1,1067370.0,13.98,0.019798,1.12018,38236.2
603188.SH,20260506,296500,5.31,1574415.0,5.32,0.052002,1.52656,57017.0
603190.SH,20260506,252900,28.86,7298694.0,28.33,0.615095,12.3356,4111.56
603191.SH,20260506,53500,19.9,1064650.0,19.6,0.0162139,0.620496,32996.5
603192.SH,20260506,7300,22.72,165856.0,22.72,0.00523649,0.458966,13940.6
603193.SH,20260506,22400,26.0,582400.0,25.97,0.0216768,0.342388,10333.6
603194.SH,20260506,2500,35.06,87650.0,34.87,0.00158201,0.0924835,15802.7
603195.SH,20260506,113081,44.85,5071683.0,44.85,0.00627996,1.96666,180066.0
603196.SH,20260506,54400,28.68,1560192.0,28.69,0.0229547,0.544191,23698.8
603197.SH,20260506,5600,33.84,189504.0,33.84,0.00265212,0.214876,21115.2
603198.SH,20260506,71700,37.24,2670108.0,38.0,0.0089625,0.57396,80000.0
603199.SH,20260506,16500,36.4,600600.0,36.48,0.0149078,0.643667,11068.0
603200.SH,20260506,32300,61.8,1996140.0,62.03,0.0184066,0.46877,17548.0
603201.SH,20260506,40800,16.36,667488.0,16.05,0.0216613,1.77486,18835.5
603202.SH,20260506,3800,79.54,302252.0,79.48,0.00756768,0.170593,5021.36
603203.SH,20260506,58500,48.2,2819700.0,46.88,0.0234795,0.847682,24915.3
603205.SH,20260506,21000,25.89,543690.0,26.03,0.0507983,0.657069,4134.0
603206.SH,20260506,53900,16.8,905520.0,16.6,0.0176606,1.26148,30520.0
603207.SH,20260506,9300,26.25,244125.0,26.25,0.0170956,0.591758,5440.0
603208.SH,20260506,42600,13.8,587880.0,13.66,0.0240443,1.83407,17717.3
603209.SH,20260506,58000,14.84,860720.0,14.88,0.0180409,1.44176,32149.2
603210.SH,20260506,13900,16.6,230740.0,16.52,0.00597393,0.46531,23267.8
603211.SH,20260506,77400,27.5,2128500.0,26.8,0.028476,0.680392,27180.8
603212.SH,20260506,181300,14.1,2556330.0,13.7,0.0414409,0.849481,43749.1
603213.SH,20260506,37600,13.75,517000.0,13.85,0.00850732,1.51433,44197.2
603214.SH,20260506,36300,16.82,610566.0,16.69,0.0262018,1.10014,13854.0
603215.SH,20260506,224200,18.13,4064746.0,18.29,0.119747,2.1606,18722.8
603216.SH,20260506,2400,29.63,71112.0,29.6,0.00107773,0.0937652,22269.0
603217.SH,20260506,23300,30.83,718339.0,30.71,0.0111972,0.371071,20808.8
603218.SH,20260506,44800,12.8,573440.0,12.75,0.00435782,0.22942,102804.0
603219.SH,20260506,64800,16.54,1071792.0,16.63,0.0115426,0.866614,56140.0
603220.SH,20260506,597500,29.22,17458950.0,28.26,0.13759,0.952005,43426.1
603221.SH,20260506,22000,12.58,276760.0,12.55,0.00908078,0.270397,24227.0
603222.SH,20260506,126600,9.73,1231818.0,9.8,0.0241101,0.442765,52509.1
603223.SH,20260506,93800,9.12,855456.0,9.03,0.0132895,1.31015,70582.2
603225.SH,20260506,48000,18.59,892320.0,18.52,0.00287676,0.271413,166855.0
603226.SH,20260506,5200,39.22,203944.0,39.22,0.00146276,0.156041,35549.2
603227.SH,20260506,70600,8.64,609984.0,8.61,0.00658771,0.511659,107169.0
603228.SH,20260506,243200,71.5,17388800.0,70.17,0.0249243,0.518574,97575.6
603229.SH,20260506,30100,9.82,295582.0,9.83,0.00362521,0.236352,83029.7
603230.SH,20260506,37100,10.75,398825.0,10.76,0.0104944,1.16692,35352.3
603231.SH,20260506,26300,17.16,451308.0,17.09,0.0247492,0.90138,10626.6
603232.SH,20260506,35700,18.82,671874.0,18.65,0.0154345,0.518152,23130.0
603233.SH,20260506,53400,18.7,998580.0,18.72,0.00468895,0.583791,113885.0
603235.SH,20260506,3800,25.89,98382.0,25.8,0.000868016,0.604191,43778.0
603236.SH,20260506,54120,72.0,3896640.0,72.3,0.0206835,0.568831,26165.8
603237.SH,20260506,11600,17.1,198360.0,17.08,0.00591801,0.558997,19601.2
603238.SH,20260506,39700,15.96,633612.0,15.94,0.0223651,1.01788,17750.9
603239.SH,20260506,20800,23.91,497328.0,23.81,0.00768322,0.336479,27072.0
603248.SH,20260506,72400,26.12,1891088.0,25.61,0.10446,1.06217,6930.89
603255.SH,20260506,39200,31.17,1221864.0,31.19,0.0646062,1.9792,6067.52
603256.SH,20260506,539600,122.5,66101000.0,119.1,0.0613372,2.12532,87972.8
603257.SH,20260506,6200,60.0,372000.0,60.01,0.0248996,0.351545,2490.0
603258.SH,20260506,2200,17.06,37532.0,17.05,0.000911572,0.113312,24134.1
603259.SH,20260506,897347,111.63,100170846.0,109.55,0.0362817,1.59316,247328.0
603260.SH,20260506,38200,44.57,1702574.0,44.6,0.00323124,0.430562,118221.0
603261.SH,20260506,4700,33.85,159095.0,33.79,0.00606412,0.636615,7750.5
603262.SH,20260506,5000,26.14,130700.0,25.91,0.0124975,0.503053,4000.8
603266.SH,20260506,42000,20.49,860580.0,20.23,0.0211175,1.41464,19888.7
603267.SH,20260506,109400,53.88,5894472.0,52.87,0.0473427,1.60894,23108.1
603268.SH,20260506,70600,150.0,10590000.0,149.5,0.030268,0.531996,23325.0
603269.SH,20260506,57600,14.93,859968.0,14.92,0.0186558,0.400654,30875.2
603270.SH,20260506,41400,28.13,1164582.0,28.13,0.0585435,0.929121,7071.67
603271.SH,20260506,16000,51.85,829600.0,52.0,0.0169176,0.432779,9457.6
603272.SH,20260506,91400,28.14,2571996.0,26.8,0.0882009,1.74321,10362.7
603273.SH,20260506,10700,17.92,191744.0,17.91,0.0190872,0.56096,5605.84
603275.SH,20260506,87300,47.38,4136274.0,46.32,0.210179,2.18631,4153.6
603276.SH,20260506,32400,18.15,588060.0,18.01,0.0428332,0.638005,7564.23
603277.SH,20260506,15920,13.1,208552.0,13.03,0.00261092,0.788334,60974.6
603278.SH,20260506,203700,11.34,2309958.0,11.2,0.0596033,0.795369,34175.9
603279.SH,20260506,87500,19.1,1671250.0,18.75,0.0151811,0.659166,57637.3
603280.SH,20260506,5400,34.05,183870.0,34.08,0.019326,0.46083,2794.17
603281.SH,20260506,6400,33.9,216960.0,33.82,0.00171429,0.239866,37333.3
603282.SH,20260506,94800,18.21,1726308.0,17.85,0.0708414,2.66603,13382.0
603283.SH,20260506,328000,56.48,18525440.0,53.83,0.120956,2.25112,27117.4
603284.SH,20260506,3600,47.1,169560.0,47.02,0.0194875,0.157806,1847.34
603285.SH,20260506,23300,44.09,1027297.0,43.59,0.0374016,0.467243,6229.68
603286.SH,20260506,19400,64.32,1247808.0,64.52,0.0167776,0.525563,11563.1
603288.SH,20260506,117640,38.64,4545610.0,38.64,0.0021156,0.777961,556060.0
603289.SH,20260506,20800,11.65,242320.0,11.66,0.00708953,0.248061,29339.0
603290.SH,20260506,106800,105.79,11298372.0,103.92,0.0445978,1.09069,23947.3
603291.SH,20260506,23600,11.47,270692.0,11.46,0.00557629,0.35729,42322.1
603293.SH,20260506,33600,49.7,1669920.0,49.73,0.095736,0.693784,3509.65
603296.SH,20260506,173203,106.23,18399355.0,103.61,0.0303605,0.92653,57048.7
603297.SH,20260506,5000,115.99,579950.0,114.76,0.00451552,0.229715,11072.9
603298.SH,20260506,6800,27.16,184688.0,27.17,0.000519158,0.0824258,130981.0
603299.SH,20260506,25200,10.85,273420.0,10.87,0.00322867,0.281382,78050.6
603300.SH,20260506,245200,6.65,1630580.0,6.58,0.0122933,0.419452,199457.0
603301.SH,20260506,11700,93.0,1088100.0,92.3,0.0044339,0.695793,26387.6
603303.SH,20260506,15500,18.2,282100.0,18.08,0.00324985,0.427172,47694.5
603305.SH,20260506,159179,15.55,2475233.0,15.41,0.0137733,0.534233,115571.0
603306.SH,20260506,202500,101.3,20513250.0,101.45,0.0614576,0.948707,32949.5
603307.SH,20260506,5300,42.82,226946.0,42.32,0.00791045,0.751496,6700.0
603308.SH,20260506,196800,77.09,15171312.0,75.58,0.028982,0.880306,67904.1
603309.SH,20260506,88900,13.67,1215263.0,13.67,0.0304586,1.43841,29187.1
603310.SH,20260506,6000,16.57,99420.0,16.59,0.00309262,0.287568,19401.0
603311.SH,20260506,51500,19.75,1017125.0,19.75,0.0218328,0.545348,23588.4
603312.SH,20260506,2400,39.81,95544.0,39.49,0.00471332,0.14217,5091.95
603313.SH,20260506,418400,6.47,2707048.0,6.42,0.073328,3.16153,57058.7
603315.SH,20260506,113900,17.15,1953385.0,16.81,0.0355531,0.399812,32036.6
603316.SH,20260506,1197720,16.27,19486904.0,15.59,0.453229,6.34378,26426.4
603317.SH,20260506,824700,17.13,14127111.0,17.13,0.0774574,2.59734,106471.0
603318.SH,20260506,3429700,14.36,49250492.0,14.26,0.747096,3.34282,45907.1
603319.SH,20260506,144300,38.88,5610384.0,38.21,0.0425476,0.928625,33915.0
603320.SH,20260506,2900,24.25,70325.0,24.24,0.0019444,0.0619499,14914.6
603321.SH,20260506,107700,7.74,833598.0,7.74,0.0312569,1.94399,34456.4
603322.SH,20260506,29800,32.91,980718.0,32.5,0.0189102,0.302182,15758.7
603323.SH,20260506,295400,4.98,1471092.0,4.97,0.0146343,0.95563,201854.0
603324.SH,20260506,15600,26.06,406536.0,26.02,0.0105634,0.535421,14768.0
603325.SH,20260506,7300,64.62,471726.0,64.65,0.0213555,0.515618,3418.32
603326.SH,20260506,126000,8.7,1096200.0,8.7,0.0394765,2.56883,31917.7
603327.SH,20260506,145715,10.89,1586836.0,10.8,0.0139379,0.313143,104546.0
603328.SH,20260506,134500,11.61,1561545.0,11.45,0.013471,0.321609,99844.3
603329.SH,20260506,211880,11.48,2432382.0,11.25,0.102663,2.24209,20638.3
603330.SH,20260506,10400,7.42,77168.0,7.4,0.00240366,0.116626,43267.4
603331.SH,20260506,44800,14.15,633920.0,14.08,0.022159,0.662265,20217.6
603332.SH,20260506,24200,14.48,350416.0,14.34,0.0111857,0.258189,21634.7
603333.SH,20260506,411600,8.44,3473904.0,8.44,0.0662239,2.70679,62152.8
603334.SH,20260506,25200,47.8,1204560.0,48.55,0.0792037,1.87367,3181.67
603335.SH,20260506,251100,7.15,1795365.0,7.07,0.0586484,0.533754,42814.5
603336.SH,20260506,226900,11.75,2666075.0,11.75,0.037275,0.499801,60871.9
603337.SH,20260506,8400,39.58,332472.0,39.54,0.00177318,0.232395,47372.6
603338.SH,20260506,53300,55.69,2968277.0,55.12,0.0105264,0.527262,50634.8
603339.SH,20260506,23000,13.75,316250.0,13.67,0.00743275,0.856887,30944.1
603341.SH,20260506,101100,37.38,3779118.0,36.81,0.0379771,1.02635,26621.3
603344.SH,20260506,2500,28.03,70075.0,27.92,0.00462697,0.135704,5403.1
603345.SH,20260506,124300,108.5,13486550.0,109.39,0.0423806,1.85546,29329.4
603348.SH,20260506,6900,18.68,128892.0,18.62,0.00219412,0.268626,31447.7
603350.SH,20260506,4700,34.9,164030.0,34.91,0.0106517,0.452253,4412.45
603351.SH,20260506,1800,27.29,49122.0,27.14,0.00132901,0.147483,13543.9
603352.SH,20260506,12900,36.05,465045.0,35.72,0.0290394,0.765762,4442.24
603353.SH,20260506,398700,43.61,17387307.0,43.09,0.233954,3.32182,17041.8
603355.SH,20260506,16200,29.98,485676.0,32.04,0.00282527,0.430143,57339.7
603356.SH,20260506,10500,19.1,200550.0,19.1,0.00787461,0.180386,13334.0
603357.SH,20260506,120400,7.69,925876.0,7.72,0.0216702,1.70161,55560.3
603358.SH,20260506,122400,32.0,3916800.0,31.32,0.0268905,1.09017,45517.9
603359.SH,20260506,53100,4.1,217710.0,4.32,0.0119033,1.12429,44609.6
603360.SH,20260506,501300,22.66,11359458.0,22.66,0.0709832,2.14506,70622.4
603363.SH,20260506,211900,3.39,718341.0,3.39,0.00988743,0.217445,214313.0
603365.SH,20260506,50000,22.37,1118500.0,22.37,0.0192454,0.753494,25980.2
603366.SH,20260506,66200,8.36,553432.0,8.36,0.0081422,0.672602,81304.8
603367.SH,20260506,11500,15.57,179055.0,15.55,0.00254001,0.185509,45275.4
603368.SH,20260506,87000,16.72,1454640.0,16.74,0.0219027,2.50934,39721.1
603369.SH,20260506,126500,27.05,3421825.0,27.44,0.010146,0.804587,124680.0
603370.SH,20260506,7500,41.78,313350.0,41.78,0.0214347,0.855194,3499.0
603373.SH,20260506,1700,39.35,66895.0,39.45,0.00374201,0.181749,4543.01
603375.SH,20260506,153500,46.77,7179195.0,45.25,0.240668,5.40371,6378.09
603376.SH,20260506,45033,30.0,1350990.0,30.27,0.140725,3.71963,3200.08
603377.SH,20260506,64600,3.67,237082.0,3.67,0.00902963,1.35589,71542.2
603379.SH,20260506,109200,65.0,7098000.0,65.27,0.0178876,1.11368,61047.9
603380.SH,20260506,10100,37.0,373700.0,36.88,0.00629514,0.525218,16044.1
603381.SH,20260506,7000,24.08,168560.0,24.14,0.0049248,0.129846,14213.8
603382.SH,20260506,800,26.12,20896.0,26.11,0.00220688,0.0800363,3625.03
603383.SH,20260506,39200,32.7,1281840.0,32.46,0.0190869,0.721375,20537.6
603385.SH,20260506,72330,6.81,492567.0,6.76,0.019001,1.14626,38066.5
603386.SH,20260506,21500,13.41,288315.0,13.37,0.00658857,0.232673,32632.3
603387.SH,20260506,186300,9.63,1794069.0,9.65,0.0367344,1.10042,50715.4
603389.SH,20260506,60574,63.5,3846449.0,61.82,0.0230537,2.22995,26275.2
603390.SH,20260506,356800,13.49,4813232.0,13.35,0.101793,0.982398,35051.4
603391.SH,20260506,3900,59.68,232752.0,60.59,0.0171429,0.389671,2275.0
603392.SH,20260506,22709,39.48,896551.0,39.3,0.00179604,0.641181,126439.0
603393.SH,20260506,145200,31.1,4515720.0,31.54,0.0343083,1.30993,42322.1
603395.SH,20260506,22500,27.7,623250.0,27.64,0.0346154,0.842408,6500.0
603396.SH,20260506,23300,35.16,819228.0,35.28,0.0168198,0.694765,13852.7
603398.SH,20260506,232400,13.07,3037468.0,12.45,0.0535927,2.90944,43364.2
603399.SH,20260506,2549000,21.33,54370170.0,19.39,0.497569,4.84604,51229.1
603400.SH,20260506,12300,68.5,842550.0,67.69,0.0615,1.10974,2000.0
603402.SH,20260506,24445,110.55,2702395.0,111.17,0.12644,1.68964,1933.33
603406.SH,20260506,4300,33.75,145125.0,33.83,0.0117286,0.580721,3666.25
603408.SH,20260506,18700,11.91,222717.0,11.83,0.00417809,0.726912,44757.3
603409.SH,20260506,16500,43.68,720720.0,43.34,0.0456251,0.849091,3616.43
603416.SH,20260506,21000,54.3,1140300.0,54.36,0.0150813,1.09724,13924.5
603418.SH,20260506,4000,51.6,206400.0,51.65,0.0096701,0.35034,4136.46
603421.SH,20260506,70600,8.28,584568.0,8.19,0.0108251,0.442887,65219.1
603429.SH,20260506,18900,10.28,194292.0,10.3,0.00360353,0.363155,52448.5
603439.SH,20260506,22004,11.27,247985.0,11.25,0.00544869,0.712788,40384.0
603444.SH,20260506,24600,405.0,9963000.0,406.61,0.0341472,0.826477,7204.11
603456.SH,20260506,136200,13.79,1878198.0,13.79,0.0153129,0.496603,88944.6
603458.SH,20260506,135100,12.1,1634710.0,11.96,0.0441324,0.816287,30612.5
603459.SH,20260506,528600,64.98,34348428.0,61.73,0.668675,2.90094,7905.19
603466.SH,20260506,162700,9.72,1581444.0,9.72,0.0273529,0.542179,59481.8
603477.SH,20260506,152100,18.61,2830581.0,18.81,0.0298194,0.90737,51007.0
603486.SH,20260506,56100,65.36,3666696.0,65.16,0.00978456,0.506341,57335.2
603488.SH,20260506,144600,11.75,1699050.0,11.65,0.0495222,1.00331,29199.0
603489.SH,20260506,108900,37.86,4122954.0,37.15,0.0464159,1.48764,23461.8
603496.SH,20260506,212900,30.71,6538159.0,30.51,0.0664878,0.669444,32020.9
603499.SH,20260506,40300,20.71,834613.0,20.81,0.0133182,0.888497,30259.4
603500.SH,20260506,33200,10.71,355572.0,10.71,0.010005,0.672112,33183.3
603501.SH,20260506,406400,99.69,40514016.0,98.3,0.0335755,0.918818,121041.0
603505.SH,20260506,257200,18.61,4786492.0,18.34,0.0305583,1.61434,84166.9
603506.SH,20260506,58100,13.59,789579.0,13.53,0.0309408,1.51087,18777.8
603507.SH,20260506,161400,47.01,7587414.0,47.78,0.0887924,1.14575,18177.2
603508.SH,20260506,42900,26.26,1126554.0,26.16,0.0112517,0.507882,38127.4
603511.SH,20260506,3800,14.84,56392.0,14.78,0.000945539,0.169109,40188.7
603515.SH,20260506,6900,20.26,139794.0,20.26,0.000937082,0.283148,73632.8
603516.SH,20260506,224500,140.0,31430000.0,142.25,0.110445,2.50866,20326.8
603517.SH,20260506,62000,12.6,781200.0,12.68,0.010231,1.4222,60600.2
603518.SH,20260506,82600,9.94,821044.0,9.95,0.0240065,0.700563,34407.4
603519.SH,20260506,41400,14.44,597816.0,14.44,0.0155448,0.868469,26632.8
603520.SH,20260506,513100,12.25,6285475.0,12.08,0.117037,1.07467,43841.0
603527.SH,20260506,274100,12.95,3549595.0,12.96,0.0864747,1.34509,31697.1
603528.SH,20260506,30200,7.82,236164.0,7.72,0.00427804,0.283052,70593.0
603529.SH,20260506,79200,23.45,1857240.0,23.41,0.00934447,0.521334,84756.0
603530.SH,20260506,16200,61.2,991440.0,60.95,0.00378979,0.318138,42746.5
603533.SH,20260506,105900,25.5,2700450.0,25.02,0.0241287,0.676583,43889.7
603535.SH,20260506,48800,8.0,390400.0,7.93,0.00955143,1.04513,51091.8
603536.SH,20260506,21100,10.55,222605.0,10.53,0.00877221,0.320292,24053.2
603538.SH,20260506,1618000,64.65,104603700.0,62.46,0.696265,2.76815,23238.3
603551.SH,20260506,33800,12.24,413712.0,12.2,0.00889746,0.987082,37988.4
603556.SH,20260506,27400,28.98,794052.0,28.72,0.0056348,0.481379,48626.4
603558.SH,20260506,25500,13.1,334050.0,13.02,0.00744226,0.31229,34263.8
603559.SH,20260506,347900,7.8,2713620.0,7.64,0.0866982,5.7991,40127.7
603565.SH,20260506,90100,10.86,978486.0,10.85,0.00429035,0.449301,210006.0
603566.SH,20260506,41000,12.05,494050.0,11.97,0.0118476,0.921324,34606.2
603567.SH,20260506,361300,7.15,2583295.0,7.08,0.0384606,1.82562,93940.3
603568.SH,20260506,13300,21.5,285950.0,21.47,0.000779125,0.13109,170704.0
603569.SH,20260506,17300,6.72,116256.0,6.69,0.00286658,0.282487,60350.7
603577.SH,20260506,29800,11.04,328992.0,11.03,0.00878695,0.473606,33913.9
603578.SH,20260506,9800,13.71,134358.0,13.71,0.00543367,0.239906,18035.7
603579.SH,20260506,64300,22.19,1426817.0,22.3,0.0319817,0.720756,20105.2
603580.SH,20260506,309900,22.27,6901473.0,21.21,0.237157,17.0603,13067.3
603583.SH,20260506,39800,28.86,1148628.0,28.88,0.0104121,0.586778,38224.7
603585.SH,20260506,32100,19.4,622740.0,19.33,0.0167632,0.331765,19149.1
603586.SH,20260506,25400,16.42,417068.0,16.36,0.0129557,0.386641,19605.3
603587.SH,20260506,39600,13.48,533808.0,13.34,0.0083528,1.30414,47409.3
603588.SH,20260506,400200,14.87,5950974.0,14.58,0.026273,0.933668,152323.0
603589.SH,20260506,155400,23.37,3631698.0,23.86,0.0259814,3.633,59811.9
603590.SH,20260506,22500,35.0,787500.0,35.4,0.0142204,0.763105,15822.3
603595.SH,20260506,63100,18.1,1142110.0,18.08,0.0271465,1.18097,23244.2
603596.SH,20260506,50100,46.04,2306604.0,45.88,0.00826033,0.404835,60651.3
603598.SH,20260506,148300,21.09,3127647.0,20.8,0.0550518,1.36388,26938.3
603599.SH,20260506,838120,14.22,11918066.0,14.85,0.0920738,3.28633,91026.9
603600.SH,20260506,113900,12.16,1385024.0,12.0,0.0379619,1.02307,30003.8
603601.SH,20260506,2763043,16.0,44208688.0,15.85,0.241875,1.25117,114234.0
603602.SH,20260506,148000,13.25,1961000.0,13.18,0.0640533,2.56162,23105.8
603605.SH,20260506,76000,61.01,4636760.0,61.88,0.0191931,1.91031,39597.6
603606.SH,20260506,93900,62.85,5901615.0,62.13,0.0136539,0.607482,68771.5
603607.SH,20260506,18300,23.43,428769.0,23.58,0.0102511,0.566071,17851.7
603608.SH,20260506,14200,13.13,186446.0,13.17,0.00338308,0.0903182,41973.6
603609.SH,20260506,18000,7.01,126180.0,7.01,0.00198174,0.484441,90829.1
603610.SH,20260506,74600,17.13,1277898.0,16.9,0.0211336,1.00543,35299.2
603611.SH,20260506,22100,20.17,445757.0,19.98,0.00857917,0.482709,25760.1
603612.SH,20260506,21700,25.12,545104.0,24.91,0.00435652,0.167675,49810.4
603613.SH,20260506,54200,27.31,1480202.0,27.13,0.00752216,0.342317,72053.8
603615.SH,20260506,6100,20.56,125416.0,20.55,0.00252254,0.133777,24182.0
603616.SH,20260506,217800,6.19,1348182.0,6.17,0.0566755,0.882097,38429.3
603617.SH,20260506,23100,7.66,176946.0,7.59,0.00602125,0.303146,38364.1
603618.SH,20260506,789900,29.26,23112474.0,28.26,0.11425,0.836845,69137.6
603619.SH,20260506,533300,32.53,17348249.0,33.66,0.115348,2.36113,46233.8
603626.SH,20260506,411200,25.47,10473264.0,25.16,0.0741062,0.972078,55488.0
603628.SH,20260506,41200,12.43,512116.0,12.4,0.0151375,0.504982,27217.2
603629.SH,20260506,979600,149.95,146891020.0,144.41,0.379644,3.3736,25803.1
603630.SH,20260506,16400,16.63,272732.0,16.62,0.00728227,0.302075,22520.5
603633.SH,20260506,28400,8.36,237424.0,8.28,0.006654,0.266715,42681.1
603636.SH,20260506,54200,9.02,488884.0,8.96,0.00933902,0.649165,58036.1
603637.SH,20260506,294300,17.91,5270913.0,16.88,0.1233,2.11795,23868.6
603638.SH,20260506,80005,23.33,1866517.0,23.24,0.00962653,0.98173,83108.9
603639.SH,20260506,52300,12.8,669440.0,12.75,0.0153879,1.00729,33987.8
603648.SH,20260506,9100,10.21,92911.0,10.16,0.00251095,0.228581,36241.3
603650.SH,20260506,280300,54.93,15396879.0,53.96,0.0456163,2.01663,61447.3
603655.SH,20260506,35400,44.8,1585920.0,43.74,0.0333962,0.664669,10600.0
603656.SH,20260506,900,20.02,18018.0,19.96,0.00049195,0.0302032,18294.5
603657.SH,20260506,75800,28.78,2181524.0,29.33,0.0560692,1.67132,13519.0
603658.SH,20260506,14000,33.5,469000.0,33.5,0.00245002,0.811581,57142.5
603659.SH,20260506,320245,36.7,11752992.0,36.27,0.0149899,0.444746,213640.0
603660.SH,20260506,2801000,13.15,36833150.0,12.16,0.49012,6.50831,57149.3
603661.SH,20260506,13700,30.43,416891.0,30.53,0.00985136,0.782887,13906.7
603662.SH,20260506,46300,56.35,2609005.0,56.2,0.0164868,1.24897,28083.0
603663.SH,20260506,27700,47.0,1301900.0,46.35,0.00655126,0.355888,42282.0
603665.SH,20260506,72600,28.12,2041512.0,28.4,0.0453275,2.1891,16016.8
603666.SH,20260506,26700,28.29,755343.0,28.3,0.0129908,0.39892,20553.0
603667.SH,20260506,93600,66.41,6215976.0,66.38,0.0255596,0.605162,36620.3
603668.SH,20260506,13800,13.53,186714.0,13.52,0.00272837,0.176741,50579.7
603669.SH,20260506,14100,4.52,63732.0,4.48,0.00197942,0.0825759,71233.0
603676.SH,20260506,5500,10.65,58575.0,10.6,0.0012639,0.2015,43516.1
603677.SH,20260506,9500,15.81,150195.0,15.74,0.00493248,0.485413,19260.1
603678.SH,20260506,97541,32.9,3209099.0,32.51,0.0205105,0.729815,47556.7
603679.SH,20260506,31500,15.07,474705.0,14.95,0.0177279,0.540051,17768.6
603680.SH,20260506,103800,14.49,1504062.0,14.36,0.0132445,0.729782,78371.9
603681.SH,20260506,29626,18.21,539489.0,18.15,0.0124614,0.378571,23774.2
603682.SH,20260506,209600,8.65,1813040.0,8.65,0.0443598,0.763205,47250.0
603683.SH,20260506,50700,29.19,1479933.0,28.87,0.0175938,0.420056,28816.9
603685.SH,20260506,26900,33.03,888507.0,32.82,0.0133521,0.66379,20146.6
603686.SH,20260506,73800,19.0,1402200.0,18.96,0.0177647,0.710198,41543.0
603687.SH,20260506,1146500,17.09,19593685.0,17.18,0.208442,1.64333,55003.2
603688.SH,20260506,233200,56.0,13059200.0,55.18,0.0430514,0.856466,54167.8
603689.SH,20260506,38400,8.42,323328.0,8.43,0.00733598,0.785887,52344.7
603690.SH,20260506,84100,25.31,2128571.0,24.87,0.0219603,0.529138,38296.4
603693.SH,20260506,71900,14.66,1054054.0,14.73,0.00806528,0.294238,89147.6
603696.SH,20260506,64700,15.92,1030024.0,15.92,0.0275085,1.13337,23520.0
603697.SH,20260506,19900,10.54,209746.0,10.56,0.00465288,0.198655,42769.2
603698.SH,20260506,972600,43.8,42599880.0,43.97,0.181459,2.8584,53599.0
603699.SH,20260506,70300,63.49,4463347.0,62.74,0.00927266,0.82517,75814.3
603700.SH,20260506,39200,12.94,507248.0,12.94,0.0196037,0.870176,19996.2
603701.SH,20260506,16500,25.0,412500.0,24.99,0.00631309,0.323986,26136.2
603703.SH,20260506,63900,13.88,886932.0,13.68,0.0153983,0.591556,41498.2
603706.SH,20260506,15200,21.64,328928.0,21.63,0.00802608,0.623118,18938.3
603707.SH,20260506,172200,9.12,1570464.0,9.18,0.0106583,1.75332,161564.0
603708.SH,20260506,53100,10.82,574542.0,10.82,0.00831847,1.23951,63833.9
603709.SH,20260506,34500,19.86,685170.0,19.52,0.0275759,0.41304,12510.9
603711.SH,20260506,392000,14.28,5597760.0,14.28,0.0949442,8.4927,41287.4
603712.SH,20260506,33600,16.16,542976.0,16.1,0.00435233,0.400902,77200.0
603713.SH,20260506,39000,56.9,2219100.0,56.87,0.0246636,2.66124,15812.8
603716.SH,20260506,14400,21.27,306288.0,21.26,0.00637759,0.171262,22579.1
603717.SH,20260506,610400,7.64,4663456.0,7.54,0.210377,5.90319,29014.6
603719.SH,20260506,32000,11.1,355200.0,11.09,0.00798005,0.379938,40100.0
603721.SH,20260506,47400,24.7,1170780.0,24.63,0.0364615,1.33282,13000.0
603722.SH,20260506,2000,39.25,78500.0,39.08,0.00208986,0.138781,9570.01
603725.SH,20260506,28900,9.82,283798.0,9.81,0.0100817,0.444219,28665.8
603726.SH,20260506,462400,25.55,11814320.0,24.85,0.250344,6.58251,18470.6
603727.SH,20260506,16900,18.73,316537.0,18.85,0.00599888,0.353502,28171.9
603728.SH,20260506,33100,59.35,1964485.0,59.35,0.00790198,0.648779,41888.2
603729.SH,20260506,9400,15.55,146170.0,16.37,0.0101991,0.415203,9216.51
603730.SH,20260506,376100,11.26,4234886.0,10.94,0.0175045,1.53949,214859.0
603733.SH,20260506,14100,22.05,310905.0,22.03,0.0019923,0.426415,70772.4
603737.SH,20260506,23300,42.62,993046.0,42.67,0.00315796,0.389577,73781.8
603738.SH,20260506,809554,38.38,31070683.0,38.32,0.20979,1.07925,38588.8
603739.SH,20260506,13700,15.03,205911.0,15.05,0.0054144,0.281734,25302.9
603755.SH,20260506,11400,29.09,331626.0,29.09,0.0115603,0.708625,9861.37
603757.SH,20260506,20900,50.9,1063810.0,50.58,0.0112036,0.212065,18654.7
603758.SH,20260506,5600,12.28,68768.0,12.24,0.00127622,0.150163,43879.7
603759.SH,20260506,61400,9.03,554442.0,9.03,0.013297,1.33956,46176.0
603766.SH,20260506,66000,15.37,1014420.0,15.36,0.00321396,0.440118,205354.0
603767.SH,20260506,28500,19.58,558030.0,19.41,0.00923431,0.323698,30863.2
603768.SH,20260506,58000,12.05,698900.0,11.87,0.0243743,1.13614,23795.6
603773.SH,20260506,360700,72.0,25970400.0,69.35,0.160555,1.56714,22465.9
603776.SH,20260506,4200,20.05,84210.0,19.83,0.00149594,0.0748655,28076.1
603777.SH,20260506,155900,16.64,2594176.0,16.43,0.0466174,1.08746,33442.4
603778.SH,20260506,685200,26.51,18164652.0,26.6,0.106587,1.07845,64285.7
603786.SH,20260506,17300,54.0,934200.0,53.75,0.0042837,0.492899,40385.7
603787.SH,20260506,98000,12.06,1181880.0,11.96,0.0425821,1.5314,23014.4
603788.SH,20260506,45000,16.88,759600.0,16.88,0.0201735,0.544767,22306.5
603789.SH,20260506,19100,5.7,108870.0,5.67,0.00734615,0.341424,26000.0
603790.SH,20260506,8000,24.54,196320.0,24.54,0.0041806,0.19283,19136.0
603797.SH,20260506,30500,4.93,150365.0,4.91,0.00528958,0.430014,57660.5
603798.SH,20260506,56200,18.12,1018344.0,18.21,0.0219146,0.560541,25645.0
603799.SH,20260506,1012405,66.59,67416049.0,66.59,0.0536343,1.15958,188761.0
603800.SH,20260506,48100,51.91,2496871.0,51.92,0.023125,0.459464,20800.0
603801.SH,20260506,26700,8.74,233358.0,8.74,0.0061471,0.788543,43435.1
603803.SH,20260506,983200,14.3,14059760.0,14.3,0.231405,2.28842,42488.4
603806.SH,20260506,346032,19.03,6584989.0,18.74,0.0132643,0.626525,260874.0
603808.SH,20260506,128200,11.06,1417892.0,11.1,0.0352456,0.999465,36373.3
603809.SH,20260506,117200,11.03,1292716.0,11.03,0.0127351,1.32321,92028.9
603810.SH,20260506,16600,16.17,268422.0,16.07,0.0100399,0.507156,16534.1
603811.SH,20260506,16600,11.93,198038.0,11.86,0.00507173,0.193851,32730.4
603813.SH,20260506,8900,36.75,327075.0,37.0,0.00847498,0.50249,10501.5
603815.SH,20260506,214100,7.28,1558648.0,7.28,0.0345923,0.579353,61892.4
603816.SH,20260506,50500,28.9,1459450.0,29.04,0.00621794,0.592306,81216.6
603817.SH,20260506,78700,7.38,580806.0,7.36,0.013805,0.482323,57008.4
603818.SH,20260506,279500,3.73,1042535.0,3.7,0.0407112,1.66683,68654.4
603819.SH,20260506,164400,15.0,2466000.0,14.8,0.0755063,1.06811,21773.0
603822.SH,20260506,11000,76.64,843040.0,76.98,0.0143181,0.644431,7682.59
603823.SH,20260506,77800,16.94,1317932.0,16.7,0.0186854,1.52742,41636.8
603825.SH,20260506,37900,8.71,330109.0,8.77,0.0149603,1.82857,25333.7
603826.SH,20260506,34218,34.47,1179494.0,33.79,0.00522253,0.261675,65520.0
603828.SH,20260506,748500,4.62,3458070.0,4.79,0.1256,8.8073,59594.0
603829.SH,20260506,73400,28.41,2085294.0,28.65,0.039406,0.817415,18626.6
603833.SH,20260506,11900,46.46,552874.0,47.0,0.00195353,0.340812,60915.3
603836.SH,20260506,11300,14.36,162268.0,14.3,0.00550588,0.272692,20523.5
603838.SH,20260506,6800,8.9,60520.0,8.97,0.00212489,0.334379,32001.6
603839.SH,20260506,12900,8.08,104232.0,8.09,0.00333319,0.198823,38701.6
603843.SH,20260506,354600,9.42,3340332.0,8.97,0.0506844,1.73383,69962.3
603848.SH,20260506,8300,16.12,133796.0,16.1,0.00206259,0.381798,40240.7
603855.SH,20260506,21100,18.79,396469.0,18.68,0.00628851,0.696857,33553.2
603856.SH,20260506,41700,13.26,552942.0,13.09,0.0147843,0.517039,28205.6
603858.SH,20260506,48600,16.35,794610.0,16.28,0.00460852,0.926654,105457.0
603859.SH,20260506,10300,39.7,408910.0,39.2,0.00420928,0.19882,24469.8
603860.SH,20260506,25700,32.91,845787.0,32.8,0.0385423,1.62658,6668.0
603861.SH,20260506,8400,15.99,134316.0,15.92,0.00158914,0.0475477,52858.6
603863.SH,20260506,8700,18.24,158688.0,18.1,0.00425116,0.139624,20465.0
603866.SH,20260506,101000,4.98,502980.0,4.98,0.00631361,0.926276,159972.0
603867.SH,20260506,21900,34.8,762120.0,34.28,0.0101536,0.360675,21568.7
603868.SH,20260506,1700,34.41,58497.0,34.5,0.000390266,0.0603579,43560.0
603869.SH,20260506,8700,10.26,89262.0,10.44,0.00176072,0.56017,49411.7
603871.SH,20260506,200916,12.74,2559670.0,12.74,0.0146867,1.25052,136801.0
603876.SH,20260506,422054,30.2,12746031.0,29.76,0.0454179,0.776015,92926.7
603877.SH,20260506,2700,14.26,38502.0,14.23,0.000575296,0.130759,46932.4
603878.SH,20260506,41700,7.99,333183.0,7.95,0.00743133,0.332176,56113.8
603879.SH,20260506,137900,5.98,824642.0,5.9,0.0383754,1.2755,35934.4
603880.SH,20260506,156700,7.45,1167415.0,7.45,0.0542136,1.82059,28904.2
603881.SH,20260506,199120,37.55,7476956.0,36.91,0.027718,0.554776,71837.7
603882.SH,20260506,25200,27.52,693504.0,27.3,0.00547666,0.420063,46013.5
603883.SH,20260506,20200,14.0,282800.0,14.0,0.00266178,0.233551,75889.0
603885.SH,20260506,54000,11.54,623160.0,11.44,0.00247252,0.36978,218401.0
603886.SH,20260506,31200,12.78,398736.0,12.77,0.013,0.430956,24000.0
603887.SH,20260506,131500,15.35,2018525.0,15.19,0.0220905,0.497939,59527.9
603888.SH,20260506,44090,20.21,891059.0,20.09,0.00653439,0.47686,67473.8
603889.SH,20260506,203100,8.59,1744629.0,8.71,0.0280246,1.702,72472.1
603890.SH,20260506,208800,19.22,4013136.0,18.87,0.0467314,0.558039,44680.8
603893.SH,20260506,70100,185.31,12990231.0,182.9,0.0166557,0.735856,42087.7
603895.SH,20260506,9100,28.67,260897.0,28.67,0.00841969,0.502011,10808.0
603896.SH,20260506,9400,17.5,164500.0,17.48,0.00474163,0.445763,19824.4
603897.SH,20260506,145100,54.83,7955833.0,52.36,0.0702882,1.61538,20643.6
603898.SH,20260506,15600,13.81,215436.0,13.81,0.00501052,0.312705,31134.5
603899.SH,20260506,10000,24.62,246200.0,24.54,0.00108581,0.287352,92097.0
603900.SH,20260506,362700,8.14,2952378.0,7.98,0.105829,3.41309,34272.4
603901.SH,20260506,74309,12.25,910285.0,12.22,0.0145931,0.465469,50920.5
603903.SH,20260506,140900,12.4,1747160.0,12.24,0.0551858,1.48409,25531.9
603906.SH,20260506,1029615,33.79,34790691.0,33.17,0.182207,1.33445,56507.9
603908.SH,20260506,12240,24.26,296942.0,24.18,0.0131433,0.618191,9312.7
603909.SH,20260506,6000,12.2,73200.0,12.15,0.00230173,0.0971633,26067.3
603912.SH,20260506,595600,10.96,6527776.0,10.58,0.109915,1.23639,54187.1
603915.SH,20260506,74900,15.89,1190161.0,15.71,0.0114067,0.95569,65663.2
603916.SH,20260506,76100,12.1,920810.0,12.07,0.0181049,0.430705,42032.8
603917.SH,20260506,151700,12.51,1897767.0,12.51,0.0744211,2.1374,20384.0
603918.SH,20260506,22200,13.5,299700.0,13.4,0.0060804,0.344429,36510.8
603919.SH,20260506,72200,17.49,1262778.0,17.76,0.0142333,1.39086,50726.0
603920.SH,20260506,151500,53.5,8105250.0,52.65,0.0210244,0.407546,72059.2
603922.SH,20260506,23800,18.91,450058.0,19.91,0.0132813,0.321105,17920.0
603926.SH,20260506,78700,21.88,1721956.0,21.75,0.0340931,0.780147,23083.9
603927.SH,20260506,427800,16.43,7028754.0,16.44,0.0514777,5.23314,83104.0
603928.SH,20260506,7500,16.01,120075.0,15.95,0.00286172,0.154293,26208.0
603929.SH,20260506,36400,191.88,6984432.0,188.3,0.0170604,0.71606,21336.0
603931.SH,20260506,196400,39.3,7718520.0,38.82,0.0984173,1.34278,19955.8
603933.SH,20260506,438600,24.45,10723770.0,24.44,0.211328,4.10551,20754.5
603936.SH,20260506,429900,16.38,7041762.0,15.5,0.068195,0.883686,63039.8
603937.SH,20260506,869800,15.77,13716746.0,15.25,0.41639,5.95017,20889.1
603938.SH,20260506,127100,28.8,3660480.0,28.22,0.0332179,0.79907,38262.4
603939.SH,20260506,9600,23.2,222720.0,23.2,0.000791823,0.100681,121239.0
603948.SH,20260506,5100,27.65,141015.0,27.6,0.00313867,0.269314,16248.9
603949.SH,20260506,19700,17.95,353615.0,17.81,0.00937179,0.581467,21020.5
603950.SH,20260506,94700,56.68,5367596.0,55.65,0.0292639,1.11682,32360.7
603955.SH,20260506,4800,26.05,125040.0,25.99,0.00353669,0.218333,13572.0
603956.SH,20260506,63400,5.93,375962.0,5.9,0.0111246,0.672186,56990.6
603958.SH,20260506,32100,24.3,780030.0,24.26,0.0146335,0.336477,21936.0
603959.SH,20260506,11183100,4.32,48310992.0,4.55,2.28087,106.022,49029.9
603960.SH,20260506,62800,22.23,1396044.0,22.29,0.0239514,0.716282,26219.8
603966.SH,20260506,26200,13.61,356582.0,13.57,0.00658751,0.214567,39772.2
603967.SH,20260506,29600,13.88,410848.0,13.93,0.00853846,0.259199,34666.7
603968.SH,20260506,81800,12.1,989780.0,11.93,0.0400039,1.56527,20448.0
603969.SH,20260506,119300,8.91,1062963.0,8.91,0.0140418,0.605389,84960.7
603970.SH,20260506,12100,13.23,160083.0,13.21,0.00450149,0.335776,26880.0
603976.SH,20260506,3100,21.15,65565.0,21.15,0.00205021,0.109512,15120.4
603977.SH,20260506,325400,13.95,4539330.0,13.87,0.052379,1.76281,62124.2
603978.SH,20260506,67200,27.41,1841952.0,26.94,0.0318341,0.456082,21109.4
603979.SH,20260506,50100,62.88,3150288.0,62.3,0.00803156,0.662468,62378.9
603980.SH,20260506,65000,6.33,411450.0,6.35,0.00960355,0.328069,67683.3
603982.SH,20260506,77900,7.66,596714.0,7.6,0.0229419,0.628939,33955.4
603983.SH,20260506,9400,25.17,236598.0,25.17,0.00234414,0.371497,40100.0
603985.SH,20260506,309700,26.62,8244214.0,26.12,0.0702494,0.511129,44085.8
603986.SH,20260506,1635867,330.0,539836110.0,312.99,0.244947,4.00836,66784.5
603987.SH,20260506,23800,8.39,199682.0,8.4,0.00544883,0.337284,43679.1
603988.SH,20260506,17800,25.1,446780.0,24.91,0.00756803,0.232091,23520.0
603989.SH,20260506,21400,20.08,429712.0,19.86,0.00536637,0.232455,39878.0
603990.SH,20260506,192700,16.13,3108251.0,15.82,0.0629157,1.18225,30628.3
603991.SH,20260506,23500,113.1,2657850.0,112.63,0.0315288,0.677507,7453.5
603992.SH,20260506,17800,31.9,567820.0,31.9,0.00401768,0.461874,44304.2
603993.SH,20260506,1999930,18.9,37798677.0,18.62,0.0114538,0.962519,1746080.0
603995.SH,20260506,24400,19.36,472384.0,19.38,0.00667363,0.322635,36561.8
603997.SH,20260506,44500,12.25,545125.0,12.17,0.0034977,0.38317,127226.0
603998.SH,20260506,83300,11.04,919632.0,10.99,0.0189714,0.796965,43908.1
603999.SH,20260506,26100,6.72,175392.0,6.71,0.00453125,0.29461,57600.0
605001.SH,20260506,29800,7.61,226778.0,7.51,0.0075849,0.436287,39288.6
605003.SH,20260506,25100,29.75,746725.0,29.75,0.0228182,1.24633,11000.0
605005.SH,20260506,3500,19.14,66990.0,19.14,0.000872818,0.103527,40100.0
605006.SH,20260506,648300,11.92,7727736.0,11.69,0.108041,1.39432,60004.8
605007.SH,20260506,26500,15.86,420290.0,15.86,0.00659938,0.408271,40155.3
605008.SH,20260506,19300,12.07,232951.0,12.05,0.00298779,0.960619,64596.2
605009.SH,20260506,3200,28.82,92224.0,28.82,0.00148811,0.290796,21503.8
605011.SH,20260506,20700,20.82,430974.0,20.74,0.00517371,0.462806,40010.0
605016.SH,20260506,47800,27.4,1309720.0,27.19,0.0113806,0.759798,42001.2
605018.SH,20260506,27700,12.75,353175.0,12.82,0.00589279,0.421495,47006.6
605020.SH,20260506,74300,27.1,2013530.0,26.9,0.0147736,0.722205,50292.4
605028.SH,20260506,4100,27.48,112668.0,27.55,0.0025625,0.146,16000.0
605033.SH,20260506,36500,23.44,855560.0,23.24,0.026997,1.15766,13520.0
605050.SH,20260506,17000,12.7,215900.0,12.66,0.00344947,0.355478,49282.9
605055.SH,20260506,15000,11.23,168450.0,11.21,0.00340909,0.268993,44000.0
605056.SH,20260506,13100,25.1,328810.0,25.04,0.00324745,0.129605,40339.3
605058.SH,20260506,11700,34.7,405990.0,34.48,0.00818617,0.31468,14292.4
605060.SH,20260506,168500,60.1,10126850.0,58.54,0.0705197,1.82319,23894.0
605066.SH,20260506,112700,8.16,919632.0,8.06,0.0224308,0.887236,50243.3
605068.SH,20260506,7300,25.71,187683.0,25.71,0.00450066,0.293163,16219.8
605069.SH,20260506,80300,14.33,1150699.0,14.19,0.0379314,0.740975,21169.8
605077.SH,20260506,33000,17.1,564300.0,17.04,0.011021,0.227078,29943.0
605080.SH,20260506,2200,25.58,56276.0,25.39,0.0015675,0.0994124,14035.1
605086.SH,20260506,800,32.78,26224.0,32.52,0.000446429,0.032872,17920.0
605088.SH,20260506,3300,35.46,117018.0,35.46,0.00165235,0.0774679,19971.5
605089.SH,20260506,61100,26.53,1620983.0,26.77,0.0442754,1.10227,13800.0
605090.SH,20260506,271497,45.67,12399268.0,45.56,0.0385595,0.595468,70409.8
605098.SH,20260506,4800,61.73,296304.0,61.75,0.00402512,0.251646,11925.1
605099.SH,20260506,315500,48.42,15276510.0,48.42,0.0785895,6.13476,40145.3
605100.SH,20260506,11500,48.97,563155.0,48.97,0.00676741,0.392929,16993.2
605108.SH,20260506,37800,15.88,600264.0,15.92,0.0145385,0.788962,26000.0
605111.SH,20260506,262300,41.58,10906434.0,40.68,0.0631542,1.17763,41533.3
605116.SH,20260506,25800,22.95,592110.0,22.6,0.00635181,0.412143,40618.3
605117.SH,20260506,111300,152.26,16946538.0,150.63,0.0122397,0.799822,90933.3
605118.SH,20260506,23400,48.5,1134900.0,48.32,0.00572311,0.407093,40886.9
605122.SH,20260506,61100,14.8,904280.0,14.72,0.0354503,0.949705,17235.4
605123.SH,20260506,183900,109.3,20100270.0,106.77,0.151769,6.48815,12117.1
605128.SH,20260506,16600,34.25,568550.0,34.2,0.00786213,0.884171,21113.9
605133.SH,20260506,121100,33.6,4068960.0,32.63,0.0429253,1.3608,28211.8
605136.SH,20260506,62000,11.0,682000.0,10.94,0.0154823,0.636002,40045.9
605138.SH,20260506,171500,7.7,1320550.0,7.7,0.0308691,1.00693,55557.1
605151.SH,20260506,33400,21.54,719436.0,21.76,0.0248227,0.796785,13455.4
605155.SH,20260506,16900,15.84,267696.0,15.81,0.00904573,0.690397,18682.8
605158.SH,20260506,244800,8.05,1970640.0,8.01,0.0478667,2.46201,51142.0
605162.SH,20260506,62500,11.18,698750.0,11.16,0.0152122,0.362555,41085.3
605166.SH,20260506,18800,11.73,220524.0,11.7,0.00597332,0.202728,31473.3
605167.SH,20260506,27100,17.52,474792.0,17.49,0.0060343,0.716325,44909.9
605168.SH,20260506,292600,47.5,13898500.0,47.06,0.138793,2.01145,21081.7
605169.SH,20260506,16500,12.14,200310.0,12.14,0.00583286,0.357942,28288.0
605177.SH,20260506,92500,20.72,1916600.0,20.92,0.0813886,3.6734,11365.2
605178.SH,20260506,7600,70.4,535040.0,68.84,0.00767057,0.213845,9908.0
605179.SH,20260506,59400,17.06,1013364.0,17.25,0.014813,2.58207,40100.0
605180.SH,20260506,11300,16.0,180800.0,15.85,0.00668639,0.501982,16900.0
605183.SH,20260506,21700,17.14,371938.0,16.97,0.00526151,0.483953,41242.9
605186.SH,20260506,7700,20.15,155155.0,19.95,0.00566176,0.331138,13600.0
605188.SH,20260506,79400,15.9,1262460.0,16.12,0.0158054,0.973213,50235.9
605189.SH,20260506,155100,16.78,2602578.0,16.95,0.0799165,2.29714,19407.8
605196.SH,20260506,8900,42.9,381810.0,42.7,0.00176251,0.0934221,50496.3
605198.SH,20260506,4400,46.08,202752.0,45.84,0.0016264,0.230401,27053.6
605199.SH,20260506,26400,6.78,178992.0,6.79,0.00659821,0.764041,40010.9
605208.SH,20260506,6600,14.75,97350.0,14.73,0.00200036,0.039395,32994.0
605218.SH,20260506,2700,17.2,46440.0,17.03,0.0012686,0.0701751,21283.3
605222.SH,20260506,336700,36.86,12410762.0,36.37,0.0815445,1.5048,41290.3
605228.SH,20260506,138700,14.69,2037503.0,14.39,0.0290693,1.90189,47713.5
605255.SH,20260506,16400,103.8,1702320.0,102.04,0.0122315,0.868974,13408.0
605258.SH,20260506,9500,35.0,332500.0,34.73,0.0107955,0.263245,8800.0
605259.SH,20260506,12200,19.9,242780.0,19.95,0.00707328,0.415229,17248.0
605266.SH,20260506,10000,20.04,200400.0,20.06,0.00647069,0.352585,15454.3
605268.SH,20260506,159800,12.9,2061420.0,12.98,0.0362728,0.654592,44055.0
605277.SH,20260506,29800,22.86,681228.0,22.83,0.0093671,0.462894,31813.5
605286.SH,20260506,11300,40.88,461944.0,40.68,0.00672619,0.41087,16800.0
605287.SH,20260506,134100,56.68,7600788.0,55.32,0.0957857,1.14398,14000.0
605288.SH,20260506,1900,82.8,157320.0,83.0,0.00270659,0.150399,7019.89
605289.SH,20260506,39700,150.0,5955000.0,150.05,0.0366447,0.621567,10833.8
605296.SH,20260506,15400,29.85,459690.0,29.96,0.00297306,0.430479,51798.4
605298.SH,20260506,17300,58.98,1020354.0,58.67,0.00928854,0.50863,18625.1
605299.SH,20260506,1726400,25.99,44869136.0,25.98,0.421869,4.20136,40922.7
605300.SH,20260506,22299,11.12,247965.0,11.1,0.00490737,0.688195,45439.9
605303.SH,20260506,30800,23.59,726572.0,23.14,0.0191023,0.60618,16123.7
605305.SH,20260506,114600,47.12,5399952.0,47.8,0.0539243,1.47998,21252.0
605318.SH,20260506,23300,101.4,2362620.0,101.18,0.0185319,0.801183,12572.9
605319.SH,20260506,23500,26.82,630270.0,26.82,0.00674993,0.342183,34815.2
605333.SH,20260506,16000,22.96,367360.0,22.75,0.00344798,0.446004,46404.0
605336.SH,20260506,66300,16.55,1097265.0,16.68,0.036148,1.24444,18341.2
605337.SH,20260506,28500,10.88,310080.0,10.84,0.00730578,0.648774,39010.2
605338.SH,20260506,11000,23.19,255090.0,23.2,0.00459162,0.528053,23956.7
605339.SH,20260506,2900,16.07,46603.0,16.1,0.000683494,0.203958,42429.1
605358.SH,20260506,619500,42.29,26198655.0,41.06,0.0922729,2.41535,67137.8
605365.SH,20260506,15700,29.52,463464.0,29.47,0.00312741,0.125308,50201.3
605366.SH,20260506,145100,13.42,1947242.0,13.34,0.0186966,0.526634,77607.8
605368.SH,20260506,36500,7.77,283605.0,7.77,0.0051075,0.778574,71463.6
605369.SH,20260506,28800,19.8,570240.0,19.7,0.0130616,0.84944,22049.3
605376.SH,20260506,220000,138.0,30360000.0,131.58,0.0840979,1.84977,26160.0
605377.SH,20260506,61468,9.76999,600542.0,9.83,0.0110421,0.772769,55667.0
605378.SH,20260506,2683,20.3,54465.0,20.3,0.00102661,0.119523,26134.6
605388.SH,20260506,243800,7.0,1706600.0,7.01,0.0406006,0.708647,60048.4
605389.SH,20260506,100800,119.95,12090960.0,116.98,0.0739726,2.89199,13626.7
605398.SH,20260506,11900,26.99,321181.0,26.61,0.00731334,0.560139,16271.6
605399.SH,20260506,36800,14.75,542800.0,14.68,0.0118128,0.945243,31152.7
605488.SH,20260506,10300,33.5,345050.0,33.19,0.00372909,0.216071,27620.7
605499.SH,20260506,91300,203.0,18533900.0,203.84,0.0175573,1.89729,52001.3
605500.SH,20260506,12900,9.2,118680.0,9.18,0.00311293,0.261713,41440.0
605507.SH,20260506,12400,23.89,296236.0,23.92,0.00221895,0.500246,55882.4
605555.SH,20260506,17800,15.47,275366.0,15.37,0.00367716,0.311424,48406.9
605566.SH,20260506,14600,32.91,480486.0,32.9,0.0109495,0.653288,13334.0
605567.SH,20260506,38600,11.34,437724.0,11.34,0.0193,0.846117,20000.0
605577.SH,20260506,53700,11.78,632586.0,11.7,0.0120825,0.722917,44444.4
605580.SH,20260506,30700,21.39,656673.0,21.47,0.0109643,0.98299,28000.0
605588.SH,20260506,12900,57.19,737751.0,56.84,0.0176472,0.644808,7309.96
605589.SH,20260506,343200,39.7,13625040.0,39.08,0.0406828,0.611744,84360.0
605598.SH,20260506,75800,47.7,3615660.0,48.3,0.0311913,1.56168,24301.7
605599.SH,20260506,105300,19.23,2024919.0,19.19,0.0135386,1.50738,77777.8
688001.SH,20260506,75358,53.09,4000756.0,52.91,0.0169538,0.306792,44449.0
688002.SH,20260506,105685,147.29,15566344.0,146.01,0.022692,0.920129,46573.6
688003.SH,20260506,9771,72.39,707323.0,72.08,0.00502829,0.279785,19432.1
688004.SH,20260506,19479,23.63,460289.0,23.21,0.024322,1.24309,8008.8
688005.SH,20260506,487876,35.66,17397658.0,34.83,0.0682708,1.0436,71461.9
688006.SH,20260506,46641,32.19,1501374.0,31.9,0.00772621,0.36082,60367.2
688007.SH,20260506,92554,14.88,1377204.0,14.88,0.0201373,1.49255,45961.6
688008.SH,20260506,2329906,190.3,443381112.0,173.3,0.203232,3.58409,114643.0
688009.SH,20260506,330625,5.15,1702719.0,5.13,0.0038351,0.903678,862102.0
688010.SH,20260506,17119,33.66,576226.0,33.45,0.010662,0.387116,16056.2
688011.SH,20260506,1100,64.41,70851.0,63.93,0.00110372,0.0706036,9966.25
688012.SH,20260506,470094,400.0,188037600.0,376.3,0.0749849,2.38942,62691.8
688013.SH,20260506,6590,36.5401,240799.0,36.21,0.0081202,0.49319,8115.56
688015.SH,20260506,3347,21.7099,72663.0,21.66,0.0017739,0.114653,18868.1
688016.SH,20260506,30251,102.6,3103753.0,102.32,0.024542,1.45248,12326.2
688017.SH,20260506,114236,228.0,26045808.0,224.12,0.0623116,1.71726,18333.0
688018.SH,20260506,34090,173.5,5914615.0,172.12,0.0203957,0.565979,16714.3
688019.SH,20260506,63962,260.0,16630120.0,250.2,0.0365509,0.965989,17499.4
688020.SH,20260506,56480,148.82,8405354.0,147.52,0.0685528,0.673726,8238.9
688021.SH,20260506,91550,29.15,2668683.0,30.3,0.119808,3.02355,7641.37
688023.SH,20260506,9826,44.99,442072.0,44.69,0.00965373,0.2487,10178.4
688025.SH,20260506,92953,356.01,33092198.0,356.01,0.0977944,2.21229,9504.94
688026.SH,20260506,18416,16.06,295761.0,15.94,0.0131243,0.834494,14032.0
688027.SH,20260506,18579,579.02,10757613.0,572.19,0.0231156,1.06535,8037.44
688028.SH,20260506,27665,118.9,3289369.0,116.8,0.0183274,0.462955,15094.9
688029.SH,20260506,6262,85.0,532270.0,85.02,0.00333356,0.206364,18784.7
688030.SH,20260506,13104,16.8,220147.0,16.57,0.00727047,0.501507,18023.6
688031.SH,20260506,33935,133.91,4544236.0,132.0,0.028014,0.680531,12113.6
688032.SH,20260506,8693,113.28,984743.0,112.61,0.00700633,0.43984,12407.4
688035.SH,20260506,35776,75.17,2689282.0,73.83,0.0251519,0.436719,14224.0
688036.SH,20260506,90535,57.75,5228396.0,57.75,0.00786451,0.510858,115118.0
688037.SH,20260506,189900,232.11,44077689.0,232.11,0.0941837,1.61317,20162.7
688038.SH,20260506,8755,21.2,185606.0,20.96,0.0075232,0.305933,11637.3
688039.SH,20260506,10854,42.88,465420.0,42.13,0.00981362,0.568002,11060.1
688041.SH,20260506,1250138,322.1,402669450.0,296.25,0.0537847,2.88328,232434.0
688045.SH,20260506,63252,62.0,3921624.0,60.6,0.0896213,1.89293,7057.7
688046.SH,20260506,30445,20.48,623514.0,20.6,0.00742561,0.333077,41000.0
688047.SH,20260506,431415,177.5,76576163.0,166.23,0.107585,2.76297,40100.0
688048.SH,20260506,171615,355.0,60923325.0,352.03,0.0973537,1.05057,17628.0
688049.SH,20260506,52872,49.06,2593900.0,48.07,0.0301837,0.796907,17516.8
688050.SH,20260506,32049,51.76,1658856.0,51.29,0.0165711,1.42457,19340.3
688051.SH,20260506,18182,42.2,767280.0,42.02,0.023511,0.507286,7733.4
688052.SH,20260506,26412,199.0,5255988.0,198.0,0.018531,0.470567,14252.8
688053.SH,20260506,21597,40.0,863880.0,39.5,0.021597,2.21718,10000.0
688055.SH,20260506,84855,4.09,347057.0,4.04,0.00254565,0.496377,333333.0
688056.SH,20260506,8275,36.65,303279.0,36.73,0.0122679,1.04756,6745.25
688057.SH,20260506,22349,12.52,279809.0,12.47,0.00809746,1.78335,27600.0
688058.SH,20260506,3000,30.01,90030.0,29.72,0.00395588,0.164018,7583.65
688059.SH,20260506,61420,142.29,8739452.0,142.24,0.0656347,1.16557,9357.86
688060.SH,20260506,1964,47.5499,93388.0,47.63,0.00326296,0.415047,6019.07
688061.SH,20260506,4687,35.8199,167888.0,35.2,0.00407958,0.309299,11488.9
688062.SH,20260506,83892,35.18,2951321.0,35.73,0.0410893,1.03059,20417.0
688063.SH,20260506,47317,77.06,3646248.0,76.92,0.0192848,0.400466,24535.9
688065.SH,20260506,17255,48.52,837213.0,48.11,0.00295777,0.300376,58337.8
688067.SH,20260506,5194,28.4001,147510.0,28.4,0.00763824,0.375731,6800.0
688068.SH,20260506,9412,111.53,1049720.0,112.2,0.0101523,0.502376,9270.79
688069.SH,20260506,250255,46.8,11711934.0,39.0,0.221465,9.35709,11300.0
688070.SH,20260506,12961,45.7,592318.0,45.5,0.0146584,0.954895,8842.05
688071.SH,20260506,5680,33.41,189769.0,33.24,0.00669893,0.355801,8478.97
688072.SH,20260506,66790,467.24,31206960.0,445.0,0.0236263,0.979382,28269.3
688073.SH,20260506,54765,62.75,3436504.0,63.52,0.0602588,2.40784,9088.29
688075.SH,20260506,1457,37.7097,54943.0,37.42,0.0011465,0.281396,12708.3
688076.SH,20260506,36658,29.71,1089109.0,29.73,0.0115987,2.06553,31605.2
688077.SH,20260506,12936,30.23,391055.0,30.26,0.0112999,0.439932,11447.9
688078.SH,20260506,1690,27.4503,46391.0,27.25,0.00231847,0.161321,7289.3
688079.SH,20260506,57816,15.06,870709.0,14.81,0.0142979,0.551668,40436.8
688080.SH,20260506,2700,45.01,121527.0,44.77,0.00366568,0.145283,7365.61
688081.SH,20260506,2340,53.1799,124441.0,52.6,0.00227096,0.111747,10304.0
688082.SH,20260506,38840,157.22,6106425.0,154.11,0.00817717,0.56306,47498.1
688083.SH,20260506,24480,57.28,1402214.0,56.71,0.01443,0.729661,16964.6
688084.SH,20260506,19121,68.5,1309789.0,68.73,0.0252726,0.773749,7565.91
688085.SH,20260506,73858,18.18,1342738.0,17.69,0.0231718,1.8103,31874.1
688087.SH,20260506,17425,46.42,808869.0,46.7,0.00935593,0.330742,18624.5
688088.SH,20260506,21305,42.97,915476.0,42.6,0.00531071,0.290515,40117.0
688089.SH,20260506,6287,16.0399,100843.0,16.03,0.00373539,0.107185,16830.9
688090.SH,20260506,48199,76.12,3668908.0,74.35,0.0393879,0.896583,12237.0
688091.SH,20260506,5224,55.38,289305.0,55.35,0.00252729,0.106403,20670.4
688092.SH,20260506,13316,29.72,395752.0,29.65,0.0161086,1.14929,8266.37
688093.SH,20260506,11211,32.71,366712.0,32.5,0.00399846,0.420382,28038.3
688095.SH,20260506,23378,78.46,1834238.0,78.46,0.025589,0.764508,9135.95
688096.SH,20260506,16331,8.50003,138814.0,8.38,0.0069186,0.297298,23604.5
688097.SH,20260506,40451,59.22,2395508.0,57.78,0.00908993,0.431717,44500.9
688098.SH,20260506,1941,8.92014,17314.0,8.84,0.000472672,0.06822,41064.4
688099.SH,20260506,249894,108.87,27205960.0,105.8,0.0593339,0.912384,42116.6
688100.SH,20260506,24216,37.47,907374.0,37.37,0.0049251,0.73568,49168.5
688101.SH,20260506,75388,21.31,1606518.0,21.92,0.0227064,0.534649,33201.2
688102.SH,20260506,218564,42.33,9251814.0,41.75,0.0281077,1.02117,77759.4
688103.SH,20260506,3013,61.01,183823.0,60.19,0.00316108,0.153072,9531.56
688105.SH,20260506,2642,19.9001,52576.0,19.95,0.000664262,0.120582,39773.5
688106.SH,20260506,1195592,35.5,42443516.0,34.89,0.223314,1.48551,53538.5
688107.SH,20260506,93431,34.35,3209355.0,33.67,0.0233083,0.941364,40084.9
688108.SH,20260506,77803,21.43,1667318.0,21.44,0.0186153,0.644064,41795.2
688109.SH,20260506,5632,97.9601,551711.0,95.51,0.00714337,0.38713,7884.23
688110.SH,20260506,449256,145.67,65443122.0,143.77,0.101584,1.81195,44225.0
688111.SH,20260506,90182,253.52,22862941.0,251.94,0.0194621,1.0599,46337.2
688112.SH,20260506,43186,62.0,2677532.0,61.58,0.0270594,0.814174,15959.7
688113.SH,20260506,5789,43.2101,250143.0,43.03,0.00898947,0.34074,6439.76
688114.SH,20260506,5926,51.2,303411.0,51.0,0.00143024,0.105295,41433.5
688115.SH,20260506,15782,56.88,897680.0,55.99,0.0236718,0.738856,6667.0
688116.SH,20260506,72580,43.21,3136182.0,42.87,0.0198018,0.736725,36653.2
688117.SH,20260506,7751,37.6001,291438.0,37.41,0.00492484,0.196791,15738.6
688118.SH,20260506,38560,27.28,1051917.0,27.23,0.0413216,1.16584,9331.67
688119.SH,20260506,97754,5.21,509298.0,5.22,0.00868924,0.64427,112500.0
688120.SH,20260506,120584,205.87,24824628.0,197.43,0.0340968,1.63433,35365.2
688122.SH,20260506,354720,64.78,22978762.0,64.72,0.0546005,1.77271,64966.4
688123.SH,20260506,250550,128.7,32245785.0,123.49,0.158304,1.69584,15827.1
688125.SH,20260506,20032,211.0,4226752.0,212.69,0.0245221,2.73888,8168.97
688126.SH,20260506,690628,21.41,14786345.0,20.61,0.0252824,1.06609,273166.0
688127.SH,20260506,126331,76.8,9702221.0,76.8,0.0311239,1.51312,40589.8
688128.SH,20260506,14142,26.55,375470.0,26.51,0.00349617,0.589903,40450.0
688129.SH,20260506,7740,29.53,228562.0,29.44,0.00642437,0.300509,12047.9
688130.SH,20260506,52670,26.99,1421563.0,27.1,0.0873682,1.19768,6028.51
688131.SH,20260506,10223,74.67,763351.0,74.56,0.00481981,0.244451,21210.4
688132.SH,20260506,4091,17.9401,73393.0,17.92,0.00268747,0.289498,15222.5
688133.SH,20260506,17583,22.66,398431.0,22.45,0.0106929,0.354173,16443.7
688135.SH,20260506,162963,37.69,6142075.0,36.89,0.06991,0.908868,23310.4
688136.SH,20260506,44883,25.01,1122524.0,25.07,0.0223013,0.731925,20125.7
688137.SH,20260506,1252,49.0,61348.0,48.48,0.0017841,0.182878,7017.54
688138.SH,20260506,72759,31.38,2283177.0,30.94,0.0231128,1.05623,31480.0
688139.SH,20260506,27877,31.48,877568.0,31.4,0.0088081,0.863563,31649.3
688141.SH,20260506,385165,94.93,36563713.0,92.88,0.0855311,1.48143,45032.2
688143.SH,20260506,160580,64.61,10375074.0,62.4,0.13122,1.83905,12237.4
688146.SH,20260506,359847,82.0,29507454.0,80.35,0.24822,1.44177,14497.1
688147.SH,20260506,135837,83.01,11275829.0,79.36,0.0294556,1.0911,46115.9
688148.SH,20260506,166764,10.88,1814392.0,10.85,0.0326877,0.450163,51017.3
688150.SH,20260506,93203,52.88,4928575.0,52.66,0.0231596,0.613397,40243.8
688151.SH,20260506,3558,19.7201,70164.0,19.83,0.0010328,0.114575,34450.0
688152.SH,20260506,10996,36.0,395856.0,35.29,0.0106933,1.11961,10283.0
688153.SH,20260506,28805,32.35,931842.0,31.99,0.00703866,0.396782,40924.0
688155.SH,20260506,271528,107.74,29254427.0,103.57,0.214755,6.26494,12643.6
688156.SH,20260506,80106,25.37,2032289.0,25.48,0.079538,1.49075,10071.4
688157.SH,20260506,2048,36.1001,73933.0,36.05,0.0013092,0.08169,15643.1
688158.SH,20260506,403950,46.6,18824070.0,45.03,0.0996242,0.916583,40547.4
688159.SH,20260506,154925,47.76,7399218.0,47.99,0.167073,3.59819,9272.88
688160.SH,20260506,37224,107.75,4010886.0,107.42,0.0409811,1.8934,9083.22
688161.SH,20260506,16265,27.78,451842.0,27.86,0.00406625,0.38821,40000.0
688162.SH,20260506,200,32.64,6528.0,32.35,0.000145878,0.00822967,13710.1
688163.SH,20260506,9190,35.9,329921.0,35.2,0.00849196,0.249505,10822.0
688165.SH,20260506,95490,18.58,1774204.0,18.24,0.0183008,0.957537,52178.0
688166.SH,20260506,323872,68.0,22023296.0,63.1,0.0765466,2.28842,42310.4
688167.SH,20260506,25703,365.13,9384936.0,357.98,0.0286035,0.546538,8985.95
688168.SH,20260506,10954,87.52,958694.0,86.81,0.0141919,0.665661,7718.5
688169.SH,20260506,41905,116.55,4884028.0,115.8,0.0161729,0.680287,25910.6
688170.SH,20260506,67459,61.66,4159522.0,60.46,0.0652661,0.82133,10336.0
688171.SH,20260506,1356,51.7898,70227.0,51.79,0.00161865,0.0737415,8377.34
688172.SH,20260506,262711,44.0,11559284.0,42.49,0.0337596,1.09397,77818.1
688173.SH,20260506,206858,17.0,3516586.0,16.8,0.0504225,1.58479,41024.9
688175.SH,20260506,15564,36.96,575245.0,36.67,0.0120355,1.04094,12931.7
688176.SH,20260506,52382,12.8,670490.0,12.86,0.0120229,0.68884,43568.6
688177.SH,20260506,7650,20.6,157590.0,20.6,0.00184747,0.277694,41408.0
688178.SH,20260506,28132,34.78,978431.0,33.77,0.0330973,1.19943,8499.78
688179.SH,20260506,85685,20.0,1713700.0,19.73,0.0236913,0.616311,36167.3
688180.SH,20260506,306663,39.4,12082522.0,40.38,0.0400137,1.58294,76639.4
688181.SH,20260506,34788,35.86,1247498.0,35.57,0.0258682,0.496825,13448.2
688182.SH,20260506,101045,30.66,3098040.0,30.36,0.0252612,1.31045,40000.0
688183.SH,20260506,117692,111.98,13179150.0,109.6,0.0141487,0.543327,83182.1
688184.SH,20260506,52016,13.0,676208.0,13.02,0.0517636,0.770669,10048.8
688185.SH,20260506,7670,61.5199,471858.0,61.51,0.00670613,0.348638,11437.3
688186.SH,20260506,68778,20.0,1375560.0,19.72,0.0245207,0.856019,28048.9
688187.SH,20260506,27924,48.8,1362691.0,48.42,0.00321369,0.418444,86890.8
688188.SH,20260506,23132,142.38,3293534.0,141.78,0.00801164,1.27976,28873.0
688189.SH,20260506,326250,8.94,2916675.0,8.95,0.118896,2.63495,27440.0
688190.SH,20260506,2566,81.2798,208564.0,81.29,0.00213833,0.221627,12000.0
688191.SH,20260506,154702,47.79,7393209.0,45.78,0.0667825,1.47068,23165.0
688192.SH,20260506,10187,56.69,577501.0,56.7,0.00220874,0.332073,46121.4
688193.SH,20260506,88902,59.0,5245218.0,60.62,0.221867,6.58367,4006.99
688195.SH,20260506,76936,336.0,25850496.0,332.0,0.0594789,1.01077,12935.0
688196.SH,20260506,7350,53.0,389550.0,52.42,0.00577872,0.313959,12719.1
688197.SH,20260506,5200,41.0,213200.0,40.85,0.00812438,0.313954,6400.49
688198.SH,20260506,401,97.0,38897.0,96.69,0.000291111,0.0687932,13774.8
688199.SH,20260506,3347,27.45,91875.0,27.4,0.00207595,0.0776361,16122.7
688200.SH,20260506,15770,356.49,5621847.0,349.5,0.0116355,0.38977,13553.3
688201.SH,20260506,1208245,8.09,9774702.0,7.87,0.399379,6.69821,30253.1
688202.SH,20260506,42887,64.23,2754632.0,63.26,0.0319213,0.76184,13435.2
688203.SH,20260506,14977,13.55,202938.0,13.55,0.00738955,0.199527,20267.8
688205.SH,20260506,131218,243.37,31934525.0,240.96,0.0828997,0.900801,15828.5
688206.SH,20260506,25250,34.7,876175.0,34.01,0.00580223,0.517052,43517.8
688207.SH,20260506,7669,15.15,116185.0,15.08,0.00296131,0.163976,25897.3
688208.SH,20260506,27577,34.25,944512.0,33.87,0.00411484,0.286263,67018.4
688209.SH,20260506,468079,24.75,11584955.0,24.27,0.107906,3.44541,43378.4
688210.SH,20260506,10899,45.25,493180.0,44.92,0.00673365,0.337639,16185.9
688211.SH,20260506,10320,34.9,360168.0,34.7,0.00787228,1.10319,13109.3
688212.SH,20260506,38327,35.66,1366741.0,34.96,0.0284609,1.25071,13466.5
688213.SH,20260506,66361,89.33,5928028.0,87.91,0.0205128,0.582374,32350.9
688215.SH,20260506,6782,76.9,521536.0,74.8,0.0108645,0.554101,6242.33
688216.SH,20260506,30897,31.05,959352.0,30.64,0.0290296,0.909061,10643.3
688217.SH,20260506,11857,29.7,352153.0,29.52,0.0212278,1.14413,5585.59
688218.SH,20260506,65273,34.09,2225157.0,34.0,0.0560402,0.946414,11647.5
688219.SH,20260506,36505,11.26,411046.0,11.26,0.0066421,0.579944,54960.0
688220.SH,20260506,146936,101.99,14986003.0,101.46,0.039805,1.04665,36913.9
688221.SH,20260506,134067,21.14,2834176.0,20.93,0.0357914,0.355607,37457.9
688222.SH,20260506,189064,28.35,5359964.0,28.61,0.0471858,1.0144,40068.0
688223.SH,20260506,1064621,6.69,7122314.0,6.65,0.0103669,0.73992,1026940.0
688225.SH,20260506,75706,15.93,1205997.0,15.85,0.018926,1.79337,40001.0
688226.SH,20260506,68995,56.51,3898907.0,55.72,0.0365487,0.63948,18877.6
688227.SH,20260506,88349,146.0,12898954.0,143.55,0.0781467,0.878588,11305.5
688228.SH,20260506,9893,107.96,1068048.0,105.51,0.0146453,0.434826,6755.08
688229.SH,20260506,28502,88.9,2533828.0,86.08,0.0641937,1.48634,4440.0
688230.SH,20260506,16218,71.99,1167534.0,70.98,0.0137908,0.831591,11760.0
688231.SH,20260506,9495,38.77,368121.0,38.48,0.00384635,0.227592,24685.7
688232.SH,20260506,7400,22.26,164724.0,22.12,0.00229827,0.326478,32198.2
688233.SH,20260506,84979,73.88,6278249.0,71.28,0.0498979,0.897702,17030.6
688234.SH,20260506,180322,104.51,18845452.0,101.0,0.0419635,1.48357,42971.1
688235.SH,20260506,16707,234.07,3910607.0,234.8,0.0145208,0.689308,11505.5
688236.SH,20260506,18599,17.3,321763.0,17.3,0.0064484,0.865615,28842.8
688237.SH,20260506,3885,56.33,218842.0,56.33,0.00433198,0.352783,8968.2
688238.SH,20260506,18535,6.79002,125853.0,6.79,0.00289092,0.239357,64114.6
688239.SH,20260506,98215,67.89,6667816.0,68.48,0.0515208,1.32341,19063.2
688244.SH,20260506,6173,19.82,122349.0,19.74,0.00408912,0.332175,15096.2
688246.SH,20260506,11069,21.3,235770.0,21.0,0.00804517,0.21567,13758.6
688247.SH,20260506,1600,9.31,14896.0,9.3,0.000352936,0.0959006,45334.0
688248.SH,20260506,22846,55.45,1266811.0,54.91,0.00404569,0.43959,56470.0
688249.SH,20260506,517772,34.0,17604248.0,33.8,0.0257907,1.0952,200759.0
688251.SH,20260506,17724,31.43,557065.0,31.47,0.0177412,0.398805,9990.33
688252.SH,20260506,33480,22.99,769705.0,22.63,0.00818539,0.425717,40902.1
688253.SH,20260506,15531,51.76,803885.0,52.05,0.0113378,0.417166,13698.4
688255.SH,20260506,7030,30.5,214415.0,30.34,0.00639912,0.338094,10985.9
688256.SH,20260506,427279,1784.78,762599014.0,1699.96,0.101327,3.96185,42168.5
688257.SH,20260506,45019,76.47,3442603.0,75.88,0.0178358,0.57697,25240.8
688258.SH,20260506,198347,130.0,25785110.0,120.41,0.163731,3.03184,12114.2
688259.SH,20260506,13200,38.66,510312.0,38.32,0.0118174,0.602876,11170.0
688260.SH,20260506,14813,35.9,531787.0,35.8,0.0123442,0.205741,12000.0
688261.SH,20260506,71075,75.0,5330625.0,73.46,0.0582121,1.80682,12209.7
688262.SH,20260506,376973,40.0,15078920.0,38.97,0.112194,2.47654,33600.0
688265.SH,20260506,6500,41.46,269490.0,41.4,0.00833723,1.07049,7796.35
688266.SH,20260506,39289,104.0,4086056.0,104.0,0.0148424,0.913019,26470.8
688267.SH,20260506,3516,30.8999,108644.0,30.53,0.00199546,0.102716,17620.0
688268.SH,20260506,272843,191.0,52113013.0,188.3,0.22753,1.81918,11991.5
688269.SH,20260506,4200,40.92,171864.0,40.75,0.00321337,0.11855,13070.4
688270.SH,20260506,163547,131.93,21576756.0,130.38,0.0764054,1.00819,21405.2
688271.SH,20260506,32698,111.0,3629478.0,109.95,0.00396744,0.561269,82415.8
688272.SH,20260506,3000,42.16,126480.0,42.0,0.00394737,0.122807,7600.0
688273.SH,20260506,2936,46.8001,137405.0,46.75,0.002936,0.269177,10000.0
688275.SH,20260506,210279,154.77,32544881.0,154.77,0.166731,2.60596,12611.8
688276.SH,20260506,915,18.1705,16626.0,18.17,0.000221197,0.0518782,41365.8
688277.SH,20260506,37968,19.93,756702.0,19.92,0.00832646,0.510201,45599.2
688278.SH,20260506,10113,58.22,588779.0,58.25,0.00247753,0.226194,40818.9
688279.SH,20260506,10948,200.2,2191790.0,197.45,0.0117018,0.595864,9355.81
688280.SH,20260506,420979,7.28,3064727.0,7.28,0.0808729,1.16722,52054.4
688281.SH,20260506,11025,75.25,829631.0,74.86,0.00404482,0.450914,27257.1
688282.SH,20260506,13902,80.19,1114801.0,77.54,0.0157977,0.724984,8800.0
688283.SH,20260506,5705,41.8599,238811.0,41.15,0.00468391,0.139179,12180.0
688285.SH,20260506,84755,9.65,817886.0,9.45,0.0225239,1.48609,37629.0
688286.SH,20260506,27541,67.0,1845247.0,65.88,0.0491279,1.04326,5605.98
688288.SH,20260506,13691,25.58,350216.0,25.01,0.0137166,0.43227,9981.37
688289.SH,20260506,24307,17.2,418080.0,17.15,0.00419529,0.678764,57938.8
688290.SH,20260506,1000,60.01,60010.0,60.01,0.000978572,0.0571149,10219.0
688291.SH,20260506,27497,46.01,1265137.0,46.18,0.0267828,1.07695,10266.7
688292.SH,20260506,32550,22.51,732701.0,22.46,0.0205559,1.01007,15834.9
688293.SH,20260506,7468,50.24,375192.0,50.24,0.00656123,0.41627,11382.0
688295.SH,20260506,146715,57.83,8484528.0,57.15,0.0163017,0.777756,90000.0
688296.SH,20260506,13482,15.47,208567.0,15.39,0.0125539,0.674829,10739.3
688297.SH,20260506,50033,45.83,2293012.0,45.92,0.0074123,0.703018,67500.0
688298.SH,20260506,16119,22.43,361549.0,22.33,0.00799554,1.43575,20160.0
688299.SH,20260506,36332,18.28,664149.0,17.87,0.0126419,0.521331,28739.3
688300.SH,20260506,82642,89.6,7404723.0,87.43,0.0342247,1.31778,24146.9
688301.SH,20260506,6747,115.6,779953.0,114.59,0.00319084,0.254389,21144.9
688302.SH,20260506,16682,43.79,730505.0,44.0,0.0168479,0.795084,9901.56
688303.SH,20260506,80754,22.3,1800814.0,22.25,0.00376439,0.44978,214521.0
688305.SH,20260506,16697,60.41,1008666.0,60.47,0.0126288,0.938911,13221.4
688306.SH,20260506,83169,9.36,778462.0,9.28,0.00677116,1.06176,122828.0
688307.SH,20260506,24034,89.5,2151043.0,88.88,0.0270732,0.473466,8877.4
688308.SH,20260506,70999,96.19,6829394.0,95.64,0.0447148,0.599605,15878.2
688309.SH,20260506,4966,70.4801,350004.0,70.49,0.00625431,0.183087,7940.13
688310.SH,20260506,19309,17.34,334818.0,17.39,0.0117505,0.349697,16432.5
688311.SH,20260506,5390,34.62,186602.0,34.39,0.00310141,0.0834263,17379.2
688312.SH,20260506,59624,72.0,4292928.0,70.07,0.0409025,0.6971,14577.1
688313.SH,20260506,365905,136.0,49763080.0,131.82,0.0809549,0.907415,45198.6
688314.SH,20260506,18100,42.74,773594.0,42.79,0.0222799,1.00701,8123.92
688315.SH,20260506,8300,14.37,119271.0,14.23,0.00199423,0.303456,41620.0
688316.SH,20260506,21544,71.33,1536734.0,69.9,0.0449788,0.568149,4789.81
688317.SH,20260506,4500,19.46,87570.0,19.5,0.00234182,0.25568,19215.8
688318.SH,20260506,36987,111.9,4138845.0,111.0,0.0144413,1.39591,25611.9
688319.SH,20260506,265785,32.06,8521067.0,30.88,0.0655597,3.01857,40540.9
688320.SH,20260506,5335,33.8099,180376.0,33.73,0.00353279,0.158859,15101.4
688321.SH,20260506,102078,31.18,3182792.0,31.32,0.0250309,0.963417,40780.8
688322.SH,20260506,76708,80.01,6137407.0,79.58,0.0240708,1.28754,31867.6
688323.SH,20260506,442119,24.95,11030869.0,23.99,0.245619,3.12519,18000.2
688325.SH,20260506,11767,123.83,1457108.0,121.91,0.0144088,0.852013,8166.55
688326.SH,20260506,23291,90.0,2096190.0,89.19,0.0208657,0.632368,11162.4
688327.SH,20260506,362692,14.0,5077688.0,13.78,0.0435174,1.27429,83344.1
688328.SH,20260506,311504,56.27,17528330.0,54.18,0.329786,2.64821,9445.63
688329.SH,20260506,25611,24.18,619274.0,24.07,0.0331749,0.910266,7720.0
688330.SH,20260506,40571,40.4,1639068.0,40.4,0.0289793,1.11158,14000.0
688331.SH,20260506,97064,129.0,12521256.0,129.31,0.0595145,1.20281,16309.3
688332.SH,20260506,13332,114.96,1532647.0,113.5,0.0110549,0.478953,12059.8
688333.SH,20260506,73352,88.97,6526127.0,87.58,0.0267394,0.818453,27432.2
688334.SH,20260506,7185,20.98,150741.0,20.88,0.00457921,0.327875,15690.5
688335.SH,20260506,1800,31.75,57150.0,31.87,0.00121593,0.0628728,14803.5
688336.SH,20260506,39316,72.88,2865350.0,73.19,0.00637434,0.552726,61678.6
688337.SH,20260506,30119,61.21,1843584.0,60.39,0.0162002,0.348894,18591.7
688338.SH,20260506,17500,30.8,539000.0,30.08,0.0164873,0.93457,10614.2
688339.SH,20260506,307651,25.35,7798953.0,26.15,0.157135,4.81138,19578.7
688343.SH,20260506,146581,91.0,13338871.0,88.0,0.0407619,0.851865,35960.3
688345.SH,20260506,19867,53.0,1052951.0,52.5,0.019867,0.841476,10000.0
688347.SH,20260506,556651,145.01,80719962.0,141.0,0.136518,1.70811,40775.0
688348.SH,20260506,23725,51.98,1233226.0,51.66,0.0151813,0.868605,15627.7
688349.SH,20260506,106209,24.8,2633983.0,24.8,0.008929,1.44191,118948.0
688350.SH,20260506,10940,29.5,322730.0,29.31,0.00763728,0.246108,14324.5
688351.SH,20260506,45127,23.3,1051459.0,23.4,0.00958925,0.686464,47060.0
688352.SH,20260506,233280,13.32,3107290.0,12.97,0.0637584,1.89082,36588.1
688353.SH,20260506,93107,109.95,10237115.0,109.95,0.0583743,1.12759,15950.0
688355.SH,20260506,28368,23.51,666932.0,23.37,0.0228855,1.03119,12395.6
688356.SH,20260506,6105,97.43,594810.0,97.35,0.0100658,0.631211,6065.07
688357.SH,20260506,16702,36.5,609623.0,36.56,0.016692,0.734546,10006.0
688358.SH,20260506,3500,31.38,109830.0,31.36,0.00312568,0.208906,11197.6
688359.SH,20260506,29468,100.6,2964481.0,99.49,0.0298422,0.771748,9874.61
688360.SH,20260506,6456,18.34,118403.0,18.24,0.002559,0.283731,25228.6
688361.SH,20260506,43291,197.0,8528327.0,196.6,0.0156363,0.489786,27686.2
688362.SH,20260506,166454,51.0,8489154.0,49.21,0.04055,1.0613,41049.1
688363.SH,20260506,91621,41.01,3757377.0,41.35,0.0190212,2.74768,48167.8
688365.SH,20260506,74958,20.02,1500659.0,19.72,0.017603,0.47433,42582.5
688366.SH,20260506,9224,39.53,364625.0,39.65,0.00475337,1.59098,19405.2
688367.SH,20260506,300,40.61,12183.0,40.6,0.00034237,0.0124054,8762.46
688368.SH,20260506,41140,159.0,6541260.0,154.3,0.0464856,1.11251,8850.05
688369.SH,20260506,12517,24.31,304288.0,24.26,0.0108637,0.401396,11521.8
688370.SH,20260506,3650,25.08,91542.0,25.36,0.00266214,0.2995,13710.8
688371.SH,20260506,152199,24.99,3803453.0,24.72,0.0453686,2.54757,33547.2
688372.SH,20260506,132394,156.0,20653464.0,151.39,0.0789165,1.22254,16776.5
688373.SH,20260506,14900,6.03,89847.0,6.02,0.00246022,0.176984,60563.8
688375.SH,20260506,24856,123.67,3073942.0,122.51,0.00417037,0.396371,59601.5
688376.SH,20260506,13524,72.0,973728.0,70.18,0.00999912,0.379063,13525.2
688377.SH,20260506,200,37.88,7576.0,37.89,0.000102752,0.0098586,19464.3
688378.SH,20260506,46381,45.08,2090855.0,44.3,0.0192484,0.445799,24096.1
688379.SH,20260506,36109,66.75,2410276.0,65.76,0.040083,0.630431,9008.55
688380.SH,20260506,160770,49.0,7877730.0,47.89,0.0401559,1.57831,40036.5
688381.SH,20260506,542527,31.57,17127577.0,31.97,0.219203,2.55471,24750.0
688382.SH,20260506,142020,23.2,3294864.0,23.3,0.0245561,0.901832,57834.8
688383.SH,20260506,6482,103.48,670757.0,101.2,0.006377,0.313386,10164.7
688385.SH,20260506,186512,70.0,13055840.0,68.07,0.0345784,1.16007,53938.9
688386.SH,20260506,7763,87.98,682989.0,87.99,0.00853077,0.322948,9100.0
688387.SH,20260506,1318495,19.34,25499693.0,19.58,0.0653763,1.41083,201678.0
688388.SH,20260506,495141,50.85,25177920.0,50.18,0.108661,1.60736,45567.4
688389.SH,20260506,17533,13.12,230033.0,13.05,0.00409185,0.678271,42848.6
688390.SH,20260506,105429,105.05,11075316.0,108.2,0.0433753,0.70823,24306.2
688391.SH,20260506,15634,31.27,488875.0,31.13,0.0135734,1.09454,11518.2
688392.SH,20260506,15507,143.21,2220757.0,139.8,0.0133989,0.519861,11573.3
688393.SH,20260506,7763,24.86,192988.0,24.6,0.00829667,0.507018,9356.77
688395.SH,20260506,26373,29.28,772201.0,29.18,0.0304546,1.35294,8659.77
688396.SH,20260506,451019,58.0,26159102.0,56.65,0.0339569,1.33259,132821.0
688398.SH,20260506,7319,32.35,236770.0,31.91,0.00436137,0.150004,16781.4
688399.SH,20260506,92738,59.75,5541096.0,61.75,0.110571,6.32101,8387.17
688400.SH,20260506,1017986,63.01,64143298.0,59.32,0.220832,4.96149,46097.7
688401.SH,20260506,99854,66.5,6640291.0,65.28,0.0516445,0.976788,19334.9
688403.SH,20260506,671336,17.35,11647680.0,17.01,0.0677475,1.28321,99093.8
688408.SH,20260506,13020,40.89,532388.0,40.53,0.00594342,0.262213,21906.6
688409.SH,20260506,75886,127.66,9687607.0,128.56,0.0247823,1.08146,30621.1
688410.SH,20260506,181598,17.33,3147093.0,17.17,0.0568203,2.5347,31960.1
688411.SH,20260506,47376,262.0,12412512.0,257.3,0.0357354,0.662256,13257.4
688416.SH,20260506,97596,103.0,10052388.0,97.23,0.117577,1.4375,8300.57
688418.SH,20260506,106740,47.3,5048802.0,47.03,0.0554336,1.16561,19255.5
688419.SH,20260506,21277,43.28,920869.0,42.1,0.0357539,0.757542,5950.95
688420.SH,20260506,8657,27.26,235990.0,27.25,0.0207408,0.598484,4173.9
688425.SH,20260506,51001,4.73001,241235.0,4.73,0.000956239,0.332204,533350.0
688426.SH,20260506,3655,21.0799,77047.0,20.84,0.00325678,0.288272,11222.8
688428.SH,20260506,91898,26.5,2435297.0,26.65,0.0342443,0.840009,26836.0
688429.SH,20260506,8700,14.27,124149.0,14.16,0.00726045,0.309404,11982.7
688432.SH,20260506,176942,16.41,2903618.0,16.24,0.0141519,1.16545,125030.0
688433.SH,20260506,5458,80.24,437950.0,79.31,0.00131335,0.122805,41557.8
688435.SH,20260506,7263,41.36,300398.0,41.03,0.0129585,0.332768,5604.81
688439.SH,20260506,55798,48.99,2733544.0,48.94,0.027899,1.56018,20000.0
688443.SH,20260506,11272,29.7,334778.0,29.62,0.00966061,0.32048,11668.0
688448.SH,20260506,5192,64.88,336857.0,63.51,0.0072461,0.433048,7165.23
688449.SH,20260506,520879,58.1,30263070.0,55.05,0.177651,3.4978,29320.4
688450.SH,20260506,10951,46.52,509441.0,46.38,0.0223806,0.495398,4893.07
688455.SH,20260506,17443,20.96,365605.0,21.0,0.0103808,0.362987,16803.1
688456.SH,20260506,59563,66.99,3990125.0,66.06,0.05746,1.01038,10366.0
688458.SH,20260506,17627,37.52,661365.0,36.86,0.0207209,0.756198,8506.85
688459.SH,20260506,4008,9.10005,36473.0,9.06,0.000835,0.224305,48000.0
688466.SH,20260506,10452,18.71,195557.0,18.36,0.0085564,0.603981,12215.4
688468.SH,20260506,9400,7.5,70500.0,7.49,0.00234351,0.263566,40110.8
688469.SH,20260506,1135388,6.99,7936362.0,6.89,0.0256307,1.02488,442980.0
688472.SH,20260506,524028,14.48,7587925.0,14.43,0.0388844,0.567137,134765.0
688475.SH,20260506,39653,31.26,1239553.0,31.18,0.0050353,0.779781,78750.0
688478.SH,20260506,82846,43.0,3562378.0,41.94,0.0598745,1.14182,13836.6
688479.SH,20260506,18963,40.95,776535.0,40.84,0.0304297,0.675936,6231.74
688480.SH,20260506,25137,99.0,2488563.0,97.81,0.0263695,0.780376,9532.62
688484.SH,20260506,57039,38.87,2217106.0,38.41,0.0133374,0.616258,42766.3
688485.SH,20260506,89223,56.65,5054483.0,55.2,0.100524,0.662028,8875.8
688486.SH,20260506,19428,80.79,1569588.0,79.64,0.0145725,0.573842,13332.0
688488.SH,20260506,24776,17.02,421688.0,17.26,0.00588807,0.309085,42078.3
688489.SH,20260506,3775,40.2201,151831.0,39.99,0.00330183,0.579889,11433.1
688496.SH,20260506,1008218,4.39,4426077.0,4.46,0.423718,10.2324,23794.6
688498.SH,20260506,38665,1589.0,61438685.0,1571.0,0.0455748,1.05481,8483.86
688499.SH,20260506,33917,54.61,1852207.0,54.11,0.0201015,0.660273,16872.9
688500.SH,20260506,2178,47.32,103063.0,46.63,0.00297071,0.115823,7331.59
688501.SH,20260506,3414,24.4701,83541.0,24.36,0.00274822,0.122964,12422.6
688502.SH,20260506,38795,482.22,18707725.0,474.5,0.0734754,1.75828,5280.0
688503.SH,20260506,75402,103.0,7766406.0,102.97,0.0375284,0.483594,20092.0
688505.SH,20260506,48058,8.01001,384945.0,8.05,0.00676328,1.1631,71057.2
688506.SH,20260506,10186,269.09,2740951.0,272.74,0.0024671,0.608564,41287.4
688507.SH,20260506,29518,92.35,2725987.0,91.65,0.0599524,2.07702,4923.57
688508.SH,20260506,115196,86.94,10015140.0,83.9,0.087728,1.23507,13131.0
688509.SH,20260506,82533,4.52999,373874.0,4.51,0.0214487,0.926172,38479.2
688510.SH,20260506,3639,33.3001,121179.0,33.28,0.00140219,0.0606592,25952.3
688511.SH,20260506,51407,21.17,1088286.0,21.17,0.0384559,1.02726,13367.8
688512.SH,20260506,169051,13.0,2197663.0,12.68,0.0520846,1.5235,32457.0
688513.SH,20260506,5036,63.8,321297.0,64.38,0.00285274,0.241765,17653.2
688515.SH,20260506,176269,172.85,30468097.0,172.6,0.353816,3.06927,4981.94
688516.SH,20260506,54265,82.76,4490971.0,81.7,0.0172401,0.482941,31476.0
688517.SH,20260506,21852,21.68,473751.0,21.69,0.0159955,0.42663,13661.3
688518.SH,20260506,138139,29.3,4047473.0,28.66,0.0404714,0.794843,34132.5
688519.SH,20260506,64168,176.62,11333352.0,174.19,0.0273322,0.818452,23477.1
688520.SH,20260506,6200,41.2,255440.0,41.18,0.00139221,0.272254,44533.6
688521.SH,20260506,1065154,292.0,311024968.0,280.88,0.202533,3.99379,52591.5
688522.SH,20260506,9583,35.13,336651.0,34.95,0.00778492,0.311069,12309.7
688523.SH,20260506,47466,66.0,3132756.0,65.51,0.0491794,0.710867,9651.59
688525.SH,20260506,1221335,286.7,350156745.0,265.08,0.259397,4.31444,47083.7
688526.SH,20260506,5000,14.54,72700.0,14.41,0.00107267,0.251758,46612.8
688528.SH,20260506,17024,12.42,211438.0,12.35,0.0101333,0.755479,16800.0
688529.SH,20260506,6550,19.8,129690.0,19.73,0.00389473,0.299614,16817.6
688530.SH,20260506,404882,54.26,21968897.0,53.2,0.597363,1.94577,6777.82
688531.SH,20260506,552052,123.0,67902396.0,120.6,0.48097,4.16339,11477.9
688533.SH,20260506,25112,27.02,678526.0,26.56,0.0152206,2.09902,16498.7
688535.SH,20260506,92893,93.2,8657628.0,90.53,0.0778664,1.61764,11929.8
688536.SH,20260506,122416,274.5,33603192.0,268.1,0.0902447,1.47445,13564.9
688538.SH,20260506,247161,2.26,558584.0,2.26,0.00429678,0.410601,575224.0
688539.SH,20260506,20961,37.94,795260.0,37.36,0.0112742,0.435113,18592.0
688543.SH,20260506,17092,63.69,1088589.0,63.65,0.0147393,0.354119,11596.2
688545.SH,20260506,36478,56.0,2042768.0,54.89,0.0200154,0.448166,18225.0
688548.SH,20260506,162376,30.6,4968706.0,30.06,0.0234916,0.413721,69120.9
688549.SH,20260506,1190892,12.77,15207691.0,12.29,0.202079,1.56344,58931.9
688550.SH,20260506,24943,40.0,997720.0,39.75,0.0143479,0.952457,17384.4
688551.SH,20260506,11453,46.88,536917.0,46.02,0.0136231,0.280791,8407.07
688552.SH,20260506,11038,40.08,442403.0,40.08,0.0127126,0.18167,8682.75
688553.SH,20260506,38487,19.77,760888.0,19.98,0.0112031,0.372634,34354.0
688556.SH,20260506,133164,13.51,1799046.0,13.37,0.0160289,0.433058,83077.4
688557.SH,20260506,23035,34.57,796320.0,34.88,0.0224339,1.30295,10268.0
688558.SH,20260506,88771,37.88,3362645.0,35.6,0.0672508,2.16162,13200.0
688559.SH,20260506,57129,59.86,3419742.0,58.61,0.0230583,0.652484,24775.9
688560.SH,20260506,42758,16.91,723038.0,16.87,0.0212407,0.531311,20130.2
688561.SH,20260506,11307,30.33,342941.0,30.11,0.0016573,0.197699,68225.3
688562.SH,20260506,25860,18.58,480479.0,18.59,0.0149462,0.500987,17302.0
688563.SH,20260506,14545,57.59,837647.0,57.43,0.0124328,0.525893,11698.9
688565.SH,20260506,41968,12.94,543066.0,12.94,0.0280291,1.15951,14973.0
688566.SH,20260506,6085,28.1001,170989.0,28.0,0.00305118,0.3059,19943.1
688567.SH,20260506,51426,14.07,723564.0,13.92,0.00420799,0.332989,122210.0
688568.SH,20260506,57885,57.0,3299445.0,56.65,0.00716329,0.372492,80807.9
688569.SH,20260506,0,,0.0,20.24,0.0,0.0,21066.7
688570.SH,20260506,3800,17.62,66956.0,17.57,0.00201913,0.497894,18820.0
688571.SH,20260506,192891,9.03,1741806.0,9.12,0.0454749,1.73436,42417.1
688573.SH,20260506,53785,22.28,1198330.0,21.91,0.101069,1.59447,5321.62
688575.SH,20260506,26427,13.76,363636.0,13.81,0.00462505,0.641184,57138.8
688576.SH,20260506,3472,70.78,245748.0,70.69,0.0159323,0.968395,2179.22
688577.SH,20260506,10954,76.23,835023.0,74.66,0.00984366,0.689499,11128.0
688578.SH,20260506,29345,93.14,2733193.0,92.6,0.00652111,0.484628,45000.0
688579.SH,20260506,24333,10.2,248197.0,10.11,0.0060831,0.440934,40001.0
688580.SH,20260506,28663,63.02,1806342.0,64.26,0.0299286,0.796277,9577.13
688581.SH,20260506,8977,61.56,552624.0,60.6,0.0216003,0.524657,4155.97
688582.SH,20260506,51194,51.61,2642122.0,50.75,0.0204597,0.574256,25021.9
688583.SH,20260506,18265,122.75,2242029.0,124.2,0.0592953,1.14484,3080.34
688584.SH,20260506,29495,21.11,622639.0,20.71,0.00859161,0.599766,34330.0
688585.SH,20260506,22448,120.06,2695107.0,119.92,0.00556523,0.753543,40336.2
688586.SH,20260506,40421,13.31,538004.0,13.15,0.00510792,0.565523,79133.9
688588.SH,20260506,9179,11.78,108129.0,11.75,0.00229469,0.234117,40001.0
688589.SH,20260506,29463,23.44,690613.0,23.03,0.0202734,0.901357,14532.9
688590.SH,20260506,29477,14.99,441860.0,14.87,0.0104708,0.290032,28151.7
688591.SH,20260506,28163,35.35,995562.0,34.74,0.0167202,0.593926,16843.7
688592.SH,20260506,8160,45.3,369648.0,45.0,0.0211828,0.519462,3852.18
688593.SH,20260506,106334,35.0,3721690.0,32.94,0.0329532,0.765258,32268.2
688595.SH,20260506,45882,35.11,1610917.0,34.26,0.0318418,0.761595,14409.4
688596.SH,20260506,82801,32.98,2730777.0,32.66,0.028151,1.1939,29413.1
688597.SH,20260506,17511,8.44001,147793.0,8.36,0.00521067,0.14437,33606.0
688598.SH,20260506,10655,24.78,264031.0,24.79,0.00523393,0.201833,20357.6
688599.SH,20260506,438837,17.6,7723531.0,17.36,0.0187332,0.901693,234257.0
688600.SH,20260506,21912,28.96,634572.0,28.96,0.0162662,0.663948,13470.8
688601.SH,20260506,75185,52.88,3975783.0,52.85,0.0562372,1.02317,13369.3
688602.SH,20260506,10792,8.0,86336.0,7.98,0.00415723,0.166838,25959.6
688603.SH,20260506,10971,94.38,1035443.0,93.22,0.023135,0.234875,4742.16
688605.SH,20260506,29602,67.5,1998135.0,66.67,0.0273203,0.681068,10835.2
688606.SH,20260506,4300,54.41,233963.0,54.01,0.00542376,0.930092,7928.09
688607.SH,20260506,4223,66.3599,280238.0,66.03,0.0053234,0.232651,7932.9
688608.SH,20260506,38357,172.13,6602390.0,169.63,0.0227377,0.581731,16869.4
688609.SH,20260506,143598,10.25,1471880.0,10.15,0.0287196,0.62245,50000.0
688610.SH,20260506,8453,125.11,1057555.0,124.7,0.020651,0.458266,4093.26
688611.SH,20260506,5922,64.18,380074.0,63.06,0.00386076,0.421795,15339.0
688612.SH,20260506,6568,32.88,215956.0,32.82,0.00260065,0.111618,25255.3
688613.SH,20260506,2748,20.6401,56719.0,20.6,0.00200571,0.089219,13700.9
688615.SH,20260506,35687,138.0,4924806.0,137.1,0.0263687,0.685068,13533.8
688616.SH,20260506,12926,14.5,187427.0,14.46,0.007206,0.463048,17937.8
688617.SH,20260506,1756,237.92,417788.0,237.87,0.00124502,0.166598,14104.2
688618.SH,20260506,23880,36.0,859680.0,35.99,0.0216997,0.583324,11004.8
688619.SH,20260506,7319,16.0301,117324.0,16.02,0.00394687,0.192197,18543.8
688620.SH,20260506,97474,13.62,1327596.0,13.44,0.0419571,0.783542,23231.9
688621.SH,20260506,27722,57.5,1594015.0,57.68,0.0247518,1.13315,11200.0
688622.SH,20260506,12501,78.0,975078.0,74.97,0.0177406,0.500366,7046.55
688623.SH,20260506,0,,0.0,93.1,0.0,0.0,1914.27
688625.SH,20260506,87670,75.0,6575250.0,73.0,0.0465535,2.6853,18832.1
688626.SH,20260506,8884,58.69,521402.0,58.64,0.0055525,0.66457,16000.0
688627.SH,20260506,50920,305.0,15530600.0,293.03,0.0703785,1.30268,7235.17
688628.SH,20260506,50182,98.8,4957982.0,97.0,0.0448985,0.733963,11176.8
688629.SH,20260506,396759,142.0,56339778.0,136.2,0.21826,1.28331,18178.3
688630.SH,20260506,31133,263.0,8187979.0,257.75,0.023632,0.556167,13174.1
688631.SH,20260506,8605,57.15,491776.0,56.52,0.013265,0.49434,6487.0
688633.SH,20260506,136008,36.4,4950691.0,36.2,0.0946012,0.986243,14377.0
688636.SH,20260506,29695,44.27,1314598.0,43.83,0.0177149,0.688579,16762.7
688638.SH,20260506,18682,44.97,840130.0,43.6,0.070602,1.44308,2646.1
688639.SH,20260506,36409,28.0,1019452.0,28.0,0.0145569,0.994674,25011.6
688646.SH,20260506,3519,59.7801,210366.0,59.3,0.00606881,0.297101,5798.5
688648.SH,20260506,5900,50.0,295000.0,49.63,0.00848568,0.192744,6952.89
688651.SH,20260506,10271,39.52,405910.0,39.0,0.0316475,0.731953,3245.44
688652.SH,20260506,76152,124.0,9442848.0,120.8,0.0630658,1.37678,12075.0
688653.SH,20260506,91203,15.28,1393582.0,15.05,0.0288242,0.658271,31641.2
688655.SH,20260506,273003,45.0,12285135.0,45.53,0.204665,1.62422,13339.0
688656.SH,20260506,0,,0.0,130.33,0.0,0.0,6347.97
688657.SH,20260506,1849,52.5003,97073.0,52.4,0.00450486,0.135508,4104.45
688658.SH,20260506,57449,19.8,1137490.0,19.6,0.0127664,0.556623,45000.0
688659.SH,20260506,67525,11.53,778563.0,11.53,0.0422031,1.34105,16000.0
688660.SH,20260506,244264,12.16,2970250.0,12.24,0.0183198,1.8653,133333.0
688661.SH,20260506,59358,125.0,7419750.0,121.48,0.0390802,0.679427,15188.8
688662.SH,20260506,26872,71.45,1920004.0,70.25,0.0304533,0.451338,8824.0
688663.SH,20260506,3421,68.86,235570.0,68.28,0.0024181,0.0802352,14147.5
688665.SH,20260506,0,,0.0,48.96,0.0,0.0,10119.2
688667.SH,20260506,18368,145.2,2667034.0,148.26,0.0348569,0.906312,5269.55
688668.SH,20260506,15099,224.61,3391386.0,220.0,0.0108415,0.280206,13927.1
688669.SH,20260506,51860,33.26,1724864.0,32.5,0.0427418,0.756115,12133.3
688670.SH,20260506,4146,18.02,74711.0,17.92,0.00336526,0.265923,12320.0
688671.SH,20260506,13940,24.0,334560.0,23.7,0.0297564,1.0066,4684.71
688676.SH,20260506,34962,88.91,3108471.0,88.1,0.007604,0.285343,45978.4
688677.SH,20260506,19091,111.44,2127501.0,110.0,0.0159255,0.262375,11987.7
688678.SH,20260506,89740,24.09,2161837.0,23.73,0.0222621,0.372295,40310.6
688679.SH,20260506,5400,52.0,280800.0,52.3,0.00410055,0.165485,13169.0
688680.SH,20260506,8722,49.56,432262.0,49.75,0.00893913,0.374948,9757.1
688681.SH,20260506,37587,20.55,772413.0,20.37,0.03591,1.48159,10467.0
688682.SH,20260506,20106,48.66,978358.0,47.85,0.0197429,1.08351,10183.9
688683.SH,20260506,1690,44.4598,75137.0,44.0,0.00108907,0.0650624,15517.8
688685.SH,20260506,42190,48.93,2064357.0,48.67,0.0287297,0.778211,14685.2
688686.SH,20260506,18747,110.0,2062170.0,109.31,0.0153368,1.01601,12223.5
688687.SH,20260506,13830,19.77,273419.0,19.76,0.00809035,0.41964,17094.4
688689.SH,20260506,12852,39.42,506626.0,39.09,0.00997022,0.289157,12890.4
688690.SH,20260506,64647,32.44,2097149.0,32.62,0.0160091,0.539436,40381.5
688691.SH,20260506,187477,125.48,23524614.0,122.8,0.256941,1.54152,7296.5
688692.SH,20260506,11329,265.7,3010115.0,263.73,0.0154902,0.591354,7313.67
688693.SH,20260506,63582,98.79,6281266.0,96.0,0.163431,0.83823,3890.44
688695.SH,20260506,6109,25.47,155596.0,25.37,0.011441,0.464342,5339.55
688696.SH,20260506,2608,90.0399,234824.0,90.04,0.00372465,0.511154,7002.0
688697.SH,20260506,73009,17.66,1289339.0,17.4,0.0159641,0.907371,45733.3
688698.SH,20260506,34821,68.0,2367828.0,68.24,0.0162698,0.876918,21402.3
688699.SH,20260506,405702,60.0,24342120.0,55.43,0.368603,12.0486,11006.5
688700.SH,20260506,79088,62.5,4943000.0,61.1,0.0265039,0.531914,29840.1
688701.SH,20260506,7401,10.28,76082.0,10.2,0.00551173,0.282583,13427.7
688702.SH,20260506,169062,325.02,54948531.0,322.16,0.0832851,1.68686,20299.2
688707.SH,20260506,561288,16.5,9261252.0,16.52,0.110329,1.40227,50874.0
688708.SH,20260506,6000,52.62,315720.0,52.1,0.00421715,0.389009,14227.6
688709.SH,20260506,88705,38.34,3400950.0,37.67,0.0400029,1.09408,22174.6
688710.SH,20260506,7800,67.04,522912.0,67.0,0.00860035,0.439221,9069.4
688711.SH,20260506,47279,27.2,1285989.0,27.03,0.022187,0.843463,21309.3
688712.SH,20260506,14720,41.95,617504.0,41.69,0.0396608,0.468057,3711.47
688716.SH,20260506,1639,32.1202,52645.0,32.12,0.00234387,0.0930558,6992.72
688717.SH,20260506,77893,119.4,9300424.0,121.66,0.0786418,0.839992,9904.78
688718.SH,20260506,96931,18.0,1744758.0,17.02,0.0557862,4.34201,17375.4
688719.SH,20260506,16304,60.5,986392.0,59.96,0.0181716,0.43338,8972.23
688720.SH,20260506,80771,84.0,6784764.0,80.13,0.143251,2.02826,5638.43
688721.SH,20260506,10503,46.3,486289.0,45.57,0.0196375,0.363819,5348.45
688722.SH,20260506,35272,18.39,648652.0,18.16,0.015739,1.20942,22410.5
688726.SH,20260506,83423,62.8,5238964.0,62.24,0.0379326,0.516542,21992.4
688727.SH,20260506,20206,51.51,1040811.0,50.46,0.0402164,0.593788,5024.32
688728.SH,20260506,230956,13.99,3231074.0,13.79,0.00924235,1.2421,249889.0
688729.SH,20260506,59342,23.99,1423615.0,23.61,0.0276008,0.60747,21500.1
688733.SH,20260506,103718,30.16,3128135.0,29.9,0.0519174,2.20688,19977.5
688737.SH,20260506,14904,29.49,439519.0,29.25,0.0124652,0.629707,11956.5
688739.SH,20260506,15901,23.1,367313.0,23.05,0.00381823,0.643372,41645.0
688750.SH,20260506,24848,18.7,464658.0,18.68,0.0106681,0.965151,23291.8
688755.SH,20260506,5842,40.8001,238354.0,40.4,0.0331932,0.83575,1760.0
688757.SH,20260506,39355,28.64,1127127.0,28.16,0.0217167,0.878182,18122.0
688758.SH,20260506,4422,19.7399,87290.0,19.47,0.00148298,0.141787,29818.4
688759.SH,20260506,9269,31.8,294754.0,31.81,0.0173676,0.212086,5336.93
688765.SH,20260506,19209,55.0,1056495.0,55.07,0.041506,0.692755,4628.0
688766.SH,20260506,190086,289.97,55119237.0,271.09,0.128394,2.64079,14804.9
688767.SH,20260506,8534,34.89,297751.0,34.89,0.00571473,0.387823,14933.3
688768.SH,20260506,761,41.2194,31368.0,41.04,0.000872071,0.047422,8726.35
688772.SH,20260506,381456,16.48,6286395.0,16.6,0.033692,0.775531,113219.0
688775.SH,20260506,2956,194.04,573582.0,192.86,0.0090122,0.280883,3280.0
688776.SH,20260506,12038,81.47,980736.0,80.96,0.0111069,0.626142,10838.3
688777.SH,20260506,192794,80.0,15423520.0,79.29,0.0244911,0.729365,78719.9
688778.SH,20260506,18228,83.5,1522038.0,82.55,0.00361171,0.242151,50469.1
688779.SH,20260506,138322,10.92,1510476.0,10.8,0.00716984,0.276767,192922.0
688781.SH,20260506,67773,41.11,2786148.0,40.45,0.165968,1.23021,4083.51
688783.SH,20260506,162951,24.36,3969486.0,23.7,0.0879972,1.45624,18517.8
688785.SH,20260506,9552,331.22,3163813.0,325.05,0.0750491,0.879494,1272.77
688786.SH,20260506,1300,31.11,40443.0,31.05,0.000904033,0.0393712,14380.0
688787.SH,20260506,11042,132.61,1464280.0,130.1,0.0183041,0.423239,6032.52
688788.SH,20260506,991,53.8799,53395.0,53.88,0.000631716,0.0591407,15687.4
688789.SH,20260506,14377,60.28,866646.0,60.12,0.00797587,0.408419,18025.6
688790.SH,20260506,9053,143.62,1300192.0,142.81,0.0750808,1.31129,1205.77
688793.SH,20260506,11844,22.06,261279.0,22.0,0.0137808,0.815277,8594.54
688795.SH,20260506,52785,728.7,38464430.0,715.7,0.179648,1.08715,2938.24
688796.SH,20260506,7400,97.81,723794.0,96.33,0.0206199,0.309296,3588.76
688798.SH,20260506,18577,68.52,1272896.0,67.61,0.0136854,0.470693,13574.3
688799.SH,20260506,4757,58.21,276905.0,58.68,0.00362245,0.111525,13132.0
688800.SH,20260506,248242,108.15,26847372.0,105.0,0.120697,2.07182,20567.4
688802.SH,20260506,33829,771.19,26088587.0,758.03,0.186499,0.986921,1813.9
688805.SH,20260506,14745,51.98,766445.0,51.98,0.0467815,0.38434,3151.89
688807.SH,20260506,13691,362.1,4957511.0,355.0,0.0910569,0.531471,1503.57
688808.SH,20260506,55037,1018.0,56027666.0,1033.33,0.285223,0.739801,1929.61
688809.SH,20260506,44871,435.0,19518885.0,423.25,0.184252,1.87377,2435.3
688811.SH,20260506,577218,23.5,13564623.0,24.08,0.626552,2.68617,9212.61
688813.SH,20260506,168819,99.18,16743468.0,92.4,0.56129,1.83492,3007.7
688816.SH,20260506,40674,61.36,2495757.0,61.38,0.210918,3.69624,1928.42
688818.SH,20260506,213305,69.1,14739376.0,68.6,0.161575,1.30782,13201.6
688819.SH,20260506,81204,30.35,2464541.0,30.48,0.00835346,1.49657,97210.0
688820.SH,20260506,1426501,108.13,154247553.0,103.0,0.825031,2.56639,17290.3
688981.SH,20260506,1655046,122.0,201915612.0,118.73,0.0827704,2.04869,199956.0
689009.SH,20260506,86607,43.84,3796851.0,43.74,0.155864,0.571082,5556.58
000001.SZ,20260506,1043600,11.5,12001400.0,11.49,0.00537783,0.638216,1940560.0
000002.SZ,20260506,1651900,3.94,6508486.0,3.91,0.0170002,1.44129,971694.0
000006.SZ,20260506,260000,9.59,2493400.0,9.7,0.0192595,0.935077,134998.0
000007.SZ,20260506,403300,16.41,6618153.0,15.51,0.11641,4.86053,34644.8
000008.SZ,20260506,114400,2.7,308880.0,2.69,0.00421162,0.282283,271630.0
000009.SZ,20260506,192800,8.65,1667720.0,8.65,0.00748441,0.453756,257602.0
000010.SZ,20260506,94000,2.75,258500.0,2.89,0.0108277,0.399675,86814.2
000011.SZ,20260506,81000,8.07,653670.0,8.07,0.0153853,1.13972,52647.6
000012.SZ,20260506,322700,4.04,1303708.0,4.03,0.01647,1.0929,195932.0
000014.SZ,20260506,47400,13.17,624258.0,13.2,0.019583,0.810653,24204.6
000016.SZ,20260506,15717256,3.15,49509356.4,3.24,0.984424,36.6027,159659.0
000017.SZ,20260506,45400,6.46,293284.0,6.41,0.0102989,0.634336,44082.2
000019.SZ,20260506,162200,7.67,1244074.0,7.69,0.038971,0.710618,41620.6
000020.SZ,20260506,64600,16.01,1034246.0,15.96,0.035658,1.13005,18116.5
000021.SZ,20260506,1608200,30.2,48567640.0,29.22,0.10217,2.2227,157404.0
000025.SZ,20260506,24900,16.66,414834.0,16.6,0.00633945,0.405389,39277.8
000026.SZ,20260506,88900,18.2,1617980.0,18.13,0.0243855,0.538785,36456.1
000027.SZ,20260506,378687,6.88,2605366.56,6.84,0.00795997,1.00032,475739.0
000028.SZ,20260506,24260,24.52,594855.2,24.54,0.00507475,0.553624,47805.3
000029.SZ,20260506,24500,21.38,523810.0,21.26,0.00274768,0.441189,89166.0
000030.SZ,20260506,100100,5.1,510510.0,5.09,0.00599076,0.602858,167091.0
000031.SZ,20260506,184600,3.08,568568.0,3.06,0.00430674,0.681407,428630.0
000032.SZ,20260506,136200,17.42,2372604.0,17.34,0.0119688,0.76352,113796.0
000034.SZ,20260506,402511,38.12,15343719.32,37.67,0.0663859,1.20014,60632.0
000035.SZ,20260506,91700,6.53,598801.0,6.53,0.0039645,0.218113,231303.0
000036.SZ,20260506,957000,5.59,5349630.0,5.59,0.0682119,1.92094,140298.0
000037.SZ,20260506,138100,10.98,1516338.0,10.8,0.0407485,0.416095,33890.8
000039.SZ,20260506,297640,12.5,3720500.0,12.39,0.012933,0.526238,230141.0
000042.SZ,20260506,1045700,9.78,10226946.0,9.63,0.157461,10.1887,66410.2
000045.SZ,20260506,23200,12.07,280024.0,12.01,0.00507634,0.359585,45702.2
000048.SZ,20260506,90300,14.75,1331925.0,14.74,0.0170441,0.694507,52980.3
000049.SZ,20260506,54000,29.2,1576800.0,29.04,0.0140429,0.273659,38453.5
000050.SZ,20260506,195200,7.64,1491328.0,7.62,0.00794233,0.77438,245772.0
000055.SZ,20260506,82700,3.68,304336.0,3.65,0.0122364,0.521019,67585.4
000056.SZ,20260506,5478600,1.74,9532764.0,1.74,0.606219,4.19598,90373.3
000058.SZ,20260506,22600,8.22,185772.0,8.2,0.00229502,0.356775,98473.9
000059.SZ,20260506,448900,5.69,2554241.0,5.69,0.0280665,1.25369,159941.0
000060.SZ,20260506,1140400,6.78,7731912.0,6.75,0.0256782,1.05687,444112.0
000061.SZ,20260506,80700,7.38,595566.0,7.38,0.00449755,0.641067,179431.0
000062.SZ,20260506,2221500,37.99,84394785.0,36.92,0.212604,1.90226,104490.0
000063.SZ,20260506,1808100,37.51,67821831.0,36.7,0.0448925,1.5579,402762.0
000065.SZ,20260506,534700,12.9,6897630.0,12.79,0.0548431,1.90949,97496.2
000066.SZ,20260506,10930880,21.8,238293184.0,19.82,0.338884,3.10079,322555.0
000068.SZ,20260506,38100,3.3,125730.0,3.28,0.00378475,0.24043,100667.0
000069.SZ,20260506,535000,2.27,1214450.0,2.26,0.00775519,1.22606,689860.0
000070.SZ,20260506,448300,18.45,8271135.0,18.08,0.0504457,0.523719,88867.9
000088.SZ,20260506,81900,4.53,371007.0,4.53,0.00258941,0.402498,316289.0
000089.SZ,20260506,51000,7.13,363630.0,7.13,0.00248692,0.250643,205073.0
000090.SZ,20260506,248300,3.52,874016.0,3.52,0.0132892,1.09481,186843.0
000096.SZ,20260506,63600,9.73,618828.0,9.73,0.0124499,0.759253,51084.8
000099.SZ,20260506,34700,17.69,613843.0,17.67,0.00447297,0.483024,77577.0
000100.SZ,20260506,3647347,4.29,15647118.63,4.27,0.0190641,0.874059,1913200.0
000151.SZ,20260506,92300,11.83,1091909.0,11.84,0.0299739,0.688825,30793.5
000153.SZ,20260506,111200,6.52,725024.0,6.45,0.0242335,1.02913,45886.9
000155.SZ,20260506,1448200,17.5,25343500.0,17.42,0.0784435,1.14573,184617.0
000156.SZ,20260506,62700,7.43,465861.0,7.41,0.0036885,0.627118,169988.0
000157.SZ,20260506,354000,8.02,2839080.0,7.95,0.00500731,0.37575,706967.0
000158.SZ,20260506,129900,17.27,2243373.0,17.2,0.00818056,0.292425,158791.0
000159.SZ,20260506,63400,6.5,412100.0,6.5,0.01319,0.378012,48066.8
000166.SZ,20260506,795262,4.75,3777494.5,4.74,0.00352893,1.00601,2253550.0
000301.SZ,20260506,167100,13.29,2220759.0,13.27,0.0025287,0.513616,660813.0
000333.SZ,20260506,872700,79.7,69554190.0,81.1,0.0127304,2.97512,685524.0
000338.SZ,20260506,5930300,34.18,202697654.0,31.2,0.118523,5.23739,500349.0
000400.SZ,20260506,70600,25.25,1782650.0,25.19,0.00697834,0.332429,101170.0
000401.SZ,20260506,177900,4.28,761412.0,4.28,0.00676078,0.897157,263135.0
000402.SZ,20260506,7403481,3.17,23469034.77,3.17,0.24772,16.1863,298865.0
000403.SZ,20260506,31800,11.95,380010.0,11.95,0.00338052,0.428809,94068.4
000404.SZ,20260506,231600,8.36,1936176.0,8.28,0.0334276,0.497971,69284.0
000407.SZ,20260506,1442600,4.82,6953332.0,4.84,0.164723,5.02841,87577.5
000408.SZ,20260506,88600,89.89,7964254.0,89.26,0.00564256,0.680793,157021.0
000409.SZ,20260506,26900,10.2,274380.0,10.16,0.00455559,0.42831,59048.3
000410.SZ,20260506,175600,6.2,1088720.0,6.16,0.0089091,0.492371,197102.0
000411.SZ,20260506,13500,10.59,142965.0,10.6,0.00239474,0.264971,56373.6
000415.SZ,20260506,418900,4.7,1968830.0,4.68,0.0077676,0.495001,539291.0
000417.SZ,20260506,234800,6.68,1568464.0,6.69,0.0301401,1.67386,77902.7
000419.SZ,20260506,79300,5.84,463112.0,5.83,0.0145884,0.904241,54358.3
000420.SZ,20260506,604300,5.17,3124231.0,5.11,0.0245847,0.605746,245804.0
000421.SZ,20260506,23800,6.36,151368.0,6.33,0.0041442,0.156064,57429.6
000422.SZ,20260506,519400,16.93,8793442.0,16.9,0.0490993,0.938425,105786.0
000423.SZ,20260506,52100,54.45,2836845.0,55.0,0.00810453,0.665534,64285.0
000425.SZ,20260506,676600,9.95,6732170.0,9.95,0.00751008,0.56438,900922.0
000426.SZ,20260506,450600,43.18,19456908.0,42.38,0.025383,0.852628,177521.0
000428.SZ,20260506,28300,3.88,109804.0,3.86,0.00277743,0.189316,101893.0
000429.SZ,20260506,21300,12.51,266463.0,12.58,0.00163428,0.357577,130333.0
000430.SZ,20260506,83400,7.77,648018.0,7.73,0.0225067,1.84609,37055.6
000488.SZ,20260506,419400,2.54,1065276.0,2.57,0.0247548,1.31891,169422.0
000498.SZ,20260506,222800,5.52,1229856.0,5.54,0.0153724,1.29588,144935.0
000501.SZ,20260506,21200,8.38,177656.0,8.38,0.00275962,0.343188,76822.1
000503.SZ,20260506,67100,7.91,530761.0,7.91,0.00685258,0.382465,97919.3
000504.SZ,20260506,62200,9.2,572240.0,9.18,0.0188987,1.20157,32912.2
000505.SZ,20260506,74800,6.62,495176.0,6.61,0.0118283,0.691487,63238.0
000506.SZ,20260506,217600,15.99,3479424.0,16.0,0.0234304,0.9687,92870.7
000507.SZ,20260506,66000,5.2,343200.0,5.19,0.0073142,0.579999,90235.4
000509.SZ,20260506,127000,3.61,458470.0,3.59,0.0118346,0.733761,107312.0
000510.SZ,20260506,102100,14.11,1440631.0,14.14,0.0168312,0.240704,60661.0
000513.SZ,20260506,21600,32.62,704592.0,32.65,0.00380188,0.367949,56814.0
000514.SZ,20260506,30200,4.95,149490.0,4.93,0.00357917,0.283197,84377.1
000516.SZ,20260506,302500,4.59,1388475.0,4.6,0.0137861,1.07679,219423.0
000517.SZ,20260506,317200,2.03,643916.0,2.02,0.0127288,1.21122,249199.0
000518.SZ,20260506,25600,2.93,75008.0,2.91,0.00248656,0.283048,102954.0
000519.SZ,20260506,164500,17.8,2928100.0,17.74,0.0118128,0.69161,139256.0
000520.SZ,20260506,24400,3.97,96868.0,3.95,0.00241087,0.149284,101208.0
000521.SZ,20260506,25000,5.66,141500.0,5.66,0.00285544,0.379011,87552.1
000523.SZ,20260506,78200,3.46,270572.0,3.45,0.00590117,0.226039,132516.0
000524.SZ,20260506,33500,10.15,340025.0,10.16,0.00500024,0.366867,66996.7
000525.SZ,20260506,161300,5.53,891989.0,5.55,0.0145085,0.829745,111176.0
000526.SZ,20260506,23600,35.3,833080.0,34.76,0.0197557,0.576454,11945.9
000528.SZ,20260506,147000,9.71,1427370.0,9.66,0.00722708,0.375203,203402.0
000529.SZ,20260506,68200,5.72,390104.0,5.66,0.0119673,1.24627,56988.4
000530.SZ,20260506,123000,5.96,733080.0,5.91,0.020496,0.642383,60011.7
000531.SZ,20260506,139000,7.07,982730.0,7.05,0.015279,0.480686,90974.5
000532.SZ,20260506,15700,12.72,199704.0,12.66,0.00456994,0.175213,34355.0
000533.SZ,20260506,406700,12.8,5205760.0,12.63,0.0593807,0.623846,68490.2
000534.SZ,20260506,134500,39.58,5323510.0,39.53,0.0269016,0.639544,49997.0
000536.SZ,20260506,153600,3.94,605184.0,3.94,0.00555901,0.424696,276308.0
000537.SZ,20260506,389500,10.0,3895000.0,9.89,0.0189472,0.458781,205572.0
000538.SZ,20260506,49068,53.06,2603548.08,53.05,0.00276762,0.507787,177293.0
000539.SZ,20260506,1821300,6.74,12275562.0,6.53,0.071273,0.850389,255539.0
000541.SZ,20260506,31000,5.67,175770.0,5.66,0.00251931,0.380356,123049.0
000543.SZ,20260506,395300,8.09,3197977.0,8.08,0.0174382,1.10979,226686.0
000544.SZ,20260506,27100,8.45,228995.0,8.45,0.00278039,0.388625,97468.4
000545.SZ,20260506,298100,3.02,900262.0,3.02,0.0302516,0.63183,98540.3
000546.SZ,20260506,1881300,7.8,14674140.0,7.72,0.270028,1.48221,69670.5
000547.SZ,20260506,487900,24.58,11992582.0,24.58,0.0307025,0.431352,158912.0
000548.SZ,20260506,74300,5.38,399734.0,5.33,0.0148833,0.915109,49921.6
000550.SZ,20260506,31400,18.85,591890.0,18.75,0.00605636,0.518373,51846.3
000551.SZ,20260506,751400,16.35,12285390.0,16.28,0.155073,2.96365,48454.7
000552.SZ,20260506,510101,2.87,1463989.87,2.88,0.013691,0.385654,372581.0
000553.SZ,20260506,2273100,7.15,16252665.0,6.82,0.104411,25.8736,217707.0
000554.SZ,20260506,500400,8.03,4018212.0,8.19,0.137983,1.98935,36265.3
000555.SZ,20260506,101500,13.85,1405775.0,13.71,0.0104142,0.380613,97463.2
000557.SZ,20260506,17500,4.7,82250.0,4.7,0.00120034,0.254818,145792.0
000558.SZ,20260506,320700,4.21,1350147.0,4.25,0.0248858,0.953277,128868.0
000559.SZ,20260506,536600,16.09,8633894.0,16.09,0.0161902,0.596801,331435.0
000560.SZ,20260506,2456200,3.03,7442286.0,2.97,0.105036,4.11965,233844.0
000561.SZ,20260506,42600,9.55,406830.0,9.51,0.00548794,0.418732,77624.7
000563.SZ,20260506,252900,3.27,826983.0,3.26,0.00494528,0.527374,511397.0
000564.SZ,20260506,3430100,1.78,6105578.0,1.75,0.0227236,1.59077,1509490.0
000565.SZ,20260506,253000,7.85,1986050.0,7.87,0.0583498,1.02478,43359.2
000566.SZ,20260506,87400,5.01,437874.0,5.0,0.00674,0.297941,129674.0
000567.SZ,20260506,3678200,6.61,24312902.0,6.67,0.188767,7.55616,194854.0
000568.SZ,20260506,326300,97.0,31651100.0,100.1,0.0221783,3.53309,147126.0
000570.SZ,20260506,378600,6.48,2453328.0,6.42,0.0681312,1.25984,55569.2
000571.SZ,20260506,78900,5.51,434739.0,5.56,0.00969297,0.460448,81399.2
000572.SZ,20260506,108900,5.59,608751.0,5.59,0.00663113,0.341761,164225.0
000573.SZ,20260506,340400,5.04,1715616.0,5.03,0.0537787,1.44744,63296.5
000576.SZ,20260506,21700,8.85,192045.0,8.82,0.00500213,0.217171,43381.5
000581.SZ,20260506,57300,19.56,1120788.0,19.54,0.00721749,0.363112,79390.5
000582.SZ,20260506,1352400,11.62,15714888.0,11.56,0.0627026,4.15084,215685.0
000586.SZ,20260506,102600,17.95,1841670.0,17.71,0.0536639,0.59752,19119.0
000589.SZ,20260506,280900,5.03,1412927.0,5.03,0.0181833,0.452689,154482.0
000590.SZ,20260506,41800,11.29,471922.0,11.16,0.0174633,0.988973,23935.9
000591.SZ,20260506,279700,5.01,1401297.0,4.99,0.00712702,0.253961,392450.0
000592.SZ,20260506,1242900,10.76,13373604.0,10.76,0.0649003,0.898485,191509.0
000593.SZ,20260506,1059100,25.11,26594001.0,25.3,0.295439,2.04067,35848.3
000595.SZ,20260506,48600,6.39,310554.0,6.36,0.00426819,0.356359,113866.0
000596.SZ,20260506,33487,105.38,3528860.06,107.23,0.00819555,1.13526,40860.0
000597.SZ,20260506,59500,4.92,292740.0,4.93,0.00422233,0.44417,140917.0
000598.SZ,20260506,50800,6.91,351028.0,6.9,0.00170514,0.221744,297923.0
000599.SZ,20260506,524200,6.0,3145200.0,5.96,0.0641818,1.98303,81674.2
000600.SZ,20260506,782000,9.65,7546300.0,9.52,0.0717398,1.91458,109005.0
000601.SZ,20260506,342160,6.66,2278785.6,6.57,0.0325985,0.330341,104962.0
000603.SZ,20260506,107400,36.85,3957690.0,36.48,0.0161088,0.614144,66671.6
000605.SZ,20260506,34400,7.2,247680.0,7.2,0.00975448,0.522478,35265.9
000607.SZ,20260506,50100,4.19,209919.0,4.14,0.0056608,0.318794,88503.3
000608.SZ,20260506,122300,3.73,456179.0,3.78,0.0164067,0.846368,74542.8
000609.SZ,20260506,554200,15.14,8390588.0,14.42,0.190409,36.7546,29105.8
000610.SZ,20260506,89200,7.73,689516.0,7.75,0.0378766,0.358602,23550.2
000612.SZ,20260506,504900,13.46,6795954.0,13.29,0.0423503,1.31302,119220.0
000615.SZ,20260506,21000,3.36,70560.0,3.33,0.00226961,0.173547,92526.8
000617.SZ,20260506,1772100,9.49,16817229.0,9.44,0.0140175,1.4607,1264210.0
000619.SZ,20260506,116000,6.18,716880.0,6.18,0.0322222,1.38436,36000.0
000620.SZ,20260506,36236400,3.08,111608112.0,2.8,0.77565,30.1857,467175.0
000623.SZ,20260506,198200,18.85,3736070.0,18.87,0.0166419,1.2437,119097.0
000625.SZ,20260506,331000,9.55,3161050.0,9.53,0.00400382,0.491148,826711.0
000626.SZ,20260506,331900,9.38,3113222.0,9.35,0.0658909,1.08931,50371.2
000628.SZ,20260506,547700,65.83,36055091.0,66.18,0.284906,3.35358,19223.9
000629.SZ,20260506,1217900,3.7,4506230.0,3.64,0.0131092,0.708635,929044.0
000630.SZ,20260506,1561900,6.2,9683780.0,6.15,0.0140169,0.682614,1114300.0
000631.SZ,20260506,529700,3.2,1695040.0,3.21,0.0230304,2.78873,230000.0
000632.SZ,20260506,4322700,3.71,16037217.0,3.9,0.928651,14.6951,46548.2
000633.SZ,20260506,21300,6.9,146970.0,6.83,0.005531,0.208158,38510.2
000635.SZ,20260506,10300,8.23,84769.0,8.16,0.00280792,0.164265,36682.0
000636.SZ,20260506,641200,25.5,16350600.0,25.09,0.0554186,0.636805,115701.0
000637.SZ,20260506,50700,4.82,244374.0,4.82,0.0139061,0.445621,36458.9
000639.SZ,20260506,13080700,1.93,25245751.0,2.03,1.21182,20.381,107943.0
000650.SZ,20260506,75000,5.7,427500.0,5.69,0.00563323,0.395985,133139.0
000651.SZ,20260506,326200,40.0,13048000.0,40.05,0.00590727,0.383172,552201.0
000652.SZ,20260506,389380,4.29,1670440.2,4.29,0.0264083,1.52948,147446.0
000655.SZ,20260506,30600,8.37,256122.0,8.3,0.00513992,0.512472,59534.0
000656.SZ,20260506,1995600,1.41,2813796.0,1.4,0.0261954,1.63292,761813.0
000657.SZ,20260506,853300,58.47,49892451.0,58.19,0.0587298,0.975529,145293.0
000659.SZ,20260506,96600,4.07,393162.0,4.03,0.0075134,0.379233,128570.0
000661.SZ,20260506,27300,84.92,2318316.0,84.93,0.00683158,0.83423,39961.5
000663.SZ,20260506,36700,6.88,252496.0,6.88,0.0119817,0.37422,30630.1
000665.SZ,20260506,89000,4.8,427200.0,4.79,0.00782679,0.46966,113712.0
000668.SZ,20260506,34700,15.98,554506.0,15.85,0.0236309,1.62682,14684.2
000669.SZ,20260506,197100,4.18,823878.0,4.19,0.0289679,1.09141,68040.9
000670.SZ,20260506,568400,7.8,4433520.0,7.57,0.06916,1.89695,82186.3
000672.SZ,20260506,463500,13.98,6479730.0,14.0,0.0478133,1.92692,96939.5
000676.SZ,20260506,402600,7.31,2943006.0,7.38,0.031977,1.28928,125903.0
000678.SZ,20260506,94100,11.64,1095324.0,11.64,0.0204738,1.13774,45961.2
000679.SZ,20260506,24200,7.28,176176.0,7.24,0.00679012,0.485214,35640.0
000680.SZ,20260506,474006,12.07,5721252.42,11.91,0.0360549,1.54111,131468.0
000681.SZ,20260506,1197900,22.11,26485569.0,21.82,0.177169,3.31504,67613.5
000682.SZ,20260506,201400,13.11,2640354.0,13.05,0.0150231,0.758387,134060.0
000683.SZ,20260506,86700,8.97,777699.0,8.96,0.00259417,0.237053,334211.0
000685.SZ,20260506,183301,11.74,2151953.74,11.73,0.0146177,0.943901,125396.0
000686.SZ,20260506,420600,8.69,3655014.0,8.67,0.0179709,1.22221,234045.0
000688.SZ,20260506,269600,51.5,13884400.0,51.48,0.0227498,0.916239,118506.0
000690.SZ,20260506,953300,5.29,5042957.0,5.28,0.0438406,0.671869,217447.0
000691.SZ,20260506,88600,7.63,676018.0,7.65,0.0274074,1.63574,32327.0
000692.SZ,20260506,881100,4.96,4370256.0,5.0,0.165361,3.23531,53283.3
000695.SZ,20260506,174900,15.51,2712699.0,15.5,0.0788509,1.49767,22181.1
000698.SZ,20260506,131500,3.86,507590.0,3.86,0.0167364,1.36894,78571.4
000700.SZ,20260506,282200,12.01,3389222.0,12.04,0.0307402,0.645387,91801.5
000701.SZ,20260506,62200,5.96,370712.0,5.93,0.00931491,0.405278,66774.7
000702.SZ,20260506,78100,7.1,554510.0,7.13,0.029291,0.868532,26663.5
000703.SZ,20260506,638900,16.99,10854911.0,17.65,0.0168047,0.786559,380191.0
000705.SZ,20260506,34500,8.34,287730.0,8.26,0.0122355,0.384387,28196.5
000707.SZ,20260506,41500,5.96,247340.0,5.95,0.00753581,0.187139,55070.4
000708.SZ,20260506,169000,15.16,2562040.0,15.25,0.00334843,1.30024,504714.0
000709.SZ,20260506,1422200,2.34,3327948.0,2.33,0.0137605,0.780574,1033540.0
000710.SZ,20260506,4900,9.99,48951.0,9.99,0.00148697,0.0755277,32953.0
000711.SZ,20260506,2308000,5.06,11678480.0,4.92,0.0969224,1.7628,238129.0
000712.SZ,20260506,88900,10.42,926338.0,10.42,0.00992482,0.624071,89573.4
000713.SZ,20260506,57700,6.49,374473.0,6.5,0.00939716,0.454039,61401.5
000715.SZ,20260506,759800,6.01,4566398.0,5.99,0.156327,1.34301,48603.1
000716.SZ,20260506,561500,5.17,2902955.0,5.14,0.076013,1.86963,73868.9
000717.SZ,20260506,28600,2.48,70928.0,2.48,0.00118008,0.146741,242356.0
000718.SZ,20260506,97600,2.19,213744.0,2.19,0.00427727,0.28424,228183.0
000719.SZ,20260506,95000,13.41,1273950.0,13.42,0.0142397,0.994798,66714.8
000720.SZ,20260506,500400,4.6,2301840.0,4.54,0.0398239,0.731399,125653.0
000721.SZ,20260506,40400,7.61,307444.0,7.59,0.00788508,0.535291,51236.0
000722.SZ,20260506,134200,14.2,1905640.0,14.24,0.0289126,0.373568,46415.8
000723.SZ,20260506,182300,4.46,813058.0,4.46,0.00414789,0.295641,439501.0
000725.SZ,20260506,5689400,4.11,23383434.0,4.08,0.0156553,1.13908,3634170.0
000726.SZ,20260506,19100,6.56,125296.0,6.55,0.00324093,0.244371,58933.6
000727.SZ,20260506,708400,2.68,1898512.0,2.65,0.0156395,0.785563,452957.0
000728.SZ,20260506,380750,7.35,2798512.5,7.35,0.00872524,1.61375,436378.0
000729.SZ,20260506,443700,13.29,5896773.0,13.3,0.0176801,1.052,250961.0
000731.SZ,20260506,57200,7.26,415272.0,7.24,0.0104222,0.295815,54882.6
000733.SZ,20260506,146800,43.15,6334420.0,42.61,0.0264937,0.943902,55409.5
000735.SZ,20260506,193800,6.58,1275204.0,6.58,0.016839,0.707219,115090.0
000736.SZ,20260506,17500,5.48,95900.0,5.5,0.0023424,0.230348,74709.8
000737.SZ,20260506,614000,14.5,8903000.0,14.34,0.0322388,1.74967,190454.0
000738.SZ,20260506,94700,20.9,1979230.0,20.73,0.00720051,0.508488,131518.0
000739.SZ,20260506,89000,18.3,1628700.0,18.27,0.00768561,0.818448,115801.0
000750.SZ,20260506,282300,3.91,1103793.0,3.91,0.00487043,0.654939,579620.0
000751.SZ,20260506,760300,6.13,4660639.0,6.11,0.053927,0.596135,140987.0
000752.SZ,20260506,11900,10.0,119000.0,10.0,0.0045117,0.163345,26375.8
000753.SZ,20260506,708800,6.54,4635552.0,6.67,0.071489,1.9806,99148.1
000755.SZ,20260506,9100,5.03,45773.0,5.03,0.000620182,0.0915597,146731.0
000756.SZ,20260506,12500,14.08,176000.0,14.08,0.00250552,0.313369,49889.9
000757.SZ,20260506,105300,4.92,518076.0,4.89,0.0197666,0.733477,53271.6
000758.SZ,20260506,376700,7.03,2648201.0,7.01,0.0190622,1.04647,197617.0
000759.SZ,20260506,48500,5.5,266750.0,5.49,0.00739661,0.242612,65570.6
000761.SZ,20260506,41300,2.95,121835.0,2.95,0.00111374,0.27638,370824.0
000762.SZ,20260506,368200,39.0,14359800.0,38.7,0.0706988,0.716395,52080.1
000766.SZ,20260506,711300,26.84,19091292.0,24.67,0.073633,4.46141,96600.8
000767.SZ,20260506,1082700,3.82,4135914.0,3.78,0.0371775,0.671288,291225.0
000768.SZ,20260506,336100,23.86,8019346.0,23.5,0.0121055,1.45497,277641.0
000776.SZ,20260506,766500,21.12,16188480.0,21.23,0.0129826,0.827749,590405.0
000777.SZ,20260506,205100,19.85,4071235.0,19.86,0.0534935,1.89312,38341.1
000778.SZ,20260506,507100,4.62,2342802.0,4.6,0.0130242,0.697362,389352.0
000779.SZ,20260506,37200,8.88,330336.0,8.86,0.00800391,0.438184,46477.3
000782.SZ,20260506,184300,7.46,1374878.0,7.38,0.0348961,0.398384,52814.0
000783.SZ,20260506,10776155,8.11,87394617.05,7.99,0.194865,10.7363,553007.0
000785.SZ,20260506,142000,2.58,366360.0,2.58,0.00244639,0.280121,580448.0
000786.SZ,20260506,21700,25.93,562681.0,25.94,0.0012844,0.134637,168951.0
000788.SZ,20260506,109500,6.12,670140.0,6.12,0.0183729,0.324025,59598.7
000789.SZ,20260506,9000,4.96,44640.0,4.96,0.00112866,0.176777,79740.8
000790.SZ,20260506,2717500,4.57,12418975.0,4.57,0.436466,11.8477,62261.5
000791.SZ,20260506,871700,8.28,7217676.0,8.06,0.0450347,1.54338,193562.0
000792.SZ,20260506,1533200,40.07,61435324.0,39.29,0.0289746,1.17534,529153.0
000793.SZ,20260506,312000,2.69,839280.0,2.73,0.0159102,0.750061,196101.0
000795.SZ,20260506,52000,9.23,479960.0,9.23,0.00458682,0.420985,113368.0
000796.SZ,20260506,622900,5.15,3207935.0,5.21,0.0468078,1.60791,133076.0
000797.SZ,20260506,178100,2.9,516490.0,2.9,0.0113402,0.587267,157052.0
000798.SZ,20260506,26400,9.29,245256.0,9.31,0.00721634,0.229303,36583.6
000799.SZ,20260506,74200,42.3,3138660.0,42.7,0.0228379,1.06011,32489.8
000800.SZ,20260506,75800,6.75,511650.0,6.73,0.00154039,0.471055,492084.0
000801.SZ,20260506,32600,12.88,419888.0,12.78,0.00320876,0.168705,101597.0
000802.SZ,20260506,247700,4.31,1067587.0,4.31,0.034617,0.946283,71554.4
000803.SZ,20260506,56400,8.83,498012.0,8.79,0.0122665,0.292462,45978.8
000807.SZ,20260506,580998,32.45,18853385.1,31.8,0.0167535,0.998847,346792.0
000809.SZ,20260506,71300,3.79,270227.0,3.77,0.00864461,0.288858,82479.1
000810.SZ,20260506,98500,12.7,1250950.0,12.69,0.00886903,0.502357,111061.0
000811.SZ,20260506,828500,25.45,21085325.0,24.95,0.0846794,1.62173,97839.6
000812.SZ,20260506,57900,4.11,237969.0,4.1,0.00765742,0.346584,75613.0
000813.SZ,20260506,93100,3.64,338884.0,3.64,0.00444018,0.211033,209676.0
000815.SZ,20260506,4528258,20.51,92874571.58,19.02,0.651301,5.07931,69526.3
000816.SZ,20260506,196100,3.22,631442.0,3.23,0.0136227,0.64647,143951.0
000818.SZ,20260506,1171600,15.65,18335540.0,15.32,0.177998,2.30128,65821.1
000819.SZ,20260506,15800,16.27,257066.0,16.34,0.00432246,0.21919,36553.2
000820.SZ,20260506,240200,3.75,900750.0,3.75,0.0808844,1.7171,29696.7
000821.SZ,20260506,200400,10.36,2076144.0,10.3,0.0331431,1.36135,60465.1
000822.SZ,20260506,108200,5.91,639462.0,5.95,0.0120881,0.389343,89509.2
000823.SZ,20260506,180800,15.15,2739120.0,14.88,0.0336699,0.937572,53697.9
000825.SZ,20260506,168100,4.27,717787.0,4.25,0.00295107,0.376645,569625.0
000826.SZ,20260506,2596900,1.92,4986048.0,1.96,0.182219,3.4129,142516.0
000828.SZ,20260506,42600,10.39,442614.0,10.38,0.00409806,0.602004,103952.0
000829.SZ,20260506,220600,11.67,2574402.0,11.7,0.0215402,0.43526,102413.0
000830.SZ,20260506,343200,17.01,5837832.0,17.06,0.0180235,0.792983,190418.0
000831.SZ,20260506,394900,54.39,21478611.0,54.44,0.0372119,1.04031,106122.0
000833.SZ,20260506,1144500,31.25,35765625.0,31.72,0.252258,2.07081,45370.2
000837.SZ,20260506,56500,11.15,629975.0,11.11,0.00560848,0.44787,100740.0
000838.SZ,20260506,1199500,2.05,2458975.0,1.95,0.11383,1.65141,105377.0
000839.SZ,20260506,187300,2.99,560027.0,2.97,0.00477827,0.244913,391983.0
000848.SZ,20260506,102800,8.89,913892.0,8.9,0.0101667,0.305639,101114.0
000850.SZ,20260506,28100,4.56,128136.0,4.54,0.00297867,0.206426,94337.5
000852.SZ,20260506,45500,7.24,329420.0,7.27,0.00481037,0.305815,94587.3
000856.SZ,20260506,83900,10.33,866687.0,10.3,0.0369604,0.665175,22700.0
000858.SZ,20260506,5770422,90.78,523838909.16,97.08,0.148667,27.8538,388144.0
000859.SZ,20260506,95100,9.06,861606.0,9.04,0.0106147,0.311754,89592.5
000860.SZ,20260506,93900,12.6,1183140.0,12.7,0.012659,1.34247,74176.7
000862.SZ,20260506,848800,6.72,5703936.0,6.47,0.135166,1.99658,62796.7
000863.SZ,20260506,514000,4.85,2492900.0,4.85,0.0441878,1.79978,116322.0
000868.SZ,20260506,67000,4.47,299490.0,4.46,0.00913642,0.689982,73332.9
000869.SZ,20260506,9800,19.37,189826.0,19.35,0.00215331,0.652171,45511.2
000875.SZ,20260506,81100,6.54,530394.0,6.53,0.00242642,0.166036,334238.0
000876.SZ,20260506,247400,8.73,2159802.0,8.73,0.00549777,0.808036,450000.0
000877.SZ,20260506,70100,4.64,325264.0,4.64,0.000985867,0.561936,711049.0
000878.SZ,20260506,506100,19.4,9818340.0,19.1,0.0252593,1.28107,200362.0
000880.SZ,20260506,313400,30.9,9684060.0,30.9,0.138045,1.3692,22702.7
000881.SZ,20260506,139500,7.84,1093680.0,7.8,0.015436,1.72675,90373.2
000882.SZ,20260506,503500,1.66,835810.0,1.65,0.0184081,0.743832,273521.0
000883.SZ,20260506,394400,4.86,1916784.0,4.86,0.00608681,1.00575,647959.0
000885.SZ,20260506,41900,14.12,591628.0,14.11,0.00652568,0.50635,64207.8
000886.SZ,20260506,135100,5.53,747103.0,5.53,0.0138163,0.53937,97782.8
000887.SZ,20260506,363800,17.7,6439260.0,17.4,0.0276786,1.69188,131437.0
000888.SZ,20260506,57000,11.8,672600.0,11.85,0.0108177,0.629532,52691.3
000889.SZ,20260506,1547900,4.5,6965550.0,4.42,0.177951,0.67822,86984.5
000890.SZ,20260506,795300,15.58,12390774.0,15.66,0.189587,0.874562,41949.1
000892.SZ,20260506,231900,4.96,1150224.0,4.96,0.0326235,0.364258,71083.6
000893.SZ,20260506,75500,54.05,4080775.0,54.05,0.00930025,0.497429,81180.6
000895.SZ,20260506,61600,27.81,1713096.0,27.73,0.00177818,0.488061,346421.0
000897.SZ,20260506,128700,2.18,280566.0,2.18,0.007958,0.401882,161724.0
000898.SZ,20260506,190500,2.29,436245.0,2.29,0.00239398,0.617693,795748.0
000899.SZ,20260506,67808,12.59,853702.72,12.48,0.00694984,0.277071,97567.8
000900.SZ,20260506,49700,4.23,210231.0,4.22,0.00327461,0.298842,151774.0
000901.SZ,20260506,705500,24.08,16988440.0,24.0,0.0883871,1.9436,79819.3
000902.SZ,20260506,89200,15.35,1369220.0,15.24,0.0078055,0.52125,114278.0
000903.SZ,20260506,2794800,2.16,6036768.0,2.19,0.145543,8.89058,192026.0
000905.SZ,20260506,124800,11.0,1372800.0,10.91,0.0168238,1.15998,74180.8
000906.SZ,20260506,205100,6.37,1306487.0,6.34,0.0292482,0.463747,70124.0
000908.SZ,20260506,149100,7.06,1052646.0,7.12,0.0169475,0.867974,87977.4
000909.SZ,20260506,925400,4.43,4099522.0,4.66,0.211418,8.69734,43771.1
000910.SZ,20260506,14500,6.77,98165.0,6.79,0.00264995,0.252604,54718.1
000911.SZ,20260506,4220304,5.52,23296078.08,5.73,1.05423,33.8445,40032.0
000912.SZ,20260506,742000,4.85,3598700.0,4.87,0.0473214,0.601875,156800.0
000913.SZ,20260506,58500,13.58,794430.0,13.5,0.0112478,1.05415,52010.3
000915.SZ,20260506,34700,28.97,1005259.0,28.96,0.0148175,0.571493,23418.2
000917.SZ,20260506,214963,8.8,1891674.4,8.74,0.0151654,0.444219,141746.0
000919.SZ,20260506,149000,7.35,1095150.0,7.39,0.023964,0.586954,62176.7
000920.SZ,20260506,35900,11.62,417158.0,11.52,0.0075963,0.777733,47259.9
000921.SZ,20260506,44700,24.03,1074141.0,24.03,0.00486857,0.390926,91813.3
000922.SZ,20260506,57300,14.85,850905.0,14.78,0.00975463,0.465638,58741.3
000923.SZ,20260506,45100,16.97,765347.0,16.8,0.00718266,0.298412,62790.1
000925.SZ,20260506,3092100,9.48,29313108.0,9.19,0.459284,2.21267,67324.4
000926.SZ,20260506,95700,2.15,205755.0,2.13,0.00608311,0.266516,157321.0
000927.SZ,20260506,453400,2.81,1274054.0,2.81,0.00749378,0.539408,605035.0
000928.SZ,20260506,263800,6.51,1717338.0,6.5,0.0183881,0.851274,143463.0
000929.SZ,20260506,15500,10.33,160115.0,10.33,0.00834436,0.625176,18575.4
000930.SZ,20260506,96400,6.05,583220.0,6.08,0.00519299,0.390024,185635.0
000931.SZ,20260506,19010,4.77,90677.7,4.75,0.00253119,0.125295,75103.0
000932.SZ,20260506,298000,4.62,1376760.0,4.64,0.00434871,0.3697,685261.0
000933.SZ,20260506,510500,32.55,16616775.0,32.13,0.0227149,1.19059,224742.0
000935.SZ,20260506,6000,26.88,161280.0,26.72,0.000785916,0.0885768,76344.0
000936.SZ,20260506,118450,7.21,854024.5,7.18,0.0133708,0.256485,88588.7
000937.SZ,20260506,100500,5.62,564810.0,5.62,0.00292713,0.428888,343340.0
000938.SZ,20260506,2332900,32.47,75749263.0,31.99,0.0815679,1.07601,286007.0
000948.SZ,20260506,20600,14.5,298700.0,14.49,0.0052936,0.358872,38914.9
000949.SZ,20260506,226200,8.15,1843530.0,8.08,0.0136558,0.419218,165644.0
000950.SZ,20260506,204602,5.81,1188737.62,5.8,0.0118391,0.542516,172818.0
000951.SZ,20260506,136900,22.07,3021383.0,21.85,0.0117109,0.62592,116899.0
000952.SZ,20260506,120500,7.5,903750.0,7.39,0.0350297,0.564983,34399.4
000953.SZ,20260506,44600,7.01,312646.0,6.99,0.0121817,0.377662,36612.2
000955.SZ,20260506,58000,5.22,302760.0,5.2,0.0107744,0.465839,53831.3
000957.SZ,20260506,43000,12.01,516430.0,11.93,0.00725244,0.197543,59290.4
000958.SZ,20260506,114500,5.92,677840.0,5.92,0.0021269,0.316779,538342.0
000959.SZ,20260506,89100,4.56,406296.0,4.56,0.00119572,0.235924,745161.0
000960.SZ,20260506,609905,36.01,21962679.05,35.25,0.0370666,0.874667,164543.0
000962.SZ,20260506,58500,44.5,2603250.0,43.87,0.0116611,0.316428,50166.6
000963.SZ,20260506,105900,33.2,3515880.0,33.35,0.00604103,0.629583,175301.0
000965.SZ,20260506,381700,3.75,1431375.0,3.73,0.0343926,1.87053,110983.0
000966.SZ,20260506,512300,4.58,2346334.0,4.56,0.0157074,0.551987,326152.0
000967.SZ,20260506,3876376,14.3,55432176.8,13.57,0.120403,1.75079,321949.0
000968.SZ,20260506,470800,8.86,4171288.0,9.15,0.0486614,0.950438,96750.3
000969.SZ,20260506,193300,21.56,4167548.0,21.37,0.018699,0.905611,103375.0
000970.SZ,20260506,89100,12.08,1076328.0,12.08,0.00732896,0.483458,121573.0
000972.SZ,20260506,14700,3.86,56742.0,3.86,0.00190591,0.11328,77128.4
000973.SZ,20260506,895400,21.06,18857124.0,20.99,0.0925552,0.954604,96742.3
000975.SZ,20260506,314500,26.25,8255625.0,26.05,0.0124435,0.948667,252743.0
000977.SZ,20260506,1603097,71.0,113819887.0,69.75,0.10929,2.04769,146683.0
000978.SZ,20260506,134600,6.66,896436.0,6.67,0.0287533,0.578802,46812.0
000980.SZ,20260506,6818200,2.55,17386410.0,2.52,0.135215,3.69627,504250.0
000981.SZ,20260506,3781700,3.8,14370460.0,3.84,0.0397515,1.32141,951336.0
000983.SZ,20260506,548900,7.03,3858767.0,7.02,0.00966873,0.615013,567707.0
000985.SZ,20260506,7400,20.31,150294.0,20.23,0.00570814,0.436501,12964.0
000987.SZ,20260506,364000,9.0,3276000.0,9.0,0.00726062,0.733222,501334.0
000988.SZ,20260506,1402518,123.01,172523739.18,119.53,0.139556,1.75128,100499.0
000989.SZ,20260506,91700,9.6,880320.0,9.65,0.0132103,0.43757,69415.4
000990.SZ,20260506,1251859,12.45,15585644.55,12.6,0.103014,1.46383,121524.0
000993.SZ,20260506,47000,12.38,581860.0,12.24,0.010688,0.233691,43974.8
000995.SZ,20260506,191100,13.31,2543541.0,13.48,0.107718,1.4383,17740.8
000997.SZ,20260506,218900,20.09,4397701.0,19.89,0.0217284,1.32562,100744.0
000998.SZ,20260506,211800,9.17,1942206.0,9.14,0.0161137,0.780241,131441.0
000999.SZ,20260506,109500,25.9,2836050.0,25.91,0.0065857,0.674787,166269.0
001201.SZ,20260506,23500,13.3,312550.0,13.23,0.011666,0.465555,20144.0
001202.SZ,20260506,23500,17.22,404670.0,16.97,0.0201157,1.36008,11682.4
001203.SZ,20260506,261900,52.4,13723560.0,52.31,0.020054,0.800788,130597.0
001205.SZ,20260506,9300,15.17,141081.0,15.12,0.00558611,0.282079,16648.4
001206.SZ,20260506,45800,18.94,867452.0,18.94,0.042858,1.52797,10686.4
001207.SZ,20260506,31400,18.37,576818.0,18.37,0.0107306,0.520014,29262.2
001208.SZ,20260506,86400,19.35,1671840.0,19.16,0.0271073,0.365213,31873.4
001209.SZ,20260506,60000,22.39,1343400.0,22.02,0.0624384,1.22749,9609.46
001210.SZ,20260506,11000,21.32,234520.0,21.35,0.0115426,0.282862,9529.9
001211.SZ,20260506,71300,41.77,2978201.0,41.73,0.106423,0.762678,6699.65
001212.SZ,20260506,34300,56.66,1943438.0,55.77,0.0197298,0.546769,17384.9
001213.SZ,20260506,47900,3.99,191121.0,3.98,0.00107775,0.530729,444444.0
001215.SZ,20260506,107400,47.01,5048874.0,46.86,0.110834,1.08503,9690.16
001216.SZ,20260506,15500,18.27,283185.0,18.27,0.00631228,0.41499,24555.3
001217.SZ,20260506,46000,12.03,553380.0,12.02,0.014017,1.00142,32817.2
001218.SZ,20260506,238200,29.0,6907800.0,27.63,0.20176,9.16822,11806.1
001219.SZ,20260506,35800,15.72,562776.0,15.79,0.01883,0.502446,19012.2
001220.SZ,20260506,8100,39.86,322866.0,39.87,0.035827,0.282394,2260.86
001221.SZ,20260506,5600,57.06,319536.0,57.02,0.0155517,0.191067,3600.9
001222.SZ,20260506,19100,18.84,359844.0,18.84,0.0169029,0.897936,11299.9
001223.SZ,20260506,1800,56.34,101412.0,55.72,0.00360852,0.125842,4988.2
001225.SZ,20260506,7200,50.7,365040.0,50.54,0.0342225,0.675929,2103.88
001226.SZ,20260506,7400,47.83,353942.0,47.84,0.0218119,0.577944,3392.64
001227.SZ,20260506,459700,2.23,1025131.0,2.23,0.0108998,0.870484,421750.0
001228.SZ,20260506,2700,30.5,82350.0,30.27,0.00338072,0.134023,7986.46
001229.SZ,20260506,11000,37.19,409090.0,37.01,0.020881,0.652161,5267.94
001230.SZ,20260506,25000,26.9,672500.0,26.9,0.0318243,0.987904,7855.63
001231.SZ,20260506,11500,25.49,293135.0,25.49,0.0226193,0.468873,5084.15
001233.SZ,20260506,53900,60.43,3257177.0,60.63,0.15232,2.18058,3538.59
001234.SZ,20260506,116100,31.5,3657150.0,31.2,0.126905,0.740608,9148.55
001236.SZ,20260506,165300,9.52,1573656.0,9.55,0.0218052,1.35521,75807.8
001238.SZ,20260506,1700,49.11,83487.0,48.9,0.00163987,0.368355,10366.7
001239.SZ,20260506,3800,15.29,58102.0,15.19,0.00333333,0.148593,11400.0
001255.SZ,20260506,6200,35.28,218736.0,34.82,0.00872551,0.415777,7105.6
001256.SZ,20260506,34300,25.51,874993.0,25.11,0.0320823,0.920213,10691.3
001257.SZ,20260506,58900,22.59,1330551.0,22.52,0.043009,0.349054,13694.8
001258.SZ,20260506,138900,9.05,1257045.0,9.01,0.0148823,0.458666,93332.4
001259.SZ,20260506,11500,34.5,396750.0,34.34,0.0241879,0.616491,4754.45
001260.SZ,20260506,10100,21.92,221392.0,21.84,0.00878261,0.452618,11500.0
001266.SZ,20260506,404400,41.36,16725984.0,40.59,0.69558,8.38268,5813.85
001267.SZ,20260506,719800,54.64,39329872.0,53.96,0.118653,0.988887,60664.1
001268.SZ,20260506,156300,38.37,5997231.0,38.41,0.231784,4.18923,6743.33
001269.SZ,20260506,3600,21.57,77652.0,21.56,0.00187099,0.18744,19241.2
001270.SZ,20260506,231800,145.0,33611000.0,140.35,0.113907,3.48541,20350.0
001277.SZ,20260506,19600,37.22,729512.0,37.22,0.0430301,1.31773,4554.95
001278.SZ,20260506,11900,22.33,265727.0,22.0,0.013949,0.312967,8531.09
001279.SZ,20260506,3300,30.51,100683.0,30.46,0.00825,0.34849,4000.0
001280.SZ,20260506,44400,82.0,3640800.0,81.84,0.0280858,0.45169,15808.7
001282.SZ,20260506,9100,20.88,190008.0,20.88,0.0116421,0.215634,7816.48
001283.SZ,20260506,36400,74.97,2728908.0,74.88,0.0456491,0.616282,7973.87
001285.SZ,20260506,3900,52.48,204672.0,52.06,0.00939832,0.313425,4149.68
001286.SZ,20260506,97400,11.81,1150294.0,11.8,0.00721482,0.422809,135000.0
001287.SZ,20260506,351400,26.95,9470230.0,26.46,0.0462429,0.983724,75990.0
001288.SZ,20260506,300,28.11,8433.0,28.11,0.000197477,0.00873967,15191.6
001289.SZ,20260506,84800,16.95,1437360.0,16.8,0.00168189,0.648429,504193.0
001296.SZ,20260506,11300,23.0,259900.0,22.95,0.0146569,0.365782,7709.67
001298.SZ,20260506,452570,23.7,10725909.0,23.16,0.189617,1.78408,23867.5
001299.SZ,20260506,84600,10.85,917910.0,10.94,0.0299072,0.678825,28287.5
001300.SZ,20260506,19600,18.0,352800.0,18.05,0.00804017,0.391833,24377.6
001301.SZ,20260506,13600,85.68,1165248.0,85.65,0.00732189,0.130928,18574.4
001306.SZ,20260506,2500,70.0,175000.0,69.63,0.0161293,0.282841,1549.98
001308.SZ,20260506,35600,20.51,730156.0,20.34,0.00730651,2.08207,48723.7
001309.SZ,20260506,878780,570.0,500904600.0,524.81,0.544722,5.86982,16132.6
001311.SZ,20260506,4600,30.3,139380.0,30.26,0.00337604,0.0916209,13625.4
001312.SZ,20260506,27800,23.65,657470.0,23.46,0.0486352,0.23043,5716.03
001313.SZ,20260506,44000,8.46,372240.0,8.47,0.00629333,0.269268,69915.3
001314.SZ,20260506,53700,50.76,2725812.0,50.72,0.10367,0.639986,5179.9
001316.SZ,20260506,211900,54.5,11548550.0,51.9,0.190401,9.36233,11129.2
001317.SZ,20260506,13200,52.88,698016.0,52.83,0.015442,0.275198,8548.14
001318.SZ,20260506,4800,13.37,64176.0,13.35,0.00169815,0.152543,28266.0
001319.SZ,20260506,9700,23.99,232703.0,23.88,0.0118293,0.304557,8200.01
001322.SZ,20260506,13500,7.2,97200.0,7.19,0.00171841,0.291732,78561.2
001323.SZ,20260506,12500,23.84,298000.0,23.84,0.00401609,1.87382,31124.8
001324.SZ,20260506,8800,20.76,182688.0,20.68,0.0107772,0.2813,8165.36
001325.SZ,20260506,9200,54.38,500296.0,54.65,0.0469388,0.266214,1960.0
001326.SZ,20260506,1400,56.75,79450.0,56.19,0.00580833,0.125234,2410.33
001328.SZ,20260506,9300,31.96,297228.0,31.8,0.00575079,0.497416,16171.7
001330.SZ,20260506,1785400,8.35,14908090.0,8.27,0.153537,1.49398,116285.0
001331.SZ,20260506,5000,46.77,233850.0,46.65,0.00253644,0.0903151,19712.7
001332.SZ,20260506,10800,63.19,682452.0,62.8,0.0224984,0.323464,4800.35
001333.SZ,20260506,12200,23.99,292678.0,23.84,0.0277273,0.635596,4400.0
001335.SZ,20260506,1200,48.35,58020.0,47.9,0.00469777,0.0831531,2554.4
001336.SZ,20260506,101300,29.4,2978220.0,28.92,0.20538,3.15297,4932.33
001337.SZ,20260506,257000,53.89,13849730.0,53.73,0.0611905,1.91132,42000.0
001338.SZ,20260506,117600,13.32,1566432.0,13.27,0.0234389,0.95572,50173.1
001339.SZ,20260506,140000,91.22,12770800.0,89.85,0.11242,0.709078,12453.3
001356.SZ,20260506,11300,10.9,123170.0,10.9,0.00563179,0.407757,20064.7
001358.SZ,20260506,57700,28.99,1672723.0,28.71,0.116105,1.49625,4969.65
001359.SZ,20260506,9200,87.77,807484.0,87.75,0.0198375,0.387259,4637.67
001360.SZ,20260506,2400,21.66,51984.0,21.5,0.00191259,0.0815319,12548.4
001366.SZ,20260506,62900,15.6,981240.0,15.5,0.0391461,0.901223,16068.0
001367.SZ,20260506,28800,23.7,682560.0,23.7,0.023677,0.948958,12163.7
001368.SZ,20260506,5600,30.89,172984.0,30.57,0.00517507,0.220933,10821.1
001369.SZ,20260506,33500,15.3,512550.0,15.21,0.0166642,0.240979,20102.9
001373.SZ,20260506,16800,37.51,630168.0,37.51,0.0507067,1.07092,3313.17
001376.SZ,20260506,4800,15.2,72960.0,15.17,0.00224558,0.0531427,21375.3
001378.SZ,20260506,11100,26.79,297369.0,26.79,0.017109,0.517992,6487.83
001379.SZ,20260506,35900,21.9,786210.0,21.97,0.0533451,1.42911,6729.77
001380.SZ,20260506,9344,18.94,176975.36,18.92,0.0106178,0.481244,8800.33
001382.SZ,20260506,12200,20.08,244976.0,20.06,0.0193651,0.377529,6300.0
001386.SZ,20260506,11100,18.69,207459.0,18.63,0.0103215,0.228687,10754.3
001387.SZ,20260506,32400,14.22,460728.0,14.2,0.0284434,0.956595,11391.0
001388.SZ,20260506,1500,37.8,56700.0,37.52,0.00480769,0.108229,3120.0
001389.SZ,20260506,164700,169.51,27918297.0,163.25,0.108365,1.37254,15198.6
001390.SZ,20260506,9500,21.43,203585.0,21.33,0.019,0.864034,5000.0
001391.SZ,20260506,63000,5.22,328860.0,5.2,0.0041465,0.413029,151935.0
001395.SZ,20260506,1500,40.1,60150.0,40.1,0.00319898,0.180458,4689.0
001396.SZ,20260506,23311,47.42,1105407.62,46.85,0.104971,0.949029,2220.71
001400.SZ,20260506,21200,205.31,4352572.0,204.67,0.0641987,1.03833,3302.25
001696.SZ,20260506,113400,17.49,1983366.0,17.36,0.0127216,0.411809,89139.8
001872.SZ,20260506,43900,22.15,972385.0,22.15,0.00190704,1.38432,230200.0
001896.SZ,20260506,1493500,15.02,22432370.0,15.24,0.0978843,0.880624,152578.0
001914.SZ,20260506,16800,10.31,173208.0,10.25,0.00159436,0.23711,105372.0
001965.SZ,20260506,23700,9.36,221832.0,9.4,0.000348781,0.203815,679510.0
001979.SZ,20260506,795200,8.87,7053424.0,8.7,0.00945138,1.60933,841358.0
002001.SZ,20260506,177300,34.7,6152310.0,34.8,0.00583826,0.565454,303686.0
002003.SZ,20260506,55500,10.0,555000.0,10.0,0.00542999,0.820507,102210.0
002004.SZ,20260506,1631900,4.89,7979991.0,4.97,0.0866501,3.54675,188332.0
002005.SZ,20260506,65600,2.9,190240.0,2.89,0.00374435,0.422874,175197.0
002006.SZ,20260506,94700,17.96,1700812.0,17.81,0.0182188,1.20482,51979.3
002007.SZ,20260506,55104,14.41,794048.64,14.42,0.00350264,0.73865,157321.0
002008.SZ,20260506,422152,101.1,42679567.2,100.72,0.0441246,0.804444,95672.7
002009.SZ,20260506,106300,23.43,2490609.0,23.22,0.0300242,0.560189,35404.8
002010.SZ,20260506,256400,5.8,1487120.0,5.83,0.00929887,1.47046,275732.0
002011.SZ,20260506,68500,11.79,807615.0,11.68,0.00646495,0.492133,105956.0
002012.SZ,20260506,25000,6.66,166500.0,6.69,0.00534616,0.215628,46762.5
002014.SZ,20260506,35100,11.14,391014.0,11.19,0.00582385,1.00747,60269.4
002015.SZ,20260506,1139400,18.17,20702898.0,17.75,0.0701893,0.788395,162332.0
002016.SZ,20260506,141800,5.4,765720.0,5.38,0.0175257,1.13625,80909.6
002017.SZ,20260506,32500,18.94,615550.0,18.93,0.00560262,0.308351,58008.6
002019.SZ,20260506,43600,11.19,487884.0,11.18,0.00517933,0.316438,84180.8
002020.SZ,20260506,43100,14.76,636156.0,14.78,0.0059533,0.3816,72396.8
002021.SZ,20260506,149300,3.21,479253.0,3.18,0.0124891,0.368718,119544.0
002022.SZ,20260506,51300,5.97,306261.0,5.97,0.00997516,0.649792,51427.8
002023.SZ,20260506,197600,12.81,2531256.0,12.6,0.0266717,0.489048,74086.0
002024.SZ,20260506,419700,1.34,562398.0,1.34,0.00453568,1.02604,925329.0
002025.SZ,20260506,359800,75.0,26985000.0,73.19,0.0792736,0.997756,45387.1
002026.SZ,20260506,85200,12.89,1098228.0,12.85,0.0193419,1.54172,44049.4
002027.SZ,20260506,1362800,6.29,8572012.0,6.29,0.00943624,0.909366,1444220.0
002028.SZ,20260506,116211,198.9,23114367.9,195.0,0.0190297,0.758664,61068.3
002029.SZ,20260506,239400,11.22,2686068.0,11.12,0.035978,0.831259,66540.6
002030.SZ,20260506,981000,5.9,5787900.0,5.78,0.0698994,11.6183,140345.0
002031.SZ,20260506,135200,5.75,777400.0,5.71,0.00706514,0.274984,191362.0
002032.SZ,20260506,17900,47.11,843269.0,47.09,0.0022342,1.02592,80118.1
002033.SZ,20260506,310100,9.43,2924243.0,9.47,0.0564352,0.533482,54948.0
002034.SZ,20260506,32000,17.49,559680.0,17.49,0.00669759,0.152462,47778.4
002035.SZ,20260506,31200,5.92,184704.0,5.89,0.00398958,0.203038,78203.8
002036.SZ,20260506,425600,7.78,3311168.0,7.68,0.0403234,1.06918,105547.0
002037.SZ,20260506,249300,8.51,2121543.0,8.55,0.0515207,1.97188,48388.4
002038.SZ,20260506,855000,6.49,5548950.0,6.49,0.100363,1.71691,85191.1
002039.SZ,20260506,84800,20.38,1728224.0,20.28,0.0198336,0.818551,42755.7
002040.SZ,20260506,36000,10.0,360000.0,9.95,0.00740626,0.49109,48607.5
002041.SZ,20260506,74300,10.19,757117.0,10.24,0.00844318,0.470964,88000.0
002042.SZ,20260506,150800,4.97,749476.0,4.93,0.00886703,0.215403,170068.0
002043.SZ,20260506,59200,14.82,877344.0,14.83,0.00733106,0.600933,80752.3
002044.SZ,20260506,10820100,5.8,62756580.0,5.43,0.279284,7.46148,387423.0
002045.SZ,20260506,160100,11.25,1801125.0,11.28,0.0285015,0.592525,56172.5
002046.SZ,20260506,103500,52.73,5457555.0,52.21,0.0195725,0.837778,52880.3
002047.SZ,20260506,379600,5.15,1954940.0,5.25,0.025037,1.55234,151616.0
002048.SZ,20260506,51600,26.2,1351920.0,26.03,0.00726966,0.337645,70979.9
002049.SZ,20260506,619130,78.91,48855548.3,77.32,0.0728805,2.13902,84951.5
002050.SZ,20260506,1904400,46.92,89354448.0,46.92,0.051691,1.95498,368420.0
002051.SZ,20260506,1758100,10.37,18231497.0,10.12,0.142087,3.47589,123734.0
002052.SZ,20260506,259300,10.01,2595593.0,10.09,0.0376131,1.28216,68938.7
002053.SZ,20260506,71300,11.66,831358.0,11.57,0.00774391,0.710465,92072.3
002054.SZ,20260506,455242,8.68,3951500.56,8.63,0.118549,2.70146,38401.2
002055.SZ,20260506,672900,6.04,4064316.0,5.93,0.113285,3.82576,59399.0
002056.SZ,20260506,190400,19.18,3651872.0,18.94,0.0117167,0.929124,162503.0
002057.SZ,20260506,41300,9.68,399784.0,9.65,0.00548244,0.399764,75331.4
002058.SZ,20260506,8600,24.86,213796.0,25.1,0.00600945,0.238456,14310.8
002059.SZ,20260506,57000,4.9,279300.0,4.9,0.0057983,0.68678,98304.6
002060.SZ,20260506,315200,3.75,1182000.0,3.76,0.0201687,0.818424,156281.0
002061.SZ,20260506,57400,3.89,223286.0,3.89,0.00220842,0.295382,259914.0
002062.SZ,20260506,124200,8.96,1112832.0,8.85,0.0110429,0.421737,112470.0
002063.SZ,20260506,333100,6.3,2098530.0,6.28,0.0188322,0.852004,176878.0
002064.SZ,20260506,306000,11.89,3638340.0,11.76,0.00617933,0.773312,495199.0
002065.SZ,20260506,287400,8.28,2379672.0,8.23,0.00988335,0.868143,290792.0
002066.SZ,20260506,8400,23.33,195972.0,23.33,0.00363636,0.17852,23100.0
002067.SZ,20260506,106600,4.87,519142.0,4.89,0.00796947,0.250272,133760.0
002068.SZ,20260506,284600,9.6,2732160.0,9.51,0.0387222,1.37136,73497.9
002069.SZ,20260506,49000,3.88,190120.0,3.89,0.00689931,0.430414,71021.6
002072.SZ,20260506,61400,7.35,451290.0,7.28,0.016706,0.811577,36753.2
002073.SZ,20260506,96100,6.77,650597.0,6.77,0.00947849,0.450717,101388.0
002074.SZ,20260506,429600,37.23,15994008.0,36.74,0.0247432,0.730449,173623.0
002075.SZ,20260506,103100,4.46,459826.0,4.44,0.00469956,0.376203,219382.0
002076.SZ,20260506,2448100,2.19,5361339.0,2.19,0.234882,5.16505,104227.0
002077.SZ,20260506,358900,16.82,6036698.0,16.51,0.0618422,1.5244,58034.9
002078.SZ,20260506,69400,14.65,1016710.0,14.71,0.00249878,0.386446,277735.0
002079.SZ,20260506,840500,11.82,9934710.0,11.7,0.103691,1.38575,81058.0
002080.SZ,20260506,275900,56.21,15508339.0,55.17,0.016441,0.552528,167812.0
002081.SZ,20260506,23950050,6.28,150406314.0,5.9,0.905743,5.38388,264424.0
002083.SZ,20260506,551900,11.31,6241989.0,11.3,0.0583205,1.28714,94632.3
002084.SZ,20260506,84000,3.9,327600.0,3.86,0.0130325,0.560053,64454.1
002085.SZ,20260506,247100,13.7,3385270.0,13.63,0.0116376,0.963099,212330.0
002086.SZ,20260506,92600,2.04,188904.0,2.05,0.005856,0.146318,158129.0
002088.SZ,20260506,36400,9.95,362180.0,9.87,0.00719745,0.750245,50573.4
002090.SZ,20260506,33300,11.23,373959.0,11.23,0.00842961,0.321669,39503.6
002091.SZ,20260506,314600,8.97,2821962.0,8.95,0.0196848,0.623118,159819.0
002092.SZ,20260506,114900,6.9,792810.0,6.92,0.00446119,0.124006,257555.0
002093.SZ,20260506,98100,8.36,820116.0,8.32,0.00973697,0.488525,100750.0
002094.SZ,20260506,55300,6.01,332353.0,5.96,0.00800923,0.338017,69045.4
002095.SZ,20260506,20800,16.24,337792.0,16.17,0.00826353,0.517867,25170.8
002096.SZ,20260506,112500,10.88,1224000.0,10.86,0.00906937,1.12211,124044.0
002097.SZ,20260506,31400,10.0,314000.0,9.92,0.00292739,0.177771,107263.0
002098.SZ,20260506,25800,8.62,222396.0,8.62,0.0072067,0.535568,35800.0
002099.SZ,20260506,126800,6.33,802644.0,6.34,0.00784964,0.346192,161536.0
002100.SZ,20260506,310500,7.87,2443635.0,7.95,0.0227431,0.906879,136525.0
002101.SZ,20260506,34100,10.02,341682.0,10.01,0.00514941,0.543852,66221.2
002102.SZ,20260506,2432000,2.52,6128640.0,2.65,0.111924,3.82454,217290.0
002103.SZ,20260506,31100,7.99,248489.0,7.99,0.00801266,0.473354,38813.6
002104.SZ,20260506,55400,14.4,797760.0,14.23,0.00923793,0.275848,59970.2
002105.SZ,20260506,63400,6.85,434290.0,6.79,0.0173951,0.620848,36447.1
002106.SZ,20260506,26900,10.56,284064.0,10.48,0.00381613,0.211794,70490.2
002107.SZ,20260506,159000,7.3,1160700.0,7.31,0.0278267,0.68941,57139.4
002108.SZ,20260506,908200,5.7,5176740.0,5.62,0.055126,0.682113,164750.0
002110.SZ,20260506,76700,3.44,263848.0,3.42,0.00315758,0.352912,242908.0
002111.SZ,20260506,594900,11.25,6692625.0,11.02,0.121718,3.21849,48875.1
002112.SZ,20260506,65600,20.54,1347424.0,20.14,0.0250306,0.37165,26208.0
002114.SZ,20260506,26500,9.1,241150.0,9.0,0.00819442,0.265299,32339.1
002115.SZ,20260506,883600,14.53,12838708.0,14.41,0.117469,0.660002,75219.6
002116.SZ,20260506,47300,9.72,459756.0,9.73,0.0102825,0.528377,46000.7
002117.SZ,20260506,78100,10.2,796620.0,10.2,0.0149175,0.789954,52354.6
002119.SZ,20260506,395400,21.49,8497146.0,21.01,0.10536,2.12524,37528.4
002120.SZ,20260506,156500,7.86,1230090.0,7.86,0.00555925,0.149454,281513.0
002121.SZ,20260506,183800,6.95,1277410.0,6.95,0.0130843,0.522734,140474.0
002122.SZ,20260506,164600,2.98,490508.0,2.98,0.00828084,0.853799,198772.0
002123.SZ,20260506,76400,9.51,726564.0,9.48,0.0106033,0.492337,72053.2
002124.SZ,20260506,4380800,2.66,11652928.0,2.61,0.222131,2.13267,197217.0
002125.SZ,20260506,226000,15.32,3462320.0,15.27,0.0359009,0.759394,62951.1
002126.SZ,20260506,243000,47.48,11537640.0,46.02,0.0305962,1.21912,79421.5
002127.SZ,20260506,469400,3.04,1426976.0,3.03,0.023532,0.566105,199473.0
002128.SZ,20260506,72800,32.42,2360176.0,32.36,0.00324772,0.566611,224157.0
002129.SZ,20260506,1033700,8.76,9055212.0,8.66,0.025588,1.78683,403978.0
002130.SZ,20260506,291700,22.78,6644926.0,22.74,0.0254326,0.500412,114695.0
002131.SZ,20260506,3964500,6.54,25927830.0,6.45,0.0677137,0.818004,585480.0
002132.SZ,20260506,806300,4.9,3950870.0,4.83,0.0576263,0.953902,139919.0
002133.SZ,20260506,201000,3.49,701490.0,3.47,0.0261083,1.11716,76987.0
002134.SZ,20260506,241500,25.21,6088215.0,25.32,0.0979756,1.57846,24649.0
002135.SZ,20260506,1113500,8.65,9631775.0,8.51,0.10667,2.50866,104387.0
002136.SZ,20260506,130100,15.23,1981423.0,15.09,0.0606652,0.901461,21445.6
002137.SZ,20260506,24200,8.32,201344.0,8.26,0.00610405,0.269197,39645.8
002138.SZ,20260506,255700,34.37,8788409.0,33.95,0.0338004,0.903422,75650.0
002139.SZ,20260506,110200,10.78,1187956.0,10.71,0.0102886,0.462049,107109.0
002140.SZ,20260506,36100,12.52,451972.0,12.51,0.00510636,0.421778,70696.1
002141.SZ,20260506,95000,3.66,347700.0,3.64,0.00919709,0.59902,103294.0
002142.SZ,20260506,81100,33.1,2684410.0,33.2,0.00122889,0.22878,659944.0
002144.SZ,20260506,11100,14.34,159174.0,14.25,0.00806442,0.225115,13764.2
002145.SZ,20260506,322800,4.59,1481652.0,4.58,0.00848029,0.60757,380647.0
002146.SZ,20260506,1211100,1.37,1659207.0,1.35,0.0309624,1.00447,391152.0
002148.SZ,20260506,49800,7.95,395910.0,7.89,0.0110835,0.454018,44931.8
002149.SZ,20260506,2435100,65.42,159304242.0,63.51,0.498854,3.17675,48813.9
002150.SZ,20260506,50300,28.91,1454173.0,29.06,0.0140289,0.266968,35854.5
002151.SZ,20260506,266700,40.9,10908030.0,40.9,0.0602283,1.16112,44281.5
002152.SZ,20260506,128000,11.78,1507840.0,11.66,0.00515685,0.647878,248213.0
002153.SZ,20260506,150700,10.12,1525084.0,10.08,0.00942014,0.522987,159976.0
002154.SZ,20260506,1055900,4.15,4381985.0,4.16,0.0895002,1.32592,117977.0
002155.SZ,20260506,451300,29.06,13114778.0,29.07,0.028883,1.01488,156251.0
002156.SZ,20260506,5001500,56.95,284835425.0,51.77,0.329599,4.01446,151745.0
002157.SZ,20260506,5540800,3.49,19337392.0,3.47,0.0711503,1.59204,778746.0
002158.SZ,20260506,285300,27.91,7962723.0,27.61,0.0534703,3.23197,53356.7
002159.SZ,20260506,86900,16.28,1414732.0,16.34,0.0627561,2.20322,13847.3
002160.SZ,20260506,55000,4.89,268950.0,4.88,0.00533603,0.265021,103073.0
002161.SZ,20260506,53600,6.82,365552.0,6.74,0.00724707,0.189203,73960.9
002162.SZ,20260506,41000,4.47,183270.0,4.47,0.00446383,0.302962,91849.4
002163.SZ,20260506,316100,12.43,3929123.0,12.46,0.039338,0.957468,80354.9
002164.SZ,20260506,29600,12.56,371776.0,12.56,0.00616956,0.214643,47977.5
002165.SZ,20260506,148200,8.65,1281930.0,8.58,0.0203688,0.313809,72758.4
002166.SZ,20260506,62500,8.83,551875.0,8.78,0.00846212,0.729739,73858.5
002167.SZ,20260506,147000,12.96,1905120.0,12.91,0.0193749,0.542651,75871.3
002168.SZ,20260506,136800,4.21,575928.0,4.27,0.0174453,1.62139,78416.3
002169.SZ,20260506,151700,13.05,1979685.0,13.1,0.0199954,0.667304,75867.4
002170.SZ,20260506,476500,13.84,6594760.0,13.9,0.0605364,1.65096,78713.0
002171.SZ,20260506,129200,11.35,1466420.0,11.31,0.00800624,0.47973,161374.0
002172.SZ,20260506,247800,3.85,954030.0,3.81,0.0323862,1.41319,76514.1
002173.SZ,20260506,65600,23.39,1534384.0,23.26,0.0155869,0.34333,42086.5
002174.SZ,20260506,427900,10.32,4415928.0,10.24,0.0436963,1.30024,97925.9
002175.SZ,20260506,415500,2.61,1084455.0,2.75,0.0325428,0.543671,127678.0
002176.SZ,20260506,3205603,16.2,51930768.6,16.05,0.188186,1.05285,170343.0
002177.SZ,20260506,155100,7.5,1163250.0,7.47,0.0229805,0.396961,67491.9
002178.SZ,20260506,101400,5.84,592176.0,5.83,0.0142459,0.633176,71178.3
002179.SZ,20260506,659500,36.8,24269600.0,36.56,0.0314571,1.70119,209650.0
002180.SZ,20260506,87000,19.12,1663440.0,19.16,0.00639571,0.461976,136029.0
002181.SZ,20260506,3493037,16.49,57600180.13,16.49,0.307882,3.85126,113454.0
002182.SZ,20260506,37100,15.8,586180.0,15.69,0.00428651,0.183047,86550.5
002183.SZ,20260506,772500,5.65,4364625.0,5.59,0.0297459,0.903674,259699.0
002184.SZ,20260506,155500,11.73,1824015.0,11.69,0.0646918,2.21863,24037.0
002185.SZ,20260506,3268000,13.68,44706240.0,13.11,0.100056,2.50831,326618.0
002186.SZ,20260506,22300,10.69,238387.0,10.69,0.00726854,0.345666,30680.2
002187.SZ,20260506,28600,6.21,177606.0,6.19,0.0040805,0.274948,70089.5
002188.SZ,20260506,286200,7.21,2063502.0,7.22,0.111205,2.02896,25736.3
002189.SZ,20260506,17000,21.1,358700.0,21.1,0.00650942,0.527224,26116.0
002190.SZ,20260506,13500,29.6,399600.0,29.52,0.00376328,0.331513,35872.9
002191.SZ,20260506,336700,3.79,1276093.0,3.79,0.0233736,0.939926,144051.0
002192.SZ,20260506,1037100,115.0,119266500.0,109.22,0.400243,2.88955,25911.8
002194.SZ,20260506,176900,11.19,1979511.0,11.03,0.0346266,0.488401,51087.9
002195.SZ,20260506,595833,8.62,5136080.46,8.61,0.0106023,0.366875,561985.0
002196.SZ,20260506,72400,13.98,1012152.0,13.97,0.0148236,0.277834,48841.0
002197.SZ,20260506,90100,8.06,726206.0,8.05,0.0168727,0.471803,53400.0
002199.SZ,20260506,315600,10.71,3380076.0,10.56,0.136664,4.26742,23093.2
002200.SZ,20260506,2000,7.58,15160.0,7.58,0.00102184,0.13897,19572.6
002201.SZ,20260506,556100,13.5,7507350.0,13.39,0.0923719,0.568342,60202.3
002202.SZ,20260506,3181000,28.0,89068000.0,27.55,0.094574,1.50845,336350.0
002203.SZ,20260506,262800,17.99,4727772.0,17.99,0.0118799,0.521175,221214.0
002204.SZ,20260506,67300,6.88,463024.0,6.85,0.00348457,0.24685,193137.0
002205.SZ,20260506,20500,13.52,277160.0,13.38,0.0110308,0.610668,18584.3
002206.SZ,20260506,97900,6.19,606001.0,6.18,0.0092635,0.677864,105684.0
002207.SZ,20260506,812667,7.21,5859329.07,6.87,0.311591,2.10492,26081.2
002208.SZ,20260506,1072100,13.74,14730654.0,13.74,0.1335,3.62732,80307.2
002209.SZ,20260506,191600,14.8,2835680.0,15.06,0.122575,2.93091,15631.3
002210.SZ,20260506,10800600,3.01,32509806.0,2.98,0.406761,6.02951,265527.0
002211.SZ,20260506,37200,3.67,136524.0,3.66,0.00860164,0.289231,43247.6
002212.SZ,20260506,366800,7.34,2692312.0,7.28,0.0314352,0.886488,116684.0
002213.SZ,20260506,792600,38.93,30855918.0,37.3,0.38372,1.92275,20655.7
002214.SZ,20260506,40620,18.58,754719.6,18.57,0.00849051,0.844891,47841.7
002215.SZ,20260506,259000,10.9,2823100.0,10.92,0.0322543,1.22352,80299.3
002216.SZ,20260506,72000,14.4,1036800.0,14.38,0.0114195,0.438229,63050.2
002217.SZ,20260506,14457700,3.03,43806831.0,2.89,0.198613,1.60734,727932.0
002218.SZ,20260506,635500,5.55,3527025.0,5.46,0.0457959,0.754542,138768.0
002219.SZ,20260506,921600,2.33,2147328.0,2.31,0.0281674,1.14845,327187.0
002221.SZ,20260506,82100,8.01,657621.0,8.05,0.00561986,0.318124,146089.0
002222.SZ,20260506,339500,89.01,30218895.0,86.82,0.0725192,1.0224,46815.2
002223.SZ,20260506,37000,29.36,1086320.0,29.28,0.00392659,0.246187,94229.4
002224.SZ,20260506,81000,4.37,353970.0,4.37,0.0100449,0.468885,80638.0
002225.SZ,20260506,755300,4.56,3444168.0,4.5,0.0796207,1.08307,94862.2
002226.SZ,20260506,81400,5.38,437932.0,5.37,0.00307295,0.535554,264892.0
002227.SZ,20260506,159900,8.76,1400724.0,8.78,0.0650167,1.26643,24593.7
002228.SZ,20260506,108600,3.93,426798.0,3.9,0.00898024,0.361961,120932.0
002229.SZ,20260506,532636,16.81,8953611.16,16.39,0.108006,1.03161,49315.6
002230.SZ,20260506,268500,48.35,12981975.0,47.79,0.0122642,0.671763,218929.0
002232.SZ,20260506,20100,17.9,359790.0,17.68,0.00491986,0.419363,40854.8
002233.SZ,20260506,85805,8.57,735348.85,8.56,0.0073133,0.467966,117327.0
002234.SZ,20260506,31900,8.75,279125.0,8.65,0.0105836,0.537241,30140.9
002235.SZ,20260506,1567800,10.97,17198766.0,11.2,0.283212,2.83715,55357.8
002236.SZ,20260506,227700,18.61,4237497.0,18.49,0.00952271,0.580761,239113.0
002237.SZ,20260506,175500,16.8,2948400.0,16.61,0.0147188,0.430684,119236.0
002238.SZ,20260506,7000,7.31,51170.0,7.31,0.00087221,0.10941,80255.9
002239.SZ,20260506,139100,2.89,401999.0,2.89,0.00518572,0.206277,268237.0
002240.SZ,20260506,1546300,60.76,93953188.0,60.09,0.169382,2.3526,91290.9
002241.SZ,20260506,315800,24.66,7787628.0,24.5,0.010049,0.323461,314259.0
002242.SZ,20260506,530400,10.88,5770752.0,10.88,0.069635,1.33993,76168.6
002243.SZ,20260506,37300,8.57,319661.0,8.53,0.00309764,0.278484,120414.0
002244.SZ,20260506,133200,9.59,1277388.0,9.55,0.00483038,0.318152,275755.0
002245.SZ,20260506,305100,20.98,6400998.0,20.66,0.0281058,0.528061,108554.0
002246.SZ,20260506,105000,24.46,2568300.0,24.36,0.0191245,0.356506,54903.5
002247.SZ,20260506,345400,2.91,1005114.0,2.88,0.0536718,1.21896,64354.1
002248.SZ,20260506,98900,13.0,1285700.0,13.06,0.0321631,0.492495,30749.6
002249.SZ,20260506,282600,9.4,2656440.0,9.38,0.0151793,0.697837,186174.0
002250.SZ,20260506,95500,16.78,1602490.0,16.55,0.0106707,0.405982,89497.6
002251.SZ,20260506,180000,4.15,747000.0,4.15,0.00836248,0.316358,215247.0
002252.SZ,20260506,61300,5.57,341441.0,5.56,0.000924058,0.22066,663378.0
002253.SZ,20260506,71400,10.99,784686.0,10.91,0.0340083,0.801456,20994.9
002254.SZ,20260506,223900,11.36,2543504.0,11.34,0.0263236,0.882373,85056.8
002255.SZ,20260506,185500,11.22,2081310.0,11.28,0.0290765,0.759871,63797.2
002256.SZ,20260506,1433483,4.62,6622691.46,4.59,0.0734377,0.845827,195197.0
002258.SZ,20260506,30700,12.95,397565.0,12.9,0.00384159,0.145485,79914.9
002259.SZ,20260506,663000,5.41,3586830.0,5.42,0.0881264,1.00254,75232.8
002261.SZ,20260506,923200,36.16,33382912.0,35.44,0.0805511,0.585851,114611.0
002262.SZ,20260506,76900,22.51,1731019.0,22.42,0.00869981,0.6529,88392.7
002263.SZ,20260506,1738900,4.09,7112101.0,4.03,0.0925762,0.879131,187835.0
002264.SZ,20260506,63300,8.4,531720.0,8.35,0.00966733,0.401095,65478.3
002265.SZ,20260506,82500,22.28,1838100.0,22.51,0.00798613,1.14918,103304.0
002266.SZ,20260506,1308000,5.29,6919320.0,5.28,0.0270104,0.725241,484259.0
002267.SZ,20260506,28100,7.91,222271.0,7.93,0.00252681,0.198778,111208.0
002268.SZ,20260506,36600,15.79,577914.0,15.68,0.00433006,0.437362,84525.4
002269.SZ,20260506,2450100,1.69,4140669.0,1.7,0.104539,2.96954,234373.0
002270.SZ,20260506,90900,24.51,2227959.0,24.49,0.0101427,0.384188,89621.1
002271.SZ,20260506,204600,15.07,3083322.0,14.96,0.0106869,0.417732,191449.0
002272.SZ,20260506,1284400,17.99,23106356.0,17.3,0.314701,2.28519,40813.3
002273.SZ,20260506,265600,33.37,8863072.0,33.0,0.0194996,0.378508,136208.0
002274.SZ,20260506,668200,6.69,4470258.0,6.75,0.0712481,1.82605,93784.9
002275.SZ,20260506,11400,14.35,163590.0,14.31,0.0020463,0.563493,55710.3
002276.SZ,20260506,140100,13.07,1831107.0,12.9,0.0139114,0.599007,100709.0
002277.SZ,20260506,159300,6.15,979695.0,6.17,0.0114261,0.615628,139417.0
002278.SZ,20260506,54900,10.35,568215.0,10.39,0.0164987,0.253492,33275.3
002279.SZ,20260506,170700,7.55,1288785.0,7.52,0.0216197,0.576083,78955.6
002281.SZ,20260506,1536700,147.16,226140772.0,144.28,0.19714,2.10492,77949.9
002282.SZ,20260506,13200,6.95,91740.0,6.95,0.00261384,0.220903,50500.5
002283.SZ,20260506,340700,11.63,3962341.0,11.23,0.033974,1.05539,100283.0
002284.SZ,20260506,325865,13.42,4373108.3,13.29,0.0445847,1.4312,73088.9
002285.SZ,20260506,871800,3.12,2720016.0,3.12,0.0441364,1.9762,197524.0
002286.SZ,20260506,18700,10.33,193171.0,10.28,0.0050583,0.181912,36969.0
002287.SZ,20260506,7300,22.7,165710.0,22.74,0.00127858,0.446398,57094.5
002289.SZ,20260506,56100,38.39,2153679.0,36.56,0.0204423,2.50861,27443.1
002290.SZ,20260506,671000,89.41,59994110.0,81.28,0.271444,3.03486,24719.6
002291.SZ,20260506,460800,6.76,3115008.0,6.7,0.0530188,1.15016,86912.5
002292.SZ,20260506,161900,8.32,1347008.0,8.32,0.0159058,0.58885,101787.0
002293.SZ,20260506,71790,11.15,800458.5,11.26,0.00868515,0.43383,82658.3
002294.SZ,20260506,43400,51.0,2213400.0,51.29,0.00389389,0.379408,111457.0
002295.SZ,20260506,21100,11.23,236953.0,11.23,0.00842561,0.492251,25042.7
002296.SZ,20260506,31300,11.35,355255.0,11.3,0.00901175,0.283701,34732.4
002297.SZ,20260506,4533000,24.5,111058500.0,24.5,0.790955,2.41436,57310.5
002298.SZ,20260506,161300,9.95,1604935.0,9.8,0.0244114,0.723563,66075.7
002299.SZ,20260506,66500,18.9,1256850.0,18.6,0.00545557,0.782004,121894.0
002300.SZ,20260506,158900,9.5,1509550.0,9.37,0.0219993,0.35545,72229.5
002301.SZ,20260506,470800,7.12,3352096.0,6.9,0.0655719,1.44382,71799.0
002302.SZ,20260506,12500,5.58,69750.0,5.55,0.000990213,0.168843,126235.0
002303.SZ,20260506,118900,3.41,405449.0,3.4,0.0122973,0.634741,96688.1
002304.SZ,20260506,142200,48.74,6930828.0,49.23,0.00943966,2.86411,150641.0
002305.SZ,20260506,316300,2.23,705349.0,2.23,0.01824,1.15772,173410.0
002306.SZ,20260506,34800,2.4,83520.0,2.39,0.00427539,0.268368,81396.0
002307.SZ,20260506,176200,4.35,766470.0,4.32,0.0138927,1.03847,126829.0
002309.SZ,20260506,1865900,4.37,8153983.0,4.29,0.0775477,0.53121,240613.0
002310.SZ,20260506,2449000,3.12,7640880.0,3.06,0.0569666,0.706164,429901.0
002311.SZ,20260506,27600,49.49,1365924.0,49.98,0.00167868,0.251098,164415.0
002312.SZ,20260506,194300,11.01,2139243.0,10.95,0.0103142,0.402836,188382.0
002313.SZ,20260506,324400,9.7,3146680.0,9.61,0.0866514,0.851125,37437.4
002314.SZ,20260506,584000,2.52,1471680.0,2.52,0.0436367,1.67481,133832.0
002315.SZ,20260506,44910,30.57,1372898.7,30.44,0.0170817,0.544516,26291.3
002316.SZ,20260506,219700,5.57,1223729.0,5.54,0.0644688,1.51509,34078.5
002317.SZ,20260506,171200,18.32,3136384.0,18.39,0.0224785,0.575806,76161.7
002318.SZ,20260506,20000,30.29,605800.0,30.12,0.00209492,0.14336,95468.9
002319.SZ,20260506,86200,11.75,1012850.0,11.74,0.0431,0.913935,20000.0
002320.SZ,20260506,143200,8.46,1211472.0,8.5,0.00640487,0.892497,223580.0
002321.SZ,20260506,951800,2.13,2027334.0,2.13,0.0448145,3.31382,212387.0
002322.SZ,20260506,21500,12.11,260365.0,12.09,0.00611839,0.182509,35140.0
002323.SZ,20260506,183200,1.59,291288.0,1.67,0.00863951,0.304549,212049.0
002324.SZ,20260506,223300,14.86,3318238.0,14.63,0.0287655,0.506547,77627.6
002326.SZ,20260506,339072,24.57,8330999.04,24.46,0.0419561,0.476794,80815.9
002327.SZ,20260506,60500,7.37,445885.0,7.37,0.0123222,0.457548,49098.3
002328.SZ,20260506,849700,10.5,8921850.0,10.35,0.148864,1.18622,57079.1
002329.SZ,20260506,424200,4.45,1887690.0,4.4,0.065102,1.20171,65159.3
002330.SZ,20260506,49800,4.77,237546.0,4.75,0.00784068,0.304776,63514.9
002331.SZ,20260506,139600,9.41,1313636.0,9.27,0.0352657,0.360263,39585.2
002332.SZ,20260506,96900,8.78,850782.0,8.77,0.00984182,1.15309,98457.4
002333.SZ,20260506,55700,5.52,307464.0,5.5,0.00835697,0.353312,66650.9
002334.SZ,20260506,47100,7.86,370206.0,7.8,0.00640806,0.280452,73501.2
002335.SZ,20260506,159100,61.61,9802151.0,60.89,0.0349925,0.623324,45466.9
002337.SZ,20260506,10000,6.23,62300.0,6.24,0.00170069,0.105954,58799.7
002338.SZ,20260506,32700,61.42,2008434.0,61.06,0.013625,0.380157,24000.0
002339.SZ,20260506,165900,10.18,1688862.0,9.89,0.0346549,1.01082,47872.0
002340.SZ,20260506,1822738,9.06,16514006.28,9.14,0.0359114,0.53122,507566.0
002342.SZ,20260506,1849800,19.65,36348570.0,19.81,0.193759,0.900608,95469.0
002343.SZ,20260506,28300,6.22,176026.0,6.2,0.00597449,0.238624,47368.0
002344.SZ,20260506,24200,4.49,108658.0,4.48,0.00188875,0.188507,128127.0
002345.SZ,20260506,206700,10.64,2199288.0,10.57,0.0238345,1.05566,86722.9
002346.SZ,20260506,25000,17.92,448000.0,17.74,0.00637571,0.685789,39211.3
002347.SZ,20260506,78100,8.14,635734.0,8.13,0.0158295,0.429329,49338.3
002348.SZ,20260506,465800,11.13,5184354.0,11.13,0.0515532,1.5278,90353.3
002349.SZ,20260506,140900,7.48,1053932.0,7.52,0.0173057,1.13409,81418.1
002350.SZ,20260506,61400,14.18,870652.0,14.1,0.0115729,0.222057,53055.0
002351.SZ,20260506,27800,11.14,309692.0,11.11,0.00533531,0.398661,52105.7
002352.SZ,20260506,155600,37.0,5757200.0,37.1,0.00326205,0.64421,477001.0
002353.SZ,20260506,435000,144.1,62683500.0,137.0,0.0629487,2.48637,69103.9
002354.SZ,20260506,4449900,6.22,27678378.0,6.2,0.273723,5.4822,162569.0
002355.SZ,20260506,379200,6.15,2332080.0,6.0,0.0613427,2.22367,61816.7
002356.SZ,20260506,43700,3.32,145084.0,3.3,0.00333271,0.1315,131125.0
002357.SZ,20260506,50800,11.74,596392.0,11.72,0.0162053,0.374028,31347.8
002358.SZ,20260506,101600,7.48,759968.0,7.41,0.0109276,0.392257,92975.6
002360.SZ,20260506,1520700,6.29,9565203.0,6.22,0.467161,3.47599,32552.0
002361.SZ,20260506,3018700,20.7,62487090.0,20.55,0.373131,1.11693,80901.9
002362.SZ,20260506,27200,18.56,504832.0,18.52,0.0131025,0.656637,20759.4
002363.SZ,20260506,62000,8.48,525760.0,8.4,0.0149125,0.789033,41575.8
002364.SZ,20260506,532900,41.23,21971467.0,40.79,0.095484,1.00718,55810.4
002365.SZ,20260506,74900,13.84,1036616.0,13.7,0.0305355,0.93264,24528.8
002366.SZ,20260506,420700,7.48,3146836.0,7.49,0.0227362,0.725908,185036.0
002367.SZ,20260506,67100,6.2,416020.0,6.16,0.00844476,0.532359,79457.6
002368.SZ,20260506,406700,17.01,6917967.0,17.24,0.0655737,3.06125,62021.8
002369.SZ,20260506,21000,7.38,154980.0,7.34,0.00370891,0.166899,56620.4
002370.SZ,20260506,101700,6.73,684441.0,6.73,0.0136388,0.369386,74566.8
002371.SZ,20260506,279200,555.0,154956000.0,536.99,0.03855,1.90886,72425.3
002372.SZ,20260506,24400,11.07,270108.0,11.07,0.0016589,0.242132,147086.0
002373.SZ,20260506,58900,9.06,533634.0,8.95,0.00427559,0.169462,137759.0
002374.SZ,20260506,69600,3.22,224112.0,3.22,0.00641351,0.313937,108521.0
002375.SZ,20260506,86300,4.22,364186.0,4.18,0.00648386,0.38868,133100.0
002376.SZ,20260506,188700,7.37,1390719.0,7.36,0.0239731,1.29473,78713.3
002377.SZ,20260506,667900,3.61,2411119.0,3.59,0.0765569,0.735379,87242.3
002378.SZ,20260506,1361800,33.8,46028840.0,33.86,0.113947,1.57892,119512.0
002379.SZ,20260506,75900,24.9,1889910.0,24.9,0.00667914,0.291755,113637.0
002380.SZ,20260506,20700,35.0,724500.0,34.74,0.0145566,0.224037,14220.4
002381.SZ,20260506,60500,6.72,406560.0,6.72,0.0188828,0.924786,32039.7
002382.SZ,20260506,113500,7.52,853520.0,7.43,0.0113798,0.253129,99737.8
002383.SZ,20260506,51400,9.35,480590.0,9.31,0.00694257,0.368423,74036.0
002384.SZ,20260506,1972421,191.8,378310347.8,186.73,0.142277,2.14133,138632.0
002385.SZ,20260506,275400,3.89,1071306.0,3.89,0.00781583,0.488248,352362.0
002386.SZ,20260506,805400,7.0,5637800.0,6.99,0.061887,0.901912,130140.0
002387.SZ,20260506,54000,8.07,435780.0,8.08,0.00387107,0.51778,139496.0
002388.SZ,20260506,195700,5.5,1076350.0,5.42,0.0386661,0.902081,50612.8
002389.SZ,20260506,139600,22.03,3075388.0,21.97,0.014176,0.617893,98476.1
002390.SZ,20260506,248500,3.36,834960.0,3.37,0.0128904,0.714859,192779.0
002391.SZ,20260506,55700,6.65,370405.0,6.64,0.0120018,0.36186,46409.8
002392.SZ,20260506,217900,9.22,2009038.0,9.21,0.0188243,0.698027,115755.0
002393.SZ,20260506,22400,16.7,374080.0,16.7,0.00746126,0.502887,30021.7
002394.SZ,20260506,55900,14.1,788190.0,14.11,0.0173,0.515691,32312.1
002395.SZ,20260506,211200,19.97,4217664.0,20.17,0.0787514,1.69871,26818.6
002396.SZ,20260506,96300,26.86,2586618.0,26.5,0.0165101,0.428326,58328.0
002397.SZ,20260506,247300,4.89,1209297.0,4.83,0.0381725,0.61284,64784.8
002398.SZ,20260506,11500,5.06,58190.0,5.06,0.00188679,0.0751557,60949.9
002399.SZ,20260506,14000,10.87,152180.0,10.87,0.00112251,0.393458,124720.0
002400.SZ,20260506,3992129,9.36,37366327.44,8.96,0.231272,4.34655,172616.0
002401.SZ,20260506,32000,14.19,454080.0,14.19,0.00861722,0.849856,37135.0
002402.SZ,20260506,100000,31.9,3190000.0,31.66,0.0122908,0.207269,81361.8
002403.SZ,20260506,99300,11.11,1103223.0,11.04,0.0334162,1.46906,29716.1
002404.SZ,20260506,78100,7.04,549824.0,7.04,0.0171444,0.70997,45554.3
002405.SZ,20260506,387400,9.09,3521466.0,9.03,0.016446,0.759349,235559.0
002406.SZ,20260506,554000,8.02,4443080.0,7.96,0.091994,0.830175,60221.3
002407.SZ,20260506,1501100,35.95,53964545.0,36.31,0.13915,0.768225,107877.0
002408.SZ,20260506,259700,6.52,1693244.0,6.58,0.00943987,0.536156,275110.0
002409.SZ,20260506,145100,87.55,12703505.0,84.71,0.045554,0.927635,31852.3
002410.SZ,20260506,135700,11.05,1499485.0,10.98,0.00864266,0.356483,157012.0
002412.SZ,20260506,235700,7.05,1661685.0,6.99,0.0473441,0.963224,49784.5
002413.SZ,20260506,584099,13.14,7675060.86,13.14,0.0450892,0.659137,129543.0
002414.SZ,20260506,1068400,15.05,16079420.0,14.83,0.0314364,1.08755,339861.0
002415.SZ,20260506,597800,36.68,21927304.0,36.29,0.00660815,0.870671,904640.0
002416.SZ,20260506,250700,13.8,3459660.0,13.77,0.0204836,0.759898,122390.0
002418.SZ,20260506,1438900,5.67,8158563.0,5.64,0.126619,0.769682,113640.0
002419.SZ,20260506,96800,5.51,533368.0,5.51,0.0082827,0.446366,116870.0
002420.SZ,20260506,13100,7.35,96285.0,7.32,0.00327861,0.0802649,39955.9
002421.SZ,20260506,697800,2.91,2030598.0,2.9,0.0348312,1.03629,200338.0
002422.SZ,20260506,127000,34.11,4331970.0,34.57,0.00977965,0.784606,129861.0
002423.SZ,20260506,48000,10.25,492000.0,10.24,0.00208324,0.412477,230411.0
002424.SZ,20260506,43100,5.05,217655.0,5.03,0.00355255,0.390404,121321.0
002425.SZ,20260506,36900,3.55,130995.0,3.56,0.00401006,0.0784013,92018.6
002426.SZ,20260506,1406800,3.76,5289568.0,3.72,0.0413449,1.13618,340260.0
002427.SZ,20260506,56200,5.76,323712.0,5.79,0.00570838,0.328232,98451.8
002428.SZ,20260506,3206200,75.0,240465000.0,70.01,0.490969,3.08741,65303.6
002429.SZ,20260506,749000,11.25,8426250.0,11.05,0.0165549,0.425345,452433.0
002430.SZ,20260506,152800,31.55,4820840.0,31.43,0.0156247,0.403749,97793.8
002431.SZ,20260506,1205900,1.98,2387682.0,2.08,0.0669051,16.65,180240.0
002432.SZ,20260506,568180,71.91,40857823.8,73.5,0.122323,2.0009,46449.0
002434.SZ,20260506,75200,7.13,536176.0,7.1,0.00573468,0.435153,131132.0
002436.SZ,20260506,2528000,29.65,74955200.0,27.71,0.166543,1.68533,151793.0
002437.SZ,20260506,259100,3.52,912032.0,3.52,0.0124206,0.280028,208605.0
002438.SZ,20260506,95500,16.04,1531820.0,16.12,0.0203677,1.23115,46888.1
002439.SZ,20260506,1190300,15.87,18890061.0,15.62,0.163368,2.91885,72859.9
002440.SZ,20260506,487900,10.88,5308352.0,10.86,0.0515555,0.718813,94635.9
002441.SZ,20260506,76400,10.18,777752.0,10.15,0.0191693,0.638248,39855.4
002442.SZ,20260506,193100,6.3,1216530.0,6.24,0.0391952,0.759394,49266.3
002443.SZ,20260506,315000,11.85,3732750.0,11.84,0.0606869,0.740207,51905.8
002444.SZ,20260506,14200,34.41,488622.0,34.19,0.0012383,0.0799455,114673.0
002445.SZ,20260506,1157300,3.65,4224145.0,3.64,0.0489075,0.4986,236631.0
002446.SZ,20260506,201100,10.07,2025077.0,10.0,0.0237209,0.575701,84777.7
002448.SZ,20260506,220700,15.35,3387745.0,15.11,0.0380183,0.563173,58050.9
002449.SZ,20260506,60300,8.02,483606.0,7.93,0.00974975,0.454046,61847.7
002451.SZ,20260506,18300,9.6,175680.0,9.53,0.00416715,0.156908,43914.9
002452.SZ,20260506,191800,11.1,2128980.0,10.96,0.0372249,0.966507,51524.6
002453.SZ,20260506,3295400,6.09,20068986.0,5.61,0.546818,16.0904,60265.0
002454.SZ,20260506,97158,9.91,962835.78,9.91,0.015497,0.565851,62694.6
002455.SZ,20260506,472300,10.46,4940258.0,10.36,0.0714727,0.537781,66081.2
002456.SZ,20260506,183600,8.78,1612008.0,8.71,0.00553446,0.241807,331740.0
002457.SZ,20260506,256700,11.75,3016225.0,11.54,0.0770246,0.91478,33327.0
002458.SZ,20260506,95500,11.32,1081060.0,11.21,0.0132567,0.523405,72038.9
002459.SZ,20260506,239256,10.89,2605497.84,10.87,0.00723751,0.578342,330578.0
002460.SZ,20260506,1070400,90.35,96710640.0,88.68,0.0883738,1.32072,121122.0
002461.SZ,20260506,173900,10.31,1792909.0,10.38,0.00785694,1.34949,221333.0
002462.SZ,20260506,5000,13.76,68800.0,13.8,0.00171544,0.182907,29147.0
002463.SZ,20260506,621500,104.9,65195350.0,102.57,0.0323225,0.976363,192281.0
002465.SZ,20260506,215600,16.13,3477628.0,16.1,0.00870096,0.321526,247789.0
002466.SZ,20260506,2002918,80.03,160293527.54,80.03,0.135736,1.78795,147560.0
002467.SZ,20260506,955400,6.91,6601814.0,6.82,0.0699001,1.11539,136681.0
002468.SZ,20260506,103800,16.35,1697130.0,16.35,0.00708965,0.399327,146411.0
002469.SZ,20260506,125800,7.24,910792.0,7.19,0.020019,0.79603,62840.3
002470.SZ,20260506,669800,2.86,1915628.0,2.83,0.0203851,0.229449,328574.0
002471.SZ,20260506,406800,8.52,3465936.0,8.46,0.030304,0.382961,134240.0
002472.SZ,20260506,256300,39.7,10175110.0,39.27,0.0342403,1.55043,74853.2
002474.SZ,20260506,20500,7.42,152110.0,7.37,0.00387647,0.0897224,52883.2
002475.SZ,20260506,1736788,68.27,118570516.76,67.0,0.0238922,0.741546,726927.0
002476.SZ,20260506,44300,5.84,258712.0,5.84,0.00723856,0.473184,61200.0
002478.SZ,20260506,157400,9.04,1422896.0,8.95,0.0217787,0.26985,72272.4
002479.SZ,20260506,71800,5.52,396336.0,5.52,0.00831911,0.397857,86307.3
002480.SZ,20260506,57000,6.6,376200.0,6.6,0.00742545,0.277177,76763.0
002481.SZ,20260506,40000,4.58,183200.0,4.56,0.00357733,0.189342,111815.0
002482.SZ,20260506,250500,1.72,430860.0,1.71,0.00669122,0.405156,374371.0
002483.SZ,20260506,43800,6.56,287328.0,6.54,0.00494775,0.321508,88525.1
002484.SZ,20260506,291100,39.67,11547937.0,38.35,0.0354796,0.557978,82047.2
002485.SZ,20260506,132600,4.92,652392.0,4.91,0.024375,3.84325,54400.0
002486.SZ,20260506,561800,2.93,1646074.0,2.91,0.0684756,1.89429,82043.8
002487.SZ,20260506,59500,84.75,5042625.0,84.0,0.00943067,0.28177,63092.0
002488.SZ,20260506,413213,12.77,5276730.01,12.45,0.0449104,1.60781,92008.4
002489.SZ,20260506,257000,3.27,840390.0,3.25,0.0134342,1.16377,191302.0
002490.SZ,20260506,1538000,9.5,14611000.0,10.06,0.283909,1.61476,54172.2
002491.SZ,20260506,1309400,16.03,20989682.0,15.8,0.111299,0.835873,117647.0
002492.SZ,20260506,10000,8.05,80500.0,8.04,0.00251361,0.0993678,39783.5
002493.SZ,20260506,457200,13.99,6396228.0,13.95,0.00489609,0.603663,933807.0
002494.SZ,20260506,277600,6.2,1721120.0,6.21,0.0968022,1.76059,28677.0
002495.SZ,20260506,338500,2.74,927490.0,2.72,0.048781,1.09368,69391.8
002496.SZ,20260506,194000,2.11,409340.0,2.12,0.0164233,0.736523,118125.0
002497.SZ,20260506,647400,31.5,20393100.0,30.67,0.0610992,0.795219,105959.0
002498.SZ,20260506,917400,8.85,8118990.0,8.72,0.0275761,0.63662,332680.0
002500.SZ,20260506,217000,5.66,1228220.0,5.65,0.00604495,1.11536,358977.0
002501.SZ,20260506,2389300,1.41,3368913.0,1.48,0.0673712,3.23408,354647.0
002506.SZ,20260506,1597900,4.3,6870970.0,4.23,0.0273405,0.485636,584444.0
002507.SZ,20260506,148000,12.53,1854440.0,12.58,0.0128609,1.17992,115078.0
002508.SZ,20260506,56700,17.94,1017198.0,17.93,0.00607358,0.58102,93355.2
002510.SZ,20260506,45400,6.79,308266.0,6.79,0.0045181,0.237716,100485.0
002511.SZ,20260506,52500,8.55,448875.0,8.53,0.00415015,0.269166,126502.0
002512.SZ,20260506,2177700,4.36,9494772.0,4.31,0.198976,4.28231,109445.0
002513.SZ,20260506,66900,6.68,446892.0,6.51,0.0231455,0.705669,28904.1
002515.SZ,20260506,905400,6.49,5876046.0,6.52,0.082171,1.38951,110185.0
002516.SZ,20260506,72900,6.12,446148.0,6.06,0.00500196,0.355282,145743.0
002517.SZ,20260506,248000,18.09,4486320.0,17.98,0.013128,0.402018,188909.0
002518.SZ,20260506,41300,46.77,1931601.0,46.55,0.00730797,0.313554,56513.6
002519.SZ,20260506,382700,8.19,3134313.0,8.13,0.0342429,0.629185,111760.0
002520.SZ,20260506,1200900,5.93,7121337.0,5.93,0.167387,3.4235,71744.0
002521.SZ,20260506,29000,8.32,241280.0,8.35,0.00691837,0.43538,41917.4
002522.SZ,20260506,704400,6.38,4494072.0,6.35,0.0778325,1.59059,90502.0
002523.SZ,20260506,29100,3.88,112908.0,3.88,0.00206157,0.119503,141154.0
002524.SZ,20260506,77800,4.44,345432.0,4.41,0.0152325,0.431029,51074.9
002526.SZ,20260506,76100,3.32,252652.0,3.31,0.0042968,0.35271,177108.0
002527.SZ,20260506,81900,12.94,1059786.0,12.92,0.0154853,0.87352,52888.9
002528.SZ,20260506,884800,4.76,4211648.0,4.81,0.0842493,2.51601,105022.0
002529.SZ,20260506,79000,7.68,606720.0,7.74,0.0303846,1.14299,26000.0
002530.SZ,20260506,111900,9.11,1019409.0,9.1,0.0160979,0.776406,69512.3
002531.SZ,20260506,209100,12.02,2513382.0,12.02,0.0117026,0.35997,178679.0
002532.SZ,20260506,501800,16.92,8490456.0,16.64,0.0122186,0.765614,410686.0
002533.SZ,20260506,23300,13.35,311055.0,13.3,0.00365407,0.194774,63764.5
002534.SZ,20260506,39300,17.79,699147.0,17.6,0.00476154,0.376497,82536.3
002535.SZ,20260506,62700,3.56,223212.0,3.53,0.00840146,0.401405,74629.9
002536.SZ,20260506,149300,36.0,5374800.0,35.88,0.0274246,0.470556,54440.1
002537.SZ,20260506,106500,7.32,779580.0,7.28,0.00910879,0.409104,116920.0
002538.SZ,20260506,294200,7.3,2147660.0,7.33,0.0344902,2.14703,85299.6
002539.SZ,20260506,205571,15.3,3145236.3,15.39,0.0231032,0.726618,88979.4
002540.SZ,20260506,7900,6.02,47558.0,6.04,0.00092053,0.0858098,85820.1
002541.SZ,20260506,22700,19.55,443785.0,19.41,0.00457503,0.286578,49617.2
002542.SZ,20260506,1648700,1.75,2885225.0,1.75,0.0937416,1.73508,175877.0
002543.SZ,20260506,30300,8.28,250884.0,8.25,0.00457968,0.600838,66161.8
002544.SZ,20260506,52000,25.75,1339000.0,25.52,0.0076418,0.375921,68046.8
002545.SZ,20260506,153200,24.07,3687524.0,23.99,0.0135556,0.516195,113016.0
002546.SZ,20260506,62200,8.28,515016.0,8.22,0.00776304,0.363245,80123.2
002547.SZ,20260506,2512800,2.87,7211736.0,3.02,0.227442,5.03876,110481.0
002548.SZ,20260506,1155100,5.33,6156683.0,5.39,0.143585,3.04545,80447.1
002549.SZ,20260506,487400,20.2,9845480.0,19.81,0.070397,0.585545,69236.0
002550.SZ,20260506,23300,7.01,163333.0,7.0,0.00247546,0.147767,94124.0
002551.SZ,20260506,23600,3.59,84724.0,3.58,0.00386137,0.126195,61118.2
002552.SZ,20260506,68700,22.42,1540254.0,22.07,0.018643,0.490938,36850.3
002553.SZ,20260506,35300,22.05,778365.0,22.01,0.014075,0.435146,25080.0
002554.SZ,20260506,223700,3.46,774002.0,3.49,0.0167758,0.784153,133347.0
002555.SZ,20260506,243300,21.5,5230950.0,21.43,0.0153273,0.509357,158736.0
002556.SZ,20260506,450400,6.33,2851032.0,6.33,0.0476301,1.28353,94562.1
002557.SZ,20260506,101700,23.1,2349270.0,23.27,0.0201477,0.973032,50477.3
002558.SZ,20260506,1032400,32.93,33996932.0,32.82,0.0543208,1.97409,190056.0
002559.SZ,20260506,313700,10.55,3309535.0,10.32,0.0622414,2.03971,50400.5
002560.SZ,20260506,1913429,15.21,29103255.09,14.67,0.42245,1.63517,45293.6
002561.SZ,20260506,59800,8.16,487968.0,8.14,0.0144291,1.31694,41444.0
002562.SZ,20260506,124200,5.9,732780.0,5.87,0.015267,0.372201,81351.9
002563.SZ,20260506,168700,6.09,1027383.0,6.06,0.00764354,0.363009,220709.0
002564.SZ,20260506,59200,6.18,365856.0,6.17,0.0068925,0.348169,85890.4
002565.SZ,20260506,1239241,18.89,23409262.49,19.02,0.116914,0.625888,105996.0
002566.SZ,20260506,54500,8.33,453985.0,8.33,0.0235126,0.491604,23179.0
002567.SZ,20260506,210800,4.18,881144.0,4.16,0.0147241,0.930252,143167.0
002568.SZ,20260506,174000,19.02,3309480.0,19.06,0.0228023,1.16351,76308.1
002569.SZ,20260506,12500,14.41,180125.0,14.41,0.00892793,0.306555,14001.0
002570.SZ,20260506,167400,5.04,843696.0,5.03,0.0155001,0.817304,108000.0
002571.SZ,20260506,7500,11.5,86250.0,11.42,0.0025142,0.0986429,29830.6
002572.SZ,20260506,85500,11.94,1020870.0,11.99,0.0131243,0.727387,65146.4
002573.SZ,20260506,721400,3.72,2683608.0,3.74,0.0510544,5.13487,141300.0
002574.SZ,20260506,26200,5.71,149602.0,5.71,0.00496212,0.195486,52800.0
002575.SZ,20260506,504100,6.92,3488372.0,6.81,0.0862704,0.772573,58432.6
002576.SZ,20260506,22800,18.73,427044.0,18.53,0.0140717,0.451147,16202.8
002577.SZ,20260506,48600,17.5,850500.0,17.19,0.0173155,1.30838,28067.3
002578.SZ,20260506,152100,4.19,637299.0,4.16,0.0176622,0.311467,86116.3
002579.SZ,20260506,229600,12.12,2782752.0,11.85,0.0393547,0.55654,58341.2
002580.SZ,20260506,1410404,27.95,39420791.8,27.48,0.311803,1.03971,45233.9
002581.SZ,20260506,89700,6.41,574977.0,6.75,0.0223807,1.34889,40079.1
002582.SZ,20260506,324000,12.7,4114800.0,12.55,0.0941205,0.759088,34424.0
002583.SZ,20260506,70800,10.0,708000.0,9.94,0.00551952,0.324832,128272.0
002584.SZ,20260506,69000,8.12,560280.0,8.05,0.0147302,0.374702,46842.7
002585.SZ,20260506,417000,7.8,3252600.0,7.75,0.0470253,0.763627,88675.7
002586.SZ,20260506,15200,4.7,71440.0,4.71,0.00139768,0.223129,108752.0
002587.SZ,20260506,330900,7.07,2339463.0,7.0,0.0621178,0.922426,53269.8
002588.SZ,20260506,137400,11.01,1512774.0,10.94,0.0160021,0.488159,85863.7
002589.SZ,20260506,255600,3.18,812808.0,3.18,0.0187172,0.498206,136559.0
002590.SZ,20260506,70300,11.95,840085.0,11.89,0.0142033,0.607012,49495.7
002591.SZ,20260506,1275900,8.27,10551693.0,8.36,0.570841,8.95284,22351.2
002592.SZ,20260506,12800,7.98,102144.0,7.94,0.00487251,0.255632,26269.8
002593.SZ,20260506,20500,5.43,111315.0,5.38,0.00365742,0.144723,56050.4
002594.SZ,20260506,711100,101.7,72318870.0,102.98,0.0203951,1.20179,348661.0
002595.SZ,20260506,25100,87.53,2197003.0,87.45,0.00315935,0.648921,79446.8
002596.SZ,20260506,319200,3.75,1197000.0,3.76,0.0278406,0.822702,114653.0
002597.SZ,20260506,171300,23.27,3986151.0,23.33,0.0301985,2.90544,56724.7
002598.SZ,20260506,125400,8.09,1014486.0,8.09,0.0437651,1.56878,28653.0
002599.SZ,20260506,125100,6.9,863190.0,6.85,0.031435,1.2525,39796.5
002600.SZ,20260506,724300,14.07,10190901.0,14.06,0.0100604,0.753253,719954.0
002601.SZ,20260506,78300,16.86,1320138.0,16.91,0.00393942,0.226254,198760.0
002602.SZ,20260506,1076500,16.14,17374710.0,16.01,0.0158383,0.758361,679683.0
002603.SZ,20260506,119100,17.04,2029464.0,17.04,0.00865217,0.653844,137653.0
002605.SZ,20260506,170800,20.49,3499692.0,20.49,0.0506432,1.89419,33726.2
002606.SZ,20260506,857497,14.67,12579480.99,14.49,0.203612,0.872354,42114.2
002607.SZ,20260506,1042700,2.65,2763155.0,2.65,0.0188096,0.799701,554344.0
002608.SZ,20260506,272600,7.7,2099020.0,7.62,0.00721531,1.51276,377808.0
002609.SZ,20260506,164200,8.74,1435108.0,8.6,0.0357843,1.31166,45886.0
002611.SZ,20260506,187700,17.22,3232194.0,17.2,0.0187343,0.578599,100190.0
002612.SZ,20260506,77900,16.24,1265096.0,16.09,0.0306139,0.691809,25445.9
002613.SZ,20260506,113900,4.0,455600.0,3.99,0.014722,0.472627,77367.2
002614.SZ,20260506,99000,5.76,570240.0,5.76,0.0224355,0.711722,44126.6
002615.SZ,20260506,11000,8.19,90090.0,8.16,0.00359803,0.0918598,30572.3
002616.SZ,20260506,270100,6.14,1658414.0,6.09,0.045976,1.6198,58748.0
002617.SZ,20260506,442800,7.84,3471552.0,7.69,0.023583,0.722746,187762.0
002620.SZ,20260506,354200,10.15,3595130.0,9.98,0.112063,1.61155,31607.2
002622.SZ,20260506,186700,2.81,524627.0,2.8,0.0222268,0.688265,83997.5
002623.SZ,20260506,9300,21.21,197253.0,21.19,0.00468193,0.153485,19863.6
002624.SZ,20260506,2137300,15.84,33854832.0,15.21,0.116937,1.68874,182773.0
002625.SZ,20260506,96400,39.34,3792376.0,39.18,0.00447419,0.306708,215458.0
002626.SZ,20260506,45400,15.26,692804.0,15.21,0.00744432,0.723327,60986.1
002627.SZ,20260506,373600,7.48,2794528.0,7.49,0.0521001,1.31479,71708.1
002628.SZ,20260506,141700,5.52,782184.0,5.51,0.0187985,0.469531,75378.5
002629.SZ,20260506,98100,6.47,634707.0,6.47,0.0270804,0.624201,36225.4
002630.SZ,20260506,12304100,1.89,23254749.0,1.99,1.14293,36.4176,107654.0
002631.SZ,20260506,369700,7.8,2883660.0,7.89,0.0465868,1.67143,79357.2
002632.SZ,20260506,41400,11.09,459126.0,11.04,0.0072072,0.424502,57442.6
002633.SZ,20260506,65700,19.7,1294290.0,19.73,0.0439704,1.75942,14941.9
002634.SZ,20260506,4685400,5.58,26144532.0,5.31,1.05948,14.6924,44223.5
002635.SZ,20260506,34600,16.64,575744.0,16.5,0.00874769,0.188897,39553.3
002636.SZ,20260506,567500,45.58,25866650.0,44.9,0.0783498,1.02163,72431.5
002637.SZ,20260506,395200,12.99,5133648.0,12.78,0.0849181,1.78589,46538.9
002638.SZ,20260506,542200,4.74,2570028.0,4.68,0.0400834,1.18235,135268.0
002639.SZ,20260506,139500,17.97,2506815.0,17.72,0.0213538,0.388467,65328.1
002640.SZ,20260506,11217900,3.95,44310705.0,3.65,0.724548,24.7457,154826.0
002641.SZ,20260506,77700,4.27,331779.0,4.26,0.00685188,0.607146,113399.0
002642.SZ,20260506,145300,7.86,1142058.0,7.81,0.0219626,0.783911,66158.0
002643.SZ,20260506,63800,16.67,1063546.0,16.56,0.00701627,0.465803,90931.5
002644.SZ,20260506,51700,8.45,436865.0,8.39,0.0101242,1.16584,51065.7
002645.SZ,20260506,1852200,26.0,48157200.0,25.77,0.331385,5.92778,55892.8
002646.SZ,20260506,32100,8.1,260010.0,8.09,0.00674593,0.581522,47584.2
002647.SZ,20260506,228500,12.56,2869960.0,12.41,0.0225058,0.31159,101529.0
002648.SZ,20260506,429500,29.08,12489860.0,29.6,0.0127581,0.809332,336648.0
002649.SZ,20260506,69900,10.54,736746.0,10.47,0.0130324,0.536765,53635.4
002650.SZ,20260506,24300,7.93,192699.0,7.86,0.00219503,0.286767,110705.0
002651.SZ,20260506,125900,9.55,1202345.0,9.58,0.0222649,1.94071,56546.4
002652.SZ,20260506,3294000,6.06,19961640.0,5.93,0.643279,5.84927,51206.4
002653.SZ,20260506,28200,58.53,1650546.0,58.53,0.00525349,0.462474,53678.6
002654.SZ,20260506,661300,14.9,9853370.0,14.52,0.0782379,1.42621,84524.3
002655.SZ,20260506,338900,31.65,10726185.0,31.52,0.0933388,0.534727,36308.6
002656.SZ,20260506,127200,3.25,413400.0,3.22,0.0188002,0.96786,67659.0
002657.SZ,20260506,12700,20.88,265176.0,20.75,0.00377833,0.116597,33612.7
002658.SZ,20260506,101800,8.52,867336.0,8.51,0.0283912,0.463988,35856.1
002659.SZ,20260506,35500,5.37,190635.0,5.34,0.0059337,0.192749,59827.8
002660.SZ,20260506,358000,9.03,3232740.0,8.94,0.104377,6.80348,34298.7
002661.SZ,20260506,42700,8.92,380884.0,8.92,0.01344,1.06391,31770.9
002662.SZ,20260506,75600,3.94,297864.0,3.93,0.00504006,0.230122,149998.0
002663.SZ,20260506,802200,2.2,1764840.0,2.21,0.0469915,1.60597,170712.0
002664.SZ,20260506,31600,20.25,639900.0,20.12,0.00784945,0.495723,40257.6
002666.SZ,20260506,41800,5.21,217778.0,5.19,0.00834885,0.253041,50066.8
002668.SZ,20260506,51900,9.59,497721.0,9.55,0.00478733,0.475562,108411.0
002669.SZ,20260506,22400,13.62,305088.0,13.47,0.00739963,0.166402,30271.8
002670.SZ,20260506,44200,12.65,559130.0,12.64,0.00272276,0.270445,162335.0
002671.SZ,20260506,52100,4.97,258937.0,4.95,0.00945742,0.336773,55089.0
002672.SZ,20260506,23700,4.42,104754.0,4.42,0.00261844,0.246117,90511.8
002673.SZ,20260506,176500,7.18,1267270.0,7.18,0.00394892,0.606599,446958.0
002674.SZ,20260506,9900,13.51,133749.0,13.48,0.00338388,0.24059,29256.4
002675.SZ,20260506,46700,12.99,606633.0,12.99,0.00628208,0.390061,74338.4
002676.SZ,20260506,106600,7.1,756860.0,7.12,0.014806,0.546163,71997.6
002677.SZ,20260506,13400,7.99,107066.0,7.99,0.00242969,0.105237,55151.0
002678.SZ,20260506,158600,5.98,948428.0,5.99,0.0116826,1.37476,135757.0
002679.SZ,20260506,24800,10.89,270072.0,10.9,0.0105194,0.444647,23575.6
002681.SZ,20260506,74200,5.25,389550.0,5.22,0.00472833,0.233061,156926.0
002682.SZ,20260506,81500,6.03,491445.0,6.01,0.0144923,0.461477,56236.9
002683.SZ,20260506,107800,36.56,3941168.0,36.32,0.0161726,0.771725,66655.9
002685.SZ,20260506,2981800,8.98,26776564.0,9.15,0.295944,3.78383,100756.0
002686.SZ,20260506,250200,7.39,1848978.0,7.42,0.0478642,0.826786,52272.9
002687.SZ,20260506,75600,5.06,382536.0,5.04,0.0182877,0.388328,41339.4
002688.SZ,20260506,13200,6.03,79596.0,6.02,0.00176597,0.128667,74746.4
002689.SZ,20260506,265400,3.55,942170.0,3.58,0.025448,2.82283,104291.0
002690.SZ,20260506,36700,17.53,643351.0,17.52,0.00846115,0.628006,43374.7
002691.SZ,20260506,2328300,5.53,12875499.0,5.46,0.692989,13.6919,33597.9
002692.SZ,20260506,84400,5.64,476016.0,5.61,0.0117592,0.207974,71773.4
002693.SZ,20260506,158600,8.55,1356030.0,8.58,0.0385905,1.09064,41098.2
002694.SZ,20260506,2100200,2.89,6069578.0,2.88,0.292182,7.28617,71879.8
002695.SZ,20260506,125200,12.75,1596300.0,12.49,0.0244792,1.18767,51145.5
002696.SZ,20260506,101700,6.87,698679.0,6.82,0.0304255,0.760476,33425.9
002697.SZ,20260506,191100,5.2,993720.0,5.2,0.016685,1.05215,114534.0
002698.SZ,20260506,61200,12.91,790092.0,12.78,0.00728364,0.652063,84023.9
002700.SZ,20260506,44100,6.94,306054.0,6.94,0.0205321,0.734464,21478.6
002701.SZ,20260506,103600,5.51,570836.0,5.5,0.00405098,0.348274,255740.0
002702.SZ,20260506,221900,6.0,1331400.0,6.01,0.0483712,0.711722,45874.4
002703.SZ,20260506,177750,17.05,3030637.5,17.03,0.0303303,0.417148,58604.8
002705.SZ,20260506,477300,15.0,7159500.0,15.13,0.0590988,1.12601,80763.1
002706.SZ,20260506,584400,11.75,6866700.0,11.57,0.0639121,0.800461,91438.1
002707.SZ,20260506,50000,6.29,314500.0,6.29,0.00578043,0.344972,86498.8
002708.SZ,20260506,64100,13.34,855094.0,13.34,0.0124067,0.436805,51665.7
002709.SZ,20260506,1990800,60.58,120602664.0,60.51,0.131927,1.20349,150901.0
002712.SZ,20260506,103700,5.62,582794.0,5.58,0.0191717,0.314001,54090.0
002713.SZ,20260506,525600,12.94,6801264.0,12.78,0.0998289,2.21181,52650.1
002714.SZ,20260506,404500,44.39,17955755.0,44.7,0.0106442,0.88078,380019.0
002715.SZ,20260506,272400,17.24,4696176.0,17.5,0.197391,2.51392,13800.0
002716.SZ,20260506,1055600,11.75,12403300.0,11.56,0.045405,0.900777,232485.0
002717.SZ,20260506,2445329,1.36,3325647.44,1.37,0.14229,2.72655,171855.0
002718.SZ,20260506,3200,72.99,233568.0,72.38,0.00340495,0.216395,9398.08
002719.SZ,20260506,6272100,7.9,49549590.0,7.66,3.87472,35.8195,16187.2
002721.SZ,20260506,883300,3.06,2702898.0,3.07,0.0332145,2.0164,265938.0
002722.SZ,20260506,36400,15.71,571844.0,15.7,0.0163701,0.736186,22235.7
002723.SZ,20260506,360600,11.0,3966600.0,11.17,0.113736,2.25968,31705.0
002724.SZ,20260506,183800,6.35,1167130.0,6.34,0.032372,1.17082,56777.5
002725.SZ,20260506,286300,17.13,4904319.0,16.9,0.133561,2.74446,21435.9
002726.SZ,20260506,156300,2.72,425136.0,2.86,0.014494,0.629523,107837.0
002727.SZ,20260506,17800,12.7,226060.0,12.68,0.00453024,0.209801,39291.5
002728.SZ,20260506,32100,9.93,318753.0,9.93,0.00967082,0.256003,33192.7
002729.SZ,20260506,28900,18.65,538985.0,18.42,0.0164709,0.358774,17546.1
002730.SZ,20260506,254600,33.46,8518916.0,33.66,0.0735775,0.818196,34603.0
002731.SZ,20260506,0,,0.0,4.35,0.0,0.0,22965.6
002732.SZ,20260506,12500,16.45,205625.0,16.42,0.00798384,0.657867,15656.6
002733.SZ,20260506,434400,27.66,12015504.0,27.66,0.117767,0.99675,36886.3
002734.SZ,20260506,68600,18.0,1234800.0,18.03,0.0157939,0.235861,43434.6
002735.SZ,20260506,34800,14.58,507384.0,14.45,0.012208,0.443895,28505.9
002736.SZ,20260506,423800,10.73,4547374.0,10.72,0.00440888,0.870372,961243.0
002737.SZ,20260506,244900,13.77,3372273.0,13.88,0.041935,2.45411,58400.0
002738.SZ,20260506,202800,91.25,18505500.0,90.79,0.0285141,0.724657,71122.8
002739.SZ,20260506,2582600,9.8,25309480.0,10.11,0.122986,7.29856,209991.0
002741.SZ,20260506,262000,22.13,5798060.0,21.7,0.0614507,0.845652,42635.8
002743.SZ,20260506,197000,5.22,1028340.0,5.13,0.0453321,1.8132,43457.1
002745.SZ,20260506,266800,9.52,2539936.0,9.49,0.0250731,0.453691,106409.0
002746.SZ,20260506,57200,6.4,366080.0,6.4,0.00806001,0.402771,70967.6
002747.SZ,20260506,312498,22.31,6971830.38,21.87,0.0399407,2.17509,78240.5
002748.SZ,20260506,16600,12.94,214804.0,12.83,0.00691667,0.194862,24000.0
002749.SZ,20260506,8300,12.68,105244.0,12.74,0.00182981,0.408332,45359.9
002752.SZ,20260506,494600,7.34,3630364.0,7.4,0.0507008,0.757412,97552.7
002753.SZ,20260506,11900,7.42,88298.0,7.41,0.00490091,0.160537,24281.2
002755.SZ,20260506,161600,16.83,2719728.0,16.95,0.017411,0.889594,92815.0
002756.SZ,20260506,526450,87.48,46053846.0,87.24,0.136006,2.15185,38707.8
002757.SZ,20260506,259700,23.62,6134114.0,23.16,0.0920748,0.848154,28205.3
002758.SZ,20260506,17200,9.18,157896.0,9.16,0.00331915,0.11495,51820.5
002759.SZ,20260506,750600,38.61,28980666.0,38.09,0.149838,1.18531,50094.2
002760.SZ,20260506,56000,22.75,1274000.0,22.75,0.0518573,1.20496,10798.9
002761.SZ,20260506,118700,8.36,992332.0,8.37,0.0109726,0.918555,108179.0
002762.SZ,20260506,71400,8.7,621180.0,8.71,0.0337783,1.59957,21137.8
002763.SZ,20260506,1099600,9.65,10611140.0,9.41,0.36217,8.49079,30361.4
002765.SZ,20260506,101800,9.43,959974.0,9.42,0.0170845,0.697617,59586.0
002766.SZ,20260506,74400,4.75,353400.0,4.69,0.0086842,0.421568,85672.8
002767.SZ,20260506,80400,20.56,1653024.0,20.72,0.0617443,2.15248,13021.4
002768.SZ,20260506,19100,52.99,1012109.0,52.8,0.0108063,0.401961,17674.8
002769.SZ,20260506,26800,9.93,266124.0,9.88,0.00718479,0.308595,37301.0
002771.SZ,20260506,64200,15.0,963000.0,14.76,0.0367877,0.406253,17451.5
002772.SZ,20260506,33300,17.27,575091.0,17.24,0.00896078,0.312575,37161.9
002773.SZ,20260506,11200,24.62,275744.0,24.63,0.00163083,0.138472,68676.8
002774.SZ,20260506,137300,12.01,1648973.0,12.16,0.048728,0.851115,28176.8
002775.SZ,20260506,62300,4.02,250446.0,4.0,0.010896,0.355514,57177.0
002777.SZ,20260506,41400,15.77,652878.0,15.73,0.0102346,0.686749,40451.1
002778.SZ,20260506,9200,20.3,186760.0,20.25,0.00745369,0.295185,12342.9
002779.SZ,20260506,45940,80.83,3713330.2,80.05,0.0277067,1.52305,16580.8
002780.SZ,20260506,109900,16.66,1830934.0,16.77,0.0841167,0.9718,13065.2
002782.SZ,20260506,21000,19.5,409500.0,19.31,0.00431654,0.180901,48650.1
002783.SZ,20260506,33600,8.92,299712.0,8.92,0.00728553,0.281217,46118.8
002785.SZ,20260506,382700,51.3,19632510.0,51.16,0.197783,2.59446,19349.5
002786.SZ,20260506,866800,7.82,6778376.0,7.84,0.175426,4.86041,49411.2
002787.SZ,20260506,239000,20.01,4782390.0,19.4,0.0952722,0.641827,25086.0
002788.SZ,20260506,87700,13.76,1206752.0,13.66,0.0229685,0.313511,38182.7
002789.SZ,20260506,19300,12.89,248777.0,12.89,0.0123344,0.568235,15647.3
002790.SZ,20260506,18600,7.59,141174.0,7.57,0.00713471,0.261079,26069.8
002791.SZ,20260506,11600,18.45,214020.0,18.36,0.00532832,0.277437,21770.5
002792.SZ,20260506,180143,44.13,7949710.59,43.66,0.0533244,0.490081,33782.4
002793.SZ,20260506,391300,5.59,2187367.0,5.53,0.0360335,0.535459,108593.0
002795.SZ,20260506,586200,9.32,5463384.0,9.19,0.134936,1.45719,43442.9
002796.SZ,20260506,48400,55.76,2698784.0,55.07,0.0212553,0.32075,22770.8
002797.SZ,20260506,1195700,7.64,9135148.0,7.63,0.0284528,0.755092,420240.0
002798.SZ,20260506,140166,7.93,1111516.38,7.93,0.0289381,0.447205,48436.5
002799.SZ,20260506,72900,8.71,634959.0,8.64,0.0227788,0.873381,32003.4
002800.SZ,20260506,24800,17.93,444664.0,17.65,0.0167746,0.556301,14784.3
002801.SZ,20260506,17600,32.51,572176.0,32.47,0.0151983,0.818928,11580.3
002802.SZ,20260506,107900,13.97,1507363.0,13.9,0.0720856,0.878717,14968.3
002803.SZ,20260506,58800,19.92,1171296.0,19.92,0.0203683,0.33734,28868.4
002805.SZ,20260506,2156700,23.34,50337378.0,22.85,0.773523,11.0979,27881.5
002806.SZ,20260506,19900,14.08,280192.0,14.08,0.0114299,0.292766,17410.5
002807.SZ,20260506,736200,4.6,3386520.0,4.58,0.0299573,1.26216,245749.0
002808.SZ,20260506,0,,0.0,2.83,0.0,0.0,16500.6
002809.SZ,20260506,152000,10.69,1624880.0,10.66,0.0894274,1.64898,16997.0
002810.SZ,20260506,147600,26.73,3945348.0,26.74,0.0455927,0.927231,32373.6
002811.SZ,20260506,31900,13.89,443091.0,13.88,0.0112886,0.632753,28258.7
002812.SZ,20260506,293499,83.78,24589346.22,82.95,0.035677,0.476374,82265.7
002813.SZ,20260506,17400,26.72,464928.0,26.46,0.0145174,0.412953,11985.6
002815.SZ,20260506,147000,14.16,2081520.0,13.9,0.0189155,0.384618,77714.2
002816.SZ,20260506,24000,23.2,556800.0,23.3,0.024,0.840489,10000.0
002817.SZ,20260506,31100,8.3,258130.0,8.27,0.0107227,0.441787,29003.9
002818.SZ,20260506,711700,12.21,8689857.0,12.15,0.238557,5.9707,29833.5
002819.SZ,20260506,9700,26.36,255692.0,26.37,0.00409976,0.376068,23659.9
002820.SZ,20260506,64700,11.51,744697.0,11.49,0.0322102,0.972691,20086.8
002821.SZ,20260506,100779,123.2,12415972.8,125.56,0.0317915,0.932698,31700.0
002822.SZ,20260506,59800,3.23,193154.0,3.2,0.00559429,0.544986,106895.0
002823.SZ,20260506,55600,16.24,902944.0,16.24,0.025401,0.734745,21888.9
002824.SZ,20260506,71700,25.59,1834803.0,25.09,0.031701,0.399741,22617.6
002825.SZ,20260506,29900,10.08,301392.0,9.99,0.0116511,0.397598,25662.7
002826.SZ,20260506,8500,19.5,165750.0,19.5,0.00464533,0.136094,18297.9
002827.SZ,20260506,8000,30.41,243280.0,30.2,0.00289856,0.217289,27599.9
002828.SZ,20260506,205100,11.46,2350446.0,11.57,0.102046,1.23763,20098.8
002829.SZ,20260506,65500,22.34,1463270.0,21.89,0.0448469,1.06984,14605.3
002830.SZ,20260506,16700,22.46,375082.0,22.27,0.0249804,0.464805,6685.25
002831.SZ,20260506,12900,37.8,487620.0,37.84,0.00252454,0.118585,51098.3
002832.SZ,20260506,280400,20.24,5675296.0,20.24,0.0720048,1.55762,38941.8
002833.SZ,20260506,38100,20.42,778002.0,20.41,0.0132186,0.322058,28822.9
002835.SZ,20260506,3600,15.6,56160.0,15.49,0.00282825,0.0996632,12728.7
002836.SZ,20260506,14900,13.63,203087.0,13.45,0.00646701,0.35324,23040.0
002837.SZ,20260506,241600,96.03,23200848.0,94.6,0.0278741,0.586445,86675.5
002838.SZ,20260506,37200,30.34,1128648.0,30.04,0.00884384,0.482346,42063.2
002839.SZ,20260506,246200,4.57,1125134.0,4.56,0.0100818,0.933481,244202.0
002840.SZ,20260506,349400,13.0,4542200.0,12.72,0.0438599,0.971171,79662.8
002841.SZ,20260506,17600,37.27,655952.0,36.91,0.00338852,0.300515,51940.1
002842.SZ,20260506,2358400,39.03,92048352.0,38.49,0.878484,4.92222,26846.2
002843.SZ,20260506,512600,27.87,14286162.0,26.58,0.204879,1.61107,25019.7
002845.SZ,20260506,54300,13.96,758028.0,13.67,0.0216997,0.453251,25023.4
002846.SZ,20260506,149700,15.44,2311368.0,15.4,0.0575425,0.884537,26015.6
002847.SZ,20260506,48100,58.69,2822989.0,58.72,0.019575,1.29094,24572.1
002848.SZ,20260506,58800,15.25,896700.0,15.37,0.0356526,1.39704,16492.5
002849.SZ,20260506,16100,17.3,278530.0,17.3,0.00735675,0.287238,21884.7
002850.SZ,20260506,24800,192.41,4771768.0,190.45,0.0124574,0.414615,19907.9
002851.SZ,20260506,304800,122.5,37338000.0,120.21,0.0665369,1.31729,45809.2
002852.SZ,20260506,24800,9.1,225680.0,9.09,0.00867737,0.237282,28580.1
002853.SZ,20260506,6600,27.04,178464.0,26.87,0.00512801,0.2433,12870.5
002855.SZ,20260506,42400,12.59,533816.0,12.58,0.0172199,0.659024,24622.7
002856.SZ,20260506,216100,14.47,3126967.0,13.78,0.174409,2.27696,12390.4
002857.SZ,20260506,7100,22.14,157194.0,22.0,0.00554687,0.183137,12800.0
002858.SZ,20260506,114400,16.93,1936792.0,17.1,0.0776054,1.35469,14741.2
002859.SZ,20260506,135000,50.21,6778350.0,51.0,0.0332595,1.12711,40589.9
002860.SZ,20260506,32700,12.81,418887.0,12.81,0.00930193,0.403432,35154.0
002861.SZ,20260506,8500,16.5,140250.0,16.34,0.00566032,0.130061,15016.8
002862.SZ,20260506,77500,18.85,1460875.0,18.53,0.0613872,1.23076,12624.8
002863.SZ,20260506,81200,5.62,456344.0,5.58,0.013545,0.689355,59948.4
002864.SZ,20260506,7400,30.38,224812.0,30.24,0.0100427,0.307549,7368.52
002865.SZ,20260506,124700,81.0,10100700.0,80.65,0.0557871,0.850706,22352.8
002866.SZ,20260506,353000,25.83,9117990.0,25.86,0.194799,0.986904,18121.2
002867.SZ,20260506,428700,13.53,5800311.0,13.26,0.0397277,2.02581,107910.0
002868.SZ,20260506,5900,39.6,233640.0,38.82,0.00551389,0.77155,10700.2
002869.SZ,20260506,25700,21.1,542270.0,21.09,0.0163157,0.898183,15751.7
002870.SZ,20260506,124100,39.8,4939180.0,39.58,0.0956583,3.22515,12973.3
002871.SZ,20260506,44800,18.6,833280.0,18.44,0.0300134,1.17832,14926.7
002872.SZ,20260506,92200,5.44,501568.0,5.42,0.0429001,1.68307,21491.8
002873.SZ,20260506,87400,10.1,882740.0,10.1,0.0364637,0.964436,23969.1
002875.SZ,20260506,173100,25.56,4424436.0,25.32,0.0948816,1.53111,18243.8
002876.SZ,20260506,94200,30.93,2913606.0,30.91,0.0632463,1.25901,14894.2
002877.SZ,20260506,40500,9.14,370170.0,9.13,0.0168389,0.536533,24051.5
002878.SZ,20260506,461200,19.22,8864264.0,19.55,0.195508,3.42977,23589.8
002879.SZ,20260506,22600,18.19,411094.0,17.98,0.0163924,0.297674,13786.9
002880.SZ,20260506,10600,25.69,272314.0,25.71,0.00467372,0.823958,22680.0
002881.SZ,20260506,23600,39.33,928188.0,39.07,0.0129724,0.675984,18192.5
002882.SZ,20260506,21700,27.0,585900.0,26.94,0.00879317,0.510544,24678.3
002884.SZ,20260506,55800,18.84,1051272.0,18.82,0.0204341,1.52292,27307.2
002885.SZ,20260506,205000,31.16,6387800.0,31.26,0.0864046,0.873434,23725.6
002886.SZ,20260506,134000,22.6,3028400.0,22.53,0.0640909,1.73149,20907.8
002887.SZ,20260506,180100,13.08,2355708.0,13.3,0.0829071,2.41953,21723.1
002888.SZ,20260506,32800,19.09,626152.0,19.08,0.0437783,1.19449,7492.3
002889.SZ,20260506,6874,13.19,90668.06,13.13,0.00273597,0.347718,25124.6
002890.SZ,20260506,46200,16.93,782166.0,17.0,0.0286109,1.21205,16147.7
002891.SZ,20260506,39800,33.6,1337280.0,33.65,0.0123642,0.252534,32189.8
002892.SZ,20260506,14460,10.43,150817.8,10.39,0.00288612,0.165091,50101.8
002893.SZ,20260506,98700,11.0,1085700.0,10.98,0.0486738,0.768762,20277.9
002895.SZ,20260506,62600,36.3,2272380.0,36.48,0.0105217,0.546974,59496.1
002896.SZ,20260506,30500,70.3,2144150.0,70.28,0.0155198,0.784566,19652.3
002897.SZ,20260506,241300,59.01,14239113.0,57.43,0.132273,1.40609,18242.5
002898.SZ,20260506,0,,0.0,8.3,0.0,0.0,10126.3
002899.SZ,20260506,23400,34.0,795600.0,33.78,0.0158325,0.911574,14779.7
002900.SZ,20260506,10700,11.55,123585.0,11.56,0.00664091,0.140609,16112.2
002901.SZ,20260506,29200,43.53,1271076.0,43.4,0.0101228,1.29888,28845.7
002902.SZ,20260506,313900,30.87,9690093.0,30.39,0.176714,0.88743,17763.2
002903.SZ,20260506,269000,38.69,10407610.0,37.37,0.25219,2.31573,10666.6
002905.SZ,20260506,86800,9.52,826336.0,9.53,0.0248397,1.52147,34944.0
002906.SZ,20260506,46000,30.28,1392880.0,30.1,0.00876838,0.55375,52461.3
002907.SZ,20260506,12800,13.96,178688.0,13.95,0.0038116,0.492529,33581.7
002908.SZ,20260506,27100,8.5,230350.0,8.43,0.00842047,0.338213,32183.5
002909.SZ,20260506,166400,6.72,1118208.0,6.69,0.0437438,2.0048,38039.7
002910.SZ,20260506,52300,11.35,593605.0,11.31,0.0305737,1.01661,17106.2
002911.SZ,20260506,64700,12.16,786752.0,12.22,0.0051064,0.551569,126704.0
002912.SZ,20260506,19700,24.42,481074.0,24.3,0.0121439,0.394953,16222.2
002913.SZ,20260506,13500,53.0,715500.0,52.25,0.00447486,0.144466,30168.5
002915.SZ,20260506,14540,18.52,269280.8,18.47,0.00504731,0.137225,28807.4
002916.SZ,20260506,197710,325.41,64336811.1,312.5,0.0297393,1.61539,66480.9
002917.SZ,20260506,30900,13.13,405717.0,12.98,0.0118598,0.692972,26054.5
002918.SZ,20260506,29400,10.9,320460.0,10.84,0.013726,0.499005,21419.2
002919.SZ,20260506,32500,24.28,789100.0,23.98,0.0122828,0.343187,26459.8
002920.SZ,20260506,134000,103.0,13802000.0,103.07,0.0224598,1.23921,59662.2
002921.SZ,20260506,35500,29.98,1064290.0,29.74,0.0276387,0.368001,12844.3
002922.SZ,20260506,173900,40.27,7002953.0,39.54,0.0463112,0.838989,37550.3
002923.SZ,20260506,97900,13.34,1305986.0,13.22,0.0379333,0.655667,25808.5
002925.SZ,20260506,94800,19.38,1837224.0,19.21,0.0129677,0.988738,73104.8
002926.SZ,20260506,105200,8.69,914188.0,8.72,0.00400762,0.48444,262500.0
002927.SZ,20260506,19300,18.35,354155.0,18.24,0.00874448,0.332635,22071.1
002928.SZ,20260506,132450,7.98,1056951.0,7.92,0.0103619,0.609009,127824.0
002929.SZ,20260506,642504,64.3,41313007.2,59.68,0.303157,3.90194,21193.8
002930.SZ,20260506,66200,12.88,852656.0,12.99,0.0152767,0.660628,43333.9
002931.SZ,20260506,194200,58.0,11263600.0,57.38,0.0964952,1.40179,20125.4
002932.SZ,20260506,23600,16.93,399548.0,16.97,0.015119,0.423647,15609.5
002933.SZ,20260506,12400,30.71,380804.0,30.72,0.0106216,0.716779,11674.4
002935.SZ,20260506,180100,23.3,4196330.0,22.78,0.0433881,0.995554,41509.1
002936.SZ,20260506,743500,1.84,1368040.0,1.83,0.0105772,1.0715,702930.0
002937.SZ,20260506,39500,33.55,1325225.0,33.55,0.0133017,0.467732,29695.4
002938.SZ,20260506,117400,73.0,8570200.0,72.05,0.0050835,0.286078,230943.0
002939.SZ,20260506,720800,8.8,6343040.0,8.89,0.0200074,3.92364,360266.0
002940.SZ,20260506,44000,33.19,1460360.0,33.08,0.0237485,0.203439,18527.5
002941.SZ,20260506,46500,13.93,647745.0,13.9,0.00637204,0.283379,72975.1
002942.SZ,20260506,11000,20.16,221760.0,20.14,0.00796517,0.489605,13810.1
002943.SZ,20260506,155400,69.75,10839150.0,68.81,0.106643,0.845681,14572.0
002945.SZ,20260506,123500,15.6,1926600.0,15.52,0.00457407,1.21132,270000.0
002946.SZ,20260506,29700,19.89,590733.0,19.91,0.00349122,0.371259,85070.6
002947.SZ,20260506,102000,82.0,8364000.0,81.27,0.0529503,0.518914,19263.4
002948.SZ,20260506,991000,5.95,5896450.0,6.08,0.0318393,1.52048,311250.0
002949.SZ,20260506,18500,14.47,267695.0,14.39,0.0121802,0.378583,15188.6
002950.SZ,20260506,81300,13.77,1119501.0,13.77,0.0189236,0.341284,42962.1
002951.SZ,20260506,3700,14.99,55463.0,14.94,0.000922407,0.0478796,40112.4
002952.SZ,20260506,22500,27.8,625500.0,27.6,0.0170914,0.187315,13164.5
002953.SZ,20260506,18200,11.9,216580.0,11.84,0.00670816,0.360193,27131.1
002955.SZ,20260506,800,26.0,20800.0,25.83,0.0004089,0.0370771,19564.7
002956.SZ,20260506,148420,33.14,4918638.8,33.15,0.0664892,2.3508,22322.4
002957.SZ,20260506,242500,44.6,10815500.0,43.62,0.0579203,1.00143,41867.9
002958.SZ,20260506,542000,3.04,1647680.0,3.04,0.00996417,0.843001,543949.0
002959.SZ,20260506,23300,41.0,955300.0,41.28,0.0154798,1.70678,15051.8
002960.SZ,20260506,507300,12.29,6234717.0,12.1,0.0627421,2.58292,80854.7
002961.SZ,20260506,28600,24.77,708422.0,24.76,0.00599667,0.399283,47693.1
002962.SZ,20260506,201800,16.81,3392258.0,16.47,0.0964701,1.20271,20918.4
002963.SZ,20260506,71600,17.33,1240828.0,17.1,0.0582142,1.03613,12299.4
002965.SZ,20260506,13500,29.72,401220.0,29.43,0.00708975,0.204247,19041.6
002966.SZ,20260506,243400,8.5,2068900.0,8.52,0.00553751,0.851939,439548.0
002967.SZ,20260506,60000,21.37,1282200.0,21.37,0.0109644,0.653567,54722.7
002968.SZ,20260506,22800,12.31,280668.0,12.32,0.0107036,0.580497,21301.1
002969.SZ,20260506,559100,22.67,12674797.0,22.6,0.0511861,0.934532,109229.0
002970.SZ,20260506,83300,70.0,5831000.0,69.78,0.0665492,0.653681,12517.1
002971.SZ,20260506,33900,31.67,1073613.0,31.74,0.021675,0.253788,15640.1
002972.SZ,20260506,25300,13.45,340285.0,13.43,0.01879,0.385738,13464.6
002973.SZ,20260506,37900,12.72,482088.0,12.59,0.0119313,0.917024,31765.3
002975.SZ,20260506,134700,115.0,15490500.0,110.38,0.127245,1.05349,10585.9
002976.SZ,20260506,35900,30.13,1081667.0,30.12,0.0538437,1.42208,6667.44
002977.SZ,20260506,208536,27.59,5753508.24,27.11,0.312896,3.95135,6664.72
002978.SZ,20260506,9900,31.29,309771.0,31.11,0.0026809,0.202635,36928.0
002979.SZ,20260506,34300,44.0,1509200.0,43.88,0.0155239,0.394244,22095.0
002980.SZ,20260506,154100,80.35,12381935.0,79.94,0.152142,0.761251,10128.7
002981.SZ,20260506,14900,24.73,368477.0,24.58,0.0124773,0.391493,11941.7
002982.SZ,20260506,25200,14.6,367920.0,14.5,0.019371,0.29118,13009.1
002983.SZ,20260506,5500,23.46,129030.0,23.3,0.00429159,0.222267,12815.8
002984.SZ,20260506,50800,17.17,872236.0,17.18,0.00711556,0.368073,71392.9
002985.SZ,20260506,53700,35.8,1922460.0,35.63,0.0162265,0.475515,33093.9
002986.SZ,20260506,17400,14.38,250212.0,14.39,0.00576469,0.19372,30183.7
002987.SZ,20260506,23200,14.99,347768.0,14.98,0.00275052,0.224853,84347.8
002988.SZ,20260506,13100,34.72,454832.0,34.65,0.00524478,0.31698,24977.2
002989.SZ,20260506,419400,30.6,12833640.0,29.21,0.22876,6.99382,18333.7
002990.SZ,20260506,482900,58.03,28022687.0,53.83,0.34988,2.69865,13801.9
002991.SZ,20260506,33500,51.43,1722905.0,51.43,0.067089,3.05539,4993.37
002992.SZ,20260506,20600,52.45,1080470.0,52.44,0.0131853,0.752521,15623.5
002993.SZ,20260506,19700,47.95,944615.0,47.49,0.0082618,0.313764,23844.7
002995.SZ,20260506,43700,22.5,983250.0,22.4,0.0388731,0.468337,11241.7
002996.SZ,20260506,16200,7.53,121986.0,7.53,0.00389135,0.0965144,41630.8
002997.SZ,20260506,19800,30.0,594000.0,29.98,0.00945914,0.456864,20932.1
002998.SZ,20260506,52300,9.57,500511.0,9.52,0.0193353,0.572252,27049.0
002999.SZ,20260506,599600,7.26,4353096.0,7.27,0.174534,1.61878,34354.4
003000.SZ,20260506,42500,11.24,477700.0,11.27,0.013796,0.674686,30806.0
003001.SZ,20260506,83700,17.27,1445499.0,17.05,0.0778557,2.67115,10750.7
003002.SZ,20260506,9400,27.6,259440.0,27.61,0.0051409,0.316547,18284.7
003003.SZ,20260506,52200,13.9,725580.0,13.86,0.0443138,1.11746,11779.6
003004.SZ,20260506,13900,33.39,464121.0,33.1,0.0202207,2.61212,6874.14
003005.SZ,20260506,7300,18.12,132276.0,17.94,0.00574902,0.301666,12697.8
003006.SZ,20260506,15000,18.43,276450.0,18.51,0.00349999,0.223556,42857.3
003007.SZ,20260506,90000,46.08,4147200.0,44.72,0.123988,2.15773,7258.77
003008.SZ,20260506,40100,23.5,942350.0,23.5,0.0515933,1.72098,7772.32
003009.SZ,20260506,36300,60.08,2180904.0,60.06,0.0220418,1.00756,16468.7
003010.SZ,20260506,135540,30.89,4186830.6,31.02,0.0599357,1.77461,22614.2
003011.SZ,20260506,36000,24.07,866520.0,23.8,0.0468475,1.04319,7684.51
003012.SZ,20260506,90400,5.87,530648.0,5.88,0.00796817,0.87047,113451.0
003013.SZ,20260506,3400,13.72,46648.0,13.75,0.000850112,0.121668,39994.7
003015.SZ,20260506,54100,15.19,821779.0,15.15,0.021874,0.676863,24732.5
003016.SZ,20260506,12100,8.55,103455.0,8.55,0.00294488,0.237647,41088.3
003017.SZ,20260506,22400,32.16,720384.0,32.12,0.0323288,0.665237,6928.8
003018.SZ,20260506,59700,53.55,3196935.0,53.2,0.0251488,0.40912,23738.8
003019.SZ,20260506,26200,35.61,932982.0,35.18,0.0153255,0.470944,17095.7
003020.SZ,20260506,8500,22.74,193290.0,22.73,0.00618845,0.484254,13735.3
003021.SZ,20260506,18600,97.1,1806060.0,96.59,0.00897232,0.3923,20730.4
003022.SZ,20260506,329100,24.38,8023458.0,24.09,0.0246622,0.759469,133443.0
003023.SZ,20260506,31900,30.25,964975.0,30.3,0.0303462,0.580484,10512.0
003025.SZ,20260506,19300,13.6,262480.0,13.59,0.00852414,0.389125,22641.6
003026.SZ,20260506,701500,50.03,35096045.0,49.99,0.724762,3.66476,9679.04
003027.SZ,20260506,56600,23.64,1338024.0,23.72,0.0539762,0.41681,10486.1
003028.SZ,20260506,4100,27.89,114349.0,27.68,0.00581245,0.252402,7053.82
003029.SZ,20260506,8000,21.05,168400.0,21.01,0.0045429,0.309179,17609.9
003030.SZ,20260506,5600,22.16,124096.0,22.16,0.00691709,0.117346,8095.89
003031.SZ,20260506,128152,125.86,16129210.72,123.52,0.0376744,0.972442,34015.7
003032.SZ,20260506,41800,6.54,273372.0,6.54,0.0146934,0.811809,28448.2
003033.SZ,20260506,45200,57.98,2620696.0,56.3,0.0559796,3.80036,8074.36
003035.SZ,20260506,281800,7.5,2113500.0,7.4,0.00743952,0.240776,378788.0
003036.SZ,20260506,207800,33.71,7004938.0,32.75,0.0960798,0.993224,21627.8
003037.SZ,20260506,75800,7.16,542728.0,7.2,0.0126528,1.39975,59907.5
003038.SZ,20260506,13300,14.74,196042.0,14.6,0.00814818,0.260713,16322.7
003039.SZ,20260506,20200,14.29,288658.0,14.3,0.00327116,0.301069,61751.9
003040.SZ,20260506,4900,14.87,72863.0,14.79,0.00107256,0.0682681,45685.0
003041.SZ,20260506,22700,52.48,1191296.0,52.4,0.0165907,0.391916,13682.3
003042.SZ,20260506,72500,17.23,1249175.0,17.09,0.0587992,1.42381,12330.1
003043.SZ,20260506,16200,58.32,944784.0,57.84,0.0193248,0.471595,8383.02
003816.SZ,20260506,426800,4.57,1950476.0,4.58,0.00108504,0.277781,3933510.0
300001.SZ,20260506,99108,29.68,2941525.44,29.5,0.00957657,0.339485,103490.0
300002.SZ,20260506,98200,9.77,959414.0,9.73,0.00531733,0.267728,184679.0
300003.SZ,20260506,42200,14.36,605992.0,14.35,0.00267273,0.17427,157891.0
300004.SZ,20260506,141400,13.5,1908900.0,13.52,0.0294587,1.14731,47999.4
300005.SZ,20260506,263900,16.5,4354350.0,16.66,0.0301055,0.513523,87658.4
300006.SZ,20260506,96000,6.39,613440.0,6.39,0.00909245,0.288131,105582.0
300007.SZ,20260506,45771,43.2,1977307.2,42.95,0.0161766,0.479137,28294.6
300008.SZ,20260506,651000,8.17,5318670.0,8.17,0.0395195,0.663183,164729.0
300009.SZ,20260506,49100,8.84,434044.0,8.84,0.00399107,0.212234,123025.0
300011.SZ,20260506,24100,7.42,178822.0,7.36,0.00475105,0.358733,50725.6
300012.SZ,20260506,195900,16.7,3271530.0,16.54,0.0136874,0.726115,143124.0
300013.SZ,20260506,644600,4.15,2675090.0,4.14,0.144513,2.906,44604.9
300014.SZ,20260506,1135800,73.05,82970190.0,72.59,0.0543049,1.52635,209153.0
300015.SZ,20260506,518400,10.72,5557248.0,10.78,0.00651636,0.298328,795536.0
300016.SZ,20260506,87300,9.56,834588.0,9.47,0.0155293,0.404639,56216.4
300017.SZ,20260506,2943729,16.31,48012219.99,16.0,0.127699,1.33694,230520.0
300018.SZ,20260506,36500,13.78,502970.0,13.64,0.0101201,0.159711,36067.0
300019.SZ,20260506,23100,17.8,411180.0,17.81,0.00626679,0.402628,36861.0
300020.SZ,20260506,202100,3.48,703308.0,3.52,0.0263637,1.81425,76658.4
300021.SZ,20260506,122200,4.53,553566.0,4.51,0.0139915,0.722365,87338.9
300022.SZ,20260506,85800,9.76,837408.0,9.75,0.0173605,0.542547,49422.6
300024.SZ,20260506,184700,15.1,2788970.0,14.98,0.0118005,0.781586,156519.0
300025.SZ,20260506,63400,5.8,367720.0,5.75,0.0125135,0.317465,50665.4
300026.SZ,20260506,62300,3.43,213689.0,3.42,0.00207575,0.219575,300133.0
300027.SZ,20260506,8754239,1.92,16808138.88,1.82,0.341352,3.9291,256458.0
300030.SZ,20260506,80400,8.28,665712.0,8.32,0.0295341,0.475056,27222.8
300031.SZ,20260506,100300,23.26,2332978.0,23.13,0.0285023,0.607868,35190.2
300032.SZ,20260506,122400,5.29,647496.0,5.23,0.0152396,0.320652,80317.0
300033.SZ,20260506,125423,236.49,29661285.27,235.0,0.0286085,0.863155,43841.1
300034.SZ,20260506,63600,19.75,1256100.0,19.65,0.00829143,0.425847,76705.7
300035.SZ,20260506,255000,21.06,5370300.0,21.0,0.0437129,0.342931,58335.1
300036.SZ,20260506,63700,15.08,960596.0,14.95,0.0145275,0.584724,43847.8
300037.SZ,20260506,464600,70.1,32568460.0,69.1,0.0862407,1.21534,53872.4
300039.SZ,20260506,115900,5.79,671061.0,5.78,0.0126401,1.2224,91692.6
300040.SZ,20260506,307500,7.29,2241675.0,7.22,0.0594345,0.46059,51737.6
300041.SZ,20260506,42300,11.6,490680.0,11.52,0.00777449,0.310821,54408.7
300042.SZ,20260506,878400,56.63,49743792.0,52.27,0.438364,2.83128,20038.2
300043.SZ,20260506,402199,5.93,2385040.07,5.85,0.0323432,0.73967,124353.0
300044.SZ,20260506,247800,6.45,1598310.0,6.44,0.034639,0.916719,71537.8
300045.SZ,20260506,94780,22.38,2121176.4,22.36,0.0183571,0.522352,51631.3
300046.SZ,20260506,55100,32.8,1807280.0,32.24,0.023295,0.949809,23653.1
300047.SZ,20260506,81100,12.46,1010506.0,12.34,0.0141311,0.389463,57391.1
300048.SZ,20260506,32300,6.44,208012.0,6.44,0.00285782,0.195583,113023.0
300049.SZ,20260506,11300,50.5,570650.0,50.36,0.0048365,0.121951,23364.0
300050.SZ,20260506,280000,7.4,2072000.0,7.3,0.051422,0.926958,54451.5
300051.SZ,20260506,55400,16.46,911884.0,16.45,0.0150783,0.23896,36741.6
300052.SZ,20260506,221200,11.81,2612372.0,11.73,0.0844755,1.36056,26185.1
300053.SZ,20260506,182000,18.21,3314220.0,17.9,0.0279648,0.571452,65081.9
300054.SZ,20260506,556800,64.0,35635200.0,62.36,0.0754316,1.20744,73815.2
300055.SZ,20260506,18700,11.63,217481.0,11.62,0.00315913,0.0758027,59193.6
300056.SZ,20260506,53400,11.22,599148.0,11.1,0.013863,0.142546,38519.8
300057.SZ,20260506,1726103,9.74,16812243.22,9.76,0.226057,0.950037,76356.9
300058.SZ,20260506,3576191,17.7,63298580.7,17.12,0.102825,0.853882,347793.0
300059.SZ,20260506,2540330,20.4,51822732.0,20.36,0.0190462,0.933174,1333780.0
300061.SZ,20260506,159558,9.62,1534947.96,9.59,0.0256454,0.335063,62217.0
300062.SZ,20260506,25100,7.71,193521.0,7.67,0.00547607,0.166291,45835.8
300063.SZ,20260506,330600,11.61,3838266.0,11.43,0.0527679,0.718529,62651.7
300065.SZ,20260506,796500,25.6,20390400.0,25.88,0.121296,1.19992,65665.7
300066.SZ,20260506,63100,6.25,394375.0,6.24,0.00632202,0.323158,99809.9
300067.SZ,20260506,2935671,7.03,20637767.13,6.85,0.313217,1.09643,93726.4
300068.SZ,20260506,1047300,7.08,7414884.0,8.85,0.12268,3.16578,85368.2
300069.SZ,20260506,0,,0.0,30.6,0.0,0.0,11700.0
300070.SZ,20260506,69300,3.93,272349.0,3.92,0.0020176,0.149134,343477.0
300071.SZ,20260506,131300,4.95,649935.0,4.86,0.013889,0.375738,94535.1
300072.SZ,20260506,219500,4.6,1009700.0,4.58,0.0094151,0.478399,233136.0
300073.SZ,20260506,133100,63.4,8438540.0,63.44,0.0263058,0.432556,50597.1
300074.SZ,20260506,104000,4.45,462800.0,4.41,0.0189146,0.435988,54983.9
300075.SZ,20260506,37600,13.32,500832.0,13.29,0.00729476,0.224888,51543.8
300077.SZ,20260506,383300,23.16,8877228.0,23.05,0.0676816,0.855018,56632.8
300078.SZ,20260506,60000,3.94,236400.0,3.9,0.00538906,0.268975,111337.0
300079.SZ,20260506,124600,5.58,695268.0,5.56,0.00972314,0.437701,128148.0
300080.SZ,20260506,23300,4.52,105316.0,4.5,0.00124544,0.105492,187083.0
300081.SZ,20260506,87300,4.14,361422.0,4.14,0.0144374,0.41276,60468.1
300082.SZ,20260506,139300,11.65,1622845.0,11.63,0.020536,0.283298,67832.1
300083.SZ,20260506,7333912,9.98,73192441.76,10.19,0.491373,5.84576,149254.0
300084.SZ,20260506,107200,11.8,1264960.0,11.81,0.030054,0.680894,35669.1
300085.SZ,20260506,158000,37.58,5937640.0,37.28,0.0242327,0.649164,65201.3
300086.SZ,20260506,128000,7.36,942080.0,7.4,0.0290464,0.618395,44067.5
300087.SZ,20260506,163800,8.41,1377558.0,8.48,0.0181537,0.936449,90229.6
300088.SZ,20260506,661300,6.65,4397645.0,6.55,0.0266063,0.481343,248550.0
300091.SZ,20260506,142900,3.26,465854.0,3.26,0.00873781,0.495823,163542.0
300092.SZ,20260506,16300,16.84,274492.0,16.74,0.00776685,0.213792,20986.6
300093.SZ,20260506,50900,22.45,1142705.0,22.08,0.0220368,1.08311,23097.8
300094.SZ,20260506,638600,3.19,2037134.0,3.17,0.0577648,1.62,110552.0
300095.SZ,20260506,62500,9.95,621875.0,9.84,0.0185382,0.656397,33714.3
300096.SZ,20260506,28400,9.2,261280.0,9.18,0.00660465,0.37585,43000.0
300097.SZ,20260506,117200,10.91,1278652.0,10.73,0.0434061,0.618113,27000.8
300098.SZ,20260506,353900,5.57,1971223.0,5.51,0.0229545,0.528533,154174.0
300099.SZ,20260506,147700,9.2,1358840.0,9.12,0.0254078,0.568044,58131.8
300100.SZ,20260506,41900,28.79,1206301.0,28.51,0.0076022,0.579762,55115.6
300101.SZ,20260506,74500,19.85,1478825.0,19.59,0.013163,0.332063,56597.9
300102.SZ,20260506,179900,32.99,5934901.0,32.82,0.0196414,0.380663,91592.4
300103.SZ,20260506,53700,8.26,443562.0,8.25,0.0169219,0.560609,31734.1
300105.SZ,20260506,28400,6.89,195676.0,6.91,0.0055095,0.233893,51547.3
300106.SZ,20260506,133200,11.5,1531800.0,11.56,0.0630287,0.769925,21133.2
300107.SZ,20260506,62700,7.36,461472.0,7.33,0.0180492,0.218169,34738.3
300109.SZ,20260506,96800,19.11,1849848.0,18.92,0.0216431,0.778548,44725.6
300110.SZ,20260506,47200,3.16,149152.0,3.15,0.00399601,0.181021,118118.0
300111.SZ,20260506,70600,3.9,275340.0,3.88,0.00548473,0.160141,128721.0
300112.SZ,20260506,20700,8.45,174915.0,8.4,0.0087119,0.267609,23760.6
300113.SZ,20260506,852700,26.87,22912049.0,25.26,0.167518,1.9985,50902.0
300115.SZ,20260506,237853,33.38,7939533.14,33.25,0.0175238,0.587573,135732.0
300118.SZ,20260506,297600,17.74,5279424.0,17.74,0.0321098,0.45321,92682.0
300119.SZ,20260506,7000,18.05,126350.0,18.0,0.0020981,0.196957,33363.6
300120.SZ,20260506,20200,7.56,152712.0,7.55,0.00382977,0.154894,52744.7
300121.SZ,20260506,54800,12.35,676780.0,12.33,0.0127632,0.515241,42936.0
300122.SZ,20260506,61900,15.24,943356.0,15.15,0.00437671,0.383822,141431.0
300123.SZ,20260506,7595700,4.4,33421080.0,3.99,0.764139,11.1914,99402.0
300124.SZ,20260506,690800,69.98,48342184.0,68.6,0.028662,1.21467,241016.0
300125.SZ,20260506,56500,9.83,555395.0,9.82,0.0156592,0.888459,36081.0
300126.SZ,20260506,41900,8.23,344837.0,8.14,0.0198908,0.68837,21065.0
300127.SZ,20260506,37000,31.55,1167350.0,31.35,0.0160301,0.557449,23081.6
300128.SZ,20260506,216600,6.45,1397070.0,6.45,0.0166941,0.686249,129747.0
300129.SZ,20260506,67000,11.33,759110.0,11.36,0.00932226,0.217032,71871.0
300130.SZ,20260506,64900,22.34,1449866.0,22.12,0.0149484,0.88013,43416.1
300131.SZ,20260506,893500,16.56,14796360.0,16.25,0.0857266,0.820547,104227.0
300132.SZ,20260506,158900,9.33,1482537.0,9.44,0.0312745,0.527459,50808.1
300133.SZ,20260506,2064920,9.29,19183106.8,8.74,0.123176,1.02601,167640.0
300134.SZ,20260506,76306,11.07,844707.42,11.0,0.00994218,0.703817,76749.8
300135.SZ,20260506,405500,4.12,1670660.0,4.11,0.0439996,1.31192,92160.0
300136.SZ,20260506,1097510,92.0,100970920.0,91.3,0.132999,0.901187,82520.0
300137.SZ,20260506,409200,17.49,7156908.0,16.66,0.0772026,1.11031,53003.4
300138.SZ,20260506,10700,11.67,124869.0,11.53,0.00268633,0.187401,39831.3
300139.SZ,20260506,252500,53.01,13385025.0,52.88,0.108063,1.30611,23365.9
300140.SZ,20260506,145000,6.61,958450.0,6.62,0.014214,0.596851,102012.0
300141.SZ,20260506,9000,12.77,114930.0,12.68,0.0035347,0.168756,25461.9
300142.SZ,20260506,489900,13.0,6368700.0,13.0,0.0310626,0.661675,157714.0
300143.SZ,20260506,49600,11.32,561472.0,11.25,0.0077348,0.65395,64125.8
300144.SZ,20260506,154800,7.67,1187316.0,7.7,0.00595986,0.637493,259738.0
300145.SZ,20260506,235400,4.92,1158168.0,4.84,0.0123193,0.394311,191083.0
300146.SZ,20260506,151300,10.53,1593189.0,10.5,0.0135007,1.01716,112068.0
300147.SZ,20260506,614864,10.39,6388436.96,10.02,0.0935344,3.35091,65736.7
300148.SZ,20260506,124100,4.18,518738.0,4.16,0.0152435,0.501457,81411.5
300149.SZ,20260506,69800,9.95,694510.0,9.99,0.0147083,0.375718,47456.3
300150.SZ,20260506,84000,5.12,430080.0,5.09,0.0181166,0.540423,46366.3
300151.SZ,20260506,120700,18.09,2183463.0,17.7,0.0327405,0.970988,36865.6
300152.SZ,20260506,1167000,1.98,2310660.0,2.0,0.163727,3.20725,71277.3
300153.SZ,20260506,855700,31.7,27125690.0,31.66,0.268809,3.16978,31833.0
300154.SZ,20260506,36600,9.09,332694.0,8.91,0.0116134,0.479587,31515.4
300155.SZ,20260506,67900,5.05,342895.0,5.0,0.0206105,0.644896,32944.3
300157.SZ,20260506,371600,5.74,2132984.0,5.73,0.0524989,0.925388,70782.5
300158.SZ,20260506,95500,5.75,549125.0,5.72,0.00963193,0.692448,99149.3
300159.SZ,20260506,560600,3.39,1900434.0,3.37,0.0306032,1.25655,183184.0
300160.SZ,20260506,51100,5.28,269808.0,5.26,0.00670463,0.628085,76216.0
300161.SZ,20260506,97000,32.87,3188390.0,32.48,0.049745,1.06371,19499.4
300162.SZ,20260506,390800,9.06,3540648.0,9.06,0.114215,1.55564,34216.2
300163.SZ,20260506,209300,4.43,927199.0,4.36,0.0458392,0.759512,45659.6
300164.SZ,20260506,1202500,12.98,15608450.0,13.48,0.206186,1.36776,58321.1
300165.SZ,20260506,627000,7.27,4558290.0,7.39,0.149096,1.51914,42053.5
300166.SZ,20260506,2824985,16.47,46527502.95,15.44,0.311891,1.88374,90575.9
300167.SZ,20260506,55700,5.7,317490.0,5.71,0.0157307,0.402424,35408.5
300168.SZ,20260506,182600,5.78,1055428.0,5.78,0.0126878,0.711021,143918.0
300169.SZ,20260506,64100,6.5,416650.0,6.46,0.0212438,0.528856,30173.6
300170.SZ,20260506,193700,20.22,3916614.0,19.82,0.0198294,0.415958,97683.0
300171.SZ,20260506,52500,13.2,693000.0,13.12,0.00933072,0.596021,56265.7
300172.SZ,20260506,63700,5.45,347165.0,5.43,0.0121812,0.3702,52293.6
300173.SZ,20260506,230000,4.28,984400.0,4.28,0.0313042,2.10071,73472.6
300174.SZ,20260506,158900,17.89,2842721.0,17.82,0.0438714,0.925279,36219.5
300175.SZ,20260506,15100,6.12,92412.0,6.13,0.00320731,0.160154,47080.0
300176.SZ,20260506,83300,7.0,583100.0,6.93,0.0215089,0.493464,38728.1
300177.SZ,20260506,73800,8.36,616968.0,8.34,0.0121721,0.592118,60630.3
300179.SZ,20260506,279300,29.5,8239350.0,29.06,0.0746828,0.668092,37398.2
300180.SZ,20260506,40000,5.31,212400.0,5.28,0.00233554,0.167362,171267.0
300181.SZ,20260506,104100,15.37,1600017.0,15.21,0.0172662,0.619228,60291.1
300182.SZ,20260506,769100,5.67,4360797.0,5.6,0.0340405,0.713419,225937.0
300183.SZ,20260506,45200,13.15,594380.0,13.02,0.0121823,0.368618,37102.9
300184.SZ,20260506,2176000,13.81,30050560.0,13.35,0.206451,1.50699,105400.0
300185.SZ,20260506,311900,3.17,988723.0,3.17,0.00810966,0.264012,384603.0
300187.SZ,20260506,674400,5.7,3844080.0,5.62,0.105067,1.51857,64187.7
300188.SZ,20260506,36700,12.58,461686.0,12.45,0.00428985,0.412211,85550.9
300189.SZ,20260506,180900,6.08,1099872.0,6.11,0.0204118,0.273014,88625.0
300190.SZ,20260506,114700,4.2,481740.0,4.2,0.0121473,0.465143,94424.2
300191.SZ,20260506,331000,41.75,13819250.0,43.38,0.149642,1.7522,22119.5
300192.SZ,20260506,108100,19.89,2150109.0,19.69,0.0332987,1.22665,32463.8
300193.SZ,20260506,24300,8.86,215298.0,8.84,0.00579432,0.240647,41937.6
300194.SZ,20260506,140000,4.17,583800.0,4.13,0.0144577,1.34261,96834.4
300195.SZ,20260506,37500,7.08,265500.0,6.98,0.0119478,0.229099,31386.5
300196.SZ,20260506,142500,19.44,2770200.0,19.55,0.0577096,0.548166,24692.6
300197.SZ,20260506,164200,1.69,277498.0,1.69,0.00553753,0.244078,296522.0
300198.SZ,20260506,208900,2.55,532695.0,2.55,0.0203563,1.20999,102622.0
300199.SZ,20260506,283500,20.81,5899635.0,20.74,0.0380451,0.62774,74516.7
300200.SZ,20260506,54600,10.08,550368.0,10.01,0.0128798,0.191037,42392.1
300201.SZ,20260506,273500,11.91,3257385.0,11.84,0.0272504,0.850787,100365.0
300203.SZ,20260506,70400,13.85,975040.0,13.6,0.015702,0.826168,44835.1
300204.SZ,20260506,180323,27.3,4922817.9,27.63,0.0397584,0.667309,45354.7
300205.SZ,20260506,5400,6.15,33210.0,6.11,0.00125565,0.0846273,43005.6
300206.SZ,20260506,60100,15.12,908712.0,14.91,0.0177611,0.529162,33838.0
300207.SZ,20260506,840700,27.5,23119250.0,27.43,0.0490537,0.920799,171384.0
300209.SZ,20260506,1584600,18.0,28522800.0,17.47,0.215721,1.34318,73456.0
300210.SZ,20260506,1206300,11.0,13269300.0,10.8,0.249122,7.16339,48422.0
300211.SZ,20260506,26600,8.84,235144.0,8.9,0.00891177,0.537744,29848.2
300212.SZ,20260506,3015600,6.42,19360152.0,6.55,0.431718,8.16957,69851.2
300213.SZ,20260506,146300,8.37,1224531.0,8.36,0.026493,0.895242,55222.2
300214.SZ,20260506,142000,8.38,1189960.0,8.23,0.030544,0.728299,46490.3
300215.SZ,20260506,135600,8.55,1159380.0,8.56,0.0181019,0.378285,74909.4
300217.SZ,20260506,238400,5.16,1230144.0,5.12,0.0192039,0.783451,124141.0
300218.SZ,20260506,15800,15.26,241108.0,15.28,0.00730547,0.302346,21627.6
300219.SZ,20260506,168700,7.78,1312486.0,7.66,0.0238735,0.902649,70664.1
300220.SZ,20260506,37400,14.95,559130.0,14.54,0.024765,1.26404,15101.9
300221.SZ,20260506,71700,11.37,815229.0,11.23,0.0156836,0.509796,45716.4
300222.SZ,20260506,46800,11.29,528372.0,11.2,0.00738399,0.395033,63380.4
300223.SZ,20260506,571314,129.3,73870900.2,124.18,0.135843,2.0185,42057.1
300224.SZ,20260506,52600,13.29,699054.0,13.22,0.00567254,0.218559,92727.4
300225.SZ,20260506,117900,6.55,772245.0,6.54,0.0249764,0.409562,47204.6
300226.SZ,20260506,45755,25.16,1151195.8,24.81,0.0149305,0.542279,30645.3
300227.SZ,20260506,29100,11.05,321555.0,10.99,0.0067195,0.186222,43306.8
300228.SZ,20260506,639200,9.31,5950952.0,9.31,0.114367,2.26285,55890.4
300229.SZ,20260506,119000,18.09,2152710.0,17.87,0.0136307,0.50435,87303.0
300230.SZ,20260506,256600,5.09,1306094.0,5.03,0.0407416,1.67191,62982.2
300231.SZ,20260506,64500,10.73,692085.0,10.57,0.0145181,0.363936,44427.3
300232.SZ,20260506,145700,6.42,935394.0,6.35,0.0164513,0.657672,88564.2
300233.SZ,20260506,24700,15.51,383097.0,15.52,0.00667901,0.241707,36981.5
300234.SZ,20260506,176300,6.61,1165343.0,6.66,0.0512519,1.02075,34398.7
300235.SZ,20260506,33700,14.09,474833.0,14.09,0.0165901,0.53321,20313.3
300236.SZ,20260506,169900,97.0,16480300.0,94.77,0.0609944,0.97583,27855.0
300237.SZ,20260506,85300,2.28,194484.0,2.29,0.0059158,0.382264,144190.0
300238.SZ,20260506,46500,14.35,667275.0,14.21,0.0175383,1.29096,26513.4
300239.SZ,20260506,35400,5.56,196824.0,5.56,0.00600242,0.30135,58976.2
300240.SZ,20260506,8200,6.99,57318.0,6.94,0.00225676,0.0879232,36335.3
300241.SZ,20260506,203000,6.88,1396640.0,6.82,0.0345277,0.564547,58793.3
300242.SZ,20260506,73300,4.95,362835.0,4.91,0.0115514,0.371466,63455.5
300243.SZ,20260506,194952,17.31,3374619.12,17.64,0.0999506,0.628298,19504.8
300244.SZ,20260506,128900,19.42,2503238.0,19.34,0.025705,0.502332,50145.9
300245.SZ,20260506,1566232,8.1,12686479.2,8.22,0.514567,6.94419,30437.9
300246.SZ,20260506,69900,17.99,1257501.0,17.7,0.0330767,0.53552,21132.7
300247.SZ,20260506,83800,4.28,358664.0,4.28,0.0104356,0.5538,80302.0
300248.SZ,20260506,14900,9.74,145126.0,9.62,0.00364265,0.154557,40904.2
300249.SZ,20260506,107600,17.76,1910976.0,17.56,0.0287616,0.405858,37411.0
300250.SZ,20260506,40600,19.77,802662.0,19.65,0.0257901,0.436184,15742.4
300251.SZ,20260506,503700,14.66,7384242.0,14.78,0.018149,0.977674,277537.0
300252.SZ,20260506,88700,14.92,1323404.0,14.76,0.0158739,0.309433,55877.9
300253.SZ,20260506,190400,8.72,1660288.0,8.64,0.0105164,0.301003,181050.0
300254.SZ,20260506,306900,13.71,4207599.0,13.5,0.135838,1.54192,22593.2
300255.SZ,20260506,123400,42.17,5203778.0,41.36,0.0134478,0.763096,91762.3
300256.SZ,20260506,74300,3.38,251134.0,3.36,0.00331195,0.345695,224339.0
300257.SZ,20260506,74800,31.0,2318800.0,30.77,0.007835,0.538731,95469.0
300258.SZ,20260506,29100,11.42,332322.0,11.31,0.00510623,0.213667,56989.2
300259.SZ,20260506,65400,4.47,292338.0,4.46,0.00559197,0.471344,116953.0
300260.SZ,20260506,208599,52.82,11018199.18,51.78,0.0725216,1.69174,28763.7
300261.SZ,20260506,48500,5.94,288090.0,5.96,0.00514408,0.41503,94283.0
300263.SZ,20260506,206400,10.68,2204352.0,10.57,0.0211578,0.543365,97552.8
300264.SZ,20260506,137800,9.56,1317368.0,9.36,0.0372044,0.62799,37038.6
300265.SZ,20260506,185800,17.69,3286802.0,17.21,0.0397603,0.44599,46730.0
300266.SZ,20260506,1072900,2.38,2553502.0,2.43,0.0690838,4.42782,155304.0
300267.SZ,20260506,1761700,4.53,7980501.0,4.36,0.123857,1.39299,142237.0
300268.SZ,20260506,1000,13.9,13900.0,13.94,0.000747901,0.0837214,13370.8
300269.SZ,20260506,74200,6.36,471912.0,6.3,0.0141151,0.276113,52567.8
300270.SZ,20260506,56800,13.36,758848.0,13.36,0.0217683,0.390022,26093.0
300271.SZ,20260506,24300,6.4,155520.0,6.34,0.00305905,0.185036,79436.6
300272.SZ,20260506,95100,7.58,720858.0,7.49,0.020476,0.41482,46444.7
300274.SZ,20260506,676400,137.68,93126752.0,137.41,0.0425405,0.827236,159001.0
300275.SZ,20260506,56700,11.59,657153.0,11.39,0.0208869,0.928151,27146.1
300276.SZ,20260506,118900,6.9,820410.0,6.85,0.0112475,0.510489,105712.0
300277.SZ,20260506,187176,18.01,3371039.76,17.97,0.0244497,0.610971,76555.4
300278.SZ,20260506,155800,4.85,755630.0,4.83,0.011054,0.607786,140945.0
300279.SZ,20260506,41600,7.93,329888.0,7.87,0.00854307,0.229634,48694.4
300281.SZ,20260506,24000,7.49,179760.0,7.41,0.00604038,0.305018,39732.6
300283.SZ,20260506,1440000,12.7,18288000.0,12.45,0.392137,1.46335,36721.9
300284.SZ,20260506,22800,6.8,155040.0,6.76,0.00193584,0.184636,117778.0
300285.SZ,20260506,275000,36.51,10040250.0,35.78,0.0322139,0.562281,85366.9
300286.SZ,20260506,51800,24.51,1269618.0,24.18,0.0249308,0.926375,20777.5
300287.SZ,20260506,88800,4.33,384504.0,4.32,0.00673597,0.292672,131830.0
300288.SZ,20260506,13300,12.55,166915.0,12.45,0.00518378,0.256759,25656.9
300289.SZ,20260506,5800,6.72,38976.0,6.71,0.00106783,0.0561405,54315.6
300290.SZ,20260506,292601,15.63,4573353.63,15.82,0.0457516,0.812456,63954.2
300291.SZ,20260506,112900,6.32,713528.0,6.33,0.0121415,0.248545,92986.5
300292.SZ,20260506,406000,5.17,2099020.0,5.11,0.0363817,0.44612,111594.0
300293.SZ,20260506,32600,18.8,612880.0,18.62,0.00963248,0.372513,33843.8
300294.SZ,20260506,9400,17.5,164500.0,17.48,0.00186416,0.19059,50424.9
300295.SZ,20260506,191900,12.8,2456320.0,12.62,0.11453,0.904777,16755.4
300296.SZ,20260506,617100,6.39,3943269.0,6.36,0.0271309,0.442151,227453.0
300298.SZ,20260506,36400,16.64,605696.0,16.63,0.00807251,0.432143,45091.3
300299.SZ,20260506,71700,6.17,442389.0,6.16,0.010403,0.334142,68922.3
300300.SZ,20260506,374000,12.43,4648820.0,12.55,0.0560884,0.705742,66680.5
300301.SZ,20260506,203300,3.71,754243.0,3.69,0.0257407,0.971028,78979.9
300302.SZ,20260506,1200700,29.15,35000405.0,27.72,0.325557,2.36741,36881.4
300303.SZ,20260506,812586,9.03,7337651.58,8.89,0.0611589,0.739754,132865.0
300304.SZ,20260506,52800,11.83,624624.0,11.83,0.00617894,0.307421,85451.6
300305.SZ,20260506,53100,6.82,362142.0,6.76,0.0165176,0.550092,32147.6
300306.SZ,20260506,33700,12.69,427653.0,12.65,0.0213829,1.1198,15760.2
300307.SZ,20260506,81100,7.03,570133.0,7.04,0.0103063,0.491983,78689.9
300308.SZ,20260506,655100,888.5,582056350.0,857.5,0.0591082,2.24106,110831.0
300310.SZ,20260506,117100,5.8,679180.0,5.72,0.0169373,0.409197,69137.3
300311.SZ,20260506,218100,5.42,1182102.0,5.42,0.0405836,1.74707,53740.9
300313.SZ,20260506,33962,8.54,290035.48,8.51,0.0172088,0.54773,19735.3
300314.SZ,20260506,26400,11.65,307560.0,11.54,0.0183663,0.585982,14374.1
300315.SZ,20260506,260700,5.02,1308714.0,5.01,0.0102578,0.381525,254148.0
300316.SZ,20260506,186300,43.24,8055612.0,42.62,0.0151272,0.626094,123156.0
300317.SZ,20260506,600600,5.23,3141138.0,5.13,0.0724563,0.579908,82891.3
300318.SZ,20260506,25400,5.62,142748.0,5.6,0.00320537,0.412574,79241.9
300319.SZ,20260506,128200,12.6,1615320.0,12.46,0.0152116,0.373808,84277.8
300320.SZ,20260506,52800,9.58,505824.0,9.51,0.0108792,0.41537,48533.0
300321.SZ,20260506,9800,37.98,372204.0,37.8,0.011049,0.543119,8869.59
300322.SZ,20260506,90081,30.81,2775395.61,30.21,0.0204529,0.288013,44043.1
300323.SZ,20260506,755500,12.13,9164215.0,12.1,0.0636107,0.701245,118769.0
300324.SZ,20260506,412500,4.96,2046000.0,4.92,0.0241229,0.913548,170999.0
300326.SZ,20260506,61000,7.1,433100.0,7.1,0.00851102,0.714428,71671.8
300327.SZ,20260506,38100,27.61,1051941.0,27.34,0.0112438,0.392262,33885.4
300328.SZ,20260506,970800,18.02,17493816.0,18.06,0.141301,2.15839,68704.2
300329.SZ,20260506,12100,14.03,169763.0,14.02,0.00479891,0.385358,25214.0
300331.SZ,20260506,52400,53.59,2808116.0,53.01,0.0235897,0.33944,22213.1
300332.SZ,20260506,120000,5.73,687600.0,5.75,0.0144568,0.344163,83005.8
300333.SZ,20260506,26600,9.35,248710.0,9.27,0.00794552,0.333808,33478.0
300334.SZ,20260506,65700,8.15,535455.0,8.08,0.0217528,0.553775,30203.0
300335.SZ,20260506,35900,6.64,238376.0,6.6,0.00934508,0.160093,38415.9
300337.SZ,20260506,338000,14.08,4759040.0,13.96,0.0475113,1.03721,71141.0
300338.SZ,20260506,337700,3.68,1242736.0,3.68,0.0965032,2.43016,34993.7
300339.SZ,20260506,372100,46.01,17120321.0,45.21,0.047847,0.684269,77768.6
300340.SZ,20260506,24800,11.19,277512.0,11.19,0.00906887,0.299393,27346.3
300341.SZ,20260506,23300,15.44,359752.0,15.3,0.00452104,0.355906,51536.9
300342.SZ,20260506,625347,68.34,42736213.98,68.31,0.149319,1.17594,41879.9
300343.SZ,20260506,139300,6.57,915201.0,6.56,0.0130649,1.00237,106622.0
300345.SZ,20260506,26500,6.45,170925.0,6.44,0.00552548,0.149377,47959.6
300346.SZ,20260506,743300,52.0,38651600.0,51.52,0.11331,1.40268,65599.0
300347.SZ,20260506,87700,54.5,4779650.0,55.2,0.0154888,0.555241,56621.4
300348.SZ,20260506,59800,11.96,715208.0,11.81,0.00838793,0.301469,71292.9
300349.SZ,20260506,32700,13.2,431640.0,13.08,0.00884454,0.39061,36972.0
300350.SZ,20260506,12900,5.35,69015.0,5.35,0.00273557,0.0938985,47156.5
300351.SZ,20260506,89500,22.71,2032545.0,22.7,0.0339773,0.379546,26341.1
300353.SZ,20260506,65400,18.76,1226904.0,18.55,0.0121097,0.401064,54006.1
300354.SZ,20260506,8700,35.9,312330.0,35.74,0.0106999,0.404993,8130.9
300355.SZ,20260506,127000,3.67,466090.0,3.64,0.00929524,0.634174,136629.0
300357.SZ,20260506,22300,25.51,568873.0,25.4,0.00460825,0.171414,48391.4
300358.SZ,20260506,85700,9.86,845002.0,9.79,0.0122202,0.364973,70130.0
300359.SZ,20260506,27600,5.01,138276.0,5.0,0.00435811,0.336322,63330.2
300360.SZ,20260506,19100,14.57,278287.0,14.47,0.00381789,0.218688,50027.7
300363.SZ,20260506,57500,21.15,1216125.0,21.21,0.0115264,0.348033,49885.6
300364.SZ,20260506,231000,29.1,6722100.0,28.78,0.0349775,0.548189,66042.5
300365.SZ,20260506,107200,5.98,641056.0,5.95,0.0209488,0.608994,51172.5
300366.SZ,20260506,75600,5.61,424116.0,5.61,0.0142506,0.506688,53050.2
300368.SZ,20260506,20400,10.28,209712.0,10.2,0.00385674,0.151079,52894.3
300369.SZ,20260506,107400,7.49,804426.0,7.34,0.013297,0.342638,80770.3
300370.SZ,20260506,97300,2.59,252007.0,2.58,0.00623131,0.349935,156147.0
300371.SZ,20260506,19500,13.49,263055.0,13.44,0.013929,0.597278,13999.6
300373.SZ,20260506,229900,77.15,17736785.0,75.88,0.0424061,1.19538,54213.8
300374.SZ,20260506,63600,14.16,900576.0,13.94,0.0258659,2.24457,24588.3
300375.SZ,20260506,22300,4.81,107263.0,4.81,0.0042215,0.172856,52824.8
300376.SZ,20260506,145400,5.89,856406.0,5.82,0.00624722,0.627893,232743.0
300377.SZ,20260506,120000,17.15,2058000.0,16.99,0.0173681,0.593014,69092.2
300378.SZ,20260506,74300,39.79,2956397.0,38.92,0.0275685,0.782135,26951.0
300380.SZ,20260506,224800,37.21,8364808.0,37.49,0.1765,4.58859,12736.6
300381.SZ,20260506,63700,6.96,443352.0,6.92,0.0130175,0.354521,48934.1
300382.SZ,20260506,63500,15.75,1000125.0,15.6,0.00979427,0.186663,64833.8
300383.SZ,20260506,995500,16.33,16256515.0,15.9,0.055481,0.733937,179431.0
300384.SZ,20260506,2800,14.21,39788.0,14.21,0.00127207,0.0586282,22011.3
300385.SZ,20260506,306800,15.99,4905732.0,16.21,0.105552,1.77221,29066.3
300386.SZ,20260506,17100,12.86,219906.0,12.69,0.00681933,0.378136,25075.8
300387.SZ,20260506,104800,9.19,963112.0,9.19,0.0362684,0.899254,28895.7
300388.SZ,20260506,32700,8.16,266832.0,8.19,0.00480146,0.412366,68104.2
300389.SZ,20260506,93600,16.49,1543464.0,16.37,0.0426545,0.834516,21943.7
300390.SZ,20260506,889800,113.0,100547400.0,110.5,0.132358,1.11468,67226.8
300393.SZ,20260506,585700,10.51,6155707.0,10.12,0.0612718,1.41157,95590.5
300394.SZ,20260506,231100,312.85,72299635.0,307.5,0.0297198,0.662069,77759.7
300395.SZ,20260506,382200,111.23,42512106.0,108.98,0.0747204,1.27502,51150.7
300397.SZ,20260506,77900,12.76,994004.0,12.69,0.0190855,0.251395,40816.3
300398.SZ,20260506,307465,31.11,9565236.15,30.41,0.0545296,0.731465,56385.0
300399.SZ,20260506,15800,21.98,347284.0,22.03,0.00799673,0.31984,19758.1
300400.SZ,20260506,14000,25.38,355320.0,25.02,0.00578957,0.118856,24181.4
300401.SZ,20260506,31400,13.09,411026.0,13.05,0.00587024,0.355333,53490.1
300402.SZ,20260506,7800,18.48,144144.0,18.39,0.00320173,0.255479,24361.8
300403.SZ,20260506,30200,11.02,332804.0,10.9,0.00707162,0.264671,42705.9
300404.SZ,20260506,85800,10.73,920634.0,10.74,0.0300587,0.487169,28544.2
300405.SZ,20260506,304300,7.06,2148358.0,6.89,0.139062,2.0052,21882.3
300406.SZ,20260506,47800,12.68,606104.0,12.7,0.011265,0.439637,42432.2
300407.SZ,20260506,5700,13.24,75468.0,13.18,0.00220144,0.0834325,25892.1
300408.SZ,20260506,302900,85.5,25897950.0,85.7,0.0161996,0.714618,186980.0
300409.SZ,20260506,247800,27.23,6747594.0,26.93,0.036044,0.739256,68749.3
300410.SZ,20260506,186000,10.06,1871160.0,9.92,0.0506654,0.995899,36711.5
300411.SZ,20260506,5100,10.29,52479.0,10.29,0.00164987,0.13483,30911.6
300412.SZ,20260506,137700,5.33,733941.0,5.33,0.0294318,0.921473,46786.2
300413.SZ,20260506,80400,19.58,1574232.0,19.44,0.00786924,0.414079,102170.0
300414.SZ,20260506,37200,14.26,530472.0,14.21,0.0118645,0.372097,31354.0
300415.SZ,20260506,9000,24.38,219420.0,24.22,0.00198635,0.126468,45309.2
300416.SZ,20260506,187600,17.0,3189200.0,16.99,0.0371519,1.10712,50495.4
300417.SZ,20260506,69600,14.26,992496.0,14.17,0.0832632,1.43987,8359.04
300418.SZ,20260506,280600,49.85,13987910.0,48.86,0.0223676,0.660413,125449.0
300419.SZ,20260506,47400,7.02,332748.0,7.05,0.0128891,0.238476,36775.4
300420.SZ,20260506,124400,3.67,456548.0,3.65,0.0111442,0.594254,111627.0
300421.SZ,20260506,93300,23.81,2221473.0,23.78,0.0405119,1.174,23030.3
300422.SZ,20260506,376800,5.63,2121384.0,5.6,0.072926,0.636401,51668.8
300423.SZ,20260506,29400,7.88,231672.0,7.83,0.0088238,0.253434,33319.0
300424.SZ,20260506,51300,18.48,948024.0,18.37,0.020914,0.433353,24529.1
300425.SZ,20260506,4400,5.02,22088.0,4.98,0.000646357,0.0460654,68073.8
300426.SZ,20260506,84100,7.49,629909.0,7.5,0.021025,1.22217,40000.0
300427.SZ,20260506,62000,11.05,685100.0,10.89,0.0123259,0.273087,50300.5
300428.SZ,20260506,136800,21.36,2922048.0,21.34,0.0229237,1.2938,59676.1
300429.SZ,20260506,60300,14.2,856260.0,14.11,0.0150574,0.404659,40046.7
300432.SZ,20260506,273655,28.22,7722544.1,28.12,0.0161859,0.408333,169070.0
300433.SZ,20260506,346700,25.9,8979530.0,25.69,0.00697628,0.56824,496970.0
300434.SZ,20260506,159600,11.38,1816248.0,11.44,0.046651,0.461155,34211.5
300435.SZ,20260506,69600,23.57,1640472.0,23.5,0.0188713,0.288491,36881.4
300436.SZ,20260506,163400,115.1,18807340.0,117.3,0.119513,1.80377,13672.2
300437.SZ,20260506,99800,16.1,1606780.0,16.04,0.0574387,0.711493,17375.1
300438.SZ,20260506,894700,82.98,74242206.0,86.1,0.22137,1.77592,40416.4
300439.SZ,20260506,20400,10.08,205632.0,10.09,0.00697837,0.484249,29233.2
300440.SZ,20260506,81400,18.58,1512412.0,18.3,0.018592,0.479176,43782.2
300441.SZ,20260506,51000,6.99,356490.0,7.0,0.00814782,0.899433,62593.4
300442.SZ,20260506,836900,93.0,77831700.0,89.06,0.0513491,1.80715,162982.0
300443.SZ,20260506,50800,30.3,1539240.0,30.28,0.0209248,0.371848,24277.4
300444.SZ,20260506,300200,15.96,4791192.0,15.77,0.0483066,0.264934,62144.7
300445.SZ,20260506,17200,22.1,380120.0,21.88,0.0122375,0.367301,14055.2
300446.SZ,20260506,21600,18.99,410184.0,18.99,0.0057822,0.192773,37356.0
300447.SZ,20260506,20700,19.28,399096.0,19.25,0.0102754,0.204236,20145.3
300448.SZ,20260506,26700,8.17,218139.0,8.11,0.00415521,0.0860998,64256.7
300449.SZ,20260506,79300,7.56,599508.0,7.54,0.0205421,0.810105,38603.6
300450.SZ,20260506,960100,55.1,52901510.0,55.22,0.061568,1.58867,155941.0
300451.SZ,20260506,153500,4.45,683075.0,4.41,0.0100544,0.65723,152669.0
300452.SZ,20260506,10000,14.13,141300.0,14.11,0.00503448,0.208258,19863.0
300453.SZ,20260506,56700,10.11,573237.0,10.08,0.0157561,0.299648,35986.0
300454.SZ,20260506,138800,121.0,16794800.0,117.18,0.048194,0.821521,28800.3
300455.SZ,20260506,39100,26.38,1031458.0,26.29,0.00551775,0.363824,70862.2
300456.SZ,20260506,746550,47.7,35610435.0,45.82,0.124956,1.56877,59744.9
300457.SZ,20260506,96000,29.04,2787840.0,28.99,0.0151218,0.438274,63484.6
300458.SZ,20260506,580085,36.5,21173102.5,35.8,0.0732519,1.41712,79190.4
300459.SZ,20260506,730800,4.23,3091284.0,4.22,0.0222317,0.579446,328719.0
300460.SZ,20260506,36800,9.39,345552.0,9.39,0.0131052,0.456118,28080.4
300461.SZ,20260506,134400,52.22,7018368.0,52.78,0.0935261,1.48027,14370.3
300462.SZ,20260506,300,13.03,3909.0,13.16,0.000217338,0.00769897,13803.4
300463.SZ,20260506,10700,10.52,112564.0,10.49,0.00217703,0.187086,49149.4
300464.SZ,20260506,31300,7.94,248522.0,7.91,0.0088084,0.254204,35534.3
300465.SZ,20260506,26700,14.3,381810.0,14.22,0.00601691,0.274165,44374.9
300466.SZ,20260506,28500,9.13,260205.0,9.12,0.00634925,0.253003,44887.2
300467.SZ,20260506,50100,38.31,1919331.0,37.29,0.0294322,0.362124,17022.2
300468.SZ,20260506,104200,28.78,2998876.0,28.47,0.0196682,0.597255,52979.0
300469.SZ,20260506,84816,60.27,5111860.32,59.67,0.0341843,0.644782,24811.4
300470.SZ,20260506,18600,33.97,631842.0,33.96,0.00943471,0.513686,19714.4
300471.SZ,20260506,25600,12.01,307456.0,11.98,0.006984,0.309529,36655.2
300472.SZ,20260506,24700,8.11,200317.0,8.12,0.0100429,0.361031,24594.5
300473.SZ,20260506,13000,33.25,432250.0,33.15,0.00863694,0.300761,15051.6
300474.SZ,20260506,271200,67.58,18327696.0,65.98,0.0667201,2.03106,40647.4
300475.SZ,20260506,1039900,188.99,196530701.0,174.7,0.233486,1.98792,44538.0
300476.SZ,20260506,639599,334.01,213632461.99,328.49,0.0739254,1.52309,86519.5
300477.SZ,20260506,2631100,2.81,7393391.0,2.76,0.265496,3.39888,99101.3
300478.SZ,20260506,2300,30.13,69299.0,29.91,0.0018157,0.0740647,12667.3
300479.SZ,20260506,2700,17.6,47520.0,17.31,0.00137106,0.0347622,19692.8
300480.SZ,20260506,219500,36.12,7928340.0,35.87,0.0812476,0.834495,27016.2
300481.SZ,20260506,35500,14.7,521850.0,14.6,0.0122382,0.401694,29007.6
300482.SZ,20260506,6000,18.35,110100.0,18.29,0.00139512,0.0908077,43007.1
300483.SZ,20260506,299200,22.05,6597360.0,22.68,0.078391,0.805404,38167.6
300484.SZ,20260506,6200,16.6,102920.0,16.58,0.00372702,0.129764,16635.3
300485.SZ,20260506,15200,10.92,165984.0,10.91,0.00555115,0.169099,27381.7
300486.SZ,20260506,50000,23.16,1158000.0,23.16,0.0104821,0.477425,47700.6
300487.SZ,20260506,8700,64.46,560802.0,63.75,0.0028245,0.199578,30801.9
300488.SZ,20260506,25400,30.7,779780.0,30.46,0.0156545,0.520082,16225.3
300489.SZ,20260506,134300,101.32,13607276.0,96.8,0.0968638,0.929828,13864.8
300490.SZ,20260506,176000,20.14,3544640.0,19.9,0.0447549,0.569019,39325.3
300491.SZ,20260506,127650,26.44,3375066.0,25.79,0.0818324,1.56133,15599.0
300492.SZ,20260506,10700,49.79,532753.0,49.78,0.00544028,0.45033,19668.1
300493.SZ,20260506,96900,16.45,1594005.0,16.19,0.0191271,0.889436,50661.1
300494.SZ,20260506,44500,11.1,493950.0,11.03,0.0111711,0.377351,39834.8
300496.SZ,20260506,96100,64.79,6226319.0,63.91,0.0260701,0.734061,36862.1
300497.SZ,20260506,272100,19.4,5278740.0,19.32,0.0601273,0.462084,45254.0
300498.SZ,20260506,246100,16.44,4045884.0,16.44,0.00413662,0.476018,594930.0
300499.SZ,20260506,304200,39.88,12131496.0,38.45,0.112082,1.17202,27140.8
300500.SZ,20260506,131200,11.91,1562592.0,11.71,0.0782826,1.7091,16759.8
300501.SZ,20260506,27400,13.75,376750.0,13.74,0.0192045,0.214775,14267.5
300502.SZ,20260506,518500,539.9,279938150.0,525.79,0.0585617,1.11859,88539.1
300503.SZ,20260506,165000,63.25,10436250.0,62.65,0.0684718,0.777488,24097.5
300504.SZ,20260506,88200,17.26,1522332.0,17.26,0.0404121,0.589538,21825.2
300505.SZ,20260506,100300,25.5,2557650.0,25.29,0.0461444,0.587008,21736.1
300506.SZ,20260506,119400,4.7,561180.0,4.64,0.0162516,1.41844,73469.6
300507.SZ,20260506,39400,8.19,322686.0,8.16,0.00508393,0.335981,77499.2
300508.SZ,20260506,11700,32.46,379782.0,32.1,0.0142928,0.514359,8185.91
300509.SZ,20260506,30200,11.48,346696.0,11.39,0.0122216,0.292669,24710.4
300510.SZ,20260506,67600,4.21,284596.0,4.18,0.00819701,0.322865,82469.1
300511.SZ,20260506,476000,8.0,3808000.0,8.03,0.087179,0.792638,54600.3
300512.SZ,20260506,27600,9.27,255852.0,9.29,0.00852096,0.622708,32390.7
300513.SZ,20260506,32300,9.1,293930.0,9.08,0.011243,0.472222,28728.9
300514.SZ,20260506,35700,12.76,455532.0,12.47,0.0222765,0.71053,16025.8
300515.SZ,20260506,6000,17.26,103560.0,17.13,0.00297386,0.240397,20175.8
300516.SZ,20260506,36700,52.0,1908400.0,51.4,0.0203889,0.678904,18000.0
300517.SZ,20260506,68300,12.48,852384.0,12.48,0.0541015,1.33978,12624.4
300518.SZ,20260506,54000,25.0,1350000.0,24.93,0.027085,0.36598,19937.2
300519.SZ,20260506,27400,16.33,447442.0,16.31,0.024014,0.843209,11410.0
300520.SZ,20260506,188000,35.95,6758600.0,34.9,0.0666149,1.76635,28221.9
300521.SZ,20260506,5200,28.99,150748.0,28.9,0.00351696,0.161768,14785.5
300522.SZ,20260506,127500,13.25,1689375.0,13.21,0.0484596,2.40113,26310.6
300523.SZ,20260506,26700,22.11,590337.0,21.93,0.0114909,0.513944,23235.8
300525.SZ,20260506,55900,10.1,564590.0,10.05,0.00896773,0.430857,62334.6
300527.SZ,20260506,34700,8.16,283152.0,8.15,0.00341277,0.302019,101677.0
300528.SZ,20260506,72200,15.41,1112602.0,15.7,0.0193769,0.858671,37260.8
300529.SZ,20260506,36700,19.21,705007.0,19.04,0.00716122,0.461744,51248.2
300530.SZ,20260506,3392,23.71,80424.32,23.61,0.00197265,0.14155,17195.1
300531.SZ,20260506,51200,19.16,980992.0,18.93,0.0164309,0.389731,31160.8
300532.SZ,20260506,172120,8.06,1387287.2,8.04,0.0284627,1.95697,60472.2
300533.SZ,20260506,71900,27.14,1951366.0,26.61,0.0435827,0.584465,16497.4
300534.SZ,20260506,87200,9.44,823168.0,9.47,0.0288693,1.30487,30205.1
300535.SZ,20260506,37600,20.29,762904.0,19.79,0.0463276,0.879673,8116.1
300536.SZ,20260506,375228,10.2,3827325.6,10.16,0.127948,2.69745,29326.7
300537.SZ,20260506,34200,22.78,779076.0,22.52,0.0225349,0.635934,15176.4
300538.SZ,20260506,49800,16.6,826680.0,16.34,0.041162,1.09012,12098.5
300539.SZ,20260506,17600,29.2,513920.0,29.19,0.00807754,0.209995,21788.8
300540.SZ,20260506,594900,34.11,20292039.0,33.44,0.287771,1.67866,20672.7
300541.SZ,20260506,123931,12.19,1510718.89,12.11,0.0320677,0.66446,38646.7
300542.SZ,20260506,17800,15.4,274120.0,15.27,0.00718954,0.515228,24758.2
300543.SZ,20260506,12300,9.77,120171.0,9.73,0.00491609,0.136071,25019.9
300545.SZ,20260506,35600,34.22,1218232.0,33.92,0.0297761,0.397823,11955.9
300546.SZ,20260506,6100,19.9,121390.0,19.74,0.00455516,0.194789,13391.4
300547.SZ,20260506,198700,40.36,8019532.0,38.92,0.111489,1.10003,17822.4
300548.SZ,20260506,92300,261.0,24090300.0,256.69,0.0342766,0.518946,26928.0
300549.SZ,20260506,37300,18.21,679233.0,18.21,0.0369109,1.55781,10105.4
300550.SZ,20260506,70200,13.89,975078.0,13.82,0.0267632,0.463701,26230.1
300551.SZ,20260506,108500,14.43,1565655.0,14.35,0.031999,1.10245,33907.3
300552.SZ,20260506,20100,26.85,539685.0,26.56,0.0148792,0.351246,13508.8
300553.SZ,20260506,69800,44.15,3081670.0,44.1,0.0822189,2.09738,8489.54
300554.SZ,20260506,42500,25.6,1088000.0,25.35,0.0537329,0.753508,7909.49
300555.SZ,20260506,7200,13.5,97200.0,13.47,0.00363664,0.334528,19798.5
300556.SZ,20260506,29900,20.2,603980.0,20.07,0.027556,0.385732,10850.6
300557.SZ,20260506,5500,35.55,195525.0,35.28,0.00460684,0.180396,11938.8
300558.SZ,20260506,185200,52.12,9652624.0,51.94,0.0441591,1.06026,41939.3
300559.SZ,20260506,92600,13.87,1284362.0,13.97,0.0297618,0.414608,31113.7
300560.SZ,20260506,29700,14.55,432135.0,14.41,0.0158853,0.291283,18696.5
300561.SZ,20260506,125400,16.93,2123022.0,17.06,0.0520208,1.16226,24105.8
300562.SZ,20260506,64800,14.4,933120.0,14.29,0.0397652,0.519877,16295.7
300563.SZ,20260506,13700,32.55,445935.0,32.32,0.0106909,0.45182,12814.6
300564.SZ,20260506,21600,15.83,341928.0,15.89,0.0190827,0.472344,11319.2
300565.SZ,20260506,48400,12.75,617100.0,12.71,0.021209,0.375161,22820.5
300566.SZ,20260506,87100,19.29,1680159.0,19.05,0.0384241,1.46468,22668.0
300567.SZ,20260506,114200,149.0,17015800.0,145.05,0.0502975,0.888376,22704.9
300568.SZ,20260506,464200,16.56,7687152.0,16.43,0.0384093,0.503818,120856.0
300569.SZ,20260506,104100,6.21,646461.0,6.18,0.0102095,0.35787,101964.0
300570.SZ,20260506,125600,138.51,17396856.0,135.92,0.065351,0.481496,19219.3
300571.SZ,20260506,627700,49.93,31341061.0,44.35,0.542819,3.14036,11563.7
300572.SZ,20260506,29900,30.59,914641.0,30.58,0.0162855,0.485531,18359.9
300573.SZ,20260506,36680,69.5,2549260.0,69.45,0.0193825,0.438642,18924.3
300575.SZ,20260506,26800,6.71,179828.0,6.68,0.00782006,0.111684,34270.8
300576.SZ,20260506,41300,37.79,1560727.0,37.05,0.0179284,0.28791,23036.1
300577.SZ,20260506,33900,21.0,711900.0,21.2,0.0238456,0.923618,14216.5
300578.SZ,20260506,40200,21.79,875958.0,21.6,0.0202809,0.664653,19821.6
300579.SZ,20260506,7300,26.65,194545.0,26.53,0.00280259,0.22757,26047.3
300580.SZ,20260506,45800,28.83,1320414.0,28.95,0.00969123,0.352641,47259.2
300581.SZ,20260506,75600,12.7,960120.0,12.62,0.0137427,0.790831,55011.0
300582.SZ,20260506,102650,15.11,1551041.5,15.06,0.0463296,0.378907,22156.5
300583.SZ,20260506,18500,15.1,279350.0,15.12,0.00993828,0.424523,18614.9
300584.SZ,20260506,9700,42.51,412347.0,42.27,0.0118134,0.223746,8210.99
300585.SZ,20260506,78800,19.83,1562604.0,19.51,0.0460519,0.689572,17111.1
300586.SZ,20260506,214100,11.6,2483560.0,11.65,0.0400489,0.515574,53459.6
300587.SZ,20260506,112500,6.22,699750.0,6.16,0.0106877,0.354703,105261.0
300588.SZ,20260506,21440,24.14,517561.6,24.11,0.0121252,0.314018,17682.2
300589.SZ,20260506,218100,16.51,3600831.0,16.53,0.0930347,0.911876,23442.9
300590.SZ,20260506,250600,14.79,3706374.0,14.67,0.0707132,0.416221,35438.9
300591.SZ,20260506,157700,8.01,1263177.0,7.92,0.0449999,0.456099,35044.5
300592.SZ,20260506,76500,13.15,1005975.0,13.01,0.021928,0.560067,34886.9
300593.SZ,20260506,46300,29.0,1342700.0,28.59,0.0102829,0.213533,45026.4
300594.SZ,20260506,473400,18.49,8753166.0,18.3,0.520261,5.57513,9099.29
300595.SZ,20260506,213000,14.35,3056550.0,14.42,0.0318626,1.58431,66849.5
300596.SZ,20260506,49200,43.4,2135280.0,43.41,0.0214267,0.624038,22962.0
300597.SZ,20260506,17500,9.9,173250.0,9.83,0.00644871,0.266507,27137.2
300598.SZ,20260506,49200,36.88,1814496.0,36.53,0.0226811,0.822951,21692.1
300599.SZ,20260506,150600,11.91,1793646.0,11.95,0.0476555,0.743692,31601.8
300600.SZ,20260506,59300,12.98,769714.0,12.97,0.020154,0.562971,29423.4
300601.SZ,20260506,37900,14.09,534011.0,14.1,0.00420936,0.2519,90037.4
300602.SZ,20260506,108800,36.03,3920064.0,35.73,0.0275162,0.369243,39540.4
300603.SZ,20260506,254900,10.29,2622921.0,10.2,0.0681676,0.923525,37393.1
300604.SZ,20260506,239100,177.7,42488070.0,174.2,0.0488486,0.739066,48947.1
300605.SZ,20260506,46300,13.41,620883.0,13.17,0.0366349,0.405473,12638.2
300606.SZ,20260506,58300,38.75,2259125.0,37.72,0.0495435,0.447206,11767.4
300607.SZ,20260506,195900,29.03,5686977.0,29.18,0.0580446,0.944296,33749.9
300608.SZ,20260506,65000,13.53,879450.0,13.44,0.0226026,0.36283,28757.7
300609.SZ,20260506,29300,43.01,1260193.0,42.99,0.0244311,0.414367,11992.9
300610.SZ,20260506,51600,12.46,642936.0,12.34,0.0307832,1.2314,16762.4
300611.SZ,20260506,8900,25.03,222767.0,24.9,0.00600123,0.165006,14830.3
300612.SZ,20260506,27000,15.32,413640.0,15.19,0.01501,0.371125,17987.9
300613.SZ,20260506,333000,60.5,20146500.0,59.05,0.151639,0.99491,21960.0
300614.SZ,20260506,37600,14.05,528280.0,13.84,0.0234355,0.837788,16044.1
300615.SZ,20260506,20700,13.84,286488.0,13.72,0.013683,0.278484,15128.3
300616.SZ,20260506,35300,13.82,487846.0,13.61,0.0227425,0.330868,15521.6
300617.SZ,20260506,300100,68.2,20466820.0,60.32,0.216018,3.8754,13892.4
300618.SZ,20260506,174900,48.03,8400447.0,48.18,0.0641843,1.16023,27249.7
300619.SZ,20260506,21900,41.42,907098.0,41.03,0.0149502,0.163179,14648.6
300620.SZ,20260506,146800,241.0,35378800.0,237.96,0.0594084,0.979251,24710.3
300621.SZ,20260506,50700,9.13,462891.0,9.09,0.0250334,0.871254,20252.9
300622.SZ,20260506,7600,24.9,189240.0,24.78,0.00487891,0.149376,15577.3
300623.SZ,20260506,186600,29.69,5540154.0,28.95,0.0243172,0.863754,76735.7
300624.SZ,20260506,50200,64.9,3257980.0,63.92,0.0293167,0.576786,17123.3
300625.SZ,20260506,8800,11.95,105160.0,11.86,0.00543305,0.294899,16197.2
300626.SZ,20260506,67500,26.13,1763775.0,26.78,0.0375205,0.776768,17990.2
300627.SZ,20260506,56900,31.74,1806006.0,31.69,0.00877929,0.380526,64811.6
300628.SZ,20260506,53140,36.69,1949706.6,36.53,0.00732203,0.594291,72575.5
300629.SZ,20260506,53500,25.49,1363715.0,25.13,0.0246784,0.464664,21678.9
300631.SZ,20260506,261800,29.6,7749280.0,28.25,0.216399,7.86422,12098.0
300632.SZ,20260506,2449700,24.99,61218003.0,24.47,1.10748,10.317,22119.6
300633.SZ,20260506,7200,24.4,175680.0,24.35,0.00268666,0.0901202,26799.1
300634.SZ,20260506,153300,22.92,3513636.0,22.59,0.0353003,0.848324,43427.4
300635.SZ,20260506,46700,14.73,687891.0,14.74,0.0387828,0.816776,12041.4
300636.SZ,20260506,73000,7.92,578160.0,7.82,0.0198716,0.976604,36735.8
300637.SZ,20260506,16700,11.12,185704.0,11.05,0.0071219,0.2203,23448.8
300638.SZ,20260506,89400,22.49,2010606.0,22.45,0.0168537,0.427049,53044.9
300639.SZ,20260506,15900,6.08,96672.0,6.06,0.00250329,0.102663,63516.4
300640.SZ,20260506,152400,7.5,1143000.0,7.4,0.0690376,1.51825,22074.9
300641.SZ,20260506,36300,17.5,635250.0,17.5,0.00690712,0.255069,52554.5
300642.SZ,20260506,5900,16.58,97822.0,16.51,0.00428446,0.146671,13770.7
300643.SZ,20260506,43800,17.77,778326.0,17.85,0.0189836,0.748977,23072.6
300644.SZ,20260506,2000,28.3,56600.0,28.11,0.00225779,0.0491439,8858.24
300645.SZ,20260506,31200,16.9,527280.0,16.6,0.0223944,0.565974,13932.0
300647.SZ,20260506,85300,7.12,607336.0,7.07,0.0186798,0.513105,45664.2
300648.SZ,20260506,6400,49.97,319808.0,49.46,0.00482338,0.248941,13268.7
300649.SZ,20260506,20000,19.19,383800.0,19.19,0.0188477,0.178893,10611.4
300650.SZ,20260506,58800,16.24,954912.0,15.92,0.0345181,0.91959,17034.5
300651.SZ,20260506,676900,34.0,23014600.0,36.08,0.654786,3.38955,10337.7
300652.SZ,20260506,13100,39.5,517450.0,39.43,0.0109424,0.468681,11971.8
300653.SZ,20260506,12700,18.49,234823.0,18.35,0.00705556,0.757897,18000.0
300654.SZ,20260506,28100,10.96,307976.0,10.96,0.00796855,0.161819,35263.6
300655.SZ,20260506,270580,14.71,3980231.8,14.42,0.0253616,0.525738,106689.0
300656.SZ,20260506,109300,25.43,2779499.0,25.29,0.0822436,1.8847,13289.8
300657.SZ,20260506,288100,36.39,10483959.0,35.76,0.0614936,0.728219,46850.4
300658.SZ,20260506,44000,21.9,963600.0,21.73,0.0199236,0.234161,22084.4
300659.SZ,20260506,47400,13.19,625206.0,13.08,0.0250477,0.705211,18923.9
300660.SZ,20260506,24200,42.73,1034066.0,42.53,0.00541655,0.436582,44677.9
300661.SZ,20260506,489800,93.88,45982424.0,91.94,0.0817656,1.24984,59902.9
300662.SZ,20260506,27800,24.45,679710.0,24.34,0.0141667,0.565028,19623.5
300663.SZ,20260506,1708500,10.26,17529210.0,12.82,0.37169,14.8719,45965.7
300664.SZ,20260506,13500,5.63,76005.0,5.6,0.00179408,0.0628524,75247.6
300665.SZ,20260506,92200,8.6,792920.0,8.49,0.0422798,1.00597,21807.1
300666.SZ,20260506,236600,185.0,43771000.0,179.71,0.107003,1.49503,22111.6
300667.SZ,20260506,214400,19.01,4075744.0,19.24,0.124196,1.26044,17263.0
300668.SZ,20260506,191200,57.51,10995912.0,55.29,0.191787,2.84967,9969.39
300669.SZ,20260506,100,32.36,3236.0,32.28,5.47945e-05,0.00902612,18250.0
300670.SZ,20260506,87400,7.3,638020.0,7.24,0.0388973,0.690099,22469.4
300671.SZ,20260506,102500,47.24,4842100.0,46.53,0.046434,0.633843,22074.3
300672.SZ,20260506,144100,185.0,26658500.0,178.31,0.0685089,0.88182,21033.8
300673.SZ,20260506,6300,16.27,102501.0,16.12,0.00392686,0.14381,16043.3
300674.SZ,20260506,65100,19.65,1279215.0,19.47,0.00926016,0.667078,70301.2
300675.SZ,20260506,45100,16.58,747758.0,16.48,0.03075,1.12803,14666.7
300676.SZ,20260506,37100,39.93,1481403.0,39.94,0.00891729,0.549957,41604.6
300677.SZ,20260506,57700,57.46,3315442.0,57.02,0.0123923,0.415609,46561.3
300678.SZ,20260506,34100,28.7,978670.0,28.52,0.0117103,0.64043,29119.7
300679.SZ,20260506,117500,45.05,5293375.0,45.0,0.0326896,0.420797,35944.1
300680.SZ,20260506,62100,40.5,2515050.0,40.1,0.0353166,0.694517,17583.8
300681.SZ,20260506,42600,30.81,1312506.0,30.66,0.018458,0.292776,23079.5
300682.SZ,20260506,74200,13.8,1023960.0,13.64,0.00719463,0.287313,103132.0
300683.SZ,20260506,20900,35.08,733172.0,35.34,0.0171222,0.212209,12206.4
300684.SZ,20260506,119700,55.19,6606243.0,54.38,0.0585894,0.964906,20430.3
300685.SZ,20260506,31800,20.28,644904.0,20.21,0.00816281,0.295222,38957.2
300686.SZ,20260506,56900,18.1,1029890.0,17.8,0.0334856,0.471427,16992.4
300687.SZ,20260506,175600,25.0,4390000.0,25.24,0.053715,0.739949,32691.1
300688.SZ,20260506,14900,26.05,388145.0,25.99,0.0100419,0.197329,14837.8
300689.SZ,20260506,61900,53.52,3312888.0,53.76,0.0611768,2.14314,10118.2
300690.SZ,20260506,18800,28.9,543320.0,28.69,0.0169594,0.391368,11085.3
300691.SZ,20260506,17200,16.45,282940.0,16.4,0.00779204,0.334444,22073.8
300692.SZ,20260506,59300,9.12,540816.0,9.11,0.0115572,0.211724,51310.2
300693.SZ,20260506,28600,46.85,1339910.0,46.47,0.0106378,0.198622,26885.3
300694.SZ,20260506,26600,12.8,340480.0,12.74,0.0122703,0.387245,21678.4
300695.SZ,20260506,3000,60.85,182550.0,60.47,0.00293379,0.160085,10225.7
300696.SZ,20260506,84400,40.0,3376000.0,39.25,0.0317296,0.911593,26599.8
300697.SZ,20260506,38100,16.15,615315.0,16.13,0.0115022,0.671131,33124.0
300698.SZ,20260506,15100,38.24,577424.0,37.68,0.0127377,0.361318,11854.6
300699.SZ,20260506,112000,33.19,3717280.0,33.0,0.0136351,0.4646,82141.1
300700.SZ,20260506,41500,17.66,732890.0,17.36,0.0153357,0.345934,27061.0
300701.SZ,20260506,22600,12.1,273460.0,12.03,0.00907187,0.439888,24912.2
300702.SZ,20260506,5500,21.2,116600.0,21.09,0.00261394,0.152757,21041.0
300703.SZ,20260506,134700,18.02,2427294.0,17.93,0.0810116,1.80282,16627.2
300705.SZ,20260506,25460,12.87,327670.2,12.85,0.00690182,0.391534,36888.8
300706.SZ,20260506,265900,43.43,11548037.0,42.5,0.234076,1.56038,11359.6
300707.SZ,20260506,46500,15.4,716100.0,15.19,0.0318921,0.530725,14580.4
300708.SZ,20260506,99900,8.92,891108.0,8.85,0.0140701,0.331412,71001.4
300709.SZ,20260506,42400,42.0,1780800.0,41.58,0.0284036,0.452214,14927.7
300710.SZ,20260506,22600,32.87,742862.0,32.79,0.030303,0.37337,7458.0
300711.SZ,20260506,16400,21.0,344400.0,20.87,0.00660157,0.247821,24842.6
300712.SZ,20260506,6100,26.85,163785.0,26.64,0.00326658,0.160491,18674.0
300713.SZ,20260506,12200,17.48,213256.0,17.31,0.0141244,0.305831,8637.56
300715.SZ,20260506,49500,13.9,688050.0,13.8,0.0158168,0.61262,31295.9
300717.SZ,20260506,11000,22.21,244310.0,22.08,0.0107998,0.441888,10185.3
300718.SZ,20260506,59800,69.98,4184804.0,70.52,0.0304082,1.73794,19665.7
300719.SZ,20260506,4500,15.39,69255.0,15.34,0.00250564,0.0991299,17959.5
300720.SZ,20260506,85300,65.0,5544500.0,63.12,0.0463221,0.641059,18414.5
300721.SZ,20260506,522940,20.79,10871922.6,20.0,0.377979,1.28433,13835.2
300722.SZ,20260506,45300,28.97,1312341.0,28.27,0.0163682,1.1768,27675.6
300723.SZ,20260506,220100,40.5,8914050.0,41.45,0.0525062,0.760988,41918.9
300724.SZ,20260506,70200,93.47,6561594.0,93.24,0.0243992,0.454446,28771.4
300725.SZ,20260506,56900,39.88,2269172.0,39.85,0.0280692,0.549554,20271.3
300726.SZ,20260506,57500,49.83,2865225.0,49.16,0.0268142,0.577989,21443.8
300727.SZ,20260506,9300,34.38,319734.0,34.18,0.00573688,0.336224,16210.9
300729.SZ,20260506,110700,12.38,1370466.0,12.39,0.0336558,2.6131,32891.8
300730.SZ,20260506,27400,13.45,368530.0,13.45,0.0132524,0.484513,20675.5
300731.SZ,20260506,23200,70.93,1645576.0,70.56,0.0193045,0.24185,12017.9
300732.SZ,20260506,35500,7.53,267315.0,7.49,0.00959072,0.267901,37015.0
300733.SZ,20260506,160200,20.34,3258468.0,20.0,0.0710382,1.11154,22551.2
300735.SZ,20260506,31900,20.98,669262.0,20.81,0.00421168,0.221119,75741.7
300736.SZ,20260506,20600,28.23,581538.0,27.6,0.0165187,0.183902,12470.7
300737.SZ,20260506,65500,6.86,449330.0,6.81,0.00738534,0.224325,88689.2
300738.SZ,20260506,823700,25.65,21127905.0,24.94,0.0836345,0.841199,98488.1
300739.SZ,20260506,57200,27.67,1582724.0,27.13,0.0166687,0.275395,34315.8
300740.SZ,20260506,211100,25.6,5404160.0,25.66,0.0584275,1.17768,36130.3
300741.SZ,20260506,9700,16.58,160826.0,16.58,0.00157499,0.368988,61587.7
300743.SZ,20260506,24700,19.74,487578.0,19.65,0.0193861,0.775794,12741.1
300745.SZ,20260506,141500,36.91,5222765.0,33.66,0.0994297,1.18361,14231.2
300746.SZ,20260506,19200,12.58,241536.0,12.48,0.00858886,0.418756,22354.5
300747.SZ,20260506,236800,36.39,8617152.0,36.0,0.0453659,0.92212,52197.8
300748.SZ,20260506,298100,33.5,9986350.0,32.96,0.0263798,0.889494,113003.0
300749.SZ,20260506,20500,24.39,499995.0,24.29,0.0130245,0.237319,15739.6
300750.SZ,20260506,2321200,457.5,1061949000.0,436.0,0.0545286,6.62967,425685.0
300751.SZ,20260506,90100,237.06,21359106.0,238.88,0.0465989,0.921208,19335.2
300752.SZ,20260506,10200,19.75,201450.0,19.38,0.00648589,0.214106,15726.5
300753.SZ,20260506,14600,27.28,398288.0,27.28,0.0166109,0.46445,8789.4
300755.SZ,20260506,19900,13.65,271635.0,13.66,0.00477698,0.443259,41658.1
300756.SZ,20260506,3800,54.29,206302.0,53.74,0.00289573,0.0979545,13122.8
300757.SZ,20260506,54800,490.0,26852000.0,482.1,0.036375,0.772178,15065.3
300758.SZ,20260506,51700,13.48,696916.0,13.32,0.0143714,0.203339,35974.2
300759.SZ,20260506,730400,28.33,20692232.0,29.31,0.0514355,1.78945,142003.0
300760.SZ,20260506,91800,168.39,15458202.0,168.4,0.00757801,0.773964,121140.0
300761.SZ,20260506,60300,22.6,1362780.0,22.75,0.00960172,0.639193,62801.3
300762.SZ,20260506,1159900,43.14,50038086.0,43.42,0.184708,2.77515,62796.6
300763.SZ,20260506,107600,94.58,10176808.0,95.06,0.0334584,0.391324,32159.4
300765.SZ,20260506,11200,30.4,340480.0,30.37,0.000797384,0.114377,140459.0
300766.SZ,20260506,231000,29.8,6883800.0,29.22,0.0645365,0.449897,35793.7
300767.SZ,20260506,20100,23.55,473355.0,23.28,0.00837878,0.164313,23989.2
300768.SZ,20260506,14950,17.32,258934.0,17.22,0.00355387,0.307744,42066.8
300769.SZ,20260506,1292241,72.34,93480713.94,71.95,0.513288,3.04293,25175.7
300770.SZ,20260506,10100,38.06,384406.0,37.95,0.00443296,0.353528,22783.9
300771.SZ,20260506,26100,14.03,366183.0,14.0,0.0146159,0.487785,17857.3
300772.SZ,20260506,149090,16.24,2421221.6,16.22,0.0213634,0.566825,69787.6
300773.SZ,20260506,145400,27.1,3940340.0,26.94,0.0197942,0.411328,73455.8
300774.SZ,20260506,26000,16.52,429520.0,16.2,0.0133415,0.264235,19488.0
300775.SZ,20260506,159238,29.82,4748477.16,29.82,0.0299522,0.479922,53164.1
300776.SZ,20260506,92220,106.6,9830652.0,104.6,0.0548652,0.831773,16808.5
300777.SZ,20260506,69000,37.33,2575770.0,37.04,0.0163358,0.432798,42238.6
300778.SZ,20260506,61500,13.14,808110.0,13.05,0.0302055,0.647231,20360.5
300779.SZ,20260506,33900,69.82,2366898.0,69.82,0.0210671,0.346076,16091.4
300780.SZ,20260506,131400,25.59,3362526.0,25.08,0.122195,1.08869,10753.3
300781.SZ,20260506,10100,34.5,348450.0,34.22,0.00833763,0.204505,12113.7
300782.SZ,20260506,194100,101.8,19759380.0,99.62,0.043302,0.855826,44824.8
300783.SZ,20260506,37800,19.35,731430.0,19.41,0.0134864,0.332594,28028.2
300784.SZ,20260506,2900,51.2,148480.0,50.47,0.0172465,0.393185,1681.5
300785.SZ,20260506,20200,50.0,1010000.0,49.32,0.0165121,0.235627,12233.4
300786.SZ,20260506,44300,16.58,734494.0,16.38,0.0302608,0.541619,14639.4
300787.SZ,20260506,13800,10.98,151524.0,10.91,0.00702173,0.128267,19653.3
300788.SZ,20260506,9000,35.5,319500.0,35.58,0.00473307,0.184483,19015.2
300789.SZ,20260506,4400,22.91,100804.0,22.75,0.00515616,0.187326,8533.49
300790.SZ,20260506,64100,29.4,1884540.0,29.0,0.019746,0.489006,32462.2
300791.SZ,20260506,6800,19.48,132464.0,19.5,0.00264918,0.350211,25668.3
300792.SZ,20260506,32800,35.01,1148328.0,34.77,0.0154328,0.708649,21253.4
300793.SZ,20260506,13700,14.12,193444.0,14.08,0.00368193,0.219422,37208.7
300795.SZ,20260506,9000,10.99,98910.0,10.89,0.00517285,0.164959,17398.5
300796.SZ,20260506,34500,9.0,310500.0,9.0,0.00955301,0.390649,36114.3
300797.SZ,20260506,7800,15.92,124176.0,15.87,0.00206081,0.275421,37849.2
300798.SZ,20260506,593200,10.13,6009116.0,10.19,0.155526,1.71137,38141.6
300800.SZ,20260506,23300,12.89,300337.0,12.81,0.00994424,0.477779,23430.7
300801.SZ,20260506,23900,30.3,724170.0,30.3,0.0174606,0.226669,13687.9
300802.SZ,20260506,13620,20.22,275396.4,20.09,0.00699477,0.185109,19471.7
300803.SZ,20260506,86959,98.81,8592418.79,98.39,0.0143653,0.598153,60533.9
300804.SZ,20260506,54200,52.08,2822736.0,51.8,0.197091,1.50833,2750.0
300805.SZ,20260506,3200,10.5,33600.0,10.4,0.00110976,0.0389283,28835.1
300806.SZ,20260506,144400,77.0,11118800.0,74.2,0.0456364,0.770055,31641.4
300808.SZ,20260506,1100,25.76,28336.0,25.79,0.00092515,0.0299799,11890.0
300809.SZ,20260506,28800,32.3,930240.0,32.05,0.0191274,0.557917,15057.0
300810.SZ,20260506,3400,33.09,112506.0,32.9,0.00298234,0.0862835,11400.4
300811.SZ,20260506,102150,97.8,9990270.0,96.61,0.0429736,1.01142,23770.4
300812.SZ,20260506,57700,35.73,2061621.0,35.02,0.0653186,0.758527,8833.63
300813.SZ,20260506,46000,26.02,1196920.0,25.6,0.0604857,1.92758,7605.11
300814.SZ,20260506,88300,108.8,9607040.0,108.1,0.0461265,1.00788,19143.0
300815.SZ,20260506,12500,21.47,268375.0,21.39,0.00320201,0.242475,39038.0
300816.SZ,20260506,18200,72.19,1313858.0,72.35,0.0321166,0.527029,5666.86
300817.SZ,20260506,4700,20.23,95081.0,20.18,0.00375216,0.121801,12526.1
300818.SZ,20260506,1300,33.45,43485.0,33.05,0.00118741,0.0457203,10948.2
300819.SZ,20260506,19400,57.3,1111620.0,56.94,0.0143957,0.267241,13476.2
300820.SZ,20260506,75300,49.25,3708525.0,49.25,0.0673647,1.38178,11178.0
300821.SZ,20260506,660400,14.98,9892792.0,15.18,0.0550429,0.788258,119979.0
300822.SZ,20260506,11100,15.3,169830.0,15.15,0.00384107,0.1873,28898.2
300823.SZ,20260506,73300,18.82,1379506.0,18.81,0.0864495,0.858525,8478.94
300824.SZ,20260506,7400,10.14,75036.0,10.09,0.002338,0.175906,31651.0
300825.SZ,20260506,100750,9.88,995410.0,9.83,0.0207952,0.655524,48448.8
300826.SZ,20260506,4300,17.01,73143.0,17.0,0.00253568,0.126246,16958.0
300827.SZ,20260506,147200,37.83,5568576.0,37.83,0.0382095,0.515345,38524.4
300828.SZ,20260506,23500,21.83,513005.0,21.62,0.0278537,0.442557,8436.93
300829.SZ,20260506,28000,17.52,490560.0,17.39,0.0178636,0.476475,15674.3
300830.SZ,20260506,105200,10.62,1117224.0,10.46,0.0312088,0.69884,33708.5
300831.SZ,20260506,371300,20.63,7659919.0,20.22,0.201264,1.40957,18448.4
300832.SZ,20260506,12100,48.28,584188.0,48.25,0.00177128,0.176688,68312.2
300833.SZ,20260506,12100,37.78,457138.0,37.32,0.0148916,0.358959,8125.37
300834.SZ,20260506,34600,37.13,1284698.0,37.05,0.0179809,0.602273,19242.7
300835.SZ,20260506,72600,102.36,7431336.0,99.23,0.0873182,1.55496,8314.42
300836.SZ,20260506,3400,59.92,203728.0,59.81,0.00535836,0.126041,6345.22
300837.SZ,20260506,3600,34.91,125676.0,34.4,0.00476236,0.139287,7559.28
300838.SZ,20260506,57200,17.79,1017588.0,17.79,0.0562203,1.24429,10174.3
300839.SZ,20260506,43900,14.58,640062.0,14.66,0.0151542,0.501495,28968.9
300840.SZ,20260506,91300,21.54,1966602.0,21.3,0.0515571,0.798837,17708.5
300841.SZ,20260506,5100,57.11,291261.0,57.08,0.00428867,0.341032,11891.8
300842.SZ,20260506,41700,93.05,3880185.0,90.89,0.0322952,0.512809,12912.1
300843.SZ,20260506,209400,83.63,17512122.0,82.34,0.130466,2.00236,16050.2
300844.SZ,20260506,2500,35.2,88000.0,35.14,0.00278239,0.274501,8985.09
300845.SZ,20260506,20107,13.9,279487.3,13.73,0.0139844,0.192053,14378.2
300846.SZ,20260506,155100,27.5,4265250.0,26.75,0.0395656,0.451785,39200.7
300847.SZ,20260506,52900,16.25,859625.0,16.08,0.017871,1.2722,29601.0
300848.SZ,20260506,219400,17.65,3872410.0,17.8,0.0866774,1.42979,25312.3
300849.SZ,20260506,18500,22.98,425130.0,22.88,0.016777,0.508667,11027.0
300850.SZ,20260506,63700,43.0,2739100.0,42.84,0.0211779,0.315204,30078.5
300851.SZ,20260506,18700,30.86,577082.0,30.68,0.0379008,1.14647,4933.94
300852.SZ,20260506,7100,45.94,326174.0,45.57,0.00458194,0.104223,15495.6
300853.SZ,20260506,77600,30.89,2397064.0,29.88,0.0789308,0.616707,9831.4
300854.SZ,20260506,25200,33.65,847980.0,33.85,0.0309603,0.317484,8139.45
300855.SZ,20260506,14800,39.3,581640.0,39.28,0.00505195,0.305261,29295.6
300856.SZ,20260506,43100,14.01,603831.0,13.96,0.00937495,0.427745,45973.6
300857.SZ,20260506,434906,266.2,115771977.2,259.7,0.0902171,1.30618,48206.6
300858.SZ,20260506,49900,17.89,892711.0,17.85,0.025493,0.181339,19574.0
300859.SZ,20260506,73700,31.01,2285437.0,31.36,0.0475484,2.19502,15500.0
300860.SZ,20260506,15500,25.06,388430.0,25.04,0.014166,0.574126,10941.7
300861.SZ,20260506,336400,19.99,6724636.0,19.79,0.0797412,1.32421,42186.5
300862.SZ,20260506,19600,24.08,471968.0,24.08,0.0129398,0.345349,15147.1
300863.SZ,20260506,12300,58.27,716721.0,57.19,0.00680051,0.325239,18086.9
300864.SZ,20260506,14700,22.27,327369.0,22.27,0.00930906,0.648023,15791.1
300865.SZ,20260506,11900,30.78,366282.0,30.44,0.020702,0.196683,5748.22
300866.SZ,20260506,80400,124.49,10008996.0,125.44,0.0261443,1.15515,30752.4
300867.SZ,20260506,63800,20.58,1313004.0,20.57,0.0332937,0.61327,19162.8
300868.SZ,20260506,25900,73.59,1905981.0,72.49,0.0320689,0.714873,8076.35
300869.SZ,20260506,19300,12.94,249742.0,12.91,0.00730677,0.560539,26413.9
300870.SZ,20260506,53800,410.46,22082748.0,404.0,0.0493493,0.950001,10901.9
300871.SZ,20260506,64700,26.56,1718432.0,26.28,0.0320639,0.61991,20178.4
300872.SZ,20260506,352900,17.6,6211040.0,16.51,0.0836173,3.193,42204.2
300873.SZ,20260506,700,21.16,14812.0,21.07,0.000419564,0.0277719,16684.0
300875.SZ,20260506,22800,39.32,896496.0,39.3,0.0259706,0.757302,8779.17
300876.SZ,20260506,13900,30.94,430066.0,30.48,0.0171383,0.398804,8110.49
300877.SZ,20260506,27400,29.45,806930.0,29.77,0.0228335,0.942865,11999.9
300878.SZ,20260506,9100,29.15,265265.0,28.58,0.00631401,0.498483,14412.4
300879.SZ,20260506,6700,24.25,162475.0,24.24,0.00333286,0.198151,20102.8
300880.SZ,20260506,15500,22.5,348750.0,22.35,0.00794397,0.174561,19511.6
300881.SZ,20260506,10300,50.22,517266.0,50.0,0.0179423,0.39106,5740.62
300882.SZ,20260506,59200,18.48,1094016.0,18.24,0.0222283,0.95493,26632.7
300883.SZ,20260506,92300,7.1,655330.0,7.12,0.0279126,0.478141,33067.5
300884.SZ,20260506,31000,13.01,403310.0,12.97,0.0161956,0.56655,19141.0
300885.SZ,20260506,905600,28.91,26180896.0,28.64,0.542218,8.31974,16701.8
300886.SZ,20260506,13230,30.05,397561.5,29.95,0.0303118,0.556346,4364.63
300887.SZ,20260506,11800,9.67,114106.0,9.65,0.00325789,0.108895,36219.7
300888.SZ,20260506,122300,32.1,3925830.0,31.34,0.0210974,3.73204,57969.1
300889.SZ,20260506,32300,24.01,775523.0,23.99,0.0220678,0.780139,14636.7
300890.SZ,20260506,290800,41.09,11948972.0,40.6,0.267119,0.940064,10886.5
300891.SZ,20260506,5600,8.65,48440.0,8.6,0.00167929,0.0796026,33347.4
300892.SZ,20260506,4000,28.36,113440.0,28.35,0.00619555,0.245057,6456.25
300893.SZ,20260506,12000,22.58,270960.0,22.58,0.00478345,0.437755,25086.5
300894.SZ,20260506,7400,10.5,77700.0,10.46,0.0025164,0.141951,29407.1
300895.SZ,20260506,100400,62.66,6291064.0,61.0,0.0726629,0.706376,13817.2
300896.SZ,20260506,7000,114.97,804790.0,115.05,0.0034238,0.241003,20445.1
300897.SZ,20260506,2100,26.77,56217.0,26.54,0.00239574,0.114722,8765.54
300898.SZ,20260506,49600,24.01,1190896.0,24.04,0.0432319,1.11618,11473.0
300899.SZ,20260506,4900,36.65,179585.0,36.65,0.0119699,0.824666,4093.61
300900.SZ,20260506,471800,44.0,20759200.0,44.45,0.183734,1.40642,25678.5
300901.SZ,20260506,6200,16.03,99386.0,16.01,0.00258333,0.114531,24000.0
300902.SZ,20260506,26000,18.27,475020.0,17.9,0.0208341,0.662306,12479.5
300903.SZ,20260506,207600,50.0,10380000.0,49.67,0.0627783,0.567052,33068.8
300904.SZ,20260506,3900,58.89,229671.0,58.7,0.0177408,0.468825,2198.32
300905.SZ,20260506,361900,67.0,24247300.0,68.12,0.259155,2.00293,13964.6
300906.SZ,20260506,29700,35.98,1068606.0,35.63,0.0411417,1.67038,7218.95
300907.SZ,20260506,8000,30.69,245520.0,30.6,0.00833333,0.378005,9600.0
300908.SZ,20260506,7500,28.71,215325.0,28.7,0.00607762,0.573041,12340.3
300909.SZ,20260506,19400,46.77,907338.0,46.88,0.0150225,0.624475,12913.9
300910.SZ,20260506,54300,47.45,2576535.0,46.54,0.0262416,1.23489,20692.4
300911.SZ,20260506,23600,31.58,745288.0,31.26,0.013774,0.314499,17133.7
300912.SZ,20260506,16000,26.28,420480.0,26.3,0.0186186,0.354039,8593.57
300913.SZ,20260506,12900,53.16,685764.0,52.59,0.00504332,0.232719,25578.4
300915.SZ,20260506,4300,24.68,106124.0,24.76,0.00747315,0.281021,5753.93
300916.SZ,20260506,36700,37.15,1363405.0,37.37,0.0392867,0.556795,9341.58
300917.SZ,20260506,89300,33.74,3012982.0,33.72,0.0528402,2.04329,16900.0
300918.SZ,20260506,13700,14.23,194951.0,14.23,0.00270679,0.210024,50613.4
300919.SZ,20260506,159800,64.01,10228798.0,63.73,0.0175124,0.522053,91249.5
300920.SZ,20260506,900,39.0,35100.0,38.79,0.00137052,0.109429,6566.84
300921.SZ,20260506,73721,27.65,2038385.65,26.94,0.0642723,0.614117,11470.1
300922.SZ,20260506,15100,18.7,282370.0,18.67,0.0120921,0.311147,12487.4
300923.SZ,20260506,28500,28.95,825075.0,28.89,0.0373395,1.55093,7632.66
300925.SZ,20260506,42000,18.78,788760.0,18.57,0.0120164,0.247196,34952.3
300926.SZ,20260506,20600,22.95,472770.0,22.77,0.00691306,0.284432,29798.7
300927.SZ,20260506,43200,30.26,1307232.0,30.33,0.0306711,0.470404,14084.9
300928.SZ,20260506,14800,32.22,476856.0,32.27,0.027618,0.905918,5358.82
300929.SZ,20260506,155000,14.29,2214950.0,14.19,0.123644,2.91199,12536.0
300930.SZ,20260506,18700,31.45,588115.0,31.45,0.0396817,1.02397,4712.5
300931.SZ,20260506,85800,15.2,1304160.0,15.1,0.0447315,0.790048,19181.1
300932.SZ,20260506,53000,14.45,765850.0,14.38,0.0232462,0.54894,22799.4
300933.SZ,20260506,88200,8.22,725004.0,8.16,0.0161216,0.6004,54709.0
300935.SZ,20260506,17400,34.5,600300.0,34.31,0.0288751,0.855659,6025.95
300936.SZ,20260506,25300,73.39,1856767.0,72.93,0.0533517,0.823222,4742.12
300937.SZ,20260506,7300,28.0,204400.0,27.77,0.0119702,0.314141,6098.5
300938.SZ,20260506,292400,58.0,16959200.0,56.85,0.138351,1.33563,21134.6
300939.SZ,20260506,9800,39.17,383866.0,38.64,0.00816667,0.262261,12000.0
300940.SZ,20260506,41600,20.08,835328.0,19.77,0.0264161,0.71358,15747.9
300941.SZ,20260506,17500,17.83,312025.0,17.76,0.0141381,0.335833,12377.9
300942.SZ,20260506,68600,7.93,543998.0,7.89,0.0169354,0.771155,40506.9
300943.SZ,20260506,102000,28.8,2937600.0,28.44,0.0764471,1.14209,13342.6
300945.SZ,20260506,29600,15.44,457024.0,15.44,0.0124161,0.397656,23840.0
300946.SZ,20260506,2847,47.66,135688.02,47.65,0.00375572,0.261749,7580.43
300947.SZ,20260506,23700,17.6,417120.0,17.52,0.0156873,0.64933,15107.8
300948.SZ,20260506,16400,20.99,344236.0,20.8,0.0108207,0.375856,15156.2
300949.SZ,20260506,4500,40.77,183465.0,40.63,0.0131191,0.44565,3430.11
300950.SZ,20260506,3100,21.8,67580.0,21.76,0.00341181,0.102836,9086.08
300951.SZ,20260506,11100,33.1,367410.0,32.85,0.00733185,0.266388,15139.4
300952.SZ,20260506,5200,33.79,175708.0,33.5,0.00489978,0.115365,10612.7
300953.SZ,20260506,109050,224.0,24427200.0,220.6,0.0875495,1.60066,12455.8
300955.SZ,20260506,0,,0.0,36.58,0.0,0.0,10080.0
300956.SZ,20260506,8500,15.86,134810.0,15.76,0.00403892,0.14961,21045.2
300957.SZ,20260506,94100,40.6,3820460.0,40.88,0.022336,0.706541,42129.3
300958.SZ,20260506,28700,14.42,413854.0,14.33,0.0315213,0.61194,9104.94
300959.SZ,20260506,114900,91.99,10569651.0,94.37,0.219576,2.30686,5232.82
300960.SZ,20260506,28000,21.05,589400.0,20.99,0.0213939,1.20632,13087.8
300961.SZ,20260506,56000,13.61,762160.0,13.57,0.0368598,0.570213,15192.7
300962.SZ,20260506,11588,16.17,187377.96,16.2,0.00438936,0.561466,26400.2
300963.SZ,20260506,23300,16.85,392605.0,16.84,0.00692644,0.312637,33639.2
300964.SZ,20260506,19200,71.5,1372800.0,71.15,0.0342797,0.529277,5600.98
300966.SZ,20260506,137400,26.75,3675450.0,26.66,0.179217,1.35324,7666.67
300967.SZ,20260506,23300,16.79,391207.0,16.61,0.0186709,0.503131,12479.3
300968.SZ,20260506,7500,11.89,89175.0,11.79,0.00181431,0.131514,41338.0
300969.SZ,20260506,9000,123.51,1111590.0,122.4,0.0168828,0.47333,5330.88
300970.SZ,20260506,140300,35.73,5012919.0,35.3,0.148062,0.685868,9475.74
300971.SZ,20260506,59200,24.88,1472896.0,24.36,0.0641715,1.14152,9225.28
300972.SZ,20260506,21300,223.0,4749900.0,225.97,0.011954,0.812184,17818.4
300973.SZ,20260506,17900,29.85,534315.0,29.78,0.0150972,0.417606,11856.5
300975.SZ,20260506,659400,21.28,14032032.0,20.46,0.134004,1.10227,49207.3
300976.SZ,20260506,13400,64.22,860548.0,63.93,0.0155067,0.478755,8641.42
300977.SZ,20260506,7100,21.21,150591.0,21.12,0.00748929,0.280574,9480.21
300978.SZ,20260506,4000,10.88,43520.0,10.89,0.0013933,0.118415,28708.9
300979.SZ,20260506,12200,38.2,466040.0,38.13,0.00104542,0.465449,116699.0
300980.SZ,20260506,25800,33.17,855786.0,33.21,0.0262351,0.530626,9834.14
300981.SZ,20260506,56600,14.66,829756.0,14.64,0.0144021,0.491163,39299.7
300982.SZ,20260506,209500,23.38,4898110.0,23.15,0.108047,1.97824,19389.7
300983.SZ,20260506,2200,32.45,71390.0,31.98,0.00143969,0.184433,15281.0
300984.SZ,20260506,70700,63.0,4454100.0,63.75,0.0798036,2.12404,8859.25
300985.SZ,20260506,5200,23.49,122148.0,23.05,0.00278802,0.186767,18651.2
300986.SZ,20260506,107600,23.11,2486636.0,22.8,0.0261397,0.520426,41163.4
300987.SZ,20260506,10900,17.2,187480.0,17.1,0.0062872,0.235084,17336.8
300988.SZ,20260506,26800,27.42,734856.0,27.25,0.0247587,0.63797,10824.5
300989.SZ,20260506,6700,15.19,101773.0,15.09,0.00411173,0.112226,16294.9
300990.SZ,20260506,14200,81.91,1163122.0,80.39,0.0184113,0.267924,7712.65
300991.SZ,20260506,14400,51.0,734400.0,50.68,0.0156281,0.429336,9214.2
300992.SZ,20260506,32800,30.59,1003352.0,30.59,0.0423204,0.809593,7750.4
300993.SZ,20260506,12900,12.41,160089.0,12.24,0.00533377,0.308945,24185.5
300994.SZ,20260506,12200,14.05,171410.0,13.87,0.0104574,0.308932,11666.4
300995.SZ,20260506,6600,35.65,235290.0,35.47,0.0109926,0.515817,6004.05
300996.SZ,20260506,78180,12.56,981940.8,12.5,0.0234669,1.15911,33315.0
300997.SZ,20260506,34600,19.6,678160.0,19.72,0.00871336,0.32896,39709.1
300998.SZ,20260506,21300,27.52,586176.0,27.11,0.0197807,0.637514,10768.1
300999.SZ,20260506,123100,28.76,3540356.0,28.54,0.0226851,1.15702,54264.7
301000.SZ,20260506,20000,27.88,557600.0,27.36,0.00872337,0.481978,22926.9
301001.SZ,20260506,16700,30.75,513525.0,30.39,0.0332008,0.961273,5030.0
301002.SZ,20260506,30100,48.09,1447509.0,47.89,0.0354179,0.341055,8498.52
301003.SZ,20260506,107444,50.01,5373274.44,52.88,0.142991,0.908386,7514.04
301004.SZ,20260506,2400,43.43,104232.0,43.43,0.00176331,0.276136,13610.7
301005.SZ,20260506,80300,173.0,13891900.0,174.6,0.060663,1.08757,13237.1
301006.SZ,20260506,70100,17.96,1258996.0,17.96,0.0836307,2.31895,8382.09
301007.SZ,20260506,3000,36.39,109170.0,36.1,0.00198249,0.0822638,15132.5
301008.SZ,20260506,345900,32.98,11407782.0,31.69,0.298593,7.2476,11584.3
301009.SZ,20260506,3700,11.3,41810.0,11.3,0.00244976,0.103987,15103.5
301010.SZ,20260506,5200,22.29,115908.0,22.12,0.00481481,0.209371,10800.0
301011.SZ,20260506,14900,20.28,302172.0,19.91,0.010166,0.450621,14656.7
301012.SZ,20260506,41300,35.9,1482670.0,35.23,0.0209687,0.232949,19696.0
301013.SZ,20260506,87600,25.6,2242560.0,25.25,0.04629,0.792047,18924.2
301015.SZ,20260506,116800,24.67,2881456.0,24.65,0.0222241,1.41305,52555.7
301016.SZ,20260506,6500,16.2,105300.0,16.29,0.00221711,0.218906,29317.5
301017.SZ,20260506,21200,13.14,278568.0,13.11,0.00819498,0.219058,25869.5
301018.SZ,20260506,35300,118.4,4179520.0,116.81,0.0178502,0.298984,19775.7
301019.SZ,20260506,16800,23.0,386400.0,22.87,0.0160597,0.884911,10460.9
301020.SZ,20260506,14300,23.43,335049.0,23.26,0.00976776,0.779993,14640.0
301021.SZ,20260506,55600,61.13,3398828.0,61.5,0.0364112,1.25473,15270.0
301022.SZ,20260506,8900,29.67,264063.0,29.41,0.0132468,0.187182,6718.59
301023.SZ,20260506,12200,41.53,506666.0,41.51,0.0280223,0.978567,4353.67
301024.SZ,20260506,4500,41.37,186165.0,41.25,0.00730994,0.446806,6156.0
301025.SZ,20260506,42800,11.35,485780.0,11.25,0.0154429,0.491527,27715.1
301026.SZ,20260506,53000,31.6,1674800.0,31.12,0.0463655,0.863912,11430.9
301027.SZ,20260506,68700,24.56,1687272.0,24.69,0.0566869,0.692173,12119.2
301028.SZ,20260506,11100,14.21,157731.0,14.11,0.00446996,0.406329,24832.4
301029.SZ,20260506,61000,28.5,1738500.0,28.34,0.0132069,0.423432,46188.1
301031.SZ,20260506,31600,161.23,5094868.0,160.4,0.0406592,0.587006,7771.91
301032.SZ,20260506,18200,13.08,238056.0,12.95,0.0113841,0.41492,15987.3
301033.SZ,20260506,4900,54.59,267491.0,55.06,0.00869509,0.338945,5635.37
301035.SZ,20260506,4300,85.0,365500.0,84.75,0.0015339,0.217535,28033.2
301036.SZ,20260506,3200,28.38,90816.0,28.24,0.00454325,0.189801,7043.41
301037.SZ,20260506,38600,16.99,655814.0,16.92,0.0567666,1.33256,6799.78
301038.SZ,20260506,17200,19.7,338840.0,19.48,0.00771024,0.518931,22308.0
301039.SZ,20260506,11500,8.9,102350.0,8.93,0.000791778,0.080002,145243.0
301040.SZ,20260506,9500,32.57,309415.0,32.3,0.0100674,0.212812,9436.41
301041.SZ,20260506,13900,29.99,416861.0,29.75,0.0176013,0.37059,7897.13
301042.SZ,20260506,3700,108.47,401339.0,108.28,0.00560429,0.153262,6602.08
301043.SZ,20260506,9400,54.84,515496.0,54.74,0.0165645,0.915644,5674.77
301045.SZ,20260506,40200,49.0,1969800.0,48.4,0.0576625,0.846711,6971.6
301046.SZ,20260506,1300,24.97,32461.0,24.97,0.0010092,0.0510921,12881.5
301047.SZ,20260506,4500,71.49,321705.0,71.05,0.00376315,0.510538,11958.1
301048.SZ,20260506,80600,10.9,878540.0,10.93,0.0151125,1.10406,53333.3
301049.SZ,20260506,58000,26.93,1561940.0,27.0,0.135431,2.1919,4282.64
301050.SZ,20260506,44800,39.81,1783488.0,39.74,0.0212823,0.45148,21050.4
301051.SZ,20260506,4300,23.6,101480.0,23.46,0.00267232,0.111913,16090.9
301052.SZ,20260506,12200,32.5,396500.0,32.24,0.0152127,0.324758,8019.59
301053.SZ,20260506,12600,63.58,801108.0,64.0,0.0144032,0.203186,8748.07
301055.SZ,20260506,18200,29.8,542360.0,29.47,0.0116667,0.246964,15600.0
301056.SZ,20260506,9600,14.2,136320.0,14.09,0.00545467,0.249614,17599.6
301057.SZ,20260506,2400,32.34,77616.0,32.34,0.00296233,0.0921415,8101.73
301058.SZ,20260506,53400,9.84,525456.0,9.74,0.0104241,0.889397,51227.4
301059.SZ,20260506,56700,14.8,839160.0,14.56,0.0274562,1.90837,20651.0
301060.SZ,20260506,121400,10.37,1258918.0,10.33,0.0337066,0.93588,36016.6
301061.SZ,20260506,12800,62.08,794624.0,62.2,0.0229136,0.335959,5586.2
301062.SZ,20260506,80800,8.01,647208.0,8.08,0.0257946,0.891629,31324.3
301063.SZ,20260506,6900,24.19,166911.0,24.06,0.00713936,0.257912,9664.73
301065.SZ,20260506,8400,24.4,204960.0,24.33,0.0097349,0.411404,8628.75
301066.SZ,20260506,22900,15.05,344645.0,14.92,0.00982341,0.320992,23311.7
301067.SZ,20260506,2200,33.0,72600.0,32.66,0.00344671,0.0815981,6382.89
301068.SZ,20260506,8000,35.26,282080.0,34.95,0.00797436,0.333558,10032.2
301069.SZ,20260506,42500,22.26,946050.0,22.1,0.00995843,0.503115,42677.4
301070.SZ,20260506,8900,90.71,807319.0,90.68,0.0149987,0.211325,5933.86
301071.SZ,20260506,77600,53.7,4167120.0,54.01,0.0402341,0.573219,19287.1
301072.SZ,20260506,16400,24.65,404260.0,24.65,0.0244266,0.955317,6713.99
301073.SZ,20260506,53900,24.97,1345883.0,24.76,0.0303165,1.07832,17779.1
301075.SZ,20260506,20700,82.95,1717065.0,83.45,0.025875,0.836516,8000.0
301076.SZ,20260506,10700,36.72,392904.0,36.72,0.00974463,0.387681,10980.4
301077.SZ,20260506,162200,31.22,5063884.0,30.8,0.170016,0.988445,9540.26
301078.SZ,20260506,82600,8.82,728532.0,8.84,0.00658142,0.363485,125505.0
301079.SZ,20260506,38300,43.37,1661071.0,43.41,0.0497833,0.377458,7693.34
301080.SZ,20260506,16700,44.7,746490.0,44.7,0.0132541,0.631279,12599.8
301081.SZ,20260506,34900,16.0,558400.0,15.89,0.0159713,0.503928,21851.7
301082.SZ,20260506,6400,12.44,79616.0,12.35,0.00234683,0.12116,27270.8
301083.SZ,20260506,800,17.6,14080.0,17.49,0.000934471,0.027899,8560.99
301085.SZ,20260506,28800,72.2,2079360.0,70.09,0.0488867,0.605402,5891.17
301086.SZ,20260506,6800,198.01,1346468.0,197.06,0.0144926,0.355518,4692.05
301087.SZ,20260506,25900,52.65,1363635.0,53.02,0.0133511,0.781834,19399.1
301088.SZ,20260506,7700,14.85,114345.0,14.75,0.00409574,0.421697,18800.0
301089.SZ,20260506,16100,27.24,438564.0,26.92,0.0177959,0.944204,9047.01
301090.SZ,20260506,58800,9.1,535080.0,9.18,0.00399749,0.223395,147092.0
301091.SZ,20260506,13000,21.45,278850.0,21.25,0.00246548,0.222078,52728.0
301092.SZ,20260506,114900,42.35,4866015.0,41.13,0.188548,2.2644,6093.94
301093.SZ,20260506,9500,86.19,818805.0,85.39,0.00605108,0.22313,15699.7
301095.SZ,20260506,46000,84.64,3893440.0,83.7,0.0265865,0.675984,17302.0
301096.SZ,20260506,10300,58.59,603477.0,58.56,0.0123962,0.345339,8309.0
301097.SZ,20260506,1200,59.49,71388.0,58.63,0.00414631,0.132199,2894.14
301098.SZ,20260506,198400,9.63,1910592.0,9.45,0.132541,2.88429,14968.9
301099.SZ,20260506,139400,60.19,8390486.0,58.47,0.155268,1.31296,8978.04
301100.SZ,20260506,22700,18.81,426987.0,18.75,0.0259429,0.805642,8750.0
301101.SZ,20260506,6800,35.65,242420.0,35.54,0.00356211,0.261119,19089.8
301102.SZ,20260506,17800,10.87,193486.0,10.74,0.00438424,0.586759,40600.0
301103.SZ,20260506,11700,20.09,235053.0,19.85,0.00961905,0.380865,12163.4
301105.SZ,20260506,12900,60.58,781482.0,59.1,0.0784791,1.52052,1643.75
301106.SZ,20260506,47500,35.92,1706200.0,35.8,0.0465163,0.890655,10211.5
301107.SZ,20260506,4200,28.11,118062.0,28.0,0.00715235,0.191656,5872.19
301108.SZ,20260506,10700,27.64,295748.0,27.27,0.0165038,0.631277,6483.34
301109.SZ,20260506,29900,16.68,498732.0,16.69,0.0129818,0.304996,23032.2
301110.SZ,20260506,6700,68.63,459821.0,67.28,0.0102499,0.14067,6536.66
301111.SZ,20260506,11500,19.83,228045.0,19.9,0.0071875,0.232492,16000.0
301112.SZ,20260506,400,35.72,14288.0,35.7,0.000362757,0.0167161,11026.7
301113.SZ,20260506,7300,27.2,198560.0,27.07,0.013252,0.401321,5508.59
301115.SZ,20260506,56100,21.69,1216809.0,21.07,0.0362481,0.971876,15476.7
301116.SZ,20260506,169000,10.9,1842100.0,11.03,0.0376412,2.26304,44897.7
301117.SZ,20260506,20300,44.51,903553.0,43.9,0.0255507,0.457588,7944.99
301118.SZ,20260506,57800,28.71,1659438.0,28.52,0.0549803,0.923682,10512.8
301119.SZ,20260506,1800,41.26,74268.0,40.9,0.00214005,0.130618,8411.0
301120.SZ,20260506,32200,19.76,636272.0,19.63,0.0147359,0.227062,21851.4
301121.SZ,20260506,4900,39.4,193060.0,38.97,0.00968539,0.332403,5059.16
301122.SZ,20260506,3000,31.98,95940.0,31.9,0.00396612,0.14187,7564.07
301123.SZ,20260506,131600,69.38,9130408.0,67.28,0.0797375,1.31304,16504.2
301125.SZ,20260506,8700,23.53,204711.0,23.18,0.00692337,0.319387,12566.1
301126.SZ,20260506,32800,11.95,391960.0,11.89,0.0237908,0.680456,13786.8
301127.SZ,20260506,10800,13.86,149688.0,13.72,0.00165077,0.0890565,65424.1
301128.SZ,20260506,37974,182.01,6911647.74,178.31,0.0417331,0.517723,9099.24
301129.SZ,20260506,5300,27.27,144531.0,27.1,0.00799608,0.248021,6628.25
301130.SZ,20260506,30100,32.24,970424.0,32.12,0.0510019,2.15832,5901.74
301131.SZ,20260506,9500,43.63,414485.0,43.48,0.0242626,0.605092,3915.49
301132.SZ,20260506,17900,37.43,669997.0,36.68,0.0188949,0.278913,9473.44
301133.SZ,20260506,5900,46.67,275353.0,46.4,0.00530881,0.19279,11113.6
301135.SZ,20260506,5100,27.33,139383.0,26.9,0.00667009,0.154576,7646.08
301136.SZ,20260506,53900,16.2,873180.0,16.13,0.0196073,0.834355,27489.7
301137.SZ,20260506,11000,43.0,473000.0,42.91,0.00605016,0.324062,18181.3
301138.SZ,20260506,1100,33.34,36674.0,33.33,0.00160443,0.0665426,6856.01
301139.SZ,20260506,78000,17.98,1402440.0,18.06,0.102406,2.05557,7616.71
301141.SZ,20260506,5900,52.6,310340.0,52.48,0.0132547,0.198467,4451.26
301148.SZ,20260506,15500,69.98,1084690.0,69.01,0.0263278,0.488503,5887.31
301149.SZ,20260506,120700,13.7,1653590.0,13.69,0.046213,0.819001,26118.2
301150.SZ,20260506,167430,71.6,11987988.0,68.52,0.0752202,0.918562,22258.6
301151.SZ,20260506,29200,17.77,518884.0,17.65,0.0172941,0.843696,16884.4
301152.SZ,20260506,51200,33.9,1735680.0,33.94,0.0721338,0.590714,7097.92
301153.SZ,20260506,24500,20.85,510825.0,20.64,0.00738503,0.312753,33175.2
301155.SZ,20260506,9300,62.5,581250.0,62.54,0.00754513,0.169488,12325.8
301156.SZ,20260506,25700,20.67,531219.0,20.47,0.0288036,1.0171,8922.5
301157.SZ,20260506,30700,72.22,2217154.0,71.03,0.148612,0.929504,2065.78
301158.SZ,20260506,56500,26.35,1488775.0,26.45,0.0385684,0.584509,14649.3
301159.SZ,20260506,5700,39.35,224295.0,38.84,0.0107517,0.232876,5301.5
301160.SZ,20260506,9200,60.13,553196.0,59.88,0.0121288,0.450071,7585.27
301161.SZ,20260506,19400,32.45,629530.0,32.26,0.0251301,0.640395,7719.83
301162.SZ,20260506,6900,63.87,440703.0,62.88,0.00809624,0.232268,8522.48
301163.SZ,20260506,20500,30.9,633450.0,30.9,0.0374596,0.896532,5472.56
301165.SZ,20260506,138900,96.01,13335789.0,92.92,0.0174617,1.09405,79545.5
301166.SZ,20260506,29400,31.0,911400.0,31.02,0.0516526,2.09688,5691.87
301167.SZ,20260506,34700,17.8,617660.0,17.72,0.048899,1.1303,7096.27
301168.SZ,20260506,1700,43.07,73219.0,42.51,0.00178359,0.119778,9531.33
301169.SZ,20260506,2000,71.28,142560.0,70.02,0.00277743,0.108029,7200.9
301170.SZ,20260506,8900,29.78,265042.0,29.55,0.0265075,0.522961,3357.54
301171.SZ,20260506,69500,33.99,2362305.0,33.47,0.0139953,0.219348,49659.5
301172.SZ,20260506,23600,31.16,735376.0,30.95,0.0238948,0.334658,9876.61
301173.SZ,20260506,1900,43.98,83562.0,43.77,0.0061631,0.29022,3082.87
301175.SZ,20260506,76500,6.2,474300.0,6.16,0.0123014,0.385435,62188.0
301176.SZ,20260506,176600,38.86,6862676.0,37.35,0.107648,1.05655,16405.4
301177.SZ,20260506,11100,29.28,325008.0,29.03,0.00277493,0.393822,40001.0
301178.SZ,20260506,18900,54.99,1039311.0,54.55,0.0382001,0.760212,4947.63
301179.SZ,20260506,85030,23.39,1988851.7,23.14,0.0358059,0.637912,23747.5
301180.SZ,20260506,13800,18.13,250194.0,17.74,0.00840756,0.221881,16413.8
301181.SZ,20260506,2100,44.6,93660.0,44.53,0.0023505,0.0795812,8934.27
301182.SZ,20260506,7900,69.51,549129.0,69.16,0.00904054,0.247865,8738.42
301183.SZ,20260506,41300,183.34,7571942.0,180.99,0.0703589,0.679185,5869.9
301185.SZ,20260506,16900,18.17,307073.0,18.09,0.0121874,0.593929,13866.7
301186.SZ,20260506,10164,67.53,686374.92,66.46,0.0134357,0.293047,7564.95
301187.SZ,20260506,9500,20.41,193895.0,20.37,0.00372647,0.463923,25493.3
301188.SZ,20260506,264700,27.02,7152194.0,26.85,0.0989397,1.09374,26753.7
301189.SZ,20260506,51400,82.22,4226108.0,81.3,0.0459923,0.648243,11175.8
301190.SZ,20260506,8800,23.09,203192.0,23.19,0.00614937,0.159388,14310.4
301191.SZ,20260506,26763,146.82,3929343.66,142.54,0.0512717,0.484211,5219.84
301192.SZ,20260506,17500,27.81,486675.0,27.73,0.0365583,1.00238,4786.88
301193.SZ,20260506,133839,26.75,3580193.25,27.03,0.0804304,0.730092,16640.3
301195.SZ,20260506,1300,32.16,41808.0,31.97,0.0014825,0.101316,8768.98
301196.SZ,20260506,22383,118.61,2654847.63,118.5,0.0273091,0.549261,8196.16
301197.SZ,20260506,104020,31.75,3302635.0,30.35,0.0956512,1.7061,10874.9
301198.SZ,20260506,82000,18.74,1536680.0,18.9,0.0505308,1.05156,16227.7
301199.SZ,20260506,13400,21.44,287296.0,21.53,0.0186887,0.650709,7170.1
301200.SZ,20260506,21500,184.02,3956430.0,182.59,0.00510223,0.580619,42138.5
301201.SZ,20260506,9000,41.99,377910.0,41.24,0.00829155,0.124602,10854.4
301202.SZ,20260506,32900,40.42,1329818.0,40.39,0.0885897,2.29032,3713.75
301203.SZ,20260506,4500,45.58,205110.0,45.56,0.010264,0.303844,4384.25
301205.SZ,20260506,93200,245.99,22926268.0,235.4,0.111744,1.10893,8340.47
301206.SZ,20260506,8800,27.28,240064.0,27.23,0.00675491,0.585052,13027.6
301207.SZ,20260506,33600,19.49,654864.0,19.5,0.00559396,0.774337,60064.8
301208.SZ,20260506,2900,34.2,99180.0,34.01,0.00438915,0.260341,6607.21
301209.SZ,20260506,500,88.6,44300.0,88.57,0.000522559,0.0470867,9568.3
301210.SZ,20260506,12000,39.02,468240.0,39.01,0.0276091,0.335144,4346.39
301211.SZ,20260506,3500,11.48,40180.0,11.49,0.000838132,0.115345,41759.5
301212.SZ,20260506,6000,28.55,171300.0,28.55,0.0064,0.298562,9375.0
301213.SZ,20260506,27000,73.17,1975590.0,71.74,0.0522132,1.80572,5171.1
301215.SZ,20260506,26500,6.27,166155.0,6.25,0.00200393,0.206959,132240.0
301216.SZ,20260506,37800,30.25,1143450.0,29.99,0.00689363,0.247174,54833.2
301217.SZ,20260506,727400,78.55,57137270.0,78.34,0.0877426,1.22395,82901.6
301218.SZ,20260506,21300,35.0,745500.0,34.76,0.0303987,0.767432,7006.88
301219.SZ,20260506,299474,88.71,26566338.54,88.7,0.142325,1.75122,21041.6
301220.SZ,20260506,780,37.6,29328.0,37.52,0.00100282,0.03323,7778.1
301221.SZ,20260506,2900,48.02,139258.0,47.84,0.00462349,0.114554,6272.32
301222.SZ,20260506,49100,47.18,2316538.0,48.39,0.0615121,0.760503,7982.17
301223.SZ,20260506,2500,20.2,50500.0,20.05,0.00129448,0.140378,19312.8
301225.SZ,20260506,5800,104.23,604534.0,103.62,0.0194097,0.300686,2988.2
301226.SZ,20260506,5600,38.71,216776.0,38.59,0.00514706,0.13829,10880.0
301227.SZ,20260506,2200,32.12,70664.0,31.66,0.00406482,0.134421,5412.3
301228.SZ,20260506,7500,53.5,401250.0,53.1,0.00627929,0.246041,11944.0
301229.SZ,20260506,20000,17.35,347000.0,17.35,0.0154702,0.652175,12928.1
301230.SZ,20260506,49800,41.52,2067696.0,41.4,0.0396447,0.596749,12561.6
301231.SZ,20260506,19900,30.5,606950.0,30.0,0.0304137,0.579783,6543.1
301232.SZ,20260506,81600,217.3,17731680.0,217.72,0.182684,1.37763,4466.73
301233.SZ,20260506,9000,57.8,520200.0,57.29,0.0319368,0.790811,2818.06
301234.SZ,20260506,9200,41.82,384744.0,41.42,0.0229023,0.62685,4017.06
301235.SZ,20260506,58900,52.6,3098140.0,50.6,0.0809676,1.25025,7274.51
301236.SZ,20260506,113400,40.16,4554144.0,39.44,0.0144328,0.423251,78570.9
301237.SZ,20260506,6600,68.6,452760.0,67.66,0.0113305,0.193299,5825.0
301238.SZ,20260506,117300,22.45,2633385.0,22.29,0.0159955,0.763023,73333.3
301239.SZ,20260506,48500,46.64,2262040.0,46.83,0.0341443,0.789627,14204.4
301246.SZ,20260506,813300,30.92,25147236.0,29.97,0.478194,2.60311,17007.7
301248.SZ,20260506,77200,89.0,6870800.0,85.2,0.0687269,0.51981,11232.9
301251.SZ,20260506,45700,64.07,2927999.0,62.93,0.0846414,0.817279,5399.25
301252.SZ,20260506,42000,36.79,1545180.0,36.85,0.0870562,1.06875,4824.47
301255.SZ,20260506,16700,29.04,484968.0,29.0,0.043855,0.769778,3808.0
301256.SZ,20260506,78400,13.71,1074864.0,13.73,0.0163333,0.912846,48000.0
301257.SZ,20260506,4800,52.72,253056.0,52.4,0.0063729,0.229416,7531.89
301258.SZ,20260506,5300,30.39,161067.0,30.0,0.00595071,0.382611,8906.5
301259.SZ,20260506,25400,40.3,1023620.0,40.09,0.027648,0.581553,9186.93
301260.SZ,20260506,41600,17.1,711360.0,17.13,0.0202631,0.640001,20530.0
301261.SZ,20260506,38000,86.79,3298020.0,86.78,0.101378,0.75877,3748.33
301262.SZ,20260506,7200,23.72,170784.0,23.67,0.00589799,0.191722,12207.5
301263.SZ,20260506,10800,28.89,312012.0,28.85,0.00355748,0.306321,30358.6
301265.SZ,20260506,82100,26.42,2169082.0,26.06,0.0483518,0.738466,16979.7
301266.SZ,20260506,21700,42.22,916174.0,42.29,0.0207989,0.785337,10433.2
301267.SZ,20260506,31200,18.19,567528.0,18.19,0.00481152,0.387253,64844.4
301268.SZ,20260506,37800,23.47,887166.0,23.01,0.0109661,0.696935,34469.8
301269.SZ,20260506,81200,89.91,7300692.0,88.82,0.0148871,0.69967,54543.8
301270.SZ,20260506,39200,33.36,1307712.0,33.34,0.0414846,1.29706,9449.28
301272.SZ,20260506,34000,44.42,1510280.0,44.6,0.108532,2.76293,3132.72
301273.SZ,20260506,11000,37.96,417560.0,37.59,0.020005,0.451431,5498.62
301275.SZ,20260506,66500,45.3,3012450.0,45.03,0.0221034,0.690153,30085.9
301276.SZ,20260506,9000,27.29,245610.0,27.28,0.0124537,0.298388,7226.76
301277.SZ,20260506,14800,11.41,168868.0,11.4,0.00377476,0.733925,39207.8
301278.SZ,20260506,7700,39.3,302610.0,38.92,0.01498,0.256187,5140.2
301279.SZ,20260506,7300,22.47,164031.0,22.27,0.00559388,0.656673,13050.0
301280.SZ,20260506,13520,44.51,601775.2,44.32,0.0240661,0.6353,5617.87
301281.SZ,20260506,2200,37.71,82962.0,37.69,0.00310069,0.0524975,7095.2
301282.SZ,20260506,46900,40.14,1882566.0,39.57,0.0370458,0.355602,12660.0
301283.SZ,20260506,13200,48.51,640332.0,48.16,0.0208607,1.02972,6327.69
301285.SZ,20260506,29400,103.59,3045546.0,103.5,0.0142256,0.860966,20667.0
301286.SZ,20260506,31200,51.72,1613664.0,50.7,0.0193453,0.859904,16127.9
301287.SZ,20260506,18100,44.51,805631.0,44.48,0.106275,1.63905,1703.14
301288.SZ,20260506,10200,17.58,179316.0,17.35,0.0130586,1.64637,7810.96
301289.SZ,20260506,4400,55.85,245740.0,55.56,0.00567735,0.540635,7750.09
301290.SZ,20260506,5800,29.8,172840.0,29.8,0.00850928,0.211294,6816.09
301291.SZ,20260506,208600,59.92,12499312.0,58.94,0.129319,0.983676,16130.7
301292.SZ,20260506,141800,86.51,12267118.0,84.83,0.166689,0.733188,8506.86
301293.SZ,20260506,38700,64.12,2481444.0,64.12,0.0187876,0.662421,20598.7
301295.SZ,20260506,8000,45.16,361280.0,44.57,0.0272109,0.238738,2940.0
301296.SZ,20260506,43300,7.68,332544.0,7.65,0.0101379,0.857036,42711.2
301297.SZ,20260506,177419,44.44,7884500.36,43.2,0.0488787,0.935086,36297.8
301298.SZ,20260506,21400,16.71,357594.0,16.59,0.0197813,0.751777,10818.3
301299.SZ,20260506,15900,64.0,1017600.0,64.29,0.0355075,0.663675,4477.92
301300.SZ,20260506,3800,42.96,163248.0,42.79,0.00980063,0.283621,3877.3
301301.SZ,20260506,282500,9.98,2819350.0,10.03,0.0457281,2.54469,61778.2
301302.SZ,20260506,75700,25.04,1895528.0,24.3,0.0544644,0.997681,13899.0
301303.SZ,20260506,4800,15.43,74064.0,15.43,0.00469667,0.15479,10220.0
301305.SZ,20260506,29000,26.68,773720.0,26.68,0.0234413,0.493155,12371.3
301306.SZ,20260506,43600,164.0,7150400.0,165.72,0.0748337,0.835253,5826.25
301307.SZ,20260506,88100,47.2,4158320.0,46.95,0.0809882,0.658773,10878.1
301308.SZ,20260506,622780,432.0,269040960.0,401.12,0.226965,2.99745,27439.4
301309.SZ,20260506,10000,33.73,337300.0,33.53,0.0165069,0.657154,6058.09
301310.SZ,20260506,12300,65.35,803805.0,66.65,0.0281357,0.234945,4371.67
301311.SZ,20260506,17500,16.87,295225.0,16.87,0.00729167,0.706105,24000.0
301312.SZ,20260506,21900,115.61,2531859.0,115.08,0.0361668,0.401937,6055.28
301313.SZ,20260506,29600,35.65,1055240.0,35.65,0.0376813,1.20032,7855.35
301314.SZ,20260506,3700,52.1,192770.0,51.5,0.0202658,0.240283,1825.74
301315.SZ,20260506,6800,51.43,349724.0,51.05,0.0183784,0.508946,3700.0
301316.SZ,20260506,280700,52.8,14820960.0,50.95,0.0717449,2.08709,39124.7
301317.SZ,20260506,12300,59.24,728652.0,58.88,0.0235647,0.193968,5219.67
301318.SZ,20260506,6200,25.06,155372.0,25.06,0.0069833,0.250091,8878.33
301319.SZ,20260506,55000,73.5,4042500.0,70.77,0.0587741,0.778575,9357.86
301320.SZ,20260506,7500,17.59,131925.0,17.54,0.0109956,0.391733,6820.92
301321.SZ,20260506,20863,26.8,559128.4,26.27,0.0141329,0.237032,14762.0
301322.SZ,20260506,29700,39.28,1166616.0,38.8,0.0312541,0.877548,9502.77
301323.SZ,20260506,10500,67.84,712320.0,66.67,0.0155401,0.566861,6756.7
301325.SZ,20260506,48900,43.79,2141331.0,43.79,0.0844637,1.87523,5789.47
301326.SZ,20260506,14100,186.9,2635290.0,183.97,0.0195677,0.717702,7205.74
301327.SZ,20260506,11600,63.0,730800.0,62.5,0.00665209,0.367841,17438.1
301328.SZ,20260506,6300,62.3,392490.0,62.16,0.00573289,0.305807,10989.2
301329.SZ,20260506,58300,25.36,1478488.0,25.24,0.0972574,1.28296,5994.4
301330.SZ,20260506,30000,31.01,930300.0,30.92,0.0154383,0.489913,19432.2
301331.SZ,20260506,2900,27.3,79170.0,27.11,0.00282549,0.162241,10263.7
301332.SZ,20260506,6400,9.39,60096.0,9.36,0.00241655,0.20894,26484.0
301333.SZ,20260506,0,,0.0,63.76,0.0,0.0,9644.37
301335.SZ,20260506,3400,26.06,88604.0,26.09,0.00671621,0.197656,5062.38
301336.SZ,20260506,15300,55.85,854505.0,55.75,0.0502788,1.32105,3043.03
301337.SZ,20260506,6300,28.5,179550.0,28.1,0.0142244,0.387455,4429.01
301338.SZ,20260506,57100,193.93,11073403.0,193.93,0.107685,1.15605,5302.5
301339.SZ,20260506,26300,13.11,344793.0,13.13,0.00461565,0.690361,56980.0
301345.SZ,20260506,7280,272.52,1983945.6,270.01,0.0207823,0.41333,3502.97
301348.SZ,20260506,179200,25.78,4619776.0,25.08,0.115509,1.51398,15513.9
301349.SZ,20260506,23300,58.68,1367244.0,58.73,0.0289139,0.560329,8058.41
301353.SZ,20260506,11200,29.56,331072.0,29.35,0.0351304,0.920253,3188.12
301355.SZ,20260506,21800,13.01,283618.0,12.99,0.0217445,0.576552,10025.5
301356.SZ,20260506,19000,23.4,444600.0,23.4,0.0346652,0.779752,5481.0
301357.SZ,20260506,13800,107.11,1478118.0,107.65,0.0144958,0.696061,9520.0
301358.SZ,20260506,530184,103.72,54990684.48,102.24,0.0697667,1.15484,75993.8
301359.SZ,20260506,8100,23.56,190836.0,23.39,0.0113849,0.314123,7114.7
301360.SZ,20260506,200,85.63,17126.0,85.36,0.000791701,0.0126968,2526.21
301361.SZ,20260506,9100,35.9,326690.0,35.88,0.0298909,0.531498,3044.4
301362.SZ,20260506,24700,157.13,3881111.0,157.0,0.0832491,0.712146,2967.0
301363.SZ,20260506,22400,27.11,607264.0,26.76,0.0060021,0.313387,37320.3
301365.SZ,20260506,16252,35.35,574508.2,35.18,0.0160304,0.233424,10138.2
301366.SZ,20260506,42600,39.02,1662252.0,38.35,0.0364114,1.24239,11699.6
301367.SZ,20260506,4600,66.33,305118.0,66.33,0.00655284,0.325183,7019.86
301368.SZ,20260506,6700,49.9,334330.0,49.4,0.0104489,0.329955,6412.14
301369.SZ,20260506,9300,175.0,1627500.0,170.07,0.0255752,0.703153,3636.34
301370.SZ,20260506,21200,10.51,222812.0,10.47,0.00654829,0.651542,32374.9
301371.SZ,20260506,41400,28.99,1200186.0,29.04,0.0532206,0.478215,7778.94
301372.SZ,20260506,24900,36.33,904617.0,36.4,0.0604803,0.725332,4117.04
301373.SZ,20260506,57000,115.59,6588630.0,115.98,0.139764,0.733538,4078.31
301376.SZ,20260506,63400,16.7,1058780.0,16.65,0.0327407,0.906575,19364.3
301377.SZ,20260506,38800,235.0,9118000.0,234.66,0.0546294,1.04639,7102.4
301378.SZ,20260506,44900,33.9,1522110.0,33.19,0.0977904,0.781841,4591.45
301379.SZ,20260506,255100,27.01,6890251.0,26.51,0.165913,2.91832,15375.6
301380.SZ,20260506,5700,34.71,197847.0,34.38,0.00705982,0.369145,8073.86
301381.SZ,20260506,30600,21.0,642600.0,20.72,0.0156547,0.658335,19546.8
301382.SZ,20260506,318010,45.52,14475815.2,44.0,0.180118,1.82204,17655.7
301383.SZ,20260506,7000,28.92,202440.0,28.78,0.00991301,0.403701,7061.42
301386.SZ,20260506,1700,25.88,43996.0,25.79,0.00377778,0.0724801,4500.0
301387.SZ,20260506,19000,68.41,1299790.0,68.34,0.0445128,0.497411,4268.43
301388.SZ,20260506,12900,32.13,414477.0,31.94,0.047155,0.862061,2735.66
301389.SZ,20260506,68800,62.83,4322704.0,62.49,0.0242681,0.582908,28350.0
301390.SZ,20260506,10200,37.93,386886.0,37.7,0.0332508,0.797762,3067.59
301391.SZ,20260506,72600,87.01,6316926.0,83.24,0.0782027,1.57622,9283.56
301392.SZ,20260506,28000,157.33,4405240.0,156.11,0.0686343,0.694888,4079.59
301393.SZ,20260506,2600,58.99,153374.0,58.82,0.00617507,0.123771,4210.48
301395.SZ,20260506,21400,13.62,291468.0,13.55,0.0168068,0.286802,12732.9
301396.SZ,20260506,78540,329.0,25839660.0,316.74,0.103232,0.677779,7608.11
301397.SZ,20260506,7900,40.33,318607.0,39.7,0.0111828,0.131065,7064.42
301398.SZ,20260506,3300,44.12,145596.0,43.8,0.00886644,0.243185,3721.9
301399.SZ,20260506,46900,21.08,988652.0,21.0,0.0857661,0.962974,5468.36
301408.SZ,20260506,287600,21.25,6111500.0,21.37,0.125612,0.876869,22895.9
301413.SZ,20260506,10700,100.8,1078560.0,100.69,0.0182128,0.269038,5874.99
301418.SZ,20260506,30000,42.93,1287900.0,42.59,0.101915,1.98741,2943.63
301419.SZ,20260506,17300,40.96,708608.0,40.08,0.0218086,0.48112,7932.66
301421.SZ,20260506,77200,103.79,8012588.0,103.78,0.166708,1.21553,4630.85
301428.SZ,20260506,16300,33.25,541975.0,32.95,0.0266355,0.330072,6119.65
301429.SZ,20260506,17800,21.6,384480.0,21.43,0.0404352,0.976939,4402.1
301439.SZ,20260506,20900,16.58,346522.0,16.48,0.0114054,0.353033,18324.7
301446.SZ,20260506,16500,42.73,705045.0,42.87,0.0531059,1.20352,3107.0
301448.SZ,20260506,2200,39.76,87472.0,39.35,0.00455652,0.242572,4828.25
301449.SZ,20260506,9000,68.1,612900.0,68.02,0.0646865,0.582343,1391.33
301456.SZ,20260506,900,31.4,28260.0,31.34,0.00152002,0.0425209,5920.96
301458.SZ,20260506,31000,40.38,1251780.0,39.99,0.026387,0.391674,11748.2
301459.SZ,20260506,1800,36.99,66582.0,36.84,0.00689682,0.238765,2609.9
301468.SZ,20260506,26500,54.33,1439745.0,53.96,0.0353321,0.435284,7500.26
301469.SZ,20260506,22300,36.5,813950.0,36.25,0.0484165,0.954607,4605.87
301479.SZ,20260506,54300,119.99,6515457.0,113.3,0.106619,1.98793,5092.92
301486.SZ,20260506,84100,227.77,19155457.0,217.3,0.116074,0.813607,7245.38
301487.SZ,20260506,78400,24.84,1947456.0,24.36,0.0287396,0.450551,27279.4
301488.SZ,20260506,3200,125.38,401216.0,125.07,0.0136681,0.287676,2341.22
301489.SZ,20260506,9763,234.15,2286006.45,229.56,0.0205102,0.258624,4760.07
301491.SZ,20260506,6800,49.37,335716.0,49.2,0.02379,1.02281,2858.34
301498.SZ,20260506,35300,54.79,1934087.0,54.8,0.019683,0.470121,17934.3
301499.SZ,20260506,7400,35.95,266030.0,35.78,0.0214097,0.189515,3456.37
301500.SZ,20260506,314700,28.72,9038184.0,29.14,0.218465,0.825823,14405.1
301501.SZ,20260506,4500,33.7,151650.0,33.46,0.0103448,0.306521,4350.0
301502.SZ,20260506,5149,50.01,257501.49,49.58,0.0218298,0.268578,2358.7
301503.SZ,20260506,25400,35.84,910336.0,35.82,0.078202,2.19542,3248.0
301505.SZ,20260506,9000,23.66,212940.0,23.31,0.0115102,0.208018,7819.16
301507.SZ,20260506,28900,14.75,426275.0,14.76,0.0262556,0.789277,11007.2
301508.SZ,20260506,3400,29.58,100572.0,29.39,0.00577874,0.21113,5883.64
301509.SZ,20260506,12000,34.84,418080.0,34.84,0.0211488,0.272706,5674.09
301510.SZ,20260506,111400,38.6,4300040.0,38.66,0.0399055,0.47703,27915.9
301511.SZ,20260506,476400,77.08,36720912.0,75.2,0.127165,0.909748,37463.1
301512.SZ,20260506,4000,50.5,202000.0,50.3,0.0161203,0.235435,2481.34
301513.SZ,20260506,42250,82.3,3477175.0,82.01,0.209688,0.861602,2014.9
301515.SZ,20260506,10700,24.17,258619.0,23.93,0.0163183,0.466873,6557.06
301516.SZ,20260506,58200,20.97,1220454.0,20.56,0.082935,0.794906,7017.54
301517.SZ,20260506,38700,69.6,2693520.0,70.2,0.0396671,0.579893,9756.21
301518.SZ,20260506,200,36.63,7326.0,36.71,0.000374145,0.00687139,5345.52
301519.SZ,20260506,15700,15.51,243507.0,15.51,0.0208017,0.490458,7547.45
301520.SZ,20260506,7400,43.01,318274.0,42.46,0.0315273,0.986502,2347.17
301522.SZ,20260506,27800,31.88,886264.0,31.79,0.0100463,0.593685,27671.9
301525.SZ,20260506,18000,70.39,1267020.0,69.9,0.0364364,1.05307,4940.12
301526.SZ,20260506,1545568,16.52,25532783.36,16.08,0.110052,0.65583,140439.0
301528.SZ,20260506,800,75.4,60320.0,75.31,0.00251312,0.063365,3183.3
301529.SZ,20260506,34700,135.19,4691093.0,138.11,0.0767046,0.817496,4523.85
301533.SZ,20260506,3900,33.13,129207.0,33.13,0.0137147,0.347257,2843.67
301535.SZ,20260506,10900,18.98,206882.0,18.83,0.00641946,0.399022,16979.6
301536.SZ,20260506,130000,84.6,10998000.0,82.45,0.0694469,1.09273,18719.3
301538.SZ,20260506,1400,74.63,104482.0,74.59,0.00448435,0.110605,3121.97
301539.SZ,20260506,9500,18.76,178220.0,18.57,0.0126562,0.317291,7506.17
301548.SZ,20260506,6500,81.15,527475.0,80.8,0.0247761,0.296384,2623.5
301550.SZ,20260506,25800,159.99,4127742.0,159.95,0.0182876,0.548997,14108.0
301551.SZ,20260506,28700,27.3,783510.0,27.42,0.0185696,0.727151,15455.4
301552.SZ,20260506,19600,40.94,802424.0,40.94,0.0823529,1.00679,2380.0
301555.SZ,20260506,8600,36.36,312696.0,36.17,0.0177889,0.330781,4834.48
301556.SZ,20260506,2000,84.62,169240.0,84.41,0.00678426,0.113365,2948.0
301557.SZ,20260506,13600,109.08,1483488.0,109.08,0.0765551,1.42059,1776.5
301558.SZ,20260506,44400,8.33,369852.0,8.27,0.0202295,0.609872,21948.2
301559.SZ,20260506,5700,16.89,96273.0,16.86,0.00633333,0.271085,9000.0
301560.SZ,20260506,38900,42.55,1655195.0,42.01,0.0637078,0.630547,6106.0
301563.SZ,20260506,19800,168.0,3326400.0,163.9,0.134513,1.81447,1471.98
301565.SZ,20260506,22100,22.25,491725.0,22.21,0.0172643,0.590809,12801.0
301566.SZ,20260506,150000,24.66,3699000.0,24.16,0.0710608,0.92609,21108.7
301567.SZ,20260506,1300,43.86,57018.0,43.63,0.00612057,0.103683,2123.99
301568.SZ,20260506,33400,57.86,1932524.0,56.97,0.070169,0.834497,4759.94
301571.SZ,20260506,49900,71.73,3579327.0,69.32,0.0418742,1.11888,11916.7
301575.SZ,20260506,4200,46.5,195300.0,46.57,0.0241261,0.437137,1740.85
301577.SZ,20260506,7700,67.89,522753.0,67.88,0.040868,0.388966,1884.12
301578.SZ,20260506,6915,35.11,242785.65,34.73,0.0298448,0.700537,2316.99
301580.SZ,20260506,26300,72.5,1906750.0,72.19,0.0365192,0.587174,7201.7
301581.SZ,20260506,1600,47.04,75264.0,46.93,0.003783,0.297767,4229.45
301584.SZ,20260506,1500,26.35,39525.0,26.25,0.00279255,0.0663918,5371.43
301585.SZ,20260506,4900,30.51,149499.0,30.46,0.00719436,0.177936,6810.89
301586.SZ,20260506,4100,42.08,172528.0,42.0,0.00774885,0.316764,5291.11
301587.SZ,20260506,65300,29.0,1893700.0,29.0,0.0889003,0.529958,7345.3
301588.SZ,20260506,308500,34.46,10630910.0,34.35,0.420534,1.94402,7335.92
301589.SZ,20260506,2800,173.88,486864.0,171.4,0.00812419,0.41307,3446.5
301590.SZ,20260506,1400,179.2,250880.0,177.19,0.016274,0.235601,860.268
301591.SZ,20260506,11700,39.93,467181.0,39.89,0.0344742,0.900817,3393.84
301592.SZ,20260506,3700,131.18,485366.0,130.81,0.0158401,0.204285,2335.84
301595.SZ,20260506,9100,45.04,409864.0,44.62,0.0373517,0.632602,2436.3
301596.SZ,20260506,2700,68.55,185085.0,68.54,0.00862162,0.343653,3131.66
301598.SZ,20260506,1900,64.05,121695.0,63.75,0.0108276,0.382311,1754.77
301599.SZ,20260506,1108300,62.68,69468244.0,62.4,2.02612,2.62315,5470.05
301600.SZ,20260506,4900,109.98,538902.0,108.98,0.0151898,0.493908,3225.85
301601.SZ,20260506,4400,22.09,97196.0,21.95,0.00520833,0.17614,8448.0
301602.SZ,20260506,500,18.3,9150.0,18.18,0.000239809,0.030257,20849.9
301603.SZ,20260506,35800,111.0,3973800.0,108.85,0.0948784,0.699317,3773.25
301606.SZ,20260506,24200,76.16,1843072.0,75.78,0.0146668,0.524038,16499.9
301607.SZ,20260506,44000,51.21,2253240.0,50.53,0.0406259,0.470997,10830.5
301608.SZ,20260506,13100,93.44,1224064.0,93.3,0.0328015,0.964041,3993.72
301609.SZ,20260506,5000,45.16,225800.0,45.17,0.0136433,0.29032,3664.8
301611.SZ,20260506,139400,108.2,15083080.0,105.18,0.0950999,0.848492,14658.3
301613.SZ,20260506,3950,47.11,186084.5,46.93,0.00470792,0.33463,8390.12
301616.SZ,20260506,2900,45.38,131602.0,45.09,0.0102106,0.346082,2840.18
301617.SZ,20260506,8400,60.34,506856.0,60.03,0.0158371,0.296881,5304.0
301618.SZ,20260506,4100,49.08,201228.0,48.82,0.0123664,0.86483,3315.43
301622.SZ,20260506,3200,54.51,174432.0,54.48,0.00494901,0.174071,6465.94
301626.SZ,20260506,4800,282.01,1353648.0,279.16,0.00912218,0.21365,5261.9
301628.SZ,20260506,7200,106.8,768960.0,104.92,0.0258289,0.400655,2787.58
301629.SZ,20260506,15400,312.0,4804800.0,305.13,0.0802248,0.565938,1919.61
301630.SZ,20260506,17400,248.01,4315374.0,249.1,0.174,0.749044,1000.0
301631.SZ,20260506,50100,110.44,5533044.0,107.92,0.160892,1.56151,3113.89
301632.SZ,20260506,20900,20.9,436810.0,20.69,0.0285277,1.1249,7326.2
301633.SZ,20260506,1400,62.49,87486.0,62.15,0.00548791,0.385777,2551.06
301636.SZ,20260506,1700,61.29,104193.0,61.29,0.0106523,0.089276,1595.9
301638.SZ,20260506,232300,29.01,6739023.0,28.57,0.0988594,0.753596,23498.0
301656.SZ,20260506,56600,19.6,1109360.0,19.57,0.0277956,0.454411,20362.9
301658.SZ,20260506,68800,41.67,2866896.0,42.09,0.0706245,0.725269,9741.67
301662.SZ,20260506,24500,178.1,4363450.0,182.26,0.0796667,0.969659,3075.31
301665.SZ,20260506,30100,27.8,836780.0,27.45,0.0288951,0.713476,10417.0
301666.SZ,20260506,380749,351.11,133684781.39,318.0,1.4359,3.95581,2651.63
301667.SZ,20260506,37500,109.94,4122750.0,110.2,0.166708,0.492699,2249.45
301668.SZ,20260506,4300,44.67,192081.0,44.39,0.0176747,0.291003,2432.86
301678.SZ,20260506,20300,59.5,1207850.0,58.79,0.0423701,1.02255,4791.11
301680.SZ,20260506,32300,106.0,3423800.0,105.57,0.192234,1.62585,1680.25
301682.SZ,20260506,30863,126.51,3904478.13,125.63,0.120151,0.963032,2568.68
301683.SZ,20260506,23800,129.0,3070200.0,129.28,0.166834,0.755047,1426.56
301687.SZ,20260506,2300,57.79,132917.0,57.8,0.00778729,0.058878,2953.53
301696.SZ,20260506,95500,94.72,9045760.0,94.7,0.317451,1.57322,3008.34
302132.SZ,20260506,43400,67.29,2920386.0,67.09,0.00740527,0.761941,58606.9
920000.BJ,20260506,100,15.75,1575.0,15.73,0.000173629,0.0185211,5759.39
920001.BJ,20260506,10200,14.33,146166.0,14.44,0.0115006,0.802373,8869.1
920002.BJ,20260506,1840,82.78,152315.2,83.08,0.00577615,0.445068,3185.51
920003.BJ,20260506,8492,31.0,263252.0,30.79,0.0637797,0.703498,1331.46
920005.BJ,20260506,100,34.85,3485.0,34.75,0.000465116,0.0308579,2150.0
920006.BJ,20260506,24100,19.96,481036.0,19.57,0.0504215,1.85216,4779.71
920007.BJ,20260506,0,,0.0,52.1,0.0,0.0,1064.29
920008.BJ,20260506,390,25.88,10093.2,25.79,0.00114636,0.0443307,3402.07
920009.BJ,20260506,1600,63.54,101664.0,62.98,0.0222222,0.962741,720.0
920010.BJ,20260506,146449,11.83,1732491.67,11.83,0.0844097,1.57871,17349.8
920011.BJ,20260506,29408,24.89,731965.12,24.89,0.158108,1.30215,1860.0
920012.BJ,20260506,43343,59.11,2562004.73,59.0,0.326657,1.30301,1326.87
920014.BJ,20260506,41632,12.05,501665.6,12.02,0.0620935,1.75525,6704.73
920015.BJ,20260506,6991,37.7,263560.7,37.39,0.0174721,0.387769,4001.24
920016.BJ,20260506,0,,0.0,16.82,0.0,0.0,3423.72
920017.BJ,20260506,5497,17.98,98836.06,17.96,0.00445066,0.382524,12351.0
920018.BJ,20260506,4957,28.55,141522.35,28.31,0.0112089,0.463781,4422.38
920019.BJ,20260506,4600,18.03,82938.0,18.04,0.00274568,0.299881,16753.6
920020.BJ,20260506,3700,16.31,60347.0,16.16,0.00671495,0.594216,5510.09
920021.BJ,20260506,138262,10.18,1407507.16,10.03,0.0558511,0.910109,24755.5
920022.BJ,20260506,900,26.56,23904.0,26.28,0.00541679,0.237645,1661.5
920023.BJ,20260506,362981,2.61,947380.41,2.65,0.135033,1.79653,26880.9
920026.BJ,20260506,1477,33.7,49774.9,33.61,0.00238715,0.124399,6187.3
920027.BJ,20260506,10700,18.9,202230.0,18.89,0.0253533,0.872229,4220.35
920028.BJ,20260506,24703,17.11,422668.33,17.0,0.058044,0.362151,4255.91
920029.BJ,20260506,5510,71.55,394240.5,70.9,0.00407713,0.425144,13514.4
920030.BJ,20260506,9710,5.68,55152.8,5.68,0.0086331,0.500542,11247.4
920033.BJ,20260506,11590,17.64,204447.6,17.55,0.0140042,0.652621,8276.1
920035.BJ,20260506,32564,31.53,1026742.92,31.92,0.208519,3.36886,1561.68
920036.BJ,20260506,4882,41.61,203140.02,41.02,0.0373777,0.26614,1306.13
920037.BJ,20260506,7357,75.5,555453.5,75.18,0.0248847,0.740988,2956.43
920039.BJ,20260506,300,9.47,2841.0,9.39,0.000195033,0.036443,15382.0
920045.BJ,20260506,9630,560.11,5393859.3,551.02,0.0478449,0.821266,2012.75
920046.BJ,20260506,11351,24.75,280937.25,24.74,0.0202961,0.27068,5592.7
920047.BJ,20260506,23356,27.0,630612.0,27.11,0.0129679,0.635111,18010.6
920050.BJ,20260506,200,33.08,6616.0,33.08,0.00110481,0.0493662,1810.27
920055.BJ,20260506,7507,35.13,263720.91,35.13,0.0490654,0.434186,1530.0
920056.BJ,20260506,0,,0.0,22.13,0.0,0.0,3084.39
920057.BJ,20260506,1700,6.19,10523.0,6.18,0.00147735,0.127703,11507.1
920058.BJ,20260506,1408,27.84,39198.72,27.56,0.00510249,0.508776,2759.44
920060.BJ,20260506,30597,31.18,954014.46,31.09,0.0322671,0.694427,9482.43
920061.BJ,20260506,19989,25.21,503922.69,25.2,0.0507794,1.08539,3936.44
920062.BJ,20260506,9881,10.2,100786.2,10.19,0.00743693,0.265053,13286.4
920066.BJ,20260506,0,,0.0,21.77,0.0,0.0,1987.33
920068.BJ,20260506,15388,19.42,298834.96,19.36,0.0245406,0.751597,6270.43
920069.BJ,20260506,14534,39.0,566826.0,39.18,0.0983507,0.802885,1477.77
920075.BJ,20260506,895,21.77,19484.15,21.66,0.00256602,0.110074,3487.89
920076.BJ,20260506,19263,21.3,410301.9,21.3,0.0974778,2.24321,1976.14
920077.BJ,20260506,15191,18.26,277387.66,18.09,0.00500769,0.172068,30335.3
920078.BJ,20260506,103882,27.01,2805852.82,27.61,0.501845,2.51547,2070.0
920080.BJ,20260506,41793,24.57,1026854.01,24.66,0.181901,5.79302,2297.57
920082.BJ,20260506,2500,14.87,37175.0,14.87,0.00631839,0.317282,3956.7
920086.BJ,20260506,10097,29.57,298568.29,29.57,0.0377536,0.676689,2674.45
920087.BJ,20260506,20541,13.58,278946.78,13.58,0.0125215,0.450242,16404.6
920088.BJ,20260506,119436,46.26,5525109.36,48.44,0.366748,2.08162,3256.62
920089.BJ,20260506,1100,17.85,19635.0,17.86,0.0012818,0.0509751,8581.67
920090.BJ,20260506,29332,4.9,143726.8,4.85,0.0196948,0.238894,14893.3
920091.BJ,20260506,10576,52.51,555345.76,51.15,0.0729369,1.01653,1450.02
920092.BJ,20260506,400,29.4,11760.0,28.92,0.00121384,0.0476638,3295.34
920098.BJ,20260506,6183,24.73,152905.59,24.66,0.0111656,1.11476,5537.57
920099.BJ,20260506,6119,29.78,182223.82,29.7,0.012621,0.569219,4848.27
920100.BJ,20260506,5962,48.91,291601.42,48.83,0.0304648,1.04823,1957.01
920101.BJ,20260506,3700,34.44,127428.0,34.34,0.0133005,1.02852,2781.85
920106.BJ,20260506,8554,55.8,477313.2,55.88,0.0195946,0.77752,4365.49
920108.BJ,20260506,72146,11.77,849158.42,11.7,0.098874,4.93384,7296.77
920110.BJ,20260506,900,32.55,29295.0,32.56,0.00554221,0.295939,1623.9
920111.BJ,20260506,121474,31.45,3820357.3,31.5,0.161345,1.18494,7528.81
920112.BJ,20260506,1000,32.4,32400.0,32.47,0.00431351,0.377142,2318.3
920116.BJ,20260506,15940,101.01,1610099.4,100.8,0.0103861,0.687517,15347.5
920118.BJ,20260506,26585,21.41,569184.85,21.39,0.0848301,3.8276,3133.91
920119.BJ,20260506,1124,93.98,105633.52,93.85,0.00592303,0.176274,1897.68
920121.BJ,20260506,3565,36.71,130871.15,36.75,0.0299774,1.83242,1189.23
920122.BJ,20260506,200,26.53,5306.0,26.35,0.000535115,0.0467015,3737.51
920123.BJ,20260506,5556,13.48,74894.88,13.48,0.00873133,0.432097,6363.29
920124.BJ,20260506,31845,15.26,485954.7,15.26,0.0416104,2.10968,7653.14
920125.BJ,20260506,140915,94.99,13385515.85,87.2,0.854987,1.65002,1648.15
920128.BJ,20260506,0,,0.0,24.1,0.0,0.0,2430.0
920130.BJ,20260506,700,18.91,13237.0,18.9,0.00123702,0.0847109,5658.76
920132.BJ,20260506,5949,13.96,83048.04,13.89,0.0211533,0.937828,2812.32
920139.BJ,20260506,77985,18.6,1450521.0,17.95,0.0300051,1.5847,25990.6
920145.BJ,20260506,100,14.25,1425.0,14.21,0.000205791,0.0119749,4859.3
920146.BJ,20260506,19455,6.99,135990.45,6.95,0.0181588,0.942042,10713.8
920149.BJ,20260506,9000,10.21,91890.0,10.19,0.0142254,0.89862,6326.7
920152.BJ,20260506,34400,14.38,494672.0,13.8,0.0418991,1.80271,8210.19
920156.BJ,20260506,232091,48.45,11244808.95,48.49,1.06915,1.82292,2170.8
920158.BJ,20260506,14777,16.32,241160.64,16.48,0.0387447,0.566718,3813.94
920159.BJ,20260506,12476,40.16,501036.16,40.48,0.0866389,0.600814,1440.0
920160.BJ,20260506,4514,24.17,109103.38,23.99,0.0177103,0.541504,2548.8
920163.BJ,20260506,300,12.5,3750.0,12.41,0.000499235,0.042699,6009.2
920166.BJ,20260506,0,,0.0,27.25,0.0,0.0,2376.47
920167.BJ,20260506,72354,19.19,1388473.26,19.3,0.110694,2.30848,6536.38
920168.BJ,20260506,11167,20.46,228476.82,20.52,0.0396351,0.940506,2817.45
920169.BJ,20260506,1200,27.46,32952.0,27.41,0.00236206,0.0806246,5080.32
920171.BJ,20260506,56407,20.5,1156343.5,20.45,0.0834028,1.46637,6763.2
920174.BJ,20260506,3542,38.68,137004.56,38.77,0.00640779,0.292712,5527.65
920175.BJ,20260506,0,,0.0,9.83,0.0,0.0,7927.59
920177.BJ,20260506,29108,34.09,992291.72,34.41,0.247265,1.55219,1177.2
920179.BJ,20260506,75969,50.98,3872899.62,47.95,0.127212,2.20488,5971.85
920180.BJ,20260506,19500,14.78,288210.0,14.87,0.0546686,0.918255,3566.95
920181.BJ,20260506,50826,85.2,4330375.2,84.12,0.507245,1.99344,1002.0
920183.BJ,20260506,1300,38.2,49660.0,37.98,0.0115557,0.168012,1124.98
920184.BJ,20260506,4597,15.5,71253.5,15.52,0.00514391,0.293104,8936.79
920185.BJ,20260506,65961,30.9,2038194.9,30.74,0.00590178,0.563202,111765.0
920186.BJ,20260506,936756,78.8,73816372.8,76.4,0.980583,2.16363,9553.05
920187.BJ,20260506,1969,35.72,70332.68,35.5,0.00860078,0.185252,2289.33
920188.BJ,20260506,34675,27.98,970206.5,27.83,0.17518,1.22228,1979.39
920190.BJ,20260506,26487,23.95,634363.65,23.45,0.0266353,1.4407,9944.3
920191.BJ,20260506,64566,12.98,838066.68,12.91,0.161759,1.0566,3991.5
920195.BJ,20260506,11645,16.66,194005.7,16.5,0.0164573,0.659298,7075.9
920198.BJ,20260506,2400,8.74,20976.0,8.7,0.0034059,0.164537,7046.6
920199.BJ,20260506,2857,32.94,94109.58,32.93,0.00753284,0.302303,3792.73
920204.BJ,20260506,9875,15.76,155630.0,15.75,0.0197537,0.859723,4999.07
920207.BJ,20260506,36769,29.05,1068139.45,28.75,0.0652923,0.550198,5631.45
920208.BJ,20260506,7463,23.55,175753.65,23.37,0.00732538,0.937911,10187.9
920212.BJ,20260506,2643,11.75,31055.25,11.74,0.00512187,0.231489,5160.23
920221.BJ,20260506,1000,15.12,15120.0,15.1,0.00161904,0.143358,6176.49
920223.BJ,20260506,7180,17.01,122131.8,17.0,0.00880077,0.409411,8158.38
920225.BJ,20260506,16153,27.0,436131.0,26.82,0.0195127,0.553182,8278.22
920227.BJ,20260506,2946,61.5,181179.0,61.59,0.016627,0.608682,1771.82
920230.BJ,20260506,4743,11.85,56204.55,11.81,0.0100386,0.125999,4724.77
920237.BJ,20260506,6206,19.75,122568.5,19.72,0.00732205,0.400132,8475.77
920239.BJ,20260506,10191,30.97,315615.27,30.93,0.0056795,0.627245,17943.5
920242.BJ,20260506,1353,25.3,34230.9,25.2,0.00359205,0.35605,3766.65
920245.BJ,20260506,33753,24.52,827623.56,24.84,0.0888331,7.56547,3799.6
920247.BJ,20260506,23450,18.89,442970.5,18.99,0.0170989,0.939017,13714.3
920249.BJ,20260506,196494,10.17,1998343.98,9.98,0.157612,2.15299,12467.0
920252.BJ,20260506,11820,26.8,316776.0,26.5,0.0173234,0.49309,6823.12
920260.BJ,20260506,200,9.64,1928.0,9.56,0.000202268,0.013153,9887.88
920261.BJ,20260506,8238,15.61,128595.18,15.54,0.0048119,0.340968,17120.1
920262.BJ,20260506,9000,16.75,150750.0,16.75,0.0240497,1.4701,3742.25
920263.BJ,20260506,300,10.38,3114.0,10.29,0.000292543,0.0203135,10254.9
920266.BJ,20260506,0,,0.0,8.19,0.0,0.0,11849.0
920267.BJ,20260506,36025,18.46,665021.5,18.46,0.12139,8.06472,2967.7
920270.BJ,20260506,600,15.64,9384.0,15.57,0.000739569,0.0719974,8112.83
920271.BJ,20260506,1100,12.93,14223.0,12.81,0.00190014,0.0891316,5789.04
920273.BJ,20260506,3300,21.3,70290.0,21.23,0.00480554,0.189232,6867.07
920274.BJ,20260506,500,22.03,11015.0,21.83,0.000614754,0.0491018,8133.33
920275.BJ,20260506,1800,7.49,13482.0,7.46,0.00136452,0.187058,13191.5
920278.BJ,20260506,2312,7.96,18403.52,7.92,0.0031223,0.178417,7404.8
920284.BJ,20260506,25969,31.48,817504.12,31.7,0.0387246,0.811532,6706.07
920299.BJ,20260506,1600,22.49,35984.0,22.29,0.00352308,0.0925994,4541.48
920300.BJ,20260506,2300,11.41,26243.0,11.35,0.003457,0.148563,6653.17
920304.BJ,20260506,24013,11.3,271346.9,11.3,0.0175979,1.25055,13645.4
920339.BJ,20260506,44800,8.18,366464.0,8.14,0.0296341,7.09988,15117.7
920344.BJ,20260506,400,20.4,8160.0,20.38,0.000351716,0.0419539,11372.8
920346.BJ,20260506,1410,20.8,29328.0,20.49,0.00316117,0.258569,4460.37
920351.BJ,20260506,4053,16.74,67847.22,16.6,0.0101731,0.298851,3984.03
920357.BJ,20260506,54355,25.4,1380617.0,25.4,0.122106,2.95338,4451.46
920363.BJ,20260506,700,16.49,11543.0,16.39,0.00137014,0.0790129,5108.96
920367.BJ,20260506,1500,18.5,27750.0,18.47,0.00357206,0.148299,4199.26
920368.BJ,20260506,25463,33.01,840533.63,32.99,0.0113995,0.358011,22336.9
920370.BJ,20260506,5400,3.45,18630.0,3.43,0.00205803,0.260138,26238.6
920371.BJ,20260506,100,9.19,919.0,9.16,5.13322e-05,0.00511053,19481.0
920374.BJ,20260506,1044,19.16,20003.04,19.09,0.00306037,0.18044,3411.35
920375.BJ,20260506,28000,13.32,372960.0,13.13,0.0431325,0.894438,6491.62
920378.BJ,20260506,7000,8.66,60620.0,8.66,0.00628466,0.516627,11138.2
920392.BJ,20260506,1500,19.43,29145.0,19.33,0.00412202,0.325132,3638.99
920394.BJ,20260506,5933,48.79,289471.07,48.6,0.00408685,0.469569,14517.3
920395.BJ,20260506,700,9.68,6776.0,9.67,0.000668299,0.109866,10474.4
920396.BJ,20260506,4502,29.12,131098.24,28.85,0.00877433,0.404243,5130.88
920402.BJ,20260506,38365,9.1,349121.5,9.07,0.0140596,0.336943,27287.3
920403.BJ,20260506,10640,22.54,239825.6,22.54,0.0180053,0.484364,5909.36
920405.BJ,20260506,3690,17.13,63209.7,17.19,0.0033521,0.0775555,11008.0
920407.BJ,20260506,0,,0.0,17.71,0.0,0.0,3476.09
920414.BJ,20260506,7232,11.45,82806.4,11.37,0.0128964,0.287774,5607.76
920415.BJ,20260506,300,12.4,3720.0,12.33,0.000277184,0.0224512,10823.1
920418.BJ,20260506,5200,24.39,126828.0,24.39,0.00333995,0.398222,15569.1
920419.BJ,20260506,1600,13.1,20960.0,13.1,0.00165475,0.191399,9669.13
920422.BJ,20260506,700,11.6,8120.0,11.5,0.00105704,0.04321,6622.27
920425.BJ,20260506,197911,24.9,4927983.9,25.25,0.334234,4.40879,5921.33
920427.BJ,20260506,15031,12.36,185783.16,12.2,0.0295258,0.743166,5090.8
920429.BJ,20260506,4073,12.16,49527.68,12.16,0.00358853,0.26704,11350.0
920433.BJ,20260506,44449,5.16,229356.84,5.15,0.026252,3.42766,16931.6
920436.BJ,20260506,2579,14.52,37447.08,14.52,0.00290205,0.219897,8886.82
920438.BJ,20260506,207356,47.9,9932352.4,43.39,0.148755,5.16683,13939.4
920445.BJ,20260506,5500,9.65,53075.0,9.61,0.00521267,0.411151,10551.2
920454.BJ,20260506,100,14.46,1446.0,14.45,0.000203126,0.00948075,4923.05
920455.BJ,20260506,1000,7.98,7980.0,7.98,0.00106653,0.113934,9376.24
920469.BJ,20260506,124694,6.8,847919.2,6.95,0.120538,3.16298,10344.8
920471.BJ,20260506,41901,14.4,603374.4,14.26,0.0790129,0.575974,5303.06
920475.BJ,20260506,52046,14.5,754667.0,14.59,0.0926111,3.30905,5619.84
920476.BJ,20260506,0,,0.0,19.66,0.0,0.0,8063.0
920478.BJ,20260506,1300,15.68,20384.0,15.63,0.00276129,0.0849553,4707.95
920489.BJ,20260506,4951,14.73,72928.23,14.61,0.00570224,0.213233,8682.55
920491.BJ,20260506,3900,24.94,97266.0,24.93,0.00337475,0.153129,11556.4
920493.BJ,20260506,28741,155.98,4483021.18,152.39,0.065624,1.06566,4379.65
920496.BJ,20260506,30285,8.7,263479.5,8.65,0.0208864,1.35917,14499.8
920504.BJ,20260506,305,21.85,6664.25,21.72,0.00178447,0.103395,1709.19
920505.BJ,20260506,3228,39.19,126505.32,39.0,0.00896395,0.322915,3601.09
920508.BJ,20260506,5637,19.1,107666.7,19.05,0.0176676,1.02651,3190.59
920509.BJ,20260506,6523,31.81,207496.63,31.78,0.00776682,0.376848,8398.55
920510.BJ,20260506,6558,15.16,99419.28,15.15,0.00698409,0.445527,9389.91
920519.BJ,20260506,12699,12.23,155308.77,12.23,0.0220711,1.12398,5753.67
920522.BJ,20260506,45941,55.8,2563507.8,55.24,0.0353345,1.01297,13001.7
920523.BJ,20260506,100,23.12,2312.0,23.15,0.000123397,0.00810164,8103.95
920526.BJ,20260506,27440,24.2,664048.0,23.51,0.0523989,0.727708,5236.75
920527.BJ,20260506,3488,17.55,61214.4,17.5,0.00959613,0.857417,3634.8
920533.BJ,20260506,10577,22.97,242953.69,22.78,0.0144619,0.951075,7313.71
920541.BJ,20260506,1293,12.17,15735.81,12.1,0.00143573,0.156513,9005.87
920547.BJ,20260506,1510,23.11,34896.1,23.0,0.00400335,0.337978,3771.84
920553.BJ,20260506,3346,9.0,30114.0,8.88,0.00367636,0.283596,9101.38
920556.BJ,20260506,18567,9.09,168774.03,9.04,0.0158019,0.840477,11749.9
920564.BJ,20260506,24372,25.25,615393.0,24.24,0.0594574,0.925268,4099.07
920566.BJ,20260506,25701,10.91,280397.91,10.92,0.0228765,1.4401,11234.7
920570.BJ,20260506,600,29.84,17904.0,29.52,0.00246257,0.106382,2436.48
920571.BJ,20260506,44310,10.54,467027.4,10.56,0.0156729,0.25665,28271.8
920576.BJ,20260506,35151,72.74,2556883.74,72.98,0.0328882,1.00995,10688.0
920578.BJ,20260506,1400,18.6,26040.0,18.39,0.00608696,0.245169,2300.0
920579.BJ,20260506,2800,17.42,48776.0,17.5,0.00628163,0.36269,4457.44
920580.BJ,20260506,22100,13.56,299676.0,13.55,0.0403557,1.25997,5476.31
920592.BJ,20260506,63525,31.41,1995320.25,31.47,0.126328,3.8899,5028.57
920593.BJ,20260506,11606,27.59,320209.54,27.43,0.00718147,0.605752,16161.0
920599.BJ,20260506,9129,18.97,173177.13,18.94,0.00260401,0.334338,35057.4
920608.BJ,20260506,0,,0.0,16.52,0.0,0.0,4821.89
920627.BJ,20260506,2239,20.35,45563.65,20.31,0.0047824,0.110668,4681.75
920634.BJ,20260506,3603,21.0,75663.0,21.02,0.00889021,0.172976,4052.77
920639.BJ,20260506,6610,7.75,51227.5,7.75,0.00556615,0.339216,11875.4
920640.BJ,20260506,50738,36.2,1836715.6,35.49,0.0280913,1.09225,18061.8
920641.BJ,20260506,10939,17.34,189682.26,17.23,0.0240832,0.653441,4542.16
920642.BJ,20260506,11651,12.36,144006.36,12.39,0.011656,0.635619,9995.69
920651.BJ,20260506,2700,27.67,74709.0,27.67,0.00651114,0.197369,4146.74
920656.BJ,20260506,8100,16.49,133569.0,16.33,0.0250183,1.38693,3237.63
920662.BJ,20260506,2100,23.58,49518.0,23.64,0.00777603,0.205167,2700.61
920663.BJ,20260506,2830,15.45,43723.5,15.45,0.00441659,0.327796,6407.65
920665.BJ,20260506,6100,10.72,65392.0,10.72,0.00952059,0.536242,6407.17
920670.BJ,20260506,21592,15.34,331221.28,14.89,0.0324041,0.744129,6663.36
920675.BJ,20260506,11515,9.56,110083.4,9.56,0.0145727,0.81447,7901.79
920679.BJ,20260506,5800,18.23,105734.0,18.22,0.0156019,1.17352,3717.5
920682.BJ,20260506,7299,8.53,62260.47,8.51,0.00387889,0.252144,18817.2
920685.BJ,20260506,0,,0.0,12.65,0.0,0.0,5490.39
920689.BJ,20260506,2326,27.94,64988.44,27.91,0.00613225,0.208822,3793.06
920690.BJ,20260506,400,26.49,10596.0,26.43,0.000928094,0.0514888,4309.91
920693.BJ,20260506,1619,30.89,50010.91,30.61,0.00442229,0.159153,3661.0
920694.BJ,20260506,1760,17.32,30483.2,17.33,0.00281643,0.226445,6249.04
920699.BJ,20260506,2539,41.77,106054.03,41.6,0.0121627,0.635134,2087.53
920701.BJ,20260506,5206,14.54,75695.24,14.44,0.00519523,0.636961,10020.7
920703.BJ,20260506,9168,11.81,108274.08,11.73,0.0120212,0.597702,7626.51
920706.BJ,20260506,11209,22.67,254108.03,22.67,0.0235128,0.821994,4767.19
920717.BJ,20260506,2500,9.15,22875.0,9.13,0.00564589,0.216074,4428.0
920718.BJ,20260506,3089,12.19,37654.91,12.17,0.00716537,0.513025,4311.01
920719.BJ,20260506,26818,10.83,290438.94,10.84,0.0366398,0.503316,7319.37
920720.BJ,20260506,2660,12.04,32026.4,12.03,0.00359376,0.233809,7401.72
920725.BJ,20260506,27058,31.8,860444.4,31.32,0.0650904,1.50016,4156.99
920726.BJ,20260506,11414,18.59,212186.26,18.69,0.0204137,0.371086,5591.35
920729.BJ,20260506,800,7.93,6344.0,7.91,0.00104133,0.0788317,7682.5
920735.BJ,20260506,5154,28.66,147713.64,28.41,0.00451579,0.407881,11413.3
920748.BJ,20260506,100,33.67,3367.0,33.66,0.000280379,0.0128566,3566.6
920751.BJ,20260506,9446,24.0,226704.0,23.77,0.0113715,1.35063,8306.71
920753.BJ,20260506,100,18.92,1892.0,18.88,0.000308818,0.0299139,3238.15
920765.BJ,20260506,304220,15.8,4806676.0,16.39,0.576097,12.7951,5280.71
920768.BJ,20260506,6106,12.55,76630.3,12.5,0.0079823,0.340498,7649.43
920770.BJ,20260506,2459,15.0,36885.0,14.87,0.00300267,0.0876608,8189.38
920779.BJ,20260506,500,32.26,16130.0,32.3,0.00249586,0.0480903,2003.32
920781.BJ,20260506,7510,7.34,55123.4,7.33,0.00735416,0.380852,10211.9
920786.BJ,20260506,43900,8.29,363931.0,8.3,0.0310365,0.886928,14144.6
920790.BJ,20260506,4600,24.16,111136.0,24.32,0.00846289,0.424487,5435.5
920792.BJ,20260506,5438,11.56,62863.28,11.56,0.00535097,0.706247,10162.6
920799.BJ,20260506,3644,34.89,127139.16,34.79,0.0030349,0.168302,12007.0
920802.BJ,20260506,4620,15.54,71794.8,15.7,0.0209063,0.409051,2209.86
920806.BJ,20260506,18521,11.6,214843.6,11.49,0.00615854,0.911544,30073.7
920807.BJ,20260506,7234,11.5,83191.0,11.33,0.00585508,0.24862,12355.1
920808.BJ,20260506,30532,80.5,2457826.0,78.73,0.0156919,0.95753,19457.2
920809.BJ,20260506,475124,8.97,4261862.28,8.96,0.10328,1.18808,46003.7
920810.BJ,20260506,0,,0.0,11.17,0.0,0.0,6240.75
920819.BJ,20260506,37200,3.45,128340.0,3.43,0.00307026,0.602283,121162.0
920821.BJ,20260506,12440,22.05,274302.0,22.0,0.0170754,0.51877,7285.34
920826.BJ,20260506,1101,10.29,11329.29,10.23,0.00176232,0.0583526,6247.45
920832.BJ,20260506,6638,6.9,45802.2,6.89,0.0053818,0.366768,12334.2
920833.BJ,20260506,1796,15.09,27101.64,15.11,0.00287547,0.102558,6245.92
920834.BJ,20260506,4594,11.67,53611.98,11.61,0.0073157,0.355043,6279.64
920837.BJ,20260506,9423,13.1,123441.3,13.12,0.00688877,0.746436,13678.8
920839.BJ,20260506,1385,31.38,43461.3,31.38,0.00212929,0.163405,6504.51
920855.BJ,20260506,0,,0.0,15.61,0.0,0.0,6703.69
920856.BJ,20260506,0,,0.0,12.03,0.0,0.0,5306.0
920857.BJ,20260506,13883,18.76,260445.08,18.4,0.018759,0.601016,7400.72
920866.BJ,20260506,200,7.65,1530.0,7.65,0.000175266,0.0173126,11411.2
920870.BJ,20260506,2158,14.56,31420.48,14.56,0.00326955,0.200111,6600.29
920871.BJ,20260506,100,12.97,1297.0,12.94,0.000212702,0.0149394,4701.41
920873.BJ,20260506,253283,9.3,2355531.9,9.3,0.21141,2.31596,11980.6
920876.BJ,20260506,905,22.34,20217.7,22.22,0.00230584,0.0775039,3924.82
920879.BJ,20260506,25752,16.43,423105.36,16.4,0.0171325,1.3631,15031.1
920885.BJ,20260506,16635,18.36,305418.6,18.23,0.0187959,0.589524,8850.32
920892.BJ,20260506,1786,14.99,26772.14,14.98,0.00118394,0.181359,15085.3
920895.BJ,20260506,421,16.58,6980.18,16.47,0.00146502,0.0790347,2873.69
920896.BJ,20260506,8200,17.15,140630.0,16.91,0.018509,1.33608,4430.27
920906.BJ,20260506,0,,0.0,23.26,0.0,0.0,3335.57
920914.BJ,20260506,21414,26.04,557620.56,25.79,0.0215174,0.670752,9951.92
920924.BJ,20260506,16484,20.81,343032.04,20.44,0.0252156,0.903997,6537.21
920925.BJ,20260506,14836,14.95,221798.2,14.91,0.0268306,0.79841,5529.51
920926.BJ,20260506,0,,0.0,14.17,0.0,0.0,8018.24
920931.BJ,20260506,4516,11.88,53650.08,11.9,0.0156937,0.886904,2877.58
920932.BJ,20260506,100,14.7,1470.0,14.58,0.00011519,0.00597442,8681.31
920942.BJ,20260506,1000,24.89,24890.0,24.65,0.00241458,0.140295,4141.5
920943.BJ,20260506,9893,17.0,168181.0,17.02,0.0190956,0.722758,5180.78
920946.BJ,20260506,17567,10.2,179183.4,10.25,0.0041161,0.805845,42678.7
920950.BJ,20260506,0,,0.0,15.8,0.0,0.0,3572.01
920953.BJ,20260506,5192,28.56,148283.52,28.54,0.00866984,0.460595,5988.58
920957.BJ,20260506,9282,11.3,104886.6,11.27,0.0217353,0.350515,4270.47
920961.BJ,20260506,16325,19.21,313603.25,19.01,0.0157046,0.375206,10395.0
920964.BJ,20260506,500,6.09,3045.0,6.07,0.00033853,0.0388065,14769.7
920970.BJ,20260506,29815,7.22,215264.3,7.24,0.0425495,0.971015,7007.13
920971.BJ,20260506,16792,28.87,484785.04,28.59,0.0195933,0.83712,8570.28
920974.BJ,20260506,120464,8.02,966121.28,8.12,0.0937815,2.4005,12845.2
920976.BJ,20260506,1300,30.6,39780.0,30.58,0.00294654,0.0924171,4411.96
920978.BJ,20260506,7000,25.51,178570.0,25.3,0.00693516,0.281148,10093.5
920981.BJ,20260506,20279,34.75,704695.25,34.4,0.0543533,0.329076,3730.96
920982.BJ,20260506,5177,174.58,903800.66,175.9,0.009429,0.446575,5490.51
920985.BJ,20260506,20422,6.41,130905.02,6.41,0.0093116,0.649452,21931.8
920992.BJ,20260506,2300,15.17,34891.0,15.19,0.00469222,0.172321,4901.73
