ts_code,trade_date,vol,price,amount,pre_close,turnover_rate,volume_ratio,float_share
600000.SH,20260421,420042,9.78,4108011.0,9.78,0.00126117,0.792521,3330580.0
600004.SH,20260421,26500,8.88,235320.0,8.89,0.00111969,0.430932,236672.0
600006.SH,20260421,51700,6.46,333982.0,6.45,0.002585,0.554139,200000.0
600007.SH,20260421,7700,21.43,165011.0,21.4,0.000764433,0.358541,100728.0
600008.SH,20260421,250300,3.04,760912.0,3.04,0.00340981,0.428001,734059.0
600009.SH,20260421,25400,27.49,698246.0,27.49,0.00124128,0.352983,204628.0
600010.SH,20260421,5892300,2.87,16910901.0,2.88,0.0187768,0.528275,3138080.0
600011.SH,20260421,1063200,6.92,7357344.0,6.91,0.00966747,1.35009,1099770.0
600012.SH,20260421,43200,15.67,676944.0,15.59,0.00370625,0.809961,116560.0
600015.SH,20260421,76800,7.2,552960.0,7.2,0.000499115,0.185541,1538720.0
600016.SH,20260421,469740,3.71,1742735.0,3.71,0.00132462,0.347017,3546210.0
600017.SH,20260421,127000,2.97,377190.0,2.97,0.0041292,0.487443,307565.0
600018.SH,20260421,528250,4.89,2583143.0,4.89,0.00227236,1.10238,2324670.0
600019.SH,20260421,510500,6.25,3190625.0,6.25,0.00234367,0.541505,2178210.0
600020.SH,20260421,47800,3.8,181640.0,3.8,0.00212693,0.445305,224737.0
600021.SH,20260421,95900,18.08,1733872.0,18.03,0.00339922,0.229192,282124.0
600022.SH,20260421,413700,1.51,624687.0,1.51,0.00386677,0.477988,1069880.0
600023.SH,20260421,378200,5.64,2133048.0,5.61,0.00282055,0.72402,1340870.0
600025.SH,20260421,213200,9.72,2072304.0,9.7,0.00114432,0.704769,1863110.0
600026.SH,20260421,453603,22.2,10069987.0,22.28,0.0130542,0.624507,347478.0
600027.SH,20260421,405600,4.68,1898208.0,4.69,0.0044012,0.487419,921568.0
600028.SH,20260421,1163163,5.53,6432291.0,5.53,0.00122758,0.63,9475250.0
600029.SH,20260421,896200,5.77,5171074.0,5.81,0.00664986,0.640027,1347700.0
600030.SH,20260421,452800,26.25,11886000.0,26.3,0.00371862,0.37621,1217660.0
600031.SH,20260421,356200,19.99,7120438.0,19.92,0.00420325,0.501274,847439.0
600032.SH,20260421,264700,9.96,2636412.0,9.87,0.0110077,0.33052,240468.0
600033.SH,20260421,100700,3.65,367555.0,3.65,0.00366929,0.400412,274440.0
600035.SH,20260421,32400,3.81,123444.0,3.81,0.00201228,0.450227,161012.0
600036.SH,20260421,298000,39.91,11893180.0,39.87,0.00144457,0.444768,2062890.0
600037.SH,20260421,24900,7.68,191232.0,7.73,0.00178908,0.169886,139178.0
600038.SH,20260421,16000,34.21,547360.0,34.2,0.00239186,0.319297,66893.5
600039.SH,20260421,187100,9.99,1869129.0,9.87,0.00215167,1.02967,869559.0
600048.SH,20260421,419400,5.93,2487042.0,5.94,0.00350363,0.322633,1197040.0
600050.SH,20260421,947200,4.58,4338176.0,4.59,0.00305643,0.646689,3099040.0
600051.SH,20260421,140300,7.59,1064877.0,7.57,0.04513,1.03555,31088.0
600052.SH,20260421,51900,3.8,197220.0,3.8,0.00614787,0.4799,84419.5
600053.SH,20260421,15800,15.02,237316.0,15.08,0.00364441,0.439238,43354.1
600054.SH,20260421,56000,12.24,685440.0,12.27,0.0109098,0.342922,51330.0
600055.SH,20260421,7300,14.86,108478.0,14.87,0.00103832,0.232022,70306.1
600056.SH,20260421,108500,10.79,1170715.0,10.82,0.00725582,0.267204,149535.0
600057.SH,20260421,15900,7.99,127041.0,8.0,0.000759853,0.104989,209251.0
600058.SH,20260421,15400,11.28,173712.0,11.28,0.00143669,0.138489,107191.0
600059.SH,20260421,18600,8.86,164796.0,8.87,0.0020405,0.344346,91154.2
600060.SH,20260421,42000,22.97,964740.0,22.84,0.00323035,0.364163,130017.0
600061.SH,20260421,123200,6.84,842688.0,6.84,0.00192681,0.448312,639399.0
600062.SH,20260421,24800,18.13,449624.0,18.18,0.00238869,0.22182,103823.0
600063.SH,20260421,116500,7.05,821325.0,7.06,0.00563045,0.249365,206911.0
600064.SH,20260421,74500,8.54,636230.0,8.54,0.00430551,0.60892,173034.0
600066.SH,20260421,57800,35.98,2079644.0,35.98,0.00261073,0.358259,221394.0
600067.SH,20260421,52700,4.14,218178.0,4.16,0.00378682,0.248708,139167.0
600071.SH,20260421,90600,21.03,1905318.0,20.98,0.0321763,1.61342,28157.4
600072.SH,20260421,2454900,13.43,32969307.0,13.2,0.226605,10.4454,108334.0
600073.SH,20260421,17200,5.92,101824.0,5.92,0.00183422,0.192563,93772.9
600075.SH,20260421,82300,6.11,502853.0,6.14,0.00481908,0.218661,170780.0
600076.SH,20260421,15700,3.52,55264.0,3.52,0.00116768,0.104485,134454.0
600078.SH,20260421,75200,12.49,939248.0,12.46,0.0113497,0.213837,66257.3
600079.SH,20260421,88600,18.69,1655934.0,18.71,0.0057414,0.850286,154318.0
600080.SH,20260421,9900,8.15,80685.0,8.23,0.00265223,0.111015,37327.0
600081.SH,20260421,8100,10.98,88938.0,10.96,0.00146467,0.368052,55302.6
600082.SH,20260421,545300,2.89,1575917.0,2.92,0.085964,1.09291,63433.5
600084.SH,20260421,24200,6.6,159720.0,6.59,0.00215355,0.349622,112373.0
600085.SH,20260421,16700,27.75,463425.0,27.73,0.00121767,0.372606,137147.0
600088.SH,20260421,7800,14.65,114270.0,14.71,0.00196125,0.279698,39770.6
600089.SH,20260421,1257795,27.9,35092481.0,27.89,0.0248931,0.618357,505279.0
600094.SH,20260421,119300,4.73,564289.0,4.74,0.00561087,0.335742,212623.0
600095.SH,20260421,224900,9.58,2154542.0,9.6,0.00786587,1.25488,285919.0
600096.SH,20260421,135400,33.36,4516944.0,33.36,0.00742736,0.288698,182299.0
600097.SH,20260421,7000,10.85,75950.0,10.85,0.00290533,0.243749,24093.7
600098.SH,20260421,27700,6.99,193623.0,6.99,0.000790105,0.120567,350586.0
600099.SH,20260421,15700,11.38,178666.0,11.5,0.00716502,0.416052,21912.0
600100.SH,20260421,154400,8.46,1306224.0,8.49,0.00460855,0.315159,335030.0
600101.SH,20260421,95400,9.64,919656.0,9.71,0.0174131,0.49179,54786.2
600103.SH,20260421,9846500,4.71,46377015.0,4.73,0.445074,2.5645,221233.0
600104.SH,20260421,74500,13.91,1036295.0,13.9,0.000648092,0.173209,1149530.0
600105.SH,20260421,4566184,39.95,182419051.0,41.8,0.312326,2.35473,146199.0
600106.SH,20260421,77100,6.08,468768.0,6.12,0.00580125,0.429784,132902.0
600107.SH,20260421,0,,0.0,5.51,0.0,0.0,36000.0
600108.SH,20260421,325900,4.58,1492622.0,4.59,0.0167393,0.421313,194692.0
600109.SH,20260421,141511,8.6,1216995.0,8.61,0.00381908,0.742193,370536.0
600110.SH,20260421,1260700,9.93,12518751.0,10.0,0.0726552,0.630464,173518.0
600111.SH,20260421,817200,50.99,41669028.0,50.89,0.0226054,0.67759,361507.0
600113.SH,20260421,7000,46.25,323750.0,46.51,0.00170138,0.179577,41143.1
600114.SH,20260421,65100,31.7,2063670.0,31.85,0.0105616,0.432711,61638.3
600115.SH,20260421,1125600,4.52,5087712.0,4.59,0.00661147,0.4487,1702500.0
600116.SH,20260421,77900,6.63,516477.0,6.63,0.00407396,0.305675,191214.0
600117.SH,20260421,25300,2.6,65780.0,2.61,0.000777238,0.240846,325512.0
600118.SH,20260421,1674200,98.0,164071600.0,94.52,0.141583,2.97401,118249.0
600119.SH,20260421,59400,6.04,358776.0,6.03,0.0162619,1.21683,36527.0
600120.SH,20260421,606500,5.68,3444920.0,5.72,0.0177579,1.3044,341538.0
600121.SH,20260421,169500,4.14,701730.0,4.17,0.0139115,0.455093,121841.0
600123.SH,20260421,37400,6.2,231880.0,6.21,0.00253862,0.165963,147324.0
600125.SH,20260421,51700,6.06,313302.0,6.08,0.0039601,0.197653,130552.0
600126.SH,20260421,1107100,9.59,10617089.0,9.75,0.0327817,0.473412,337719.0
600127.SH,20260421,170000,7.06,1200200.0,7.1,0.0264887,0.413415,64178.3
600128.SH,20260421,10500,10.5,110250.0,10.54,0.00425502,0.230818,24676.8
600129.SH,20260421,23800,16.25,386750.0,16.18,0.00431614,0.368689,55141.8
600130.SH,20260421,24500,4.66,114170.0,4.67,0.00326667,0.149158,75000.0
600131.SH,20260421,93700,18.51,1734387.0,18.54,0.00783507,0.684097,119591.0
600132.SH,20260421,8600,53.8,462680.0,53.78,0.00177697,0.253946,48397.1
600133.SH,20260421,42200,8.72,367984.0,8.74,0.00395783,0.210012,106624.0
600135.SH,20260421,110200,11.2,1234240.0,11.19,0.0199166,0.3775,55330.7
600136.SH,20260421,137900,1.84,253736.0,1.84,0.00709695,0.6214,194309.0
600137.SH,20260421,6900,22.56,155664.0,22.69,0.00709748,0.184597,9721.76
600138.SH,20260421,35700,9.32,332724.0,9.33,0.00493203,0.438193,72384.0
600141.SH,20260421,37500,31.71,1189125.0,31.71,0.00312048,0.159277,120174.0
600143.SH,20260421,480300,17.17,8246751.0,17.12,0.0182289,1.0744,263483.0
600148.SH,20260421,1900,18.12,34428.0,18.23,0.0013426,0.139168,14151.6
600149.SH,20260421,1715300,6.4,10977920.0,6.34,0.451205,7.48135,38016.0
600150.SH,20260421,1131100,35.44,40086184.0,35.28,0.01503,1.39025,752562.0
600151.SH,20260421,397200,14.94,5934168.0,14.99,0.0276939,0.484298,143425.0
600152.SH,20260421,2459700,13.81,33968457.0,13.93,0.464902,1.76069,52907.9
600153.SH,20260421,21800,8.74,190532.0,8.73,0.000751844,0.132359,289954.0
600155.SH,20260421,31700,6.32,200344.0,6.32,0.00143209,0.160785,221354.0
600156.SH,20260421,2898204,11.21,32488867.0,10.19,0.720748,11.9453,40211.1
600157.SH,20260421,1866700,1.68,3136056.0,1.69,0.00855587,0.329307,2181780.0
600158.SH,20260421,560200,11.21,6279842.0,11.32,0.0583838,0.809587,95951.3
600159.SH,20260421,174000,2.99,520260.0,2.96,0.0209638,0.565701,83000.3
600160.SH,20260421,240500,34.46,8287630.0,34.46,0.00890824,0.610787,269975.0
600161.SH,20260421,35000,15.03,526050.0,15.06,0.00177003,0.287998,197737.0
600162.SH,20260421,73500,1.79,131565.0,1.79,0.00224878,0.135734,326844.0
600163.SH,20260421,329600,6.12,2017152.0,6.13,0.0173201,0.88255,190300.0
600165.SH,20260421,9200,3.65,33580.0,3.63,0.00125526,0.105091,73291.4
600166.SH,20260421,660000,3.4,2244000.0,3.4,0.00833607,0.174834,791740.0
600167.SH,20260421,200700,6.88,1380816.0,6.79,0.00886938,1.82975,226284.0
600168.SH,20260421,8680,4.92005,42706.0,4.94,0.000873769,0.151455,99339.8
600169.SH,20260421,942800,2.43,2291004.0,2.43,0.0282856,7.27821,333314.0
600170.SH,20260421,614810,2.72,1672283.0,2.72,0.00691891,0.494291,888594.0
600171.SH,20260421,30400,27.97,850288.0,27.94,0.00428819,0.348853,70892.3
600172.SH,20260421,1255700,8.8,11050160.0,8.96,0.0983894,0.887951,127626.0
600173.SH,20260421,601100,7.8,4688580.0,7.68,0.0858204,1.21393,70041.6
600176.SH,20260421,1176800,31.71,37316328.0,31.71,0.0293969,0.727332,400314.0
600177.SH,20260421,99400,7.31,726614.0,7.31,0.00214991,0.568762,462344.0
600178.SH,20260421,1200,11.41,13692.0,11.49,0.000257248,0.0294205,46647.6
600179.SH,20260421,190500,4.54,864870.0,4.52,0.00493232,0.54633,386228.0
600180.SH,20260421,72700,3.2,232640.0,3.2,0.00669043,0.537293,108663.0
600182.SH,20260421,300,14.64,4392.0,14.65,0.000176471,0.0148821,17000.0
600183.SH,20260421,268100,69.51,18635631.0,69.8,0.0111965,0.395008,239450.0
600184.SH,20260421,1013000,24.2,24514600.0,24.44,0.173838,2.38594,58272.7
600185.SH,20260421,261600,5.96,1559136.0,5.92,0.0138779,1.05666,188501.0
600186.SH,20260421,800400,7.82,6259128.0,7.87,0.044959,0.331629,178029.0
600187.SH,20260421,414500,1.8,746100.0,1.79,0.025685,1.33776,161378.0
600188.SH,20260421,57200,18.73,1071356.0,18.76,0.000959514,0.111651,596135.0
600189.SH,20260421,65700,8.04,528228.0,8.05,0.00918627,0.641284,71519.8
600191.SH,20260421,27800,12.73,353894.0,12.74,0.00573276,0.396329,48493.2
600192.SH,20260421,15600,8.47,132132.0,8.45,0.00353143,0.23771,44174.8
600193.SH,20260421,295100,2.66,784966.0,2.8,0.0693744,2.20056,42537.3
600195.SH,20260421,27800,7.92,220176.0,7.94,0.00272243,0.108863,102115.0
600196.SH,20260421,29600,25.87,765752.0,25.87,0.00139722,0.149568,211849.0
600197.SH,20260421,2200,11.92,26224.0,11.93,0.000464945,0.0896352,47317.5
600198.SH,20260421,30500,8.55,260775.0,8.61,0.00234264,0.2335,130195.0
600199.SH,20260421,16700,8.11,135437.0,8.11,0.00253878,0.254315,65779.7
600201.SH,20260421,33900,14.5,491550.0,14.5,0.00304925,0.163745,111175.0
600202.SH,20260421,26600,5.93,157738.0,5.93,0.006939,0.383791,38334.1
600203.SH,20260421,1162300,12.15,14121945.0,11.78,0.196007,8.52253,59298.8
600206.SH,20260421,975400,25.16,24541064.0,25.62,0.11522,1.71246,84655.3
600207.SH,20260421,192400,5.8,1115920.0,5.77,0.0176625,0.45986,108931.0
600208.SH,20260421,3120900,3.71,11578539.0,3.71,0.036682,2.44708,850798.0
600210.SH,20260421,54900,6.93,380457.0,6.91,0.00361961,0.413049,151674.0
600211.SH,20260421,5700,41.39,235923.0,41.39,0.00176843,0.222528,32231.9
600212.SH,20260421,56500,7.8,440700.0,7.8,0.0106367,0.217377,53118.0
600215.SH,20260421,2700,6.51,17577.0,6.53,0.000590961,0.0501233,45688.3
600216.SH,20260421,63500,14.77,937895.0,14.75,0.00667445,0.234142,95138.9
600217.SH,20260421,3800,3.77,14326.0,3.77,0.00022924,0.0348357,165765.0
600218.SH,20260421,14700,9.76,143472.0,9.82,0.00337466,0.160544,43560.0
600219.SH,20260421,434400,6.2,2693280.0,6.21,0.00378275,0.174153,1148370.0
600221.SH,20260421,4263500,1.49,6352615.0,1.49,0.00995087,1.55656,4284550.0
600222.SH,20260421,42000,7.09,297780.0,7.14,0.00731852,0.189462,57388.6
600223.SH,20260421,10800,6.7,72360.0,6.7,0.0010624,0.196021,101657.0
600226.SH,20260421,1883300,5.3,9981490.0,5.37,0.0633174,3.52355,297438.0
600227.SH,20260421,518900,3.49,1810961.0,3.51,0.0406152,0.486845,127760.0
600228.SH,20260421,23500,6.11,143585.0,6.11,0.00564853,0.222313,41603.7
600229.SH,20260421,4000,6.0,24000.0,6.03,0.000605411,0.133137,66070.8
600230.SH,20260421,24100,19.39,467299.0,19.48,0.0058218,0.234534,41396.1
600231.SH,20260421,35000,2.11,73850.0,2.1,0.00123397,0.188147,283638.0
600232.SH,20260421,23000,8.57,197110.0,8.58,0.00630623,0.230314,36471.9
600233.SH,20260421,15400,20.77,319858.0,20.83,0.000449936,0.0542015,342271.0
600234.SH,20260421,563700,21.91,12350667.0,21.91,0.214726,6.58361,26252.1
600235.SH,20260421,38700,6.76,261612.0,6.77,0.0110162,0.648963,35130.0
600236.SH,20260421,189800,10.22,1939756.0,10.21,0.0024079,1.11161,788238.0
600237.SH,20260421,60200,9.29,559258.0,9.32,0.00963792,0.169637,62461.6
600238.SH,20260421,28100,4.73,132913.0,4.73,0.00631076,0.230109,44527.2
600239.SH,20260421,339300,2.04,692172.0,2.04,0.0211311,1.35456,160569.0
600241.SH,20260421,5400,9.72,52488.0,9.77,0.00183485,0.0501054,29430.2
600243.SH,20260421,137800,3.96,545688.0,3.89,0.0314003,1.09725,43885.0
600246.SH,20260421,140500,9.8,1376900.0,9.78,0.00743224,0.191978,189041.0
600248.SH,20260421,38900,3.43,133427.0,3.43,0.00104972,0.336136,370574.0
600249.SH,20260421,49000,5.91,289590.0,5.92,0.00890909,0.223264,55000.0
600250.SH,20260421,180500,11.58,2090190.0,11.68,0.0577062,0.619032,31279.1
600251.SH,20260421,23000,11.27,259210.0,11.29,0.00296013,0.192463,77699.4
600252.SH,20260421,303700,2.51,762287.0,2.51,0.00953783,0.465587,318416.0
600255.SH,20260421,143600,3.67,527012.0,3.69,0.00795063,0.329103,180615.0
600256.SH,20260421,1232100,6.1,7515810.0,6.14,0.0192756,0.821405,639200.0
600257.SH,20260421,71300,6.49,462737.0,6.41,0.014816,0.358046,48123.7
600258.SH,20260421,50900,14.9,758410.0,14.94,0.00455847,0.275653,111660.0
600259.SH,20260421,45100,103.0,4645300.0,103.77,0.0134052,0.265308,33643.6
600261.SH,20260421,370400,3.74,1385296.0,3.7,0.0277442,3.26774,133505.0
600262.SH,20260421,221700,26.88,5959296.0,27.72,0.130412,3.49012,17000.0
600265.SH,20260421,400,20.4,8160.0,20.5,0.000308166,0.0805828,12980.0
600266.SH,20260421,183200,4.89,895848.0,4.89,0.00882575,0.392202,207574.0
600267.SH,20260421,267800,11.14,2983292.0,11.17,0.0223397,0.499436,119876.0
600268.SH,20260421,207800,16.1,3345580.0,16.24,0.0205573,0.463379,101083.0
600269.SH,20260421,58600,4.44,260184.0,4.44,0.0025092,0.419385,233541.0
600271.SH,20260421,183200,8.77,1606664.0,8.79,0.00988729,0.8157,185288.0
600272.SH,20260421,2000,12.32,24640.0,12.34,0.00125,0.0653892,16000.0
600273.SH,20260421,248400,8.89,2208276.0,8.91,0.0189429,1.74447,131131.0
600276.SH,20260421,292820,56.35,16500407.0,56.34,0.00459037,0.451016,637900.0
600278.SH,20260421,24000,7.25,174000.0,7.28,0.00275256,0.423813,87191.6
600279.SH,20260421,12000,4.9,58800.0,4.91,0.00101107,0.203557,118687.0
600280.SH,20260421,25700,3.11,79927.0,3.11,0.00227769,0.158947,112833.0
600281.SH,20260421,82800,5.6,463680.0,5.64,0.0160964,0.852762,51440.2
600282.SH,20260421,95900,5.64,540876.0,5.63,0.00155553,0.336318,616509.0
600283.SH,20260421,63300,9.25,585525.0,9.25,0.0116325,1.50394,54416.7
600284.SH,20260421,108500,7.52,815920.0,7.58,0.0111826,0.428789,97025.6
600285.SH,20260421,3200,21.19,67808.0,21.16,0.000565505,0.039215,56586.5
600287.SH,20260421,58500,5.73,335205.0,5.78,0.013393,1.25884,43679.6
600288.SH,20260421,31200,15.7,489840.0,15.7,0.00714286,0.330464,43680.0
600289.SH,20260421,289200,7.17,2073564.0,7.27,0.0511024,4.81031,56592.3
600292.SH,20260421,108200,15.55,1682510.0,15.56,0.0138573,0.494534,78081.7
600293.SH,20260421,30800,3.25,100100.0,3.24,0.00265484,0.124223,116015.0
600295.SH,20260421,34800,14.72,512256.0,14.8,0.00176151,0.220723,197558.0
600298.SH,20260421,21500,39.8,855700.0,39.85,0.00250831,0.463252,85715.0
600299.SH,20260421,75400,13.2,995280.0,13.19,0.00281144,0.271499,268190.0
600300.SH,20260421,181500,3.55,644325.0,3.55,0.0112235,0.40229,161714.0
600301.SH,20260421,94800,52.0,4929600.0,51.85,0.0344307,0.777146,27533.6
600302.SH,20260421,35200,11.25,396000.0,11.32,0.0101731,0.335925,34601.0
600303.SH,20260421,109100,3.06,333846.0,3.06,0.0161485,0.547191,67560.4
600305.SH,20260421,10100,7.4,74740.0,7.41,0.000915694,0.195801,110299.0
600307.SH,20260421,256400,1.82,466648.0,1.82,0.00409365,0.308957,626336.0
600308.SH,20260421,26900,3.77,101413.0,3.76,0.00177339,0.242029,151687.0
600309.SH,20260421,455400,87.47,39833838.0,87.54,0.0145473,1.3568,313047.0
600310.SH,20260421,942200,4.61,4343542.0,4.62,0.0642828,0.865688,146571.0
600312.SH,20260421,447800,21.25,9515750.0,21.24,0.0330012,1.28105,135692.0
600313.SH,20260421,105300,7.42,781326.0,7.44,0.00973019,0.229113,108220.0
600315.SH,20260421,4400,20.51,90244.0,20.5,0.000654542,0.109007,67222.6
600316.SH,20260421,20100,40.11,806211.0,40.09,0.0028029,0.138591,71711.5
600318.SH,20260421,8600,7.84,67424.0,7.87,0.0016773,0.0667549,51272.8
600319.SH,20260421,334100,7.9,2639390.0,7.59,0.0861728,8.12753,38770.9
600320.SH,20260421,134200,5.15,691130.0,5.15,0.00403974,0.376688,332200.0
600322.SH,20260421,198300,2.42,479886.0,2.41,0.0179343,0.773373,110570.0
600323.SH,20260421,20500,28.8,590400.0,28.99,0.00251427,0.401802,81534.7
600325.SH,20260421,167560,3.56,596514.0,3.57,0.00608833,0.400681,275215.0
600326.SH,20260421,69000,9.34,644460.0,9.34,0.00506435,0.386759,136246.0
600327.SH,20260421,55000,3.81,209550.0,3.83,0.00621624,0.437765,88478.0
600328.SH,20260421,87200,8.4,732480.0,8.41,0.0059469,0.329985,146631.0
600329.SH,20260421,10100,40.56,409656.0,40.56,0.00178102,0.316573,56708.9
600330.SH,20260421,14195196,23.9,339265184.0,23.9,1.15087,13.3513,123343.0
600331.SH,20260421,120900,17.14,2072226.0,17.13,0.0059498,0.209048,203200.0
600332.SH,20260421,48400,22.76,1101584.0,22.75,0.00344266,0.613332,140589.0
600333.SH,20260421,19500,5.27,102765.0,5.26,0.00320181,0.253541,60903.1
600335.SH,20260421,33200,6.09,202188.0,6.11,0.00221956,0.403841,149579.0
600336.SH,20260421,24900,7.15,178035.0,7.13,0.00312024,0.390731,79801.5
600337.SH,20260421,967200,3.35,3240120.0,3.4,0.067307,0.736822,143700.0
600338.SH,20260421,364100,21.76,7922816.0,21.35,0.0398267,0.379362,91421.0
600339.SH,20260421,384200,3.92,1506064.0,3.94,0.00688142,0.32907,558315.0
600340.SH,20260421,386500,1.34,517910.0,1.35,0.00992717,0.248488,389336.0
600343.SH,20260421,427900,37.41,16007739.0,37.39,0.0670473,0.578232,63820.6
600345.SH,20260421,343900,51.31,17645509.0,53.13,0.162555,1.21904,21155.9
600346.SH,20260421,26300,24.0,631200.0,23.81,0.000373627,0.0670692,703910.0
600348.SH,20260421,359200,9.47,3401624.0,9.48,0.00995703,1.15861,360750.0
600350.SH,20260421,13900,10.28,142892.0,10.34,0.000287513,0.251556,483457.0
600351.SH,20260421,38900,6.63,257907.0,6.64,0.00562139,0.137293,69200.0
600352.SH,20260421,35800,12.99,465042.0,13.0,0.00110041,0.0705189,325333.0
600353.SH,20260421,110300,16.36,1804508.0,16.56,0.0133082,0.352402,82881.1
600354.SH,20260421,34600,6.31,218326.0,6.32,0.00655549,0.172345,52780.2
600356.SH,20260421,32900,9.8,322420.0,9.83,0.0110132,0.195189,29873.1
600358.SH,20260421,119300,6.24,744432.0,6.23,0.0236267,1.03779,50493.7
600359.SH,20260421,50600,7.01,354706.0,7.02,0.013263,0.665904,38151.3
600360.SH,20260421,1067958,9.96,10636862.0,9.83,0.111211,4.6721,96029.5
600361.SH,20260421,96400,4.47,430908.0,4.49,0.00258261,0.131933,373266.0
600362.SH,20260421,99800,46.66,4656668.0,46.66,0.00480907,0.215033,207525.0
600363.SH,20260421,48600,54.47,2647242.0,54.29,0.0107787,0.616463,45088.8
600365.SH,20260421,344600,3.12,1075152.0,3.15,0.0806497,8.00848,42728.0
600366.SH,20260421,62900,12.73,800717.0,12.74,0.00572317,0.317318,109904.0
600367.SH,20260421,607100,22.53,13677963.0,22.37,0.188556,1.70606,32197.3
600368.SH,20260421,63000,3.85,242550.0,3.87,0.00391388,0.672999,160965.0
600369.SH,20260421,58100,4.21,244601.0,4.21,0.000874327,0.231041,664511.0
600370.SH,20260421,493800,2.44,1204872.0,2.45,0.012289,0.907977,401823.0
600371.SH,20260421,17200,8.76,150672.0,8.77,0.00587877,0.294452,29257.8
600372.SH,20260421,192000,13.43,2578560.0,13.4,0.00396785,0.486175,483890.0
600373.SH,20260421,98200,8.31,816042.0,8.35,0.00728833,1.25253,134736.0
600375.SH,20260421,19000,5.28,100320.0,5.29,0.00129898,0.0988661,146269.0
600376.SH,20260421,152700,4.75,725325.0,4.78,0.0059196,0.289554,257957.0
600377.SH,20260421,26800,11.8,316240.0,11.79,0.000704858,0.43192,380218.0
600378.SH,20260421,71500,33.17,2371655.0,33.11,0.00666626,0.650199,107257.0
600379.SH,20260421,32100,11.97,384237.0,11.91,0.00972134,0.373043,33020.2
600380.SH,20260421,33000,10.98,362340.0,10.96,0.00180382,0.22486,182945.0
600381.SH,20260421,521700,3.04,1585968.0,2.95,0.0888664,4.62232,58706.1
600382.SH,20260421,94700,9.7,918590.0,9.76,0.0136375,0.330355,69440.8
600383.SH,20260421,299000,2.79,834210.0,2.79,0.00662298,0.387953,451458.0
600386.SH,20260421,21000,4.07,85470.0,4.07,0.00260417,0.208186,80640.0
600388.SH,20260421,15200,19.04,289408.0,18.99,0.00119681,0.109225,127005.0
600389.SH,20260421,156600,29.08,4553928.0,28.48,0.0363636,1.38796,43065.0
600390.SH,20260421,47100,5.36,252456.0,5.36,0.00104712,0.20863,449807.0
600391.SH,20260421,208600,41.95,8750770.0,42.11,0.0631874,1.54864,33012.9
600392.SH,20260421,345300,26.92,9295476.0,26.91,0.0196996,0.436993,175283.0
600395.SH,20260421,32900,5.65,185885.0,5.69,0.00153264,0.148587,214662.0
600396.SH,20260421,2185500,7.4,16172700.0,7.39,0.1484,0.776372,147271.0
600397.SH,20260421,223500,15.0,3352500.0,15.01,0.0225767,0.477501,98996.0
600398.SH,20260421,75100,6.62,497162.0,6.63,0.00156368,0.243073,480277.0
600399.SH,20260421,317700,6.08,1931616.0,6.02,0.0161097,0.784476,197210.0
600400.SH,20260421,30200,2.03,61306.0,2.04,0.00131799,0.107086,229137.0
600403.SH,20260421,57600,5.75,331200.0,5.76,0.00240922,0.390273,239081.0
600405.SH,20260421,132200,5.18,684796.0,5.23,0.0216679,1.217,61011.9
600406.SH,20260421,551264,27.29,15043995.0,27.24,0.00688376,0.618255,800818.0
600408.SH,20260421,155300,3.16,490748.0,3.17,0.0154251,0.448408,100680.0
600409.SH,20260421,17900,7.08,126732.0,7.05,0.000867101,0.0425105,206435.0
600410.SH,20260421,1336000,28.58,38182880.0,28.99,0.121843,0.690235,109649.0
600415.SH,20260421,247600,12.36,3060336.0,12.36,0.00451532,0.309083,548356.0
600416.SH,20260421,102100,12.58,1284418.0,12.49,0.00691836,0.499488,147578.0
600418.SH,20260421,172300,46.44,8001612.0,46.56,0.00788916,0.520477,218401.0
600419.SH,20260421,25200,9.49,239148.0,9.45,0.00798701,0.646348,31551.2
600420.SH,20260421,59400,9.73,577962.0,9.73,0.00442896,0.49253,134117.0
600421.SH,20260421,74100,5.23,387543.0,5.29,0.0378834,1.36959,19560.0
600422.SH,20260421,16200,11.16,180792.0,11.15,0.00214009,0.282952,75697.6
600423.SH,20260421,1210400,2.78,3364912.0,2.72,0.151547,1.58268,79869.5
600425.SH,20260421,29000,4.05,117450.0,4.06,0.00180719,0.151501,160470.0
600426.SH,20260421,22500,35.03,788175.0,35.03,0.00105987,0.0781486,212291.0
600428.SH,20260421,64200,8.97,575874.0,8.95,0.00262546,0.200459,244529.0
600429.SH,20260421,10900,5.76,62784.0,5.79,0.000727852,0.0616933,149756.0
600433.SH,20260421,2871700,4.15,11917555.0,4.04,0.164071,5.13615,175028.0
600435.SH,20260421,183500,15.36,2818560.0,15.38,0.0121334,0.657806,151236.0
600436.SH,20260421,8400,144.99,1217916.0,145.08,0.0013923,0.412993,60331.7
600438.SH,20260421,659800,18.26,12047948.0,18.24,0.0146557,0.899961,450199.0
600439.SH,20260421,175200,2.53,443256.0,2.52,0.0154772,0.880979,113199.0
600444.SH,20260421,5800,17.92,103936.0,17.95,0.00396116,0.177056,14642.2
600446.SH,20260421,58200,12.5,727500.0,12.48,0.00618315,0.43795,94126.8
600448.SH,20260421,224900,3.29,739921.0,3.29,0.0357086,1.43448,62982.0
600449.SH,20260421,8400,12.73,106932.0,12.75,0.00175666,0.184203,47818.1
600452.SH,20260421,134000,12.02,1610680.0,12.01,0.00872088,0.309487,153654.0
600455.SH,20260421,3400,25.74,87516.0,25.76,0.00544366,0.223676,6245.8
600456.SH,20260421,156400,35.68,5580352.0,35.3,0.0327349,2.20508,47777.8
600458.SH,20260421,30900,11.93,368637.0,11.93,0.00358391,0.302726,86218.7
600459.SH,20260421,48500,21.52,1043720.0,21.55,0.00638405,0.309677,75970.6
600460.SH,20260421,58200,27.34,1591188.0,27.35,0.00349745,0.229928,166407.0
600461.SH,20260421,34300,9.76,334768.0,9.75,0.00267102,0.324998,128416.0
600463.SH,20260421,5100,10.05,51255.0,10.05,0.0017,0.147372,30000.0
600467.SH,20260421,66500,2.42,160930.0,2.42,0.00455169,0.220693,146099.0
600468.SH,20260421,117400,8.2,962680.0,8.19,0.0107931,0.228896,108774.0
600469.SH,20260421,89200,7.15,637780.0,7.15,0.0122284,0.352956,72945.1
600470.SH,20260421,174700,6.8,1187960.0,6.86,0.0334931,0.675838,52160.0
600475.SH,20260421,34800,17.89,622572.0,17.89,0.0036908,0.272119,94288.6
600476.SH,20260421,26900,11.26,302894.0,11.25,0.0167008,0.506894,16107.0
600477.SH,20260421,90300,3.11,280833.0,3.13,0.00382794,0.194483,235897.0
600478.SH,20260421,73600,7.65,563040.0,7.67,0.00441898,0.153998,166554.0
600479.SH,20260421,11900,10.46,124474.0,10.5,0.00284344,0.154571,41850.7
600480.SH,20260421,291900,11.24,3280956.0,11.36,0.0240664,0.53569,121290.0
600481.SH,20260421,252200,6.6,1664520.0,6.58,0.0122179,0.398114,206418.0
600482.SH,20260421,148800,37.86,5633568.0,38.2,0.00656013,0.298645,226825.0
600483.SH,20260421,31600,10.26,324216.0,10.25,0.00113663,0.143783,278014.0
600486.SH,20260421,7500,71.99,539925.0,71.3,0.00185649,0.107902,40398.9
600487.SH,20260421,1381800,59.5,82217100.0,60.89,0.0565112,0.798508,244518.0
600488.SH,20260421,1545400,6.4,9890560.0,6.41,0.141535,0.842454,109189.0
600489.SH,20260421,128660,27.06,3481540.0,27.05,0.00265425,0.23567,484731.0
600490.SH,20260421,205000,8.95,1834750.0,8.88,0.010288,0.373746,199262.0
600491.SH,20260421,666100,2.17,1445437.0,2.16,0.0435428,0.906303,152976.0
600493.SH,20260421,17700,7.5,132750.0,7.48,0.00650735,0.280714,27200.0
600495.SH,20260421,144900,4.47,647703.0,4.5,0.0119931,0.641681,120819.0
600496.SH,20260421,562700,3.77,2121379.0,3.75,0.0282746,1.49124,199013.0
600497.SH,20260421,967400,9.19,8890406.0,9.18,0.019193,0.744693,504038.0
600498.SH,20260421,1037500,52.05,54001875.0,52.97,0.0815887,1.14091,127162.0
600499.SH,20260421,44400,17.76,788544.0,17.67,0.00231508,0.180133,191786.0
600500.SH,20260421,84900,4.22,358278.0,4.24,0.00236602,0.289581,358831.0
600501.SH,20260421,140800,24.63,3467904.0,24.44,0.0329107,1.29027,42782.4
600502.SH,20260421,274400,5.92,1624448.0,5.89,0.0159857,0.455115,171653.0
600503.SH,20260421,33100,2.33,77123.0,2.33,0.00206579,0.121279,160229.0
600505.SH,20260421,46600,13.28,618848.0,13.28,0.0127823,0.524668,36456.8
600506.SH,20260421,75000,20.95,1571250.0,21.17,0.0390586,1.68542,19201.9
600507.SH,20260421,156700,6.11,957437.0,6.06,0.0067742,0.308658,231319.0
600508.SH,20260421,14001,12.75,178513.0,12.76,0.00193727,0.229234,72271.8
600509.SH,20260421,71800,7.88,565784.0,7.85,0.00522411,0.292398,137440.0
600510.SH,20260421,36400,9.65,351260.0,9.65,0.00352704,0.241255,103203.0
600511.SH,20260421,17900,28.52,510508.0,28.5,0.00323486,0.316318,55334.6
600512.SH,20260421,245400,2.46,603684.0,2.47,0.0154592,0.558661,158741.0
600513.SH,20260421,69600,21.12,1469952.0,21.33,0.024382,0.21869,28545.6
600515.SH,20260421,236600,3.63,858858.0,3.64,0.00257846,0.380044,917601.0
600516.SH,20260421,101400,5.6,567840.0,5.59,0.00251865,0.24842,402597.0
600517.SH,20260421,40100,6.43,257843.0,6.43,0.000701241,0.169294,571844.0
600518.SH,20260421,775891,1.75,1357809.0,1.75,0.00561331,0.49345,1382240.0
600519.SH,20260421,16100,1411.0,22717100.0,1410.89,0.00128566,0.371695,125227.0
600520.SH,20260421,128500,27.73,3563305.0,27.73,0.0811084,1.64362,15843.0
600521.SH,20260421,81700,16.33,1334161.0,16.43,0.00545666,0.214012,149725.0
600522.SH,20260421,7315793,31.0,226789583.0,30.95,0.214354,4.34107,341295.0
600523.SH,20260421,20980,14.26,299175.0,14.26,0.0051925,0.495386,40404.5
600525.SH,20260421,46600,5.26,245116.0,5.27,0.00353357,0.320252,131878.0
600526.SH,20260421,64000,5.39,344960.0,5.37,0.00733098,0.781498,87300.7
600527.SH,20260421,787300,2.71,2133583.0,2.74,0.0454624,0.400764,173176.0
600528.SH,20260421,92306,7.91,730140.0,7.92,0.00415502,0.431917,222155.0
600529.SH,20260421,57400,18.59,1067066.0,18.55,0.00864961,1.21575,66361.4
600530.SH,20260421,17300,5.25,90825.0,5.23,0.00223249,0.236215,77492.0
600531.SH,20260421,823100,15.31,12601661.0,15.29,0.0680663,1.13246,120926.0
600533.SH,20260421,254400,2.42,615648.0,2.4,0.0242286,1.19001,105000.0
600535.SH,20260421,14100,14.12,199092.0,14.16,0.000943807,0.156766,149395.0
600536.SH,20260421,18710,37.88,708735.0,37.96,0.00221773,0.19517,84365.6
600537.SH,20260421,2194400,3.61,7921784.0,3.67,0.185382,1.18374,118372.0
600538.SH,20260421,229800,6.78,1558044.0,6.82,0.0438384,1.45244,52419.8
600539.SH,20260421,97500,16.34,1593150.0,16.58,0.0423913,0.387724,23000.0
600540.SH,20260421,174000,4.9,852600.0,4.88,0.0299289,1.14523,58137.7
600543.SH,20260421,70800,4.86,344088.0,4.86,0.0220478,1.00977,32112.0
600545.SH,20260421,815200,4.35,3546120.0,4.38,0.0455951,0.622293,178791.0
600546.SH,20260421,88400,12.03,1063452.0,11.96,0.00445912,0.300675,198246.0
600547.SH,20260421,138072,38.13,5264685.0,38.12,0.00382001,0.313321,361444.0
600548.SH,20260421,5400,9.07,48978.0,9.09,0.000314974,0.165482,171443.0
600549.SH,20260421,303200,63.03,19110696.0,63.65,0.0195118,0.383874,155393.0
600550.SH,20260421,523100,16.21,8479451.0,16.37,0.0284058,0.532512,184153.0
600551.SH,20260421,15100,8.29,125179.0,8.27,0.00222696,0.367783,67805.5
600552.SH,20260421,1118028,15.02,16792781.0,15.03,0.118359,1.49198,94460.7
600556.SH,20260421,221600,6.3,1396080.0,6.34,0.0122583,0.497318,180775.0
600557.SH,20260421,4200,13.85,58170.0,13.86,0.000741841,0.0944859,56615.9
600558.SH,20260421,20500,5.41,110905.0,5.45,0.00228386,0.144291,89760.5
600559.SH,20260421,22700,13.45,305315.0,13.45,0.00249585,0.3587,90950.9
600560.SH,20260421,5200,14.59,75868.0,14.62,0.00232511,0.238609,22364.6
600561.SH,20260421,42100,6.75,284175.0,6.77,0.0147991,0.66765,28447.7
600562.SH,20260421,45200,28.35,1281420.0,28.28,0.00363971,0.32206,124186.0
600563.SH,20260421,11500,126.17,1450955.0,126.0,0.00511111,0.142152,22500.0
600566.SH,20260421,5400,24.83,134082.0,24.82,0.000587882,0.11918,91855.2
600567.SH,20260421,249900,1.53,382347.0,1.53,0.00396198,0.463441,630745.0
600568.SH,20260421,94000,2.9,272600.0,2.92,0.00563189,0.564217,166907.0
600569.SH,20260421,84800,2.17,184016.0,2.17,0.00295221,0.383717,287242.0
600570.SH,20260421,55400,26.61,1474194.0,26.71,0.00292557,0.253026,189365.0
600571.SH,20260421,40700,13.59,553113.0,13.65,0.00889128,0.632221,45775.2
600572.SH,20260421,1577900,4.68,7384572.0,4.7,0.0623638,0.809694,253015.0
600573.SH,20260421,47700,12.49,595773.0,12.52,0.01908,0.385849,25000.0
600575.SH,20260421,740600,3.63,2688378.0,3.6,0.0190569,1.65904,388626.0
600576.SH,20260421,36500,6.03,220095.0,6.03,0.00552704,0.242205,66039.0
600577.SH,20260421,168300,13.3,2238390.0,13.31,0.00782393,0.259952,215109.0
600578.SH,20260421,48000,5.32,255360.0,5.32,0.000716994,0.196684,669462.0
600579.SH,20260421,14800,8.01,118548.0,8.0,0.00299837,0.38603,49360.1
600580.SH,20260421,79200,38.7,3065040.0,38.7,0.00508464,0.247131,155763.0
600581.SH,20260421,1136000,2.93,3328480.0,2.9,0.074108,2.19055,153290.0
600582.SH,20260421,79100,5.69,450079.0,5.7,0.00191128,0.490305,413859.0
600583.SH,20260421,225414,6.99,1575644.0,6.99,0.0050983,0.33927,442135.0
600584.SH,20260421,271500,44.5,12081750.0,44.49,0.0151726,0.427647,178941.0
600585.SH,20260421,175200,22.15,3880680.0,22.08,0.00438033,0.552938,399970.0
600586.SH,20260421,274800,5.7,1566360.0,5.7,0.0193885,0.588146,141734.0
600587.SH,20260421,20200,14.16,286032.0,14.17,0.00332979,0.382446,60664.5
600588.SH,20260421,126700,12.55,1590085.0,12.52,0.00370793,0.386841,341700.0
600589.SH,20260421,531600,11.03,5863548.0,11.13,0.0359561,0.309706,147847.0
600590.SH,20260421,2423400,17.88,43330392.0,17.42,0.287279,3.18514,84357.0
600592.SH,20260421,16900,20.5,346450.0,20.5,0.00422972,0.278791,39955.4
600593.SH,20260421,6700,36.02,241334.0,36.16,0.00520186,0.171454,12880.0
600594.SH,20260421,843400,4.58,3862772.0,4.58,0.1065,0.693267,79192.7
600595.SH,20260421,101200,8.52,862224.0,8.54,0.00252501,0.146063,400790.0
600596.SH,20260421,42700,12.19,520513.0,12.19,0.00316391,0.178675,134960.0
600597.SH,20260421,13800,7.44,102672.0,7.44,0.00100112,0.284561,137846.0
600598.SH,20260421,64800,16.15,1046520.0,16.16,0.0036452,0.271065,177768.0
600599.SH,20260421,62200,3.92,243824.0,3.91,0.0374699,1.13278,16600.0
600600.SH,20260421,14900,61.99,923651.0,61.91,0.00210118,0.410076,70912.6
600601.SH,20260421,7767800,11.64,90417192.0,11.75,0.186265,5.8717,417029.0
600602.SH,20260421,292300,23.76,6945048.0,23.72,0.0272083,0.335112,107430.0
600603.SH,20260421,15600,6.94,108264.0,6.96,0.00130727,0.0861327,119333.0
600604.SH,20260421,25300,4.83,122199.0,4.84,0.00179757,0.310101,140745.0
600605.SH,20260421,53600,30.34,1626224.0,30.33,0.0259838,0.544448,20628.2
600606.SH,20260421,139500,1.46,203670.0,1.47,0.000992585,0.133938,1405420.0
600608.SH,20260421,64400,2.24,144256.0,2.29,0.0202279,1.05467,31837.1
600609.SH,20260421,46400,4.06,188384.0,4.07,0.00355676,0.371919,130456.0
600610.SH,20260421,59300,9.27,549711.0,9.27,0.00836712,0.417622,70872.7
600611.SH,20260421,178900,4.74,847986.0,4.75,0.0114436,1.34438,156332.0
600612.SH,20260421,2300,41.4,95220.0,41.27,0.000725301,0.247426,31711.0
600613.SH,20260421,37600,5.85,219960.0,5.86,0.00784445,0.193704,47932.0
600615.SH,20260421,4800,11.47,55056.0,11.47,0.00213081,0.193477,22526.6
600616.SH,20260421,6500,4.97,32305.0,4.98,0.000971592,0.111502,66900.5
600617.SH,20260421,92300,3.19,294437.0,3.21,0.00519841,0.230965,177554.0
600618.SH,20260421,30800,12.79,393932.0,12.71,0.00410754,0.449104,74984.0
600619.SH,20260421,77800,17.68,1375504.0,17.76,0.0098584,0.274767,78917.5
600620.SH,20260421,7800,6.09,47502.0,6.09,0.00113591,0.144697,68667.7
600621.SH,20260421,201200,14.2,2857040.0,14.26,0.018965,1.90372,106090.0
600622.SH,20260421,71000,2.57,182470.0,2.58,0.00473433,0.328939,149969.0
600623.SH,20260421,191100,9.83,1878513.0,9.87,0.0101864,1.02331,187603.0
600624.SH,20260421,6000,4.48,26880.0,4.5,0.000883201,0.162042,67934.7
600626.SH,20260421,14600,3.91,57086.0,3.92,0.00131771,0.135173,110798.0
600628.SH,20260421,40600,7.19,291914.0,7.2,0.00627632,0.48606,64687.5
600629.SH,20260421,82500,20.91,1725075.0,21.07,0.00865581,0.397005,95311.7
600630.SH,20260421,5900,7.99,47141.0,8.0,0.00138869,0.163363,42486.2
600633.SH,20260421,183300,13.05,2392065.0,13.11,0.014455,0.732465,126807.0
600635.SH,20260421,127200,5.42,689424.0,5.44,0.00525882,0.447207,241879.0
600636.SH,20260421,2255405,5.69,12833254.0,5.79,0.514185,11.1239,43863.7
600637.SH,20260421,255800,10.0,2558000.0,9.99,0.00760879,0.516737,336190.0
600638.SH,20260421,8100,5.96,48276.0,5.98,0.00120286,0.105881,67339.7
600639.SH,20260421,91400,11.23,1026422.0,11.18,0.0107499,0.860995,85023.7
600640.SH,20260421,9800,12.2,119560.0,12.23,0.00123163,0.181924,79569.6
600641.SH,20260421,680600,24.73,16831238.0,24.85,0.0731333,1.28461,93063.0
600642.SH,20260421,49000,9.17,449330.0,9.17,0.00100126,0.199581,489381.0
600643.SH,20260421,77500,4.94,382850.0,4.94,0.00487314,0.185281,159035.0
600644.SH,20260421,334700,11.98,4009706.0,11.98,0.0578745,1.14189,57832.1
600645.SH,20260421,20500,28.56,585480.0,28.53,0.00438249,0.209861,46777.0
600648.SH,20260421,17900,10.62,190098.0,10.64,0.00157325,0.429706,113777.0
600649.SH,20260421,83600,4.33,361988.0,4.33,0.00333799,0.246549,250450.0
600650.SH,20260421,11200,12.84,143808.0,12.91,0.00286768,0.339236,39056.0
600651.SH,20260421,172700,6.79,1172633.0,6.78,0.00688863,1.01925,250703.0
600653.SH,20260421,26400,1.76,46464.0,1.76,0.00135636,0.153576,194638.0
600654.SH,20260421,1616900,4.27,6904163.0,4.27,0.0697712,0.389011,231743.0
600655.SH,20260421,198300,4.99,989517.0,5.01,0.00509789,0.594894,388985.0
600657.SH,20260421,79000,3.04,240160.0,3.05,0.0027701,0.382199,285188.0
600658.SH,20260421,94000,4.95,465300.0,4.97,0.00840347,0.257152,111859.0
600660.SH,20260421,45500,60.16,2737280.0,60.16,0.00227161,0.371889,200299.0
600661.SH,20260421,20300,9.75,197925.0,9.76,0.00708431,0.623513,28654.9
600662.SH,20260421,18500,5.13,94905.0,5.13,0.000812661,0.188259,227647.0
600663.SH,20260421,33800,7.81,263978.0,7.81,0.00107108,0.460499,315568.0
600664.SH,20260421,3144500,4.17,13112565.0,4.28,0.124856,0.752583,251851.0
600665.SH,20260421,103000,3.24,333720.0,3.23,0.0119196,0.976233,86412.2
600666.SH,20260421,12125800,6.89,83546762.0,7.16,0.484595,1.9075,250225.0
600667.SH,20260421,331730,10.04,3330569.0,10.02,0.0158605,0.216751,209154.0
600668.SH,20260421,86800,11.95,1037260.0,11.96,0.021022,0.63332,41290.1
600671.SH,20260421,36600,19.78,723948.0,19.78,0.0300689,1.27926,12172.1
600673.SH,20260421,563200,34.0,19148800.0,33.6,0.0187636,0.716807,300156.0
600674.SH,20260421,262300,15.09,3958107.0,15.05,0.00538095,0.856029,487461.0
600675.SH,20260421,44800,2.65,118720.0,2.65,0.000740969,0.142354,604614.0
600676.SH,20260421,23700,7.93,187941.0,7.93,0.00230434,0.150805,102849.0
600678.SH,20260421,467300,11.2,5233760.0,10.79,0.133901,4.5055,34899.0
600679.SH,20260421,8800,11.42,100496.0,11.42,0.00256042,0.277326,34369.4
600681.SH,20260421,65700,4.0,262800.0,4.0,0.00490368,0.284508,133981.0
600682.SH,20260421,24100,7.11,171351.0,7.11,0.00207034,0.157492,116406.0
600683.SH,20260421,1241900,11.96,14853124.0,12.05,0.167648,3.42216,74077.8
600684.SH,20260421,56514,4.65,262790.0,4.68,0.00662175,0.354378,85346.1
600685.SH,20260421,156500,30.43,4762295.0,30.66,0.019052,0.732538,82143.5
600686.SH,20260421,93000,17.0,1581000.0,16.96,0.0129699,0.464154,71704.7
600688.SH,20260421,70100,2.82,197682.0,2.82,0.000956499,0.18637,732881.0
600689.SH,20260421,16300,13.69,223147.0,13.68,0.0107093,0.355523,15220.4
600690.SH,20260421,126200,20.8,2624960.0,20.77,0.00201822,0.284764,625303.0
600691.SH,20260421,47200,3.11,146792.0,3.12,0.00198688,0.10999,237559.0
600692.SH,20260421,65100,7.49,487599.0,7.5,0.0255284,0.656826,25501.1
600693.SH,20260421,333600,11.83,3946488.0,12.0,0.038391,0.522881,86895.3
600694.SH,20260421,2400,16.84,40416.0,16.84,0.000696949,0.113133,34435.8
600696.SH,20260421,578500,1.16,671060.0,1.13,0.172961,7.40546,33446.9
600697.SH,20260421,30700,11.78,361646.0,11.84,0.0197585,0.887694,15537.6
600698.SH,20260421,68500,7.35,503475.0,7.35,0.00824852,0.577248,83045.2
600699.SH,20260421,78400,26.04,2041536.0,26.1,0.00578575,0.218302,135505.0
600702.SH,20260421,9100,45.9,417690.0,46.03,0.00273586,0.145663,33261.9
600703.SH,20260421,3110400,13.64,42425856.0,13.65,0.0623449,1.06088,498902.0
600704.SH,20260421,89100,5.22,465102.0,5.22,0.00172301,0.264708,517118.0
600706.SH,20260421,40200,9.46,380292.0,9.47,0.0158249,0.502454,25403.0
600707.SH,20260421,6298270,8.68,54668984.0,8.57,0.175553,4.71973,358767.0
600708.SH,20260421,28500,3.27,93195.0,3.27,0.00128074,0.107994,222528.0
600710.SH,20260421,57200,13.23,756756.0,13.26,0.00437727,0.322274,130675.0
600711.SH,20260421,1641200,14.78,24256936.0,14.63,0.0531028,1.4717,309061.0
600712.SH,20260421,8700,5.91,51417.0,5.9,0.00161515,0.115209,53864.8
600713.SH,20260421,500884,5.74,2875074.0,5.78,0.0388341,0.552368,128980.0
600714.SH,20260421,104500,18.82,1966690.0,18.88,0.0362625,0.514238,28817.6
600715.SH,20260421,92300,2.01,185523.0,2.02,0.0032246,0.339657,286237.0
600716.SH,20260421,7900,4.24,33496.0,4.22,0.000843962,0.0878258,93606.1
600717.SH,20260421,54600,4.47,244062.0,4.46,0.00188666,0.368673,289400.0
600718.SH,20260421,26000,8.99,233740.0,9.0,0.00217312,0.225967,119644.0
600719.SH,20260421,153500,7.46,1145110.0,7.45,0.0379387,0.631892,40460.0
600720.SH,20260421,23400,6.86,160524.0,6.87,0.00231901,0.3581,100905.0
600721.SH,20260421,33100,8.96,296576.0,9.0,0.00860752,0.137389,38454.8
600722.SH,20260421,179200,13.57,2431744.0,13.67,0.0263406,0.356564,68032.0
600724.SH,20260421,23100,7.14,164934.0,7.15,0.00159868,0.178265,144494.0
600725.SH,20260421,20100,4.14,83214.0,4.14,0.00163087,0.113833,123247.0
600726.SH,20260421,743900,4.59,3414501.0,4.58,0.00995139,0.329921,747534.0
600727.SH,20260421,1370600,7.8,10690680.0,7.8,0.259297,4.08622,52858.3
600728.SH,20260421,88600,5.63,498818.0,5.65,0.00415455,0.295585,213260.0
600729.SH,20260421,24900,21.84,543816.0,21.84,0.0129362,0.937505,19248.3
600730.SH,20260421,68200,8.35,569470.0,8.35,0.0116252,0.378121,58665.6
600731.SH,20260421,6000,6.74,40440.0,6.73,0.00110766,0.069682,54168.3
600732.SH,20260421,255000,16.18,4125900.0,16.07,0.012146,0.587649,209946.0
600733.SH,20260421,58800,7.31,429828.0,7.31,0.00120203,0.117262,489171.0
600734.SH,20260421,14531900,2.76,40108044.0,3.07,0.667258,35.6071,217785.0
600736.SH,20260421,238400,6.34,1511456.0,6.29,0.0207072,1.29571,115129.0
600737.SH,20260421,73300,14.64,1073112.0,14.6,0.00342708,0.353453,213885.0
600738.SH,20260421,11400,4.79,54606.0,4.8,0.00149869,0.114503,76066.6
600739.SH,20260421,82800,11.46,948888.0,11.47,0.00541279,1.04928,152971.0
600740.SH,20260421,286100,4.17,1193037.0,4.2,0.0111665,0.836866,256212.0
600741.SH,20260421,54700,20.27,1108769.0,20.19,0.00173501,0.351313,315272.0
600742.SH,20260421,33900,10.32,349848.0,10.34,0.00456223,0.347359,74305.8
600743.SH,20260421,4623500,2.51,11604985.0,2.59,0.197072,1.53507,234610.0
600744.SH,20260421,2119800,8.0,16958400.0,8.08,0.104366,1.61596,203112.0
600745.SH,20260421,191700,31.15,5971455.0,31.38,0.0154019,1.01504,124465.0
600746.SH,20260421,347500,8.68,3016300.0,8.59,0.0297557,1.51589,116784.0
600748.SH,20260421,24300,5.44,132192.0,5.44,0.00131739,0.0983648,184456.0
600749.SH,20260421,585400,20.0,11708000.0,20.29,0.257925,1.63476,22696.6
600750.SH,20260421,24100,27.08,652628.0,27.22,0.0038334,0.492811,62868.5
600751.SH,20260421,78100,3.88,303028.0,3.88,0.00303514,0.183108,257319.0
600753.SH,20260421,4600,12.32,56672.0,12.34,0.00199733,0.195301,23030.7
600754.SH,20260421,32500,27.14,882050.0,27.14,0.00358702,0.236857,90604.4
600755.SH,20260421,82300,6.25,514375.0,6.26,0.00385994,0.513318,213216.0
600756.SH,20260421,191800,16.61,3185798.0,16.78,0.0591795,1.36438,32409.9
600757.SH,20260421,11900,8.74,104006.0,8.74,0.000980637,0.11425,121350.0
600758.SH,20260421,256600,3.89,998174.0,3.88,0.0194285,0.417084,132074.0
600759.SH,20260421,1450900,5.19,7530171.0,5.22,0.0350147,0.470693,414369.0
600760.SH,20260421,86700,50.7,4395690.0,50.82,0.00306774,0.406955,282619.0
600761.SH,20260421,15500,17.41,269855.0,17.4,0.00174022,0.16988,89069.3
600763.SH,20260421,28800,41.1,1183680.0,41.07,0.00643879,0.405669,44728.9
600764.SH,20260421,66200,24.78,1640436.0,24.77,0.00931569,1.29271,71062.9
600765.SH,20260421,66100,16.92,1118412.0,16.91,0.00425767,0.312438,155249.0
600768.SH,20260421,103700,17.77,1842749.0,17.6,0.0775343,0.833556,13374.7
600769.SH,20260421,19400,14.84,287896.0,14.98,0.00517365,0.133236,37497.7
600770.SH,20260421,96300,5.82,560466.0,5.83,0.00740769,0.301322,130000.0
600771.SH,20260421,17100,17.28,295488.0,17.35,0.00349342,0.37014,48949.1
600773.SH,20260421,299300,23.0,6883900.0,22.69,0.0314527,0.556682,95158.7
600774.SH,20260421,10800,8.73,94284.0,8.73,0.0036625,0.323349,29488.0
600775.SH,20260421,111100,13.57,1507627.0,13.63,0.0165367,0.602035,67183.9
600776.SH,20260421,330500,16.86,5572230.0,16.79,0.0345711,0.801301,95600.0
600777.SH,20260421,276500,5.85,1617525.0,5.87,0.00434328,1.1175,636615.0
600778.SH,20260421,36700,6.42,235614.0,6.43,0.0117925,0.657372,31121.5
600779.SH,20260421,5500,33.0,181500.0,32.91,0.0011282,0.250311,48750.3
600780.SH,20260421,109200,6.65,726180.0,6.66,0.00952462,0.474212,114650.0
600782.SH,20260421,3239600,3.27,10593492.0,3.5,0.102987,7.80475,314565.0
600783.SH,20260421,68100,21.52,1465512.0,21.69,0.00914881,0.44254,74435.9
600784.SH,20260421,480600,7.75,3724650.0,7.78,0.0711313,3.03773,67565.2
600785.SH,20260421,41600,17.56,730496.0,17.7,0.0184372,0.528711,22563.1
600787.SH,20260421,520100,5.36,2787736.0,5.32,0.0239669,3.39537,217008.0
600789.SH,20260421,14200,8.25,117150.0,8.26,0.00158011,0.0980347,89867.0
600790.SH,20260421,6700,3.72,24924.0,3.72,0.000457091,0.0951918,146579.0
600791.SH,20260421,95400,12.47,1189638.0,12.47,0.0210916,0.408124,45231.4
600792.SH,20260421,56900,3.94,224186.0,3.96,0.00512648,0.293046,110992.0
600793.SH,20260421,3800,18.88,71744.0,19.02,0.00214806,0.143612,17690.4
600794.SH,20260421,157600,3.61,568936.0,3.6,0.0131317,1.49765,120015.0
600795.SH,20260421,523800,4.83,2529954.0,4.83,0.00293682,0.420235,1783560.0
600796.SH,20260421,28800,6.15,177120.0,6.15,0.00924624,0.301568,31147.8
600797.SH,20260421,511700,9.35,4784395.0,9.49,0.0497992,1.31049,102753.0
600798.SH,20260421,19800,3.63,71874.0,3.64,0.00164106,0.114499,120653.0
600800.SH,20260421,1556000,5.08,7904480.0,5.08,0.140214,3.3762,110973.0
600801.SH,20260421,30900,22.8,704520.0,22.73,0.00230305,0.287364,134170.0
600802.SH,20260421,35800,5.69,203702.0,5.67,0.00781236,0.384378,45824.8
600803.SH,20260421,32200,20.72,667184.0,20.78,0.00104827,0.340253,307173.0
600805.SH,20260421,18900,5.19,98091.0,5.21,0.00222281,0.186912,85027.5
600807.SH,20260421,103400,2.94,303996.0,2.96,0.0131382,0.511185,78701.8
600808.SH,20260421,109700,3.94,432218.0,3.94,0.00183821,0.235802,596775.0
600809.SH,20260421,9000,138.79,1249110.0,138.87,0.000737727,0.153601,121996.0
600810.SH,20260421,66300,8.58,568854.0,8.61,0.00613461,0.37285,108075.0
600812.SH,20260421,77000,5.45,419650.0,5.45,0.00448788,0.32297,171573.0
600814.SH,20260421,17800,7.84,139552.0,7.84,0.00242151,0.219827,73507.9
600815.SH,20260421,207000,4.0,828000.0,4.04,0.0116679,0.205727,177409.0
600816.SH,20260421,266700,2.53,674751.0,2.54,0.00487645,0.921106,546914.0
600817.SH,20260421,27600,12.7,350520.0,12.77,0.00521498,0.440501,52924.4
600818.SH,20260421,6700,8.51,57017.0,8.5,0.00281562,0.174534,23795.8
600819.SH,20260421,5900,7.24,42716.0,7.23,0.000789386,0.0901743,74741.6
600820.SH,20260421,42300,6.14,259722.0,6.15,0.00134538,0.348433,314410.0
600821.SH,20260421,3017100,9.4,28360740.0,9.39,0.153361,0.853825,196732.0
600822.SH,20260421,14900,9.98,148702.0,9.97,0.00376122,0.211597,39614.8
600824.SH,20260421,14500,3.97,57565.0,3.98,0.00137568,0.179381,105403.0
600825.SH,20260421,19800,5.97,118206.0,6.0,0.00189494,0.16658,104489.0
600826.SH,20260421,16100,9.55,153755.0,9.58,0.00218889,0.319929,73553.4
600827.SH,20260421,142100,8.25,1172325.0,8.24,0.00885662,1.32467,160445.0
600828.SH,20260421,189000,5.27,996030.0,5.21,0.0109163,1.12865,173136.0
600829.SH,20260421,27700,9.9,274230.0,9.92,0.00477678,0.174892,57988.9
600830.SH,20260421,18100,8.87,160547.0,8.84,0.00398395,0.497379,45432.3
600831.SH,20260421,124900,3.48,434652.0,3.5,0.0175681,0.946315,71094.7
600833.SH,20260421,13500,11.5,155250.0,11.55,0.00605147,0.371443,22308.6
600834.SH,20260421,6200,8.21,50902.0,8.23,0.00129875,0.283581,47738.2
600835.SH,20260421,9200,22.55,207460.0,22.65,0.00114073,0.114323,80650.4
600838.SH,20260421,255901,10.44,2671606.0,10.24,0.0638345,2.79452,40088.2
600839.SH,20260421,1357800,9.5,12899100.0,9.57,0.0294217,0.717328,461496.0
600841.SH,20260421,77900,9.48,738492.0,9.51,0.00746866,0.243425,104302.0
600843.SH,20260421,8800,9.7,85360.0,9.72,0.00187544,0.113942,46922.3
600844.SH,20260421,313900,3.46,1086094.0,3.47,0.0381534,0.443115,82273.1
600845.SH,20260421,54200,22.7,1230340.0,22.82,0.00253977,0.2653,213405.0
600846.SH,20260421,10500,12.08,126840.0,12.08,0.00168064,0.47624,62476.2
600847.SH,20260421,52700,14.9,785230.0,14.88,0.0343799,0.779498,15328.7
600848.SH,20260421,60500,9.31,563255.0,9.33,0.00252724,0.25143,239391.0
600850.SH,20260421,35300,20.83,735299.0,20.86,0.00518966,0.347708,68019.9
600851.SH,20260421,30000,8.59,257700.0,8.63,0.00406391,0.209199,73820.6
600853.SH,20260421,107800,3.98,429044.0,4.0,0.0106344,1.21868,101370.0
600854.SH,20260421,22200,5.15,114330.0,5.14,0.00427368,0.302325,51945.9
600855.SH,20260421,240400,21.3,5120520.0,21.63,0.0514071,0.467582,46764.0
600857.SH,20260421,28500,12.13,345705.0,12.23,0.0127051,1.09881,22432.0
600858.SH,20260421,9900,5.62,55638.0,5.64,0.00191287,0.163773,51754.8
600859.SH,20260421,54700,12.2,667340.0,12.2,0.00486729,0.495721,112383.0
600860.SH,20260421,333300,11.6,3866280.0,11.45,0.0750607,2.03545,44404.1
600861.SH,20260421,4800,16.26,78048.0,16.23,0.00130942,0.192782,36657.5
600862.SH,20260421,148400,22.19,3292996.0,22.0,0.0106529,0.752747,139305.0
600863.SH,20260421,193700,4.65,900705.0,4.63,0.00296772,0.264849,652689.0
600864.SH,20260421,286900,7.11,2039859.0,7.14,0.0137895,0.303244,208057.0
600865.SH,20260421,21900,11.42,250098.0,11.45,0.00582075,0.381575,37624.0
600866.SH,20260421,83100,6.87,570897.0,6.88,0.00661746,0.45233,125577.0
600867.SH,20260421,304000,10.1,3070400.0,10.08,0.0155217,0.320193,195854.0
600868.SH,20260421,199300,3.47,691571.0,3.46,0.0104997,0.295132,189815.0
600869.SH,20260421,723400,15.26,11039084.0,15.51,0.0325951,0.739338,221935.0
600871.SH,20260421,573100,2.68,1535908.0,2.69,0.00423045,0.328793,1354700.0
600872.SH,20260421,1565100,21.6,33806160.0,21.47,0.202999,6.79222,77098.8
600873.SH,20260421,180800,10.8,1952640.0,10.79,0.00644738,0.544074,280424.0
600874.SH,20260421,16700,6.08,101536.0,6.08,0.00135726,0.186864,123042.0
600875.SH,20260421,370300,42.13,15600739.0,42.51,0.0163606,0.333089,226337.0
600876.SH,20260421,38700,10.03,388161.0,10.02,0.00978076,0.371046,39567.5
600877.SH,20260421,84600,17.56,1485576.0,17.57,0.00714491,0.295065,118406.0
600879.SH,20260421,2697232,25.54,68887305.0,25.53,0.0817517,1.29385,329930.0
600880.SH,20260421,452800,5.42,2454176.0,5.42,0.0414261,0.778554,109303.0
600881.SH,20260421,272400,1.57,427668.0,1.57,0.00842782,0.981717,323215.0
600882.SH,20260421,50400,20.51,1033704.0,20.35,0.00988131,0.619974,51005.4
600883.SH,20260421,26000,8.01,208260.0,8.06,0.0110128,0.656851,23608.8
600884.SH,20260421,183700,14.48,2659976.0,14.46,0.0100103,0.141141,183511.0
600885.SH,20260421,33600,28.62,961632.0,28.8,0.00217111,0.145603,154759.0
600886.SH,20260421,128300,13.45,1725635.0,13.41,0.00172118,0.55334,745418.0
600887.SH,20260421,159818,25.5,4075359.0,25.51,0.00253924,0.384033,629393.0
600888.SH,20260421,209700,8.76,1836972.0,8.77,0.0135022,0.761559,155309.0
600889.SH,20260421,22600,15.25,344650.0,15.12,0.00616903,0.586193,36634.6
600892.SH,20260421,0,,0.0,3.59,0.0,0.0,55932.0
600893.SH,20260421,149500,50.0,7475000.0,49.98,0.00560949,0.506859,266512.0
600894.SH,20260421,23400,9.93,232362.0,9.91,0.00277533,0.247461,84314.4
600895.SH,20260421,65300,37.18,2427854.0,37.22,0.00421647,0.27696,154869.0
600897.SH,20260421,7700,16.23,124971.0,16.25,0.00184682,0.186644,41693.4
600900.SH,20260421,1003800,26.86,26962068.0,26.84,0.00410246,1.20135,2446820.0
600901.SH,20260421,60200,6.92,416584.0,6.91,0.00103964,0.189024,579045.0
600903.SH,20260421,14900,6.25,93125.0,6.25,0.00129564,0.241588,115001.0
600905.SH,20260421,847400,4.1,3474340.0,4.09,0.00296422,0.821881,2858760.0
600906.SH,20260421,39100,6.43,251413.0,6.42,0.00184066,0.324166,212424.0
600908.SH,20260421,17100,5.68,97128.0,5.67,0.000855294,0.162513,199931.0
600909.SH,20260421,701900,5.67,3979773.0,5.69,0.0139704,1.63784,502421.0
600916.SH,20260421,125500,9.12,1144560.0,9.12,0.00747024,0.555662,168000.0
600917.SH,20260421,19100,5.27,100657.0,5.28,0.00122354,0.298896,156104.0
600918.SH,20260421,138100,6.05,835505.0,6.05,0.00351771,0.81128,392585.0
600919.SH,20260421,244800,11.04,2702592.0,11.02,0.00133396,0.34745,1835130.0
600925.SH,20260421,10600,4.52,47912.0,4.54,0.000660005,0.16731,160605.0
600926.SH,20260421,107300,17.28,1854144.0,17.26,0.0014802,0.473254,724900.0
600927.SH,20260421,32300,14.49,468027.0,14.44,0.00221908,0.705825,145556.0
600928.SH,20260421,90300,3.63,327789.0,3.63,0.00204144,0.676774,442335.0
600929.SH,20260421,494400,7.16,3539904.0,7.22,0.0301443,1.0685,164011.0
600930.SH,20260421,1436700,6.0,8620200.0,6.03,0.0444824,1.3883,322981.0
600933.SH,20260421,5300,16.87,89411.0,16.92,0.000542268,0.0460991,97737.6
600935.SH,20260421,580800,2.59,1504272.0,2.62,0.0165593,1.92327,350740.0
600936.SH,20260421,74400,4.08,303552.0,4.08,0.00445235,0.327175,167103.0
600938.SH,20260421,281700,37.16,10467972.0,37.16,0.0094214,0.539305,299000.0
600939.SH,20260421,18700,2.88,53856.0,2.87,0.00098293,0.225023,190248.0
600941.SH,20260421,236300,93.96,22202748.0,93.3,0.0261751,3.776,90276.8
600955.SH,20260421,52700,18.51,975477.0,18.63,0.00958182,0.415005,55000.0
600956.SH,20260421,23600,8.13,191868.0,8.15,0.00100507,0.162585,234809.0
600959.SH,20260421,230300,4.08,939624.0,4.1,0.00460534,0.161906,500072.0
600960.SH,20260421,41500,5.29,219535.0,5.31,0.00436605,0.29107,95051.6
600961.SH,20260421,1413300,26.73,37777509.0,24.3,0.187986,9.80249,75181.2
600962.SH,20260421,219100,21.89,4796099.0,21.91,0.083559,3.53453,26221.0
600963.SH,20260421,33800,4.86,164268.0,4.88,0.00192311,0.154267,175757.0
600965.SH,20260421,50900,5.41,275369.0,5.43,0.00621717,0.694611,81870.1
600966.SH,20260421,56600,6.76,382616.0,6.76,0.00423385,0.416434,133684.0
600967.SH,20260421,85300,15.1,1288030.0,15.07,0.00501236,0.452374,170179.0
600968.SH,20260421,140400,4.24,595296.0,4.24,0.0013812,0.248469,1016510.0
600969.SH,20260421,60000,10.11,606600.0,10.16,0.016214,0.676909,37005.0
600970.SH,20260421,34470,10.48,361246.0,10.48,0.00131474,0.139273,262181.0
600971.SH,20260421,115400,7.48,863192.0,7.47,0.00961663,0.972491,120000.0
600973.SH,20260421,501600,7.51,3767016.0,7.57,0.0365767,1.13219,137137.0
600975.SH,20260421,50000,5.72,286000.0,5.73,0.00400108,0.227129,124966.0
600976.SH,20260421,53000,33.06,1752180.0,33.2,0.034573,2.03295,15329.9
600977.SH,20260421,219300,14.55,3190815.0,14.6,0.0117461,0.42868,186700.0
600979.SH,20260421,4460600,4.84,21589304.0,4.84,0.361985,9.75258,123226.0
600980.SH,20260421,10700,23.25,248775.0,23.2,0.00565349,0.394391,18926.4
600981.SH,20260421,407200,2.98,1213456.0,2.98,0.0181588,2.38293,224243.0
600982.SH,20260421,821900,5.98,4914962.0,5.95,0.0735397,0.811317,111763.0
600983.SH,20260421,9400,10.61,99734.0,10.65,0.00122645,0.0964355,76643.9
600984.SH,20260421,45200,4.25,192100.0,4.26,0.00359574,0.183189,125704.0
600985.SH,20260421,40700,13.24,538868.0,13.33,0.00151118,0.22962,269326.0
600986.SH,20260421,1877600,11.28,21179328.0,11.3,0.126236,0.936299,148737.0
600987.SH,20260421,5800,7.39,42862.0,7.41,0.000568171,0.0630923,102082.0
600988.SH,20260421,130200,44.23,5758746.0,44.24,0.00782494,0.356432,166391.0
600989.SH,20260421,387000,27.35,10584450.0,27.36,0.00527725,0.402639,733336.0
600990.SH,20260421,9800,24.71,242158.0,24.69,0.00364295,0.207102,26901.3
600992.SH,20260421,8900,12.1,107690.0,12.09,0.00363132,0.205987,24509.0
600993.SH,20260421,8700,25.14,218718.0,25.05,0.00202181,0.216674,43030.7
600995.SH,20260421,141100,14.13,1993743.0,14.11,0.00441489,0.573774,319601.0
600996.SH,20260421,266800,8.94,2385192.0,9.08,0.0213988,0.616697,124680.0
600997.SH,20260421,29500,5.66,166970.0,5.69,0.00185792,0.276351,158780.0
600998.SH,20260421,133200,5.3,705960.0,5.31,0.00264156,0.368117,504247.0
600999.SH,20260421,67600,15.63,1056588.0,15.63,0.000910805,0.260656,742200.0
601000.SH,20260421,115153,4.79,551583.0,4.82,0.00194321,0.306089,592593.0
601001.SH,20260421,8700,16.84,146508.0,16.91,0.000519806,0.0597404,167370.0
601002.SH,20260421,1804100,6.62,11943142.0,6.68,0.189022,2.58331,95444.1
601003.SH,20260421,17700,4.57,80889.0,4.57,0.000690653,0.141149,256279.0
601005.SH,20260421,391400,1.41,551874.0,1.41,0.00470793,0.667785,831364.0
601006.SH,20260421,132300,5.24,693252.0,5.24,0.000656668,0.149457,2014720.0
601007.SH,20260421,217100,8.3,1801930.0,8.36,0.0556667,1.0291,39000.0
601008.SH,20260421,11300,4.81,54353.0,4.82,0.000910822,0.177531,124064.0
601009.SH,20260421,70700,11.28,797496.0,11.29,0.000571841,0.195558,1236360.0
601010.SH,20260421,284200,2.47,701974.0,2.47,0.0153788,0.429698,184800.0
601011.SH,20260421,229700,3.17,728149.0,3.18,0.0119906,0.668851,191566.0
601012.SH,20260421,822900,17.65,14524185.0,17.65,0.010859,0.729704,757806.0
601015.SH,20260421,243700,3.93,957741.0,3.94,0.0119315,0.453342,204250.0
601016.SH,20260421,1036300,4.1,4248830.0,4.1,0.0171624,0.412413,603820.0
601018.SH,20260421,139900,3.84,537216.0,3.84,0.000719118,0.393395,1945440.0
601019.SH,20260421,87300,7.66,668718.0,7.68,0.00418324,0.321958,208690.0
601020.SH,20260421,145700,31.6,4604120.0,31.53,0.0177691,0.352786,81996.5
601021.SH,20260421,27300,48.5,1324050.0,48.62,0.00279046,0.450614,97833.3
601022.SH,20260421,19800,8.88,175824.0,8.92,0.00151303,0.26685,130863.0
601026.SH,20260421,5533,18.58,102803.0,18.65,0.00498084,0.134616,11108.6
601033.SH,20260421,4300,14.77,63511.0,14.77,0.00179167,0.116546,24000.0
601038.SH,20260421,14800,12.72,188256.0,12.68,0.00202267,0.200523,73170.5
601058.SH,20260421,89700,13.65,1224405.0,13.64,0.00272802,0.233523,328810.0
601059.SH,20260421,12400,16.82,208568.0,16.82,0.000382362,0.221188,324300.0
601061.SH,20260421,41300,12.93,534009.0,12.92,0.000842857,0.212791,490000.0
601065.SH,20260421,6900,8.37,57753.0,8.38,0.00165763,0.216809,41625.6
601066.SH,20260421,24600,21.86,537756.0,21.83,0.000378714,0.31229,649567.0
601068.SH,20260421,29600,6.37,188552.0,6.37,0.00115643,0.180391,255959.0
601069.SH,20260421,82200,33.99,2793978.0,33.91,0.00926522,0.402982,88718.8
601077.SH,20260421,123300,7.28,897624.0,7.3,0.00139507,0.380439,883824.0
601083.SH,20260421,20600,12.97,267182.0,12.98,0.010612,0.188413,19412.0
601086.SH,20260421,145400,8.86,1288244.0,8.77,0.0218318,1.69818,66600.0
601088.SH,20260421,87800,45.23,3971194.0,45.23,0.00053241,0.338204,1649100.0
601089.SH,20260421,2700,22.25,60075.0,22.25,0.0005625,0.0661071,48000.0
601096.SH,20260421,54400,5.65,307360.0,5.62,0.00331106,0.182986,164298.0
601098.SH,20260421,12300,11.08,136284.0,11.12,0.000684855,0.189793,179600.0
601099.SH,20260421,344500,3.82,1315990.0,3.82,0.00505405,0.398635,681632.0
601100.SH,20260421,159700,97.44,15561168.0,103.32,0.0119106,1.66729,134082.0
601101.SH,20260421,15100,8.16,123216.0,8.2,0.00104861,0.109392,144000.0
601106.SH,20260421,249400,4.3,1072420.0,4.3,0.00363674,0.40768,685778.0
601107.SH,20260421,94400,6.06,572064.0,6.09,0.00436483,0.605732,216274.0
601108.SH,20260421,67700,8.28,560556.0,8.29,0.00145787,0.199692,464376.0
601111.SH,20260421,450700,7.02,3163914.0,7.08,0.00387262,0.495997,1163810.0
601112.SH,20260421,29900,20.02,598598.0,20.08,0.0168688,0.247778,17725.0
601113.SH,20260421,507400,4.7,2384780.0,4.71,0.0459538,1.96789,110415.0
601116.SH,20260421,7600,14.1,107160.0,14.15,0.00138768,0.0884251,54767.8
601117.SH,20260421,302200,8.62,2604964.0,8.6,0.00496381,0.32136,608807.0
601118.SH,20260421,142000,6.68,948560.0,6.68,0.0033182,0.426292,427943.0
601121.SH,20260421,38200,7.87,300634.0,7.86,0.004775,0.344717,80000.0
601126.SH,20260421,116600,48.65,5672590.0,48.83,0.0141319,0.352523,82508.5
601127.SH,20260421,50900,90.15,4588635.0,90.07,0.00326868,0.324741,155720.0
601128.SH,20260421,62700,7.26,455202.0,7.26,0.00189054,0.161918,331652.0
601133.SH,20260421,76600,24.46,1873636.0,24.55,0.0146075,0.271038,52438.7
601136.SH,20260421,60300,16.53,996759.0,16.54,0.0022061,0.81693,273333.0
601137.SH,20260421,263700,20.35,5366295.0,20.54,0.0287315,1.75442,91780.7
601138.SH,20260421,1130400,60.97,68920488.0,61.51,0.00569641,0.546712,1984410.0
601139.SH,20260421,330900,6.82,2256738.0,6.86,0.0115026,1.24577,287674.0
601155.SH,20260421,25800,14.57,375906.0,14.57,0.00114381,0.119846,225562.0
601156.SH,20260421,7300,16.9,123370.0,16.93,0.000772818,0.0988629,94459.6
601158.SH,20260421,15200,4.36,66272.0,4.36,0.000316665,0.307182,480003.0
601162.SH,20260421,599700,3.82,2290854.0,3.83,0.0069749,0.591438,859797.0
601163.SH,20260421,41500,13.95,578925.0,13.97,0.0051875,1.06571,80000.0
601166.SH,20260421,284800,18.37,5231776.0,18.36,0.00134575,0.414463,2116290.0
601168.SH,20260421,194700,28.81,5609307.0,29.0,0.00817037,0.379162,238300.0
601169.SH,20260421,194600,5.43,1056678.0,5.44,0.0009204,0.249632,2114300.0
601177.SH,20260421,10000,14.9,149000.0,14.9,0.00249963,0.28374,40006.0
601179.SH,20260421,2810000,18.23,51226300.0,18.22,0.0548198,0.934577,512588.0
601186.SH,20260421,448597,6.9,3095319.0,6.9,0.00389974,0.997541,1150320.0
601187.SH,20260421,68800,7.75,533200.0,7.75,0.00261261,0.430068,263338.0
601188.SH,20260421,13300,3.25,43225.0,3.26,0.00101879,0.107111,130547.0
601198.SH,20260421,26900,12.92,347548.0,12.92,0.000832187,0.174725,323245.0
601199.SH,20260421,9700,5.59,54223.0,5.6,0.0010372,0.234992,93521.0
601200.SH,20260421,5600,8.04,45024.0,8.04,0.000415976,0.0721285,134623.0
601208.SH,20260421,240200,35.15,8443030.0,35.65,0.0237779,0.371674,101018.0
601211.SH,20260421,426700,16.85,7189895.0,16.87,0.00316146,0.441999,1349690.0
601212.SH,20260421,492100,8.15,4010615.0,8.16,0.00664571,0.416922,740477.0
601216.SH,20260421,82600,5.24,432824.0,5.24,0.000978903,0.129309,843802.0
601218.SH,20260421,244400,6.31,1542164.0,6.31,0.025221,0.364599,96903.4
601222.SH,20260421,92500,6.25,578125.0,6.24,0.0045316,0.264404,204122.0
601225.SH,20260421,79900,24.52,1959148.0,24.52,0.000824136,0.252481,969500.0
601226.SH,20260421,40700,9.56,389092.0,9.57,0.00350191,0.163397,116222.0
601228.SH,20260421,118000,3.24,382320.0,3.24,0.00156405,0.448795,754453.0
601229.SH,20260421,37400,9.8,366520.0,9.8,0.000263213,0.103632,1420900.0
601231.SH,20260421,396500,41.31,16379415.0,42.37,0.0165962,0.656506,238910.0
601233.SH,20260421,38400,19.77,759168.0,19.92,0.00161707,0.0955423,237467.0
601236.SH,20260421,19700,7.79,153463.0,7.78,0.000417657,0.214842,471679.0
601238.SH,20260421,21400,7.2,154080.0,7.21,0.000289828,0.173967,738370.0
601279.SH,20260421,9800,3.9,38220.0,3.91,0.00061799,0.0920808,158579.0
601288.SH,20260421,915900,7.2,6594480.0,7.19,0.000286896,0.227645,31924400.0
601298.SH,20260421,17700,8.82,156114.0,8.82,0.00032826,0.212618,539208.0
601311.SH,20260421,108600,10.31,1119666.0,10.34,0.00925716,0.248653,117315.0
601318.SH,20260421,235800,58.54,13803732.0,58.54,0.00221199,0.395773,1066010.0
601319.SH,20260421,113300,7.33,830489.0,7.35,0.000319175,0.231106,3549780.0
601326.SH,20260421,98300,3.54,347982.0,3.54,0.00206619,0.384363,475756.0
601328.SH,20260421,452500,7.04,3185600.0,7.05,0.00173555,0.373702,2607240.0
601330.SH,20260421,83800,8.07,676266.0,8.07,0.00847239,0.364519,98909.5
601333.SH,20260421,316400,3.03,958692.0,3.03,0.00559778,0.880421,565224.0
601336.SH,20260421,72100,64.1,4621610.0,64.48,0.00345731,0.314365,208544.0
601339.SH,20260421,35900,8.07,289713.0,8.07,0.00239402,0.158961,149957.0
601360.SH,20260421,322500,11.18,3605550.0,11.19,0.00460743,0.458249,699956.0
601366.SH,20260421,15500,3.95,61225.0,3.96,0.00161502,0.134276,95974.1
601368.SH,20260421,46400,4.77,221328.0,4.77,0.00525497,0.719796,88297.3
601369.SH,20260421,263200,9.2,2421440.0,9.2,0.015426,1.64446,170621.0
601375.SH,20260421,81100,4.03,326833.0,4.03,0.00235242,0.342268,344752.0
601377.SH,20260421,455600,6.0,2733600.0,6.02,0.0052756,0.543949,863599.0
601388.SH,20260421,283600,4.15,1176940.0,4.14,0.0128837,0.33945,220122.0
601390.SH,20260421,330700,5.29,1749403.0,5.3,0.00161484,0.242206,2047880.0
601398.SH,20260421,1485026,7.57,11241647.0,7.57,0.000550801,0.690305,26961200.0
601399.SH,20260421,280900,4.2,1179780.0,4.21,0.00389406,0.223147,721356.0
601456.SH,20260421,29200,9.34,272728.0,9.35,0.000667126,0.16878,437698.0
601500.SH,20260421,13100,4.22,55282.0,4.22,0.000827542,0.107132,158300.0
601512.SH,20260421,41000,8.93,366130.0,8.87,0.00273536,1.42023,149889.0
601515.SH,20260421,52000,4.71,244920.0,4.72,0.00270204,0.14239,192447.0
601518.SH,20260421,64900,2.8,181720.0,2.8,0.00343286,0.324279,189055.0
601519.SH,20260421,53500,10.97,586895.0,10.99,0.00268958,0.227113,198916.0
601528.SH,20260421,305400,5.24,1600296.0,5.25,0.0176078,2.43189,173446.0
601555.SH,20260421,287300,8.24,2367352.0,8.25,0.00578219,0.878061,496870.0
601566.SH,20260421,11300,10.8,122040.0,10.82,0.00196646,0.259724,57463.7
601567.SH,20260421,87800,26.04,2286312.0,25.91,0.00624818,0.380242,140521.0
601568.SH,20260421,29300,4.04,118372.0,4.04,0.000737622,0.117303,397222.0
601577.SH,20260421,23194,9.52001,220807.0,9.53,0.000576867,0.188271,402068.0
601579.SH,20260421,8500,18.84,160140.0,18.84,0.00177282,0.080412,47946.3
601588.SH,20260421,918900,1.87,1718343.0,1.87,0.0345451,0.483526,266000.0
601595.SH,20260421,9300,25.2,234360.0,25.37,0.00207497,0.210232,44820.0
601598.SH,20260421,48900,6.11,298779.0,6.13,0.000948139,0.318494,515747.0
601599.SH,20260421,67100,3.8,254980.0,3.81,0.00578178,0.342965,116054.0
601600.SH,20260421,797200,12.24,9757728.0,12.31,0.0060516,0.31561,1317340.0
601601.SH,20260421,80360,37.4,3005464.0,37.46,0.00117399,0.271387,684504.0
601606.SH,20260421,167700,41.0,6875700.0,40.49,0.0231557,1.23359,72422.8
601607.SH,20260421,31400,16.97,532858.0,16.93,0.00112577,0.323622,278921.0
601608.SH,20260421,61900,6.35,393065.0,6.33,0.00135166,0.211445,457955.0
601609.SH,20260421,151300,10.96,1658248.0,11.01,0.00875255,0.556275,172864.0
601611.SH,20260421,191900,14.46,2774874.0,14.45,0.0063673,0.440806,301383.0
601615.SH,20260421,850900,17.4,14805660.0,17.3,0.0376255,1.00087,226150.0
601616.SH,20260421,52800,4.84,255552.0,4.87,0.00618502,0.167083,85367.5
601618.SH,20260421,312500,2.96,925000.0,2.97,0.00175044,0.340594,1785260.0
601619.SH,20260421,1041300,6.28,6539364.0,6.28,0.0427694,0.765211,243469.0
601628.SH,20260421,53429,37.67,2012670.0,37.63,0.00025658,0.334565,2082350.0
601633.SH,20260421,44800,20.66,925568.0,20.7,0.000721505,0.355693,620924.0
601636.SH,20260421,221900,6.07,1346933.0,6.1,0.00750003,0.412341,295865.0
601658.SH,20260421,1131400,5.18,5860652.0,5.18,0.00155995,0.771957,7252780.0
601665.SH,20260421,396200,6.18,2448516.0,6.16,0.00643825,0.720393,615384.0
601666.SH,20260421,39300,7.73,303789.0,7.74,0.0015915,0.19173,246936.0
601668.SH,20260421,1095542,4.87,5335290.0,4.88,0.00265133,0.543904,4132040.0
601669.SH,20260421,917700,5.8,5322660.0,5.8,0.0070206,0.403115,1307150.0
601677.SH,20260421,845440,17.52,14812109.0,17.43,0.0694118,2.45201,121801.0
601678.SH,20260421,88400,5.05,446420.0,5.04,0.00432626,0.2042,204334.0
601686.SH,20260421,4600,5.91,27186.0,5.91,0.000312596,0.0975315,147155.0
601688.SH,20260421,190615,18.92,3606436.0,18.97,0.00260875,0.240974,730676.0
601689.SH,20260421,87100,60.2,5243420.0,60.57,0.00501198,0.284421,173784.0
601696.SH,20260421,86100,12.5,1076250.0,12.53,0.00309935,0.288666,277800.0
601698.SH,20260421,3925900,38.61,151578999.0,37.38,0.0929342,5.66554,422439.0
601699.SH,20260421,117900,13.32,1570428.0,13.35,0.00394129,0.470374,299141.0
601700.SH,20260421,145200,5.4,784080.0,5.41,0.0127507,0.907092,113876.0
601702.SH,20260421,17600,20.22,355872.0,20.28,0.00176259,0.194678,99853.1
601717.SH,20260421,41000,20.01,820410.0,19.99,0.0026586,0.303652,154217.0
601718.SH,20260421,103100,2.98,307238.0,2.98,0.0023641,0.302237,436107.0
601727.SH,20260421,311200,8.11,2523832.0,8.12,0.00246678,0.325158,1261560.0
601728.SH,20260421,422300,5.84,2466232.0,5.84,0.000543993,0.417136,7762970.0
601766.SH,20260421,424200,6.1,2587620.0,6.09,0.00174368,0.355528,2432780.0
601777.SH,20260421,20200,10.08,203616.0,10.07,0.000446794,0.115791,452110.0
601778.SH,20260421,4640330,6.42,29790919.0,6.51,0.129887,0.607797,357259.0
601788.SH,20260421,36500,15.41,562465.0,15.41,0.000934293,0.238114,390670.0
601789.SH,20260421,628700,5.67,3564729.0,5.7,0.0578488,0.812003,108680.0
601798.SH,20260421,22600,9.23,208598.0,9.23,0.00637467,0.368812,35452.8
601799.SH,20260421,8100,131.2,1062720.0,131.9,0.00283535,0.21788,28567.9
601800.SH,20260421,34800,7.42,258216.0,7.42,0.000295322,0.157695,1178370.0
601801.SH,20260421,15700,6.07,95299.0,6.08,0.000801867,0.154997,195793.0
601808.SH,20260421,128700,15.17,1952379.0,15.22,0.00434729,0.622997,296047.0
601811.SH,20260421,32400,13.83,448092.0,13.84,0.00409141,0.336263,79190.4
601816.SH,20260421,868000,4.94,4287920.0,4.95,0.00177412,0.805524,4892570.0
601818.SH,20260421,544300,3.19,1736317.0,3.18,0.00117289,0.424639,4640680.0
601825.SH,20260421,34000,9.14,310760.0,9.14,0.000362688,0.230999,937444.0
601827.SH,20260421,19300,7.9,152470.0,7.92,0.00115435,0.349477,167193.0
601828.SH,20260421,99100,2.39,236849.0,2.38,0.00274253,0.464699,361345.0
601838.SH,20260421,30100,17.49,526449.0,17.47,0.000710168,0.184005,423844.0
601857.SH,20260421,652300,11.44,7462312.0,11.48,0.000402848,0.441804,16192200.0
601858.SH,20260421,63900,21.98,1404522.0,22.08,0.00808349,0.775719,79050.0
601860.SH,20260421,315900,2.67,843453.0,2.67,0.00889461,1.19567,355159.0
601865.SH,20260421,80400,14.63,1176252.0,14.63,0.0042293,0.449767,190103.0
601866.SH,20260421,381700,2.72,1038224.0,2.72,0.00391408,0.387453,975198.0
601868.SH,20260421,4275000,2.93,12525750.0,2.94,0.0131828,0.621731,3242870.0
601869.SH,20260421,264014,377.3,99612482.0,385.0,0.0649739,1.4855,40633.8
601872.SH,20260421,751600,19.09,14348044.0,19.08,0.00930827,0.493144,807454.0
601877.SH,20260421,117800,33.09,3898002.0,33.0,0.0054817,0.299679,214897.0
601878.SH,20260421,165300,9.63,1591839.0,9.64,0.00361407,0.91426,457380.0
601880.SH,20260421,626600,1.62,1015092.0,1.63,0.00340302,0.731658,1841310.0
601881.SH,20260421,109100,12.86,1403026.0,12.86,0.0015062,0.362146,724342.0
601882.SH,20260421,17100,19.59,334989.0,19.62,0.00327586,0.383497,52200.0
601886.SH,20260421,9800,9.7,95060.0,9.74,0.000864959,0.167079,113300.0
601888.SH,20260421,124500,67.69,8427405.0,67.69,0.00637652,0.468693,195248.0
601890.SH,20260421,358700,10.73,3848851.0,10.79,0.037388,1.23805,95940.0
601898.SH,20260421,135200,16.05,2169960.0,16.19,0.00147727,0.367162,915200.0
601899.SH,20260421,1136300,34.98,39747774.0,34.82,0.00551554,0.458116,2060180.0
601900.SH,20260421,16700,13.3,222110.0,13.38,0.00189349,0.176449,88197.0
601901.SH,20260421,222100,7.01,1556921.0,7.04,0.00269797,0.460154,823210.0
601908.SH,20260421,1557600,4.55,7087080.0,4.58,0.0645075,1.01669,241460.0
601916.SH,20260421,388700,2.99,1162213.0,3.0,0.00180418,0.485047,2154440.0
601918.SH,20260421,80200,7.46,598292.0,7.47,0.00309588,0.188237,259054.0
601919.SH,20260421,327300,14.58,4772034.0,14.58,0.00260668,0.502425,1255620.0
601921.SH,20260421,14800,7.91,117068.0,7.94,0.000666,0.234696,222222.0
601928.SH,20260421,443700,9.74,4321638.0,9.95,0.0174349,5.94845,254490.0
601929.SH,20260421,314000,3.0,942000.0,3.02,0.00899768,0.419555,348979.0
601933.SH,20260421,1626600,3.92,6376272.0,3.95,0.0179239,0.736652,907504.0
601939.SH,20260421,619400,9.75,6039150.0,9.73,0.00645635,0.684908,959366.0
601949.SH,20260421,25200,6.38,160776.0,6.36,0.00132355,0.317174,190397.0
601952.SH,20260421,94500,9.75,921375.0,9.75,0.00685776,0.586716,137800.0
601956.SH,20260421,249478,6.2,1546764.0,6.24,0.0401337,2.45618,62161.7
601958.SH,20260421,100200,20.02,2006004.0,19.97,0.00310543,0.286276,322660.0
601963.SH,20260421,35800,10.89,389862.0,10.85,0.00176005,0.205761,203403.0
601965.SH,20260421,5000,17.41,87050.0,17.44,0.000500798,0.0851326,99840.6
601966.SH,20260421,29000,14.18,411220.0,14.18,0.00198155,0.367297,146350.0
601968.SH,20260421,44900,5.14,230786.0,5.12,0.00351942,0.507992,127578.0
601969.SH,20260421,62300,11.36,707728.0,11.35,0.00315847,0.221282,197248.0
601975.SH,20260421,1041300,4.38,4560894.0,4.4,0.0222484,0.494146,468034.0
601985.SH,20260421,615000,8.78,5399700.0,8.77,0.00325685,0.597193,1888330.0
601988.SH,20260421,1125900,5.89,6631551.0,5.9,0.000534196,0.552286,21076600.0
601990.SH,20260421,39040,7.40999,289286.0,7.4,0.00105904,0.328305,368636.0
601991.SH,20260421,899700,3.96,3562812.0,3.96,0.00725793,0.731935,1239610.0
601992.SH,20260421,568600,1.74,989364.0,1.75,0.00682252,0.964233,833416.0
601995.SH,20260421,30600,33.81,1034586.0,33.85,0.00104668,0.233394,292354.0
601996.SH,20260421,553700,2.55,1411935.0,2.52,0.0493972,1.52582,112091.0
601997.SH,20260421,58600,5.8,339880.0,5.79,0.00160276,0.291424,365620.0
601998.SH,20260421,96000,8.31,797760.0,8.31,0.000235508,0.287847,4076300.0
601999.SH,20260421,64600,7.96,514216.0,8.02,0.011726,0.209275,55091.5
603000.SH,20260421,49200,20.08,987936.0,20.2,0.00444971,0.268625,110569.0
603001.SH,20260421,700,9.17,6419.0,9.19,0.000174572,0.00939437,40098.0
603002.SH,20260421,911100,13.1,11935410.0,13.28,0.0803384,0.902601,113408.0
603004.SH,20260421,19100,21.86,417526.0,21.86,0.0324389,0.580015,5888.0
603005.SH,20260421,120800,30.63,3700104.0,30.81,0.0185227,0.244304,65217.2
603006.SH,20260421,14100,13.2,186120.0,13.16,0.00554563,0.619356,25425.4
603008.SH,20260421,117500,12.87,1512225.0,12.88,0.031904,0.45698,36829.2
603009.SH,20260421,8300,50.51,419233.0,50.8,0.00245265,0.125389,33840.9
603010.SH,20260421,92400,12.91,1192884.0,12.91,0.0157941,0.627999,58503.0
603011.SH,20260421,69700,22.35,1557795.0,22.25,0.0140975,0.378704,49441.4
603012.SH,20260421,36700,8.93,327731.0,8.88,0.00567672,0.214963,64650.0
603013.SH,20260421,10400,19.24,200096.0,19.19,0.00204636,0.341454,50822.0
603014.SH,20260421,11100,37.5,416250.0,37.63,0.028196,1.29557,3936.73
603015.SH,20260421,5800,12.5,72500.0,12.52,0.00143487,0.138214,40421.9
603016.SH,20260421,32600,50.01,1630326.0,50.21,0.0220032,0.455726,14816.0
603017.SH,20260421,2355300,15.53,36577809.0,14.21,0.852782,13.0098,27619.0
603018.SH,20260421,35000,7.58,265300.0,7.54,0.00511848,0.516734,68379.6
603019.SH,20260421,382400,90.98,34790752.0,91.97,0.0261433,0.746307,146271.0
603020.SH,20260421,6000,11.47,68820.0,11.47,0.00156561,0.138796,38323.8
603021.SH,20260421,82300,7.99,657577.0,8.02,0.0257229,0.619054,31994.8
603022.SH,20260421,34900,10.54,367846.0,10.54,0.01745,0.815255,20000.0
603023.SH,20260421,17100,4.48,76608.0,4.48,0.00306387,0.119293,55811.7
603025.SH,20260421,1481900,17.05,25266395.0,16.89,0.133604,9.10137,110917.0
603026.SH,20260421,179600,97.5,17511000.0,96.11,0.0771806,0.764478,23270.1
603027.SH,20260421,28900,9.56,276284.0,9.57,0.00231271,0.263812,124962.0
603028.SH,20260421,7200,8.62,62064.0,8.62,0.00253352,0.173821,28419.0
603029.SH,20260421,14000,18.86,264040.0,18.91,0.0115376,0.662212,12134.2
603030.SH,20260421,38400,2.35,90240.0,2.34,0.00291586,0.223129,131693.0
603031.SH,20260421,172900,55.84,9654736.0,54.87,0.0797432,1.51005,21682.1
603032.SH,20260421,146600,23.0,3371800.0,23.31,0.0632816,0.602275,23166.3
603033.SH,20260421,97400,11.3,1100620.0,11.36,0.00961946,0.908519,101253.0
603035.SH,20260421,397607,13.72,5455168.0,14.42,0.108533,11.7289,36634.7
603036.SH,20260421,100,17.99,1799.0,17.99,4.85423e-05,0.00357168,20600.6
603037.SH,20260421,33400,14.73,491982.0,14.89,0.0125495,0.346154,26614.5
603038.SH,20260421,45900,15.8,725220.0,15.85,0.0170837,0.509566,26867.7
603039.SH,20260421,19900,43.53,866247.0,43.83,0.00776234,0.277533,25636.6
603040.SH,20260421,1300,83.74,108862.0,84.05,0.000957684,0.0634144,13574.4
603041.SH,20260421,400,12.78,5112.0,12.87,0.000218403,0.0166208,18314.8
603042.SH,20260421,274000,21.52,5896480.0,22.06,0.170621,1.41829,16059.0
603043.SH,20260421,87100,15.33,1335243.0,15.41,0.0154445,3.50958,56395.6
603045.SH,20260421,63000,36.68,2310840.0,36.55,0.0465133,0.857556,13544.5
603048.SH,20260421,19800,23.15,458370.0,23.08,0.0134804,0.808402,14688.0
603049.SH,20260421,59100,49.91,2949681.0,49.46,0.0675826,1.98914,8744.86
603050.SH,20260421,9600,19.9,191040.0,19.9,0.00238025,0.259636,40331.9
603051.SH,20260421,50100,22.72,1138272.0,22.88,0.0309962,0.657362,16163.3
603052.SH,20260421,603400,92.02,55524868.0,91.69,0.321133,5.50877,18789.7
603053.SH,20260421,17400,9.5,165300.0,9.5,0.0019575,0.582513,88889.0
603055.SH,20260421,5500,9.44,51920.0,9.45,0.000620032,0.0797021,88705.0
603057.SH,20260421,141000,29.45,4152450.0,28.55,0.0342233,3.86348,41200.0
603058.SH,20260421,9900,12.34,122166.0,12.31,0.0023934,0.104386,41363.7
603059.SH,20260421,3100,34.35,106485.0,34.52,0.00308615,0.183291,10044.9
603060.SH,20260421,19800,6.26,123948.0,6.21,0.00246281,0.444517,80396.1
603061.SH,20260421,12100,240.0,2904000.0,240.78,0.013908,0.339728,8700.0
603062.SH,20260421,100,50.06,5006.0,50.06,0.000269737,0.0107644,3707.31
603063.SH,20260421,550700,41.33,22760431.0,40.93,0.12003,0.837236,45880.1
603065.SH,20260421,3600,8.2,29520.0,8.2,0.000859255,0.104786,41896.8
603066.SH,20260421,1800,10.0,18000.0,10.01,0.00061187,0.090858,29418.0
603067.SH,20260421,92700,35.99,3336273.0,35.5,0.0130424,0.253756,71076.0
603068.SH,20260421,9300,33.44,310992.0,33.36,0.00612699,0.446668,15178.7
603069.SH,20260421,187200,17.6,3294720.0,17.77,0.0592405,4.15741,31600.0
603070.SH,20260421,3900,15.31,59709.0,15.28,0.000972569,0.152317,40100.0
603071.SH,20260421,33900,13.85,469515.0,13.91,0.00607577,0.968178,55795.4
603072.SH,20260421,5900,37.44,220896.0,37.44,0.00467401,0.282686,12623.0
603073.SH,20260421,3200,20.06,64192.0,20.1,0.00628772,0.196674,5089.28
603075.SH,20260421,3700,22.98,85026.0,22.99,0.00897077,0.268046,4124.51
603076.SH,20260421,33500,29.28,980880.0,29.16,0.0277545,0.932631,12070.1
603077.SH,20260421,16230800,3.23,52425484.0,3.26,0.183779,5.56494,883167.0
603078.SH,20260421,47600,23.63,1124788.0,23.63,0.0123432,0.546003,38563.7
603079.SH,20260421,18700,17.35,324445.0,17.47,0.00989263,0.686777,18903.0
603080.SH,20260421,1500,21.5,32250.0,21.51,0.00106007,0.0850224,14150.0
603081.SH,20260421,82600,12.16,1004416.0,12.3,0.0195503,1.46244,42249.9
603082.SH,20260421,3600,36.98,133128.0,37.1,0.00887642,0.240151,4055.69
603083.SH,20260421,534800,150.83,80663884.0,152.3,0.194058,1.15005,27558.8
603085.SH,20260421,16100,12.02,193522.0,12.02,0.00405439,0.171822,39710.0
603086.SH,20260421,19700,7.77,153069.0,7.8,0.00453068,0.277768,43481.3
603087.SH,20260421,7600,65.04,494304.0,65.0,0.00136235,0.117675,55785.9
603088.SH,20260421,598700,13.57,8124359.0,13.87,0.13673,1.79222,43787.2
603089.SH,20260421,4700,12.77,60019.0,12.85,0.00195806,0.237892,24003.3
603090.SH,20260421,104100,70.09,7296369.0,72.85,0.1041,1.67935,10000.0
603091.SH,20260421,200,79.8,15960.0,79.8,0.0006361,0.0272786,3144.16
603092.SH,20260421,9200,70.54,648968.0,70.54,0.0275017,0.542004,3345.25
603093.SH,20260421,190400,20.6,3922240.0,20.39,0.0312097,1.50418,61006.6
603095.SH,20260421,1500,17.79,26685.0,17.79,0.000580789,0.0613174,25826.9
603096.SH,20260421,9200,17.78,163576.0,17.68,0.00596494,0.609499,15423.5
603097.SH,20260421,10900,33.72,367548.0,33.76,0.00681191,0.217387,16001.4
603098.SH,20260421,37100,15.0,556500.0,14.81,0.00688567,0.488866,53880.0
603099.SH,20260421,16500,35.9,592350.0,36.02,0.00618742,0.245751,26667.0
603100.SH,20260421,12400,19.71,244404.0,19.72,0.00242406,0.245548,51153.9
603101.SH,20260421,138100,10.16,1403096.0,10.08,0.029358,0.400302,47040.0
603102.SH,20260421,4000,40.59,162360.0,40.66,0.00625,0.508761,6400.0
603103.SH,20260421,75800,23.56,1785848.0,23.71,0.0119521,0.53968,63420.0
603105.SH,20260421,154300,11.25,1735875.0,11.22,0.0308593,0.723786,50001.1
603106.SH,20260421,7500,9.13,68475.0,9.13,0.00144087,0.162512,52052.0
603107.SH,20260421,19000,14.41,273790.0,14.48,0.00870865,1.49689,21817.4
603108.SH,20260421,509000,14.18,7217620.0,14.1,0.0843129,3.10433,60370.3
603109.SH,20260421,69600,25.08,1745568.0,24.75,0.0333256,1.02963,20884.8
603110.SH,20260421,10800,17.9,193320.0,18.02,0.00536708,0.0998369,20122.7
603111.SH,20260421,1500,6.81,10215.0,6.84,0.000175875,0.0315672,85287.9
603112.SH,20260421,83900,20.27,1700653.0,20.66,0.0156938,0.573662,53460.7
603113.SH,20260421,32100,6.97,223737.0,7.01,0.00378319,0.150633,84849.1
603115.SH,20260421,94600,44.0,4162400.0,44.26,0.0391086,0.90022,24189.0
603116.SH,20260421,7900,5.65,44635.0,5.62,0.00137105,0.152557,57620.1
603117.SH,20260421,14700,4.57,67179.0,4.57,0.00245328,0.144871,59919.8
603118.SH,20260421,956200,14.88,14228256.0,14.85,0.121457,1.46169,78727.6
603119.SH,20260421,39700,76.15,3023155.0,76.44,0.0194723,0.238339,20387.9
603120.SH,20260421,2700,39.2,105840.0,39.69,0.00712401,0.289151,3790.0
603121.SH,20260421,29100,21.75,632925.0,21.91,0.00859589,0.339267,33853.4
603122.SH,20260421,128400,16.19,2078796.0,16.38,0.032257,0.278297,39805.3
603123.SH,20260421,152400,12.4,1889760.0,12.52,0.0233643,0.405354,65227.6
603124.SH,20260421,11800,121.67,1435706.0,122.75,0.0152045,0.632314,7760.88
603125.SH,20260421,4500,18.1,81450.0,18.18,0.00111156,0.201988,40483.6
603126.SH,20260421,35600,8.08,287648.0,8.04,0.00583129,0.33873,61050.0
603127.SH,20260421,106340,37.88,4028159.0,37.66,0.0168699,0.277901,63035.3
603128.SH,20260421,14700,5.63,82761.0,5.63,0.00112295,0.164211,130905.0
603129.SH,20260421,4000,268.01,1072040.0,272.68,0.00260616,0.164369,15348.3
603130.SH,20260421,125200,44.7,5596440.0,44.48,0.0910451,4.66269,13751.4
603131.SH,20260421,116100,22.19,2576259.0,22.1,0.0344605,1.39495,33690.7
603132.SH,20260421,24300,19.42,471906.0,19.48,0.00248466,0.222361,97800.0
603135.SH,20260421,61100,11.33,692263.0,11.4,0.00970553,1.49343,62953.8
603136.SH,20260421,59200,11.02,652384.0,11.01,0.0219156,1.16459,27012.7
603137.SH,20260421,13700,13.46,184402.0,13.46,0.00748907,0.719427,18293.3
603138.SH,20260421,56900,20.8,1183520.0,20.91,0.0197335,0.318198,28834.3
603139.SH,20260421,189800,33.0,6263400.0,32.54,0.190028,2.22769,9988.0
603150.SH,20260421,1700,59.0,100300.0,59.12,0.0019887,0.0509611,8548.3
603151.SH,20260421,111600,16.24,1812384.0,16.79,0.0652202,4.62854,17111.3
603153.SH,20260421,2400,16.51,39624.0,16.55,0.000594383,0.196046,40378.0
603155.SH,20260421,6400,16.2,103680.0,16.24,0.00202668,0.227048,31578.7
603156.SH,20260421,65700,32.0,2102400.0,31.89,0.00521314,0.986914,126028.0
603158.SH,20260421,1085800,13.2,14332560.0,13.57,0.221244,2.07676,49077.0
603159.SH,20260421,0,,0.0,26.91,0.0,0.0,14000.0
603160.SH,20260421,24000,69.7,1672800.0,69.87,0.0051527,0.466607,46577.5
603161.SH,20260421,9200,14.68,135056.0,14.67,0.0048231,0.468469,19074.9
603162.SH,20260421,92000,14.0,1288000.0,14.05,0.0329247,0.421088,27942.5
603163.SH,20260421,8600,110.89,953654.0,110.92,0.0086,0.255091,10000.0
603165.SH,20260421,27800,16.71,464538.0,16.77,0.00867544,0.20026,32044.5
603166.SH,20260421,21600,13.9,300240.0,13.93,0.00337123,0.318925,64071.6
603167.SH,20260421,22200,9.27,205794.0,9.26,0.00473202,0.525181,46914.4
603168.SH,20260421,75100,6.47,485897.0,6.48,0.0201603,0.752216,37251.4
603169.SH,20260421,73400,9.92,728128.0,9.92,0.00561896,0.395521,130629.0
603170.SH,20260421,6800,13.26,90168.0,13.26,0.00169996,0.283514,40001.0
603171.SH,20260421,42600,56.87,2422662.0,57.04,0.0104955,0.366453,40589.0
603172.SH,20260421,5000,21.16,105800.0,21.06,0.00998403,0.26838,5008.0
603173.SH,20260421,5600,42.91,240296.0,43.1,0.0035,0.419871,16000.0
603175.SH,20260421,14700,95.54,1404438.0,96.27,0.0334096,0.289676,4399.93
603176.SH,20260421,12700,5.44,69088.0,5.47,0.00275001,0.341949,46181.6
603177.SH,20260421,64500,11.64,750780.0,11.63,0.0315879,0.725542,20419.2
603178.SH,20260421,1367700,18.51,25316127.0,19.16,0.578524,14.4187,23641.2
603179.SH,20260421,40100,63.83,2559583.0,64.15,0.00786056,0.245353,51014.2
603180.SH,20260421,100,18.9,1890.0,18.94,6.48268e-05,0.015233,15425.7
603181.SH,20260421,4100,15.1,61910.0,15.1,0.00069645,0.118531,58870.0
603182.SH,20260421,21700,15.09,327453.0,15.14,0.0131875,0.333007,16455.0
603183.SH,20260421,42500,4.62,196350.0,4.62,0.00854867,0.332226,49715.3
603185.SH,20260421,114600,25.3,2899380.0,25.1,0.0168772,0.670754,67902.2
603186.SH,20260421,67000,73.91,4951970.0,75.25,0.0427322,0.528163,15679.1
603187.SH,20260421,9300,14.83,137919.0,14.95,0.00243225,0.184535,38236.2
603188.SH,20260421,15200,4.85,73720.0,4.88,0.00266587,0.114904,57017.0
603189.SH,20260421,19924100,12.61,251242901.0,13.73,7.39166,350.882,26954.8
603190.SH,20260421,14500,25.79,373955.0,25.63,0.0352664,1.45834,4111.56
603191.SH,20260421,63900,21.22,1355958.0,21.41,0.0193657,0.486303,32996.5
603192.SH,20260421,800,24.0,19200.0,23.97,0.000573861,0.079084,13940.6
603193.SH,20260421,53600,25.24,1352864.0,25.49,0.0518695,0.973562,10333.6
603194.SH,20260421,10000,33.8,338000.0,33.96,0.00632804,0.970748,15802.7
603195.SH,20260421,13900,41.51,576989.0,41.54,0.000771937,0.847989,180066.0
603196.SH,20260421,21500,32.2,692300.0,32.28,0.00907218,0.381377,23698.8
603197.SH,20260421,1300,33.48,43524.0,33.53,0.00061567,0.0556125,21115.2
603198.SH,20260421,1100,35.13,38643.0,35.13,0.0001375,0.0291632,80000.0
603199.SH,20260421,8100,37.76,305856.0,37.95,0.0073184,0.284506,11068.0
603200.SH,20260421,51900,67.38,3497022.0,68.06,0.029576,0.38992,17548.0
603201.SH,20260421,3400,16.68,56712.0,16.68,0.0018051,0.294784,18835.5
603202.SH,20260421,24000,95.0,2280000.0,95.36,0.0721543,1.35583,3326.2
603203.SH,20260421,71800,46.02,3304236.0,46.23,0.0288176,1.09905,24915.3
603205.SH,20260421,2300,25.93,59639.0,25.95,0.00556362,0.369216,4134.0
603206.SH,20260421,33700,17.24,580988.0,17.14,0.0110419,0.341029,30520.0
603207.SH,20260421,4600,28.19,129674.0,28.17,0.00845588,0.480691,5440.0
603208.SH,20260421,5900,13.24,78116.0,13.24,0.00333008,0.316675,17717.3
603209.SH,20260421,21100,14.59,307849.0,14.58,0.00656316,0.437163,32149.2
603210.SH,20260421,6300,16.54,104202.0,16.55,0.00270761,0.269439,23267.8
603211.SH,20260421,106300,27.0,2870100.0,27.05,0.0391085,0.703514,27180.8
603212.SH,20260421,31200,13.82,431184.0,13.76,0.00713158,0.220085,43749.1
603213.SH,20260421,2900,13.43,38947.0,13.48,0.00065615,0.151374,44197.2
603214.SH,20260421,2700,16.08,43416.0,16.05,0.0019489,0.0911469,13854.0
603215.SH,20260421,3600,19.03,68508.0,19.06,0.00192279,0.261359,18722.8
603216.SH,20260421,32500,30.6,994500.0,30.91,0.0145943,0.370456,22269.0
603217.SH,20260421,35800,26.99,966242.0,26.63,0.0172043,0.995977,20808.8
603218.SH,20260421,15800,14.69,232102.0,14.68,0.00153691,0.150472,102804.0
603219.SH,20260421,9300,16.63,154659.0,16.66,0.00165657,0.234854,56140.0
603220.SH,20260421,399900,30.4,12156960.0,30.88,0.0920875,0.533791,43426.1
603221.SH,20260421,1300,11.41,14833.0,11.4,0.000536591,0.0806054,24227.0
603222.SH,20260421,109040,10.38,1131835.0,10.34,0.0207659,0.276191,52509.1
603223.SH,20260421,53500,8.73,467055.0,8.76,0.00757981,0.567702,70582.2
603225.SH,20260421,79800,16.83,1343034.0,16.84,0.00478261,0.327644,166855.0
603226.SH,20260421,1800,38.7,69660.0,38.72,0.000506341,0.0473137,35549.2
603227.SH,20260421,183000,8.92,1632360.0,8.92,0.0170758,0.478741,107169.0
603228.SH,20260421,88400,64.06,5662904.0,64.72,0.00905964,0.227774,97575.6
603229.SH,20260421,19800,10.0,198000.0,9.97,0.00238469,0.180743,83029.7
603230.SH,20260421,7700,11.13,85701.0,11.15,0.00217808,0.137186,35352.3
603231.SH,20260421,13700,17.87,244819.0,17.87,0.0128922,0.72681,10626.6
603232.SH,20260421,16800,19.91,334488.0,19.91,0.00726329,0.144989,23130.0
603233.SH,20260421,8600,17.51,150586.0,17.53,0.000755149,0.178547,113885.0
603235.SH,20260421,100,26.73,2673.0,26.7,2.28425e-05,0.0215873,43778.0
603236.SH,20260421,31600,79.06,2498296.0,79.0,0.0120768,0.561034,26165.8
603237.SH,20260421,4300,17.31,74433.0,17.37,0.00219375,0.35439,19601.2
603238.SH,20260421,7200,15.95,114840.0,15.95,0.00405613,0.373881,17750.9
603239.SH,20260421,10800,24.0,259200.0,24.0,0.00398936,0.200727,27072.0
603248.SH,20260421,13500,26.79,361665.0,26.9,0.019478,0.125753,6930.89
603255.SH,20260421,1500,30.42,45630.0,30.43,0.00247218,0.0992694,6067.52
603256.SH,20260421,152600,105.0,16023000.0,103.96,0.0173463,0.421353,87972.8
603257.SH,20260421,8600,60.19,517634.0,60.44,0.0345382,0.539331,2490.0
603258.SH,20260421,17300,17.57,303961.0,17.71,0.00716827,1.0524,24134.1
603259.SH,20260421,138300,99.5,13760850.0,99.76,0.00559176,0.317655,247328.0
603260.SH,20260421,153500,45.59,6998065.0,45.09,0.0129842,1.53047,118221.0
603261.SH,20260421,5700,36.75,209475.0,36.71,0.00735436,1.12688,7750.5
603262.SH,20260421,100,25.8,2580.0,25.6,0.00024995,0.0109316,4000.8
603266.SH,20260421,4000,19.97,79880.0,19.97,0.00201119,0.165731,19888.7
603267.SH,20260421,29700,53.14,1578258.0,53.53,0.0128526,0.496601,23108.1
603268.SH,20260421,228800,137.0,31345600.0,133.34,0.0980923,3.14681,23325.0
603269.SH,20260421,223700,15.6,3489720.0,15.94,0.072453,0.673788,30875.2
603270.SH,20260421,2700,26.28,70956.0,26.41,0.00381805,0.08558,7071.67
603271.SH,20260421,58500,50.73,2967705.0,51.01,0.061855,1.23225,9457.6
603272.SH,20260421,197300,24.79,4891067.0,27.54,0.190394,4.08169,10362.7
603273.SH,20260421,17800,17.71,315238.0,17.81,0.0317526,1.4919,5605.84
603275.SH,20260421,3700,48.0,177600.0,47.9,0.00890794,0.156975,4153.6
603276.SH,20260421,1200,16.86,20232.0,16.88,0.00158641,0.0772821,7564.23
603277.SH,20260421,1100,14.22,15642.0,14.16,0.000180403,0.0983743,60974.6
603278.SH,20260421,1097700,12.32,13523664.0,12.65,0.321191,4.66341,34175.9
603279.SH,20260421,7600,18.42,139992.0,18.42,0.00131859,0.12005,57637.3
603280.SH,20260421,2000,35.04,70080.0,34.97,0.00715777,0.162901,2794.17
603281.SH,20260421,80900,37.1,3001390.0,37.96,0.0216696,2.33884,37333.3
603282.SH,20260421,6400,21.2,135680.0,21.17,0.00478254,0.405531,13382.0
603283.SH,20260421,41840,50.85,2127564.0,50.82,0.0154292,0.257401,27117.4
603284.SH,20260421,28800,55.98,1612224.0,56.37,0.1559,0.897662,1847.34
603285.SH,20260421,49100,40.2,1973820.0,39.8,0.0788163,0.690554,6229.68
603286.SH,20260421,14800,64.7,957560.0,64.31,0.0128233,0.483882,11541.5
603288.SH,20260421,58862,40.41,2378613.0,40.29,0.00105855,0.417766,556060.0
603289.SH,20260421,82200,12.08,992976.0,11.95,0.0280173,0.96655,29339.0
603290.SH,20260421,12900,102.01,1315929.0,102.34,0.00538682,0.288983,23947.3
603291.SH,20260421,17400,11.89,206886.0,11.98,0.00411133,0.377535,42322.1
603293.SH,20260421,179529,59.05,10601187.0,60.75,0.51153,0.985022,3509.65
603296.SH,20260421,58800,102.0,5997600.0,103.0,0.010307,0.437121,57048.7
603297.SH,20260421,2100,112.2,235620.0,112.8,0.00189652,0.127029,11072.9
603298.SH,20260421,10800,25.4,274320.0,25.65,0.000824546,0.179457,130981.0
603299.SH,20260421,7200,10.93,78696.0,10.95,0.00092562,0.104855,77785.7
603300.SH,20260421,261700,7.07,1850219.0,7.09,0.0131206,0.354506,199457.0
603301.SH,20260421,8500,94.53,803505.0,94.65,0.00322121,0.239202,26387.6
603303.SH,20260421,3500,16.04,56140.0,16.04,0.000733838,0.178707,47694.5
603305.SH,20260421,82984,15.2,1261357.0,15.19,0.00718036,0.361944,115571.0
603306.SH,20260421,58000,106.0,6148000.0,106.38,0.0176027,0.37461,32949.5
603307.SH,20260421,5200,37.83,196716.0,39.83,0.00776119,1.45211,6700.0
603308.SH,20260421,83900,71.2,5973680.0,71.49,0.0123557,0.374187,67904.1
603309.SH,20260421,80900,13.01,1052509.0,13.12,0.0277177,0.978963,29187.1
603310.SH,20260421,1600,16.33,26128.0,16.29,0.0008247,0.11253,19401.0
603311.SH,20260421,65900,18.97,1250123.0,18.96,0.0279375,0.509864,23588.4
603312.SH,20260421,1000,41.89,41890.0,41.93,0.00196388,0.0735602,5091.95
603313.SH,20260421,25500,7.92,201960.0,7.98,0.00446908,0.477203,57058.7
603315.SH,20260421,1039000,17.27,17943530.0,17.6,0.324316,2.85231,32036.6
603316.SH,20260421,37400,15.8,590920.0,15.88,0.0141525,0.327056,26426.4
603317.SH,20260421,17501,13.37,233988.0,13.4,0.00164373,0.225825,106471.0
603318.SH,20260421,1073500,8.64,9275040.0,8.47,0.233842,3.45119,45907.1
603319.SH,20260421,508960,33.2,16897472.0,33.93,0.150069,4.11381,33915.0
603320.SH,20260421,23100,23.47,542157.0,23.53,0.0154882,0.426187,14914.6
603321.SH,20260421,6100,7.42,45262.0,7.39,0.00177035,0.184782,34456.4
603322.SH,20260421,379500,36.38,13806210.0,37.55,0.24082,2.15879,15758.7
603323.SH,20260421,56200,4.88,274256.0,4.88,0.00278419,0.315897,201854.0
603324.SH,20260421,2200,26.2,57640.0,26.32,0.00148971,0.101266,14768.0
603325.SH,20260421,1100,76.5,84150.0,76.67,0.00321796,0.166931,3418.32
603326.SH,20260421,13900,8.77,121903.0,8.76,0.00435495,0.3994,31917.7
603327.SH,20260421,388900,10.51,4087339.0,10.71,0.037199,0.657262,104546.0
603328.SH,20260421,43600,13.02,567672.0,13.12,0.0043668,0.14365,99844.3
603329.SH,20260421,26400,10.44,275616.0,10.39,0.0127917,1.53264,20638.3
603330.SH,20260421,31600,7.04,222464.0,7.08,0.00730343,0.533255,43267.4
603331.SH,20260421,44100,15.39,678699.0,15.39,0.0218127,0.864593,20217.6
603332.SH,20260421,370200,14.55,5386410.0,14.52,0.171114,6.53867,21634.7
603333.SH,20260421,58500,7.94,464490.0,7.92,0.00941229,0.773185,62152.8
603334.SH,20260421,10600,54.2,574520.0,53.4,0.0341345,0.607476,3105.36
603335.SH,20260421,601600,6.67,4012672.0,6.7,0.140513,1.88415,42814.5
603336.SH,20260421,7900,9.99,78921.0,10.0,0.00129781,0.0704626,60871.9
603337.SH,20260421,700,39.8,27860.0,39.8,0.000147765,0.0302827,47372.6
603338.SH,20260421,12800,50.25,643200.0,50.16,0.00252791,0.267337,50634.8
603339.SH,20260421,27800,13.58,377524.0,13.74,0.00898394,1.10334,30944.1
603341.SH,20260421,22700,38.9,883030.0,39.01,0.00852701,0.345468,26621.3
603344.SH,20260421,700,28.16,19712.0,28.13,0.00129555,0.0564142,5403.1
603345.SH,20260421,17200,92.6,1592720.0,92.77,0.00586442,0.428636,29329.4
603348.SH,20260421,7000,20.2,141400.0,20.3,0.00222592,0.217107,31447.7
603350.SH,20260421,2800,36.59,102452.0,36.62,0.00634568,0.1032,4412.45
603351.SH,20260421,4100,25.99,106559.0,26.25,0.00302719,0.346387,13543.9
603352.SH,20260421,1000,38.28,38280.0,38.33,0.00225112,0.0528127,4442.24
603353.SH,20260421,33700,38.01,1280937.0,37.98,0.0197749,0.587989,17041.8
603355.SH,20260421,2800,27.09,75852.0,27.08,0.000488318,0.0757128,57339.7
603356.SH,20260421,24000,17.48,419520.0,17.32,0.0179991,0.410436,13334.0
603357.SH,20260421,8800,8.15,71720.0,8.16,0.00158386,0.253842,55560.3
603358.SH,20260421,120900,36.95,4467255.0,37.16,0.026561,0.840516,45517.9
603359.SH,20260421,80800,5.78,467024.0,5.79,0.0181127,0.954829,44609.6
603360.SH,20260421,204500,24.15,4938675.0,24.02,0.0289568,1.47109,70622.4
603363.SH,20260421,194600,4.12,801752.0,4.14,0.00908019,0.261937,214313.0
603365.SH,20260421,5200,21.3,110760.0,21.05,0.00200152,0.37687,25980.2
603366.SH,20260421,93800,8.84,829192.0,8.8,0.0115368,0.472161,81304.8
603367.SH,20260421,9400,15.91,149554.0,15.99,0.00207618,0.0918083,45275.4
603368.SH,20260421,8400,16.9,141960.0,16.9,0.00211474,0.222747,39721.1
603369.SH,20260421,25600,25.82,660992.0,25.88,0.00205326,0.293121,124680.0
603370.SH,20260421,7300,44.6,325580.0,44.85,0.0208631,1.08933,3499.0
603373.SH,20260421,1300,39.93,51909.0,39.99,0.00286154,0.0927718,4543.01
603375.SH,20260421,9200,41.37,380604.0,41.68,0.0144244,0.240799,6378.09
603376.SH,20260421,2900,33.7,97730.0,33.86,0.00934351,0.313278,3103.76
603377.SH,20260421,69600,3.71,258216.0,3.72,0.00972852,0.757164,71542.2
603378.SH,20260421,10300,5.56,57268.0,5.56,0.00240319,0.142207,42859.7
603379.SH,20260421,31100,62.84,1954324.0,62.27,0.00509436,0.453213,61047.9
603380.SH,20260421,6300,36.91,232533.0,37.1,0.00392667,0.268463,16044.1
603381.SH,20260421,21100,24.02,506822.0,23.86,0.0148448,0.337687,14213.8
603382.SH,20260421,1700,27.4,46580.0,27.46,0.00468961,0.232076,3625.03
603383.SH,20260421,50500,32.25,1628625.0,32.0,0.024589,0.566242,20537.6
603385.SH,20260421,12000,6.42,77040.0,6.44,0.00315238,0.206641,38066.5
603386.SH,20260421,10300,14.48,149144.0,14.49,0.00315639,0.184029,32632.3
603387.SH,20260421,43700,9.6,419520.0,9.66,0.00861672,0.145076,50715.4
603389.SH,20260421,17800,52.18,928804.0,51.96,0.00677445,0.76931,26275.2
603390.SH,20260421,5300,12.08,64024.0,12.11,0.00151207,0.183733,35051.4
603391.SH,20260421,3400,66.28,225352.0,66.05,0.0149451,0.300316,2275.0
603392.SH,20260421,17800,40.47,720366.0,40.55,0.00140779,0.513188,126439.0
603393.SH,20260421,12200,33.53,409066.0,33.59,0.00288265,0.111431,42322.1
603395.SH,20260421,16100,28.2,454020.0,28.08,0.0247692,0.742445,6500.0
603396.SH,20260421,15200,36.43,553736.0,36.25,0.0109726,0.426068,13852.7
603398.SH,20260421,492560,11.0,5418160.0,11.5,0.113587,5.05546,43364.2
603399.SH,20260421,138800,12.85,1783580.0,12.7,0.027094,0.218327,51229.1
603400.SH,20260421,4000,67.94,271760.0,67.69,0.02,0.276064,2000.0
603402.SH,20260421,16200,136.7,2214540.0,136.88,0.0837931,0.899677,1933.33
603406.SH,20260421,3500,35.04,122640.0,35.04,0.00954653,0.353629,3666.25
603408.SH,20260421,700,12.0,8400.0,12.02,0.000156399,0.0371394,44757.3
603409.SH,20260421,6000,43.52,261120.0,43.53,0.0165909,0.144071,3616.43
603416.SH,20260421,4500,52.06,234270.0,52.1,0.00323171,0.220034,13924.5
603418.SH,20260421,1000,51.28,51280.0,51.26,0.00241753,0.135629,4136.46
603421.SH,20260421,52300,8.23,430429.0,8.29,0.00801913,0.244999,65219.1
603429.SH,20260421,34200,10.0,342000.0,10.14,0.00652068,0.504902,52448.5
603439.SH,20260421,3900,11.04,43056.0,11.02,0.000965728,0.200403,40384.0
603444.SH,20260421,14100,386.05,5443305.0,388.38,0.0195722,0.490857,7204.11
603456.SH,20260421,38800,16.95,657660.0,16.96,0.00436227,0.306508,88944.6
603458.SH,20260421,66200,12.3,814260.0,12.4,0.0216252,0.362451,30612.5
603459.SH,20260421,335300,61.5,20620950.0,62.91,0.424152,0.908816,7905.19
603466.SH,20260421,500000,9.58,4790000.0,9.7,0.0840594,2.79766,59481.8
603477.SH,20260421,139900,18.26,2554574.0,18.41,0.0274276,0.546243,51007.0
603486.SH,20260421,35600,64.88,2309728.0,64.77,0.0062091,0.678351,57335.2
603488.SH,20260421,53900,11.26,606914.0,11.26,0.0184595,0.507554,29199.0
603489.SH,20260421,114200,38.96,4449232.0,38.35,0.0486749,2.52009,23461.8
603496.SH,20260421,55100,29.48,1624348.0,29.75,0.0172075,0.382889,32020.9
603499.SH,20260421,47300,22.12,1046276.0,22.35,0.0156315,0.984715,30259.4
603500.SH,20260421,27400,11.13,304962.0,11.19,0.00825715,0.76405,33183.3
603501.SH,20260421,70100,93.33,6542433.0,93.78,0.00579144,0.386177,121041.0
603505.SH,20260421,17600,18.02,317152.0,18.01,0.00209108,0.162078,84166.9
603506.SH,20260421,8700,12.5,108750.0,12.54,0.00463314,0.404471,18777.8
603507.SH,20260421,51400,44.81,2303234.0,45.45,0.0282771,0.414136,18177.2
603508.SH,20260421,18100,24.57,444717.0,24.61,0.00474724,0.493077,38127.4
603511.SH,20260421,1800,14.21,25578.0,14.25,0.000447887,0.141212,40188.7
603515.SH,20260421,9300,20.78,193254.0,20.77,0.00126302,0.39952,73632.8
603516.SH,20260421,98800,147.83,14605604.0,149.55,0.0486057,1.65494,20326.8
603517.SH,20260421,2700,12.89,34803.0,12.89,0.000445543,0.0795146,60600.2
603518.SH,20260421,2800,9.03,25284.0,9.03,0.000813778,0.0839803,34407.4
603519.SH,20260421,36600,13.96,510936.0,13.97,0.0137425,0.740279,26632.8
603520.SH,20260421,45000,10.88,489600.0,10.96,0.0102644,0.178612,43841.0
603527.SH,20260421,100200,12.27,1229454.0,12.24,0.0316117,0.409336,31697.1
603528.SH,20260421,56500,8.17,461605.0,8.22,0.00800363,0.812841,70593.0
603529.SH,20260421,76600,29.06,2225996.0,29.07,0.0090377,0.799096,84756.0
603530.SH,20260421,19500,60.54,1180530.0,60.98,0.00456178,0.245027,42746.5
603533.SH,20260421,67500,26.15,1765125.0,26.36,0.0153795,0.283565,43889.7
603535.SH,20260421,1500,8.27,12405.0,8.25,0.000293589,0.0498972,51091.8
603536.SH,20260421,28500,9.95,283575.0,9.97,0.0118487,0.587283,24053.2
603538.SH,20260421,578700,51.28,29675736.0,51.41,0.267627,0.940206,21623.4
603551.SH,20260421,39300,12.44,488892.0,12.18,0.0103453,0.968651,37988.4
603556.SH,20260421,209800,32.4,6797520.0,34.15,0.0431453,3.88765,48626.4
603557.SH,20260421,113400,3.99,452466.0,4.07,0.0181895,0.822067,62343.7
603558.SH,20260421,51800,13.52,700336.0,13.53,0.015118,0.710279,34263.8
603559.SH,20260421,100,7.2,720.0,7.18,2.49204e-05,0.00441086,40127.7
603565.SH,20260421,83800,11.84,992192.0,11.78,0.00399036,0.589573,210006.0
603566.SH,20260421,3900,12.6,49140.0,12.64,0.00112696,0.112917,34606.2
603567.SH,20260421,33800,6.67,225446.0,6.67,0.0035975,0.158267,93954.1
603568.SH,20260421,122700,21.25,2607375.0,21.27,0.00718786,0.890485,170704.0
603569.SH,20260421,35800,6.87,245946.0,6.83,0.00593199,1.17357,60350.7
603577.SH,20260421,14100,11.33,159753.0,11.38,0.00415759,0.157221,33913.9
603578.SH,20260421,70700,13.5,954450.0,13.62,0.0392,1.60477,18035.7
603579.SH,20260421,18000,20.12,362160.0,20.15,0.00895289,0.547274,20105.2
603580.SH,20260421,16000,19.8,316800.0,20.03,0.0122443,0.532555,13067.3
603583.SH,20260421,3700,32.96,121952.0,33.05,0.000967961,0.110833,38224.7
603585.SH,20260421,90785,23.5,2133448.0,23.59,0.0489194,0.540245,18558.1
603586.SH,20260421,23700,18.54,439398.0,18.32,0.0120886,1.36836,19605.3
603587.SH,20260421,19700,12.81,252357.0,12.83,0.0041553,0.6405,47409.3
603588.SH,20260421,117369,15.35,1801614.0,15.42,0.00770525,0.124543,152323.0
603589.SH,20260421,6600,24.6,162360.0,24.6,0.00110346,0.245512,59811.9
603590.SH,20260421,36900,36.47,1345743.0,36.45,0.0233214,1.24953,15822.3
603595.SH,20260421,383800,17.7,6793260.0,17.56,0.165116,10.5983,23244.2
603596.SH,20260421,33500,45.95,1539325.0,45.82,0.00552338,0.37339,60651.2
603598.SH,20260421,215900,21.92,4732528.0,22.03,0.0801461,0.962929,26938.3
603599.SH,20260421,31700,13.69,433973.0,13.62,0.00348249,0.291611,91026.9
603600.SH,20260421,7900,11.1,87690.0,11.1,0.002633,0.158608,30003.8
603601.SH,20260421,1257657,15.57,19581719.0,15.57,0.110095,0.498918,114234.0
603602.SH,20260421,8600,13.44,115584.0,13.37,0.00372202,0.296467,23105.8
603605.SH,20260421,4300,60.01,258043.0,60.15,0.00108592,0.132399,39597.6
603606.SH,20260421,72000,61.33,4415760.0,61.0,0.0104694,0.720645,68771.5
603607.SH,20260421,9100,23.49,213759.0,23.51,0.00509756,0.261573,17851.7
603608.SH,20260421,97800,12.17,1190226.0,12.16,0.0233003,0.456389,41973.6
603609.SH,20260421,4400,6.97,30668.0,6.98,0.000484426,0.0958522,90829.1
603610.SH,20260421,16500,15.7,259050.0,15.69,0.00467433,0.28195,35299.2
603611.SH,20260421,8800,20.6,181280.0,20.67,0.00341614,0.389868,25760.1
603612.SH,20260421,41000,27.79,1139390.0,27.79,0.0082312,0.250668,49810.4
603613.SH,20260421,21400,28.3,605620.0,28.44,0.00297,0.150482,72053.8
603615.SH,20260421,18000,20.0,360000.0,19.88,0.00744355,0.389911,24182.0
603616.SH,20260421,47200,6.46,304912.0,6.47,0.0122823,0.482336,38429.3
603617.SH,20260421,5800,7.41,42978.0,7.44,0.00151183,0.108734,38364.1
603618.SH,20260421,578800,25.0,14470000.0,25.44,0.0837172,0.580475,69137.6
603619.SH,20260421,203600,33.0,6718800.0,33.24,0.044037,0.86083,46233.8
603626.SH,20260421,58400,23.91,1396344.0,23.9,0.0105248,0.170133,55488.0
603628.SH,20260421,19100,13.33,254603.0,13.3,0.00701763,0.277209,27217.2
603629.SH,20260421,703800,104.0,73195200.0,107.28,0.27401,1.57417,25685.2
603630.SH,20260421,3200,16.56,52992.0,16.58,0.00142093,0.124597,22520.5
603633.SH,20260421,161600,8.61,1391376.0,8.61,0.0378622,0.82038,42681.1
603636.SH,20260421,7800,9.3,72540.0,9.3,0.00134399,0.115099,58036.1
603637.SH,20260421,83400,15.3,1276020.0,15.42,0.0349413,0.5765,23868.6
603638.SH,20260421,37900,21.82,826978.0,21.85,0.00456028,0.574302,83108.9
603639.SH,20260421,7000,13.12,91840.0,13.12,0.00205956,0.219253,33987.8
603648.SH,20260421,5600,9.84,55104.0,9.83,0.0015452,0.315903,36241.3
603650.SH,20260421,203100,54.65,11099415.0,53.87,0.0330527,1.78137,61447.3
603655.SH,20260421,1600,41.12,65792.0,41.06,0.00150943,0.0931442,10600.0
603656.SH,20260421,1200,21.06,25272.0,21.02,0.000655934,0.0478616,18294.5
603657.SH,20260421,29800,26.25,782250.0,26.4,0.022043,1.66113,13519.0
603658.SH,20260421,2200,34.04,74888.0,34.04,0.000385003,0.147496,57142.5
603659.SH,20260421,294600,35.88,10570248.0,35.39,0.0137896,0.477766,213640.0
603660.SH,20260421,44800,10.25,459200.0,10.24,0.00783912,0.220454,57149.3
603661.SH,20260421,2200,31.18,68596.0,31.35,0.00158197,0.310479,13906.7
603662.SH,20260421,8800,57.09,502392.0,57.29,0.00313357,0.285786,28083.0
603663.SH,20260421,32500,48.3,1569750.0,48.7,0.00768649,0.334259,42282.0
603665.SH,20260421,1100,28.4,31240.0,28.34,0.00068678,0.0350951,16016.8
603666.SH,20260421,1200,27.14,32568.0,27.15,0.000583855,0.0386356,20553.0
603667.SH,20260421,77200,69.7,5380840.0,70.16,0.0210812,0.355487,36620.3
603668.SH,20260421,18400,13.86,255024.0,13.88,0.00363782,0.133972,50579.7
603669.SH,20260421,48900,4.48,219072.0,4.47,0.00677993,0.273101,72124.6
603676.SH,20260421,13500,10.31,139185.0,10.29,0.0031023,0.575659,43516.1
603677.SH,20260421,6300,15.64,98532.0,15.62,0.00327101,0.454634,19260.1
603678.SH,20260421,51200,35.38,1811456.0,35.14,0.0107661,0.448169,47556.7
603679.SH,20260421,15700,14.2,222940.0,14.23,0.0088358,0.362245,17768.6
603680.SH,20260421,17800,13.36,237808.0,13.34,0.00227122,0.41901,78371.9
603681.SH,20260421,14500,18.24,264480.0,18.24,0.00627292,0.231446,23115.2
603682.SH,20260421,161700,7.44,1203048.0,7.2,0.0342222,0.487142,47250.0
603683.SH,20260421,20700,28.66,593262.0,28.66,0.00718327,0.134335,28816.9
603685.SH,20260421,31500,30.72,967680.0,31.03,0.0156354,0.743752,20146.6
603686.SH,20260421,33900,18.98,643422.0,19.06,0.00816021,0.294124,41543.0
603687.SH,20260421,1451100,19.52,28325472.0,19.09,0.263821,1.50207,55003.2
603688.SH,20260421,378317,51.5,19483326.0,50.95,0.0698416,1.3428,54167.8
603689.SH,20260421,67500,8.13,548775.0,8.13,0.0128953,2.02155,52344.7
603690.SH,20260421,86100,25.89,2229129.0,26.01,0.0224825,0.943136,38296.4
603693.SH,20260421,92500,14.48,1339400.0,14.51,0.0103761,0.581133,89147.6
603696.SH,20260421,15200,15.97,242744.0,15.97,0.00646259,0.293875,23520.0
603697.SH,20260421,6600,9.93,65538.0,9.95,0.00154317,0.153257,42769.2
603698.SH,20260421,737300,45.7,33694610.0,45.7,0.137559,1.39422,53599.0
603699.SH,20260421,306200,58.0,17759600.0,56.32,0.0403882,4.94824,75814.3
603700.SH,20260421,58000,13.11,760380.0,13.15,0.0290055,1.17633,19996.2
603701.SH,20260421,24000,25.1,602400.0,25.0,0.00918267,0.446044,26136.2
603703.SH,20260421,73900,13.83,1022037.0,14.03,0.017808,0.732854,41498.2
603706.SH,20260421,44100,20.58,907578.0,20.33,0.0232862,3.73837,18938.3
603707.SH,20260421,19200,9.44,181248.0,9.46,0.00118838,0.154174,161564.0
603708.SH,20260421,64000,11.41,730240.0,11.37,0.010026,1.21449,63833.9
603709.SH,20260421,5000,16.84,84200.0,17.0,0.00399651,0.348724,12510.9
603711.SH,20260421,80200,12.71,1019342.0,12.57,0.0194248,5.71974,41287.4
603712.SH,20260421,14100,16.67,235047.0,16.7,0.00182642,0.184196,77200.0
603713.SH,20260421,8500,59.02,501670.0,59.5,0.0053754,0.624631,15812.8
603716.SH,20260421,65800,22.72,1494976.0,22.92,0.029142,0.306588,22579.1
603717.SH,20260421,36000,6.75,243000.0,6.8,0.0124075,0.344563,29014.6
603718.SH,20260421,371600,4.1,1523560.0,4.12,0.0572591,1.82784,64898.0
603719.SH,20260421,14300,10.14,145002.0,10.13,0.00356608,0.467266,40100.0
603721.SH,20260421,18500,21.37,395345.0,21.37,0.0142308,0.558216,13000.0
603722.SH,20260421,1300,37.15,48295.0,37.15,0.00135841,0.11782,9570.01
603725.SH,20260421,61800,9.25,571650.0,9.19,0.0215588,0.604627,28665.8
603726.SH,20260421,1700,23.83,40511.0,23.85,0.000920381,0.0856596,18470.6
603727.SH,20260421,110700,18.24,2019168.0,18.23,0.0392944,1.21497,28171.9
603728.SH,20260421,14500,59.03,855935.0,59.18,0.00346159,0.318159,41888.2
603729.SH,20260421,11300,16.73,189049.0,16.71,0.0122606,0.541364,9216.51
603730.SH,20260421,31200,10.0,312000.0,10.04,0.00145212,0.137785,214859.0
603733.SH,20260421,2700,21.47,57969.0,21.47,0.000381505,0.09153,70772.4
603737.SH,20260421,1900,48.85,92815.0,49.17,0.000257516,0.0568395,73781.8
603738.SH,20260421,861800,31.44,27094992.0,31.52,0.223329,1.64694,38588.8
603739.SH,20260421,3500,14.92,52220.0,14.97,0.00138324,0.0922214,25302.9
603755.SH,20260421,2400,28.88,69312.0,28.75,0.00243374,0.26472,9861.37
603757.SH,20260421,364800,54.0,19699200.0,58.6,0.195554,1.76851,18654.7
603758.SH,20260421,3300,12.9,42570.0,12.89,0.000752056,0.0786249,43879.7
603759.SH,20260421,1200,9.43,11316.0,9.44,0.000259875,0.0322227,46176.0
603766.SH,20260421,202000,15.39,3108780.0,15.16,0.00983666,0.705868,205354.0
603767.SH,20260421,6800,18.87,128316.0,18.87,0.00220327,0.270174,30863.2
603768.SH,20260421,2500,11.08,27700.0,11.1,0.00105061,0.129164,23795.6
603773.SH,20260421,1039500,60.0,62370000.0,58.19,0.462702,4.9671,22465.9
603776.SH,20260421,12400,20.45,253580.0,20.29,0.00441657,0.312427,28076.1
603777.SH,20260421,85300,16.89,1440717.0,16.88,0.0255065,0.242804,33442.4
603778.SH,20260421,2299700,27.94,64253618.0,26.68,0.357731,2.82612,64285.7
603779.SH,20260421,8700,6.3,54810.0,6.3,0.00261983,0.161451,33208.3
603786.SH,20260421,4800,57.06,273888.0,57.06,0.00118854,0.151803,40385.7
603787.SH,20260421,83100,12.72,1057032.0,12.72,0.0361079,1.31584,23014.4
603788.SH,20260421,91400,16.3,1489820.0,15.85,0.0409746,5.94167,22306.5
603789.SH,20260421,141700,5.61,794937.0,5.52,0.0545,5.47232,26000.0
603790.SH,20260421,20200,22.63,457126.0,22.57,0.010556,0.850269,19136.0
603797.SH,20260421,13800,4.69,64722.0,4.69,0.00239332,0.284675,57660.5
603798.SH,20260421,35300,17.0,600100.0,16.91,0.0137649,0.281868,25645.0
603799.SH,20260421,443410,66.45,29464595.0,65.78,0.0234906,0.42431,188761.0
603800.SH,20260421,83500,48.5,4049750.0,47.73,0.0401442,0.949937,20800.0
603801.SH,20260421,55500,8.97,497835.0,8.96,0.0127777,2.41526,43435.1
603803.SH,20260421,554600,15.36,8518656.0,15.7,0.13053,0.575573,42488.4
603806.SH,20260421,113400,17.28,1959552.0,17.23,0.00434692,0.246409,260874.0
603808.SH,20260421,187900,10.37,1948523.0,10.54,0.0509086,1.41149,36909.3
603809.SH,20260421,38600,11.16,430776.0,11.21,0.00419434,0.285499,92028.9
603810.SH,20260421,8200,15.41,126362.0,15.52,0.00495946,0.449064,16534.1
603811.SH,20260421,4700,12.03,56541.0,12.06,0.00143597,0.0646331,32730.4
603813.SH,20260421,32700,28.66,937182.0,28.77,0.0311384,2.26333,10501.5
603815.SH,20260421,274300,6.41,1758263.0,6.43,0.0443188,0.690193,61892.4
603816.SH,20260421,10000,31.01,310100.0,31.32,0.00123128,0.151152,81216.6
603817.SH,20260421,17400,7.17,124758.0,7.16,0.00305218,0.139103,57008.4
603818.SH,20260421,119700,3.39,405783.0,3.4,0.0174352,1.00879,68654.4
603819.SH,20260421,17900,14.66,262414.0,14.62,0.00822118,0.195413,21773.0
603822.SH,20260421,16200,86.14,1395468.0,86.74,0.0210866,1.66174,7682.59
603823.SH,20260421,12200,16.19,197518.0,16.17,0.0029301,0.197192,41636.8
603825.SH,20260421,5600,8.39,46984.0,8.31,0.0022105,0.414803,25333.7
603826.SH,20260421,64500,33.27,2145915.0,33.26,0.00984432,0.336029,65520.0
603828.SH,20260421,2100,5.77,12117.0,5.77,0.000352385,0.0673867,59594.0
603829.SH,20260421,141100,29.08,4103188.0,29.62,0.0757518,1.72499,18626.6
603833.SH,20260421,5500,49.88,274340.0,49.9,0.000902893,0.237327,60915.3
603836.SH,20260421,22400,13.32,298368.0,13.33,0.0109143,0.939337,20523.5
603838.SH,20260421,22100,8.89,196469.0,8.89,0.0069059,0.697128,32001.6
603839.SH,20260421,8800,7.52,66176.0,7.52,0.00227381,0.386937,38701.6
603843.SH,20260421,705700,8.42,5941994.0,8.02,0.100869,2.32557,69962.3
603848.SH,20260421,2900,15.49,44921.0,15.54,0.000720664,0.19719,40240.7
603855.SH,20260421,300,19.7,5910.0,19.7,8.94101e-05,0.0186622,33553.2
603856.SH,20260421,30400,13.04,396416.0,13.1,0.010778,1.01158,28205.6
603858.SH,20260421,11800,16.59,195762.0,16.64,0.00111894,0.165759,105457.0
603859.SH,20260421,20900,40.8,852720.0,40.85,0.00854115,0.379191,24469.8
603860.SH,20260421,4600,31.75,146050.0,31.72,0.00689862,0.408026,6668.0
603861.SH,20260421,116200,17.11,1988182.0,17.1,0.0219832,0.603917,52858.6
603863.SH,20260421,41500,17.72,735380.0,17.81,0.0202785,0.520238,20465.0
603866.SH,20260421,33800,5.05,170690.0,5.05,0.00211287,0.444392,159972.0
603867.SH,20260421,15200,33.99,516648.0,33.67,0.00704726,0.320469,21568.7
603868.SH,20260421,1300,31.72,41236.0,31.76,0.000298439,0.121944,43560.0
603869.SH,20260421,26200,10.77,282174.0,10.76,0.00530239,1.88613,49411.7
603871.SH,20260421,8900,13.52,120328.0,13.57,0.000650581,0.0517315,136801.0
603876.SH,20260421,185900,26.18,4866862.0,26.18,0.020005,0.540488,92926.7
603877.SH,20260421,18300,14.92,273036.0,14.98,0.00389923,0.654492,46932.4
603878.SH,20260421,30100,8.52,256452.0,8.52,0.0053641,0.16564,56113.8
603879.SH,20260421,15700,5.45,85565.0,5.46,0.00436907,0.213202,35934.4
603880.SH,20260421,107600,6.43,691868.0,6.51,0.0372264,1.5217,28904.2
603881.SH,20260421,282600,39.26,11094876.0,39.47,0.0393387,0.377176,71837.7
603882.SH,20260421,13300,27.66,367878.0,27.66,0.00289046,0.290963,46013.5
603883.SH,20260421,19000,13.61,258590.0,13.66,0.00250366,0.235506,75889.0
603885.SH,20260421,73900,12.19,900841.0,12.24,0.00338369,0.505346,218401.0
603886.SH,20260421,4700,13.4,62980.0,13.4,0.00195833,0.107012,24000.0
603887.SH,20260421,131500,16.62,2185530.0,16.62,0.0220905,0.684528,59527.9
603888.SH,20260421,57513,20.81,1196846.0,20.8,0.00852375,0.678034,67473.8
603889.SH,20260421,42900,9.36,401544.0,9.31,0.00591952,0.183186,72472.1
603890.SH,20260421,1254100,19.01,23840441.0,20.11,0.28068,1.62546,44680.8
603893.SH,20260421,32700,175.12,5726424.0,177.37,0.0077695,0.429797,42087.7
603895.SH,20260421,500,29.32,14660.0,29.43,0.00046262,0.0232076,10808.0
603896.SH,20260421,4600,18.46,84916.0,18.46,0.00232037,0.357117,19824.4
603897.SH,20260421,117115,50.0,5855750.0,50.71,0.056732,0.615238,20643.6
603898.SH,20260421,13800,13.1,180780.0,13.18,0.00443238,0.454076,31134.5
603899.SH,20260421,6800,25.04,170272.0,25.12,0.000738352,0.240412,92097.0
603900.SH,20260421,33700,7.59,255783.0,7.59,0.00986104,0.441906,34174.9
603901.SH,20260421,11000,12.48,137280.0,12.47,0.00225582,0.0845278,48762.7
603903.SH,20260421,5700,11.71,66747.0,11.73,0.0022325,0.140815,25531.9
603906.SH,20260421,1426364,26.22,37399264.0,27.31,0.252419,2.02349,56507.9
603908.SH,20260421,7100,22.43,159253.0,22.86,0.007624,0.654516,9312.7
603909.SH,20260421,75100,14.08,1057408.0,13.96,0.02881,0.485279,26067.3
603912.SH,20260421,1619100,11.1,17972010.0,11.59,0.29881,4.04993,54184.9
603915.SH,20260421,39900,15.45,616455.0,15.36,0.00607646,0.668189,65663.2
603916.SH,20260421,28700,11.13,319431.0,11.15,0.006828,0.402228,42032.8
603917.SH,20260421,17500,13.11,229425.0,13.17,0.00858517,0.516904,20384.0
603918.SH,20260421,11700,13.86,162162.0,13.9,0.00320454,0.167311,36510.8
603919.SH,20260421,28000,18.15,508200.0,18.14,0.00551985,0.495626,50726.0
603920.SH,20260421,496598,58.42,29011255.0,58.17,0.0689152,1.0831,72059.2
603922.SH,20260421,238700,21.41,5110567.0,22.43,0.133203,3.63744,17920.0
603926.SH,20260421,162000,19.64,3181680.0,19.73,0.0701789,1.92649,23083.9
603927.SH,20260421,18900,16.91,319599.0,16.93,0.00227426,0.306569,83104.0
603928.SH,20260421,19300,15.55,300115.0,15.49,0.00736416,0.380091,26208.0
603929.SH,20260421,24900,184.82,4602018.0,184.82,0.0116704,0.368289,21336.0
603931.SH,20260421,21500,30.91,664565.0,30.91,0.0107738,0.637619,19955.8
603933.SH,20260421,60700,24.17,1467119.0,24.35,0.0292467,0.37117,20754.5
603936.SH,20260421,213900,14.8,3165720.0,14.99,0.0339309,0.583046,63039.8
603937.SH,20260421,47400,13.09,620466.0,13.03,0.0226913,0.512078,20889.1
603938.SH,20260421,169500,28.79,4879905.0,28.65,0.0442993,0.97707,38262.4
603939.SH,20260421,14600,22.66,330836.0,22.79,0.00120423,0.162641,121239.0
603948.SH,20260421,400,27.8,11120.0,27.75,0.00024617,0.0353732,16248.9
603949.SH,20260421,10800,18.6,200880.0,18.69,0.00513784,0.132527,21020.5
603950.SH,20260421,158800,58.68,9318384.0,61.18,0.0490719,0.767548,32360.7
603955.SH,20260421,1700,27.02,45934.0,27.02,0.00125258,0.107243,13572.0
603956.SH,20260421,16000,5.75,92000.0,5.74,0.00280748,0.256513,56990.6
603958.SH,20260421,86200,24.76,2134312.0,25.13,0.0392961,0.570623,21936.0
603959.SH,20260421,90500,6.91,625355.0,6.98,0.0184581,0.239295,49029.9
603960.SH,20260421,26700,24.3,648810.0,24.33,0.0101831,0.177833,26219.8
603966.SH,20260421,18800,14.15,266020.0,14.12,0.00472692,0.131726,39772.2
603967.SH,20260421,6700,13.09,87703.0,13.13,0.00193269,0.270321,34666.7
603968.SH,20260421,21900,11.79,258201.0,11.76,0.0107101,0.33662,20448.0
603969.SH,20260421,18900,9.71,183519.0,9.69,0.00223984,0.133133,84380.8
603970.SH,20260421,100,12.6,1260.0,12.57,3.72024e-05,0.00642292,26880.0
603976.SH,20260421,3100,19.79,61349.0,19.9,0.00205021,0.221305,15120.4
603977.SH,20260421,56400,15.01,846564.0,15.01,0.00907859,0.274864,62124.2
603978.SH,20260421,17000,25.15,427550.0,25.19,0.00805327,0.165928,21109.4
603979.SH,20260421,16800,63.2,1061760.0,63.71,0.00269322,0.189347,62378.9
603980.SH,20260421,34700,6.25,216875.0,6.27,0.00512682,0.178849,67683.3
603982.SH,20260421,9100,7.87,71617.0,7.86,0.00267999,0.152654,33955.4
603983.SH,20260421,6500,24.97,162305.0,24.91,0.00162095,0.393857,40100.0
603985.SH,20260421,317200,23.67,7508124.0,24.08,0.0719506,0.476502,44085.8
603986.SH,20260421,126963,290.8,36920840.0,290.54,0.0190109,0.316698,66784.5
603987.SH,20260421,259100,8.73,2261943.0,8.85,0.059319,5.51058,43679.1
603988.SH,20260421,8900,26.25,233625.0,26.39,0.00378401,0.114116,23520.0
603989.SH,20260421,4100,19.3,79130.0,19.37,0.00102814,0.0445649,39878.0
603990.SH,20260421,11900,15.31,182189.0,15.29,0.0038853,0.0992352,30628.3
603991.SH,20260421,6800,117.0,795600.0,117.24,0.00912323,0.236902,7453.5
603992.SH,20260421,10800,33.75,364500.0,33.75,0.00243769,0.194888,44304.2
603993.SH,20260421,903269,20.15,18200870.0,20.24,0.00517311,0.361588,1746080.0
603995.SH,20260421,7400,18.43,136382.0,18.33,0.00202397,0.131486,36561.8
603997.SH,20260421,26600,13.02,346332.0,13.1,0.00209076,0.24268,127226.0
603998.SH,20260421,18000,10.36,186480.0,10.34,0.00409947,0.176955,43908.1
603999.SH,20260421,51200,6.89,352768.0,6.9,0.00888889,0.775761,57600.0
605001.SH,20260421,34400,7.5,258000.0,7.53,0.00875572,0.742636,39288.6
605003.SH,20260421,5100,29.36,149736.0,29.24,0.00463636,0.494437,11000.0
605005.SH,20260421,43000,21.35,918050.0,21.36,0.0107232,0.783155,40100.0
605006.SH,20260421,511700,10.27,5255159.0,10.44,0.0852765,0.997018,60004.8
605007.SH,20260421,140800,15.28,2151424.0,15.52,0.0350639,1.80612,40155.3
605008.SH,20260421,25000,12.07,301750.0,12.0,0.00387019,1.55337,64596.2
605009.SH,20260421,100,28.7,2870.0,28.67,4.65034e-05,0.0108686,21503.8
605011.SH,20260421,21300,19.68,419184.0,19.63,0.00532367,0.712664,40010.0
605016.SH,20260421,20600,26.11,537866.0,26.23,0.00490462,0.379691,42001.2
605018.SH,20260421,34100,12.84,437844.0,12.68,0.0072543,0.364795,47006.6
605020.SH,20260421,589800,27.2,16042560.0,26.18,0.117274,7.1321,50292.4
605028.SH,20260421,24500,29.37,719565.0,29.85,0.0153125,1.0934,16000.0
605033.SH,20260421,2900,22.57,65453.0,22.68,0.00214497,0.152738,13520.0
605050.SH,20260421,32600,13.3,433580.0,13.18,0.00661487,0.350566,49282.9
605055.SH,20260421,13300,10.96,145768.0,10.98,0.00302273,0.109158,44000.0
605056.SH,20260421,58500,29.06,1700010.0,29.06,0.014502,0.445923,40339.3
605058.SH,20260421,71900,37.27,2679713.0,37.61,0.0503065,1.1044,14292.4
605060.SH,20260421,72000,61.33,4415760.0,61.97,0.030133,0.591928,23894.0
605066.SH,20260421,50700,7.86,398502.0,7.91,0.0100909,0.393463,50243.3
605068.SH,20260421,5700,26.57,151449.0,26.72,0.00351421,0.16713,16219.8
605069.SH,20260421,14900,13.61,202789.0,13.68,0.00703834,0.231547,21169.8
605077.SH,20260421,7400,15.01,111074.0,15.02,0.00247137,0.154736,29942.9
605080.SH,20260421,3900,24.89,97071.0,24.92,0.00277874,0.19294,14035.1
605081.SH,20260421,4300,6.83,29369.0,7.19,0.00379701,0.177022,11324.7
605086.SH,20260421,5600,34.23,191688.0,34.52,0.003125,0.357478,17920.0
605088.SH,20260421,15700,36.37,571009.0,36.12,0.00786119,0.388077,19971.5
605089.SH,20260421,4400,25.83,113652.0,25.93,0.00318841,0.244239,13800.0
605090.SH,20260421,442200,45.98,20332356.0,45.29,0.0628037,1.72122,70409.8
605098.SH,20260421,7700,62.85,483945.0,62.75,0.00645696,0.252428,11925.1
605099.SH,20260421,8600,40.43,347698.0,40.69,0.00214222,0.205966,40145.3
605100.SH,20260421,6100,48.53,296033.0,48.98,0.00358967,0.156402,16993.2
605108.SH,20260421,3100,16.83,52173.0,16.9,0.00119231,0.136681,26000.0
605111.SH,20260421,48200,38.7,1865340.0,38.72,0.0116052,0.410813,41533.3
605116.SH,20260421,21400,27.12,580368.0,27.12,0.00526856,0.216788,40618.3
605117.SH,20260421,56500,143.5,8107750.0,143.07,0.00621335,0.2966,90933.3
605118.SH,20260421,62050,46.38,2877879.0,46.5,0.015176,1.32727,40886.9
605122.SH,20260421,400,13.04,5216.0,13.05,0.00023208,0.021066,17235.4
605123.SH,20260421,17300,103.17,1784841.0,103.67,0.0142774,0.476707,12117.1
605128.SH,20260421,9900,35.28,349272.0,35.32,0.00468886,0.489619,21113.9
605133.SH,20260421,38200,32.28,1233096.0,32.56,0.0135404,0.29495,28211.8
605136.SH,20260421,34400,10.64,366016.0,10.69,0.00859015,0.475194,40045.9
605138.SH,20260421,3300,6.84,22572.0,6.84,0.000593983,0.149031,55557.1
605151.SH,20260421,200,19.93,3986.0,19.92,0.000148639,0.008573,13455.4
605155.SH,20260421,4100,15.66,64206.0,15.74,0.00219453,0.214523,18682.8
605158.SH,20260421,6300,7.46,46998.0,7.44,0.00123186,0.196633,51142.0
605162.SH,20260421,1052300,14.49,15247827.0,14.01,0.259172,3.14031,40602.3
605166.SH,20260421,59800,11.34,678132.0,11.32,0.0190002,0.460763,31473.3
605167.SH,20260421,21800,18.35,400030.0,18.32,0.00485416,0.198522,44909.9
605168.SH,20260421,332600,41.09,13666534.0,41.79,0.157767,5.88674,21081.7
605169.SH,20260421,8700,12.32,107184.0,12.32,0.00307551,0.37451,28288.0
605177.SH,20260421,9700,20.66,200402.0,20.85,0.00861577,0.538489,11258.4
605178.SH,20260421,238300,70.35,16764405.0,78.17,0.240513,5.7681,9908.0
605179.SH,20260421,34300,18.06,619458.0,17.88,0.00855362,0.975629,40100.0
605180.SH,20260421,5300,15.0,79500.0,14.9,0.00313609,0.404444,16900.0
605183.SH,20260421,3600,19.25,69300.0,19.24,0.000872877,0.232333,41242.9
605186.SH,20260421,6000,20.1,120600.0,20.08,0.00441176,0.381493,13600.0
605188.SH,20260421,30000,17.27,518100.0,17.15,0.00597183,0.692271,50235.9
605189.SH,20260421,81100,18.0,1459800.0,17.95,0.0417874,0.532967,19407.8
605196.SH,20260421,16400,49.77,816228.0,50.01,0.00324776,0.165647,50496.3
605198.SH,20260421,13200,45.84,605088.0,45.8,0.0048792,0.328715,27053.6
605199.SH,20260421,2600,6.86,17836.0,6.86,0.000649823,0.102567,40010.9
605208.SH,20260421,170600,16.62,2835372.0,16.38,0.0517064,1.15667,32994.0
605218.SH,20260421,1700,18.51,31467.0,18.5,0.000798747,0.0730824,21283.3
605222.SH,20260421,892000,32.1,28633200.0,31.24,0.216031,3.81785,41290.3
605228.SH,20260421,49100,15.18,745338.0,15.27,0.0102906,0.259674,47713.5
605255.SH,20260421,12400,115.1,1427240.0,116.5,0.00924821,0.354492,13408.0
605258.SH,20260421,26200,36.9,966780.0,37.51,0.0297727,0.611403,8800.0
605259.SH,20260421,5100,21.22,108222.0,21.22,0.00295686,0.235076,17248.0
605266.SH,20260421,6600,18.85,124410.0,18.8,0.00427066,0.527987,15454.3
605268.SH,20260421,8400,12.61,105924.0,12.64,0.00190671,0.116011,44055.0
605277.SH,20260421,18300,24.38,446154.0,24.45,0.00575228,0.295059,31813.5
605286.SH,20260421,13700,47.53,651161.0,46.6,0.00815476,0.29553,16800.0
605287.SH,20260421,39400,46.33,1825402.0,47.15,0.0281429,0.602087,14000.0
605288.SH,20260421,10100,86.19,870519.0,86.64,0.0143877,0.902471,7019.89
605289.SH,20260421,27400,127.0,3479800.0,128.18,0.0252913,0.442862,10833.8
605296.SH,20260421,10000,30.0,300000.0,30.16,0.00193056,0.245628,51798.4
605298.SH,20260421,23900,54.73,1308047.0,54.2,0.0128321,0.7901,18625.1
605299.SH,20260421,833700,20.92,17441004.0,20.53,0.203726,2.04866,40922.7
605300.SH,20260421,300,10.88,3264.0,10.88,6.60213e-05,0.0270876,45439.9
605303.SH,20260421,47500,22.69,1077775.0,22.76,0.0294597,0.396269,16123.7
605305.SH,20260421,32500,45.6,1482000.0,45.55,0.0152927,0.334762,21252.0
605318.SH,20260421,11000,97.4,1071400.0,97.49,0.00874897,0.383493,12572.9
605319.SH,20260421,55700,27.1,1509470.0,27.2,0.0159988,0.40209,34815.2
605333.SH,20260421,4000,26.37,105480.0,26.36,0.000861994,0.218476,46404.0
605336.SH,20260421,95100,15.17,1442667.0,15.33,0.0518504,1.46129,18341.2
605337.SH,20260421,16100,10.98,176778.0,11.04,0.00412712,0.597148,39010.2
605338.SH,20260421,63000,25.46,1603980.0,25.24,0.0262975,2.574,23956.7
605339.SH,20260421,5300,16.19,85807.0,16.16,0.00124914,0.609518,42429.1
605358.SH,20260421,160700,38.88,6248016.0,39.01,0.0239359,0.95618,67137.8
605365.SH,20260421,57400,25.14,1443036.0,25.14,0.011434,0.383452,50201.3
605366.SH,20260421,433600,13.05,5658480.0,13.46,0.0558707,0.97843,77607.8
605368.SH,20260421,15200,8.22,124944.0,8.22,0.00212696,0.531668,71463.6
605369.SH,20260421,4000,17.95,71800.0,17.94,0.00181412,0.477827,22049.3
605376.SH,20260421,73500,107.98,7936530.0,108.05,0.0280963,0.695156,26160.0
605377.SH,20260421,5200,9.4,48880.0,9.41,0.000934126,0.109692,55667.0
605378.SH,20260421,900,20.42,18378.0,20.4,0.000344371,0.0441356,26134.6
605388.SH,20260421,1776300,8.26,14672238.0,8.31,0.295811,3.70381,60048.4
605389.SH,20260421,5900,77.51,457309.0,76.58,0.00432974,0.642812,13626.7
605398.SH,20260421,200,27.43,5486.0,27.49,0.000122913,0.0100489,16271.6
605399.SH,20260421,40000,15.22,608800.0,15.16,0.01284,0.996456,31152.7
605488.SH,20260421,10900,33.57,365913.0,33.55,0.00394632,0.17992,27620.7
605499.SH,20260421,7700,203.31,1565487.0,203.71,0.00148073,0.141137,52001.3
605500.SH,20260421,15300,9.21,140913.0,9.19,0.00369208,0.432832,41440.0
605507.SH,20260421,24000,24.12,578880.0,24.2,0.00429474,0.415593,55882.4
605555.SH,20260421,5100,16.16,82416.0,16.18,0.00105357,0.0848472,48406.9
605566.SH,20260421,0,,0.0,31.85,0.0,0.0,13334.0
605567.SH,20260421,5500,10.91,60005.0,10.96,0.00275,0.166231,20000.0
605577.SH,20260421,6200,12.6,78120.0,12.7,0.001395,0.228927,44444.4
605580.SH,20260421,21600,22.88,494208.0,22.97,0.00771429,0.409493,28000.0
605588.SH,20260421,2400,56.08,134592.0,56.33,0.00328319,0.171292,7309.96
605589.SH,20260421,154900,36.6,5669340.0,36.78,0.0183618,0.38545,84360.0
605598.SH,20260421,45500,53.8,2447900.0,53.09,0.018723,0.538443,24301.7
605599.SH,20260421,13200,23.22,306504.0,23.32,0.00169714,0.317911,77777.8
688001.SH,20260421,22919,43.55,998122.0,43.85,0.00515625,0.235094,44449.0
688002.SH,20260421,26271,131.0,3441501.0,131.31,0.00564075,0.283266,46573.6
688003.SH,20260421,4109,70.6099,290136.0,71.94,0.00211455,0.110201,19432.1
688004.SH,20260421,14472,22.14,320410.0,22.35,0.0180701,0.818196,8008.8
688005.SH,20260421,213806,33.1,7076979.0,32.66,0.0299189,0.773113,71461.9
688006.SH,20260421,22912,30.96,709356.0,31.26,0.00379544,0.102763,60367.2
688007.SH,20260421,7800,14.72,114816.0,14.71,0.00169707,0.150829,45961.6
688008.SH,20260421,132063,154.69,20428825.0,154.66,0.0115195,0.274408,114643.0
688009.SH,20260421,122162,5.36,654788.0,5.35,0.00141703,0.381009,862102.0
688010.SH,20260421,68718,35.09,2411315.0,35.81,0.0427985,1.38416,16056.2
688011.SH,20260421,3389,70.1101,237603.0,70.81,0.00340048,0.163113,9966.25
688012.SH,20260421,73265,314.85,23067485.0,313.54,0.0116865,0.588276,62691.8
688013.SH,20260421,8258,37.9899,313721.0,37.85,0.0101755,0.662571,8115.56
688015.SH,20260421,2255,23.1002,52091.0,22.88,0.00119514,0.145763,18868.1
688016.SH,20260421,6249,99.5001,621776.0,99.23,0.00506968,0.3486,12326.2
688017.SH,20260421,28611,212.14,6069538.0,210.77,0.0156063,0.523683,18333.0
688018.SH,20260421,133399,166.18,22168246.0,171.0,0.0851287,3.2174,15670.3
688019.SH,20260421,9797,248.0,2429656.0,246.29,0.00559846,0.291532,17499.4
688020.SH,20260421,72262,96.88,7000743.0,93.54,0.0877083,2.66604,8238.9
688021.SH,20260421,4737,24.2601,114920.0,24.4,0.00619915,0.229856,7641.37
688022.SH,20260421,5188,16.6901,86588.0,16.72,0.00294977,0.115559,17587.8
688023.SH,20260421,9782,50.43,493306.0,50.87,0.0096105,0.431848,10178.4
688025.SH,20260421,11421,276.0,3152196.0,279.56,0.0120159,0.235605,9504.94
688026.SH,20260421,2500,16.24,40600.0,16.22,0.00178165,0.163213,14032.0
688027.SH,20260421,30916,582.0,17993112.0,594.08,0.038465,0.9317,8037.44
688028.SH,20260421,45987,108.0,4966596.0,108.18,0.0304653,0.502859,15094.9
688029.SH,20260421,7432,72.28,537185.0,73.25,0.0039564,0.575042,18784.7
688030.SH,20260421,3400,15.56,52904.0,15.5,0.00188642,0.187006,18023.6
688031.SH,20260421,21691,139.99,3036523.0,140.87,0.0179063,0.352259,12113.6
688032.SH,20260421,7028,113.4,796975.0,113.3,0.00566438,0.422843,12407.4
688033.SH,20260421,12089,8.31996,100580.0,8.31,0.00215031,0.101154,56219.9
688035.SH,20260421,46472,65.49,3043451.0,65.49,0.0326715,0.663944,14224.0
688036.SH,20260421,17865,52.69,941307.0,52.87,0.00155188,0.2153,115118.0
688037.SH,20260421,7469,181.25,1353756.0,181.82,0.00370436,0.125614,20162.7
688038.SH,20260421,2963,23.7199,70282.0,23.72,0.00254611,0.0897864,11637.3
688039.SH,20260421,5207,44.0499,229368.0,44.11,0.0047079,0.287606,11060.1
688041.SH,20260421,94207,260.0,24493820.0,261.78,0.00405307,0.318158,232434.0
688045.SH,20260421,3885,51.39,199650.0,51.57,0.00550463,0.211005,7057.7
688046.SH,20260421,9367,19.01,178067.0,19.01,0.00228463,0.111222,41000.0
688047.SH,20260421,31236,143.0,4466748.0,143.96,0.00778953,0.404347,40100.0
688048.SH,20260421,245782,301.3,74054117.0,309.18,0.139427,1.45723,17628.0
688049.SH,20260421,15872,47.1,747571.0,47.4,0.00906103,0.359299,17516.8
688050.SH,20260421,1831,51.2998,93930.0,51.33,0.000946727,0.116846,19340.3
688051.SH,20260421,8580,32.34,277477.0,32.49,0.0110947,1.03996,7733.4
688052.SH,20260421,8848,169.57,1500355.0,169.57,0.00620788,0.270478,14252.8
688053.SH,20260421,11692,40.95,478787.0,41.2,0.011692,0.903907,10000.0
688055.SH,20260421,7938,4.36004,34610.0,4.37,0.00023814,0.0414148,333333.0
688056.SH,20260421,11953,36.0,430308.0,36.4,0.0177206,1.82087,6745.25
688057.SH,20260421,25800,12.53,323274.0,12.4,0.00934783,2.35487,27600.0
688058.SH,20260421,1000,28.86,28860.0,29.17,0.00131863,0.0993522,7583.65
688059.SH,20260421,6013,121.75,732083.0,122.29,0.00642562,0.179384,9357.86
688060.SH,20260421,877,47.3295,41508.0,47.17,0.00145704,0.235561,6019.07
688061.SH,20260421,8224,33.95,279205.0,34.01,0.00715819,0.693966,11488.9
688062.SH,20260421,16034,37.82,606406.0,37.88,0.00785326,0.152817,20417.0
688063.SH,20260421,28725,76.19,2188558.0,76.06,0.0117073,0.232185,24535.9
688065.SH,20260421,3998,47.7699,190984.0,47.82,0.000685319,0.10881,58337.8
688066.SH,20260421,88793,19.02,1688843.0,19.28,0.0339841,0.551228,26127.8
688067.SH,20260421,2527,27.2501,68861.0,27.14,0.00371618,0.247849,6800.0
688068.SH,20260421,1400,120.08,168112.0,120.24,0.00151012,0.0516817,9270.79
688069.SH,20260421,4735,36.08,170839.0,36.39,0.00419027,0.24236,11300.0
688070.SH,20260421,5613,50.08,281099.0,49.95,0.006409,0.414533,8758.0
688071.SH,20260421,15164,32.4,491314.0,32.5,0.0178842,0.999616,8478.97
688072.SH,20260421,6628,397.0,2631316.0,398.44,0.00234459,0.129047,28269.3
688073.SH,20260421,919,60.5996,55691.0,61.1,0.00101119,0.0648237,9088.29
688075.SH,20260421,250,38.532,9633.0,38.87,0.000196722,0.0611565,12708.3
688076.SH,20260421,4960,30.5,151280.0,30.51,0.00156936,0.219693,31605.2
688077.SH,20260421,2700,30.18,81486.0,30.13,0.00235852,0.128939,11447.9
688078.SH,20260421,200,24.58,4916.0,24.66,0.000274375,0.0242511,7289.3
688079.SH,20260421,91661,16.25,1489491.0,16.25,0.0226712,0.669893,40430.5
688080.SH,20260421,4388,57.3601,251696.0,57.77,0.00595741,0.267497,7365.61
688081.SH,20260421,31214,53.0,1654342.0,52.25,0.0302931,0.888018,10304.0
688082.SH,20260421,9574,156.99,1503022.0,156.76,0.00201566,0.23474,47498.1
688083.SH,20260421,6746,54.05,364621.0,54.05,0.00397651,0.150544,16964.6
688084.SH,20260421,3159,68.85,217497.0,68.92,0.00417531,0.0850304,7565.91
688085.SH,20260421,0,,0.0,17.5,0.0,0.0,31874.1
688087.SH,20260421,5350,37.6,201160.0,37.26,0.00287255,0.259274,18624.5
688088.SH,20260421,61518,41.61,2559764.0,42.08,0.0153346,1.18392,40117.0
688089.SH,20260421,500,19.09,9545.0,19.23,0.000297072,0.0259829,16830.9
688090.SH,20260421,21974,73.66,1618605.0,72.86,0.017957,0.378975,12237.0
688091.SH,20260421,9653,54.0,521262.0,53.95,0.00466997,0.168711,20670.4
688092.SH,20260421,6711,29.3301,196834.0,29.43,0.00811843,0.737489,8266.37
688093.SH,20260421,13593,31.93,434024.0,32.18,0.00484802,0.413336,28038.3
688095.SH,20260421,4000,76.5,306000.0,76.99,0.00437831,0.16608,9135.95
688096.SH,20260421,13220,8.01997,106024.0,8.09,0.00560063,0.191248,23604.5
688097.SH,20260421,27986,65.48,1832523.0,65.86,0.00628887,0.211473,44500.9
688098.SH,20260421,4638,8.89004,41232.0,8.9,0.00112945,0.0769688,41064.4
688099.SH,20260421,32044,85.1,2726944.0,86.0,0.00760841,0.268949,42116.6
688100.SH,20260421,24147,38.3,924830.0,38.16,0.00491107,0.856373,49168.5
688101.SH,20260421,39109,16.51,645690.0,16.6,0.0117794,2.2943,33201.2
688102.SH,20260421,242671,40.5,9828176.0,40.99,0.0312079,0.907167,77759.4
688103.SH,20260421,14372,59.18,850535.0,59.24,0.0150783,1.28264,9531.56
688105.SH,20260421,200,18.84,3768.0,18.83,5.02848e-05,0.0141673,39773.5
688106.SH,20260421,829929,29.58,24549300.0,29.1,0.165372,1.75522,50185.7
688107.SH,20260421,25212,31.0,781572.0,31.09,0.00628964,0.342971,40084.9
688108.SH,20260421,1200,21.43,25716.0,21.48,0.000287114,0.0119346,41795.2
688109.SH,20260421,0,,0.0,119.8,0.0,0.0,7884.23
688110.SH,20260421,59527,118.5,7053950.0,119.07,0.01346,0.440054,44225.0
688111.SH,20260421,22869,249.0,5694381.0,249.65,0.00493534,0.193737,46337.2
688112.SH,20260421,9473,52.06,493164.0,52.27,0.00593558,0.198207,15959.7
688113.SH,20260421,2911,38.6001,112365.0,38.74,0.00452036,0.373369,6439.76
688114.SH,20260421,6639,48.5999,322655.0,48.56,0.00160233,0.201417,41433.5
688115.SH,20260421,1200,44.66,53592.0,44.8,0.00179991,0.10187,6667.0
688116.SH,20260421,49269,41.2,2029883.0,40.87,0.0134419,0.678147,36653.2
688117.SH,20260421,1400,36.2,50680.0,36.26,0.000889533,0.0409176,15738.6
688118.SH,20260421,13079,29.2,381907.0,29.44,0.0140157,0.533276,9331.67
688119.SH,20260421,26616,5.35002,142396.0,5.37,0.00236587,0.155948,112500.0
688120.SH,20260421,21999,187.06,4115133.0,189.09,0.00622052,0.440618,35365.2
688121.SH,20260421,6300,10.7,67410.0,10.7,0.00310855,0.23,20266.7
688122.SH,20260421,45866,75.6,3467470.0,75.35,0.00705995,0.326941,64966.4
688123.SH,20260421,13599,119.77,1628752.0,119.83,0.00859222,0.110739,15827.1
688125.SH,20260421,0,,0.0,247.6,0.0,0.0,8168.97
688126.SH,20260421,924337,20.5,18948909.0,20.8,0.0338379,1.94341,273166.0
688127.SH,20260421,18554,70.0,1298780.0,70.67,0.0045711,0.213724,40589.8
688128.SH,20260421,7100,26.07,185097.0,26.07,0.00175525,0.319136,40450.0
688129.SH,20260421,17023,25.9,440896.0,26.09,0.0141295,0.983388,12047.9
688130.SH,20260421,700,21.39,14973.0,21.39,0.00116115,0.0563729,6028.51
688131.SH,20260421,5127,76.2801,391088.0,76.42,0.00241721,0.148606,21210.4
688132.SH,20260421,0,,0.0,17.42,0.0,0.0,15222.5
688133.SH,20260421,19661,22.9,450237.0,22.92,0.0119566,0.475611,16443.7
688135.SH,20260421,66741,35.6,2375980.0,35.68,0.0286314,0.234011,23310.4
688136.SH,20260421,2700,31.03,83781.0,31.13,0.00134157,0.0476331,20125.7
688137.SH,20260421,200,50.45,10090.0,50.3,0.000285,0.0118784,7017.54
688138.SH,20260421,4053,28.38,115024.0,28.5,0.00128748,0.179867,31480.0
688139.SH,20260421,4767,32.8001,156358.0,32.82,0.00150619,0.100956,31649.3
688141.SH,20260421,12551,65.9,827111.0,66.32,0.00278712,0.0966811,45032.2
688143.SH,20260421,62924,69.57,4377623.0,69.2,0.0514192,0.510856,12237.4
688146.SH,20260421,360864,66.41,23964978.0,67.57,0.248922,2.10461,14497.1
688147.SH,20260421,16294,67.3,1096586.0,67.31,0.00353327,0.188335,46115.9
688148.SH,20260421,88907,9.18,816166.0,9.18,0.0174268,0.238175,51017.3
688150.SH,20260421,41184,50.0,2059200.0,50.26,0.0102336,0.363297,40243.8
688151.SH,20260421,3700,21.36,79032.0,21.32,0.00107402,0.171296,34450.0
688152.SH,20260421,4149,35.1,145630.0,35.24,0.0040348,0.417969,10283.0
688153.SH,20260421,13813,35.0,483455.0,35.11,0.00337528,0.357203,40924.0
688155.SH,20260421,18244,89.98,1641595.0,90.1,0.0144294,0.389226,12643.6
688156.SH,20260421,1000,25.37,25370.0,25.51,0.000992909,0.0177297,10071.4
688157.SH,20260421,3507,39.5001,138527.0,39.5,0.00224188,0.109816,15643.1
688158.SH,20260421,695160,47.0,32672520.0,48.43,0.171444,1.46397,40547.4
688159.SH,20260421,1381,45.63,63015.0,45.54,0.00148929,0.0239687,9272.88
688160.SH,20260421,200,107.53,21506.0,107.89,0.000220186,0.00957278,9083.22
688161.SH,20260421,2039,30.0098,61190.0,30.11,0.00050975,0.0841064,40000.0
688162.SH,20260421,8034,35.88,288260.0,36.02,0.00585992,0.244269,13710.1
688163.SH,20260421,38689,38.25,1479854.0,38.25,0.0357503,1.01789,10822.0
688165.SH,20260421,11000,17.32,190520.0,17.35,0.00210817,0.209061,52178.0
688166.SH,20260421,79605,56.7,4513604.0,56.96,0.0188145,0.408146,42310.4
688167.SH,20260421,15983,371.83,5942959.0,378.88,0.0177867,0.237932,8985.95
688168.SH,20260421,41294,86.36,3566150.0,89.29,0.0535,2.17889,7718.5
688169.SH,20260421,28460,120.21,3421177.0,120.21,0.0109839,0.435658,25910.6
688170.SH,20260421,35277,59.53,2100040.0,60.24,0.0341302,0.429858,10336.0
688171.SH,20260421,275204,57.6,15851750.0,54.7,0.32851,9.27089,8377.34
688172.SH,20260421,28792,39.96,1150528.0,40.35,0.00369991,0.189996,77818.1
688173.SH,20260421,8458,14.7,124333.0,14.73,0.00206167,0.1661,41024.9
688175.SH,20260421,2700,36.21,97767.0,36.41,0.00208789,0.126456,12931.7
688176.SH,20260421,45385,13.53,614059.0,13.53,0.0104169,0.289029,43568.6
688177.SH,20260421,17591,22.56,396853.0,22.64,0.00424821,0.333441,41408.0
688178.SH,20260421,23319,34.88,813367.0,34.3,0.0274348,0.786164,8499.78
688179.SH,20260421,27465,18.05,495743.0,18.05,0.00789206,0.233241,34800.8
688180.SH,20260421,197643,43.56,8609329.0,43.18,0.0257887,0.682069,76639.4
688181.SH,20260421,14726,33.35,491112.0,33.31,0.0109502,0.437058,13448.2
688182.SH,20260421,26820,32.38,868432.0,32.71,0.006705,0.402934,40000.0
688183.SH,20260421,75463,107.19,8088879.0,108.49,0.00907202,0.310271,83182.1
688184.SH,20260421,5500,10.4,57200.0,10.5,0.00547332,1.01914,10048.8
688185.SH,20260421,5606,69.9501,392140.0,69.85,0.00490151,0.251359,11437.3
688186.SH,20260421,5769,24.4301,140937.0,24.55,0.00205676,0.0598215,28048.9
688187.SH,20260421,16025,52.5,841313.0,52.29,0.00184427,0.338314,86890.8
688188.SH,20260421,1269,143.41,181987.0,143.47,0.000439511,0.0817441,28873.0
688189.SH,20260421,5004,7.57994,37930.0,7.57,0.00182362,0.0823684,27440.0
688190.SH,20260421,0,,0.0,88.03,0.0,0.0,12000.0
688191.SH,20260421,14330,43.5,623355.0,43.11,0.00618605,0.307419,23165.0
688192.SH,20260421,12719,57.7,733886.0,58.02,0.00275772,0.293352,46121.4
688193.SH,20260421,10305,54.05,556985.0,54.97,0.0257176,2.07184,4006.99
688195.SH,20260421,87450,346.35,30288308.0,353.62,0.0676073,1.03592,12935.0
688196.SH,20260421,600,61.32,36792.0,61.32,0.0005,0.0367982,12000.0
688197.SH,20260421,51697,41.73,2157316.0,41.95,0.0807704,2.437,6400.49
688198.SH,20260421,3631,99.9201,362810.0,100.17,0.00263597,0.605592,13774.8
688199.SH,20260421,22953,27.04,620649.0,27.04,0.0142364,0.700895,16122.7
688200.SH,20260421,4831,293.75,1419106.0,294.21,0.00356444,0.188291,13553.3
688201.SH,20260421,89316,12.62,1127168.0,12.63,0.0295229,1.00054,30253.1
688202.SH,20260421,3395,69.5001,235953.0,70.07,0.00252694,0.0676595,13435.2
688203.SH,20260421,900,12.39,11151.0,12.45,0.000444054,0.0357015,20267.8
688205.SH,20260421,203707,242.0,49297094.0,247.01,0.128696,1.42983,15828.5
688206.SH,20260421,4788,33.6299,161020.0,33.6,0.00110024,0.108392,43517.8
688207.SH,20260421,82111,14.43,1184862.0,14.6,0.0317064,2.37103,25897.3
688208.SH,20260421,26162,34.69,907560.0,34.79,0.00390371,0.246431,67018.4
688209.SH,20260421,96352,22.5,2167920.0,21.99,0.022212,1.73681,43378.4
688210.SH,20260421,3200,46.82,149824.0,47.09,0.00197703,0.0978878,16185.9
688211.SH,20260421,1400,33.29,46606.0,33.19,0.00106795,0.339668,13109.3
688212.SH,20260421,9845,36.95,363773.0,37.1,0.00731072,0.442041,13466.5
688213.SH,20260421,125281,92.02,11528358.0,92.92,0.0387256,1.58928,32350.9
688215.SH,20260421,0,,0.0,78.6,0.0,0.0,6242.33
688216.SH,20260421,11929,29.08,346895.0,29.03,0.011208,0.591208,10643.3
688217.SH,20260421,3703,28.7,106276.0,28.85,0.00662956,0.461129,5585.59
688218.SH,20260421,118703,28.11,3336741.0,28.13,0.101913,2.17953,11647.5
688219.SH,20260421,10572,11.17,118089.0,11.12,0.00192358,0.203424,54960.0
688220.SH,20260421,79086,93.6,7402450.0,94.22,0.0214244,0.537494,36913.9
688221.SH,20260421,30576,19.08,583390.0,19.07,0.00816277,0.233318,37457.9
688222.SH,20260421,40954,26.65,1091424.0,26.86,0.0102211,0.224425,40068.0
688223.SH,20260421,412801,6.95,2868967.0,6.95,0.00401972,0.242309,1026940.0
688225.SH,20260421,10498,17.3,181615.0,17.16,0.00262443,0.311025,40001.0
688226.SH,20260421,39643,56.33,2233090.0,56.58,0.0210001,0.257423,18877.6
688227.SH,20260421,289989,115.07,33369034.0,116.66,0.256502,3.15406,11305.5
688228.SH,20260421,6157,109.45,673884.0,109.77,0.00911463,0.308183,6755.08
688229.SH,20260421,21571,89.55,1931683.0,88.35,0.0485833,0.906359,4440.0
688230.SH,20260421,18611,66.98,1246565.0,65.97,0.0158257,2.09396,11760.0
688231.SH,20260421,3584,34.2801,122860.0,34.26,0.00145185,0.0883876,24685.7
688232.SH,20260421,25400,22.52,572008.0,22.43,0.00788864,1.22621,32198.2
688233.SH,20260421,32503,77.3,2512482.0,76.5,0.0190851,0.584851,17030.6
688234.SH,20260421,45227,96.8,4377974.0,97.82,0.010525,0.383705,42971.1
688235.SH,20260421,6808,244.46,1664284.0,245.2,0.00591716,0.160186,11505.5
688236.SH,20260421,1000,20.52,20520.0,20.52,0.000346707,0.0540338,28842.8
688237.SH,20260421,1509,54.8197,82723.0,54.87,0.00168261,0.0863346,8968.2
688238.SH,20260421,16165,7.12001,115095.0,7.15,0.00252127,0.182861,64114.6
688239.SH,20260421,12088,63.0,761544.0,62.84,0.00634102,0.248468,19063.2
688244.SH,20260421,1500,19.67,29505.0,19.55,0.000993631,0.0780646,15096.2
688246.SH,20260421,7060,19.3,136258.0,19.29,0.00513135,0.266603,13758.6
688247.SH,20260421,33000,9.33,307890.0,9.37,0.0072793,1.43538,45334.0
688248.SH,20260421,20034,58.5,1171989.0,58.68,0.00354772,0.282673,56470.0
688249.SH,20260421,61430,30.27,1859486.0,30.27,0.00516993,0.272376,118822.0
688251.SH,20260421,4054,35.2001,142701.0,35.17,0.00405792,0.128243,9990.33
688252.SH,20260421,8548,21.3,182072.0,21.39,0.00208987,0.215464,40902.1
688253.SH,20260421,9239,44.88,414646.0,44.81,0.00674457,0.253743,13698.4
688255.SH,20260421,4410,29.91,131903.0,29.78,0.00401424,0.177672,10985.9
688256.SH,20260421,42206,1361.0,57442366.0,1378.2,0.0100089,0.494683,42168.5
688257.SH,20260421,25218,77.0,1941786.0,77.02,0.00999095,0.216419,25240.8
688258.SH,20260421,18369,116.6,2141825.0,116.09,0.0151632,0.41328,12114.2
688259.SH,20260421,2347,37.4499,87895.0,37.62,0.00210116,0.133459,11170.0
688260.SH,20260421,1838,29.4102,54056.0,29.55,0.00153167,0.0449677,12000.0
688261.SH,20260421,6340,74.02,469287.0,74.6,0.00519261,0.193522,12209.7
688262.SH,20260421,75533,36.02,2720699.0,36.45,0.0224801,0.730441,33600.0
688265.SH,20260421,2800,42.99,120372.0,43.1,0.00359142,0.419771,7796.35
688266.SH,20260421,2853,100.25,286013.0,100.0,0.00107779,0.0867233,26470.8
688267.SH,20260421,2173,31.3801,68189.0,31.56,0.00123326,0.0834874,17620.0
688268.SH,20260421,159581,100.0,15958100.0,99.2,0.133078,1.46327,11991.5
688269.SH,20260421,4126,39.2201,161822.0,39.21,0.00315675,0.304645,13070.4
688271.SH,20260421,29252,115.3,3372756.0,114.85,0.00354932,0.656618,82415.8
688272.SH,20260421,86356,47.0,4058732.0,46.2,0.113626,1.92201,7600.0
688273.SH,20260421,8974,48.0199,430931.0,47.67,0.008974,0.27236,10000.0
688275.SH,20260421,2200,136.22,299684.0,135.99,0.00174439,0.0406013,12611.8
688276.SH,20260421,1300,17.69,22997.0,17.67,0.00031427,0.0788855,41365.8
688277.SH,20260421,75529,21.66,1635958.0,21.35,0.0165637,0.884432,45599.2
688278.SH,20260421,1430,63.7,91091.0,63.79,0.000350327,0.0625871,40818.9
688279.SH,20260421,1258,178.89,225044.0,177.58,0.00134462,0.0752342,9355.81
688280.SH,20260421,22809,11.15,254320.0,11.23,0.00438176,0.0983684,52054.4
688281.SH,20260421,2884,78.1099,225269.0,77.69,0.00105807,0.110848,27257.1
688282.SH,20260421,14054,91.0,1278914.0,89.97,0.0159705,0.58256,8800.0
688283.SH,20260421,1800,43.07,77526.0,43.56,0.00147783,0.0855714,12180.0
688285.SH,20260421,657,8.87976,5834.0,8.85,0.000174599,0.0199735,37629.0
688286.SH,20260421,400,70.93,28372.0,70.9,0.000713524,0.0313377,5605.98
688288.SH,20260421,17799,25.0,444975.0,25.6,0.0178322,0.621099,9981.37
688289.SH,20260421,6195,17.94,111138.0,17.94,0.00106923,0.179902,57938.8
688290.SH,20260421,11099,55.99,621433.0,55.08,0.0108612,0.913901,10219.0
688291.SH,20260421,18515,43.0,796145.0,43.4,0.0180341,0.68605,10266.7
688292.SH,20260421,46919,24.39,1144354.0,24.33,0.0296302,1.64918,15834.9
688293.SH,20260421,10160,55.16,560426.0,55.31,0.00892636,0.592815,11382.0
688295.SH,20260421,402248,59.14,23788947.0,60.88,0.0446942,1.84817,90000.0
688296.SH,20260421,16966,14.09,239051.0,14.0,0.015798,1.08172,10739.3
688297.SH,20260421,49349,50.15,2474852.0,49.89,0.00731096,0.515368,67500.0
688298.SH,20260421,3152,22.6599,71424.0,22.63,0.00156349,0.314362,20160.0
688299.SH,20260421,13284,17.57,233400.0,17.64,0.00462224,0.248181,28739.3
688300.SH,20260421,11754,95.21,1119098.0,94.8,0.0048677,0.205677,24146.9
688301.SH,20260421,7907,117.88,932077.0,116.89,0.00373943,0.285838,21144.9
688302.SH,20260421,1679,45.3502,76143.0,45.33,0.00169569,0.0824653,9901.56
688303.SH,20260421,258821,23.99,6209116.0,23.28,0.0120651,1.45084,214521.0
688305.SH,20260421,13852,58.88,815606.0,59.54,0.010477,0.855593,13221.4
688306.SH,20260421,48415,9.44001,457038.0,9.5,0.00394168,0.52152,122828.0
688307.SH,20260421,66779,88.0,5876552.0,89.04,0.0752236,0.984693,8877.4
688308.SH,20260421,334484,95.0,31775980.0,98.07,0.210657,2.07086,15878.2
688309.SH,20260421,2622,77.0,201894.0,77.04,0.00330221,0.0940399,7940.13
688310.SH,20260421,2445,16.2699,39780.0,16.27,0.00148791,0.137814,16432.5
688311.SH,20260421,13257,40.13,532003.0,40.11,0.00762809,0.298938,17379.2
688312.SH,20260421,23600,62.95,1485620.0,63.15,0.0161898,0.271957,14577.1
688313.SH,20260421,356861,124.15,44304293.0,125.35,0.0789539,0.788213,45198.6
688314.SH,20260421,7325,47.17,345520.0,47.6,0.00901659,0.279618,8123.92
688315.SH,20260421,8073,14.5001,117059.0,14.47,0.00193969,0.233401,41620.0
688316.SH,20260421,17300,75.0,1297500.0,76.46,0.0361183,0.35168,4789.81
688317.SH,20260421,0,,0.0,20.35,0.0,0.0,19215.8
688318.SH,20260421,3513,115.0,403995.0,115.5,0.00137163,0.110959,25611.9
688319.SH,20260421,53982,29.85,1611363.0,29.85,0.0133154,0.483494,40540.9
688320.SH,20260421,13492,31.01,418387.0,31.26,0.00893429,0.755339,15101.4
688321.SH,20260421,6880,30.55,210184.0,30.58,0.00168707,0.0645278,40780.8
688322.SH,20260421,16420,83.6,1372712.0,84.16,0.00515256,0.237752,31867.6
688323.SH,20260421,26073,22.19,578560.0,22.19,0.0144849,0.409498,18000.2
688325.SH,20260421,826,123.37,101904.0,124.5,0.00101144,0.0594537,8166.55
688326.SH,20260421,2844,121.37,345176.0,121.78,0.00254785,0.196284,11162.4
688327.SH,20260421,97532,13.25,1292299.0,13.26,0.0117023,0.476282,83344.1
688328.SH,20260421,21100,40.8,860880.0,41.11,0.0223384,0.3651,9445.63
688329.SH,20260421,37669,23.46,883715.0,24.65,0.048794,2.37376,7720.0
688330.SH,20260421,8433,50.0,421650.0,50.05,0.00602357,0.308307,14000.0
688331.SH,20260421,56013,146.0,8177898.0,146.7,0.0343442,0.556256,16309.3
688332.SH,20260421,13107,128.0,1677696.0,128.85,0.0108683,0.669083,12059.8
688333.SH,20260421,191351,89.49,17124001.0,89.38,0.0697541,1.64927,27432.2
688334.SH,20260421,6400,22.06,141184.0,22.07,0.00407891,0.160208,15690.5
688335.SH,20260421,81992,31.62,2592587.0,31.86,0.0553871,2.93934,14803.5
688336.SH,20260421,26179,84.18,2203748.0,84.88,0.00424442,0.24188,61678.6
688337.SH,20260421,232381,64.46,14979279.0,62.4,0.124992,2.78983,18591.7
688338.SH,20260421,200,30.48,6096.0,30.48,0.000188426,0.0168151,10614.2
688339.SH,20260421,54300,26.0,1411800.0,25.3,0.0277342,1.25667,19578.7
688343.SH,20260421,60972,92.9,5664299.0,93.43,0.0169553,0.405149,35960.3
688345.SH,20260421,7167,53.66,384581.0,54.2,0.007167,0.179875,10000.0
688347.SH,20260421,47218,129.49,6114259.0,130.75,0.0115801,0.28673,40775.0
688348.SH,20260421,5462,54.16,295822.0,53.98,0.00349507,0.237576,15627.7
688349.SH,20260421,21617,24.66,533075.0,24.55,0.00181734,0.411737,118948.0
688350.SH,20260421,903,28.7099,25925.0,28.74,0.00063039,0.038194,14324.5
688351.SH,20260421,4097,24.4501,100172.0,24.51,0.000870591,0.0829457,47060.0
688352.SH,20260421,42776,12.34,527856.0,12.42,0.0116912,0.334691,36588.1
688353.SH,20260421,29925,125.36,3751398.0,124.99,0.0187618,0.368832,15950.0
688355.SH,20260421,13150,24.11,317047.0,24.12,0.0106086,0.481526,12395.6
688356.SH,20260421,0,,0.0,109.37,0.0,0.0,6065.07
688357.SH,20260421,7060,36.0,254160.0,36.26,0.00705578,0.67646,10006.0
688358.SH,20260421,4423,29.4201,130125.0,29.67,0.00394997,0.460208,11197.6
688359.SH,20260421,28271,97.99,2770275.0,96.84,0.02863,0.468608,9874.61
688360.SH,20260421,1484,18.81,27914.0,18.83,0.000588221,0.055239,25228.6
688361.SH,20260421,25244,170.0,4291480.0,170.25,0.00911788,0.407772,27686.2
688362.SH,20260421,57600,46.24,2663424.0,47.48,0.014032,0.376429,41049.1
688363.SH,20260421,18139,42.91,778344.0,43.09,0.00376579,0.680079,48167.8
688365.SH,20260421,58866,20.02,1178497.0,20.25,0.013824,0.364011,42582.5
688366.SH,20260421,700,39.27,27489.0,39.27,0.000360728,0.198619,19405.2
688367.SH,20260421,17965,38.83,697581.0,38.83,0.0205022,0.499513,8762.46
688368.SH,20260421,48130,140.3,6752639.0,139.6,0.0543839,1.83201,8850.05
688369.SH,20260421,80074,24.5,1961813.0,25.5,0.0694978,2.02327,11521.8
688370.SH,20260421,8207,25.28,207473.0,25.15,0.0059858,0.882974,13710.8
688371.SH,20260421,810,21.1704,17148.0,21.13,0.000241451,0.0417656,33547.2
688372.SH,20260421,34523,157.21,5427361.0,155.5,0.0205782,0.439554,16776.5
688373.SH,20260421,11329,6.17001,69900.0,6.14,0.00187059,0.0845584,60563.8
688375.SH,20260421,22525,138.79,3126245.0,140.2,0.00377927,0.248828,59601.5
688376.SH,20260421,4436,73.0201,323917.0,71.59,0.0032798,0.155765,13525.2
688377.SH,20260421,7488,40.7001,304762.0,40.29,0.00384705,0.383094,19464.3
688378.SH,20260421,8443,38.59,325815.0,38.45,0.00350389,0.19092,24096.1
688379.SH,20260421,21678,54.05,1171696.0,54.83,0.0240638,0.527663,9008.55
688380.SH,20260421,52867,47.1,2490036.0,46.9,0.0132047,0.620804,40036.5
688381.SH,20260421,3677,24.8801,91484.0,25.12,0.00148566,0.0536772,24750.0
688382.SH,20260421,64683,21.95,1419792.0,22.04,0.0111841,0.318019,57834.8
688383.SH,20260421,12690,96.89,1229534.0,97.8,0.0124844,0.836752,10164.7
688385.SH,20260421,25340,75.0,1900500.0,75.07,0.00469791,0.214249,53938.9
688386.SH,20260421,3636,78.47,285317.0,78.59,0.0039956,0.251197,9100.0
688387.SH,20260421,704726,17.55,12367941.0,17.97,0.0349432,0.594677,201678.0
688388.SH,20260421,99993,49.8,4979651.0,49.77,0.021944,0.326504,45567.4
688389.SH,20260421,39681,12.62,500774.0,12.66,0.00926075,1.78585,42848.6
688390.SH,20260421,9131,88.88,811563.0,89.27,0.00375665,0.110749,24306.2
688391.SH,20260421,5792,30.1999,174918.0,30.42,0.00502858,0.712924,11518.2
688392.SH,20260421,10488,136.57,1432346.0,135.0,0.00906221,0.489045,11573.3
688393.SH,20260421,600,23.73,14238.0,23.73,0.000641247,0.0547257,9356.77
688395.SH,20260421,600,26.94,16164.0,26.9,0.000692859,0.0637468,8659.77
688396.SH,20260421,139024,52.0,7229248.0,51.65,0.010467,0.696514,132821.0
688398.SH,20260421,7359,28.8199,212086.0,28.66,0.00438521,0.233182,16781.4
688399.SH,20260421,3048,59.3799,180990.0,60.05,0.00363412,0.144109,8387.17
688400.SH,20260421,37687,47.45,1788248.0,47.92,0.00817547,0.252011,46097.7
688401.SH,20260421,10552,56.35,594605.0,56.45,0.0054575,0.246366,19334.9
688403.SH,20260421,165284,16.8,2776771.0,16.92,0.0177514,0.282917,93110.3
688408.SH,20260421,8160,41.25,336600.0,41.23,0.00372491,0.135712,21906.6
688409.SH,20260421,61363,99.08,6079846.0,101.3,0.0200395,1.13689,30621.1
688410.SH,20260421,26920,16.01,430989.0,15.89,0.00842301,0.859441,31960.1
688411.SH,20260421,13515,226.12,3056012.0,226.43,0.0101943,0.297134,13257.4
688416.SH,20260421,26768,97.2,2601850.0,97.3,0.0322484,0.430959,8300.57
688418.SH,20260421,59937,49.03,2938711.0,49.45,0.0311273,0.514446,19255.5
688419.SH,20260421,2000,47.95,95900.0,48.21,0.00336081,0.0805871,5950.95
688420.SH,20260421,10129,24.78,250997.0,24.89,0.0242675,1.15035,4173.9
688425.SH,20260421,25869,4.85001,125465.0,4.85,0.000485029,0.134731,533350.0
688426.SH,20260421,1486,20.0498,29794.0,20.03,0.00386702,0.129559,3842.76
688428.SH,20260421,41694,30.06,1253322.0,30.15,0.0155366,0.318436,26836.0
688429.SH,20260421,4400,14.96,65824.0,14.95,0.00367195,0.0869249,11982.7
688432.SH,20260421,67431,15.58,1050575.0,15.64,0.00539318,0.560422,125030.0
688433.SH,20260421,8068,83.29,671984.0,83.69,0.001948,0.130964,41416.9
688435.SH,20260421,5905,41.85,247124.0,41.9,0.0105356,0.254485,5604.81
688439.SH,20260421,8066,51.6,416206.0,51.7,0.004033,0.368867,20000.0
688443.SH,20260421,3708,30.36,112575.0,30.36,0.00317792,0.0594087,11668.0
688448.SH,20260421,2879,63.6301,183191.0,64.8,0.00401801,0.182197,7165.23
688449.SH,20260421,13560,48.12,652507.0,48.12,0.00462476,0.151573,29320.4
688450.SH,20260421,14822,43.0,637346.0,44.03,0.0302918,0.617656,4893.07
688455.SH,20260421,4627,29.7199,137514.0,29.85,0.00275366,0.131828,16803.1
688456.SH,20260421,33908,60.0,2034480.0,59.58,0.0327108,1.29779,10366.0
688458.SH,20260421,400,36.5,14600.0,36.66,0.000470209,0.0284577,8506.85
688459.SH,20260421,4916,9.48007,46604.0,9.53,0.00102417,0.366472,48000.0
688466.SH,20260421,31020,17.69,548744.0,17.35,0.0253941,1.79494,12215.4
688468.SH,20260421,21456,7.30998,156843.0,7.3,0.00534918,0.78488,40110.8
688469.SH,20260421,1218114,6.84,8331900.0,6.93,0.0274982,1.57444,442980.0
688472.SH,20260421,121226,13.39,1623216.0,13.36,0.00899533,0.280416,134765.0
688475.SH,20260421,28847,29.94,863679.0,29.9,0.00366311,0.418138,78750.0
688478.SH,20260421,30028,40.18,1206525.0,40.68,0.029038,0.372038,10340.9
688479.SH,20260421,7900,36.73,290167.0,36.55,0.012677,0.27827,6231.74
688480.SH,20260421,55255,101.65,5616671.0,99.66,0.0579641,1.3377,9532.62
688484.SH,20260421,18349,36.78,674876.0,36.78,0.00429053,0.379426,42766.3
688485.SH,20260421,66631,42.8,2851807.0,43.14,0.0750704,0.512394,8875.8
688486.SH,20260421,8239,71.0,584969.0,71.74,0.00617989,0.238127,13332.0
688488.SH,20260421,89032,18.57,1653324.0,18.75,0.0211587,0.530754,42078.3
688489.SH,20260421,1595,39.9398,63704.0,39.9,0.00139508,0.318135,11433.1
688496.SH,20260421,87035,5.6,487396.0,5.65,0.0365777,1.21934,23794.6
688498.SH,20260421,14307,1375.0,19672125.0,1387.66,0.0168638,0.454861,8483.86
688499.SH,20260421,25266,54.36,1373460.0,54.39,0.0149744,0.430049,16872.9
688500.SH,20260421,3192,51.5,164388.0,51.58,0.00435376,0.141731,7331.59
688501.SH,20260421,200,26.51,5302.0,26.52,0.000160997,0.00836595,12422.6
688502.SH,20260421,29248,464.35,13581309.0,465.5,0.0553939,1.33008,5280.0
688503.SH,20260421,56949,97.13,5531456.0,96.37,0.0283441,0.530964,20092.0
688505.SH,20260421,3228,7.78996,25146.0,7.83,0.000454282,0.072772,71057.2
688506.SH,20260421,3150,298.96,941724.0,300.01,0.000762945,0.144459,41287.4
688507.SH,20260421,9747,94.9,924990.0,96.33,0.0197966,0.465429,4923.57
688508.SH,20260421,93159,66.48,6193210.0,68.19,0.0709457,1.26881,13131.0
688509.SH,20260421,22524,4.57001,102935.0,4.59,0.00585355,0.341244,38479.2
688510.SH,20260421,14251,33.56,478264.0,33.6,0.00549124,0.149595,25952.3
688512.SH,20260421,6978,12.69,88551.0,12.66,0.00214992,0.0673211,32457.0
688513.SH,20260421,11218,66.0,740388.0,66.13,0.00635465,0.296219,17653.2
688515.SH,20260421,2000,129.53,259060.0,130.08,0.0040145,0.107049,4981.94
688516.SH,20260421,97435,81.9,7979927.0,80.98,0.0309553,0.665973,31476.0
688517.SH,20260421,3502,21.8101,76379.0,21.87,0.00256344,0.0650927,13661.3
688518.SH,20260421,216912,30.26,6563757.0,30.6,0.06355,1.41514,34132.5
688519.SH,20260421,11670,147.2,1717824.0,148.95,0.0049708,0.134418,23477.1
688520.SH,20260421,2814,42.8099,120467.0,42.74,0.000631883,0.0622639,44533.6
688521.SH,20260421,1052405,254.0,267310870.0,251.39,0.200109,3.46479,52591.5
688522.SH,20260421,8650,36.18,312957.0,36.11,0.00702698,0.168219,12309.7
688523.SH,20260421,112658,72.48,8165452.0,74.72,0.116725,0.920808,9651.59
688525.SH,20260421,120910,269.0,32524790.0,268.7,0.0256798,0.277016,47083.7
688526.SH,20260421,2439,15.0402,36683.0,15.09,0.000523247,0.119002,46612.8
688528.SH,20260421,17349,10.8,187369.0,11.0,0.0103268,0.966618,16800.0
688529.SH,20260421,75533,18.8,1420020.0,18.3,0.0449131,5.34106,16817.6
688530.SH,20260421,52661,33.03,1739393.0,33.5,0.0776961,0.404424,6777.82
688533.SH,20260421,3791,27.0699,102622.0,27.02,0.00229776,0.366732,16498.7
688535.SH,20260421,5887,124.13,730753.0,125.95,0.00729524,0.191413,8069.65
688536.SH,20260421,5302,196.99,1044441.0,196.95,0.00390862,0.103479,13564.9
688538.SH,20260421,193423,2.28,441004.0,2.29,0.00336257,0.402209,575224.0
688539.SH,20260421,21250,42.59,905038.0,42.97,0.0114296,0.40143,18592.0
688543.SH,20260421,20081,72.5,1455873.0,72.7,0.0173169,0.339611,11596.2
688545.SH,20260421,6256,52.27,327001.0,52.71,0.00343265,0.107027,18225.0
688548.SH,20260421,336510,26.39,8880499.0,26.28,0.0486843,1.23576,69120.9
688549.SH,20260421,25012,9.34999,233862.0,9.4,0.00424422,0.143262,58931.9
688550.SH,20260421,5090,41.78,212660.0,41.94,0.0029279,0.166489,17384.4
688551.SH,20260421,2488,46.26,115095.0,46.48,0.00295941,0.0923912,8407.07
688552.SH,20260421,80893,50.12,4054357.0,50.24,0.0931651,0.752719,8682.75
688553.SH,20260421,13208,19.25,254254.0,19.4,0.00384468,0.106505,34354.0
688556.SH,20260421,69123,14.46,999519.0,14.5,0.00832031,0.134755,83077.4
688557.SH,20260421,7750,32.36,250790.0,32.47,0.00754775,0.605629,10268.0
688558.SH,20260421,8688,31.99,277929.0,31.56,0.00658182,0.530574,13200.0
688559.SH,20260421,10662,58.63,625113.0,58.88,0.00430337,0.150607,24775.9
688560.SH,20260421,186738,17.01,3176413.0,17.0,0.0927651,1.39219,20130.2
688561.SH,20260421,22910,30.8,705628.0,30.62,0.00335799,0.488077,68225.3
688562.SH,20260421,8372,20.32,170119.0,20.39,0.00483875,0.164048,17302.0
688563.SH,20260421,12210,61.41,749816.0,61.17,0.0104369,0.348058,11698.9
688565.SH,20260421,5126,12.8,65613.0,12.79,0.0034235,0.195857,14973.0
688566.SH,20260421,12015,31.24,375349.0,31.02,0.00602464,0.359167,19943.1
688567.SH,20260421,37535,13.71,514605.0,13.72,0.00307134,0.259578,122210.0
688568.SH,20260421,145384,65.97,9590982.0,65.26,0.0179913,0.907186,80807.9
688569.SH,20260421,842,21.0404,17716.0,20.97,0.000399683,0.0724654,21066.7
688570.SH,20260421,1776,17.92,31826.0,17.92,0.000943677,0.355292,18820.0
688571.SH,20260421,27684,7.95001,220088.0,7.99,0.00652662,0.725285,42417.1
688573.SH,20260421,6850,22.0,150700.0,22.0,0.012872,0.127622,5321.62
688575.SH,20260421,9746,14.4,140342.0,14.5,0.00170567,0.190097,57138.8
688576.SH,20260421,200,71.2,14240.0,71.6,0.000917758,0.0539853,2179.22
688577.SH,20260421,2989,68.5199,204806.0,69.17,0.00268602,0.334418,11128.0
688578.SH,20260421,27761,96.58,2681157.0,96.39,0.00616911,0.514633,45000.0
688579.SH,20260421,2575,11.0,28325.0,11.03,0.000643734,0.0278725,40001.0
688580.SH,20260421,3171,61.0199,193494.0,61.62,0.00331101,0.15361,9577.13
688581.SH,20260421,782,56.0806,43855.0,56.29,0.00188163,0.328178,4155.97
688582.SH,20260421,13550,63.15,855683.0,63.03,0.00541526,0.257224,25021.9
688583.SH,20260421,9371,120.0,1124520.0,121.7,0.0304219,0.454895,3080.34
688584.SH,20260421,32313,20.8,672110.0,20.73,0.00943621,0.883655,34243.6
688585.SH,20260421,22780,126.87,2890099.0,128.7,0.00564754,0.496108,40336.2
688586.SH,20260421,26443,14.41,381044.0,14.44,0.00334155,0.347806,79133.9
688588.SH,20260421,4153,12.2001,50667.0,12.2,0.00103822,0.134042,40001.0
688589.SH,20260421,0,,0.0,22.63,0.0,0.0,14532.9
688590.SH,20260421,13576,14.87,201875.0,14.82,0.00482244,0.125139,28151.7
688591.SH,20260421,23474,34.81,817130.0,35.1,0.0139363,0.346043,16843.7
688592.SH,20260421,1700,46.62,79254.0,47.0,0.00441309,0.116698,3852.18
688593.SH,20260421,30760,32.12,988011.0,32.08,0.00953261,0.363822,32268.2
688595.SH,20260421,6295,33.74,212393.0,33.89,0.00436869,0.147864,14409.4
688596.SH,20260421,36427,31.98,1164935.0,31.68,0.0123846,0.428693,29413.1
688597.SH,20260421,841,9.07015,7628.0,9.09,0.000250253,0.0207464,33606.0
688598.SH,20260421,7535,24.26,182799.0,24.06,0.00370133,0.249459,20357.6
688599.SH,20260421,211414,16.68,3526386.0,16.6,0.00902488,0.690519,234257.0
688600.SH,20260421,9812,27.68,271596.0,27.4,0.00728388,0.328219,13470.8
688601.SH,20260421,7063,51.67,364945.0,51.74,0.00528301,0.123815,13369.3
688602.SH,20260421,23935,8.14,194831.0,8.15,0.00922009,0.190979,25959.6
688603.SH,20260421,3599,93.2801,335715.0,94.36,0.00758937,0.0517792,4742.16
688605.SH,20260421,3046,65.4701,199422.0,65.46,0.00281121,0.0983132,10835.2
688606.SH,20260421,900,57.24,51516.0,57.25,0.0011352,0.187163,7928.09
688607.SH,20260421,11736,68.84,807906.0,69.0,0.0133168,0.354695,8812.9
688608.SH,20260421,12192,171.16,2086783.0,172.17,0.0072273,0.274789,16869.4
688609.SH,20260421,27700,8.71,241267.0,8.81,0.00554,0.331338,50000.0
688610.SH,20260421,7940,113.48,901031.0,113.06,0.0193978,0.273062,4093.26
688611.SH,20260421,3200,65.66,210112.0,64.1,0.00208619,0.166258,15339.0
688612.SH,20260421,73673,31.6,2328067.0,30.89,0.0291713,1.41639,25255.3
688613.SH,20260421,8839,20.64,182437.0,20.68,0.00645142,0.318932,13700.9
688615.SH,20260421,32549,189.66,6173243.0,188.17,0.0336701,0.585244,9667.02
688616.SH,20260421,9300,13.65,126945.0,13.64,0.00518457,0.467672,17937.8
688617.SH,20260421,1371,255.12,349770.0,256.44,0.000972052,0.164559,14104.2
688618.SH,20260421,21217,41.18,873716.0,41.55,0.0192798,0.276171,11004.8
688619.SH,20260421,0,,0.0,15.91,0.0,0.0,18543.8
688620.SH,20260421,24230,11.82,286399.0,11.88,0.0104296,0.444626,23231.9
688621.SH,20260421,1397,63.02,88039.0,63.02,0.00124732,0.0538489,11200.0
688622.SH,20260421,8338,90.0,750420.0,90.96,0.0118327,0.399137,7046.55
688623.SH,20260421,4736,98.03,464270.0,97.72,0.0247405,0.559574,1914.27
688625.SH,20260421,5646,68.78,388332.0,68.84,0.00299807,0.124924,18832.1
688626.SH,20260421,16576,60.65,1005334.0,60.9,0.01036,0.886831,16000.0
688627.SH,20260421,10127,280.0,2835560.0,282.5,0.0139969,0.277422,7235.17
688628.SH,20260421,63264,81.0,5124384.0,81.15,0.0566032,1.24947,11176.8
688629.SH,20260421,247183,137.13,33896205.0,138.5,0.135977,0.950112,18178.3
688630.SH,20260421,29484,242.0,7135128.0,243.93,0.0223803,0.376062,13174.1
688631.SH,20260421,12682,59.1,749506.0,59.25,0.0195499,0.411551,6487.0
688633.SH,20260421,1038,27.7197,28773.0,27.6,0.000721987,0.063421,14377.0
688636.SH,20260421,35567,47.73,1697613.0,47.5,0.0212179,0.564341,16762.7
688638.SH,20260421,1963,43.7901,85960.0,43.66,0.00741846,0.170876,2646.1
688639.SH,20260421,3191,28.7299,91677.0,28.7,0.00127581,0.0927723,25011.6
688646.SH,20260421,4300,54.0,232200.0,53.77,0.00741571,0.291785,5798.5
688648.SH,20260421,800,52.87,42296.0,52.87,0.0011506,0.0570615,6952.89
688651.SH,20260421,4600,38.88,178848.0,39.11,0.0141737,0.32603,3245.44
688652.SH,20260421,12800,106.52,1363456.0,108.0,0.0106004,0.300587,12075.0
688653.SH,20260421,15148,13.42,203286.0,13.42,0.00478744,0.34878,31641.2
688655.SH,20260421,29375,35.87,1053681.0,35.79,0.0220219,0.159957,13339.0
688656.SH,20260421,800,135.77,108616.0,137.13,0.00126024,0.207481,6347.97
688657.SH,20260421,4400,50.51,222244.0,50.83,0.0107201,0.408967,4104.45
688658.SH,20260421,26224,19.59,513728.0,19.52,0.00582756,0.197644,45000.0
688659.SH,20260421,6194,9.90006,61321.0,9.96,0.00387125,0.25793,16000.0
688660.SH,20260421,215943,12.72,2746795.0,12.93,0.0161957,1.55343,133333.0
688661.SH,20260421,20989,85.44,1793300.0,86.2,0.0138188,0.380857,15188.8
688662.SH,20260421,36062,67.62,2438512.0,68.3,0.0408681,0.512379,8824.0
688663.SH,20260421,33870,67.0,2269290.0,68.32,0.0239407,0.663911,14147.5
688665.SH,20260421,2287,47.6699,109021.0,48.03,0.00226005,0.30938,10119.2
688667.SH,20260421,7857,144.26,1133451.0,145.71,0.0149102,0.263949,5269.55
688668.SH,20260421,129212,202.87,26213238.0,211.19,0.0927777,1.36302,13927.1
688669.SH,20260421,3797,27.1899,103240.0,27.38,0.0031294,0.0899649,12133.3
688670.SH,20260421,22722,17.76,403543.0,17.67,0.0184432,1.91436,12320.0
688671.SH,20260421,3370,21.5199,72522.0,21.62,0.00719361,0.340159,4684.71
688676.SH,20260421,139905,90.68,12686585.0,89.51,0.0304284,1.02226,45978.4
688677.SH,20260421,43471,87.22,3791541.0,86.73,0.036263,0.448887,11987.7
688678.SH,20260421,268891,31.26,8405533.0,31.34,0.0933866,1.00212,28793.3
688679.SH,20260421,2100,53.61,112581.0,53.88,0.00159466,0.0491926,13169.0
688680.SH,20260421,4063,50.5299,205303.0,50.29,0.00416415,0.17721,9757.1
688681.SH,20260421,3200,19.17,61344.0,19.11,0.00305723,0.139916,10467.0
688682.SH,20260421,3892,49.9499,194405.0,49.95,0.00382172,0.150281,10183.9
688683.SH,20260421,1500,40.09,60135.0,40.76,0.000966632,0.0768384,15517.8
688685.SH,20260421,27338,45.34,1239505.0,45.35,0.0186161,0.473475,14685.2
688686.SH,20260421,500,106.89,53445.0,107.92,0.000409047,0.0197766,12223.5
688687.SH,20260421,9092,21.11,191932.0,21.15,0.00531869,0.280495,17094.4
688689.SH,20260421,679,37.1797,25245.0,37.07,0.000526749,0.0245426,12890.4
688690.SH,20260421,23101,31.89,736691.0,31.68,0.00572069,0.11696,40381.5
688691.SH,20260421,3866,104.24,402992.0,105.25,0.00529843,0.0608013,7296.5
688692.SH,20260421,7181,254.0,1823974.0,256.05,0.00981861,0.446853,7313.67
688693.SH,20260421,34801,91.0,3166891.0,91.19,0.0894526,0.453644,3890.44
688695.SH,20260421,11200,24.14,270368.0,24.28,0.0209756,0.932655,5339.55
688696.SH,20260421,215,90.8279,19528.0,91.21,0.000307055,0.0228863,7002.0
688697.SH,20260421,27983,16.55,463119.0,16.41,0.00611873,0.371893,45733.3
688698.SH,20260421,5229,68.4701,358030.0,68.7,0.0024432,0.0861684,21402.3
688699.SH,20260421,2150,45.22,97223.0,45.22,0.0019534,0.101234,11006.5
688700.SH,20260421,37838,59.76,2261199.0,60.23,0.0126802,0.290858,29840.1
688701.SH,20260421,12933,9.18001,118725.0,9.22,0.00963156,0.561327,13427.7
688702.SH,20260421,13248,234.0,3100032.0,235.88,0.00652637,0.21939,20299.2
688707.SH,20260421,1693236,15.36,26008105.0,14.64,0.332829,11.9583,50874.0
688708.SH,20260421,6220,54.6801,340110.0,54.26,0.00437177,0.548022,14227.6
688709.SH,20260421,18570,44.36,823765.0,44.59,0.00837444,0.286904,22174.6
688710.SH,20260421,617,67.8201,41845.0,67.3,0.00068031,0.0418189,9069.4
688711.SH,20260421,18088,28.5,515508.0,28.53,0.00848832,0.433917,21309.3
688712.SH,20260421,1360,41.6397,56630.0,41.64,0.00366432,0.0345,3711.47
688716.SH,20260421,1387,33.4001,46326.0,33.68,0.00198349,0.0836147,6992.72
688717.SH,20260421,4000,108.48,433920.0,108.65,0.00403845,0.0533062,9904.78
688718.SH,20260421,2230,16.03,35747.0,15.93,0.00128342,0.100962,17375.4
688719.SH,20260421,17782,53.82,957027.0,54.48,0.0198189,0.331704,8972.23
688720.SH,20260421,32137,78.03,2507650.0,77.1,0.0569963,1.04421,5638.43
688721.SH,20260421,19366,43.44,841259.0,43.76,0.0362086,1.16487,5348.45
688722.SH,20260421,3600,18.03,64908.0,18.04,0.00160639,0.100039,22410.5
688726.SH,20260421,53405,66.39,3545558.0,66.06,0.0242833,0.209044,21992.4
688727.SH,20260421,14800,50.47,746956.0,50.16,0.0294567,0.550199,5024.32
688728.SH,20260421,76782,13.42,1030414.0,13.51,0.00307265,0.649112,249889.0
688729.SH,20260421,11041,23.21,256262.0,23.19,0.00513533,0.179735,21500.1
688733.SH,20260421,18444,29.4,542254.0,29.12,0.00923238,0.268531,19977.5
688737.SH,20260421,13977,29.06,406172.0,28.98,0.0116899,0.565774,11956.5
688739.SH,20260421,59375,24.14,1433313.0,24.37,0.0142574,3.66116,41645.0
688750.SH,20260421,1754,18.9498,33238.0,19.04,0.000753054,0.0501945,23291.8
688755.SH,20260421,275,38.1491,10491.0,38.55,0.0015625,0.117155,1760.0
688757.SH,20260421,5284,26.93,142298.0,27.05,0.00291579,0.107813,18122.0
688758.SH,20260421,20496,21.55,441689.0,21.47,0.00687362,0.37902,29818.4
688759.SH,20260421,15881,38.25,607448.0,38.26,0.0341806,0.51872,4646.2
688765.SH,20260421,896,65.1105,58339.0,65.53,0.0021865,0.0763114,4097.88
688766.SH,20260421,5102,270.0,1377540.0,271.4,0.00344615,0.0955769,14804.9
688767.SH,20260421,5600,34.7,194320.0,34.77,0.00375,0.31975,14933.3
688768.SH,20260421,1200,47.8,57360.0,47.61,0.00137514,0.0978393,8726.35
688772.SH,20260421,58573,16.5,966455.0,16.46,0.00517344,0.200968,113219.0
688775.SH,20260421,2509,198.0,496782.0,198.0,0.00764939,0.285431,3280.0
688776.SH,20260421,1604,85.8398,137687.0,86.15,0.00147993,0.0844005,10838.3
688777.SH,20260421,186100,70.28,13079108.0,71.4,0.0236408,1.00516,78719.9
688778.SH,20260421,11126,81.35,905100.0,81.35,0.00220452,0.11769,50469.1
688779.SH,20260421,12452,10.98,136723.0,10.92,0.000645442,0.0401804,192922.0
688781.SH,20260421,15835,39.33,622791.0,39.6,0.0387779,0.247448,4083.51
688783.SH,20260421,145009,22.9,3320706.0,23.37,0.0880884,2.4083,16461.8
688785.SH,20260421,1000,296.98,296980.0,296.5,0.0078569,0.131839,1272.77
688786.SH,20260421,2492,33.39,83208.0,33.34,0.00173296,0.0863549,14380.0
688787.SH,20260421,2652,137.99,365949.0,138.55,0.00439617,0.117265,6032.52
688788.SH,20260421,239,58.0,13862.0,58.34,0.000152351,0.0137473,15687.4
688789.SH,20260421,6110,70.0399,427944.0,70.02,0.00338962,0.358794,18025.6
688790.SH,20260421,400,143.69,57476.0,143.82,0.00331739,0.0370864,1205.77
688793.SH,20260421,2500,21.2,53000.0,21.3,0.00290882,0.172868,8594.54
688795.SH,20260421,8188,640.91,5247771.0,646.2,0.027867,0.219982,2938.24
688796.SH,20260421,0,,0.0,97.9,0.0,0.0,3588.76
688798.SH,20260421,2850,68.1502,194228.0,68.11,0.00209955,0.10446,13574.3
688799.SH,20260421,24832,55.25,1371968.0,55.5,0.0189095,0.404894,13132.0
688800.SH,20260421,36622,96.64,3539150.0,96.71,0.0178058,0.340245,20567.4
688802.SH,20260421,14309,695.0,9944755.0,707.41,0.0788854,0.42411,1813.9
688805.SH,20260421,16989,53.68,911970.0,54.11,0.0539011,0.257928,3151.89
688807.SH,20260421,14287,340.0,4857580.0,348.0,0.0950208,0.504061,1503.57
688809.SH,20260421,9021,401.51,3622022.0,403.18,0.0370427,0.305894,2435.3
688811.SH,20260421,1223065,24.4,29842786.0,23.82,1.3276,2.7312,9212.61
688813.SH,20260421,127917,74.15,9485046.0,77.6,0.425299,1.12323,3007.7
688816.SH,20260421,3507,67.3399,236161.0,67.19,0.0181858,0.216077,1928.42
688818.SH,20260421,181970,72.0,13101840.0,73.03,0.137839,0.633877,13201.6
688819.SH,20260421,8600,35.8,307880.0,35.86,0.000884683,0.180246,97210.0
688981.SH,20260421,159869,107.33,17158740.0,107.96,0.0079952,0.317084,199956.0
689009.SH,20260421,20887,45.92,959131.0,45.67,0.0375897,0.195627,5556.58
000001.SZ,20260421,140000,11.04,1545600.0,11.06,0.000721441,0.230751,1940560.0
000002.SZ,20260421,155400,3.92,609168.0,3.93,0.00159927,0.141963,971694.0
000004.SZ,20260421,70000,3.39,237300.0,3.57,0.055429,1.21677,12628.8
000006.SZ,20260421,314800,9.73,3063004.0,9.73,0.0233188,0.911226,134998.0
000007.SZ,20260421,3300,13.83,45639.0,13.83,0.000952524,0.0516906,34644.8
000008.SZ,20260421,336500,2.71,911915.0,2.72,0.0123882,0.520136,271630.0
000009.SZ,20260421,270200,8.93,2412886.0,8.93,0.010489,1.29254,257602.0
000010.SZ,20260421,808900,3.9,3154710.0,3.9,0.093176,1.50427,86814.2
000011.SZ,20260421,9200,8.43,77556.0,8.43,0.00174747,0.177919,52647.6
000012.SZ,20260421,39700,4.54,180238.0,4.53,0.00202622,0.269607,195932.0
000014.SZ,20260421,11300,13.5,152550.0,13.57,0.00466853,0.161612,24204.6
000016.SZ,20260421,326400,3.28,1070592.0,3.26,0.0204435,0.673705,159659.0
000017.SZ,20260421,48400,6.7,324280.0,6.73,0.0109795,0.790106,44082.2
000019.SZ,20260421,317100,8.0,2536800.0,8.03,0.0761863,1.22355,41621.6
000020.SZ,20260421,63500,15.96,1013460.0,16.06,0.0350508,1.02444,18116.5
000021.SZ,20260421,282500,28.88,8158600.0,29.1,0.0179773,0.401693,157143.0
000025.SZ,20260421,2900,16.23,47067.0,16.23,0.00073833,0.102999,39277.8
000026.SZ,20260421,269300,17.7,4766610.0,17.8,0.0738697,0.991539,36456.1
000027.SZ,20260421,85600,6.75,577800.0,6.76,0.00179931,0.318488,475739.0
000028.SZ,20260421,7000,25.93,181510.0,25.93,0.00146427,0.122906,47805.3
000029.SZ,20260421,11000,20.05,220550.0,19.96,0.00123365,0.28728,89166.0
000030.SZ,20260421,306200,5.68,1739216.0,5.67,0.0183254,0.8545,167091.0
000031.SZ,20260421,50200,2.92,146584.0,2.92,0.00117117,0.17672,428630.0
000032.SZ,20260421,28700,18.59,533533.0,18.76,0.00252206,0.116568,113796.0
000034.SZ,20260421,225700,37.28,8414096.0,37.53,0.0372246,1.03638,60632.0
000035.SZ,20260421,211600,7.16,1515056.0,7.15,0.00914819,0.315094,231303.0
000036.SZ,20260421,146500,5.11,748615.0,5.1,0.0104557,0.312179,140115.0
000037.SZ,20260421,1040200,10.92,11358984.0,10.92,0.306927,2.93272,33890.8
000039.SZ,20260421,92000,11.43,1051560.0,11.45,0.00399755,0.185529,230141.0
000042.SZ,20260421,17800,8.91,158598.0,8.88,0.00268031,0.436449,66410.2
000045.SZ,20260421,15300,11.85,181305.0,11.89,0.00334776,0.185482,45702.2
000048.SZ,20260421,148000,15.06,2228880.0,15.02,0.0281177,0.934404,52636.0
000049.SZ,20260421,18200,27.63,502866.0,27.64,0.00473299,0.182913,38453.5
000050.SZ,20260421,104000,8.38,871520.0,8.42,0.00423157,0.551055,245772.0
000055.SZ,20260421,52600,3.41,179366.0,3.43,0.00778274,0.536774,67585.4
000056.SZ,20260421,3228300,1.96,6327468.0,1.88,0.357221,5.54894,90372.7
000058.SZ,20260421,29000,8.01,232290.0,8.01,0.00294494,0.575761,98473.9
000059.SZ,20260421,21100,5.28,111408.0,5.29,0.00131921,0.0949083,159944.0
000060.SZ,20260421,693900,6.85,4753215.0,6.87,0.0156245,0.649812,444112.0
000061.SZ,20260421,144300,7.42,1070706.0,7.41,0.00804208,1.02244,179431.0
000062.SZ,20260421,880010,30.35,26708303.5,31.17,0.0842195,1.4201,104490.0
000063.SZ,20260421,421900,35.61,15023859.0,35.83,0.0104752,0.539137,402762.0
000065.SZ,20260421,165200,14.01,2314452.0,14.11,0.0169442,0.288153,97496.2
000066.SZ,20260421,521200,15.69,8177628.0,15.85,0.0161583,0.572706,322559.0
000068.SZ,20260421,48200,3.25,156650.0,3.25,0.00478806,0.557238,100667.0
000069.SZ,20260421,42000,2.22,93240.0,2.22,0.000608819,0.0892635,689860.0
000070.SZ,20260421,1669500,20.43,34107885.0,21.03,0.187863,1.01282,88867.9
000078.SZ,20260421,1316600,3.82,5029412.0,3.9,0.0501287,0.464743,262644.0
000088.SZ,20260421,182500,4.53,826725.0,4.52,0.00577003,0.917158,316289.0
000089.SZ,20260421,4400,6.85,30140.0,6.85,0.000214556,0.0913387,205074.0
000090.SZ,20260421,12200,3.64,44408.0,3.63,0.000652944,0.0754996,186846.0
000096.SZ,20260421,24000,9.68,232320.0,9.68,0.00469807,0.354192,51084.8
000099.SZ,20260421,37900,18.35,695465.0,18.35,0.00488547,0.253358,77577.0
000100.SZ,20260421,941500,4.36,4104940.0,4.37,0.00492108,0.305619,1913200.0
000151.SZ,20260421,53000,11.21,594130.0,11.23,0.0172114,0.612553,30793.5
000153.SZ,20260421,60800,6.5,395200.0,6.54,0.01325,0.198797,45886.9
000155.SZ,20260421,785900,17.22,13533198.0,16.84,0.0425692,0.8453,184617.0
000156.SZ,20260421,111300,7.58,843654.0,7.61,0.00654754,1.13241,169988.0
000157.SZ,20260421,167500,8.14,1363450.0,8.14,0.00236928,0.142508,706967.0
000158.SZ,20260421,91100,17.88,1628868.0,17.93,0.0057371,0.333948,158791.0
000159.SZ,20260421,19200,6.23,119616.0,6.25,0.00399444,0.162654,48066.8
000166.SZ,20260421,337100,4.73,1594483.0,4.74,0.00149586,0.578319,2253550.0
000301.SZ,20260421,193600,12.5,2420000.0,12.37,0.00292973,0.713034,660813.0
000333.SZ,20260421,85500,79.75,6818625.0,79.58,0.00124753,0.327245,685354.0
000338.SZ,20260421,390700,26.35,10294945.0,26.36,0.00780855,0.331623,500349.0
000400.SZ,20260421,206900,26.41,5464229.0,26.41,0.0204507,0.479064,101170.0
000401.SZ,20260421,28500,4.72,134520.0,4.72,0.00108309,0.20415,263135.0
000402.SZ,20260421,628500,2.77,1740945.0,2.78,0.0210294,0.496541,298867.0
000403.SZ,20260421,6000,12.89,77340.0,12.88,0.000637816,0.0821902,94071.0
000404.SZ,20260421,2942800,7.8,22953840.0,7.79,0.424744,25.5238,69284.0
000407.SZ,20260421,84400,4.7,396680.0,4.71,0.00963718,0.50339,87577.5
000408.SZ,20260421,61900,86.97,5383443.0,86.54,0.00394215,0.383735,157021.0
000409.SZ,20260421,23400,10.88,254592.0,10.86,0.00396285,0.259923,59048.3
000410.SZ,20260421,56300,6.74,379462.0,6.76,0.00334936,0.419483,168092.0
000411.SZ,20260421,16600,10.91,181106.0,10.91,0.00294464,0.290528,56373.6
000415.SZ,20260421,104900,4.6,482540.0,4.6,0.00194513,0.166904,539296.0
000417.SZ,20260421,90500,6.45,583725.0,6.45,0.011617,0.699157,77902.7
000419.SZ,20260421,166900,5.71,952999.0,5.71,0.0307037,1.59031,54358.3
000420.SZ,20260421,1057800,5.37,5680386.0,5.4,0.0430344,0.778931,245803.0
000421.SZ,20260421,9500,6.03,57285.0,6.03,0.0016542,0.101909,57429.6
000422.SZ,20260421,94700,15.84,1500048.0,15.83,0.00895206,0.266911,105786.0
000423.SZ,20260421,22400,53.91,1207584.0,53.97,0.00348448,0.286563,64285.0
000425.SZ,20260421,1307800,9.97,13038766.0,9.93,0.0145162,0.895903,900922.0
000426.SZ,20260421,207300,45.15,9359595.0,45.48,0.0116775,0.358538,177521.0
000428.SZ,20260421,160000,3.81,609600.0,3.83,0.0157028,0.763459,101893.0
000429.SZ,20260421,11900,12.68,150892.0,12.64,0.000913046,0.251038,130333.0
000430.SZ,20260421,128900,7.92,1020888.0,7.91,0.0347855,0.951294,37055.6
000488.SZ,20260421,149800,2.57,384986.0,2.58,0.00884183,0.880974,169422.0
000498.SZ,20260421,160400,5.85,938340.0,5.84,0.0110671,0.7977,144935.0
000501.SZ,20260421,3000,8.46,25380.0,8.46,0.000390513,0.0608744,76822.1
000503.SZ,20260421,55800,7.57,422406.0,7.59,0.00569832,0.524746,97923.5
000504.SZ,20260421,23800,9.61,228718.0,9.63,0.00723135,0.925481,32912.2
000505.SZ,20260421,11600,6.63,76908.0,6.65,0.00183434,0.118194,63238.0
000506.SZ,20260421,61800,17.38,1074084.0,17.4,0.00665441,0.172645,92870.7
000507.SZ,20260421,26300,5.26,138338.0,5.27,0.0029146,0.210925,90235.4
000509.SZ,20260421,54100,3.65,197465.0,3.65,0.00504135,0.19533,107312.0
000510.SZ,20260421,111500,15.03,1675845.0,15.1,0.0183792,0.232326,60666.5
000513.SZ,20260421,9000,33.62,302580.0,33.62,0.00158412,0.171535,56814.0
000514.SZ,20260421,13000,4.85,63050.0,4.87,0.0015407,0.104087,84377.1
000516.SZ,20260421,60200,4.62,278124.0,4.64,0.00273034,0.199291,220486.0
000517.SZ,20260421,9600,1.9,18240.0,1.9,0.000385235,0.0321503,249199.0
000518.SZ,20260421,86500,2.95,255175.0,2.98,0.00840185,0.359766,102954.0
000519.SZ,20260421,145300,18.1,2629930.0,18.18,0.010434,0.607707,139256.0
000520.SZ,20260421,61300,4.01,245813.0,4.03,0.00605681,0.294263,101208.0
000521.SZ,20260421,55100,5.77,317927.0,5.78,0.0062934,0.723751,87552.1
000523.SZ,20260421,69600,3.25,226200.0,3.24,0.0052522,0.3469,132516.0
000524.SZ,20260421,61100,10.46,639106.0,10.51,0.00911985,0.461707,66996.7
000525.SZ,20260421,47900,5.73,274467.0,5.74,0.00430848,0.190104,111176.0
000526.SZ,20260421,1500,31.31,46965.0,31.3,0.00125566,0.0881156,11945.9
000528.SZ,20260421,78600,9.6,754560.0,9.59,0.00386444,0.342675,203393.0
000529.SZ,20260421,34600,5.65,195490.0,5.65,0.00607141,0.554995,56988.4
000530.SZ,20260421,242600,6.17,1496842.0,6.17,0.0404305,1.32908,60004.1
000531.SZ,20260421,121500,6.79,824985.0,6.78,0.0133554,0.657842,90974.5
000532.SZ,20260421,9000,13.78,124020.0,13.8,0.00261971,0.160979,34355.0
000533.SZ,20260421,1097100,15.98,17531658.0,15.98,0.160183,0.837399,68490.2
000534.SZ,20260421,233000,44.34,10331220.0,44.52,0.0466028,0.775864,49997.0
000536.SZ,20260421,140300,4.25,596275.0,4.26,0.00507766,0.464204,276308.0
000537.SZ,20260421,458800,10.23,4693524.0,10.23,0.0223182,1.24604,205572.0
000538.SZ,20260421,29200,55.0,1606000.0,55.0,0.00164699,0.464565,177293.0
000539.SZ,20260421,562000,5.82,3270840.0,5.81,0.0219928,0.699797,255539.0
000541.SZ,20260421,15900,5.68,90312.0,5.7,0.00129216,0.284567,123049.0
000543.SZ,20260421,201700,8.14,1641838.0,8.12,0.00889776,0.739024,226686.0
000544.SZ,20260421,5400,8.23,44442.0,8.26,0.000554025,0.14084,97468.4
000545.SZ,20260421,49300,3.05,150365.0,3.08,0.00500303,0.111385,98540.3
000546.SZ,20260421,2456800,6.62,16264016.0,6.78,0.352631,4.05874,69670.5
000547.SZ,20260421,2490600,28.7,71480220.0,28.75,0.156728,1.07981,158912.0
000548.SZ,20260421,8500,5.23,44455.0,5.23,0.00170267,0.110385,49921.6
000550.SZ,20260421,18100,19.29,349149.0,19.26,0.00349109,0.294579,51846.3
000551.SZ,20260421,44500,14.42,641690.0,14.45,0.00918383,0.409468,48454.7
000552.SZ,20260421,1041800,2.54,2646172.0,2.54,0.0279617,0.504969,372581.0
000553.SZ,20260421,17700,6.18,109386.0,6.19,0.000813019,0.209311,217707.0
000554.SZ,20260421,109000,7.96,867640.0,7.97,0.0300563,0.428799,36265.3
000555.SZ,20260421,347100,15.66,5435586.0,15.72,0.0356135,0.599089,97463.2
000557.SZ,20260421,23300,4.71,109743.0,4.71,0.00159817,0.328722,145792.0
000558.SZ,20260421,137500,4.55,625625.0,4.55,0.0106698,0.402155,128868.0
000559.SZ,20260421,344100,16.44,5657004.0,16.6,0.0103821,0.361278,331435.0
000560.SZ,20260421,1372700,2.93,4022011.0,2.94,0.0608483,1.17368,225594.0
000561.SZ,20260421,57400,10.07,578018.0,10.1,0.00739455,0.410407,77624.7
000563.SZ,20260421,182400,3.35,611040.0,3.36,0.0035667,0.548727,511397.0
000564.SZ,20260421,4473000,1.91,8543430.0,1.91,0.0296326,2.43251,1509490.0
000565.SZ,20260421,21700,7.35,159495.0,7.35,0.0050047,0.332826,43359.2
000566.SZ,20260421,111000,5.5,610500.0,5.54,0.00855996,0.333366,129674.0
000567.SZ,20260421,38300,5.4,206820.0,5.39,0.0019642,0.305503,194990.0
000568.SZ,20260421,18200,100.5,1829100.0,100.65,0.00123704,0.240504,147126.0
000570.SZ,20260421,353800,6.69,2366922.0,6.7,0.0636683,0.521845,55569.2
000571.SZ,20260421,545900,6.01,3280859.0,6.04,0.0670645,1.85046,81399.2
000572.SZ,20260421,171800,5.84,1003312.0,5.83,0.0104612,0.479309,164225.0
000573.SZ,20260421,123200,4.76,586432.0,4.8,0.019464,0.331348,63296.5
000576.SZ,20260421,79500,9.75,775125.0,9.8,0.0183258,0.861262,43381.5
000581.SZ,20260421,78100,18.86,1472966.0,18.9,0.00983745,0.342663,79390.5
000582.SZ,20260421,131700,10.98,1446066.0,11.0,0.00610613,0.478383,215685.0
000586.SZ,20260421,1506600,21.04,31698864.0,21.34,0.788012,2.77046,19119.0
000589.SZ,20260421,29000,4.56,132240.0,4.56,0.00187724,0.170781,154482.0
000590.SZ,20260421,10200,11.13,113526.0,11.1,0.00426139,0.223874,23935.9
000591.SZ,20260421,321300,5.41,1738233.0,5.39,0.00818703,0.48204,392450.0
000592.SZ,20260421,1895132,11.21,21244429.72,11.4,0.0989577,0.811963,191509.0
000593.SZ,20260421,114300,18.41,2104263.0,18.34,0.0318843,0.434368,35848.3
000595.SZ,20260421,21400,6.8,145520.0,6.76,0.00187941,0.103533,113866.0
000596.SZ,20260421,7300,105.52,770296.0,106.0,0.00178659,0.29961,40860.0
000597.SZ,20260421,24200,5.26,127292.0,5.24,0.00171732,0.104219,140917.0
000598.SZ,20260421,28800,6.68,192384.0,6.67,0.000966693,0.154571,297923.0
000599.SZ,20260421,33800,5.36,181168.0,5.36,0.00413838,0.272263,81674.5
000600.SZ,20260421,37900,9.27,351333.0,9.29,0.0034769,0.182716,109005.0
000601.SZ,20260421,440800,6.86,3023888.0,6.84,0.0419999,0.552716,104953.0
000603.SZ,20260421,88400,41.0,3624400.0,41.19,0.013259,0.459277,66671.6
000605.SZ,20260421,17000,6.77,115090.0,6.75,0.00482053,0.341407,35265.9
000607.SZ,20260421,74000,4.07,301180.0,4.07,0.00836127,0.631427,88503.3
000608.SZ,20260421,41500,4.0,166000.0,4.03,0.00556727,0.217687,74542.8
000609.SZ,20260421,50000,10.76,538000.0,10.25,0.0171787,0.644279,29105.8
000610.SZ,20260421,287700,8.62,2479974.0,8.79,0.122163,1.0573,23550.4
000612.SZ,20260421,260400,13.5,3515400.0,13.48,0.021842,0.382039,119220.0
000615.SZ,20260421,23480,3.44,80771.2,3.46,0.00253751,0.257512,92531.6
000617.SZ,20260421,689400,9.45,6514830.0,9.51,0.00545322,0.333693,1264210.0
000619.SZ,20260421,19100,5.89,112499.0,5.86,0.00530556,0.250433,36000.0
000620.SZ,20260421,268399,2.84,762253.16,2.84,0.00574515,0.118162,467175.0
000623.SZ,20260421,43300,17.92,775936.0,17.94,0.0036357,0.481288,119097.0
000625.SZ,20260421,192800,10.02,1931856.0,10.04,0.00233213,0.287106,826711.0
000626.SZ,20260421,420902,8.73,3674474.46,8.72,0.0835593,1.99185,50371.7
000628.SZ,20260421,160800,60.23,9684984.0,60.0,0.0836461,1.0498,19223.9
000629.SZ,20260421,197900,3.51,694629.0,3.51,0.00213017,0.186792,929033.0
000630.SZ,20260421,1367500,6.47,8847725.0,6.52,0.0122723,0.474692,1114300.0
000631.SZ,20260421,45100,3.26,147026.0,3.26,0.00196087,0.205069,230000.0
000632.SZ,20260421,45000,4.49,202050.0,4.51,0.00966741,0.206135,46548.2
000633.SZ,20260421,134300,6.77,909211.0,6.8,0.0348737,1.61219,38510.4
000635.SZ,20260421,142500,8.1,1154250.0,8.25,0.0388474,2.6153,36682.0
000636.SZ,20260421,1124700,21.66,24361002.0,22.17,0.0972072,1.61246,115701.0
000637.SZ,20260421,47500,4.4,209000.0,4.38,0.0130285,0.618025,36458.5
000639.SZ,20260421,928800,2.16,2006208.0,2.15,0.0860457,1.44815,107943.0
000650.SZ,20260421,14300,5.77,82511.0,5.77,0.00107407,0.0977469,133139.0
000651.SZ,20260421,72500,36.98,2681050.0,36.94,0.00131456,0.278188,551516.0
000652.SZ,20260421,99400,4.24,421456.0,4.24,0.00674144,0.623935,147446.0
000655.SZ,20260421,4500,8.65,38925.0,8.62,0.00075587,0.030896,59534.0
000656.SZ,20260421,125300,1.48,185444.0,1.47,0.00164649,0.104023,761015.0
000657.SZ,20260421,1535200,58.0,89041600.0,58.54,0.105663,1.14749,145293.0
000659.SZ,20260421,197600,4.14,818064.0,4.13,0.015369,0.510043,128570.0
000661.SZ,20260421,14200,86.88,1233696.0,86.99,0.00355342,0.329755,39961.5
000663.SZ,20260421,2100,6.42,13482.0,6.43,0.0006856,0.0274518,30630.1
000665.SZ,20260421,49700,4.74,235578.0,4.76,0.00437069,0.366325,113712.0
000668.SZ,20260421,7000,14.16,99120.0,14.35,0.00476703,0.265779,14684.2
000669.SZ,20260421,256600,4.22,1082852.0,4.24,0.0377126,0.928068,68040.9
000670.SZ,20260421,191600,7.97,1527052.0,8.05,0.0233129,0.347353,82186.3
000672.SZ,20260421,119500,13.75,1643125.0,13.66,0.0123273,1.4045,96939.5
000676.SZ,20260421,60400,7.76,468704.0,7.77,0.00479735,0.370321,125903.0
000677.SZ,20260421,253900,4.57,1160323.0,4.54,0.0293873,0.621442,86397.8
000678.SZ,20260421,57000,12.4,706800.0,12.43,0.0124018,0.313273,45961.2
000679.SZ,20260421,5000,6.81,34050.0,6.8,0.00140292,0.0831158,35640.0
000680.SZ,20260421,63500,11.43,725805.0,11.46,0.00483008,0.279319,131468.0
000681.SZ,20260421,71300,21.3,1518690.0,21.47,0.0105452,0.289753,67613.5
000682.SZ,20260421,200500,13.3,2666650.0,13.24,0.0149565,0.522249,134056.0
000683.SZ,20260421,1279080,8.56,10948924.8,8.32,0.0381928,2.85008,334901.0
000685.SZ,20260421,27800,11.19,311082.0,11.18,0.00221697,0.288863,125396.0
000686.SZ,20260421,143600,8.3,1191880.0,8.31,0.00613556,1.07476,234045.0
000688.SZ,20260421,139200,45.29,6304368.0,44.8,0.0117462,0.555284,118506.0
000690.SZ,20260421,2944672,4.89,14399446.08,4.79,0.13542,4.86288,217447.0
000691.SZ,20260421,33200,7.96,264272.0,8.02,0.0102701,0.629333,32327.0
000692.SZ,20260421,57600,4.31,248256.0,4.34,0.0108101,0.460181,53283.3
000695.SZ,20260421,87100,15.17,1321307.0,15.27,0.0392676,0.482329,22181.1
000697.SZ,20260421,24200,10.28,248776.0,10.28,0.00370536,0.3627,65310.7
000698.SZ,20260421,10600,3.84,40704.0,3.85,0.00134909,0.203281,78571.4
000700.SZ,20260421,52800,11.4,601920.0,11.43,0.00575154,0.13832,91801.5
000701.SZ,20260421,26100,5.84,152424.0,5.86,0.00390867,0.285458,66774.7
000702.SZ,20260421,506400,6.94,3514416.0,6.96,0.189923,2.47976,26663.5
000703.SZ,20260421,378488,15.27,5779511.76,15.3,0.0099552,0.445111,380191.0
000705.SZ,20260421,112900,8.75,987875.0,8.73,0.040041,1.58055,28196.1
000707.SZ,20260421,15800,5.84,92272.0,5.83,0.00286906,0.166824,55070.4
000708.SZ,20260421,22300,16.86,375978.0,16.85,0.000441835,0.238597,504714.0
000709.SZ,20260421,904200,2.29,2070618.0,2.29,0.00874856,1.1262,1033540.0
000710.SZ,20260421,5700,10.22,58254.0,10.23,0.00172974,0.0936667,32953.0
000711.SZ,20260421,11550400,3.71,42851984.0,3.9,0.484969,9.27077,238168.0
000712.SZ,20260421,41700,10.57,440769.0,10.55,0.0046554,0.404912,89573.4
000713.SZ,20260421,26700,6.5,173550.0,6.51,0.00434843,0.311385,61401.5
000715.SZ,20260421,18200,5.69,103558.0,5.7,0.00374461,0.287647,48603.1
000716.SZ,20260421,13500,5.16,69660.0,5.15,0.00182733,0.151545,73878.4
000717.SZ,20260421,78600,2.43,190998.0,2.43,0.00324316,0.50605,242356.0
000718.SZ,20260421,226500,2.12,480180.0,2.12,0.0099251,0.654881,228209.0
000719.SZ,20260421,39500,14.09,556555.0,14.1,0.00592073,0.325289,66714.8
000720.SZ,20260421,1868400,4.86,9080424.0,4.96,0.148695,1.19854,125653.0
000721.SZ,20260421,29800,8.05,239890.0,8.06,0.00581622,0.175469,51236.0
000722.SZ,20260421,107400,13.65,1466010.0,13.7,0.0231387,0.43922,46415.8
000723.SZ,20260421,242400,4.51,1093224.0,4.5,0.00551535,0.377491,439501.0
000725.SZ,20260421,7091800,4.19,29714642.0,4.19,0.0195142,1.22554,3634170.0
000726.SZ,20260421,62900,6.68,420172.0,6.69,0.010673,0.552334,58933.6
000727.SZ,20260421,503200,2.75,1383800.0,2.77,0.0111092,0.482338,452957.0
000728.SZ,20260421,2309200,7.55,17434460.0,7.87,0.0529175,14.4391,436378.0
000729.SZ,20260421,77200,12.83,990476.0,12.81,0.00307618,0.152359,250961.0
000731.SZ,20260421,27100,7.06,191326.0,7.09,0.00493781,0.163393,54882.6
000733.SZ,20260421,94255,47.77,4502561.35,47.54,0.0170106,1.16478,55409.5
000735.SZ,20260421,350000,7.15,2502500.0,7.15,0.030411,1.29014,115090.0
000736.SZ,20260421,7800,5.25,40950.0,5.27,0.00104404,0.0855341,74709.8
000737.SZ,20260421,180600,14.14,2553684.0,14.17,0.00948261,0.477301,190454.0
000738.SZ,20260421,163000,21.98,3582740.0,21.97,0.0123937,0.570084,131518.0
000739.SZ,20260421,51000,17.37,885870.0,17.18,0.00440411,0.659643,115801.0
000750.SZ,20260421,274700,3.87,1063089.0,3.87,0.00473931,0.891603,579620.0
000751.SZ,20260421,1281560,5.9,7561204.0,5.89,0.0908992,1.40585,140987.0
000752.SZ,20260421,529901,10.43,5526867.43,9.93,0.200904,8.27968,26375.8
000753.SZ,20260421,35200,6.64,233728.0,6.67,0.00355024,0.161063,99148.1
000755.SZ,20260421,9300,5.13,47709.0,5.12,0.000633813,0.235229,146731.0
000756.SZ,20260421,15500,14.52,225060.0,14.55,0.00310684,0.290064,49889.9
000757.SZ,20260421,91200,4.73,431376.0,4.73,0.0171198,0.945758,53271.6
000758.SZ,20260421,176700,7.05,1245735.0,7.07,0.00894155,0.460697,197617.0
000759.SZ,20260421,38500,5.58,214830.0,5.6,0.00587153,0.234685,65570.6
000761.SZ,20260421,42500,3.01,127925.0,3.01,0.0011461,0.318495,370824.0
000762.SZ,20260421,573500,36.39,20869665.0,36.0,0.110119,0.99598,52080.1
000766.SZ,20260421,28200,23.73,669186.0,23.77,0.00291923,0.138462,96600.8
000767.SZ,20260421,575900,3.92,2257528.0,3.92,0.0197751,0.392704,291225.0
000768.SZ,20260421,85400,24.75,2113650.0,24.79,0.00307567,0.356556,277663.0
000776.SZ,20260421,94600,20.03,1894838.0,20.13,0.00160229,0.138046,590405.0
000777.SZ,20260421,28500,23.2,661200.0,23.2,0.00743328,0.323667,38341.1
000778.SZ,20260421,2589500,4.86,12584970.0,4.75,0.0665079,4.14457,389352.0
000779.SZ,20260421,5500,8.78,48290.0,8.78,0.00118337,0.081078,46477.5
000782.SZ,20260421,97100,6.07,589397.0,6.07,0.0183853,0.328731,52814.0
000783.SZ,20260421,206200,7.24,1492888.0,7.25,0.0037287,0.558059,553007.0
000785.SZ,20260421,443200,2.63,1165616.0,2.62,0.00751493,0.476933,589759.0
000786.SZ,20260421,28200,25.55,720510.0,25.68,0.00166913,0.185466,168951.0
000788.SZ,20260421,247000,6.52,1610440.0,6.6,0.0414438,0.289195,59598.7
000789.SZ,20260421,30100,5.08,152908.0,5.08,0.00377473,0.586943,79740.8
000790.SZ,20260421,36800,4.04,148672.0,4.04,0.00591056,0.132166,62261.5
000791.SZ,20260421,682900,8.29,5661241.0,8.22,0.0352807,0.765131,193562.0
000792.SZ,20260421,285900,37.6,10749840.0,37.51,0.00540298,0.276398,529153.0
000793.SZ,20260421,354800,2.8,993440.0,2.78,0.0180927,0.441752,196101.0
000795.SZ,20260421,112700,9.4,1059380.0,9.43,0.00994106,0.675561,113368.0
000796.SZ,20260421,374100,5.38,2012658.0,5.43,0.0281116,0.746356,133077.0
000797.SZ,20260421,29000,2.77,80330.0,2.78,0.00184646,0.118379,157057.0
000798.SZ,20260421,418800,10.67,4468596.0,10.44,0.114477,5.32812,36583.6
000799.SZ,20260421,14400,43.32,623808.0,43.52,0.00443213,0.268204,32490.0
000800.SZ,20260421,82900,7.02,581958.0,7.02,0.00168467,0.436667,492084.0
000801.SZ,20260421,55100,14.47,797297.0,14.47,0.0054234,0.428058,101597.0
000802.SZ,20260421,1520000,4.35,6612000.0,4.05,0.212426,13.9007,71554.4
000803.SZ,20260421,211500,8.67,1833705.0,8.71,0.0459995,1.07669,45978.8
000807.SZ,20260421,141700,35.0,4959500.0,35.14,0.00408602,0.269048,346792.0
000809.SZ,20260421,3800,3.57,13566.0,3.58,0.000460723,0.0256441,82479.1
000810.SZ,20260421,964800,12.75,12301200.0,12.16,0.0868715,6.67023,111061.0
000811.SZ,20260421,247900,19.19,4757201.0,19.54,0.0253374,0.904902,97839.6
000812.SZ,20260421,73200,3.95,289140.0,3.95,0.00968652,0.6904,75569.0
000813.SZ,20260421,38100,3.33,126873.0,3.34,0.00181709,0.122878,209676.0
000815.SZ,20260421,847800,21.5,18227700.0,21.95,0.121939,0.623281,69526.3
000816.SZ,20260421,103700,3.27,339099.0,3.26,0.00720384,0.381182,143951.0
000818.SZ,20260421,180900,14.98,2709882.0,14.98,0.0274836,0.451198,65821.1
000819.SZ,20260421,27000,15.52,419040.0,15.53,0.00738649,0.36667,36553.2
000820.SZ,20260421,177700,3.61,641497.0,3.61,0.0598383,2.95737,29696.7
000821.SZ,20260421,68500,11.53,789805.0,11.54,0.0113289,0.496708,60465.1
000822.SZ,20260421,410200,6.17,2530934.0,6.19,0.0458277,0.952254,89509.2
000823.SZ,20260421,235200,16.0,3763200.0,16.04,0.0438006,0.839462,53697.9
000825.SZ,20260421,246800,4.59,1132812.0,4.6,0.00433268,0.649749,569625.0
000826.SZ,20260421,455200,2.02,919504.0,2.02,0.03194,0.872805,142517.0
000828.SZ,20260421,8000,9.98,79840.0,9.98,0.000769588,0.180217,103952.0
000829.SZ,20260421,755100,10.97,8283447.0,11.01,0.0737309,2.01728,102413.0
000830.SZ,20260421,59300,15.76,934568.0,15.72,0.00311422,0.199165,190417.0
000831.SZ,20260421,158400,54.0,8553600.0,54.35,0.0149262,0.539156,106122.0
000833.SZ,20260421,524800,26.45,13880960.0,26.33,0.115671,1.11599,45370.2
000837.SZ,20260421,28600,11.0,314600.0,11.02,0.00283898,0.250271,100740.0
000838.SZ,20260421,789700,1.85,1460945.0,1.85,0.0749407,1.19694,105377.0
000839.SZ,20260421,126400,3.16,399424.0,3.18,0.00322463,0.188995,391983.0
000848.SZ,20260421,14000,8.24,115360.0,8.26,0.00138457,0.135339,101114.0
000850.SZ,20260421,310600,4.99,1549894.0,4.91,0.0329236,4.30138,94339.7
000852.SZ,20260421,82060,6.87,563752.2,6.87,0.00867558,0.600196,94587.3
000856.SZ,20260421,28000,10.9,305200.0,10.9,0.0123348,0.300524,22700.0
000858.SZ,20260421,59000,101.3,5976700.0,101.35,0.00152005,0.482841,388144.0
000859.SZ,20260421,1840500,10.3,18957150.0,9.79,0.20543,6.30346,89592.5
000860.SZ,20260421,4700,12.89,60583.0,12.88,0.000633622,0.0931748,74176.7
000862.SZ,20260421,209300,6.54,1368822.0,6.53,0.0333298,0.575803,62796.7
000863.SZ,20260421,48400,5.04,243936.0,5.06,0.00415945,0.17273,116362.0
000868.SZ,20260421,16600,4.35,72210.0,4.36,0.00226365,0.195183,73332.9
000869.SZ,20260421,4200,19.1,80220.0,19.1,0.000922849,0.536674,45511.2
000875.SZ,20260421,797100,6.66,5308686.0,6.77,0.0238481,1.68397,334240.0
000876.SZ,20260421,177700,8.79,1561983.0,8.81,0.00394889,0.341977,450000.0
000877.SZ,20260421,24000,4.79,114960.0,4.78,0.000337529,0.248071,711049.0
000878.SZ,20260421,181900,19.63,3570697.0,19.73,0.00907856,0.336147,200362.0
000880.SZ,20260421,733758,31.14,22849224.12,31.14,0.323203,3.7068,22702.7
000881.SZ,20260421,103400,7.8,806520.0,7.76,0.0114414,1.34981,90373.2
000882.SZ,20260421,321100,1.63,523393.0,1.63,0.0117382,0.532035,273551.0
000883.SZ,20260421,381900,4.84,1848396.0,4.85,0.0058939,1.17028,647959.0
000885.SZ,20260421,24900,13.53,336897.0,13.58,0.00387803,0.396714,64207.8
000886.SZ,20260421,69800,5.73,399954.0,5.75,0.0071382,0.646123,97783.7
000887.SZ,20260421,69100,18.68,1290788.0,18.68,0.00525727,0.410478,131437.0
000888.SZ,20260421,15600,12.57,196092.0,12.63,0.00296064,0.102799,52691.3
000889.SZ,20260421,5996400,4.76,28542864.0,5.14,0.68936,2.2816,86985.0
000890.SZ,20260421,1042400,13.08,13634592.0,13.55,0.248492,1.32072,41949.1
000892.SZ,20260421,85400,6.31,538874.0,6.35,0.012014,0.216949,71083.6
000893.SZ,20260421,21300,53.0,1128900.0,53.07,0.00262377,0.0913772,81181.0
000895.SZ,20260421,42600,28.5,1214100.0,28.32,0.00122972,0.43618,346421.0
000897.SZ,20260421,65500,2.11,138205.0,2.11,0.00405011,0.208837,161724.0
000898.SZ,20260421,183900,2.33,428487.0,2.32,0.00231103,0.589122,795748.0
000899.SZ,20260421,196900,13.33,2624677.0,13.44,0.0201808,0.808445,97567.8
000900.SZ,20260421,48250,4.07,196377.5,4.08,0.00317907,0.617004,151774.0
000901.SZ,20260421,633300,23.9,15135870.0,23.93,0.0793417,1.93463,79819.3
000902.SZ,20260421,35800,14.89,533062.0,14.94,0.0031327,0.233875,114278.0
000903.SZ,20260421,69600,2.54,176784.0,2.55,0.00362451,0.366222,192026.0
000905.SZ,20260421,83400,11.05,921570.0,11.09,0.0112428,0.601531,74180.8
000906.SZ,20260421,53700,5.69,305553.0,5.7,0.00765787,1.14099,70124.0
000908.SZ,20260421,48800,7.11,346968.0,7.14,0.00554688,0.277916,87977.4
000909.SZ,20260421,10600,6.66,70596.0,6.68,0.00242169,0.17917,43771.1
000910.SZ,20260421,5800,6.88,39904.0,6.91,0.00105998,0.176304,54718.1
000911.SZ,20260421,127400,5.91,752934.0,5.87,0.0318246,1.18307,40032.0
000912.SZ,20260421,270200,4.87,1315874.0,4.89,0.0172321,0.52721,156800.0
000913.SZ,20260421,16700,15.43,257681.0,15.43,0.0032109,0.229071,52010.3
000915.SZ,20260421,5800,31.25,181250.0,31.26,0.00247673,0.225851,23418.0
000917.SZ,20260421,175200,10.01,1753752.0,10.01,0.0123601,0.507622,141746.0
000919.SZ,20260421,314800,7.84,2468032.0,7.88,0.0506299,0.358371,62176.7
000920.SZ,20260421,1900,12.01,22819.0,12.05,0.000402032,0.0439573,47259.9
000921.SZ,20260421,11900,22.58,268702.0,22.5,0.00129611,0.165785,91813.3
000922.SZ,20260421,11100,14.24,158064.0,14.24,0.00188964,0.119018,58741.3
000923.SZ,20260421,16600,18.75,311250.0,18.84,0.00264373,0.165192,62790.1
000925.SZ,20260421,40700,7.52,306064.0,7.5,0.00604535,0.315799,67324.4
000926.SZ,20260421,220900,2.01,444009.0,2.01,0.0140414,0.745924,157321.0
000927.SZ,20260421,371256,2.9,1076642.4,2.91,0.00613611,0.327129,605035.0
000928.SZ,20260421,206600,7.01,1448266.0,7.06,0.014401,0.342022,143463.0
000929.SZ,20260421,96900,10.4,1007760.0,10.57,0.0521657,1.76256,18575.4
000930.SZ,20260421,61900,6.43,398017.0,6.43,0.0033345,0.258524,185635.0
000931.SZ,20260421,70500,5.09,358845.0,5.1,0.00938711,0.384671,75103.0
000932.SZ,20260421,281900,5.05,1423595.0,5.05,0.00411376,0.398046,685261.0
000933.SZ,20260421,165800,33.69,5585802.0,33.69,0.00737735,0.342896,224742.0
000935.SZ,20260421,12700,28.0,355600.0,28.11,0.00166352,0.236143,76344.0
000936.SZ,20260421,1500277,8.32,12482304.64,8.34,0.169353,3.68206,88588.7
000937.SZ,20260421,118560,5.46,647337.6,5.46,0.00345314,0.839432,343340.0
000938.SZ,20260421,815895,28.08,22910331.6,28.41,0.0285271,0.610134,286007.0
000948.SZ,20260421,11000,15.54,170940.0,15.59,0.00282683,0.345729,38912.8
000949.SZ,20260421,1659400,8.0,13275200.0,8.04,0.100178,2.32976,165644.0
000950.SZ,20260421,210300,6.07,1276521.0,6.12,0.0121688,0.2465,172818.0
000951.SZ,20260421,26500,23.61,625665.0,23.59,0.00225557,0.0932777,117487.0
000952.SZ,20260421,109300,6.75,737775.0,6.72,0.0317738,1.38367,34399.4
000953.SZ,20260421,36600,6.64,243024.0,6.62,0.00999666,0.592162,36612.2
000955.SZ,20260421,85100,5.12,435712.0,5.14,0.0158087,0.681731,53831.3
000957.SZ,20260421,101500,12.15,1233225.0,12.07,0.0171191,0.364735,59290.4
000958.SZ,20260421,67600,6.07,410332.0,6.08,0.00125571,0.315352,538340.0
000959.SZ,20260421,277500,4.58,1270950.0,4.56,0.00372403,0.369107,745161.0
000960.SZ,20260421,829400,37.18,30837092.0,37.55,0.0504062,1.2683,164543.0
000962.SZ,20260421,165000,48.77,8047050.0,48.76,0.0328909,0.704686,50165.9
000963.SZ,20260421,17200,34.43,592196.0,34.43,0.000981168,0.155937,175301.0
000965.SZ,20260421,72000,3.62,260640.0,3.63,0.00648747,0.362921,110983.0
000966.SZ,20260421,231400,4.31,997334.0,4.33,0.00709485,0.448904,326152.0
000967.SZ,20260421,2619305,13.61,35648741.05,14.1,0.0827473,0.982412,316542.0
000968.SZ,20260421,615121,8.93,5493030.53,9.01,0.0635782,0.753942,96750.3
000969.SZ,20260421,100415,21.86,2195071.9,21.8,0.0097137,0.466312,103375.0
000970.SZ,20260421,60000,12.36,741600.0,12.3,0.00493532,0.348211,121573.0
000972.SZ,20260421,2700,3.99,10773.0,3.99,0.000350066,0.0172575,77128.4
000973.SZ,20260421,333500,18.01,6006335.0,18.04,0.034473,0.319868,96742.3
000975.SZ,20260421,45700,30.37,1387909.0,30.37,0.00180816,0.190146,252743.0
000977.SZ,20260421,1668400,71.01,118473084.0,73.12,0.113742,1.89646,146683.0
000978.SZ,20260421,391200,7.73,3023976.0,7.9,0.0835683,0.5661,46812.0
000980.SZ,20260421,1930900,2.16,4170744.0,2.16,0.0383771,1.22286,503139.0
000981.SZ,20260421,1509600,4.08,6159168.0,4.11,0.0158682,0.540501,951336.0
000983.SZ,20260421,211600,6.31,1335196.0,6.32,0.00372728,0.485503,567707.0
000985.SZ,20260421,10000,19.17,191700.0,19.2,0.0077137,0.696515,12964.0
000987.SZ,20260421,279000,8.96,2499840.0,8.97,0.00556515,0.568705,501334.0
000988.SZ,20260421,681300,113.0,76986900.0,114.98,0.067792,0.625657,100499.0
000989.SZ,20260421,63300,9.42,596286.0,9.47,0.00911902,0.274093,69415.4
000990.SZ,20260421,379900,10.99,4175101.0,11.12,0.0312614,0.560991,121524.0
000993.SZ,20260421,96400,12.49,1204036.0,12.56,0.0219217,0.427843,43974.8
000995.SZ,20260421,61600,14.02,863632.0,13.9,0.0347222,0.455559,17740.8
000997.SZ,20260421,98600,21.51,2120886.0,21.49,0.00978719,0.406563,100744.0
000998.SZ,20260421,133300,9.97,1329001.0,9.95,0.0101414,0.562396,131441.0
000999.SZ,20260421,26400,27.54,727056.0,27.54,0.00158778,0.19564,166269.0
001201.SZ,20260421,26900,13.15,353735.0,13.24,0.0132424,0.322188,20313.5
001202.SZ,20260421,14700,17.0,249900.0,17.0,0.012583,1.12727,11682.4
001203.SZ,20260421,192800,46.27,8920856.0,45.66,0.0147629,0.646012,130597.0
001205.SZ,20260421,16900,14.71,248599.0,14.63,0.0101511,0.534086,16648.4
001206.SZ,20260421,38100,20.4,777240.0,20.3,0.0356526,0.740835,10686.4
001207.SZ,20260421,230300,18.9,4352670.0,19.65,0.0787022,3.61898,29262.2
001208.SZ,20260421,642000,22.23,14271660.0,22.85,0.201422,1.20044,31873.4
001209.SZ,20260421,10900,20.66,225194.0,20.62,0.011343,0.632364,9609.46
001210.SZ,20260421,2600,21.2,55120.0,21.25,0.00272825,0.104728,9529.9
001211.SZ,20260421,22100,32.0,707200.0,32.06,0.0329868,0.407873,6699.66
001212.SZ,20260421,21100,48.77,1029047.0,48.88,0.012137,0.477273,17384.9
001213.SZ,20260421,23600,4.02,94872.0,4.02,0.000531,0.202059,444444.0
001215.SZ,20260421,11900,39.53,470407.0,39.53,0.0122956,0.422989,9678.29
001216.SZ,20260421,47000,18.99,892530.0,18.82,0.0191405,1.24832,24555.3
001217.SZ,20260421,5100,11.89,60639.0,11.88,0.00155212,0.0953014,32858.3
001218.SZ,20260421,9100,25.43,231413.0,25.56,0.00979472,0.721958,9290.72
001219.SZ,20260421,51700,14.98,774466.0,14.96,0.0271931,1.49975,19012.2
001220.SZ,20260421,6700,45.4,304180.0,45.58,0.0296347,0.162459,2260.86
001221.SZ,20260421,1300,62.33,81029.0,62.62,0.00361021,0.103114,3600.9
001222.SZ,20260421,800,19.92,15936.0,19.95,0.00074481,0.0446135,10741.0
001223.SZ,20260421,1400,59.09,82726.0,59.1,0.0014997,0.0787334,9335.2
001225.SZ,20260421,3100,51.01,158131.0,50.95,0.0147347,0.331178,2103.88
001226.SZ,20260421,2400,45.39,108936.0,45.34,0.00707407,0.248205,3392.67
001227.SZ,20260421,214200,2.23,477666.0,2.23,0.00507884,0.663308,421750.0
001228.SZ,20260421,1800,34.35,61830.0,34.39,0.00225381,0.0978456,7986.46
001229.SZ,20260421,170200,40.06,6818212.0,40.07,0.323086,8.34529,5267.94
001230.SZ,20260421,47157,28.68,1352462.76,28.41,0.0600296,1.07059,7855.63
001231.SZ,20260421,23000,24.16,555680.0,24.21,0.0452386,0.466585,5084.15
001233.SZ,20260421,11500,68.98,793270.0,68.5,0.0324988,0.593068,3538.59
001234.SZ,20260421,6300,27.34,172242.0,27.48,0.00688634,0.192971,9148.55
001236.SZ,20260421,77900,9.36,729144.0,9.29,0.010276,1.22294,75807.8
001238.SZ,20260421,1300,47.53,61789.0,47.53,0.00125401,0.207623,10366.7
001239.SZ,20260421,4800,15.26,73248.0,15.31,0.00421053,0.15743,11400.0
001255.SZ,20260421,1800,37.49,67482.0,37.54,0.00253321,0.151197,7105.6
001256.SZ,20260421,1300,24.26,31538.0,24.26,0.00121595,0.0545933,10691.3
001257.SZ,20260421,317300,23.87,7573951.0,23.8,0.231694,0.994095,13694.8
001258.SZ,20260421,434100,9.13,3963333.0,9.03,0.0465112,1.30419,93332.4
001259.SZ,20260421,3700,31.76,117512.0,31.79,0.00778218,0.420184,4754.45
001260.SZ,20260421,8900,21.43,190727.0,21.43,0.00773913,0.631923,11500.0
001266.SZ,20260421,1100,33.61,36971.0,33.29,0.00189389,0.0765094,5808.14
001267.SZ,20260421,362700,42.89,15556203.0,43.33,0.0598868,0.577468,60564.3
001268.SZ,20260421,27800,33.92,942976.0,33.81,0.0441737,0.951407,6293.33
001269.SZ,20260421,13200,22.65,298980.0,22.61,0.00686028,0.35928,19241.2
001270.SZ,20260421,537900,149.78,80566662.0,142.8,0.264325,7.20884,20350.0
001277.SZ,20260421,1500,35.68,53520.0,35.85,0.00329312,0.199222,4554.95
001278.SZ,20260421,10000,21.72,217200.0,21.68,0.0117218,0.491502,8531.09
001279.SZ,20260421,3600,31.53,113508.0,31.52,0.009,0.740485,4000.0
001280.SZ,20260421,30200,83.2,2512640.0,83.24,0.0191034,0.282029,15808.7
001282.SZ,20260421,7200,20.92,150624.0,20.95,0.00921131,0.143415,7816.48
001283.SZ,20260421,13900,71.7,996630.0,71.58,0.0174319,0.258158,7973.87
001285.SZ,20260421,9500,54.99,522405.0,54.7,0.0228933,0.552385,4149.68
001286.SZ,20260421,235900,11.09,2616131.0,11.04,0.0174741,1.1107,135000.0
001287.SZ,20260421,131100,27.6,3618360.0,27.73,0.0172523,0.429459,75990.0
001288.SZ,20260421,6100,28.32,172752.0,28.37,0.00401537,0.129357,15191.6
001289.SZ,20260421,28700,15.53,445711.0,15.53,0.000569226,0.39422,504193.0
001296.SZ,20260421,129200,25.73,3324316.0,25.88,0.168117,4.90504,7685.13
001298.SZ,20260421,47045,21.8,1025581.0,21.87,0.0197109,0.395842,23867.5
001299.SZ,20260421,88300,14.75,1302425.0,14.89,0.0404304,0.34989,21840.0
001300.SZ,20260421,6100,18.4,112240.0,18.45,0.0025023,0.073984,24377.6
001301.SZ,20260421,10400,72.23,751192.0,72.23,0.00558981,0.156007,18605.3
001306.SZ,20260421,2000,68.6,137200.0,68.6,0.0129034,0.260491,1549.98
001308.SZ,20260421,13700,20.05,274685.0,20.14,0.00281178,0.697367,48723.7
001309.SZ,20260421,129700,515.0,66795500.0,515.0,0.080396,0.781397,16132.6
001311.SZ,20260421,2000,32.11,64220.0,32.3,0.00146784,0.05027,13625.4
001313.SZ,20260421,56700,8.41,476847.0,8.41,0.00811013,0.360468,69912.6
001314.SZ,20260421,3800,43.82,166516.0,44.01,0.00305492,0.251797,12438.9
001316.SZ,20260421,13200,50.5,666600.0,50.64,0.0118607,0.428196,11129.2
001317.SZ,20260421,26300,50.6,1330780.0,50.76,0.0307669,0.987566,8548.14
001318.SZ,20260421,9000,13.7,123300.0,13.7,0.00318404,0.482022,28266.0
001319.SZ,20260421,10300,25.51,262753.0,25.58,0.012561,0.552705,8200.01
001322.SZ,20260421,21100,7.3,154030.0,7.27,0.0026858,0.66122,78561.3
001323.SZ,20260421,800,23.84,19072.0,23.88,0.00025703,0.0800354,31124.8
001324.SZ,20260421,50400,20.69,1042776.0,20.77,0.0617242,1.67389,8165.36
001325.SZ,20260421,1400,64.9,90860.0,65.12,0.00714286,0.0345245,1960.0
001326.SZ,20260421,3600,55.9,201240.0,55.72,0.0149357,0.238627,2410.33
001328.SZ,20260421,2700,33.38,90126.0,33.38,0.00166958,0.231744,16171.7
001330.SZ,20260421,2166100,8.32,18021952.0,8.39,0.15759,1.61627,137452.0
001331.SZ,20260421,12600,51.25,645750.0,51.19,0.00750555,0.27654,16787.6
001332.SZ,20260421,5300,57.75,306075.0,57.88,0.0110409,0.333701,4800.35
001333.SZ,20260421,8500,24.95,212075.0,24.98,0.0193182,0.337835,4400.0
001335.SZ,20260421,1900,43.17,82023.0,43.13,0.00743814,0.194969,2554.4
001336.SZ,20260421,3700,26.2,96940.0,26.25,0.00794278,0.292777,4658.32
001337.SZ,20260421,28600,48.46,1385956.0,48.46,0.00680952,0.320873,42000.0
001338.SZ,20260421,970900,12.95,12573155.0,13.75,0.19351,14.1027,50173.1
001339.SZ,20260421,13000,70.29,913770.0,71.22,0.0108864,0.124549,11941.5
001356.SZ,20260421,14400,11.16,160704.0,11.18,0.00717679,0.610082,20064.7
001358.SZ,20260421,2300,27.63,63549.0,27.59,0.00462809,0.169033,4969.65
001359.SZ,20260421,1900,81.28,154432.0,81.28,0.00409659,0.0773448,4638.0
001360.SZ,20260421,5600,22.06,123536.0,22.15,0.00446271,0.221702,12548.4
001366.SZ,20260421,370000,15.0,5550000.0,15.63,0.230271,8.53522,16068.0
001367.SZ,20260421,85900,25.42,2183578.0,25.41,0.0706199,1.16336,12163.7
001368.SZ,20260421,22200,29.26,649572.0,29.28,0.0205155,0.599585,10821.1
001369.SZ,20260421,64900,16.2,1051380.0,16.24,0.0322838,0.3541,20102.9
001373.SZ,20260421,13000,34.76,451880.0,34.88,0.0392373,0.984684,3313.17
001376.SZ,20260421,12500,15.95,199375.0,15.96,0.00584788,0.12524,21375.3
001378.SZ,20260421,16800,26.0,436800.0,25.9,0.0260442,0.610333,6450.58
001379.SZ,20260421,4500,21.86,98370.0,21.89,0.00668658,0.264315,6729.9
001380.SZ,20260421,10500,19.71,206955.0,19.82,0.0119314,0.610168,8800.33
001382.SZ,20260421,55800,20.9,1166220.0,21.03,0.0885714,0.934459,6300.0
001386.SZ,20260421,5800,19.55,113390.0,19.56,0.00592676,0.20707,9786.12
001387.SZ,20260421,16700,13.42,224114.0,13.45,0.0146607,0.820945,11391.0
001388.SZ,20260421,4400,39.89,175516.0,39.72,0.0141026,0.391176,3120.0
001389.SZ,20260421,91600,148.3,13584280.0,148.3,0.0602848,0.803329,15194.5
001390.SZ,20260421,0,,0.0,21.82,0.0,0.0,5000.0
001391.SZ,20260421,67100,5.31,356301.0,5.32,0.00441635,0.471576,151935.0
001395.SZ,20260421,900,39.6,35640.0,39.6,0.00191939,0.198315,4689.0
001396.SZ,20260421,54100,47.65,2577865.0,47.93,0.243615,2.14528,2220.71
001400.SZ,20260421,31900,215.0,6858500.0,212.96,0.212667,1.09116,1500.0
001696.SZ,20260421,72000,19.79,1424880.0,19.81,0.0080772,0.254578,89139.8
001872.SZ,20260421,3700,21.49,79513.0,21.49,0.00016073,0.165213,230200.0
001896.SZ,20260421,3003500,18.78,56405730.0,18.79,0.19685,1.32079,152578.0
001914.SZ,20260421,8400,10.26,86184.0,10.28,0.000797179,0.0957044,105372.0
001965.SZ,20260421,9400,9.13,85822.0,9.14,0.000138335,0.0639763,679510.0
001979.SZ,20260421,77300,8.7,672510.0,8.7,0.000918752,0.11073,841358.0
002001.SZ,20260421,251700,34.49,8681133.0,34.3,0.00828816,0.501745,303686.0
002003.SZ,20260421,7600,10.06,76456.0,10.08,0.000743567,0.117453,102210.0
002004.SZ,20260421,79600,5.17,411532.0,5.17,0.0042304,0.332775,188162.0
002005.SZ,20260421,32000,2.86,91520.0,2.84,0.00182649,0.299844,175199.0
002006.SZ,20260421,43100,18.0,775800.0,17.99,0.00829175,0.535977,51979.3
002007.SZ,20260421,36300,14.91,541233.0,14.94,0.00230738,0.374369,157321.0
002008.SZ,20260421,468300,89.6,41959680.0,89.18,0.0489481,0.921389,95672.7
002009.SZ,20260421,93400,24.8,2316320.0,24.8,0.026375,0.476143,35412.3
002010.SZ,20260421,131300,5.98,785174.0,6.0,0.00476232,0.515987,275706.0
002011.SZ,20260421,73600,12.25,901600.0,12.25,0.00694628,0.781328,105956.0
002012.SZ,20260421,9900,7.08,70092.0,7.12,0.00211708,0.0531928,46762.5
002014.SZ,20260421,6800,12.05,81940.0,12.03,0.00112486,0.391577,60451.7
002015.SZ,20260421,735700,19.28,14184296.0,19.16,0.0453206,0.390298,162332.0
002016.SZ,20260421,192000,5.55,1065600.0,5.55,0.0237302,1.25055,80909.6
002017.SZ,20260421,20400,19.4,395760.0,19.44,0.00351672,0.198301,58008.6
002019.SZ,20260421,168100,12.0,2017200.0,12.04,0.0199768,0.713313,84147.4
002020.SZ,20260421,6000,15.18,91080.0,15.18,0.000828766,0.0428349,72396.8
002021.SZ,20260421,20300,2.97,60291.0,2.99,0.00169812,0.0619198,119544.0
002022.SZ,20260421,44500,5.81,258545.0,5.82,0.00865292,0.52244,51427.8
002023.SZ,20260421,727700,12.91,9394607.0,13.04,0.0982237,0.992832,74086.0
002024.SZ,20260421,200100,1.31,262131.0,1.31,0.00216247,0.647755,925329.0
002025.SZ,20260421,347200,79.1,27463520.0,80.46,0.0764975,0.880835,45387.1
002026.SZ,20260421,136700,13.31,1819477.0,13.39,0.0310333,2.79908,44049.4
002027.SZ,20260421,273200,6.19,1691108.0,6.2,0.00189168,0.219149,1444220.0
002028.SZ,20260421,89700,217.0,19464900.0,217.82,0.0146885,0.740191,61068.3
002029.SZ,20260421,151100,9.86,1489846.0,9.85,0.0227079,0.958702,66540.6
002030.SZ,20260421,748300,5.89,4407487.0,5.92,0.0533188,7.45964,140345.0
002031.SZ,20260421,73400,6.18,453612.0,6.2,0.00378594,0.209763,193875.0
002032.SZ,20260421,6300,46.0,289800.0,45.92,0.000786339,0.352065,80118.1
002033.SZ,20260421,1935400,10.76,20824904.0,11.02,0.352224,2.31736,54948.0
002034.SZ,20260421,219861,19.49,4285090.89,19.46,0.0509135,1.44125,43183.3
002035.SZ,20260421,41200,6.33,260796.0,6.35,0.00526829,0.193951,78203.8
002036.SZ,20260421,67200,9.1,611520.0,9.11,0.00636685,0.30204,105547.0
002037.SZ,20260421,20600,8.39,172834.0,8.44,0.00425722,0.299753,48388.4
002038.SZ,20260421,472300,7.61,3594203.0,7.61,0.0554399,0.429212,85191.3
002039.SZ,20260421,132600,21.0,2784600.0,20.96,0.0310134,0.91133,42755.7
002040.SZ,20260421,36200,9.96,360552.0,10.04,0.0074474,0.472971,48607.5
002041.SZ,20260421,30100,10.4,313040.0,10.38,0.00342045,0.292865,88000.0
002042.SZ,20260421,1994900,4.91,9794959.0,4.99,0.1173,1.9054,170068.0
002043.SZ,20260421,13600,14.25,193800.0,14.3,0.00168416,0.159909,80752.3
002044.SZ,20260421,384300,5.34,2052162.0,5.39,0.0099194,0.273744,387423.0
002045.SZ,20260421,315400,11.61,3661794.0,11.86,0.0561377,4.22625,56183.3
002046.SZ,20260421,128600,53.95,6937970.0,54.04,0.0243191,0.659324,52880.3
002047.SZ,20260421,573300,5.79,3319407.0,5.81,0.0378127,1.89122,151616.0
002048.SZ,20260421,28600,27.81,795366.0,27.96,0.00402931,0.176075,70979.9
002049.SZ,20260421,253200,72.0,18230400.0,73.12,0.0298053,1.5504,84951.4
002050.SZ,20260421,344500,45.9,15812550.0,45.94,0.00935075,0.401599,368420.0
002051.SZ,20260421,982600,11.75,11545550.0,11.97,0.0794124,0.662239,123734.0
002052.SZ,20260421,18600,10.46,194556.0,10.46,0.00269805,0.174649,68938.7
002053.SZ,20260421,36600,11.31,413946.0,11.3,0.00397514,0.482623,92072.3
002054.SZ,20260421,25800,8.29,213882.0,8.29,0.00671853,0.127117,38401.2
002055.SZ,20260421,83100,6.08,505248.0,6.08,0.0139901,0.467612,59399.0
002056.SZ,20260421,176400,19.75,3483900.0,19.64,0.0108552,0.635407,162503.0
002057.SZ,20260421,59600,9.8,584080.0,9.78,0.00791054,0.705763,75342.5
002058.SZ,20260421,37300,22.97,856781.0,22.97,0.0260624,1.74161,14311.8
002059.SZ,20260421,60700,5.06,307142.0,5.09,0.00617469,0.24839,98304.6
002060.SZ,20260421,145000,3.84,556800.0,3.86,0.00927813,0.185801,156281.0
002061.SZ,20260421,53700,3.88,208356.0,3.87,0.00206607,0.374888,259914.0
002062.SZ,20260421,536100,9.05,4851705.0,9.0,0.047666,1.18957,112470.0
002063.SZ,20260421,140700,6.46,908922.0,6.46,0.00797744,0.333165,176372.0
002064.SZ,20260421,90500,11.13,1007265.0,11.04,0.00182755,0.233475,495199.0
002065.SZ,20260421,125900,8.45,1063855.0,8.5,0.00432955,0.425637,290792.0
002066.SZ,20260421,16600,23.34,387444.0,23.34,0.00718615,0.255412,23100.0
002067.SZ,20260421,105400,4.84,510136.0,4.85,0.00787976,0.388218,133760.0
002068.SZ,20260421,12800,8.81,112768.0,8.8,0.00174155,0.0666029,73497.9
002069.SZ,20260421,53200,3.8,202160.0,3.81,0.00749068,0.515833,71021.6
002072.SZ,20260421,34600,7.52,260192.0,7.6,0.00941415,0.622305,36753.2
002073.SZ,20260421,76600,7.34,562244.0,7.35,0.00755691,0.321174,101364.0
002074.SZ,20260421,227300,40.15,9126095.0,39.94,0.0130919,0.304329,173619.0
002075.SZ,20260421,89800,4.7,422060.0,4.7,0.00409331,0.428723,219382.0
002076.SZ,20260421,459200,2.23,1024016.0,2.23,0.0440575,1.81088,104227.0
002077.SZ,20260421,82599,16.0,1321584.0,16.1,0.0142327,0.497362,58034.9
002078.SZ,20260421,41900,14.13,592047.0,14.1,0.00150863,0.227705,277735.0
002079.SZ,20260421,75200,10.3,774560.0,10.3,0.0092752,0.242522,81076.4
002080.SZ,20260421,452800,49.3,22323040.0,49.29,0.0269825,0.711817,167812.0
002081.SZ,20260421,21274700,4.41,93821427.0,4.08,0.804457,33.3302,264460.0
002082.SZ,20260421,107700,28.67,3087759.0,28.79,0.0194667,0.235605,55325.3
002083.SZ,20260421,282500,11.68,3299600.0,11.68,0.0298524,0.289752,94632.3
002084.SZ,20260421,92800,3.72,345216.0,3.72,0.0143958,0.637067,64463.4
002085.SZ,20260421,68400,14.74,1008216.0,14.74,0.0032214,0.217261,212330.0
002086.SZ,20260421,124400,2.02,251288.0,2.03,0.00786701,0.38434,158129.0
002088.SZ,20260421,54300,10.57,573951.0,10.66,0.0107357,1.24974,50579.1
002090.SZ,20260421,83900,10.88,912832.0,10.79,0.0212386,1.02018,39503.6
002091.SZ,20260421,13200,9.25,122100.0,9.26,0.000825934,0.0642569,159819.0
002092.SZ,20260421,154500,6.21,959445.0,6.2,0.00599873,0.255652,257555.0
002093.SZ,20260421,4700,9.73,45731.0,9.75,0.000466501,0.0510949,100750.0
002094.SZ,20260421,38400,6.3,241920.0,6.3,0.00556156,0.271453,69045.4
002095.SZ,20260421,6000,16.79,100740.0,16.67,0.00238371,0.251054,25170.8
002096.SZ,20260421,14800,11.78,174344.0,11.78,0.00119313,0.253126,124044.0
002097.SZ,20260421,22500,10.06,226350.0,10.05,0.00209751,0.176458,107270.0
002098.SZ,20260421,10200,9.02,92004.0,9.02,0.00284925,0.377755,35798.9
002099.SZ,20260421,238300,7.25,1727675.0,7.29,0.014749,0.945284,161570.0
002100.SZ,20260421,108100,7.91,855071.0,7.91,0.00791795,0.231613,136525.0
002101.SZ,20260421,41800,10.28,429704.0,10.3,0.00631218,0.32011,66221.2
002102.SZ,20260421,122200,2.8,342160.0,2.81,0.00562383,0.275173,217290.0
002103.SZ,20260421,9500,8.26,78470.0,8.25,0.0024476,0.141666,38813.6
002104.SZ,20260421,41800,15.17,634106.0,15.19,0.00697016,0.190813,59969.9
002105.SZ,20260421,28800,6.36,183168.0,6.39,0.00790186,0.465775,36447.1
002106.SZ,20260421,94900,11.03,1046747.0,11.16,0.0134629,0.764266,70490.2
002107.SZ,20260421,257400,7.65,1969110.0,7.7,0.0450477,0.426446,57139.4
002108.SZ,20260421,5966600,5.67,33830622.0,5.83,0.362161,3.49377,164750.0
002109.SZ,20260421,448100,3.88,1738628.0,3.91,0.0351101,1.19357,127627.0
002110.SZ,20260421,114400,3.65,417560.0,3.67,0.00470961,0.531687,242908.0
002111.SZ,20260421,14600,10.0,146000.0,10.03,0.00298721,0.263857,48875.1
002112.SZ,20260421,125700,21.91,2754087.0,22.12,0.0479625,0.357634,26208.0
002114.SZ,20260421,104500,9.25,966625.0,9.18,0.0323138,1.05257,32339.1
002115.SZ,20260421,323600,12.78,4135608.0,12.92,0.0430207,0.798377,75219.6
002116.SZ,20260421,3400,10.41,35394.0,10.43,0.000738007,0.0647449,46070.0
002117.SZ,20260421,27100,10.2,276420.0,10.19,0.00517624,0.390498,52354.6
002119.SZ,20260421,252800,21.88,5531264.0,22.15,0.0673623,0.541173,37528.4
002120.SZ,20260421,359500,7.25,2606375.0,7.28,0.0127703,0.647807,281513.0
002121.SZ,20260421,104000,7.6,790400.0,7.61,0.00742899,0.327278,139992.0
002122.SZ,20260421,186600,2.99,557934.0,2.99,0.00938764,1.244,198772.0
002123.SZ,20260421,803400,10.24,8226816.0,10.34,0.111573,3.86183,72007.0
002124.SZ,20260421,5816300,2.96,17216248.0,3.06,0.294891,1.5399,197235.0
002125.SZ,20260421,31200,14.2,443040.0,14.19,0.00495623,0.151501,62951.1
002126.SZ,20260421,101200,49.0,4958800.0,49.36,0.0127421,0.404685,79421.5
002127.SZ,20260421,54400,2.8,152320.0,2.82,0.00272718,0.297943,199473.0
002128.SZ,20260421,40800,33.07,1349256.0,33.02,0.00182015,0.190251,224157.0
002129.SZ,20260421,529600,8.81,4665776.0,8.82,0.0131096,0.876522,403978.0
002130.SZ,20260421,131000,26.03,3409930.0,26.2,0.0114216,0.279141,114695.0
002131.SZ,20260421,5471200,8.18,44754416.0,8.31,0.0934481,0.965425,585480.0
002132.SZ,20260421,989300,4.63,4580459.0,4.65,0.0706904,0.592686,139948.0
002133.SZ,20260421,37200,3.25,120900.0,3.25,0.00483198,0.206965,76987.0
002134.SZ,20260421,56100,22.66,1271226.0,22.91,0.0227596,0.385919,24649.0
002135.SZ,20260421,105300,7.56,796068.0,7.48,0.0100875,0.388956,104387.0
002136.SZ,20260421,216400,13.8,2986320.0,13.57,0.100907,3.24166,21445.6
002137.SZ,20260421,64500,8.41,542445.0,8.47,0.016269,0.865728,39645.9
002138.SZ,20260421,77100,35.07,2703897.0,35.23,0.0101917,0.329526,75650.0
002139.SZ,20260421,56800,12.38,703184.0,12.36,0.00530301,0.500203,107109.0
002140.SZ,20260421,16000,12.5,200000.0,12.49,0.00226321,0.224321,70696.1
002141.SZ,20260421,35900,3.85,138215.0,3.84,0.00352316,0.1733,101897.0
002142.SZ,20260421,55900,32.4,1811160.0,32.42,0.000846984,0.270742,659989.0
002144.SZ,20260421,16300,15.53,253139.0,15.55,0.0118423,0.39784,13764.2
002145.SZ,20260421,140290,4.74,664974.6,4.74,0.00376226,0.362613,372887.0
002146.SZ,20260421,715700,1.36,973352.0,1.35,0.0182972,0.797298,391152.0
002148.SZ,20260421,11600,7.8,90480.0,7.79,0.00258169,0.139195,44931.8
002149.SZ,20260421,1864900,62.79,117097071.0,60.28,0.382043,2.04415,48813.9
002150.SZ,20260421,123300,30.05,3705165.0,29.95,0.034389,0.481927,35854.5
002151.SZ,20260421,285300,40.0,11412000.0,40.12,0.0644287,1.50526,44281.5
002152.SZ,20260421,68300,12.2,833260.0,12.24,0.00275166,0.363491,248213.0
002153.SZ,20260421,70000,9.86,690200.0,9.88,0.00437565,0.440966,159976.0
002154.SZ,20260421,24300,3.65,88695.0,3.66,0.00205972,0.108758,117977.0
002155.SZ,20260421,218000,30.39,6625020.0,30.39,0.0139519,0.384041,156251.0
002156.SZ,20260421,194400,48.22,9373968.0,48.49,0.0128109,0.23986,151745.0
002157.SZ,20260421,2750400,3.37,9268848.0,3.37,0.0380023,0.597378,723746.0
002158.SZ,20260421,25800,24.81,640098.0,24.85,0.0048352,0.584541,53358.7
002159.SZ,20260421,7300,17.41,127093.0,17.5,0.0052718,0.160732,13847.3
002160.SZ,20260421,57200,5.16,295152.0,5.16,0.00554947,0.218447,103073.0
002161.SZ,20260421,50100,7.18,359718.0,7.21,0.00710898,0.285901,70474.3
002162.SZ,20260421,23500,4.56,107160.0,4.59,0.00255854,0.168182,91849.4
002163.SZ,20260421,487500,13.23,6449625.0,13.19,0.0606684,1.71086,80354.9
002164.SZ,20260421,33100,12.93,427983.0,12.96,0.00689907,0.36857,47977.5
002165.SZ,20260421,203700,9.78,1992186.0,9.78,0.027995,0.578068,72763.0
002166.SZ,20260421,10100,8.93,90193.0,8.92,0.00136748,0.121657,73858.5
002167.SZ,20260421,305900,13.14,4019526.0,13.33,0.0403881,1.35585,75740.2
002168.SZ,20260421,3100,4.18,12958.0,4.19,0.000395326,0.0391778,78416.3
002169.SZ,20260421,90300,14.67,1324701.0,14.61,0.0119023,0.290504,75867.4
002170.SZ,20260421,59800,13.77,823446.0,13.76,0.00759722,0.177469,78713.0
002171.SZ,20260421,204700,11.98,2452306.0,11.97,0.0126848,0.594714,161374.0
002172.SZ,20260421,19200,3.82,73344.0,3.83,0.00250934,0.126766,76514.1
002173.SZ,20260421,44300,25.66,1136738.0,25.82,0.0105259,0.213889,42086.5
002174.SZ,20260421,91000,9.67,879970.0,9.67,0.00929274,0.680044,97925.9
002175.SZ,20260421,263700,2.58,680346.0,2.61,0.0206535,0.364643,127678.0
002176.SZ,20260421,457900,11.3,5174270.0,11.22,0.0268403,0.363395,170602.0
002177.SZ,20260421,219600,7.87,1728252.0,7.91,0.0325372,0.342597,67491.9
002178.SZ,20260421,21700,6.02,130634.0,6.04,0.00304868,0.190562,71178.3
002179.SZ,20260421,245400,36.79,9028266.0,36.71,0.0117052,0.821272,209650.0
002180.SZ,20260421,55000,18.24,1003200.0,18.32,0.00404326,0.231863,136029.0
002181.SZ,20260421,562800,13.9,7822920.0,14.12,0.0496061,0.522386,113454.0
002182.SZ,20260421,164100,16.51,2709291.0,16.6,0.0189599,0.75772,86551.2
002183.SZ,20260421,1159900,6.18,7168182.0,6.22,0.0446632,0.568143,259699.0
002184.SZ,20260421,19800,11.7,231660.0,11.72,0.00823725,0.391618,24037.2
002185.SZ,20260421,303400,12.7,3853180.0,12.76,0.00928913,0.313596,326618.0
002186.SZ,20260421,10200,10.45,106590.0,10.47,0.00332777,0.201391,30651.1
002187.SZ,20260421,62500,6.24,390000.0,6.27,0.00891718,0.742588,70089.5
002188.SZ,20260421,34000,6.53,222020.0,6.53,0.0132109,0.215102,25736.3
002189.SZ,20260421,53200,20.56,1093792.0,20.7,0.0203707,1.58403,26116.0
002190.SZ,20260421,17500,32.01,560175.0,32.01,0.00487833,0.349477,35872.9
002191.SZ,20260421,12500,3.63,45375.0,3.63,0.000867745,0.111327,144052.0
002192.SZ,20260421,480600,82.65,39721590.0,82.33,0.185476,1.35057,25911.8
002193.SZ,20260421,15300,6.52,99756.0,6.54,0.00584608,0.156993,26171.4
002194.SZ,20260421,35300,10.85,383005.0,10.88,0.00690946,0.359632,51089.4
002195.SZ,20260421,444100,9.3,4130130.0,9.33,0.00792857,0.258401,560126.0
002196.SZ,20260421,60900,14.31,871479.0,14.36,0.012469,0.201874,48841.0
002197.SZ,20260421,40810,7.86,320766.6,7.88,0.00764232,0.129273,53400.0
002198.SZ,20260421,84000,7.85,659400.0,7.86,0.0165524,0.57734,50748.1
002199.SZ,20260421,2000,9.34,18680.0,9.33,0.00082155,0.0408329,24344.2
002200.SZ,20260421,41300,7.64,315532.0,7.74,0.0211009,1.69293,19572.6
002201.SZ,20260421,559000,12.49,6981910.0,12.66,0.0928535,1.08364,60202.3
002202.SZ,20260421,1638200,26.4,43248480.0,26.59,0.0487051,0.713405,336350.0
002203.SZ,20260421,635500,17.6,11184800.0,17.91,0.0287278,1.13177,221214.0
002204.SZ,20260421,111100,6.89,765479.0,6.88,0.00575239,0.415396,193137.0
002205.SZ,20260421,11400,12.96,147744.0,12.98,0.0061342,0.4686,18584.3
002206.SZ,20260421,54600,6.25,341250.0,6.25,0.00516636,0.3744,105684.0
002207.SZ,20260421,293000,7.29,2135970.0,7.28,0.112342,1.19366,26081.2
002208.SZ,20260421,582100,12.5,7276250.0,12.38,0.072483,1.70437,80308.4
002209.SZ,20260421,80700,16.93,1366251.0,16.77,0.0516272,0.990197,15631.3
002210.SZ,20260421,369200,2.6,959920.0,2.58,0.0138993,0.769977,265626.0
002211.SZ,20260421,84600,3.63,307098.0,3.63,0.0195618,1.35694,43247.6
002212.SZ,20260421,68500,7.52,515120.0,7.52,0.00587051,0.363398,116685.0
002213.SZ,20260421,190900,37.28,7116752.0,37.3,0.09242,0.456306,20655.7
002214.SZ,20260421,3500,19.07,66745.0,19.07,0.00073158,0.0936998,47841.7
002215.SZ,20260421,29000,9.91,287390.0,9.92,0.00361149,0.256411,80299.3
002216.SZ,20260421,36200,13.08,473496.0,13.09,0.00574145,0.590438,63050.2
002217.SZ,20260421,73445700,3.07,225478299.0,2.95,1.00896,27.9837,727932.0
002218.SZ,20260421,312100,5.65,1763365.0,5.65,0.0224908,0.421701,138768.0
002219.SZ,20260421,445900,2.35,1047865.0,2.36,0.0136276,0.313282,327204.0
002221.SZ,20260421,427200,7.96,3400512.0,7.98,0.0292427,2.70313,146088.0
002222.SZ,20260421,219600,89.61,19678356.0,91.72,0.0469079,0.743516,46815.2
002223.SZ,20260421,9800,32.89,322322.0,32.87,0.00104238,0.142294,94015.8
002224.SZ,20260421,37700,4.35,163995.0,4.35,0.00467521,0.281456,80638.0
002225.SZ,20260421,15700,5.78,90746.0,5.77,0.00161162,0.102432,97417.7
002226.SZ,20260421,42100,5.63,237023.0,5.64,0.00158936,0.218591,264887.0
002227.SZ,20260421,0,,0.0,8.57,0.0,0.0,24593.7
002228.SZ,20260421,35100,3.88,136188.0,3.87,0.00290245,0.198231,120932.0
002229.SZ,20260421,778706,19.32,15044599.92,19.38,0.157903,0.895148,49315.6
002230.SZ,20260421,480410,49.5,23780295.0,48.94,0.021944,1.33198,218925.0
002232.SZ,20260421,19600,18.35,359660.0,18.49,0.00479747,0.402162,40854.8
002233.SZ,20260421,9500,9.18,87210.0,9.17,0.000809701,0.134336,117327.0
002234.SZ,20260421,9700,8.63,83711.0,8.63,0.00321822,0.187554,30140.9
002235.SZ,20260421,166600,9.55,1591030.0,9.67,0.0300951,0.36757,55357.8
002236.SZ,20260421,367000,18.78,6892260.0,18.81,0.0152369,0.51508,240862.0
002237.SZ,20260421,279300,16.92,4725756.0,16.91,0.0234242,0.563986,119236.0
002238.SZ,20260421,3400,7.29,24786.0,7.31,0.000423645,0.0704556,80255.9
002239.SZ,20260421,96600,3.07,296562.0,3.06,0.00295761,0.152344,326615.0
002240.SZ,20260421,806400,49.7,40078080.0,49.7,0.088333,1.07278,91290.9
002241.SZ,20260421,482800,24.68,11915504.0,24.88,0.0153833,0.682266,313847.0
002242.SZ,20260421,1795500,11.16,20037780.0,11.25,0.235727,12.9358,76168.6
002243.SZ,20260421,46300,8.91,412533.0,8.92,0.00384506,0.540366,120414.0
002244.SZ,20260421,62700,10.24,642048.0,10.28,0.00233441,0.221228,268590.0
002245.SZ,20260421,336900,19.8,6670620.0,19.66,0.0310352,0.471841,108554.0
002246.SZ,20260421,104800,27.05,2834840.0,27.05,0.019088,0.420691,54903.5
002247.SZ,20260421,294000,2.82,829080.0,2.82,0.0456848,1.56438,64354.1
002248.SZ,20260421,36600,12.62,461892.0,12.64,0.0119026,0.214423,30749.6
002249.SZ,20260421,67700,9.49,642473.0,9.47,0.00363638,0.251682,186174.0
002250.SZ,20260421,2800,16.6,46480.0,16.69,0.000312858,0.0220514,89497.6
002251.SZ,20260421,137800,4.27,588406.0,4.27,0.00640194,0.257895,215247.0
002252.SZ,20260421,34800,5.69,198012.0,5.69,0.000524588,0.133546,663378.0
002253.SZ,20260421,52400,11.4,597360.0,11.44,0.0251555,0.842433,20830.4
002254.SZ,20260421,63600,10.46,665256.0,10.46,0.00747736,0.243991,85056.8
002255.SZ,20260421,25100,11.06,277606.0,11.06,0.00393434,0.13609,63797.2
002256.SZ,20260421,720200,4.2,3024840.0,4.24,0.036896,0.522971,195197.0
002258.SZ,20260421,29800,14.0,417200.0,14.01,0.00372897,0.194822,79914.9
002259.SZ,20260421,757400,5.72,4332328.0,5.71,0.100674,1.82062,75232.8
002261.SZ,20260421,1069600,37.07,39650072.0,37.67,0.0933617,0.965578,114565.0
002262.SZ,20260421,148600,21.1,3135460.0,21.0,0.0168113,1.0711,88392.7
002263.SZ,20260421,4285100,5.13,21982563.0,5.13,0.228132,1.07681,187835.0
002264.SZ,20260421,109100,8.37,913167.0,8.37,0.016662,0.659923,65478.3
002265.SZ,20260421,30300,22.77,689931.0,22.76,0.00293309,0.275293,103304.0
002266.SZ,20260421,241000,4.48,1079680.0,4.5,0.00492158,0.361683,489680.0
002267.SZ,20260421,28200,7.7,217140.0,7.72,0.0025358,0.41804,111208.0
002268.SZ,20260421,29200,16.81,490852.0,16.88,0.00345458,0.294603,84525.4
002269.SZ,20260421,59400,1.64,97416.0,1.64,0.00236418,0.14499,251250.0
002270.SZ,20260421,54000,27.79,1500660.0,27.75,0.00602537,0.34392,89621.1
002271.SZ,20260421,359700,15.7,5647290.0,15.66,0.0187883,0.599909,191449.0
002272.SZ,20260421,1670600,19.88,33211528.0,20.64,0.409327,1.72062,40813.3
002273.SZ,20260421,1214900,31.0,37661900.0,31.18,0.0891946,1.53932,136208.0
002274.SZ,20260421,57500,6.13,352475.0,6.1,0.00613105,0.25048,93784.9
002275.SZ,20260421,1900,14.12,26828.0,14.1,0.000339868,0.0771353,55904.1
002276.SZ,20260421,123900,14.68,1818852.0,14.73,0.0123008,0.608818,100726.0
002277.SZ,20260421,56600,5.81,328846.0,5.82,0.00405975,0.324501,139417.0
002278.SZ,20260421,37700,11.76,443352.0,11.78,0.0113297,0.252364,33275.3
002279.SZ,20260421,31300,8.2,256660.0,8.23,0.00396339,0.160735,78972.7
002281.SZ,20260421,1129800,119.0,134446200.0,120.05,0.144943,1.82797,77947.7
002282.SZ,20260421,63100,6.98,440438.0,6.97,0.0124949,1.20998,50500.5
002283.SZ,20260421,55500,10.91,605505.0,10.89,0.00553436,0.1575,100283.0
002284.SZ,20260421,28100,14.24,400144.0,14.23,0.00384463,0.213403,73088.9
002285.SZ,20260421,1339800,3.08,4126584.0,3.09,0.0678298,1.48663,197524.0
002286.SZ,20260421,59000,10.34,610060.0,10.29,0.0159653,0.765781,36955.2
002287.SZ,20260421,6350,23.17,147129.5,23.18,0.0011121,0.364095,57099.0
002289.SZ,20260421,116100,28.5,3308850.0,27.91,0.0414711,6.56974,27995.4
002290.SZ,20260421,16500,73.4,1211100.0,74.35,0.00667486,0.165175,24719.6
002291.SZ,20260421,119700,6.54,782838.0,6.53,0.0137725,0.523762,86912.5
002292.SZ,20260421,113100,8.18,925158.0,8.2,0.0111115,0.441006,101787.0
002293.SZ,20260421,25300,10.22,258566.0,10.22,0.00306079,0.43735,82658.3
002294.SZ,20260421,118700,56.08,6656696.0,56.2,0.0106499,0.627456,111457.0
002295.SZ,20260421,4000,10.93,43720.0,10.93,0.00159812,0.141515,25029.4
002296.SZ,20260421,19600,11.65,228340.0,11.66,0.00564166,0.205888,34741.5
002297.SZ,20260421,5763300,20.69,119242677.0,19.46,1.00563,8.18885,57310.5
002298.SZ,20260421,77500,10.36,802900.0,10.43,0.0117308,0.227847,66065.4
002299.SZ,20260421,28700,18.68,536116.0,18.68,0.00235451,0.281767,121894.0
002300.SZ,20260421,2354200,10.63,25025146.0,10.42,0.325933,4.94706,72229.5
002301.SZ,20260421,18700,6.7,125290.0,6.71,0.00260449,0.21501,71799.0
002302.SZ,20260421,27700,5.63,155951.0,5.63,0.00219431,0.28174,126235.0
002303.SZ,20260421,57000,3.41,194370.0,3.41,0.00589524,0.335069,96688.1
002304.SZ,20260421,18000,50.1,901800.0,49.95,0.00119489,0.430341,150641.0
002305.SZ,20260421,93900,2.29,215031.0,2.28,0.0054149,0.237817,173410.0
002306.SZ,20260421,331200,2.35,778320.0,2.36,0.0406899,1.93236,81396.0
002307.SZ,20260421,245500,4.75,1166125.0,4.73,0.0193567,0.781005,126829.0
002309.SZ,20260421,19368600,4.51,87352386.0,4.38,0.804968,4.81077,240613.0
002310.SZ,20260421,1444600,2.96,4276016.0,2.94,0.0336031,0.706121,429901.0
002311.SZ,20260421,16500,47.86,789690.0,47.85,0.000992468,0.205646,166252.0
002312.SZ,20260421,43700,11.5,502550.0,11.47,0.00231976,0.154411,188382.0
002313.SZ,20260421,12100,8.57,103697.0,8.61,0.00323206,0.210464,37437.4
002314.SZ,20260421,482900,2.61,1260369.0,2.61,0.0360837,0.449185,133828.0
002315.SZ,20260421,95300,43.8,4174140.0,44.01,0.047122,1.17437,20224.1
002316.SZ,20260421,78500,5.26,412910.0,5.25,0.0230351,0.501485,34078.5
002317.SZ,20260421,66400,18.14,1204496.0,18.19,0.00871829,0.215448,76161.7
002318.SZ,20260421,26700,29.42,785514.0,29.42,0.00279672,0.248212,95468.9
002319.SZ,20260421,12400,11.29,139996.0,11.35,0.0062,0.227303,20000.0
002320.SZ,20260421,70000,8.51,595700.0,8.53,0.00313117,0.49935,223559.0
002321.SZ,20260421,796800,2.18,1737024.0,2.2,0.0375165,0.79942,212387.0
002322.SZ,20260421,7700,14.34,110418.0,14.42,0.00219124,0.100558,35140.0
002323.SZ,20260421,429700,2.1,902370.0,2.1,0.0202652,0.41376,212038.0
002324.SZ,20260421,2214300,17.6,38971680.0,17.31,0.285246,7.44075,77627.6
002326.SZ,20260421,51400,24.55,1261870.0,24.53,0.00636013,0.123153,80815.9
002327.SZ,20260421,10100,7.08,71508.0,7.08,0.00205725,0.17556,49094.8
002328.SZ,20260421,3169876,12.36,39179667.36,12.51,0.555347,1.75557,57079.2
002329.SZ,20260421,433500,4.19,1816365.0,4.17,0.0666524,0.897131,65038.9
002330.SZ,20260421,81200,4.75,385700.0,4.76,0.0127838,0.604249,63517.9
002331.SZ,20260421,1670200,8.64,14430528.0,8.98,0.421933,14.6973,39584.5
002332.SZ,20260421,34100,8.94,304854.0,8.95,0.00346343,0.19471,98457.4
002333.SZ,20260421,810100,6.11,4949711.0,6.06,0.121544,1.65562,66650.9
002334.SZ,20260421,143200,8.4,1202880.0,8.43,0.0194827,0.228159,73501.2
002335.SZ,20260421,301500,63.32,19090980.0,64.02,0.0663114,1.17902,45467.3
002337.SZ,20260421,20600,6.15,126690.0,6.17,0.00350342,0.291492,58799.7
002338.SZ,20260421,139600,58.28,8135888.0,58.24,0.0581667,1.713,24000.0
002339.SZ,20260421,38500,10.74,413490.0,10.78,0.00804104,0.168878,47879.4
002340.SZ,20260421,1229400,8.43,10363842.0,8.46,0.0242215,0.812978,507566.0
002342.SZ,20260421,2391700,19.0,45442300.0,19.47,0.250521,0.872528,95469.0
002343.SZ,20260421,9900,6.38,63162.0,6.42,0.00209002,0.0960959,47368.0
002344.SZ,20260421,11700,4.41,51597.0,4.41,0.000913156,0.116141,128127.0
002345.SZ,20260421,164400,11.1,1824840.0,11.02,0.0189569,1.11553,86722.9
002346.SZ,20260421,3700,19.4,71780.0,19.35,0.000940698,0.104679,39332.5
002347.SZ,20260421,219000,8.42,1843980.0,8.39,0.0443874,0.691785,49338.3
002348.SZ,20260421,153900,9.65,1485135.0,9.73,0.0170331,0.671739,90353.3
002349.SZ,20260421,11500,7.39,84985.0,7.41,0.00141246,0.0442395,81418.1
002350.SZ,20260421,42900,13.78,591162.0,13.77,0.00808593,0.173051,53055.1
002351.SZ,20260421,12000,11.36,136320.0,11.4,0.00230301,0.28585,52105.7
002352.SZ,20260421,34900,36.64,1278736.0,36.66,0.000731654,0.164909,477001.0
002353.SZ,20260421,138300,117.95,16312485.0,118.02,0.0200291,0.648266,69049.6
002354.SZ,20260421,194200,5.81,1128302.0,5.84,0.0119439,0.39966,162593.0
002355.SZ,20260421,137000,6.21,850770.0,6.17,0.0221623,0.594326,61816.7
002356.SZ,20260421,78100,3.46,270226.0,3.48,0.00595616,0.284034,131125.0
002357.SZ,20260421,26800,11.07,296676.0,11.06,0.00854925,0.216924,31347.8
002358.SZ,20260421,108800,7.72,839936.0,7.7,0.011702,0.278267,92975.6
002360.SZ,20260421,75700,6.35,480695.0,6.4,0.0231129,0.332866,32752.2
002361.SZ,20260421,6639000,21.47,142539330.0,20.63,0.820518,1.9212,80912.3
002362.SZ,20260421,4800,19.0,91200.0,18.98,0.00231221,0.183243,20759.4
002363.SZ,20260421,95400,8.57,817578.0,8.65,0.022946,0.666653,41575.8
002364.SZ,20260421,1731900,43.67,75632073.0,43.7,0.310319,1.48697,55810.4
002365.SZ,20260421,12300,13.63,167649.0,13.68,0.0050145,0.154112,24528.8
002366.SZ,20260421,85200,7.33,624516.0,7.36,0.00460452,0.22346,185036.0
002367.SZ,20260421,26800,6.41,171788.0,6.41,0.00337287,0.308459,79457.6
002368.SZ,20260421,7200,20.68,148896.0,20.71,0.00116049,0.0762949,62043.0
002369.SZ,20260421,23300,7.3,170090.0,7.32,0.00411504,0.228882,56621.5
002370.SZ,20260421,189000,7.36,1391040.0,7.38,0.0253464,0.266988,74566.8
002371.SZ,20260421,85100,471.96,40163796.0,471.23,0.01175,0.879831,72425.3
002372.SZ,20260421,11600,10.57,122612.0,10.57,0.000788655,0.126876,147086.0
002373.SZ,20260421,120200,9.94,1194788.0,9.95,0.0087254,0.567341,137759.0
002374.SZ,20260421,32400,3.18,103032.0,3.19,0.0029856,0.174909,108521.0
002375.SZ,20260421,39400,4.0,157600.0,4.01,0.00296956,0.250046,132679.0
002376.SZ,20260421,36200,7.13,258106.0,7.16,0.00463325,0.362294,78131.0
002377.SZ,20260421,326800,3.43,1120924.0,3.42,0.0374636,1.05372,87231.5
002378.SZ,20260421,470300,33.12,15576336.0,33.5,0.0393517,0.554076,119512.0
002379.SZ,20260421,29100,28.36,825276.0,28.31,0.00256078,0.191897,113637.0
002380.SZ,20260421,34500,33.97,1171965.0,33.99,0.0242609,0.413894,14220.4
002381.SZ,20260421,11600,6.48,75168.0,6.47,0.00362051,0.211401,32039.7
002382.SZ,20260421,68200,7.31,498542.0,7.32,0.00682539,0.246222,99921.0
002383.SZ,20260421,125100,9.9,1238490.0,9.89,0.0168972,0.981844,74036.0
002384.SZ,20260421,923240,157.19,145124095.6,157.0,0.0665964,0.966606,138632.0
002385.SZ,20260421,295100,3.97,1171547.0,3.97,0.00837382,0.352083,352408.0
002386.SZ,20260421,367800,6.53,2401734.0,6.54,0.0282618,0.72826,130140.0
002387.SZ,20260421,75400,8.33,628082.0,8.32,0.00540503,0.681033,139500.0
002388.SZ,20260421,228200,5.18,1182076.0,5.19,0.0450789,1.2778,50622.3
002389.SZ,20260421,121100,22.64,2741704.0,22.64,0.0122974,0.492261,98476.1
002390.SZ,20260421,183600,3.22,591192.0,3.22,0.00952372,0.523892,192782.0
002391.SZ,20260421,41200,6.21,255852.0,6.21,0.008877,0.544543,46412.1
002392.SZ,20260421,2086000,8.0,16688000.0,7.77,0.182362,9.5846,114388.0
002393.SZ,20260421,16300,23.43,381909.0,23.46,0.00651224,0.316638,25029.8
002394.SZ,20260421,14300,14.13,202059.0,14.16,0.00442333,0.195465,32328.6
002395.SZ,20260421,24200,18.16,439472.0,18.17,0.0090236,0.418462,26818.6
002396.SZ,20260421,411000,27.5,11302500.0,29.12,0.0704636,2.42602,58328.0
002397.SZ,20260421,61900,4.11,254409.0,4.1,0.0095545,0.311662,64786.2
002398.SZ,20260421,17600,5.1,89760.0,5.11,0.00288762,0.168562,60949.9
002399.SZ,20260421,4600,11.11,51106.0,11.11,0.000368826,0.120029,124720.0
002400.SZ,20260421,504200,9.08,4578136.0,9.16,0.0292093,0.472177,172616.0
002401.SZ,20260421,5300,14.85,78705.0,14.89,0.00142723,0.182527,37135.0
002402.SZ,20260421,79600,32.02,2548792.0,32.1,0.00978346,0.320067,81361.8
002403.SZ,20260421,4100,10.77,44157.0,10.7,0.00137972,0.130604,29716.1
002404.SZ,20260421,28900,6.98,201722.0,7.0,0.00634407,0.497304,45554.3
002405.SZ,20260421,126300,9.2,1161960.0,9.27,0.00536112,0.226294,235585.0
002406.SZ,20260421,24000,7.69,184560.0,7.68,0.0039853,0.146332,60221.3
002407.SZ,20260421,318440,30.25,9632810.0,30.12,0.0295189,0.342701,107877.0
002408.SZ,20260421,83800,6.58,551404.0,6.55,0.00304606,0.170733,275110.0
002409.SZ,20260421,45200,86.46,3907992.0,86.46,0.0141905,0.445159,31852.3
002410.SZ,20260421,92900,11.62,1079498.0,11.63,0.00591675,0.353412,157012.0
002412.SZ,20260421,26100,6.57,171477.0,6.58,0.0052426,0.227662,49784.5
002413.SZ,20260421,1133200,14.1,15978120.0,14.08,0.0874767,0.868155,129543.0
002414.SZ,20260421,6337588,14.45,91578146.6,13.69,0.186476,7.74242,339861.0
002415.SZ,20260421,420700,34.5,14514150.0,34.51,0.00465047,0.474677,904640.0
002416.SZ,20260421,1400363,13.49,18890896.87,13.62,0.114418,3.27846,122390.0
002418.SZ,20260421,27280000,6.9,188232000.0,6.81,2.40057,10.7669,113640.0
002419.SZ,20260421,76000,5.78,439280.0,5.79,0.00650295,0.295906,116870.0
002420.SZ,20260421,80000,7.95,636000.0,7.94,0.0200221,0.947502,39955.9
002421.SZ,20260421,1261500,2.9,3658350.0,2.9,0.0628646,1.21565,200669.0
002422.SZ,20260421,52600,33.99,1787874.0,33.96,0.00402791,0.21733,130589.0
002423.SZ,20260421,12300,10.29,126567.0,10.26,0.00053383,0.130245,230411.0
002424.SZ,20260421,18700,5.15,96305.0,5.13,0.00154136,0.176615,121321.0
002425.SZ,20260421,7900,3.26,25754.0,3.26,0.000826307,0.0512701,95606.1
002426.SZ,20260421,479100,3.75,1796625.0,3.78,0.0140804,0.373638,340260.0
002427.SZ,20260421,59700,6.51,388647.0,6.52,0.00606273,0.287358,98470.5
002428.SZ,20260421,3173665,68.32,216824792.8,68.2,0.485987,3.32736,65303.6
002429.SZ,20260421,1339100,10.62,14221242.0,10.96,0.0295977,1.20474,452433.0
002430.SZ,20260421,169600,28.36,4809856.0,28.35,0.0173426,1.22949,97793.8
002431.SZ,20260421,287000,2.57,737590.0,2.58,0.0159232,0.569081,180240.0
002432.SZ,20260421,205200,80.36,16489872.0,80.28,0.0468055,0.503652,43841.0
002434.SZ,20260421,530400,7.96,4221984.0,8.14,0.0404471,3.67302,131134.0
002436.SZ,20260421,707500,26.3,18607250.0,26.55,0.0468389,0.492798,151050.0
002437.SZ,20260421,843400,3.84,3238656.0,3.85,0.0404305,0.399333,208605.0
002438.SZ,20260421,9000,16.83,151470.0,16.78,0.00191946,0.108827,46888.1
002439.SZ,20260421,358200,15.41,5519862.0,15.63,0.0491628,0.532029,72859.9
002440.SZ,20260421,33800,11.77,397826.0,11.77,0.00357158,0.136511,94635.9
002441.SZ,20260421,68100,9.71,661251.0,9.71,0.0170868,0.749411,39855.4
002442.SZ,20260421,15100,5.68,85768.0,5.72,0.00306498,0.143529,49266.3
002443.SZ,20260421,192100,9.71,1865291.0,9.64,0.0369831,0.629702,51942.7
002444.SZ,20260421,25000,32.1,802500.0,32.1,0.00217954,0.191046,114703.0
002445.SZ,20260421,438900,3.41,1496649.0,3.41,0.0185479,0.38227,236631.0
002446.SZ,20260421,136300,10.74,1463862.0,10.75,0.0160773,0.334409,84777.7
002448.SZ,20260421,37100,15.15,562065.0,15.16,0.00814423,0.21693,45553.7
002449.SZ,20260421,33900,8.23,278997.0,8.25,0.0054812,0.271538,61847.7
002451.SZ,20260421,107700,9.88,1064076.0,9.85,0.0245247,0.751413,43914.9
002452.SZ,20260421,149400,11.06,1652364.0,11.15,0.0289588,0.61911,51590.5
002453.SZ,20260421,37700,4.86,183222.0,4.87,0.00615246,0.337096,61276.3
002454.SZ,20260421,74500,10.55,785975.0,10.6,0.011883,0.302563,62694.6
002455.SZ,20260421,261000,11.44,2985840.0,11.46,0.0394969,0.401239,66081.2
002456.SZ,20260421,331200,9.46,3133152.0,9.5,0.00998484,0.489208,331703.0
002457.SZ,20260421,189900,11.52,2187648.0,11.52,0.0569808,1.05717,33327.0
002458.SZ,20260421,218300,10.5,2292150.0,10.44,0.0303031,1.08596,72038.9
002459.SZ,20260421,119000,11.16,1328040.0,11.15,0.00359976,0.263393,330578.0
002460.SZ,20260421,983508,83.8,82417970.4,82.71,0.0811999,1.0963,121122.0
002461.SZ,20260421,21500,9.8,210700.0,9.82,0.000971388,0.191591,221333.0
002462.SZ,20260421,3000,14.2,42600.0,14.25,0.00102926,0.0887509,29147.0
002463.SZ,20260421,541922,96.51,52300892.22,98.0,0.0281838,0.569332,192281.0
002465.SZ,20260421,1382200,16.66,23027452.0,16.8,0.0557814,1.48307,247789.0
002466.SZ,20260421,2718800,70.0,190316000.0,66.82,0.184251,3.53805,147560.0
002467.SZ,20260421,456700,7.56,3452652.0,7.56,0.0334136,0.192112,136681.0
002468.SZ,20260421,361000,17.0,6137000.0,16.99,0.0246047,0.620871,146720.0
002469.SZ,20260421,67500,8.55,577125.0,8.56,0.0107415,0.419228,62840.3
002470.SZ,20260421,1824700,2.91,5309877.0,2.92,0.0555338,0.925893,328575.0
002471.SZ,20260421,1093600,9.45,10334520.0,9.54,0.0814661,0.470945,134240.0
002472.SZ,20260421,63000,39.0,2457000.0,39.08,0.00834214,0.511357,75520.2
002474.SZ,20260421,53200,7.46,396872.0,7.49,0.0100233,0.374851,53076.6
002475.SZ,20260421,3740587,64.86,242614472.82,65.73,0.0514575,1.60102,726927.0
002476.SZ,20260421,21400,5.89,126046.0,5.92,0.00349715,0.24877,61192.7
002478.SZ,20260421,195200,10.88,2123776.0,10.89,0.0270089,0.554924,72272.4
002479.SZ,20260421,24300,5.65,137295.0,5.67,0.00281552,0.0836816,86307.3
002480.SZ,20260421,13700,6.14,84118.0,6.14,0.00178471,0.13852,76763.0
002481.SZ,20260421,13400,4.46,59764.0,4.46,0.00119861,0.148627,111797.0
002482.SZ,20260421,410300,1.66,681098.0,1.66,0.0109602,1.16367,374356.0
002483.SZ,20260421,11600,6.93,80388.0,6.91,0.00131036,0.175689,88525.1
002484.SZ,20260421,144400,34.51,4983244.0,34.76,0.0175996,0.217623,82047.2
002485.SZ,20260421,13600,4.87,66232.0,4.86,0.0025,0.413383,54400.0
002486.SZ,20260421,48200,2.87,138334.0,2.88,0.0058747,0.250251,82046.7
002487.SZ,20260421,180100,89.0,16028900.0,89.63,0.0285456,0.894711,63092.0
002488.SZ,20260421,25000,12.28,307000.0,12.31,0.00271714,0.0941541,92008.4
002489.SZ,20260421,1151700,3.46,3984882.0,3.42,0.060203,7.02751,191303.0
002490.SZ,20260421,302100,8.88,2682648.0,8.88,0.0557666,0.616254,54172.2
002491.SZ,20260421,5816000,16.67,96952720.0,16.64,0.494361,2.82229,117647.0
002492.SZ,20260421,201000,8.27,1662270.0,8.16,0.0505235,1.86961,39783.5
002493.SZ,20260421,89400,11.92,1065648.0,11.92,0.000954904,0.173717,936220.0
002494.SZ,20260421,103000,5.52,568560.0,5.52,0.0359172,0.649866,28677.0
002495.SZ,20260421,148800,2.57,382416.0,2.56,0.0212337,0.644336,70077.4
002496.SZ,20260421,10332400,2.23,23041252.0,2.12,0.874702,32.6028,118125.0
002497.SZ,20260421,354300,28.31,10030233.0,27.92,0.0334703,0.602911,105855.0
002498.SZ,20260421,2726100,9.31,25379991.0,9.4,0.0819437,1.09978,332680.0
002500.SZ,20260421,91800,5.67,520506.0,5.68,0.00255727,0.618312,358977.0
002501.SZ,20260421,2141300,1.95,4175535.0,1.96,0.0603784,1.63029,354647.0
002506.SZ,20260421,4478200,4.68,20957976.0,4.65,0.0766234,0.855112,584443.0
002507.SZ,20260421,27800,12.3,341940.0,12.3,0.00241575,0.399984,115078.0
002508.SZ,20260421,22600,19.46,439796.0,19.45,0.00242086,0.445193,93355.2
002510.SZ,20260421,216200,7.04,1522048.0,7.11,0.0215157,1.04047,100485.0
002511.SZ,20260421,32500,8.76,284700.0,8.76,0.00256914,0.137297,126502.0
002512.SZ,20260421,2780800,4.25,11818400.0,4.21,0.254082,4.21086,109445.0
002513.SZ,20260421,268000,6.23,1669640.0,6.23,0.0927203,2.60434,28904.1
002514.SZ,20260421,20500,4.31,88355.0,4.34,0.00370013,0.143609,55403.4
002515.SZ,20260421,850600,6.38,5426828.0,6.39,0.0702627,0.992074,121060.0
002516.SZ,20260421,19100,5.79,110589.0,5.79,0.00131053,0.184126,145743.0
002517.SZ,20260421,99400,17.69,1758386.0,17.77,0.0052618,0.140242,188909.0
002518.SZ,20260421,49900,48.42,2416158.0,48.83,0.00882966,0.458922,56514.0
002519.SZ,20260421,513800,8.58,4408404.0,8.67,0.0459733,0.462672,111760.0
002520.SZ,20260421,75700,5.7,431490.0,5.71,0.0105514,0.329479,71744.0
002521.SZ,20260421,12800,8.65,110720.0,8.65,0.00305922,0.102359,41840.8
002522.SZ,20260421,77100,6.26,482646.0,6.28,0.00851915,0.173727,90502.0
002523.SZ,20260421,43300,4.1,177530.0,4.12,0.00306757,0.250594,141154.0
002524.SZ,20260421,369600,4.05,1496880.0,4.09,0.072349,2.60586,51085.7
002526.SZ,20260421,44900,3.45,154905.0,3.45,0.00253517,0.218986,177108.0
002527.SZ,20260421,34700,13.66,474002.0,13.66,0.00656093,0.319454,52888.9
002528.SZ,20260421,3695700,5.23,19328511.0,5.51,0.351898,5.57647,105022.0
002529.SZ,20260421,100,7.16,716.0,7.19,3.84615e-05,0.00245479,26000.0
002530.SZ,20260421,43600,9.18,400248.0,9.2,0.00627227,0.173509,69512.3
002531.SZ,20260421,82400,12.17,1002808.0,12.25,0.00461163,0.13755,178679.0
002532.SZ,20260421,151500,18.88,2860320.0,18.89,0.00368895,0.233039,410686.0
002533.SZ,20260421,151600,13.99,2120884.0,13.9,0.023775,0.800984,63764.5
002534.SZ,20260421,26100,18.4,480240.0,18.41,0.00316225,0.201857,82536.3
002535.SZ,20260421,8500,3.46,29410.0,3.46,0.00113889,0.0855461,74633.9
002536.SZ,20260421,1763101,38.0,66997838.0,40.96,0.323861,3.49026,54440.1
002537.SZ,20260421,77100,7.82,602922.0,7.82,0.00659425,0.285716,116920.0
002538.SZ,20260421,178000,7.12,1267360.0,7.01,0.0208541,0.988168,85355.1
002539.SZ,20260421,45300,14.1,638730.0,14.13,0.00509107,0.138585,88979.4
002540.SZ,20260421,354500,6.69,2371605.0,6.92,0.0405589,4.83609,87403.8
002541.SZ,20260421,34000,20.31,690540.0,20.27,0.00685247,0.487668,49617.2
002543.SZ,20260421,10300,8.5,87550.0,8.49,0.00155681,0.238362,66161.1
002544.SZ,20260421,100500,27.85,2798925.0,27.63,0.0147692,0.763554,68046.9
002545.SZ,20260421,22800,21.77,496356.0,21.79,0.00201741,0.10026,113016.0
002546.SZ,20260421,48900,8.96,438144.0,8.96,0.0061031,0.138439,80123.2
002547.SZ,20260421,1536000,3.45,5299200.0,3.47,0.139029,2.1182,110481.0
002548.SZ,20260421,40300,5.11,205933.0,5.13,0.0050095,0.153046,80447.1
002549.SZ,20260421,152200,19.86,3022692.0,19.96,0.0219828,0.404217,69236.0
002550.SZ,20260421,23000,7.72,177560.0,7.7,0.00244358,0.0860438,94124.0
002551.SZ,20260421,32800,3.43,112504.0,3.43,0.00536661,0.224325,61118.7
002552.SZ,20260421,157400,20.41,3212534.0,20.76,0.0427133,0.572256,36850.3
002553.SZ,20260421,23800,25.16,598808.0,25.27,0.00948963,0.206817,25080.0
002554.SZ,20260421,153100,3.46,529726.0,3.49,0.0114813,0.523974,133347.0
002555.SZ,20260421,183000,21.75,3980250.0,21.85,0.0115286,0.347695,158736.0
002556.SZ,20260421,24500,6.36,155820.0,6.38,0.00259089,0.112076,94562.1
002557.SZ,20260421,1291898,25.77,33292211.46,23.68,0.255936,19.8914,50477.3
002558.SZ,20260421,231300,32.25,7459425.0,32.25,0.0121701,0.408377,190056.0
002559.SZ,20260421,66800,10.78,720104.0,10.78,0.0132521,0.231922,50407.1
002560.SZ,20260421,7379400,16.14,119103516.0,15.27,1.62924,5.76017,45293.6
002561.SZ,20260421,21000,8.1,170100.0,8.13,0.00506708,0.503414,41444.0
002562.SZ,20260421,30000,5.89,176700.0,5.89,0.00408498,0.154926,73439.8
002563.SZ,20260421,12300,5.21,64083.0,5.22,0.000557294,0.0814652,220709.0
002564.SZ,20260421,26400,6.23,164472.0,6.25,0.00307368,0.139025,85890.4
002565.SZ,20260421,11006110,22.32,245656375.2,20.29,1.03837,4.31777,105994.0
002566.SZ,20260421,12600,7.66,96516.0,7.68,0.00543594,0.155845,23179.0
002567.SZ,20260421,314500,4.26,1339770.0,4.27,0.0219712,0.824859,143142.0
002568.SZ,20260421,13600,17.17,233512.0,17.17,0.00178225,0.268596,76308.1
002569.SZ,20260421,1100,13.78,15158.0,13.89,0.000785959,0.0359106,13995.6
002570.SZ,20260421,19500,5.04,98280.0,5.04,0.00180556,0.131889,108000.0
002571.SZ,20260421,6600,12.09,79794.0,12.08,0.00221249,0.115184,29830.6
002572.SZ,20260421,39000,13.05,508950.0,13.03,0.00598652,0.384307,65146.4
002573.SZ,20260421,14500,3.53,51185.0,3.53,0.00102637,0.140906,141275.0
002574.SZ,20260421,5000,5.45,27250.0,5.46,0.00094697,0.0749732,52800.0
002575.SZ,20260421,132200,6.45,852690.0,6.49,0.0225792,0.181628,58549.6
002576.SZ,20260421,3500,19.08,66780.0,19.04,0.00216013,0.0688552,16202.8
002577.SZ,20260421,1300,15.66,20358.0,15.71,0.000463172,0.0656944,28067.3
002578.SZ,20260421,28900,3.99,115311.0,4.01,0.00335593,0.079715,86116.3
002579.SZ,20260421,522800,13.11,6853908.0,13.25,0.0896108,0.861537,58341.2
002580.SZ,20260421,9461024,29.9,282884617.6,33.0,2.09158,8.78259,45233.9
002581.SZ,20260421,6100,7.42,45262.0,7.41,0.00152199,0.0961035,40079.1
002582.SZ,20260421,178300,12.39,2209137.0,12.39,0.0517949,0.502417,34424.2
002583.SZ,20260421,77800,10.88,846464.0,10.89,0.00606523,0.288553,128272.0
002584.SZ,20260421,11500,7.63,87745.0,7.63,0.00245503,0.0918426,46842.7
002585.SZ,20260421,283200,7.64,2163648.0,7.65,0.0319436,0.513416,88656.2
002586.SZ,20260421,88900,5.03,447167.0,5.08,0.00817458,1.08808,108752.0
002587.SZ,20260421,8700,6.55,56985.0,6.59,0.0016332,0.0600593,53269.8
002588.SZ,20260421,30800,10.47,322476.0,10.5,0.00358725,0.233338,85859.8
002589.SZ,20260421,1092100,3.4,3713140.0,3.43,0.0799727,0.593837,136559.0
002590.SZ,20260421,4400,12.7,55880.0,12.7,0.000888966,0.0667986,49495.7
002591.SZ,20260421,15700,6.86,107702.0,6.89,0.00702422,0.222228,22351.2
002592.SZ,20260421,22400,8.08,180992.0,8.08,0.00852689,0.498558,26269.8
002593.SZ,20260421,36500,5.28,192720.0,5.28,0.00651199,0.233023,56050.4
002594.SZ,20260421,187900,102.91,19336789.0,102.91,0.00538918,0.384813,348661.0
002595.SZ,20260421,17600,88.45,1556720.0,88.45,0.00221532,0.357585,79446.8
002596.SZ,20260421,70400,3.56,250624.0,3.56,0.00614029,0.271099,114653.0
002597.SZ,20260421,6800,22.57,153476.0,22.59,0.00119877,0.0717166,56724.7
002598.SZ,20260421,41600,8.1,336960.0,8.1,0.0145186,0.411382,28653.0
002599.SZ,20260421,23400,7.11,166374.0,7.15,0.0058793,0.276464,39800.7
002600.SZ,20260421,1172600,14.5,17002700.0,14.64,0.0162872,1.00324,719954.0
002601.SZ,20260421,51300,17.65,905445.0,17.67,0.002581,0.256648,198760.0
002602.SZ,20260421,238400,16.81,4007504.0,16.87,0.00350752,0.256352,679683.0
002603.SZ,20260421,19600,16.5,323400.0,16.53,0.00142354,0.116842,137685.0
002605.SZ,20260421,20600,20.97,431982.0,20.92,0.00610802,0.417116,33726.2
002606.SZ,20260421,237900,12.36,2940444.0,12.46,0.0564893,0.642266,42114.2
002607.SZ,20260421,176100,2.58,454338.0,2.59,0.00346381,0.214917,508400.0
002608.SZ,20260421,285123,8.03,2289537.69,8.09,0.00754677,2.27678,377808.0
002609.SZ,20260421,21200,8.4,178080.0,8.43,0.00461471,0.304806,45940.0
002611.SZ,20260421,59500,17.85,1062075.0,17.93,0.0059387,0.198695,100190.0
002612.SZ,20260421,13100,16.99,222569.0,16.99,0.00514251,0.299754,25473.9
002613.SZ,20260421,363000,4.04,1466520.0,4.05,0.0470051,0.572592,77225.7
002614.SZ,20260421,14900,6.15,91635.0,6.18,0.00337665,0.212109,44126.6
002615.SZ,20260421,19600,7.82,153272.0,7.83,0.00641104,0.12772,30572.3
002616.SZ,20260421,84600,5.9,499140.0,5.91,0.0144005,0.638436,58748.0
002617.SZ,20260421,622000,7.8,4851600.0,7.83,0.033127,1.04348,187762.0
002620.SZ,20260421,520700,9.6,4998720.0,9.35,0.165113,2.51948,31536.0
002622.SZ,20260421,362700,2.56,928512.0,2.55,0.0431798,1.24445,83997.5
002623.SZ,20260421,24700,22.69,560443.0,22.59,0.0124348,0.615287,19863.6
002624.SZ,20260421,389100,19.98,7774218.0,20.15,0.0212887,0.464149,182773.0
002625.SZ,20260421,63500,40.66,2581910.0,40.54,0.00294721,0.24334,215458.0
002626.SZ,20260421,255900,17.12,4381008.0,17.75,0.0419604,5.38029,60986.0
002627.SZ,20260421,16000,7.55,120800.0,7.58,0.00223119,0.0717678,71710.8
002628.SZ,20260421,911327,5.72,5212790.44,5.7,0.1209,1.90837,75378.5
002629.SZ,20260421,111300,6.68,743484.0,6.66,0.0307243,0.504365,36225.4
002630.SZ,20260421,1044000,2.2,2296800.0,2.21,0.101332,1.68933,103027.0
002631.SZ,20260421,62300,7.49,466627.0,7.51,0.00785058,0.300006,79357.2
002632.SZ,20260421,28000,12.21,341880.0,12.27,0.00487443,0.267014,57442.6
002633.SZ,20260421,51600,19.2,990720.0,19.15,0.0345338,1.45842,14941.9
002634.SZ,20260421,287200,5.65,1622680.0,5.69,0.0643204,0.541889,44651.5
002635.SZ,20260421,120100,16.67,2002067.0,16.8,0.0303641,0.3756,39553.3
002636.SZ,20260421,148800,38.8,5773440.0,39.57,0.0205435,0.321426,72431.5
002637.SZ,20260421,68600,11.94,819084.0,11.93,0.015495,0.560965,44272.3
002638.SZ,20260421,322700,4.52,1458604.0,4.53,0.0238563,0.469685,135268.0
002639.SZ,20260421,428800,20.0,8576000.0,20.07,0.0659064,0.534946,65061.9
002640.SZ,20260421,104700,3.53,369591.0,3.53,0.00676242,0.295956,154826.0
002641.SZ,20260421,33000,4.21,138930.0,4.19,0.00291007,0.395605,113399.0
002642.SZ,20260421,30200,7.95,240090.0,7.98,0.00456483,0.239133,66158.0
002643.SZ,20260421,73200,16.75,1226100.0,16.75,0.00805019,0.620225,90929.6
002644.SZ,20260421,9500,8.43,80085.0,8.46,0.00186035,0.174461,51065.7
002645.SZ,20260421,236900,22.68,5372892.0,22.88,0.0423847,0.453823,55892.8
002646.SZ,20260421,38200,7.96,304072.0,7.97,0.0080264,1.10708,47593.0
002647.SZ,20260421,2759800,11.88,32786424.0,11.54,0.271823,4.62155,101529.0
002648.SZ,20260421,286300,26.39,7555457.0,26.26,0.00850443,0.428652,336648.0
002649.SZ,20260421,32200,11.98,385756.0,11.98,0.00587009,0.378434,54854.3
002650.SZ,20260421,9500,7.36,69920.0,7.29,0.000858139,0.0606059,110705.0
002651.SZ,20260421,36000,9.78,352080.0,9.73,0.00636646,0.511819,56546.4
002652.SZ,20260421,117800,4.89,576042.0,4.9,0.0230049,0.718676,51206.4
002653.SZ,20260421,9600,57.36,550656.0,57.63,0.00178842,0.116124,53678.6
002654.SZ,20260421,399600,15.83,6325668.0,15.94,0.0472764,0.641155,84524.3
002655.SZ,20260421,309800,22.69,7029362.0,22.69,0.0853314,0.718402,36305.5
002656.SZ,20260421,57700,3.09,178293.0,3.07,0.00852806,0.709095,67659.0
002657.SZ,20260421,13100,22.59,295929.0,22.59,0.00389749,0.184509,33611.4
002658.SZ,20260421,162800,8.79,1431012.0,8.84,0.0454036,1.37252,35856.1
002659.SZ,20260421,8400,5.16,43344.0,5.17,0.00140403,0.0774556,59827.8
002660.SZ,20260421,12300,8.73,107379.0,8.77,0.00358614,0.344792,34298.7
002661.SZ,20260421,45000,8.94,402300.0,8.87,0.0143052,1.43812,31457.2
002662.SZ,20260421,60000,4.18,250800.0,4.18,0.00400005,0.295293,149998.0
002663.SZ,20260421,596100,2.19,1305459.0,2.18,0.0461059,0.685051,129289.0
002664.SZ,20260421,117500,21.26,2498050.0,21.33,0.029187,1.28948,40257.6
002666.SZ,20260421,8200,5.43,44526.0,5.42,0.00163781,0.0864298,50066.8
002667.SZ,20260421,122000,29.0,3538000.0,28.83,0.0515614,0.446776,23661.1
002668.SZ,20260421,571900,9.63,5507397.0,9.35,0.0527529,6.59599,108411.0
002669.SZ,20260421,59300,13.9,824270.0,13.91,0.0195892,0.651847,30271.8
002670.SZ,20260421,679800,14.0,9517200.0,14.68,0.0418763,6.45672,162335.0
002671.SZ,20260421,27000,4.83,130410.0,4.83,0.00490116,0.245699,55089.0
002672.SZ,20260421,13000,4.19,54470.0,4.19,0.00143628,0.148598,90511.8
002673.SZ,20260421,51000,7.31,372810.0,7.31,0.00114105,0.2519,446958.0
002674.SZ,20260421,11500,13.83,159045.0,13.9,0.00393077,0.346805,29256.4
002675.SZ,20260421,22100,13.97,308737.0,13.99,0.00297289,0.0886444,74338.4
002676.SZ,20260421,4100,6.97,28577.0,6.99,0.000569463,0.0288097,71997.6
002677.SZ,20260421,7800,7.6,59280.0,7.62,0.0014583,0.140695,53487.1
002678.SZ,20260421,81000,5.8,469800.0,5.82,0.00596652,0.31248,135757.0
002679.SZ,20260421,16200,10.7,173340.0,10.67,0.00687151,0.528104,23575.6
002681.SZ,20260421,36300,5.24,190212.0,5.24,0.00231319,0.168896,156926.0
002682.SZ,20260421,65100,6.02,391902.0,6.02,0.0115762,0.398934,56236.0
002683.SZ,20260421,8500,42.13,358105.0,42.13,0.00127521,0.0629407,66655.9
002685.SZ,20260421,274800,8.54,2346792.0,8.59,0.0272739,0.40132,100756.0
002686.SZ,20260421,2211900,8.38,18535722.0,8.47,0.423142,4.89404,52273.3
002687.SZ,20260421,168500,5.12,862720.0,5.12,0.0407602,0.668119,41339.4
002688.SZ,20260421,19900,5.83,116017.0,5.84,0.00266234,0.192421,74746.4
002689.SZ,20260421,21700,3.78,82026.0,3.78,0.00208071,0.154941,104291.0
002690.SZ,20260421,28600,18.23,521378.0,18.22,0.00659371,0.762423,43374.7
002691.SZ,20260421,38300,7.3,279590.0,7.33,0.0113995,1.0334,33598.0
002692.SZ,20260421,2715900,7.07,19201413.0,7.26,0.378412,3.20335,71770.9
002693.SZ,20260421,163200,8.58,1400256.0,8.62,0.0397098,1.35062,41098.2
002694.SZ,20260421,142200,2.86,406692.0,2.84,0.0197835,1.07071,71878.1
002695.SZ,20260421,35600,11.71,416876.0,11.62,0.00696053,0.573715,51145.5
002696.SZ,20260421,53000,6.86,363580.0,6.91,0.0158452,0.870773,33448.7
002697.SZ,20260421,38300,5.29,202607.0,5.29,0.00334398,0.232455,114534.0
002698.SZ,20260421,30900,14.13,436617.0,14.08,0.00367753,0.453434,84023.9
002700.SZ,20260421,10600,6.62,70172.0,6.64,0.00402331,0.251566,26346.5
002701.SZ,20260421,59300,5.32,315476.0,5.32,0.00231876,0.159628,255741.0
002702.SZ,20260421,31200,5.74,179088.0,5.73,0.00680118,0.267202,45874.4
002703.SZ,20260421,155700,20.33,3165381.0,20.43,0.0265678,0.415638,58604.8
002705.SZ,20260421,239200,17.82,4262544.0,18.07,0.0296002,0.449394,80810.3
002706.SZ,20260421,645700,11.04,7128528.0,11.09,0.0706161,0.983206,91438.1
002707.SZ,20260421,147000,6.55,962850.0,6.57,0.0178137,0.647698,82520.7
002708.SZ,20260421,430900,13.48,5808532.0,13.69,0.0834016,1.24846,51665.7
002709.SZ,20260421,746800,49.8,37190640.0,49.65,0.0494894,0.662548,150901.0
002712.SZ,20260421,60000,5.28,316800.0,5.28,0.0110926,0.572793,54090.0
002713.SZ,20260421,196479,14.16,2782142.64,14.3,0.0373179,0.60363,52650.1
002714.SZ,20260421,188040,45.34,8525733.6,45.32,0.00494817,0.41317,380019.0
002715.SZ,20260421,12100,15.88,192148.0,15.86,0.00876812,0.327825,13800.0
002716.SZ,20260421,1288431,12.39,15963660.09,12.32,0.0554199,0.760667,232485.0
002717.SZ,20260421,263200,1.61,423752.0,1.62,0.0162952,0.573442,161520.0
002718.SZ,20260421,3800,73.83,280554.0,73.92,0.00404338,0.175952,9398.08
002719.SZ,20260421,55300,8.36,462308.0,8.36,0.0341651,1.11547,16186.1
002721.SZ,20260421,97800,2.96,289488.0,2.97,0.00367755,0.197228,265938.0
002722.SZ,20260421,90300,15.13,1366239.0,14.69,0.0406104,3.89025,22235.7
002723.SZ,20260421,87100,10.56,919776.0,10.63,0.0274665,0.486054,31711.4
002724.SZ,20260421,25200,7.16,180432.0,7.17,0.00443828,0.393584,56778.8
002725.SZ,20260421,84300,16.83,1418769.0,17.02,0.0397616,0.746307,21201.4
002726.SZ,20260421,1720800,3.43,5902344.0,3.46,0.159578,2.6518,107834.0
002727.SZ,20260421,8300,12.52,103916.0,12.52,0.00208904,0.151514,39731.2
002728.SZ,20260421,37800,10.7,404460.0,10.71,0.0113881,0.210687,33192.7
002729.SZ,20260421,41500,20.36,844940.0,20.25,0.0236516,0.413907,17546.4
002730.SZ,20260421,68200,26.53,1809346.0,26.7,0.0197093,0.291787,34603.0
002731.SZ,20260421,132000,6.23,822360.0,6.56,0.0574772,0.842284,22965.6
002732.SZ,20260421,2800,16.23,45444.0,16.22,0.00178838,0.210223,15656.6
002733.SZ,20260421,122300,30.91,3780293.0,30.83,0.033156,0.353428,36886.3
002734.SZ,20260421,47000,17.55,824850.0,17.55,0.0108209,0.192724,43434.6
002735.SZ,20260421,36600,15.64,572424.0,15.64,0.0128394,0.376935,28505.9
002736.SZ,20260421,276300,11.43,3158109.0,11.47,0.0028744,0.62625,961243.0
002737.SZ,20260421,4600,12.32,56672.0,12.31,0.000787671,0.127514,58400.0
002738.SZ,20260421,106900,83.81,8959289.0,83.26,0.0150303,0.390139,71122.8
002739.SZ,20260421,375500,10.23,3841365.0,10.3,0.0178817,1.00477,209991.0
002741.SZ,20260421,106400,19.44,2068416.0,19.6,0.0249555,0.575957,42635.8
002742.SZ,20260421,21700,4.75,103075.0,4.73,0.00414154,0.432661,52396.0
002743.SZ,20260421,19200,5.34,102528.0,5.33,0.00441815,0.272647,43457.1
002745.SZ,20260421,179700,8.74,1570578.0,8.74,0.0168784,0.464803,106468.0
002746.SZ,20260421,54800,6.1,334280.0,6.1,0.00772183,0.564482,70967.6
002747.SZ,20260421,40700,21.35,868945.0,21.43,0.00520191,0.354427,78240.5
002748.SZ,20260421,2500,12.31,30775.0,12.24,0.00104167,0.063558,24000.0
002749.SZ,20260421,46500,12.33,573345.0,12.37,0.0102513,1.22673,45359.9
002752.SZ,20260421,5406270,6.9,37303263.0,6.27,0.55419,30.4455,97552.7
002753.SZ,20260421,29100,7.25,210975.0,7.25,0.0119847,0.502818,24281.0
002755.SZ,20260421,32400,15.86,513864.0,15.91,0.00349081,0.164354,92815.2
002756.SZ,20260421,57600,75.73,4362048.0,74.74,0.0148175,0.287979,38873.1
002757.SZ,20260421,95100,22.31,2121681.0,22.65,0.033717,0.418433,28205.4
002758.SZ,20260421,9200,9.74,89608.0,9.75,0.00177536,0.140174,51820.5
002759.SZ,20260421,114900,34.55,3969795.0,34.49,0.0229368,0.184412,50094.2
002760.SZ,20260421,5400,21.98,118692.0,22.01,0.00500052,0.192286,10798.9
002761.SZ,20260421,82800,8.11,671508.0,8.13,0.00765399,1.08179,108179.0
002762.SZ,20260421,20400,8.25,168300.0,8.17,0.00965094,0.265374,21137.8
002763.SZ,20260421,71600,8.1,579960.0,8.11,0.0235826,1.27769,30361.4
002765.SZ,20260421,22300,10.39,231697.0,10.44,0.00374249,0.279989,59586.0
002766.SZ,20260421,37200,4.83,179676.0,4.83,0.0043421,0.173047,85672.8
002767.SZ,20260421,2800,21.94,61432.0,21.95,0.00215056,0.0745685,13019.9
002768.SZ,20260421,6400,51.28,328192.0,51.5,0.00362097,0.187702,17674.8
002769.SZ,20260421,16900,10.47,176943.0,10.51,0.00453071,0.254042,37301.0
002771.SZ,20260421,993800,18.16,18047408.0,18.35,0.569465,2.60772,17451.5
002772.SZ,20260421,35300,19.3,681290.0,19.0,0.00949897,0.243458,37161.9
002773.SZ,20260421,41600,26.74,1112384.0,27.01,0.00605678,0.262595,68683.4
002774.SZ,20260421,29900,11.16,333684.0,11.2,0.0106114,0.715657,28177.2
002775.SZ,20260421,57100,3.72,212412.0,3.72,0.00998653,0.415234,57177.0
002777.SZ,20260421,8400,16.79,141036.0,16.7,0.00207658,0.170143,40451.1
002778.SZ,20260421,4800,20.6,98880.0,20.58,0.00388888,0.143586,12342.9
002779.SZ,20260421,5300,95.0,503500.0,95.21,0.00319646,0.20492,16580.8
002780.SZ,20260421,12800,14.98,191744.0,15.03,0.00979704,0.331105,13065.2
002782.SZ,20260421,22900,22.9,524410.0,23.05,0.00470708,0.203692,48650.1
002783.SZ,20260421,15800,9.47,149626.0,9.49,0.00342593,0.152282,46118.8
002785.SZ,20260421,112500,43.85,4933125.0,42.56,0.058141,1.6647,19349.5
002786.SZ,20260421,13600,7.21,98056.0,7.24,0.00275241,0.268528,49411.2
002787.SZ,20260421,194600,16.97,3302362.0,16.93,0.0775731,0.561808,25086.0
002788.SZ,20260421,251400,14.94,3755916.0,15.13,0.0658471,0.427659,38179.4
002789.SZ,20260421,0,,0.0,13.36,0.0,0.0,15646.6
002790.SZ,20260421,2100,7.74,16254.0,7.76,0.000805531,0.064085,26069.8
002791.SZ,20260421,6600,19.29,127314.0,19.29,0.00303163,0.156836,21770.5
002792.SZ,20260421,358030,52.33,18735709.9,52.88,0.105981,0.495208,33782.4
002793.SZ,20260421,28900,5.06,146234.0,5.05,0.0026613,0.119354,108594.0
002795.SZ,20260421,118200,8.33,984606.0,8.38,0.0272081,0.585597,43442.9
002796.SZ,20260421,197200,55.93,11029396.0,55.8,0.0866021,0.99256,22770.8
002797.SZ,20260421,770500,7.84,6040720.0,7.89,0.0183348,0.447702,420240.0
002798.SZ,20260421,87400,7.16,625784.0,7.12,0.0182303,0.313879,47942.2
002799.SZ,20260421,35500,8.25,292875.0,8.25,0.0110925,0.686584,32003.6
002800.SZ,20260421,19500,17.59,343005.0,17.64,0.0131897,0.292247,14784.3
002801.SZ,20260421,1100,32.7,35970.0,32.7,0.000949892,0.066306,11580.3
002802.SZ,20260421,1103700,14.53,16036761.0,15.69,0.737357,6.82354,14968.3
002803.SZ,20260421,389300,19.2,7474560.0,19.2,0.134853,3.59496,28868.4
002805.SZ,20260421,68800,18.25,1255600.0,18.17,0.0247,0.253672,27854.3
002806.SZ,20260421,15600,14.28,222768.0,14.29,0.00896007,0.180074,17410.6
002807.SZ,20260421,119100,4.67,556197.0,4.67,0.00484537,0.371677,245802.0
002808.SZ,20260421,59800,4.18,249964.0,4.19,0.0362411,0.693814,16500.6
002809.SZ,20260421,75300,10.56,795168.0,10.53,0.048865,1.03226,15409.8
002810.SZ,20260421,77500,26.49,2052975.0,26.21,0.0239497,0.493583,32359.5
002811.SZ,20260421,600,13.85,8310.0,13.85,0.00021193,0.0163657,28311.3
002812.SZ,20260421,118300,72.6,8588580.0,72.15,0.0143802,0.329218,82265.7
002813.SZ,20260421,29800,25.6,762880.0,25.85,0.0248632,1.23468,11985.6
002815.SZ,20260421,261500,15.5,4053250.0,15.59,0.0336489,0.767093,77714.2
002816.SZ,20260421,2300,25.87,59501.0,25.86,0.0023,0.0570086,10000.0
002817.SZ,20260421,103400,7.88,814792.0,7.84,0.0356503,1.4445,29003.9
002818.SZ,20260421,19700,10.7,210790.0,10.69,0.00660332,1.02662,29833.5
002819.SZ,20260421,7000,26.8,187600.0,26.88,0.00297772,0.268861,23507.9
002820.SZ,20260421,17600,10.55,185680.0,10.5,0.00876196,0.37938,20086.8
002821.SZ,20260421,21900,113.55,2486745.0,113.72,0.00690852,0.223356,31700.0
002822.SZ,20260421,109400,3.3,361020.0,3.32,0.0102344,0.731964,106895.0
002823.SZ,20260421,12600,15.9,200340.0,15.93,0.00575635,0.229841,21888.9
002824.SZ,20260421,609260,28.92,17619799.2,29.1,0.276935,1.43796,22000.1
002825.SZ,20260421,215800,10.85,2341430.0,11.48,0.0840909,3.31276,25662.7
002826.SZ,20260421,0,,0.0,21.15,0.0,0.0,18297.9
002827.SZ,20260421,900,32.5,29250.0,32.62,0.000326088,0.0390888,27599.9
002828.SZ,20260421,63300,11.84,749472.0,11.95,0.0327027,0.312475,19356.2
002829.SZ,20260421,82500,24.11,1989075.0,23.92,0.0564879,1.33006,14604.9
002830.SZ,20260421,9700,21.84,211848.0,21.75,0.0145096,0.530437,6685.25
002831.SZ,20260421,45000,36.7,1651500.0,36.84,0.00880638,0.408206,51099.3
002832.SZ,20260421,16600,17.99,298634.0,17.97,0.00426277,0.167732,38941.8
002833.SZ,20260421,2300,18.01,41423.0,18.03,0.000797976,0.0566644,28822.9
002835.SZ,20260421,2900,15.71,45559.0,15.72,0.00227829,0.158439,12728.8
002836.SZ,20260421,6500,12.85,83525.0,12.85,0.00282118,0.254757,23040.0
002837.SZ,20260421,1550400,108.97,168947088.0,121.08,0.182358,2.55165,85019.5
002838.SZ,20260421,23100,27.75,641025.0,27.75,0.00549174,0.367153,42063.2
002839.SZ,20260421,143400,4.55,652470.0,4.55,0.00587219,0.698084,244202.0
002840.SZ,20260421,187000,13.46,2517020.0,13.49,0.0234739,0.347719,79663.0
002841.SZ,20260421,29300,36.02,1055386.0,36.23,0.00564112,0.552018,51940.1
002842.SZ,20260421,175800,34.11,5996538.0,34.45,0.065484,0.334469,26846.2
002843.SZ,20260421,1894568,27.5,52100620.0,27.98,0.755432,7.54687,25079.3
002845.SZ,20260421,120300,14.55,1750365.0,14.58,0.0480747,1.94469,25023.5
002846.SZ,20260421,28900,14.83,428587.0,14.81,0.0112443,0.578018,25701.8
002847.SZ,20260421,6600,54.22,357852.0,54.0,0.00268597,0.281255,24572.1
002848.SZ,20260421,470700,14.83,6980481.0,14.97,0.2854,6.91526,16492.6
002849.SZ,20260421,89100,18.25,1626075.0,17.97,0.0460305,1.40075,19356.7
002850.SZ,20260421,254500,196.99,50133955.0,199.61,0.127839,4.34705,19907.9
002851.SZ,20260421,366500,108.88,39904520.0,112.05,0.0800289,1.696,45796.0
002852.SZ,20260421,79100,9.7,767270.0,9.65,0.0276766,1.84938,28580.1
002853.SZ,20260421,4000,26.39,105560.0,26.39,0.00310789,0.155974,12870.5
002855.SZ,20260421,5800,11.82,68556.0,11.8,0.00235555,0.162016,24622.7
002856.SZ,20260421,93800,11.82,1108716.0,11.82,0.0757035,1.48113,12390.4
002857.SZ,20260421,2200,21.5,47300.0,21.45,0.00171875,0.0732149,12800.0
002858.SZ,20260421,38300,16.3,624290.0,16.31,0.0260582,0.501763,14697.8
002859.SZ,20260421,305300,48.39,14773467.0,48.97,0.0752157,2.14086,40589.9
002860.SZ,20260421,140100,13.76,1927776.0,13.76,0.0398532,0.637253,35154.0
002861.SZ,20260421,4700,15.89,74683.0,15.85,0.00312982,0.0987824,15016.8
002862.SZ,20260421,8200,17.21,141122.0,17.2,0.00649516,0.328226,12624.8
002863.SZ,20260421,140600,5.58,784548.0,5.55,0.0234535,1.50933,59948.4
002864.SZ,20260421,6900,31.42,216798.0,31.5,0.00930035,0.250342,7419.07
002865.SZ,20260421,158800,79.23,12581724.0,78.2,0.0710424,0.727917,22352.8
002866.SZ,20260421,595900,26.38,15719842.0,26.63,0.32884,1.29854,18121.2
002867.SZ,20260421,6000,12.35,74100.0,12.35,0.000556021,0.0316694,107910.0
002868.SZ,20260421,100,40.16,4016.0,40.16,9.34558e-05,0.00932713,10700.2
002869.SZ,20260421,7800,21.49,167622.0,21.67,0.00495181,0.192689,15751.8
002870.SZ,20260421,43600,38.07,1659852.0,37.73,0.0336076,1.66817,12973.3
002871.SZ,20260421,16500,18.26,301290.0,18.41,0.0110445,0.303152,14939.6
002872.SZ,20260421,0,,0.0,4.99,0.0,0.0,21491.8
002873.SZ,20260421,18800,9.64,181232.0,9.68,0.00784345,0.127525,23969.1
002875.SZ,20260421,129700,23.01,2984397.0,22.71,0.0710927,0.998231,18243.8
002876.SZ,20260421,39900,29.6,1181040.0,29.44,0.026789,0.335716,14894.2
002877.SZ,20260421,6000,9.04,54240.0,9.02,0.00249465,0.0980478,24051.5
002878.SZ,20260421,41600,18.32,762112.0,18.39,0.0176321,0.326569,23593.3
002879.SZ,20260421,124000,22.0,2728000.0,22.38,0.0899405,1.67142,13786.9
002880.SZ,20260421,3900,27.02,105378.0,27.02,0.00171958,0.213281,22680.0
002881.SZ,20260421,6100,40.01,244061.0,40.15,0.00335302,0.150417,18192.5
002882.SZ,20260421,46700,29.66,1385122.0,29.66,0.0189235,0.346358,24678.3
002883.SZ,20260421,36900,9.63,355347.0,9.61,0.0240665,1.07685,15332.5
002884.SZ,20260421,16900,18.98,320762.0,19.05,0.00618883,0.297617,27307.2
002885.SZ,20260421,843800,29.3,24723340.0,29.3,0.365427,3.42977,23090.8
002886.SZ,20260421,54900,22.6,1240740.0,22.59,0.0262581,1.20595,20907.8
002887.SZ,20260421,139700,11.62,1623314.0,11.74,0.0643094,3.19092,21723.1
002888.SZ,20260421,7400,19.07,141118.0,19.07,0.0098768,0.324691,7492.3
002889.SZ,20260421,5100,13.59,69309.0,13.56,0.00202957,0.304533,25128.5
002890.SZ,20260421,20500,16.0,328000.0,16.1,0.0126947,0.9579,16148.4
002891.SZ,20260421,43700,41.95,1833215.0,41.95,0.0135757,0.286375,32189.8
002892.SZ,20260421,50200,11.14,559228.0,11.17,0.0103844,0.930097,48341.7
002893.SZ,20260421,35400,10.36,366744.0,10.37,0.0174575,0.366286,20277.9
002895.SZ,20260421,11600,36.57,424212.0,36.48,0.00194971,0.117748,59496.1
002896.SZ,20260421,17000,72.6,1234200.0,72.88,0.0086504,0.334761,19652.3
002897.SZ,20260421,89000,65.5,5829500.0,67.29,0.0487871,0.705344,18242.5
002898.SZ,20260421,17200,11.88,204336.0,12.51,0.0169855,1.38287,10126.3
002899.SZ,20260421,35900,34.8,1249320.0,34.33,0.0242901,0.768725,14779.7
002900.SZ,20260421,24500,11.21,274645.0,11.13,0.0152058,0.338481,16112.2
002901.SZ,20260421,3700,43.99,162763.0,43.98,0.0012826,0.179284,28847.6
002902.SZ,20260421,297800,29.5,8785100.0,30.2,0.16765,0.570716,17763.2
002903.SZ,20260421,129700,31.81,4125757.0,31.85,0.121595,1.32235,10666.6
002905.SZ,20260421,11300,9.9,111870.0,9.95,0.00323375,0.118958,34944.0
002906.SZ,20260421,31600,32.49,1026684.0,32.6,0.00602349,0.275163,52461.3
002907.SZ,20260421,3000,14.19,42570.0,14.16,0.00100029,0.0631009,29991.5
002908.SZ,20260421,4800,9.16,43968.0,9.18,0.00149145,0.092326,32183.5
002909.SZ,20260421,272000,6.55,1781600.0,6.56,0.0715043,2.5251,38039.7
002910.SZ,20260421,22700,10.8,245160.0,10.8,0.01327,0.715146,17106.2
002911.SZ,20260421,87800,13.9,1220420.0,13.7,0.00692955,0.710784,126704.0
002912.SZ,20260421,56900,27.26,1551094.0,27.29,0.0350754,1.40731,16222.2
002913.SZ,20260421,20100,50.82,1021482.0,51.26,0.00666261,0.243716,30168.3
002915.SZ,20260421,20800,21.46,446368.0,21.47,0.00722035,0.477009,28807.5
002916.SZ,20260421,74100,285.0,21118500.0,287.62,0.0111461,0.583593,66480.9
002917.SZ,20260421,16400,13.61,223204.0,13.56,0.0062945,0.285836,26054.5
002918.SZ,20260421,14800,11.8,174640.0,11.76,0.0069097,0.234118,21419.2
002919.SZ,20260421,33000,20.1,663300.0,19.97,0.0124816,1.04453,26438.8
002920.SZ,20260421,28600,107.12,3063632.0,106.92,0.00515568,0.380493,55472.8
002921.SZ,20260421,77700,24.45,1899765.0,24.51,0.0604662,0.944315,12850.2
002922.SZ,20260421,61500,40.0,2460000.0,39.84,0.0164008,0.301789,37498.2
002923.SZ,20260421,28600,12.49,357214.0,12.5,0.0110816,0.251743,25808.5
002925.SZ,20260421,41000,19.9,815900.0,19.95,0.00560839,0.347066,73104.8
002926.SZ,20260421,246200,8.58,2112396.0,8.58,0.00937905,1.87784,262500.0
002927.SZ,20260421,90200,18.19,1640738.0,18.27,0.040863,0.997894,22073.8
002928.SZ,20260421,126100,8.61,1085721.0,8.65,0.00986516,0.495831,127824.0
002929.SZ,20260421,330561,59.31,19605572.91,59.16,0.156991,1.24866,21056.1
002930.SZ,20260421,19300,13.79,266147.0,13.8,0.00445378,0.244011,43333.9
002931.SZ,20260421,0,,0.0,69.25,0.0,0.0,20125.4
002932.SZ,20260421,0,,0.0,17.4,0.0,0.0,15609.5
002933.SZ,20260421,3100,33.0,102300.0,33.06,0.00265539,0.175706,11674.4
002935.SZ,20260421,613400,20.81,12764854.0,20.81,0.147775,7.1429,41509.1
002936.SZ,20260421,599500,1.82,1091090.0,1.82,0.00852859,1.52609,702930.0
002937.SZ,20260421,26500,31.4,832100.0,31.71,0.00892395,0.427764,29695.4
002938.SZ,20260421,395300,65.87,26038411.0,65.87,0.0171168,0.880699,230943.0
002939.SZ,20260421,98200,9.15,898530.0,9.18,0.00272576,0.672276,360266.0
002940.SZ,20260421,694600,39.29,27290834.0,39.8,0.374901,2.27265,18527.5
002941.SZ,20260421,13100,16.13,211303.0,16.13,0.00179513,0.107141,72975.1
002942.SZ,20260421,1500,19.3,28950.0,19.29,0.00109322,0.0987877,13720.9
002943.SZ,20260421,48600,57.3,2784780.0,58.29,0.033376,0.168725,14561.4
002945.SZ,20260421,33900,15.79,535281.0,15.87,0.00125556,0.303282,270000.0
002946.SZ,20260421,19900,18.16,361384.0,18.2,0.00233923,0.385938,85070.6
002947.SZ,20260421,38900,72.0,2800800.0,71.8,0.0201938,0.273325,19263.4
002948.SZ,20260421,102100,5.29,540109.0,5.29,0.00328032,0.321326,311250.0
002949.SZ,20260421,15700,14.47,227179.0,14.45,0.0103367,0.457023,15188.6
002950.SZ,20260421,42200,13.0,548600.0,13.07,0.00933638,0.150342,45199.5
002951.SZ,20260421,82300,15.9,1308570.0,16.15,0.0205173,0.72706,40112.4
002952.SZ,20260421,26400,24.81,654984.0,24.81,0.0200539,0.355653,13164.5
002953.SZ,20260421,15100,12.5,188750.0,12.51,0.00555888,0.162089,27163.8
002955.SZ,20260421,9000,25.11,225990.0,25.28,0.00460012,0.411714,19564.7
002956.SZ,20260421,4500,27.55,123975.0,27.52,0.00201591,0.152797,22322.4
002957.SZ,20260421,530700,48.35,25659345.0,47.96,0.126756,1.30712,41867.9
002958.SZ,20260421,102600,2.99,306774.0,2.99,0.00188621,0.308998,543949.0
002959.SZ,20260421,6900,42.84,295596.0,42.87,0.00458415,0.47486,15051.8
002960.SZ,20260421,41400,11.98,495972.0,12.01,0.00512029,0.358698,80854.7
002961.SZ,20260421,166300,24.46,4067698.0,24.43,0.0348688,1.47731,47693.1
002962.SZ,20260421,1449600,17.72,25686912.0,18.08,0.692978,3.44715,20918.4
002963.SZ,20260421,79200,15.85,1255320.0,15.88,0.0693448,1.53346,11421.2
002965.SZ,20260421,7900,30.95,244505.0,30.95,0.00396146,0.187937,19942.2
002966.SZ,20260421,86800,8.74,758632.0,8.76,0.00197442,0.266266,439622.0
002967.SZ,20260421,39300,22.48,883464.0,22.57,0.00718167,0.331062,54722.7
002968.SZ,20260421,42300,11.97,506331.0,11.97,0.0198581,1.51983,21301.1
002969.SZ,20260421,357600,22.5,8046000.0,22.6,0.0327386,0.648759,109229.0
002970.SZ,20260421,23500,62.17,1460995.0,62.15,0.0188788,0.271323,12447.8
002971.SZ,20260421,16200,30.05,486810.0,30.05,0.010358,0.493879,15640.1
002972.SZ,20260421,195200,13.32,2600064.0,13.04,0.144972,5.6496,13464.6
002973.SZ,20260421,39300,13.57,533301.0,13.49,0.012372,0.935932,31765.3
002975.SZ,20260421,85700,93.2,7987240.0,95.1,0.0809568,0.724854,10585.9
002976.SZ,20260421,2600,29.12,75712.0,29.25,0.00390007,0.0946008,6666.54
002977.SZ,20260421,37300,30.66,1143618.0,30.45,0.055989,1.32918,6662.02
002978.SZ,20260421,12200,34.69,423218.0,34.64,0.00330373,0.359266,36928.0
002979.SZ,20260421,14000,39.6,554400.0,39.67,0.00634286,0.318293,22072.1
002980.SZ,20260421,208900,76.12,15901468.0,78.0,0.206036,0.870479,10139.0
002981.SZ,20260421,6000,24.7,148200.0,24.8,0.00502441,0.348109,11941.7
002982.SZ,20260421,9300,14.09,131037.0,14.13,0.00714883,0.225742,13009.1
002983.SZ,20260421,5900,24.76,146084.0,24.76,0.00460371,0.245135,12815.8
002984.SZ,20260421,5200,17.78,92456.0,17.77,0.000728386,0.0590758,71390.7
002985.SZ,20260421,127000,37.9,4813300.0,37.72,0.0383756,1.393,33093.9
002986.SZ,20260421,23900,13.72,327908.0,13.71,0.00791817,0.308063,30183.7
002987.SZ,20260421,16400,16.6,272240.0,16.63,0.00194433,0.217743,84347.8
002988.SZ,20260421,19100,34.01,649591.0,34.29,0.00764697,0.289655,24977.2
002989.SZ,20260421,57400,25.82,1482068.0,25.8,0.0313085,0.963844,18333.7
002990.SZ,20260421,733600,48.88,35858368.0,49.0,0.540212,2.59634,13579.9
002991.SZ,20260421,7900,51.78,409062.0,51.12,0.015821,0.908823,4993.37
002992.SZ,20260421,1600,52.89,84624.0,52.75,0.00101241,0.0908704,15804.0
002993.SZ,20260421,402300,49.2,19793160.0,54.67,0.168717,7.04576,23844.7
002995.SZ,20260421,70600,24.02,1695812.0,24.25,0.0628018,0.465045,11241.7
002996.SZ,20260421,2800,7.44,20832.0,7.43,0.000672578,0.0332661,41630.8
002997.SZ,20260421,9500,31.53,299535.0,31.45,0.00453848,0.286659,20932.1
002998.SZ,20260421,60400,9.4,567760.0,9.37,0.0223298,0.38085,27049.0
002999.SZ,20260421,34700,6.99,242553.0,6.98,0.0100956,0.462511,34371.5
003000.SZ,20260421,9600,10.5,100800.0,10.5,0.00311627,0.456749,30806.0
003001.SZ,20260421,23500,17.03,400205.0,17.0,0.0222362,0.629496,10568.3
003002.SZ,20260421,1100,28.69,31559.0,28.68,0.000601595,0.0346499,18284.7
003003.SZ,20260421,13700,13.33,182621.0,13.31,0.0116302,0.428945,11779.6
003004.SZ,20260421,10400,34.49,358696.0,33.49,0.0151292,1.09266,6874.14
003005.SZ,20260421,3100,18.2,56420.0,18.23,0.00244136,0.17529,12697.8
003006.SZ,20260421,552400,18.84,10407216.0,18.33,0.128893,9.96305,42857.3
003007.SZ,20260421,101200,45.45,4599540.0,44.63,0.140775,1.68924,7188.76
003008.SZ,20260421,173300,22.14,3836862.0,23.67,0.222971,9.07771,7772.32
003009.SZ,20260421,57500,62.33,3583975.0,62.21,0.0349147,1.09727,16468.7
003010.SZ,20260421,22300,31.61,704903.0,31.87,0.00986105,0.291556,22614.2
003011.SZ,20260421,19100,24.11,460501.0,24.09,0.0244593,0.638989,7808.88
003012.SZ,20260421,10866,6.24,67803.84,6.24,0.000949402,0.118044,114451.0
003013.SZ,20260421,1500,13.31,19965.0,13.3,0.00037505,0.105551,39994.7
003015.SZ,20260421,8400,16.2,136080.0,16.29,0.00339634,0.0625418,24732.5
003016.SZ,20260421,13300,8.21,109193.0,8.21,0.00323693,0.366819,41088.3
003017.SZ,20260421,4800,31.41,150768.0,31.35,0.00692761,0.316364,6928.8
003018.SZ,20260421,436500,44.0,19206000.0,43.14,0.183877,2.6019,23738.8
003019.SZ,20260421,111500,35.44,3951560.0,35.45,0.0652209,1.63076,17095.7
003020.SZ,20260421,1500,23.94,35910.0,23.93,0.00108913,0.0822478,13772.5
003021.SZ,20260421,7100,100.87,716177.0,101.55,0.00342492,0.212714,20730.4
003022.SZ,20260421,31100,22.3,693530.0,22.31,0.00233058,0.217105,133443.0
003023.SZ,20260421,313700,33.32,10452484.0,31.74,0.298472,5.93999,10510.2
003025.SZ,20260421,12400,13.8,171120.0,13.86,0.00547665,0.337751,22641.6
003026.SZ,20260421,12500,36.65,458125.0,36.78,0.0130623,0.208418,9569.53
003027.SZ,20260421,16100,23.0,370300.0,22.86,0.0153537,0.259031,10486.1
003028.SZ,20260421,1200,28.13,33756.0,28.22,0.00170121,0.0750008,7053.82
003029.SZ,20260421,10900,21.56,235004.0,21.57,0.0061897,0.236116,17609.9
003030.SZ,20260421,6400,20.44,130816.0,20.43,0.00806189,0.522893,7938.58
003031.SZ,20260421,176880,118.5,20960280.0,119.01,0.0519996,1.18402,34015.7
003032.SZ,20260421,9500,6.36,60420.0,6.41,0.00343929,0.292834,27622.0
003033.SZ,20260421,3700,60.55,224035.0,60.66,0.0045824,0.201164,8074.36
003035.SZ,20260421,505400,8.0,4043200.0,7.99,0.0133426,0.596839,378788.0
003036.SZ,20260421,57900,27.77,1607883.0,27.7,0.026771,0.370579,21627.8
003037.SZ,20260421,22000,7.21,158620.0,7.21,0.00367233,0.830339,59907.5
003038.SZ,20260421,102100,15.29,1561109.0,15.14,0.0625511,0.611533,16322.7
003039.SZ,20260421,273800,15.5,4243900.0,15.24,0.0443387,4.49643,61751.9
003040.SZ,20260421,9300,16.1,149730.0,16.11,0.00203568,0.167001,45685.0
003041.SZ,20260421,171600,62.25,10682100.0,61.37,0.125417,3.04398,13682.3
003042.SZ,20260421,26900,16.97,456493.0,16.96,0.0211203,0.532405,12736.6
003043.SZ,20260421,5000,56.11,280550.0,56.55,0.00596468,0.117514,8382.67
003816.SZ,20260421,2916600,4.56,13299696.0,4.49,0.00741474,2.14843,3933510.0
300001.SZ,20260421,85400,29.8,2544920.0,29.8,0.008252,0.34187,103490.0
300002.SZ,20260421,92200,9.69,893418.0,9.7,0.00499174,0.280968,184705.0
300003.SZ,20260421,33800,16.43,555334.0,16.45,0.00214071,0.144247,157891.0
300004.SZ,20260421,40600,14.5,588700.0,14.62,0.00845845,0.173554,47999.4
300005.SZ,20260421,47800,14.61,698358.0,14.7,0.00545299,0.216986,87658.4
300006.SZ,20260421,185500,6.56,1216880.0,6.49,0.0175693,0.234897,105582.0
300007.SZ,20260421,65800,44.69,2940602.0,44.86,0.0232553,0.728576,28294.6
300008.SZ,20260421,632100,7.97,5037837.0,8.05,0.0383721,0.771257,164729.0
300009.SZ,20260421,32100,9.79,314259.0,9.8,0.00260923,0.165017,123025.0
300010.SZ,20260421,37100,6.12,227052.0,6.12,0.00223046,0.122313,166333.0
300011.SZ,20260421,14400,7.52,108288.0,7.51,0.0028388,0.212186,50725.6
300012.SZ,20260421,856200,17.17,14700954.0,17.18,0.0598222,2.24021,143124.0
300013.SZ,20260421,165800,3.76,623408.0,3.76,0.0371781,1.5931,44596.2
300014.SZ,20260421,221401,69.32,15347517.32,68.96,0.0105856,0.311257,209153.0
300015.SZ,20260421,441200,9.69,4275228.0,9.67,0.00554595,0.735857,795536.0
300016.SZ,20260421,66200,10.1,668620.0,10.16,0.011777,0.248474,56211.5
300017.SZ,20260421,1105400,18.47,20416738.0,18.66,0.0479524,0.414639,230520.0
300018.SZ,20260421,113200,14.1,1596120.0,14.33,0.0251941,0.626965,44931.2
300019.SZ,20260421,345500,19.41,6706155.0,20.41,0.0937305,4.1292,36861.0
300020.SZ,20260421,248900,3.7,920930.0,3.75,0.0324687,1.25805,76658.4
300021.SZ,20260421,19200,4.35,83520.0,4.34,0.00219997,0.22207,87273.9
300022.SZ,20260421,40100,10.0,401000.0,9.97,0.0081137,0.169674,49422.6
300024.SZ,20260421,67700,15.15,1025655.0,15.16,0.00439631,0.41183,153993.0
300025.SZ,20260421,30600,5.2,159120.0,5.22,0.00604275,0.283797,50639.2
300026.SZ,20260421,88500,3.53,312405.0,3.54,0.00323166,0.159006,273853.0
300027.SZ,20260421,2034500,1.97,4007965.0,1.97,0.0818719,0.648351,248498.0
300029.SZ,20260421,98800,4.09,404092.0,4.09,0.0493112,1.65135,20036.0
300030.SZ,20260421,3900,7.73,30147.0,7.72,0.00143262,0.0553437,27222.8
300031.SZ,20260421,33000,21.65,714450.0,21.64,0.00937761,0.534763,35190.2
300032.SZ,20260421,110900,6.0,665400.0,6.0,0.0138078,0.271362,80317.0
300033.SZ,20260421,62900,246.0,15473400.0,246.49,0.0143473,0.434692,43841.1
300034.SZ,20260421,65400,19.58,1280532.0,19.54,0.0085261,0.448071,76705.7
300035.SZ,20260421,104000,22.89,2380560.0,22.87,0.0178281,0.253109,58334.8
300036.SZ,20260421,29700,16.25,482625.0,16.32,0.00677343,0.276656,43847.8
300037.SZ,20260421,85900,62.9,5403110.0,62.53,0.0159451,0.379563,53872.4
300039.SZ,20260421,19300,5.99,115607.0,5.99,0.00210486,0.141518,91692.6
300040.SZ,20260421,260500,6.88,1792240.0,6.89,0.0503502,0.633057,51737.6
300041.SZ,20260421,94000,11.3,1062200.0,11.29,0.0172766,0.905128,54408.7
300042.SZ,20260421,193600,48.81,9449616.0,49.22,0.0966157,0.692039,20038.2
300043.SZ,20260421,73700,5.67,417879.0,5.7,0.00592666,0.251891,124353.0
300044.SZ,20260421,0,,0.0,6.23,0.0,0.0,71537.8
300045.SZ,20260421,108700,23.89,2596843.0,23.97,0.0210531,0.39129,51631.3
300046.SZ,20260421,15200,32.05,487160.0,32.27,0.00642621,0.323447,23653.1
300047.SZ,20260421,48000,12.28,589440.0,12.34,0.00836366,0.364352,57391.1
300048.SZ,20260421,341800,7.15,2443870.0,7.23,0.0303557,1.13934,112598.0
300049.SZ,20260421,13100,57.66,755346.0,57.78,0.00560691,0.22919,23364.0
300050.SZ,20260421,142900,7.21,1030309.0,7.19,0.0262436,0.299424,54451.5
300051.SZ,20260421,319800,16.95,5420610.0,17.01,0.0869787,0.587997,36767.6
300052.SZ,20260421,88600,13.51,1196986.0,13.56,0.033836,0.249545,26185.1
300053.SZ,20260421,183100,18.9,3460590.0,19.01,0.0281338,0.513766,65081.9
300054.SZ,20260421,115700,52.73,6100861.0,52.52,0.0156743,0.379576,73815.1
300055.SZ,20260421,144000,11.41,1643040.0,11.49,0.024327,0.389743,59193.6
300056.SZ,20260421,113900,9.4,1070660.0,9.45,0.0295729,0.832074,38515.0
300057.SZ,20260421,750700,7.26,5450082.0,7.39,0.102531,0.917773,73216.6
300058.SZ,20260421,6899233,19.12,131913334.96,19.53,0.198372,1.04533,347793.0
300059.SZ,20260421,683600,20.04,13699344.0,20.05,0.0051253,0.296041,1333780.0
300061.SZ,20260421,85900,8.35,717265.0,8.26,0.0138065,0.943667,62217.0
300062.SZ,20260421,113200,7.93,897676.0,7.92,0.024692,0.568949,45844.8
300063.SZ,20260421,572400,12.57,7195068.0,12.71,0.0913568,0.78977,62655.4
300065.SZ,20260421,602900,28.0,16881200.0,28.33,0.0917803,0.66447,65689.5
300066.SZ,20260421,45600,6.6,300960.0,6.62,0.00456868,0.223831,99809.9
300068.SZ,20260421,96500,12.64,1219760.0,12.65,0.0113106,0.212778,85318.0
300069.SZ,20260421,23900,22.74,543486.0,22.86,0.0204273,0.19261,11700.0
300070.SZ,20260421,151500,4.1,621150.0,4.12,0.00441078,0.221334,343477.0
300071.SZ,20260421,787400,5.07,3992118.0,5.13,0.0832918,1.96453,94535.1
300072.SZ,20260421,193500,4.69,907515.0,4.69,0.00829987,0.36656,233136.0
300073.SZ,20260421,50900,58.1,2957290.0,57.96,0.0100599,0.300296,50597.1
300074.SZ,20260421,11200,4.06,45472.0,4.08,0.0020472,0.0810927,54708.8
300075.SZ,20260421,13300,12.83,170639.0,12.86,0.00258033,0.180147,51543.8
300076.SZ,20260421,961300,4.76,4575788.0,4.63,0.226722,3.58576,42400.0
300077.SZ,20260421,75900,21.8,1654620.0,21.71,0.0134021,0.237111,56632.8
300078.SZ,20260421,130400,3.96,516384.0,3.95,0.0117122,0.517907,111337.0
300079.SZ,20260421,88200,5.47,482454.0,5.5,0.00688267,0.338788,128148.0
300080.SZ,20260421,272600,4.68,1275768.0,4.66,0.0145708,1.02569,187086.0
300081.SZ,20260421,128500,3.52,452320.0,3.52,0.0212501,0.387863,60470.4
300082.SZ,20260421,53200,11.38,605416.0,11.38,0.00784289,0.151238,67832.1
300083.SZ,20260421,605300,8.52,5157156.0,8.53,0.0405552,0.774022,149254.0
300084.SZ,20260421,17500,11.09,194075.0,11.14,0.00505632,0.0928713,34610.2
300085.SZ,20260421,51800,37.9,1963220.0,38.19,0.00794463,0.172727,65201.3
300086.SZ,20260421,82300,7.37,606551.0,7.41,0.0186756,0.25311,44068.3
300087.SZ,20260421,47300,8.1,383130.0,8.09,0.00524218,0.475957,90229.6
300088.SZ,20260421,1020700,7.4,7553180.0,7.47,0.0410661,0.25523,248550.0
300091.SZ,20260421,18100,3.12,56472.0,3.12,0.00110675,0.108359,163542.0
300092.SZ,20260421,3900,16.89,65871.0,16.87,0.00185833,0.0738099,20986.6
300093.SZ,20260421,22600,21.3,481380.0,21.37,0.00978449,0.372452,23097.8
300094.SZ,20260421,1989300,3.2,6365760.0,3.14,0.179943,7.8208,110552.0
300095.SZ,20260421,20500,9.85,201925.0,9.81,0.00597084,0.281609,34333.5
300096.SZ,20260421,3200,9.68,30976.0,9.68,0.000744186,0.0416673,43000.0
300097.SZ,20260421,66000,9.98,658680.0,9.95,0.0244437,0.196636,27000.8
300098.SZ,20260421,96400,5.38,518632.0,5.4,0.00625266,0.240839,154174.0
300099.SZ,20260421,97200,9.57,930204.0,9.69,0.0167206,0.33353,58131.8
300100.SZ,20260421,46700,31.62,1476654.0,31.86,0.0084731,0.534845,55115.6
300101.SZ,20260421,526500,22.48,11835720.0,22.29,0.0930141,2.9648,56604.3
300102.SZ,20260421,735500,35.51,26117605.0,35.51,0.0802968,0.945343,91597.7
300103.SZ,20260421,41800,7.91,330638.0,7.96,0.0131721,0.421142,31733.7
300105.SZ,20260421,4500,6.61,29745.0,6.63,0.000872985,0.0629707,51547.3
300106.SZ,20260421,16900,9.8,165620.0,9.76,0.00799688,0.320539,21133.2
300107.SZ,20260421,16700,6.92,115564.0,6.9,0.00480737,0.219385,34738.3
300109.SZ,20260421,13400,18.89,253126.0,18.93,0.00299605,0.138097,44725.6
300110.SZ,20260421,188700,3.12,588744.0,3.12,0.01598,0.376932,118085.0
300111.SZ,20260421,26400,3.96,104544.0,3.96,0.00205095,0.0684076,128721.0
300112.SZ,20260421,15900,8.0,127200.0,8.04,0.00669175,0.261417,23760.6
300113.SZ,20260421,206100,28.81,5937741.0,28.97,0.0404895,0.293398,50902.0
300115.SZ,20260421,184700,34.3,6335210.0,34.58,0.0136077,0.422023,135732.0
300118.SZ,20260421,293900,17.47,5134433.0,17.34,0.0317104,0.540895,92682.6
300119.SZ,20260421,9500,18.47,175465.0,18.47,0.00284752,0.170054,33362.3
300120.SZ,20260421,24400,7.48,182512.0,7.5,0.00462606,0.280111,52744.7
300121.SZ,20260421,25300,12.82,324346.0,12.91,0.00589249,0.23537,42936.0
300122.SZ,20260421,34900,15.42,538158.0,15.38,0.00246764,0.226697,141431.0
300124.SZ,20260421,150700,66.66,10045662.0,66.52,0.00628292,0.457403,239857.0
300125.SZ,20260421,52600,9.3,489180.0,9.37,0.0145783,0.607208,36081.0
300126.SZ,20260421,19700,7.8,153660.0,7.78,0.00935189,0.490799,21065.3
300127.SZ,20260421,10100,31.1,314110.0,31.05,0.00437578,0.175143,23081.6
300128.SZ,20260421,320900,6.21,1992789.0,6.22,0.024728,1.25506,129772.0
300129.SZ,20260421,273600,13.01,3559536.0,13.03,0.0380682,0.629033,71871.0
300130.SZ,20260421,6900,23.91,164979.0,23.91,0.00158927,0.0704394,43416.1
300131.SZ,20260421,1275000,15.7,20017500.0,16.18,0.122329,1.01105,104227.0
300132.SZ,20260421,10500,8.69,91245.0,8.69,0.0020666,0.0594297,50808.1
300133.SZ,20260421,1611944,8.01,12911671.44,8.09,0.0999823,2.06775,161223.0
300134.SZ,20260421,35700,11.26,401982.0,11.27,0.0050111,0.173175,71241.8
300135.SZ,20260421,18100,3.75,67875.0,3.74,0.00196398,0.109628,92160.0
300136.SZ,20260421,714799,77.4,55325442.6,77.8,0.0868842,0.6167,82270.3
300137.SZ,20260421,281400,15.28,4299792.0,15.25,0.0530909,0.41879,53003.4
300138.SZ,20260421,23100,12.08,279048.0,12.04,0.00579946,0.361959,39831.3
300139.SZ,20260421,102600,57.37,5886162.0,57.35,0.0439101,0.37166,23365.9
300140.SZ,20260421,58300,6.37,371371.0,6.38,0.00571501,0.273056,102012.0
300141.SZ,20260421,16900,13.7,231530.0,13.63,0.00663425,0.239718,25473.9
300142.SZ,20260421,35300,12.3,434190.0,12.31,0.00226209,0.0945996,156050.0
300143.SZ,20260421,10162,12.03,122248.86,12.04,0.0015847,0.067709,64125.8
300144.SZ,20260421,118100,7.91,934171.0,7.9,0.00500674,0.401974,235882.0
300145.SZ,20260421,1810800,5.04,9126432.0,5.24,0.0947652,1.87181,191083.0
300146.SZ,20260421,306500,10.75,3294875.0,10.68,0.0273494,2.15918,112068.0
300147.SZ,20260421,43700,10.29,449673.0,10.32,0.00664742,0.224548,65739.8
300148.SZ,20260421,105100,4.38,460338.0,4.4,0.0129086,0.423446,81418.6
300149.SZ,20260421,75800,11.1,841380.0,11.18,0.0159729,0.199205,47455.3
300150.SZ,20260421,5400,5.44,29376.0,5.45,0.00117334,0.0656241,46022.3
300151.SZ,20260421,184400,18.77,3461188.0,18.57,0.0500195,0.97225,36865.6
300152.SZ,20260421,89500,2.11,188845.0,2.12,0.0125593,0.442857,71261.8
300153.SZ,20260421,115400,28.88,3332752.0,29.36,0.0362517,0.588462,31833.0
300154.SZ,20260421,1800,8.31,14958.0,8.31,0.000571149,0.0308609,31515.4
300155.SZ,20260421,26800,4.6,123280.0,4.62,0.00810337,0.360694,33072.7
300157.SZ,20260421,60300,6.35,382905.0,6.38,0.00851906,0.173237,70782.5
300158.SZ,20260421,360700,6.01,2167807.0,6.1,0.0363724,1.01781,99168.6
300159.SZ,20260421,126400,3.41,431024.0,3.39,0.00690017,0.31178,183184.0
300160.SZ,20260421,6320,5.42,34254.4,5.42,0.000829223,0.077096,76216.0
300161.SZ,20260421,6000,29.47,176820.0,29.35,0.003077,0.229235,19499.5
300162.SZ,20260421,177400,9.8,1738520.0,9.88,0.0518468,0.561247,34216.2
300163.SZ,20260421,68300,4.9,334670.0,4.9,0.015051,0.2345,45379.0
300164.SZ,20260421,666100,13.82,9205502.0,13.86,0.114213,0.661524,58321.1
300165.SZ,20260421,91300,5.87,535931.0,5.9,0.0217105,0.305667,42053.5
300166.SZ,20260421,1102900,15.98,17624342.0,16.3,0.121763,0.63631,90577.8
300167.SZ,20260421,3100,6.32,19592.0,6.32,0.000863767,0.0440083,35889.3
300168.SZ,20260421,34300,5.54,190022.0,5.54,0.0023833,0.256772,143918.0
300169.SZ,20260421,48400,5.9,285560.0,5.94,0.0160405,0.685624,30173.6
300170.SZ,20260421,247700,21.47,5318119.0,21.71,0.0253575,0.394073,97683.0
300171.SZ,20260421,8800,14.72,129536.0,14.73,0.00156401,0.154096,56265.7
300172.SZ,20260421,138000,5.4,745200.0,5.36,0.0263895,0.901345,52293.6
300173.SZ,20260421,222600,4.44,988344.0,4.4,0.030297,2.46756,73472.6
300174.SZ,20260421,17800,17.47,310966.0,17.47,0.00491449,0.1731,36219.5
300175.SZ,20260421,30500,6.46,197030.0,6.48,0.00647833,0.638861,47080.0
300176.SZ,20260421,14100,7.32,103212.0,7.35,0.00364077,0.129972,38728.1
300177.SZ,20260421,44900,8.15,365935.0,8.2,0.00740554,0.396707,60630.3
300179.SZ,20260421,331700,26.0,8624200.0,26.49,0.0886941,0.651249,37398.2
300180.SZ,20260421,488300,5.81,2837023.0,5.9,0.0285111,2.21535,171267.0
300181.SZ,20260421,12700,15.64,198628.0,15.63,0.00210645,0.140067,60291.1
300182.SZ,20260421,338800,5.9,1998920.0,5.93,0.0149984,0.289009,225890.0
300183.SZ,20260421,16200,15.54,251748.0,15.59,0.00436624,0.201757,37102.9
300184.SZ,20260421,3166589,12.85,40690668.65,12.95,0.300434,2.13303,105400.0
300185.SZ,20260421,815000,3.32,2705800.0,3.33,0.0211907,0.524972,384603.0
300187.SZ,20260421,5800,5.17,29986.0,5.17,0.000903242,0.0600045,64213.1
300188.SZ,20260421,53800,12.6,677880.0,12.67,0.00628866,0.349649,85550.9
300189.SZ,20260421,160700,6.83,1097581.0,6.83,0.0181328,0.278698,88624.0
300190.SZ,20260421,19600,4.13,80948.0,4.14,0.00207574,0.0694844,94424.2
300191.SZ,20260421,105843,39.81,4213609.83,39.23,0.0478505,0.737871,22119.5
300192.SZ,20260421,19100,20.03,382573.0,20.03,0.00588348,0.17822,32463.8
300193.SZ,20260421,24400,8.68,211792.0,8.72,0.00581817,0.39946,41937.6
300194.SZ,20260421,7400,4.18,30932.0,4.18,0.000764191,0.0407203,96834.4
300195.SZ,20260421,12200,7.66,93452.0,7.67,0.00388643,0.177208,31391.2
300196.SZ,20260421,90100,19.0,1711900.0,19.11,0.0364887,0.325061,24692.6
300197.SZ,20260421,274100,1.67,457747.0,1.67,0.00924382,0.720328,296522.0
300198.SZ,20260421,21400,2.54,54356.0,2.54,0.00208533,0.192321,102622.0
300199.SZ,20260421,261000,21.55,5624550.0,21.69,0.0350008,0.513521,74569.8
300200.SZ,20260421,48800,9.89,482632.0,9.85,0.0115116,0.458695,42392.1
300201.SZ,20260421,86700,11.96,1036932.0,12.02,0.00863786,0.201324,100372.0
300203.SZ,20260421,34700,13.81,479207.0,13.82,0.00773917,0.507464,44836.9
300204.SZ,20260421,90400,30.36,2744544.0,30.62,0.0199266,0.154595,45366.4
300205.SZ,20260421,166000,6.05,1004300.0,5.92,0.0385996,2.29809,43005.6
300206.SZ,20260421,20700,14.79,306153.0,14.92,0.00611739,0.284479,33838.0
300207.SZ,20260421,379200,29.04,11011968.0,29.04,0.0221258,0.317905,171384.0
300209.SZ,20260421,1316000,13.2,17371200.0,13.34,0.179155,1.05574,73456.0
300210.SZ,20260421,114900,9.55,1097295.0,9.5,0.0237289,0.871293,48422.0
300211.SZ,20260421,1800,8.29,14922.0,8.27,0.000605886,0.0596571,29708.6
300212.SZ,20260421,405200,8.5,3444200.0,8.45,0.058009,1.10163,69851.2
300213.SZ,20260421,36000,8.02,288720.0,8.03,0.00651912,0.416115,55222.2
300214.SZ,20260421,115800,7.81,904398.0,7.88,0.0249084,0.649447,46490.3
300215.SZ,20260421,36200,8.14,294668.0,8.19,0.00724188,0.0983755,49987.0
300217.SZ,20260421,356900,5.51,1966519.0,5.57,0.0290884,0.691027,122695.0
300218.SZ,20260421,13800,14.64,202032.0,14.61,0.00638072,0.228778,21627.6
300219.SZ,20260421,58400,7.73,451432.0,7.78,0.00826436,0.310317,70664.9
300220.SZ,20260421,3300,14.28,47124.0,14.29,0.00218515,0.140554,15101.9
300221.SZ,20260421,86200,11.34,977508.0,11.34,0.0188554,0.336507,45716.4
300222.SZ,20260421,19700,11.25,221625.0,11.25,0.00310822,0.143223,63380.4
300223.SZ,20260421,58200,120.14,6992148.0,121.04,0.0138383,0.229116,42057.1
300224.SZ,20260421,81200,15.18,1232616.0,15.17,0.00875685,0.44631,92727.4
300225.SZ,20260421,77100,6.24,481104.0,6.23,0.0162296,0.282449,47505.7
300226.SZ,20260421,124000,25.04,3104960.0,25.4,0.0404758,1.87757,30635.6
300227.SZ,20260421,40900,11.71,478939.0,11.76,0.00944425,0.203968,43306.8
300228.SZ,20260421,579600,9.31,5396076.0,9.49,0.103703,2.04869,55890.4
300229.SZ,20260421,61800,18.87,1166166.0,19.01,0.00707879,0.283016,87303.0
300230.SZ,20260421,6200,4.81,29822.0,4.81,0.000984404,0.0585233,62982.2
300231.SZ,20260421,73200,11.45,838140.0,11.48,0.0164764,0.229455,44427.2
300232.SZ,20260421,50400,7.14,359856.0,7.17,0.00570544,0.183924,88336.7
300233.SZ,20260421,17000,15.92,270640.0,15.94,0.00459689,0.119663,36981.5
300234.SZ,20260421,497200,6.4,3182080.0,6.34,0.14454,3.03302,34398.7
300235.SZ,20260421,57000,13.89,791730.0,13.89,0.0280603,0.819898,20313.4
300236.SZ,20260421,103300,85.88,8871404.0,85.45,0.0370849,0.966351,27855.0
300237.SZ,20260421,1900,2.33,4427.0,2.32,0.00013177,0.00894468,144190.0
300238.SZ,20260421,11800,15.34,181012.0,15.34,0.00445058,0.193836,26513.4
300239.SZ,20260421,4300,5.33,22919.0,5.34,0.000729108,0.0420904,58976.2
300240.SZ,20260421,101500,7.03,713545.0,7.07,0.0279323,1.53831,36337.9
300241.SZ,20260421,109600,6.94,760624.0,6.96,0.018691,0.266473,58638.0
300242.SZ,20260421,9200,4.9,45080.0,4.87,0.00144984,0.0444346,63455.5
300243.SZ,20260421,144300,17.36,2505048.0,17.36,0.0739817,0.364753,19504.8
300244.SZ,20260421,61400,19.5,1197300.0,19.56,0.0122443,0.302949,50145.9
300245.SZ,20260421,76100,13.99,1064639.0,13.98,0.0250018,0.290597,30437.9
300246.SZ,20260421,90800,17.24,1565392.0,17.15,0.0429666,0.418337,21132.7
300247.SZ,20260421,53800,4.55,244790.0,4.56,0.00669758,0.49726,80327.5
300248.SZ,20260421,11300,10.49,118537.0,10.55,0.00276207,0.169597,40911.3
300249.SZ,20260421,507100,17.81,9031451.0,18.48,0.135549,1.44145,37411.0
300250.SZ,20260421,11700,21.73,254241.0,21.79,0.00743214,0.239937,15742.4
300251.SZ,20260421,272800,16.48,4495744.0,16.58,0.00982934,0.224027,277536.0
300252.SZ,20260421,911300,14.82,13505466.0,14.99,0.163084,3.00771,55879.2
300253.SZ,20260421,316200,8.63,2728806.0,8.68,0.0174648,0.605177,181050.0
300254.SZ,20260421,61600,12.37,761992.0,12.44,0.0272649,0.345106,22593.2
300255.SZ,20260421,39500,42.93,1695735.0,42.93,0.00430426,0.157904,91769.6
300256.SZ,20260421,83900,3.57,299523.0,3.57,0.00373987,0.240152,224339.0
300257.SZ,20260421,15000,29.1,436500.0,29.27,0.00157119,0.104826,95469.0
300258.SZ,20260421,516400,12.15,6274260.0,12.74,0.0906138,3.63673,56989.1
300259.SZ,20260421,122400,4.88,597312.0,4.89,0.0104657,0.448293,116953.0
300260.SZ,20260421,171300,50.72,8688336.0,51.55,0.0595542,1.41172,28763.7
300261.SZ,20260421,20900,6.21,129789.0,6.21,0.00223249,0.178286,93617.3
300263.SZ,20260421,157600,10.66,1680016.0,10.74,0.0161553,0.454844,97552.9
300264.SZ,20260421,18500,8.5,157250.0,8.55,0.00499421,0.0954965,37042.9
300265.SZ,20260421,1438200,21.0,30202200.0,21.38,0.307768,2.17414,46730.0
300266.SZ,20260421,35500,2.41,85555.0,2.42,0.00228608,0.19859,155288.0
300267.SZ,20260421,146600,3.95,579070.0,3.94,0.0103066,0.151971,142239.0
300268.SZ,20260421,3500,14.0,49000.0,14.04,0.00261765,0.285929,13370.8
300269.SZ,20260421,51500,7.5,386250.0,7.53,0.00979684,0.210109,52568.0
300270.SZ,20260421,111000,11.74,1303140.0,11.8,0.0425401,0.601565,26093.0
300271.SZ,20260421,67800,6.75,457650.0,6.68,0.00850431,0.783796,79724.2
300272.SZ,20260421,161900,8.48,1372912.0,8.56,0.0348568,0.544466,46447.2
300274.SZ,20260421,268503,135.99,36513722.97,135.2,0.0168868,0.341663,159001.0
300275.SZ,20260421,3100,11.25,34875.0,11.29,0.00114197,0.0840147,27146.1
300276.SZ,20260421,45100,7.18,323818.0,7.21,0.00426629,0.139472,105712.0
300277.SZ,20260421,61900,19.48,1205812.0,19.53,0.00808564,0.176076,76555.4
300278.SZ,20260421,71400,4.76,339864.0,4.78,0.00506582,0.272342,140945.0
300279.SZ,20260421,10300,8.66,89198.0,8.68,0.00211523,0.0639226,48694.4
300281.SZ,20260421,2600,6.89,17914.0,6.88,0.000654375,0.0481634,39732.6
300283.SZ,20260421,194100,9.77,1896357.0,9.76,0.0528568,0.415677,36721.9
300284.SZ,20260421,65300,6.76,441428.0,6.8,0.0054537,0.565818,119735.0
300285.SZ,20260421,320700,35.52,11391264.0,35.63,0.0381175,0.701396,84134.5
300286.SZ,20260421,31000,26.25,813750.0,26.31,0.01492,0.563095,20777.5
300287.SZ,20260421,38500,4.25,163625.0,4.26,0.0029206,0.188614,131822.0
300288.SZ,20260421,2000,12.79,25580.0,12.82,0.000779516,0.0430954,25656.9
300289.SZ,20260421,9200,6.73,61916.0,6.74,0.0016938,0.142556,54315.6
300290.SZ,20260421,38800,15.5,601400.0,15.53,0.00606684,0.0952849,63954.2
300291.SZ,20260421,67000,6.83,457610.0,6.85,0.00719843,0.376157,93075.9
300292.SZ,20260421,625800,5.05,3160290.0,5.09,0.056078,1.37626,111594.0
300293.SZ,20260421,13900,18.5,257150.0,18.54,0.0041071,0.223455,33843.8
300294.SZ,20260421,12500,18.72,234000.0,18.75,0.00247894,0.275061,50424.9
300295.SZ,20260421,54500,10.6,577700.0,10.54,0.0325323,0.548201,16752.6
300296.SZ,20260421,698500,7.73,5399405.0,7.75,0.0307097,0.597196,227453.0
300298.SZ,20260421,15800,15.88,250904.0,15.94,0.003504,0.444392,45091.3
300299.SZ,20260421,12700,5.96,75692.0,5.98,0.00184265,0.0868881,68922.3
300300.SZ,20260421,725200,13.0,9427600.0,13.23,0.108757,0.940032,66680.5
300301.SZ,20260421,176500,3.85,679525.0,3.84,0.0223474,0.385419,78979.9
300302.SZ,20260421,90200,24.49,2208998.0,24.66,0.0244568,0.271058,36881.4
300303.SZ,20260421,589900,9.85,5810515.0,9.95,0.0443986,0.396866,132865.0
300304.SZ,20260421,62600,12.7,795020.0,12.8,0.00732579,0.400349,85451.6
300305.SZ,20260421,11600,6.3,73080.0,6.29,0.00360836,0.151101,32147.6
300306.SZ,20260421,5500,12.5,68750.0,12.49,0.00348979,0.222619,15760.2
300307.SZ,20260421,3600,6.57,23652.0,6.58,0.000457492,0.0512545,78689.9
300308.SZ,20260421,241490,849.75,205206127.5,850.0,0.0218444,0.767174,110550.0
300310.SZ,20260421,142800,6.35,906780.0,6.39,0.0206546,0.449794,69137.3
300311.SZ,20260421,25000,5.35,133750.0,5.37,0.00465195,0.323641,53740.9
300313.SZ,20260421,0,,0.0,8.16,0.0,0.0,19735.3
300314.SZ,20260421,2300,12.84,29532.0,12.81,0.0016001,0.0719025,14374.1
300315.SZ,20260421,112700,4.92,554484.0,4.93,0.0043631,0.195545,258303.0
300316.SZ,20260421,55300,45.34,2507302.0,45.24,0.00449026,0.133796,123156.0
300317.SZ,20260421,245900,5.02,1234418.0,5.01,0.0296653,0.424608,82891.3
300318.SZ,20260421,79900,5.61,448239.0,5.63,0.0100058,0.757666,79853.9
300319.SZ,20260421,125500,12.35,1549925.0,12.44,0.0148912,0.556398,84277.8
300320.SZ,20260421,22300,9.61,214303.0,9.64,0.00459482,0.171132,48533.0
300321.SZ,20260421,5500,35.98,197890.0,35.98,0.00620096,0.332524,8869.59
300322.SZ,20260421,336200,31.3,10523060.0,31.51,0.0763344,0.518955,44043.1
300323.SZ,20260421,921800,10.7,9863260.0,10.9,0.0776126,1.27589,118769.0
300324.SZ,20260421,78100,4.77,372537.0,4.79,0.00456728,0.230731,170999.0
300326.SZ,20260421,34700,6.67,231449.0,6.67,0.00484152,0.305296,71671.8
300327.SZ,20260421,43700,26.84,1172908.0,26.86,0.0128964,0.417812,33885.4
300328.SZ,20260421,86000,16.75,1440500.0,16.67,0.0125297,0.205289,68636.7
300329.SZ,20260421,1800,14.75,26550.0,14.61,0.000713922,0.0392612,25212.8
300331.SZ,20260421,15600,46.8,730080.0,46.67,0.00742094,0.144847,21021.6
300332.SZ,20260421,145100,5.67,822717.0,5.69,0.0174808,0.422264,83005.4
300333.SZ,20260421,31800,9.12,290016.0,9.18,0.00949877,0.521448,33478.0
300334.SZ,20260421,15200,7.28,110656.0,7.29,0.00503262,0.250756,30203.0
300335.SZ,20260421,194000,6.73,1305620.0,6.73,0.0504999,0.566017,38415.9
300337.SZ,20260421,534100,14.6,7797860.0,14.72,0.0750762,1.01281,71141.0
300338.SZ,20260421,24900,3.57,88893.0,3.58,0.00712729,0.231241,34936.1
300339.SZ,20260421,60200,41.12,2475424.0,41.41,0.00774091,0.345757,77768.6
300340.SZ,20260421,24600,11.25,276750.0,11.3,0.00899573,0.368144,27346.3
300341.SZ,20260421,5200,15.21,79092.0,15.29,0.00100899,0.105464,51536.9
300342.SZ,20260421,1059500,63.55,67331225.0,63.02,0.252985,1.68768,41879.9
300343.SZ,20260421,16600,6.73,111718.0,6.76,0.0015569,0.101827,106622.0
300344.SZ,20260421,1420500,0.25,355125.0,0.25,0.221955,2.89801,63999.4
300345.SZ,20260421,33300,6.8,226440.0,6.84,0.00694695,0.131926,47934.7
300346.SZ,20260421,332100,51.01,16940421.0,50.59,0.0506258,0.942517,65599.0
300347.SZ,20260421,35400,58.04,2054616.0,58.67,0.00625205,0.285717,56621.4
300348.SZ,20260421,34500,13.7,472650.0,13.74,0.00488809,0.160782,70579.7
300349.SZ,20260421,24700,14.63,361361.0,14.6,0.00667917,0.303716,36980.6
300350.SZ,20260421,30800,5.24,161392.0,5.23,0.00653144,0.219545,47156.5
300351.SZ,20260421,118600,19.63,2328118.0,19.81,0.0450247,0.451782,26341.1
300352.SZ,20260421,190000,7.57,1438300.0,7.63,0.0148832,0.217175,127661.0
300353.SZ,20260421,29000,19.89,576810.0,19.96,0.00539777,0.262555,53725.9
300354.SZ,20260421,58200,38.0,2211600.0,38.21,0.0715792,2.51046,8130.86
300355.SZ,20260421,88300,3.77,332891.0,3.77,0.00680032,0.228648,129847.0
300357.SZ,20260421,10400,26.2,272480.0,26.31,0.00214848,0.0902316,48406.4
300358.SZ,20260421,30900,10.47,323523.0,10.47,0.0044061,0.157422,70130.0
300359.SZ,20260421,72600,4.96,360096.0,4.97,0.0114637,1.00534,63330.2
300360.SZ,20260421,18600,16.39,304854.0,16.39,0.00371794,0.281041,50027.7
300363.SZ,20260421,15800,22.01,347758.0,22.02,0.00316724,0.109156,49885.6
300364.SZ,20260421,544222,30.3,16489926.6,30.3,0.0824065,0.865255,66041.1
300365.SZ,20260421,10100,5.9,59590.0,5.92,0.00197372,0.0542622,51172.5
300366.SZ,20260421,15700,5.68,89176.0,5.69,0.00295946,0.228104,53050.2
300368.SZ,20260421,25600,10.78,275968.0,10.77,0.00483984,0.16763,52894.3
300369.SZ,20260421,64700,8.2,530540.0,8.21,0.00800687,0.261118,80805.6
300370.SZ,20260421,93400,2.5,233500.0,2.51,0.00598154,0.523124,156147.0
300371.SZ,20260421,3900,12.69,49491.0,12.72,0.00290156,0.189012,13441.0
300373.SZ,20260421,58300,81.42,4746786.0,81.78,0.0107537,0.480274,54213.8
300374.SZ,20260421,4800,14.13,67824.0,14.13,0.00195214,0.166538,24588.3
300375.SZ,20260421,12300,4.9,60270.0,4.91,0.00232845,0.120516,52824.8
300376.SZ,20260421,76400,6.41,489724.0,6.42,0.00328258,0.266244,232743.0
300377.SZ,20260421,178600,18.05,3223730.0,18.25,0.0258644,0.658056,69052.4
300378.SZ,20260421,28100,41.99,1179919.0,42.18,0.0104263,0.247525,26951.0
300380.SZ,20260421,1300,34.97,45461.0,34.97,0.00102068,0.06618,12736.6
300381.SZ,20260421,23700,6.24,147888.0,6.22,0.00484325,0.335677,48934.1
300382.SZ,20260421,31300,12.69,397197.0,12.69,0.00482773,0.292571,64833.8
300383.SZ,20260421,651500,17.52,11414280.0,17.81,0.0363245,0.351612,179355.0
300384.SZ,20260421,8200,15.6,127920.0,15.63,0.00372333,0.159242,22023.3
300385.SZ,20260421,256100,16.59,4248699.0,16.51,0.088109,0.611521,29066.3
300386.SZ,20260421,6900,14.29,98601.0,14.35,0.00275166,0.151389,25075.8
300387.SZ,20260421,20000,8.54,170800.0,8.55,0.00692145,0.284528,28895.7
300388.SZ,20260421,600,7.91,4746.0,7.93,8.81003e-05,0.0192775,68104.2
300389.SZ,20260421,6700,20.1,134670.0,20.19,0.00305326,0.0706182,21943.7
300390.SZ,20260421,1153100,87.05,100377355.0,86.61,0.171524,1.38686,67226.8
300393.SZ,20260421,221600,10.88,2411008.0,10.71,0.0231822,0.34398,95590.5
300394.SZ,20260421,1214607,345.03,419075853.21,374.5,0.156551,2.74891,77585.2
300395.SZ,20260421,136000,110.0,14960000.0,110.91,0.0265817,0.376088,51163.0
300396.SZ,20260421,5200,11.44,59488.0,11.43,0.00190973,0.234727,27229.0
300397.SZ,20260421,61600,12.11,745976.0,12.13,0.0151909,0.515505,40550.5
300398.SZ,20260421,176200,29.8,5250760.0,29.82,0.0312494,0.401833,56385.0
300399.SZ,20260421,5100,21.3,108630.0,21.37,0.00258122,0.14798,19758.1
300400.SZ,20260421,85100,27.73,2359823.0,28.11,0.0351923,0.381985,24181.4
300401.SZ,20260421,59800,13.35,798330.0,13.39,0.0111796,0.406611,53490.1
300402.SZ,20260421,3300,19.42,64086.0,19.39,0.00135458,0.101768,24361.8
300403.SZ,20260421,39000,12.27,478530.0,12.26,0.00913223,0.490286,42705.9
300404.SZ,20260421,26800,10.34,277112.0,10.3,0.00938896,0.236689,28544.2
300405.SZ,20260421,137800,6.04,832312.0,6.05,0.0629732,1.87004,21882.3
300406.SZ,20260421,900,11.95,10755.0,11.96,0.000212103,0.0338184,42432.2
300407.SZ,20260421,42400,13.67,579608.0,13.64,0.0163756,0.4526,25892.1
300408.SZ,20260421,130400,64.48,8408192.0,63.49,0.00697399,0.424463,186980.0
300409.SZ,20260421,211200,26.9,5681280.0,26.78,0.0307203,0.536394,68749.3
300410.SZ,20260421,162600,9.78,1590228.0,9.87,0.0442913,0.402658,36711.5
300411.SZ,20260421,3600,10.98,39528.0,10.95,0.00116461,0.0399208,30911.6
300412.SZ,20260421,90900,5.41,491769.0,5.38,0.0194288,0.667819,46786.2
300413.SZ,20260421,34300,21.19,726817.0,21.21,0.00335715,0.254398,102170.0
300414.SZ,20260421,32100,14.45,463845.0,14.57,0.0102379,0.389662,31354.0
300415.SZ,20260421,26800,23.71,635428.0,23.81,0.00591491,0.25915,45309.2
300416.SZ,20260421,64300,18.73,1204339.0,18.73,0.0127338,0.355215,50495.4
300417.SZ,20260421,7300,12.74,93002.0,12.78,0.00833693,0.250806,8756.22
300418.SZ,20260421,1860336,56.02,104216022.72,54.56,0.148294,3.22567,125449.0
300419.SZ,20260421,31300,7.19,225047.0,7.18,0.00851113,0.467494,36775.4
300420.SZ,20260421,51000,3.69,188190.0,3.69,0.00456868,0.264681,111630.0
300421.SZ,20260421,16900,25.08,423852.0,25.24,0.00733685,0.137113,23034.4
300422.SZ,20260421,31500,4.6,144900.0,4.61,0.00615894,0.401819,51145.2
300423.SZ,20260421,25200,8.08,203616.0,8.1,0.00755938,0.209568,33336.0
300424.SZ,20260421,7200,18.6,133920.0,18.62,0.00293529,0.0604026,24529.1
300425.SZ,20260421,39400,4.93,194242.0,4.93,0.00580205,0.614246,67907.0
300426.SZ,20260421,2500,7.64,19100.0,7.65,0.000625,0.0341279,40000.0
300427.SZ,20260421,38100,12.58,479298.0,12.68,0.00757448,0.0837876,50300.5
300428.SZ,20260421,11800,21.18,249924.0,21.15,0.00197734,0.172002,59676.1
300429.SZ,20260421,44100,14.57,642537.0,14.59,0.0110121,0.254555,40046.7
300430.SZ,20260421,20200,18.09,365418.0,18.18,0.00777359,0.428667,25985.4
300432.SZ,20260421,169100,26.05,4405055.0,25.7,0.0100026,0.242051,169056.0
300433.SZ,20260421,857106,27.06,23193288.36,27.2,0.0172466,0.611243,496970.0
300434.SZ,20260421,3000,10.28,30840.0,10.3,0.000876883,0.03933,34212.1
300435.SZ,20260421,397900,25.87,10293673.0,27.72,0.107886,3.26593,36881.5
300436.SZ,20260421,54300,115.33,6262419.0,116.55,0.0397156,0.477707,13672.2
300437.SZ,20260421,18000,15.96,287280.0,16.06,0.0103597,0.15093,17375.1
300438.SZ,20260421,169900,68.21,11588879.0,67.39,0.0420374,0.345451,40416.4
300439.SZ,20260421,2000,9.88,19760.0,9.89,0.000684154,0.0360204,29233.2
300440.SZ,20260421,63200,17.05,1077560.0,17.02,0.0144351,0.551118,43782.2
300441.SZ,20260421,14100,7.2,101520.0,7.22,0.00225042,0.407881,62654.9
300442.SZ,20260421,283500,93.94,26631990.0,95.2,0.0173945,0.468785,162982.0
300443.SZ,20260421,57700,30.59,1765043.0,30.81,0.023767,0.513148,24277.4
300444.SZ,20260421,416600,15.73,6553118.0,15.92,0.0670371,0.482386,62144.7
300445.SZ,20260421,3100,21.98,68138.0,21.98,0.00220559,0.0666218,14055.2
300446.SZ,20260421,52300,21.0,1098300.0,20.96,0.0140004,0.340638,37356.0
300447.SZ,20260421,53800,20.49,1102362.0,20.75,0.026706,0.490163,20145.3
300448.SZ,20260421,136200,6.92,942504.0,6.97,0.0293191,0.586836,46454.4
300449.SZ,20260421,15500,7.08,109740.0,7.08,0.00401517,0.246349,38603.6
300450.SZ,20260421,355400,56.99,20254246.0,56.7,0.0227906,0.531328,155941.0
300451.SZ,20260421,37100,4.41,163611.0,4.41,0.00243009,0.12142,152669.0
300452.SZ,20260421,12500,14.6,182500.0,14.64,0.0062931,0.260375,19863.0
300453.SZ,20260421,83200,9.41,782912.0,9.35,0.0231201,0.902828,35986.0
300454.SZ,20260421,12696,112.0,1421952.0,112.26,0.00440829,0.0938458,28800.3
300455.SZ,20260421,107300,26.59,2853107.0,26.53,0.0151421,0.605885,70862.2
300456.SZ,20260421,775700,54.58,42337706.0,55.43,0.129835,1.17551,59744.9
300457.SZ,20260421,23900,28.54,682106.0,28.53,0.0037703,0.135595,63390.1
300458.SZ,20260421,77100,39.2,3022320.0,39.6,0.0116832,0.289339,65992.0
300459.SZ,20260421,148200,4.16,616512.0,4.16,0.0045084,0.228741,328719.0
300460.SZ,20260421,131100,9.19,1204809.0,9.16,0.0466873,2.70165,28080.4
300461.SZ,20260421,88000,59.0,5192000.0,57.8,0.0612373,0.747389,14370.3
300462.SZ,20260421,0,,0.0,12.91,0.0,0.0,13803.4
300463.SZ,20260421,1900,10.66,20254.0,10.67,0.000386336,0.0373414,49180.0
300464.SZ,20260421,82500,8.25,680625.0,8.31,0.023217,0.412395,35534.3
300465.SZ,20260421,15900,15.01,238659.0,15.07,0.0035831,0.171584,44374.9
300466.SZ,20260421,14800,8.74,129352.0,8.74,0.00329715,0.30525,44887.2
300467.SZ,20260421,3600,32.15,115740.0,32.18,0.00213577,0.0751236,16855.7
300468.SZ,20260421,75800,31.28,2371024.0,31.34,0.0143076,0.23954,52979.0
300469.SZ,20260421,11300,54.8,619240.0,55.03,0.00455218,0.147226,24823.3
300470.SZ,20260421,5000,36.4,182000.0,36.53,0.00253621,0.0894383,19714.4
300471.SZ,20260421,113000,13.68,1545840.0,13.43,0.0308278,1.01424,36655.2
300472.SZ,20260421,0,,0.0,8.25,0.0,0.0,26484.1
300473.SZ,20260421,17900,34.83,623457.0,35.05,0.0119294,0.384382,15005.0
300474.SZ,20260421,31700,62.3,1974910.0,62.3,0.00779877,0.394371,40647.4
300475.SZ,20260421,114998,162.07,18637725.86,164.0,0.0258202,0.284605,44538.0
300476.SZ,20260421,447800,330.0,147774000.0,343.0,0.0522195,0.845117,85753.4
300477.SZ,20260421,183700,2.45,450065.0,2.44,0.0185396,0.407664,99085.1
300478.SZ,20260421,47500,30.04,1426900.0,30.04,0.0374981,0.934486,12667.3
300479.SZ,20260421,11900,19.22,228718.0,19.31,0.00604281,0.314559,19692.8
300480.SZ,20260421,58600,33.96,1990056.0,33.94,0.0216907,0.284808,27016.2
300481.SZ,20260421,20000,14.71,294200.0,14.8,0.00689475,0.246639,29007.6
300482.SZ,20260421,1790,17.74,31754.6,17.73,0.00041621,0.043886,43007.1
300483.SZ,20260421,126300,19.98,2523474.0,19.99,0.0330909,0.422085,38167.6
300484.SZ,20260421,13100,17.5,229250.0,17.5,0.00787484,0.372982,16635.3
300485.SZ,20260421,24500,12.0,294000.0,12.01,0.00894758,0.11533,27381.7
300486.SZ,20260421,139500,25.03,3491685.0,25.02,0.0292449,1.02477,47700.6
300487.SZ,20260421,65300,63.78,4164834.0,64.44,0.0212,1.19368,30801.9
300488.SZ,20260421,3900,29.89,116571.0,29.96,0.00240365,0.101803,16225.3
300489.SZ,20260421,125300,75.02,9400006.0,76.0,0.0903725,0.832442,13864.8
300490.SZ,20260421,508800,20.42,10389696.0,20.5,0.129382,1.30174,39325.3
300491.SZ,20260421,20200,27.18,549036.0,27.35,0.0129496,0.205432,15599.0
300492.SZ,20260421,34500,55.7,1921650.0,54.73,0.0175411,0.751348,19668.1
300493.SZ,20260421,8600,16.23,139578.0,16.23,0.00169755,0.0943702,50661.1
300494.SZ,20260421,37000,11.81,436970.0,11.87,0.00928836,0.373262,39834.8
300496.SZ,20260421,21700,62.0,1345400.0,62.17,0.00588681,0.220951,36862.1
300497.SZ,20260421,194900,18.83,3669967.0,18.84,0.0442108,0.323029,44084.3
300498.SZ,20260421,134900,16.67,2248783.0,16.69,0.00226749,0.255418,594930.0
300499.SZ,20260421,1344800,42.0,56481600.0,44.97,0.495498,3.13022,27140.4
300500.SZ,20260421,5900,10.73,63307.0,10.67,0.00352033,0.155853,16759.8
300501.SZ,20260421,22300,19.6,437080.0,19.56,0.0221396,0.313565,10072.4
300502.SZ,20260421,310500,578.0,179469000.0,583.0,0.0350681,0.766406,88541.9
300503.SZ,20260421,1618200,64.0,103564800.0,62.44,0.671522,7.32988,24097.5
300504.SZ,20260421,17700,15.99,283023.0,16.07,0.00810991,0.273715,21825.2
300505.SZ,20260421,43000,26.33,1132190.0,26.41,0.0197827,0.252221,21736.1
300506.SZ,20260421,50000,4.98,249000.0,5.0,0.00680553,0.479662,73469.6
300507.SZ,20260421,14900,8.75,130375.0,8.8,0.0019226,0.105935,77499.2
300508.SZ,20260421,7000,37.83,264810.0,37.97,0.00855128,0.344944,8185.91
300509.SZ,20260421,6200,12.3,76260.0,12.31,0.00250907,0.0834819,24710.4
300510.SZ,20260421,66500,4.18,277970.0,4.2,0.00806363,0.417108,82469.1
300511.SZ,20260421,54600,7.49,408954.0,7.5,0.00974906,0.184487,56005.4
300512.SZ,20260421,6100,9.09,55449.0,9.05,0.00188326,0.179126,32390.7
300513.SZ,20260421,15000,8.83,132450.0,8.84,0.00520331,0.207653,28827.8
300514.SZ,20260421,3400,13.37,45458.0,13.38,0.00212157,0.12215,16025.8
300515.SZ,20260421,47400,18.04,855096.0,18.18,0.0234931,2.17472,20176.1
300516.SZ,20260421,32700,63.2,2066640.0,63.94,0.0181667,0.582513,18000.0
300517.SZ,20260421,30700,12.26,376382.0,12.2,0.024318,0.64234,12624.4
300518.SZ,20260421,344000,23.61,8121840.0,24.31,0.172523,2.81694,19939.4
300519.SZ,20260421,50500,15.44,779720.0,15.4,0.0442594,2.00488,11410.0
300520.SZ,20260421,36400,36.99,1346436.0,37.14,0.0130931,0.180671,27800.8
300521.SZ,20260421,3200,27.23,87136.0,27.35,0.00213718,0.154998,14973.0
300522.SZ,20260421,122100,13.74,1677654.0,13.85,0.0464072,0.688532,26310.6
300523.SZ,20260421,51600,22.68,1170288.0,22.51,0.0222071,2.56584,23235.8
300525.SZ,20260421,44300,10.49,464707.0,10.52,0.00712124,0.445946,62208.3
300527.SZ,20260421,61100,8.22,502242.0,8.26,0.00600922,0.816237,101677.0
300528.SZ,20260421,35800,16.95,606810.0,17.06,0.00960795,0.224228,37260.8
300529.SZ,20260421,7000,17.57,122990.0,17.58,0.0013659,0.207546,51248.2
300530.SZ,20260421,8700,24.65,214455.0,24.74,0.00505957,0.352127,17195.1
300531.SZ,20260421,58900,20.44,1203916.0,20.54,0.0190764,0.245931,30875.9
300532.SZ,20260421,14200,11.81,167702.0,11.87,0.00328872,0.199883,43177.9
300533.SZ,20260421,539900,27.05,14604295.0,25.48,0.327253,6.12004,16498.0
300534.SZ,20260421,14600,9.51,138846.0,9.55,0.00483361,0.246025,30205.1
300535.SZ,20260421,6700,19.7,131990.0,19.67,0.00825519,0.31756,8116.1
300536.SZ,20260421,181600,8.47,1538152.0,8.59,0.0619231,2.06661,29326.7
300537.SZ,20260421,21500,23.35,502025.0,23.34,0.0141596,0.472556,15184.0
300538.SZ,20260421,3000,16.01,48030.0,16.05,0.00247964,0.0614093,12098.5
300539.SZ,20260421,21200,30.25,641300.0,30.57,0.00972976,0.181073,21788.8
300540.SZ,20260421,1316800,28.49,37515632.0,26.64,0.636975,11.6092,20672.7
300541.SZ,20260421,42200,14.67,619074.0,14.8,0.0109194,0.364243,38646.7
300542.SZ,20260421,7300,16.17,118041.0,16.16,0.00294755,0.177741,24766.4
300543.SZ,20260421,2400,9.87,23688.0,9.87,0.000959237,0.061261,25019.9
300545.SZ,20260421,23400,32.5,760500.0,32.54,0.0195719,0.354103,11955.9
300546.SZ,20260421,1300,21.87,28431.0,21.87,0.000970772,0.039511,13391.4
300547.SZ,20260421,596600,39.0,23267400.0,39.68,0.337762,2.69731,17663.3
300548.SZ,20260421,167300,253.98,42490854.0,256.38,0.0621286,0.752125,26928.0
300549.SZ,20260421,6600,17.6,116160.0,17.58,0.00653112,0.370887,10105.5
300550.SZ,20260421,26100,11.23,293103.0,11.31,0.00995042,0.252652,26230.1
300551.SZ,20260421,20200,13.9,280780.0,13.95,0.00595742,0.233745,33907.3
300552.SZ,20260421,8700,26.75,232725.0,26.9,0.00644024,0.157564,13508.8
300553.SZ,20260421,300,43.38,13014.0,43.36,0.000353376,0.0121729,8489.54
300554.SZ,20260421,15500,23.3,361150.0,23.39,0.0195967,0.624714,7909.49
300555.SZ,20260421,5000,13.47,67350.0,13.55,0.00252545,0.16405,19798.5
300556.SZ,20260421,44900,18.15,814935.0,18.07,0.04138,0.989361,10850.6
300557.SZ,20260421,47800,37.0,1768600.0,36.87,0.0400377,0.955049,11938.8
300558.SZ,20260421,10300,44.25,455775.0,44.09,0.00245593,0.111087,41939.3
300559.SZ,20260421,176500,15.06,2658090.0,15.23,0.0567275,0.706697,31113.7
300560.SZ,20260421,18600,16.08,299088.0,16.19,0.0099484,0.259125,18696.5
300561.SZ,20260421,66700,17.88,1192596.0,18.08,0.0276697,0.267365,24105.8
300562.SZ,20260421,22900,13.97,319913.0,14.01,0.0140528,0.398518,16295.7
300563.SZ,20260421,16100,33.38,537418.0,33.55,0.0125638,0.476952,12814.6
300564.SZ,20260421,7400,15.18,112332.0,15.17,0.00653758,0.365672,11319.2
300565.SZ,20260421,102100,13.87,1416127.0,13.94,0.0447404,0.437836,22820.5
300566.SZ,20260421,30300,18.66,565398.0,18.79,0.0133668,0.671206,22668.0
300567.SZ,20260421,13500,128.0,1728000.0,128.88,0.00594587,0.16712,22704.9
300568.SZ,20260421,316700,15.91,5038697.0,15.74,0.0262047,0.48241,120856.0
300569.SZ,20260421,155400,6.8,1056720.0,6.83,0.0152407,0.35571,101964.0
300570.SZ,20260421,151800,133.35,20242530.0,137.45,0.0789832,0.505771,19219.3
300571.SZ,20260421,258600,36.31,9389766.0,36.77,0.223631,1.45598,11563.7
300572.SZ,20260421,11300,28.41,321033.0,28.4,0.00615478,0.217959,18359.7
300573.SZ,20260421,20900,67.3,1406570.0,67.18,0.0110272,0.517301,18953.1
300575.SZ,20260421,4700,6.17,28999.0,6.17,0.00137143,0.044581,34270.8
300576.SZ,20260421,47700,36.99,1764423.0,36.98,0.0205025,0.63867,23265.4
300577.SZ,20260421,3600,19.06,68616.0,19.04,0.00253227,0.353013,14216.5
300578.SZ,20260421,2600,21.76,56576.0,21.87,0.0013117,0.0356307,19821.6
300579.SZ,20260421,6100,26.86,163846.0,26.95,0.00234189,0.198072,26047.3
300580.SZ,20260421,210300,30.24,6359472.0,29.87,0.0444992,0.940678,47259.2
300581.SZ,20260421,72400,13.18,954232.0,13.22,0.013161,0.711909,55011.0
300582.SZ,20260421,34600,12.85,444610.0,12.93,0.015618,0.491429,22154.0
300583.SZ,20260421,5900,13.98,82482.0,13.99,0.00316951,0.301079,18614.9
300584.SZ,20260421,4800,43.42,208416.0,43.6,0.00584576,0.0972097,8211.07
300585.SZ,20260421,26200,18.13,475006.0,18.22,0.0153117,0.219966,17111.1
300586.SZ,20260421,236400,10.86,2567304.0,10.92,0.0442203,0.620961,53459.6
300587.SZ,20260421,56400,5.88,331632.0,5.88,0.00536154,0.128781,105194.0
300588.SZ,20260421,3700,25.69,95053.0,25.69,0.0020925,0.118642,17682.2
300589.SZ,20260421,600900,17.5,10515750.0,16.84,0.259448,3.18391,23160.7
300590.SZ,20260421,3100,11.94,37014.0,11.99,0.000874811,0.081006,35436.2
300591.SZ,20260421,31000,7.0,217000.0,7.02,0.0088459,0.352827,35044.5
300592.SZ,20260421,24500,13.72,336140.0,13.73,0.00702239,0.308656,34888.4
300593.SZ,20260421,236657,28.82,6820454.74,29.68,0.0525597,0.676116,45026.4
300594.SZ,20260421,11700,28.48,333216.0,28.48,0.0128574,0.232239,9099.81
300595.SZ,20260421,2500,14.02,35050.0,14.06,0.000373975,0.0331968,66849.5
300596.SZ,20260421,4100,43.1,176710.0,43.23,0.0018382,0.163868,22304.5
300597.SZ,20260421,18100,9.5,171950.0,9.52,0.00666981,0.413965,27137.2
300598.SZ,20260421,30600,37.6,1150560.0,37.95,0.0141065,1.00298,21692.1
300599.SZ,20260421,43200,11.61,501552.0,11.61,0.0203446,0.288664,21234.1
300600.SZ,20260421,113600,13.45,1527920.0,13.45,0.0386087,1.8478,29423.4
300601.SZ,20260421,21400,13.94,298316.0,13.94,0.00237679,0.230184,90037.4
300602.SZ,20260421,893000,34.3,30629900.0,35.8,0.225845,3.71807,39540.4
300603.SZ,20260421,154500,11.68,1804560.0,11.79,0.0413178,0.320771,37393.1
300604.SZ,20260421,59600,151.44,9025824.0,151.8,0.0121764,0.256485,48947.1
300605.SZ,20260421,4000,14.31,57240.0,14.38,0.003165,0.0748884,12638.2
300606.SZ,20260421,24800,37.94,940912.0,38.6,0.0210751,0.219939,11767.4
300607.SZ,20260421,33800,26.74,903812.0,26.74,0.0100148,0.453726,33749.9
300608.SZ,20260421,47400,12.87,610038.0,12.93,0.0164825,0.20185,28757.7
300609.SZ,20260421,7000,38.3,268100.0,38.58,0.00583678,0.15796,11992.9
300610.SZ,20260421,35800,12.2,436760.0,12.16,0.0213573,0.817797,16762.4
300611.SZ,20260421,13800,27.82,383916.0,27.83,0.00930528,0.254218,14830.3
300612.SZ,20260421,16700,15.31,255677.0,15.39,0.00928399,0.262699,17987.9
300613.SZ,20260421,7700,44.25,340725.0,44.54,0.00350638,0.206396,21960.0
300614.SZ,20260421,11200,13.13,147056.0,13.09,0.00698077,0.395048,16044.1
300615.SZ,20260421,4500,13.89,62505.0,13.99,0.00297457,0.0612476,15128.3
300616.SZ,20260421,6800,12.27,83436.0,12.28,0.00438686,0.278125,15500.8
300617.SZ,20260421,168300,64.66,10882278.0,65.16,0.121146,1.61655,13892.4
300618.SZ,20260421,61900,46.47,2876493.0,46.01,0.0227159,0.335282,27249.7
300619.SZ,20260421,24800,42.37,1050776.0,42.65,0.0170489,0.36744,14546.4
300620.SZ,20260421,222700,245.0,54561500.0,250.92,0.0901243,1.07881,24710.3
300621.SZ,20260421,133900,8.26,1106014.0,8.4,0.066114,2.98411,20252.9
300622.SZ,20260421,17400,25.0,435000.0,25.08,0.0111701,0.3919,15577.3
300623.SZ,20260421,97900,29.25,2863575.0,29.38,0.0127581,0.631018,76735.7
300624.SZ,20260421,18700,71.98,1346026.0,72.52,0.0109208,0.22785,17123.3
300625.SZ,20260421,40700,11.96,486772.0,11.87,0.0251278,2.37897,16197.2
300626.SZ,20260421,33000,28.89,953370.0,28.75,0.0183434,0.270153,17990.2
300627.SZ,20260421,38800,35.2,1365760.0,35.31,0.00598658,0.370362,64811.6
300628.SZ,20260421,13300,35.83,476539.0,35.93,0.00183272,0.194343,72569.7
300629.SZ,20260421,112800,26.82,3025296.0,26.49,0.0520214,0.612235,21683.4
300631.SZ,20260421,3100,27.55,85405.0,27.47,0.00257281,0.121104,12049.1
300632.SZ,20260421,373400,16.22,6056548.0,16.52,0.168798,0.944797,22121.1
300633.SZ,20260421,25400,28.13,714502.0,28.15,0.00947792,0.250899,26799.1
300634.SZ,20260421,70600,27.42,1935852.0,27.47,0.016257,0.401576,43427.4
300635.SZ,20260421,18400,13.79,253736.0,13.8,0.0152806,0.239817,12041.4
300636.SZ,20260421,5500,8.07,44385.0,8.04,0.00149718,0.0747216,36735.8
300637.SZ,20260421,5700,11.84,67488.0,11.85,0.00243065,0.112084,23450.5
300638.SZ,20260421,34200,26.2,896040.0,26.32,0.00644737,0.24876,53044.9
300639.SZ,20260421,35700,6.57,234549.0,6.61,0.00562059,0.0941301,63516.4
300640.SZ,20260421,31400,7.08,222312.0,7.11,0.0142243,0.410702,22074.9
300641.SZ,20260421,6400,18.7,119680.0,18.7,0.00121778,0.0663359,52554.5
300642.SZ,20260421,1400,17.0,23800.0,16.86,0.00101665,0.0546215,13770.7
300643.SZ,20260421,4100,17.85,73185.0,17.92,0.00177604,0.102849,23085.1
300644.SZ,20260421,2600,30.68,79768.0,30.68,0.00293512,0.0785324,8858.24
300645.SZ,20260421,8000,17.1,136800.0,17.12,0.00574216,0.287764,13932.0
300647.SZ,20260421,379800,6.71,2548458.0,6.85,0.0831724,2.42597,45664.2
300648.SZ,20260421,9600,51.98,499008.0,51.79,0.00723508,0.304491,13268.7
300649.SZ,20260421,8500,15.68,133280.0,15.68,0.00801004,0.323967,10611.7
300650.SZ,20260421,146200,16.37,2393294.0,16.41,0.0858257,1.47717,17034.5
300651.SZ,20260421,158400,29.7,4704480.0,30.43,0.181167,0.87562,8743.3
300652.SZ,20260421,4800,44.0,211200.0,44.22,0.00400942,0.285436,11971.8
300653.SZ,20260421,2600,18.65,48490.0,18.75,0.00144444,0.107294,18000.0
300654.SZ,20260421,44700,11.21,501087.0,11.29,0.0126894,0.46456,35226.2
300655.SZ,20260421,191100,15.7,3000270.0,15.62,0.0179119,0.613225,106689.0
300656.SZ,20260421,10100,24.5,247450.0,24.55,0.00759982,0.13315,13289.8
300657.SZ,20260421,174000,34.3,5968200.0,34.85,0.0371395,0.34597,46850.4
300658.SZ,20260421,88100,21.9,1929390.0,21.89,0.0390663,0.320528,22551.4
300659.SZ,20260421,3800,13.11,49818.0,13.12,0.00200804,0.0858976,18923.9
300660.SZ,20260421,12900,43.74,564246.0,44.0,0.00288734,0.25599,44677.9
300661.SZ,20260421,58230,77.55,4515736.5,77.56,0.0097229,0.247515,59889.5
300662.SZ,20260421,2700,24.54,66258.0,24.55,0.00137556,0.0765712,19628.4
300663.SZ,20260421,9200,13.39,123188.0,13.44,0.00200149,0.106388,45965.7
300664.SZ,20260421,74400,6.17,459048.0,6.22,0.00989039,0.313892,75224.5
300665.SZ,20260421,29400,7.75,227850.0,7.8,0.0134819,0.62848,21807.1
300666.SZ,20260421,47000,157.0,7379000.0,156.96,0.0212558,0.47005,22111.6
300667.SZ,20260421,53600,18.19,974984.0,18.3,0.031049,0.557234,17263.0
300668.SZ,20260421,67500,58.33,3937275.0,59.46,0.0677073,1.01878,9969.39
300669.SZ,20260421,2000,34.97,69940.0,34.97,0.00109589,0.120916,18250.0
300670.SZ,20260421,26800,6.37,170716.0,6.37,0.0119273,0.280067,22469.4
300671.SZ,20260421,33500,44.55,1492425.0,44.55,0.015176,0.261916,22074.3
300672.SZ,20260421,26500,165.5,4385750.0,165.6,0.0125988,0.207418,21033.8
300673.SZ,20260421,600,16.11,9666.0,16.16,0.000373987,0.0172804,16043.3
300674.SZ,20260421,49300,20.71,1021003.0,20.63,0.00701268,0.475901,70301.2
300675.SZ,20260421,5900,15.31,90329.0,15.32,0.00402273,0.247973,14666.7
300676.SZ,20260421,15000,40.24,603600.0,40.36,0.00360537,0.342321,41604.7
300677.SZ,20260421,11800,53.86,635548.0,53.88,0.00253429,0.0849286,46561.3
300678.SZ,20260421,13200,29.02,383064.0,29.15,0.00453301,0.293986,29119.7
300679.SZ,20260421,156500,43.0,6729500.0,43.16,0.0435398,0.690372,35944.1
300680.SZ,20260421,57000,41.29,2353530.0,41.76,0.0324162,0.6807,17583.8
300681.SZ,20260421,64800,29.65,1921320.0,29.42,0.0280769,0.239014,23079.5
300682.SZ,20260421,32200,16.04,516488.0,16.1,0.0031222,0.172212,103132.0
300683.SZ,20260421,26100,33.79,881919.0,33.9,0.0213821,0.254824,12206.5
300684.SZ,20260421,301700,59.5,17951150.0,62.0,0.147673,1.7765,20430.3
300685.SZ,20260421,53900,22.59,1217601.0,22.68,0.0138357,0.475963,38957.2
300686.SZ,20260421,49600,17.51,868496.0,17.8,0.0291895,0.268428,16992.4
300687.SZ,20260421,45900,21.77,999243.0,21.92,0.0139477,0.362503,32908.6
300688.SZ,20260421,2600,24.78,64428.0,24.89,0.00175228,0.0591128,14837.8
300689.SZ,20260421,19300,52.41,1011513.0,52.97,0.0190745,0.518214,10118.2
300690.SZ,20260421,212600,31.75,6750050.0,32.73,0.19191,1.96228,11078.1
300691.SZ,20260421,13100,16.91,221521.0,16.91,0.00593463,0.410796,22073.8
300692.SZ,20260421,296000,9.55,2826800.0,9.55,0.0576883,1.51271,51310.2
300693.SZ,20260421,217200,52.32,11363904.0,52.54,0.0807876,0.903344,26885.3
300694.SZ,20260421,143100,13.18,1886058.0,13.18,0.0660104,2.11663,21678.4
300695.SZ,20260421,2400,70.12,168288.0,70.33,0.00234703,0.208018,10225.7
300696.SZ,20260421,31300,35.82,1121166.0,36.33,0.0117719,0.206559,26588.7
300697.SZ,20260421,6160,16.06,98929.6,16.07,0.0030572,0.103423,20149.1
300698.SZ,20260421,11900,36.51,434469.0,36.7,0.0100383,0.504471,11854.6
300699.SZ,20260421,343800,37.0,12720600.0,37.04,0.0418548,1.48572,82141.1
300700.SZ,20260421,19900,16.12,320788.0,16.12,0.00735375,0.200014,27061.0
300701.SZ,20260421,14400,11.9,171360.0,11.9,0.0057803,0.428828,24912.2
300702.SZ,20260421,1200,22.4,26880.0,22.28,0.000568277,0.0416139,21116.4
300703.SZ,20260421,238700,20.75,4953025.0,21.13,0.14356,2.02974,16627.2
300705.SZ,20260421,5400,13.86,74844.0,13.85,0.00146386,0.096879,36888.8
300706.SZ,20260421,20300,37.57,762671.0,37.9,0.0178608,0.225739,11365.6
300707.SZ,20260421,19400,16.41,318354.0,16.41,0.0133055,0.408127,14580.4
300708.SZ,20260421,74700,9.78,730566.0,9.8,0.0105209,0.184657,71001.4
300709.SZ,20260421,13900,41.78,580742.0,41.88,0.00931117,0.224775,14928.3
300710.SZ,20260421,19800,30.76,609048.0,31.1,0.0265487,0.712306,7458.0
300711.SZ,20260421,13500,25.16,339660.0,25.26,0.00543422,0.280836,24842.6
300712.SZ,20260421,10800,28.63,309204.0,28.62,0.00578344,0.367826,18674.0
300713.SZ,20260421,6900,17.03,117507.0,17.01,0.00774335,0.190383,8910.88
300715.SZ,20260421,10700,13.59,145413.0,13.6,0.00341898,0.216016,31295.9
300716.SZ,20260421,0,,0.0,13.93,0.0,0.0,16002.0
300717.SZ,20260421,11000,20.96,230560.0,20.97,0.0107998,0.511298,10185.3
300718.SZ,20260421,5100,71.35,363885.0,71.45,0.00263101,0.126659,19384.2
300719.SZ,20260421,11500,16.37,188255.0,16.46,0.0064024,0.211548,17962.0
300720.SZ,20260421,48900,63.39,3099771.0,64.03,0.0279985,0.444463,17465.2
300721.SZ,20260421,10800,14.23,153684.0,14.25,0.00780619,0.326106,13835.2
300722.SZ,20260421,14200,31.55,448010.0,31.55,0.00513086,0.356542,27675.6
300723.SZ,20260421,13100,36.0,471600.0,36.06,0.00312508,0.0727253,41918.9
300724.SZ,20260421,56300,110.0,6193000.0,109.78,0.019568,0.392631,28771.4
300725.SZ,20260421,9400,38.58,362652.0,38.68,0.00463708,0.12862,20271.4
300726.SZ,20260421,17900,45.85,820715.0,45.94,0.00834738,0.320927,21443.8
300727.SZ,20260421,40000,34.74,1389600.0,35.04,0.0247099,1.09716,16187.9
300729.SZ,20260421,2300,13.26,30498.0,13.26,0.00070104,0.055828,32808.4
300730.SZ,20260421,20600,14.22,292932.0,14.26,0.010656,0.191795,19331.9
300731.SZ,20260421,238100,75.34,17938454.0,77.75,0.198121,2.77934,12017.9
300732.SZ,20260421,22000,6.86,150920.0,6.89,0.00594354,0.266239,37015.0
300733.SZ,20260421,15700,18.38,288566.0,18.41,0.0069628,0.239108,22548.4
300735.SZ,20260421,64600,23.92,1545232.0,24.07,0.00852898,0.454767,75741.7
300736.SZ,20260421,286300,26.86,7690018.0,27.35,0.228882,1.45037,12508.6
300737.SZ,20260421,128500,6.25,803125.0,6.29,0.0144888,0.539557,88689.2
300738.SZ,20260421,271500,24.13,6551295.0,24.29,0.0275669,0.271804,98487.6
300739.SZ,20260421,246200,28.64,7051168.0,29.02,0.0717453,0.576138,34315.8
300740.SZ,20260421,122500,23.45,2872625.0,23.46,0.0339051,1.1391,36130.3
300741.SZ,20260421,5500,17.32,95260.0,17.37,0.000893036,0.0687913,61587.7
300743.SZ,20260421,117000,19.01,2224170.0,19.1,0.0918289,3.45746,12741.1
300745.SZ,20260421,3300,26.98,89034.0,27.03,0.00231886,0.084018,14231.2
300746.SZ,20260421,14100,13.45,189645.0,13.67,0.00630744,0.369765,22354.5
300747.SZ,20260421,130100,36.08,4694008.0,36.6,0.0255462,0.437965,50927.4
300748.SZ,20260421,114100,33.6,3833760.0,33.7,0.0100971,0.383663,113003.0
300749.SZ,20260421,40600,25.76,1045856.0,25.8,0.0257949,0.339331,15739.6
300750.SZ,20260421,636900,435.0,277051500.0,432.5,0.0149618,1.35774,425685.0
300751.SZ,20260421,64900,241.12,15648688.0,238.94,0.0335657,0.590462,19335.2
300752.SZ,20260421,2900,19.2,55680.0,19.33,0.00184403,0.0270122,15726.5
300753.SZ,20260421,5100,28.22,143922.0,28.37,0.00580167,0.152887,8790.58
300755.SZ,20260421,7400,13.24,97976.0,13.29,0.00177694,0.260081,41644.6
300756.SZ,20260421,13700,51.98,712126.0,52.33,0.0104397,0.349773,13123.0
300757.SZ,20260421,64034,518.05,33172813.7,523.46,0.0425044,0.878159,15065.3
300758.SZ,20260421,23200,14.0,324800.0,13.98,0.00644907,0.264467,35974.2
300759.SZ,20260421,42600,30.58,1302708.0,30.59,0.00299993,0.122077,142003.0
300760.SZ,20260421,30400,158.13,4807152.0,158.1,0.00250949,0.388878,121140.0
300761.SZ,20260421,13500,21.78,294030.0,21.92,0.00214963,0.130926,62801.6
300762.SZ,20260421,236900,41.46,9821874.0,41.81,0.037725,0.52172,62796.6
300763.SZ,20260421,45500,94.47,4298385.0,95.32,0.0141484,0.255628,32159.1
300765.SZ,20260421,15500,32.79,508245.0,32.87,0.00110352,0.0900792,140459.0
300766.SZ,20260421,400921,38.87,15583799.27,39.17,0.111911,1.24161,35825.0
300767.SZ,20260421,137959,23.33,3218583.47,23.56,0.0575088,0.710273,23989.2
300768.SZ,20260421,93300,17.08,1593564.0,17.15,0.022179,0.851143,42066.8
300769.SZ,20260421,42000,48.0,2016000.0,47.89,0.0166827,0.209428,25175.7
300770.SZ,20260421,6100,40.5,247050.0,40.62,0.00267733,0.268107,22783.9
300771.SZ,20260421,11600,14.08,163328.0,14.15,0.00649594,0.244986,17857.3
300772.SZ,20260421,73000,16.58,1210340.0,16.5,0.0104603,0.243792,69787.6
300773.SZ,20260421,294500,27.27,8031015.0,27.47,0.0400921,0.471475,73455.8
300774.SZ,20260421,23400,17.4,407160.0,17.41,0.0120074,0.194414,19488.0
300775.SZ,20260421,138800,38.0,5274400.0,38.06,0.0261078,0.496098,53164.1
300776.SZ,20260421,284600,104.51,29743546.0,106.66,0.169319,1.73644,16808.5
300777.SZ,20260421,211600,34.07,7209212.0,34.0,0.0500963,0.68385,42238.6
300778.SZ,20260421,36387,12.84,467209.08,12.86,0.0178701,0.76832,20361.9
300779.SZ,20260421,15400,91.01,1401554.0,91.11,0.00957031,0.353501,16091.4
300780.SZ,20260421,44000,24.82,1092080.0,24.92,0.0409169,0.33246,10753.5
300781.SZ,20260421,14700,37.0,543900.0,37.04,0.0121322,0.335654,12116.6
300782.SZ,20260421,171600,111.7,19167720.0,114.48,0.0382824,0.558145,44824.8
300783.SZ,20260421,32900,18.7,615230.0,18.71,0.0117389,0.730073,28026.6
300784.SZ,20260421,2400,50.87,122088.0,50.66,0.014177,0.396347,1692.89
300785.SZ,20260421,96800,54.93,5317224.0,54.03,0.0791275,0.723252,12233.4
300786.SZ,20260421,9400,14.98,140812.0,15.0,0.00642352,0.222704,14633.7
300787.SZ,20260421,200,12.35,2470.0,12.37,0.000101764,0.00525016,19653.3
300788.SZ,20260421,135500,36.22,4907810.0,36.78,0.071259,1.51763,19015.2
300789.SZ,20260421,4200,21.75,91350.0,21.79,0.00424689,0.205663,9889.6
300790.SZ,20260421,19800,30.13,596574.0,30.39,0.00609937,0.0948932,32462.4
300791.SZ,20260421,2800,20.4,57120.0,20.5,0.00109084,0.0902199,25668.3
300792.SZ,20260421,39000,36.53,1424670.0,37.04,0.01835,0.606623,21253.4
300793.SZ,20260421,9100,14.53,132223.0,14.52,0.00244566,0.223531,37208.7
300795.SZ,20260421,20500,11.9,243950.0,11.86,0.0117826,0.739942,17398.5
300796.SZ,20260421,25800,9.1,234780.0,9.12,0.00714399,0.452486,36114.3
300797.SZ,20260421,25500,15.88,404940.0,15.87,0.00673726,0.522865,37849.2
300798.SZ,20260421,1350800,11.88,16047504.0,11.65,0.354154,1.89677,38141.6
300800.SZ,20260421,3800,11.85,45030.0,11.84,0.00162129,0.127905,23438.2
300801.SZ,20260421,506000,28.72,14532320.0,26.71,0.37072,11.5839,13649.1
300802.SZ,20260421,19500,19.29,376155.0,19.37,0.0100145,0.645707,19471.7
300803.SZ,20260421,35800,100.2,3587160.0,100.83,0.00591404,0.19079,60533.9
300804.SZ,20260421,5200,48.3,251160.0,48.51,0.0189091,0.133393,2750.0
300805.SZ,20260421,11900,10.71,127449.0,10.77,0.00412691,0.189164,28835.1
300806.SZ,20260421,172700,67.9,11726330.0,68.38,0.0546156,0.686573,31621.0
300808.SZ,20260421,25100,25.0,627500.0,25.0,0.0211103,0.94424,11890.0
300809.SZ,20260421,5000,35.3,176500.0,35.41,0.00332073,0.118524,15057.0
300810.SZ,20260421,26000,34.97,909220.0,34.97,0.0228061,0.889099,11400.4
300811.SZ,20260421,9700,85.66,830902.0,85.96,0.00408071,0.128788,23770.4
300812.SZ,20260421,80000,39.3,3144000.0,40.2,0.0862924,0.394777,9270.81
300813.SZ,20260421,19400,26.34,510996.0,26.44,0.0255092,0.421834,7605.11
300814.SZ,20260421,20000,96.17,1923400.0,97.81,0.0104477,0.214637,19143.0
300815.SZ,20260421,10700,21.34,228338.0,21.45,0.00274091,0.301639,39038.1
300816.SZ,20260421,11300,67.72,765236.0,67.31,0.0199405,0.446425,5666.86
300817.SZ,20260421,2500,20.11,50275.0,20.16,0.00199583,0.028039,12526.1
300818.SZ,20260421,24400,36.91,900604.0,36.91,0.0222867,0.569678,10948.2
300819.SZ,20260421,304800,51.88,15813024.0,52.12,0.226176,3.8919,13476.2
300820.SZ,20260421,2100,47.13,98973.0,47.03,0.0018787,0.0804253,11178.0
300821.SZ,20260421,792100,14.4,11406240.0,14.65,0.0660198,1.16541,119979.0
300822.SZ,20260421,2700,14.11,38097.0,14.11,0.000934314,0.173688,28898.2
300823.SZ,20260421,9900,16.5,163350.0,16.51,0.011676,0.45166,8478.94
300824.SZ,20260421,37000,10.39,384430.0,10.39,0.0116905,1.17577,31649.5
300825.SZ,20260421,89300,9.07,809951.0,8.99,0.0184318,1.18313,48448.8
300826.SZ,20260421,3100,16.49,51119.0,16.57,0.00182805,0.116806,16958.0
300827.SZ,20260421,57000,38.18,2176260.0,38.1,0.0147958,0.222572,38524.4
300828.SZ,20260421,4100,22.1,90610.0,22.03,0.00485959,0.0523223,8436.93
300829.SZ,20260421,1200,18.02,21624.0,18.02,0.000758321,0.0241712,15824.4
300830.SZ,20260421,34800,10.97,381756.0,11.04,0.0103238,0.248569,33708.5
300831.SZ,20260421,73700,17.19,1266903.0,17.11,0.0399492,0.536242,18448.4
300832.SZ,20260421,7900,45.48,359292.0,45.33,0.00115645,0.128612,68312.2
300833.SZ,20260421,2900,34.71,100659.0,35.0,0.00356899,0.201341,8125.55
300834.SZ,20260421,186700,44.0,8214800.0,44.69,0.0970239,1.38371,19242.7
300835.SZ,20260421,3900,93.99,366561.0,94.7,0.00469065,0.0816358,8314.42
300836.SZ,20260421,2100,62.29,130809.0,62.57,0.00330958,0.121887,6345.22
300837.SZ,20260421,300,36.98,11094.0,37.0,0.000396863,0.0192182,7559.28
300838.SZ,20260421,6900,15.41,106329.0,15.39,0.006781,0.311271,10175.5
300839.SZ,20260421,91800,15.0,1377000.0,15.09,0.0316891,0.733071,28968.9
300840.SZ,20260421,2300,19.63,45149.0,19.65,0.00129881,0.0245236,17708.5
300841.SZ,20260421,4200,60.0,252000.0,59.99,0.00353151,0.202063,11892.9
300842.SZ,20260421,8600,85.6,736160.0,85.6,0.0066604,0.15746,12912.1
300843.SZ,20260421,20900,67.9,1419110.0,68.64,0.0130217,0.231172,16050.2
300844.SZ,20260421,2300,35.39,81397.0,35.35,0.00255442,0.251274,9003.99
300845.SZ,20260421,26400,13.56,357984.0,13.59,0.0182561,0.274377,14460.9
300846.SZ,20260421,174100,30.0,5223000.0,30.44,0.0444125,0.380944,39200.7
300847.SZ,20260421,31500,15.92,501480.0,16.0,0.0106415,0.913039,29601.0
300848.SZ,20260421,121100,16.18,1959398.0,16.3,0.0478424,1.98391,25312.3
300849.SZ,20260421,22800,21.91,499548.0,22.02,0.0187704,0.876829,12146.8
300850.SZ,20260421,92300,41.93,3870139.0,41.63,0.0306864,0.547057,30078.5
300851.SZ,20260421,1900,29.38,55822.0,29.28,0.00351136,0.211944,5411.0
300852.SZ,20260421,17200,43.62,750264.0,43.63,0.0110999,0.357162,15495.6
300853.SZ,20260421,17900,25.21,451259.0,25.22,0.018207,0.223808,9831.4
300854.SZ,20260421,17400,28.88,502512.0,28.52,0.0213915,0.177482,8134.09
300855.SZ,20260421,74000,42.24,3125760.0,42.1,0.0252598,0.894648,29295.6
300856.SZ,20260421,5400,12.69,68526.0,12.7,0.00117459,0.243619,45973.6
300857.SZ,20260421,87900,304.69,26782251.0,307.99,0.0255276,0.308286,34433.3
300858.SZ,20260421,195600,23.01,4500756.0,23.24,0.0999284,0.552859,19574.0
300859.SZ,20260421,13700,33.41,457717.0,33.44,0.00883871,0.187336,15500.0
300860.SZ,20260421,0,,0.0,24.2,0.0,0.0,10941.7
300861.SZ,20260421,23800,17.22,409836.0,17.28,0.00564162,0.271639,42186.5
300862.SZ,20260421,3600,22.79,82044.0,22.89,0.00237669,0.103497,15147.1
300863.SZ,20260421,11600,58.39,677324.0,58.81,0.00641349,0.23017,18086.9
300864.SZ,20260421,2300,20.81,47863.0,20.81,0.00145652,0.25177,15791.1
300865.SZ,20260421,2400,27.53,66072.0,27.53,0.0041752,0.201409,5748.22
300866.SZ,20260421,28500,116.5,3320250.0,117.01,0.00926757,0.365566,30752.4
300867.SZ,20260421,28400,20.96,595264.0,21.06,0.0148204,0.40622,19162.8
300868.SZ,20260421,15000,78.42,1176300.0,78.41,0.0185897,0.247853,8068.98
300869.SZ,20260421,3600,13.13,47268.0,13.14,0.00136292,0.0960661,26413.9
300870.SZ,20260421,26282,385.13,10121986.66,386.0,0.0241078,0.415189,10901.9
300871.SZ,20260421,31300,27.85,871705.0,27.92,0.0155116,0.172351,20178.4
300872.SZ,20260421,4000,16.76,67040.0,16.81,0.000947774,0.0513744,42204.2
300873.SZ,20260421,5800,23.0,133400.0,22.95,0.00347639,0.226504,16684.0
300875.SZ,20260421,31800,41.66,1324788.0,41.45,0.0362221,0.690943,8779.17
300876.SZ,20260421,2800,27.18,76104.0,27.16,0.00345232,0.163302,8110.49
300877.SZ,20260421,3700,28.1,103970.0,28.17,0.00308336,0.14807,11999.9
300878.SZ,20260421,7200,27.13,195336.0,27.28,0.0049957,0.351154,14412.4
300879.SZ,20260421,3400,25.66,87244.0,25.77,0.0016913,0.0682864,20102.8
300880.SZ,20260421,34400,22.49,773656.0,22.81,0.0176305,0.323737,19511.6
300881.SZ,20260421,3800,49.5,188100.0,49.42,0.00661949,0.108828,5740.62
300882.SZ,20260421,9100,22.72,206752.0,22.77,0.00341685,0.185564,26632.7
300883.SZ,20260421,116300,6.74,783862.0,6.77,0.0351705,0.837971,33067.5
300884.SZ,20260421,15500,13.48,208940.0,13.54,0.00809781,0.349532,19141.0
300885.SZ,20260421,22100,25.0,552500.0,25.16,0.0132321,0.251093,16701.8
300886.SZ,20260421,7000,29.42,205940.0,29.57,0.016038,0.440162,4364.63
300887.SZ,20260421,41800,10.1,422180.0,10.1,0.0115407,0.42364,36219.7
300888.SZ,20260421,12200,33.98,414556.0,33.84,0.00209731,0.281698,58169.8
300889.SZ,20260421,4300,25.93,111499.0,25.99,0.00293782,0.0950349,14636.7
300890.SZ,20260421,15500,32.81,508555.0,32.81,0.0142378,0.256003,10886.5
300891.SZ,20260421,8700,8.58,74646.0,8.59,0.0026089,0.130505,33347.4
300892.SZ,20260421,1900,28.46,54074.0,28.39,0.00294288,0.127106,6456.25
300893.SZ,20260421,2000,23.5,47000.0,23.5,0.000797242,0.0496397,25086.5
300894.SZ,20260421,14800,9.85,145780.0,9.87,0.00503279,0.417779,29407.1
300895.SZ,20260421,76600,64.0,4902400.0,64.03,0.055438,0.564127,13817.2
300896.SZ,20260421,11100,115.11,1277721.0,114.91,0.00542916,0.526548,20445.1
300897.SZ,20260421,2900,26.27,76183.0,26.26,0.00331732,0.185944,8741.99
300898.SZ,20260421,24000,24.1,578400.0,24.07,0.0209187,0.46943,11473.0
300899.SZ,20260421,1300,40.39,52507.0,40.6,0.00317568,0.168748,4093.61
300900.SZ,20260421,790899,51.01,40343757.99,50.2,0.308001,1.39049,25678.5
300901.SZ,20260421,33700,14.38,484606.0,14.45,0.0140417,0.401772,24000.0
300902.SZ,20260421,30100,18.59,559559.0,18.7,0.0248241,0.63795,12125.3
300903.SZ,20260421,120300,37.07,4459521.0,37.57,0.0366327,0.317812,32839.5
300904.SZ,20260421,5200,60.79,316108.0,60.77,0.0236544,0.606055,2198.32
300905.SZ,20260421,500800,55.15,27619120.0,55.11,0.35862,2.81164,13964.6
300906.SZ,20260421,60600,36.09,2187054.0,36.1,0.083937,2.35128,7219.7
300907.SZ,20260421,2400,28.91,69384.0,28.91,0.0025,0.158945,9600.0
300908.SZ,20260421,53800,29.57,1590866.0,29.12,0.0435968,3.09847,12340.3
300909.SZ,20260421,8900,41.09,365701.0,41.09,0.00728248,0.20138,12221.1
300910.SZ,20260421,27900,46.51,1297629.0,46.46,0.0134832,0.631442,20692.4
300911.SZ,20260421,394700,32.13,12681711.0,32.7,0.230364,3.6669,17133.7
300912.SZ,20260421,81500,27.28,2223320.0,27.21,0.0948383,0.952072,8593.57
300913.SZ,20260421,45200,54.44,2460688.0,54.8,0.0176712,0.57939,25578.4
300915.SZ,20260421,2600,23.45,60970.0,23.45,0.00451371,0.339349,5760.23
300916.SZ,20260421,4300,31.2,134160.0,31.38,0.00460261,0.184863,9342.52
300917.SZ,20260421,9100,33.26,302666.0,33.24,0.00538462,0.13831,16900.0
300918.SZ,20260421,72400,15.07,1091068.0,15.07,0.0143045,0.457369,50613.4
300919.SZ,20260421,68300,56.9,3886270.0,56.64,0.00748497,0.320081,91249.5
300920.SZ,20260421,700,39.9,27930.0,39.9,0.00106596,0.0699874,6566.84
300921.SZ,20260421,20600,25.95,534570.0,26.12,0.0179597,0.231291,11470.1
300922.SZ,20260421,22300,20.12,448676.0,20.12,0.0178579,0.714713,12487.4
300923.SZ,20260421,2900,27.78,80562.0,27.8,0.00379241,0.249238,7646.85
300925.SZ,20260421,248200,19.16,4755512.0,19.36,0.0710064,2.30815,34954.6
300926.SZ,20260421,19400,25.16,488104.0,25.19,0.00651036,0.39353,29798.7
300927.SZ,20260421,211300,31.87,6734131.0,30.95,0.149976,3.84167,14088.9
300928.SZ,20260421,11300,29.93,338209.0,30.02,0.0210874,0.670954,5358.65
300929.SZ,20260421,12800,12.6,161280.0,12.59,0.0100988,0.388191,12674.7
300930.SZ,20260421,1300,30.18,39234.0,30.21,0.00275862,0.138425,4712.5
300931.SZ,20260421,16500,13.25,218625.0,13.17,0.0089201,0.293142,18497.5
300932.SZ,20260421,20100,14.24,286224.0,14.25,0.00881603,0.159677,22799.4
300933.SZ,20260421,50500,8.09,408545.0,8.12,0.00923065,0.358945,54709.0
300935.SZ,20260421,8600,31.82,273652.0,31.88,0.0142716,0.338442,6025.95
300936.SZ,20260421,18600,73.15,1360590.0,72.91,0.0391907,0.241146,4746.03
300937.SZ,20260421,1000,30.25,30250.0,30.47,0.00150085,0.02826,6662.9
300938.SZ,20260421,212500,48.57,10321125.0,49.06,0.100546,0.863142,21134.6
300939.SZ,20260421,34600,40.55,1403030.0,40.84,0.0288333,0.629645,12000.0
300940.SZ,20260421,21300,23.74,505662.0,23.58,0.0135256,0.510619,15747.9
300941.SZ,20260421,29500,20.3,598850.0,20.19,0.0277548,1.32818,10628.8
300942.SZ,20260421,17900,8.4,150360.0,8.39,0.004419,0.243219,40506.9
300943.SZ,20260421,36000,30.57,1100520.0,30.67,0.0267976,0.202326,13434.0
300945.SZ,20260421,4500,15.86,71370.0,15.92,0.00188758,0.0669578,23840.1
300946.SZ,20260421,500,47.01,23505.0,47.01,0.000659593,0.0571947,7580.43
300947.SZ,20260421,3700,17.39,64343.0,17.34,0.00244907,0.0973496,15107.8
300948.SZ,20260421,10800,20.01,216108.0,20.15,0.00712581,0.292035,15156.2
300949.SZ,20260421,1800,38.75,69750.0,38.79,0.00524765,0.210488,3430.11
300950.SZ,20260421,4300,21.82,93826.0,21.82,0.00472721,0.255556,9096.28
300951.SZ,20260421,3100,36.65,113615.0,36.72,0.00204763,0.139344,15139.4
300952.SZ,20260421,26000,37.37,971620.0,37.33,0.0248119,0.416701,10478.9
300953.SZ,20260421,213000,212.39,45239070.0,205.48,0.171004,2.45649,12455.8
300955.SZ,20260421,12700,39.8,505460.0,39.82,0.0125992,0.538043,10080.0
300956.SZ,20260421,29600,15.4,455840.0,15.43,0.0140649,0.933521,21045.2
300957.SZ,20260421,7700,36.87,283899.0,36.87,0.00181775,0.13716,42360.0
300958.SZ,20260421,12500,13.32,166500.0,13.39,0.0137288,0.409208,9104.94
300959.SZ,20260421,4700,86.3,405610.0,87.01,0.00897714,0.105525,5235.52
300960.SZ,20260421,400,23.85,9540.0,23.85,0.000305628,0.0219315,13087.8
300961.SZ,20260421,25700,13.48,346436.0,13.46,0.0168449,0.331174,15256.9
300962.SZ,20260421,5300,16.43,87079.0,16.42,0.00200756,0.253197,26400.2
300963.SZ,20260421,7400,17.51,129574.0,17.5,0.00212971,0.0957499,34746.6
300964.SZ,20260421,25300,74.11,1874983.0,75.41,0.0451706,0.33879,5600.98
300965.SZ,20260421,2000,56.63,113260.0,56.63,0.00369728,0.362245,5409.38
300966.SZ,20260421,9500,21.91,208145.0,21.78,0.0123913,0.497944,7666.67
300967.SZ,20260421,18800,17.86,335768.0,17.86,0.0150649,0.178447,12479.3
300968.SZ,20260421,8200,12.01,98482.0,12.06,0.00198365,0.223583,41338.0
300969.SZ,20260421,38199,134.01,5119047.99,130.9,0.0753616,1.63234,5068.76
300970.SZ,20260421,21500,33.68,724120.0,33.46,0.0225992,0.308745,9513.61
300971.SZ,20260421,11400,24.07,274398.0,24.01,0.0123829,0.512059,9206.25
300972.SZ,20260421,4600,205.92,947232.0,206.38,0.00262376,0.299025,17532.1
300973.SZ,20260421,2200,34.05,74910.0,34.05,0.00185553,0.105249,11856.5
300975.SZ,20260421,94000,20.33,1911020.0,20.45,0.0191028,0.25854,49207.3
300976.SZ,20260421,9400,60.02,564188.0,60.02,0.0109077,0.703849,8617.73
300977.SZ,20260421,3600,19.79,71244.0,19.75,0.00379738,0.168338,9480.21
300978.SZ,20260421,2600,11.28,29328.0,11.24,0.00135969,0.100861,19121.9
300979.SZ,20260421,2500,43.23,108075.0,43.18,0.000214226,0.15451,116699.0
300980.SZ,20260421,34500,36.23,1249935.0,36.65,0.0350819,0.688021,9834.14
300981.SZ,20260421,207400,13.55,2810270.0,13.4,0.0527689,1.7781,39303.5
300982.SZ,20260421,2300,21.79,50117.0,21.74,0.0011862,0.0527182,19389.7
300983.SZ,20260421,1800,30.59,55062.0,30.62,0.00117793,0.201825,15281.0
300984.SZ,20260421,2900,60.82,176378.0,61.05,0.00327341,0.109172,8859.25
300985.SZ,20260421,2400,22.84,54816.0,22.95,0.00129372,0.0955358,18551.1
300986.SZ,20260421,237600,25.19,5985144.0,25.36,0.0577212,0.589379,41163.4
300987.SZ,20260421,11100,17.83,197913.0,17.9,0.00640257,0.33072,17336.8
300988.SZ,20260421,4200,28.05,117810.0,28.05,0.00393738,0.114236,10667.0
300989.SZ,20260421,6500,15.14,98410.0,15.12,0.00431569,0.167208,15061.3
300990.SZ,20260421,107523,88.01,9463099.23,92.54,0.139411,1.63201,7712.65
300991.SZ,20260421,11800,52.51,619618.0,52.95,0.0128063,0.202729,9214.2
300992.SZ,20260421,120200,33.04,3971408.0,33.35,0.155092,1.73171,7750.25
300993.SZ,20260421,4100,12.53,51373.0,12.53,0.0017027,0.182932,24079.4
300994.SZ,20260421,3700,15.19,56203.0,15.16,0.0031715,0.128339,11666.4
300995.SZ,20260421,4700,35.87,168589.0,35.71,0.00782805,0.400615,6004.05
300996.SZ,20260421,34900,17.66,616334.0,17.81,0.0147544,0.31555,23653.9
300997.SZ,20260421,126600,20.84,2638344.0,20.83,0.0318818,1.39355,39709.1
300998.SZ,20260421,800,26.21,20968.0,26.14,0.000742938,0.0206873,10768.1
300999.SZ,20260421,45300,28.24,1279272.0,28.24,0.00834797,0.59009,54264.7
301000.SZ,20260421,28700,30.2,866740.0,30.32,0.012518,0.976855,22926.9
301001.SZ,20260421,19200,29.37,563904.0,29.44,0.038171,1.43179,5030.0
301002.SZ,20260421,33800,43.89,1483482.0,43.76,0.0397716,0.531485,8498.52
301003.SZ,20260421,3600,51.7,186120.0,52.1,0.00479103,0.0971323,7514.04
301004.SZ,20260421,800,50.12,40096.0,50.26,0.000587771,0.0667106,13610.7
301005.SZ,20260421,92964,176.56,16413723.84,178.25,0.0702301,0.737908,13237.1
301006.SZ,20260421,3600,17.55,63180.0,17.64,0.00418186,0.233056,8608.61
301007.SZ,20260421,1500,35.07,52605.0,35.35,0.000991243,0.0511668,15132.5
301008.SZ,20260421,137400,34.32,4715568.0,34.73,0.118609,1.02246,11584.3
301009.SZ,20260421,2500,11.9,29750.0,11.87,0.00165525,0.151034,15103.5
301010.SZ,20260421,4900,21.54,105546.0,21.61,0.00453704,0.291572,10800.0
301011.SZ,20260421,17000,22.52,382840.0,22.59,0.0115988,0.575835,14656.7
301012.SZ,20260421,447100,35.68,15952528.0,35.77,0.227,2.02924,19696.0
301013.SZ,20260421,223300,24.5,5470850.0,25.13,0.117997,1.09747,18924.2
301015.SZ,20260421,99900,26.0,2597400.0,26.61,0.0190084,0.5096,52555.7
301016.SZ,20260421,0,,0.0,23.98,0.0,0.0,20715.0
301017.SZ,20260421,63900,15.3,977670.0,15.41,0.024701,0.321602,25869.4
301018.SZ,20260421,684400,120.44,82429136.0,126.96,0.346081,4.26258,19775.7
301019.SZ,20260421,7200,21.86,157392.0,21.71,0.00688274,0.51947,10460.9
301020.SZ,20260421,24800,22.22,551056.0,21.8,0.0169399,2.70683,14640.0
301021.SZ,20260421,20600,62.7,1291620.0,62.83,0.013487,0.408454,15273.9
301023.SZ,20260421,9200,41.97,386124.0,41.47,0.0211316,0.783323,4353.67
301024.SZ,20260421,4900,40.5,198450.0,40.66,0.00795971,0.294126,6156.0
301025.SZ,20260421,4300,11.18,48074.0,11.2,0.0015515,0.0745906,27715.1
301026.SZ,20260421,1200,30.3,36360.0,30.38,0.00104978,0.036987,11430.9
301027.SZ,20260421,8900,23.17,206213.0,23.13,0.00752692,0.141931,11824.2
301028.SZ,20260421,0,,0.0,14.64,0.0,0.0,24845.9
301029.SZ,20260421,38000,28.25,1073500.0,28.36,0.00822723,0.37578,46188.1
301030.SZ,20260421,180700,12.6,2276820.0,12.37,0.0894087,1.27497,20210.6
301031.SZ,20260421,3200,148.47,475104.0,148.7,0.00466771,0.159836,6855.61
301032.SZ,20260421,7000,13.25,92750.0,13.38,0.00437848,0.190732,15987.3
301033.SZ,20260421,2300,58.17,133791.0,58.17,0.00407302,0.253103,5646.91
301035.SZ,20260421,3100,76.18,236158.0,76.2,0.00110578,0.26964,28034.5
301036.SZ,20260421,2100,28.78,60438.0,28.8,0.00298153,0.214521,7043.36
301037.SZ,20260421,7500,15.05,112875.0,15.06,0.0110298,0.48762,6799.78
301038.SZ,20260421,1200,21.18,25416.0,21.09,0.000537924,0.0617331,22308.0
301039.SZ,20260421,25100,9.12,228912.0,9.16,0.00172814,0.221905,145243.0
301040.SZ,20260421,7500,33.85,253875.0,33.62,0.00794793,0.0906363,9436.41
301041.SZ,20260421,11200,29.77,333424.0,30.06,0.0141915,0.1944,7892.06
301042.SZ,20260421,1500,95.0,142500.0,95.65,0.00227201,0.0912332,6602.08
301043.SZ,20260421,0,,0.0,53.71,0.0,0.0,5674.77
301045.SZ,20260421,4400,42.27,185988.0,42.5,0.00687952,0.153904,6395.8
301046.SZ,20260421,7900,26.73,211167.0,26.68,0.00613281,0.232852,12881.5
301047.SZ,20260421,4700,73.98,347706.0,74.15,0.0039304,0.363761,11958.1
301048.SZ,20260421,26400,11.05,291720.0,11.1,0.00495,0.229291,53333.3
301049.SZ,20260421,10400,22.75,236600.0,22.75,0.0242841,0.860589,4282.64
301050.SZ,20260421,21940,50.58,1109725.2,50.93,0.0104295,0.300264,21036.6
301051.SZ,20260421,8500,22.55,191675.0,22.69,0.00527924,0.266437,16100.8
301052.SZ,20260421,55700,35.58,1981806.0,35.19,0.0694549,1.51508,8019.59
301053.SZ,20260421,16500,62.48,1030920.0,63.63,0.0189494,0.189978,8707.4
301055.SZ,20260421,78600,31.7,2491620.0,31.25,0.0503846,0.601003,15600.0
301056.SZ,20260421,44600,15.72,701112.0,15.82,0.0253415,0.724885,17599.6
301057.SZ,20260421,4300,32.43,139449.0,32.43,0.00520663,0.286978,8258.7
301058.SZ,20260421,16900,9.99,168831.0,10.03,0.00329901,0.406914,51227.4
301059.SZ,20260421,26700,14.4,384480.0,14.39,0.012915,1.14333,20673.7
301060.SZ,20260421,2800,9.78,27384.0,9.81,0.000777379,0.0563262,36018.5
301061.SZ,20260421,4100,74.48,305368.0,74.48,0.00282102,0.263087,14533.7
301062.SZ,20260421,2600,8.13,21138.0,8.16,0.000830025,0.046045,31324.3
301063.SZ,20260421,4800,25.57,122736.0,25.58,0.00477866,0.19626,10044.7
301065.SZ,20260421,30700,23.76,729432.0,23.76,0.0355787,2.07751,8628.75
301066.SZ,20260421,32400,14.6,473040.0,14.64,0.0138986,0.610556,23311.7
301067.SZ,20260421,4000,33.84,135360.0,33.82,0.00626675,0.237628,6382.89
301068.SZ,20260421,22900,37.82,866078.0,37.38,0.0227233,0.985857,10077.8
301069.SZ,20260421,6200,22.1,137020.0,22.06,0.00145276,0.0883031,42677.4
301070.SZ,20260421,99900,92.0,9190800.0,93.13,0.16831,1.1071,5935.48
301071.SZ,20260421,147600,49.3,7276680.0,49.86,0.0758502,0.942821,19459.4
301072.SZ,20260421,5300,22.74,120522.0,22.83,0.00789396,0.472407,6713.99
301073.SZ,20260421,11800,26.1,307980.0,26.19,0.00662254,0.147572,17817.9
301075.SZ,20260421,6500,81.24,528060.0,81.6,0.008125,0.192238,8000.0
301076.SZ,20260421,7800,39.19,305682.0,39.24,0.00710356,0.284639,10980.4
301077.SZ,20260421,341300,30.82,10518866.0,31.63,0.357747,7.44545,9540.26
301078.SZ,20260421,62600,8.9,557140.0,8.91,0.00498786,0.215411,125505.0
301079.SZ,20260421,170100,50.02,8508402.0,51.13,0.244659,0.815435,6952.52
301080.SZ,20260421,19300,47.29,912697.0,47.5,0.0153177,0.362505,12599.8
301081.SZ,20260421,121800,16.59,2020662.0,16.62,0.0557393,1.71077,21851.7
301082.SZ,20260421,220500,18.0,3969000.0,18.42,0.105112,4.16153,20977.5
301083.SZ,20260421,0,,0.0,17.38,0.0,0.0,8560.99
301085.SZ,20260421,56100,68.01,3815361.0,69.75,0.0952272,0.681027,5891.17
301086.SZ,20260421,43500,171.9,7477650.0,175.63,0.09271,1.15417,4692.05
301087.SZ,20260421,49400,57.51,2840994.0,57.89,0.0254651,1.45993,19399.1
301088.SZ,20260421,2900,14.51,42079.0,14.46,0.00154378,0.293463,18785.0
301089.SZ,20260421,3800,27.69,105222.0,27.8,0.00420028,0.138848,9047.01
301090.SZ,20260421,397000,8.84,3509480.0,8.83,0.0269899,1.36623,147092.0
301091.SZ,20260421,23300,23.42,545686.0,23.4,0.0044189,0.209428,52728.0
301092.SZ,20260421,3400,34.28,116552.0,34.15,0.00560237,0.245554,6068.86
301093.SZ,20260421,10300,80.5,829150.0,80.93,0.00656327,0.292375,15693.4
301095.SZ,20260421,46300,86.4,4000320.0,87.15,0.0265323,0.415737,17450.4
301096.SZ,20260421,800,57.04,45632.0,57.03,0.000966333,0.0229653,8278.72
301097.SZ,20260421,900,58.8,52920.0,58.86,0.00310974,0.105281,2894.14
301098.SZ,20260421,31800,8.63,274434.0,8.64,0.021244,0.661151,14968.9
301099.SZ,20260421,36900,54.3,2003670.0,54.75,0.0411003,0.53125,8978.04
301100.SZ,20260421,1100,18.89,20779.0,18.87,0.00125714,0.095099,8750.0
301101.SZ,20260421,4200,35.0,147000.0,35.08,0.00219991,0.204699,19091.7
301102.SZ,20260421,0,,0.0,11.05,0.0,0.0,40600.0
301103.SZ,20260421,1800,19.19,34542.0,19.2,0.00113905,0.103519,15802.6
301105.SZ,20260421,500,59.4,29700.0,59.3,0.00304183,0.0741625,1643.75
301106.SZ,20260421,2300,29.78,68494.0,29.83,0.00225237,0.116984,10211.5
301107.SZ,20260421,1900,28.49,54131.0,28.34,0.00323559,0.178668,5872.19
301108.SZ,20260421,3600,28.08,101088.0,28.05,0.00555269,0.226851,6483.34
301109.SZ,20260421,15800,15.32,242056.0,15.3,0.00685995,0.291039,23032.2
301110.SZ,20260421,115500,71.06,8207430.0,71.06,0.176696,3.0365,6536.66
301111.SZ,20260421,2300,19.21,44183.0,19.21,0.0014375,0.0365602,16000.0
301112.SZ,20260421,900,34.0,30600.0,33.91,0.000816204,0.1066,11026.7
301113.SZ,20260421,6000,25.72,154320.0,25.7,0.0108921,0.515935,5508.59
301115.SZ,20260421,1500,21.49,32235.0,21.42,0.000969201,0.0526775,15476.7
301116.SZ,20260421,6700,10.4,69680.0,10.4,0.00149228,0.215033,44897.7
301117.SZ,20260421,43000,46.97,2019710.0,47.56,0.0541222,0.669984,7944.99
301118.SZ,20260421,26700,24.45,652815.0,24.61,0.0254159,1.37452,10505.2
301119.SZ,20260421,3600,45.88,165168.0,46.09,0.00428011,0.273724,8411.0
301120.SZ,20260421,33200,23.53,781196.0,23.68,0.0151862,0.135799,21862.0
301121.SZ,20260421,3000,37.47,112410.0,37.47,0.00592983,0.250456,5059.16
301122.SZ,20260421,0,,0.0,30.81,0.0,0.0,7564.07
301123.SZ,20260421,225600,63.29,14278224.0,66.53,0.0965753,1.46615,23360.0
301125.SZ,20260421,18500,24.61,455285.0,24.76,0.0144406,0.367121,12811.1
301126.SZ,20260421,21200,11.29,239348.0,11.29,0.0153753,0.621736,13788.3
301127.SZ,20260421,28000,16.18,453040.0,16.15,0.00427977,0.30703,65424.1
301128.SZ,20260421,147740,176.16,26025878.4,184.88,0.162365,1.91167,9099.24
301129.SZ,20260421,20800,27.85,579280.0,27.88,0.0313808,1.00142,6628.25
301130.SZ,20260421,4900,30.79,150871.0,30.74,0.00830264,0.246553,5901.74
301131.SZ,20260421,1600,42.62,68192.0,42.62,0.00408634,0.180125,3915.49
301132.SZ,20260421,7300,41.4,302220.0,41.77,0.00770575,0.104897,9473.44
301133.SZ,20260421,1900,45.71,86849.0,45.91,0.00170962,0.0581533,11113.6
301135.SZ,20260421,600,28.48,17088.0,28.48,0.000784716,0.0600877,7646.08
301136.SZ,20260421,20700,16.2,335340.0,16.31,0.00752167,0.304367,27520.5
301137.SZ,20260421,8600,45.28,389408.0,45.52,0.00473012,0.166739,18181.3
301138.SZ,20260421,4100,38.6,158260.0,38.34,0.00598015,0.449181,6856.01
301139.SZ,20260421,35200,18.05,635360.0,18.04,0.0462141,0.392617,7616.71
301141.SZ,20260421,23200,54.97,1275304.0,54.59,0.0521201,0.733091,4451.26
301148.SZ,20260421,47300,68.14,3223022.0,68.3,0.0803423,0.878761,5887.31
301149.SZ,20260421,41100,12.91,530601.0,13.0,0.0157333,0.262415,26122.9
301150.SZ,20260421,67900,62.88,4269552.0,63.46,0.0305052,0.425861,22258.5
301151.SZ,20260421,4800,18.91,90768.0,18.87,0.00284286,0.471133,16884.4
301152.SZ,20260421,5400,30.05,162270.0,29.99,0.0076057,0.0951359,7099.94
301153.SZ,20260421,3000,25.04,75120.0,25.04,0.000904289,0.0520383,33175.2
301155.SZ,20260421,11500,67.0,770500.0,66.97,0.00932312,0.247838,12334.9
301156.SZ,20260421,13000,18.7,243100.0,18.69,0.0145699,0.791451,8922.5
301157.SZ,20260421,51900,78.0,4048200.0,81.8,0.251209,0.742192,2066.01
301158.SZ,20260421,17300,22.8,394440.0,22.8,0.0118094,0.236324,14649.3
301159.SZ,20260421,3300,41.05,135465.0,41.19,0.00622466,0.22137,5301.5
301160.SZ,20260421,1000,58.8,58800.0,58.81,0.00135264,0.0447042,7392.92
301161.SZ,20260421,1900,31.13,59147.0,31.31,0.00158333,0.109215,12000.0
301162.SZ,20260421,4500,69.05,310725.0,68.99,0.00528016,0.174004,8522.48
301163.SZ,20260421,9100,31.34,285194.0,31.56,0.0166284,0.357359,5472.56
301165.SZ,20260421,142300,93.1,13248130.0,99.53,0.0178891,1.34528,79545.5
301166.SZ,20260421,4300,30.69,131967.0,30.69,0.00755464,0.353211,5691.87
301167.SZ,20260421,6800,16.79,114172.0,16.75,0.0095825,0.306709,7096.27
301168.SZ,20260421,1200,45.0,54000.0,44.78,0.00125901,0.061417,9531.33
301169.SZ,20260421,2200,60.88,133936.0,60.86,0.00305479,0.169301,7201.8
301170.SZ,20260421,500,29.42,14710.0,29.42,0.00148918,0.0482929,3357.54
301171.SZ,20260421,441100,50.89,22447579.0,50.89,0.115421,0.868205,38216.6
301172.SZ,20260421,52300,30.34,1586782.0,30.66,0.0529534,0.752745,9876.61
301173.SZ,20260421,4600,44.07,202722.0,44.09,0.0149212,0.798921,3082.87
301175.SZ,20260421,37600,6.32,237632.0,6.32,0.00604618,0.219149,62188.0
301176.SZ,20260421,4100,28.59,117219.0,28.84,0.00249918,0.0586107,16405.4
301177.SZ,20260421,7100,29.36,208456.0,29.3,0.00177496,0.748227,40000.9
301178.SZ,20260421,4600,54.74,251804.0,54.51,0.00929737,0.172472,4947.63
301179.SZ,20260421,124200,28.0,3477600.0,28.1,0.0522935,0.515525,23750.5
301180.SZ,20260421,24400,20.0,488000.0,20.08,0.0148655,0.311246,16413.8
301181.SZ,20260421,25700,48.39,1243623.0,48.5,0.0287656,0.480791,8934.27
301182.SZ,20260421,44600,67.16,2995336.0,67.16,0.0465448,0.844493,9582.17
301183.SZ,20260421,42200,189.33,7989726.0,193.19,0.0718869,0.524009,5870.33
301185.SZ,20260421,900,19.07,17163.0,19.07,0.000643453,0.0464751,13987.0
301186.SZ,20260421,53400,73.23,3910482.0,73.96,0.0705887,1.27299,7564.95
301187.SZ,20260421,1800,20.03,36054.0,20.04,0.000706069,0.0770883,25493.3
301188.SZ,20260421,221300,25.5,5643150.0,25.93,0.0827176,0.920361,26753.7
301189.SZ,20260421,123022,85.36,10501157.92,85.84,0.110079,0.911039,11175.8
301190.SZ,20260421,2600,22.01,57226.0,22.04,0.00163159,0.184702,15935.4
301191.SZ,20260421,20400,143.59,2929236.0,146.03,0.0390817,0.407809,5219.84
301192.SZ,20260421,33100,26.64,881784.0,27.0,0.0691474,1.95372,4786.88
301193.SZ,20260421,92601,22.36,2070558.36,22.5,0.0655149,1.64171,14134.4
301195.SZ,20260421,500,32.14,16070.0,32.14,0.000570045,0.070235,8771.23
301196.SZ,20260421,24800,121.94,3024112.0,123.72,0.0302581,0.396575,8196.16
301197.SZ,20260421,44100,29.58,1304478.0,29.28,0.040552,0.436663,10874.9
301198.SZ,20260421,6400,14.56,93184.0,14.52,0.00411432,0.271645,15555.4
301199.SZ,20260421,1000,22.99,22990.0,22.99,0.00139468,0.0699999,7170.1
301200.SZ,20260421,54000,199.93,10796220.0,206.12,0.0128149,1.09301,42138.5
301201.SZ,20260421,9900,42.0,415800.0,42.14,0.0091207,0.0943905,10854.4
301202.SZ,20260421,8200,41.44,339808.0,41.88,0.0220549,0.442792,3718.0
301203.SZ,20260421,1600,42.53,68048.0,42.43,0.00364943,0.172872,4384.25
301205.SZ,20260421,98809,275.83,27254486.47,280.51,0.118469,0.890881,8340.47
301206.SZ,20260421,2600,26.36,68536.0,26.39,0.00199565,0.308628,13028.3
301207.SZ,20260421,2700,19.72,53244.0,19.77,0.000449514,0.0525106,60064.8
301208.SZ,20260421,600,35.04,21024.0,35.26,0.000908099,0.0556851,6607.21
301209.SZ,20260421,15900,97.05,1543095.0,96.35,0.0166174,1.44899,9568.3
301210.SZ,20260421,26100,36.63,956043.0,36.9,0.0600498,0.477218,4346.39
301211.SZ,20260421,2000,11.9,23800.0,11.92,0.000478933,0.054875,41759.5
301212.SZ,20260421,5500,27.32,150260.0,27.45,0.00586667,0.572246,9375.0
301213.SZ,20260421,600,72.06,43236.0,72.2,0.00116029,0.0368497,5171.1
301215.SZ,20260421,31500,6.28,197820.0,6.28,0.00238203,0.359251,132240.0
301216.SZ,20260421,29500,29.29,864055.0,29.27,0.00537996,0.189824,54833.1
301217.SZ,20260421,317900,46.27,14709233.0,46.79,0.0383467,0.667017,82901.6
301218.SZ,20260421,10800,36.15,390420.0,36.27,0.0154134,0.364685,7006.88
301219.SZ,20260421,340970,82.52,28136844.4,82.0,0.118,1.4035,28895.7
301220.SZ,20260421,1800,39.97,71946.0,39.97,0.00231258,0.0715354,7783.5
301221.SZ,20260421,400,52.6,21040.0,52.99,0.000637723,0.0218608,6272.32
301222.SZ,20260421,13800,38.2,527160.0,38.58,0.0172885,0.303055,7982.17
301223.SZ,20260421,10100,19.76,199576.0,19.67,0.00901665,0.572169,11201.5
301225.SZ,20260421,3800,114.0,433200.0,115.11,0.0127167,0.166273,2988.2
301226.SZ,20260421,70700,40.38,2854866.0,40.18,0.0649816,1.03523,10880.0
301227.SZ,20260421,4900,36.38,178262.0,36.24,0.00905345,0.268237,5412.3
301228.SZ,20260421,33600,56.35,1893360.0,56.98,0.0281312,0.432421,11944.0
301229.SZ,20260421,2200,18.57,40854.0,18.58,0.00170172,0.128043,12928.1
301230.SZ,20260421,21300,40.79,868827.0,41.07,0.0169565,0.239506,12561.6
301231.SZ,20260421,6500,32.03,208195.0,32.38,0.00993413,0.201754,6543.1
301232.SZ,20260421,53500,233.74,12505090.0,234.1,0.119775,0.581762,4466.73
301233.SZ,20260421,3600,55.45,199620.0,55.51,0.0127747,0.514461,2818.06
301234.SZ,20260421,200,39.4,7880.0,39.4,0.000294118,0.0183266,6800.0
301235.SZ,20260421,10400,51.77,538408.0,51.74,0.0142965,0.210769,7274.51
301236.SZ,20260421,75200,41.0,3083200.0,40.97,0.00957097,0.471011,78570.9
301237.SZ,20260421,24100,69.47,1674227.0,69.47,0.0413734,0.980672,5825.0
301238.SZ,20260421,19100,21.37,408167.0,21.29,0.00260455,0.151597,73333.3
301239.SZ,20260421,5100,38.55,196605.0,38.74,0.00340866,0.190873,14961.9
301246.SZ,20260421,71200,24.3,1730160.0,24.37,0.0418633,0.319925,17007.7
301248.SZ,20260421,236136,59.05,13943830.8,60.31,0.210219,1.63919,11232.9
301251.SZ,20260421,7100,67.1,476410.0,67.28,0.0131498,0.130795,5399.31
301252.SZ,20260421,22500,39.19,881775.0,39.4,0.0475884,0.642655,4728.04
301255.SZ,20260421,13600,30.1,409360.0,30.42,0.0357143,0.243312,3808.0
301256.SZ,20260421,86200,14.14,1218868.0,14.0,0.0179583,0.806943,48000.0
301257.SZ,20260421,2100,58.5,122850.0,58.22,0.00278814,0.090175,7531.89
301258.SZ,20260421,4400,32.38,142472.0,32.16,0.00494021,0.50831,8906.5
301259.SZ,20260421,22200,37.11,823842.0,37.25,0.0224535,0.442075,9887.1
301260.SZ,20260421,7000,15.6,109200.0,15.64,0.00342406,0.414752,20443.6
301261.SZ,20260421,2400,77.95,187080.0,77.15,0.00640285,0.193466,3748.33
301262.SZ,20260421,17900,23.75,425125.0,23.93,0.0146631,0.447113,12207.5
301263.SZ,20260421,3900,29.2,113880.0,29.33,0.00128464,0.0893765,30358.6
301265.SZ,20260421,426500,29.55,12603075.0,28.2,0.253194,2.40768,16844.8
301266.SZ,20260421,22400,42.05,941920.0,41.89,0.0214699,0.691944,10433.2
301267.SZ,20260421,4800,17.18,82464.0,17.19,0.000740233,0.150361,64844.4
301268.SZ,20260421,5700,23.46,133722.0,23.64,0.00165362,0.169253,34469.8
301269.SZ,20260421,18400,87.5,1610000.0,87.7,0.00337344,0.363141,54543.8
301270.SZ,20260421,3000,35.9,107700.0,35.9,0.00317484,0.0680954,9449.28
301272.SZ,20260421,7500,42.48,318600.0,41.91,0.0239399,1.26339,3132.85
301273.SZ,20260421,21400,31.62,676668.0,31.6,0.0389189,1.46734,5498.62
301275.SZ,20260421,6800,42.5,289000.0,42.5,0.00231658,0.1629,29353.6
301276.SZ,20260421,1200,25.56,30672.0,25.48,0.00166049,0.0708436,7226.76
301277.SZ,20260421,12300,11.9,146370.0,11.88,0.00313713,0.424822,39207.8
301278.SZ,20260421,8600,39.69,341334.0,39.72,0.0167309,0.360113,5140.2
301279.SZ,20260421,6700,29.67,198789.0,29.76,0.0066674,0.388385,10048.9
301280.SZ,20260421,4300,62.91,270513.0,62.96,0.0107158,0.185401,4012.76
301281.SZ,20260421,1300,37.81,49153.0,37.89,0.00183222,0.0300309,7095.2
301282.SZ,20260421,56300,44.7,2516610.0,45.04,0.0478814,0.241879,11758.2
301283.SZ,20260421,2500,49.59,123975.0,49.8,0.00395089,0.126773,6327.69
301285.SZ,20260421,17200,103.52,1780544.0,103.4,0.00832245,0.419419,20667.0
301286.SZ,20260421,33800,49.25,1664650.0,50.63,0.0209574,1.18742,16127.9
301287.SZ,20260421,3800,43.21,164198.0,43.21,0.0223118,0.444819,1703.14
301288.SZ,20260421,35100,19.03,667953.0,19.03,0.0449368,4.63746,7810.96
301289.SZ,20260421,1900,56.33,107027.0,56.91,0.00245158,0.296163,7750.09
301290.SZ,20260421,63100,28.45,1795195.0,28.12,0.0925717,4.33453,6816.34
301291.SZ,20260421,19400,54.93,1065642.0,55.03,0.0120022,0.136887,16163.7
301292.SZ,20260421,91900,92.0,8454800.0,91.5,0.10803,0.368959,8506.86
301293.SZ,20260421,12500,69.6,870000.0,70.09,0.0077666,0.168069,16094.6
301295.SZ,20260421,13000,42.61,553930.0,42.61,0.0442177,0.422681,2940.0
301296.SZ,20260421,7400,7.92,58608.0,7.93,0.00174209,0.385678,42477.6
301297.SZ,20260421,88600,38.39,3401354.0,38.91,0.0244092,0.927572,36297.8
301298.SZ,20260421,16500,16.47,271755.0,16.5,0.0152519,0.945139,10818.3
301299.SZ,20260421,3600,67.79,244044.0,68.01,0.00809041,0.172098,4449.71
301300.SZ,20260421,600,44.57,26742.0,44.67,0.00154747,0.0753373,3877.3
301301.SZ,20260421,13800,10.26,141588.0,10.24,0.0022338,0.107711,61778.2
301302.SZ,20260421,21500,22.39,481385.0,22.33,0.0154687,0.408913,13899.0
301303.SZ,20260421,5600,15.9,89040.0,16.05,0.00550451,0.150246,10173.5
301305.SZ,20260421,7900,27.84,219936.0,27.82,0.00638572,0.11374,12371.3
301306.SZ,20260421,96400,177.59,17119676.0,179.38,0.165352,1.00332,5830.0
301307.SZ,20260421,23400,44.2,1034280.0,44.04,0.0214695,0.207665,10899.2
301308.SZ,20260421,134700,378.0,50916600.0,375.21,0.04909,0.774314,27439.4
301309.SZ,20260421,6400,35.41,226624.0,35.4,0.0105644,0.135226,6058.09
301310.SZ,20260421,55400,62.83,3480782.0,62.9,0.126725,0.65595,4371.67
301311.SZ,20260421,31400,16.98,533172.0,17.12,0.0130833,1.54496,24000.0
301312.SZ,20260421,43000,115.37,4960910.0,117.13,0.0710124,0.571525,6055.28
301313.SZ,20260421,16000,35.1,561600.0,35.1,0.0211955,0.367195,7548.78
301314.SZ,20260421,5790,50.54,292626.6,50.34,0.0317132,0.349492,1825.74
301315.SZ,20260421,1100,50.51,55561.0,50.62,0.00297297,0.106713,3700.0
301316.SZ,20260421,30600,47.36,1449216.0,47.15,0.00764981,0.259792,40001.0
301317.SZ,20260421,76000,61.39,4665640.0,63.17,0.145603,1.07718,5219.67
301318.SZ,20260421,2000,27.57,55140.0,27.21,0.00225268,0.182685,8878.33
301319.SZ,20260421,183200,72.1,13208720.0,70.25,0.195853,1.85757,9353.95
301320.SZ,20260421,2100,17.4,36540.0,17.37,0.00307876,0.151947,6820.92
301321.SZ,20260421,7900,23.8,188020.0,23.89,0.00535157,0.114012,14762.0
301322.SZ,20260421,3700,36.24,134088.0,36.25,0.0038936,0.0928999,9502.77
301323.SZ,20260421,16400,67.5,1107000.0,68.69,0.0242342,0.562511,6767.3
301325.SZ,20260421,200,46.0,9200.0,45.88,0.000345455,0.0106826,5789.47
301326.SZ,20260421,32700,159.09,5202243.0,161.35,0.0453805,1.5542,7205.74
301327.SZ,20260421,16400,66.31,1087484.0,66.74,0.00940468,0.328685,17438.1
301328.SZ,20260421,30400,61.0,1854400.0,61.67,0.0276635,0.98307,10989.2
301329.SZ,20260421,2400,23.6,56640.0,23.77,0.00400374,0.113208,5994.4
301330.SZ,20260421,1800,34.6,62280.0,34.74,0.0009263,0.0757732,19432.2
301331.SZ,20260421,1700,26.69,45373.0,26.82,0.00165537,0.168031,10269.6
301332.SZ,20260421,2200,9.37,20614.0,9.37,0.00083051,0.130832,26489.8
301333.SZ,20260421,3800,68.63,260794.0,68.62,0.00394012,0.202229,9644.37
301335.SZ,20260421,3000,26.34,79020.0,26.32,0.00592607,0.102259,5062.38
301336.SZ,20260421,15000,50.97,764550.0,51.2,0.049293,1.74666,3043.03
301337.SZ,20260421,2600,28.28,73528.0,28.3,0.00702973,0.171398,3698.58
301338.SZ,20260421,25600,180.68,4625408.0,180.89,0.0432798,0.478156,5915.0
301339.SZ,20260421,1300,13.63,17719.0,13.56,0.00022815,0.0358541,56980.0
301345.SZ,20260421,1000,235.9,235900.0,235.94,0.00285472,0.060773,3502.97
301348.SZ,20260421,66200,24.7,1635140.0,24.85,0.0426714,0.775321,15513.9
301349.SZ,20260421,45600,64.0,2918400.0,63.43,0.0565869,0.817623,8058.41
301353.SZ,20260421,2200,28.22,62084.0,28.22,0.00690061,0.32902,3188.12
301355.SZ,20260421,9200,12.58,115736.0,12.58,0.00918114,0.261135,10020.5
301356.SZ,20260421,200,21.47,4294.0,21.5,0.000364897,0.0199783,5481.0
301357.SZ,20260421,21400,119.53,2557942.0,118.35,0.022479,0.71012,9520.0
301358.SZ,20260421,38000,83.13,3158940.0,83.13,0.00500041,0.136654,75993.8
301359.SZ,20260421,7000,22.11,154770.0,22.11,0.00983878,0.453081,7114.7
301360.SZ,20260421,7800,82.79,645762.0,83.23,0.0306363,0.329142,2546.0
301361.SZ,20260421,2200,38.5,84700.0,38.65,0.00722638,0.0825358,3044.4
301362.SZ,20260421,32100,148.26,4759146.0,149.13,0.10819,0.736167,2967.0
301363.SZ,20260421,21400,26.59,569026.0,26.73,0.00573414,0.334548,37320.3
301365.SZ,20260421,6600,30.66,202356.0,30.96,0.00651001,0.14194,10138.2
301366.SZ,20260421,14700,36.08,530376.0,36.2,0.0125645,0.450104,11699.6
301367.SZ,20260421,4900,71.0,347900.0,70.59,0.00700565,0.724995,6994.36
301368.SZ,20260421,31400,52.34,1643476.0,53.07,0.0489696,1.82964,6412.14
301369.SZ,20260421,8500,169.77,1443045.0,168.07,0.0233752,0.444402,3636.34
301370.SZ,20260421,0,,0.0,10.49,0.0,0.0,32374.9
301371.SZ,20260421,76700,24.22,1857674.0,24.21,0.0985996,4.55932,7778.94
301372.SZ,20260421,9400,32.8,308320.0,32.8,0.0228319,0.194759,4117.04
301373.SZ,20260421,62100,99.7,6191370.0,97.61,0.152269,0.719584,4078.31
301376.SZ,20260421,1800,16.35,29430.0,16.37,0.000929546,0.0445535,19364.3
301377.SZ,20260421,16200,226.0,3661200.0,227.5,0.0228092,0.253013,7102.4
301378.SZ,20260421,6400,32.18,205952.0,32.37,0.0139389,0.41525,4591.45
301379.SZ,20260421,3800,25.8,98040.0,25.81,0.00298429,0.0856403,12733.4
301380.SZ,20260421,14900,34.43,513007.0,34.21,0.0184546,1.1305,8073.86
301381.SZ,20260421,17100,21.6,369360.0,21.6,0.00874823,0.339172,19546.8
301382.SZ,20260421,84900,40.24,3416376.0,40.87,0.0481597,0.355713,17628.9
301383.SZ,20260421,1500,29.38,44070.0,29.53,0.00212422,0.0950729,7061.42
301386.SZ,20260421,7300,26.83,195859.0,26.94,0.0162222,0.380924,4500.0
301387.SZ,20260421,47100,64.81,3052551.0,66.95,0.110345,1.3255,4268.43
301388.SZ,20260421,1700,32.51,55267.0,32.31,0.00621423,0.0774684,2735.66
301389.SZ,20260421,35300,58.86,2077758.0,58.99,0.041741,0.38518,8456.9
301390.SZ,20260421,2800,35.59,99652.0,35.79,0.00912768,0.18427,3067.59
301391.SZ,20260421,1800,79.14,142452.0,79.26,0.00193891,0.0800491,9283.56
301392.SZ,20260421,30300,153.01,4636203.0,153.9,0.0742721,0.4218,4079.59
301393.SZ,20260421,10000,57.31,573100.0,57.87,0.0237503,0.245414,4210.48
301395.SZ,20260421,85100,13.01,1107151.0,13.0,0.0619222,0.611162,13743.0
301396.SZ,20260421,78200,283.8,22193160.0,289.0,0.102785,0.49422,7608.11
301397.SZ,20260421,107700,37.46,4034442.0,37.84,0.152252,1.20169,7073.78
301398.SZ,20260421,3900,47.13,183807.0,47.59,0.0104785,0.134688,3721.9
301399.SZ,20260421,234200,24.2,5667640.0,25.34,0.428282,2.2022,5468.36
301408.SZ,20260421,320300,20.87,6684661.0,20.73,0.139894,0.730435,22895.9
301413.SZ,20260421,5900,121.13,714667.0,121.66,0.0100426,0.153129,5874.99
301418.SZ,20260421,3800,40.04,152152.0,40.04,0.0129092,0.437784,2943.63
301419.SZ,20260421,77800,46.35,3606030.0,47.12,0.0980756,0.813706,7932.66
301421.SZ,20260421,47700,97.5,4650750.0,100.0,0.103005,0.886998,4630.85
301428.SZ,20260421,23500,34.53,811455.0,34.65,0.0384008,0.443198,6119.67
301429.SZ,20260421,2900,19.78,57362.0,19.88,0.00658475,0.226739,4404.11
301439.SZ,20260421,6200,16.11,99882.0,16.2,0.00338341,0.158226,18324.7
301446.SZ,20260421,7600,39.3,298680.0,39.3,0.0239204,0.627876,3177.2
301448.SZ,20260421,1300,39.42,51246.0,39.57,0.00269249,0.0947858,4828.25
301449.SZ,20260421,1700,80.2,136340.0,80.51,0.0122186,0.0846507,1391.33
301456.SZ,20260421,2200,30.02,66044.0,30.15,0.00363636,0.148161,6050.01
301458.SZ,20260421,26200,37.3,977260.0,37.44,0.0223013,0.44259,11748.2
301459.SZ,20260421,1200,38.81,46572.0,38.9,0.00459788,0.117927,2609.9
301468.SZ,20260421,15600,54.07,843492.0,54.78,0.0207993,0.241,7500.26
301469.SZ,20260421,4400,34.76,152944.0,34.75,0.00955303,0.354046,4605.87
301479.SZ,20260421,12100,106.74,1291554.0,107.8,0.0237585,0.255303,5092.92
301486.SZ,20260421,114500,167.6,19190200.0,174.22,0.158032,1.32854,7245.38
301487.SZ,20260421,37600,22.75,855400.0,22.7,0.0137833,0.305932,27279.4
301488.SZ,20260421,4300,136.0,584800.0,136.34,0.0183665,0.396665,2341.22
301489.SZ,20260421,95900,210.01,20139959.0,219.0,0.201469,1.97946,4760.04
301491.SZ,20260421,500,51.19,25595.0,51.19,0.00174926,0.092215,2858.34
301498.SZ,20260421,41000,56.07,2298870.0,56.05,0.0228476,0.436897,17945.0
301499.SZ,20260421,12100,35.68,431728.0,35.8,0.0350078,0.248738,3456.37
301500.SZ,20260421,21000,24.8,520800.0,24.7,0.0145782,0.144017,14405.1
301501.SZ,20260421,2000,38.58,77160.0,38.56,0.0045977,0.259835,4350.0
301502.SZ,20260421,4400,47.4,208560.0,47.56,0.0186543,0.206297,2358.7
301503.SZ,20260421,2800,36.4,101920.0,36.4,0.00862069,0.410148,3248.0
301505.SZ,20260421,5300,23.15,122695.0,23.01,0.00677822,0.208779,7819.16
301507.SZ,20260421,7600,14.42,109592.0,14.42,0.00689737,0.222238,11018.7
301508.SZ,20260421,1800,29.98,53964.0,29.82,0.00305933,0.163582,5883.64
301509.SZ,20260421,30900,43.6,1347240.0,43.68,0.054458,0.316193,5674.09
301510.SZ,20260421,3200,31.35,100320.0,31.45,0.0011463,0.0600049,27915.9
301511.SZ,20260421,146000,52.3,7635800.0,52.86,0.0389717,0.366903,37463.1
301512.SZ,20260421,20300,47.6,966280.0,47.47,0.0818106,2.72695,2481.34
301513.SZ,20260421,67000,93.77,6282590.0,96.56,0.332523,0.50891,2014.9
301515.SZ,20260421,4300,23.37,100491.0,23.19,0.00655782,0.244778,6557.06
301516.SZ,20260421,26600,19.97,531202.0,20.19,0.037905,0.247871,7017.54
301517.SZ,20260421,100300,71.05,7126315.0,73.26,0.102183,0.717623,9815.71
301518.SZ,20260421,10700,44.12,472084.0,44.12,0.0200005,0.371468,5349.87
301519.SZ,20260421,4400,14.37,63228.0,14.38,0.00582962,0.247792,7547.66
301520.SZ,20260421,4300,44.1,189630.0,44.31,0.0191767,0.272727,2242.3
301522.SZ,20260421,21700,32.84,712628.0,32.66,0.00771099,0.428348,28141.7
301525.SZ,20260421,800,73.7,58960.0,73.92,0.00161939,0.0709184,4940.12
301526.SZ,20260421,408400,13.88,5668592.0,13.87,0.0290802,0.205042,140439.0
301528.SZ,20260421,3200,72.09,230688.0,72.17,0.0100471,0.199333,3185.0
301529.SZ,20260421,2100,111.0,233100.0,111.51,0.00464206,0.0583845,4523.85
301533.SZ,20260421,1100,32.81,36091.0,32.75,0.00386824,0.144686,2843.67
301535.SZ,20260421,1600,20.14,32224.0,20.14,0.000942307,0.0509068,16979.6
301536.SZ,20260421,19700,77.83,1533251.0,78.83,0.0105239,0.38959,18719.3
301538.SZ,20260421,3900,84.0,327600.0,84.57,0.0124921,0.272886,3121.97
301539.SZ,20260421,1900,19.48,37012.0,19.51,0.00253125,0.153897,7506.18
301548.SZ,20260421,7100,82.0,582200.0,82.44,0.0270631,0.252773,2623.5
301550.SZ,20260421,4600,156.79,721234.0,158.24,0.00326057,0.0727385,14108.0
301551.SZ,20260421,27100,30.1,815710.0,30.32,0.0175344,0.782585,15455.4
301552.SZ,20260421,9200,44.08,405536.0,44.17,0.0386555,0.33616,2380.0
301555.SZ,20260421,12000,37.2,446400.0,37.21,0.0248204,0.467516,4834.73
301556.SZ,20260421,22000,91.35,2009700.0,92.27,0.0746269,1.07727,2948.0
301557.SZ,20260421,200,110.2,22040.0,110.63,0.00112581,0.0120725,1776.5
301558.SZ,20260421,32500,8.38,272350.0,8.43,0.0148211,0.524039,21928.2
301559.SZ,20260421,0,,0.0,17.2,0.0,0.0,9000.0
301560.SZ,20260421,140000,43.6,6104000.0,42.32,0.575658,5.67013,2432.0
301563.SZ,20260421,1900,166.08,315552.0,166.1,0.0129078,0.0947698,1471.98
301565.SZ,20260421,4800,21.91,105168.0,21.9,0.00374971,0.22931,12801.0
301566.SZ,20260421,107600,23.13,2488788.0,23.42,0.0518552,0.834159,20750.1
301567.SZ,20260421,1000,43.14,43140.0,43.3,0.00470813,0.128481,2123.99
301568.SZ,20260421,15100,55.6,839560.0,56.0,0.0317231,0.348333,4759.94
301571.SZ,20260421,21900,77.0,1686300.0,77.14,0.0183776,0.432514,11916.7
301575.SZ,20260421,100,45.69,4569.0,45.76,0.000574431,0.0157965,1740.85
301577.SZ,20260421,1200,62.92,75504.0,62.92,0.00636904,0.124134,1884.12
301578.SZ,20260421,900,33.71,30339.0,33.83,0.00388435,0.158332,2316.99
301580.SZ,20260421,10500,77.46,813330.0,77.9,0.0145799,0.168131,7201.7
301581.SZ,20260421,2800,46.62,130536.0,46.77,0.00572855,0.651414,4887.8
301584.SZ,20260421,11700,28.17,329589.0,28.14,0.0217819,0.215567,5371.43
301585.SZ,20260421,1000,29.71,29710.0,29.5,0.00146824,0.107441,6810.89
301586.SZ,20260421,500,44.4,22200.0,44.5,0.000944982,0.0525583,5291.11
301587.SZ,20260421,20600,27.5,566500.0,27.7,0.0280451,0.229697,7345.3
301588.SZ,20260421,15700,22.43,352151.0,22.52,0.0214015,0.270397,7335.92
301589.SZ,20260421,1800,173.3,311940.0,174.3,0.0052227,0.259767,3446.5
301590.SZ,20260421,1600,185.95,297520.0,185.94,0.0185989,0.296936,860.268
301591.SZ,20260421,500,42.8,21400.0,42.77,0.00147281,0.0439094,3394.87
301592.SZ,20260421,14400,128.81,1854864.0,128.26,0.061648,0.600803,2335.84
301595.SZ,20260421,5000,48.95,244750.0,48.98,0.0205229,0.223192,2436.3
301596.SZ,20260421,5300,70.91,375823.0,70.84,0.0169239,0.71166,3131.66
301598.SZ,20260421,25700,62.9,1616530.0,63.7,0.146458,5.07359,1754.77
301600.SZ,20260421,300,108.46,32538.0,108.46,0.000929987,0.0321997,3225.85
301601.SZ,20260421,1400,23.67,33138.0,23.78,0.0016572,0.0933398,8448.0
301602.SZ,20260421,1300,19.31,25103.0,19.29,0.000623503,0.0821336,20849.9
301603.SZ,20260421,222797,103.0,22948091.0,103.5,0.590464,2.76197,3773.25
301606.SZ,20260421,4000,74.8,299200.0,75.0,0.00242426,0.103065,16499.9
301607.SZ,20260421,5100,47.7,243270.0,47.75,0.00455986,0.192361,11184.5
301608.SZ,20260421,64800,93.22,6040656.0,86.76,0.162255,7.0596,3993.72
301609.SZ,20260421,9300,48.36,449748.0,48.72,0.0253766,0.287895,3664.8
301611.SZ,20260421,30200,100.5,3035100.0,100.11,0.0206027,0.1841,14658.3
301613.SZ,20260421,3600,47.7,171720.0,47.71,0.00429076,0.264309,8390.12
301616.SZ,20260421,400,51.94,20776.0,51.94,0.00140836,0.0511197,2840.18
301617.SZ,20260421,51400,58.58,3011012.0,60.08,0.096908,2.07034,5304.0
301618.SZ,20260421,1000,48.85,48850.0,48.85,0.0030162,0.274194,3315.43
301622.SZ,20260421,1200,63.43,76116.0,63.44,0.00185588,0.0555582,6465.94
301626.SZ,20260421,8600,261.0,2244600.0,261.0,0.0163439,0.384271,5261.9
301628.SZ,20260421,13200,111.69,1474308.0,112.99,0.0473529,0.522014,2787.58
301629.SZ,20260421,6700,290.0,1943000.0,292.89,0.034903,0.261243,1919.61
301630.SZ,20260421,8800,217.8,1916640.0,216.38,0.088,0.467229,1000.0
301631.SZ,20260421,5600,101.11,566216.0,101.52,0.0182378,0.145694,3070.55
301632.SZ,20260421,7200,21.37,153864.0,21.37,0.00982774,0.381108,7326.2
301633.SZ,20260421,21600,64.83,1400328.0,63.94,0.0846705,5.34521,2551.06
301636.SZ,20260421,4200,71.8,301560.0,72.26,0.0263043,0.101276,1596.7
301638.SZ,20260421,105800,28.12,2975096.0,28.3,0.0450251,0.221582,23498.0
301656.SZ,20260421,18800,21.8,409840.0,21.8,0.00923248,0.307828,20362.9
301658.SZ,20260421,29800,42.4,1263520.0,42.4,0.0305902,0.267053,9741.67
301662.SZ,20260421,12000,165.1,1981200.0,166.5,0.0390204,0.432037,3075.31
301665.SZ,20260421,11300,26.95,304535.0,26.96,0.0108477,0.493776,10417.0
301666.SZ,20260421,105793,233.4,24692086.2,237.99,0.398973,0.624656,2651.63
301667.SZ,20260421,26500,99.8,2644700.0,100.72,0.117807,0.353975,2249.45
301668.SZ,20260421,2000,51.76,103520.0,51.95,0.00822079,0.116362,2432.86
301678.SZ,20260421,4600,63.68,292928.0,63.9,0.00960112,0.252694,4791.11
301680.SZ,20260421,12200,104.3,1272460.0,105.39,0.0726083,0.453171,1680.25
301682.SZ,20260421,42300,128.85,5450355.0,130.15,0.164676,0.637753,2568.68
301683.SZ,20260421,24200,129.74,3139708.0,130.0,0.169638,0.567106,1426.56
301687.SZ,20260421,12000,59.2,710400.0,59.6,0.0406293,0.348653,2953.53
301696.SZ,20260421,65228,103.0,6718484.0,102.0,0.216824,0.471144,3008.34
302132.SZ,20260421,27000,70.0,1890000.0,69.79,0.00460696,0.430629,58606.9
920000.BJ,20260421,3000,16.71,50130.0,16.84,0.00520888,0.367627,5759.39
920001.BJ,20260421,24237,16.15,391427.55,16.34,0.0273275,1.12548,8869.1
920002.BJ,20260421,853,87.99,75055.47,88.27,0.00267775,0.114671,3185.51
920003.BJ,20260421,4539,28.4,128907.6,28.33,0.0340904,1.12805,1331.46
920005.BJ,20260421,700,37.14,25998.0,37.41,0.00325581,0.152815,2150.0
920006.BJ,20260421,11145,23.57,262687.65,23.57,0.0233173,0.740447,4779.71
920007.BJ,20260421,161,57.1,9193.1,57.49,0.00151275,0.0430682,1064.29
920008.BJ,20260421,5842,26.9,157149.8,27.13,0.0171719,0.494217,3402.07
920009.BJ,20260421,1100,68.18,74998.0,68.28,0.0152778,0.451833,720.0
920010.BJ,20260421,336026,12.81,4304493.06,13.14,0.193515,2.06046,17364.3
920011.BJ,20260421,17607,26.66,469402.62,26.74,0.0946613,0.340907,1860.0
920012.BJ,20260421,203644,59.88,12194202.72,62.9,1.53477,2.84179,1326.87
920014.BJ,20260421,5768,13.28,76599.04,13.27,0.00860288,0.144591,6704.73
920015.BJ,20260421,7628,42.32,322816.96,42.6,0.0190641,0.397967,4001.24
920016.BJ,20260421,140,17.47,2445.8,17.33,0.000408912,0.01696,3423.72
920017.BJ,20260421,1000,17.85,17850.0,17.8,0.000809653,0.0492173,12351.0
920018.BJ,20260421,300,29.58,8874.0,29.5,0.000678368,0.0150358,4422.38
920019.BJ,20260421,2306,18.88,43537.28,19.0,0.00137642,0.0877338,16753.6
920020.BJ,20260421,1000,16.15,16150.0,16.13,0.00181485,0.126634,5510.09
920021.BJ,20260421,163638,11.01,1801654.38,11.2,0.0661018,0.594826,24755.5
920022.BJ,20260421,1831,27.64,50608.84,27.35,0.0110202,0.349013,1661.5
920023.BJ,20260421,15116,3.21,48522.36,3.2,0.00562333,0.165562,26880.9
920026.BJ,20260421,3498,37.09,129740.82,37.58,0.00939953,0.219049,3721.46
920027.BJ,20260421,2108,18.67,39356.36,18.78,0.00499485,0.13877,4220.35
920028.BJ,20260421,12131,16.62,201617.22,16.66,0.0285039,0.193351,4255.91
920029.BJ,20260421,3700,87.0,321900.0,87.27,0.00273782,0.507652,13514.4
920030.BJ,20260421,800,5.79,4632.0,5.83,0.000711275,0.0424392,11247.4
920033.BJ,20260421,0,,0.0,15.76,0.0,0.0,8276.1
920035.BJ,20260421,42674,36.29,1548639.46,37.62,0.327908,3.46319,1301.4
920036.BJ,20260421,35514,46.66,1657083.24,47.77,0.271903,1.33351,1306.13
920037.BJ,20260421,14233,78.23,1113447.59,78.47,0.0481425,1.03521,2956.43
920039.BJ,20260421,2900,10.0,29000.0,9.99,0.00188532,0.271395,15382.0
920045.BJ,20260421,13907,518.0,7203826.0,537.0,0.0690944,0.820493,2012.75
920046.BJ,20260421,8240,27.64,227753.6,27.81,0.0128595,0.116247,6407.73
920047.BJ,20260421,11733,29.63,347648.79,29.9,0.00651448,0.124394,18010.6
920050.BJ,20260421,1429,32.93,47056.97,32.91,0.00789387,0.316011,1810.27
920055.BJ,20260421,23951,34.97,837566.47,35.22,0.156542,0.897927,1530.0
920056.BJ,20260421,2952,23.46,69253.92,23.42,0.00957078,0.271741,3084.39
920057.BJ,20260421,40427,6.3,254690.1,6.37,0.0351323,3.14293,11507.1
920058.BJ,20260421,1800,28.79,51822.0,29.0,0.00652307,0.302951,2759.44
920060.BJ,20260421,86441,33.5,2895773.5,34.1,0.0911592,1.50028,9482.43
920061.BJ,20260421,6301,25.9,163195.9,24.75,0.0160068,0.717469,3936.44
920062.BJ,20260421,12000,10.95,131400.0,10.98,0.00898809,0.231497,13351.0
920066.BJ,20260421,4200,22.51,94542.0,22.64,0.0211339,0.863225,1987.33
920068.BJ,20260421,43034,21.5,925231.0,21.82,0.0686301,1.50793,6270.43
920069.BJ,20260421,17299,37.52,649058.48,37.15,0.117061,0.868137,1477.77
920075.BJ,20260421,4885,21.81,106541.85,22.03,0.0140056,0.683117,3487.89
920076.BJ,20260421,6054,21.5,130161.0,21.5,0.0306355,0.614812,1976.14
920077.BJ,20260421,65957,18.83,1241970.31,19.07,0.0217426,0.583328,30335.3
920078.BJ,20260421,85294,28.22,2406996.68,28.06,0.412048,1.37161,2070.0
920080.BJ,20260421,672,23.51,15798.72,23.7,0.00296553,0.116302,2266.04
920082.BJ,20260421,6800,15.77,107236.0,15.64,0.017186,0.739141,3956.7
920086.BJ,20260421,29756,30.37,903689.72,30.85,0.11126,1.3972,2674.45
920087.BJ,20260421,34969,15.5,542019.5,15.39,0.0213166,0.667574,16404.6
920088.BJ,20260421,19756,52.3,1033238.8,52.69,0.0606641,0.329566,3256.62
920089.BJ,20260421,5065,19.4,98261.0,19.22,0.00590211,0.257016,8581.67
920090.BJ,20260421,71608,5.79,414610.32,5.89,0.0529068,1.05453,13534.7
920091.BJ,20260421,400,63.73,25492.0,64.35,0.00275858,0.0288996,1450.02
920092.BJ,20260421,2948,32.2,94925.6,32.45,0.00894597,0.1784,3295.34
920098.BJ,20260421,47951,27.46,1316734.46,27.95,0.0865922,5.66759,5537.57
920099.BJ,20260421,2000,32.12,64240.0,32.11,0.00412518,0.165855,4848.27
920100.BJ,20260421,1400,51.35,71890.0,51.92,0.00715376,0.170946,1957.01
920101.BJ,20260421,800,35.88,28704.0,36.05,0.00287578,0.0946164,2781.85
920106.BJ,20260421,2581,67.35,173830.35,67.97,0.00591228,0.295905,4365.49
920108.BJ,20260421,1900,11.33,21527.0,11.41,0.00260389,0.23652,7296.77
920110.BJ,20260421,1400,35.79,50106.0,35.79,0.00862122,0.916313,1623.9
920111.BJ,20260421,742943,31.0,23031233.0,25.26,0.9868,39.8679,7528.81
920112.BJ,20260421,0,,0.0,33.98,0.0,0.0,2318.3
920116.BJ,20260421,37953,105.5,4004041.5,107.02,0.0247291,0.841156,15347.5
920118.BJ,20260421,400,21.34,8536.0,21.36,0.00127636,0.0852085,3133.91
920119.BJ,20260421,5346,95.2,508939.2,96.1,0.0281713,0.433276,1897.68
920121.BJ,20260421,2599,37.3,96942.7,37.5,0.0218545,0.834357,1189.23
920122.BJ,20260421,890,27.3,24297.0,27.47,0.00238126,0.111106,3737.51
920123.BJ,20260421,3452,13.3,45911.6,13.35,0.00542487,0.348911,6363.29
920124.BJ,20260421,6335,16.53,104717.55,16.5,0.00827765,0.313795,7653.14
920128.BJ,20260421,3900,25.58,99762.0,25.7,0.0102001,0.686141,3823.5
920130.BJ,20260421,1000,20.92,20920.0,20.91,0.00176717,0.0791555,5658.76
920132.BJ,20260421,3700,13.88,51356.0,13.98,0.0131564,0.381856,2812.32
920139.BJ,20260421,44984,18.76,843899.84,18.97,0.0173062,0.747986,25993.0
920145.BJ,20260421,2376,15.26,36257.76,15.47,0.00488959,0.257233,4859.3
920146.BJ,20260421,200,7.21,1442.0,7.2,0.000186675,0.00814605,10713.8
920149.BJ,20260421,2000,10.6,21200.0,10.54,0.00316121,0.254221,6326.7
920152.BJ,20260421,6361,16.37,104129.57,16.36,0.00774209,0.386523,8216.12
920158.BJ,20260421,18300,17.77,325191.0,17.79,0.0479819,0.407199,3813.94
920159.BJ,20260421,10376,40.79,423237.04,40.44,0.0720556,0.788085,1440.0
920160.BJ,20260421,4607,24.07,110890.49,23.93,0.0180752,0.464731,2548.8
920163.BJ,20260421,2035,13.1,26658.5,13.16,0.00338647,0.268901,6009.2
920166.BJ,20260421,6390,29.9,191061.0,30.0,0.0268886,0.434665,2376.47
920167.BJ,20260421,4818,17.9,86242.2,17.87,0.00737105,0.346528,6536.38
920168.BJ,20260421,3700,22.65,83805.0,22.79,0.0131324,0.255742,2817.45
920169.BJ,20260421,11664,31.89,371964.96,31.8,0.0229592,0.435536,5080.32
920171.BJ,20260421,46448,22.0,1021856.0,22.26,0.0686776,0.681281,6763.2
920174.BJ,20260421,2152,39.48,84960.96,39.84,0.00247354,0.136317,8700.08
920175.BJ,20260421,6551,10.19,66754.69,10.19,0.00826355,0.413197,7927.59
920177.BJ,20260421,59991,37.45,2246662.95,38.35,0.509608,0.708821,1177.2
920179.BJ,20260421,97709,51.01,4984136.09,52.69,0.163616,2.13199,5971.85
920180.BJ,20260421,11077,17.07,189084.39,17.1,0.0310546,0.558202,3566.95
920181.BJ,20260421,37320,71.01,2650093.2,72.72,0.372455,0.817446,1002.0
920183.BJ,20260421,2980,40.0,119200.0,40.26,0.0264893,0.257216,1124.98
920184.BJ,20260421,4248,16.52,70176.96,16.65,0.00475339,0.171496,8936.79
920185.BJ,20260421,43326,31.55,1366935.3,31.37,0.00387654,0.376664,111765.0
920187.BJ,20260421,4530,37.83,171369.9,37.8,0.0197875,0.463001,2289.33
920188.BJ,20260421,29179,25.83,753693.57,26.09,0.147414,0.727471,1979.39
920190.BJ,20260421,5957,23.31,138857.67,23.39,0.00599036,0.362874,9944.3
920191.BJ,20260421,964285,13.88,13384275.8,14.88,2.41585,2.62244,3991.5
920195.BJ,20260421,16144,20.05,323687.2,20.04,0.0228155,1.89096,7075.9
920198.BJ,20260421,6102,9.01,54979.02,9.09,0.0086595,0.317579,7046.6
920199.BJ,20260421,7426,35.2,261395.2,35.87,0.0195796,0.566071,3792.73
920204.BJ,20260421,600,16.03,9618.0,16.16,0.00120022,0.0682889,4999.07
920207.BJ,20260421,87912,31.0,2725272.0,31.72,0.156109,1.91972,5631.45
920208.BJ,20260421,34393,23.69,814770.17,24.15,0.0337588,2.99988,10187.9
920212.BJ,20260421,1000,12.39,12390.0,12.39,0.0019379,0.108068,5160.23
920221.BJ,20260421,1000,15.4,15400.0,15.4,0.00161904,0.0981514,6176.49
920223.BJ,20260421,259085,19.11,4951114.35,19.75,0.317569,5.29056,8158.38
920225.BJ,20260421,58688,32.67,1917336.96,32.35,0.0708945,0.92836,8278.22
920227.BJ,20260421,3373,64.6,217895.8,65.25,0.0190369,0.434312,1771.82
920230.BJ,20260421,13500,12.66,170910.0,12.63,0.0285728,0.195809,4724.77
920237.BJ,20260421,3072,21.76,66846.72,21.76,0.00362445,0.0749254,8475.77
920239.BJ,20260421,9268,31.14,288605.52,31.27,0.00516511,0.485598,17943.5
920242.BJ,20260421,9387,26.61,249788.07,26.5,0.0249214,0.691334,3766.65
920245.BJ,20260421,900,25.38,22842.0,25.57,0.00236867,0.179051,3799.6
920247.BJ,20260421,16920,22.1,373932.0,22.48,0.0148049,0.670258,11428.6
920249.BJ,20260421,261059,10.71,2795941.89,10.85,0.209401,1.05185,12467.0
920252.BJ,20260421,44439,28.99,1288286.61,28.7,0.06513,1.2046,6823.12
920260.BJ,20260421,200,10.35,2070.0,10.38,0.000202268,0.0106277,9887.88
920261.BJ,20260421,1000,14.76,14760.0,14.83,0.00058411,0.0631545,17120.1
920262.BJ,20260421,1000,21.46,21460.0,21.31,0.00320663,0.172259,3118.54
920263.BJ,20260421,700,12.48,8736.0,12.42,0.000682303,0.0617496,10259.4
920266.BJ,20260421,10804,8.47,91509.88,8.37,0.00911803,0.965413,11849.0
920267.BJ,20260421,5061,20.11,101776.71,20.11,0.0170536,0.894673,2967.7
920270.BJ,20260421,8161,16.47,134411.67,16.32,0.0100594,0.745328,8112.83
920271.BJ,20260421,3500,14.45,50575.0,14.56,0.0060459,0.567407,5789.04
920273.BJ,20260421,1821,23.35,42520.35,23.34,0.00265179,0.0678377,6867.07
920274.BJ,20260421,2526,23.6,59613.6,23.4,0.00310574,0.13397,8133.33
920275.BJ,20260421,200,7.68,1536.0,7.68,0.000151613,0.0160726,13191.5
920278.BJ,20260421,1909,8.18,15615.62,8.16,0.00257806,0.097165,7404.8
920284.BJ,20260421,8688,33.18,288267.84,33.13,0.0128213,0.237446,6776.23
920299.BJ,20260421,15713,25.29,397381.77,25.51,0.0345989,0.429217,4541.48
920300.BJ,20260421,6154,12.49,76863.46,12.4,0.00924973,0.302375,6653.17
920304.BJ,20260421,41266,12.3,507571.8,12.57,0.0302417,1.9394,13645.4
920305.BJ,20260421,32507,6.03,196017.21,6.03,0.0400822,0.531401,8110.09
920339.BJ,20260421,2450,8.41,20604.5,8.49,0.00162062,0.230922,15117.7
920344.BJ,20260421,500,21.98,10990.0,22.0,0.000439645,0.0388743,11372.8
920346.BJ,20260421,6247,21.53,134497.91,21.83,0.0140056,0.798815,4460.37
920351.BJ,20260421,3756,18.4,69110.4,18.38,0.00942763,0.21135,3984.03
920357.BJ,20260421,20431,25.5,520990.5,25.59,0.0458973,0.808527,4451.46
920363.BJ,20260421,9600,17.34,166464.0,17.51,0.0187905,0.727916,5108.96
920367.BJ,20260421,400,19.84,7936.0,20.0,0.000952549,0.016073,4199.26
920368.BJ,20260421,29190,39.02,1138993.8,39.3,0.0130681,0.24897,22336.9
920370.BJ,20260421,50000,3.58,179000.0,3.55,0.0191238,2.08561,26145.4
920371.BJ,20260421,6500,10.0,65000.0,10.0,0.00334346,0.355051,19440.9
920374.BJ,20260421,1498,21.25,31832.5,21.25,0.00439122,0.162424,3411.35
920375.BJ,20260421,19488,14.58,284135.04,14.61,0.0300202,0.257624,6491.62
920378.BJ,20260421,1000,9.18,9180.0,9.18,0.000897809,0.108209,11138.2
920392.BJ,20260421,1286,20.88,26851.68,20.93,0.00353395,0.181464,3638.99
920394.BJ,20260421,16034,48.45,776847.3,48.93,0.0110448,0.89289,14517.3
920395.BJ,20260421,1500,10.4,15600.0,10.28,0.00143207,0.157952,10474.4
920396.BJ,20260421,7163,31.1,222769.3,31.39,0.0139606,0.429315,5130.88
920402.BJ,20260421,4982,9.34,46531.88,9.42,0.00182576,0.123114,27287.3
920403.BJ,20260421,4499,22.79,102532.21,22.5,0.00761335,0.339976,5909.36
920405.BJ,20260421,3350,21.29,71321.5,21.5,0.00304323,0.144604,11008.0
920407.BJ,20260421,2667,19.01,50699.67,19.22,0.00767241,0.239117,3476.09
920414.BJ,20260421,7680,13.0,99840.0,13.04,0.0136953,0.28146,5607.76
920415.BJ,20260421,14201,13.5,191713.5,13.39,0.013121,0.644833,10823.1
920418.BJ,20260421,5400,26.18,141372.0,26.1,0.00346841,0.243586,15569.1
920419.BJ,20260421,1600,14.2,22720.0,14.25,0.00165475,0.104994,9669.13
920422.BJ,20260421,5808,11.83,68708.64,11.88,0.00877041,0.175363,6622.27
920425.BJ,20260421,4100,20.4,83640.0,20.48,0.00692412,0.327744,5921.33
920427.BJ,20260421,16168,12.5,202100.0,12.63,0.0317592,1.08794,5090.8
920429.BJ,20260421,2100,13.32,27972.0,13.42,0.00185021,0.13676,11350.0
920433.BJ,20260421,9900,5.22,51678.0,5.26,0.00584704,0.37476,16931.6
920436.BJ,20260421,4300,14.69,63167.0,14.77,0.00483863,0.379814,8886.82
920438.BJ,20260421,136289,48.0,6541872.0,49.4,0.0977725,2.18191,13939.4
920445.BJ,20260421,300,10.35,3105.0,10.4,0.000284327,0.0158004,10551.2
920454.BJ,20260421,2000,14.9,29800.0,14.86,0.0031656,0.199848,6317.91
920455.BJ,20260421,6600,7.96,52536.0,7.97,0.00703907,0.694975,9376.24
920469.BJ,20260421,1600,9.35,14960.0,9.39,0.00154667,0.0915739,10344.8
920471.BJ,20260421,5048,13.12,66229.76,13.1,0.00951903,0.339478,5303.06
920475.BJ,20260421,3700,14.01,51837.0,14.01,0.00658381,0.412884,5619.84
920476.BJ,20260421,7256,22.0,159632.0,22.16,0.00899913,0.46844,8063.0
920478.BJ,20260421,8833,17.23,152192.59,17.17,0.0186981,0.25585,4724.01
920489.BJ,20260421,24721,15.48,382681.08,15.34,0.028472,0.77422,8682.55
920491.BJ,20260421,35793,26.88,962115.84,27.19,0.0309724,0.777149,11556.4
920493.BJ,20260421,66683,165.0,11002695.0,169.03,0.152257,1.81429,4379.65
920496.BJ,20260421,7004,9.6,67238.4,9.65,0.0048304,0.272345,14499.8
920504.BJ,20260421,5688,22.98,130710.24,22.78,0.0332789,1.66736,1709.19
920505.BJ,20260421,8672,42.54,368906.88,42.45,0.0240816,0.630962,3601.09
920508.BJ,20260421,1902,20.73,39428.46,20.79,0.00596128,0.297617,3190.59
920509.BJ,20260421,13257,32.26,427670.82,32.74,0.0157849,0.437304,8398.55
920510.BJ,20260421,6293,15.5,97541.5,15.58,0.00670188,0.305316,9389.91
920519.BJ,20260421,19949,12.55,250359.95,12.53,0.0316679,1.38621,6299.44
920522.BJ,20260421,25656,59.4,1523966.4,59.4,0.0197328,0.436727,13001.7
920523.BJ,20260421,7729,25.22,194925.38,24.92,0.00953732,0.341741,8103.95
920526.BJ,20260421,380434,28.2,10728238.8,28.27,0.72647,11.0519,5236.75
920527.BJ,20260421,0,,0.0,17.59,0.0,0.0,3634.8
920533.BJ,20260421,2883,24.27,69970.41,24.4,0.00394191,0.111849,7313.71
920541.BJ,20260421,100,12.6,1260.0,12.59,0.000111039,0.00921757,9005.87
920547.BJ,20260421,100,23.55,2355.0,23.66,0.000265123,0.017458,3771.84
920553.BJ,20260421,5500,9.3,51150.0,9.32,0.00604304,0.423317,9101.38
920556.BJ,20260421,41539,9.79,406666.81,9.93,0.0353527,1.58907,11749.9
920564.BJ,20260421,16770,29.0,486330.0,28.92,0.0409117,0.424549,4099.07
920566.BJ,20260421,600,10.73,6438.0,10.75,0.000534062,0.0320214,11234.7
920570.BJ,20260421,1300,30.39,39507.0,30.4,0.00533556,0.23745,2436.48
920571.BJ,20260421,108689,11.0,1195579.0,10.94,0.0384443,0.482074,28271.8
920575.BJ,20260421,0,,0.0,7.97,0.0,0.0,18783.9
920576.BJ,20260421,71420,86.2,6156404.0,88.87,0.0666681,1.08537,10712.8
920578.BJ,20260421,3348,19.88,66558.24,19.97,0.0145565,0.388902,2300.0
920579.BJ,20260421,2470,18.9,46683.0,18.94,0.00554129,0.192498,4457.44
920580.BJ,20260421,29200,13.7,400040.0,13.72,0.0533206,1.59382,5476.31
920592.BJ,20260421,20998,33.0,692934.0,33.39,0.0417574,1.22707,5028.57
920593.BJ,20260421,18948,28.07,531870.36,28.28,0.0117245,0.730558,16161.0
920599.BJ,20260421,21200,19.29,408948.0,19.3,0.00604722,0.452458,35057.4
920608.BJ,20260421,300,17.16,5148.0,17.08,0.000622163,0.0533254,4821.89
920627.BJ,20260421,6932,20.81,144254.92,20.9,0.0148064,0.338645,4681.75
920634.BJ,20260421,7607,21.89,166517.23,22.1,0.0187699,0.341494,4052.77
920639.BJ,20260421,8832,8.03,70920.96,8.06,0.00743725,0.304772,11875.4
920640.BJ,20260421,25285,39.9,1008871.5,40.3,0.0140229,0.297204,18031.2
920641.BJ,20260421,10900,19.08,207972.0,19.02,0.0239974,0.478581,4542.16
920642.BJ,20260421,8073,13.03,105191.19,13.08,0.00807648,0.280625,9995.69
920651.BJ,20260421,2658,28.69,76258.02,28.66,0.00640986,0.173498,4146.74
920656.BJ,20260421,3900,16.44,64116.0,16.48,0.0120459,0.458782,3237.63
920662.BJ,20260421,117778,26.6,3132894.8,27.85,0.436117,4.59875,2700.61
920663.BJ,20260421,643,16.88,10853.84,16.85,0.00100349,0.044976,6407.65
920665.BJ,20260421,5458,11.67,63694.86,11.66,0.00851859,0.324833,6407.17
920670.BJ,20260421,23286,17.86,415887.96,17.62,0.0349463,0.838584,6663.36
920675.BJ,20260421,3611,10.15,36651.65,10.12,0.00456985,0.13487,7901.79
920679.BJ,20260421,0,,0.0,18.7,0.0,0.0,3717.5
920682.BJ,20260421,62814,9.16,575376.24,9.26,0.0333811,1.30228,18817.2
920685.BJ,20260421,4000,12.91,51640.0,13.01,0.00728546,0.501517,5490.39
920689.BJ,20260421,28534,29.41,839184.94,29.96,0.0752268,2.32351,3793.06
920690.BJ,20260421,3936,26.26,103359.36,26.34,0.00913245,0.378783,4309.91
920693.BJ,20260421,14256,29.48,420266.88,29.75,0.0389402,0.940746,3661.0
920694.BJ,20260421,2800,18.15,50820.0,18.33,0.00448069,0.382269,6249.04
920699.BJ,20260421,2557,42.05,107521.85,42.68,0.0122489,0.813053,2087.53
920701.BJ,20260421,3600,16.26,58536.0,16.49,0.00359255,0.504134,10020.7
920703.BJ,20260421,400,13.89,5556.0,13.99,0.000524486,0.0424992,7626.51
920706.BJ,20260421,6288,25.25,158772.0,25.4,0.0131902,0.226767,4767.19
920717.BJ,20260421,1518,9.42,14299.56,9.35,0.00342818,0.143833,4428.0
920718.BJ,20260421,2000,13.51,27020.0,13.57,0.00463928,0.417979,4311.01
920719.BJ,20260421,22546,11.35,255897.1,11.44,0.0308032,0.617779,7319.37
920720.BJ,20260421,4952,12.68,62791.36,12.85,0.00669034,0.268691,7401.72
920725.BJ,20260421,66423,33.66,2235798.18,33.88,0.157858,1.46531,4207.78
920726.BJ,20260421,7859,19.52,153407.68,19.66,0.0140557,0.165541,5591.35
920729.BJ,20260421,1053,8.33,8771.49,8.37,0.00137065,0.0796544,7682.5
920735.BJ,20260421,5200,32.08,166816.0,31.89,0.0050117,0.241656,10375.7
920748.BJ,20260421,2800,37.97,106316.0,38.25,0.00785061,0.252145,3566.6
920751.BJ,20260421,119597,25.0,2989925.0,24.76,0.143976,7.92714,8306.71
920753.BJ,20260421,2700,19.34,52218.0,19.48,0.00833809,0.480004,3238.15
920765.BJ,20260421,1400,15.26,21364.0,15.33,0.00265116,0.123283,5280.71
920768.BJ,20260421,6240,12.66,78998.4,12.66,0.00815747,0.18568,7649.43
920770.BJ,20260421,30554,16.46,502918.84,16.31,0.0373093,1.0127,8189.38
920779.BJ,20260421,1535,36.3,55720.5,36.48,0.00766228,0.0828757,2003.32
920781.BJ,20260421,6700,7.75,51925.0,7.86,0.00656097,0.401826,10211.9
920786.BJ,20260421,41244,8.71,359235.24,8.75,0.0290049,0.560369,14219.6
920790.BJ,20260421,1300,28.06,36478.0,28.37,0.00239169,0.0960274,5435.5
920792.BJ,20260421,4400,11.66,51304.0,11.72,0.00432959,0.504772,10162.6
920799.BJ,20260421,6961,37.95,264169.95,38.28,0.00579746,0.165336,12007.0
920802.BJ,20260421,2817,14.81,41719.77,14.78,0.0127474,0.57182,2209.86
920806.BJ,20260421,3766,12.11,45606.26,12.11,0.00125226,0.150995,30073.7
920807.BJ,20260421,10050,12.8,128640.0,12.81,0.0081343,0.289053,12355.1
920808.BJ,20260421,199176,82.44,16420069.44,87.8,0.102366,3.63938,19457.2
920809.BJ,20260421,52670,8.14,428733.8,8.18,0.0114723,0.168497,45910.7
920810.BJ,20260421,2000,11.74,23480.0,11.76,0.00320474,0.253475,6240.75
920819.BJ,20260421,500,3.6,1800.0,3.6,4.12669e-05,0.00785327,121162.0
920821.BJ,20260421,67976,23.81,1618508.56,24.18,0.0933052,1.76611,7285.34
920826.BJ,20260421,26680,11.05,294814.0,11.03,0.0427054,0.702865,6247.45
920832.BJ,20260421,100,6.97,697.0,6.98,8.10757e-05,0.00743146,12334.2
920833.BJ,20260421,8800,15.94,140272.0,16.07,0.0140892,0.528,6245.92
920834.BJ,20260421,4638,12.55,58206.9,12.64,0.00738577,0.314904,6279.64
920837.BJ,20260421,4000,13.0,52000.0,13.11,0.00292424,0.386508,13678.8
920839.BJ,20260421,7544,35.79,269999.76,35.65,0.0115965,0.693788,6505.38
920855.BJ,20260421,206,16.64,3427.84,16.66,0.000307293,0.0578458,6703.69
920856.BJ,20260421,2600,13.95,36270.0,14.07,0.00490011,0.249225,5306.0
920857.BJ,20260421,0,,0.0,25.02,0.0,0.0,7400.72
920866.BJ,20260421,0,,0.0,7.78,0.0,0.0,11411.2
920870.BJ,20260421,6700,15.16,101572.0,15.08,0.0101511,0.467525,6600.29
920871.BJ,20260421,1000,13.59,13590.0,13.58,0.00212702,0.148776,4701.41
920873.BJ,20260421,100,8.22,822.0,8.22,8.3468e-05,0.0036586,11980.6
920876.BJ,20260421,3270,25.18,82338.6,25.3,0.00833158,0.287453,3924.82
920879.BJ,20260421,227999,22.5,5129977.5,23.42,0.174301,10.528,13080.7
920885.BJ,20260421,38223,22.0,840906.0,21.87,0.0431883,0.995232,8850.32
920892.BJ,20260421,8703,15.6,135766.8,15.44,0.00576921,0.778484,15085.3
920895.BJ,20260421,512,17.43,8924.16,17.54,0.00178168,0.0992467,2873.69
920896.BJ,20260421,7388,18.06,133427.28,18.06,0.0166762,0.807874,4430.27
920906.BJ,20260421,3007,24.5,73671.5,24.8,0.00901494,0.3862,3335.57
920914.BJ,20260421,2035,25.91,52726.85,25.91,0.00204483,0.0790091,9951.92
920924.BJ,20260421,32300,21.36,689928.0,21.97,0.0494094,0.595185,6537.21
920925.BJ,20260421,1000,17.69,17690.0,17.68,0.00180848,0.0680659,5529.51
920926.BJ,20260421,4023,14.8,59540.4,15.07,0.00501731,0.565809,8018.24
920931.BJ,20260421,3800,12.38,47044.0,12.44,0.0132055,0.590328,2877.58
920932.BJ,20260421,1500,16.14,24210.0,16.08,0.00172785,0.0809449,8681.31
920942.BJ,20260421,44163,26.6,1174735.8,26.95,0.106635,3.10669,4141.5
920943.BJ,20260421,2200,21.66,47652.0,21.93,0.00424646,0.167629,5180.78
920946.BJ,20260421,8400,10.39,87276.0,10.39,0.00196819,0.246876,42678.7
920950.BJ,20260421,0,,0.0,16.47,0.0,0.0,3572.01
920953.BJ,20260421,11081,31.36,347500.16,31.64,0.0185036,0.654129,5988.58
920957.BJ,20260421,16160,11.97,193435.2,11.6,0.0378412,2.72466,4270.47
920961.BJ,20260421,25232,24.1,608091.2,24.41,0.0242731,0.865794,10395.0
920964.BJ,20260421,2500,6.09,15225.0,6.06,0.00169265,0.138942,14769.7
920970.BJ,20260421,21182,7.52,159288.64,7.56,0.0302292,0.251392,7007.13
920971.BJ,20260421,45661,28.91,1320059.51,29.4,0.0532783,1.23275,8570.28
920974.BJ,20260421,12104,7.8,94411.2,7.79,0.00942299,0.598994,12845.2
920976.BJ,20260421,1100,31.55,34705.0,31.71,0.00249322,0.0854476,4411.96
920978.BJ,20260421,21405,28.71,614537.55,28.97,0.0212067,0.649055,10093.5
920981.BJ,20260421,28904,32.4,936489.6,32.85,0.0774706,1.29285,3730.96
920982.BJ,20260421,1329,183.1,243339.9,183.17,0.00242054,0.123807,5490.51
920985.BJ,20260421,167268,7.0,1170876.0,6.99,0.0762674,4.8074,21931.8
920992.BJ,20260421,1000,15.77,15770.0,15.9,0.0020401,0.0610918,4901.73
