ts_code,trade_date,vol,price,amount,pre_close,turnover_rate,volume_ratio,float_share
600000.SH,20260423,164100,9.6,1575360.0,9.61,0.000492706,0.263664,3330580.0
600004.SH,20260423,38001,8.88,337449.0,8.87,0.00160564,0.582073,236672.0
600006.SH,20260423,246800,6.37,1572116.0,6.42,0.01234,2.39578,200000.0
600007.SH,20260423,6900,21.81,150489.0,21.93,0.000685011,0.30596,100728.0
600008.SH,20260423,169200,3.06,517752.0,3.05,0.00230499,0.310563,734059.0
600009.SH,20260423,39201,27.39,1073715.0,27.38,0.00191572,0.682792,204628.0
600010.SH,20260423,4236600,2.89,12243774.0,2.9,0.0135006,0.493711,3138080.0
600011.SH,20260423,851300,6.96,5925048.0,6.97,0.0077407,0.815583,1099770.0
600012.SH,20260423,11500,15.89,182735.0,15.81,0.000986616,0.240257,116560.0
600015.SH,20260423,127100,7.1,902410.0,7.1,0.00082601,0.279383,1538720.0
600016.SH,20260423,505200,3.74,1889448.0,3.74,0.00142462,0.302086,3546210.0
600017.SH,20260423,316100,2.98,941978.0,2.97,0.0102775,1.30788,307565.0
600018.SH,20260423,146800,4.91,720788.0,4.9,0.000631487,0.295734,2324670.0
600019.SH,20260423,731000,6.35,4641850.0,6.35,0.00335597,0.742716,2178210.0
600020.SH,20260423,351000,3.79,1330290.0,3.82,0.0156182,3.34617,224737.0
600021.SH,20260423,128600,18.0,2314800.0,17.95,0.00455829,0.354787,282124.0
600022.SH,20260423,3638169,1.5,5457254.0,1.51,0.0340052,5.43458,1069880.0
600023.SH,20260423,428700,5.75,2465025.0,5.76,0.00319717,0.731856,1340870.0
600025.SH,20260423,205400,9.79,2010866.0,9.73,0.00110246,0.695994,1863110.0
600026.SH,20260423,346700,21.55,7471385.0,21.9,0.00907117,0.471696,382200.0
600027.SH,20260423,601800,4.8,2888640.0,4.8,0.00653018,0.609292,921568.0
600028.SH,20260423,1128700,5.44,6140128.0,5.44,0.00119121,0.545606,9475250.0
600029.SH,20260423,2374800,5.66,13441368.0,5.72,0.0176212,1.8178,1347700.0
600030.SH,20260423,1249554,26.58,33213145.0,26.71,0.010262,1.01026,1217660.0
600031.SH,20260423,286617,19.72,5652087.0,19.78,0.00338215,0.408003,847439.0
600032.SH,20260423,1517300,11.28,17115144.0,11.35,0.0630979,1.55409,240468.0
600033.SH,20260423,48700,3.64,177268.0,3.65,0.00177452,0.215687,274440.0
600035.SH,20260423,472100,3.83,1808143.0,3.86,0.0293209,6.21281,161012.0
600036.SH,20260423,239200,39.72,9501024.0,39.74,0.00115954,0.420017,2062890.0
600037.SH,20260423,9000,7.62,68580.0,7.61,0.000646655,0.0813389,139178.0
600038.SH,20260423,16100,33.75,543375.0,33.78,0.00240681,0.344016,66893.5
600039.SH,20260423,43500,9.95,432825.0,10.01,0.000500254,0.217569,869559.0
600048.SH,20260423,172800,5.93,1024704.0,5.93,0.00144356,0.187607,1197040.0
600050.SH,20260423,1157400,4.5,5208300.0,4.5,0.0037347,0.570407,3099040.0
600051.SH,20260423,9300,7.41,68913.0,7.43,0.00299151,0.0887541,31088.0
600052.SH,20260423,3465000,4.24,14691600.0,4.16,0.41045,20.3417,84419.5
600053.SH,20260423,10700,14.46,154722.0,14.44,0.00246805,0.249919,43354.1
600054.SH,20260423,37300,12.16,453568.0,12.16,0.00726671,0.300393,51330.0
600055.SH,20260423,3300,14.8,48840.0,14.82,0.000469376,0.102764,70306.1
600056.SH,20260423,96800,10.5,1016400.0,10.49,0.00647339,0.316331,149535.0
600057.SH,20260423,511800,8.03,4109754.0,8.07,0.0244587,3.54795,209251.0
600058.SH,20260423,10600,11.23,119038.0,11.23,0.000988888,0.0818596,107191.0
600059.SH,20260423,59400,8.94,531036.0,8.96,0.00651643,1.02354,91154.2
600060.SH,20260423,29000,23.7,687300.0,23.72,0.00223048,0.29463,130017.0
600061.SH,20260423,257568,6.68,1720554.0,6.7,0.00402829,0.691893,639399.0
600062.SH,20260423,30000,18.12,543600.0,18.13,0.00288955,0.355841,103823.0
600063.SH,20260423,62300,7.03,437969.0,7.03,0.00301096,0.171876,206911.0
600064.SH,20260423,1043100,8.43,8793333.0,8.73,0.060283,8.22487,173034.0
600066.SH,20260423,67100,36.72,2463912.0,36.74,0.0030308,0.383321,221394.0
600067.SH,20260423,254900,4.12,1050188.0,4.18,0.0183161,1.40522,139167.0
600071.SH,20260423,15600,21.18,330408.0,21.1,0.00554029,0.237528,28157.4
600072.SH,20260423,260000,13.73,3569800.0,13.63,0.0239999,0.423986,108334.0
600073.SH,20260423,10900,5.84,63656.0,5.84,0.00116238,0.153975,93772.9
600075.SH,20260423,44400,6.16,273504.0,6.17,0.00259984,0.15307,170780.0
600076.SH,20260423,59200,3.4,201280.0,3.4,0.00440298,0.390614,134454.0
600078.SH,20260423,159400,12.66,2018004.0,12.66,0.0240577,0.581365,66257.3
600079.SH,20260423,80100,18.67,1495467.0,18.67,0.00519058,0.837841,154318.0
600080.SH,20260423,8200,7.92,64944.0,7.93,0.0021968,0.107319,37327.0
600081.SH,20260423,4200,10.82,45444.0,10.85,0.000759458,0.172387,55302.6
600082.SH,20260423,539700,2.96,1597512.0,2.96,0.0850812,0.839468,63433.5
600084.SH,20260423,26500,6.42,170130.0,6.48,0.00235822,0.440059,112373.0
600085.SH,20260423,13300,27.6,367080.0,27.62,0.000969762,0.307044,137147.0
600088.SH,20260423,33400,14.21,474614.0,14.3,0.00839815,1.04687,39770.6
600089.SH,20260423,528800,27.6,14594880.0,27.49,0.0104655,0.318366,505279.0
600094.SH,20260423,358600,4.65,1667490.0,4.7,0.0168655,1.1467,212623.0
600095.SH,20260423,47800,9.48,453144.0,9.49,0.0016718,0.227828,285919.0
600096.SH,20260423,522000,34.95,18243900.0,34.95,0.0286343,0.914272,182299.0
600097.SH,20260423,13900,10.82,150398.0,10.81,0.00576915,0.492878,24093.7
600098.SH,20260423,63400,7.06,447604.0,7.06,0.0018084,0.26554,350586.0
600099.SH,20260423,4200,11.38,47796.0,11.43,0.00191676,0.114069,21912.0
600100.SH,20260423,127200,8.59,1092648.0,8.58,0.00379668,0.291436,335030.0
600101.SH,20260423,67700,9.8,663460.0,9.83,0.0123571,0.267992,54786.2
600103.SH,20260423,19635700,5.32,104461924.0,5.5,0.887558,4.07233,221233.0
600104.SH,20260423,892100,13.85,12355585.0,13.83,0.00776058,2.15077,1149530.0
600105.SH,20260423,4608400,48.1,221664040.0,45.53,0.315213,2.92845,146199.0
600106.SH,20260423,287200,6.17,1772024.0,6.25,0.0216098,1.49066,132902.0
600107.SH,20260423,47500,5.71,271225.0,5.75,0.0131944,0.962614,36000.0
600108.SH,20260423,543000,4.36,2367480.0,4.39,0.0278903,0.527982,194692.0
600109.SH,20260423,70700,8.63,610141.0,8.63,0.00190804,0.381115,370536.0
600110.SH,20260423,3384627,10.55,35707815.0,10.3,0.195059,1.81131,173518.0
600111.SH,20260423,431900,49.6,21422240.0,50.15,0.0119472,0.405921,361507.0
600113.SH,20260423,19500,44.96,876720.0,44.84,0.00473955,0.483613,41143.1
600114.SH,20260423,93200,33.06,3081192.0,32.9,0.0151205,0.609245,61638.3
600115.SH,20260423,587100,4.55,2671305.0,4.59,0.00344847,0.26422,1702500.0
600116.SH,20260423,561300,6.71,3766323.0,6.65,0.0293545,1.91707,191214.0
600117.SH,20260423,113300,2.63,297979.0,2.61,0.00348068,0.930471,325512.0
600118.SH,20260423,790500,96.3,76125150.0,97.58,0.0668505,1.05115,118249.0
600119.SH,20260423,24400,6.03,147132.0,6.04,0.00667998,0.338463,36527.0
600120.SH,20260423,414100,5.66,2343806.0,5.63,0.0121246,0.985975,341538.0
600121.SH,20260423,148600,4.13,613718.0,4.15,0.0121962,0.437402,121841.0
600123.SH,20260423,191350,6.33,1211246.0,6.34,0.0129884,0.889654,147324.0
600125.SH,20260423,95700,6.06,579942.0,6.06,0.0073304,0.407839,130552.0
600126.SH,20260423,5842600,10.03,58601278.0,10.26,0.173002,2.7417,337719.0
600127.SH,20260423,94800,6.86,650328.0,6.86,0.0147713,0.269641,64178.3
600128.SH,20260423,12600,10.44,131544.0,10.46,0.00510602,0.323898,24676.8
600129.SH,20260423,21900,16.06,351714.0,16.05,0.00397158,0.433599,55141.8
600130.SH,20260423,36500,4.62,168630.0,4.62,0.00486667,0.250685,75000.0
600131.SH,20260423,90100,18.63,1678563.0,18.59,0.00753404,0.659491,119591.0
600132.SH,20260423,11600,52.87,613292.0,52.98,0.00239684,0.367369,48397.1
600133.SH,20260423,117900,8.89,1048131.0,8.91,0.0110575,0.432114,106624.0
600135.SH,20260423,130400,11.11,1448744.0,11.02,0.0235674,0.402354,55330.7
600136.SH,20260423,1494200,1.83,2734386.0,1.87,0.0768982,6.80141,194309.0
600137.SH,20260423,23400,22.99,537966.0,22.99,0.0240697,0.565213,9721.76
600138.SH,20260423,34700,9.19,318893.0,9.18,0.00479388,0.426091,72384.0
600141.SH,20260423,202300,32.05,6483715.0,32.32,0.0168339,0.910934,120174.0
600143.SH,20260423,284500,17.23,4901935.0,17.2,0.0107977,0.571493,263483.0
600148.SH,20260423,4800,18.15,87120.0,18.1,0.00339183,0.354102,14151.6
600149.SH,20260423,153700,6.28,965236.0,6.23,0.0404303,0.560197,38016.0
600150.SH,20260423,1016500,36.52,37122580.0,36.48,0.0135072,0.944566,752562.0
600151.SH,20260423,380800,14.84,5651072.0,15.05,0.0265504,0.414207,143425.0
600152.SH,20260423,2599700,12.11,31482367.0,12.54,0.491363,1.95619,52907.9
600153.SH,20260423,30400,8.91,270864.0,8.91,0.00104844,0.207,289954.0
600155.SH,20260423,65700,6.29,413253.0,6.3,0.00296809,0.321525,221354.0
600156.SH,20260423,1909800,9.4,17952120.0,10.11,0.474944,2.98444,40211.1
600157.SH,20260423,4241400,1.69,7167966.0,1.69,0.0194401,0.803663,2181780.0
600158.SH,20260423,192600,10.85,2089710.0,10.85,0.0200727,0.304037,95951.3
600159.SH,20260423,175500,2.98,522990.0,2.96,0.0211445,0.748562,83000.3
600160.SH,20260423,190500,34.15,6505575.0,33.93,0.00705622,0.554156,269975.0
600161.SH,20260423,32712,14.98,490026.0,14.99,0.00165432,0.347028,197737.0
600162.SH,20260423,34700,1.77,61419.0,1.77,0.00106167,0.113749,326844.0
600163.SH,20260423,237300,6.35,1506855.0,6.35,0.0124698,0.497326,190300.0
600165.SH,20260423,16700,3.6,60120.0,3.61,0.00227858,0.317348,73291.4
600166.SH,20260423,1547100,3.53,5461263.0,3.51,0.0195405,0.53261,791740.0
600167.SH,20260423,142700,6.64,947528.0,6.68,0.00630623,1.01276,226284.0
600168.SH,20260423,4200,4.95,20790.0,4.97,0.000422791,0.0630312,99339.8
600169.SH,20260423,90100,2.4,216240.0,2.4,0.00270316,0.627829,333314.0
600170.SH,20260423,549800,2.7,1484460.0,2.71,0.0061873,0.485467,888594.0
600171.SH,20260423,130900,28.4,3717560.0,28.18,0.0184646,1.42113,70892.3
600172.SH,20260423,1945900,8.43,16403937.0,8.46,0.152469,1.51607,127626.0
600173.SH,20260423,52600,7.65,402390.0,7.58,0.00750982,0.117104,70041.6
600176.SH,20260423,1477500,32.8,48462000.0,32.25,0.0369086,1.00663,400314.0
600177.SH,20260423,109400,7.44,813936.0,7.44,0.0023662,0.553127,462344.0
600178.SH,20260423,17400,11.42,198708.0,11.46,0.00373009,0.516535,46647.6
600179.SH,20260423,50800,4.5,228600.0,4.5,0.00131529,0.125307,386228.0
600180.SH,20260423,45500,3.2,145600.0,3.21,0.00418727,0.378015,108663.0
600182.SH,20260423,105000,14.9,1564500.0,14.66,0.0617647,6.6529,17000.0
600183.SH,20260423,442609,76.01,33642710.0,76.0,0.0184844,0.719181,239450.0
600184.SH,20260423,1427200,26.52,37849344.0,25.85,0.244917,3.16416,58272.7
600185.SH,20260423,68600,5.85,401310.0,5.87,0.00363925,0.249927,188501.0
600186.SH,20260423,3582200,8.57,30699454.0,8.59,0.201215,1.40977,178029.0
600187.SH,20260423,826600,1.72,1421752.0,1.72,0.0512213,2.53277,161378.0
600188.SH,20260423,230775,19.88,4587807.0,19.88,0.00387119,0.443173,596135.0
600189.SH,20260423,52700,8.14,428978.0,8.15,0.00736859,0.491154,71519.8
600191.SH,20260423,52500,12.86,675150.0,12.86,0.0108263,0.636614,48493.2
600192.SH,20260423,21300,8.21,174873.0,8.21,0.00482175,0.342459,44174.8
600193.SH,20260423,44800,2.4,107520.0,2.53,0.0105319,0.581269,42537.3
600195.SH,20260423,59100,7.71,455661.0,7.76,0.0057876,0.312008,102115.0
600196.SH,20260423,61400,25.67,1576138.0,25.59,0.00289829,0.37275,211849.0
600197.SH,20260423,12500,11.87,148375.0,11.85,0.00264173,0.534359,47317.5
600198.SH,20260423,199200,8.4,1673280.0,8.48,0.0153001,1.37068,130195.0
600199.SH,20260423,26800,7.99,214132.0,8.0,0.00407421,0.470379,65779.7
600201.SH,20260423,220500,14.16,3122280.0,14.3,0.0198336,1.15043,111175.0
600202.SH,20260423,8700,5.91,51417.0,5.93,0.00226952,0.127474,38334.1
600203.SH,20260423,140400,12.14,1704456.0,12.19,0.0236767,0.618861,59298.8
600206.SH,20260423,1320800,26.82,35423856.0,26.8,0.156021,1.6843,84655.3
600207.SH,20260423,364500,5.66,2063070.0,5.67,0.0334615,0.964501,108931.0
600208.SH,20260423,4689600,4.1,19227360.0,4.15,0.05512,1.98787,850798.0
600210.SH,20260423,89900,7.03,631997.0,7.02,0.0059272,0.558133,151674.0
600211.SH,20260423,2700,41.19,111213.0,41.36,0.000837679,0.130845,32231.9
600212.SH,20260423,60800,7.9,480320.0,7.85,0.0114462,0.222091,53118.0
600215.SH,20260423,306500,6.71,2056615.0,6.83,0.067085,3.27099,45688.3
600216.SH,20260423,80600,14.58,1175148.0,14.59,0.00847182,0.377215,95138.9
600217.SH,20260423,6000,3.73,22380.0,3.73,0.000361957,0.0642612,165765.0
600218.SH,20260423,23200,9.61,222952.0,9.6,0.00532599,0.30976,43560.0
600219.SH,20260423,785900,6.16,4841144.0,6.15,0.00684361,0.390368,1148370.0
600221.SH,20260423,4056000,1.47,5962320.0,1.47,0.00946657,1.6427,4284550.0
600222.SH,20260423,26300,7.1,186730.0,7.13,0.00458279,0.157696,57388.6
600223.SH,20260423,5200,6.66,34632.0,6.68,0.000511525,0.099893,101657.0
600226.SH,20260423,166000,5.3,879800.0,5.33,0.00558099,0.305023,297438.0
600227.SH,20260423,927100,3.56,3300476.0,3.56,0.0725658,0.777104,127760.0
600228.SH,20260423,8800,6.21,54648.0,6.22,0.0021152,0.0950414,41603.7
600229.SH,20260423,400,5.97,2388.0,5.98,6.05411e-05,0.0144765,66070.8
600230.SH,20260423,58700,19.17,1125279.0,19.07,0.0141801,0.569572,41396.1
600231.SH,20260423,120100,2.08,249808.0,2.08,0.00423427,0.640643,283638.0
600232.SH,20260423,65000,8.69,564850.0,8.62,0.017822,0.438405,36471.9
600233.SH,20260423,879376,22.23,19548528.0,21.75,0.0256924,3.89445,342271.0
600234.SH,20260423,313800,25.08,7870104.0,24.37,0.119533,2.39292,26252.1
600235.SH,20260423,6800,6.76,45968.0,6.78,0.00193567,0.115899,35130.0
600236.SH,20260423,208200,10.39,2163198.0,10.4,0.00264133,0.88989,788238.0
600237.SH,20260423,130100,9.45,1229445.0,9.44,0.0208288,0.498971,62461.6
600238.SH,20260423,24800,4.71,116808.0,4.69,0.00556963,0.201129,44527.2
600239.SH,20260423,45900,2.03,93177.0,2.03,0.00285859,0.229408,160569.0
600241.SH,20260423,210100,9.79,2056879.0,9.86,0.0713892,2.22013,29430.2
600243.SH,20260423,554000,3.69,2044260.0,3.88,0.126239,7.1357,43885.0
600246.SH,20260423,385361,9.83,3788099.0,9.84,0.020385,0.814405,189041.0
600248.SH,20260423,61400,3.42,209988.0,3.43,0.00165689,0.586047,370574.0
600249.SH,20260423,53400,5.98,319332.0,5.95,0.00970909,0.284204,55000.0
600250.SH,20260423,106200,11.18,1187316.0,11.25,0.0339523,0.462607,31279.1
600251.SH,20260423,107600,11.72,1261072.0,11.79,0.0138482,0.589453,77699.4
600252.SH,20260423,294700,2.51,739697.0,2.5,0.00925518,0.667413,318416.0
600255.SH,20260423,179700,3.68,661296.0,3.69,0.00994936,0.405754,180615.0
600256.SH,20260423,874400,6.27,5482488.0,6.26,0.0136796,0.64548,639200.0
600257.SH,20260423,19500,6.21,121095.0,6.25,0.00405206,0.110476,48123.7
600258.SH,20260423,39400,15.01,591394.0,15.1,0.00352856,0.231257,111660.0
600259.SH,20260423,70500,103.91,7325655.0,105.17,0.020955,0.445397,33643.6
600261.SH,20260423,2914900,4.09,11921941.0,4.06,0.218336,6.30072,133505.0
600262.SH,20260423,39000,24.29,947310.0,24.33,0.0229412,0.4,17000.0
600265.SH,20260423,700,20.3,14210.0,20.24,0.000539291,0.129807,12980.0
600266.SH,20260423,86600,4.84,419144.0,4.85,0.004172,0.188243,207574.0
600267.SH,20260423,172800,11.28,1949184.0,11.37,0.0144149,0.311466,119876.0
600268.SH,20260423,241300,15.76,3802888.0,15.81,0.0238714,0.586407,101083.0
600269.SH,20260423,36800,4.45,163760.0,4.46,0.00157574,0.282762,233541.0
600271.SH,20260423,51100,8.54,436394.0,8.57,0.00275786,0.260436,185288.0
600272.SH,20260423,2400,12.18,29232.0,12.17,0.0015,0.0976634,16000.0
600273.SH,20260423,79200,8.95,708840.0,8.98,0.00603977,0.558348,131131.0
600276.SH,20260423,790380,56.03,44284991.0,55.44,0.0123903,1.52078,637900.0
600278.SH,20260423,14900,7.23,107727.0,7.27,0.00170888,0.261376,87191.6
600279.SH,20260423,9000,4.86,43740.0,4.85,0.000758299,0.170062,118687.0
600280.SH,20260423,120400,2.97,357588.0,2.98,0.0106706,0.594803,112833.0
600281.SH,20260423,16100,5.56,89516.0,5.56,0.00312985,0.178366,51440.2
600282.SH,20260423,486100,5.63,2736743.0,5.67,0.00788472,1.96299,616509.0
600283.SH,20260423,6900,9.33,64377.0,9.31,0.00126799,0.146468,54416.7
600284.SH,20260423,102500,7.38,756450.0,7.39,0.0105642,0.378564,97025.6
600285.SH,20260423,8500,21.5,182750.0,21.52,0.00150212,0.111819,56586.5
600287.SH,20260423,24300,5.8,140940.0,5.8,0.00556324,0.567834,43679.6
600288.SH,20260423,18800,15.31,287828.0,15.4,0.00430403,0.169252,43680.0
600289.SH,20260423,80700,6.89,556023.0,6.9,0.0142599,1.10998,56592.3
600292.SH,20260423,16900,15.76,266344.0,15.71,0.0021644,0.0854252,78081.7
600293.SH,20260423,59000,3.18,187620.0,3.18,0.00508557,0.265882,116015.0
600295.SH,20260423,36200,15.38,556756.0,15.51,0.00183238,0.336538,197558.0
600298.SH,20260423,10600,39.26,416156.0,39.25,0.00123666,0.188227,85715.0
600299.SH,20260423,24900,13.9,346110.0,13.95,0.000928446,0.111574,268190.0
600300.SH,20260423,60900,3.54,215586.0,3.55,0.0037659,0.131486,161714.0
600301.SH,20260423,165900,57.3,9506070.0,57.57,0.0602537,0.989088,27533.6
600302.SH,20260423,90420,10.57,955739.0,10.73,0.0261322,0.761232,34601.0
600303.SH,20260423,276500,3.13,865445.0,3.12,0.0409263,1.33566,67560.4
600305.SH,20260423,18700,7.4,138380.0,7.4,0.00169539,0.341566,110299.0
600307.SH,20260423,643900,1.79,1152581.0,1.8,0.0102804,0.971942,626336.0
600308.SH,20260423,1086500,4.0,4346000.0,4.02,0.0716278,3.8346,151687.0
600309.SH,20260423,107630,87.7,9439151.0,87.7,0.00343814,0.326875,313047.0
600310.SH,20260423,1166500,4.79,5587535.0,4.8,0.079586,0.919533,146571.0
600312.SH,20260423,235500,21.87,5150385.0,21.86,0.0173555,0.745533,135692.0
600313.SH,20260423,98100,7.31,717111.0,7.34,0.00906488,0.219174,108220.0
600315.SH,20260423,14000,20.25,283500.0,20.26,0.00208263,0.350993,67222.6
600316.SH,20260423,51500,40.4,2080600.0,39.97,0.00718156,0.451286,71711.5
600318.SH,20260423,32200,7.8,251160.0,7.8,0.00628014,0.25798,51272.8
600319.SH,20260423,57500,7.51,431825.0,7.55,0.0148307,1.32058,38770.9
600320.SH,20260423,163660,5.05,826483.0,5.04,0.00492655,0.455508,332200.0
600322.SH,20260423,92610,2.38,220412.0,2.38,0.00837569,0.590189,110570.0
600325.SH,20260423,39700,3.54,140538.0,3.55,0.00144251,0.129137,275215.0
600326.SH,20260423,87906,9.27,814889.0,9.31,0.00645198,0.485116,136246.0
600327.SH,20260423,19200,3.77,72384.0,3.78,0.00217003,0.149468,88478.0
600328.SH,20260423,416500,8.8,3665200.0,8.83,0.0284046,1.22237,146631.0
600329.SH,20260423,4700,40.46,190162.0,40.51,0.000828794,0.196553,56708.9
600330.SH,20260423,4997300,26.98,134827154.0,25.87,0.405153,3.17106,123343.0
600331.SH,20260423,180700,17.18,3104426.0,17.14,0.00889272,0.317047,203200.0
600332.SH,20260423,15700,22.71,356547.0,22.7,0.00111673,0.21628,140589.0
600333.SH,20260423,15900,5.34,84906.0,5.34,0.00261071,0.188778,60903.1
600335.SH,20260423,40700,6.02,245014.0,6.03,0.00272097,0.494728,149579.0
600336.SH,20260423,24500,7.04,172480.0,7.04,0.00307012,0.389251,79801.5
600337.SH,20260423,112300,3.31,371713.0,3.33,0.0078149,0.140893,143700.0
600338.SH,20260423,1276300,22.0,28078600.0,22.8,0.139607,1.31825,91421.0
600339.SH,20260423,667500,3.83,2556525.0,3.82,0.0119556,0.691768,558315.0
600340.SH,20260423,415300,1.28,531584.0,1.28,0.0106669,0.407699,389336.0
600343.SH,20260423,313200,37.88,11864016.0,38.4,0.049075,0.491308,63820.6
600345.SH,20260423,228000,53.98,12307440.0,54.2,0.107771,0.876555,21155.9
600346.SH,20260423,78600,24.36,1914696.0,24.35,0.00111662,0.205947,703910.0
600348.SH,20260423,1260400,10.0,12604000.0,10.1,0.0349383,2.28391,360750.0
600350.SH,20260423,17400,10.66,185484.0,10.66,0.000359908,0.385329,483457.0
600351.SH,20260423,60600,6.51,394506.0,6.51,0.00875723,0.296879,69200.0
600352.SH,20260423,62600,12.95,810670.0,12.94,0.00192418,0.155169,325333.0
600353.SH,20260423,74600,16.44,1226424.0,16.43,0.00900084,0.273646,82881.1
600354.SH,20260423,58500,6.19,362115.0,6.21,0.0110837,0.317277,52780.2
600356.SH,20260423,50600,9.7,490820.0,9.7,0.0169383,0.344814,29873.1
600358.SH,20260423,40200,6.14,246828.0,6.12,0.00796139,0.232583,50493.7
600359.SH,20260423,62500,7.06,441250.0,7.06,0.0163821,0.818548,38151.3
600360.SH,20260423,205800,9.9,2037420.0,9.85,0.0214309,0.643156,96029.5
600361.SH,20260423,122300,4.68,572364.0,4.65,0.00327648,0.162885,373266.0
600362.SH,20260423,675100,46.55,31425905.0,45.95,0.0325311,1.91477,207525.0
600363.SH,20260423,18808,53.96,1014880.0,53.96,0.00417132,0.258761,45088.8
600365.SH,20260423,54200,3.09,167478.0,3.1,0.0126849,1.03061,42728.0
600366.SH,20260423,645900,13.18,8512962.0,12.79,0.0587694,3.53928,109904.0
600367.SH,20260423,397100,22.92,9101532.0,23.19,0.123333,0.940304,32197.3
600368.SH,20260423,12100,3.86,46706.0,3.86,0.000751714,0.135525,160965.0
600369.SH,20260423,85300,4.2,358260.0,4.2,0.00128365,0.337229,664511.0
600370.SH,20260423,669300,2.43,1626399.0,2.44,0.0166566,1.35942,401823.0
600371.SH,20260423,4000,8.58,34320.0,8.57,0.00136716,0.0727563,29257.8
600372.SH,20260423,69100,13.23,914193.0,13.22,0.00142801,0.204005,483890.0
600373.SH,20260423,20200,8.24,166448.0,8.25,0.00149923,0.212344,134736.0
600375.SH,20260423,70500,5.23,368715.0,5.2,0.0048199,0.458401,146269.0
600376.SH,20260423,185400,4.56,845424.0,4.56,0.00718726,0.40004,257957.0
600377.SH,20260423,16800,12.15,204120.0,12.17,0.000441851,0.195655,380218.0
600378.SH,20260423,139500,35.0,4882500.0,34.97,0.0130062,1.05225,107257.0
600379.SH,20260423,5800,11.66,67628.0,11.65,0.0017565,0.0916845,33020.2
600380.SH,20260423,38700,10.91,422217.0,10.94,0.00211539,0.366154,182945.0
600381.SH,20260423,191900,3.21,615999.0,3.25,0.0326883,1.59888,58706.1
600382.SH,20260423,319400,9.0,2874600.0,9.14,0.045996,0.933642,69440.8
600383.SH,20260423,62000,2.75,170500.0,2.75,0.00137333,0.113158,451458.0
600386.SH,20260423,3700,4.05,14985.0,4.06,0.000458829,0.0378703,80640.0
600388.SH,20260423,161796,19.42,3142078.0,19.42,0.0127394,0.958583,127005.0
600389.SH,20260423,44900,29.9,1342510.0,29.65,0.0104261,0.37056,43065.0
600390.SH,20260423,81800,5.28,431904.0,5.29,0.00181856,0.350405,449807.0
600391.SH,20260423,80600,40.82,3290092.0,40.4,0.0244147,0.496868,33012.9
600392.SH,20260423,1032245,27.13,28004807.0,27.38,0.0588903,1.24743,175283.0
600395.SH,20260423,365200,5.79,2114508.0,5.82,0.0170128,1.67132,214662.0
600396.SH,20260423,7330600,9.29,68101274.0,8.94,0.497764,2.74214,147271.0
600397.SH,20260423,156200,15.16,2367992.0,15.24,0.0157784,0.285509,98996.0
600398.SH,20260423,198100,6.4,1267840.0,6.41,0.0041247,0.606567,480277.0
600399.SH,20260423,180500,5.88,1061340.0,5.91,0.00915268,0.479935,197210.0
600400.SH,20260423,20100,2.06,41406.0,2.07,0.000877204,0.0581492,229137.0
600403.SH,20260423,29000,5.66,164140.0,5.7,0.00121298,0.182432,239081.0
600405.SH,20260423,33800,5.17,174746.0,5.17,0.0055399,0.316845,61011.9
600406.SH,20260423,610600,27.2,16608320.0,27.01,0.00762471,0.722107,800818.0
600408.SH,20260423,66300,3.13,207519.0,3.16,0.00658522,0.196804,100680.0
600409.SH,20260423,82300,7.19,591737.0,7.21,0.00398673,0.210229,206435.0
600410.SH,20260423,837000,28.43,23795910.0,28.73,0.0763342,0.415971,109649.0
600415.SH,20260423,2642100,12.78,33766038.0,12.54,0.0481822,3.59432,548356.0
600416.SH,20260423,245400,12.8,3141120.0,12.71,0.0166285,1.07885,147578.0
600418.SH,20260423,139600,46.0,6421600.0,46.15,0.00639191,0.420944,218401.0
600419.SH,20260423,176000,9.76,1717760.0,9.68,0.0557823,4.05189,31551.2
600420.SH,20260423,19400,9.76,189344.0,9.76,0.0014465,0.2386,134117.0
600421.SH,20260423,8800,5.01,44088.0,5.27,0.00449898,0.218854,19560.0
600422.SH,20260423,35700,11.11,396627.0,11.11,0.00471614,0.791564,75697.6
600423.SH,20260423,562700,2.75,1547425.0,2.75,0.0704524,1.16035,79869.5
600425.SH,20260423,36500,4.06,148190.0,4.06,0.00227456,0.201733,160470.0
600426.SH,20260423,133700,36.25,4846625.0,35.72,0.00629797,0.528058,212291.0
600428.SH,20260423,120300,9.08,1092324.0,9.15,0.00491967,0.408367,244529.0
600429.SH,20260423,86500,5.47,473155.0,5.51,0.00577607,0.661153,149756.0
600433.SH,20260423,372300,3.95,1470585.0,3.94,0.0212709,0.434125,175028.0
600435.SH,20260423,64500,15.25,983625.0,15.28,0.00426486,0.26261,151236.0
600436.SH,20260423,18693,141.95,2653471.0,141.92,0.00309837,0.726654,60331.7
600438.SH,20260423,735727,18.61,13691879.0,18.47,0.0163423,1.03543,450199.0
600439.SH,20260423,22500,2.49,56025.0,2.48,0.00198766,0.106623,113199.0
600444.SH,20260423,8700,17.89,155643.0,17.95,0.00594173,0.332214,14642.2
600446.SH,20260423,1352400,13.43,18162732.0,13.31,0.143679,6.22554,94126.8
600448.SH,20260423,341000,3.3,1125300.0,3.31,0.0541425,1.38768,62982.0
600449.SH,20260423,10000,12.58,125800.0,12.54,0.00209126,0.232691,47818.1
600452.SH,20260423,89900,12.05,1083295.0,12.02,0.0058508,0.246997,153654.0
600455.SH,20260423,11100,25.62,284382.0,25.61,0.0177719,0.809635,6245.8
600456.SH,20260423,247800,36.8,9119040.0,36.43,0.0518651,2.51692,47777.8
600458.SH,20260423,351100,12.19,4279909.0,11.95,0.040722,3.73761,86218.7
600459.SH,20260423,135300,22.45,3037485.0,22.45,0.0178095,0.649015,75970.6
600460.SH,20260423,229000,27.61,6322690.0,27.61,0.0137614,0.863387,166407.0
600461.SH,20260423,3600,9.98,35928.0,9.99,0.00028034,0.0336067,128416.0
600463.SH,20260423,900,9.98,8982.0,10.0,0.0003,0.0363026,30000.0
600467.SH,20260423,56700,2.39,135513.0,2.38,0.00388092,0.215869,146099.0
600468.SH,20260423,142800,8.1,1156680.0,8.15,0.0131282,0.332024,108774.0
600469.SH,20260423,28000,6.95,194600.0,6.98,0.0038385,0.176695,72945.1
600470.SH,20260423,101200,6.87,695244.0,6.88,0.0194018,0.401164,52160.0
600475.SH,20260423,34300,17.85,612255.0,17.82,0.00363777,0.291638,94288.6
600476.SH,20260423,25700,10.89,279873.0,10.91,0.0159558,0.414632,16107.0
600477.SH,20260423,93261,3.06,285379.0,3.06,0.00395347,0.20591,235897.0
600478.SH,20260423,116700,7.71,899757.0,7.72,0.00700673,0.255367,166554.0
600479.SH,20260423,4700,10.45,49115.0,10.48,0.00112304,0.0735671,41850.7
600480.SH,20260423,361200,11.13,4020156.0,11.15,0.02978,0.659497,121290.0
600481.SH,20260423,787900,6.68,5263172.0,6.6,0.0381701,1.40154,206418.0
600482.SH,20260423,787600,41.53,32709028.0,39.41,0.0347229,1.91089,226825.0
600483.SH,20260423,451900,10.1,4564190.0,10.29,0.0162546,2.11646,278014.0
600486.SH,20260423,13000,70.4,915200.0,70.78,0.00321791,0.18027,40398.9
600487.SH,20260423,4026840,66.77,268872107.0,65.78,0.164685,2.08637,244518.0
600488.SH,20260423,1064200,6.43,6842806.0,6.56,0.0974643,0.675437,109189.0
600489.SH,20260423,370100,27.05,10011205.0,27.2,0.00763516,0.793045,484731.0
600490.SH,20260423,226800,9.05,2052540.0,9.02,0.011382,0.381931,199262.0
600491.SH,20260423,3433400,2.05,7038470.0,2.1,0.224441,4.34166,152976.0
600493.SH,20260423,227200,7.06,1604032.0,7.06,0.0835294,2.64901,27200.0
600495.SH,20260423,16800,4.46,74928.0,4.46,0.00139051,0.0821364,120819.0
600496.SH,20260423,735400,3.85,2831290.0,3.79,0.0369525,1.15849,199013.0
600497.SH,20260423,1325300,9.5,12590350.0,9.52,0.0262937,0.817354,504038.0
600498.SH,20260423,938000,56.0,52528000.0,56.26,0.0737641,0.939089,127162.0
600499.SH,20260423,100300,17.97,1802391.0,17.84,0.0052298,0.402163,191786.0
600500.SH,20260423,79000,4.19,331010.0,4.19,0.0022016,0.28057,358831.0
600501.SH,20260423,12500,23.82,297750.0,23.89,0.00292176,0.1282,42782.4
600502.SH,20260423,203700,5.9,1201830.0,5.94,0.0118669,0.405723,171653.0
600503.SH,20260423,263500,2.3,606050.0,2.3,0.0164452,1.10572,160229.0
600505.SH,20260423,37300,13.55,505415.0,13.45,0.0102313,0.353441,36456.8
600506.SH,20260423,16800,20.69,347592.0,20.65,0.00874914,0.450347,19201.9
600507.SH,20260423,147300,6.23,917679.0,6.32,0.00636784,0.227056,231319.0
600508.SH,20260423,20400,12.95,264180.0,12.98,0.00282268,0.339842,72271.8
600509.SH,20260423,231700,8.2,1899940.0,8.23,0.0168583,0.755357,137440.0
600510.SH,20260423,210000,10.7,2247000.0,10.67,0.0203483,0.930431,103203.0
600511.SH,20260423,210000,28.76,6039600.0,28.39,0.0379509,4.29663,55334.6
600512.SH,20260423,264200,2.47,652574.0,2.47,0.0166435,0.598728,158741.0
600513.SH,20260423,78593,20.55,1615086.0,20.65,0.0275324,0.343994,28545.6
600515.SH,20260423,448200,3.48,1559736.0,3.49,0.00488447,0.549529,917601.0
600516.SH,20260423,590100,5.56,3280956.0,5.61,0.0146573,1.12501,402597.0
600517.SH,20260423,83200,6.42,534144.0,6.42,0.00145494,0.36781,571844.0
600518.SH,20260423,501200,1.74,872088.0,1.74,0.00362601,0.384629,1382240.0
600519.SH,20260423,51500,1408.0,72512000.0,1409.5,0.00411253,1.24722,125227.0
600520.SH,20260423,65200,29.27,1908404.0,29.51,0.0411538,0.407288,15843.0
600521.SH,20260423,62800,16.27,1021756.0,16.29,0.00419435,0.200269,149725.0
600522.SH,20260423,3546600,34.0,120584400.0,34.82,0.103916,1.46523,341295.0
600523.SH,20260423,19600,14.0,274400.0,14.06,0.00485095,0.51137,40404.5
600525.SH,20260423,90200,5.34,481668.0,5.32,0.00683965,0.652187,131878.0
600526.SH,20260423,67400,5.4,363960.0,5.35,0.00772044,0.626159,87300.7
600527.SH,20260423,923900,2.59,2392901.0,2.59,0.0533503,0.603802,173176.0
600528.SH,20260423,57600,7.9,455040.0,7.93,0.00259278,0.320184,222155.0
600529.SH,20260423,90200,18.98,1711996.0,19.17,0.0135922,1.69511,66361.4
600530.SH,20260423,35200,5.14,180928.0,5.14,0.0045424,0.385556,77492.0
600531.SH,20260423,1379700,16.46,22709862.0,16.4,0.114094,1.38088,120926.0
600533.SH,20260423,102300,2.38,243474.0,2.39,0.00974286,0.582309,105000.0
600535.SH,20260423,10300,14.08,145024.0,14.1,0.000689447,0.155889,149395.0
600536.SH,20260423,16700,37.72,629924.0,37.81,0.00197948,0.172027,84365.6
600537.SH,20260423,637000,3.51,2235870.0,3.51,0.0538136,0.384757,118372.0
600538.SH,20260423,59100,6.8,401880.0,6.8,0.0112744,0.312346,52419.8
600539.SH,20260423,71900,16.41,1179879.0,16.54,0.0312609,0.352282,23000.0
600540.SH,20260423,367800,4.83,1776474.0,4.9,0.0632636,2.20838,58137.7
600543.SH,20260423,66300,4.86,322218.0,4.9,0.0206465,0.96576,32112.0
600545.SH,20260423,633500,4.3,2724050.0,4.33,0.0354324,0.541464,178791.0
600546.SH,20260423,227400,11.98,2724252.0,12.11,0.0114706,0.816712,198246.0
600547.SH,20260423,431400,36.96,15944544.0,37.25,0.0119354,0.933942,361444.0
600548.SH,20260423,1500,9.17,13755.0,9.15,8.74928e-05,0.0556269,171443.0
600549.SH,20260423,587300,66.35,38967355.0,66.3,0.0377944,0.709669,155393.0
600550.SH,20260423,239600,16.06,3847976.0,16.06,0.0130109,0.306333,184153.0
600551.SH,20260423,14500,8.25,119625.0,8.19,0.00213847,0.356353,67805.5
600552.SH,20260423,1111500,15.8,17561700.0,15.7,0.117668,1.24739,94460.7
600556.SH,20260423,63100,6.21,391851.0,6.21,0.00349053,0.148878,180775.0
600557.SH,20260423,370200,14.42,5338284.0,14.2,0.065388,9.14315,56615.9
600558.SH,20260423,56600,5.34,302244.0,5.36,0.00630567,0.403841,89760.5
600559.SH,20260423,683900,13.9,9506210.0,13.38,0.0751944,11.3903,90950.9
600560.SH,20260423,2700,14.48,39096.0,14.48,0.00120727,0.126912,22364.6
600561.SH,20260423,77300,6.7,517910.0,6.7,0.0271727,1.06314,28447.7
600562.SH,20260423,538600,29.74,16017964.0,28.67,0.0433705,4.22028,124186.0
600563.SH,20260423,14300,124.07,1774201.0,124.5,0.00635556,0.215148,22500.0
600566.SH,20260423,22300,25.0,557500.0,24.88,0.00242773,0.710174,91855.2
600567.SH,20260423,491700,1.51,742467.0,1.52,0.00779554,0.970287,630745.0
600568.SH,20260423,39180,2.86001,112055.0,2.86,0.00234742,0.322204,166907.0
600569.SH,20260423,95500,2.14,204370.0,2.14,0.00332472,0.488294,287242.0
600570.SH,20260423,106200,26.8,2846160.0,26.85,0.00560822,0.48373,189365.0
600571.SH,20260423,35500,13.55,481025.0,13.55,0.0077553,0.550409,45775.2
600572.SH,20260423,749100,4.57,3423387.0,4.6,0.0296069,0.400467,253015.0
600573.SH,20260423,62300,12.69,790587.0,12.68,0.02492,0.502135,25000.0
600575.SH,20260423,334500,3.72,1244340.0,3.72,0.00860725,0.62035,388626.0
600576.SH,20260423,46300,5.96,275948.0,5.95,0.00701101,0.327789,66039.0
600577.SH,20260423,154500,13.33,2059485.0,13.3,0.00718239,0.262282,215109.0
600578.SH,20260423,87700,5.49,481473.0,5.5,0.00131001,0.298241,669462.0
600579.SH,20260423,8100,7.8,63180.0,7.84,0.001641,0.194711,49360.1
600580.SH,20260423,114100,38.72,4417952.0,38.72,0.00732522,0.373037,155763.0
600581.SH,20260423,281100,2.88,809568.0,2.88,0.0183378,0.624712,153290.0
600582.SH,20260423,37200,5.7,212040.0,5.7,0.000898857,0.24252,413859.0
600583.SH,20260423,234200,6.8,1592560.0,6.81,0.00529702,0.400429,442135.0
600584.SH,20260423,538100,45.56,24515836.0,45.51,0.0300713,0.927147,178941.0
600585.SH,20260423,148200,21.8,3230760.0,21.8,0.00370528,0.425805,399970.0
600586.SH,20260423,126200,5.54,699148.0,5.53,0.00890402,0.249905,141734.0
600587.SH,20260423,26500,14.19,376035.0,14.2,0.00436829,0.546286,60664.5
600588.SH,20260423,158000,12.4,1959200.0,12.37,0.00462394,0.43826,341700.0
600589.SH,20260423,580400,10.45,6065180.0,10.63,0.0392568,0.356197,147847.0
600590.SH,20260423,1201900,18.2,21874580.0,17.27,0.142478,1.44788,84357.0
600592.SH,20260423,4900,20.14,98686.0,20.13,0.00122637,0.0792888,39955.4
600593.SH,20260423,22400,34.77,778848.0,34.67,0.0173913,0.604916,12880.0
600594.SH,20260423,2897001,4.55,13181355.0,4.75,0.365816,2.45525,79192.7
600595.SH,20260423,831900,8.74,7270806.0,8.68,0.0207565,1.0568,400790.0
600596.SH,20260423,57600,12.35,711360.0,12.38,0.00426794,0.283898,134960.0
600597.SH,20260423,12700,7.38,93726.0,7.39,0.000921321,0.275785,137846.0
600598.SH,20260423,112200,15.9,1783980.0,15.95,0.0063116,0.476715,177768.0
600599.SH,20260423,50600,4.2,212520.0,4.24,0.0304819,1.05522,16600.0
600600.SH,20260423,17700,61.89,1095453.0,61.86,0.00249603,0.540146,70912.6
600601.SH,20260423,1045700,11.8,12339260.0,11.82,0.025075,0.572572,417029.0
600602.SH,20260423,223700,23.19,5187603.0,23.38,0.0208228,0.263175,107430.0
600603.SH,20260423,458400,6.75,3094200.0,6.82,0.0384135,2.36519,119333.0
600604.SH,20260423,44600,4.95,220770.0,4.96,0.00316884,0.522234,140745.0
600605.SH,20260423,79900,31.2,2492880.0,30.66,0.0387333,0.894325,20628.2
600606.SH,20260423,2001502,1.38,2762073.0,1.39,0.0142413,2.29082,1405420.0
600608.SH,20260423,60132,2.13,128081.0,2.18,0.0188874,1.2767,31837.1
600609.SH,20260423,16500,4.06,66990.0,4.06,0.0012648,0.141121,130456.0
600610.SH,20260423,111000,9.45,1048950.0,9.46,0.0156619,0.655814,70872.7
600611.SH,20260423,80700,4.76,384132.0,4.78,0.0051621,0.545766,156332.0
600612.SH,20260423,1700,41.32,70244.0,41.5,0.000536092,0.185275,31711.0
600613.SH,20260423,16300,5.84,95192.0,5.85,0.00340065,0.105593,47932.0
600615.SH,20260423,9500,11.36,107920.0,11.31,0.00421724,0.404826,22526.6
600616.SH,20260423,56900,4.92,279948.0,4.94,0.00850517,1.0168,66900.5
600617.SH,20260423,54500,3.27,178215.0,3.28,0.00306948,0.145616,177554.0
600618.SH,20260423,32400,13.04,422496.0,13.07,0.00432092,0.28704,74984.0
600619.SH,20260423,32400,17.51,567324.0,17.56,0.00410555,0.11434,78917.5
600620.SH,20260423,41900,5.97,250143.0,5.99,0.00610185,0.817965,68667.7
600621.SH,20260423,74900,14.15,1059835.0,14.18,0.00706005,0.733671,106090.0
600622.SH,20260423,216100,2.56,553216.0,2.57,0.0144097,1.47704,149969.0
600623.SH,20260423,31200,9.8,305760.0,9.79,0.00166308,0.154898,187603.0
600624.SH,20260423,1200,4.38,5256.0,4.35,0.00017664,0.0287812,67934.7
600626.SH,20260423,36298,3.89999,141562.0,3.88,0.00327606,0.366591,110798.0
600628.SH,20260423,76500,7.15,546975.0,7.13,0.0118261,0.941265,64687.5
600629.SH,20260423,72500,20.75,1504375.0,20.86,0.00760662,0.323694,95311.7
600630.SH,20260423,340800,8.05,2743440.0,7.86,0.0802144,9.59141,42486.2
600633.SH,20260423,82500,12.92,1065900.0,12.94,0.00650593,0.323714,126807.0
600635.SH,20260423,224500,5.34,1198830.0,5.36,0.00928149,0.828288,241879.0
600636.SH,20260423,920000,5.49,5050800.0,5.78,0.209741,3.206,43863.7
600637.SH,20260423,95300,10.01,953953.0,10.04,0.00283471,0.188942,336190.0
600638.SH,20260423,582200,6.34,3691148.0,6.39,0.0864572,4.279,67339.7
600639.SH,20260423,45700,11.21,512297.0,11.21,0.00537497,0.561547,85023.7
600640.SH,20260423,21900,12.34,270246.0,12.34,0.00275231,0.367027,79569.6
600641.SH,20260423,1548200,26.9,41646580.0,27.06,0.16636,2.91234,93063.0
600642.SH,20260423,53250,9.33001,496823.0,9.33,0.00108811,0.232018,489381.0
600643.SH,20260423,127800,5.02,641556.0,5.03,0.00803596,0.380897,159035.0
600644.SH,20260423,157600,12.51,1971576.0,12.53,0.0272513,0.347267,57832.1
600645.SH,20260423,22000,28.09,617980.0,28.16,0.00470316,0.244794,46777.0
600648.SH,20260423,2300,10.53,24219.0,10.53,0.00020215,0.0758912,113777.0
600649.SH,20260423,76100,4.28,325708.0,4.29,0.00303853,0.276758,250450.0
600650.SH,20260423,8600,12.7,109220.0,12.77,0.00220197,0.286915,39056.0
600651.SH,20260423,61600,6.84,421344.0,6.85,0.00245709,0.302259,250703.0
600653.SH,20260423,27237,1.73,47120.0,1.73,0.00139937,0.218072,194638.0
600654.SH,20260423,1282000,4.04,5179280.0,4.11,0.0553199,0.400363,231743.0
600655.SH,20260423,96500,4.97,479605.0,4.98,0.00248082,0.344057,388985.0
600657.SH,20260423,96900,2.99,289731.0,2.99,0.00339776,0.51474,285188.0
600658.SH,20260423,130300,5.07,660621.0,5.08,0.0116486,0.454322,111859.0
600660.SH,20260423,105500,60.59,6392245.0,60.39,0.00526714,0.726545,200299.0
600661.SH,20260423,105800,9.99,1056942.0,9.9,0.0369222,2.86103,28654.9
600662.SH,20260423,19400,5.12,99328.0,5.14,0.000852196,0.181761,227647.0
600663.SH,20260423,57400,7.6,436240.0,7.59,0.00181894,0.770501,315568.0
600664.SH,20260423,2671600,3.86,10312376.0,3.93,0.106079,0.730965,251851.0
600665.SH,20260423,49400,3.22,159068.0,3.21,0.00571678,0.518796,86412.2
600666.SH,20260423,2432100,6.77,16465317.0,6.82,0.0971964,0.386319,250225.0
600667.SH,20260423,1886300,10.45,19711835.0,10.24,0.090187,1.7908,209154.0
600668.SH,20260423,37800,11.48,433944.0,11.53,0.00915475,0.272996,41290.1
600671.SH,20260423,5400,19.02,102708.0,19.01,0.00443639,0.228641,12172.1
600673.SH,20260423,368900,34.87,12863543.0,34.86,0.0122903,0.432898,300156.0
600674.SH,20260423,70000,15.03,1052100.0,15.0,0.00143601,0.195385,487461.0
600675.SH,20260423,30420,2.61999,79700.0,2.62,0.000503131,0.133249,604614.0
600676.SH,20260423,50100,8.05,403305.0,7.99,0.0048712,0.301732,102849.0
600678.SH,20260423,1011700,11.8,11938060.0,12.22,0.289894,3.33313,34899.0
600679.SH,20260423,6100,11.17,68137.0,11.14,0.00177483,0.206125,34369.4
600681.SH,20260423,30700,4.01,123107.0,4.01,0.00229137,0.164489,133981.0
600682.SH,20260423,19400,6.94,134636.0,6.97,0.00166658,0.14296,116406.0
600683.SH,20260423,720100,13.5,9721350.0,13.15,0.0972087,1.7373,74077.8
600684.SH,20260423,61400,4.62,283668.0,4.64,0.00719424,0.418296,85346.1
600685.SH,20260423,116200,30.56,3551072.0,30.58,0.014146,0.602926,82143.5
600686.SH,20260423,87300,17.21,1502433.0,17.25,0.0121749,0.377564,71704.7
600688.SH,20260423,144775,2.79,403922.0,2.79,0.00197542,0.422683,732881.0
600689.SH,20260423,8400,13.37,112308.0,13.43,0.0055189,0.218785,15220.4
600690.SH,20260423,129700,20.67,2680899.0,20.68,0.0020742,0.258769,625303.0
600691.SH,20260423,373500,3.21,1198935.0,3.21,0.0157224,0.688418,237559.0
600692.SH,20260423,38300,7.26,278058.0,7.28,0.015019,0.398774,25501.1
600693.SH,20260423,281700,11.19,3152223.0,11.31,0.0324183,0.324465,86895.3
600694.SH,20260423,4600,16.79,77234.0,16.76,0.00133582,0.310148,34435.8
600696.SH,20260423,436800,1.3,567840.0,1.25,0.130595,5.31498,33446.9
600697.SH,20260423,15800,11.62,183596.0,11.66,0.0101689,0.470569,15537.6
600698.SH,20260423,13800,7.2,99360.0,7.22,0.00166175,0.126313,83045.2
600699.SH,20260423,588240,28.92,17011901.0,29.18,0.0434108,0.861138,135505.0
600702.SH,20260423,36300,45.8,1662540.0,45.7,0.0109134,0.71666,33261.9
600703.SH,20260423,8877000,15.9,141144300.0,14.94,0.177931,2.96143,498902.0
600704.SH,20260423,81700,5.22,426474.0,5.22,0.00157991,0.242959,517118.0
600706.SH,20260423,17800,9.5,169100.0,9.48,0.00700704,0.217013,25403.0
600707.SH,20260423,2374245,8.68,20608447.0,8.86,0.0661779,1.36878,358767.0
600708.SH,20260423,15700,3.28,51496.0,3.28,0.00070553,0.0664892,222528.0
600710.SH,20260423,76100,13.18,1002998.0,13.17,0.00582361,0.533276,130675.0
600711.SH,20260423,410905,14.64,6015649.0,14.6,0.0132953,0.378505,309061.0
600712.SH,20260423,11500,5.86,67390.0,5.86,0.00213497,0.20245,53864.8
600713.SH,20260423,172800,5.66,978048.0,5.7,0.0133974,0.309669,128980.0
600714.SH,20260423,57300,18.67,1069791.0,18.82,0.0198837,0.294495,28817.6
600715.SH,20260423,4158900,2.11,8775279.0,2.13,0.145296,5.2011,286237.0
600716.SH,20260423,14000,4.17,58380.0,4.18,0.00149563,0.152456,93606.1
600717.SH,20260423,58800,4.5,264600.0,4.5,0.00203179,0.374294,289400.0
600718.SH,20260423,86600,9.07,785462.0,9.13,0.00723815,0.646781,119644.0
600719.SH,20260423,145600,7.37,1073072.0,7.47,0.0359862,0.510108,40460.0
600720.SH,20260423,10700,6.81,72867.0,6.82,0.0010604,0.169911,100905.0
600721.SH,20260423,39100,8.89,347599.0,8.89,0.0101678,0.240782,38454.8
600722.SH,20260423,228600,13.51,3088386.0,13.59,0.0336019,0.518524,68032.0
600724.SH,20260423,11400,7.29,83106.0,7.29,0.000788959,0.091398,144494.0
600725.SH,20260423,213100,4.09,871579.0,4.12,0.0172905,1.36634,123247.0
600726.SH,20260423,1925600,4.85,9339160.0,4.79,0.0257594,0.845019,747534.0
600727.SH,20260423,99800,7.87,785426.0,7.91,0.0188807,0.23568,52858.3
600728.SH,20260423,135600,5.68,770208.0,5.68,0.00635844,0.434969,213260.0
600729.SH,20260423,8600,21.5,184900.0,21.53,0.00446793,0.329454,19248.3
600730.SH,20260423,141400,8.92,1261288.0,8.94,0.0241027,0.627128,58665.6
600731.SH,20260423,108400,6.94,752296.0,6.97,0.0200117,1.05109,54168.3
600732.SH,20260423,98300,15.89,1561987.0,15.79,0.00468215,0.267514,209946.0
600733.SH,20260423,68900,7.25,499525.0,7.25,0.0014085,0.134943,489171.0
600734.SH,20260423,4980000,2.59,12898200.0,2.64,0.228666,3.47772,217785.0
600736.SH,20260423,12989630,8.37,108723203.0,7.61,1.12826,28.8494,115129.0
600737.SH,20260423,100400,14.78,1483912.0,14.89,0.00469412,0.431771,213885.0
600738.SH,20260423,15300,4.73,72369.0,4.73,0.00201139,0.154282,76066.6
600739.SH,20260423,16900,11.66,197054.0,11.66,0.00110478,0.227445,152971.0
600740.SH,20260423,206300,4.13,852019.0,4.14,0.00805192,0.509977,256212.0
600741.SH,20260423,33700,20.51,691187.0,20.56,0.00106892,0.215442,315272.0
600742.SH,20260423,430800,9.77,4208916.0,9.87,0.0579766,3.70132,74305.8
600743.SH,20260423,1503600,2.47,3713892.0,2.47,0.0640893,0.535133,234610.0
600744.SH,20260423,1881300,8.25,15520725.0,8.09,0.0926236,1.16787,203112.0
600745.SH,20260423,182700,29.0,5298300.0,29.18,0.0146788,0.542844,124465.0
600746.SH,20260423,65800,8.54,561932.0,8.59,0.00563432,0.255908,116784.0
600748.SH,20260423,93900,5.41,507999.0,5.42,0.00509064,0.477196,184456.0
600749.SH,20260423,363700,20.21,7350377.0,20.77,0.160245,0.915439,22696.6
600750.SH,20260423,8900,27.27,242703.0,27.45,0.00141565,0.18464,62868.5
600751.SH,20260423,80600,3.78,304668.0,3.77,0.0031323,0.21034,257319.0
600753.SH,20260423,5600,12.46,69776.0,12.68,0.00243154,0.222492,23030.7
600754.SH,20260423,44100,26.11,1151451.0,26.26,0.00486731,0.325536,90604.4
600755.SH,20260423,436700,6.2,2707540.0,6.24,0.0204816,3.30299,213216.0
600756.SH,20260423,28000,16.22,454160.0,16.22,0.00863934,0.212617,32409.9
600757.SH,20260423,2600,8.7,22620.0,8.7,0.000214257,0.0260019,121350.0
600758.SH,20260423,689400,3.94,2716236.0,3.98,0.0521979,1.04466,132074.0
600759.SH,20260423,1510670,5.15,7779951.0,5.13,0.0364572,0.657694,414369.0
600760.SH,20260423,68300,49.85,3404755.0,49.8,0.00241668,0.364879,282619.0
600761.SH,20260423,17200,17.3,297560.0,17.34,0.00193108,0.187671,89069.3
600763.SH,20260423,32000,41.36,1323520.0,41.35,0.00715421,0.470385,44728.9
600764.SH,20260423,9700,24.4,236680.0,24.42,0.00136499,0.166041,71062.9
600765.SH,20260423,116900,16.63,1944047.0,16.59,0.00752982,0.618785,155249.0
600768.SH,20260423,62300,17.02,1060346.0,17.13,0.0465804,0.492024,13374.7
600769.SH,20260423,77900,15.01,1169279.0,15.18,0.0207746,0.589667,37497.7
600770.SH,20260423,298300,5.85,1745055.0,5.76,0.0229462,1.05458,130000.0
600771.SH,20260423,284700,17.8,5067660.0,17.98,0.0581624,4.33057,48949.1
600773.SH,20260423,289300,23.5,6798550.0,23.6,0.0304018,0.630651,95158.7
600774.SH,20260423,16200,8.61,139482.0,8.59,0.00549376,0.51505,29488.0
600775.SH,20260423,243300,13.39,3257787.0,13.55,0.0362141,0.966531,67183.9
600776.SH,20260423,670000,17.05,11423500.0,17.3,0.0700837,1.20165,95600.0
600777.SH,20260423,439340,6.19,2719515.0,6.12,0.00690119,1.61794,636615.0
600778.SH,20260423,50100,6.32,316632.0,6.31,0.0160982,0.901147,31121.5
600779.SH,20260423,10100,32.78,331078.0,32.69,0.00207178,0.484216,48750.3
600780.SH,20260423,116900,6.94,811286.0,6.93,0.0101962,0.344262,114650.0
600782.SH,20260423,98900,3.23,319447.0,3.24,0.00314402,0.138017,314565.0
600783.SH,20260423,12900,21.43,276447.0,21.48,0.00173303,0.0924658,74435.9
600784.SH,20260423,21900,7.58,166002.0,7.62,0.00324131,0.126859,67565.2
600785.SH,20260423,50500,17.48,882740.0,17.38,0.0223816,0.655727,22563.1
600787.SH,20260423,48600,5.34,259524.0,5.35,0.00223955,0.295732,217008.0
600789.SH,20260423,22500,8.2,184500.0,8.2,0.0025037,0.220638,89867.0
600790.SH,20260423,116600,3.73,434918.0,3.73,0.00795475,1.83783,146579.0
600791.SH,20260423,239600,12.9,3090840.0,13.13,0.0529721,1.1295,45231.4
600792.SH,20260423,94100,4.09,384869.0,4.12,0.00847806,0.403306,110992.0
600793.SH,20260423,5000,18.79,93950.0,18.76,0.00282639,0.194988,17690.4
600794.SH,20260423,115300,3.59,413927.0,3.58,0.00960711,1.1457,120015.0
600795.SH,20260423,725900,4.9,3556910.0,4.9,0.00406995,0.523576,1783560.0
600796.SH,20260423,4900,6.16,30184.0,6.14,0.00157315,0.0502489,31147.8
600797.SH,20260423,121700,9.13,1111121.0,9.19,0.011844,0.271853,102753.0
600798.SH,20260423,32900,3.6,118440.0,3.6,0.00272682,0.205554,120653.0
600800.SH,20260423,373000,4.96,1850080.0,4.92,0.0336118,0.730951,110973.0
600801.SH,20260423,18100,22.65,409965.0,22.74,0.00134904,0.234041,134170.0
600802.SH,20260423,28600,5.58,159588.0,5.58,0.00624116,0.437109,45824.8
600803.SH,20260423,35200,20.65,726880.0,20.84,0.00114594,0.371351,307173.0
600805.SH,20260423,97100,5.35,519485.0,5.35,0.0114198,0.904763,85027.5
600807.SH,20260423,58900,2.89,170221.0,2.91,0.00748394,0.387169,78701.8
600808.SH,20260423,168800,3.91,660008.0,3.93,0.00282854,0.408117,596775.0
600809.SH,20260423,194560,140.5,27335680.0,136.91,0.015948,3.51365,121996.0
600810.SH,20260423,49700,8.6,427420.0,8.64,0.00459865,0.341496,108075.0
600812.SH,20260423,52000,5.38,279760.0,5.39,0.00303078,0.306698,171573.0
600814.SH,20260423,51100,7.78,397558.0,7.77,0.00695164,0.599045,73507.9
600815.SH,20260423,10169304,4.59,46677105.0,4.52,0.573211,8.8133,177409.0
600816.SH,20260423,6243900,2.67,16671213.0,2.72,0.114166,10.4295,546914.0
600817.SH,20260423,5800,12.51,72558.0,12.52,0.0010959,0.108749,52924.4
600818.SH,20260423,32800,8.35,273880.0,8.37,0.013784,0.872023,23795.8
600819.SH,20260423,16400,7.14,117096.0,7.14,0.00219423,0.251995,74741.6
600820.SH,20260423,314400,6.11,1920984.0,6.15,0.00999969,2.6715,314410.0
600821.SH,20260423,1046700,9.19,9619173.0,9.04,0.0532042,0.302283,196732.0
600822.SH,20260423,14000,9.81,137340.0,9.88,0.00353403,0.305893,39614.8
600824.SH,20260423,6600,3.96,26136.0,3.94,0.00062617,0.0844815,105403.0
600825.SH,20260423,69000,5.82,401580.0,5.86,0.00660358,0.864027,104489.0
600826.SH,20260423,10100,9.39,94839.0,9.4,0.00137315,0.239951,73553.4
600827.SH,20260423,101300,8.08,818504.0,8.07,0.00631369,0.764028,160445.0
600828.SH,20260423,121300,5.15,624695.0,5.16,0.00700605,0.655085,173136.0
600829.SH,20260423,36000,9.68,348480.0,9.71,0.00620809,0.324333,57988.9
600830.SH,20260423,17100,8.75,149625.0,8.78,0.00376384,0.462507,45432.3
600831.SH,20260423,31300,3.41,106733.0,3.4,0.00440258,0.262492,71094.7
600833.SH,20260423,2800,11.45,32060.0,11.48,0.00125512,0.09458,22308.6
600834.SH,20260423,11100,8.23,91353.0,8.23,0.00232518,0.508584,47738.2
600835.SH,20260423,13400,22.96,307664.0,22.96,0.00166149,0.158794,80650.4
600838.SH,20260423,84700,9.68,819896.0,9.73,0.0211284,0.71411,40088.2
600839.SH,20260423,595600,9.48,5646288.0,9.53,0.0129059,0.374644,461496.0
600841.SH,20260423,364300,9.63,3508209.0,9.38,0.0349273,1.38735,104302.0
600843.SH,20260423,41500,9.48,393420.0,9.54,0.00884441,0.633821,46922.3
600844.SH,20260423,343100,3.42,1173402.0,3.42,0.0417026,0.69602,82273.1
600845.SH,20260423,113500,23.0,2610500.0,23.15,0.00531852,0.472265,213405.0
600846.SH,20260423,20200,12.37,249874.0,12.33,0.00323323,0.577079,62476.2
600847.SH,20260423,62400,14.67,915408.0,14.61,0.0407078,0.911305,15328.7
600848.SH,20260423,14100,9.3,131130.0,9.29,0.000588994,0.0777809,239391.0
600850.SH,20260423,43000,20.81,894830.0,20.8,0.00632168,0.409859,68019.9
600851.SH,20260423,57700,8.35,481795.0,8.45,0.00781624,0.437663,73820.6
600853.SH,20260423,178200,4.04,719928.0,4.07,0.0175792,1.4949,101370.0
600854.SH,20260423,18000,5.15,92700.0,5.16,0.00346515,0.240539,51945.9
600855.SH,20260423,84900,19.93,1692057.0,20.05,0.018155,0.194784,46764.0
600857.SH,20260423,6200,12.03,74586.0,11.99,0.00276391,0.204465,22432.0
600858.SH,20260423,12900,5.56,71724.0,5.56,0.00249252,0.201647,51754.8
600859.SH,20260423,74600,12.02,896692.0,12.05,0.00663803,0.717953,112383.0
600860.SH,20260423,70300,11.3,794390.0,11.22,0.0158319,0.503763,44404.1
600861.SH,20260423,9700,16.24,157528.0,16.24,0.00264612,0.409006,36657.5
600862.SH,20260423,44800,21.6,967680.0,21.58,0.00321597,0.240412,139305.0
600863.SH,20260423,4609300,4.6,21202780.0,4.77,0.0706202,7.84285,652689.0
600864.SH,20260423,2696000,7.45,20085200.0,7.45,0.12958,2.52156,208057.0
600865.SH,20260423,19100,11.24,214684.0,11.24,0.00507654,0.310263,37624.0
600866.SH,20260423,105300,6.57,691821.0,6.59,0.0083853,0.462369,125577.0
600867.SH,20260423,183400,9.9,1815660.0,9.91,0.0093641,0.237609,195854.0
600868.SH,20260423,187000,3.45,645150.0,3.46,0.0098517,0.269442,189815.0
600869.SH,20260423,2693200,17.13,46134516.0,17.18,0.121351,2.28362,221935.0
600871.SH,20260423,419900,2.68,1125332.0,2.67,0.00309958,0.335019,1354700.0
600872.SH,20260423,169700,21.14,3587458.0,21.15,0.0220107,0.416967,77098.8
600873.SH,20260423,1226201,9.9,12139390.0,9.97,0.0437267,1.88228,280424.0
600874.SH,20260423,39900,6.19,246981.0,6.19,0.0032428,0.401984,123042.0
600875.SH,20260423,1870900,43.98,82282182.0,42.21,0.08266,1.80239,226337.0
600876.SH,20260423,23800,9.76,232288.0,9.81,0.00601504,0.317147,39567.5
600877.SH,20260423,93100,17.32,1612492.0,17.31,0.00786278,0.340105,118406.0
600879.SH,20260423,843600,25.1,21174360.0,25.21,0.0255691,0.412139,329930.0
600880.SH,20260423,161300,5.2,838760.0,5.2,0.0147571,0.30116,109303.0
600881.SH,20260423,383300,1.46,559618.0,1.48,0.011859,1.00529,323215.0
600882.SH,20260423,9300,20.59,191487.0,20.6,0.00182334,0.0976861,51005.4
600883.SH,20260423,58400,8.0,467200.0,8.0,0.0247365,1.55378,23608.8
600884.SH,20260423,1313400,15.5,20357700.0,15.16,0.0715706,0.975174,183511.0
600885.SH,20260423,32740,29.09,952407.0,29.08,0.00211554,0.159906,154759.0
600886.SH,20260423,88000,13.49,1187120.0,13.51,0.00118055,0.327829,745418.0
600887.SH,20260423,264340,25.3,6687802.0,25.29,0.00419992,0.619781,629393.0
600888.SH,20260423,171700,8.94,1534998.0,8.94,0.0110554,0.472323,155309.0
600892.SH,20260423,11300,3.51,39663.0,3.5,0.00202031,0.244328,55932.0
600893.SH,20260423,273500,49.0,13401500.0,48.53,0.0102622,0.895514,266512.0
600894.SH,20260423,25400,9.88,250952.0,9.9,0.00301253,0.28634,84314.4
600895.SH,20260423,84000,37.57,3155880.0,37.6,0.00542394,0.374342,154869.0
600897.SH,20260423,4200,15.93,66906.0,15.98,0.00100735,0.185116,41693.4
600900.SH,20260423,549700,26.86,14764942.0,26.86,0.00224659,0.661952,2446820.0
600901.SH,20260423,142100,7.18,1020278.0,7.17,0.00245404,0.427503,579045.0
600903.SH,20260423,107000,6.28,671960.0,6.29,0.00930427,1.94895,115001.0
600905.SH,20260423,1152500,4.1,4725250.0,4.09,0.00403146,0.986679,2858760.0
600906.SH,20260423,50800,6.37,323596.0,6.39,0.00239145,0.382972,212424.0
600908.SH,20260423,39900,5.74,229026.0,5.74,0.00199569,0.374862,199931.0
600909.SH,20260423,253700,5.67,1438479.0,5.68,0.00504955,0.5521,502421.0
600916.SH,20260423,86800,9.01,782068.0,9.05,0.00516667,0.419813,168000.0
600917.SH,20260423,73200,5.24,383568.0,5.24,0.00468918,1.09185,156104.0
600918.SH,20260423,74500,6.0,447000.0,6.01,0.00189768,0.407371,392585.0
600919.SH,20260423,89100,11.12,990792.0,11.12,0.000485524,0.11407,1835130.0
600925.SH,20260423,71600,4.63,331508.0,4.64,0.00445815,0.694839,160605.0
600926.SH,20260423,1449888,17.01,24662595.0,17.42,0.0200012,6.80208,724900.0
600927.SH,20260423,33600,14.66,492576.0,14.66,0.0023084,0.746198,145556.0
600928.SH,20260423,936900,3.75,3513375.0,3.72,0.0211808,6.04529,442335.0
600929.SH,20260423,139600,7.18,1002328.0,7.24,0.00851161,0.346942,164011.0
600930.SH,20260423,831000,6.1,5069100.0,6.07,0.025729,0.635824,322981.0
600933.SH,20260423,11800,16.94,199892.0,16.95,0.00120731,0.0976565,97737.6
600935.SH,20260423,173700,2.58,448146.0,2.57,0.00495238,0.639258,350740.0
600936.SH,20260423,36200,4.01,145162.0,4.0,0.00216633,0.160164,167103.0
600938.SH,20260423,174400,37.35,6513840.0,37.09,0.00583278,0.410517,299000.0
600939.SH,20260423,9700,2.85,27645.0,2.86,0.000509862,0.131303,190248.0
600941.SH,20260423,37100,95.83,3555293.0,95.82,0.00410958,0.370893,90276.8
600955.SH,20260423,50400,18.6,937440.0,18.38,0.00916364,0.456817,55000.0
600956.SH,20260423,318700,8.58,2734446.0,8.46,0.0135727,1.47962,234809.0
600959.SH,20260423,476000,4.05,1927800.0,4.05,0.00951863,0.612664,500072.0
600960.SH,20260423,13300,5.13,68229.0,5.16,0.00139924,0.0770018,95051.6
600961.SH,20260423,5263300,28.58,150425114.0,29.18,0.700082,10.6908,75181.2
600962.SH,20260423,25900,21.41,554519.0,21.56,0.00987758,0.343275,26221.0
600963.SH,20260423,183100,4.93,902683.0,4.97,0.0104178,0.676725,175757.0
600965.SH,20260423,45100,5.22,235422.0,5.26,0.00550873,0.595465,81870.1
600966.SH,20260423,8300,6.8,56440.0,6.79,0.000620865,0.0586166,133684.0
600967.SH,20260423,27800,14.85,412830.0,14.89,0.00163357,0.148057,170179.0
600968.SH,20260423,101900,4.23,431037.0,4.23,0.00100245,0.214196,1016510.0
600969.SH,20260423,17300,10.29,178017.0,10.29,0.00467504,0.209981,37005.0
600970.SH,20260423,50600,10.18,515108.0,10.22,0.00192996,0.234672,262181.0
600971.SH,20260423,83600,7.44,621984.0,7.5,0.00696664,0.673354,120000.0
600973.SH,20260423,458700,7.6,3486120.0,7.58,0.0334484,0.987702,137137.0
600975.SH,20260423,64700,5.63,364261.0,5.66,0.0051774,0.469343,124966.0
600976.SH,20260423,4500,32.85,147825.0,32.87,0.00293545,0.217532,15329.9
600977.SH,20260423,213200,14.28,3044496.0,14.4,0.0114194,0.347406,186700.0
600979.SH,20260423,4971900,5.21,25903599.0,5.26,0.403478,4.20144,123226.0
600980.SH,20260423,3800,23.15,87970.0,23.17,0.00200778,0.14033,18926.4
600981.SH,20260423,29600,2.87,84952.0,2.88,0.00131999,0.157547,224243.0
600982.SH,20260423,663800,6.14,4075732.0,6.13,0.0593937,0.629819,111763.0
600983.SH,20260423,34100,10.52,358732.0,10.56,0.00444915,0.457113,76643.9
600984.SH,20260423,298400,4.15,1238360.0,4.17,0.0237382,1.35297,125704.0
600985.SH,20260423,45400,13.73,623342.0,13.85,0.00168569,0.251911,269326.0
600986.SH,20260423,2720400,11.33,30822132.0,11.03,0.1829,1.39042,148737.0
600987.SH,20260423,34300,7.38,253134.0,7.43,0.00336005,0.444987,102082.0
600988.SH,20260423,136000,42.81,5822160.0,43.22,0.00817351,0.385649,166391.0
600989.SH,20260423,537899,28.2,15168752.0,28.16,0.00733496,0.622951,733336.0
600990.SH,20260423,22000,24.15,531300.0,24.16,0.00817805,0.536374,26901.3
600992.SH,20260423,7400,11.95,88430.0,12.0,0.0030193,0.217431,24509.0
600993.SH,20260423,5600,24.85,139160.0,24.92,0.0013014,0.139271,43030.7
600995.SH,20260423,337900,14.21,4801559.0,14.05,0.0105726,1.47916,319601.0
600996.SH,20260423,49000,8.64,423360.0,8.66,0.00393006,0.108752,124680.0
600997.SH,20260423,1600,5.71,9136.0,5.72,0.000100768,0.0167586,158780.0
600998.SH,20260423,44700,5.37,240039.0,5.37,0.00088647,0.136398,504247.0
600999.SH,20260423,202000,15.47,3124940.0,15.45,0.00272164,0.649861,742200.0
601000.SH,20260423,79200,4.84,383328.0,4.85,0.0013365,0.2248,592593.0
601001.SH,20260423,52300,17.68,924664.0,17.58,0.00312481,0.34737,167370.0
601002.SH,20260423,225400,6.64,1496656.0,6.63,0.0236159,0.327271,95444.1
601005.SH,20260423,2000400,1.4,2800560.0,1.4,0.0240617,4.2019,831364.0
601006.SH,20260423,154400,5.25,810600.0,5.25,0.00076636,0.180601,2014720.0
601007.SH,20260423,582700,8.6,5011220.0,8.68,0.14941,2.21521,39000.0
601008.SH,20260423,13200,4.8,63360.0,4.79,0.00106397,0.190048,124064.0
601009.SH,20260423,812300,11.55,9382065.0,11.51,0.00657011,2.1432,1236360.0
601010.SH,20260423,295600,2.41,712396.0,2.4,0.0159957,0.513149,184800.0
601011.SH,20260423,262100,3.12,817752.0,3.13,0.0136819,0.833045,191566.0
601012.SH,20260423,764000,17.69,13515160.0,17.55,0.0100817,0.76014,757806.0
601015.SH,20260423,205000,3.97,813850.0,3.99,0.0100367,0.390034,204250.0
601016.SH,20260423,3333000,4.12,13731960.0,4.07,0.0551986,1.02469,603820.0
601018.SH,20260423,77300,3.83,296059.0,3.83,0.00039734,0.226375,1945440.0
601019.SH,20260423,14400,7.65,110160.0,7.65,0.000690019,0.0806106,208690.0
601020.SH,20260423,177600,33.85,6011760.0,33.89,0.0216595,0.427329,81996.5
601021.SH,20260423,27900,48.01,1339479.0,48.26,0.00285179,0.566749,97833.3
601022.SH,20260423,14000,8.83,123620.0,8.85,0.00106982,0.166271,130863.0
601026.SH,20260423,10300,18.59,191477.0,18.56,0.00927212,0.260802,11108.6
601033.SH,20260423,35800,14.82,530556.0,14.82,0.0149167,1.25735,24000.0
601038.SH,20260423,23200,12.67,293944.0,12.67,0.00317068,0.392542,73170.5
601058.SH,20260423,170800,13.66,2333128.0,13.66,0.00519449,0.584029,328810.0
601059.SH,20260423,25900,16.81,435379.0,16.84,0.000798643,0.408033,324300.0
601061.SH,20260423,1542300,14.78,22795194.0,14.28,0.0314755,7.5249,490000.0
601065.SH,20260423,35800,8.49,303942.0,8.53,0.00556959,0.733131,64277.6
601066.SH,20260423,58100,21.81,1267161.0,21.8,0.000894442,0.722976,649567.0
601068.SH,20260423,57200,6.31,360932.0,6.32,0.00223473,0.370751,255959.0
601069.SH,20260423,132200,33.36,4410192.0,33.77,0.014901,0.737141,88718.8
601077.SH,20260423,68400,7.43,508212.0,7.43,0.00077391,0.250667,883824.0
601083.SH,20260423,12400,13.01,161324.0,13.07,0.0063878,0.121499,19412.0
601086.SH,20260423,287700,8.3,2387910.0,8.48,0.0431982,2.14062,66600.0
601088.SH,20260423,126500,45.88,5803820.0,45.87,0.000767083,0.464752,1649100.0
601089.SH,20260423,8500,22.44,190740.0,22.45,0.00177083,0.240434,48000.0
601096.SH,20260423,21700,5.61,121737.0,5.61,0.00132077,0.0813502,164298.0
601098.SH,20260423,110500,11.15,1232075.0,11.13,0.00615256,1.63048,179600.0
601099.SH,20260423,506600,3.8,1925080.0,3.8,0.00743217,0.603722,681632.0
601100.SH,20260423,18000,101.4,1825200.0,101.08,0.00134246,0.152149,134082.0
601101.SH,20260423,738800,8.94,6604872.0,8.51,0.0513056,5.46038,144000.0
601106.SH,20260423,165600,4.26,705456.0,4.27,0.00241477,0.292427,685778.0
601107.SH,20260423,38900,6.15,239235.0,6.17,0.00179864,0.282963,216274.0
601108.SH,20260423,91900,8.32,764608.0,8.34,0.001979,0.291468,464376.0
601111.SH,20260423,652700,6.98,4555846.0,7.02,0.0056083,0.740958,1163810.0
601112.SH,20260423,39300,20.13,791109.0,20.13,0.0221721,0.30482,17725.0
601113.SH,20260423,96200,4.62,444444.0,4.64,0.00871257,0.306213,110415.0
601116.SH,20260423,18200,13.8,251160.0,13.83,0.00332312,0.173797,54767.8
601117.SH,20260423,656900,8.55,5616495.0,8.53,0.01079,0.821237,608807.0
601118.SH,20260423,848000,6.91,5859680.0,6.76,0.0198157,2.54293,427943.0
601121.SH,20260423,10000,7.78,77800.0,7.8,0.00125,0.0933001,80000.0
601126.SH,20260423,315500,54.09,17065395.0,53.4,0.0382385,0.940181,82508.5
601127.SH,20260423,300700,92.0,27664400.0,90.47,0.0193103,2.01552,155720.0
601128.SH,20260423,240600,7.33,1763598.0,7.33,0.00725459,0.60438,331652.0
601133.SH,20260423,218190,23.78,5188558.0,23.54,0.0416086,0.976458,52438.7
601136.SH,20260423,16200,16.4,265680.0,16.38,0.000592683,0.201627,273333.0
601137.SH,20260423,57100,20.39,1164269.0,20.39,0.00622134,0.389099,91780.8
601138.SH,20260423,3170900,66.98,212386882.0,66.89,0.0159791,1.52921,1984410.0
601139.SH,20260423,35000,6.92,242200.0,6.94,0.00121665,0.157108,287674.0
601155.SH,20260423,22900,14.48,331592.0,14.55,0.00101524,0.138979,225562.0
601156.SH,20260423,24000,17.16,411840.0,17.23,0.00254077,0.391857,94459.6
601158.SH,20260423,29600,4.38,129648.0,4.37,0.000616663,0.5852,480003.0
601162.SH,20260423,364700,3.78,1378566.0,3.79,0.0042417,0.353569,859797.0
601163.SH,20260423,6500,13.97,90805.0,13.96,0.0008125,0.175955,80000.0
601166.SH,20260423,672600,18.22,12254772.0,18.22,0.00317821,0.711883,2116290.0
601168.SH,20260423,335000,29.71,9952850.0,29.44,0.0140579,0.727337,238300.0
601169.SH,20260423,458500,5.44,2494240.0,5.43,0.00216857,0.624482,2114300.0
601177.SH,20260423,10900,14.82,161538.0,14.82,0.00272459,0.313895,40006.0
601179.SH,20260423,1216900,17.96,21855524.0,17.95,0.0237403,0.471598,512588.0
601186.SH,20260423,321298,6.87,2207317.0,6.88,0.00279311,0.634257,1150320.0
601187.SH,20260423,32600,7.75,252650.0,7.76,0.00123795,0.219546,263338.0
601188.SH,20260423,45400,3.26,148004.0,3.27,0.00347767,0.389335,130547.0
601198.SH,20260423,45900,12.88,591192.0,12.89,0.00141998,0.349185,323245.0
601199.SH,20260423,34000,5.62,191080.0,5.64,0.00363555,0.799426,93521.0
601200.SH,20260423,49100,8.11,398201.0,8.08,0.00364722,0.643476,134623.0
601208.SH,20260423,1449700,36.65,53131505.0,36.64,0.143509,2.27472,101018.0
601211.SH,20260423,254800,16.79,4278092.0,16.8,0.00188784,0.247671,1349690.0
601212.SH,20260423,1037400,8.21,8517054.0,8.22,0.0140099,1.00872,740477.0
601216.SH,20260423,152300,5.21,793483.0,5.22,0.00180493,0.232705,843802.0
601218.SH,20260423,144700,6.21,898587.0,6.2,0.0149324,0.219831,96903.4
601222.SH,20260423,107500,6.2,666500.0,6.16,0.00526646,0.343029,204122.0
601225.SH,20260423,65200,25.39,1655428.0,25.48,0.000672512,0.164571,969500.0
601226.SH,20260423,57300,9.55,547215.0,9.52,0.0049302,0.260905,116222.0
601228.SH,20260423,56100,3.24,181764.0,3.23,0.000743585,0.254405,754453.0
601229.SH,20260423,76800,9.74,748032.0,9.74,0.000540502,0.217304,1420900.0
601231.SH,20260423,375800,44.5,16723100.0,44.28,0.0157297,0.649201,238910.0
601233.SH,20260423,49300,20.02,986986.0,20.09,0.00207608,0.146466,237467.0
601236.SH,20260423,17700,7.72,136644.0,7.71,0.000375255,0.192081,471679.0
601238.SH,20260423,35100,7.15,250965.0,7.16,0.000475372,0.290785,738370.0
601279.SH,20260423,6400,3.83,24512.0,3.85,0.000403585,0.0607776,158579.0
601288.SH,20260423,2243900,7.07,15864373.0,7.07,0.000702879,0.680881,31924400.0
601298.SH,20260423,12400,8.96,111104.0,8.98,0.000229967,0.158647,539208.0
601311.SH,20260423,3884634,10.82,42031740.0,10.87,0.33113,6.3568,117315.0
601318.SH,20260423,218800,57.98,12686024.0,58.03,0.00205252,0.375465,1066010.0
601319.SH,20260423,231400,7.33,1696162.0,7.32,0.000651872,0.456497,3549780.0
601326.SH,20260423,169100,3.55,600305.0,3.54,0.00355434,0.730095,475756.0
601328.SH,20260423,736200,6.97,5131314.0,6.97,0.00282367,0.647537,2607240.0
601330.SH,20260423,762900,8.72,6652488.0,8.69,0.0771311,2.11555,98909.5
601333.SH,20260423,68000,3.05,207400.0,3.06,0.00120306,0.183412,565224.0
601336.SH,20260423,142600,63.63,9073638.0,63.69,0.00683789,0.614377,208544.0
601339.SH,20260423,89500,8.4,751800.0,8.5,0.00596838,0.542327,149957.0
601360.SH,20260423,217200,11.09,2408748.0,11.09,0.00310305,0.323377,699956.0
601366.SH,20260423,57500,3.89,223675.0,3.9,0.0059912,0.591809,95974.1
601368.SH,20260423,6000,4.72,28320.0,4.73,0.000679522,0.0985415,88297.3
601369.SH,20260423,112200,9.11,1022142.0,9.09,0.00657597,0.644745,170621.0
601375.SH,20260423,134600,4.03,542438.0,4.04,0.00390426,0.559584,344752.0
601377.SH,20260423,153798,5.96,916636.0,5.98,0.0017809,0.201373,863599.0
601388.SH,20260423,306200,4.18,1279916.0,4.17,0.0139105,0.374881,220122.0
601390.SH,20260423,664400,5.26,3494744.0,5.26,0.00324433,0.545553,2047880.0
601398.SH,20260423,1445700,7.52,10871664.0,7.52,0.000536215,0.657795,26961200.0
601399.SH,20260423,1253200,4.34,5438888.0,4.34,0.0173728,0.942593,721356.0
601456.SH,20260423,70600,9.33,658698.0,9.36,0.00161298,0.374122,437698.0
601500.SH,20260423,31200,4.25,132600.0,4.25,0.00197094,0.265305,158300.0
601512.SH,20260423,1972700,10.5,20713350.0,10.32,0.131611,16.3606,149889.0
601515.SH,20260423,114800,4.61,529228.0,4.63,0.00596528,0.297867,192447.0
601518.SH,20260423,26000,2.84,73840.0,2.83,0.00137526,0.189053,189055.0
601519.SH,20260423,63000,10.94,689220.0,10.95,0.00316717,0.256859,198916.0
601528.SH,20260423,69000,5.27,363630.0,5.27,0.00397819,0.588733,173446.0
601555.SH,20260423,267300,8.29,2215917.0,8.32,0.00537967,0.811146,496870.0
601566.SH,20260423,38900,10.57,411173.0,10.64,0.00676949,0.650704,57463.7
601567.SH,20260423,39300,25.5,1002150.0,25.54,0.00279674,0.192633,140521.0
601568.SH,20260423,336500,4.05,1362825.0,4.06,0.00847133,1.92703,397222.0
601577.SH,20260423,23500,9.66,227010.0,9.65,0.000584478,0.199686,402068.0
601579.SH,20260423,21600,18.8,406080.0,18.87,0.00450504,0.278485,47946.3
601588.SH,20260423,163300,1.79,292307.0,1.79,0.0061391,0.137701,266000.0
601595.SH,20260423,144800,24.76,3585248.0,25.13,0.032307,3.05389,44820.0
601598.SH,20260423,39000,6.12,238680.0,6.12,0.000756185,0.278616,515747.0
601599.SH,20260423,66200,3.73,246926.0,3.75,0.00570423,0.319542,116054.0
601600.SH,20260423,1535195,12.17,18683323.0,12.08,0.0116538,0.657344,1317340.0
601601.SH,20260423,154400,37.09,5726696.0,37.05,0.00225565,0.508902,684504.0
601606.SH,20260423,43800,39.6,1734480.0,39.86,0.00604782,0.252058,72422.8
601607.SH,20260423,14300,16.92,241956.0,16.96,0.00051269,0.191946,278921.0
601608.SH,20260423,61500,6.24,383760.0,6.24,0.00134293,0.218322,457955.0
601609.SH,20260423,60800,11.01,669408.0,11.0,0.00351722,0.208829,172864.0
601611.SH,20260423,103000,14.24,1466720.0,14.18,0.00341757,0.279073,301383.0
601615.SH,20260423,328900,17.41,5726149.0,17.31,0.0145435,0.398136,226150.0
601616.SH,20260423,78000,4.82,375960.0,4.81,0.00913696,0.276142,85367.5
601618.SH,20260423,383600,2.95,1131620.0,2.95,0.0021487,0.473997,1785260.0
601619.SH,20260423,893200,6.38,5698616.0,6.31,0.0366865,0.627958,243469.0
601628.SH,20260423,50100,37.1,1858710.0,37.08,0.000240593,0.301586,2082350.0
601633.SH,20260423,62400,20.45,1276080.0,20.45,0.00100495,0.49541,620924.0
601636.SH,20260423,1502600,6.0,9015600.0,6.12,0.0507866,2.40389,295865.0
601658.SH,20260423,440800,5.16,2274528.0,5.16,0.000607767,0.303846,7252780.0
601665.SH,20260423,1224286,6.32,7737488.0,6.27,0.0198947,2.28854,615384.0
601666.SH,20260423,32300,7.87,254201.0,7.88,0.00130803,0.139389,246936.0
601668.SH,20260423,796200,4.85,3861570.0,4.85,0.00192689,0.326519,4132040.0
601669.SH,20260423,1365300,5.89,8041617.0,5.87,0.0104448,0.499813,1307150.0
601677.SH,20260423,243600,18.55,4518780.0,18.46,0.0199999,0.488159,121801.0
601678.SH,20260423,663000,5.12,3394560.0,5.12,0.0324469,1.62287,204334.0
601686.SH,20260423,43900,5.87,257693.0,5.87,0.00298325,1.01971,147155.0
601688.SH,20260423,413700,19.3,7984410.0,19.38,0.00566188,0.479616,730676.0
601689.SH,20260423,143100,59.5,8514450.0,59.67,0.00823438,0.459352,173784.0
601696.SH,20260423,90200,12.42,1120284.0,12.44,0.00324694,0.313442,277800.0
601698.SH,20260423,443500,37.7,16719950.0,37.71,0.0104986,0.458188,422439.0
601699.SH,20260423,96400,13.75,1325500.0,13.79,0.00322256,0.391382,299141.0
601700.SH,20260423,41900,5.07,212433.0,5.07,0.00367945,0.209636,113876.0
601702.SH,20260423,13200,20.05,264660.0,20.05,0.00132194,0.137947,99853.1
601717.SH,20260423,48900,20.06,980934.0,20.12,0.00317087,0.38063,154217.0
601718.SH,20260423,24700,2.95,72865.0,2.95,0.000566375,0.0769058,436107.0
601727.SH,20260423,777701,8.1,6299378.0,8.06,0.00616458,0.832825,1261560.0
601728.SH,20260423,235900,5.93,1398887.0,5.93,0.000303878,0.190246,7762970.0
601766.SH,20260423,770793,6.03,4647882.0,6.02,0.00316836,0.524978,2432780.0
601777.SH,20260423,166700,10.35,1725345.0,10.35,0.00368716,0.784791,452110.0
601778.SH,20260423,18529800,6.87,127299726.0,6.54,0.518666,2.27083,357259.0
601788.SH,20260423,126900,15.15,1922535.0,15.13,0.00324827,0.597235,390670.0
601789.SH,20260423,512400,5.55,2843820.0,5.58,0.0471477,0.585765,108680.0
601798.SH,20260423,27000,9.16,247320.0,9.14,0.00761576,0.49953,35452.8
601799.SH,20260423,5900,128.0,755200.0,127.83,0.00206525,0.172672,28567.9
601800.SH,20260423,232500,7.29,1694925.0,7.29,0.00197306,0.82485,1178370.0
601801.SH,20260423,8000,6.07,48560.0,6.07,0.000408595,0.116659,195793.0
601808.SH,20260423,538600,14.82,7982052.0,14.93,0.0181931,3.02428,296047.0
601811.SH,20260423,28700,13.69,392903.0,13.69,0.00362418,0.372573,79190.4
601816.SH,20260423,558900,4.95,2766555.0,4.94,0.00114234,0.479491,4892570.0
601818.SH,20260423,863700,3.18,2746566.0,3.18,0.00186115,0.657514,4640680.0
601825.SH,20260423,58400,9.05,528520.0,9.07,0.00062297,0.387612,937444.0
601827.SH,20260423,11100,7.97,88467.0,7.95,0.000663902,0.208856,167193.0
601828.SH,20260423,130400,2.37,309048.0,2.37,0.00360979,1.12027,361240.0
601838.SH,20260423,1314000,17.49,22981860.0,17.59,0.031002,7.19509,423844.0
601857.SH,20260423,815735,11.46,9348323.0,11.45,0.000503782,0.609498,16192200.0
601858.SH,20260423,23200,22.55,523160.0,22.55,0.00293485,0.225273,79050.0
601860.SH,20260423,72900,2.68,195372.0,2.68,0.0020526,0.24301,355159.0
601865.SH,20260423,178000,14.75,2625500.0,14.71,0.00936337,0.984007,190103.0
601866.SH,20260423,237300,2.69,638337.0,2.7,0.00243335,0.273696,975198.0
601868.SH,20260423,6074733,2.97,18041957.0,2.98,0.0187326,0.692607,3242870.0
601869.SH,20260423,288195,411.2,118505784.0,412.0,0.0709249,1.6004,40633.8
601872.SH,20260423,2775082,17.3,48008919.0,17.96,0.0343683,1.73072,807454.0
601877.SH,20260423,81600,32.82,2678112.0,32.61,0.00379717,0.23352,214897.0
601878.SH,20260423,71600,9.55,683780.0,9.57,0.00156544,0.384544,457380.0
601880.SH,20260423,231500,1.62,375030.0,1.62,0.00125726,0.286018,1841310.0
601881.SH,20260423,146700,12.64,1854288.0,12.67,0.00202529,0.413458,724342.0
601882.SH,20260423,3200,19.7,63040.0,19.62,0.000613027,0.0898844,52200.0
601886.SH,20260423,28900,9.86,284954.0,9.9,0.00255075,0.454341,113300.0
601888.SH,20260423,78300,66.64,5217912.0,66.63,0.00401029,0.315515,195248.0
601890.SH,20260423,139000,10.62,1476180.0,10.65,0.0144882,0.413024,95940.0
601898.SH,20260423,214358,16.62,3562630.0,16.78,0.0023422,0.625395,915200.0
601899.SH,20260423,3563900,35.56,126732284.0,35.53,0.017299,1.34331,2060180.0
601900.SH,20260423,360900,13.2,4763880.0,13.27,0.0409198,3.61434,88197.0
601901.SH,20260423,268800,7.01,1884288.0,7.03,0.00326527,0.559062,823210.0
601908.SH,20260423,600300,4.5,2701350.0,4.46,0.0248612,0.46154,241460.0
601916.SH,20260423,320437,2.97,951698.0,2.97,0.00148733,0.440158,2154440.0
601918.SH,20260423,112600,7.75,872650.0,7.77,0.00434658,0.257384,259054.0
601919.SH,20260423,285099,14.43,4113979.0,14.46,0.00227058,0.419294,1255620.0
601921.SH,20260423,16200,7.91,128142.0,7.9,0.000729,0.235087,222222.0
601928.SH,20260423,26600,9.56,254296.0,9.56,0.00104523,0.244148,254490.0
601929.SH,20260423,218200,2.97,648054.0,2.99,0.00625253,0.221661,348979.0
601933.SH,20260423,304400,3.79,1153676.0,3.8,0.00335426,0.134552,907504.0
601939.SH,20260423,322000,9.74,3136280.0,9.79,0.00335638,0.340651,959366.0
601949.SH,20260423,15800,6.26,98908.0,6.26,0.000829846,0.204001,190397.0
601952.SH,20260423,99000,9.87,977130.0,9.93,0.00718433,0.536118,137800.0
601956.SH,20260423,39900,6.11,243789.0,6.11,0.00641875,0.309523,62161.7
601958.SH,20260423,148500,20.75,3081375.0,20.59,0.00460236,0.382026,322660.0
601963.SH,20260423,57900,10.8,625320.0,10.88,0.00284657,0.395904,203403.0
601965.SH,20260423,395400,17.0,6721800.0,17.84,0.0396031,7.20175,99840.6
601966.SH,20260423,22300,14.14,315322.0,14.15,0.00152374,0.3085,146350.0
601968.SH,20260423,25800,5.2,134160.0,5.22,0.00202229,0.148605,127578.0
601969.SH,20260423,76000,11.29,858040.0,11.28,0.00385302,0.315226,197248.0
601975.SH,20260423,511900,4.45,2277955.0,4.51,0.0109372,0.2406,468034.0
601985.SH,20260423,481300,8.99,4326887.0,8.96,0.00254881,0.378394,1888330.0
601988.SH,20260423,1097100,5.83,6396093.0,5.84,0.000520531,0.567094,21076600.0
601990.SH,20260423,148800,7.32,1089216.0,7.34,0.0040365,1.14083,368636.0
601991.SH,20260423,851100,4.15,3532065.0,4.15,0.00686588,0.531297,1239610.0
601992.SH,20260423,219400,1.71,375174.0,1.72,0.00263254,0.412641,833416.0
601995.SH,20260423,70611,34.1,2407835.0,34.1,0.00241525,0.484422,292354.0
601996.SH,20260423,1611400,2.63,4237982.0,2.66,0.143758,2.9778,112091.0
601997.SH,20260423,4014600,6.1,24489060.0,5.87,0.109803,17.6996,365620.0
601998.SH,20260423,151300,8.31,1257303.0,8.36,0.00037117,0.410384,4076300.0
601999.SH,20260423,52300,7.64,399572.0,7.63,0.0094933,0.22519,55091.5
603000.SH,20260423,53200,19.82,1054424.0,19.79,0.00481147,0.302316,110569.0
603001.SH,20260423,7200,8.84,63648.0,8.84,0.0017956,0.0788812,40098.0
603002.SH,20260423,1003100,13.6,13642160.0,13.88,0.0884507,0.994937,113408.0
603004.SH,20260423,7900,21.31,168349.0,21.41,0.0134171,0.227573,5888.0
603005.SH,20260423,225600,32.03,7225968.0,32.03,0.0345921,0.493276,65217.2
603006.SH,20260423,4200,13.0,54600.0,12.99,0.00165189,0.190696,25425.4
603007.SH,20260423,243800,6.41,1562758.0,6.37,0.0350746,0.634931,69508.9
603008.SH,20260423,58300,12.83,747989.0,12.84,0.0158298,0.249668,36829.2
603009.SH,20260423,12600,51.0,642600.0,51.28,0.00372331,0.20693,33840.9
603010.SH,20260423,28100,13.12,368672.0,13.21,0.00480317,0.182932,58503.0
603011.SH,20260423,48400,22.15,1072060.0,22.24,0.00978936,0.273645,49441.4
603012.SH,20260423,16400,8.92,146288.0,8.95,0.00253674,0.0912587,64650.0
603013.SH,20260423,4200,19.43,81606.0,19.47,0.000826414,0.138338,50822.0
603014.SH,20260423,6900,37.55,259095.0,37.45,0.0175272,0.901026,3936.73
603015.SH,20260423,9300,12.32,114576.0,12.31,0.00230073,0.188733,40421.9
603016.SH,20260423,239900,53.87,12923413.0,53.93,0.16192,3.06963,14816.0
603017.SH,20260423,1158600,14.53,16834458.0,14.96,0.419493,4.88259,27619.0
603018.SH,20260423,28100,7.3,205130.0,7.32,0.00410941,0.460637,68379.6
603019.SH,20260423,339100,92.95,31519345.0,91.84,0.023183,0.664683,146271.0
603020.SH,20260423,15700,11.05,173485.0,11.12,0.00409667,0.287896,38323.8
603021.SH,20260423,18500,7.9,146150.0,7.89,0.00578219,0.170669,31994.8
603022.SH,20260423,25300,10.46,264638.0,10.48,0.01265,0.634354,20000.0
603023.SH,20260423,40000,4.37,174800.0,4.38,0.00716695,0.372358,55811.7
603025.SH,20260423,86300,16.36,1411868.0,16.38,0.00778056,0.395594,110917.0
603026.SH,20260423,191700,104.0,19936800.0,104.84,0.0823804,0.876637,23270.1
603027.SH,20260423,25800,9.43,243294.0,9.46,0.00206464,0.209605,124962.0
603028.SH,20260423,171800,8.26,1419068.0,8.5,0.0604525,4.42193,28419.0
603029.SH,20260423,18700,18.61,348007.0,18.72,0.015411,1.01689,12134.2
603030.SH,20260423,3472000,2.54,8818880.0,2.55,0.263643,8.10209,131693.0
603031.SH,20260423,75200,57.54,4327008.0,58.1,0.034683,0.536848,21682.1
603032.SH,20260423,103800,22.48,2333424.0,22.65,0.0448065,0.45673,23166.3
603033.SH,20260423,28400,11.28,320352.0,11.23,0.00280485,0.273997,101253.0
603035.SH,20260423,22500,13.51,303975.0,13.51,0.00614172,0.367021,36634.7
603036.SH,20260423,1800,17.79,32022.0,17.8,0.000873761,0.0883184,20600.6
603037.SH,20260423,27500,14.97,411675.0,14.97,0.0103327,0.402831,26614.5
603038.SH,20260423,21600,16.51,356616.0,16.55,0.00803939,0.188788,26867.7
603039.SH,20260423,79400,44.77,3554738.0,45.3,0.0309714,0.813583,25636.6
603040.SH,20260423,6500,85.0,552500.0,84.59,0.00478842,0.329888,13574.4
603041.SH,20260423,5100,12.82,65382.0,12.83,0.00278464,0.238178,18314.8
603042.SH,20260423,43600,21.4,933040.0,21.55,0.0271499,0.230308,16059.0
603043.SH,20260423,4600,15.36,70656.0,15.42,0.000815667,0.204252,56395.6
603045.SH,20260423,24000,37.37,896880.0,37.35,0.0177193,0.362844,13544.5
603048.SH,20260423,100,22.98,2298.0,22.92,6.80828e-05,0.00422569,14688.0
603049.SH,20260423,18400,49.05,902520.0,49.21,0.0210409,0.584862,8744.86
603050.SH,20260423,20300,19.8,401940.0,19.83,0.00503323,0.578754,40331.9
603051.SH,20260423,11300,22.73,256849.0,22.85,0.00699115,0.200085,16163.3
603052.SH,20260423,186100,91.92,17106312.0,91.36,0.0990435,1.54268,18789.7
603053.SH,20260423,4600,9.55,43930.0,9.57,0.000517499,0.170436,88889.0
603055.SH,20260423,10700,9.28,99296.0,9.3,0.00120624,0.186603,88705.0
603057.SH,20260423,66400,27.79,1845256.0,27.52,0.0161165,1.22908,41200.0
603058.SH,20260423,134400,12.12,1628928.0,12.06,0.0324923,1.57622,41363.7
603059.SH,20260423,38000,35.12,1334560.0,35.0,0.0378303,2.4624,10044.9
603060.SH,20260423,84800,6.08,515584.0,6.03,0.0105478,1.47134,80396.1
603061.SH,20260423,11200,247.76,2774912.0,249.89,0.0128736,0.293389,8700.0
603062.SH,20260423,2700,49.3,133110.0,49.45,0.00728291,0.235714,3707.31
603063.SH,20260423,137000,41.78,5723860.0,41.77,0.0298604,0.240369,45880.1
603065.SH,20260423,7100,8.12,57652.0,8.12,0.00169464,0.197826,41896.8
603066.SH,20260423,2200,10.03,22066.0,10.04,0.000747841,0.10684,29418.0
603067.SH,20260423,187187,38.8,7262856.0,38.05,0.0263362,0.529026,71076.0
603068.SH,20260423,5000,33.66,168300.0,33.41,0.00329408,0.252502,15178.7
603069.SH,20260423,15600,16.8,262080.0,16.9,0.00493671,0.270826,31600.0
603070.SH,20260423,2300,14.95,34385.0,15.04,0.000573566,0.0898135,40100.0
603071.SH,20260423,2200,14.31,31482.0,14.3,0.000394297,0.0448517,55795.4
603072.SH,20260423,2200,36.99,81378.0,36.99,0.00174285,0.112962,12623.0
603073.SH,20260423,6900,19.99,137931.0,19.99,0.0135579,0.427826,5089.28
603075.SH,20260423,17600,23.47,413072.0,23.5,0.0426718,1.12177,4124.51
603076.SH,20260423,15700,28.64,449648.0,28.85,0.0130073,0.40575,12070.1
603077.SH,20260423,1110500,3.0,3331500.0,3.0,0.0125741,0.296258,883167.0
603078.SH,20260423,310400,24.5,7604800.0,23.93,0.0804901,2.67429,38563.7
603079.SH,20260423,1000,16.85,16850.0,16.82,0.000529018,0.0306238,18903.0
603080.SH,20260423,8200,21.78,178596.0,21.64,0.00579505,0.463345,14150.0
603081.SH,20260423,18600,11.82,219852.0,11.85,0.00440238,0.273775,42249.9
603082.SH,20260423,1800,36.93,66474.0,37.09,0.00443821,0.177185,4055.69
603083.SH,20260423,585700,170.0,99569000.0,172.18,0.212527,1.23495,27558.8
603085.SH,20260423,8200,11.98,98236.0,11.91,0.00206497,0.096695,39710.0
603086.SH,20260423,110300,7.52,829456.0,7.57,0.0253672,1.1017,43481.3
603087.SH,20260423,490400,63.0,30895200.0,65.68,0.0879076,8.97547,55785.9
603088.SH,20260423,149100,13.8,2057580.0,13.87,0.0340511,0.466318,43787.2
603089.SH,20260423,30100,12.76,384076.0,12.83,0.0125399,1.5675,24003.3
603090.SH,20260423,8100,69.81,565461.0,69.81,0.0081,0.139546,10000.0
603091.SH,20260423,1900,82.99,157681.0,82.25,0.00604295,0.348027,3144.16
603092.SH,20260423,50700,73.97,3750279.0,71.85,0.151558,2.8349,3345.25
603093.SH,20260423,71400,21.0,1499400.0,21.29,0.0117037,0.565502,61006.6
603095.SH,20260423,19900,18.11,360389.0,18.27,0.00770514,0.591942,25826.9
603096.SH,20260423,33500,17.6,589600.0,17.48,0.0217202,1.99668,15423.5
603097.SH,20260423,8100,32.93,266733.0,32.77,0.00506206,0.1865,16001.4
603098.SH,20260423,65200,15.53,1012556.0,15.26,0.012101,0.706416,53880.0
603099.SH,20260423,15400,35.13,541002.0,35.13,0.00577493,0.256768,26667.0
603100.SH,20260423,24900,19.62,488538.0,19.63,0.00486766,0.471883,51153.9
603101.SH,20260423,241400,10.2,2462280.0,10.24,0.051318,0.634513,47040.0
603102.SH,20260423,11600,40.48,469568.0,40.08,0.018125,1.50353,6400.0
603103.SH,20260423,292100,22.85,6674485.0,23.35,0.046058,1.33719,63420.0
603105.SH,20260423,119300,11.71,1397003.0,11.73,0.0238595,0.386747,50001.1
603106.SH,20260423,2900,8.96,25984.0,8.96,0.000557135,0.0606862,52052.0
603107.SH,20260423,2000,14.14,28280.0,14.2,0.0009167,0.0966277,21817.4
603108.SH,20260423,146000,14.02,2046920.0,13.89,0.0241841,0.628253,60370.3
603109.SH,20260423,11000,24.54,269940.0,24.53,0.00526698,0.205371,20884.8
603110.SH,20260423,22500,18.32,412200.0,18.34,0.0111814,0.209267,20122.7
603111.SH,20260423,51600,6.84,352944.0,6.85,0.0060501,1.10254,85287.9
603112.SH,20260423,121000,21.8,2637800.0,22.07,0.0226335,0.935021,53460.7
603113.SH,20260423,18500,7.15,132275.0,7.19,0.00218034,0.100888,84849.1
603115.SH,20260423,478500,55.22,26422770.0,53.56,0.197817,5.44429,24189.0
603116.SH,20260423,25500,5.71,145605.0,5.72,0.00442554,0.468083,57620.1
603117.SH,20260423,26800,4.46,119528.0,4.46,0.00447265,0.305176,59919.8
603118.SH,20260423,950900,15.16,14415644.0,15.16,0.120784,1.2512,78727.6
603119.SH,20260423,116100,79.51,9231111.0,79.99,0.0569454,0.689433,20387.9
603120.SH,20260423,2900,39.5,114550.0,39.5,0.00765172,0.333172,3790.0
603121.SH,20260423,40300,21.05,848315.0,21.3,0.0119043,0.497336,33853.4
603122.SH,20260423,68900,15.75,1085175.0,15.92,0.0173093,0.21764,39805.3
603123.SH,20260423,63300,11.77,745041.0,11.8,0.00970448,0.19567,65227.6
603124.SH,20260423,7500,127.95,959625.0,127.55,0.00966385,0.411411,7760.88
603125.SH,20260423,9200,18.7,172040.0,18.63,0.00227252,0.331693,40483.6
603126.SH,20260423,159100,8.33,1325303.0,8.2,0.0260606,1.39022,61050.0
603127.SH,20260423,107400,37.81,4060794.0,37.72,0.0170381,0.389593,63035.3
603128.SH,20260423,29000,5.57,161530.0,5.59,0.00221535,0.417227,130905.0
603129.SH,20260423,500,274.19,137095.0,274.2,0.000325769,0.0209442,15348.3
603130.SH,20260423,47000,48.0,2256000.0,47.61,0.0341783,0.891074,13751.4
603131.SH,20260423,29600,21.5,636400.0,21.63,0.0087858,0.306364,33690.7
603132.SH,20260423,58600,19.2,1125120.0,19.23,0.00599182,0.624895,97800.0
603135.SH,20260423,36400,11.67,424788.0,11.72,0.00578202,0.530934,62953.8
603136.SH,20260423,23500,10.67,250745.0,10.74,0.00869962,0.430038,27012.7
603137.SH,20260423,20456,13.19,269815.0,13.22,0.0111822,1.092,18293.3
603138.SH,20260423,112600,20.18,2272268.0,20.18,0.0390507,0.600512,28834.3
603139.SH,20260423,38000,35.88,1363440.0,35.77,0.0380457,0.46181,9988.0
603150.SH,20260423,7200,61.36,441792.0,62.18,0.00842273,0.220825,8548.3
603151.SH,20260423,11600,15.26,177016.0,15.28,0.00677916,0.280129,17111.3
603153.SH,20260423,7100,16.62,118002.0,16.76,0.00175838,0.5466,40378.0
603155.SH,20260423,15400,16.68,256872.0,16.73,0.00487671,0.368968,31578.7
603156.SH,20260423,31800,33.23,1056714.0,33.56,0.00252325,0.412402,126028.0
603158.SH,20260423,239100,13.66,3266106.0,13.66,0.0487193,0.541802,49077.0
603159.SH,20260423,1300,26.07,33891.0,26.07,0.000928571,0.0712664,14000.0
603160.SH,20260423,19800,70.98,1405404.0,70.7,0.00425098,0.381557,46577.5
603161.SH,20260423,1900,14.82,28158.0,14.76,0.000996075,0.0802834,19074.9
603162.SH,20260423,69700,14.41,1004377.0,14.59,0.024944,0.252196,27942.5
603163.SH,20260423,21600,107.84,2329344.0,108.65,0.0216,0.641349,10000.0
603165.SH,20260423,61200,17.07,1044684.0,17.07,0.0190984,0.460573,32044.5
603166.SH,20260423,53000,13.8,731400.0,13.77,0.008272,0.778611,64071.6
603167.SH,20260423,60400,9.3,561720.0,9.33,0.0128745,1.53759,46914.4
603168.SH,20260423,52400,6.43,336932.0,6.48,0.0140666,0.626781,37251.4
603169.SH,20260423,4965600,8.82,43796592.0,9.8,0.380129,31.4517,130629.0
603170.SH,20260423,1600,13.16,21056.0,13.12,0.00039999,0.0843381,40001.0
603171.SH,20260423,83300,58.51,4873883.0,59.81,0.0205228,0.68327,40589.0
603172.SH,20260423,7900,21.46,169534.0,21.5,0.0157748,0.40385,5008.0
603173.SH,20260423,3800,41.05,155990.0,41.05,0.002375,0.23455,16000.0
603175.SH,20260423,21600,102.0,2203200.0,102.02,0.0490917,0.444197,4399.93
603176.SH,20260423,2200,5.41,11902.0,5.41,0.00047638,0.057701,46181.6
603177.SH,20260423,223900,11.88,2659932.0,11.76,0.109652,2.73562,20419.2
603178.SH,20260423,2552000,19.04,48590080.0,21.16,1.07947,9.80831,23641.2
603179.SH,20260423,56000,64.34,3603040.0,64.4,0.0109773,0.369059,51014.2
603180.SH,20260423,18600,18.88,351168.0,18.88,0.0120578,3.73229,15425.7
603181.SH,20260423,50000,15.17,758500.0,15.03,0.00849329,1.20566,58870.0
603182.SH,20260423,4900,14.57,71393.0,14.57,0.00297782,0.0843241,16455.0
603183.SH,20260423,39600,4.58,181368.0,4.57,0.00796535,0.318763,49715.3
603185.SH,20260423,33900,25.14,852246.0,24.97,0.00499247,0.218316,67902.2
603186.SH,20260423,93100,73.77,6867987.0,73.96,0.0593786,0.672735,15679.1
603187.SH,20260423,1700,15.1,25670.0,15.1,0.000444605,0.0382748,38236.2
603188.SH,20260423,18500,4.82,89170.0,4.8,0.00324465,0.153692,57017.0
603189.SH,20260423,458800,12.55,5757940.0,12.79,0.170211,2.16215,26954.8
603190.SH,20260423,3400,25.65,87210.0,25.61,0.00826937,0.341145,4111.56
603191.SH,20260423,169500,20.66,3501870.0,20.91,0.0513691,1.39506,32996.5
603192.SH,20260423,1000,24.28,24280.0,24.08,0.000717327,0.106087,13940.6
603193.SH,20260423,32700,24.69,807363.0,24.58,0.0316442,0.659541,10333.6
603194.SH,20260423,2200,34.0,74800.0,33.83,0.00139217,0.190073,15802.7
603195.SH,20260423,2000,41.4,82800.0,41.46,0.00011107,0.115659,180066.0
603196.SH,20260423,55900,33.58,1877122.0,33.68,0.0235877,0.899584,23698.8
603197.SH,20260423,4500,34.11,153495.0,34.11,0.00213117,0.206539,21115.2
603198.SH,20260423,356800,37.77,13476336.0,35.47,0.0446,9.99535,80000.0
603199.SH,20260423,4000,37.49,149960.0,37.48,0.00361402,0.17599,11068.0
603200.SH,20260423,43300,68.1,2948730.0,68.86,0.0246752,0.323949,17548.0
603201.SH,20260423,41100,16.09,661299.0,16.4,0.0218205,3.63983,18835.5
603202.SH,20260423,5000,94.3,471500.0,94.46,0.0150322,0.410019,3326.2
603203.SH,20260423,71300,46.6,3322580.0,47.0,0.0286169,0.878142,24915.3
603205.SH,20260423,15500,25.67,397885.0,25.76,0.037494,2.87342,4134.0
603206.SH,20260423,8100,17.07,138267.0,17.03,0.002654,0.0834068,30520.0
603207.SH,20260423,1700,27.88,47396.0,27.91,0.003125,0.209399,5440.0
603208.SH,20260423,2100,12.94,27174.0,12.94,0.00118528,0.127137,17717.3
603209.SH,20260423,76400,15.04,1149056.0,15.11,0.0237642,1.50318,32149.2
603210.SH,20260423,11100,16.45,182595.0,16.45,0.00477055,0.463816,23267.8
603211.SH,20260423,75600,25.37,1917972.0,25.59,0.0278138,0.463986,27180.8
603212.SH,20260423,51800,13.53,700854.0,13.53,0.0118403,0.329261,43749.1
603213.SH,20260423,4400,13.43,59092.0,13.42,0.000995537,0.306225,44197.2
603214.SH,20260423,9600,15.94,153024.0,15.97,0.00692941,0.418324,13854.0
603215.SH,20260423,7000,18.84,131880.0,19.01,0.00373875,0.498874,18722.8
603216.SH,20260423,4700,30.45,143115.0,30.62,0.00211056,0.0724814,22269.0
603217.SH,20260423,67900,29.0,1969100.0,29.08,0.0326305,1.31025,20808.8
603218.SH,20260423,44600,14.74,657404.0,14.74,0.00433837,0.395698,102804.0
603219.SH,20260423,2900,16.56,48024.0,16.44,0.000516566,0.0652247,56140.0
603220.SH,20260423,2177656,30.92,67333124.0,31.12,0.501462,2.82948,43426.1
603221.SH,20260423,2600,11.26,29276.0,11.28,0.00107318,0.169383,24227.0
603222.SH,20260423,66800,10.24,684032.0,10.29,0.0127216,0.228674,52509.1
603223.SH,20260423,13900,9.1,126490.0,9.11,0.00196933,0.104137,70582.2
603225.SH,20260423,28400,17.35,492740.0,17.3,0.00170208,0.123398,166855.0
603226.SH,20260423,14700,39.26,577122.0,39.19,0.00413512,0.404214,35549.2
603227.SH,20260423,47300,8.84,418132.0,8.86,0.00441358,0.12893,107169.0
603228.SH,20260423,1339500,67.9,90952050.0,68.95,0.137278,3.16809,97575.6
603229.SH,20260423,5000,10.0,50000.0,9.99,0.000602194,0.0667856,83029.7
603230.SH,20260423,6800,11.05,75140.0,11.08,0.0019235,0.221825,35352.3
603231.SH,20260423,15500,17.93,277915.0,17.95,0.014586,0.891449,10626.6
603232.SH,20260423,15400,19.32,297528.0,19.47,0.00665802,0.172783,23130.0
603233.SH,20260423,34300,17.8,610540.0,17.79,0.00301182,0.880217,113885.0
603235.SH,20260423,700,26.45,18515.0,26.45,0.000159898,0.136822,43778.0
603236.SH,20260423,35100,81.03,2844153.0,81.53,0.0134145,0.552727,26165.8
603237.SH,20260423,22400,17.36,388864.0,17.36,0.0114279,1.65785,19601.2
603238.SH,20260423,9200,15.95,146740.0,15.88,0.00518284,0.431258,17750.9
603239.SH,20260423,8900,24.3,216270.0,24.37,0.00328753,0.215873,27072.0
603248.SH,20260423,116300,26.1,3035430.0,26.61,0.167799,1.41645,6930.89
603255.SH,20260423,1000,29.51,29510.0,29.46,0.00164812,0.0627313,6067.52
603256.SH,20260423,320200,112.0,35862400.0,107.35,0.0363976,1.09174,87972.8
603257.SH,20260423,3600,58.2,209520.0,58.48,0.0144578,0.197794,2490.0
603258.SH,20260423,8800,17.19,151272.0,17.2,0.00364629,0.508445,24134.1
603259.SH,20260423,232300,99.92,23211416.0,99.25,0.00939238,0.561405,247328.0
603260.SH,20260423,29900,45.3,1354470.0,45.19,0.00252917,0.327695,118221.0
603261.SH,20260423,19300,36.58,705994.0,36.58,0.0249016,2.21415,7750.5
603262.SH,20260423,2500,25.95,64875.0,25.97,0.00624875,0.187264,4000.8
603266.SH,20260423,48500,20.43,990855.0,20.49,0.0243857,1.32674,19888.7
603267.SH,20260423,37300,53.32,1988836.0,53.55,0.0161415,0.683775,23108.1
603268.SH,20260423,40400,142.66,5763464.0,141.27,0.0173205,0.308395,23325.0
603269.SH,20260423,157900,15.23,2404817.0,15.33,0.0511414,0.62511,30875.2
603270.SH,20260423,2500,26.83,67075.0,26.85,0.00353523,0.103449,7071.67
603271.SH,20260423,15700,51.51,808707.0,51.8,0.0166004,0.286235,9457.6
603272.SH,20260423,1132900,21.08,23881532.0,22.31,1.09325,19.419,10362.7
603273.SH,20260423,2300,17.49,40227.0,17.58,0.00410286,0.195313,5605.84
603275.SH,20260423,6000,47.28,283680.0,47.8,0.0144453,0.293793,4153.6
603276.SH,20260423,7900,17.16,135564.0,17.08,0.0104439,0.471092,7564.23
603277.SH,20260423,39355,14.01,551364.0,14.19,0.00645433,3.56172,60974.6
603278.SH,20260423,272900,12.7,3465830.0,12.82,0.0798515,0.625323,34175.9
603279.SH,20260423,7600,18.2,138320.0,18.4,0.00131859,0.160754,57637.3
603280.SH,20260423,900,34.31,30879.0,34.58,0.003221,0.0783931,2794.17
603281.SH,20260423,15600,34.5,538200.0,34.46,0.00417857,0.321915,37333.3
603282.SH,20260423,16600,21.59,358394.0,21.63,0.0124047,0.993572,13382.0
603283.SH,20260423,121700,51.71,6293107.0,51.49,0.0448789,1.00576,27117.4
603284.SH,20260423,17900,55.9,1000610.0,55.8,0.0968961,0.662001,1847.34
603285.SH,20260423,40500,39.8,1611900.0,39.49,0.0650114,0.566158,6229.68
603286.SH,20260423,14900,68.0,1013200.0,68.74,0.01291,0.257419,11541.5
603288.SH,20260423,78500,39.65,3112525.0,39.83,0.00141172,0.51982,556060.0
603289.SH,20260423,84400,12.29,1037276.0,12.18,0.0287671,0.747083,29339.0
603290.SH,20260423,34100,101.7,3467970.0,101.75,0.0142396,0.888181,23947.3
603291.SH,20260423,2100,12.18,25578.0,12.2,0.000496195,0.0407291,42322.1
603293.SH,20260423,50500,57.38,2897690.0,57.8,0.143889,0.346082,3509.65
603296.SH,20260423,106507,105.9,11279091.0,105.08,0.0186695,0.765405,57048.7
603297.SH,20260423,12600,120.2,1514520.0,121.35,0.0113791,0.70147,11072.9
603298.SH,20260423,21900,25.6,560640.0,25.5,0.001672,0.36872,130981.0
603299.SH,20260423,378800,11.02,4174376.0,11.33,0.0486979,5.46682,77785.7
603300.SH,20260423,230900,7.03,1623227.0,7.06,0.0115764,0.279028,199457.0
603301.SH,20260423,7800,93.66,730548.0,93.47,0.00295593,0.2347,26387.6
603303.SH,20260423,16900,16.62,280878.0,16.45,0.00354339,0.570554,47694.5
603305.SH,20260423,190500,15.3,2914650.0,15.45,0.0164834,0.669943,115571.0
603306.SH,20260423,157900,105.85,16713715.0,107.4,0.0479218,1.18667,32949.5
603307.SH,20260423,1200,39.5,47400.0,39.55,0.00179104,0.394322,6700.0
603308.SH,20260423,584100,79.22,46272402.0,75.45,0.0860183,2.67244,67904.1
603309.SH,20260423,137000,13.38,1833060.0,13.21,0.0469385,1.60102,29187.1
603310.SH,20260423,1100,16.28,17908.0,16.25,0.000566981,0.0819953,19401.0
603311.SH,20260423,26600,18.54,493164.0,18.53,0.0112767,0.269877,23588.4
603312.SH,20260423,1100,42.26,46486.0,42.05,0.00216027,0.0882123,5091.95
603313.SH,20260423,8700,7.84,68208.0,7.8,0.00152475,0.152156,57058.7
603315.SH,20260423,2998000,19.53,58550940.0,17.75,0.935804,6.33869,32036.6
603316.SH,20260423,16600,15.79,262114.0,15.69,0.0062816,0.163911,26426.4
603317.SH,20260423,1200,13.53,16236.0,13.55,0.000112706,0.0163849,106471.0
603318.SH,20260423,4829600,10.35,49986360.0,9.41,1.05204,9.1359,45907.1
603319.SH,20260423,56900,36.2,2059780.0,36.25,0.0167773,0.389318,33915.0
603320.SH,20260423,4700,23.9,112330.0,23.9,0.00315127,0.0958971,14914.6
603321.SH,20260423,33100,7.28,240968.0,7.32,0.00960633,1.07996,34456.4
603322.SH,20260423,118800,35.4,4205520.0,35.89,0.075387,0.56382,15758.7
603323.SH,20260423,45210,4.96001,224242.0,4.97,0.00223974,0.232414,201854.0
603324.SH,20260423,65200,27.0,1760400.0,26.62,0.0441496,2.9239,14768.0
603325.SH,20260423,1500,77.6,116400.0,77.61,0.00438812,0.239963,3418.32
603326.SH,20260423,39700,8.7,345390.0,8.77,0.0124382,1.17844,31917.7
603327.SH,20260423,222000,10.5,2331000.0,10.53,0.0212347,0.399295,104546.0
603328.SH,20260423,1020900,14.23,14527407.0,14.21,0.102249,2.42962,99844.3
603329.SH,20260423,3600,10.3,37080.0,10.3,0.00174433,0.205153,20638.3
603330.SH,20260423,11100,7.22,80142.0,7.15,0.00256544,0.165517,43267.4
603331.SH,20260423,13500,15.2,205200.0,15.19,0.00667736,0.246097,20217.6
603332.SH,20260423,51900,14.2,736980.0,14.38,0.0239892,0.493394,21634.7
603333.SH,20260423,113500,8.27,938645.0,8.3,0.0182615,1.07053,62152.8
603334.SH,20260423,4200,51.46,216132.0,51.24,0.013525,0.230484,3105.36
603335.SH,20260423,1453300,6.76,9824308.0,7.07,0.339441,3.01691,42814.5
603336.SH,20260423,65500,10.36,678580.0,10.32,0.0107603,0.464918,60871.9
603337.SH,20260423,25000,40.33,1008250.0,40.32,0.00527732,1.24779,47372.6
603338.SH,20260423,6500,49.9,324350.0,49.85,0.0012837,0.137644,50634.8
603339.SH,20260423,62300,13.88,864724.0,13.75,0.0201331,1.28748,30944.1
603341.SH,20260423,48600,38.18,1855548.0,38.29,0.0182561,0.73777,26621.3
603344.SH,20260423,2100,28.35,59535.0,28.34,0.00388666,0.175298,5403.1
603345.SH,20260423,15200,93.12,1415424.0,94.6,0.00518251,0.388527,29329.4
603348.SH,20260423,20000,19.71,394200.0,19.76,0.00635976,0.697816,31447.7
603350.SH,20260423,11800,36.1,425980.0,36.07,0.0267425,0.64393,4412.45
603351.SH,20260423,2300,25.92,59616.0,25.92,0.00169818,0.208276,13543.9
603352.SH,20260423,4800,37.88,181824.0,37.93,0.0108054,0.307245,4442.24
603353.SH,20260423,11400,37.01,421914.0,36.87,0.00668943,0.233699,17041.8
603355.SH,20260423,5100,28.04,143004.0,28.55,0.000889437,0.136611,57339.7
603356.SH,20260423,9800,17.26,169148.0,17.32,0.00734963,0.183422,13334.0
603357.SH,20260423,10800,8.16,88128.0,8.12,0.00194383,0.319313,55560.3
603358.SH,20260423,84300,36.6,3085380.0,36.7,0.0185202,0.638097,45517.9
603359.SH,20260423,13300,5.69,75677.0,5.7,0.00298142,0.159098,44609.6
603360.SH,20260423,15200,23.74,360848.0,23.75,0.00215229,0.105273,70622.4
603363.SH,20260423,5505400,3.63,19984602.0,4.03,0.256886,11.2027,214313.0
603365.SH,20260423,10000,20.98,209800.0,20.88,0.00384908,0.739191,25980.2
603366.SH,20260423,84900,8.53,724197.0,8.57,0.0104422,0.550172,81304.8
603367.SH,20260423,13500,15.6,210600.0,15.66,0.00298175,0.194121,45275.4
603368.SH,20260423,4100,16.86,69126.0,16.88,0.0010322,0.147834,39721.1
603369.SH,20260423,92600,25.72,2381672.0,25.64,0.00742701,1.16125,124680.0
603370.SH,20260423,700,44.6,31220.0,44.67,0.00200057,0.115704,3499.0
603373.SH,20260423,100,39.67,3967.0,39.62,0.000220118,0.00705905,4543.01
603375.SH,20260423,19300,42.08,812144.0,42.09,0.0302598,0.459612,6378.09
603376.SH,20260423,7800,33.13,258414.0,33.25,0.0251308,0.875197,3103.76
603377.SH,20260423,400,3.66,1464.0,3.65,5.5911e-05,0.0042532,71542.2
603378.SH,20260423,35400,5.58,197532.0,5.53,0.00825951,0.53076,42859.7
603379.SH,20260423,9500,61.98,588810.0,61.9,0.00155616,0.137464,61047.9
603380.SH,20260423,24700,35.41,874627.0,35.24,0.015395,0.90107,16044.1
603381.SH,20260423,99500,24.0,2388000.0,24.2,0.0700025,1.38678,14213.8
603382.SH,20260423,1900,27.09,51471.0,27.23,0.00524133,0.261293,3625.03
603383.SH,20260423,119500,33.6,4015200.0,33.78,0.0581859,1.56477,20537.6
603385.SH,20260423,10200,6.38,65076.0,6.38,0.00267952,0.231071,38066.5
603386.SH,20260423,7100,14.6,103660.0,14.58,0.00217576,0.128104,32632.3
603387.SH,20260423,127400,9.47,1206478.0,9.43,0.0251206,0.586509,50715.4
603389.SH,20260423,5100,51.2,261120.0,51.36,0.00194099,0.278819,26275.2
603390.SH,20260423,1058600,13.27,14047622.0,12.06,0.302014,35.4322,35051.4
603391.SH,20260423,4800,65.91,316368.0,64.98,0.0210989,0.425489,2275.0
603392.SH,20260423,3400,38.79,131886.0,38.92,0.000268904,0.0922567,126439.0
603393.SH,20260423,53500,33.29,1781015.0,33.39,0.0126411,0.606221,42322.1
603395.SH,20260423,14700,28.53,419391.0,28.52,0.0226154,0.652689,6500.0
603396.SH,20260423,4300,35.55,152865.0,35.59,0.00310408,0.123123,13852.7
603398.SH,20260423,190000,11.98,2276200.0,11.86,0.043815,1.73151,43364.2
603399.SH,20260423,508300,13.25,6734975.0,13.35,0.099221,0.732509,51229.1
603400.SH,20260423,2600,66.66,173316.0,66.94,0.013,0.152475,2000.0
603402.SH,20260423,6679,132.0,881628.0,132.99,0.0345466,0.430476,1933.33
603406.SH,20260423,1300,34.56,44928.0,34.6,0.00354585,0.110726,3666.25
603408.SH,20260423,59100,11.83,699153.0,11.87,0.0132045,2.93435,44757.3
603409.SH,20260423,6000,41.9,251400.0,42.14,0.0165909,0.179189,3616.43
603416.SH,20260423,7400,52.49,388426.0,52.49,0.00531437,0.389471,13924.5
603418.SH,20260423,6200,51.0,316200.0,50.93,0.0149887,1.00111,4136.46
603421.SH,20260423,235600,8.21,1934276.0,8.29,0.0361244,1.30445,65219.1
603429.SH,20260423,8400,9.84,82656.0,9.75,0.00160157,0.148006,52448.5
603439.SH,20260423,3300,10.94,36102.0,10.99,0.000817155,0.181205,40384.0
603444.SH,20260423,15700,388.0,6091600.0,386.5,0.0217931,0.594038,7204.11
603456.SH,20260423,30100,16.9,508690.0,16.94,0.00338413,0.285658,88944.6
603458.SH,20260423,65500,11.6,759800.0,11.53,0.0213965,0.330409,30612.5
603459.SH,20260423,191100,62.7,11981970.0,63.67,0.24174,0.586378,7905.19
603466.SH,20260423,158800,9.75,1548300.0,9.83,0.0266973,0.521541,59481.8
603477.SH,20260423,394800,17.89,7062972.0,18.16,0.0774011,2.03221,51007.0
603486.SH,20260423,16600,64.07,1063562.0,64.07,0.00289526,0.306998,57335.2
603488.SH,20260423,18100,11.23,203263.0,11.29,0.00619883,0.171912,29199.0
603489.SH,20260423,61900,36.12,2235828.0,36.3,0.0263833,0.949403,23461.8
603496.SH,20260423,1053800,32.01,33732138.0,31.5,0.329097,5.784,32020.9
603499.SH,20260423,13700,21.42,293454.0,21.43,0.00452751,0.227424,30259.4
603500.SH,20260423,7700,10.94,84238.0,10.93,0.00232044,0.208071,33183.3
603501.SH,20260423,97900,94.46,9247634.0,94.2,0.00808819,0.555182,121041.0
603505.SH,20260423,121100,18.28,2213708.0,18.29,0.0143881,1.07918,84166.9
603506.SH,20260423,25000,12.17,304250.0,12.17,0.0133136,1.01728,18777.8
603507.SH,20260423,82000,46.38,3803160.0,46.06,0.0451114,0.612797,18177.2
603508.SH,20260423,18900,24.48,462672.0,24.56,0.00495706,0.678183,38127.4
603511.SH,20260423,3900,14.11,55029.0,14.21,0.000970421,0.296718,40188.7
603515.SH,20260423,40300,20.46,824538.0,20.98,0.0054731,1.69009,73632.8
603516.SH,20260423,19100,148.67,2839597.0,148.89,0.00939645,0.333799,20326.8
603517.SH,20260423,40100,13.04,522904.0,12.92,0.00661714,1.08304,60600.2
603518.SH,20260423,43900,9.11,399929.0,9.04,0.0127589,1.06331,34407.4
603519.SH,20260423,18000,14.25,256500.0,14.22,0.00675859,0.37354,26632.8
603520.SH,20260423,24800,10.74,266352.0,10.78,0.00565681,0.144953,43841.0
603527.SH,20260423,76700,12.03,922701.0,12.02,0.0241978,0.409751,31697.1
603528.SH,20260423,52400,8.1,424440.0,8.11,0.00742283,0.909909,70593.0
603529.SH,20260423,2131500,25.96,55333740.0,28.84,0.251486,25.038,84756.0
603530.SH,20260423,16500,60.76,1002540.0,60.73,0.00385997,0.232292,42746.5
603533.SH,20260423,114300,26.96,3081528.0,27.23,0.0260426,0.525157,43889.7
603535.SH,20260423,2300,8.19,18837.0,8.21,0.00045017,0.0755067,51091.8
603536.SH,20260423,10800,9.77,105516.0,9.74,0.00449004,0.237909,24053.2
603538.SH,20260423,1013100,50.91,51576921.0,50.5,0.468521,1.77006,21623.4
603551.SH,20260423,2800,12.2,34160.0,12.16,0.000737068,0.0994075,37988.4
603556.SH,20260423,35400,30.43,1077222.0,30.48,0.00727999,0.404002,48626.4
603557.SH,20260423,1000,3.84,3840.0,3.87,0.000160401,0.00806608,62343.7
603558.SH,20260423,105000,14.11,1481550.0,14.2,0.0306446,1.27519,34263.8
603559.SH,20260423,0,,0.0,7.03,0.0,0.0,40127.7
603565.SH,20260423,690700,11.7,8081190.0,12.25,0.0328895,4.77277,210006.0
603566.SH,20260423,4200,12.59,52878.0,12.55,0.00121365,0.138085,34606.2
603567.SH,20260423,89400,6.69,598086.0,6.75,0.00951529,0.550534,93954.1
603568.SH,20260423,77800,21.07,1639246.0,20.96,0.00455759,0.475427,170704.0
603569.SH,20260423,98600,6.69,659634.0,6.77,0.0163378,3.14433,60350.7
603577.SH,20260423,32700,11.26,368202.0,11.28,0.00964206,0.478231,33913.9
603578.SH,20260423,14500,13.31,192995.0,13.42,0.00803961,0.210077,18035.7
603579.SH,20260423,13600,20.0,272000.0,20.0,0.00676441,0.440111,20105.2
603580.SH,20260423,1400,19.2,26880.0,19.42,0.00107137,0.0563741,13067.3
603583.SH,20260423,38600,33.5,1293100.0,33.51,0.0100982,0.99781,38224.7
603585.SH,20260423,916737,21.42,19636507.0,23.65,0.483714,6.21201,18952.1
603586.SH,20260423,107900,18.83,2031757.0,18.94,0.0550362,3.55736,19605.3
603587.SH,20260423,6500,12.82,83330.0,12.82,0.00137104,0.168226,47409.3
603588.SH,20260423,181900,15.85,2883115.0,15.81,0.0119417,0.230221,152323.0
603589.SH,20260423,71000,24.28,1723880.0,24.36,0.0118705,2.78117,59811.9
603590.SH,20260423,19800,37.4,740520.0,37.38,0.0125139,0.616235,15822.3
603595.SH,20260423,38500,17.69,681065.0,17.8,0.0165632,0.629796,23244.2
603596.SH,20260423,38100,45.8,1744980.0,45.99,0.00628182,0.445155,60651.2
603598.SH,20260423,72800,21.19,1542632.0,21.24,0.0270247,0.38817,26938.3
603599.SH,20260423,22500,13.44,302400.0,13.53,0.0024718,0.199818,91026.9
603600.SH,20260423,4900,11.2,54880.0,11.19,0.00163313,0.104683,30003.8
603601.SH,20260423,4207561,15.05,63323793.0,15.82,0.368328,1.65704,114234.0
603602.SH,20260423,18800,13.41,252108.0,13.44,0.0081365,0.580525,23105.8
603605.SH,20260423,58300,61.0,3556300.0,61.17,0.0147231,1.70864,39597.6
603606.SH,20260423,678393,67.16,45560874.0,67.2,0.0986444,5.21488,68771.5
603607.SH,20260423,26600,23.66,629356.0,23.89,0.0149006,0.613525,17851.7
603608.SH,20260423,57100,13.05,745155.0,13.16,0.0136038,0.244899,41973.6
603609.SH,20260423,36500,6.85,250025.0,6.87,0.00401854,1.07411,90829.1
603610.SH,20260423,7500,15.75,118125.0,15.74,0.0021247,0.140581,35299.2
603611.SH,20260423,42200,20.7,873540.0,20.77,0.0163819,1.79844,25760.1
603612.SH,20260423,313000,26.8,8388400.0,27.28,0.0628382,2.05678,49810.4
603613.SH,20260423,13500,28.73,387855.0,28.7,0.0018736,0.107646,72053.8
603615.SH,20260423,7500,19.71,147825.0,19.79,0.00310148,0.151168,24182.0
603616.SH,20260423,57800,6.38,368764.0,6.35,0.0150406,0.58465,38429.3
603617.SH,20260423,5200,7.31,38012.0,7.3,0.00135543,0.11486,38364.1
603618.SH,20260423,3032400,28.86,87515064.0,28.55,0.438604,3.4588,69137.6
603619.SH,20260423,115400,32.35,3733190.0,32.03,0.0249601,0.562757,46233.8
603626.SH,20260423,500300,23.7,11857110.0,23.7,0.0901637,1.48195,55488.0
603628.SH,20260423,33800,13.6,459680.0,13.6,0.0124186,0.438009,27217.2
603629.SH,20260423,590905,108.0,63817740.0,108.2,0.230057,1.26497,25685.2
603630.SH,20260423,2100,16.28,34188.0,16.3,0.000932485,0.0728818,22520.5
603633.SH,20260423,445500,8.7,3875850.0,8.89,0.104379,1.87633,42681.1
603636.SH,20260423,20400,9.12,186048.0,9.13,0.00351506,0.268244,58036.1
603637.SH,20260423,309500,16.8,5199600.0,16.8,0.129668,1.72295,23868.6
603638.SH,20260423,100100,22.69,2271269.0,22.69,0.0120444,0.889414,83108.9
603639.SH,20260423,5200,13.34,69368.0,13.35,0.00152996,0.182515,33987.8
603648.SH,20260423,2700,9.78,26406.0,9.82,0.000745007,0.153056,36241.3
603650.SH,20260423,331890,57.0,18917730.0,55.39,0.0540121,2.5608,61447.3
603655.SH,20260423,900,41.22,37098.0,41.16,0.000849057,0.0486401,10600.0
603656.SH,20260423,0,,0.0,20.45,0.0,0.0,18294.5
603657.SH,20260423,9300,26.14,243102.0,26.32,0.0068792,0.615369,13519.0
603658.SH,20260423,16700,34.42,574814.0,34.67,0.00292252,1.08701,57142.5
603659.SH,20260423,890390,35.85,31920482.0,36.18,0.0416771,1.53564,213640.0
603660.SH,20260423,89800,10.6,951880.0,10.66,0.0157132,0.433851,57149.3
603661.SH,20260423,22600,31.31,707606.0,31.13,0.0162512,2.85515,13906.7
603662.SH,20260423,21400,56.99,1219586.0,57.07,0.00762027,0.729448,28083.0
603663.SH,20260423,26500,48.2,1277300.0,48.42,0.00626745,0.280862,42282.0
603665.SH,20260423,1800,27.18,48924.0,27.17,0.00112382,0.0495755,16016.8
603666.SH,20260423,5500,26.76,147180.0,26.64,0.002676,0.170401,20553.0
603667.SH,20260423,76300,71.0,5417300.0,71.22,0.0208355,0.350421,36620.3
603668.SH,20260423,58100,14.51,843031.0,14.54,0.0114868,0.445063,50579.7
603669.SH,20260423,138500,4.45,616325.0,4.4,0.0194432,0.701641,71233.0
603676.SH,20260423,4600,10.26,47196.0,10.32,0.00105708,0.236103,43516.1
603677.SH,20260423,800,15.52,12416.0,15.55,0.000415367,0.0611148,19260.1
603678.SH,20260423,31400,35.8,1124120.0,35.84,0.00660265,0.278223,47556.7
603679.SH,20260423,28300,14.22,402426.0,14.22,0.015927,0.623684,17768.6
603680.SH,20260423,14700,12.99,190953.0,13.05,0.00187567,0.314593,78371.9
603681.SH,20260423,4600,17.84,82064.0,17.9,0.00199003,0.0866945,23115.2
603682.SH,20260423,115700,7.2,833040.0,7.13,0.0244868,0.577542,47250.0
603683.SH,20260423,62600,28.75,1799750.0,28.59,0.0217233,0.471426,28816.9
603685.SH,20260423,14100,32.13,453033.0,32.26,0.00699871,0.30218,20146.6
603686.SH,20260423,78400,19.12,1499008.0,19.07,0.018872,0.661676,41543.0
603687.SH,20260423,1090900,18.83,20541647.0,18.59,0.198334,0.898244,55003.2
603688.SH,20260423,187250,54.9,10280025.0,54.34,0.0345685,0.72624,54167.8
603689.SH,20260423,27500,8.12,223300.0,8.13,0.00525363,0.783917,52344.7
603690.SH,20260423,49100,26.41,1296731.0,26.31,0.012821,0.481554,38296.4
603693.SH,20260423,298000,15.4,4589200.0,15.4,0.0334277,1.14587,89147.6
603696.SH,20260423,14800,15.41,228068.0,15.47,0.00629252,0.258086,23520.0
603697.SH,20260423,12500,10.19,127375.0,10.22,0.00292266,0.216648,42769.2
603698.SH,20260423,411100,46.9,19280590.0,47.0,0.0766992,0.663564,53599.0
603699.SH,20260423,22700,58.51,1328177.0,59.07,0.00299416,0.229149,75814.3
603700.SH,20260423,52900,12.82,678178.0,12.88,0.026455,0.889603,19996.2
603701.SH,20260423,11600,25.65,297540.0,25.65,0.00443829,0.202697,26136.2
603703.SH,20260423,48700,14.11,687157.0,14.13,0.0117354,0.422453,41498.2
603706.SH,20260423,3900,20.36,79404.0,20.36,0.00205932,0.264777,18938.3
603707.SH,20260423,25700,9.43,242351.0,9.43,0.0015907,0.27001,161564.0
603708.SH,20260423,45700,10.81,494017.0,10.87,0.00715921,0.711033,63833.9
603709.SH,20260423,60700,17.2,1044040.0,17.35,0.0485176,3.70616,12510.9
603711.SH,20260423,33300,12.3,409590.0,12.38,0.00806541,2.5452,41287.4
603712.SH,20260423,22600,16.45,371770.0,16.36,0.00292746,0.302888,77200.0
603713.SH,20260423,1200,59.35,71220.0,59.69,0.000758881,0.109383,15812.8
603716.SH,20260423,19900,22.0,437800.0,22.1,0.00881347,0.130516,22579.1
603717.SH,20260423,17000,6.76,114920.0,6.8,0.00585911,0.205877,29014.6
603718.SH,20260423,128600,3.97,510542.0,3.98,0.0198157,0.540725,64898.0
603719.SH,20260423,20200,10.13,204626.0,10.16,0.00503741,0.498857,40100.0
603721.SH,20260423,3100,22.4,69440.0,22.42,0.00238462,0.103049,13000.0
603722.SH,20260423,1100,36.88,40568.0,36.86,0.00114942,0.108851,9570.01
603725.SH,20260423,25500,9.64,245820.0,9.64,0.00889563,0.265943,28665.8
603726.SH,20260423,2300,23.8,54740.0,23.85,0.00124522,0.126429,18470.6
603727.SH,20260423,13100,17.88,234228.0,17.82,0.00465002,0.162522,28171.9
603728.SH,20260423,18600,59.08,1098888.0,58.97,0.00444039,0.427561,41888.2
603729.SH,20260423,12000,16.8,201600.0,16.74,0.0130201,0.607884,9216.51
603730.SH,20260423,47800,10.14,484692.0,10.09,0.00222472,0.237559,214859.0
603733.SH,20260423,23900,22.72,543008.0,22.59,0.00337702,0.814789,70772.4
603737.SH,20260423,8700,47.4,412380.0,47.5,0.00117915,0.239437,73781.8
603738.SH,20260423,1096400,36.0,39470400.0,35.52,0.284124,1.85556,38588.8
603739.SH,20260423,17200,15.07,259204.0,15.02,0.00679764,0.53899,25302.9
603755.SH,20260423,6600,28.75,189750.0,28.52,0.00669278,0.664815,9861.37
603757.SH,20260423,88300,53.78,4748774.0,53.67,0.0473339,0.455265,18654.7
603758.SH,20260423,1300,12.68,16484.0,12.63,0.000296265,0.0299528,43879.7
603759.SH,20260423,7000,9.4,65800.0,9.4,0.00151594,0.191016,46176.0
603766.SH,20260423,39400,15.7,618580.0,15.93,0.00191864,0.12358,205354.0
603767.SH,20260423,9100,18.81,171171.0,18.94,0.0029485,0.288309,30863.2
603768.SH,20260423,5800,11.0,63800.0,11.03,0.00243743,0.288219,23795.6
603773.SH,20260423,1030909,61.5,63400904.0,64.36,0.458878,3.68405,22465.9
603776.SH,20260423,16300,21.18,345234.0,20.99,0.00580566,0.3139,28076.1
603777.SH,20260423,52000,16.15,839800.0,16.17,0.0155491,0.211185,33442.4
603778.SH,20260423,2044600,26.8,54795280.0,26.1,0.318049,1.65107,64285.7
603779.SH,20260423,8700,6.25,54375.0,6.23,0.00261983,0.181126,33208.3
603786.SH,20260423,23600,55.8,1316880.0,56.43,0.00584366,0.740125,40385.7
603787.SH,20260423,98500,12.63,1244055.0,12.79,0.0427993,1.57638,23014.4
603788.SH,20260423,430700,17.57,7567399.0,17.97,0.193083,5.02343,22306.5
603789.SH,20260423,11900,5.72,68068.0,5.68,0.00457692,0.301841,26000.0
603790.SH,20260423,9300,23.18,215574.0,23.28,0.00485995,0.342811,19136.0
603797.SH,20260423,21700,4.69,101773.0,4.68,0.00376341,0.47493,57660.5
603798.SH,20260423,47300,17.62,833426.0,17.53,0.0184442,0.586938,25645.0
603799.SH,20260423,287100,64.83,18612693.0,64.73,0.0152097,0.336741,188761.0
603800.SH,20260423,166300,48.0,7982400.0,49.03,0.0799519,2.23374,20800.0
603801.SH,20260423,4600,8.91,40986.0,8.94,0.00105905,0.208546,43435.1
603803.SH,20260423,557900,15.9,8870610.0,15.84,0.131307,0.750694,42488.4
603806.SH,20260423,82300,18.05,1485515.0,17.87,0.00315477,0.181488,260874.0
603808.SH,20260423,35200,10.39,365728.0,10.42,0.00953689,0.273315,36909.3
603809.SH,20260423,57400,11.1,637140.0,11.1,0.00623717,0.516852,92028.9
603810.SH,20260423,15100,15.62,235862.0,15.79,0.00913266,0.718479,16534.1
603811.SH,20260423,24200,11.78,285076.0,11.72,0.00739373,0.371465,32730.4
603813.SH,20260423,41300,33.31,1375703.0,31.72,0.0393277,3.09953,10501.5
603815.SH,20260423,581600,6.92,4024672.0,6.98,0.0939695,0.956361,61892.4
603816.SH,20260423,82710,30.9,2555739.0,30.46,0.0101839,1.38013,81216.6
603817.SH,20260423,42200,7.05,297510.0,7.07,0.00740242,0.420155,57008.4
603818.SH,20260423,25300,3.36,85008.0,3.35,0.00368513,0.201898,68654.4
603819.SH,20260423,109300,13.93,1522549.0,13.97,0.0501997,1.15351,21773.0
603822.SH,20260423,78500,88.55,6951175.0,86.99,0.102179,6.35075,7682.59
603823.SH,20260423,40700,16.44,669108.0,16.68,0.00977501,0.577613,41636.8
603825.SH,20260423,287800,8.8,2532640.0,8.55,0.113604,17.1512,25333.7
603826.SH,20260423,132900,35.85,4764465.0,35.82,0.0202839,0.719565,65520.0
603828.SH,20260423,14800,5.43,80364.0,5.51,0.00248347,0.361232,59594.0
603829.SH,20260423,48900,28.37,1387293.0,28.37,0.0262528,0.469452,18626.6
603833.SH,20260423,2800,48.6,136080.0,48.73,0.000459655,0.128248,60915.3
603836.SH,20260423,8600,13.07,112402.0,13.1,0.00419031,0.326661,20523.5
603838.SH,20260423,200,9.23,1846.0,9.23,6.24969e-05,0.0049253,32001.6
603839.SH,20260423,10700,7.57,80999.0,7.59,0.00276474,0.407067,38701.6
603843.SH,20260423,574200,8.46,4857732.0,8.48,0.0820727,2.08729,69962.3
603848.SH,20260423,10100,15.25,154025.0,15.32,0.0025099,0.662404,40240.7
603855.SH,20260423,1800,19.43,34974.0,19.47,0.000536461,0.126238,33553.2
603856.SH,20260423,24400,12.74,310856.0,12.75,0.00865076,0.534594,28205.6
603858.SH,20260423,20900,16.46,344014.0,16.43,0.00198185,0.417368,105457.0
603859.SH,20260423,27500,42.09,1157475.0,41.8,0.0112384,0.442596,24469.8
603860.SH,20260423,25300,31.66,800998.0,31.66,0.0379424,2.57727,6668.0
603861.SH,20260423,35600,16.88,600928.0,16.82,0.00673494,0.199182,52858.6
603863.SH,20260423,5200,17.52,91104.0,17.68,0.00254092,0.0733146,20465.0
603866.SH,20260423,15600,5.05,78780.0,5.05,0.000975171,0.207251,159972.0
603867.SH,20260423,14200,34.26,486492.0,34.19,0.00658362,0.264755,21568.7
603868.SH,20260423,17300,32.55,563115.0,32.67,0.00397153,1.45635,43560.0
603869.SH,20260423,1000,10.6,10600.0,10.6,0.000202381,0.0700713,49411.7
603871.SH,20260423,35500,13.68,485640.0,13.7,0.00259501,0.269911,136801.0
603876.SH,20260423,1479360,24.1,35652576.0,25.05,0.159196,3.27275,92926.7
603877.SH,20260423,11700,14.72,172224.0,14.72,0.00249295,0.367123,46932.4
603878.SH,20260423,350900,8.27,2901943.0,8.58,0.0625336,1.66555,56113.8
603879.SH,20260423,18400,5.71,105064.0,5.76,0.00512044,0.161362,35934.4
603880.SH,20260423,13800,6.35,87630.0,6.39,0.00477439,0.234652,28904.2
603881.SH,20260423,214000,39.15,8378100.0,39.57,0.0297894,0.306924,71837.7
603882.SH,20260423,19400,28.83,559302.0,28.81,0.00421616,0.389309,46013.5
603883.SH,20260423,454980,14.07,6401569.0,13.72,0.0599533,7.30898,75889.0
603885.SH,20260423,38200,12.1,462220.0,12.15,0.00174908,0.294578,218401.0
603886.SH,20260423,13200,13.61,179652.0,13.65,0.0055,0.276658,24000.0
603887.SH,20260423,172400,16.4,2827360.0,16.45,0.0289612,0.801695,59527.9
603888.SH,20260423,49000,20.46,1002540.0,20.49,0.00726208,0.608297,67473.8
603889.SH,20260423,50000,9.16,458000.0,9.15,0.00689921,0.274455,72472.1
603890.SH,20260423,484300,20.15,9758645.0,19.84,0.108391,0.668851,44680.8
603893.SH,20260423,35000,178.01,6230350.0,178.32,0.00831598,0.453373,42087.7
603895.SH,20260423,4400,28.78,126632.0,28.78,0.00407106,0.226509,10808.0
603896.SH,20260423,29000,18.19,527510.0,18.35,0.0146284,2.45514,19824.4
603897.SH,20260423,91100,51.6,4700760.0,51.75,0.04413,0.566003,20643.6
603898.SH,20260423,212700,14.45,3073515.0,14.45,0.0683165,4.22951,31134.5
603899.SH,20260423,16300,25.0,407500.0,25.01,0.00176987,0.517464,92097.0
603900.SH,20260423,13100,7.56,99036.0,7.58,0.00382232,0.164822,34272.4
603901.SH,20260423,341800,13.59,4645062.0,13.33,0.0700945,2.34145,48762.7
603903.SH,20260423,727600,13.3,9677080.0,12.9,0.284976,14.6169,25531.9
603906.SH,20260423,1150400,28.62,32924448.0,28.62,0.203582,1.39228,56507.9
603908.SH,20260423,18700,22.69,424303.0,22.79,0.0200801,1.75983,9312.7
603909.SH,20260423,44900,12.4,556760.0,12.23,0.0172246,0.298629,26067.3
603912.SH,20260423,306700,10.35,3174345.0,10.42,0.0566023,0.561915,54185.1
603915.SH,20260423,9100,15.73,143143.0,15.82,0.00138586,0.164735,65663.2
603916.SH,20260423,16900,11.21,189449.0,11.21,0.00402067,0.153979,42032.8
603917.SH,20260423,18700,13.0,243100.0,13.0,0.00917386,0.508525,20384.0
603918.SH,20260423,10500,13.68,143640.0,13.66,0.00287587,0.142657,36510.8
603919.SH,20260423,20000,18.24,364800.0,18.18,0.00394275,0.393931,50726.0
603920.SH,20260423,1666863,60.0,100011780.0,62.55,0.231318,2.94956,72059.2
603922.SH,20260423,43100,22.4,965440.0,22.35,0.0240513,0.44361,17920.0
603926.SH,20260423,96400,19.79,1907756.0,20.11,0.0417608,0.820685,23083.9
603927.SH,20260423,11700,16.9,197730.0,16.9,0.00140787,0.179456,83104.0
603928.SH,20260423,88300,16.07,1418981.0,15.61,0.033692,1.55814,26208.0
603929.SH,20260423,22000,187.5,4125000.0,188.28,0.0103112,0.388339,21336.0
603931.SH,20260423,306000,32.71,10009260.0,31.8,0.153339,5.7737,19955.8
603933.SH,20260423,45800,23.57,1079506.0,23.8,0.0220675,0.273059,20754.5
603936.SH,20260423,326100,16.48,5374128.0,16.51,0.0517292,0.671553,63039.8
603937.SH,20260423,43700,12.5,546250.0,12.55,0.02092,0.479931,20889.1
603938.SH,20260423,344800,30.0,10344000.0,30.3,0.0901145,1.62053,38262.4
603939.SH,20260423,277900,24.12,6702948.0,23.42,0.0229216,3.68731,121239.0
603948.SH,20260423,500,27.17,13585.0,27.14,0.000307713,0.0336139,16248.9
603949.SH,20260423,147100,17.92,2636032.0,18.54,0.0699792,2.66564,21020.5
603950.SH,20260423,195200,65.95,12873440.0,63.47,0.0603201,1.09095,32360.7
603955.SH,20260423,500,26.22,13110.0,26.22,0.000368406,0.0331988,13572.0
603956.SH,20260423,17500,5.63,98525.0,5.64,0.00307068,0.29524,56990.6
603958.SH,20260423,38400,27.1,1040640.0,27.1,0.0175055,0.314017,21936.0
603959.SH,20260423,1334300,6.0,8005800.0,6.02,0.27214,3.25427,49029.9
603960.SH,20260423,258800,22.71,5877348.0,22.77,0.0987041,1.637,26219.8
603966.SH,20260423,24000,14.22,341280.0,14.24,0.00603436,0.190042,39772.2
603967.SH,20260423,25300,13.27,335731.0,13.26,0.00729808,0.981595,34666.7
603968.SH,20260423,14200,11.8,167560.0,11.75,0.00694444,0.34393,20448.0
603969.SH,20260423,27300,9.22,251706.0,9.27,0.00323533,0.185386,84380.8
603970.SH,20260423,22100,12.55,277355.0,12.58,0.00822172,1.41499,26880.0
603976.SH,20260423,16200,20.44,331128.0,20.46,0.010714,1.06854,15120.4
603977.SH,20260423,251700,15.01,3778017.0,14.91,0.0405156,1.28104,62124.2
603978.SH,20260423,11000,24.88,273680.0,25.0,0.00521094,0.142702,21109.4
603979.SH,20260423,18300,64.15,1173945.0,64.5,0.00293368,0.228161,62378.9
603980.SH,20260423,14200,6.28,89176.0,6.29,0.00209801,0.0862679,67683.3
603982.SH,20260423,56700,7.82,443394.0,7.8,0.0166984,0.979456,33955.4
603983.SH,20260423,4800,24.41,117168.0,24.43,0.00119701,0.262237,40100.0
603985.SH,20260423,518500,24.97,12946945.0,25.47,0.117612,0.806489,44085.8
603986.SH,20260423,705400,326.01,229967454.0,313.98,0.105623,1.84776,66784.5
603987.SH,20260423,5900,8.64,50976.0,8.63,0.00135076,0.115311,43679.1
603988.SH,20260423,10100,25.01,252601.0,25.09,0.00429422,0.135443,23520.0
603989.SH,20260423,32100,20.06,643926.0,19.91,0.00804955,0.452793,39878.0
603990.SH,20260423,10800,15.02,162216.0,15.01,0.00352615,0.0968219,30628.3
603991.SH,20260423,4900,122.0,597800.0,121.0,0.00657409,0.187054,7453.5
603992.SH,20260423,19700,34.65,682605.0,34.61,0.00444653,0.388164,44304.2
603993.SH,20260423,1247700,20.25,25265925.0,20.09,0.0071457,0.67025,1746080.0
603995.SH,20260423,1400,18.27,25578.0,18.28,0.000382913,0.0379055,36561.8
603997.SH,20260423,45600,12.76,581856.0,12.82,0.00358416,0.614504,127226.0
603998.SH,20260423,36400,10.34,376376.0,10.37,0.00829004,0.409588,43908.1
603999.SH,20260423,13500,6.65,89775.0,6.67,0.00234375,0.173515,57600.0
605001.SH,20260423,99400,7.12,707728.0,7.16,0.0253,1.41506,39288.6
605003.SH,20260423,5400,27.61,149094.0,27.61,0.00490909,0.419017,11000.0
605005.SH,20260423,11200,20.85,233520.0,20.77,0.00279302,0.245546,40100.0
605006.SH,20260423,343400,10.92,3749928.0,11.03,0.0572287,0.680275,60004.8
605007.SH,20260423,58600,15.4,902440.0,15.47,0.0145933,0.653662,40155.3
605008.SH,20260423,3300,11.85,39105.0,11.88,0.000510866,0.213541,64596.2
605009.SH,20260423,3300,28.44,93852.0,28.54,0.00153461,0.345927,21503.8
605011.SH,20260423,63000,20.33,1280790.0,20.49,0.0157461,1.34706,40010.0
605016.SH,20260423,13600,26.23,356728.0,26.15,0.003238,0.303463,42001.2
605018.SH,20260423,9800,12.63,123774.0,12.69,0.00208481,0.1072,47006.6
605020.SH,20260423,58600,26.85,1573410.0,26.85,0.0116519,0.501428,50292.4
605028.SH,20260423,12400,29.52,366048.0,29.49,0.00775,0.425407,16000.0
605033.SH,20260423,2900,22.2,64380.0,22.17,0.00214497,0.160795,13520.0
605050.SH,20260423,12800,12.97,166016.0,12.97,0.00259725,0.146607,49282.9
605055.SH,20260423,5800,11.18,64844.0,11.18,0.00131818,0.0567276,44000.0
605056.SH,20260423,15800,27.24,430392.0,27.25,0.00391677,0.124641,40339.3
605058.SH,20260423,36600,37.86,1385676.0,38.06,0.025608,0.548867,14292.4
605060.SH,20260423,378700,65.98,24986626.0,63.5,0.158491,3.32895,23894.0
605066.SH,20260423,52600,7.63,401338.0,7.67,0.0104691,0.36294,50243.3
605068.SH,20260423,14500,27.22,394690.0,27.4,0.00893966,0.327064,16219.8
605069.SH,20260423,19200,13.68,262656.0,13.68,0.00906953,0.312745,21169.8
605077.SH,20260423,102500,16.48,1689200.0,16.5,0.0342318,1.62885,29942.9
605080.SH,20260423,1800,25.51,45918.0,25.62,0.0012825,0.0642499,14035.1
605081.SH,20260423,17600,6.17,108592.0,6.49,0.0155412,1.0827,11324.7
605086.SH,20260423,15300,33.52,512856.0,34.06,0.00853795,0.859168,17920.0
605088.SH,20260423,1900,37.05,70395.0,37.02,0.000951354,0.0344527,19971.5
605089.SH,20260423,17600,27.29,480304.0,27.29,0.0127536,0.91454,13800.0
605090.SH,20260423,235000,45.24,10631400.0,45.68,0.033376,0.658412,70409.8
605098.SH,20260423,16100,67.68,1089648.0,66.84,0.0135009,0.462935,11925.1
605099.SH,20260423,4000,39.15,156600.0,39.13,0.000996381,0.120181,40145.3
605100.SH,20260423,22300,50.98,1136854.0,50.89,0.0131229,0.445871,16993.2
605108.SH,20260423,297200,17.57,5221804.0,16.69,0.114308,11.2926,26000.0
605111.SH,20260423,73800,39.0,2878200.0,38.77,0.0177689,0.506667,41533.3
605116.SH,20260423,19400,26.55,515070.0,26.72,0.00477617,0.252411,40618.3
605117.SH,20260423,107000,146.51,15676570.0,145.2,0.0117669,0.736743,90933.3
605118.SH,20260423,23400,46.28,1082952.0,46.35,0.00572311,0.404169,40886.9
605122.SH,20260423,13300,13.06,173698.0,12.98,0.00771668,0.784848,17235.4
605123.SH,20260423,15700,104.29,1637353.0,104.29,0.0129569,0.468186,12117.1
605128.SH,20260423,3000,34.1,102300.0,34.1,0.00142087,0.13296,21113.9
605133.SH,20260423,41400,32.99,1365786.0,32.98,0.0146747,0.309565,28211.8
605136.SH,20260423,12300,10.66,131118.0,10.64,0.00307148,0.155647,40045.9
605138.SH,20260423,12900,6.82,87978.0,6.84,0.00232193,0.570233,55557.1
605151.SH,20260423,1600,19.7,31520.0,19.7,0.00118911,0.0814988,13455.4
605155.SH,20260423,3000,15.45,46350.0,15.54,0.00160575,0.150241,18682.8
605158.SH,20260423,39500,7.1,280450.0,7.11,0.00772359,0.988824,51142.0
605162.SH,20260423,189010,13.3,2513833.0,13.51,0.0465515,0.571451,40602.3
605166.SH,20260423,24900,11.46,285354.0,11.57,0.00791147,0.172765,31473.3
605167.SH,20260423,20800,18.09,376272.0,17.97,0.00463149,0.273043,44909.9
605168.SH,20260423,40000,41.85,1674000.0,42.27,0.0189738,0.441772,21081.7
605169.SH,20260423,5100,12.35,62985.0,12.38,0.00180288,0.165213,28288.0
605177.SH,20260423,8300,20.54,170482.0,20.54,0.00737226,0.474154,11258.4
605178.SH,20260423,25500,69.5,1772250.0,69.71,0.0257368,0.607446,9908.0
605179.SH,20260423,30400,17.26,524704.0,17.39,0.00758105,0.653766,40100.0
605180.SH,20260423,3500,14.95,52325.0,14.94,0.00207101,0.256049,16900.0
605183.SH,20260423,14800,19.63,290524.0,19.62,0.00358849,1.01338,41242.9
605186.SH,20260423,10900,19.71,214839.0,19.73,0.00801471,0.687569,13600.0
605188.SH,20260423,89700,16.83,1509651.0,16.94,0.0178558,0.838269,50235.9
605189.SH,20260423,62090,17.94,1113895.0,18.07,0.0319923,0.493045,19407.8
605196.SH,20260423,35400,46.97,1662738.0,47.05,0.00701042,0.35252,50496.3
605198.SH,20260423,12300,46.6,573180.0,46.63,0.00454653,0.289028,27053.6
605199.SH,20260423,19900,6.65,132335.0,6.71,0.00497365,0.892073,40010.9
605208.SH,20260423,70700,15.68,1108576.0,15.84,0.0214281,0.371196,32994.0
605218.SH,20260423,200,18.52,3704.0,18.45,9.39702e-05,0.0101179,21283.3
605222.SH,20260423,196400,33.56,6591184.0,34.06,0.0475656,0.638106,41290.3
605228.SH,20260423,17200,15.03,258516.0,15.08,0.00360485,0.134849,47713.5
605255.SH,20260423,7800,116.12,905736.0,115.91,0.00581742,0.307246,13408.0
605258.SH,20260423,25600,37.91,970496.0,37.85,0.0290909,0.634049,8800.0
605259.SH,20260423,2100,21.84,45864.0,21.9,0.00121753,0.0948796,17248.0
605266.SH,20260423,44000,18.66,821040.0,18.79,0.0284711,4.11706,15454.3
605268.SH,20260423,17700,12.52,221604.0,12.58,0.00401771,0.271356,44055.0
605277.SH,20260423,44100,24.52,1081332.0,24.3,0.013862,0.734701,31813.5
605286.SH,20260423,7600,44.2,335920.0,44.25,0.00452381,0.182932,16800.0
605287.SH,20260423,19300,46.57,898801.0,47.27,0.0137857,0.257031,14000.0
605288.SH,20260423,1500,85.2,127800.0,85.82,0.00213679,0.118989,7019.89
605289.SH,20260423,19600,132.0,2587200.0,130.97,0.0180916,0.36526,10833.8
605296.SH,20260423,21900,30.11,659409.0,30.35,0.00422793,0.729447,51798.4
605298.SH,20260423,50300,59.93,3014479.0,59.93,0.0270066,1.16255,18625.1
605299.SH,20260423,164900,20.2,3330980.0,20.47,0.0402955,0.394597,40922.7
605300.SH,20260423,3700,10.79,39923.0,10.84,0.000814263,0.310601,45439.9
605303.SH,20260423,13100,22.61,296191.0,22.61,0.00812467,0.136311,16123.7
605305.SH,20260423,36700,46.74,1715358.0,47.0,0.017269,0.404973,21252.0
605318.SH,20260423,26800,95.35,2555380.0,95.44,0.0213157,0.725781,12572.9
605319.SH,20260423,41400,27.7,1146780.0,27.45,0.0118914,0.342001,34815.2
605333.SH,20260423,2300,26.48,60904.0,26.48,0.000495646,0.127483,46404.0
605337.SH,20260423,2900,11.01,31929.0,10.99,0.000743395,0.105721,39010.2
605338.SH,20260423,18400,24.15,444360.0,24.32,0.00768053,0.458815,23956.7
605339.SH,20260423,6000,15.78,94680.0,15.78,0.00141413,0.670316,42429.1
605358.SH,20260423,91600,39.74,3640184.0,39.67,0.0136436,0.469419,67137.8
605365.SH,20260423,220900,31.88,7042292.0,30.42,0.0440029,1.19066,50201.3
605366.SH,20260423,90100,14.24,1283024.0,14.24,0.0116097,0.187811,77607.8
605368.SH,20260423,129600,7.77,1006992.0,7.8,0.0181351,1.8614,71463.6
605369.SH,20260423,300,17.76,5328.0,17.81,0.000136059,0.0411761,22049.3
605376.SH,20260423,228900,120.43,27566427.0,117.66,0.0875,2.5987,26160.0
605377.SH,20260423,0,,0.0,9.57,0.0,0.0,55667.0
605378.SH,20260423,13300,20.65,274645.0,20.53,0.00508903,0.669362,26134.6
605388.SH,20260423,752400,7.8,5868720.0,8.03,0.125299,1.12595,60048.4
605389.SH,20260423,9300,84.8,788640.0,84.79,0.00682485,0.591062,13626.7
605398.SH,20260423,66700,27.53,1836251.0,27.58,0.0409916,2.83731,16271.6
605399.SH,20260423,3900,14.83,57837.0,14.82,0.0012519,0.106283,31152.7
605488.SH,20260423,15900,34.0,540600.0,34.0,0.00575656,0.268385,27620.7
605499.SH,20260423,13700,201.0,2753700.0,201.4,0.00263455,0.342041,52001.3
605500.SH,20260423,12700,9.11,115697.0,9.09,0.00306467,0.32793,41440.0
605507.SH,20260423,2000,24.13,48260.0,24.13,0.000357895,0.0370953,55882.4
605555.SH,20260423,3800,16.48,62624.0,16.48,0.000785012,0.0796951,48406.9
605566.SH,20260423,200,33.39,6678.0,33.27,0.000149992,0.00730242,13334.0
605567.SH,20260423,57800,10.8,624240.0,10.87,0.0289,1.77065,20000.0
605577.SH,20260423,6700,12.54,84018.0,12.54,0.0015075,0.263025,44444.4
605580.SH,20260423,6400,22.41,143424.0,22.51,0.00228571,0.123463,28000.0
605588.SH,20260423,110000,61.0,6710000.0,62.7,0.15048,6.48029,7309.96
605589.SH,20260423,315900,38.19,12064221.0,37.75,0.0374467,0.824319,84360.0
605598.SH,20260423,28300,52.22,1477826.0,52.56,0.0116453,0.291251,24301.7
605599.SH,20260423,2500,23.57,58925.0,23.35,0.000321429,0.0651705,77777.8
688001.SH,20260423,75310,47.52,3578731.0,47.52,0.016943,0.714256,44449.0
688002.SH,20260423,18243,136.0,2481048.0,136.2,0.00391703,0.191422,46573.6
688003.SH,20260423,8830,71.29,629491.0,72.09,0.00454404,0.24867,19432.1
688004.SH,20260423,8403,22.38,188059.0,22.48,0.0104922,0.455059,8008.8
688005.SH,20260423,773708,33.1,25609735.0,33.1,0.108269,2.26943,71461.9
688006.SH,20260423,20296,30.6,621058.0,30.7,0.00336209,0.112037,60367.2
688007.SH,20260423,29529,14.75,435553.0,14.9,0.00642472,0.537726,45961.6
688008.SH,20260423,906626,166.65,151089223.0,163.35,0.0790828,1.955,114643.0
688009.SH,20260423,161956,5.34,864845.0,5.35,0.00187862,0.521226,862102.0
688010.SH,20260423,6123,35.66,218346.0,35.9,0.00381349,0.115205,16056.2
688011.SH,20260423,5870,69.1801,406087.0,69.2,0.00588988,0.32065,9966.25
688012.SH,20260423,64129,322.0,20649538.0,319.99,0.0102293,0.528809,62691.8
688013.SH,20260423,3356,38.1999,128199.0,38.15,0.00413527,0.290769,8115.56
688015.SH,20260423,6119,22.9,140125.0,22.88,0.00324304,0.412538,18868.1
688016.SH,20260423,4750,99.78,473955.0,99.85,0.00385358,0.292507,12326.2
688017.SH,20260423,90234,214.0,19310076.0,219.99,0.0492194,1.56599,18333.0
688018.SH,20260423,45166,167.77,7577500.0,169.38,0.0288227,0.853972,15670.3
688019.SH,20260423,32472,250.7,8140730.0,248.81,0.018556,0.927731,17499.4
688020.SH,20260423,83758,125.0,10469750.0,124.47,0.101662,1.4767,8238.9
688021.SH,20260423,3174,23.92,75922.0,23.77,0.0041537,0.193041,7641.37
688022.SH,20260423,10067,16.3,164092.0,16.27,0.00572384,0.251328,17587.8
688023.SH,20260423,2000,51.2,102400.0,51.23,0.00196494,0.0934997,10178.4
688025.SH,20260423,37315,328.0,12239320.0,334.0,0.0392585,0.748772,9504.94
688026.SH,20260423,760,15.9395,12114.0,15.92,0.000541621,0.0448664,14032.0
688027.SH,20260423,13171,574.78,7570427.0,578.59,0.0163871,0.457347,8037.44
688028.SH,20260423,70922,119.34,8463831.0,121.2,0.0469841,0.842152,15094.9
688029.SH,20260423,4100,74.36,304876.0,74.35,0.00218262,0.369919,18784.7
688030.SH,20260423,14475,15.5,224363.0,15.58,0.00803114,0.863397,18023.6
688031.SH,20260423,30690,140.95,4325756.0,140.94,0.0253352,0.529565,12113.6
688032.SH,20260423,4863,114.7,557786.0,114.84,0.00391945,0.318262,12407.4
688033.SH,20260423,158042,8.06,1273819.0,8.07,0.0281114,1.56369,56219.9
688035.SH,20260423,28631,71.01,2033087.0,70.68,0.0201287,0.3511,14224.0
688036.SH,20260423,97342,55.4,5392747.0,55.35,0.00845581,0.865982,115118.0
688037.SH,20260423,58444,189.0,11045916.0,187.0,0.0289862,0.986767,20162.7
688038.SH,20260423,21043,22.46,472626.0,22.4,0.0180823,0.58795,11637.3
688039.SH,20260423,8226,42.46,349276.0,42.35,0.00743752,0.371119,11060.1
688041.SH,20260423,347111,268.2,93095170.0,259.2,0.0149338,1.34129,232434.0
688045.SH,20260423,52338,56.18,2940349.0,54.36,0.0741573,2.06446,7057.7
688046.SH,20260423,65163,19.81,1290879.0,19.54,0.0158934,0.864528,41000.0
688047.SH,20260423,143203,147.46,21116714.0,142.91,0.0357115,2.17408,40100.0
688048.SH,20260423,287639,383.9,110424612.0,372.91,0.163172,1.67726,17628.0
688049.SH,20260423,26582,48.03,1276733.0,48.31,0.0151752,0.552092,17516.8
688050.SH,20260423,37492,51.38,1926339.0,51.56,0.0193854,2.3854,19340.3
688051.SH,20260423,9394,34.13,320617.0,33.94,0.0121473,0.94053,7733.4
688052.SH,20260423,40193,176.0,7073968.0,173.8,0.0282,1.18519,14252.8
688053.SH,20260423,0,,0.0,39.55,0.0,0.0,10000.0
688055.SH,20260423,185875,4.34,806698.0,4.39,0.00557625,1.10348,333333.0
688056.SH,20260423,1869,35.5099,66368.0,35.58,0.00277084,0.30596,6745.25
688057.SH,20260423,8481,12.31,104401.0,12.31,0.00307283,0.774112,27600.0
688058.SH,20260423,513,29.3801,15072.0,29.22,0.000676455,0.0575337,7583.65
688059.SH,20260423,11513,122.53,1410688.0,122.68,0.012303,0.36039,9357.86
688060.SH,20260423,4254,47.0,199938.0,46.55,0.00706753,1.2037,6019.07
688061.SH,20260423,1250,34.22,42775.0,34.28,0.001088,0.105915,11488.9
688062.SH,20260423,31571,40.25,1270733.0,40.29,0.0154631,0.302332,20417.0
688063.SH,20260423,185147,77.0,14256319.0,79.22,0.0754596,1.5612,24535.9
688065.SH,20260423,13097,49.3,645682.0,49.34,0.00224503,0.302746,58337.8
688066.SH,20260423,93947,19.0,1784993.0,18.61,0.0359567,0.619741,26127.8
688067.SH,20260423,5278,27.1,143034.0,27.24,0.00776176,0.540843,6800.0
688068.SH,20260423,0,,0.0,114.98,0.0,0.0,9270.79
688069.SH,20260423,57150,39.2,2240280.0,39.14,0.0505752,2.05314,11300.0
688070.SH,20260423,5230,49.03,256427.0,49.29,0.00597168,0.395263,8758.0
688071.SH,20260423,9483,33.93,321758.0,34.19,0.0111841,0.473164,8478.97
688072.SH,20260423,25424,395.0,10042480.0,394.96,0.0089935,0.536039,28269.3
688073.SH,20260423,7526,59.03,444260.0,59.65,0.00828098,0.633372,9088.29
688075.SH,20260423,200,38.09,7618.0,38.2,0.000157378,0.0416529,12708.3
688076.SH,20260423,7136,29.6499,211582.0,29.65,0.00225786,0.292594,31605.2
688077.SH,20260423,650,30.2108,19637.0,30.18,0.000567792,0.0298115,11447.9
688078.SH,20260423,3683,24.8699,91596.0,24.85,0.00505261,0.457093,7289.3
688079.SH,20260423,21698,16.28,353243.0,16.39,0.00536674,0.151238,40430.5
688080.SH,20260423,95947,48.1,4615051.0,48.92,0.130263,3.30439,7365.61
688081.SH,20260423,5583,55.5501,310136.0,55.75,0.00541828,0.176627,10304.0
688082.SH,20260423,9887,161.78,1599519.0,161.0,0.00208156,0.262984,47498.1
688083.SH,20260423,52756,54.44,2872037.0,55.3,0.0310977,1.52586,16964.6
688084.SH,20260423,2000,68.65,137300.0,68.93,0.00264344,0.0726967,7565.91
688085.SH,20260423,7157,17.38,124389.0,17.28,0.00224539,0.159234,31874.1
688087.SH,20260423,9160,38.69,354400.0,39.0,0.00491824,0.395436,18624.5
688088.SH,20260423,11737,41.51,487203.0,41.64,0.00292569,0.175489,40117.0
688089.SH,20260423,526936,17.0,8957912.0,20.02,0.313076,17.8306,16830.9
688090.SH,20260423,12967,75.0,972525.0,74.03,0.0105965,0.275196,12237.0
688091.SH,20260423,4438,54.03,239785.0,54.09,0.00214704,0.0785872,20670.4
688092.SH,20260423,5607,29.4799,165294.0,29.4,0.0067829,0.675678,8266.37
688093.SH,20260423,19294,33.2,640561.0,33.22,0.00688131,0.548569,28038.3
688095.SH,20260423,2704,76.2001,206045.0,76.6,0.00295974,0.12444,9135.95
688096.SH,20260423,34653,8.24001,285541.0,8.21,0.0146807,0.584878,23604.5
688097.SH,20260423,52846,65.52,3462470.0,64.95,0.0118753,0.392673,44500.9
688098.SH,20260423,2400,8.69,20856.0,8.68,0.000584448,0.051803,41064.4
688099.SH,20260423,24311,88.0,2139368.0,88.77,0.00577231,0.177961,42116.6
688100.SH,20260423,31736,38.2,1212315.0,38.53,0.00645454,1.10958,49168.5
688101.SH,20260423,900,16.36,14724.0,16.36,0.000271074,0.0460199,33201.2
688102.SH,20260423,93023,40.85,3799990.0,41.25,0.0119629,0.34832,77759.4
688103.SH,20260423,3829,58.5701,224265.0,58.86,0.00401718,0.304808,9531.56
688105.SH,20260423,45407,19.0,862733.0,18.7,0.0114164,3.12452,39773.5
688106.SH,20260423,691850,33.61,23253079.0,32.75,0.137858,1.29032,50185.7
688107.SH,20260423,31477,30.24,951864.0,30.26,0.00785258,0.485676,40084.9
688108.SH,20260423,28460,22.0,626120.0,21.98,0.00680939,0.271518,41795.2
688109.SH,20260423,200,118.45,23690.0,118.68,0.000253671,0.0215777,7884.23
688110.SH,20260423,112589,120.5,13566975.0,120.26,0.0254582,0.876851,44225.0
688111.SH,20260423,32093,249.9,8020041.0,249.21,0.00692597,0.431896,46337.2
688112.SH,20260423,17013,54.43,926018.0,54.06,0.01066,0.421751,15959.7
688113.SH,20260423,2687,39.1999,105330.0,39.28,0.00417252,0.308149,6439.76
688114.SH,20260423,13247,48.06,636651.0,48.41,0.00319717,0.370404,41433.5
688115.SH,20260423,17426,47.55,828606.0,48.21,0.0261377,1.02734,6667.0
688116.SH,20260423,48707,42.1,2050565.0,42.17,0.0132886,0.523973,36653.2
688117.SH,20260423,10662,38.0,405156.0,38.01,0.00677443,0.319398,15738.6
688118.SH,20260423,89925,29.19,2624911.0,29.44,0.0963654,3.30392,9331.67
688119.SH,20260423,14113,5.17998,73105.0,5.21,0.00125449,0.085364,112500.0
688120.SH,20260423,87866,186.5,16387009.0,191.68,0.0248453,1.91627,35365.2
688121.SH,20260423,12615,10.33,130313.0,10.36,0.00622451,0.390057,20266.7
688122.SH,20260423,60234,74.5,4487433.0,74.32,0.00927155,0.463341,64966.4
688123.SH,20260423,107282,127.92,13723513.0,125.9,0.0677837,1.13464,15827.1
688125.SH,20260423,1135,228.0,258780.0,224.7,0.0013894,0.101494,8168.97
688126.SH,20260423,589347,20.28,11951957.0,19.93,0.0215747,1.01095,273166.0
688127.SH,20260423,30301,74.51,2257728.0,74.15,0.00746518,0.351403,40589.8
688128.SH,20260423,5700,26.57,151449.0,26.63,0.00140915,0.288692,40450.0
688129.SH,20260423,10324,26.26,271108.0,26.24,0.00856914,0.412999,12047.9
688130.SH,20260423,31818,21.61,687587.0,21.75,0.0527792,2.30466,6028.51
688131.SH,20260423,21691,77.2,1674545.0,77.29,0.0102266,0.70842,21210.4
688132.SH,20260423,10386,17.28,179470.0,17.33,0.00682279,0.867945,15222.5
688133.SH,20260423,2259,22.5498,50940.0,22.71,0.00137378,0.0574046,16443.7
688135.SH,20260423,123872,37.55,4651394.0,37.14,0.0531402,0.546868,23310.4
688136.SH,20260423,14011,30.79,431399.0,30.73,0.00696174,0.283851,20125.7
688137.SH,20260423,3400,49.97,169898.0,50.18,0.004845,0.295124,7017.54
688138.SH,20260423,64808,30.3,1963682.0,30.88,0.020587,1.50362,31480.0
688139.SH,20260423,1400,33.25,46550.0,33.31,0.000442348,0.0348304,31649.3
688141.SH,20260423,44429,70.24,3120693.0,69.54,0.00986606,0.384277,45032.2
688143.SH,20260423,173546,77.41,13434196.0,78.76,0.141816,1.25734,12237.4
688146.SH,20260423,189575,71.04,13467408.0,70.1,0.130768,0.866977,14497.1
688147.SH,20260423,29933,68.37,2046519.0,68.37,0.00649083,0.395783,46115.9
688148.SH,20260423,274505,9.88,2712109.0,9.78,0.0538063,0.665774,51017.3
688150.SH,20260423,102579,55.25,5667490.0,56.0,0.0254894,0.853129,40243.8
688151.SH,20260423,8670,21.28,184498.0,21.36,0.00251669,0.435562,34450.0
688152.SH,20260423,3390,34.7699,117870.0,34.93,0.00329669,0.335398,10283.0
688153.SH,20260423,31096,34.85,1083696.0,34.85,0.00759848,0.69015,40924.0
688155.SH,20260423,5897,91.1001,537217.0,91.41,0.00466402,0.120822,12643.6
688156.SH,20260423,4063,26.0601,105882.0,26.22,0.00403419,0.0820528,10071.4
688157.SH,20260423,4074,38.7999,158071.0,38.95,0.00260434,0.123058,15643.1
688158.SH,20260423,213675,48.88,10444434.0,49.17,0.0526976,0.431836,40547.4
688159.SH,20260423,31107,46.73,1453630.0,47.05,0.0335462,0.522849,9272.88
688160.SH,20260423,3900,109.55,427245.0,109.55,0.00429363,0.18905,9083.22
688161.SH,20260423,3832,30.1999,115726.0,30.2,0.000958,0.160188,40000.0
688162.SH,20260423,1878,36.0,67608.0,35.88,0.0013698,0.0592791,13710.1
688163.SH,20260423,33352,42.1,1404119.0,41.79,0.0308187,0.797057,10822.0
688165.SH,20260423,27022,17.17,463968.0,17.14,0.00517881,0.560995,52178.0
688166.SH,20260423,41572,56.18,2335515.0,56.76,0.00982547,0.259406,42310.4
688167.SH,20260423,39070,395.0,15432650.0,393.0,0.043479,0.662435,8985.95
688168.SH,20260423,12088,84.5,1021436.0,85.05,0.0156611,0.53327,7718.5
688169.SH,20260423,263066,122.92,32336073.0,116.76,0.101528,3.79621,25910.6
688170.SH,20260423,35053,61.67,2161719.0,61.94,0.0339135,0.461122,10336.0
688171.SH,20260423,0,,0.0,53.55,0.0,0.0,8377.34
688172.SH,20260423,129871,42.59,5531206.0,42.59,0.016689,0.827274,77818.1
688173.SH,20260423,32821,15.04,493628.0,14.97,0.00800026,0.560586,41024.9
688175.SH,20260423,15498,35.85,555603.0,35.32,0.0119845,0.794443,12931.7
688176.SH,20260423,24733,13.31,329196.0,13.34,0.0056768,0.186592,43568.6
688177.SH,20260423,8302,22.53,187044.0,22.6,0.00200493,0.257641,41408.0
688178.SH,20260423,5313,33.5001,177986.0,33.85,0.00625075,0.190671,8499.78
688179.SH,20260423,62399,18.9,1179341.0,19.11,0.0179303,0.505386,34800.8
688180.SH,20260423,35536,42.39,1506371.0,42.37,0.00463678,0.140255,76639.4
688181.SH,20260423,190102,36.87,7009061.0,34.63,0.141359,4.65496,13448.2
688182.SH,20260423,15291,32.59,498334.0,32.6,0.00382275,0.186081,40000.0
688183.SH,20260423,110000,116.1,12771000.0,116.2,0.013224,0.52384,83182.1
688184.SH,20260423,200,10.4,2080.0,10.41,0.00019903,0.0368366,10048.8
688185.SH,20260423,1501,68.1299,102263.0,68.68,0.00131237,0.0840518,11437.3
688186.SH,20260423,108923,21.76,2370164.0,21.61,0.0388332,0.804323,28048.9
688187.SH,20260423,19105,52.17,996708.0,52.0,0.00219874,0.440506,86890.8
688188.SH,20260423,2847,142.7,406267.0,142.46,0.000986043,0.193651,28873.0
688189.SH,20260423,10263,7.41002,76049.0,7.45,0.00374016,0.219835,27440.0
688190.SH,20260423,4400,85.8,377520.0,85.49,0.00366667,0.403977,12000.0
688191.SH,20260423,16815,42.01,706398.0,42.01,0.00725878,0.302042,23165.0
688192.SH,20260423,2948,57.6001,169805.0,57.96,0.000639183,0.0726523,46121.4
688193.SH,20260423,2500,55.79,139475.0,56.28,0.0062391,0.344268,4006.99
688195.SH,20260423,95556,400.26,38247245.0,397.11,0.073874,1.04454,12935.0
688196.SH,20260423,8395,58.5001,491108.0,58.38,0.00699583,0.508497,12000.0
688197.SH,20260423,5095,39.4,200743.0,39.99,0.00796033,0.246937,6400.49
688198.SH,20260423,1000,102.5,102500.0,102.78,0.000725963,0.135178,13774.8
688199.SH,20260423,8798,28.19,248016.0,28.11,0.00545689,0.230733,16122.7
688200.SH,20260423,8206,301.3,2472468.0,301.3,0.0060546,0.321649,13553.3
688201.SH,20260423,34783,11.66,405570.0,11.69,0.0114973,0.280289,30253.1
688202.SH,20260423,1100,69.42,76362.0,70.19,0.000818744,0.0311391,13435.2
688203.SH,20260423,12965,12.53,162451.0,12.58,0.00639684,0.674997,20267.8
688205.SH,20260423,142050,271.0,38495550.0,268.0,0.089743,1.04548,15828.5
688206.SH,20260423,10291,34.1,350923.0,34.14,0.00236478,0.256349,43517.8
688207.SH,20260423,21943,14.36,315101.0,14.47,0.00847308,0.6248,25897.3
688208.SH,20260423,28812,36.18,1042418.0,36.4,0.00429912,0.233261,67018.4
688209.SH,20260423,21236,22.63,480571.0,22.69,0.00489552,0.273528,43378.4
688210.SH,20260423,52597,48.04,2526760.0,47.8,0.0324956,1.76009,16185.9
688211.SH,20260423,7200,32.89,236808.0,33.0,0.00549229,1.76382,13109.3
688212.SH,20260423,6509,38.5999,251247.0,38.89,0.00483347,0.243605,13466.5
688213.SH,20260423,22478,93.24,2095849.0,92.97,0.00694817,0.284489,32350.9
688215.SH,20260423,2550,78.02,198951.0,78.18,0.00408502,0.402777,6242.33
688216.SH,20260423,8106,29.3,237506.0,29.27,0.00761607,0.424946,10643.3
688217.SH,20260423,5482,28.1,154044.0,28.23,0.00981454,0.630994,5585.59
688218.SH,20260423,45112,30.09,1357420.0,29.93,0.0387309,0.503351,11647.5
688219.SH,20260423,7859,11.15,87628.0,11.12,0.00142995,0.156927,54960.0
688220.SH,20260423,31201,91.6,2858012.0,91.86,0.00845236,0.183342,36913.9
688221.SH,20260423,46397,19.42,901030.0,19.6,0.0123865,0.399912,37457.9
688222.SH,20260423,63836,27.2,1736339.0,27.5,0.0159319,0.396487,40068.0
688223.SH,20260423,1603327,6.95,11143123.0,6.76,0.0156127,0.974852,1026940.0
688225.SH,20260423,2117,16.8602,35693.0,16.97,0.000529237,0.0624389,40001.0
688226.SH,20260423,215583,61.78,13318718.0,62.4,0.114201,1.38891,18877.6
688227.SH,20260423,62145,109.45,6801770.0,108.4,0.0549687,0.466682,11305.5
688228.SH,20260423,7537,108.9,820779.0,108.61,0.0111575,0.381161,6755.08
688229.SH,20260423,21454,93.5,2005949.0,96.19,0.0483198,0.835478,4440.0
688230.SH,20260423,4100,66.18,271338.0,65.88,0.00348639,0.440313,11760.0
688231.SH,20260423,23334,34.64,808290.0,34.14,0.00945243,0.63341,24685.7
688232.SH,20260423,4306,22.3699,96325.0,22.36,0.00133734,0.209021,32198.2
688233.SH,20260423,38831,83.8,3254038.0,83.72,0.0228008,0.583047,17030.6
688234.SH,20260423,115322,104.46,12046536.0,103.36,0.0268371,0.832932,42971.1
688235.SH,20260423,8161,240.0,1958640.0,241.19,0.00709311,0.241259,11505.5
688236.SH,20260423,900,20.36,18324.0,20.36,0.000312036,0.0611525,28842.8
688237.SH,20260423,2326,55.58,129279.0,55.43,0.00259361,0.148937,8968.2
688238.SH,20260423,21712,6.90001,149813.0,6.88,0.00338644,0.235333,64114.6
688239.SH,20260423,181635,65.0,11806275.0,62.62,0.0952806,3.58574,19063.2
688244.SH,20260423,5900,19.24,113516.0,19.36,0.00390828,0.383424,15096.2
688246.SH,20260423,22175,18.67,414007.0,18.87,0.0161172,0.876533,13758.6
688247.SH,20260423,13729,9.27999,127405.0,9.34,0.00302841,0.745226,45334.0
688248.SH,20260423,14182,58.26,826243.0,57.7,0.00251142,0.230146,56470.0
688249.SH,20260423,109385,31.05,3396404.0,31.17,0.0092058,0.440012,118822.0
688251.SH,20260423,300,33.18,9954.0,33.18,0.00030029,0.00962477,9990.33
688252.SH,20260423,107900,23.08,2490332.0,22.85,0.02638,1.85145,40902.1
688253.SH,20260423,10245,48.0,491760.0,48.24,0.00747896,0.286175,13698.4
688255.SH,20260423,15870,29.9,474513.0,30.05,0.0144458,0.630058,10985.9
688256.SH,20260423,32688,1335.96,43669860.0,1337.0,0.00775175,0.435679,42168.5
688257.SH,20260423,22358,77.15,1724920.0,77.15,0.00885786,0.219844,25240.8
688258.SH,20260423,56010,123.0,6889230.0,125.64,0.0462349,0.945484,12114.2
688259.SH,20260423,8482,38.07,322910.0,37.94,0.00759355,0.47314,11170.0
688260.SH,20260423,7497,29.98,224760.0,30.15,0.0062475,0.208562,12000.0
688261.SH,20260423,12154,76.48,929538.0,75.96,0.00995441,0.369477,12209.7
688262.SH,20260423,55410,36.15,2003072.0,36.31,0.0164911,0.540623,33600.0
688265.SH,20260423,400,43.05,17220.0,43.18,0.000513061,0.079573,7796.35
688266.SH,20260423,3074,102.0,313548.0,101.18,0.00116128,0.114646,26470.8
688267.SH,20260423,12190,29.03,353876.0,29.18,0.00691827,0.326688,17620.0
688268.SH,20260423,312657,141.89,44362902.0,137.9,0.260731,2.31699,11991.5
688269.SH,20260423,904,39.9004,36070.0,39.88,0.000691639,0.0717239,13070.4
688270.SH,20260423,306889,158.8,48733973.0,153.68,0.143372,1.30659,21405.2
688271.SH,20260423,9217,116.53,1074057.0,116.36,0.00111835,0.196772,82415.8
688272.SH,20260423,2900,44.88,130152.0,44.61,0.00381579,0.0584737,7600.0
688273.SH,20260423,10154,49.2,499577.0,48.51,0.010154,0.392093,10000.0
688275.SH,20260423,10153,139.66,1417968.0,139.49,0.00805037,0.214809,12611.8
688276.SH,20260423,1700,18.17,30889.0,18.16,0.000410968,0.0761178,41365.8
688277.SH,20260423,11744,20.55,241339.0,20.55,0.00257548,0.154802,45599.2
688278.SH,20260423,2000,63.03,126060.0,63.03,0.000489969,0.101186,40818.9
688279.SH,20260423,6939,198.0,1373922.0,194.69,0.00741678,0.377503,9355.81
688280.SH,20260423,12399,11.24,139365.0,11.26,0.00238193,0.0598577,52054.4
688281.SH,20260423,8200,77.28,633696.0,77.44,0.00300839,0.387101,27257.1
688282.SH,20260423,22196,88.65,1967675.0,88.54,0.0252227,0.797625,8800.0
688283.SH,20260423,1500,46.54,69810.0,46.5,0.00123153,0.0626373,12180.0
688285.SH,20260423,178130,9.3,1656609.0,8.74,0.0473385,5.64375,37629.0
688286.SH,20260423,17577,72.57,1275563.0,71.31,0.031354,1.4666,5605.98
688287.SH,20260423,3485355,1.51,5262886.0,1.88,0.940677,6.16579,37051.6
688288.SH,20260423,39304,27.73,1089900.0,27.9,0.0393774,1.06689,9981.37
688289.SH,20260423,6415,17.88,114700.0,17.88,0.0011072,0.209804,57938.8
688290.SH,20260423,1300,55.1,71630.0,54.75,0.00127214,0.107156,10219.0
688291.SH,20260423,2689,43.55,117106.0,43.75,0.00261915,0.117648,10266.7
688292.SH,20260423,8975,23.92,214682.0,23.78,0.00566787,0.277078,15834.9
688293.SH,20260423,900,53.0,47700.0,53.0,0.000790721,0.0418356,11382.0
688295.SH,20260423,82376,60.5,4983748.0,60.66,0.00915289,0.333044,90000.0
688296.SH,20260423,17388,13.92,242041.0,13.96,0.016191,1.08465,10739.3
688297.SH,20260423,19370,48.44,938283.0,48.57,0.00286963,0.20386,67500.0
688298.SH,20260423,4375,22.4501,98219.0,22.41,0.00217014,0.419144,20160.0
688299.SH,20260423,33489,17.3,579360.0,17.44,0.0116527,0.547764,28739.3
688300.SH,20260423,16047,96.1,1542117.0,95.38,0.00664557,0.259554,24146.9
688301.SH,20260423,6523,118.65,773954.0,118.78,0.0030849,0.254521,21144.9
688302.SH,20260423,6656,45.0,299520.0,44.99,0.00672217,0.424715,9901.56
688303.SH,20260423,562285,23.87,13421743.0,23.29,0.0262112,2.73843,214521.0
688305.SH,20260423,4400,59.59,262196.0,59.6,0.00332794,0.252102,13221.4
688306.SH,20260423,15724,9.54,150007.0,9.54,0.00128016,0.160832,122828.0
688307.SH,20260423,36079,99.7,3597076.0,99.71,0.0406414,0.466276,8877.4
688308.SH,20260423,151656,98.0,14862288.0,99.12,0.0955123,0.948347,15878.2
688309.SH,20260423,44368,77.8,3451830.0,76.76,0.0558782,1.32802,7940.13
688310.SH,20260423,4346,16.3,70840.0,16.29,0.00264477,0.268078,16432.5
688311.SH,20260423,21332,40.68,867786.0,40.4,0.0122745,0.487309,17379.2
688312.SH,20260423,120017,68.86,8264371.0,69.43,0.0823324,1.38922,14577.1
688313.SH,20260423,437884,144.8,63405603.0,145.98,0.0968799,0.931072,45198.6
688314.SH,20260423,5077,46.66,236893.0,46.65,0.00624945,0.227554,8123.92
688315.SH,20260423,10783,14.47,156030.0,14.4,0.00259082,0.360414,41620.0
688316.SH,20260423,29863,75.49,2254358.0,76.51,0.0623469,0.693022,4789.81
688317.SH,20260423,17639,20.25,357190.0,20.42,0.00917943,0.859878,19215.8
688318.SH,20260423,5623,115.55,649738.0,115.58,0.00219546,0.191118,25611.9
688319.SH,20260423,5816,30.06,174829.0,30.24,0.0014346,0.0834267,40540.9
688320.SH,20260423,1200,31.27,37524.0,31.48,0.00079463,0.0671874,15101.4
688321.SH,20260423,10876,30.92,336286.0,31.02,0.00266694,0.11043,40780.8
688322.SH,20260423,36435,82.5,3005888.0,82.65,0.0114332,0.537977,31867.6
688323.SH,20260423,6160,22.0,135520.0,21.97,0.00342219,0.112948,18000.2
688325.SH,20260423,1168,121.6,142029.0,121.98,0.00143023,0.0859112,8166.55
688326.SH,20260423,8416,123.61,1040302.0,123.06,0.00753963,0.513585,11162.4
688327.SH,20260423,219435,13.19,2894348.0,13.19,0.0263288,1.07869,83344.1
688328.SH,20260423,45518,44.04,2004613.0,44.0,0.0481895,0.706869,9445.63
688329.SH,20260423,10378,21.27,220740.0,21.27,0.013443,0.372472,7720.0
688330.SH,20260423,38026,52.36,1991041.0,52.9,0.0271614,1.35511,14000.0
688331.SH,20260423,21691,141.0,3058431.0,141.95,0.0132998,0.249932,16309.3
688332.SH,20260423,5823,129.0,751167.0,128.93,0.00482843,0.314692,12059.8
688333.SH,20260423,29551,87.94,2598715.0,88.5,0.0107724,0.228646,27432.2
688334.SH,20260423,3765,21.77,81964.0,21.77,0.00239955,0.128144,15690.5
688335.SH,20260423,10500,35.1,368550.0,34.7,0.00709294,0.303382,14803.5
688336.SH,20260423,10410,82.8,861948.0,83.06,0.00168778,0.126304,61678.6
688337.SH,20260423,35016,64.88,2271838.0,64.68,0.0188342,0.36273,18591.7
688338.SH,20260423,0,,0.0,30.25,0.0,0.0,10614.2
688339.SH,20260423,43054,25.62,1103043.0,25.14,0.0219902,1.09974,19578.7
688343.SH,20260423,52933,96.19,5091625.0,96.0,0.0147198,0.38852,35960.3
688345.SH,20260423,22310,54.6,1218126.0,55.1,0.02231,0.610487,10000.0
688347.SH,20260423,162499,131.0,21287369.0,129.34,0.0398526,1.0757,40775.0
688348.SH,20260423,21300,53.0,1128900.0,53.0,0.0136296,0.9832,15627.7
688349.SH,20260423,161394,25.65,4139756.0,25.07,0.0135684,2.70307,118948.0
688350.SH,20260423,15504,27.45,425585.0,27.66,0.0108234,0.576639,14324.5
688351.SH,20260423,11301,24.0,271224.0,24.17,0.0024014,0.23892,47060.0
688352.SH,20260423,95981,12.77,1225677.0,12.73,0.0262328,0.530146,36588.1
688353.SH,20260423,113304,122.0,13823088.0,127.26,0.071037,1.72949,15950.0
688355.SH,20260423,7700,24.65,189805.0,24.59,0.00621188,0.246467,12395.6
688356.SH,20260423,1800,107.71,193878.0,108.71,0.00296781,0.16735,6065.07
688357.SH,20260423,2259,37.5702,84871.0,37.56,0.00225765,0.161106,10006.0
688358.SH,20260423,1000,29.68,29680.0,29.46,0.000893052,0.100263,11197.6
688359.SH,20260423,22458,97.5,2189655.0,97.6,0.0227432,0.354883,9874.61
688360.SH,20260423,712,18.5,13172.0,18.5,0.000282219,0.0249232,25228.6
688361.SH,20260423,11832,173.6,2054035.0,171.88,0.0042736,0.161107,27686.2
688362.SH,20260423,46035,47.74,2197711.0,47.85,0.0112146,0.269159,41049.1
688363.SH,20260423,18345,42.6,781497.0,42.63,0.00380856,0.952888,48167.8
688365.SH,20260423,23136,19.44,449764.0,19.58,0.00543322,0.137258,42582.5
688366.SH,20260423,0,,0.0,38.8,0.0,0.0,19405.2
688367.SH,20260423,81603,40.5,3304922.0,41.85,0.093128,1.91629,8762.46
688368.SH,20260423,40145,152.58,6125324.0,152.54,0.0453613,0.982404,8850.05
688369.SH,20260423,15370,24.11,370571.0,24.35,0.0133399,0.315085,11521.8
688370.SH,20260423,200,25.03,5006.0,24.95,0.000145871,0.0239645,13710.8
688371.SH,20260423,3600,21.45,77220.0,21.6,0.00107311,0.194977,33547.2
688372.SH,20260423,47269,149.77,7079478.0,151.15,0.0281758,0.635801,16776.5
688373.SH,20260423,24943,6.02999,150406.0,6.05,0.00411847,0.224064,60563.8
688375.SH,20260423,14119,135.4,1911713.0,135.9,0.0023689,0.175408,59601.5
688376.SH,20260423,7009,72.66,509274.0,71.96,0.00518218,0.320318,13525.2
688377.SH,20260423,9631,41.39,398627.0,40.81,0.00494804,0.571423,19464.3
688378.SH,20260423,23182,40.4,936553.0,40.25,0.00962066,0.363894,24096.1
688379.SH,20260423,76794,61.95,4757388.0,60.8,0.0852457,1.24228,9008.55
688380.SH,20260423,43319,48.13,2084943.0,47.91,0.0108199,0.595233,40036.5
688381.SH,20260423,254533,25.51,6493137.0,26.61,0.102842,3.50011,24750.0
688382.SH,20260423,70660,23.27,1644258.0,23.28,0.0122175,0.343096,57834.8
688383.SH,20260423,5981,104.63,625792.0,102.93,0.00588412,0.325204,10164.7
688385.SH,20260423,37261,76.48,2849721.0,76.0,0.006908,0.297108,53938.9
688386.SH,20260423,5867,80.7701,473878.0,80.1,0.00644725,0.388996,9100.0
688387.SH,20260423,335182,17.8,5966240.0,17.95,0.0166197,0.357028,201678.0
688388.SH,20260423,148752,50.52,7514951.0,50.5,0.0326444,0.543776,45567.4
688389.SH,20260423,228014,12.68,2891218.0,12.95,0.0532139,8.60295,42848.6
688390.SH,20260423,64434,94.53,6090946.0,92.33,0.0265093,0.773376,24306.2
688391.SH,20260423,12001,30.09,361110.0,30.26,0.0104192,1.24853,11518.2
688392.SH,20260423,6059,143.0,866437.0,142.78,0.00523531,0.227231,11573.3
688393.SH,20260423,6537,23.33,152508.0,23.33,0.00698639,0.621415,9356.77
688395.SH,20260423,600,26.8,16080.0,26.77,0.000692859,0.0711791,8659.77
688396.SH,20260423,134164,52.0,6976528.0,51.61,0.0101011,0.659669,132821.0
688398.SH,20260423,17255,30.5,526278.0,30.49,0.0102822,0.556611,16781.4
688399.SH,20260423,3701,61.5001,227612.0,62.2,0.00441269,0.16629,8387.17
688400.SH,20260423,49642,50.29,2496496.0,50.54,0.0107689,0.345492,46097.7
688401.SH,20260423,518191,65.08,33723870.0,69.81,0.268009,6.72059,19334.9
688403.SH,20260423,438307,17.66,7740502.0,17.58,0.0453526,0.664388,96644.3
688408.SH,20260423,2200,42.42,93324.0,42.38,0.00100426,0.0342392,21906.6
688409.SH,20260423,28994,103.0,2986382.0,102.83,0.00946864,0.655637,30621.1
688410.SH,20260423,9535,16.01,152655.0,16.06,0.00298341,0.321419,31960.1
688411.SH,20260423,27775,227.5,6318813.0,224.89,0.0209505,0.720175,13257.4
688416.SH,20260423,51020,105.0,5357100.0,101.79,0.0614657,0.80867,8300.57
688418.SH,20260423,38166,50.4,1923566.0,50.84,0.0198209,0.383359,19255.5
688419.SH,20260423,5600,48.63,272328.0,48.57,0.00941026,0.276954,5950.95
688420.SH,20260423,0,,0.0,24.91,0.0,0.0,4173.9
688425.SH,20260423,18750,4.86,91125.0,4.87,0.000351552,0.105281,533350.0
688426.SH,20260423,3700,19.96,73852.0,20.0,0.0096285,0.301466,3842.76
688428.SH,20260423,35313,29.63,1046324.0,29.8,0.0131588,0.35167,26836.0
688429.SH,20260423,9031,14.52,131130.0,14.52,0.00753668,0.252877,11982.7
688432.SH,20260423,42807,15.74,673782.0,15.7,0.00342373,0.324664,125030.0
688433.SH,20260423,3675,84.3401,309950.0,84.06,0.000884312,0.0715236,41557.8
688435.SH,20260423,17464,41.3,721263.0,40.82,0.0311589,0.678663,5604.81
688439.SH,20260423,6025,52.15,314204.0,52.1,0.0030125,0.267064,20000.0
688443.SH,20260423,8718,31.0301,270520.0,31.32,0.00747172,0.167693,11668.0
688448.SH,20260423,400,63.09,25236.0,62.88,0.000558251,0.026991,7165.23
688449.SH,20260423,38958,48.39,1885178.0,47.85,0.013287,0.518529,29320.4
688450.SH,20260423,7502,47.97,359871.0,47.5,0.0153319,0.303428,4893.07
688455.SH,20260423,25061,23.6,591440.0,23.7,0.0149145,0.426936,16803.1
688456.SH,20260423,14416,58.23,839444.0,58.23,0.013907,0.522461,10366.0
688458.SH,20260423,6154,36.7701,226283.0,36.75,0.00723417,0.420844,8506.85
688459.SH,20260423,14656,9.37998,137473.0,9.39,0.00305333,1.24085,48000.0
688466.SH,20260423,4143,17.1101,70887.0,17.12,0.00339162,0.292842,12215.4
688468.SH,20260423,6888,7.26002,50007.0,7.27,0.00171724,0.276772,40110.8
688469.SH,20260423,427205,6.83,2917810.0,6.79,0.00964389,0.443322,442980.0
688472.SH,20260423,607845,13.22,8035711.0,13.04,0.0451039,1.3845,134765.0
688475.SH,20260423,32818,30.2,991104.0,30.36,0.00416736,0.539425,78750.0
688478.SH,20260423,68427,42.17,2885567.0,42.12,0.0661709,0.756664,10340.9
688479.SH,20260423,7566,36.15,273511.0,36.88,0.0121411,0.193681,6231.74
688480.SH,20260423,23092,95.99,2216601.0,95.32,0.0242242,0.473403,9532.62
688484.SH,20260423,6203,37.1199,230255.0,37.07,0.00145044,0.129253,42766.3
688485.SH,20260423,82749,46.98,3887548.0,47.55,0.0932299,0.59286,8875.8
688486.SH,20260423,16084,76.0,1222384.0,75.9,0.0120642,0.45105,13332.0
688488.SH,20260423,33374,18.04,602067.0,18.2,0.00793141,0.239466,42078.3
688489.SH,20260423,1502,39.5,59329.0,39.64,0.00131373,0.296465,11433.1
688496.SH,20260423,24014,5.48001,131597.0,5.55,0.0100922,0.419311,23794.6
688498.SH,20260423,23672,1463.5,34643972.0,1464.05,0.0279024,0.739008,8483.86
688499.SH,20260423,19112,55.73,1065112.0,55.85,0.0113271,0.28602,16872.9
688500.SH,20260423,400,50.0,20000.0,50.0,0.000545584,0.0155972,7331.59
688501.SH,20260423,46134,27.02,1246541.0,26.27,0.0371372,2.35825,12422.6
688502.SH,20260423,12698,508.18,6452870.0,498.22,0.0240492,0.41924,5280.0
688503.SH,20260423,272572,96.0,26166912.0,94.02,0.135662,2.55752,20092.0
688505.SH,20260423,29483,7.76,228788.0,7.8,0.00414919,0.700113,71057.2
688506.SH,20260423,4670,294.08,1373354.0,295.42,0.0011311,0.232452,41287.4
688507.SH,20260423,7213,97.2001,701104.0,97.1,0.0146499,0.300406,4923.57
688508.SH,20260423,111248,72.5,8065480.0,72.0,0.0847214,1.17567,13131.0
688509.SH,20260423,17376,4.5,78192.0,4.51,0.00451568,0.307756,38479.2
688510.SH,20260423,107823,33.88,3653043.0,32.43,0.0415467,1.19457,25952.3
688511.SH,20260423,161773,25.5,4125212.0,26.0,0.121017,2.23296,13367.8
688512.SH,20260423,20128,12.81,257840.0,12.81,0.00620143,0.222291,32457.0
688513.SH,20260423,3619,66.6701,241279.0,66.8,0.00205005,0.118138,17653.2
688515.SH,20260423,9844,132.0,1299408.0,132.5,0.0197594,0.491827,4981.94
688516.SH,20260423,158762,78.08,12396137.0,79.6,0.050439,1.26684,31476.0
688517.SH,20260423,15426,22.9,353255.0,22.95,0.0112917,0.312461,13661.3
688518.SH,20260423,130873,29.97,3922264.0,29.96,0.0383426,0.642023,34132.5
688519.SH,20260423,29646,158.22,4690590.0,159.94,0.0126276,0.353672,23477.1
688520.SH,20260423,33932,42.33,1436342.0,42.87,0.00761942,0.760562,44533.6
688521.SH,20260423,172670,253.0,43685510.0,250.95,0.0328323,0.525488,52591.5
688522.SH,20260423,18999,35.82,680544.0,35.95,0.0154342,0.369872,12309.7
688523.SH,20260423,18583,70.25,1305456.0,70.86,0.0192538,0.18288,9651.59
688525.SH,20260423,782759,293.88,230037215.0,281.0,0.166249,2.07493,47083.7
688526.SH,20260423,0,,0.0,15.06,0.0,0.0,46612.8
688528.SH,20260423,12000,11.38,136560.0,11.34,0.00714286,0.575004,16800.0
688529.SH,20260423,24262,18.83,456853.0,18.98,0.0144266,1.48362,16817.6
688530.SH,20260423,230888,39.39,9094678.0,39.83,0.340652,1.43002,6777.82
688533.SH,20260423,200,26.71,5342.0,26.93,0.000121222,0.0189943,16498.7
688535.SH,20260423,28795,129.83,3738455.0,127.4,0.0356831,1.0928,8069.65
688536.SH,20260423,30481,212.93,6490319.0,207.82,0.0224705,0.612706,13564.9
688538.SH,20260423,102796,2.27,233347.0,2.27,0.00178706,0.214866,575224.0
688539.SH,20260423,10715,43.4,465031.0,43.64,0.00576323,0.177387,18592.0
688543.SH,20260423,10480,70.5,738840.0,70.93,0.00903744,0.190858,11596.2
688545.SH,20260423,39281,53.2,2089749.0,52.6,0.0215534,0.790292,18225.0
688548.SH,20260423,450422,30.36,13674812.0,29.82,0.0651644,1.27436,69120.9
688549.SH,20260423,295283,9.69,2861292.0,9.76,0.0501058,1.35338,58931.9
688550.SH,20260423,19094,42.55,812450.0,42.39,0.0109834,0.644631,17384.4
688551.SH,20260423,38981,50.8,1980235.0,51.2,0.0463669,1.17594,8407.07
688552.SH,20260423,21515,49.37,1062196.0,50.96,0.024779,0.207705,8682.75
688553.SH,20260423,18779,19.26,361684.0,19.32,0.00546633,0.171053,34354.0
688556.SH,20260423,111693,14.1,1574871.0,14.09,0.0134445,0.253073,83077.4
688557.SH,20260423,10683,33.97,362902.0,33.77,0.0104042,0.68428,10268.0
688558.SH,20260423,31216,33.77,1054164.0,33.67,0.0236485,1.30117,13200.0
688559.SH,20260423,9965,58.81,586042.0,59.03,0.00402205,0.13881,24775.9
688560.SH,20260423,30605,16.64,509267.0,16.76,0.0152035,0.18398,20130.2
688561.SH,20260423,11670,30.28,353368.0,30.44,0.00171051,0.256931,68225.3
688562.SH,20260423,12383,20.04,248155.0,20.04,0.00715698,0.312726,17302.0
688563.SH,20260423,1200,59.55,71460.0,59.66,0.00102574,0.0351536,11698.9
688565.SH,20260423,13426,12.6,169168.0,12.56,0.00896681,0.473615,14973.0
688566.SH,20260423,22351,31.48,703609.0,31.5,0.0112074,0.791482,19943.1
688567.SH,20260423,41792,13.83,577983.0,13.92,0.00341968,0.263343,122210.0
688568.SH,20260423,36199,64.0,2316736.0,64.22,0.00447964,0.238095,80807.9
688569.SH,20260423,55656,20.93,1164880.0,21.51,0.026419,3.0098,21066.7
688570.SH,20260423,3449,17.9101,61772.0,17.95,0.00183262,0.691596,18820.0
688571.SH,20260423,41000,8.1,332100.0,8.1,0.00966592,0.631921,42417.1
688573.SH,20260423,32504,21.69,705012.0,21.72,0.0610791,0.734962,5321.62
688575.SH,20260423,2753,14.2401,39203.0,14.22,0.000481809,0.0682135,57138.8
688576.SH,20260423,1300,70.1,91130.0,70.58,0.00596543,0.330337,2179.22
688577.SH,20260423,11501,70.0,805070.0,69.58,0.0103352,1.18732,11128.0
688578.SH,20260423,175283,99.74,17482726.0,97.79,0.0389518,3.77719,45000.0
688579.SH,20260423,1000,11.17,11170.0,11.15,0.000249994,0.0136375,40001.0
688580.SH,20260423,1700,60.48,102816.0,60.55,0.00177506,0.0874964,9577.13
688581.SH,20260423,7514,56.86,427246.0,56.16,0.01808,3.24667,4155.97
688582.SH,20260423,22370,63.0,1409310.0,63.27,0.00894017,0.376043,25021.9
688583.SH,20260423,0,,0.0,118.3,0.0,0.0,3080.34
688584.SH,20260423,14382,20.69,297564.0,20.76,0.00418934,0.379002,34330.0
688585.SH,20260423,22130,125.01,2766471.0,126.5,0.00548639,0.4903,40336.2
688586.SH,20260423,9758,14.11,137685.0,14.14,0.0012331,0.15824,79133.9
688588.SH,20260423,5899,12.18,71850.0,12.12,0.00147471,0.172021,40001.0
688589.SH,20260423,14248,22.57,321577.0,22.57,0.00980399,0.608693,14532.9
688590.SH,20260423,22995,14.65,336877.0,14.79,0.00816824,0.213563,28151.7
688591.SH,20260423,9911,35.29,349759.0,35.22,0.00588409,0.185618,16843.7
688592.SH,20260423,22191,47.5,1054073.0,46.8,0.0576064,1.71733,3852.18
688593.SH,20260423,2079,31.57,65634.0,31.57,0.000644288,0.0254565,32268.2
688595.SH,20260423,9300,34.18,317874.0,34.18,0.00645414,0.279779,14409.4
688596.SH,20260423,4305,32.79,141161.0,32.73,0.00146363,0.0529921,29413.1
688597.SH,20260423,11511,10.32,118794.0,10.27,0.00342528,0.142151,33606.0
688598.SH,20260423,5403,24.2401,130969.0,24.15,0.00265405,0.153242,20357.6
688599.SH,20260423,194499,16.48,3205344.0,16.32,0.00830281,0.60351,234257.0
688600.SH,20260423,2899,28.3501,82187.0,28.15,0.00215205,0.115434,13470.8
688601.SH,20260423,9800,51.73,506954.0,50.73,0.00733024,0.205327,13369.3
688602.SH,20260423,11686,8.10996,94773.0,8.11,0.00450161,0.132266,25959.6
688603.SH,20260423,5322,97.1,516766.0,96.8,0.0112227,0.102738,4742.16
688605.SH,20260423,32838,65.8,2160740.0,66.43,0.0303069,1.08845,10835.2
688606.SH,20260423,0,,0.0,57.21,0.0,0.0,7928.09
688607.SH,20260423,16433,70.29,1155076.0,70.29,0.0186465,0.504158,8812.9
688608.SH,20260423,10354,171.13,1771880.0,172.0,0.00613775,0.213448,16869.4
688609.SH,20260423,46527,8.92,415021.0,9.01,0.0093054,0.479269,50000.0
688610.SH,20260423,5217,117.73,614197.0,118.38,0.0127454,0.225814,4093.26
688611.SH,20260423,2700,65.02,175554.0,65.02,0.00176022,0.132736,15339.0
688612.SH,20260423,22339,32.73,731155.0,32.74,0.00884528,0.299344,25255.3
688613.SH,20260423,8700,20.3,176610.0,20.34,0.00634997,0.329489,13700.9
688615.SH,20260423,25043,190.4,4768187.0,189.29,0.0259056,0.433728,9667.02
688616.SH,20260423,6431,14.09,90613.0,14.16,0.00358516,0.270965,17937.8
688617.SH,20260423,1195,252.54,301785.0,251.72,0.000847267,0.175017,14104.2
688618.SH,20260423,20696,40.0,827840.0,40.4,0.0188064,0.337005,11004.8
688619.SH,20260423,29697,16.75,497425.0,16.79,0.0160145,0.666432,18543.8
688620.SH,20260423,85795,11.99,1028682.0,12.1,0.0369299,1.37578,23231.9
688621.SH,20260423,3012,62.8599,189334.0,62.78,0.00268929,0.132399,11200.0
688622.SH,20260423,9533,86.96,828990.0,85.31,0.0135286,0.43036,7046.55
688623.SH,20260423,500,96.62,48310.0,96.55,0.00261196,0.0482584,1914.27
688625.SH,20260423,8698,71.94,625734.0,71.7,0.00461871,0.247125,18832.1
688626.SH,20260423,1467,60.15,88240.0,60.15,0.000916875,0.0883311,16000.0
688627.SH,20260423,20153,291.4,5872584.0,289.0,0.0278542,0.664173,7235.17
688628.SH,20260423,114660,97.0,11122020.0,95.58,0.102588,2.0228,11176.8
688629.SH,20260423,244889,134.88,33030628.0,134.0,0.134715,0.955135,18178.3
688630.SH,20260423,47753,257.8,12310723.0,257.66,0.0362477,0.651665,13174.1
688631.SH,20260423,2836,56.6499,160659.0,56.8,0.00437182,0.101023,6487.0
688633.SH,20260423,7224,28.3099,204511.0,28.23,0.0050247,0.357243,14377.0
688636.SH,20260423,60957,47.51,2896067.0,47.64,0.0363646,1.05701,16762.7
688638.SH,20260423,0,,0.0,43.37,0.0,0.0,2646.1
688639.SH,20260423,72599,29.34,2130055.0,29.08,0.0290262,1.86212,25011.6
688646.SH,20260423,693,54.5195,37782.0,54.31,0.00119514,0.048576,5798.5
688648.SH,20260423,29579,58.87,1741316.0,59.0,0.042542,1.08581,6952.89
688651.SH,20260423,3764,38.0,143032.0,38.31,0.0115978,0.300442,3245.44
688652.SH,20260423,10540,110.99,1169835.0,110.28,0.00872878,0.266262,12075.0
688653.SH,20260423,15034,13.62,204763.0,13.67,0.00475141,0.330475,31641.2
688655.SH,20260423,57123,37.6,2147825.0,38.1,0.042824,0.413285,13339.0
688656.SH,20260423,890,139.0,123710.0,137.49,0.00140202,0.237917,6347.97
688657.SH,20260423,614,51.6694,31725.0,51.48,0.00149594,0.0459003,4104.45
688658.SH,20260423,37792,19.79,747904.0,19.8,0.00839822,0.311847,45000.0
688659.SH,20260423,11152,9.90997,110516.0,9.95,0.00697,0.461493,16000.0
688660.SH,20260423,20528,12.72,261116.0,12.69,0.0015396,0.138183,133333.0
688661.SH,20260423,119154,118.08,14069704.0,119.26,0.0784487,1.20792,15188.8
688662.SH,20260423,46704,75.49,3525685.0,74.85,0.0529284,0.632871,8824.0
688663.SH,20260423,0,,0.0,65.35,0.0,0.0,14147.5
688665.SH,20260423,2400,48.21,115704.0,48.21,0.00237172,0.381594,10119.2
688667.SH,20260423,7408,156.0,1155648.0,155.36,0.0140581,0.333123,5269.55
688668.SH,20260423,30344,223.97,6796146.0,228.0,0.0217878,0.317722,13927.1
688669.SH,20260423,0,,0.0,27.74,0.0,0.0,12133.3
688670.SH,20260423,7018,17.16,120429.0,17.14,0.00569643,0.634001,12320.0
688671.SH,20260423,1500,21.58,32370.0,21.45,0.0032019,0.141314,4684.71
688676.SH,20260423,125131,95.0,11887445.0,93.7,0.0272151,0.90247,45978.4
688677.SH,20260423,43734,98.0,4285932.0,96.5,0.0364824,0.449895,11987.7
688678.SH,20260423,127529,23.68,3019887.0,23.64,0.0316366,0.357128,40310.6
688679.SH,20260423,1448,55.5297,80407.0,55.06,0.00109955,0.0415652,13169.0
688680.SH,20260423,2464,51.0901,125886.0,51.14,0.00252534,0.0860814,9757.1
688681.SH,20260423,4558,19.19,87468.0,19.18,0.00435464,0.198001,10467.0
688682.SH,20260423,3915,50.2,196533.0,50.2,0.00384431,0.178316,10183.9
688683.SH,20260423,8017,41.67,334068.0,41.12,0.00516633,0.447097,15517.8
688685.SH,20260423,12983,45.66,592804.0,45.66,0.00884089,0.220136,14685.2
688686.SH,20260423,4970,108.9,541233.0,109.16,0.00406592,0.25061,12223.5
688687.SH,20260423,1600,21.32,34112.0,21.29,0.000935977,0.0524056,17094.4
688689.SH,20260423,89407,38.98,3485085.0,37.72,0.0693594,3.56985,12890.4
688690.SH,20260423,101212,33.97,3438172.0,33.5,0.025064,0.642938,40381.5
688691.SH,20260423,7609,103.99,791260.0,103.6,0.0104283,0.146957,7296.5
688692.SH,20260423,3812,258.0,983496.0,255.63,0.00521216,0.225046,7313.67
688693.SH,20260423,14621,88.47,1293520.0,88.46,0.0375819,0.225838,3890.44
688695.SH,20260423,0,,0.0,23.77,0.0,0.0,5339.55
688696.SH,20260423,0,,0.0,90.98,0.0,0.0,7002.0
688697.SH,20260423,6221,16.24,101029.0,16.35,0.00136028,0.0669154,45733.3
688698.SH,20260423,11117,69.15,768741.0,69.43,0.00519431,0.196296,21402.3
688699.SH,20260423,25270,46.89,1184910.0,46.11,0.0229592,1.1808,11006.5
688700.SH,20260423,71197,64.5,4592207.0,65.0,0.0238595,0.513572,29840.1
688701.SH,20260423,12464,9.11,113547.0,9.12,0.00928228,0.57338,13427.7
688702.SH,20260423,136209,235.0,32009115.0,224.79,0.0671007,1.96405,20299.2
688707.SH,20260423,1431835,16.32,23367547.0,16.8,0.281447,4.12625,50874.0
688708.SH,20260423,3256,54.2399,176605.0,54.21,0.0022885,0.314042,14227.6
688709.SH,20260423,13210,44.11,582693.0,44.07,0.00595726,0.242049,22174.6
688710.SH,20260423,10500,70.85,743925.0,70.83,0.0115774,0.975532,9069.4
688711.SH,20260423,16528,28.42,469726.0,28.39,0.00775624,0.399711,21309.3
688712.SH,20260423,5500,40.52,222860.0,40.63,0.0148189,0.187774,3711.47
688716.SH,20260423,3782,33.2599,125789.0,33.41,0.00540848,0.249755,6992.72
688717.SH,20260423,11021,108.83,1199415.0,109.29,0.011127,0.217764,9904.78
688718.SH,20260423,12013,16.27,195452.0,16.28,0.00691378,0.607942,17375.4
688719.SH,20260423,7682,56.0801,430807.0,57.42,0.00856197,0.135317,8972.23
688720.SH,20260423,39716,80.89,3212627.0,81.11,0.070438,1.11938,5638.43
688721.SH,20260423,26137,45.2,1181392.0,45.57,0.0488683,1.06808,5348.45
688722.SH,20260423,9802,17.58,172319.0,17.61,0.00437384,0.263005,22410.5
688726.SH,20260423,85283,61.57,5250874.0,61.57,0.0387783,0.388604,21992.4
688727.SH,20260423,16838,52.17,878438.0,51.44,0.033513,0.593252,5024.32
688728.SH,20260423,19019,13.43,255425.0,13.46,0.000761099,0.153882,249889.0
688729.SH,20260423,13100,23.3,305230.0,23.18,0.006093,0.247986,21500.1
688733.SH,20260423,56364,29.73,1675702.0,29.35,0.0282137,1.35884,19977.5
688737.SH,20260423,800,30.39,24312.0,30.17,0.000669095,0.0237582,11956.5
688739.SH,20260423,619,23.9192,14806.0,23.98,0.000148637,0.0350348,41645.0
688750.SH,20260423,8532,19.1,162961.0,19.15,0.00366309,0.249101,23291.8
688755.SH,20260423,200,37.75,7550.0,37.88,0.00113636,0.0972091,1760.0
688757.SH,20260423,8400,27.58,231672.0,27.29,0.00463524,0.205405,18122.0
688758.SH,20260423,21661,21.35,462462.0,21.39,0.00726431,0.3582,29818.4
688759.SH,20260423,11264,36.01,405617.0,36.0,0.0242435,0.463552,4646.2
688765.SH,20260423,2231,62.5002,139438.0,62.58,0.00544428,0.215277,4097.88
688766.SH,20260423,78728,281.01,22123355.0,273.5,0.053177,1.48946,14804.9
688767.SH,20260423,1200,36.5,43800.0,36.06,0.000803571,0.0581381,14933.3
688768.SH,20260423,300,47.78,14334.0,47.95,0.000343786,0.0230485,8726.35
688772.SH,20260423,126969,17.05,2164821.0,17.12,0.0112145,0.278964,113219.0
688775.SH,20260423,2859,196.99,563194.0,196.3,0.00871646,0.313411,3280.0
688776.SH,20260423,900,83.89,75501.0,83.87,0.000830385,0.0543697,10838.3
688777.SH,20260423,42953,68.66,2949153.0,68.42,0.00545643,0.2229,78719.9
688778.SH,20260423,150333,83.0,12477639.0,85.53,0.0297871,1.42448,50469.1
688779.SH,20260423,82878,11.09,919117.0,11.16,0.00429593,0.273799,192922.0
688781.SH,20260423,15728,39.59,622672.0,39.9,0.0385159,0.258976,4083.51
688783.SH,20260423,5313,22.8699,121508.0,22.83,0.00322748,0.0897026,16461.8
688785.SH,20260423,0,,0.0,296.27,0.0,0.0,1272.77
688786.SH,20260423,6912,33.27,229962.0,33.1,0.00480668,0.325666,14380.0
688787.SH,20260423,500,135.81,67905.0,136.37,0.000828841,0.0240355,6032.52
688788.SH,20260423,4028,57.0099,229636.0,57.57,0.00256766,0.219625,15687.4
688789.SH,20260423,9432,70.0,660240.0,70.22,0.00523255,0.552455,18025.6
688790.SH,20260423,823,140.27,115442.0,141.0,0.00682553,0.0935637,1205.77
688793.SH,20260423,9001,20.87,187851.0,21.0,0.0104729,0.700236,8594.54
688795.SH,20260423,7625,632.0,4819000.0,628.7,0.0259509,0.257619,2938.24
688796.SH,20260423,3169,98.4001,311830.0,98.22,0.00883034,0.162691,3588.76
688798.SH,20260423,8761,69.49,608802.0,69.45,0.0064541,0.285581,13574.3
688799.SH,20260423,9469,57.99,549107.0,57.85,0.00721063,0.158948,13132.0
688800.SH,20260423,17111,95.3,1630678.0,95.5,0.00831946,0.192594,20567.4
688802.SH,20260423,12764,706.98,9023893.0,701.5,0.0703678,0.436541,1813.9
688805.SH,20260423,8636,54.85,473685.0,55.33,0.0273995,0.127944,3151.89
688807.SH,20260423,48278,352.0,16993856.0,361.86,0.32109,1.58611,1503.57
688809.SH,20260423,26186,432.0,11312352.0,437.0,0.107527,0.927391,2435.3
688811.SH,20260423,180249,25.17,4536867.0,25.07,0.195655,0.390083,9212.61
688813.SH,20260423,100798,72.5,7307855.0,75.14,0.335133,1.01884,3007.7
688816.SH,20260423,5059,67.73,342646.0,67.69,0.0262339,0.321456,1928.42
688818.SH,20260423,105814,71.03,7515968.0,71.28,0.0801522,0.43093,13201.6
688819.SH,20260423,18901,36.11,682515.0,35.93,0.00194435,0.42188,97210.0
688820.SH,20260423,1104920,94.5,104414940.0,95.0,0.639042,0.985596,17290.3
688981.SH,20260423,449664,108.88,48959416.0,107.87,0.0224881,1.02523,199956.0
689009.SH,20260423,81259,45.02,3658280.0,45.53,0.146239,0.856749,5556.58
000001.SZ,20260423,458000,10.98,5028840.0,10.98,0.00236014,0.622371,1940560.0
000002.SZ,20260423,178500,3.87,690795.0,3.88,0.001837,0.224656,971694.0
000004.SZ,20260423,194500,3.06,595170.0,3.22,0.154013,4.0963,12628.8
000006.SZ,20260423,43800,9.72,425736.0,9.76,0.00324448,0.125638,134998.0
000007.SZ,20260423,5300,13.83,73299.0,13.84,0.00152981,0.0851849,34644.8
000008.SZ,20260423,176400,2.69,474516.0,2.7,0.00649414,0.346655,271630.0
000009.SZ,20260423,138300,8.96,1239168.0,8.97,0.00536875,0.628409,257602.0
000010.SZ,20260423,199800,3.72,743256.0,3.73,0.0230147,0.436846,86814.2
000011.SZ,20260423,4900,8.42,41258.0,8.42,0.000930718,0.102927,52647.6
000012.SZ,20260423,38200,4.51,172282.0,4.51,0.00194966,0.269915,195932.0
000014.SZ,20260423,32100,13.32,427572.0,13.29,0.0132619,0.520754,24204.6
000016.SZ,20260423,80200,3.37,270274.0,3.39,0.00502319,0.145303,159659.0
000017.SZ,20260423,34500,6.45,222525.0,6.49,0.00782629,0.412416,44082.2
000019.SZ,20260423,46500,7.71,358515.0,7.7,0.0111721,0.200448,41621.6
000020.SZ,20260423,20900,15.88,331892.0,15.88,0.0115364,0.372215,18116.5
000021.SZ,20260423,758500,29.8,22603300.0,29.46,0.0482682,1.24596,157143.0
000025.SZ,20260423,5300,15.91,84323.0,15.92,0.00134936,0.148645,39277.8
000026.SZ,20260423,424700,17.01,7224147.0,17.4,0.116496,1.63098,36456.1
000027.SZ,20260423,246200,6.93,1706166.0,6.91,0.00517511,0.668689,475739.0
000028.SZ,20260423,25200,25.2,635040.0,25.19,0.00527138,0.510287,47805.3
000029.SZ,20260423,7500,20.15,151125.0,20.14,0.000841128,0.203534,89166.0
000030.SZ,20260423,217800,5.39,1173942.0,5.34,0.0130348,0.480912,167091.0
000031.SZ,20260423,34100,2.9,98890.0,2.9,0.000795557,0.14628,428630.0
000032.SZ,20260423,25300,18.42,466026.0,18.43,0.00222328,0.127191,113796.0
000034.SZ,20260423,129300,37.12,4799616.0,37.44,0.0213254,0.53412,60632.0
000035.SZ,20260423,247600,7.04,1743104.0,7.02,0.0107046,0.375038,231303.0
000036.SZ,20260423,84900,5.11,433839.0,5.12,0.0060593,0.236287,140115.0
000037.SZ,20260423,212100,11.17,2369157.0,11.28,0.0625833,0.444237,33890.8
000039.SZ,20260423,58900,11.64,685596.0,11.6,0.0025593,0.0971721,230141.0
000042.SZ,20260423,14500,9.02,130790.0,9.02,0.0021834,0.31495,66410.2
000045.SZ,20260423,12400,11.93,147932.0,11.94,0.00271322,0.134419,45702.2
000048.SZ,20260423,131800,14.66,1932188.0,14.78,0.0248772,0.977185,52980.3
000049.SZ,20260423,349280,29.8,10408544.0,30.17,0.0908318,1.70903,38453.5
000050.SZ,20260423,43400,8.47,367598.0,8.5,0.00176587,0.219218,245772.0
000055.SZ,20260423,97500,3.42,333450.0,3.39,0.0144262,1.05165,67585.4
000056.SZ,20260423,3698400,1.98,7322832.0,1.98,0.409239,3.73707,90372.7
000058.SZ,20260423,108100,8.1,875610.0,8.12,0.0109775,1.59269,98473.9
000059.SZ,20260423,56500,5.23,295495.0,5.24,0.00353248,0.270986,159944.0
000060.SZ,20260423,1163300,6.84,7956972.0,6.81,0.0261939,0.967811,444112.0
000061.SZ,20260423,50000,7.46,373000.0,7.5,0.00278658,0.363355,179431.0
000062.SZ,20260423,2738900,33.1,90657590.0,32.64,0.262121,4.0278,104490.0
000063.SZ,20260423,1022600,37.2,38040720.0,37.34,0.0253897,0.974094,402762.0
000065.SZ,20260423,214900,13.89,2984961.0,14.07,0.0220419,0.459103,97496.2
000066.SZ,20260423,1348900,15.98,21555422.0,15.61,0.0418187,1.71449,322559.0
000068.SZ,20260423,77400,3.19,246906.0,3.19,0.0076887,0.875989,100667.0
000069.SZ,20260423,85300,2.2,187660.0,2.2,0.00123648,0.246074,689860.0
000070.SZ,20260423,1432600,21.01,30098926.0,21.25,0.161206,0.931698,88867.9
000078.SZ,20260423,923400,3.52,3250368.0,3.55,0.0351578,0.446592,262644.0
000088.SZ,20260423,624300,4.56,2846808.0,4.54,0.0197382,3.17869,316289.0
000089.SZ,20260423,20600,6.87,141522.0,6.88,0.00100451,0.429324,205074.0
000090.SZ,20260423,27700,3.65,101105.0,3.65,0.00148253,0.153848,186843.0
000096.SZ,20260423,87800,9.68,849904.0,9.63,0.0171871,1.41409,51084.8
000099.SZ,20260423,27100,18.11,490781.0,18.1,0.0034933,0.22134,77577.0
000100.SZ,20260423,756520,4.35,3290862.0,4.35,0.00395422,0.231123,1913200.0
000151.SZ,20260423,59700,10.79,644163.0,10.82,0.0193872,0.601077,30793.5
000153.SZ,20260423,289300,6.45,1865985.0,6.49,0.0630464,1.42365,45886.9
000155.SZ,20260423,412300,17.13,7062699.0,17.12,0.0223327,0.482309,184617.0
000156.SZ,20260423,34000,7.5,255000.0,7.51,0.00200015,0.391704,169988.0
000157.SZ,20260423,160900,8.06,1296854.0,8.06,0.00227592,0.130857,706967.0
000158.SZ,20260423,283600,17.93,5084948.0,18.1,0.0178599,0.845231,158791.0
000159.SZ,20260423,512100,6.54,3349134.0,6.56,0.106539,3.0978,48066.8
000166.SZ,20260423,387900,4.69,1819251.0,4.69,0.00172128,0.609178,2253550.0
000301.SZ,20260423,71100,12.93,919323.0,12.92,0.00107595,0.225733,660813.0
000333.SZ,20260423,85200,79.29,6755508.0,79.3,0.00124304,0.345301,685415.0
000338.SZ,20260423,3720767,29.39,109353342.13,27.98,0.0743634,3.44595,500349.0
000400.SZ,20260423,93400,26.24,2450816.0,26.24,0.00923197,0.304779,101170.0
000401.SZ,20260423,153100,4.66,713446.0,4.66,0.0058183,1.03231,263135.0
000402.SZ,20260423,221700,2.74,607458.0,2.75,0.00741802,0.353398,298867.0
000403.SZ,20260423,10060,12.79,128667.4,12.8,0.0010694,0.157429,94071.0
000404.SZ,20260423,1135288,8.19,9298008.72,8.09,0.16386,2.98107,69284.0
000407.SZ,20260423,467200,4.8,2242560.0,4.72,0.0533471,2.9608,87577.5
000408.SZ,20260423,111100,88.87,9873457.0,88.29,0.00707549,0.715261,157021.0
000409.SZ,20260423,193800,10.46,2027148.0,10.75,0.0328206,2.00483,59048.3
000410.SZ,20260423,67800,6.79,460362.0,6.83,0.00403352,0.428517,168092.0
000411.SZ,20260423,80200,10.98,880596.0,10.82,0.0142265,1.78954,56373.6
000415.SZ,20260423,181300,4.68,848484.0,4.72,0.00336179,0.287156,539296.0
000417.SZ,20260423,10700,6.47,69229.0,6.49,0.00137351,0.0777485,77902.7
000419.SZ,20260423,22900,5.57,127553.0,5.59,0.00421279,0.244864,54358.3
000420.SZ,20260423,439000,5.26,2309140.0,5.28,0.0178598,0.293685,245803.0
000421.SZ,20260423,27800,5.96,165688.0,5.98,0.00484071,0.428442,57429.6
000422.SZ,20260423,379400,16.62,6305628.0,16.69,0.035865,0.873962,105786.0
000423.SZ,20260423,14700,52.35,769545.0,52.42,0.00228669,0.175637,64285.0
000425.SZ,20260423,280700,10.0,2807000.0,9.97,0.0031157,0.181759,900922.0
000426.SZ,20260423,718800,43.11,30987468.0,43.62,0.0404911,1.25689,177521.0
000428.SZ,20260423,74200,3.8,281960.0,3.81,0.00728218,0.393239,101893.0
000429.SZ,20260423,8300,12.69,105327.0,12.68,0.00063683,0.190674,130333.0
000430.SZ,20260423,27700,7.91,219107.0,7.87,0.00747524,0.310609,37055.6
000488.SZ,20260423,149300,2.54,379222.0,2.55,0.00881232,0.812317,169422.0
000498.SZ,20260423,65900,5.74,378266.0,5.75,0.00454687,0.32247,144935.0
000501.SZ,20260423,11100,8.3,92130.0,8.28,0.0014449,0.199291,76822.1
000503.SZ,20260423,31200,7.36,229632.0,7.37,0.00318616,0.272302,97923.5
000504.SZ,20260423,10900,9.66,105294.0,9.7,0.00331184,0.420423,32912.2
000505.SZ,20260423,18000,6.51,117180.0,6.52,0.00284639,0.212382,63238.0
000506.SZ,20260423,96300,17.43,1678509.0,17.48,0.0103693,0.308275,92870.7
000507.SZ,20260423,8400,5.25,44100.0,5.25,0.000930898,0.0682648,90235.4
000509.SZ,20260423,51700,3.58,185086.0,3.59,0.00481771,0.18447,107312.0
000510.SZ,20260423,146300,14.68,2147684.0,14.75,0.0241155,0.322923,60666.5
000513.SZ,20260423,20700,33.6,695520.0,33.7,0.00364347,0.500941,56814.0
000514.SZ,20260423,12200,4.75,57950.0,4.76,0.00144589,0.128056,84377.1
000516.SZ,20260423,89900,4.6,413540.0,4.62,0.00407736,0.341767,220486.0
000517.SZ,20260423,112300,1.89,212247.0,1.88,0.00450645,0.600441,249199.0
000518.SZ,20260423,25000,2.94,73500.0,2.94,0.00242828,0.108378,102954.0
000519.SZ,20260423,62900,17.86,1123394.0,17.92,0.00451686,0.316583,139256.0
000520.SZ,20260423,15800,3.98,62884.0,3.97,0.00156114,0.0812351,101208.0
000521.SZ,20260423,27100,5.62,152302.0,5.62,0.0030953,0.330287,87552.1
000523.SZ,20260423,71600,3.23,231268.0,3.23,0.00540312,0.36034,132516.0
000524.SZ,20260423,24600,10.2,250920.0,10.22,0.00367182,0.20512,66996.7
000525.SZ,20260423,26500,5.67,150255.0,5.68,0.00238361,0.147733,111176.0
000526.SZ,20260423,48400,34.42,1665928.0,34.06,0.0405158,1.77025,11945.9
000528.SZ,20260423,100600,9.8,985880.0,9.82,0.00494609,0.389122,203393.0
000529.SZ,20260423,13600,5.58,75888.0,5.59,0.00238645,0.239628,56988.4
000530.SZ,20260423,85900,6.08,522272.0,6.1,0.0143157,0.387622,60004.1
000531.SZ,20260423,465740,7.11,3311411.4,7.04,0.0511945,1.80729,90974.5
000532.SZ,20260423,22100,13.88,306748.0,13.83,0.00643284,0.41192,34355.0
000533.SZ,20260423,6156653,14.75,90810631.75,16.05,0.89891,4.90293,68490.2
000534.SZ,20260423,728900,45.02,32815078.0,42.69,0.145789,2.75155,49997.0
000536.SZ,20260423,119400,4.17,497898.0,4.18,0.00432126,0.389591,276308.0
000537.SZ,20260423,1411600,10.89,15372324.0,10.59,0.068667,2.64599,205572.0
000538.SZ,20260423,52200,54.46,2842812.0,54.48,0.00294427,0.835971,177293.0
000539.SZ,20260423,4684300,6.42,30073206.0,6.55,0.183311,3.7913,255539.0
000541.SZ,20260423,65800,5.69,374402.0,5.71,0.00534744,1.07124,123049.0
000543.SZ,20260423,231300,8.23,1903599.0,8.24,0.0102035,0.679405,226686.0
000544.SZ,20260423,8500,8.32,70720.0,8.31,0.000872077,0.195486,97468.4
000545.SZ,20260423,788600,2.98,2350028.0,3.01,0.0800282,1.8105,98540.3
000546.SZ,20260423,586900,6.71,3938099.0,6.69,0.0842394,0.828814,69670.5
000547.SZ,20260423,656600,27.0,17728200.0,27.2,0.0413184,0.292485,158912.0
000548.SZ,20260423,7300,5.19,37887.0,5.18,0.00146229,0.112022,49921.6
000550.SZ,20260423,13100,19.28,252568.0,19.29,0.0025267,0.223493,51846.3
000551.SZ,20260423,96400,14.78,1424792.0,14.76,0.0198949,0.845055,48454.7
000552.SZ,20260423,1129800,2.62,2960076.0,2.62,0.0303236,0.540115,372581.0
000553.SZ,20260423,7400,6.11,45214.0,6.11,0.000339906,0.0953025,217707.0
000554.SZ,20260423,107300,7.83,840159.0,7.81,0.0295875,0.573471,36265.3
000555.SZ,20260423,133900,15.41,2063399.0,15.5,0.0137385,0.293827,97463.2
000557.SZ,20260423,4300,4.66,20038.0,4.67,0.000294942,0.0602153,145792.0
000558.SZ,20260423,1030800,4.35,4483980.0,4.41,0.0799885,2.87284,128868.0
000559.SZ,20260423,332380,17.16,5703640.8,17.15,0.0100285,0.30773,331435.0
000560.SZ,20260423,458400,2.95,1352280.0,2.94,0.0196028,0.510586,233844.0
000561.SZ,20260423,23800,9.86,234668.0,9.89,0.00306603,0.18994,77624.7
000563.SZ,20260423,359600,3.39,1219044.0,3.4,0.00703172,0.992305,511397.0
000564.SZ,20260423,626600,1.85,1159210.0,1.85,0.00415108,0.358284,1509490.0
000565.SZ,20260423,61600,7.26,447216.0,7.25,0.0142069,1.02724,43359.2
000566.SZ,20260423,54600,5.28,288288.0,5.31,0.00421057,0.172593,129674.0
000567.SZ,20260423,68600,5.51,377986.0,5.5,0.00351813,0.54435,194990.0
000568.SZ,20260423,67700,100.5,6803850.0,100.24,0.00460151,0.953388,147126.0
000570.SZ,20260423,425800,6.77,2882666.0,6.77,0.0766251,0.634353,55569.2
000571.SZ,20260423,82800,6.1,505080.0,6.13,0.0101721,0.27777,81399.2
000572.SZ,20260423,97300,5.7,554610.0,5.68,0.00592479,0.286871,164225.0
000573.SZ,20260423,85700,4.88,418216.0,4.9,0.0135395,0.2483,63296.5
000576.SZ,20260423,23900,9.7,231830.0,9.72,0.00550926,0.289787,43381.5
000581.SZ,20260423,46100,18.97,874517.0,18.97,0.00580674,0.189319,79390.5
000582.SZ,20260423,85700,10.88,932416.0,10.91,0.00397339,0.347394,215685.0
000586.SZ,20260423,507100,20.3,10294130.0,20.69,0.265234,1.17055,19119.0
000589.SZ,20260423,47500,4.57,217075.0,4.58,0.00307479,0.284823,154482.0
000590.SZ,20260423,5200,11.0,57200.0,10.96,0.00217247,0.118959,23935.9
000591.SZ,20260423,734700,5.55,4077585.0,5.5,0.0187209,0.807745,392450.0
000592.SZ,20260423,696900,10.99,7658931.0,11.08,0.0363899,0.381241,191509.0
000593.SZ,20260423,349200,18.17,6344964.0,17.85,0.0974104,1.23918,35848.3
000595.SZ,20260423,37600,6.63,249288.0,6.61,0.00330214,0.190769,113866.0
000596.SZ,20260423,10800,105.8,1142640.0,104.93,0.00264317,0.565039,40860.0
000597.SZ,20260423,24300,5.11,124173.0,5.12,0.00172441,0.132619,140917.0
000598.SZ,20260423,32900,6.8,223720.0,6.8,0.00110431,0.178702,297923.0
000599.SZ,20260423,20700,5.31,109917.0,5.34,0.00253445,0.198705,81674.5
000600.SZ,20260423,256900,9.32,2394308.0,9.39,0.0235677,1.1717,109005.0
000601.SZ,20260423,814700,7.16,5833252.0,7.14,0.0776255,0.694686,104953.0
000603.SZ,20260423,663100,41.35,27419185.0,41.19,0.0994576,3.83726,66671.6
000605.SZ,20260423,18700,6.71,125477.0,6.67,0.00530258,0.411633,35265.9
000607.SZ,20260423,20200,3.94,79588.0,3.94,0.0022824,0.166014,88503.3
000608.SZ,20260423,44600,3.88,173048.0,3.87,0.00598314,0.267729,74542.8
000610.SZ,20260423,67100,8.48,569008.0,8.52,0.0284921,0.252326,23550.4
000612.SZ,20260423,173600,13.5,2343600.0,13.49,0.0145613,0.377678,119220.0
000615.SZ,20260423,20000,3.36,67200.0,3.39,0.00216142,0.225085,92531.6
000617.SZ,20260423,649500,9.25,6007875.0,9.23,0.0051376,0.412164,1264210.0
000619.SZ,20260423,24100,5.94,143154.0,5.9,0.00669444,0.350633,36000.0
000620.SZ,20260423,901000,2.82,2540820.0,2.79,0.0192861,0.63857,467175.0
000623.SZ,20260423,16500,18.06,297990.0,18.13,0.00138543,0.164022,119097.0
000625.SZ,20260423,426200,9.96,4244952.0,10.0,0.00515537,0.486847,826711.0
000626.SZ,20260423,212000,8.73,1850760.0,8.72,0.0420872,0.93264,50371.7
000628.SZ,20260423,78100,59.91,4678971.0,60.5,0.0406266,0.553727,19223.9
000629.SZ,20260423,186500,3.52,656480.0,3.52,0.00200744,0.186547,929044.0
000630.SZ,20260423,2077800,6.6,13713480.0,6.53,0.0186467,0.815799,1114300.0
000631.SZ,20260423,108200,3.22,348404.0,3.21,0.00470435,0.598767,230000.0
000632.SZ,20260423,159400,4.69,747586.0,4.61,0.0342441,0.957128,46548.2
000633.SZ,20260423,19100,6.51,124341.0,6.54,0.00495972,0.186604,38510.2
000635.SZ,20260423,53700,8.08,433896.0,8.04,0.0146393,0.956796,36682.0
000636.SZ,20260423,227000,22.5,5107500.0,22.48,0.0196195,0.360978,115701.0
000637.SZ,20260423,41600,4.48,186368.0,4.45,0.0114102,0.589135,36458.5
000639.SZ,20260423,449900,2.09,940291.0,2.07,0.0416795,0.780506,107943.0
000650.SZ,20260423,28000,5.72,160160.0,5.74,0.00210307,0.261289,133139.0
000651.SZ,20260423,116593,36.95,4308111.35,36.94,0.00211405,0.421546,551516.0
000652.SZ,20260423,95500,4.16,397280.0,4.17,0.00647694,0.590805,147446.0
000655.SZ,20260423,22900,8.52,195108.0,8.56,0.00384654,0.238706,59534.0
000656.SZ,20260423,1590800,1.44,2290752.0,1.44,0.0209037,1.67719,761015.0
000657.SZ,20260423,662600,57.78,38285028.0,58.13,0.0456045,0.524776,145293.0
000659.SZ,20260423,23400,4.1,95940.0,4.1,0.00182002,0.0734081,128570.0
000661.SZ,20260423,12900,87.15,1124235.0,87.06,0.00322811,0.257077,39961.5
000663.SZ,20260423,41700,6.36,265212.0,6.34,0.0136141,0.6268,30630.1
000665.SZ,20260423,50500,4.64,234320.0,4.64,0.00444104,0.371598,113712.0
000668.SZ,20260423,1500,14.83,22245.0,14.83,0.00102151,0.0564807,14684.2
000669.SZ,20260423,2478500,4.46,11054110.0,4.37,0.364266,11.2745,68040.9
000670.SZ,20260423,273700,7.95,2175915.0,7.85,0.0333024,0.700705,82186.3
000672.SZ,20260423,115500,13.76,1589280.0,13.77,0.0119146,1.06599,96939.5
000676.SZ,20260423,17100,7.6,129960.0,7.61,0.00135819,0.0916331,125903.0
000677.SZ,20260423,56700,4.4,249480.0,4.41,0.00656267,0.174681,86397.8
000678.SZ,20260423,72000,12.01,864720.0,12.05,0.0156654,0.538985,45961.2
000679.SZ,20260423,6800,6.8,46240.0,6.8,0.00190797,0.120575,35640.0
000680.SZ,20260423,65100,11.13,724563.0,11.18,0.00495178,0.276517,131468.0
000681.SZ,20260423,152600,20.93,3193918.0,21.07,0.0225695,0.591179,67613.5
000682.SZ,20260423,206400,13.56,2798784.0,13.45,0.0153966,0.816744,134056.0
000683.SZ,20260423,323500,8.8,2846800.0,8.83,0.00967951,0.560149,334211.0
000685.SZ,20260423,74300,11.52,855936.0,11.55,0.00592522,0.620416,125396.0
000686.SZ,20260423,64700,8.38,542186.0,8.39,0.00276442,0.435734,234045.0
000688.SZ,20260423,71700,43.54,3121818.0,44.06,0.00605031,0.317163,118506.0
000690.SZ,20260423,2872000,5.3,15221600.0,5.37,0.132078,1.98938,217447.0
000691.SZ,20260423,41600,7.63,317408.0,7.65,0.0128685,0.797133,32327.0
000692.SZ,20260423,53100,4.44,235764.0,4.44,0.0099656,0.377072,53283.3
000695.SZ,20260423,85300,14.82,1264146.0,14.82,0.0384561,0.587272,22181.1
000697.SZ,20260423,2900,10.15,29435.0,10.17,0.000444031,0.0488897,65310.7
000698.SZ,20260423,3400,3.88,13192.0,3.87,0.000432727,0.072169,78571.4
000700.SZ,20260423,116700,11.71,1366557.0,11.77,0.0127122,0.291843,91801.5
000701.SZ,20260423,17300,5.85,101205.0,5.85,0.0025908,0.16256,66774.7
000702.SZ,20260423,59200,6.8,402560.0,6.81,0.0222027,0.308005,26663.5
000703.SZ,20260423,142100,15.0,2131500.0,14.99,0.00373759,0.231818,380191.0
000705.SZ,20260423,7900,8.65,68335.0,8.62,0.00280181,0.130842,28196.1
000707.SZ,20260423,2793630,6.21,17348442.3,6.27,0.507284,14.7343,55070.4
000708.SZ,20260423,165600,16.31,2700936.0,16.38,0.00328107,1.83529,504714.0
000709.SZ,20260423,372600,2.3,856980.0,2.31,0.00360508,0.535923,1033540.0
000710.SZ,20260423,10900,9.95,108455.0,9.97,0.00330774,0.170461,32953.0
000711.SZ,20260423,5512500,4.39,24199875.0,4.21,0.231454,4.60317,238168.0
000712.SZ,20260423,81600,10.47,854352.0,10.52,0.00910985,0.801487,89573.4
000713.SZ,20260423,3600,6.42,23112.0,6.44,0.000586305,0.0483876,61401.5
000715.SZ,20260423,941200,5.93,5581316.0,6.01,0.19365,4.83303,48603.1
000716.SZ,20260423,35500,5.06,179630.0,5.08,0.00480519,0.43939,73878.4
000717.SZ,20260423,69100,2.42,167222.0,2.42,0.00285118,0.503134,242356.0
000718.SZ,20260423,431900,2.1,906990.0,2.1,0.0189256,1.71752,228209.0
000719.SZ,20260423,59600,14.5,864200.0,14.5,0.00893356,0.443298,66714.8
000720.SZ,20260423,1160900,4.99,5792891.0,5.03,0.0923892,0.78073,125653.0
000721.SZ,20260423,11902,7.81,92954.62,7.81,0.00232297,0.0819803,51236.0
000722.SZ,20260423,731300,14.6,10676980.0,14.61,0.157554,2.02163,46415.8
000723.SZ,20260423,844300,4.49,3790907.0,4.44,0.0192104,1.61466,439501.0
000725.SZ,20260423,2241433,4.26,9548504.58,4.27,0.00616767,0.300312,3634170.0
000726.SZ,20260423,96400,6.68,643952.0,6.68,0.0163574,0.908766,58933.6
000727.SZ,20260423,408700,2.73,1115751.0,2.74,0.00902294,0.407786,452957.0
000728.SZ,20260423,96400,7.4,713360.0,7.4,0.0022091,0.289405,436378.0
000729.SZ,20260423,166200,12.8,2127360.0,12.81,0.00662255,0.465891,250961.0
000731.SZ,20260423,67700,7.25,490825.0,7.26,0.0123354,0.361668,54882.6
000733.SZ,20260423,40900,47.74,1952566.0,47.69,0.00738141,0.527726,55409.5
000735.SZ,20260423,109900,6.9,758310.0,6.94,0.00954907,0.425169,115090.0
000736.SZ,20260423,46500,5.25,244125.0,5.27,0.00622408,0.803636,74709.8
000737.SZ,20260423,223000,14.35,3200050.0,14.25,0.0117089,0.723595,190454.0
000738.SZ,20260423,209700,21.33,4472901.0,21.4,0.0159445,0.827512,131518.0
000739.SZ,20260423,42700,18.26,779702.0,18.4,0.00368737,0.405758,115801.0
000750.SZ,20260423,100000,3.88,388000.0,3.87,0.00172527,0.329659,579620.0
000751.SZ,20260423,7517600,6.4,48112640.0,6.33,0.533213,6.38198,140987.0
000752.SZ,20260423,113800,10.15,1155070.0,9.97,0.0431455,2.07575,26375.8
000753.SZ,20260423,53800,6.44,346472.0,6.48,0.00542623,0.298755,99148.1
000755.SZ,20260423,27300,5.13,140049.0,5.13,0.00186055,0.697156,146731.0
000756.SZ,20260423,18000,14.53,261540.0,14.5,0.00360794,0.433963,49889.9
000757.SZ,20260423,16600,4.75,78850.0,4.75,0.00311611,0.201969,53271.6
000758.SZ,20260423,144700,7.19,1040393.0,7.21,0.00732225,0.357032,197617.0
000759.SZ,20260423,19900,5.32,105868.0,5.34,0.0030349,0.0952381,65570.6
000761.SZ,20260423,32500,2.98,96850.0,2.97,0.000876426,0.281761,370824.0
000762.SZ,20260423,255700,36.88,9430216.0,37.25,0.0490975,0.396284,52080.1
000766.SZ,20260423,21900,23.64,517716.0,23.73,0.00226706,0.122052,96600.8
000767.SZ,20260423,4230800,4.08,17261664.0,4.11,0.145276,2.05185,291225.0
000768.SZ,20260423,109500,24.2,2649900.0,24.2,0.00394394,0.429842,277641.0
000776.SZ,20260423,272800,20.31,5540568.0,20.39,0.00462056,0.511092,590405.0
000777.SZ,20260423,46800,22.34,1045512.0,22.34,0.0122062,0.468129,38341.1
000778.SZ,20260423,237200,4.69,1112468.0,4.68,0.00609217,0.294277,389352.0
000779.SZ,20260423,32900,8.56,281624.0,8.58,0.0070787,0.48994,46477.5
000782.SZ,20260423,138300,6.25,864375.0,6.23,0.0261863,0.390797,52814.0
000783.SZ,20260423,107822,7.25,781709.5,7.27,0.00194974,0.299131,553007.0
000785.SZ,20260423,146900,2.56,376064.0,2.56,0.00249085,0.181977,589759.0
000786.SZ,20260423,5100,25.3,129030.0,25.31,0.000301863,0.0406203,168951.0
000788.SZ,20260423,141800,6.43,911774.0,6.51,0.0237924,0.195626,59598.7
000789.SZ,20260423,14900,5.04,75096.0,5.04,0.00186855,0.329746,79740.8
000790.SZ,20260423,48100,3.93,189033.0,3.94,0.00772549,0.223138,62261.5
000791.SZ,20260423,234600,8.25,1935450.0,8.24,0.0121202,0.33393,193562.0
000792.SZ,20260423,350200,36.7,12852340.0,36.73,0.00661813,0.392851,529153.0
000793.SZ,20260423,352900,2.78,981062.0,2.79,0.0179958,0.822952,196101.0
000795.SZ,20260423,65900,9.36,616824.0,9.38,0.00581292,0.427968,113368.0
000796.SZ,20260423,233500,5.2,1214200.0,5.22,0.0175463,0.477778,133077.0
000797.SZ,20260423,16800,2.72,45696.0,2.73,0.00106967,0.0926795,157057.0
000798.SZ,20260423,101800,10.02,1020036.0,10.05,0.0278267,0.913542,36583.6
000799.SZ,20260423,21100,43.27,912997.0,42.98,0.0064943,0.477942,32490.0
000800.SZ,20260423,15100,7.02,106002.0,7.02,0.000306858,0.110683,492084.0
000801.SZ,20260423,30700,14.29,438703.0,14.3,0.00302175,0.241492,101597.0
000802.SZ,20260423,1104400,4.17,4605348.0,4.24,0.154344,3.74901,71554.4
000803.SZ,20260423,62100,7.8,484380.0,7.76,0.0135062,0.226543,45978.8
000807.SZ,20260423,416200,34.56,14383872.0,34.22,0.0120014,0.830885,346792.0
000809.SZ,20260423,5900,3.6,21240.0,3.58,0.000715332,0.0447747,82479.1
000810.SZ,20260423,103600,12.78,1324008.0,12.84,0.00932824,0.372189,111061.0
000811.SZ,20260423,1135700,22.83,25928031.0,22.41,0.116078,2.9568,97839.6
000812.SZ,20260423,49900,3.86,192614.0,3.87,0.00660324,0.496029,75569.0
000813.SZ,20260423,114600,3.32,380472.0,3.33,0.00546557,0.420281,209676.0
000815.SZ,20260423,532400,20.86,11105864.0,21.12,0.0765753,0.406107,69526.3
000816.SZ,20260423,71100,3.19,226809.0,3.2,0.00493918,0.277679,143951.0
000818.SZ,20260423,322500,14.51,4679475.0,14.51,0.0489964,0.875423,65821.1
000819.SZ,20260423,133400,17.21,2295814.0,17.12,0.0364947,0.922815,36553.2
000820.SZ,20260423,26300,3.51,92313.0,3.51,0.00885621,0.298464,29696.7
000821.SZ,20260423,86500,11.37,983505.0,11.39,0.0143058,0.600301,60465.1
000822.SZ,20260423,100400,6.04,606416.0,6.02,0.0112167,0.233467,89509.2
000823.SZ,20260423,218200,16.42,3582844.0,16.48,0.0406347,0.89304,53697.9
000825.SZ,20260423,93800,4.59,430542.0,4.59,0.0016467,0.246625,569625.0
000826.SZ,20260423,185700,1.93,358401.0,1.93,0.01303,0.375107,142517.0
000828.SZ,20260423,7800,10.07,78546.0,10.08,0.000750348,0.156351,103952.0
000829.SZ,20260423,655300,11.6,7601480.0,11.54,0.063986,1.31003,102413.0
000830.SZ,20260423,66400,15.68,1041152.0,15.68,0.00348709,0.216434,190417.0
000831.SZ,20260423,168500,55.0,9267500.0,55.18,0.0158779,0.519289,106122.0
000833.SZ,20260423,179800,26.08,4689184.0,26.08,0.0396295,0.435138,45370.2
000837.SZ,20260423,62800,10.98,689544.0,10.97,0.00623385,0.601266,100740.0
000838.SZ,20260423,1912400,1.76,3365824.0,1.74,0.181482,3.55217,105377.0
000839.SZ,20260423,258700,3.14,812318.0,3.14,0.00659978,0.445496,391983.0
000848.SZ,20260423,4400,8.33,36652.0,8.33,0.000435151,0.0465962,101114.0
000850.SZ,20260423,186600,4.75,886350.0,4.77,0.0197796,1.33702,94339.7
000852.SZ,20260423,41800,7.14,298452.0,7.17,0.0044192,0.202573,94587.3
000856.SZ,20260423,14300,10.7,153010.0,10.69,0.00629956,0.191516,22700.0
000858.SZ,20260423,112411,100.64,11313043.04,100.64,0.00289611,0.896102,388144.0
000859.SZ,20260423,637200,9.9,6308280.0,9.73,0.071122,1.33058,89592.5
000860.SZ,20260423,16500,12.76,210540.0,12.76,0.00222442,0.401436,74176.7
000862.SZ,20260423,697101,6.68,4656634.68,6.68,0.111009,1.61003,62796.7
000863.SZ,20260423,82300,4.61,379403.0,4.62,0.00707278,0.244159,116362.0
000868.SZ,20260423,25500,4.34,110670.0,4.34,0.00347729,0.354955,73332.9
000869.SZ,20260423,1900,18.99,36081.0,18.96,0.000417479,0.224339,45511.2
000875.SZ,20260423,233300,6.5,1516450.0,6.47,0.00698006,0.385038,334238.0
000876.SZ,20260423,335800,8.6,2887880.0,8.68,0.00746222,0.954399,450000.0
000877.SZ,20260423,16600,4.72,78352.0,4.72,0.000233458,0.183317,711049.0
000878.SZ,20260423,229800,19.95,4584510.0,19.8,0.0114692,0.540457,200362.0
000880.SZ,20260423,469700,32.88,15443736.0,32.1,0.206892,1.47721,22702.7
000881.SZ,20260423,163400,7.8,1274520.0,7.85,0.0180806,1.8285,90373.2
000882.SZ,20260423,153400,1.6,245440.0,1.6,0.00560772,0.368658,273551.0
000883.SZ,20260423,65300,4.87,318011.0,4.86,0.00100778,0.158228,647959.0
000885.SZ,20260423,711800,14.13,10057734.0,13.65,0.110859,12.7982,64207.8
000886.SZ,20260423,22400,5.68,127232.0,5.68,0.00229077,0.209519,97783.7
000887.SZ,20260423,39200,18.65,731080.0,18.69,0.00298242,0.22649,131437.0
000888.SZ,20260423,16000,12.37,197920.0,12.38,0.00303655,0.142008,52691.3
000889.SZ,20260423,1951700,4.58,8938786.0,4.62,0.224373,0.782959,86984.5
000890.SZ,20260423,4264500,16.25,69298125.0,15.24,1.01659,5.16847,41949.1
000892.SZ,20260423,3518800,5.51,19388588.0,6.12,0.495022,6.58922,71083.6
000893.SZ,20260423,45000,53.01,2385450.0,53.25,0.00554317,0.309358,81181.0
000895.SZ,20260423,40200,28.93,1162986.0,28.93,0.00116044,0.415647,346421.0
000897.SZ,20260423,179900,2.1,377790.0,2.1,0.0111239,0.808382,161724.0
000898.SZ,20260423,408000,2.32,946560.0,2.31,0.00512725,1.65254,795748.0
000899.SZ,20260423,263200,13.19,3471608.0,13.26,0.0269761,0.852986,97567.8
000900.SZ,20260423,17900,4.09,73211.0,4.09,0.00117939,0.219871,151774.0
000901.SZ,20260423,98100,23.26,2281806.0,23.37,0.0122903,0.311384,79819.3
000902.SZ,20260423,312100,15.95,4977995.0,15.95,0.0273105,1.76603,114278.0
000903.SZ,20260423,89900,2.52,226548.0,2.52,0.00468165,0.576295,192026.0
000905.SZ,20260423,18100,10.81,195661.0,10.8,0.00243999,0.179325,74180.8
000906.SZ,20260423,7100,5.73,40683.0,5.74,0.00101249,0.159132,70124.0
000908.SZ,20260423,92200,7.07,651854.0,7.06,0.01048,0.626429,87977.4
000909.SZ,20260423,83000,6.03,500490.0,6.35,0.0189623,1.76244,43771.1
000910.SZ,20260423,4900,6.88,33712.0,6.9,0.000895499,0.137097,54718.1
000911.SZ,20260423,288200,5.98,1723436.0,6.0,0.0719924,1.61925,40032.0
000912.SZ,20260423,156900,4.91,770379.0,4.92,0.0100064,0.330614,156800.0
000913.SZ,20260423,53600,13.86,742896.0,14.02,0.0103057,0.467093,52010.3
000915.SZ,20260423,46100,30.19,1391759.0,30.17,0.0196857,1.35879,23418.0
000917.SZ,20260423,171100,9.93,1699023.0,9.93,0.0120709,0.511183,141746.0
000919.SZ,20260423,340900,7.64,2604476.0,7.72,0.0548276,0.434401,62176.7
000920.SZ,20260423,29200,11.95,348940.0,12.0,0.0061786,0.738618,47259.9
000921.SZ,20260423,29100,22.47,653877.0,22.59,0.00316947,0.511358,91813.3
000922.SZ,20260423,18000,14.15,254700.0,14.1,0.00306428,0.22916,58741.3
000923.SZ,20260423,20500,19.03,390115.0,18.87,0.00326484,0.234121,62790.1
000925.SZ,20260423,838700,7.92,6642504.0,7.6,0.124576,5.44225,67324.4
000926.SZ,20260423,35700,1.98,70686.0,1.98,0.00226925,0.171085,157321.0
000927.SZ,20260423,239600,2.9,694840.0,2.9,0.0039601,0.275796,605035.0
000928.SZ,20260423,149500,6.93,1036035.0,6.96,0.0104208,0.327778,143463.0
000929.SZ,20260423,14000,10.42,145880.0,10.41,0.00753684,0.327866,18575.4
000930.SZ,20260423,127000,6.37,808990.0,6.37,0.00684139,0.633882,185635.0
000931.SZ,20260423,45400,5.07,230178.0,5.08,0.00604504,0.278463,75103.0
000932.SZ,20260423,91900,5.04,463176.0,5.02,0.00134109,0.139917,685261.0
000933.SZ,20260423,271200,33.33,9039096.0,33.17,0.0120672,0.63331,224742.0
000935.SZ,20260423,33300,28.94,963702.0,28.95,0.00436183,0.633705,76344.0
000936.SZ,20260423,559400,8.4,4698960.0,8.41,0.0631457,0.896803,88588.7
000937.SZ,20260423,80000,5.56,444800.0,5.57,0.00233005,0.506744,343340.0
000938.SZ,20260423,5944993,30.52,181441186.36,29.92,0.207862,3.68107,286007.0
000948.SZ,20260423,8500,15.36,130560.0,15.38,0.00218425,0.218767,38914.9
000949.SZ,20260423,516700,8.1,4185270.0,8.12,0.0311933,0.668061,165644.0
000950.SZ,20260423,480700,6.0,2884200.0,6.03,0.0278153,0.816461,172818.0
000951.SZ,20260423,61203,24.69,1511102.07,24.6,0.00520935,0.289209,117487.0
000952.SZ,20260423,6800,6.67,45356.0,6.67,0.00197678,0.100129,34399.4
000953.SZ,20260423,13800,6.6,91080.0,6.59,0.00376923,0.253658,36612.2
000955.SZ,20260423,37300,5.02,187246.0,5.02,0.00692906,0.254323,53831.3
000957.SZ,20260423,103600,12.3,1274280.0,12.3,0.0174733,0.50582,59290.4
000958.SZ,20260423,36100,6.14,221654.0,6.13,0.00067058,0.157116,538340.0
000959.SZ,20260423,97600,4.55,444080.0,4.56,0.00130978,0.170175,745161.0
000960.SZ,20260423,1273530,41.01,52227465.3,40.58,0.0773979,1.72288,164543.0
000962.SZ,20260423,79600,50.56,4024576.0,50.99,0.0158674,0.292522,50165.9
000963.SZ,20260423,55900,34.18,1910662.0,34.16,0.0031888,0.645191,175301.0
000965.SZ,20260423,24400,3.58,87352.0,3.58,0.00219853,0.163091,110983.0
000966.SZ,20260423,649200,4.43,2875956.0,4.43,0.0199048,1.03534,326152.0
000967.SZ,20260423,2590800,13.6,35234880.0,13.65,0.0804723,0.994021,321949.0
000968.SZ,20260423,494800,8.9,4403720.0,8.82,0.051142,0.822489,96750.3
000969.SZ,20260423,103500,22.08,2285280.0,22.07,0.0100121,0.403456,103375.0
000970.SZ,20260423,163700,12.36,2023332.0,12.32,0.0134652,0.970734,121573.0
000972.SZ,20260423,6900,3.94,27186.0,3.94,0.000894613,0.0555978,77128.4
000973.SZ,20260423,395500,18.34,7253470.0,18.21,0.0408818,0.43193,96742.3
000975.SZ,20260423,188000,29.57,5559160.0,29.8,0.00743838,0.712307,252743.0
000977.SZ,20260423,426300,74.32,31682616.0,74.2,0.0290626,0.444,146683.0
000978.SZ,20260423,127500,7.21,919275.0,7.26,0.0272366,0.223355,46812.0
000980.SZ,20260423,8503600,2.38,20238568.0,2.39,0.169011,3.44077,503139.0
000981.SZ,20260423,1142000,4.03,4602260.0,4.06,0.0120042,0.420668,951336.0
000983.SZ,20260423,1488388,6.33,9421496.04,6.41,0.0262176,3.05377,567707.0
000985.SZ,20260423,13900,18.97,263683.0,18.95,0.010722,1.08212,12964.0
000987.SZ,20260423,199100,9.15,1821765.0,9.17,0.0039714,0.431962,501334.0
000988.SZ,20260423,681800,121.93,83131874.0,120.95,0.0678418,0.767675,100499.0
000989.SZ,20260423,509800,9.98,5087804.0,9.83,0.0734419,2.25842,69415.4
000990.SZ,20260423,3715848,12.13,45073236.24,11.94,0.305772,4.6354,121524.0
000993.SZ,20260423,103400,12.73,1316282.0,12.72,0.0235135,0.466775,43974.8
000995.SZ,20260423,74200,13.76,1020992.0,13.65,0.0418245,0.65525,17740.8
000997.SZ,20260423,129300,21.11,2729523.0,21.2,0.0128345,0.503725,100744.0
000998.SZ,20260423,61200,9.72,594864.0,9.73,0.00465608,0.246647,131441.0
000999.SZ,20260423,10300,27.37,281911.0,27.38,0.000619477,0.096695,166269.0
001201.SZ,20260423,21600,13.08,282528.0,13.11,0.0106333,0.344077,20313.5
001202.SZ,20260423,25700,17.1,439470.0,16.99,0.0219989,2.05799,11682.4
001203.SZ,20260423,106500,45.3,4824450.0,45.2,0.00815483,0.383524,130597.0
001205.SZ,20260423,11600,14.75,171100.0,14.75,0.00696762,0.316656,16648.4
001206.SZ,20260423,23100,20.0,462000.0,20.07,0.0216162,0.460807,10686.4
001207.SZ,20260423,67700,18.0,1218600.0,17.96,0.0231356,0.881428,29262.2
001208.SZ,20260423,156200,21.65,3381730.0,21.81,0.0490064,0.272405,31873.4
001209.SZ,20260423,6700,20.73,138891.0,20.69,0.00697229,0.329062,9609.46
001210.SZ,20260423,2900,20.98,60842.0,21.02,0.00304305,0.127693,9529.9
001211.SZ,20260423,33400,32.09,1071806.0,31.97,0.0498533,0.68886,6699.66
001212.SZ,20260423,51900,52.46,2722674.0,52.45,0.0298535,0.997494,17384.9
001213.SZ,20260423,22500,4.02,90450.0,4.02,0.00050625,0.236033,444444.0
001215.SZ,20260423,2600,39.46,102596.0,39.45,0.00268642,0.103909,9678.29
001216.SZ,20260423,14300,18.7,267410.0,18.81,0.00582359,0.347228,24555.3
001217.SZ,20260423,13300,12.02,159866.0,12.02,0.00404768,0.268152,32858.3
001218.SZ,20260423,45300,25.78,1167834.0,25.87,0.0487583,3.66745,9290.72
001219.SZ,20260423,15500,14.86,230330.0,14.87,0.00815266,0.442939,19012.2
001220.SZ,20260423,6200,43.86,271932.0,44.19,0.0274231,0.153187,2260.86
001221.SZ,20260423,1300,63.25,82225.0,63.51,0.00361021,0.125135,3600.9
001222.SZ,20260423,10500,19.55,205275.0,19.6,0.00977563,0.64467,10741.0
001223.SZ,20260423,2800,58.5,163800.0,58.5,0.0029994,0.149269,9335.2
001225.SZ,20260423,4400,50.0,220000.0,50.15,0.0209138,0.453197,2103.88
001226.SZ,20260423,100,45.39,4539.0,45.52,0.000294753,0.00905631,3392.67
001227.SZ,20260423,238900,2.23,532747.0,2.24,0.00566449,0.929271,421750.0
001228.SZ,20260423,600,34.23,20538.0,34.23,0.000751271,0.0357455,7986.46
001229.SZ,20260423,31000,39.38,1220780.0,39.38,0.0588465,1.16514,5267.94
001230.SZ,20260423,6100,28.03,170983.0,28.03,0.00776513,0.118392,7855.63
001231.SZ,20260423,5100,23.71,120921.0,23.83,0.0100312,0.138111,5084.15
001233.SZ,20260423,5230,69.99,366047.7,70.3,0.0147799,0.273629,3538.59
001234.SZ,20260423,596300,29.82,17781666.0,29.56,0.651797,16.1488,9148.55
001236.SZ,20260423,17600,9.14,160864.0,9.18,0.00232166,0.305239,75807.8
001238.SZ,20260423,11400,47.17,537738.0,47.26,0.0109967,2.43933,10366.7
001239.SZ,20260423,16300,15.03,244989.0,15.01,0.0142982,0.635262,11400.0
001255.SZ,20260423,2200,36.79,80938.0,36.78,0.00309615,0.195868,7105.6
001256.SZ,20260423,5300,23.96,126988.0,23.98,0.00495732,0.249395,10691.3
001257.SZ,20260423,113547,24.12,2738753.64,24.25,0.0829125,0.372341,13694.8
001258.SZ,20260423,306200,9.44,2890528.0,9.43,0.0328075,0.718779,93332.4
001259.SZ,20260423,3300,31.66,104478.0,31.74,0.00694087,0.395643,4754.45
001260.SZ,20260423,3400,21.55,73270.0,21.56,0.00295652,0.19957,11500.0
001266.SZ,20260423,2400,32.83,78792.0,32.86,0.00413213,0.17379,5808.14
001267.SZ,20260423,486700,47.2,22972240.0,46.29,0.0803609,0.756979,60564.3
001268.SZ,20260423,112500,37.97,4271625.0,37.54,0.178761,1.65986,6293.33
001269.SZ,20260423,11300,21.84,246792.0,21.84,0.00587281,0.416205,19241.2
001270.SZ,20260423,98000,156.48,15335040.0,154.35,0.0481574,1.02599,20350.0
001277.SZ,20260423,2400,35.57,85368.0,35.57,0.00526899,0.327963,4554.95
001278.SZ,20260423,16800,21.67,364056.0,21.9,0.0196927,0.772045,8531.09
001279.SZ,20260423,3200,31.9,102080.0,31.85,0.008,0.420608,4000.0
001280.SZ,20260423,104300,84.49,8812307.0,83.45,0.0659762,0.825315,15808.7
001282.SZ,20260423,113200,21.98,2488136.0,21.5,0.144822,2.60072,7816.48
001283.SZ,20260423,58700,72.8,4273360.0,72.1,0.0736154,1.16877,7973.87
001285.SZ,20260423,900,53.17,47853.0,53.3,0.00216884,0.0585512,4149.68
001286.SZ,20260423,88900,11.5,1022350.0,11.58,0.00658519,0.312367,135000.0
001287.SZ,20260423,249100,28.0,6974800.0,27.57,0.0327806,1.00505,75990.0
001288.SZ,20260423,1700,28.02,47634.0,28.07,0.00111904,0.0369179,15191.6
001289.SZ,20260423,149700,16.33,2444601.0,16.13,0.0029691,1.65577,504193.0
001296.SZ,20260423,8300,25.41,210903.0,25.49,0.0108001,0.331922,7685.13
001298.SZ,20260423,142500,21.97,3130725.0,21.96,0.0597046,1.04203,23867.5
001299.SZ,20260423,133600,14.58,1947888.0,14.45,0.0611722,0.765904,21840.0
001300.SZ,20260423,13100,17.95,235145.0,17.89,0.00537379,0.156386,24377.6
001301.SZ,20260423,19300,74.26,1433218.0,74.18,0.0103906,0.261582,18574.4
001306.SZ,20260423,900,69.07,62163.0,69.13,0.00580654,0.0896647,1549.98
001308.SZ,20260423,1200,20.5,24600.0,20.44,0.000246287,0.0580489,48723.7
001309.SZ,20260423,389900,539.0,210156100.0,525.0,0.241684,2.73075,16132.6
001311.SZ,20260423,17100,31.5,538650.0,31.48,0.0125501,0.362477,13625.4
001312.SZ,20260423,222700,28.47,6340269.0,29.1,0.389606,0.632036,5716.03
001313.SZ,20260423,14900,8.46,126054.0,8.47,0.00213123,0.10011,69912.6
001314.SZ,20260423,335000,47.9,16046500.0,44.09,0.269316,23.1601,12438.9
001316.SZ,20260423,11500,51.48,592020.0,51.73,0.0103332,0.398333,11129.2
001317.SZ,20260423,10000,49.79,497900.0,50.11,0.0116984,0.348258,8548.14
001318.SZ,20260423,7500,13.47,101025.0,13.51,0.00265336,0.333233,28266.0
001319.SZ,20260423,900,25.45,22905.0,25.6,0.00109756,0.0498112,8200.01
001322.SZ,20260423,32200,7.21,232162.0,7.22,0.00409871,0.684552,78561.3
001323.SZ,20260423,3000,24.46,73380.0,24.35,0.000963861,0.291476,31124.8
001324.SZ,20260423,4400,20.45,89980.0,20.45,0.00538862,0.126626,8165.36
001325.SZ,20260423,6700,65.15,436505.0,65.22,0.0341837,0.201862,1960.0
001326.SZ,20260423,3100,54.8,169880.0,54.7,0.0128613,0.23987,2410.33
001328.SZ,20260423,18400,35.79,658536.0,35.18,0.0113779,1.01439,16171.7
001330.SZ,20260423,3647500,8.18,29836550.0,8.18,0.265366,1.99529,137452.0
001331.SZ,20260423,32400,49.09,1590516.0,49.37,0.0193,0.772797,16787.6
001332.SZ,20260423,1400,57.95,81130.0,57.92,0.00291645,0.0809055,4800.35
001333.SZ,20260423,10200,24.82,253164.0,24.83,0.0231818,0.352166,4400.0
001335.SZ,20260423,4900,45.33,222117.0,44.98,0.0191826,0.347005,2554.4
001336.SZ,20260423,8700,26.12,227244.0,26.11,0.0186763,0.756324,4658.32
001337.SZ,20260423,98500,49.29,4855065.0,49.29,0.0234524,1.27014,42000.0
001338.SZ,20260423,103500,12.5,1293750.0,12.54,0.0206286,0.819864,50173.1
001339.SZ,20260423,16100,74.53,1199933.0,74.03,0.0134824,0.164971,11941.5
001356.SZ,20260423,1600,10.87,17392.0,10.87,0.000797421,0.0617226,20064.7
001358.SZ,20260423,1200,27.8,33360.0,27.81,0.00241466,0.0921879,4969.65
001359.SZ,20260423,2500,84.44,211100.0,84.0,0.00539025,0.127996,4638.0
001360.SZ,20260423,7100,21.6,153360.0,21.55,0.00565808,0.292963,12548.4
001366.SZ,20260423,54900,14.93,819657.0,14.93,0.0341673,0.510979,16068.0
001367.SZ,20260423,58200,26.59,1547538.0,26.6,0.0478473,0.823514,12163.7
001368.SZ,20260423,2900,28.3,82070.0,28.55,0.00267995,0.104874,10821.1
001369.SZ,20260423,42400,16.0,678400.0,16.09,0.0210914,0.237858,20102.9
001373.SZ,20260423,3200,35.09,112288.0,35.09,0.00965841,0.277599,3313.17
001376.SZ,20260423,20400,16.16,329664.0,16.15,0.00954373,0.231499,21375.3
001378.SZ,20260423,5300,25.36,134408.0,25.34,0.00821632,0.217823,6450.58
001379.SZ,20260423,9800,21.75,213150.0,21.75,0.0145619,0.619579,6729.9
001380.SZ,20260423,4300,19.47,83721.0,19.47,0.00488618,0.239086,8800.33
001382.SZ,20260423,32300,20.76,670548.0,20.67,0.0512698,0.607132,6300.0
001386.SZ,20260423,20700,19.23,398061.0,19.23,0.0192482,0.488091,10754.3
001387.SZ,20260423,19800,13.3,263340.0,13.33,0.0173821,0.993912,11391.0
001388.SZ,20260423,4900,38.89,190561.0,39.06,0.0157051,0.458039,3120.0
001389.SZ,20260423,72200,160.12,11560664.0,158.52,0.0475171,0.646166,15194.5
001390.SZ,20260423,88300,21.72,1917876.0,21.32,0.1766,6.72248,5000.0
001391.SZ,20260423,83000,5.32,441560.0,5.33,0.00546285,0.770925,151935.0
001395.SZ,20260423,2700,40.71,109917.0,40.55,0.00575816,0.410623,4689.0
001396.SZ,20260423,1600,47.4,75840.0,47.52,0.00720489,0.0551179,2220.71
001400.SZ,20260423,27000,204.02,5508540.0,211.04,0.18,1.00349,1500.0
001696.SZ,20260423,157300,19.58,3079934.0,19.58,0.0176464,0.620755,89139.8
001872.SZ,20260423,14100,21.49,303009.0,21.49,0.00061251,0.764516,230200.0
001896.SZ,20260423,2662600,17.7,47128020.0,17.5,0.174507,1.1889,152578.0
001914.SZ,20260423,3600,10.2,36720.0,10.22,0.000341648,0.0446259,105372.0
001965.SZ,20260423,33100,9.37,310147.0,9.37,0.000487116,0.274466,679510.0
001979.SZ,20260423,53200,8.63,459116.0,8.65,0.000632311,0.108241,841358.0
002001.SZ,20260423,138500,34.44,4769940.0,34.2,0.00456063,0.287463,303686.0
002003.SZ,20260423,37800,10.05,379890.0,10.03,0.00369827,0.636516,102210.0
002004.SZ,20260423,721300,5.36,3866168.0,5.25,0.038334,3.21514,188162.0
002005.SZ,20260423,641800,2.97,1906146.0,2.93,0.0366326,5.9144,175199.0
002006.SZ,20260423,19800,18.01,356598.0,18.01,0.00380921,0.23673,51979.3
002007.SZ,20260423,10800,14.89,160812.0,14.89,0.000686492,0.153153,157321.0
002008.SZ,20260423,687502,95.0,65312690.0,94.18,0.0718598,1.45457,95672.7
002009.SZ,20260423,155600,24.92,3877552.0,24.95,0.0439396,0.606933,35412.3
002010.SZ,20260423,71400,5.89,420546.0,5.9,0.00258947,0.288773,275732.0
002011.SZ,20260423,19300,12.17,234881.0,12.17,0.00182151,0.204499,105956.0
002012.SZ,20260423,53900,7.2,388080.0,7.2,0.0115263,0.360039,46762.5
002014.SZ,20260423,10900,11.85,129165.0,11.85,0.00180309,0.605928,60451.7
002015.SZ,20260423,2592900,20.2,52376580.0,19.87,0.159728,1.30811,162332.0
002016.SZ,20260423,77900,5.53,430787.0,5.55,0.00962803,0.434069,80909.6
002017.SZ,20260423,15100,19.21,290071.0,19.25,0.00260306,0.159535,58008.6
002019.SZ,20260423,33600,12.02,403872.0,12.02,0.00399299,0.176974,84147.4
002020.SZ,20260423,47200,15.2,717440.0,15.22,0.00651962,0.397048,72396.8
002021.SZ,20260423,467300,3.02,1411246.0,3.01,0.0390903,1.20843,119544.0
002022.SZ,20260423,10500,5.78,60690.0,5.78,0.0020417,0.134952,51427.8
002023.SZ,20260423,595200,13.09,7791168.0,13.2,0.080339,0.821068,74086.0
002024.SZ,20260423,284800,1.29,367392.0,1.29,0.00307782,0.939229,925329.0
002025.SZ,20260423,229800,75.08,17253384.0,76.45,0.0506311,0.593407,45387.1
002026.SZ,20260423,44300,13.11,580773.0,13.11,0.0100569,0.81448,44049.4
002027.SZ,20260423,567600,6.27,3558852.0,6.26,0.00393015,0.424111,1444220.0
002028.SZ,20260423,124400,227.0,28238800.0,221.56,0.0203706,1.01441,61068.3
002029.SZ,20260423,94400,9.81,926064.0,9.84,0.0141868,0.547011,66540.6
002030.SZ,20260423,68520,5.81,398101.2,5.81,0.00488227,0.73721,140345.0
002031.SZ,20260423,35900,6.08,218272.0,6.06,0.00185171,0.0999275,193875.0
002032.SZ,20260423,4690,46.7,219023.0,46.68,0.000585386,0.222195,80118.1
002033.SZ,20260423,623300,10.39,6476087.0,10.44,0.113434,0.595765,54948.0
002034.SZ,20260423,185724,18.84,3499040.16,18.84,0.0421316,0.946114,44081.9
002035.SZ,20260423,41500,6.21,257715.0,6.2,0.00530665,0.2638,78203.8
002036.SZ,20260423,149500,9.07,1355965.0,9.07,0.0141643,0.62353,105547.0
002037.SZ,20260423,17800,8.42,149876.0,8.39,0.00367857,0.330165,48388.4
002038.SZ,20260423,251700,7.28,1832376.0,7.36,0.0295453,0.257535,85191.3
002039.SZ,20260423,171300,22.1,3785730.0,21.8,0.0400648,1.01741,42755.7
002040.SZ,20260423,20600,9.95,204970.0,9.96,0.00423803,0.303192,48607.5
002041.SZ,20260423,81400,10.06,818884.0,10.11,0.00925,0.83135,88000.0
002042.SZ,20260423,826500,4.94,4082910.0,4.93,0.0485982,0.845851,170068.0
002043.SZ,20260423,38200,13.88,530216.0,13.9,0.00473051,0.384236,80752.3
002044.SZ,20260423,316600,5.31,1681146.0,5.32,0.00817195,0.285491,387423.0
002045.SZ,20260423,40800,11.55,471240.0,11.55,0.00726334,0.308348,56172.5
002046.SZ,20260423,172700,53.73,9279171.0,54.2,0.0326587,1.01695,52880.3
002047.SZ,20260423,184600,5.6,1033760.0,5.55,0.0121755,0.570979,151616.0
002048.SZ,20260423,37000,28.8,1065600.0,28.69,0.00521274,0.256254,70979.9
002049.SZ,20260423,183300,73.0,13380900.0,72.43,0.021577,0.914245,84951.5
002050.SZ,20260423,603100,46.09,27796879.0,46.09,0.0163699,0.724694,368420.0
002051.SZ,20260423,1444000,11.24,16230560.0,11.54,0.116702,1.10554,123734.0
002052.SZ,20260423,34300,10.24,351232.0,10.26,0.00497543,0.300448,68938.7
002053.SZ,20260423,53200,11.69,621908.0,11.69,0.00577807,0.545542,92072.3
002054.SZ,20260423,165500,8.26,1367030.0,8.19,0.0430976,1.07634,38401.2
002055.SZ,20260423,135500,5.98,810290.0,5.96,0.0228118,0.809455,59399.0
002056.SZ,20260423,761400,19.44,14801616.0,19.74,0.0468545,2.7927,162503.0
002057.SZ,20260423,7500,9.79,73425.0,9.77,0.000995454,0.0943268,75342.5
002058.SZ,20260423,7367,23.09,170104.03,23.08,0.00514751,0.269929,14311.8
002059.SZ,20260423,47400,4.99,236526.0,5.01,0.00482175,0.201158,98304.6
002060.SZ,20260423,178400,3.85,686840.0,3.84,0.0114153,0.290075,156281.0
002061.SZ,20260423,97200,3.89,378108.0,3.89,0.0037397,0.65314,259914.0
002062.SZ,20260423,132400,9.4,1244560.0,9.4,0.011772,0.213737,112470.0
002063.SZ,20260423,64900,6.48,420552.0,6.49,0.00367972,0.151491,176372.0
002064.SZ,20260423,83800,11.41,956158.0,11.48,0.00169225,0.211034,495199.0
002065.SZ,20260423,118100,8.4,992040.0,8.45,0.00406132,0.37501,290792.0
002066.SZ,20260423,17300,23.96,414508.0,23.79,0.00748918,0.272942,23100.0
002067.SZ,20260423,580700,4.94,2868658.0,5.0,0.0434135,1.32616,133760.0
002068.SZ,20260423,23400,8.69,203346.0,8.69,0.00318376,0.179524,73497.9
002069.SZ,20260423,93700,3.75,351375.0,3.75,0.0131932,0.83848,71021.6
002072.SZ,20260423,7000,7.49,52430.0,7.49,0.0019046,0.118852,36753.2
002073.SZ,20260423,74700,7.3,545310.0,7.32,0.00736947,0.336826,101364.0
002074.SZ,20260423,319200,40.76,13010592.0,40.5,0.0183851,0.444538,173619.0
002075.SZ,20260423,110800,4.66,516328.0,4.67,0.00505055,0.56876,219382.0
002076.SZ,20260423,704500,2.12,1493540.0,2.11,0.0675926,2.30818,104227.0
002077.SZ,20260423,41700,16.05,669285.0,15.96,0.00718534,0.270755,58034.9
002078.SZ,20260423,51700,14.54,751718.0,14.56,0.00186148,0.272786,277735.0
002079.SZ,20260423,271900,10.71,2912049.0,10.7,0.0335363,0.737213,81076.4
002080.SZ,20260423,460100,52.7,24247270.0,51.73,0.0274175,0.864659,167812.0
002081.SZ,20260423,43192600,5.43,234535818.0,4.94,1.63323,46.3862,264460.0
002082.SZ,20260423,88600,27.88,2470168.0,28.16,0.0160144,0.240078,55325.3
002083.SZ,20260423,266500,11.26,3000790.0,11.36,0.0281616,0.343462,94632.3
002084.SZ,20260423,53500,3.73,199555.0,3.73,0.00830048,0.32918,64454.1
002085.SZ,20260423,54800,14.45,791860.0,14.46,0.00258089,0.189665,212330.0
002086.SZ,20260423,1085300,1.97,2138041.0,1.98,0.068634,3.43488,158129.0
002088.SZ,20260423,19400,10.38,201372.0,10.37,0.00383557,0.402683,50579.1
002090.SZ,20260423,7300,10.6,77380.0,10.62,0.00184793,0.086331,39503.6
002091.SZ,20260423,173500,9.6,1665600.0,9.66,0.010856,0.674935,159819.0
002092.SZ,20260423,128000,6.08,778240.0,6.1,0.00496982,0.284639,257555.0
002093.SZ,20260423,83400,9.78,815652.0,9.83,0.00827792,0.738935,100750.0
002094.SZ,20260423,53700,6.12,328644.0,6.1,0.0077775,0.310597,69045.4
002095.SZ,20260423,3300,16.45,54285.0,16.42,0.00131104,0.127969,25170.8
002096.SZ,20260423,6500,11.76,76440.0,11.76,0.000524008,0.112855,124044.0
002097.SZ,20260423,44700,10.07,450129.0,10.08,0.00416706,0.335612,107270.0
002098.SZ,20260423,5500,8.85,48675.0,8.88,0.00153636,0.190812,35798.9
002099.SZ,20260423,13800,7.06,97428.0,7.05,0.00085412,0.0555844,161570.0
002100.SZ,20260423,193200,7.74,1495368.0,7.79,0.0141512,0.586751,136525.0
002101.SZ,20260423,10600,10.21,108226.0,10.22,0.0016007,0.127478,66221.2
002102.SZ,20260423,178600,2.8,500080.0,2.81,0.00821945,0.448166,217290.0
002103.SZ,20260423,3400,8.11,27574.0,8.14,0.000875983,0.0577239,38813.6
002104.SZ,20260423,40600,14.83,602098.0,14.86,0.00677006,0.211939,59969.9
002105.SZ,20260423,11000,6.24,68640.0,6.23,0.00301807,0.208439,36447.1
002106.SZ,20260423,43700,11.0,480700.0,11.06,0.00619944,0.315216,70490.2
002107.SZ,20260423,99500,7.57,753215.0,7.58,0.0174136,0.227662,57139.4
002108.SZ,20260423,1828700,6.06,11081922.0,6.12,0.110999,0.684365,164750.0
002109.SZ,20260423,284200,3.87,1099854.0,3.89,0.022268,0.931808,127627.0
002110.SZ,20260423,43500,3.6,156600.0,3.62,0.0017908,0.194965,242908.0
002111.SZ,20260423,20400,10.04,204816.0,10.05,0.00417391,0.430312,48875.1
002112.SZ,20260423,81000,21.01,1701810.0,21.14,0.0309066,0.291394,26208.0
002114.SZ,20260423,262100,9.12,2390352.0,9.2,0.0810474,2.09096,32339.1
002115.SZ,20260423,527000,12.9,6798300.0,12.91,0.0700616,1.09907,75219.6
002116.SZ,20260423,13800,10.39,143382.0,10.41,0.00299544,0.277311,46070.0
002117.SZ,20260423,19000,10.25,194750.0,10.3,0.0036291,0.233311,52354.6
002119.SZ,20260423,306400,21.96,6728544.0,21.76,0.0816448,0.673344,37528.4
002120.SZ,20260423,646700,7.48,4837316.0,7.34,0.0229723,1.13773,281513.0
002121.SZ,20260423,113800,7.7,876260.0,7.68,0.00812903,0.364025,139992.0
002122.SZ,20260423,76700,2.97,227799.0,2.97,0.00385869,0.515253,198772.0
002123.SZ,20260423,26300,9.96,261948.0,9.98,0.00365242,0.108782,72007.0
002124.SZ,20260423,17786580,2.95,52470411.0,3.04,0.901794,4.43536,197235.0
002125.SZ,20260423,74100,14.19,1051479.0,14.25,0.011771,0.372321,62951.1
002126.SZ,20260423,102700,48.38,4968626.0,47.78,0.012931,0.489154,79421.5
002127.SZ,20260423,51600,2.76,142416.0,2.76,0.00258681,0.268314,199473.0
002128.SZ,20260423,21100,33.02,696722.0,33.2,0.000941303,0.12062,224157.0
002129.SZ,20260423,393600,8.78,3455808.0,8.71,0.00974311,0.670494,403978.0
002130.SZ,20260423,162000,26.5,4293000.0,26.27,0.0141244,0.412449,114695.0
002131.SZ,20260423,1916500,7.99,15312835.0,7.98,0.0327338,0.367846,585480.0
002132.SZ,20260423,273000,4.6,1255800.0,4.59,0.0195072,0.190251,139948.0
002133.SZ,20260423,66300,3.25,215475.0,3.25,0.00861184,0.424768,76987.0
002134.SZ,20260423,21600,23.39,505224.0,23.4,0.00876304,0.23405,24649.0
002135.SZ,20260423,65500,7.71,505005.0,7.67,0.00627472,0.190242,104387.0
002136.SZ,20260423,56200,14.3,803660.0,14.27,0.0262059,0.540376,21445.6
002137.SZ,20260423,40700,8.3,337810.0,8.29,0.0102659,0.39729,39645.8
002138.SZ,20260423,169900,36.11,6135089.0,36.14,0.0224587,0.763899,75650.0
002139.SZ,20260423,29200,12.26,357992.0,12.26,0.0027262,0.226455,107109.0
002140.SZ,20260423,27100,12.7,344170.0,12.63,0.00383331,0.381822,70696.1
002141.SZ,20260423,127400,3.82,486668.0,3.82,0.0123338,0.635096,103294.0
002142.SZ,20260423,62100,32.0,1987200.0,31.97,0.000940925,0.269641,659989.0
002144.SZ,20260423,11100,15.2,168720.0,15.09,0.00806442,0.256488,13764.2
002145.SZ,20260423,211300,4.75,1003675.0,4.76,0.00566659,0.521643,372887.0
002146.SZ,20260423,269500,1.3,350350.0,1.31,0.0068899,0.364307,391152.0
002148.SZ,20260423,77900,7.68,598272.0,7.7,0.0173374,0.984293,44931.8
002149.SZ,20260423,900000,63.98,57582000.0,64.1,0.184374,0.967647,48813.9
002150.SZ,20260423,142700,30.26,4318102.0,30.02,0.0397997,0.706045,35854.5
002151.SZ,20260423,57000,39.99,2279430.0,39.99,0.0128722,0.295645,44281.5
002152.SZ,20260423,82900,12.17,1008893.0,12.18,0.00333987,0.429123,248213.0
002153.SZ,20260423,34000,9.81,333540.0,9.81,0.00212531,0.207251,159976.0
002154.SZ,20260423,44500,3.64,161980.0,3.64,0.00377191,0.18319,117977.0
002155.SZ,20260423,407760,31.19,12718034.4,31.35,0.0260965,0.717635,156251.0
002156.SZ,20260423,1139400,49.21,56069874.0,48.89,0.0750864,1.37781,151745.0
002157.SZ,20260423,2375200,3.32,7885664.0,3.34,0.0328182,0.768896,723746.0
002158.SZ,20260423,28000,26.19,733320.0,26.18,0.0052475,0.543791,53358.7
002159.SZ,20260423,1700,17.29,29393.0,17.24,0.00122768,0.0446027,13847.3
002160.SZ,20260423,24700,5.04,124488.0,5.05,0.00239636,0.097477,103073.0
002161.SZ,20260423,139500,7.31,1019745.0,7.3,0.0197945,0.71033,70474.3
002162.SZ,20260423,51200,4.46,228352.0,4.45,0.00557434,0.337127,91849.4
002163.SZ,20260423,87600,12.48,1093248.0,12.56,0.0109016,0.250619,80354.9
002164.SZ,20260423,32500,12.88,418600.0,12.87,0.00677401,0.453278,47977.5
002165.SZ,20260423,757600,9.17,6947192.0,9.48,0.104119,2.40558,72763.0
002166.SZ,20260423,470400,9.23,4341792.0,8.71,0.0636893,6.15417,73858.5
002167.SZ,20260423,51500,13.03,671045.0,13.06,0.00678781,0.208459,75871.3
002168.SZ,20260423,136900,4.36,596884.0,4.41,0.0174581,1.11867,78416.3
002169.SZ,20260423,163400,13.85,2263090.0,13.93,0.0215376,0.45379,75867.4
002170.SZ,20260423,99800,13.85,1382230.0,13.82,0.012679,0.353249,78713.0
002171.SZ,20260423,113800,12.03,1369014.0,12.0,0.00705193,0.327763,161374.0
002172.SZ,20260423,37300,3.76,140248.0,3.77,0.00487492,0.272109,76514.1
002173.SZ,20260423,98900,25.15,2487335.0,25.35,0.0234992,0.437458,42086.5
002174.SZ,20260423,35100,9.69,340119.0,9.65,0.00358434,0.220564,97925.9
002175.SZ,20260423,159500,2.52,401940.0,2.53,0.0124924,0.280142,127678.0
002176.SZ,20260423,2180700,12.51,27280557.0,12.39,0.127824,1.45781,170602.0
002177.SZ,20260423,268600,7.5,2014500.0,7.54,0.0397974,0.516466,67491.9
002178.SZ,20260423,41700,6.06,252702.0,6.05,0.00585853,0.392897,71178.3
002179.SZ,20260423,101500,36.39,3693585.0,36.42,0.00484139,0.358535,209650.0
002180.SZ,20260423,28000,18.29,512120.0,18.3,0.00205839,0.156629,136029.0
002181.SZ,20260423,435500,13.0,5661500.0,12.98,0.0383857,0.460576,113454.0
002182.SZ,20260423,39700,16.68,662196.0,16.67,0.00458688,0.20288,86551.2
002183.SZ,20260423,560900,5.96,3342964.0,6.02,0.021598,0.299301,259699.0
002184.SZ,20260423,4700,11.58,54426.0,11.6,0.00195531,0.0971166,24037.2
002185.SZ,20260423,681125,12.88,8772890.0,12.81,0.0208539,0.742224,326618.0
002186.SZ,20260423,12900,10.21,131709.0,10.23,0.00420467,0.249001,30680.2
002187.SZ,20260423,13900,6.05,84095.0,6.1,0.00198318,0.146946,70089.5
002188.SZ,20260423,85000,6.43,546550.0,6.41,0.0330273,0.752762,25736.3
002189.SZ,20260423,17100,21.1,360810.0,21.1,0.00654771,0.4041,26116.0
002190.SZ,20260423,12700,31.4,398780.0,31.56,0.00354027,0.336241,35872.9
002191.SZ,20260423,44900,3.54,158946.0,3.54,0.00311694,0.370586,144052.0
002192.SZ,20260423,142700,81.35,11608645.0,81.55,0.0550715,0.429938,25911.8
002193.SZ,20260423,36500,6.24,227760.0,6.25,0.0139465,0.41091,26171.4
002194.SZ,20260423,6086200,12.3,74860260.0,11.86,1.19128,50.0054,51089.4
002195.SZ,20260423,1948400,9.45,18412380.0,9.38,0.034785,0.941898,560126.0
002196.SZ,20260423,94500,14.36,1357020.0,14.36,0.0193485,0.327245,48841.0
002197.SZ,20260423,89200,7.6,677920.0,7.64,0.0167041,0.362016,53400.0
002198.SZ,20260423,13900,7.61,105779.0,7.63,0.00273902,0.0838137,50748.1
002199.SZ,20260423,5400,9.33,50382.0,9.42,0.00221818,0.148258,24344.2
002200.SZ,20260423,0,,0.0,7.66,0.0,0.0,19572.6
002201.SZ,20260423,6397272,15.98,102228406.56,15.32,1.06263,7.34722,60202.3
002202.SZ,20260423,1167800,26.45,30888310.0,26.23,0.0347197,0.614633,336350.0
002203.SZ,20260423,311300,18.27,5687451.0,18.25,0.0140723,0.493137,221214.0
002204.SZ,20260423,81100,6.9,559590.0,6.91,0.00419909,0.303223,193137.0
002205.SZ,20260423,8700,12.56,109272.0,12.49,0.00468137,0.315533,18584.3
002206.SZ,20260423,53100,6.23,330813.0,6.22,0.00502443,0.349099,105684.0
002207.SZ,20260423,277400,7.1,1969540.0,7.1,0.10636,1.34799,26081.2
002208.SZ,20260423,106600,12.95,1380470.0,12.93,0.013274,0.343699,80307.2
002209.SZ,20260423,36200,17.21,623002.0,17.33,0.0231587,0.338657,15631.3
002210.SZ,20260423,94600,2.56,242176.0,2.57,0.0035614,0.192673,265626.0
002211.SZ,20260423,3900,3.63,14157.0,3.64,0.000901785,0.0609877,43247.6
002212.SZ,20260423,172700,7.79,1345333.0,7.76,0.0148005,0.702002,116685.0
002213.SZ,20260423,415700,36.12,15015084.0,35.81,0.201252,1.1437,20655.7
002214.SZ,20260423,0,,0.0,18.81,0.0,0.0,47841.7
002215.SZ,20260423,23100,10.11,233541.0,10.11,0.00287674,0.195005,80299.3
002216.SZ,20260423,13000,13.12,170560.0,13.09,0.00206185,0.211451,63050.2
002217.SZ,20260423,9152400,2.9,26541960.0,2.93,0.125731,1.43503,727932.0
002218.SZ,20260423,1352800,5.51,7453928.0,5.59,0.0974866,1.49878,138768.0
002219.SZ,20260423,1161300,2.4,2787120.0,2.43,0.0354934,0.707034,327187.0
002221.SZ,20260423,108700,8.23,894601.0,8.2,0.00744075,0.598152,146088.0
002222.SZ,20260423,264200,97.89,25862538.0,98.34,0.0564347,0.895953,46815.2
002223.SZ,20260423,33700,32.58,1097946.0,32.7,0.0035845,0.563039,94015.8
002224.SZ,20260423,15200,4.4,66880.0,4.41,0.00188497,0.107681,80638.0
002225.SZ,20260423,34800,5.8,201840.0,5.81,0.00357225,0.246047,97417.7
002226.SZ,20260423,20200,5.61,113322.0,5.62,0.00076259,0.141584,264887.0
002227.SZ,20260423,2038000,7.99,16283620.0,8.14,0.828668,12.9463,24593.7
002228.SZ,20260423,117200,3.93,460596.0,3.93,0.00969138,0.311048,120932.0
002229.SZ,20260423,326000,19.0,6194000.0,19.23,0.0661048,0.404662,49315.6
002230.SZ,20260423,270400,49.73,13446992.0,49.51,0.012351,0.748915,218929.0
002232.SZ,20260423,11200,18.25,204400.0,18.36,0.00274141,0.223384,40854.8
002233.SZ,20260423,440600,9.53,4198918.0,9.25,0.0375531,7.1927,117327.0
002234.SZ,20260423,16000,8.77,140320.0,8.79,0.00530841,0.266107,30140.9
002235.SZ,20260423,93800,9.41,882658.0,9.38,0.0169443,0.239032,55357.8
002236.SZ,20260423,160946,18.64,3000033.44,18.64,0.00668208,0.275907,240862.0
002237.SZ,20260423,338602,18.18,6155784.36,18.48,0.0283977,0.518264,119236.0
002238.SZ,20260423,13200,7.08,93456.0,7.08,0.00164474,0.247676,80255.9
002239.SZ,20260423,206800,3.03,626604.0,3.03,0.00633161,0.344671,326615.0
002240.SZ,20260423,204700,48.47,9921809.0,48.0,0.0224228,0.326013,91290.9
002241.SZ,20260423,257600,24.84,6398784.0,24.83,0.00820783,0.342682,313847.0
002242.SZ,20260423,187000,10.3,1926100.0,10.37,0.0245508,0.760468,76168.6
002243.SZ,20260423,58800,9.05,532140.0,9.06,0.00488314,0.604973,120414.0
002244.SZ,20260423,33500,10.18,341030.0,10.23,0.00124725,0.135716,268590.0
002245.SZ,20260423,189000,20.6,3893400.0,20.64,0.0174107,0.277758,108554.0
002246.SZ,20260423,125000,26.64,3330000.0,26.63,0.0227672,0.477053,54903.5
002247.SZ,20260423,78000,2.76,215280.0,2.76,0.0121204,0.416457,64354.1
002248.SZ,20260423,22300,12.36,275628.0,12.35,0.00725214,0.143108,30749.6
002249.SZ,20260423,96600,9.47,914802.0,9.46,0.00518869,0.35018,186174.0
002250.SZ,20260423,6100,16.72,101992.0,16.73,0.000681583,0.0546362,89497.6
002251.SZ,20260423,900300,4.24,3817272.0,4.2,0.0418263,1.47674,215247.0
002252.SZ,20260423,31200,5.63,175656.0,5.63,0.00047032,0.135381,663378.0
002253.SZ,20260423,7500,11.25,84375.0,11.2,0.00360051,0.146501,20830.4
002254.SZ,20260423,184112,10.88,2003138.56,10.87,0.0216458,0.763018,85056.8
002255.SZ,20260423,80700,10.88,878016.0,10.84,0.0126495,0.456263,63797.2
002256.SZ,20260423,6743600,4.51,30413636.0,4.51,0.345476,5.06163,195197.0
002258.SZ,20260423,14000,13.8,193200.0,13.78,0.00175186,0.0865329,79914.9
002259.SZ,20260423,405700,6.0,2434200.0,6.03,0.0539259,0.852842,75232.8
002261.SZ,20260423,1698900,38.04,64626156.0,38.43,0.148291,1.29709,114565.0
002262.SZ,20260423,73500,21.4,1572900.0,21.49,0.00831517,0.453278,88392.7
002263.SZ,20260423,2386600,4.89,11670474.0,4.83,0.127059,0.659305,187835.0
002264.SZ,20260423,34300,8.18,280574.0,8.21,0.00523838,0.214791,65478.3
002265.SZ,20260423,77700,22.88,1777776.0,22.88,0.00752149,0.722368,103304.0
002266.SZ,20260423,97800,4.56,445968.0,4.56,0.00199722,0.163198,489680.0
002267.SZ,20260423,14000,7.78,108920.0,7.78,0.00125891,0.21956,111208.0
002268.SZ,20260423,43300,16.46,712718.0,16.42,0.00512272,0.386458,84525.4
002269.SZ,20260423,142200,1.6,227520.0,1.6,0.0056597,0.396361,251250.0
002270.SZ,20260423,63000,28.45,1792350.0,28.21,0.00702959,0.412677,89621.1
002271.SZ,20260423,130300,15.62,2035286.0,15.69,0.00680598,0.205757,191449.0
002272.SZ,20260423,600700,19.66,11809762.0,19.58,0.147182,0.689306,40813.3
002273.SZ,20260423,1176200,34.58,40672996.0,33.07,0.0863533,1.25283,136208.0
002274.SZ,20260423,32200,6.3,202860.0,6.3,0.00343339,0.153168,93784.9
002275.SZ,20260423,2800,14.08,39424.0,14.11,0.000500857,0.165548,55904.1
002276.SZ,20260423,550700,14.5,7985150.0,14.72,0.0546733,2.44864,100726.0
002277.SZ,20260423,81200,5.95,483140.0,5.94,0.00582424,0.391521,139417.0
002278.SZ,20260423,25700,11.47,294779.0,11.54,0.00772345,0.182223,33275.3
002279.SZ,20260423,58400,8.18,477712.0,8.19,0.00739496,0.283478,78972.7
002281.SZ,20260423,1597125,124.85,199401056.25,123.97,0.204897,2.49666,77947.7
002282.SZ,20260423,36900,6.84,252396.0,6.84,0.00730686,0.685601,50500.5
002283.SZ,20260423,374700,11.21,4200387.0,11.16,0.0373644,1.21685,100283.0
002284.SZ,20260423,35800,13.93,498694.0,13.98,0.00489814,0.280296,73088.9
002285.SZ,20260423,62400,3.04,189696.0,3.04,0.00315911,0.0773635,197524.0
002286.SZ,20260423,5000,10.33,51650.0,10.31,0.00135299,0.0572597,36955.2
002287.SZ,20260423,1900,23.1,43890.0,23.1,0.000332756,0.127077,57099.0
002289.SZ,20260423,121800,31.0,3775800.0,30.73,0.0435072,3.90042,27995.4
002290.SZ,20260423,30500,72.31,2205455.0,71.32,0.0123384,0.357241,24719.6
002291.SZ,20260423,31300,6.3,197190.0,6.31,0.00360132,0.122025,86912.5
002292.SZ,20260423,55000,8.14,447700.0,8.16,0.00540345,0.192221,101787.0
002293.SZ,20260423,510000,10.71,5462100.0,10.58,0.0616998,7.47407,82658.3
002294.SZ,20260423,48400,56.86,2752024.0,57.09,0.0043425,0.247895,111457.0
002295.SZ,20260423,9900,10.88,107712.0,10.88,0.00395535,0.271375,25029.4
002296.SZ,20260423,21800,11.6,252880.0,11.6,0.00627491,0.230684,34741.5
002297.SZ,20260423,5454186,20.54,112028980.44,20.29,0.951691,3.57164,57310.5
002298.SZ,20260423,127800,10.18,1301004.0,10.23,0.0193415,0.39533,66075.7
002299.SZ,20260423,64900,18.95,1229855.0,19.08,0.00532431,0.695496,121894.0
002300.SZ,20260423,445400,10.2,4543080.0,10.22,0.0616646,0.736821,72229.5
002301.SZ,20260423,360900,6.94,2504646.0,6.77,0.0502653,3.87246,71799.0
002302.SZ,20260423,3200,5.59,17888.0,5.6,0.000253495,0.0400168,126235.0
002303.SZ,20260423,22000,3.38,74360.0,3.38,0.00227536,0.133821,96688.1
002304.SZ,20260423,35700,49.55,1768935.0,49.42,0.00236987,0.953949,150641.0
002305.SZ,20260423,377700,2.26,853602.0,2.26,0.0217807,1.30259,173410.0
002306.SZ,20260423,47600,2.33,110908.0,2.34,0.00584795,0.316462,81396.0
002307.SZ,20260423,63000,4.52,284760.0,4.52,0.00496731,0.204117,126829.0
002309.SZ,20260423,2112200,4.38,9251436.0,4.37,0.087784,0.484614,240613.0
002310.SZ,20260423,1066430,2.95,3145968.5,2.93,0.0248064,0.593221,429901.0
002311.SZ,20260423,34900,46.97,1639253.0,47.05,0.00209922,0.439374,166252.0
002312.SZ,20260423,138800,11.62,1612856.0,11.62,0.00736801,0.458454,188382.0
002313.SZ,20260423,23000,8.56,196880.0,8.48,0.00614359,0.401129,37437.4
002314.SZ,20260423,759300,2.51,1905843.0,2.5,0.0567371,0.950996,133828.0
002315.SZ,20260423,174820,33.62,5877448.4,33.62,0.0664934,1.84355,26291.3
002316.SZ,20260423,97800,5.24,512472.0,5.23,0.0286984,0.754213,34078.5
002317.SZ,20260423,68700,18.19,1249653.0,18.35,0.00902028,0.26832,76161.7
002318.SZ,20260423,5100,29.22,149022.0,29.22,0.000534205,0.0569419,95468.9
002319.SZ,20260423,30800,11.17,344036.0,11.16,0.0154,0.625606,20000.0
002320.SZ,20260423,35300,8.36,295108.0,8.36,0.00157885,0.278191,223580.0
002321.SZ,20260423,250600,2.16,541296.0,2.17,0.0117992,0.467571,212387.0
002322.SZ,20260423,19200,14.14,271488.0,14.13,0.00546387,0.263437,35140.0
002323.SZ,20260423,227100,2.04,463284.0,2.03,0.0107103,0.225628,212038.0
002324.SZ,20260423,814400,17.26,14056544.0,17.43,0.104911,1.62431,77627.6
002326.SZ,20260423,184800,24.9,4601520.0,24.97,0.0228668,0.486074,80815.9
002327.SZ,20260423,43600,7.18,313048.0,7.15,0.00888078,0.788309,49094.8
002328.SZ,20260423,3361200,11.51,38687412.0,11.81,0.588866,2.07278,57079.2
002329.SZ,20260423,43100,4.08,175848.0,4.09,0.0066268,0.12552,65038.9
002330.SZ,20260423,30300,4.66,141198.0,4.67,0.00477031,0.267806,63517.9
002331.SZ,20260423,241800,8.6,2079480.0,8.66,0.0610834,1.16765,39585.2
002332.SZ,20260423,176303,8.95,1577911.85,8.94,0.0179065,1.21589,98457.4
002333.SZ,20260423,534100,5.75,3071075.0,5.75,0.0801339,1.01626,66650.9
002334.SZ,20260423,82300,8.13,669099.0,8.16,0.0111971,0.132488,73501.2
002335.SZ,20260423,101500,67.85,6886775.0,67.68,0.0223238,0.291309,45467.3
002337.SZ,20260423,21800,6.11,133198.0,6.11,0.0037075,0.314054,58799.7
002338.SZ,20260423,94300,65.28,6155904.0,64.76,0.0392917,0.593314,24000.0
002339.SZ,20260423,36200,10.45,378290.0,10.49,0.00756067,0.173477,47879.4
002340.SZ,20260423,691900,8.61,5957259.0,8.57,0.0136317,0.45624,507566.0
002342.SZ,20260423,2536700,19.63,49795421.0,20.15,0.265709,0.930057,95469.0
002343.SZ,20260423,5700,6.29,35853.0,6.31,0.00120334,0.0532136,47368.0
002344.SZ,20260423,102200,4.38,447636.0,4.4,0.00797646,0.98433,128127.0
002345.SZ,20260423,30700,10.95,336165.0,11.02,0.00354001,0.177133,86722.9
002346.SZ,20260423,6300,19.3,121590.0,19.29,0.00160173,0.189512,39332.5
002347.SZ,20260423,152500,8.15,1242875.0,8.17,0.0309091,0.609838,49338.3
002348.SZ,20260423,153800,10.15,1561070.0,10.01,0.0170221,0.64816,90353.3
002349.SZ,20260423,100300,7.33,735199.0,7.37,0.0123191,0.552795,81418.1
002350.SZ,20260423,113900,14.1,1605990.0,14.02,0.0214682,0.549919,53055.1
002351.SZ,20260423,13300,11.32,150556.0,11.33,0.0025525,0.34932,52105.7
002352.SZ,20260423,96400,36.88,3555232.0,36.8,0.00202096,0.527728,477001.0
002353.SZ,20260423,508524,128.26,65223288.24,122.16,0.0736462,2.54623,69049.6
002354.SZ,20260423,121400,5.68,689552.0,5.67,0.00746758,0.224763,162569.0
002355.SZ,20260423,22900,6.05,138545.0,6.06,0.0037045,0.0914012,61816.7
002356.SZ,20260423,68900,3.4,234260.0,3.4,0.00525454,0.242388,131125.0
002357.SZ,20260423,22700,10.95,248565.0,10.94,0.00724134,0.205376,31347.8
002358.SZ,20260423,61800,7.56,467208.0,7.55,0.00664691,0.172201,92975.6
002360.SZ,20260423,2033500,6.92,14071820.0,6.92,0.620874,8.45465,32752.2
002361.SZ,20260423,4002400,23.65,94656760.0,23.65,0.494659,1.08248,80912.3
002362.SZ,20260423,3100,18.63,57753.0,18.69,0.0014933,0.10607,20759.4
002363.SZ,20260423,39600,8.48,335808.0,8.53,0.00952477,0.3595,41575.8
002364.SZ,20260423,967000,44.21,42751070.0,43.74,0.173265,0.878045,55810.4
002365.SZ,20260423,7100,13.38,94998.0,13.37,0.00289455,0.0988593,24528.8
002366.SZ,20260423,166800,7.15,1192620.0,7.15,0.00901448,0.436353,185036.0
002367.SZ,20260423,12600,6.37,80262.0,6.36,0.00158575,0.166039,79457.6
002368.SZ,20260423,21600,20.52,443232.0,20.53,0.00348146,0.231489,62043.0
002369.SZ,20260423,73500,7.29,535815.0,7.3,0.0129809,0.627935,56621.5
002370.SZ,20260423,88300,7.15,631345.0,7.14,0.0118417,0.157588,74566.8
002371.SZ,20260423,79359,478.0,37933602.0,477.95,0.0109574,0.583531,72425.3
002372.SZ,20260423,24700,10.45,258115.0,10.44,0.00167929,0.2815,147086.0
002373.SZ,20260423,173000,9.95,1721350.0,9.95,0.0125582,0.675052,137759.0
002374.SZ,20260423,133600,3.06,408816.0,3.06,0.012311,0.639244,108521.0
002375.SZ,20260423,242900,4.15,1008035.0,4.17,0.0183073,1.20265,132679.0
002376.SZ,20260423,74400,7.24,538656.0,7.26,0.00952247,0.634883,78131.0
002377.SZ,20260423,33900,3.23,109497.0,3.23,0.00388621,0.0994421,87231.5
002378.SZ,20260423,498100,33.54,16706274.0,33.53,0.0416778,0.532495,119512.0
002379.SZ,20260423,27500,27.52,756800.0,27.35,0.00241998,0.164187,113637.0
002380.SZ,20260423,84000,34.3,2881200.0,34.02,0.0590701,1.23924,14220.4
002381.SZ,20260423,14400,6.4,92160.0,6.41,0.00449443,0.289228,32039.7
002382.SZ,20260423,169800,7.63,1295574.0,7.64,0.0169934,0.663491,99921.0
002383.SZ,20260423,610200,9.83,5998266.0,9.96,0.0824193,3.47435,74036.0
002384.SZ,20260423,2260385,192.0,433993920.0,186.34,0.163049,2.31439,138632.0
002385.SZ,20260423,262600,3.94,1034644.0,3.94,0.00745159,0.398551,352408.0
002386.SZ,20260423,179500,6.57,1179315.0,6.6,0.0137928,0.36961,130140.0
002387.SZ,20260423,25700,8.26,212282.0,8.24,0.0018423,0.235201,139500.0
002388.SZ,20260423,8200,5.08,41656.0,5.1,0.00161984,0.0476077,50622.3
002389.SZ,20260423,36800,22.28,819904.0,22.28,0.00373695,0.172337,98476.1
002390.SZ,20260423,104500,3.19,333355.0,3.19,0.00542071,0.340797,192779.0
002391.SZ,20260423,640150,6.45,4128967.5,6.52,0.137934,4.77271,46409.8
002392.SZ,20260423,251200,8.68,2180416.0,8.66,0.0219603,0.577492,114388.0
002393.SZ,20260423,11500,22.92,263580.0,22.98,0.00459453,0.271995,25029.8
002394.SZ,20260423,23100,14.14,326634.0,14.15,0.00714538,0.296417,32328.6
002395.SZ,20260423,9200,18.46,169832.0,18.46,0.00343046,0.145932,26818.6
002396.SZ,20260423,74000,28.01,2072740.0,28.11,0.0126869,0.305598,58328.0
002397.SZ,20260423,947200,4.52,4281344.0,4.59,0.146204,3.8749,64786.2
002398.SZ,20260423,18500,5.07,93795.0,5.06,0.00303528,0.175262,60949.9
002399.SZ,20260423,14900,11.08,165092.0,11.08,0.00119467,0.488165,124720.0
002400.SZ,20260423,317600,8.95,2842520.0,8.92,0.0183992,0.292579,172616.0
002401.SZ,20260423,1400,14.64,20496.0,14.63,0.000377003,0.0469996,37135.0
002402.SZ,20260423,77500,32.32,2504800.0,32.33,0.00952536,0.29942,81361.8
002403.SZ,20260423,15000,10.66,159900.0,10.73,0.00504776,0.269039,29716.1
002404.SZ,20260423,213900,7.11,1520829.0,6.97,0.0469549,3.74766,45554.3
002405.SZ,20260423,104800,9.2,964160.0,9.19,0.0044485,0.218246,235585.0
002406.SZ,20260423,100100,7.72,772772.0,7.76,0.016622,0.665309,60221.3
002407.SZ,20260423,390800,31.71,12392268.0,31.91,0.0362265,0.392873,107877.0
002408.SZ,20260423,423600,6.22,2634792.0,6.18,0.0153975,0.818634,275110.0
002409.SZ,20260423,234700,92.0,21592400.0,90.48,0.0736839,2.22786,31852.3
002410.SZ,20260423,76500,11.56,884340.0,11.6,0.00487224,0.279663,157012.0
002412.SZ,20260423,8700,6.48,56376.0,6.5,0.00174753,0.0911305,49784.5
002413.SZ,20260423,4027800,14.61,58846158.0,14.95,0.310924,2.36221,129543.0
002414.SZ,20260423,585800,14.26,8353508.0,14.27,0.0172364,0.502506,339861.0
002415.SZ,20260423,171400,33.5,5741900.0,33.63,0.00189468,0.223874,904640.0
002416.SZ,20260423,224500,13.44,3017280.0,13.48,0.0183429,0.472651,122390.0
002418.SZ,20260423,12607400,6.91,87117134.0,6.74,1.10942,4.77028,113640.0
002419.SZ,20260423,70400,5.72,402688.0,5.71,0.00602378,0.284729,116870.0
002420.SZ,20260423,108700,7.86,854382.0,7.85,0.027205,1.31506,39955.9
002421.SZ,20260423,310100,2.83,877583.0,2.81,0.0154533,0.2756,200669.0
002422.SZ,20260423,50400,33.85,1706040.0,33.86,0.00385945,0.254308,130589.0
002423.SZ,20260423,55300,10.16,561848.0,10.16,0.00240006,0.62637,230411.0
002424.SZ,20260423,13300,5.05,67165.0,5.04,0.00109626,0.129382,121321.0
002425.SZ,20260423,37800,3.21,121338.0,3.22,0.00395372,0.247468,95606.1
002426.SZ,20260423,1099100,3.97,4363427.0,3.98,0.0323018,0.657455,340260.0
002427.SZ,20260423,53500,6.42,343470.0,6.4,0.0054331,0.343963,98470.5
002428.SZ,20260423,3730613,76.29,284608465.77,75.24,0.571272,3.96425,65303.6
002429.SZ,20260423,2883200,12.0,34598400.0,11.91,0.0637265,1.99169,452433.0
002430.SZ,20260423,98500,29.85,2940225.0,29.9,0.0100722,0.441843,97793.8
002431.SZ,20260423,164500,2.46,404670.0,2.47,0.0091267,0.459572,180240.0
002432.SZ,20260423,450100,88.65,39901365.0,88.09,0.102667,1.33407,43841.0
002434.SZ,20260423,31400,7.39,232046.0,7.43,0.00239453,0.141351,131132.0
002436.SZ,20260423,1132600,29.05,32902030.0,28.63,0.0749819,0.81677,151050.0
002437.SZ,20260423,275000,3.73,1025750.0,3.75,0.0131828,0.173201,208605.0
002438.SZ,20260423,62400,16.56,1033344.0,16.56,0.0133083,0.914063,46888.1
002439.SZ,20260423,179400,15.07,2703558.0,15.19,0.0246226,0.336555,72859.9
002440.SZ,20260423,106100,11.83,1255163.0,11.73,0.0112114,0.493143,94635.9
002441.SZ,20260423,19900,9.5,189050.0,9.52,0.00499305,0.191609,39855.4
002442.SZ,20260423,41700,5.76,240192.0,5.79,0.00846421,0.41622,49266.3
002443.SZ,20260423,756400,10.43,7889252.0,10.48,0.145622,2.64497,51942.7
002444.SZ,20260423,14700,31.78,467166.0,31.82,0.00128157,0.119915,114703.0
002445.SZ,20260423,434500,3.45,1499025.0,3.45,0.018362,0.372585,236631.0
002446.SZ,20260423,673300,10.76,7244708.0,10.9,0.0794194,1.32145,84777.7
002448.SZ,20260423,1337200,16.99,22719028.0,15.93,0.293543,7.52919,45553.7
002449.SZ,20260423,82400,8.32,685568.0,8.3,0.013323,0.676906,61847.7
002451.SZ,20260423,27500,9.7,266750.0,9.72,0.00626211,0.206285,43914.9
002452.SZ,20260423,94900,11.39,1080911.0,11.3,0.0183949,0.448951,51590.5
002453.SZ,20260423,70400,4.98,350592.0,4.98,0.0114889,0.553054,61276.3
002454.SZ,20260423,73300,10.55,773315.0,10.55,0.0116916,0.380405,62694.6
002455.SZ,20260423,7326824,12.27,89900130.48,11.15,1.10876,13.0763,66081.2
002456.SZ,20260423,179900,9.36,1683864.0,9.4,0.00542353,0.260692,331703.0
002457.SZ,20260423,30500,11.26,343430.0,11.27,0.00915173,0.166368,33327.0
002458.SZ,20260423,123700,11.09,1371833.0,11.12,0.0171713,0.470175,72038.9
002459.SZ,20260423,209800,11.04,2316192.0,10.98,0.00634646,0.517447,330578.0
002460.SZ,20260423,254837,82.25,20960343.25,82.22,0.0210397,0.332399,121122.0
002461.SZ,20260423,34800,9.85,342780.0,9.87,0.00157229,0.45209,221333.0
002462.SZ,20260423,6100,13.97,85217.0,14.02,0.00209284,0.203938,29147.0
002463.SZ,20260423,1099170,105.03,115445825.1,103.27,0.0571648,1.39802,192281.0
002465.SZ,20260423,386700,16.91,6539097.0,16.9,0.015606,0.392774,247789.0
002466.SZ,20260423,508100,70.09,35612729.0,70.73,0.0344335,0.555901,147560.0
002467.SZ,20260423,588758,7.3,4297933.4,7.38,0.0430754,0.309087,136681.0
002468.SZ,20260423,144100,17.5,2521750.0,17.5,0.00982143,0.227825,146720.0
002469.SZ,20260423,38900,8.41,327149.0,8.41,0.0061903,0.242654,62840.3
002470.SZ,20260423,5154900,3.02,15567798.0,3.04,0.156887,2.28606,328575.0
002471.SZ,20260423,1547200,9.35,14466320.0,9.47,0.115256,0.591789,134240.0
002472.SZ,20260423,51000,38.8,1978800.0,38.91,0.00675316,0.436121,75520.2
002474.SZ,20260423,4900,7.28,35672.0,7.31,0.000923194,0.0309852,53076.6
002475.SZ,20260423,1602500,69.0,110572500.0,68.03,0.0220448,0.653468,726927.0
002476.SZ,20260423,13100,5.86,76766.0,5.84,0.00214078,0.157985,61192.7
002478.SZ,20260423,666800,11.4,7601520.0,11.08,0.0922621,1.76882,72272.4
002479.SZ,20260423,165800,5.71,946718.0,5.67,0.0192104,0.71368,86307.3
002480.SZ,20260423,27000,6.22,167940.0,6.25,0.00351732,0.210624,76763.0
002481.SZ,20260423,34200,4.42,151164.0,4.42,0.00305862,0.335917,111815.0
002482.SZ,20260423,191700,1.7,325890.0,1.7,0.00512079,0.583808,374356.0
002483.SZ,20260423,110900,6.83,757447.0,6.87,0.0125275,1.57999,88525.1
002484.SZ,20260423,119300,35.16,4194588.0,34.88,0.0145404,0.251559,82047.2
002485.SZ,20260423,4200,4.88,20496.0,4.88,0.000772059,0.144949,54400.0
002486.SZ,20260423,92700,2.83,262341.0,2.84,0.0112984,0.488312,82046.7
002487.SZ,20260423,108400,87.0,9430800.0,87.64,0.0171813,0.548653,63092.0
002488.SZ,20260423,25900,11.55,299145.0,11.62,0.00281496,0.0989318,92008.4
002489.SZ,20260423,37300,3.31,123463.0,3.32,0.0019498,0.149812,191302.0
002490.SZ,20260423,432100,8.99,3884579.0,8.88,0.0797642,1.07871,54172.2
002491.SZ,20260423,3083427,17.01,52449093.27,17.22,0.262092,1.47825,117647.0
002492.SZ,20260423,160200,8.11,1299222.0,8.11,0.040268,1.24232,39783.5
002493.SZ,20260423,214050,12.0,2568600.0,12.04,0.00228632,0.376985,936220.0
002494.SZ,20260423,43500,5.55,241425.0,5.57,0.0151689,0.286119,28677.0
002495.SZ,20260423,27700,2.52,69804.0,2.52,0.00395278,0.133025,70077.4
002496.SZ,20260423,1448700,2.21,3201627.0,2.21,0.122641,3.05815,118125.0
002497.SZ,20260423,122900,28.36,3485444.0,28.37,0.0116102,0.223554,105855.0
002498.SZ,20260423,469300,8.87,4162691.0,8.96,0.0141067,0.175111,332680.0
002500.SZ,20260423,43500,5.63,244905.0,5.64,0.00121178,0.27758,358977.0
002501.SZ,20260423,239800,1.75,419650.0,1.75,0.00676165,0.147783,354647.0
002506.SZ,20260423,3806300,4.72,17965736.0,4.71,0.065127,0.607946,584443.0
002507.SZ,20260423,19800,12.28,243144.0,12.28,0.00172057,0.302695,115078.0
002508.SZ,20260423,5400,19.45,105030.0,19.48,0.000578436,0.107857,93355.2
002510.SZ,20260423,251600,6.87,1728492.0,6.91,0.0250386,1.19444,100485.0
002511.SZ,20260423,113300,8.88,1006104.0,8.93,0.00895641,0.485097,126502.0
002512.SZ,20260423,990500,4.18,4140290.0,4.17,0.0905019,1.45838,109445.0
002513.SZ,20260423,66300,6.13,406419.0,6.19,0.0229379,0.542145,28904.1
002514.SZ,20260423,12100,4.19,50699.0,4.19,0.00218398,0.0875832,55403.4
002515.SZ,20260423,884200,6.44,5694248.0,6.56,0.0730382,1.03469,121060.0
002516.SZ,20260423,24400,5.8,141520.0,5.79,0.00167418,0.231547,145743.0
002517.SZ,20260423,147500,17.32,2554700.0,17.46,0.00780801,0.246792,188909.0
002518.SZ,20260423,26300,48.77,1282651.0,48.62,0.00465371,0.251691,56514.0
002519.SZ,20260423,992100,8.41,8343561.0,8.52,0.0887702,0.964687,111760.0
002520.SZ,20260423,43900,5.53,242767.0,5.54,0.00611898,0.207732,71744.0
002521.SZ,20260423,35900,8.69,311971.0,8.66,0.00858015,0.496581,41840.8
002522.SZ,20260423,62200,6.23,387506.0,6.23,0.00687278,0.175784,90502.0
002523.SZ,20260423,47300,4.11,194403.0,4.11,0.00335094,0.275495,141154.0
002524.SZ,20260423,27100,4.04,109484.0,4.06,0.00530481,0.213288,51085.7
002526.SZ,20260423,21200,3.42,72504.0,3.43,0.00119701,0.117581,177108.0
002527.SZ,20260423,8300,13.4,111220.0,13.39,0.00156933,0.0805779,52888.9
002528.SZ,20260423,549800,5.09,2798482.0,5.05,0.052351,1.02503,105022.0
002529.SZ,20260423,291800,7.12,2077616.0,7.19,0.112231,9.39923,26000.0
002530.SZ,20260423,27800,9.08,252424.0,9.11,0.00399929,0.138502,69512.3
002531.SZ,20260423,186100,13.1,2437910.0,13.05,0.0104154,0.302109,178679.0
002532.SZ,20260423,247600,18.06,4471656.0,18.0,0.00602894,0.377227,410686.0
002533.SZ,20260423,59600,14.3,852280.0,14.26,0.00934689,0.317245,63764.5
002534.SZ,20260423,284200,18.99,5396958.0,18.59,0.0344333,2.60679,82536.3
002535.SZ,20260423,22100,3.37,74477.0,3.37,0.00296112,0.234124,74633.9
002536.SZ,20260423,378100,39.11,14787491.0,39.84,0.0694525,0.601166,54440.1
002537.SZ,20260423,92300,7.74,714402.0,7.73,0.00789429,0.393972,116920.0
002538.SZ,20260423,126604,7.17,907750.68,7.19,0.0148326,0.825507,85355.1
002539.SZ,20260423,29200,14.31,417852.0,14.31,0.00328166,0.139079,88979.4
002540.SZ,20260423,15500,6.27,97185.0,6.29,0.00177338,0.104263,87403.8
002541.SZ,20260423,90100,19.9,1792990.0,20.0,0.018159,1.12461,49617.2
002542.SZ,20260423,11574449,1.85,21412730.65,1.86,0.658099,8.24824,175877.0
002543.SZ,20260423,29300,8.49,248757.0,8.49,0.00442858,0.692745,66161.1
002544.SZ,20260423,29000,27.54,798660.0,27.62,0.00426177,0.222332,68046.9
002545.SZ,20260423,113050,22.54,2548147.0,22.5,0.010003,0.495932,113016.0
002546.SZ,20260423,55400,8.77,485858.0,8.77,0.00691435,0.196468,80123.2
002547.SZ,20260423,397500,3.35,1331625.0,3.39,0.0359791,0.492562,110481.0
002548.SZ,20260423,85600,5.0,428000.0,5.04,0.0106405,0.406424,80447.1
002549.SZ,20260423,250800,19.27,4832916.0,19.27,0.036224,0.46415,69236.0
002550.SZ,20260423,58400,7.62,445008.0,7.66,0.00620458,0.326158,94124.0
002551.SZ,20260423,46000,3.37,155020.0,3.38,0.00752634,0.401842,61118.7
002552.SZ,20260423,38600,22.0,849200.0,22.02,0.0104748,0.184595,36850.3
002553.SZ,20260423,34300,25.12,861616.0,25.25,0.0136762,0.397386,25080.0
002554.SZ,20260423,52600,3.4,178840.0,3.4,0.00394459,0.187545,133347.0
002555.SZ,20260423,202900,21.5,4362350.0,21.63,0.0127822,0.392026,158736.0
002556.SZ,20260423,58800,6.27,368676.0,6.27,0.00621813,0.264431,94562.1
002557.SZ,20260423,77300,23.6,1824280.0,23.65,0.0153138,0.425951,50477.3
002558.SZ,20260423,162500,32.1,5216250.0,32.1,0.0085501,0.370915,190056.0
002559.SZ,20260423,73000,10.85,792050.0,10.88,0.014484,0.301708,50400.5
002560.SZ,20260423,1136979,13.63,15497023.77,13.84,0.251024,0.828059,45293.6
002561.SZ,20260423,10300,8.03,82709.0,8.03,0.00248528,0.248579,41444.0
002562.SZ,20260423,57000,5.89,335730.0,5.87,0.00776146,0.281169,73439.8
002563.SZ,20260423,88800,5.4,479520.0,5.42,0.00402339,0.463975,220709.0
002564.SZ,20260423,40200,6.29,252858.0,6.29,0.00468038,0.182854,85890.4
002565.SZ,20260423,3141800,21.95,68962510.0,21.95,0.296412,1.28046,105994.0
002566.SZ,20260423,21800,7.64,166552.0,7.65,0.00940505,0.298162,23179.0
002567.SZ,20260423,164600,4.18,688028.0,4.21,0.0114991,0.645125,143142.0
002568.SZ,20260423,17400,17.08,297192.0,17.08,0.00228023,0.344541,76308.1
002569.SZ,20260423,8100,13.3,107730.0,13.36,0.00578752,0.314473,13995.6
002570.SZ,20260423,243400,4.93,1199962.0,4.95,0.0225371,1.36846,108000.0
002571.SZ,20260423,12900,12.34,159186.0,12.29,0.00432442,0.211738,29830.6
002572.SZ,20260423,67800,12.64,856992.0,12.62,0.0104073,0.560159,65146.4
002573.SZ,20260423,107000,3.61,386270.0,3.61,0.00757389,1.16357,141275.0
002574.SZ,20260423,30900,5.38,166242.0,5.39,0.00585227,0.471351,52800.0
002575.SZ,20260423,263800,6.27,1654026.0,6.26,0.0450559,0.481092,58549.6
002576.SZ,20260423,8500,18.61,158185.0,18.56,0.00524602,0.185977,16202.8
002577.SZ,20260423,2600,15.63,40638.0,15.64,0.000926345,0.147471,28067.3
002578.SZ,20260423,15200,3.9,59280.0,3.89,0.00176506,0.0439924,86116.3
002579.SZ,20260423,321300,13.34,4286142.0,13.45,0.0550726,0.539963,58341.2
002580.SZ,20260423,6014460,26.01,156436104.6,26.73,1.32964,6.21336,45233.9
002581.SZ,20260423,45800,7.35,336630.0,7.3,0.0114274,0.79939,40079.1
002582.SZ,20260423,602400,12.64,7614336.0,12.85,0.174993,1.90713,34424.2
002583.SZ,20260423,41600,10.73,446368.0,10.8,0.00324311,0.190204,128272.0
002584.SZ,20260423,326900,7.98,2608662.0,7.81,0.0697868,1.97146,46842.7
002585.SZ,20260423,137200,7.81,1071532.0,7.85,0.0154755,0.246864,88656.2
002586.SZ,20260423,7200,4.83,34776.0,4.83,0.000662058,0.0666678,108752.0
002587.SZ,20260423,130600,6.53,852818.0,6.49,0.0245167,0.953179,53269.8
002588.SZ,20260423,1434800,11.82,16959336.0,11.68,0.167102,6.77466,85863.7
002589.SZ,20260423,734800,3.34,2454232.0,3.33,0.0538082,0.387611,136559.0
002590.SZ,20260423,15400,12.65,194810.0,12.62,0.00311138,0.224343,49495.7
002591.SZ,20260423,56500,6.88,388720.0,6.9,0.0252782,0.780419,22351.2
002592.SZ,20260423,14600,7.97,116362.0,7.99,0.00555771,0.331296,26269.8
002593.SZ,20260423,24000,5.18,124320.0,5.18,0.00428186,0.205339,56050.4
002594.SZ,20260423,243747,101.57,24757382.79,101.62,0.00699094,0.542775,348661.0
002595.SZ,20260423,87500,94.7,8286250.0,91.83,0.0110137,1.52491,79446.8
002596.SZ,20260423,57700,3.41,196757.0,3.42,0.0050326,0.20283,114653.0
002597.SZ,20260423,12800,23.15,296320.0,23.14,0.00225651,0.173312,56724.7
002598.SZ,20260423,73000,8.18,597140.0,8.16,0.0254773,0.916221,28653.0
002599.SZ,20260423,36000,6.96,250560.0,6.99,0.00904507,0.394249,39800.7
002600.SZ,20260423,1447600,15.0,21714000.0,14.95,0.0201069,0.964619,719954.0
002601.SZ,20260423,74400,17.82,1325808.0,17.86,0.0037432,0.333146,198760.0
002602.SZ,20260423,408600,16.85,6884910.0,16.84,0.00601162,0.589699,679683.0
002603.SZ,20260423,22500,16.42,369450.0,16.49,0.00163417,0.147519,137685.0
002605.SZ,20260423,3300,20.83,68739.0,20.83,0.000978469,0.063002,33726.2
002606.SZ,20260423,6055200,13.34,80776368.0,12.13,1.4378,19.4308,42114.2
002607.SZ,20260423,305900,2.54,776986.0,2.54,0.00601692,0.355544,508400.0
002608.SZ,20260423,67100,7.72,518012.0,7.73,0.00177603,0.29768,377808.0
002609.SZ,20260423,10500,8.42,88410.0,8.42,0.00228559,0.143431,45940.0
002611.SZ,20260423,256300,18.07,4631341.0,18.01,0.0255813,0.843688,100190.0
002612.SZ,20260423,22400,16.7,374080.0,16.78,0.00879331,0.562226,25473.9
002613.SZ,20260423,348800,3.97,1384736.0,3.94,0.0451663,0.619392,77225.7
002614.SZ,20260423,35100,6.07,213057.0,6.09,0.00795439,0.526575,44126.6
002615.SZ,20260423,28100,7.76,218056.0,7.79,0.00919134,0.212929,30572.3
002616.SZ,20260423,45800,5.88,269304.0,5.86,0.00779601,0.318466,58748.0
002617.SZ,20260423,417300,7.94,3313362.0,7.96,0.0222249,0.678046,187762.0
002620.SZ,20260423,1061800,10.62,11276316.0,10.31,0.336694,6.69674,31536.0
002622.SZ,20260423,120700,2.53,305371.0,2.51,0.0143695,0.547207,83997.5
002623.SZ,20260423,14700,22.55,331485.0,22.44,0.00740047,0.339041,19863.6
002624.SZ,20260423,746700,20.01,14941467.0,20.21,0.0408539,0.82195,182773.0
002625.SZ,20260423,121600,40.3,4900480.0,40.35,0.0056438,0.6556,215458.0
002626.SZ,20260423,34400,16.36,562784.0,16.35,0.00564063,0.442237,60986.1
002627.SZ,20260423,98200,7.14,701148.0,7.16,0.0136939,0.384335,71710.8
002628.SZ,20260423,125600,5.58,700848.0,5.64,0.0166626,0.234795,75378.5
002629.SZ,20260423,271200,6.65,1803480.0,6.73,0.0748646,0.735458,36225.4
002630.SZ,20260423,806920,2.1,1694532.0,2.13,0.078321,1.20031,103027.0
002631.SZ,20260423,118200,7.51,887682.0,7.46,0.0148947,0.583956,79357.2
002632.SZ,20260423,316600,11.7,3704220.0,12.1,0.0551159,3.30993,57442.6
002633.SZ,20260423,12700,19.58,248666.0,19.55,0.0084996,0.291427,14941.9
002634.SZ,20260423,396300,5.2,2060760.0,5.25,0.0887541,0.609815,44651.5
002635.SZ,20260423,158200,17.25,2728950.0,17.41,0.0399967,0.550365,39553.3
002636.SZ,20260423,588800,46.93,27632384.0,46.07,0.0812906,1.37156,72431.5
002637.SZ,20260423,185200,12.57,2327964.0,12.59,0.0397946,0.994516,46538.9
002638.SZ,20260423,105300,4.48,471744.0,4.48,0.00778453,0.232711,135268.0
002639.SZ,20260423,167800,19.28,3235184.0,19.28,0.0257908,0.237747,65061.9
002640.SZ,20260423,50300,3.41,171523.0,3.4,0.0032488,0.126881,154826.0
002641.SZ,20260423,11800,4.12,48616.0,4.13,0.00104057,0.121014,113399.0
002642.SZ,20260423,25700,7.82,200974.0,7.87,0.00388464,0.208152,66158.0
002643.SZ,20260423,61500,17.02,1046730.0,17.01,0.00676348,0.519195,90929.6
002644.SZ,20260423,11700,8.22,96174.0,8.26,0.00229117,0.240597,51065.7
002645.SZ,20260423,353000,23.01,8122530.0,23.13,0.0631567,0.729681,55892.8
002646.SZ,20260423,11801,7.85,92637.85,7.83,0.00247957,0.348197,47593.0
002647.SZ,20260423,640300,12.55,8035765.0,12.53,0.0630656,0.952329,101529.0
002648.SZ,20260423,126400,26.5,3349600.0,26.46,0.00375466,0.233961,336648.0
002649.SZ,20260423,53500,11.99,641465.0,11.99,0.0097531,0.549685,54854.3
002650.SZ,20260423,4700,7.23,33981.0,7.18,0.000424553,0.0632313,110705.0
002651.SZ,20260423,16100,9.59,154399.0,9.63,0.00284722,0.221173,56546.4
002652.SZ,20260423,35800,4.82,172556.0,4.82,0.00699131,0.230427,51206.4
002653.SZ,20260423,13900,58.38,811482.0,58.39,0.00258949,0.22377,53678.6
002654.SZ,20260423,265000,15.56,4123400.0,15.42,0.0313519,0.529574,84524.3
002655.SZ,20260423,120500,24.5,2952250.0,24.46,0.0331906,0.288632,36305.5
002656.SZ,20260423,166300,3.04,505552.0,3.04,0.0245791,2.28625,67659.0
002657.SZ,20260423,4500,22.2,99900.0,22.2,0.00133883,0.0573191,33611.4
002658.SZ,20260423,240800,8.92,2147936.0,8.87,0.0671572,1.35795,35856.1
002659.SZ,20260423,369700,5.2,1922440.0,5.1,0.0617941,3.15711,59827.8
002660.SZ,20260423,12100,8.71,105391.0,8.71,0.00352783,0.332463,34298.7
002661.SZ,20260423,28500,8.81,251085.0,8.83,0.00905993,0.989802,31457.2
002662.SZ,20260423,82000,4.23,346860.0,4.24,0.00546674,0.332031,149998.0
002663.SZ,20260423,441300,2.13,939969.0,2.12,0.0341328,0.562324,129289.0
002664.SZ,20260423,30800,20.83,641564.0,20.82,0.00765073,0.297371,40257.6
002666.SZ,20260423,9300,5.36,49848.0,5.36,0.00185752,0.0949361,50066.8
002667.SZ,20260423,117800,30.8,3628240.0,30.76,0.0497864,0.500892,23661.1
002668.SZ,20260423,38700,9.83,380421.0,9.88,0.00356974,0.226795,108411.0
002669.SZ,20260423,40100,14.15,567415.0,14.2,0.0132467,0.311127,30271.8
002670.SZ,20260423,312800,12.82,4010096.0,12.94,0.0192688,1.21072,162335.0
002671.SZ,20260423,4400,4.78,21032.0,4.76,0.000798708,0.0449511,55089.0
002672.SZ,20260423,224500,4.23,949635.0,4.19,0.0248034,2.8437,90511.8
002673.SZ,20260423,196500,7.14,1403010.0,7.16,0.00439638,0.768122,446958.0
002674.SZ,20260423,12100,14.09,170489.0,14.06,0.00413585,0.331729,29256.4
002675.SZ,20260423,148400,13.81,2049404.0,13.94,0.0199628,0.809388,74338.4
002676.SZ,20260423,7600,6.78,51528.0,6.79,0.00105559,0.0610661,71997.6
002677.SZ,20260423,6900,7.45,51405.0,7.48,0.00129003,0.1258,53487.1
002678.SZ,20260423,70900,5.9,418310.0,5.91,0.00522255,0.395048,135757.0
002679.SZ,20260423,12000,10.6,127200.0,10.52,0.00509001,0.385527,23575.6
002681.SZ,20260423,42600,5.21,221946.0,5.23,0.00271465,0.18183,156926.0
002682.SZ,20260423,22000,5.85,128700.0,5.86,0.00391208,0.135285,56236.0
002683.SZ,20260423,42500,40.9,1738250.0,41.0,0.00637603,0.35105,66655.9
002685.SZ,20260423,104900,8.1,849690.0,8.18,0.0104113,0.143554,100756.0
002686.SZ,20260423,317400,8.02,2545548.0,7.99,0.0607198,0.652895,52272.9
002687.SZ,20260423,209000,4.85,1013650.0,4.85,0.0505572,0.715701,41339.4
002688.SZ,20260423,10100,5.78,58378.0,5.78,0.00135124,0.120549,74746.4
002689.SZ,20260423,34700,3.76,130472.0,3.75,0.00332722,0.292127,104291.0
002690.SZ,20260423,15000,17.8,267000.0,17.79,0.00345824,0.337701,43374.7
002691.SZ,20260423,9500,6.99,66405.0,6.95,0.00282755,0.206477,33598.0
002692.SZ,20260423,387400,6.95,2692430.0,7.02,0.0539773,0.456849,71770.9
002693.SZ,20260423,161600,8.86,1431776.0,8.9,0.0393205,0.948077,41098.2
002694.SZ,20260423,101100,2.84,287124.0,2.84,0.0140655,0.734227,71878.1
002695.SZ,20260423,16200,11.45,185490.0,11.44,0.00316743,0.22212,51145.5
002696.SZ,20260423,46700,6.8,317560.0,6.82,0.0139617,0.773646,33448.7
002697.SZ,20260423,199400,5.16,1028904.0,5.19,0.0174097,1.13193,114534.0
002698.SZ,20260423,10100,14.01,141501.0,14.0,0.00120204,0.170648,84023.9
002700.SZ,20260423,7200,6.6,47520.0,6.59,0.00273281,0.169428,26346.5
002701.SZ,20260423,62900,5.38,338402.0,5.39,0.00245952,0.190424,255741.0
002702.SZ,20260423,12900,5.58,71982.0,5.57,0.00281203,0.103785,45874.4
002703.SZ,20260423,125500,20.6,2585300.0,20.58,0.0214146,0.302095,58604.8
002705.SZ,20260423,138100,17.71,2445751.0,17.93,0.0170894,0.267039,80810.3
002706.SZ,20260423,157200,10.77,1693044.0,10.74,0.017192,0.230549,91438.1
002707.SZ,20260423,274100,6.39,1751499.0,6.43,0.0332159,1.38796,82520.7
002708.SZ,20260423,96800,13.57,1313576.0,13.57,0.0187359,0.243555,51665.7
002709.SZ,20260423,1296000,52.09,67508640.0,52.1,0.0858841,1.08194,150901.0
002712.SZ,20260423,89900,5.15,462985.0,5.16,0.0166204,0.851728,54090.0
002713.SZ,20260423,183700,14.39,2643443.0,14.39,0.0348907,0.695335,52650.1
002714.SZ,20260423,385400,44.4,17111760.0,44.72,0.0101416,0.994102,380019.0
002715.SZ,20260423,1300,15.5,20150.0,15.52,0.000942029,0.0417814,13800.0
002716.SZ,20260423,2759146,12.69,35013562.74,12.67,0.11868,1.75103,232485.0
002717.SZ,20260423,5469100,1.6,8750560.0,1.53,0.338602,9.89418,161520.0
002718.SZ,20260423,6000,71.62,429720.0,71.41,0.00638428,0.333925,9398.08
002719.SZ,20260423,32400,8.22,266328.0,8.22,0.0200172,0.673808,16186.1
002721.SZ,20260423,102800,2.87,295036.0,2.88,0.00386556,0.226238,265938.0
002722.SZ,20260423,23700,15.22,360714.0,15.25,0.0106585,0.435964,22235.7
002723.SZ,20260423,33100,10.16,336296.0,10.23,0.0104379,0.173253,31711.4
002724.SZ,20260423,17100,7.06,120726.0,7.06,0.00301169,0.253208,56778.8
002725.SZ,20260423,197000,16.73,3295810.0,16.86,0.0929185,1.65387,21201.4
002726.SZ,20260423,3127400,3.34,10445516.0,3.42,0.290011,3.98665,107837.0
002727.SZ,20260423,11300,12.52,141476.0,12.56,0.00284411,0.267096,39731.2
002728.SZ,20260423,62300,10.5,654150.0,10.51,0.0187692,0.477026,33192.7
002729.SZ,20260423,24000,19.0,456000.0,19.0,0.013678,0.22738,17546.4
002730.SZ,20260423,226200,27.9,6310980.0,27.8,0.0653701,0.986457,34603.0
002731.SZ,20260423,1932900,5.62,10862898.0,5.92,0.841649,13.8881,22965.6
002732.SZ,20260423,400,16.13,6452.0,16.05,0.000255483,0.0352194,15656.6
002733.SZ,20260423,209400,30.0,6282000.0,29.53,0.0567691,0.730168,36886.3
002734.SZ,20260423,90900,17.41,1582569.0,17.37,0.020928,0.39096,43434.6
002735.SZ,20260423,22100,15.47,341887.0,15.47,0.00775277,0.228627,28505.9
002736.SZ,20260423,240200,11.29,2711858.0,11.31,0.00249885,0.488112,961243.0
002737.SZ,20260423,2800,12.15,34020.0,12.16,0.000479452,0.1059,58400.0
002738.SZ,20260423,108100,83.82,9060942.0,83.61,0.0151991,0.467124,71122.8
002739.SZ,20260423,320900,10.06,3228254.0,10.1,0.0152816,0.668261,209991.0
002741.SZ,20260423,214100,20.4,4367640.0,20.19,0.050216,1.25425,42635.8
002742.SZ,20260423,20700,4.74,98118.0,4.78,0.00395068,0.412144,52396.0
002743.SZ,20260423,36000,5.2,187200.0,5.18,0.00828403,0.484288,43457.1
002745.SZ,20260423,392600,8.99,3529474.0,8.99,0.0368751,0.773079,106468.0
002746.SZ,20260423,17500,6.17,107975.0,6.19,0.00246591,0.188187,70967.6
002747.SZ,20260423,27000,21.25,573750.0,21.18,0.0034509,0.236529,78240.5
002748.SZ,20260423,10600,12.2,129320.0,12.23,0.00441667,0.280812,24000.0
002749.SZ,20260423,28300,12.32,348656.0,12.38,0.00623899,0.658804,45359.9
002752.SZ,20260423,2989000,7.14,21341460.0,7.21,0.306399,7.53123,97552.7
002753.SZ,20260423,7100,7.32,51972.0,7.3,0.00292409,0.149495,24281.0
002755.SZ,20260423,92200,16.17,1490874.0,16.34,0.00993372,0.464305,92815.2
002756.SZ,20260423,27700,73.0,2022100.0,73.15,0.00712576,0.141618,38873.1
002757.SZ,20260423,143700,22.41,3220317.0,22.4,0.0509477,0.583921,28205.4
002758.SZ,20260423,23900,9.86,235654.0,9.85,0.00461207,0.377442,51820.5
002759.SZ,20260423,265600,33.0,8764800.0,33.41,0.0530201,0.517632,50094.2
002760.SZ,20260423,215300,22.71,4889463.0,23.06,0.199373,4.64249,10798.9
002761.SZ,20260423,49300,8.08,398344.0,8.1,0.00455727,0.64803,108179.0
002762.SZ,20260423,500,7.99,3995.0,7.98,0.000236543,0.00662411,21137.8
002763.SZ,20260423,126400,8.25,1042800.0,8.28,0.0416318,1.01239,30361.4
002765.SZ,20260423,10400,10.39,108056.0,10.41,0.00174538,0.125137,59586.0
002766.SZ,20260423,45200,4.7,212440.0,4.72,0.00527588,0.201499,85672.8
002767.SZ,20260423,3600,21.6,77760.0,21.6,0.00276501,0.0975089,13019.9
002768.SZ,20260423,3300,52.21,172293.0,52.26,0.00186706,0.11262,17674.8
002769.SZ,20260423,226200,10.26,2320812.0,10.45,0.0606418,2.97472,37301.0
002771.SZ,20260423,200000,17.04,3408000.0,17.33,0.114604,0.448964,17451.5
002772.SZ,20260423,181000,17.88,3236280.0,18.06,0.0487058,1.2202,37161.9
002773.SZ,20260423,267600,25.74,6888024.0,26.74,0.0389614,2.18081,68683.4
002774.SZ,20260423,120300,11.67,1403901.0,11.8,0.0426947,0.943055,28176.8
002775.SZ,20260423,23300,3.68,85744.0,3.68,0.00407507,0.182159,57177.0
002777.SZ,20260423,3500,16.55,57925.0,16.54,0.000865241,0.0634726,40451.1
002778.SZ,20260423,2300,20.45,47035.0,20.25,0.00186342,0.0921488,12342.9
002779.SZ,20260423,3200,94.88,303616.0,95.38,0.00192994,0.137782,16580.8
002780.SZ,20260423,14700,15.15,222705.0,15.13,0.0112513,0.359562,13065.2
002782.SZ,20260423,53500,21.86,1169510.0,21.86,0.0109969,0.371914,48650.1
002783.SZ,20260423,15200,9.66,146832.0,9.67,0.00329583,0.126476,46118.8
002785.SZ,20260423,30300,42.18,1278054.0,42.19,0.0156593,0.452834,19349.5
002786.SZ,20260423,5700,7.15,40755.0,7.18,0.00115358,0.113954,49411.2
002787.SZ,20260423,270100,17.6,4753760.0,17.67,0.10767,0.799553,25086.0
002788.SZ,20260423,221300,14.18,3138034.0,14.26,0.0579582,0.413004,38182.7
002789.SZ,20260423,11100,13.66,151626.0,13.97,0.00709419,0.390189,15646.6
002790.SZ,20260423,8700,7.71,67077.0,7.71,0.0033372,0.23,26069.8
002791.SZ,20260423,14200,18.65,264830.0,18.63,0.0065226,0.33756,21770.5
002792.SZ,20260423,195000,51.61,10063950.0,52.13,0.0577223,0.291791,33782.4
002793.SZ,20260423,492300,5.22,2569806.0,5.12,0.0453342,2.59612,108594.0
002795.SZ,20260423,34400,8.3,285520.0,8.34,0.00791844,0.168976,43442.9
002796.SZ,20260423,266400,62.49,16647336.0,61.39,0.116992,1.1668,22770.8
002797.SZ,20260423,1179800,7.92,9344016.0,7.96,0.0280744,0.654625,420240.0
002798.SZ,20260423,120039,6.98,837872.22,6.97,0.0250383,0.392284,47942.2
002799.SZ,20260423,10300,8.0,82400.0,8.02,0.00321839,0.211447,32003.6
002800.SZ,20260423,12800,17.81,227968.0,17.79,0.00865784,0.197806,14784.3
002801.SZ,20260423,600,32.83,19698.0,32.72,0.000518123,0.0398653,11580.3
002802.SZ,20260423,111900,14.68,1642692.0,14.84,0.0747579,0.527713,14968.3
002803.SZ,20260423,186300,18.8,3502440.0,18.79,0.0645342,1.01579,28868.4
002805.SZ,20260423,116600,17.93,2090638.0,18.04,0.0418607,0.443373,27854.3
002806.SZ,20260423,23900,14.45,345355.0,14.53,0.0137273,0.282302,17410.6
002807.SZ,20260423,219000,4.75,1040250.0,4.74,0.00890962,0.680941,245802.0
002808.SZ,20260423,35300,3.65,128845.0,3.84,0.0213932,0.393443,16500.6
002809.SZ,20260423,82770,10.35,856669.5,10.34,0.0537126,1.21206,15409.8
002810.SZ,20260423,123200,26.27,3236464.0,26.54,0.0380723,0.753136,32359.5
002811.SZ,20260423,14400,13.59,195696.0,13.47,0.00508631,0.359125,28311.3
002812.SZ,20260423,1058700,74.0,78343800.0,74.74,0.128693,2.81201,82265.7
002813.SZ,20260423,27800,27.0,750600.0,26.63,0.0231945,0.772212,11985.6
002815.SZ,20260423,99100,15.83,1568753.0,15.88,0.0127519,0.291326,77714.2
002816.SZ,20260423,192900,25.31,4882299.0,25.34,0.1929,4.40433,10000.0
002817.SZ,20260423,17900,7.7,137830.0,7.72,0.00617158,0.228016,29003.9
002818.SZ,20260423,11100,10.73,119103.0,10.74,0.00372065,0.586393,29833.5
002819.SZ,20260423,38000,27.21,1033980.0,26.75,0.0161648,1.66248,23507.9
002820.SZ,20260423,12100,10.27,124267.0,10.29,0.00602385,0.27482,20086.8
002821.SZ,20260423,28000,113.0,3164000.0,113.04,0.00883281,0.413887,31700.0
002822.SZ,20260423,160000,3.32,531200.0,3.36,0.014968,1.33841,106895.0
002823.SZ,20260423,21100,15.86,334646.0,15.9,0.0096396,0.464861,21888.9
002824.SZ,20260423,62600,28.8,1802880.0,28.8,0.0284544,0.165814,22000.1
002825.SZ,20260423,74900,10.0,749000.0,10.1,0.0291863,0.708494,25662.7
002826.SZ,20260423,4700,20.65,97055.0,20.65,0.0025686,0.0918582,18297.9
002827.SZ,20260423,1400,32.38,45332.0,32.39,0.000507249,0.0713565,27599.9
002828.SZ,20260423,61900,11.67,722373.0,11.62,0.0319794,0.426948,19356.2
002829.SZ,20260423,12500,23.56,294500.0,23.59,0.00855877,0.222873,14604.9
002830.SZ,20260423,20100,22.37,449637.0,22.46,0.0300662,0.774113,6685.25
002831.SZ,20260423,60200,37.99,2286998.0,38.15,0.011781,0.511879,51099.3
002832.SZ,20260423,21800,18.25,397850.0,18.29,0.00559809,0.20157,38941.8
002833.SZ,20260423,4400,18.1,79640.0,18.11,0.00152656,0.0880684,28822.9
002835.SZ,20260423,3000,15.55,46650.0,15.6,0.00235686,0.170894,12728.8
002836.SZ,20260423,300,12.92,3876.0,12.88,0.000130208,0.0098683,23040.0
002837.SZ,20260423,2353970,100.0,235397000.0,104.2,0.278295,3.41757,84585.5
002838.SZ,20260423,15400,27.7,426580.0,27.7,0.00366116,0.26147,42063.2
002839.SZ,20260423,221300,4.68,1035684.0,4.7,0.00906217,0.877127,244202.0
002840.SZ,20260423,93300,13.06,1218498.0,13.13,0.0117118,0.219282,79663.0
002841.SZ,20260423,359600,38.77,13941692.0,36.61,0.0692336,7.09877,51940.1
002842.SZ,20260423,454500,34.91,15866595.0,34.82,0.169297,0.817935,26846.2
002843.SZ,20260423,344400,26.01,8957844.0,26.63,0.137325,1.10397,25079.3
002845.SZ,20260423,277100,15.2,4211920.0,14.94,0.110736,3.36556,25023.5
002846.SZ,20260423,977500,16.58,16206950.0,16.67,0.375737,5.39371,26015.6
002847.SZ,20260423,7800,53.85,420030.0,54.12,0.00317433,0.299507,24572.1
002848.SZ,20260423,20500,14.99,307295.0,14.98,0.0124299,0.228004,16492.5
002849.SZ,20260423,9100,17.75,161525.0,17.75,0.00470121,0.16341,19356.7
002850.SZ,20260423,20150,213.34,4298801.0,209.57,0.0101216,0.320445,19907.9
002851.SZ,20260423,137600,109.49,15065824.0,108.37,0.0300463,0.596354,45796.0
002852.SZ,20260423,20700,9.62,199134.0,9.67,0.0072428,0.449773,28580.1
002853.SZ,20260423,115700,28.7,3320590.0,28.88,0.0898956,2.73808,12870.5
002855.SZ,20260423,20200,11.7,236340.0,11.68,0.0082038,0.59693,24622.7
002856.SZ,20260423,138700,12.14,1683818.0,11.9,0.111941,2.14024,12390.4
002857.SZ,20260423,700,20.93,14651.0,20.91,0.000546875,0.0238363,12800.0
002858.SZ,20260423,11300,16.14,182382.0,16.16,0.0076882,0.196804,14697.8
002859.SZ,20260423,51300,47.26,2424438.0,47.26,0.0126386,0.320107,40589.9
002860.SZ,20260423,39200,13.38,524496.0,13.37,0.0111509,0.165156,35154.0
002861.SZ,20260423,7900,15.8,124820.0,15.78,0.00526076,0.219724,15016.8
002862.SZ,20260423,21640,17.84,386057.6,17.82,0.0171409,0.756996,12624.8
002863.SZ,20260423,11100,5.54,61494.0,5.56,0.00185159,0.117442,59948.4
002864.SZ,20260423,28900,30.3,875670.0,30.5,0.0389537,0.937603,7419.07
002865.SZ,20260423,87200,78.5,6845200.0,79.1,0.0390107,0.395976,22352.8
002866.SZ,20260423,2050300,27.32,56014196.0,27.3,1.13143,4.11671,18121.2
002867.SZ,20260423,21000,12.62,265020.0,12.66,0.00194607,0.18703,107910.0
002868.SZ,20260423,400,39.51,15804.0,39.64,0.000373823,0.0525762,10700.2
002869.SZ,20260423,32800,21.16,694048.0,21.21,0.020823,0.876897,15751.8
002870.SZ,20260423,1800,37.75,67950.0,37.75,0.00138747,0.0638937,12973.3
002871.SZ,20260423,13000,18.46,239980.0,18.55,0.00870173,0.322203,14939.6
002872.SZ,20260423,22100,5.01,110721.0,5.04,0.010283,1.06992,21491.8
002873.SZ,20260423,23900,9.52,227528.0,9.52,0.00997119,0.242432,23969.1
002875.SZ,20260423,156200,23.07,3603534.0,23.11,0.0856181,0.904051,18243.8
002876.SZ,20260423,27200,29.89,813008.0,29.9,0.0182622,0.300137,14894.2
002877.SZ,20260423,3400,8.9,30260.0,8.94,0.00141364,0.056747,24051.5
002878.SZ,20260423,17100,18.45,315495.0,18.53,0.00724783,0.131715,23593.3
002879.SZ,20260423,26700,21.8,582060.0,21.67,0.0193662,0.289567,13786.9
002880.SZ,20260423,11700,26.31,307827.0,26.35,0.00515873,0.622248,22680.0
002881.SZ,20260423,38500,40.01,1540385.0,39.74,0.0211625,0.916896,18192.5
002882.SZ,20260423,12700,28.38,360426.0,28.56,0.00514623,0.0914042,24678.3
002883.SZ,20260423,22800,9.51,216828.0,9.51,0.0148704,0.634203,15332.5
002884.SZ,20260423,29300,18.82,551426.0,18.87,0.0107298,0.716612,27307.2
002885.SZ,20260423,124200,30.5,3788100.0,30.43,0.0537877,0.43973,23090.8
002886.SZ,20260423,26700,23.09,616503.0,23.04,0.0127703,0.422315,20907.8
002887.SZ,20260423,110000,12.83,1411300.0,12.89,0.0506373,1.31858,21723.1
002888.SZ,20260423,5900,19.1,112690.0,19.09,0.00787475,0.340107,7492.3
002889.SZ,20260423,1900,13.6,25840.0,13.52,0.000756115,0.111503,25128.5
002890.SZ,20260423,11700,15.36,179712.0,15.35,0.00724563,0.48262,16147.7
002891.SZ,20260423,218100,41.48,9046788.0,42.33,0.0677544,1.4769,32189.8
002892.SZ,20260423,11900,11.12,132328.0,11.12,0.00246164,0.212044,48341.7
002893.SZ,20260423,54700,10.5,574350.0,10.52,0.0269752,0.590397,20277.9
002895.SZ,20260423,10300,36.07,371521.0,36.18,0.0017312,0.102549,59496.1
002896.SZ,20260423,9560,72.27,690901.2,72.27,0.00486458,0.191531,19652.3
002897.SZ,20260423,30900,68.2,2107380.0,68.57,0.0169384,0.239639,18242.5
002898.SZ,20260423,33300,10.73,357309.0,11.29,0.0328848,4.19451,10126.3
002899.SZ,20260423,8600,33.37,286982.0,33.42,0.00581879,0.154181,14779.7
002900.SZ,20260423,19800,10.88,215424.0,10.92,0.0122888,0.375499,16112.2
002901.SZ,20260423,4200,44.57,187194.0,44.56,0.00145593,0.305514,28847.6
002902.SZ,20260423,450900,29.2,13166280.0,29.5,0.253839,1.00455,17763.2
002903.SZ,20260423,47400,32.2,1526280.0,32.55,0.0444379,0.44797,10666.6
002905.SZ,20260423,17500,9.88,172900.0,9.93,0.00500801,0.181859,34944.0
002906.SZ,20260423,12900,32.33,417057.0,32.37,0.00245896,0.127563,52461.3
002907.SZ,20260423,14300,13.97,199771.0,14.08,0.00476803,0.346054,29991.5
002908.SZ,20260423,6000,8.95,53700.0,8.99,0.00186431,0.115062,32183.5
002909.SZ,20260423,37100,6.44,238924.0,6.44,0.00975297,0.369245,38039.7
002910.SZ,20260423,18700,10.63,198781.0,10.61,0.0109317,0.605049,17106.2
002911.SZ,20260423,19800,13.86,274428.0,13.84,0.0015627,0.286284,126704.0
002912.SZ,20260423,14300,27.48,392964.0,27.5,0.00881509,0.348035,16222.2
002913.SZ,20260423,32800,51.57,1691496.0,51.14,0.0108723,0.482679,30168.3
002915.SZ,20260423,14800,21.21,313908.0,21.3,0.00513757,0.337379,28807.4
002916.SZ,20260423,74629,301.4,22493180.6,301.3,0.0112256,0.652471,66480.9
002917.SZ,20260423,3500,13.32,46620.0,13.29,0.00134334,0.0590811,26054.5
002918.SZ,20260423,15500,11.48,177940.0,11.5,0.00723651,0.261869,21419.2
002919.SZ,20260423,3600,20.38,73368.0,20.37,0.00136163,0.0994739,26438.8
002920.SZ,20260423,112500,107.8,12127500.0,106.65,0.0202802,1.35276,55472.8
002921.SZ,20260423,8700,24.95,217065.0,25.03,0.00677034,0.108747,12850.2
002922.SZ,20260423,239400,41.8,10006920.0,41.7,0.0638431,1.20092,37498.2
002923.SZ,20260423,34700,12.31,427157.0,12.34,0.0134452,0.344786,25808.5
002925.SZ,20260423,11500,20.25,232875.0,20.22,0.00157308,0.102937,73104.8
002926.SZ,20260423,1045300,8.61,9000033.0,8.42,0.039821,7.46524,262500.0
002927.SZ,20260423,29300,18.09,530037.0,18.0,0.0132737,0.388601,22073.8
002928.SZ,20260423,221500,8.58,1900470.0,8.65,0.0173286,1.03019,127824.0
002929.SZ,20260423,112900,56.32,6358528.0,56.65,0.0536187,0.471657,21056.1
002930.SZ,20260423,32300,12.99,419577.0,13.0,0.00745374,0.352002,43333.9
002932.SZ,20260423,47307,17.45,825507.15,17.6,0.0303065,0.684987,15609.5
002933.SZ,20260423,10600,32.26,341956.0,32.26,0.00907972,0.534046,11674.4
002935.SZ,20260423,180000,21.3,3834000.0,21.67,0.043364,1.06806,41509.1
002936.SZ,20260423,900906,1.81,1630639.86,1.81,0.0128164,2.14872,702930.0
002937.SZ,20260423,21600,32.35,698760.0,32.08,0.00727386,0.389993,29695.4
002938.SZ,20260423,615400,77.43,47650422.0,76.18,0.0266472,1.36428,230943.0
002939.SZ,20260423,55000,9.07,498850.0,9.07,0.00152665,0.355564,360266.0
002940.SZ,20260423,217400,39.5,8587300.0,39.78,0.117339,0.607087,18527.5
002941.SZ,20260423,26500,15.95,422675.0,15.98,0.00363137,0.237322,72975.1
002942.SZ,20260423,26100,19.63,512343.0,19.63,0.0188992,1.4924,13810.1
002943.SZ,20260423,57400,56.0,3214400.0,56.67,0.0394194,0.275497,14561.4
002945.SZ,20260423,18800,15.76,296288.0,15.78,0.000696296,0.172722,270000.0
002946.SZ,20260423,12400,18.1,224440.0,18.06,0.00145761,0.281063,85070.6
002947.SZ,20260423,106700,74.9,7991830.0,72.97,0.0553901,0.745314,19263.4
002948.SZ,20260423,165000,5.58,920700.0,5.57,0.0053012,0.345734,311250.0
002949.SZ,20260423,43100,14.25,614175.0,14.24,0.0283766,0.84919,15188.6
002950.SZ,20260423,422800,14.13,5974164.0,14.12,0.0935408,1.47196,45199.5
002951.SZ,20260423,6300,16.4,103320.0,16.53,0.00157058,0.0620381,40112.4
002952.SZ,20260423,257300,27.32,7029436.0,27.38,0.19545,2.34718,13164.5
002953.SZ,20260423,500,12.27,6135.0,12.3,0.000184069,0.00742273,27163.8
002955.SZ,20260423,19800,26.69,528462.0,26.55,0.0101203,0.725724,19564.7
002956.SZ,20260423,18460,27.66,510603.6,27.9,0.00826971,1.06018,22322.4
002957.SZ,20260423,305600,49.51,15130256.0,49.86,0.0729915,0.884724,41867.9
002958.SZ,20260423,214800,3.01,646548.0,3.0,0.0039489,0.604703,543949.0
002959.SZ,20260423,15850,42.41,672198.5,42.66,0.0105303,1.23272,15051.8
002960.SZ,20260423,136900,12.33,1687977.0,12.39,0.0169316,0.936579,80854.7
002961.SZ,20260423,50000,24.98,1249000.0,25.04,0.0104837,0.452568,47693.1
002962.SZ,20260423,603300,17.69,10672377.0,17.88,0.288406,1.45079,20918.4
002963.SZ,20260423,79600,15.1,1201960.0,15.11,0.069695,1.28763,11421.2
002965.SZ,20260423,34100,31.01,1057441.0,31.23,0.0170995,0.82959,19942.2
002966.SZ,20260423,76200,8.74,665988.0,8.75,0.00173331,0.306267,439622.0
002967.SZ,20260423,61700,22.22,1370974.0,22.25,0.011275,0.442781,54722.7
002968.SZ,20260423,50500,11.5,580750.0,11.46,0.0237076,1.61152,21301.1
002969.SZ,20260423,449700,22.22,9992334.0,22.53,0.0411704,0.885188,109229.0
002970.SZ,20260423,31400,65.43,2054502.0,65.2,0.0250858,0.38489,12517.1
002971.SZ,20260423,7200,30.81,221832.0,30.8,0.00460354,0.173134,15640.1
002972.SZ,20260423,43500,13.25,576375.0,13.32,0.0323069,0.639622,13464.6
002973.SZ,20260423,14600,13.27,193742.0,13.21,0.00459621,0.388008,31765.3
002975.SZ,20260423,108300,106.8,11566440.0,105.54,0.102306,0.788581,10585.9
002976.SZ,20260423,3700,28.75,106375.0,28.76,0.0055501,0.165587,6666.54
002977.SZ,20260423,0,,0.0,30.51,0.0,0.0,6662.02
002978.SZ,20260423,30200,34.31,1036162.0,34.41,0.00817809,0.909632,36928.0
002979.SZ,20260423,303000,42.82,12974460.0,41.21,0.137278,6.74912,22072.1
002980.SZ,20260423,126200,80.0,10096000.0,81.22,0.12447,0.543679,10139.0
002981.SZ,20260423,1100,24.48,26928.0,24.51,0.000921142,0.0667974,11941.7
002982.SZ,20260423,600400,14.57,8747828.0,14.67,0.461523,5.86493,13009.1
002983.SZ,20260423,13300,24.59,327047.0,24.73,0.0103779,0.408868,12815.8
002984.SZ,20260423,32400,17.77,575748.0,17.74,0.0045384,0.402977,71390.7
002985.SZ,20260423,55400,38.58,2137332.0,38.57,0.0167402,0.492483,33093.9
002986.SZ,20260423,73700,14.05,1035485.0,14.13,0.0244171,0.706885,30183.7
002987.SZ,20260423,23900,16.61,396979.0,16.64,0.00283351,0.312849,84347.8
002988.SZ,20260423,14400,33.25,478800.0,33.24,0.00576525,0.303243,24977.2
002989.SZ,20260423,3000,26.03,78090.0,26.2,0.00163633,0.0634277,18333.7
002990.SZ,20260423,400600,47.91,19192746.0,48.53,0.290251,1.4648,13801.9
002991.SZ,20260423,9300,50.77,472161.0,50.88,0.0186247,0.579466,4993.37
002992.SZ,20260423,15300,55.79,853587.0,55.87,0.00968112,0.432931,15804.0
002993.SZ,20260423,106000,47.56,5041360.0,47.77,0.0444543,1.25096,23844.7
002995.SZ,20260423,61300,23.0,1409900.0,23.02,0.054529,0.479836,11241.7
002996.SZ,20260423,40800,7.4,301920.0,7.38,0.00980043,0.572843,41630.8
002997.SZ,20260423,7200,31.38,225936.0,31.38,0.00343969,0.222494,20932.1
002998.SZ,20260423,20200,9.39,189678.0,9.38,0.00746792,0.167905,27049.0
002999.SZ,20260423,14300,6.96,99528.0,6.96,0.00416043,0.193628,34371.5
003000.SZ,20260423,884999,11.13,9850038.87,10.61,0.287281,36.3931,30806.0
003001.SZ,20260423,13700,16.55,226735.0,16.55,0.0127434,0.470337,10750.7
003002.SZ,20260423,900,29.5,26550.0,29.49,0.000492214,0.0266293,18284.7
003003.SZ,20260423,11600,13.11,152076.0,13.03,0.00984751,0.38179,11779.6
003004.SZ,20260423,1000,31.6,31600.0,31.82,0.00145473,0.0991631,6874.14
003005.SZ,20260423,16080,18.28,293942.4,18.38,0.0126636,0.540947,12697.8
003006.SZ,20260423,66800,18.9,1262520.0,18.93,0.0155866,0.667575,42857.3
003007.SZ,20260423,31000,44.79,1388490.0,45.13,0.0431229,0.541594,7188.76
003008.SZ,20260423,19800,21.88,433224.0,21.88,0.025475,0.562354,7772.32
003009.SZ,20260423,12100,60.39,730719.0,60.38,0.00734726,0.23418,16468.7
003010.SZ,20260423,18000,30.83,554940.0,30.84,0.00795959,0.274794,22614.2
003011.SZ,20260423,3700,23.78,87986.0,23.82,0.0047382,0.180681,7808.88
003012.SZ,20260423,20800,6.15,127920.0,6.17,0.00181737,0.288265,114451.0
003013.SZ,20260423,7800,13.37,104286.0,13.39,0.00195026,0.475523,39994.7
003015.SZ,20260423,12000,16.37,196440.0,16.37,0.00485191,0.143884,24732.5
003016.SZ,20260423,2900,8.12,23548.0,8.13,0.000705797,0.0808169,41088.3
003017.SZ,20260423,2400,31.58,75792.0,31.58,0.0034638,0.172432,6928.8
003018.SZ,20260423,467600,55.0,25718000.0,52.2,0.196978,2.92445,23738.8
003019.SZ,20260423,27600,36.29,1001604.0,36.28,0.0161444,0.359122,17095.7
003020.SZ,20260423,2800,24.04,67312.0,24.03,0.00203304,0.162604,13772.5
003021.SZ,20260423,12000,100.68,1208160.0,100.68,0.00578859,0.369931,20730.4
003022.SZ,20260423,574500,23.06,13247970.0,22.52,0.043052,3.93903,133443.0
003023.SZ,20260423,50000,32.1,1605000.0,32.2,0.0475645,0.506954,10512.0
003025.SZ,20260423,6500,13.94,90610.0,13.94,0.00287082,0.168673,22641.6
003026.SZ,20260423,40300,37.88,1526564.0,38.13,0.0421128,0.626033,9569.53
003027.SZ,20260423,1439400,24.3,34977420.0,25.14,1.37267,11.5524,10486.1
003028.SZ,20260423,4200,28.64,120288.0,28.64,0.00595422,0.288524,7053.82
003029.SZ,20260423,2900,21.13,61277.0,21.18,0.0016468,0.0783892,17609.9
003030.SZ,20260423,11100,20.48,227328.0,20.44,0.0139823,0.751989,7938.58
003031.SZ,20260423,121405,126.12,15311598.6,125.4,0.0356909,0.830724,34015.7
003032.SZ,20260423,10700,6.39,68373.0,6.4,0.00387373,0.337902,27622.0
003033.SZ,20260423,2600,57.49,149474.0,57.6,0.00322007,0.152509,8074.36
003035.SZ,20260423,2019000,8.5,17161500.0,8.45,0.0533016,1.82867,378788.0
003036.SZ,20260423,151300,28.4,4296920.0,28.88,0.0699561,1.04621,21627.8
003037.SZ,20260423,25700,7.09,182213.0,7.1,0.00428995,0.930977,59907.5
003038.SZ,20260423,24500,14.8,362600.0,14.81,0.0150098,0.152618,16322.7
003039.SZ,20260423,30600,15.4,471240.0,15.47,0.00495532,0.346582,61751.9
003040.SZ,20260423,26600,15.8,420280.0,15.86,0.00582248,0.464395,45685.0
003042.SZ,20260423,23800,16.66,396508.0,16.68,0.0186863,0.533977,12736.6
003043.SZ,20260423,4600,57.0,262200.0,57.0,0.00548751,0.146895,8382.67
003816.SZ,20260423,495600,4.62,2289672.0,4.62,0.00125994,0.362664,3933510.0
300001.SZ,20260423,182800,30.64,5600992.0,30.58,0.0176635,0.672488,103490.0
300002.SZ,20260423,33300,9.61,320013.0,9.62,0.00180287,0.10378,184705.0
300003.SZ,20260423,677900,16.0,10846400.0,16.43,0.0429346,3.41443,157891.0
300004.SZ,20260423,9500,14.14,134330.0,14.2,0.00197919,0.0507145,47999.4
300005.SZ,20260423,126000,14.56,1834560.0,14.55,0.014374,0.525367,87658.4
300006.SZ,20260423,203800,6.37,1298206.0,6.4,0.0193025,0.326956,105582.0
300007.SZ,20260423,18000,44.25,796500.0,44.48,0.00636163,0.189237,28294.6
300008.SZ,20260423,169800,7.91,1343118.0,7.94,0.0103078,0.193008,164729.0
300009.SZ,20260423,5600,9.78,54768.0,9.8,0.000455193,0.0349196,123025.0
300010.SZ,20260423,158400,5.91,936144.0,5.94,0.00952305,0.485818,166333.0
300011.SZ,20260423,50900,7.33,373097.0,7.33,0.0100344,0.83615,50725.6
300012.SZ,20260423,313300,16.9,5294770.0,16.95,0.0218901,0.617727,143124.0
300013.SZ,20260423,41000,3.74,153340.0,3.75,0.00919362,0.396679,44596.2
300014.SZ,20260423,376936,71.99,27135622.64,71.78,0.0180221,0.484145,209153.0
300015.SZ,20260423,234969,9.84,2312094.96,9.86,0.00295359,0.354221,795536.0
300016.SZ,20260423,60600,9.77,592062.0,9.8,0.0107798,0.260481,56216.4
300017.SZ,20260423,4327707,19.01,82269710.07,19.13,0.187736,1.64076,230520.0
300018.SZ,20260423,196800,14.48,2849664.0,14.5,0.0545652,0.692307,36067.0
300019.SZ,20260423,30600,18.79,574974.0,18.85,0.00830146,0.293635,36861.0
300020.SZ,20260423,46800,3.69,172692.0,3.69,0.00610501,0.291279,76658.4
300021.SZ,20260423,59400,4.36,258984.0,4.37,0.00680616,0.575574,87273.9
300022.SZ,20260423,280400,10.08,2826432.0,10.15,0.0567352,1.23254,49422.6
300024.SZ,20260423,23984,14.96,358800.64,14.97,0.00155748,0.142469,153993.0
300025.SZ,20260423,152900,5.28,807312.0,5.26,0.0301784,1.31315,50665.4
300026.SZ,20260423,36800,3.4,125120.0,3.41,0.00122612,0.0761822,300133.0
300027.SZ,20260423,2398000,1.85,4436300.0,1.85,0.0964998,0.72195,248498.0
300029.SZ,20260423,262800,3.9,1024920.0,3.9,0.131164,4.46506,20036.0
300030.SZ,20260423,922600,8.49,7832874.0,8.38,0.338908,8.10763,27222.8
300031.SZ,20260423,9500,21.58,205010.0,21.6,0.00269962,0.157343,35190.2
300032.SZ,20260423,113700,5.82,661734.0,5.84,0.0141564,0.323213,80317.0
300033.SZ,20260423,409600,249.11,102035456.0,246.74,0.0934283,3.09391,43841.1
300034.SZ,20260423,275100,20.26,5573526.0,19.57,0.0358644,1.89064,76705.7
300035.SZ,20260423,615020,23.9,14698978.0,24.19,0.105429,1.23939,58334.8
300036.SZ,20260423,25300,16.34,413402.0,16.33,0.00576996,0.248264,43847.8
300037.SZ,20260423,101900,63.26,6446194.0,62.71,0.018915,0.450161,53872.4
300039.SZ,20260423,26900,5.85,157365.0,5.86,0.00293371,0.232482,91692.6
300040.SZ,20260423,132600,7.04,933504.0,7.02,0.0256293,0.269553,51737.6
300041.SZ,20260423,122900,11.3,1388770.0,11.29,0.0225883,1.09015,54408.7
300042.SZ,20260423,328400,49.71,16324764.0,48.91,0.163887,1.64467,20038.2
300043.SZ,20260423,173900,5.72,994708.0,5.77,0.0139843,0.420378,124353.0
300044.SZ,20260423,346900,6.95,2410955.0,6.98,0.0484918,0.705934,71537.8
300045.SZ,20260423,83300,23.51,1958383.0,23.49,0.0161336,0.337939,51631.3
300046.SZ,20260423,72900,32.25,2351025.0,32.7,0.0308204,1.44484,23653.1
300047.SZ,20260423,74300,12.38,919834.0,12.38,0.0129462,0.535962,57391.1
300048.SZ,20260423,922533,6.75,6227097.75,7.06,0.0819312,2.59399,112598.0
300049.SZ,20260423,27600,59.8,1650480.0,59.42,0.011813,0.463829,23364.0
300050.SZ,20260423,338000,7.35,2484300.0,7.4,0.0620736,0.76386,54451.5
300051.SZ,20260423,188100,18.2,3423420.0,18.34,0.0511592,0.377721,36767.6
300052.SZ,20260423,237500,13.34,3168250.0,13.52,0.0907004,0.61924,26185.1
300053.SZ,20260423,58500,18.88,1104480.0,18.92,0.00898868,0.17255,65081.9
300054.SZ,20260423,476402,55.52,26449839.04,54.57,0.06454,1.63131,73815.1
300055.SZ,20260423,10400,11.66,121264.0,11.57,0.00175695,0.0320224,59193.6
300056.SZ,20260423,29800,9.53,283994.0,9.53,0.00773724,0.161585,38515.0
300057.SZ,20260423,4039500,7.48,30215460.0,7.4,0.551719,4.89865,73216.6
300058.SZ,20260423,5760615,19.4,111755931.0,19.24,0.165633,0.876738,347793.0
300059.SZ,20260423,1292843,20.1,25986144.3,20.18,0.00969311,0.574896,1333780.0
300061.SZ,20260423,469000,8.95,4197550.0,8.17,0.0753814,5.09084,62217.0
300062.SZ,20260423,35700,7.75,276675.0,7.75,0.00778714,0.198877,45844.8
300063.SZ,20260423,253300,12.26,3105458.0,12.13,0.0404275,0.357266,62655.4
300065.SZ,20260423,724400,25.98,18819912.0,26.11,0.110316,0.77116,65665.7
300066.SZ,20260423,13800,6.51,89838.0,6.52,0.00138263,0.0726044,99809.9
300067.SZ,20260423,12419342,7.27,90288616.34,6.06,1.32475,93.7765,93748.4
300068.SZ,20260423,144300,12.46,1797978.0,12.45,0.0169132,0.399794,85318.0
300069.SZ,20260423,96700,23.5,2272450.0,23.33,0.0826496,0.841736,11700.0
300070.SZ,20260423,64800,4.07,263736.0,4.07,0.00188659,0.181822,343477.0
300071.SZ,20260423,122600,4.89,599514.0,4.86,0.0129687,0.288081,94535.1
300072.SZ,20260423,231700,4.65,1077405.0,4.63,0.0099384,0.542776,233136.0
300073.SZ,20260423,168200,58.91,9908662.0,59.0,0.033243,0.854099,50597.1
300074.SZ,20260423,42800,4.0,171200.0,4.0,0.00782323,0.327365,54708.8
300075.SZ,20260423,7100,12.85,91235.0,12.85,0.00137747,0.0899662,51543.8
300076.SZ,20260423,206600,4.75,981350.0,4.79,0.0487264,0.541447,42400.0
300077.SZ,20260423,1024274,23.11,23670972.14,22.55,0.180862,3.01573,56632.8
300078.SZ,20260423,50000,3.86,193000.0,3.86,0.00449088,0.209217,111337.0
300079.SZ,20260423,194800,5.56,1083088.0,5.59,0.0152012,0.662629,128148.0
300080.SZ,20260423,575900,4.6,2649140.0,4.66,0.0307826,2.01125,187086.0
300081.SZ,20260423,599900,4.1,2459590.0,4.11,0.0992056,1.28022,60470.4
300082.SZ,20260423,578200,11.94,6903708.0,12.12,0.0852398,1.7041,67832.1
300083.SZ,20260423,243308,8.36,2034054.88,8.39,0.0163017,0.263618,149254.0
300084.SZ,20260423,141100,11.38,1605718.0,11.26,0.0407684,0.894831,34610.2
300085.SZ,20260423,179500,37.3,6695350.0,37.65,0.0275301,0.724912,65201.3
300086.SZ,20260423,22100,7.19,158899.0,7.22,0.00501495,0.0967314,44068.3
300087.SZ,20260423,14300,7.89,112827.0,7.9,0.00158485,0.142772,90229.6
300088.SZ,20260423,1759900,7.32,12882468.0,7.41,0.0708066,0.424273,248550.0
300091.SZ,20260423,103300,3.41,352253.0,3.4,0.00631641,0.390447,163542.0
300092.SZ,20260423,147000,16.3,2396100.0,16.55,0.0700446,2.88359,20986.6
300093.SZ,20260423,124800,22.64,2825472.0,23.47,0.0540312,1.52993,23097.8
300094.SZ,20260423,26700,3.08,82236.0,3.08,0.00241516,0.0785141,110552.0
300095.SZ,20260423,34300,9.66,331338.0,9.63,0.00999024,0.514281,34333.5
300096.SZ,20260423,36900,10.0,369000.0,10.0,0.0085814,0.561189,43000.0
300097.SZ,20260423,164000,10.41,1707240.0,10.3,0.0607388,0.528702,27000.8
300098.SZ,20260423,87500,5.3,463750.0,5.32,0.00567539,0.21113,154174.0
300099.SZ,20260423,424174,9.68,4106004.32,9.85,0.0729676,1.09903,58131.8
300100.SZ,20260423,29900,30.89,923611.0,30.89,0.00542496,0.312874,55115.6
300101.SZ,20260423,76200,23.28,1773936.0,23.47,0.0134619,0.278703,56604.3
300102.SZ,20260423,1229800,35.54,43707092.0,36.79,0.134261,1.54754,91597.7
300103.SZ,20260423,20800,7.67,159536.0,7.69,0.00655454,0.183006,31733.7
300105.SZ,20260423,53900,6.54,352506.0,6.52,0.0104564,0.748959,51547.3
300106.SZ,20260423,110500,9.81,1084005.0,9.5,0.0522873,2.13418,21133.2
300107.SZ,20260423,93600,6.95,650520.0,6.83,0.0269443,1.11108,34738.3
300109.SZ,20260423,189500,19.51,3697145.0,18.98,0.0423695,1.9574,44725.6
300110.SZ,20260423,69800,3.06,213588.0,3.07,0.00591101,0.174017,118085.0
300111.SZ,20260423,136900,3.83,524327.0,3.84,0.0106354,0.368342,128721.0
300112.SZ,20260423,72000,8.06,580320.0,8.11,0.0303023,1.05702,23760.6
300113.SZ,20260423,408700,29.35,11995345.0,29.68,0.0802915,0.607937,50902.0
300115.SZ,20260423,328800,33.85,11129880.0,34.04,0.0242243,0.710746,135732.0
300118.SZ,20260423,177700,16.73,2972921.0,16.74,0.019173,0.328362,92682.6
300119.SZ,20260423,19400,18.31,355214.0,18.4,0.00581494,0.490152,33362.3
300120.SZ,20260423,57200,7.41,423852.0,7.37,0.0108447,0.639748,52744.7
300121.SZ,20260423,192800,12.78,2463984.0,13.04,0.0449041,1.90094,42936.0
300122.SZ,20260423,47100,15.26,718746.0,15.28,0.00333025,0.375432,141431.0
300123.SZ,20260423,7928500,4.14,32823990.0,4.32,0.797619,14.2446,99402.0
300124.SZ,20260423,166700,67.0,11168900.0,66.91,0.00694998,0.488973,239857.0
300125.SZ,20260423,5300,9.72,51516.0,9.72,0.00146892,0.0574976,36081.0
300126.SZ,20260423,50300,7.61,382783.0,7.67,0.0238782,1.23588,21065.3
300127.SZ,20260423,2500,30.89,77225.0,30.88,0.00108311,0.042811,23081.6
300128.SZ,20260423,84600,6.29,532134.0,6.29,0.00651914,0.298368,129772.0
300129.SZ,20260423,1109900,12.25,13596275.0,12.77,0.154429,2.58269,71871.0
300130.SZ,20260423,30800,23.66,728728.0,23.66,0.00709414,0.323335,43416.1
300131.SZ,20260423,1270000,18.01,22872700.0,18.02,0.12185,0.843464,104227.0
300132.SZ,20260423,51400,8.74,449236.0,8.73,0.0101165,0.271136,50808.1
300133.SZ,20260423,4683705,8.21,38453218.05,8.07,0.290511,4.60179,161223.0
300134.SZ,20260423,62400,11.46,715104.0,11.56,0.0087589,0.304584,71241.8
300135.SZ,20260423,71300,3.71,264523.0,3.7,0.00773655,0.495973,92160.0
300136.SZ,20260423,750000,79.69,59767500.0,79.52,0.0911629,0.654585,82270.3
300137.SZ,20260423,112600,16.85,1897310.0,16.85,0.0212439,0.211516,53003.4
300138.SZ,20260423,55600,11.99,666644.0,11.99,0.0139589,0.898068,39831.3
300139.SZ,20260423,173700,57.07,9913059.0,57.8,0.074339,0.742679,23365.9
300140.SZ,20260423,634900,6.5,4126850.0,6.3,0.0622377,3.357,102012.0
300141.SZ,20260423,18304,13.34,244175.36,13.33,0.0071854,0.258864,25473.9
300142.SZ,20260423,73500,12.23,898905.0,12.28,0.00471002,0.220308,156050.0
300143.SZ,20260423,102200,11.72,1197784.0,11.85,0.0159374,0.906771,64125.8
300144.SZ,20260423,52300,7.73,404279.0,7.75,0.00221721,0.175325,235882.0
300145.SZ,20260423,355200,5.02,1783104.0,5.05,0.0185888,0.380782,191083.0
300146.SZ,20260423,13700,10.67,146179.0,10.66,0.00122247,0.101589,112068.0
300147.SZ,20260423,1515300,10.63,16107639.0,10.95,0.2305,8.93799,65739.8
300148.SZ,20260423,1040800,4.36,4537888.0,4.44,0.127844,3.45053,81411.5
300149.SZ,20260423,70600,10.89,768834.0,10.96,0.0148772,0.25007,47455.3
300150.SZ,20260423,21900,5.5,120450.0,5.49,0.00475856,0.262703,46022.3
300151.SZ,20260423,37700,18.3,689910.0,18.31,0.0102263,0.182829,36865.6
300152.SZ,20260423,118200,2.05,242310.0,2.05,0.0165867,0.627756,71261.8
300153.SZ,20260423,96600,28.1,2714460.0,28.26,0.0303459,0.473668,31833.0
300154.SZ,20260423,9200,8.21,75532.0,8.21,0.0029192,0.188631,31515.4
300155.SZ,20260423,35600,4.59,163404.0,4.6,0.0107642,0.409609,33072.7
300157.SZ,20260423,128700,6.1,785070.0,6.13,0.0181825,0.413036,70782.5
300158.SZ,20260423,35600,5.92,210752.0,5.95,0.00359054,0.109539,99149.3
300159.SZ,20260423,344800,3.32,1144736.0,3.34,0.0188226,0.844038,183184.0
300160.SZ,20260423,204800,5.28,1081344.0,5.33,0.026871,2.29956,76216.0
300161.SZ,20260423,50400,29.7,1496880.0,29.17,0.0258468,1.8348,19499.5
300162.SZ,20260423,124200,9.72,1207224.0,9.73,0.0362986,0.37605,34216.2
300163.SZ,20260423,139500,4.88,680760.0,4.88,0.0307411,0.358909,45379.0
300164.SZ,20260423,491600,13.65,6710340.0,13.59,0.084292,0.640455,58321.1
300165.SZ,20260423,161700,6.38,1031646.0,6.23,0.038451,0.506915,42053.5
300166.SZ,20260423,1597212,16.22,25906778.64,16.75,0.176336,0.908862,90577.8
300167.SZ,20260423,14500,6.05,87725.0,6.06,0.0040402,0.208492,35889.3
300168.SZ,20260423,29400,5.46,160524.0,5.47,0.00204283,0.232501,143918.0
300169.SZ,20260423,10200,5.82,59364.0,5.86,0.00338044,0.150344,30173.6
300170.SZ,20260423,313500,21.63,6781005.0,21.64,0.0320936,0.533332,97683.0
300171.SZ,20260423,20400,14.85,302940.0,14.88,0.00362565,0.438997,56265.7
300172.SZ,20260423,36700,5.37,197079.0,5.37,0.00701807,0.208701,52293.6
300173.SZ,20260423,7000,4.31,30170.0,4.32,0.000952737,0.0724331,73472.6
300174.SZ,20260423,199300,17.8,3547540.0,17.89,0.0550257,1.37708,36219.5
300175.SZ,20260423,47000,6.49,305030.0,6.48,0.00998301,1.06064,47080.0
300176.SZ,20260423,25300,7.16,181148.0,7.16,0.00653273,0.222452,38728.1
300177.SZ,20260423,17400,8.11,141114.0,8.11,0.00286985,0.153923,60630.3
300179.SZ,20260423,332300,27.88,9264524.0,28.63,0.0888546,0.613045,37398.2
300180.SZ,20260423,61700,5.61,346137.0,5.63,0.00360256,0.232482,171267.0
300181.SZ,20260423,17500,15.88,277900.0,15.92,0.00290258,0.21002,60291.1
300182.SZ,20260423,391200,5.78,2261136.0,5.8,0.0173181,0.34898,225890.0
300183.SZ,20260423,4100,15.54,63714.0,15.57,0.00110503,0.0576778,37102.9
300184.SZ,20260423,1186700,13.38,15878046.0,13.49,0.11259,0.674942,105400.0
300185.SZ,20260423,314000,3.22,1011080.0,3.22,0.00816426,0.19635,384603.0
300187.SZ,20260423,126700,5.16,653772.0,5.17,0.019739,1.26307,64187.7
300188.SZ,20260423,13300,12.95,172235.0,12.99,0.00155463,0.0732433,85550.9
300189.SZ,20260423,313800,6.57,2061666.0,6.61,0.035408,0.551674,88624.0
300190.SZ,20260423,63200,4.05,255960.0,4.05,0.0066932,0.22578,94424.2
300191.SZ,20260423,58600,40.71,2385606.0,40.68,0.0264925,0.443674,22119.5
300192.SZ,20260423,61900,19.85,1228715.0,19.86,0.0190674,0.543756,32463.8
300193.SZ,20260423,33300,8.66,288378.0,8.67,0.00794037,0.621261,41937.6
300194.SZ,20260423,213000,4.15,883950.0,4.13,0.0219963,1.71975,96834.4
300195.SZ,20260423,5000,7.6,38000.0,7.61,0.0015928,0.0723229,31391.2
300196.SZ,20260423,217100,20.12,4368052.0,20.11,0.0879211,0.808137,24692.6
300197.SZ,20260423,208700,1.68,350616.0,1.68,0.00703826,0.545438,296522.0
300198.SZ,20260423,144100,2.51,361691.0,2.53,0.0140419,1.3352,102622.0
300199.SZ,20260423,298400,22.38,6678192.0,22.57,0.0400162,0.577672,74569.8
300200.SZ,20260423,122400,9.99,1222776.0,9.95,0.0288733,0.829738,42392.1
300201.SZ,20260423,71100,11.65,828315.0,11.6,0.00708412,0.175599,100365.0
300203.SZ,20260423,30200,14.58,440316.0,14.58,0.00673579,0.308902,44835.1
300204.SZ,20260423,111000,29.4,3263400.0,29.71,0.0244674,0.263988,45366.4
300205.SZ,20260423,461200,6.33,2919396.0,6.04,0.107242,4.50586,43005.6
300206.SZ,20260423,33600,15.49,520464.0,15.41,0.00992968,0.420083,33838.0
300207.SZ,20260423,668400,29.69,19844796.0,29.78,0.0390002,0.623758,171384.0
300209.SZ,20260423,924700,13.48,12464956.0,13.78,0.125885,0.785636,73456.0
300210.SZ,20260423,180400,9.2,1659680.0,9.44,0.0372558,1.41214,48422.0
300211.SZ,20260423,22300,8.55,190665.0,8.5,0.00750625,0.715558,29708.6
300212.SZ,20260423,138200,8.15,1126330.0,8.14,0.0197849,0.401889,69851.2
300213.SZ,20260423,7800,7.8,60840.0,7.82,0.00141248,0.0883705,55222.2
300214.SZ,20260423,99400,7.89,784266.0,7.92,0.0213808,0.554049,46490.3
300215.SZ,20260423,30500,8.13,247965.0,8.14,0.00610158,0.106486,49987.0
300217.SZ,20260423,143900,5.43,781377.0,5.42,0.0117283,0.265727,122695.0
300218.SZ,20260423,1600,14.64,23424.0,14.62,0.000739794,0.0248001,21627.6
300219.SZ,20260423,10100,7.84,79184.0,7.87,0.00142928,0.0569361,70664.9
300220.SZ,20260423,15200,13.96,212192.0,13.96,0.0100649,0.656327,15101.9
300221.SZ,20260423,264100,11.54,3047714.0,11.56,0.0577692,1.04806,45716.4
300222.SZ,20260423,60700,11.12,674984.0,11.15,0.0095771,0.46433,63380.4
300223.SZ,20260423,290750,127.0,36925250.0,123.89,0.0691323,1.22086,42057.1
300224.SZ,20260423,291900,14.05,4101195.0,14.05,0.0314794,1.05542,92727.4
300225.SZ,20260423,314300,6.46,2030378.0,6.45,0.0661605,1.09203,47505.7
300226.SZ,20260423,15500,24.38,377890.0,24.47,0.00505948,0.170421,30635.6
300227.SZ,20260423,51700,12.15,628155.0,12.19,0.0119381,0.259294,43306.8
300228.SZ,20260423,117500,9.0,1057500.0,9.02,0.0210233,0.381559,55890.4
300229.SZ,20260423,640300,18.28,11704684.0,18.96,0.0733422,2.94935,87303.0
300230.SZ,20260423,4900,4.8,23520.0,4.8,0.000777997,0.0483557,62982.2
300231.SZ,20260423,124400,11.31,1406964.0,11.41,0.0280009,0.450153,44427.2
300232.SZ,20260423,307500,6.52,2004900.0,6.51,0.0347206,0.851016,88564.2
300233.SZ,20260423,6400,16.01,102464.0,16.02,0.00173059,0.0513429,36981.5
300234.SZ,20260423,173300,6.56,1136848.0,6.61,0.0503798,0.79511,34398.7
300235.SZ,20260423,32004,14.43,461817.72,14.35,0.0157552,0.316835,20313.3
300236.SZ,20260423,39100,86.88,3397008.0,86.01,0.014037,0.363336,27855.0
300237.SZ,20260423,117000,2.3,269100.0,2.29,0.00811429,0.651923,144190.0
300238.SZ,20260423,14400,14.94,215136.0,14.94,0.00543121,0.267028,26513.4
300239.SZ,20260423,2300,5.29,12167.0,5.29,0.000389988,0.0286807,58976.2
300240.SZ,20260423,202700,6.8,1378360.0,6.96,0.055786,2.77242,36335.3
300241.SZ,20260423,1284700,7.18,9224146.0,7.08,0.21909,3.1807,58638.0
300242.SZ,20260423,25500,4.72,120360.0,4.73,0.00401857,0.126927,63455.5
300243.SZ,20260423,179100,17.18,3076938.0,17.22,0.0918234,0.50848,19504.8
300244.SZ,20260423,138000,19.66,2713080.0,19.68,0.0275197,0.615492,50145.9
300245.SZ,20260423,51100,13.06,667366.0,13.1,0.0167883,0.198741,30437.9
300246.SZ,20260423,136700,16.22,2217274.0,16.34,0.0646865,0.783459,21132.7
300247.SZ,20260423,164100,4.38,718758.0,4.39,0.0204353,1.2596,80302.0
300248.SZ,20260423,47500,10.4,494000.0,10.41,0.0116105,0.710928,40911.3
300249.SZ,20260423,77300,18.11,1399903.0,18.26,0.0206624,0.201391,37411.0
300250.SZ,20260423,155500,22.29,3466095.0,22.63,0.0987775,2.09548,15742.4
300251.SZ,20260423,668000,15.55,10387400.0,15.55,0.0240689,0.591234,277537.0
300252.SZ,20260423,272600,15.4,4198040.0,15.48,0.048785,0.731671,55877.9
300253.SZ,20260423,1620454,8.89,14405836.06,8.56,0.0895031,3.16243,181050.0
300254.SZ,20260423,6800,12.14,82552.0,12.16,0.00300976,0.0468455,22593.2
300255.SZ,20260423,55500,41.55,2306025.0,41.56,0.00604776,0.272721,91769.6
300256.SZ,20260423,90400,3.46,312784.0,3.46,0.00402961,0.362139,224339.0
300257.SZ,20260423,40500,28.75,1164375.0,28.75,0.00424221,0.289084,95469.0
300258.SZ,20260423,55100,11.49,633099.0,11.47,0.00966849,0.263205,56989.2
300259.SZ,20260423,370300,4.76,1762628.0,4.84,0.0316622,1.91205,116953.0
300260.SZ,20260423,33700,51.0,1718700.0,50.9,0.0117162,0.257342,28763.7
300261.SZ,20260423,14300,6.11,87373.0,6.1,0.00152749,0.116529,93617.3
300263.SZ,20260423,526200,11.01,5793462.0,11.22,0.05394,1.29172,97552.9
300264.SZ,20260423,22500,8.56,192600.0,8.62,0.00607404,0.118714,37042.9
300265.SZ,20260423,2285209,20.31,46412594.79,21.01,0.489024,3.08857,46730.0
300266.SZ,20260423,156600,2.37,371142.0,2.38,0.0100845,1.12529,155288.0
300267.SZ,20260423,922200,4.1,3781020.0,4.1,0.0648345,1.02251,142239.0
300268.SZ,20260423,1100,13.78,15158.0,13.87,0.000822691,0.0904505,13370.8
300269.SZ,20260423,114700,7.36,844192.0,7.36,0.0218194,0.467103,52568.0
300270.SZ,20260423,186900,12.32,2302608.0,12.44,0.0716283,0.770858,26093.0
300271.SZ,20260423,2300,6.54,15042.0,6.57,0.000288494,0.0256683,79724.2
300272.SZ,20260423,147300,8.61,1268253.0,8.65,0.0317134,0.528819,46447.2
300274.SZ,20260423,438200,137.5,60252500.0,136.91,0.0275595,0.716565,159001.0
300275.SZ,20260423,15300,11.19,171207.0,11.2,0.00563616,0.395311,27146.1
300276.SZ,20260423,122000,7.51,916220.0,7.53,0.0115407,0.267309,105712.0
300277.SZ,20260423,1607705,21.01,33777882.05,19.67,0.210005,4.41463,76555.4
300278.SZ,20260423,33000,4.73,156090.0,4.74,0.00234135,0.119146,140945.0
300279.SZ,20260423,61800,8.89,549402.0,8.93,0.0126914,0.357459,48694.4
300281.SZ,20260423,1600,6.88,11008.0,6.88,0.000402692,0.0277525,39732.6
300283.SZ,20260423,92100,9.96,917316.0,9.96,0.0250804,0.261674,36721.9
300284.SZ,20260423,12900,6.68,86172.0,6.67,0.00107738,0.117924,119735.0
300285.SZ,20260423,183800,36.7,6745460.0,36.66,0.0215306,0.407952,85366.9
300286.SZ,20260423,122000,25.88,3157360.0,26.29,0.0587173,2.38918,20777.5
300287.SZ,20260423,38900,4.19,162991.0,4.19,0.00295094,0.177636,131822.0
300288.SZ,20260423,4700,12.65,59455.0,12.7,0.00183186,0.105544,25656.9
300289.SZ,20260423,28700,6.77,194299.0,6.77,0.00528393,0.435856,54315.6
300290.SZ,20260423,194800,15.12,2945376.0,15.3,0.0304593,0.422228,63954.2
300291.SZ,20260423,30500,6.6,201300.0,6.63,0.0032769,0.151252,93075.9
300292.SZ,20260423,2657700,5.35,14218695.0,5.17,0.238157,4.37434,111594.0
300293.SZ,20260423,70600,18.5,1306100.0,18.25,0.0208605,1.16349,33843.8
300294.SZ,20260423,7300,18.7,136510.0,18.75,0.0014477,0.180341,50424.9
300295.SZ,20260423,0,,0.0,10.67,0.0,0.0,16752.6
300296.SZ,20260423,522597,7.92,4138968.24,7.92,0.0229761,0.434799,227453.0
300298.SZ,20260423,1900,16.16,30704.0,16.2,0.000421367,0.0509074,45091.3
300299.SZ,20260423,40800,5.93,241944.0,5.94,0.00591971,0.246905,68922.3
300300.SZ,20260423,148300,12.73,1887859.0,12.85,0.0222404,0.231467,66680.5
300301.SZ,20260423,169600,3.87,656352.0,3.81,0.0214738,0.622445,78979.9
300302.SZ,20260423,194000,24.7,4791800.0,24.44,0.0526011,0.666196,36881.4
300303.SZ,20260423,1374800,10.39,14284172.0,10.34,0.103474,0.830042,132865.0
300304.SZ,20260423,39600,12.85,508860.0,12.92,0.0046342,0.248105,85451.6
300305.SZ,20260423,89300,6.38,569734.0,6.38,0.0277781,1.1291,32147.6
300306.SZ,20260423,21000,12.47,261870.0,12.42,0.0133247,0.915473,15760.2
300307.SZ,20260423,5500,6.44,35420.0,6.45,0.000698946,0.0889964,78689.9
300308.SZ,20260423,266539,890.0,237219710.0,886.62,0.0240492,0.886517,110831.0
300310.SZ,20260423,810100,6.29,5095529.0,6.45,0.117173,2.41952,69137.3
300311.SZ,20260423,1000,5.38,5380.0,5.38,0.000186078,0.0126213,53740.9
300313.SZ,20260423,6000,8.17,49020.0,8.16,0.00304024,0.303544,19735.3
300314.SZ,20260423,73900,12.3,908970.0,12.63,0.0514118,2.53624,14374.1
300315.SZ,20260423,154400,4.87,751928.0,4.87,0.00597748,0.299613,258303.0
300316.SZ,20260423,137400,45.06,6191244.0,44.99,0.0111566,0.366332,123156.0
300317.SZ,20260423,265200,4.91,1302132.0,4.94,0.0319937,0.435573,82891.3
300318.SZ,20260423,50300,5.58,280674.0,5.62,0.006299,0.603345,79853.9
300319.SZ,20260423,536500,12.5,6706250.0,12.72,0.0636585,1.99421,84277.8
300320.SZ,20260423,16200,9.47,153414.0,9.44,0.00333794,0.125768,48533.0
300321.SZ,20260423,98600,39.97,3941042.0,40.84,0.111166,3.65119,8869.59
300322.SZ,20260423,302100,32.5,9818250.0,32.24,0.0685919,0.46328,44043.1
300323.SZ,20260423,641420,11.08,7106933.6,11.2,0.0540055,0.703791,118769.0
300324.SZ,20260423,430200,4.71,2026242.0,4.64,0.025158,1.27678,170999.0
300326.SZ,20260423,171600,6.93,1189188.0,6.83,0.0239425,1.71922,71671.8
300327.SZ,20260423,170600,27.56,4701736.0,27.0,0.0503461,1.65314,33885.4
300328.SZ,20260423,601700,16.6,9988220.0,16.4,0.0876645,1.88561,68636.7
300329.SZ,20260423,18300,14.35,262605.0,14.15,0.0072582,0.419919,25212.8
300331.SZ,20260423,79700,49.32,3930804.0,49.12,0.0379134,0.653108,21021.6
300332.SZ,20260423,52800,5.59,295152.0,5.59,0.00636103,0.155323,83005.4
300333.SZ,20260423,11000,8.99,98890.0,8.99,0.00328574,0.165572,33478.0
300334.SZ,20260423,14500,7.27,105415.0,7.24,0.00480085,0.257706,30203.0
300335.SZ,20260423,136200,6.91,941142.0,6.94,0.035454,0.380965,38415.9
300337.SZ,20260423,191500,14.5,2776750.0,14.56,0.0269184,0.326283,71141.0
300338.SZ,20260423,86500,3.59,310535.0,3.63,0.0247595,0.826501,34936.1
300339.SZ,20260423,158300,41.99,6647017.0,42.31,0.0203552,0.660708,77768.6
300340.SZ,20260423,161900,11.13,1801947.0,11.21,0.0592036,2.20731,27346.3
300341.SZ,20260423,9500,15.18,144210.0,15.17,0.00184334,0.246036,51536.9
300342.SZ,20260423,1700200,68.0,115613600.0,66.2,0.405971,2.56059,41879.9
300343.SZ,20260423,76000,6.69,508440.0,6.65,0.00712799,0.533278,106622.0
300345.SZ,20260423,105800,6.63,701454.0,6.64,0.0220717,0.46505,47934.7
300346.SZ,20260423,587600,52.5,30849000.0,51.48,0.0895745,1.42747,65599.0
300347.SZ,20260423,47215,57.3,2705419.5,57.39,0.00833872,0.49175,56621.4
300348.SZ,20260423,53300,13.58,723814.0,13.61,0.00755175,0.320979,70579.7
300349.SZ,20260423,234800,14.1,3310680.0,14.61,0.0634927,2.57689,36980.6
300350.SZ,20260423,48500,5.19,251715.0,5.2,0.0102849,0.354997,47156.5
300351.SZ,20260423,90700,20.34,1844838.0,20.34,0.0344329,0.278241,26341.1
300352.SZ,20260423,197800,7.42,1467676.0,7.41,0.0154941,0.236937,127661.0
300353.SZ,20260423,19300,19.51,376543.0,19.55,0.00359231,0.153964,53725.9
300354.SZ,20260423,4700,36.69,172443.0,36.71,0.00578042,0.175752,8130.9
300355.SZ,20260423,476200,3.71,1766702.0,3.74,0.036674,1.85919,129847.0
300357.SZ,20260423,29800,26.48,789104.0,26.64,0.00615621,0.316111,48406.4
300358.SZ,20260423,830600,10.67,8862502.0,10.94,0.118437,4.16536,70130.0
300359.SZ,20260423,19800,4.9,97020.0,4.9,0.00312647,0.292774,63330.2
300360.SZ,20260423,12900,16.2,208980.0,16.25,0.00257857,0.216363,50027.7
300363.SZ,20260423,89900,22.02,1979598.0,22.02,0.0180212,0.716946,49885.6
300364.SZ,20260423,812600,30.54,24816804.0,30.26,0.123045,1.24366,66041.1
300365.SZ,20260423,23500,5.77,135595.0,5.78,0.00459231,0.149867,51172.5
300366.SZ,20260423,89500,5.55,496725.0,5.55,0.0168708,1.21452,53050.2
300368.SZ,20260423,58400,10.39,606776.0,10.47,0.0110409,0.396996,52894.3
300369.SZ,20260423,116800,8.16,953088.0,8.18,0.0144544,0.536994,80805.6
300370.SZ,20260423,45400,2.49,113046.0,2.5,0.00290752,0.268501,156147.0
300371.SZ,20260423,13500,12.72,171720.0,12.78,0.0100439,0.688789,13441.0
300373.SZ,20260423,56000,83.36,4668160.0,83.0,0.0103295,0.436175,54213.8
300374.SZ,20260423,4600,13.91,63986.0,13.94,0.00187081,0.17263,24588.3
300375.SZ,20260423,60700,4.91,298037.0,4.91,0.0114908,0.573303,52824.8
300376.SZ,20260423,31900,6.4,204160.0,6.4,0.00137061,0.124685,232743.0
300377.SZ,20260423,43600,17.48,762128.0,17.63,0.00631041,0.147555,69092.2
300378.SZ,20260423,96800,42.38,4102384.0,42.38,0.035917,0.821179,26951.0
300380.SZ,20260423,3200,34.6,110720.0,34.69,0.00251245,0.146484,12736.6
300381.SZ,20260423,4700,6.14,28858.0,6.14,0.000960476,0.0728382,48934.1
300382.SZ,20260423,515600,14.4,7424640.0,14.37,0.0795264,2.71456,64833.8
300383.SZ,20260423,1203000,17.7,21293100.0,17.83,0.0670735,0.691647,179355.0
300384.SZ,20260423,9100,15.56,141596.0,15.56,0.00413199,0.177862,22023.3
300385.SZ,20260423,250200,15.65,3915630.0,15.76,0.0860792,0.836263,29066.3
300386.SZ,20260423,113400,13.85,1570590.0,14.17,0.0452229,2.64418,25075.8
300387.SZ,20260423,128100,8.79,1125999.0,8.7,0.0443319,1.79722,28895.7
300388.SZ,20260423,204700,8.28,1694916.0,7.81,0.0300569,6.14639,68104.2
300389.SZ,20260423,47100,20.2,951420.0,20.41,0.021464,0.579908,21943.7
300390.SZ,20260423,289600,84.86,24575456.0,84.86,0.0430781,0.400102,67226.8
300393.SZ,20260423,207800,10.8,2244240.0,10.7,0.0217386,0.34387,95590.5
300394.SZ,20260423,404785,375.6,152037246.0,375.41,0.0521729,0.83714,77585.2
300395.SZ,20260423,878585,124.01,108953325.85,120.13,0.171723,2.52904,51163.0
300396.SZ,20260423,17000,11.12,189040.0,11.15,0.00624334,0.716123,27229.0
300397.SZ,20260423,27700,11.92,330184.0,11.97,0.00683098,0.264649,40550.5
300398.SZ,20260423,777400,31.8,24721320.0,31.73,0.137873,1.49944,56385.0
300399.SZ,20260423,6500,21.12,137280.0,21.19,0.00328979,0.184495,19758.1
300400.SZ,20260423,62700,28.74,1801998.0,28.73,0.025929,0.338428,24181.4
300401.SZ,20260423,23700,13.49,319713.0,13.5,0.00443073,0.148997,53490.1
300402.SZ,20260423,13200,19.01,250932.0,19.03,0.00541831,0.393304,24361.8
300403.SZ,20260423,45900,12.11,555849.0,12.18,0.0107479,0.592566,42705.9
300404.SZ,20260423,26600,10.32,274512.0,10.34,0.00931889,0.286933,28544.2
300405.SZ,20260423,31100,5.97,185667.0,5.97,0.0142124,0.445401,21882.3
300406.SZ,20260423,7500,11.81,88575.0,11.88,0.00176752,0.295931,42432.2
300407.SZ,20260423,52500,13.6,714000.0,13.43,0.0202764,0.638398,25892.1
300408.SZ,20260423,116700,68.0,7935600.0,67.0,0.0062413,0.458659,186980.0
300409.SZ,20260423,296200,27.11,8029982.0,27.29,0.0430841,0.863007,68749.3
300410.SZ,20260423,85100,9.9,842490.0,9.96,0.0231808,0.182462,36711.5
300411.SZ,20260423,2000,10.73,21460.0,10.76,0.000647007,0.0323852,30911.6
300412.SZ,20260423,46400,5.37,249168.0,5.38,0.00991746,0.343776,46786.2
300413.SZ,20260423,10300,21.05,216815.0,21.07,0.00100812,0.0819469,102170.0
300414.SZ,20260423,185300,14.76,2735028.0,14.29,0.0590994,2.22457,31354.0
300415.SZ,20260423,25400,24.28,616712.0,24.21,0.00560592,0.211284,45309.2
300416.SZ,20260423,163700,18.16,2972792.0,18.45,0.0324188,1.1047,50495.4
300417.SZ,20260423,8600,12.74,109564.0,12.75,0.00982159,0.307783,8756.22
300418.SZ,20260423,212900,53.55,11400795.0,53.63,0.016971,0.302153,125449.0
300419.SZ,20260423,110500,7.79,860795.0,7.74,0.0300473,1.0997,36775.4
300420.SZ,20260423,104600,3.71,388066.0,3.71,0.00937027,0.523805,111630.0
300421.SZ,20260423,40600,24.93,1012158.0,25.08,0.0176258,0.42501,23034.4
300422.SZ,20260423,19800,4.65,92070.0,4.63,0.00387133,0.278482,51145.2
300423.SZ,20260423,20700,7.9,163530.0,7.95,0.00620949,0.198214,33336.0
300424.SZ,20260423,10300,18.2,187460.0,18.2,0.0041991,0.102385,24529.1
300425.SZ,20260423,15300,4.92,75276.0,4.93,0.00225308,0.244017,67907.0
300426.SZ,20260423,7300,7.47,54531.0,7.47,0.001825,0.101844,40000.0
300427.SZ,20260423,153100,12.03,1841793.0,12.01,0.0304371,0.420723,50300.5
300428.SZ,20260423,27100,21.21,574791.0,21.24,0.00454118,0.386966,59676.1
300429.SZ,20260423,121800,14.6,1778280.0,14.53,0.0304145,0.665468,40046.7
300430.SZ,20260423,22200,17.76,394272.0,17.77,0.00854325,0.44472,25985.4
300432.SZ,20260423,325800,26.3,8568540.0,26.52,0.0192718,0.504875,169056.0
300433.SZ,20260423,299000,27.2,8132800.0,27.25,0.00601646,0.209147,496970.0
300434.SZ,20260423,33100,10.27,339937.0,10.24,0.00967494,0.542089,34212.1
300435.SZ,20260423,72300,24.06,1739538.0,24.09,0.0196034,0.372992,36881.4
300436.SZ,20260423,24795,115.36,2860351.2,117.1,0.0181353,0.28771,13672.2
300437.SZ,20260423,49300,16.06,791758.0,16.08,0.028374,0.405731,17375.1
300438.SZ,20260423,139200,68.0,9465600.0,67.9,0.0344414,0.338872,40416.4
300439.SZ,20260423,14700,9.75,143325.0,9.77,0.00502853,0.489893,29233.2
300440.SZ,20260423,11000,17.6,193600.0,17.58,0.00251244,0.0882406,43782.2
300441.SZ,20260423,7200,7.24,52128.0,7.25,0.00114915,0.17485,62654.9
300442.SZ,20260423,317600,92.88,29498688.0,93.5,0.0194868,0.528124,162982.0
300443.SZ,20260423,46600,30.06,1400796.0,30.36,0.0191948,0.422359,24277.4
300444.SZ,20260423,404400,15.58,6300552.0,15.39,0.065074,0.54877,62144.7
300445.SZ,20260423,8200,21.51,176382.0,21.52,0.00583414,0.229818,14055.2
300446.SZ,20260423,141200,20.96,2959552.0,21.14,0.0377985,0.938612,37356.0
300447.SZ,20260423,53500,21.62,1156670.0,21.75,0.0265571,0.374048,20145.3
300448.SZ,20260423,150600,7.29,1097874.0,7.35,0.0324189,0.476746,46454.4
300449.SZ,20260423,17200,6.93,119196.0,6.96,0.00445554,0.281318,38603.6
300450.SZ,20260423,296700,58.8,17445960.0,58.8,0.0190264,0.380338,155941.0
300451.SZ,20260423,78200,4.34,339388.0,4.35,0.00512218,0.24939,152669.0
300452.SZ,20260423,356200,14.14,5036668.0,14.74,0.179328,8.2745,19863.0
300453.SZ,20260423,181900,10.06,1829914.0,10.02,0.0505475,1.13371,35986.0
300454.SZ,20260423,36400,109.61,3989804.0,110.26,0.0126388,0.316291,28800.3
300455.SZ,20260423,71620,26.88,1925145.6,26.88,0.0101069,0.387856,70862.2
300456.SZ,20260423,2597204,54.1,140508736.4,57.55,0.434716,3.55589,59744.9
300457.SZ,20260423,53500,28.46,1522610.0,28.63,0.00842724,0.329078,63484.6
300458.SZ,20260423,308400,41.23,12715332.0,41.25,0.0467329,1.02793,65992.0
300459.SZ,20260423,150100,4.04,606404.0,4.06,0.00456621,0.215991,328719.0
300460.SZ,20260423,156800,9.55,1497440.0,9.55,0.0558396,2.24667,28080.4
300461.SZ,20260423,76500,63.01,4820265.0,63.99,0.0532347,0.597252,14370.3
300462.SZ,20260423,18600,12.8,238080.0,12.83,0.0134749,0.995771,13803.4
300463.SZ,20260423,1700,10.61,18037.0,10.62,0.000345669,0.0374444,49180.0
300464.SZ,20260423,47600,8.13,386988.0,8.13,0.0133955,0.26145,35534.3
300465.SZ,20260423,13100,14.88,194928.0,14.89,0.00295212,0.141422,44374.9
300466.SZ,20260423,59900,8.73,522927.0,8.55,0.0133446,1.08947,44887.2
300467.SZ,20260423,41300,32.0,1321600.0,32.18,0.0245021,0.935989,16855.7
300468.SZ,20260423,43900,30.46,1337194.0,30.65,0.00828631,0.172883,52979.0
300469.SZ,20260423,11100,53.28,591408.0,53.56,0.00447161,0.146569,24823.3
300470.SZ,20260423,349200,34.17,11932164.0,35.96,0.177129,8.01369,19714.4
300471.SZ,20260423,409300,12.9,5279970.0,13.18,0.111662,4.06186,36655.2
300472.SZ,20260423,8300,8.23,68309.0,8.25,0.00313395,0.134029,26484.1
300473.SZ,20260423,26500,35.22,933330.0,35.0,0.0176608,0.556311,15005.0
300474.SZ,20260423,19300,61.84,1193512.0,61.73,0.00474815,0.278371,40647.4
300475.SZ,20260423,687803,164.44,113102325.32,162.12,0.154431,2.13016,44538.0
300476.SZ,20260423,513523,346.11,177735445.53,342.78,0.0593534,0.996554,86519.5
300477.SZ,20260423,1461600,2.19,3200904.0,2.2,0.14751,3.3333,99085.1
300478.SZ,20260423,91400,31.11,2843454.0,31.34,0.0721543,1.35584,12667.3
300479.SZ,20260423,13800,19.31,266478.0,19.36,0.00700762,0.377984,19692.8
300480.SZ,20260423,31100,33.68,1047448.0,33.9,0.0115116,0.19931,27016.2
300481.SZ,20260423,32600,15.0,489000.0,15.0,0.0112384,0.395711,29007.6
300482.SZ,20260423,136400,17.8,2427920.0,17.43,0.0317157,3.6392,43007.1
300483.SZ,20260423,140200,20.8,2916160.0,21.05,0.0367327,0.51629,38167.6
300484.SZ,20260423,19700,17.29,340613.0,17.26,0.0118423,0.586237,16635.3
300485.SZ,20260423,22600,11.77,266002.0,11.79,0.00825368,0.144323,27381.7
300486.SZ,20260423,10600,24.54,260124.0,24.49,0.0022222,0.0860645,47700.6
300487.SZ,20260423,82000,65.0,5330000.0,65.67,0.0266217,1.22838,30801.9
300488.SZ,20260423,18400,29.8,548320.0,30.06,0.0113403,0.446403,16225.3
300489.SZ,20260423,123400,90.18,11128212.0,90.1,0.0890022,0.656829,13864.8
300490.SZ,20260423,1133100,19.57,22174767.0,20.75,0.288135,2.60041,39325.3
300491.SZ,20260423,9300,26.5,246450.0,26.73,0.00596194,0.0974254,15599.0
300492.SZ,20260423,14400,53.89,776016.0,53.65,0.0073215,0.376564,19668.1
300493.SZ,20260423,27900,16.2,451980.0,16.13,0.00550718,0.304652,50661.1
300494.SZ,20260423,13100,11.8,154580.0,11.85,0.00328858,0.120125,39834.8
300496.SZ,20260423,224242,64.5,14463609.0,64.5,0.0608327,1.79204,36862.1
300497.SZ,20260423,197200,18.26,3600872.0,18.34,0.0447325,0.401548,44084.3
300498.SZ,20260423,201900,16.64,3359616.0,16.68,0.00339367,0.455095,594930.0
300499.SZ,20260423,267900,44.22,11846538.0,44.25,0.0987091,0.567628,27140.4
300500.SZ,20260423,75400,10.97,827138.0,10.63,0.0449886,2.10806,16759.8
300501.SZ,20260423,68200,18.9,1288980.0,19.12,0.0677095,1.15954,10072.4
300502.SZ,20260423,398300,619.0,246547700.0,622.71,0.0449843,1.0491,88541.9
300503.SZ,20260423,134100,62.67,8404047.0,62.98,0.0556489,0.446249,24097.5
300504.SZ,20260423,56400,16.59,935676.0,16.71,0.0258417,0.734865,21825.2
300505.SZ,20260423,40000,26.23,1049200.0,26.17,0.0184025,0.243194,21736.1
300506.SZ,20260423,196400,5.09,999676.0,5.01,0.0267321,2.48618,73469.6
300507.SZ,20260423,679000,8.41,5710390.0,8.63,0.0876139,4.85124,77499.2
300508.SZ,20260423,74100,33.48,2480868.0,33.83,0.0905214,1.97084,8185.91
300509.SZ,20260423,39500,12.37,488615.0,12.38,0.0159852,0.485703,24710.4
300510.SZ,20260423,26200,4.08,106896.0,4.08,0.00317695,0.16667,82469.1
300511.SZ,20260423,325600,7.05,2295480.0,7.06,0.0581372,1.00364,56005.4
300512.SZ,20260423,40200,9.07,364614.0,9.1,0.012411,1.2334,32390.7
300513.SZ,20260423,46300,8.7,402810.0,8.68,0.0160609,0.776216,28827.8
300514.SZ,20260423,125600,12.92,1622752.0,13.4,0.0783735,4.71929,16025.8
300515.SZ,20260423,16000,17.29,276640.0,17.29,0.0079303,0.472991,20175.8
300516.SZ,20260423,16800,62.31,1046808.0,62.3,0.00933333,0.305188,18000.0
300517.SZ,20260423,4200,11.9,49980.0,11.83,0.00332689,0.0859419,12624.4
300518.SZ,20260423,74200,25.47,1889874.0,25.23,0.0372128,0.448076,19939.4
300519.SZ,20260423,14900,15.89,236761.0,15.82,0.0130587,0.477845,11410.0
300520.SZ,20260423,56344,35.75,2014298.0,36.02,0.020267,0.343428,27800.8
300521.SZ,20260423,3800,27.56,104728.0,27.62,0.0025379,0.144905,14973.0
300522.SZ,20260423,22600,13.6,307360.0,13.59,0.00858971,0.144786,26310.6
300523.SZ,20260423,2500,22.51,56275.0,22.56,0.00107592,0.0984932,23235.8
300525.SZ,20260423,15500,10.4,161200.0,10.42,0.00249163,0.155807,62208.3
300527.SZ,20260423,21600,8.22,177552.0,8.22,0.00212437,0.280386,101677.0
300528.SZ,20260423,202100,16.43,3320503.0,16.73,0.0542393,0.953006,37260.8
300529.SZ,20260423,63900,18.35,1172565.0,18.37,0.0124687,1.02433,51248.2
300530.SZ,20260423,114700,24.45,2804415.0,24.93,0.0667049,3.65604,17195.1
300531.SZ,20260423,48000,19.92,956160.0,20.14,0.0155461,0.216305,30875.9
300532.SZ,20260423,201300,11.5,2314950.0,11.77,0.0466211,2.88295,43177.9
300533.SZ,20260423,207900,30.6,6361740.0,29.95,0.12602,1.43777,16497.4
300534.SZ,20260423,12700,9.26,117602.0,9.27,0.00420458,0.219174,30205.1
300535.SZ,20260423,3600,19.9,71640.0,19.8,0.00443563,0.19401,8116.1
300536.SZ,20260423,41500,8.95,371425.0,8.95,0.0141509,0.384796,29326.7
300537.SZ,20260423,18500,23.68,438080.0,23.57,0.0121839,0.351806,15184.0
300538.SZ,20260423,2200,15.88,34936.0,15.89,0.0018184,0.0609647,12098.5
300539.SZ,20260423,46900,31.4,1472660.0,31.45,0.0215248,0.357722,21788.8
300540.SZ,20260423,550400,29.37,16165248.0,29.35,0.266245,2.01451,20672.7
300541.SZ,20260423,14900,14.76,219924.0,14.75,0.00385544,0.14687,38646.7
300542.SZ,20260423,4400,15.69,69036.0,15.69,0.0017766,0.10655,24766.4
300543.SZ,20260423,9000,9.87,88830.0,9.87,0.00359714,0.235377,25019.9
300545.SZ,20260423,100700,32.55,3277785.0,32.86,0.0842262,1.54269,11955.9
300546.SZ,20260423,5700,20.4,116280.0,20.45,0.00425646,0.138191,13391.4
300547.SZ,20260423,46500,37.66,1751190.0,37.97,0.0263258,0.212215,17663.3
300548.SZ,20260423,147700,279.33,41257041.0,279.26,0.0548499,0.762925,26928.0
300549.SZ,20260423,30500,17.49,533445.0,17.56,0.0301817,1.87764,10105.5
300550.SZ,20260423,5600,11.12,62272.0,11.14,0.00213496,0.0713117,26230.1
300551.SZ,20260423,30700,13.74,421818.0,13.74,0.0090541,0.307214,33907.3
300552.SZ,20260423,58700,27.0,1584900.0,27.25,0.0434531,1.18208,13508.8
300553.SZ,20260423,51100,41.16,2103276.0,40.15,0.0601918,1.59848,8489.54
300554.SZ,20260423,11000,22.97,252670.0,22.88,0.0139073,0.465807,7909.49
300555.SZ,20260423,0,,0.0,13.51,0.0,0.0,19798.5
300556.SZ,20260423,8100,17.93,145233.0,17.9,0.00746499,0.178215,10850.6
300557.SZ,20260423,31600,37.15,1173940.0,37.2,0.0264684,0.548561,11938.8
300558.SZ,20260423,364976,46.56,16993282.56,44.17,0.0870249,5.24877,41939.3
300559.SZ,20260423,424600,12.85,5456110.0,12.89,0.136467,1.52742,31113.7
300560.SZ,20260423,11100,16.0,177600.0,16.12,0.00593695,0.173388,18696.5
300561.SZ,20260423,74200,17.3,1283660.0,17.22,0.030781,0.400149,24105.8
300562.SZ,20260423,23300,14.08,328064.0,14.08,0.0142983,0.307801,16295.7
300563.SZ,20260423,19700,34.05,670785.0,34.16,0.0153731,0.542508,12814.6
300564.SZ,20260423,13700,15.22,208514.0,15.16,0.0121034,0.651316,11319.2
300565.SZ,20260423,50700,13.31,674817.0,13.38,0.0222169,0.246651,22820.5
300566.SZ,20260423,3100,18.95,58745.0,18.98,0.00136756,0.0713067,22668.0
300567.SZ,20260423,40900,137.0,5603300.0,136.84,0.0180138,0.424304,22704.9
300568.SZ,20260423,237200,15.8,3747760.0,15.8,0.0196266,0.372656,120856.0
300569.SZ,20260423,601682,6.6,3971101.2,6.78,0.0590093,1.22724,101964.0
300570.SZ,20260423,240700,145.72,35074804.0,145.5,0.125239,0.836406,19219.3
300571.SZ,20260423,36500,36.01,1314365.0,36.64,0.0315642,0.223286,11563.7
300572.SZ,20260423,2200,29.28,64416.0,29.36,0.00119828,0.0359097,18359.7
300573.SZ,20260423,63700,68.97,4393389.0,68.55,0.0336604,1.22496,18924.3
300575.SZ,20260423,31700,6.1,193370.0,6.12,0.00924985,0.268479,34270.8
300576.SZ,20260423,137400,38.8,5331120.0,38.28,0.0590576,1.31161,23265.4
300577.SZ,20260423,2200,18.8,41360.0,18.8,0.0015475,0.200954,14216.5
300578.SZ,20260423,21600,21.95,474120.0,21.92,0.0108972,0.323302,19821.6
300579.SZ,20260423,9200,26.63,244996.0,26.66,0.00353203,0.30873,26047.3
300580.SZ,20260423,76400,30.49,2329436.0,30.52,0.0161661,0.348362,47259.2
300581.SZ,20260423,49400,12.86,635284.0,12.85,0.00898003,0.501051,55011.0
300582.SZ,20260423,18000,13.13,236340.0,13.2,0.00812495,0.224364,22154.0
300583.SZ,20260423,12500,13.74,171750.0,13.74,0.00671505,0.631654,18614.9
300584.SZ,20260423,2800,42.86,120008.0,43.06,0.00341003,0.0704114,8211.07
300585.SZ,20260423,12200,18.89,230458.0,18.91,0.00712987,0.140574,17111.1
300586.SZ,20260423,744900,10.55,7858695.0,10.89,0.139339,2.76593,53459.6
300587.SZ,20260423,247800,5.78,1432284.0,5.71,0.0235565,0.544109,105194.0
300588.SZ,20260423,16100,25.84,416024.0,25.97,0.0091052,0.554213,17682.2
300589.SZ,20260423,79700,15.8,1259260.0,15.95,0.0344118,0.324951,23160.7
300590.SZ,20260423,3703600,14.22,52665192.0,12.13,1.04514,88.023,35436.2
300591.SZ,20260423,37800,6.77,255906.0,6.8,0.0107863,0.377672,35044.5
300592.SZ,20260423,11700,13.85,162045.0,13.84,0.00335355,0.151033,34888.4
300593.SZ,20260423,55000,30.31,1667050.0,30.52,0.0122151,0.170682,45026.4
300594.SZ,20260423,10300,27.03,278409.0,27.06,0.0113189,0.183452,9099.81
300595.SZ,20260423,87900,14.14,1242906.0,14.22,0.0131489,1.04394,66849.5
300596.SZ,20260423,16000,40.14,642240.0,40.2,0.00717345,0.424309,22304.5
300597.SZ,20260423,39600,9.44,373824.0,9.41,0.0145925,1.00188,27137.2
300598.SZ,20260423,34800,38.19,1329012.0,38.19,0.0160427,0.713718,21692.1
300599.SZ,20260423,35200,10.87,382624.0,10.9,0.0165771,0.262831,21234.1
300600.SZ,20260423,156900,13.29,2085201.0,13.29,0.0533248,1.11675,29423.4
300601.SZ,20260423,449100,14.64,6574824.0,14.68,0.0498793,2.86375,90037.4
300602.SZ,20260423,76000,35.49,2697240.0,35.66,0.0192209,0.289943,39540.4
300603.SZ,20260423,756900,11.08,8386452.0,11.51,0.202417,1.60293,37393.1
300604.SZ,20260423,136000,153.52,20878720.0,152.3,0.0277851,0.648671,48947.1
300605.SZ,20260423,10100,14.08,142208.0,14.1,0.00799162,0.199356,12638.2
300606.SZ,20260423,62000,38.79,2404980.0,38.1,0.0526877,0.602284,11767.4
300607.SZ,20260423,924000,29.5,27258000.0,27.37,0.273778,10.5326,33749.9
300608.SZ,20260423,81400,13.05,1062270.0,13.14,0.0283055,0.418206,28757.7
300609.SZ,20260423,10000,37.35,373500.0,37.39,0.00833825,0.254041,11992.9
300610.SZ,20260423,13300,12.04,160132.0,12.07,0.00793442,0.328974,16762.4
300611.SZ,20260423,3500,27.45,96075.0,27.49,0.00236003,0.0593152,14830.3
300612.SZ,20260423,28800,14.8,426240.0,14.91,0.0160107,0.429598,17987.9
300613.SZ,20260423,21900,45.9,1005210.0,45.86,0.00997269,0.543668,21960.0
300614.SZ,20260423,10600,13.15,139390.0,13.07,0.0066068,0.379802,16044.1
300615.SZ,20260423,18700,13.57,253759.0,13.63,0.012361,0.293692,15128.3
300616.SZ,20260423,189600,13.64,2586144.0,13.93,0.122316,2.67938,15500.8
300617.SZ,20260423,188700,65.75,12407025.0,63.05,0.13583,1.56902,13892.4
300618.SZ,20260423,259700,46.8,12153960.0,47.68,0.0953039,1.74964,27249.7
300619.SZ,20260423,25900,43.01,1113959.0,42.77,0.0178051,0.409416,14546.4
300620.SZ,20260423,338000,280.2,94707600.0,274.52,0.136785,1.60809,24710.3
300621.SZ,20260423,49000,8.46,414540.0,8.42,0.0241941,1.16898,20252.9
300622.SZ,20260423,9500,24.84,235980.0,24.85,0.00609863,0.236411,15577.3
300623.SZ,20260423,88200,28.48,2511936.0,28.37,0.011494,0.468668,76735.7
300624.SZ,20260423,31900,71.81,2290739.0,71.81,0.0186296,0.404134,17123.3
300625.SZ,20260423,27100,11.87,321677.0,11.85,0.0167313,1.63385,16197.2
300626.SZ,20260423,17000,28.8,489600.0,28.74,0.00944961,0.159278,17990.2
300627.SZ,20260423,28800,35.55,1023840.0,35.55,0.00444365,0.258093,64811.6
300628.SZ,20260423,182932,37.86,6925805.52,37.8,0.0252057,1.92072,72575.5
300629.SZ,20260423,84900,26.59,2257491.0,26.13,0.0391544,0.555695,21683.4
300631.SZ,20260423,26500,27.38,725570.0,27.51,0.0219044,1.15438,12098.0
300632.SZ,20260423,61400,16.99,1043186.0,17.04,0.0277564,0.168748,22121.1
300633.SZ,20260423,46900,28.1,1317890.0,27.82,0.0175006,0.425129,26799.1
300634.SZ,20260423,55900,27.5,1537250.0,27.59,0.0128721,0.394656,43427.4
300635.SZ,20260423,7900,13.84,109336.0,13.83,0.00656069,0.115674,12041.4
300636.SZ,20260423,5500,7.9,43450.0,7.94,0.00149718,0.088093,36735.8
300637.SZ,20260423,6700,11.75,78725.0,11.73,0.00285708,0.164053,23450.5
300638.SZ,20260423,28485,26.5,754852.5,26.57,0.00536998,0.191009,53044.9
300639.SZ,20260423,115200,6.35,731520.0,6.38,0.018137,0.379614,63516.4
300640.SZ,20260423,14500,6.93,100485.0,6.93,0.00656854,0.158271,22074.9
300641.SZ,20260423,154100,19.98,3078918.0,19.82,0.029322,1.0093,52554.5
300642.SZ,20260423,1900,16.77,31863.0,16.77,0.00137974,0.0780727,13770.7
300643.SZ,20260423,14700,17.87,262689.0,17.69,0.00636775,0.423816,23085.1
300644.SZ,20260423,4200,30.3,127260.0,30.37,0.00474135,0.148149,8858.24
300645.SZ,20260423,10400,17.11,177944.0,17.08,0.00746481,0.39043,13932.0
300647.SZ,20260423,69400,6.9,478860.0,6.9,0.0151979,0.320582,45664.2
300648.SZ,20260423,900,51.8,46620.0,51.79,0.000678288,0.029971,13268.7
300649.SZ,20260423,44600,16.98,757308.0,16.75,0.0420292,0.909113,10611.7
300650.SZ,20260423,19900,16.14,321186.0,16.09,0.0116822,0.276036,17034.5
300651.SZ,20260423,29700,28.38,842886.0,28.39,0.0339689,0.18388,8743.3
300652.SZ,20260423,2900,43.1,124990.0,43.23,0.00242236,0.174524,11971.8
300653.SZ,20260423,3400,18.81,63954.0,18.81,0.00188889,0.118704,18000.0
300654.SZ,20260423,21200,10.73,227476.0,10.77,0.00601826,0.187332,35226.2
300655.SZ,20260423,463800,15.96,7402248.0,15.76,0.0434722,1.29525,106689.0
300656.SZ,20260423,15400,23.85,367290.0,23.85,0.0115878,0.277221,13289.8
300657.SZ,20260423,310100,37.0,11473700.0,36.87,0.0661894,0.707836,46850.4
300658.SZ,20260423,53200,21.59,1148588.0,21.8,0.0235906,0.245414,22551.4
300659.SZ,20260423,6200,13.08,81096.0,13.05,0.00327628,0.146154,18923.9
300660.SZ,20260423,4400,43.86,192984.0,43.86,0.000984828,0.0897495,44677.9
300661.SZ,20260423,686100,85.96,58977156.0,81.88,0.114561,2.72229,59889.5
300662.SZ,20260423,5600,24.25,135800.0,24.32,0.00285301,0.161009,19628.4
300663.SZ,20260423,34200,13.2,451440.0,13.27,0.00744033,0.376065,45965.7
300664.SZ,20260423,57600,6.1,351360.0,6.1,0.00765708,0.255711,75224.5
300665.SZ,20260423,37600,7.68,288768.0,7.66,0.0172421,0.835934,21807.1
300666.SZ,20260423,78600,160.8,12638880.0,160.66,0.035547,0.792814,22111.6
300667.SZ,20260423,19500,18.37,358215.0,18.42,0.0112958,0.247315,17263.0
300668.SZ,20260423,12800,58.74,751872.0,57.6,0.0128393,0.211741,9969.39
300669.SZ,20260423,100,34.18,3418.0,34.18,5.47945e-05,0.00602898,18250.0
300670.SZ,20260423,3300,6.33,20889.0,6.3,0.00146866,0.0404483,22469.4
300671.SZ,20260423,41400,46.54,1926756.0,46.54,0.0187548,0.312227,22074.3
300672.SZ,20260423,36500,168.0,6132000.0,165.09,0.0173531,0.34749,21033.8
300673.SZ,20260423,225700,15.37,3469009.0,16.29,0.140681,8.14243,16043.3
300674.SZ,20260423,77700,20.68,1606836.0,20.58,0.0110524,0.764273,70301.2
300675.SZ,20260423,10600,15.15,160590.0,15.22,0.00722727,0.452787,14666.7
300676.SZ,20260423,8100,39.6,320760.0,39.77,0.0019469,0.194978,41604.7
300677.SZ,20260423,46300,54.63,2529369.0,55.55,0.00994388,0.339667,46561.3
300678.SZ,20260423,7200,29.03,209016.0,29.15,0.00247255,0.156065,29119.7
300679.SZ,20260423,114000,44.03,5019420.0,44.0,0.0317159,0.513453,35944.1
300680.SZ,20260423,20800,40.35,839280.0,40.52,0.0118291,0.260565,17583.8
300681.SZ,20260423,86100,30.54,2629494.0,30.56,0.0373059,0.363793,23079.5
300682.SZ,20260423,40400,16.2,654480.0,16.23,0.00391729,0.24209,103132.0
300683.SZ,20260423,40400,32.85,1327140.0,33.11,0.0330972,0.478137,12206.5
300684.SZ,20260423,117700,63.0,7415100.0,62.95,0.0576105,0.626127,20430.3
300685.SZ,20260423,23500,22.55,529925.0,22.55,0.00603227,0.220047,38957.2
300686.SZ,20260423,210200,19.98,4199796.0,20.3,0.123702,1.00669,16992.4
300687.SZ,20260423,93100,21.98,2046338.0,21.69,0.0282904,0.636225,32908.6
300688.SZ,20260423,7800,24.68,192504.0,24.74,0.00525683,0.196539,14837.8
300689.SZ,20260423,5800,52.06,301948.0,52.1,0.00573224,0.154605,10118.2
300690.SZ,20260423,25900,30.3,784770.0,30.27,0.0233643,0.220329,11085.3
300691.SZ,20260423,200100,16.5,3301650.0,17.35,0.0906504,5.00817,22073.8
300692.SZ,20260423,132200,9.8,1295560.0,9.72,0.0257649,0.497484,51310.2
300693.SZ,20260423,68100,51.3,3493530.0,50.94,0.0253298,0.334573,26885.3
300694.SZ,20260423,55300,12.92,714476.0,12.96,0.0255093,0.517582,21678.4
300695.SZ,20260423,2200,70.01,154022.0,70.03,0.00215144,0.246189,10225.7
300696.SZ,20260423,65100,39.3,2558430.0,38.52,0.0244841,0.45052,26588.7
300697.SZ,20260423,118900,16.51,1963039.0,16.15,0.05901,2.18139,20149.1
300698.SZ,20260423,75000,41.32,3099000.0,41.99,0.0632666,1.5832,11854.6
300699.SZ,20260423,85800,36.59,3139422.0,36.95,0.0104454,0.339613,82141.1
300700.SZ,20260423,50300,16.86,848058.0,16.85,0.0185876,0.507367,27061.0
300701.SZ,20260423,22700,11.96,271492.0,11.96,0.00911201,0.635599,24912.2
300702.SZ,20260423,17600,22.17,390192.0,22.2,0.00833474,0.72788,21116.4
300703.SZ,20260423,76200,20.14,1534668.0,20.28,0.0458284,0.470733,16627.2
300705.SZ,20260423,4000,13.75,55000.0,13.8,0.00108434,0.0925733,36888.8
300706.SZ,20260423,53700,39.64,2128668.0,39.86,0.0472476,0.463552,11365.6
300707.SZ,20260423,12000,16.21,194520.0,16.23,0.00823022,0.24502,14580.4
300708.SZ,20260423,271400,9.92,2692288.0,9.85,0.0382246,0.624079,71001.4
300709.SZ,20260423,169100,40.59,6863769.0,41.61,0.113275,3.18917,14928.3
300710.SZ,20260423,19200,29.72,570624.0,29.22,0.0257442,0.583283,7458.0
300711.SZ,20260423,21000,25.16,528360.0,25.3,0.00845323,0.413911,24842.6
300712.SZ,20260423,7700,28.98,223146.0,28.77,0.00412338,0.245588,18674.0
300713.SZ,20260423,6200,16.8,104160.0,16.75,0.00695779,0.185029,8910.88
300715.SZ,20260423,6800,13.02,88536.0,12.92,0.00217281,0.128651,31295.9
300716.SZ,20260423,99800,13.26,1323348.0,13.43,0.0623672,1.69436,16002.0
300717.SZ,20260423,9100,20.88,190008.0,20.94,0.00893441,0.44223,10185.3
300718.SZ,20260423,8600,70.8,608880.0,70.71,0.0044366,0.227538,19384.2
300719.SZ,20260423,8000,16.18,129440.0,16.17,0.00445384,0.166755,17962.0
300720.SZ,20260423,188900,72.01,13602689.0,72.15,0.108158,1.65133,17465.2
300721.SZ,20260423,3586190,17.69,63439701.1,14.74,2.59208,92.1887,13835.2
300722.SZ,20260423,9800,30.71,300958.0,31.0,0.00354102,0.290695,27675.6
300723.SZ,20260423,19400,35.5,688700.0,35.67,0.00462799,0.152599,41918.9
300724.SZ,20260423,222400,93.38,20767712.0,93.8,0.0772989,1.08901,28771.4
300725.SZ,20260423,76400,38.58,2947512.0,38.96,0.0376887,1.08474,20271.3
300726.SZ,20260423,39300,48.1,1890330.0,48.31,0.0183269,0.609239,21443.8
300727.SZ,20260423,18100,34.37,622097.0,34.57,0.0111812,0.46819,16187.9
300729.SZ,20260423,300,13.04,3912.0,13.03,9.14401e-05,0.00746536,32808.4
300730.SZ,20260423,14700,13.91,204477.0,13.9,0.00760401,0.169514,19331.9
300731.SZ,20260423,19600,74.99,1469804.0,74.71,0.016309,0.222549,12017.9
300732.SZ,20260423,87900,6.94,610026.0,6.82,0.0237472,1.04682,37015.0
300733.SZ,20260423,118400,17.38,2057792.0,17.99,0.0525093,2.5363,22548.4
300735.SZ,20260423,21600,23.3,503280.0,23.41,0.0028518,0.137252,75741.7
300736.SZ,20260423,82800,27.51,2277828.0,27.27,0.0661943,0.373827,12508.6
300737.SZ,20260423,83000,6.54,542820.0,6.56,0.00935852,0.340106,88689.2
300738.SZ,20260423,412400,24.43,10074932.0,24.7,0.0418733,0.379629,98487.6
300739.SZ,20260423,256000,30.2,7731200.0,30.31,0.0746012,0.762372,34315.8
300740.SZ,20260423,127600,23.38,2983288.0,23.5,0.0353166,0.965339,36130.3
300741.SZ,20260423,57200,16.98,971256.0,16.94,0.00928757,0.946553,61587.7
300743.SZ,20260423,19600,19.32,378672.0,19.42,0.0153833,0.393646,12741.1
300745.SZ,20260423,7400,27.52,203648.0,27.53,0.00519986,0.179955,14231.2
300746.SZ,20260423,8300,13.5,112050.0,13.4,0.00371289,0.259291,22354.5
300747.SZ,20260423,284200,37.24,10583608.0,36.95,0.055805,0.951865,50927.4
300748.SZ,20260423,190600,33.75,6432750.0,33.59,0.0168668,0.617234,113003.0
300749.SZ,20260423,23600,26.27,619972.0,25.95,0.0149941,0.219647,15739.6
300750.SZ,20260423,794500,443.5,352360750.0,436.35,0.018664,1.54711,425685.0
300751.SZ,20260423,27000,237.98,6425460.0,238.15,0.0139641,0.273843,19335.2
300752.SZ,20260423,116300,18.6,2163180.0,19.2,0.0739518,1.56416,15726.5
300753.SZ,20260423,37600,27.62,1038512.0,27.76,0.0427731,1.11014,8790.58
300755.SZ,20260423,8900,13.3,118370.0,13.3,0.00213713,0.309969,41644.6
300756.SZ,20260423,9000,55.88,502920.0,55.94,0.00685817,0.199044,13123.0
300757.SZ,20260423,44200,559.69,24738298.0,556.2,0.029339,0.656735,15065.3
300758.SZ,20260423,839600,15.22,12778712.0,15.6,0.23339,3.10718,35974.2
300759.SZ,20260423,101500,30.25,3070375.0,30.44,0.00714773,0.391356,142003.0
300760.SZ,20260423,22800,159.49,3636372.0,159.6,0.00188212,0.295876,121140.0
300761.SZ,20260423,167900,22.14,3717306.0,22.29,0.0267351,1.45811,62801.3
300762.SZ,20260423,122700,42.85,5257695.0,42.98,0.0195393,0.26105,62796.6
300763.SZ,20260423,71500,94.69,6770335.0,94.33,0.0222332,0.500128,32159.1
300765.SZ,20260423,12100,31.87,385627.0,32.04,0.00086146,0.101586,140459.0
300766.SZ,20260423,648600,39.46,25593756.0,39.85,0.181047,1.90961,35825.0
300767.SZ,20260423,75800,23.58,1787364.0,23.61,0.0315976,0.504529,23989.2
300768.SZ,20260423,16600,17.21,285686.0,17.25,0.00394611,0.274459,42066.8
300769.SZ,20260423,59100,49.45,2922495.0,49.64,0.023475,0.292021,25175.7
300770.SZ,20260423,1800,39.99,71982.0,40.03,0.000790033,0.0825697,22783.9
300771.SZ,20260423,19900,14.12,280988.0,14.16,0.0111439,0.410741,17857.3
300772.SZ,20260423,50500,16.45,830725.0,16.43,0.00723625,0.240219,69787.6
300773.SZ,20260423,335500,27.4,9192700.0,27.65,0.0456737,0.50284,73455.8
300774.SZ,20260423,72400,16.88,1222112.0,16.89,0.037151,0.623345,19488.0
300775.SZ,20260423,180556,37.51,6772655.56,37.16,0.033962,0.73018,53164.1
300776.SZ,20260423,263588,112.53,29661557.64,113.0,0.156819,1.3112,16808.5
300777.SZ,20260423,276500,35.01,9680265.0,34.47,0.0654614,0.896912,42238.6
300778.SZ,20260423,13100,12.74,166894.0,12.63,0.00643357,0.296662,20361.9
300779.SZ,20260423,16900,88.5,1495650.0,88.37,0.0105025,0.369991,16091.4
300780.SZ,20260423,217400,25.14,5465436.0,24.9,0.202167,1.77313,10753.5
300781.SZ,20260423,18900,36.06,681534.0,36.07,0.0155985,0.422868,12116.6
300782.SZ,20260423,274000,112.58,30846920.0,114.59,0.0611269,0.956866,44824.8
300783.SZ,20260423,7200,18.62,134064.0,18.65,0.00256899,0.137683,28026.6
300784.SZ,20260423,7000,50.35,352450.0,50.71,0.0413495,1.49308,1692.89
300785.SZ,20260423,21500,53.8,1156700.0,53.98,0.0175748,0.139366,12233.4
300786.SZ,20260423,71500,15.13,1081795.0,15.12,0.0488597,1.86065,14633.7
300787.SZ,20260423,4500,12.31,55395.0,12.26,0.0022897,0.112876,19653.3
300788.SZ,20260423,20900,39.85,832865.0,39.94,0.0109912,0.206519,19015.2
300789.SZ,20260423,1400,21.3,29820.0,21.31,0.00141563,0.076244,9889.6
300790.SZ,20260423,95000,30.61,2907950.0,30.87,0.0292647,0.452545,32462.4
300791.SZ,20260423,9600,20.1,192960.0,20.17,0.00374002,0.359385,25668.3
300792.SZ,20260423,10400,35.83,372632.0,36.07,0.00489334,0.161451,21253.4
300793.SZ,20260423,6800,14.3,97240.0,14.35,0.00182753,0.146149,37208.7
300795.SZ,20260423,11800,11.52,135936.0,11.5,0.00678219,0.384211,17398.5
300796.SZ,20260423,46600,8.44,393304.0,8.51,0.0129035,0.645997,36114.3
300797.SZ,20260423,7600,15.8,120080.0,15.75,0.00200797,0.2529,37849.2
300798.SZ,20260423,519201,11.41,5924083.41,11.7,0.136124,0.685581,38141.6
300800.SZ,20260423,78100,12.49,975469.0,12.39,0.0333217,2.21213,23438.2
300801.SZ,20260423,344000,32.0,11008000.0,30.73,0.251316,2.82065,13687.9
300802.SZ,20260423,34800,19.72,686256.0,19.75,0.0178721,1.03306,19471.7
300803.SZ,20260423,56000,100.72,5640320.0,100.96,0.00925101,0.314534,60533.9
300804.SZ,20260423,7800,46.52,362856.0,46.81,0.0283636,0.219743,2750.0
300805.SZ,20260423,7100,10.7,75970.0,10.69,0.00246227,0.0878083,28835.1
300806.SZ,20260423,127900,70.1,8965790.0,69.5,0.0404478,0.471549,31621.0
300808.SZ,20260423,8000,24.11,192880.0,24.17,0.00672837,0.308115,11890.0
300809.SZ,20260423,58400,34.64,2022976.0,34.79,0.0387861,1.18405,15057.0
300810.SZ,20260423,3500,34.09,119315.0,34.09,0.00307006,0.103319,11400.4
300811.SZ,20260423,86700,86.36,7487412.0,88.45,0.0364739,1.34625,23770.4
300812.SZ,20260423,68400,40.02,2737368.0,39.63,0.07378,0.410495,9270.81
300813.SZ,20260423,14500,26.17,379465.0,26.0,0.0190661,0.36733,7605.11
300814.SZ,20260423,63600,99.47,6326292.0,99.93,0.0332236,0.824632,19143.0
300815.SZ,20260423,20800,21.38,444704.0,21.13,0.00532813,0.529535,39038.1
300816.SZ,20260423,14500,69.8,1012100.0,68.28,0.0255874,0.566552,5666.86
300817.SZ,20260423,5000,19.96,99800.0,19.95,0.00399166,0.106104,12526.1
300818.SZ,20260423,11500,36.56,420440.0,36.5,0.010504,0.298043,10948.2
300819.SZ,20260423,53500,54.96,2940360.0,54.09,0.0396995,0.687551,13476.2
300820.SZ,20260423,3500,47.23,165305.0,47.17,0.00313116,0.158955,11178.0
300821.SZ,20260423,1380700,14.7,20296290.0,14.44,0.115078,2.13738,119979.0
300822.SZ,20260423,9200,14.0,128800.0,14.05,0.00318359,0.612191,28898.2
300823.SZ,20260423,7500,16.5,123750.0,16.43,0.00884544,0.395022,8478.94
300824.SZ,20260423,37400,10.25,383350.0,10.26,0.0118169,1.20731,31649.5
300825.SZ,20260423,34100,8.96,305536.0,8.93,0.00703836,0.48978,48448.8
300826.SZ,20260423,1700,16.9,28730.0,16.9,0.00100248,0.076811,16958.0
300827.SZ,20260423,266100,37.53,9986733.0,36.87,0.069073,1.13196,38524.4
300828.SZ,20260423,32700,22.5,735750.0,22.61,0.0387582,0.384839,8436.93
300829.SZ,20260423,8300,17.9,148570.0,17.91,0.00529528,0.171377,15674.3
300830.SZ,20260423,1002900,10.97,11001813.0,11.1,0.297522,5.79095,33708.5
300831.SZ,20260423,29400,17.08,502152.0,17.08,0.0159363,0.251794,18448.4
300832.SZ,20260423,18500,45.68,845080.0,45.7,0.00270815,0.387255,68312.2
300833.SZ,20260423,15600,34.82,543192.0,34.94,0.0191987,1.13666,8125.55
300834.SZ,20260423,119700,39.74,4756878.0,39.4,0.0622055,0.875625,19242.7
300835.SZ,20260423,9300,99.62,926466.0,99.47,0.0111854,0.222808,8314.42
300836.SZ,20260423,13000,63.83,829790.0,63.96,0.0204879,0.839673,6345.22
300837.SZ,20260423,3300,36.9,121770.0,36.96,0.00436549,0.183658,7559.28
300838.SZ,20260423,8000,15.93,127440.0,15.87,0.00786203,0.314365,10175.5
300839.SZ,20260423,165400,15.42,2550468.0,15.32,0.0570957,1.57392,28968.9
300840.SZ,20260423,24300,19.26,468018.0,19.29,0.0137222,0.272714,17708.5
300841.SZ,20260423,700,59.7,41790.0,59.54,0.00058864,0.0327718,11891.8
300842.SZ,20260423,12400,85.98,1066152.0,85.3,0.00960336,0.246419,12912.1
300843.SZ,20260423,48500,72.0,3492000.0,72.23,0.0302178,0.534554,16050.2
300844.SZ,20260423,1500,36.2,54300.0,36.2,0.00166593,0.174321,9003.99
300845.SZ,20260423,23200,13.67,317144.0,13.67,0.0160432,0.236666,14460.9
300846.SZ,20260423,212400,28.65,6085260.0,29.13,0.0541827,0.472102,39200.7
300847.SZ,20260423,15600,15.8,246480.0,15.85,0.00527009,0.455772,29601.0
300848.SZ,20260423,41900,16.5,691350.0,16.57,0.0165532,0.46593,25312.3
300849.SZ,20260423,3200,21.62,69184.0,21.68,0.00263444,0.104269,12146.8
300850.SZ,20260423,47900,41.66,1995514.0,41.45,0.015925,0.310748,30078.5
300851.SZ,20260423,900,29.35,26415.0,29.4,0.00166328,0.105654,5411.0
300852.SZ,20260423,43700,44.72,1954264.0,45.33,0.0282015,0.938429,15495.6
300853.SZ,20260423,32000,26.35,843200.0,26.33,0.0325488,0.332286,9831.4
300854.SZ,20260423,42700,29.55,1261785.0,29.62,0.0524951,0.614943,8134.09
300855.SZ,20260423,33800,40.87,1381406.0,40.6,0.0115376,0.333647,29295.6
300856.SZ,20260423,123100,13.1,1612610.0,13.01,0.0267763,4.34733,45973.6
300857.SZ,20260423,665846,259.01,172460772.46,260.76,0.138123,2.28738,48206.6
300858.SZ,20260423,544700,22.55,12282985.0,22.48,0.278277,1.48231,19574.0
300859.SZ,20260423,13700,32.58,446346.0,32.75,0.00883871,0.204736,15500.0
300860.SZ,20260423,0,,0.0,24.27,0.0,0.0,10941.7
300861.SZ,20260423,12000,17.03,204360.0,17.09,0.00284451,0.134616,42186.5
300862.SZ,20260423,19900,22.45,446755.0,22.61,0.0131378,0.452128,15147.1
300863.SZ,20260423,7800,59.49,464022.0,59.68,0.00431252,0.160845,18086.9
300864.SZ,20260423,3300,21.85,72105.0,21.64,0.00208979,0.220069,15791.1
300865.SZ,20260423,89800,29.12,2614976.0,27.75,0.156222,6.1597,5748.22
300866.SZ,20260423,55700,119.8,6672860.0,118.43,0.0181124,0.724731,30752.4
300867.SZ,20260423,13299,21.31,283401.69,21.3,0.00694002,0.157384,19162.8
300868.SZ,20260423,33800,72.56,2452528.0,72.21,0.0418888,0.660738,8068.98
300869.SZ,20260423,1400,12.95,18130.0,13.02,0.000530025,0.0411795,26413.9
300870.SZ,20260423,37400,378.92,14171608.0,372.95,0.034306,0.597377,10901.9
300871.SZ,20260423,29900,27.49,821951.0,27.32,0.0148178,0.213735,20178.4
300872.SZ,20260423,17100,16.62,284202.0,16.62,0.00405173,0.219746,42204.2
300873.SZ,20260423,127100,21.72,2760612.0,22.42,0.0761809,4.44618,16684.0
300875.SZ,20260423,21400,39.62,847868.0,39.88,0.0243759,0.468846,8779.17
300876.SZ,20260423,7200,27.5,198000.0,27.58,0.00887739,0.35328,8110.49
300877.SZ,20260423,600,28.79,17274.0,28.77,0.000500004,0.0292966,11999.9
300878.SZ,20260423,6000,26.44,158640.0,26.26,0.00416308,0.342794,14412.4
300879.SZ,20260423,9500,25.61,243295.0,25.59,0.0047257,0.199823,20102.8
300880.SZ,20260423,26700,22.39,597813.0,22.39,0.0136841,0.310654,19511.6
300881.SZ,20260423,7600,48.0,364800.0,48.57,0.013239,0.259107,5740.62
300882.SZ,20260423,2500,22.35,55875.0,22.36,0.000938696,0.0617231,26632.7
300883.SZ,20260423,14100,6.71,94611.0,6.71,0.00426401,0.105699,33067.5
300884.SZ,20260423,3800,13.25,50350.0,13.33,0.00198527,0.0882787,19141.0
300885.SZ,20260423,16300,24.8,404240.0,24.9,0.00975944,0.205295,16701.8
300886.SZ,20260423,4400,29.87,131428.0,29.81,0.010081,0.289159,4364.63
300887.SZ,20260423,15400,9.88,152152.0,9.88,0.00425183,0.161502,36219.7
300888.SZ,20260423,21300,32.3,687990.0,32.44,0.00367437,0.398883,57969.1
300889.SZ,20260423,16300,25.42,414346.0,25.58,0.0111364,0.379455,14636.7
300890.SZ,20260423,1243690,39.59,49237687.1,39.79,1.14241,10.905,10886.5
300891.SZ,20260423,7600,8.48,64448.0,8.5,0.00227904,0.1061,33347.4
300892.SZ,20260423,5900,27.77,163843.0,27.71,0.00913843,0.360139,6456.25
300893.SZ,20260423,4600,23.56,108376.0,23.59,0.00183366,0.145016,25086.5
300894.SZ,20260423,22700,9.8,222460.0,9.84,0.00771922,0.569222,29407.1
300895.SZ,20260423,635151,64.23,40795748.73,60.56,0.459681,3.99394,13817.2
300896.SZ,20260423,28500,114.49,3262965.0,114.65,0.0139397,1.5573,20445.1
300897.SZ,20260423,200,26.58,5316.0,26.4,0.000228781,0.0127544,8741.99
300898.SZ,20260423,14400,23.92,344448.0,24.0,0.0125512,0.282392,11473.0
300899.SZ,20260423,143600,35.2,5054720.0,38.7,0.350791,19.9776,4093.61
300900.SZ,20260423,755400,47.5,35881500.0,47.88,0.294176,1.33917,25678.5
300901.SZ,20260423,144900,16.33,2366217.0,16.34,0.060375,1.18651,24000.0
300902.SZ,20260423,6000,18.48,110880.0,18.58,0.00494832,0.109254,12125.3
300903.SZ,20260423,570046,43.63,24871106.98,43.92,0.173585,1.75482,32839.5
300904.SZ,20260423,1200,58.38,70056.0,58.38,0.00545871,0.149999,2198.32
300905.SZ,20260423,200000,54.0,10800000.0,55.55,0.143219,0.992014,13964.6
300906.SZ,20260423,12900,35.68,460272.0,35.65,0.0178678,0.388774,7219.7
300907.SZ,20260423,12600,30.1,379260.0,30.33,0.013125,0.479887,9600.0
300908.SZ,20260423,18000,28.7,516600.0,28.68,0.0145863,0.953983,12340.3
300909.SZ,20260423,17100,44.22,756162.0,44.34,0.0139922,0.443437,12221.1
300910.SZ,20260423,43300,45.16,1955428.0,44.98,0.0209256,0.812051,20692.4
300911.SZ,20260423,18300,32.29,590907.0,32.63,0.0106807,0.192124,17133.7
300912.SZ,20260423,22900,26.51,607079.0,26.72,0.0266478,0.237885,8593.57
300913.SZ,20260423,29300,56.56,1657208.0,56.79,0.011455,0.39315,25578.4
300915.SZ,20260423,9900,23.67,234333.0,23.53,0.0171868,1.04781,5760.23
300916.SZ,20260423,47900,35.3,1690870.0,35.51,0.051271,0.790146,9342.52
300917.SZ,20260423,10700,33.16,354812.0,33.19,0.00633136,0.235674,16900.0
300918.SZ,20260423,22100,14.77,326417.0,14.85,0.00436643,0.160583,50613.4
300919.SZ,20260423,45400,58.45,2653630.0,58.2,0.00497537,0.219658,91249.5
300920.SZ,20260423,300,39.71,11913.0,39.52,0.000456841,0.0322013,6566.84
300921.SZ,20260423,43900,26.0,1141400.0,26.21,0.0382734,0.495845,11470.1
300922.SZ,20260423,16900,19.9,336310.0,19.87,0.0135336,0.530661,12487.4
300923.SZ,20260423,2000,27.98,55960.0,27.86,0.00261546,0.183768,7646.85
300925.SZ,20260423,220400,19.6,4319840.0,19.76,0.0630532,1.30493,34954.6
300926.SZ,20260423,25800,26.13,674154.0,26.08,0.0086581,0.497047,29798.7
300927.SZ,20260423,55100,30.61,1686611.0,30.91,0.0391199,0.762399,14084.9
300928.SZ,20260423,2300,29.88,68724.0,29.94,0.00429213,0.134687,5358.65
300929.SZ,20260423,15600,12.59,196404.0,12.57,0.0123079,0.549482,12674.7
300930.SZ,20260423,6000,30.05,180300.0,30.19,0.0127321,0.669255,4712.5
300931.SZ,20260423,13900,13.48,187372.0,13.44,0.00751451,0.212959,18497.5
300932.SZ,20260423,141100,14.38,2029018.0,14.22,0.0618876,1.18129,22799.4
300933.SZ,20260423,69300,7.93,549549.0,7.98,0.012667,0.497841,54709.0
300935.SZ,20260423,2200,31.75,69850.0,31.75,0.00365088,0.087944,6025.95
300936.SZ,20260423,59500,76.51,4552345.0,75.98,0.125471,0.925838,4742.12
300937.SZ,20260423,7700,27.9,214830.0,28.13,0.0115565,0.239593,6662.9
300938.SZ,20260423,354800,52.0,18449600.0,51.96,0.167876,1.2543,21134.6
300939.SZ,20260423,8100,41.02,332262.0,41.15,0.00675,0.166221,12000.0
300940.SZ,20260423,14100,23.92,337272.0,23.92,0.00895355,0.283088,15747.9
300941.SZ,20260423,9600,19.92,191232.0,19.92,0.00903206,0.390855,10628.8
300942.SZ,20260423,5900,8.29,48911.0,8.29,0.00145654,0.114825,40506.9
300943.SZ,20260423,25200,30.01,756252.0,30.25,0.0187583,0.246492,13434.0
300945.SZ,20260423,18200,15.79,287378.0,15.81,0.00763421,0.288977,23840.1
300946.SZ,20260423,1900,47.78,90782.0,47.82,0.00250645,0.177151,7580.43
300947.SZ,20260423,2700,17.42,47034.0,17.53,0.00178716,0.0819545,15107.8
300948.SZ,20260423,0,,0.0,19.73,0.0,0.0,15156.2
300949.SZ,20260423,2000,38.45,76900.0,38.41,0.00583072,0.208347,3430.11
300950.SZ,20260423,7100,21.83,154993.0,21.9,0.00780539,0.365064,9096.28
300951.SZ,20260423,171100,35.5,6074050.0,39.07,0.113016,5.91385,15139.4
300952.SZ,20260423,82600,36.88,3046288.0,37.21,0.0778311,1.22251,10612.7
300953.SZ,20260423,76800,223.3,17149440.0,227.18,0.0616579,0.777582,12455.8
300955.SZ,20260423,1400,38.4,53760.0,38.17,0.00138889,0.0539135,10080.0
300956.SZ,20260423,71520,15.38,1099977.6,15.64,0.0339839,2.06911,21045.2
300957.SZ,20260423,49000,36.19,1773310.0,36.21,0.0115675,0.846684,42360.0
300958.SZ,20260423,2600,13.4,34840.0,13.38,0.00285559,0.0944539,9104.94
300959.SZ,20260423,34300,90.55,3105865.0,88.95,0.065514,0.871588,5235.52
300960.SZ,20260423,3100,23.51,72881.0,23.46,0.00236861,0.193219,13087.8
300961.SZ,20260423,28300,13.28,375824.0,13.38,0.018549,0.436062,15256.9
300962.SZ,20260423,2200,16.31,35882.0,16.38,0.000833327,0.097949,26400.2
300963.SZ,20260423,24300,17.16,416988.0,17.04,0.0069935,0.330683,34746.6
300964.SZ,20260423,38900,73.8,2870820.0,74.71,0.0694521,0.617946,5600.98
300965.SZ,20260423,6200,57.0,353400.0,56.46,0.0114616,1.12523,5409.38
300966.SZ,20260423,16200,21.8,353160.0,21.8,0.0211304,0.952751,7666.67
300967.SZ,20260423,41400,17.45,722430.0,17.62,0.0331749,0.49438,12479.3
300968.SZ,20260423,12700,12.03,152781.0,12.03,0.00307223,0.36093,41338.0
300969.SZ,20260423,11031,130.25,1436787.75,130.74,0.0217627,0.413396,5068.76
300970.SZ,20260423,415400,35.08,14572232.0,35.0,0.438383,3.96278,9475.74
300971.SZ,20260423,197500,25.0,4937500.0,25.29,0.214528,5.5269,9206.25
300972.SZ,20260423,1800,209.01,376218.0,208.98,0.00101019,0.12554,17818.4
300973.SZ,20260423,300,33.7,10110.0,33.75,0.000253026,0.0147808,11856.5
300975.SZ,20260423,425700,21.32,9075924.0,21.25,0.0865115,1.06987,49207.3
300976.SZ,20260423,10700,61.75,660725.0,61.63,0.0124163,0.741495,8617.73
300977.SZ,20260423,3200,19.38,62016.0,19.36,0.00337545,0.173629,9480.21
300978.SZ,20260423,26400,11.17,294888.0,11.15,0.0134766,1.12028,19589.5
300979.SZ,20260423,4000,42.5,170000.0,42.57,0.000342761,0.242326,116699.0
300980.SZ,20260423,10400,34.8,361920.0,34.88,0.0105754,0.219757,9834.14
300981.SZ,20260423,237000,14.27,3381990.0,14.46,0.0603,2.01813,39303.5
300982.SZ,20260423,15100,21.68,327368.0,21.84,0.00778763,0.323085,19389.7
300983.SZ,20260423,1200,30.75,36900.0,30.64,0.000785288,0.133724,15281.0
300984.SZ,20260423,2100,62.15,130515.0,62.15,0.0023704,0.0745922,8859.25
300985.SZ,20260423,19300,23.19,447567.0,23.18,0.0104037,0.522411,18551.1
300986.SZ,20260423,96400,24.25,2337700.0,24.2,0.0234189,0.289833,41163.4
300987.SZ,20260423,6200,17.47,108314.0,17.44,0.00357621,0.190362,17336.8
300988.SZ,20260423,9000,28.32,254880.0,28.35,0.00843725,0.246348,10667.0
300989.SZ,20260423,47500,15.31,727225.0,15.2,0.0315377,1.19912,15061.3
300990.SZ,20260423,24300,91.57,2225151.0,91.56,0.0315067,0.36698,7712.65
300991.SZ,20260423,27200,50.0,1360000.0,50.44,0.0295197,0.448406,9214.2
300992.SZ,20260423,7000,33.35,233450.0,33.58,0.00903197,0.119066,7750.25
300993.SZ,20260423,8300,12.34,102422.0,12.37,0.0034318,0.389024,24185.5
300994.SZ,20260423,16000,15.26,244160.0,15.21,0.0137146,0.575461,11666.4
300995.SZ,20260423,17000,36.2,615400.0,36.09,0.0283142,1.31048,6004.05
300996.SZ,20260423,50600,17.72,896632.0,17.63,0.0213918,0.54509,23653.9
300997.SZ,20260423,83500,20.81,1737635.0,20.95,0.0210279,0.619246,39709.1
300998.SZ,20260423,2200,26.13,57486.0,26.16,0.00204308,0.0641379,10768.1
300999.SZ,20260423,66500,28.17,1873305.0,28.15,0.0122547,0.814327,54264.7
301000.SZ,20260423,12700,29.9,379730.0,30.05,0.00553934,0.409043,22926.9
301001.SZ,20260423,2100,28.7,60270.0,28.81,0.00417495,0.158968,5030.0
301002.SZ,20260423,22300,44.96,1002608.0,44.92,0.0262399,0.3079,8498.52
301003.SZ,20260423,370700,64.0,23724800.0,63.48,0.493343,8.57244,7514.04
301004.SZ,20260423,3000,49.91,149730.0,49.99,0.00220414,0.267857,13610.7
301005.SZ,20260423,28900,176.17,5091313.0,177.94,0.0218326,0.251867,13237.1
301006.SZ,20260423,3300,17.87,58971.0,17.85,0.00383337,0.251777,8608.61
301007.SZ,20260423,5000,35.83,179150.0,35.83,0.00330414,0.163431,15132.5
301008.SZ,20260423,135400,32.9,4454660.0,33.58,0.116882,1.17949,11584.3
301009.SZ,20260423,13300,11.66,155078.0,11.67,0.0088059,0.694618,15103.5
301010.SZ,20260423,100,21.45,2145.0,21.39,9.25926e-05,0.00607561,10800.0
301011.SZ,20260423,5200,22.34,116168.0,22.22,0.00354786,0.216305,14656.7
301012.SZ,20260423,80600,37.27,3003962.0,37.26,0.040922,0.287644,19696.0
301013.SZ,20260423,314000,25.5,8007000.0,25.17,0.165925,2.05512,18924.2
301015.SZ,20260423,69400,25.59,1775946.0,25.79,0.013205,0.429825,52555.7
301016.SZ,20260423,33500,23.66,792610.0,23.54,0.0161718,1.02421,20715.0
301017.SZ,20260423,48400,14.88,720192.0,14.97,0.0187093,0.299272,25869.4
301018.SZ,20260423,57400,125.44,7200256.0,126.5,0.0290255,0.325743,19775.7
301019.SZ,20260423,11100,22.91,254301.0,22.94,0.0106109,0.508438,10460.9
301020.SZ,20260423,45506,23.02,1047548.12,22.94,0.0310833,2.37203,14640.0
301021.SZ,20260423,10600,65.0,689000.0,65.09,0.00693993,0.200645,15273.9
301022.SZ,20260423,284300,34.98,9944814.0,35.9,0.423154,3.22152,6718.59
301023.SZ,20260423,5100,41.3,210630.0,41.3,0.0117143,0.424616,4353.67
301024.SZ,20260423,5300,40.78,216134.0,40.79,0.00860949,0.426913,6156.0
301025.SZ,20260423,4100,11.12,45592.0,11.11,0.00147934,0.0693757,27715.1
301026.SZ,20260423,22000,30.72,675840.0,31.03,0.0192461,0.593078,11430.9
301027.SZ,20260423,24000,24.9,597600.0,24.85,0.0202973,0.36266,11824.2
301028.SZ,20260423,32900,14.44,475076.0,14.31,0.0132416,1.34552,24845.9
301029.SZ,20260423,27300,28.07,766311.0,28.07,0.00591062,0.277801,46188.1
301030.SZ,20260423,31500,11.9,374850.0,11.9,0.0155859,0.203487,20210.6
301031.SZ,20260423,36100,153.0,5523300.0,152.81,0.0467593,1.60234,7720.38
301032.SZ,20260423,37900,13.48,510892.0,13.51,0.0237064,0.996324,15987.3
301033.SZ,20260423,700,57.8,40460.0,58.15,0.00123962,0.090273,5646.91
301035.SZ,20260423,2800,78.91,220948.0,78.91,0.00099877,0.269115,28034.5
301036.SZ,20260423,76400,28.28,2160592.0,28.93,0.108471,6.06415,7043.36
301037.SZ,20260423,9200,15.01,138092.0,14.98,0.0135299,0.632681,6799.78
301038.SZ,20260423,3200,20.9,66880.0,20.88,0.00143446,0.156339,22308.0
301039.SZ,20260423,22100,9.27,204867.0,9.26,0.00152159,0.22947,145243.0
301040.SZ,20260423,14500,31.83,461535.0,32.0,0.015366,0.205034,9436.41
301041.SZ,20260423,30200,30.0,906000.0,30.18,0.0382418,0.525113,7897.13
301042.SZ,20260423,800,95.5,76400.0,95.5,0.00121174,0.0528507,6602.08
301043.SZ,20260423,0,,0.0,52.8,0.0,0.0,5674.77
301045.SZ,20260423,6400,41.41,265024.0,41.39,0.0100066,0.208323,6395.8
301046.SZ,20260423,3600,26.13,94068.0,26.15,0.0027947,0.139116,12881.5
301047.SZ,20260423,5000,74.6,373000.0,74.64,0.00418128,0.577057,11958.1
301048.SZ,20260423,24100,10.82,260762.0,10.85,0.00451875,0.246738,53333.3
301049.SZ,20260423,4800,23.02,110496.0,23.15,0.0112081,0.298714,4282.64
301050.SZ,20260423,25300,49.8,1259940.0,49.85,0.0120267,0.443241,21036.6
301051.SZ,20260423,800,23.2,18560.0,23.07,0.00049687,0.0297537,16100.8
301052.SZ,20260423,108100,34.42,3720802.0,35.27,0.134795,2.06665,8019.59
301053.SZ,20260423,15000,62.14,932100.0,61.52,0.0172267,0.181734,8707.4
301055.SZ,20260423,131200,33.5,4395200.0,34.14,0.0841026,0.987496,15600.0
301056.SZ,20260423,19500,14.89,290355.0,15.09,0.0110798,0.264679,17599.6
301057.SZ,20260423,61400,34.2,2099880.0,34.28,0.0743459,2.43588,8258.7
301058.SZ,20260423,300,9.95,2985.0,9.96,5.85624e-05,0.00772875,51227.4
301059.SZ,20260423,13900,14.28,198492.0,14.26,0.00672352,0.561126,20673.7
301060.SZ,20260423,9300,9.62,89466.0,9.68,0.00258201,0.22171,36018.5
301061.SZ,20260423,2600,71.44,185744.0,71.44,0.00178894,0.169168,14533.7
301062.SZ,20260423,1700,8.25,14025.0,8.2,0.000542709,0.035458,31324.3
301063.SZ,20260423,7000,25.15,176050.0,24.97,0.00696887,0.286773,10044.7
301065.SZ,20260423,2600,23.68,61568.0,23.59,0.00301318,0.175727,8628.75
301066.SZ,20260423,3800,14.26,54188.0,14.26,0.00163009,0.0659906,23311.7
301067.SZ,20260423,1700,34.84,59228.0,34.29,0.00266337,0.127125,6382.89
301068.SZ,20260423,26100,36.28,946908.0,36.53,0.0258986,0.806923,10077.8
301069.SZ,20260423,54000,22.23,1200420.0,22.15,0.0126531,0.825499,42677.4
301070.SZ,20260423,36700,100.5,3688350.0,100.45,0.0618316,0.455327,5935.48
301071.SZ,20260423,28700,49.88,1431556.0,50.24,0.0147486,0.181167,19459.4
301072.SZ,20260423,2800,23.5,65800.0,23.37,0.00417039,0.233276,6713.99
301073.SZ,20260423,17200,25.66,441352.0,25.92,0.00965319,0.210339,17817.9
301075.SZ,20260423,13500,76.55,1033425.0,76.73,0.016875,0.362837,8000.0
301076.SZ,20260423,8500,39.21,333285.0,39.51,0.00774106,0.233549,10980.4
301077.SZ,20260423,73700,31.8,2343660.0,31.96,0.0772515,1.01729,9540.26
301078.SZ,20260423,103705,8.8,912604.0,8.85,0.00826303,0.462048,125505.0
301079.SZ,20260423,100300,44.51,4464353.0,45.23,0.144264,0.529207,6952.52
301080.SZ,20260423,13600,47.81,650216.0,48.0,0.0107938,0.306109,12599.8
301081.SZ,20260423,23400,16.08,376272.0,16.15,0.0107085,0.283129,21851.7
301082.SZ,20260423,20710,13.27,274821.7,13.27,0.00759421,0.294084,27270.8
301083.SZ,20260423,9800,17.07,167286.0,17.11,0.0114473,0.626913,8560.99
301085.SZ,20260423,21100,70.58,1489238.0,71.8,0.0358163,0.236014,5891.17
301086.SZ,20260423,15400,189.61,2919994.0,189.84,0.0328215,0.468069,4692.05
301087.SZ,20260423,7200,55.63,400536.0,55.62,0.00371151,0.218415,19399.1
301088.SZ,20260423,7100,14.53,103163.0,14.47,0.00377961,0.612758,18785.0
301089.SZ,20260423,0,,0.0,27.51,0.0,0.0,9047.01
301090.SZ,20260423,72500,8.58,622050.0,8.53,0.00492888,0.212948,147092.0
301091.SZ,20260423,12900,23.08,297732.0,23.09,0.00244652,0.131112,52728.0
301092.SZ,20260423,22200,35.77,794094.0,35.89,0.0365802,1.1338,6068.86
301093.SZ,20260423,6600,81.91,540606.0,81.96,0.00420559,0.208736,15693.4
301095.SZ,20260423,134834,87.0,11730558.0,89.55,0.0772668,1.58833,17450.4
301096.SZ,20260423,3400,57.1,194140.0,57.67,0.00410692,0.110585,8278.72
301097.SZ,20260423,9100,60.59,551369.0,59.7,0.0314429,0.989697,2894.14
301098.SZ,20260423,31300,8.75,273875.0,8.74,0.02091,0.655711,14968.9
301099.SZ,20260423,249700,56.0,13983200.0,55.98,0.278123,2.1503,8978.04
301100.SZ,20260423,1000,18.86,18860.0,18.81,0.00114286,0.0979084,8750.0
301101.SZ,20260423,52700,35.87,1890349.0,35.03,0.0276036,3.50812,19091.7
301102.SZ,20260423,1000,10.83,10830.0,10.76,0.000246305,0.0363772,40600.0
301103.SZ,20260423,2800,19.02,53256.0,19.08,0.00177186,0.194453,15802.6
301105.SZ,20260423,11600,58.0,672800.0,57.16,0.0705704,1.49209,1643.75
301106.SZ,20260423,49500,32.34,1600830.0,32.43,0.0484748,1.77565,10211.5
301107.SZ,20260423,11900,28.66,341054.0,28.65,0.020265,1.15289,5872.19
301108.SZ,20260423,3000,28.51,85530.0,28.51,0.00462724,0.226647,6483.34
301109.SZ,20260423,605292,16.5,9987318.0,15.39,0.262802,11.2489,23032.2
301110.SZ,20260423,24300,69.5,1688850.0,70.01,0.037175,0.455018,6536.66
301111.SZ,20260423,11100,19.56,217116.0,19.44,0.0069375,0.22592,16000.0
301112.SZ,20260423,16700,34.59,577653.0,34.62,0.0151451,1.31367,11026.7
301113.SZ,20260423,23400,25.18,589212.0,25.19,0.0424791,2.12784,5508.59
301115.SZ,20260423,8100,20.86,168966.0,20.76,0.00523368,0.257144,15476.7
301116.SZ,20260423,1100,10.33,11363.0,10.33,0.000245001,0.0387748,44897.7
301117.SZ,20260423,24500,46.56,1140720.0,46.55,0.030837,0.425603,7944.99
301118.SZ,20260423,5200,25.53,132756.0,25.45,0.00494991,0.272145,10505.2
301119.SZ,20260423,4700,44.7,210090.0,44.46,0.00558792,0.309607,8411.0
301120.SZ,20260423,161600,24.25,3918800.0,23.98,0.0739183,0.821477,21862.0
301121.SZ,20260423,1400,38.0,53200.0,37.89,0.00276726,0.111998,5059.16
301122.SZ,20260423,0,,0.0,31.6,0.0,0.0,7564.07
301123.SZ,20260423,30100,66.0,1986600.0,66.3,0.0128853,0.197408,23360.0
301125.SZ,20260423,5100,24.8,126480.0,24.8,0.00398091,0.108698,12811.1
301126.SZ,20260423,3500,11.25,39375.0,11.25,0.00253838,0.118737,13788.3
301127.SZ,20260423,41900,15.71,658249.0,15.78,0.00640437,0.450095,65424.1
301128.SZ,20260423,23200,187.0,4338400.0,187.5,0.0254966,0.285711,9099.24
301129.SZ,20260423,25200,27.67,697284.0,27.57,0.0380191,1.03431,6628.25
301130.SZ,20260423,300,30.41,9123.0,30.24,0.000508325,0.0221644,5901.74
301131.SZ,20260423,3200,42.73,136736.0,42.95,0.00817267,0.370266,3915.49
301132.SZ,20260423,15600,42.87,668772.0,42.88,0.0164671,0.236913,9473.44
301133.SZ,20260423,6200,47.42,294004.0,47.19,0.00557875,0.189188,11113.6
301135.SZ,20260423,72700,29.0,2108300.0,28.41,0.0950815,7.1747,7646.08
301136.SZ,20260423,9200,15.92,146464.0,15.98,0.00334296,0.146714,27520.5
301137.SZ,20260423,26700,45.4,1212180.0,44.74,0.0146854,0.577003,18181.3
301138.SZ,20260423,39200,38.42,1506064.0,40.06,0.0571761,2.64593,6856.01
301139.SZ,20260423,9500,17.6,167200.0,17.68,0.0124726,0.149358,7616.71
301141.SZ,20260423,42300,55.0,2326500.0,55.0,0.0950293,0.907159,4451.26
301148.SZ,20260423,21300,66.5,1416450.0,66.0,0.0361795,0.321877,5887.31
301149.SZ,20260423,4800,12.93,62064.0,12.89,0.00183747,0.0445391,26122.9
301150.SZ,20260423,147400,64.0,9433600.0,65.04,0.0662218,0.859473,22258.5
301151.SZ,20260423,12600,18.79,236754.0,18.77,0.00746252,1.24787,16884.4
301152.SZ,20260423,125300,30.03,3762759.0,30.39,0.17648,2.28332,7099.94
301153.SZ,20260423,18600,24.36,453096.0,24.63,0.00560659,0.343704,33175.2
301155.SZ,20260423,15800,64.98,1026684.0,65.06,0.0128092,0.307724,12334.9
301156.SZ,20260423,3000,19.1,57300.0,19.0,0.00336229,0.170011,8922.5
301157.SZ,20260423,18700,76.26,1426062.0,77.18,0.0905128,0.283428,2066.01
301158.SZ,20260423,12100,23.64,286044.0,23.53,0.00825978,0.142051,14649.3
301159.SZ,20260423,4500,40.83,183735.0,40.79,0.00848817,0.275232,5301.5
301160.SZ,20260423,3500,58.94,206290.0,58.95,0.00473426,0.147617,7392.92
301161.SZ,20260423,13100,31.58,413698.0,31.87,0.0109167,0.608334,12000.0
301162.SZ,20260423,13500,70.99,958365.0,69.6,0.0158405,0.689201,8522.48
301163.SZ,20260423,83400,30.45,2539530.0,31.91,0.152397,3.56017,5472.56
301165.SZ,20260423,35300,96.0,3388800.0,95.74,0.00443771,0.288854,79545.5
301166.SZ,20260423,500,30.63,15315.0,30.65,0.000878446,0.0488836,5691.87
301167.SZ,20260423,5800,16.76,97208.0,16.73,0.00817331,0.286631,7096.27
301168.SZ,20260423,7900,43.57,344203.0,43.68,0.00828845,0.458294,9531.33
301169.SZ,20260423,10500,66.5,698250.0,65.18,0.0145797,0.699283,7201.8
301170.SZ,20260423,13200,29.42,388344.0,29.43,0.0393145,1.24834,3357.54
301171.SZ,20260423,267300,49.2,13151160.0,48.74,0.0699435,0.571796,38216.6
301172.SZ,20260423,87600,31.61,2769036.0,31.94,0.0886944,1.31787,9876.61
301173.SZ,20260423,14100,43.73,616593.0,44.39,0.0457367,2.47129,3082.87
301175.SZ,20260423,1074800,6.49,6975452.0,6.43,0.172831,5.49637,62188.0
301176.SZ,20260423,12700,29.68,376936.0,29.81,0.00774137,0.178434,16405.4
301177.SZ,20260423,5700,29.32,167124.0,29.41,0.00142497,0.608953,40000.9
301178.SZ,20260423,18600,56.6,1052760.0,56.36,0.0375937,0.632857,4947.63
301179.SZ,20260423,60900,27.23,1658307.0,27.47,0.0256415,0.263069,23750.5
301180.SZ,20260423,65700,19.24,1264068.0,19.47,0.0400273,0.977961,16413.8
301181.SZ,20260423,13000,48.88,635440.0,48.91,0.0145507,0.226823,8934.27
301182.SZ,20260423,9000,66.05,594450.0,66.99,0.00939244,0.197678,9582.17
301183.SZ,20260423,87100,216.29,18838859.0,214.07,0.148373,0.969184,5870.33
301185.SZ,20260423,1900,18.92,35948.0,18.88,0.0013584,0.0962979,13987.0
301186.SZ,20260423,23600,76.84,1813424.0,77.98,0.0311965,0.520964,7564.95
301187.SZ,20260423,3200,20.3,64960.0,20.3,0.00125523,0.135062,25493.3
301188.SZ,20260423,524900,26.78,14056822.0,27.42,0.196197,1.79702,26753.7
301189.SZ,20260423,81200,86.28,7005936.0,85.01,0.0726571,0.661952,11175.8
301190.SZ,20260423,56000,22.54,1262240.0,22.63,0.0351419,3.60634,15935.4
301191.SZ,20260423,34900,156.0,5444400.0,156.82,0.0668603,0.776727,5219.84
301192.SZ,20260423,20200,27.13,548026.0,27.32,0.0421987,1.06072,4786.88
301193.SZ,20260423,98900,21.96,2171844.0,21.36,0.0676648,1.32221,14616.2
301195.SZ,20260423,5400,32.51,175554.0,32.65,0.00615649,0.664455,8771.23
301196.SZ,20260423,16600,124.06,2059396.0,124.81,0.0202534,0.313487,8196.16
301197.SZ,20260423,47600,28.69,1365644.0,28.9,0.0437704,0.568649,10874.9
301198.SZ,20260423,60700,16.86,1023402.0,16.69,0.0390217,1.03417,15555.4
301199.SZ,20260423,3200,22.72,72704.0,22.72,0.00446298,0.227633,7170.1
301200.SZ,20260423,20300,199.04,4040512.0,198.32,0.00481745,0.369514,42138.5
301201.SZ,20260423,10700,40.7,435490.0,40.6,0.00985773,0.140151,10854.4
301202.SZ,20260423,6400,42.22,270208.0,42.52,0.0172136,0.291734,3718.0
301203.SZ,20260423,2100,44.03,92463.0,43.76,0.00478987,0.16964,4384.25
301205.SZ,20260423,118305,294.2,34805331.0,294.0,0.141845,1.23905,8340.47
301206.SZ,20260423,1500,26.16,39240.0,26.15,0.00115134,0.175522,13028.3
301207.SZ,20260423,6100,19.45,118645.0,19.54,0.00101557,0.134694,60064.8
301208.SZ,20260423,5900,35.04,206736.0,35.02,0.00892964,0.566791,6607.21
301209.SZ,20260423,7000,96.43,675010.0,96.4,0.00731582,0.510079,9568.3
301210.SZ,20260423,6900,36.36,250884.0,36.39,0.0158752,0.120775,4346.39
301211.SZ,20260423,15700,11.75,184475.0,11.8,0.00375962,0.508697,41759.5
301212.SZ,20260423,0,,0.0,27.48,0.0,0.0,9375.0
301213.SZ,20260423,3900,72.28,281892.0,72.28,0.00754191,0.254994,5171.1
301215.SZ,20260423,27800,6.33,175974.0,6.32,0.00210224,0.299637,132240.0
301216.SZ,20260423,24500,29.84,731080.0,30.03,0.0044681,0.178622,54833.2
301217.SZ,20260423,191700,51.1,9795870.0,51.49,0.0231238,0.400392,82901.6
301218.SZ,20260423,49900,34.56,1724544.0,34.65,0.0712157,1.53077,7006.88
301219.SZ,20260423,79500,84.86,6746370.0,84.67,0.0377823,0.410103,21041.6
301220.SZ,20260423,11600,39.61,459476.0,39.77,0.0149033,0.507663,7783.5
301221.SZ,20260423,17900,53.96,965884.0,54.15,0.0285381,0.907103,6272.32
301222.SZ,20260423,15700,39.5,620150.0,39.64,0.0196688,0.318954,7982.17
301223.SZ,20260423,8600,19.36,166496.0,19.38,0.00767754,0.442598,11201.5
301225.SZ,20260423,13400,113.66,1523044.0,113.67,0.044843,0.586813,2988.2
301226.SZ,20260423,61800,40.05,2475090.0,39.57,0.0568015,1.06646,10880.0
301227.SZ,20260423,19700,33.04,650888.0,33.33,0.0363986,0.73121,5412.3
301228.SZ,20260423,13900,57.84,803976.0,57.18,0.0116376,0.249355,11944.0
301229.SZ,20260423,118700,17.31,2054697.0,18.43,0.0918158,6.48856,12928.1
301230.SZ,20260423,83800,43.4,3636920.0,43.82,0.0667113,0.965383,12561.6
301231.SZ,20260423,9800,31.58,309484.0,31.64,0.0149776,0.31158,6543.1
301232.SZ,20260423,35200,232.17,8172384.0,232.15,0.0788049,0.469906,4466.73
301233.SZ,20260423,500,55.1,27550.0,55.1,0.00177427,0.0600674,2818.06
301234.SZ,20260423,2600,40.83,106158.0,40.83,0.00382353,0.253037,6800.0
301235.SZ,20260423,193100,58.0,11199800.0,58.79,0.265447,2.82963,7274.51
301236.SZ,20260423,274300,42.5,11657750.0,42.88,0.0349111,1.13741,78570.9
301237.SZ,20260423,128300,77.69,9967627.0,68.93,0.220258,4.2573,5825.0
301238.SZ,20260423,61900,21.21,1312899.0,21.39,0.00844091,0.480167,73333.3
301239.SZ,20260423,2000,38.3,76600.0,38.5,0.00133673,0.104686,14961.9
301246.SZ,20260423,85100,23.68,2015168.0,23.91,0.050036,0.471438,17007.7
301248.SZ,20260423,17500,62.82,1099350.0,63.45,0.0155793,0.130749,11232.9
301251.SZ,20260423,10900,67.99,741091.0,67.99,0.0201878,0.24862,5399.31
301252.SZ,20260423,4100,38.0,155800.0,38.06,0.00867166,0.126537,4728.04
301255.SZ,20260423,3700,29.33,108521.0,29.45,0.00971639,0.0753696,3808.0
301256.SZ,20260423,112600,14.38,1619188.0,14.06,0.0234583,0.802443,48000.0
301257.SZ,20260423,0,,0.0,57.19,0.0,0.0,7531.89
301258.SZ,20260423,32700,31.25,1021875.0,32.16,0.0367148,3.86699,8906.5
301259.SZ,20260423,20200,38.5,777700.0,38.45,0.0204307,0.322874,9887.1
301260.SZ,20260423,14700,15.57,228879.0,15.53,0.00719052,0.867116,20443.6
301261.SZ,20260423,1200,77.31,92772.0,77.32,0.00320142,0.0870531,3748.33
301262.SZ,20260423,19700,23.91,471027.0,24.02,0.0161376,0.421807,12207.5
301263.SZ,20260423,7900,29.62,233998.0,29.66,0.00260223,0.186977,30358.6
301265.SZ,20260423,215300,26.7,5748510.0,26.7,0.127814,1.09409,16844.8
301266.SZ,20260423,5200,42.0,218400.0,42.23,0.00498408,0.144337,10433.2
301267.SZ,20260423,17700,17.35,307095.0,17.33,0.00272961,0.562537,64844.4
301268.SZ,20260423,13900,22.33,310387.0,22.37,0.00403252,0.351216,34469.8
301269.SZ,20260423,9700,87.2,845840.0,87.2,0.00177839,0.195857,54543.8
301270.SZ,20260423,2900,35.03,101587.0,35.02,0.00306902,0.0597522,9449.28
301272.SZ,20260423,2300,43.88,100924.0,43.7,0.00734156,0.210752,3132.85
301273.SZ,20260423,5200,31.55,164060.0,31.55,0.00945692,0.408248,5498.62
301275.SZ,20260423,7500,41.73,312975.0,41.69,0.00255505,0.17324,29353.6
301276.SZ,20260423,2000,26.58,53160.0,26.57,0.00276749,0.0899994,7226.76
301277.SZ,20260423,4300,11.73,50439.0,11.73,0.00109672,0.198461,39207.8
301278.SZ,20260423,191600,42.9,8219640.0,44.0,0.372748,4.4897,5140.2
301279.SZ,20260423,16300,29.46,480198.0,29.73,0.0162207,0.923793,10048.9
301280.SZ,20260423,900,62.91,56619.0,62.9,0.00224284,0.0447491,4012.76
301281.SZ,20260423,17600,39.67,698192.0,39.36,0.0248055,0.549548,7095.2
301282.SZ,20260423,201200,46.61,9377932.0,47.5,0.171114,0.919775,11758.2
301283.SZ,20260423,2800,49.66,139048.0,49.83,0.004425,0.128878,6327.69
301285.SZ,20260423,13200,106.8,1409760.0,106.6,0.00638699,0.317703,20667.0
301286.SZ,20260423,8100,48.95,396495.0,48.54,0.00502234,0.229814,16127.9
301287.SZ,20260423,5800,41.25,239250.0,41.49,0.0340548,0.488998,1703.14
301288.SZ,20260423,0,,0.0,18.76,0.0,0.0,7810.96
301289.SZ,20260423,3800,57.71,219298.0,57.34,0.00490317,0.512057,7750.09
301290.SZ,20260423,25600,28.6,732160.0,28.25,0.0375582,0.987587,6816.09
301291.SZ,20260423,88000,56.87,5004560.0,56.42,0.054443,0.648569,16163.7
301292.SZ,20260423,785085,89.5,70265107.5,98.13,0.922884,3.77957,8506.86
301293.SZ,20260423,38200,68.8,2628160.0,69.17,0.0237347,0.482486,16094.6
301295.SZ,20260423,73900,47.52,3511728.0,47.22,0.251361,1.74678,2940.0
301296.SZ,20260423,8300,7.86,65238.0,7.88,0.00194329,0.4396,42711.2
301297.SZ,20260423,359735,44.0,15828340.0,42.4,0.0991066,2.03486,36297.8
301298.SZ,20260423,2200,16.52,36344.0,16.46,0.00203359,0.145418,10818.3
301299.SZ,20260423,7200,64.45,464040.0,64.14,0.0161808,0.350801,4449.71
301300.SZ,20260423,17000,45.49,773330.0,45.79,0.0438449,2.03043,3877.3
301301.SZ,20260423,216500,10.0,2165000.0,10.11,0.0350447,1.78532,61778.2
301302.SZ,20260423,51000,23.5,1198500.0,23.25,0.0366933,0.777453,13899.0
301303.SZ,20260423,104100,16.66,1734306.0,16.96,0.102325,2.07879,10173.5
301305.SZ,20260423,10300,28.2,290460.0,28.06,0.00832569,0.213572,12371.3
301306.SZ,20260423,38700,172.01,6656787.0,173.72,0.0663808,0.489389,5830.0
301307.SZ,20260423,21300,43.05,916965.0,42.94,0.0195428,0.214729,10899.2
301308.SZ,20260423,372600,391.05,145705230.0,382.74,0.13579,2.81329,27439.4
301309.SZ,20260423,19300,34.92,673956.0,35.06,0.0318582,0.451646,6058.09
301310.SZ,20260423,32500,65.74,2136550.0,65.72,0.0743424,0.406608,4371.67
301311.SZ,20260423,300,16.8,5040.0,16.8,0.000125,0.0135259,24000.0
301312.SZ,20260423,96997,123.55,11983979.35,125.24,0.160186,1.2298,6055.28
301313.SZ,20260423,8000,35.39,283120.0,35.39,0.0105977,0.18287,7548.78
301314.SZ,20260423,7300,51.88,378724.0,51.87,0.0399839,0.391373,1825.74
301315.SZ,20260423,8400,51.0,428400.0,50.35,0.0227027,0.791981,3700.0
301316.SZ,20260423,75100,48.8,3664880.0,48.9,0.0187745,0.59194,40001.0
301317.SZ,20260423,11800,60.9,718620.0,59.63,0.0226068,0.194887,5219.67
301318.SZ,20260423,2000,27.13,54260.0,27.13,0.00225268,0.174583,8878.33
301319.SZ,20260423,95000,73.66,6997700.0,72.39,0.101519,0.813616,9357.86
301320.SZ,20260423,3300,17.36,57288.0,17.32,0.00483806,0.228702,6820.92
301321.SZ,20260423,5200,24.63,128076.0,24.48,0.00352255,0.0879779,14762.0
301322.SZ,20260423,5600,36.75,205800.0,36.99,0.00589302,0.151187,9502.77
301323.SZ,20260423,3500,69.17,242095.0,69.47,0.00517193,0.126585,6767.3
301325.SZ,20260423,3700,46.1,170570.0,46.11,0.00639091,0.220446,5789.47
301326.SZ,20260423,12300,162.81,2002563.0,162.05,0.0170697,0.519449,7205.74
301327.SZ,20260423,29200,64.99,1897708.0,64.99,0.0167449,0.727151,17438.1
301328.SZ,20260423,6900,63.26,436494.0,63.53,0.00627888,0.196192,10989.2
301329.SZ,20260423,2700,23.8,64260.0,23.8,0.0045042,0.135668,5994.4
301330.SZ,20260423,77300,35.84,2770432.0,34.19,0.0397794,3.06337,19432.2
301331.SZ,20260423,7500,26.55,199125.0,26.71,0.00730312,0.868154,10269.6
301332.SZ,20260423,9600,9.3,89280.0,9.33,0.00362404,0.535594,26489.8
301333.SZ,20260423,1700,68.72,116824.0,68.72,0.00176269,0.117171,9644.37
301335.SZ,20260423,3000,25.71,77130.0,25.72,0.00592607,0.113672,5062.38
301336.SZ,20260423,3500,52.81,184835.0,52.78,0.0115017,0.383371,3043.03
301337.SZ,20260423,3500,27.98,97930.0,28.01,0.0094631,0.248891,3698.58
301338.SZ,20260423,21900,189.0,4139100.0,192.68,0.0370245,0.398977,5915.0
301339.SZ,20260423,20700,13.3,275310.0,13.3,0.00363285,0.558588,56980.0
301345.SZ,20260423,19902,279.22,5557036.44,280.0,0.0568146,0.87999,3502.97
301348.SZ,20260423,21800,24.58,535844.0,24.5,0.0140519,0.237204,15513.9
301349.SZ,20260423,17700,63.18,1118286.0,63.88,0.0219646,0.35676,8058.41
301353.SZ,20260423,600,28.32,16992.0,28.29,0.00188198,0.0859415,3188.12
301355.SZ,20260423,7800,12.44,97032.0,12.43,0.00778401,0.23726,10020.5
301356.SZ,20260423,5600,20.99,117544.0,21.03,0.0102171,0.569428,5481.0
301357.SZ,20260423,4900,115.99,568351.0,116.16,0.00514706,0.154703,9520.0
301358.SZ,20260423,136200,84.73,11540226.0,84.79,0.0179225,0.534586,75993.8
301359.SZ,20260423,5300,22.14,117342.0,22.03,0.00744936,0.327614,7114.7
301360.SZ,20260423,11300,82.11,927843.0,81.1,0.0443833,0.46408,2546.0
301361.SZ,20260423,5100,37.61,191811.0,37.63,0.0167521,0.237403,3044.4
301362.SZ,20260423,15200,156.01,2371352.0,154.34,0.0512302,0.379888,2967.0
301363.SZ,20260423,21300,27.23,579999.0,27.2,0.00570735,0.278086,37320.3
301365.SZ,20260423,58500,34.6,2024100.0,34.59,0.0577024,1.09579,10138.2
301366.SZ,20260423,29200,37.95,1108140.0,37.93,0.024958,0.569599,11699.6
301367.SZ,20260423,44500,73.01,3248945.0,70.88,0.0636227,6.15463,6994.36
301368.SZ,20260423,1900,48.99,93081.0,49.3,0.00296313,0.0708856,6412.14
301369.SZ,20260423,14500,170.5,2472250.0,169.86,0.0398753,0.779724,3636.34
301370.SZ,20260423,0,,0.0,10.28,0.0,0.0,32374.9
301371.SZ,20260423,423890,26.79,11356013.1,24.99,0.54492,12.981,7778.94
301372.SZ,20260423,12800,31.66,405248.0,31.94,0.0310903,0.343024,4117.04
301373.SZ,20260423,72100,98.21,7080941.0,99.02,0.176789,0.836309,4078.31
301376.SZ,20260423,12300,16.61,204303.0,16.6,0.0063519,0.279872,19364.3
301377.SZ,20260423,23300,236.7,5515110.0,236.69,0.0328058,0.425765,7102.4
301378.SZ,20260423,24600,32.02,787692.0,31.33,0.0535778,1.51477,4591.45
301379.SZ,20260423,59500,26.98,1605310.0,27.32,0.0467773,1.08641,12719.8
301380.SZ,20260423,2800,33.91,94948.0,33.99,0.00346798,0.207169,8073.86
301381.SZ,20260423,14700,21.65,318255.0,21.78,0.0075204,0.31492,19546.8
301382.SZ,20260423,182600,43.1,7870060.0,43.66,0.10358,0.582663,17628.9
301383.SZ,20260423,11800,29.0,342200.0,28.95,0.0167105,0.917972,7061.42
301386.SZ,20260423,2700,26.48,71496.0,26.37,0.006,0.137509,4500.0
301387.SZ,20260423,12000,65.19,782280.0,65.53,0.0281134,0.287832,4268.43
301388.SZ,20260423,700,31.79,22253.0,31.87,0.0025588,0.0389891,2735.66
301389.SZ,20260423,112300,63.25,7102975.0,63.25,0.132791,1.01953,8456.9
301390.SZ,20260423,1800,35.7,64260.0,35.75,0.00586779,0.142481,3067.59
301391.SZ,20260423,9600,76.92,738432.0,76.21,0.0103409,0.513723,9283.56
301392.SZ,20260423,26851,168.47,4523587.97,164.06,0.0658179,0.402613,4079.59
301393.SZ,20260423,11900,61.29,729351.0,61.91,0.0282628,0.374394,4210.48
301395.SZ,20260423,3704,12.39,45892.56,12.46,0.00269518,0.034798,13743.0
301396.SZ,20260423,254313,318.0,80871534.0,324.28,0.334266,1.68232,7608.11
301397.SZ,20260423,12900,37.92,489168.0,38.2,0.0182364,0.184434,7073.78
301398.SZ,20260423,1000,46.89,46890.0,46.97,0.0026868,0.0504568,3721.9
301399.SZ,20260423,53900,23.5,1266650.0,23.56,0.0985671,0.550636,5468.36
301408.SZ,20260423,166400,19.92,3314688.0,20.1,0.0726766,0.416081,22895.9
301413.SZ,20260423,8800,120.0,1056000.0,120.45,0.0149788,0.246036,5874.99
301418.SZ,20260423,3200,40.52,129664.0,40.43,0.0108709,0.309664,2943.63
301419.SZ,20260423,27000,45.55,1229850.0,45.54,0.0340365,0.351559,7932.66
301421.SZ,20260423,34000,100.0,3400000.0,100.0,0.0734207,0.589864,4630.85
301428.SZ,20260423,6500,33.79,219635.0,34.0,0.0106215,0.121681,6119.67
301429.SZ,20260423,67400,20.16,1358784.0,19.78,0.153039,6.10244,4404.11
301439.SZ,20260423,5900,16.06,94754.0,16.16,0.0032197,0.151229,18324.7
301446.SZ,20260423,2900,40.1,116290.0,40.1,0.00912753,0.242142,3177.2
301448.SZ,20260423,2100,39.24,82404.0,39.43,0.0043494,0.21685,4828.25
301449.SZ,20260423,3700,81.98,303326.0,82.0,0.0265933,0.2211,1391.33
301456.SZ,20260423,13400,30.19,404546.0,30.17,0.0221487,0.935229,6050.01
301458.SZ,20260423,143100,41.81,5983011.0,41.92,0.121806,1.13653,11748.2
301459.SZ,20260423,1300,38.48,50024.0,38.4,0.00498104,0.138584,2609.9
301468.SZ,20260423,230762,58.02,13388811.24,55.22,0.307672,4.67118,7500.26
301469.SZ,20260423,49400,35.61,1759134.0,36.05,0.107254,2.84772,4605.87
301479.SZ,20260423,14600,111.57,1628922.0,111.63,0.0286672,0.301539,5092.92
301486.SZ,20260423,142400,212.02,30191648.0,213.56,0.196539,1.17271,7245.38
301487.SZ,20260423,77800,23.36,1817408.0,23.51,0.0285197,0.617957,27279.4
301488.SZ,20260423,6300,134.56,847728.0,135.01,0.0269091,0.576567,2341.22
301489.SZ,20260423,14500,218.01,3161145.0,219.28,0.0304619,0.317746,4760.04
301491.SZ,20260423,11500,49.32,567180.0,49.38,0.0402331,1.85236,2858.34
301498.SZ,20260423,430360,56.01,24104463.6,58.13,0.239821,4.2827,17945.0
301499.SZ,20260423,22000,35.52,781440.0,35.74,0.0636506,0.503165,3456.37
301500.SZ,20260423,68100,24.93,1697733.0,24.89,0.047275,0.536222,14405.1
301501.SZ,20260423,5200,38.0,197600.0,37.92,0.011954,0.638766,4350.0
301502.SZ,20260423,5200,48.6,252720.0,48.35,0.022046,0.289808,2358.7
301503.SZ,20260423,17000,36.54,621180.0,36.39,0.0523399,2.35803,3248.0
301505.SZ,20260423,65300,24.4,1593320.0,24.32,0.0835128,1.7646,7819.16
301507.SZ,20260423,300,14.25,4275.0,14.3,0.000272265,0.0100416,11018.7
301508.SZ,20260423,9400,29.99,281906.0,29.88,0.0159765,0.820938,5883.64
301509.SZ,20260423,17600,43.18,759968.0,43.61,0.0310182,0.252988,5674.09
301510.SZ,20260423,56500,32.07,1811955.0,31.68,0.0202393,1.06308,27915.9
301511.SZ,20260423,452800,65.56,29685568.0,64.27,0.120866,1.07407,37463.1
301512.SZ,20260423,8000,49.21,393680.0,49.27,0.0322406,0.478411,2481.34
301513.SZ,20260423,83500,92.0,7682000.0,94.71,0.414413,0.738882,2014.9
301515.SZ,20260423,11500,23.02,264730.0,23.09,0.0175384,0.834871,6557.06
301516.SZ,20260423,39500,19.42,767090.0,19.57,0.0562875,0.430303,7017.54
301517.SZ,20260423,28500,71.31,2032335.0,72.35,0.0290351,0.247678,9815.71
301518.SZ,20260423,5900,43.45,256355.0,43.45,0.0110283,0.196248,5349.87
301519.SZ,20260423,3200,14.41,46112.0,14.41,0.00423972,0.176608,7547.66
301520.SZ,20260423,19400,43.46,843124.0,43.65,0.0865183,1.72701,2242.3
301522.SZ,20260423,216600,33.01,7149966.0,31.94,0.0769677,4.79572,28141.7
301525.SZ,20260423,2000,75.82,151640.0,76.2,0.00404848,0.158853,4940.12
301526.SZ,20260423,5021936,14.91,74877065.76,13.99,0.357588,3.15129,140439.0
301528.SZ,20260423,39100,70.01,2737391.0,73.72,0.122829,2.44584,3183.3
301529.SZ,20260423,44600,119.79,5342634.0,119.78,0.0985886,1.10031,4523.85
301533.SZ,20260423,700,32.26,22582.0,32.32,0.00246161,0.101853,2843.67
301535.SZ,20260423,20700,20.18,417726.0,20.1,0.0121911,0.635365,16979.6
301536.SZ,20260423,67400,82.8,5580720.0,83.33,0.0360056,0.920687,18719.3
301538.SZ,20260423,300,83.19,24957.0,83.47,0.000960933,0.0214747,3121.97
301539.SZ,20260423,300,19.59,5877.0,19.62,0.000399671,0.0225601,7506.18
301548.SZ,20260423,35300,87.35,3083455.0,85.18,0.134553,1.01705,2623.5
301550.SZ,20260423,63200,157.48,9952736.0,159.37,0.0447974,1.12188,14108.0
301551.SZ,20260423,2300,29.51,67873.0,29.54,0.00148816,0.061144,15455.4
301552.SZ,20260423,11200,44.21,495152.0,44.23,0.0470588,0.440868,2380.0
301555.SZ,20260423,700,37.48,26236.0,37.48,0.00144786,0.0292987,4834.73
301556.SZ,20260423,8398,91.0,764218.0,91.02,0.0284871,0.342434,2948.0
301557.SZ,20260423,200,106.41,21282.0,106.41,0.00112581,0.0168741,1776.5
301558.SZ,20260423,16400,8.25,135300.0,8.26,0.00747896,0.257168,21928.2
301559.SZ,20260423,0,,0.0,16.87,0.0,0.0,9000.0
301560.SZ,20260423,11100,38.5,427350.0,38.88,0.0456414,0.334822,2432.0
301563.SZ,20260423,6900,169.05,1166445.0,167.8,0.0468757,0.424603,1471.98
301565.SZ,20260423,7900,21.75,171825.0,21.63,0.00617139,0.322391,12801.0
301566.SZ,20260423,250800,24.8,6219840.0,25.08,0.120867,1.47479,20750.1
301567.SZ,20260423,600,43.22,25932.0,43.23,0.00282488,0.0799315,2123.99
301568.SZ,20260423,5800,56.99,330542.0,57.01,0.012185,0.135874,4759.94
301571.SZ,20260423,14300,73.88,1056484.0,74.26,0.012,0.270175,11916.7
301575.SZ,20260423,500,44.97,22485.0,44.97,0.00287215,0.0754343,1740.85
301577.SZ,20260423,27400,68.01,1863474.0,68.31,0.145426,1.93476,1884.12
301578.SZ,20260423,700,33.56,23492.0,33.57,0.00302116,0.130575,2316.99
301580.SZ,20260423,21100,79.0,1666900.0,79.2,0.0292986,0.307593,7201.7
301581.SZ,20260423,600,46.13,27678.0,46.1,0.00141862,0.13301,4229.45
301584.SZ,20260423,7800,27.38,213564.0,27.37,0.0145213,0.182233,5371.43
301585.SZ,20260423,1400,28.97,40558.0,28.88,0.00205553,0.130806,6810.89
301586.SZ,20260423,800,43.54,34832.0,43.57,0.00151197,0.0991855,5291.11
301587.SZ,20260423,65000,28.01,1820650.0,28.44,0.0884919,0.605176,7345.3
301588.SZ,20260423,55000,24.58,1351900.0,23.83,0.0749736,1.07381,7335.92
301589.SZ,20260423,3600,174.0,626400.0,175.15,0.0104454,0.743576,3446.5
301590.SZ,20260423,2500,188.0,470000.0,187.83,0.0290607,0.440903,860.268
301591.SZ,20260423,10900,41.99,457691.0,42.0,0.0321072,1.08123,3394.87
301592.SZ,20260423,1900,126.56,240464.0,127.14,0.00813411,0.124767,2335.84
301595.SZ,20260423,10700,47.84,511888.0,47.63,0.0439191,0.647171,2436.3
301596.SZ,20260423,10400,72.52,754208.0,73.46,0.0332092,0.905292,3131.66
301598.SZ,20260423,5900,63.99,377541.0,64.42,0.0336226,0.757127,1754.77
301600.SZ,20260423,1500,110.42,165630.0,110.42,0.00464994,0.162448,3225.85
301601.SZ,20260423,4700,23.62,111014.0,23.63,0.00556345,0.25497,8448.0
301602.SZ,20260423,900,19.31,17379.0,19.31,0.000431656,0.0589026,20849.9
301603.SZ,20260423,65900,107.1,7057890.0,108.59,0.174651,0.651905,3773.25
301606.SZ,20260423,3000,73.85,221550.0,74.0,0.0018182,0.097721,16499.9
301607.SZ,20260423,165500,55.05,9110775.0,55.31,0.147972,2.88897,11184.5
301608.SZ,20260423,5800,93.34,541372.0,93.51,0.0145228,0.314794,3993.72
301609.SZ,20260423,6600,47.46,313236.0,47.33,0.0180092,0.258253,3664.8
301611.SZ,20260423,160500,110.0,17655000.0,108.88,0.109495,1.00054,14658.3
301613.SZ,20260423,0,,0.0,47.12,0.0,0.0,8390.12
301616.SZ,20260423,10400,50.7,527280.0,51.26,0.0366174,1.40672,2840.18
301617.SZ,20260423,6000,60.55,363300.0,60.68,0.0113122,0.194665,5304.0
301618.SZ,20260423,1500,49.42,74130.0,49.37,0.0045243,0.34969,3315.43
301622.SZ,20260423,33400,61.61,2057774.0,63.63,0.0516553,2.04752,6465.94
301626.SZ,20260423,2200,263.83,580426.0,262.5,0.004181,0.0895505,5261.9
301628.SZ,20260423,9100,114.85,1045135.0,114.69,0.0326448,0.378527,2787.58
301629.SZ,20260423,42800,341.55,14618340.0,345.0,0.222962,1.47017,1919.61
301630.SZ,20260423,10200,218.8,2231760.0,216.74,0.102,0.688039,1000.0
301631.SZ,20260423,35700,113.0,4034100.0,114.4,0.116266,0.777712,3070.55
301632.SZ,20260423,4500,21.02,94590.0,20.98,0.00614234,0.273812,7326.2
301633.SZ,20260423,900,63.25,56925.0,63.3,0.00352794,0.299668,2551.06
301636.SZ,20260423,13000,70.51,916630.0,70.82,0.0814181,0.320542,1596.7
301638.SZ,20260423,76800,27.9,2142720.0,28.0,0.0326836,0.204783,23498.0
301656.SZ,20260423,38700,21.88,846756.0,21.82,0.0190051,0.62322,20362.9
301658.SZ,20260423,19300,42.2,814460.0,42.1,0.0198118,0.203721,9741.67
301662.SZ,20260423,10800,164.0,1771200.0,164.9,0.0351184,0.349458,3075.31
301665.SZ,20260423,4300,26.76,115068.0,26.7,0.00412787,0.215741,10417.0
301666.SZ,20260423,242698,232.0,56305936.0,224.9,0.915277,1.75828,2651.63
301667.SZ,20260423,50100,112.15,5618715.0,111.53,0.222722,0.671065,2249.45
301668.SZ,20260423,300,50.3,15090.0,50.32,0.00123312,0.0191411,2432.86
301678.SZ,20260423,5500,60.99,335445.0,60.89,0.0114796,0.259137,4791.11
301680.SZ,20260423,12000,103.88,1246560.0,104.62,0.071418,0.520308,1680.25
301682.SZ,20260423,11000,125.97,1385670.0,126.44,0.0428235,0.204133,2568.68
301683.SZ,20260423,34600,130.06,4500076.0,130.41,0.242541,0.866846,1426.56
301687.SZ,20260423,7300,60.3,440190.0,60.42,0.0247162,0.199938,2953.53
301696.SZ,20260423,82141,96.57,7932356.37,97.53,0.273045,0.72333,3008.34
302132.SZ,20260423,18900,69.25,1308825.0,69.22,0.00322487,0.356689,58606.9
920000.BJ,20260423,500,16.77,8385.0,16.66,0.000868147,0.0583864,5759.39
920001.BJ,20260423,12300,16.18,199014.0,16.09,0.0138684,0.527709,8869.1
920002.BJ,20260423,1370,88.5,121245.0,88.06,0.00430072,0.172765,3185.51
920003.BJ,20260423,136055,31.02,4220426.1,31.2,1.02185,11.6035,1331.46
920005.BJ,20260423,200,37.29,7458.0,37.29,0.000930233,0.0416572,2150.0
920006.BJ,20260423,5397,23.27,125588.19,23.37,0.0112915,0.350186,4779.71
920007.BJ,20260423,1000,57.07,57070.0,57.07,0.00939598,0.243447,1064.29
920008.BJ,20260423,1100,26.96,29656.0,27.12,0.00323332,0.0901205,3402.07
920009.BJ,20260423,500,68.2,34100.0,67.91,0.00694444,0.192257,720.0
920010.BJ,20260423,54460,12.58,685106.8,12.47,0.0313631,0.324088,17364.3
920011.BJ,20260423,15429,26.7,411954.3,26.72,0.0829516,0.346777,1860.0
920012.BJ,20260423,62242,63.5,3952367.0,64.83,0.46909,1.03066,1326.87
920014.BJ,20260423,5800,12.78,74124.0,12.72,0.00865061,0.148214,6704.73
920015.BJ,20260423,17511,43.82,767332.02,43.54,0.0437639,0.840459,4001.24
920016.BJ,20260423,13089,17.2,225130.8,17.31,0.0382303,1.49693,3423.72
920017.BJ,20260423,200,17.59,3518.0,17.54,0.000161931,0.0106404,12351.0
920018.BJ,20260423,1300,29.38,38194.0,29.56,0.00293959,0.0641705,4422.38
920019.BJ,20260423,1850,18.81,34798.5,18.88,0.00110424,0.0691222,16753.6
920020.BJ,20260423,7392,16.28,120341.76,16.17,0.0134154,0.885073,5510.09
920021.BJ,20260423,56554,10.66,602865.64,10.59,0.0228451,0.210884,24755.5
920022.BJ,20260423,1674,27.7,46369.8,27.57,0.0100752,0.288142,1661.5
920023.BJ,20260423,7600,3.17,24092.0,3.16,0.00282729,0.0828136,26880.9
920026.BJ,20260423,5410,38.6,208826.0,38.31,0.0145373,0.372881,3721.46
920027.BJ,20260423,1000,18.31,18310.0,18.25,0.00236947,0.0623435,4220.35
920028.BJ,20260423,15299,16.77,256564.23,16.77,0.0359477,0.235166,4255.91
920029.BJ,20260423,2141,87.03,186331.23,87.41,0.00158423,0.267311,13514.4
920030.BJ,20260423,1383,5.77,7979.91,5.78,0.00122962,0.0737874,11247.4
920033.BJ,20260423,0,,0.0,15.59,0.0,0.0,8276.1
920035.BJ,20260423,1218,38.37,46734.66,38.37,0.00935915,0.0906675,1301.4
920036.BJ,20260423,16245,50.98,828170.1,50.6,0.124375,0.60196,1306.13
920037.BJ,20260423,6269,78.0,488982.0,77.8,0.0212046,0.44902,2956.43
920039.BJ,20260423,7235,9.99,72277.65,9.91,0.00470355,0.589377,15382.0
920045.BJ,20260423,14385,618.14,8891943.9,624.69,0.0714693,0.892252,2012.75
920046.BJ,20260423,20750,26.58,551535.0,26.68,0.0323828,0.320038,6407.73
920047.BJ,20260423,5019,29.05,145801.95,29.15,0.00278669,0.0645275,18010.6
920050.BJ,20260423,1868,33.72,62988.96,33.7,0.0103189,0.305993,1810.27
920055.BJ,20260423,5433,35.68,193849.44,35.7,0.0355098,0.215749,1530.0
920056.BJ,20260423,4500,22.99,103455.0,22.89,0.0145896,0.363042,3084.39
920057.BJ,20260423,200,6.32,1264.0,6.29,0.000173806,0.0137223,11507.1
920058.BJ,20260423,387,28.4,10990.8,28.4,0.00140246,0.0763862,2759.44
920060.BJ,20260423,45247,35.55,1608530.85,35.45,0.0477167,0.611275,9482.43
920061.BJ,20260423,100,24.75,2475.0,24.76,0.000254037,0.00935431,3936.44
920062.BJ,20260423,10491,10.66,111834.06,10.7,0.00785784,0.203759,13351.0
920066.BJ,20260423,677,22.39,15158.03,22.4,0.00340658,0.124901,1987.33
920068.BJ,20260423,4882,21.95,107159.9,21.76,0.00778575,0.140323,6270.43
920069.BJ,20260423,5293,38.6,204309.8,38.82,0.0358174,0.27305,1477.77
920075.BJ,20260423,615,21.83,13425.45,21.84,0.00176325,0.0816297,3487.89
920076.BJ,20260423,37409,21.12,790078.08,21.24,0.189303,2.58841,1976.14
920077.BJ,20260423,18600,18.88,351168.0,18.84,0.00613146,0.154713,30335.3
920078.BJ,20260423,39744,28.98,1151781.12,29.5,0.192,0.528009,2070.0
920080.BJ,20260423,700,23.72,16604.0,23.69,0.0030467,0.110876,2297.57
920082.BJ,20260423,3500,15.61,54635.0,15.61,0.00884575,0.343546,3956.7
920086.BJ,20260423,5952,32.12,191178.24,31.96,0.022255,0.224063,2674.45
920087.BJ,20260423,3820,14.82,56612.4,14.82,0.00232861,0.0717937,16404.6
920088.BJ,20260423,46111,50.7,2337827.7,50.01,0.141591,0.866801,3256.62
920089.BJ,20260423,5230,19.1,99893.0,19.03,0.00609438,0.228993,8581.67
920090.BJ,20260423,0,,0.0,5.62,0.0,0.0,13534.7
920091.BJ,20260423,1031,62.96,64911.76,62.24,0.00711025,0.0709851,1450.02
920092.BJ,20260423,1558,31.68,49357.44,31.8,0.00472789,0.090209,3295.34
920098.BJ,20260423,2453,27.24,66819.72,27.1,0.00442974,0.238557,5537.57
920099.BJ,20260423,63853,34.9,2228469.7,32.34,0.131703,5.76872,4848.27
920100.BJ,20260423,1008,50.95,51357.6,50.93,0.0051507,0.117154,1957.01
920101.BJ,20260423,1600,35.5,56800.0,35.41,0.00575156,0.163067,2781.85
920106.BJ,20260423,2335,70.1,163683.5,70.1,0.00534877,0.212898,4365.49
920108.BJ,20260423,800,11.46,9168.0,11.5,0.00109638,0.0819408,7296.77
920110.BJ,20260423,200,35.81,7162.0,35.93,0.0012316,0.12434,1623.9
920111.BJ,20260423,220375,32.5,7162187.5,32.3,0.292709,2.33131,7528.81
920112.BJ,20260423,1131,34.3,38793.3,34.0,0.00487857,0.285047,2318.3
920116.BJ,20260423,10724,102.81,1102534.44,103.25,0.00698746,0.235513,15347.5
920118.BJ,20260423,1600,21.09,33744.0,21.23,0.00510544,0.320089,3133.91
920119.BJ,20260423,1400,97.91,137074.0,97.99,0.00737744,0.1038,1897.68
920121.BJ,20260423,0,,0.0,37.01,0.0,0.0,1189.23
920122.BJ,20260423,100,27.22,2722.0,27.15,0.000267558,0.0119324,3737.51
920123.BJ,20260423,10444,13.67,142769.48,13.67,0.0164129,0.849013,6363.29
920124.BJ,20260423,3879,16.57,64275.03,16.45,0.00506851,0.182877,7653.14
920128.BJ,20260423,3091,25.66,79315.06,25.79,0.00808422,0.452903,3823.5
920130.BJ,20260423,100,20.72,2072.0,20.59,0.000176717,0.00794805,5658.76
920132.BJ,20260423,0,,0.0,13.98,0.0,0.0,2812.32
920139.BJ,20260423,52150,19.48,1015882.0,19.08,0.0200631,0.923878,25993.0
920145.BJ,20260423,1300,15.1,19630.0,15.15,0.00267528,0.13636,4859.3
920146.BJ,20260423,24275,7.23,175508.25,7.19,0.0226577,0.785359,10713.8
920149.BJ,20260423,0,,0.0,10.47,0.0,0.0,6326.7
920152.BJ,20260423,2600,16.18,42068.0,16.18,0.00316451,0.150379,8216.12
920158.BJ,20260423,9250,17.3,160025.0,17.19,0.0242531,0.243795,3813.94
920159.BJ,20260423,24736,40.68,1006260.48,40.22,0.171778,1.56156,1440.0
920160.BJ,20260423,2679,23.73,63572.67,23.63,0.0105108,0.274047,2548.8
920163.BJ,20260423,5200,13.09,68068.0,12.96,0.0086534,0.621349,6009.2
920166.BJ,20260423,3889,29.41,114375.49,29.05,0.0163646,0.285126,2376.47
920167.BJ,20260423,2300,17.66,40618.0,17.6,0.00351877,0.16653,6536.38
920168.BJ,20260423,1102,22.48,24772.96,22.44,0.00391134,0.0675062,2817.45
920169.BJ,20260423,10889,30.7,334292.3,30.61,0.0214337,0.413759,5080.32
920171.BJ,20260423,27179,21.59,586794.61,21.82,0.0401866,0.456937,6763.2
920174.BJ,20260423,760,40.13,30498.8,39.8,0.000873556,0.0518587,8700.08
920175.BJ,20260423,68772,10.6,728983.2,10.56,0.0867502,2.74413,7927.59
920177.BJ,20260423,37283,37.01,1379843.83,37.53,0.316709,0.57672,1177.2
920179.BJ,20260423,114420,56.32,6444134.4,55.13,0.191599,1.98511,5971.85
920180.BJ,20260423,2933,16.75,49127.75,16.8,0.00822272,0.138074,3566.95
920181.BJ,20260423,47270,82.41,3895520.7,82.77,0.471756,1.19415,1002.0
920183.BJ,20260423,3704,40.68,150678.72,40.55,0.032925,0.334831,1124.98
920184.BJ,20260423,665,16.55,11005.75,16.57,0.000744115,0.0267845,8936.79
920185.BJ,20260423,285889,31.58,9028374.62,31.9,0.0255796,1.99266,111765.0
920187.BJ,20260423,5200,38.2,198640.0,37.99,0.0227141,0.446502,2289.33
920188.BJ,20260423,18114,26.4,478209.6,26.39,0.0915131,0.436321,1979.39
920190.BJ,20260423,3764,23.26,87550.64,23.25,0.00378508,0.209463,9944.3
920191.BJ,20260423,42836,13.2,565435.2,13.19,0.107318,0.185938,3991.5
920195.BJ,20260423,625,20.15,12593.75,20.16,0.00088328,0.0676249,7075.9
920198.BJ,20260423,3210,8.98,28825.8,8.95,0.00455539,0.160747,7046.6
920199.BJ,20260423,3196,35.1,112179.6,35.19,0.00842666,0.202835,3792.73
920204.BJ,20260423,2300,16.29,37467.0,16.3,0.00460085,0.178943,4999.07
920207.BJ,20260423,74359,32.36,2406257.24,33.05,0.132042,1.29927,5631.45
920208.BJ,20260423,3472,24.29,84334.88,24.29,0.00340798,0.253765,10187.9
920212.BJ,20260423,2452,12.31,30184.12,12.28,0.00475173,0.230214,5160.23
920221.BJ,20260423,8300,15.12,125496.0,15.16,0.0134381,0.856229,6176.49
920223.BJ,20260423,18610,19.49,362708.9,19.3,0.0228109,0.34783,8158.38
920225.BJ,20260423,37747,30.52,1152038.44,30.82,0.045598,0.537454,8278.22
920227.BJ,20260423,1701,63.0,107163.0,63.29,0.00960029,0.214905,1771.82
920230.BJ,20260423,26792,12.4,332220.8,12.33,0.0567053,0.459185,4724.77
920237.BJ,20260423,3050,21.22,64721.0,21.15,0.00359849,0.104371,8475.77
920239.BJ,20260423,12105,31.19,377554.95,31.2,0.00674619,0.545492,17943.5
920242.BJ,20260423,1211,26.49,32079.39,26.32,0.00321506,0.0748662,3766.65
920245.BJ,20260423,1869,25.74,48108.06,25.74,0.00491894,0.316837,3799.6
920247.BJ,20260423,2723,22.34,60831.82,22.34,0.00238262,0.0896174,11428.6
920249.BJ,20260423,219549,10.9,2393084.1,10.97,0.176105,0.7092,12467.0
920252.BJ,20260423,7079,28.39,200972.81,28.39,0.010375,0.17851,6823.12
920260.BJ,20260423,8200,10.27,84214.0,10.24,0.00829298,0.451519,9887.88
920261.BJ,20260423,17358,15.2,263841.6,15.24,0.010139,0.863169,17120.1
920262.BJ,20260423,18399,20.89,384355.11,20.71,0.0589987,2.5358,3118.54
920263.BJ,20260423,39029,12.17,474982.93,12.21,0.0380423,3.6102,10259.4
920266.BJ,20260423,4642,8.38,38899.96,8.29,0.00391761,0.39832,11849.0
920267.BJ,20260423,200,19.87,3974.0,19.89,0.000673921,0.0336267,2967.7
920270.BJ,20260423,11400,16.18,184452.0,16.32,0.0140518,0.876889,8112.83
920271.BJ,20260423,1600,14.67,23472.0,14.59,0.00276384,0.224948,5789.04
920273.BJ,20260423,16145,23.51,379568.95,23.85,0.0235108,0.613031,6867.07
920274.BJ,20260423,600,23.0,13800.0,22.95,0.000737705,0.0316298,8133.33
920275.BJ,20260423,5060,7.59,38405.4,7.6,0.00383582,0.283452,13191.5
920278.BJ,20260423,2800,8.1,22680.0,8.15,0.00378133,0.134675,7404.8
920284.BJ,20260423,13814,33.1,457243.4,33.35,0.020386,0.323412,6776.23
920299.BJ,20260423,11652,24.54,285940.08,24.36,0.0256569,0.330251,4541.48
920300.BJ,20260423,4488,12.27,55067.76,12.19,0.00674566,0.240549,6653.17
920304.BJ,20260423,5028,12.2,61341.6,12.15,0.00368476,0.202424,13645.4
920305.BJ,20260423,27583,5.95,164118.85,5.85,0.0340107,0.454782,8110.09
920339.BJ,20260423,250,8.3,2075.0,8.31,0.000165369,0.0216768,15117.7
920344.BJ,20260423,2118,22.18,46977.24,22.18,0.00186234,0.180513,11372.8
920346.BJ,20260423,0,,0.0,21.8,0.0,0.0,4460.37
920351.BJ,20260423,1534,17.68,27121.12,17.68,0.00385037,0.107414,3984.03
920357.BJ,20260423,38199,26.43,1009599.57,26.5,0.0858123,1.22526,4451.46
920363.BJ,20260423,12000,17.47,209640.0,17.34,0.0234882,0.872966,5108.96
920367.BJ,20260423,1200,19.6,23520.0,19.5,0.00285765,0.0599692,4199.26
920368.BJ,20260423,30689,37.09,1138255.01,36.9,0.0137391,0.243017,22336.9
920370.BJ,20260423,10917,3.53,38537.01,3.53,0.00417549,0.379318,26145.4
920371.BJ,20260423,6644,9.99,66373.56,9.85,0.00341753,0.365144,19440.9
920374.BJ,20260423,1265,21.29,26931.85,21.28,0.0037082,0.122637,3411.35
920375.BJ,20260423,16000,14.29,228640.0,14.11,0.0246472,0.241651,6491.62
920378.BJ,20260423,2600,8.98,23348.0,8.99,0.0023343,0.248432,11138.2
920392.BJ,20260423,11500,21.35,245525.0,21.09,0.0316022,1.34567,3638.99
920394.BJ,20260423,7200,49.69,357768.0,49.71,0.00495961,0.397839,14517.3
920395.BJ,20260423,0,,0.0,10.21,0.0,0.0,10474.4
920396.BJ,20260423,100,30.89,3089.0,30.75,0.000194899,0.00625561,5130.88
920402.BJ,20260423,31467,9.57,301139.19,9.56,0.0115317,0.541584,27287.3
920403.BJ,20260423,2600,22.65,58890.0,22.6,0.0043998,0.171673,5909.36
920405.BJ,20260423,11895,20.98,249557.1,20.92,0.0108058,0.496642,11008.0
920407.BJ,20260423,2600,19.0,49400.0,18.88,0.00747967,0.230865,3476.09
920414.BJ,20260423,6789,12.82,87034.98,12.78,0.0121064,0.247527,5607.76
920415.BJ,20260423,1400,13.23,18522.0,13.19,0.00129353,0.0598153,10823.1
920418.BJ,20260423,7807,26.26,205011.82,26.14,0.00501442,0.333475,15569.1
920419.BJ,20260423,100,14.09,1409.0,14.04,0.000103422,0.00764496,9669.13
920422.BJ,20260423,1593,11.79,18781.47,11.71,0.00240552,0.0622724,6622.27
920425.BJ,20260423,0,,0.0,20.48,0.0,0.0,5921.33
920427.BJ,20260423,4750,12.6,59850.0,12.6,0.00933055,0.304611,5090.8
920429.BJ,20260423,1801,13.12,23629.12,13.12,0.00158678,0.100756,11350.0
920433.BJ,20260423,358,5.21,1865.18,5.24,0.000211438,0.0149651,16931.6
920436.BJ,20260423,3318,14.91,49471.38,14.75,0.00373362,0.244955,8886.82
920438.BJ,20260423,47811,49.8,2380987.8,50.27,0.0342992,0.65817,13939.4
920445.BJ,20260423,200,10.31,2062.0,10.31,0.000189552,0.0099544,10551.2
920454.BJ,20260423,0,,0.0,14.68,0.0,0.0,4923.05
920455.BJ,20260423,2987,8.04,24015.48,8.04,0.00318571,0.280889,9376.24
920469.BJ,20260423,1900,9.36,17784.0,9.38,0.00183667,0.0902067,10344.8
920471.BJ,20260423,20104,13.11,263563.44,12.86,0.0379102,1.46404,5303.06
920475.BJ,20260423,0,,0.0,13.73,0.0,0.0,5619.84
920476.BJ,20260423,5300,21.73,115169.0,21.81,0.00657324,0.324107,8063.0
920478.BJ,20260423,500,17.04,8520.0,17.09,0.00105842,0.0190217,4724.01
920489.BJ,20260423,69510,15.8,1098258.0,15.45,0.0800571,1.79442,8682.55
920491.BJ,20260423,7900,27.36,216144.0,27.3,0.00683603,0.176163,11556.4
920493.BJ,20260423,21285,170.5,3629092.5,172.15,0.0485998,0.512788,4379.65
920496.BJ,20260423,2500,9.42,23550.0,9.46,0.00172416,0.0968482,14499.8
920504.BJ,20260423,2903,22.58,65549.74,22.58,0.0169846,0.799492,1709.19
920505.BJ,20260423,1000,42.01,42010.0,41.93,0.00277693,0.0652439,3601.09
920508.BJ,20260423,300,20.5,6150.0,20.56,0.000940264,0.0447965,3190.59
920509.BJ,20260423,16028,33.2,532129.6,33.34,0.0190842,0.446378,8398.55
920510.BJ,20260423,3850,15.55,59867.5,15.66,0.00410015,0.158999,9389.91
920519.BJ,20260423,76365,12.36,943871.4,12.1,0.121225,4.17318,6299.44
920522.BJ,20260423,32768,61.0,1998848.0,61.0,0.0252028,0.447156,13001.7
920523.BJ,20260423,1521,24.67,37523.07,24.79,0.00187686,0.0657726,8103.95
920526.BJ,20260423,191474,25.3,4844292.2,26.0,0.365635,2.94138,5236.75
920527.BJ,20260423,0,,0.0,17.78,0.0,0.0,3634.8
920533.BJ,20260423,10804,24.23,261780.92,24.21,0.0147722,0.381052,7313.71
920541.BJ,20260423,4033,12.5,50412.5,12.5,0.00447819,0.263824,9005.87
920547.BJ,20260423,1846,24.0,44304.0,23.98,0.00489416,0.272102,3771.84
920553.BJ,20260423,3967,9.16,36337.72,9.16,0.00435868,0.280734,9101.38
920556.BJ,20260423,1500,9.82,14730.0,9.83,0.00127661,0.0490866,11749.9
920564.BJ,20260423,8712,27.45,239144.4,27.3,0.0212536,0.227211,4099.07
920566.BJ,20260423,700,10.78,7546.0,10.74,0.000623072,0.0412303,11234.7
920570.BJ,20260423,600,29.84,17904.0,29.94,0.00246257,0.104302,2436.48
920571.BJ,20260423,65635,10.63,697700.05,10.63,0.0232157,0.308158,28271.8
920575.BJ,20260423,5200,7.68,39936.0,7.64,0.00276833,0.112348,18783.9
920576.BJ,20260423,28795,82.0,2361190.0,83.69,0.0268791,0.462135,10712.8
920578.BJ,20260423,500,19.99,9995.0,19.89,0.00217391,0.0538962,2300.0
920579.BJ,20260423,1079,18.73,20209.67,18.81,0.00242067,0.0742909,4457.44
920580.BJ,20260423,50889,13.85,704812.65,13.93,0.0929258,1.93908,5476.31
920592.BJ,20260423,4994,32.97,164652.18,33.06,0.00993125,0.293474,5028.57
920593.BJ,20260423,6143,28.55,175382.65,28.55,0.00380112,0.200327,16161.0
920599.BJ,20260423,26775,19.48,521577.0,19.33,0.00763747,0.532276,35057.4
920608.BJ,20260423,103,16.94,1744.82,17.0,0.000213609,0.0205576,4821.89
920627.BJ,20260423,1400,20.89,29246.0,20.78,0.00299033,0.0673981,4681.75
920634.BJ,20260423,26609,21.88,582204.92,22.19,0.0656563,1.04799,4052.77
920639.BJ,20260423,1300,8.02,10426.0,8.02,0.0010947,0.0437542,11875.4
920640.BJ,20260423,19813,39.8,788557.4,39.84,0.0109882,0.25534,18031.2
920641.BJ,20260423,37676,19.66,740710.16,19.55,0.0829473,1.19509,4542.16
920642.BJ,20260423,391,12.69,4961.79,12.68,0.000391169,0.0139253,9995.69
920651.BJ,20260423,20438,29.95,612118.1,29.8,0.0492869,1.34264,4146.74
920656.BJ,20260423,6425,16.72,107426.0,16.74,0.0198448,0.613426,3237.63
920662.BJ,20260423,21491,26.61,571875.51,26.96,0.0795784,0.754583,2700.61
920663.BJ,20260423,0,,0.0,16.32,0.0,0.0,6407.65
920665.BJ,20260423,5460,11.59,63281.4,11.54,0.00852171,0.280223,6407.17
920670.BJ,20260423,9326,18.29,170572.54,18.12,0.0139959,0.243055,6663.36
920675.BJ,20260423,14165,9.99,141508.35,9.98,0.0179263,0.580306,7901.79
920679.BJ,20260423,0,,0.0,18.33,0.0,0.0,3717.5
920682.BJ,20260423,21833,9.14,199553.62,9.1,0.0116027,0.375156,18817.2
920685.BJ,20260423,0,,0.0,12.92,0.0,0.0,5490.39
920689.BJ,20260423,62191,30.8,1915482.8,29.4,0.16396,4.19972,3793.06
920690.BJ,20260423,1100,26.4,29040.0,26.35,0.00255226,0.0969357,4309.91
920693.BJ,20260423,13573,31.01,420898.73,31.22,0.0370746,0.677003,3661.0
920694.BJ,20260423,363,18.14,6584.82,18.0,0.000580889,0.0455558,6249.04
920699.BJ,20260423,2911,42.82,124649.02,42.82,0.0139447,0.745532,2087.53
920701.BJ,20260423,3911,16.34,63905.74,16.26,0.00390291,0.472183,10020.7
920703.BJ,20260423,12300,14.08,173184.0,13.94,0.0161279,1.26468,7626.51
920706.BJ,20260423,9712,24.98,242605.76,25.08,0.0203726,0.356604,4767.19
920717.BJ,20260423,6149,9.38,57677.62,9.33,0.0138866,0.479249,4428.0
920718.BJ,20260423,900,13.43,12087.0,13.34,0.00208768,0.174908,4311.01
920719.BJ,20260423,591359,12.05,7125875.95,12.34,0.807937,9.1018,7319.37
920720.BJ,20260423,2300,12.72,29256.0,12.72,0.00310739,0.108629,7401.72
920725.BJ,20260423,17743,32.2,571324.6,32.35,0.0421672,0.444073,4207.78
920726.BJ,20260423,4738,19.54,92580.52,19.71,0.00847381,0.0955502,5591.35
920729.BJ,20260423,0,,0.0,8.23,0.0,0.0,7682.5
920735.BJ,20260423,10062,31.75,319468.5,31.66,0.00969764,0.504289,10375.7
920748.BJ,20260423,4718,37.55,177160.9,37.39,0.0132283,0.502377,3566.6
920751.BJ,20260423,6000,24.32,145920.0,24.19,0.00722307,0.304098,8306.71
920753.BJ,20260423,668,19.31,12899.08,19.26,0.0020629,0.111307,3238.15
920765.BJ,20260423,900,15.18,13662.0,15.14,0.00170432,0.070476,5280.71
920768.BJ,20260423,2415,12.27,29632.05,12.26,0.0031571,0.0614516,7649.43
920770.BJ,20260423,28027,16.3,456840.1,16.12,0.0342236,0.859813,8189.38
920779.BJ,20260423,18021,34.88,628572.48,35.26,0.0899557,0.899458,2003.32
920781.BJ,20260423,0,,0.0,7.74,0.0,0.0,10211.9
920786.BJ,20260423,24251,8.47,205405.97,8.5,0.017145,0.329278,14144.6
920790.BJ,20260423,2600,27.5,71500.0,27.56,0.00478337,0.208436,5435.5
920792.BJ,20260423,5400,11.74,63396.0,11.76,0.00531358,0.52256,10162.6
920799.BJ,20260423,7757,36.9,286233.3,37.25,0.0064604,0.192853,12007.0
920802.BJ,20260423,2613,14.75,38541.75,14.74,0.0118243,0.47768,2209.86
920806.BJ,20260423,2402,11.86,28487.72,11.88,0.000798705,0.0895726,30073.7
920807.BJ,20260423,9838,12.46,122581.48,12.43,0.00796271,0.248589,12355.1
920808.BJ,20260423,25076,86.12,2159545.12,86.12,0.0128878,0.40014,19457.2
920809.BJ,20260423,79400,8.05,639170.0,8.05,0.0172944,0.25979,45910.7
920810.BJ,20260423,13533,11.93,161448.69,11.77,0.0216849,1.51934,6240.75
920819.BJ,20260423,3400,3.6,12240.0,3.59,0.000280615,0.0492879,121162.0
920821.BJ,20260423,43176,25.8,1113940.8,26.09,0.0592642,0.792599,7285.34
920826.BJ,20260423,400,10.72,4288.0,10.69,0.000640262,0.0103887,6247.45
920832.BJ,20260423,0,,0.0,6.99,0.0,0.0,12334.2
920833.BJ,20260423,15850,16.2,256770.0,15.9,0.0253765,0.876088,6245.92
920834.BJ,20260423,900,12.55,11295.0,12.54,0.0014332,0.053044,6279.64
920837.BJ,20260423,12910,13.21,170541.1,13.14,0.00943798,1.14464,13678.8
920839.BJ,20260423,560,35.25,19740.0,35.2,0.000860941,0.0467286,6504.51
920855.BJ,20260423,500,16.36,8180.0,16.36,0.000745858,0.130818,6703.69
920856.BJ,20260423,3900,13.85,54015.0,13.9,0.00735016,0.320846,5306.0
920857.BJ,20260423,3700,24.43,90391.0,24.25,0.00499952,0.604942,7400.72
920866.BJ,20260423,6100,7.74,47214.0,7.7,0.00534561,0.422851,11411.2
920870.BJ,20260423,11700,15.07,176319.0,14.99,0.0177265,0.710468,6600.29
920871.BJ,20260423,3900,13.42,52338.0,13.43,0.00829539,0.481538,4701.41
920873.BJ,20260423,7524,8.54,64254.96,8.5,0.00628013,0.277027,11980.6
920876.BJ,20260423,4100,25.97,106477.0,25.93,0.0104463,0.292163,3924.82
920879.BJ,20260423,4512,22.29,100572.48,22.49,0.00344935,0.122028,13080.7
920885.BJ,20260423,17931,21.4,383723.4,21.2,0.0202603,0.419345,8850.32
920892.BJ,20260423,3305,15.39,50863.95,15.36,0.00219088,0.237639,15085.3
920895.BJ,20260423,1914,17.29,33093.06,17.29,0.00666043,0.314764,2873.69
920896.BJ,20260423,19821,18.38,364309.98,18.67,0.04474,1.53349,4430.27
920906.BJ,20260423,2200,24.76,54472.0,24.61,0.00659557,0.25016,3335.57
920914.BJ,20260423,7776,25.8,200620.8,25.7,0.00781356,0.331955,9951.92
920924.BJ,20260423,29741,21.78,647758.98,21.95,0.0454949,0.671565,6537.21
920925.BJ,20260423,3200,17.5,56000.0,17.44,0.00578714,0.199673,5529.51
920926.BJ,20260423,1300,15.24,19812.0,15.08,0.0016213,0.166064,8018.24
920931.BJ,20260423,200,12.35,2470.0,12.35,0.000695028,0.0273634,2877.58
920932.BJ,20260423,5865,15.97,93664.05,15.97,0.00675589,0.333793,8681.31
920942.BJ,20260423,0,,0.0,26.38,0.0,0.0,4141.5
920943.BJ,20260423,4800,21.44,102912.0,21.36,0.00926501,0.331513,5180.78
920946.BJ,20260423,3400,10.3,35020.0,10.27,0.00079665,0.106805,42678.7
920950.BJ,20260423,10038,16.75,168136.5,16.45,0.0281018,2.66594,3572.01
920953.BJ,20260423,3400,31.42,106828.0,31.5,0.00567748,0.187896,5988.58
920957.BJ,20260423,1612,11.5,18538.0,11.5,0.00377476,0.23651,4270.47
920961.BJ,20260423,40739,24.71,1006660.69,24.99,0.0391908,1.0939,10395.0
920964.BJ,20260423,9813,6.15,60349.95,6.15,0.006644,0.397055,14769.7
920970.BJ,20260423,76223,7.45,567861.35,7.5,0.108779,1.23989,7007.13
920971.BJ,20260423,6785,30.0,203550.0,30.04,0.00791689,0.150309,8570.28
920974.BJ,20260423,1300,7.78,10114.0,7.77,0.00101205,0.0597576,12845.2
920976.BJ,20260423,2529,31.33,79233.57,31.31,0.00573215,0.188058,4411.96
920978.BJ,20260423,4915,29.18,143419.7,29.1,0.00486947,0.128229,10093.5
920981.BJ,20260423,293838,44.0,12928872.0,42.34,0.787566,6.65426,3730.96
920982.BJ,20260423,2016,186.57,376125.12,186.38,0.00367179,0.200944,5490.51
920985.BJ,20260423,12751,6.85,87344.35,6.88,0.00581394,0.321996,21931.8
920992.BJ,20260423,8243,16.11,132794.73,16.03,0.0168165,0.403427,4901.73
