ts_code,trade_date,vol,price,amount,pre_close,turnover_rate,volume_ratio,float_share
600000.SH,20260429,306800,9.36,2871648.0,9.37,0.00092116,0.402825,3330580.0
600004.SH,20260429,96800,8.98,869264.0,8.94,0.00409005,1.12135,236672.0
600006.SH,20260429,125800,6.6,830280.0,6.52,0.00629,0.700467,200000.0
600007.SH,20260429,5400,21.58,116532.0,21.54,0.000536096,0.240968,100728.0
600008.SH,20260429,73700,3.04,224048.0,3.04,0.00100401,0.109293,734059.0
600009.SH,20260429,29400,27.15,798210.0,27.15,0.00143675,0.423061,204628.0
600010.SH,20260429,43328000,2.6,112652800.0,2.74,0.138072,5.3723,3138080.0
600011.SH,20260429,1032800,6.87,7095336.0,6.91,0.00939105,0.893532,1099770.0
600012.SH,20260429,28600,16.13,461318.0,16.11,0.00245367,0.678234,116560.0
600015.SH,20260429,124900,7.17,895533.0,7.19,0.000811712,0.2113,1538720.0
600016.SH,20260429,961600,3.72,3577152.0,3.73,0.00271163,0.580854,3546210.0
600017.SH,20260429,1245800,2.97,3700026.0,2.98,0.0405052,4.64905,307565.0
600018.SH,20260429,263400,4.9,1290660.0,4.9,0.00113306,0.895423,2324670.0
600019.SH,20260429,303000,6.34,1921020.0,6.37,0.00139105,0.367807,2178210.0
600020.SH,20260429,25300,3.77,95381.0,3.77,0.00112576,0.177469,224737.0
600021.SH,20260429,214800,16.82,3612936.0,17.0,0.00761369,0.573295,282124.0
600022.SH,20260429,503800,1.44,725472.0,1.44,0.00470892,0.535059,1069880.0
600023.SH,20260429,493200,5.84,2880288.0,5.89,0.0036782,0.58917,1340870.0
600025.SH,20260429,189500,9.6,1819200.0,9.67,0.00101712,0.739375,1863110.0
600026.SH,20260429,621100,21.3,13229430.0,21.05,0.0162507,0.947765,382200.0
600027.SH,20260429,2175500,4.92,10703460.0,4.98,0.0236065,1.57269,921568.0
600028.SH,20260429,7756600,5.4,41885640.0,5.35,0.00818617,2.80575,9475250.0
600029.SH,20260429,590400,5.42,3199968.0,5.44,0.00438081,0.567078,1347700.0
600030.SH,20260429,881434,27.15,23930933.0,27.3,0.00723878,0.529991,1217660.0
600031.SH,20260429,356800,20.07,7160976.0,20.14,0.00421033,0.508486,847439.0
600032.SH,20260429,353000,10.27,3625310.0,10.51,0.0146797,0.288667,240468.0
600033.SH,20260429,88000,3.64,320320.0,3.65,0.00320653,0.46014,274440.0
600035.SH,20260429,26000,3.77,98020.0,3.78,0.00161479,0.323867,161012.0
600036.SH,20260429,3311500,38.91,128850465.0,39.6,0.0160527,5.01443,2062890.0
600037.SH,20260429,940600,7.73,7270838.0,7.49,0.0675826,8.19532,139178.0
600038.SH,20260429,17600,31.68,557568.0,31.68,0.00263105,0.266475,66893.5
600039.SH,20260429,135700,8.97,1217229.0,9.02,0.00156056,0.394249,869559.0
600048.SH,20260429,900200,5.99,5392198.0,6.03,0.00752019,0.873109,1197040.0
600050.SH,20260429,437800,4.52,1978856.0,4.53,0.0014127,0.247777,3099040.0
600051.SH,20260429,20400,7.51,153204.0,7.5,0.00656202,0.283069,31088.0
600052.SH,20260429,335600,4.17,1399452.0,4.19,0.0397539,0.414389,84419.5
600054.SH,20260429,36400,11.66,424424.0,11.66,0.00709137,0.416066,51330.0
600055.SH,20260429,41600,14.79,615264.0,14.65,0.00591698,0.846859,70306.1
600056.SH,20260429,69900,10.28,718572.0,10.28,0.00467449,0.358601,149535.0
600057.SH,20260429,222400,7.1,1579040.0,7.15,0.0106284,0.499214,209251.0
600058.SH,20260429,59100,10.68,631188.0,10.73,0.00551352,0.651219,107191.0
600059.SH,20260429,38900,8.92,346988.0,8.92,0.00426749,0.396616,91154.2
600060.SH,20260429,79700,24.35,1940695.0,24.51,0.00612997,0.567656,130017.0
600061.SH,20260429,208138,6.49,1350816.0,6.51,0.00325522,0.437604,639399.0
600062.SH,20260429,39900,17.88,713412.0,17.88,0.0038431,0.5832,103823.0
600063.SH,20260429,143200,6.96,996672.0,6.96,0.00692086,0.362475,206911.0
600064.SH,20260429,100800,8.02,808416.0,7.99,0.00582545,0.397131,173034.0
600066.SH,20260429,40700,35.68,1452176.0,35.63,0.00183835,0.185963,221394.0
600067.SH,20260429,41500,3.88,161020.0,3.91,0.00298203,0.168381,139167.0
600071.SH,20260429,11000,20.07,220770.0,20.23,0.00390661,0.271789,28157.4
600072.SH,20260429,191200,12.94,2474128.0,13.04,0.0176492,0.453269,108334.0
600073.SH,20260429,72200,5.78,417316.0,5.78,0.00769945,1.18752,93772.9
600075.SH,20260429,95200,7.02,668304.0,7.0,0.00557444,0.284598,170780.0
600076.SH,20260429,208700,3.37,703319.0,3.38,0.015522,1.2788,134454.0
600078.SH,20260429,56100,12.7,712470.0,12.73,0.00846699,0.179204,66257.3
600079.SH,20260429,18400,18.62,342608.0,18.6,0.00119234,0.218882,154318.0
600081.SH,20260429,3300,10.73,35409.0,10.79,0.000596717,0.120433,55302.6
600082.SH,20260429,492200,3.18,1565196.0,3.18,0.077593,1.70337,63433.5
600085.SH,20260429,9200,27.3,251160.0,27.32,0.000670813,0.19218,137147.0
600088.SH,20260429,36200,13.83,500646.0,13.72,0.00910219,1.21711,39770.6
600089.SH,20260429,528751,26.85,14196964.0,26.84,0.0104645,0.368895,505279.0
600094.SH,20260429,98100,4.76,466956.0,4.76,0.0046138,0.340699,212623.0
600095.SH,20260429,151500,8.72,1321080.0,8.82,0.00529871,0.46067,285919.0
600096.SH,20260429,252500,35.23,8895575.0,35.65,0.0138509,0.34605,182299.0
600097.SH,20260429,258500,10.11,2613435.0,10.78,0.10729,8.44258,24093.7
600098.SH,20260429,96700,7.2,696240.0,7.24,0.00275824,0.310208,350586.0
600099.SH,20260429,11800,11.22,132396.0,11.13,0.00538518,0.2038,21912.0
600100.SH,20260429,1531900,8.08,12377752.0,8.45,0.0457243,3.74945,335030.0
600101.SH,20260429,48900,9.54,466506.0,9.55,0.0089256,0.214168,54786.2
600103.SH,20260429,1762900,4.56,8038824.0,4.54,0.0796853,0.368398,221233.0
600104.SH,20260429,203100,13.57,2756067.0,13.6,0.00176681,0.554298,1149530.0
600105.SH,20260429,1663050,44.61,74188661.0,44.85,0.113752,0.99549,146199.0
600106.SH,20260429,5200,6.09,31668.0,6.09,0.000391264,0.0298802,132902.0
600107.SH,20260429,0,,0.0,5.83,0.0,0.0,36000.0
600108.SH,20260429,101300,4.15,420395.0,4.18,0.0052031,0.123358,194692.0
600109.SH,20260429,337900,8.78,2966762.0,8.82,0.00911921,1.00677,370536.0
600110.SH,20260429,1646600,10.4,17124640.0,10.56,0.094895,0.702883,173518.0
600111.SH,20260429,1593100,47.5,75672250.0,46.32,0.0440684,1.98482,361507.0
600113.SH,20260429,7900,44.57,352103.0,44.58,0.00192013,0.212693,41143.1
600114.SH,20260429,46900,32.6,1528940.0,32.6,0.0076089,0.270275,61638.3
600115.SH,20260429,398400,4.3,1713120.0,4.32,0.00234009,0.274365,1702500.0
600116.SH,20260429,95200,6.52,620704.0,6.55,0.00497871,0.376045,191214.0
600117.SH,20260429,24800,2.54,62992.0,2.55,0.000761878,0.217227,325512.0
600118.SH,20260429,441960,96.01,42432580.0,96.99,0.0373754,0.533302,118249.0
600119.SH,20260429,916300,5.84,5351192.0,6.02,0.250855,6.70237,36527.0
600120.SH,20260429,472100,5.63,2657923.0,5.69,0.0138228,0.624838,341538.0
600121.SH,20260429,188900,4.2,793380.0,4.2,0.0155038,0.432093,121841.0
600123.SH,20260429,240900,6.8,1638120.0,6.85,0.0163517,0.615625,147324.0
600125.SH,20260429,83000,6.06,502980.0,6.04,0.00635761,0.50473,130552.0
600126.SH,20260429,699700,9.03,6318291.0,9.15,0.0207184,0.24404,337719.0
600127.SH,20260429,121600,6.75,820800.0,6.77,0.0189472,0.524469,64178.3
600128.SH,20260429,210600,10.38,2186028.0,10.62,0.0853435,4.93289,24676.8
600129.SH,20260429,23400,15.51,362934.0,15.51,0.0042436,0.459021,55141.8
600131.SH,20260429,59100,16.86,996426.0,16.81,0.00494186,0.286312,119591.0
600132.SH,20260429,35800,56.09,2008022.0,56.09,0.00739713,0.88374,48397.1
600133.SH,20260429,46900,8.73,409437.0,8.79,0.00439864,0.129136,106624.0
600135.SH,20260429,89500,10.12,905740.0,9.98,0.0161755,0.455367,55330.7
600136.SH,20260429,51000,1.78,90780.0,1.78,0.00262469,0.209815,194309.0
600137.SH,20260429,17300,23.44,405512.0,23.44,0.0177951,0.431518,9721.76
600138.SH,20260429,39100,9.02,352682.0,9.03,0.00540175,0.544354,72384.0
600141.SH,20260429,577700,31.1,17966470.0,32.69,0.048072,1.8892,120174.0
600143.SH,20260429,128800,16.5,2125200.0,16.61,0.00488837,0.30024,263483.0
600148.SH,20260429,73900,18.9,1396710.0,19.11,0.0522201,1.92357,14151.6
600149.SH,20260429,119600,6.28,751088.0,6.3,0.0314604,0.466576,38016.0
600150.SH,20260429,1061004,41.0,43501164.0,41.32,0.0140986,0.613715,752562.0
600151.SH,20260429,440000,13.35,5874000.0,13.7,0.030678,0.50639,143425.0
600152.SH,20260429,3605700,15.2,54806640.0,15.69,0.681505,3.4177,52907.9
600153.SH,20260429,217100,9.57,2077647.0,9.5,0.0074874,0.971179,289954.0
600155.SH,20260429,88910,6.09,541462.0,6.09,0.00401664,0.420632,221354.0
600156.SH,20260429,3136800,10.15,31838520.0,10.15,0.780084,4.70084,40211.1
600157.SH,20260429,3305000,1.74,5750700.0,1.75,0.0151482,0.480096,2181780.0
600158.SH,20260429,628400,10.08,6334272.0,10.2,0.0654915,1.14945,95951.3
600159.SH,20260429,68400,3.11,212724.0,3.14,0.00824093,0.241866,83000.3
600160.SH,20260429,667500,36.82,24577350.0,36.22,0.0247245,1.60694,269975.0
600161.SH,20260429,38700,14.36,555732.0,14.36,0.00195714,0.526075,197737.0
600162.SH,20260429,93800,1.72,161336.0,1.73,0.00286987,0.364194,326844.0
600163.SH,20260429,343600,6.13,2106268.0,6.25,0.0180557,0.547298,190300.0
600165.SH,20260429,83200,3.41,283712.0,3.43,0.011352,1.28445,73291.4
600166.SH,20260429,651700,3.62,2359154.0,3.64,0.00823124,0.174384,791740.0
600167.SH,20260429,53000,6.78,359340.0,6.83,0.00234219,0.546766,226284.0
600168.SH,20260429,17700,5.02,88854.0,5.01,0.00178176,0.285383,99339.8
600169.SH,20260429,46100,2.37,109257.0,2.38,0.00138308,0.370426,333314.0
600170.SH,20260429,379600,2.65,1005940.0,2.65,0.00427192,0.321014,888594.0
600171.SH,20260429,58100,28.34,1646554.0,28.59,0.00819553,0.32124,70892.3
600172.SH,20260429,176300,7.99,1408637.0,7.99,0.0138138,0.160614,127626.0
600173.SH,20260429,32100,7.23,232083.0,7.3,0.00458299,0.210156,70041.6
600176.SH,20260429,855800,34.18,29251244.0,34.5,0.0213782,0.604484,400314.0
600177.SH,20260429,164500,7.47,1228815.0,7.45,0.00355796,0.69056,462344.0
600178.SH,20260429,33100,10.28,340268.0,10.38,0.00709575,0.590547,46647.6
600179.SH,20260429,76500,4.27,326655.0,4.26,0.0019807,0.237475,386228.0
600182.SH,20260429,2300,14.69,33787.0,14.68,0.00135294,0.103895,17000.0
600183.SH,20260429,674300,76.66,51691838.0,76.62,0.0281603,1.06614,239450.0
600184.SH,20260429,242600,22.0,5337200.0,22.16,0.0416318,0.510272,58272.7
600185.SH,20260429,111100,5.81,645491.0,5.84,0.00589388,0.433605,188501.0
600186.SH,20260429,2892643,9.85,28492534.0,9.84,0.161678,0.830134,178914.0
600187.SH,20260429,561800,1.75,983150.0,1.76,0.0348127,1.50612,161378.0
600188.SH,20260429,375600,21.13,7936428.0,21.46,0.00630058,0.599124,596135.0
600189.SH,20260429,158700,8.4,1333080.0,8.4,0.0221897,1.27363,71519.8
600191.SH,20260429,20000,12.76,255200.0,12.87,0.00412429,0.188402,48493.2
600192.SH,20260429,25000,8.13,203250.0,8.12,0.00565934,0.501415,44174.8
600195.SH,20260429,7800,7.54,58812.0,7.54,0.000763846,0.0587991,102115.0
600196.SH,20260429,148800,25.46,3788448.0,25.3,0.00702387,0.909392,211849.0
600197.SH,20260429,21300,12.18,259434.0,12.22,0.00450151,0.453726,47317.5
600198.SH,20260429,37100,7.88,292348.0,7.94,0.00284957,0.191106,130195.0
600199.SH,20260429,28900,7.92,228888.0,7.92,0.00439345,0.288064,65779.7
600201.SH,20260429,73100,13.66,998546.0,13.58,0.00657523,0.379506,111175.0
600202.SH,20260429,20800,6.17,128336.0,6.17,0.00542598,0.177842,38334.1
600203.SH,20260429,77700,12.09,939393.0,12.18,0.0131031,0.250248,59298.8
600206.SH,20260429,474887,26.51,12589254.0,26.63,0.0560965,0.471351,84655.3
600207.SH,20260429,215100,5.62,1208862.0,5.71,0.0197464,0.812352,108931.0
600208.SH,20260429,1548300,4.09,6332547.0,4.11,0.0181982,0.429399,850798.0
600210.SH,20260429,1578000,7.13,11251140.0,6.86,0.104039,9.15681,151674.0
600211.SH,20260429,27600,40.6,1120560.0,40.05,0.00856294,1.47086,32231.9
600212.SH,20260429,51600,7.38,380808.0,7.43,0.00971422,0.307131,53118.0
600215.SH,20260429,4000,6.46,25840.0,6.49,0.000875498,0.0342152,45688.3
600216.SH,20260429,29600,14.53,430088.0,14.61,0.00311124,0.138106,95138.9
600217.SH,20260429,108600,3.75,407250.0,3.75,0.00655143,0.911585,165765.0
600218.SH,20260429,6100,9.31,56791.0,9.39,0.00140037,0.0928607,43560.0
600219.SH,20260429,2850300,5.23,14907069.0,5.29,0.0248204,1.11968,1148370.0
600221.SH,20260429,981300,1.43,1403259.0,1.43,0.00229032,0.451692,4284550.0
600222.SH,20260429,30400,6.97,211888.0,6.98,0.00529722,0.247258,57388.6
600223.SH,20260429,15300,6.54,100062.0,6.55,0.00150506,0.196678,101657.0
600226.SH,20260429,72500,5.23,379175.0,5.25,0.00243748,0.117579,297438.0
600227.SH,20260429,11339200,4.07,46150544.0,4.05,0.887539,4.42743,127760.0
600228.SH,20260429,500,5.96,2980.0,5.96,0.000120182,0.0072839,41603.7
600229.SH,20260429,13100,6.09,79779.0,6.07,0.00198272,0.417071,66070.8
600230.SH,20260429,24000,19.28,462720.0,19.23,0.00579765,0.199875,41396.1
600231.SH,20260429,161500,2.24,361760.0,2.24,0.00569387,0.538197,283638.0
600232.SH,20260429,20200,8.48,171296.0,8.48,0.00553852,0.200918,36471.9
600233.SH,20260429,50000,21.74,1087000.0,21.85,0.00146083,0.148701,342271.0
600234.SH,20260429,108500,23.6,2560600.0,23.78,0.04133,0.758221,26252.1
600235.SH,20260429,81100,6.69,542559.0,6.71,0.0230857,1.04798,35130.0
600236.SH,20260429,302600,10.08,3050208.0,10.16,0.00383894,1.20267,788238.0
600237.SH,20260429,38200,8.84,337688.0,8.9,0.00611576,0.166294,62461.6
600238.SH,20260429,986800,5.76,5683968.0,5.49,0.221618,12.1518,44527.2
600241.SH,20260429,4800,9.61,46128.0,9.64,0.00163098,0.0448198,29430.2
600243.SH,20260429,51700,4.01,207317.0,3.82,0.0117808,0.578461,43885.0
600246.SH,20260429,577500,10.14,5855850.0,10.22,0.0305489,0.614785,189041.0
600248.SH,20260429,5405600,3.61,19514216.0,3.7,0.145871,19.0894,370574.0
600249.SH,20260429,218600,5.94,1298484.0,6.02,0.0397455,1.56198,55000.0
600250.SH,20260429,63600,10.61,674796.0,10.68,0.020333,0.377344,31279.1
600251.SH,20260429,127600,12.15,1550340.0,12.04,0.0164223,0.641904,77699.4
600252.SH,20260429,47900,2.46,117834.0,2.46,0.00150432,0.172381,318416.0
600255.SH,20260429,166700,3.61,601787.0,3.6,0.00922959,0.383269,180615.0
600256.SH,20260429,1063000,6.5,6909500.0,6.5,0.0166302,0.365813,639200.0
600257.SH,20260429,55300,6.12,338436.0,6.1,0.0114912,0.436975,48123.7
600258.SH,20260429,415300,15.18,6304254.0,14.75,0.0371932,2.68144,111660.0
600259.SH,20260429,71200,87.55,6233560.0,86.0,0.021163,0.43305,33643.6
600261.SH,20260429,62800,3.91,245548.0,3.93,0.00470393,0.110634,133505.0
600262.SH,20260429,230900,24.42,5638578.0,23.36,0.135824,2.91765,17000.0
600265.SH,20260429,215600,23.79,5129124.0,22.66,0.166102,17.925,12980.0
600266.SH,20260429,162500,4.78,776750.0,4.76,0.00782852,0.550013,207574.0
600267.SH,20260429,144412,11.44,1652073.0,11.52,0.0120468,0.391218,119876.0
600268.SH,20260429,69900,14.68,1026132.0,14.67,0.0069151,0.234271,101083.0
600269.SH,20260429,65400,4.41,288414.0,4.42,0.00280037,0.437467,233541.0
600271.SH,20260429,52300,8.06,421538.0,8.07,0.00282263,0.292197,185288.0
600272.SH,20260429,3400,12.1,41140.0,12.13,0.002125,0.156469,16000.0
600273.SH,20260429,35800,8.26,295708.0,8.27,0.0027301,0.155702,131131.0
600276.SH,20260429,398100,54.83,21827823.0,54.84,0.00624079,0.584762,637900.0
600278.SH,20260429,47400,7.01,332274.0,7.12,0.00543631,0.79211,87191.6
600279.SH,20260429,5500,4.81,26455.0,4.81,0.000463405,0.090344,118687.0
600280.SH,20260429,187200,3.04,569088.0,3.02,0.0165908,0.852324,112833.0
600281.SH,20260429,8600,5.52,47472.0,5.53,0.00167184,0.108632,51440.2
600282.SH,20260429,90700,5.37,487059.0,5.36,0.00147119,0.177583,616509.0
600283.SH,20260429,32000,9.2,294400.0,9.29,0.00588055,0.772845,54416.7
600284.SH,20260429,15600,7.13,111228.0,7.19,0.00160782,0.101767,97025.6
600285.SH,20260429,99300,22.43,2227299.0,22.57,0.0175483,1.00044,56586.5
600287.SH,20260429,9700,5.79,56163.0,5.8,0.00222072,0.136193,43679.6
600288.SH,20260429,9400,14.62,137428.0,14.71,0.00215201,0.115436,43680.0
600289.SH,20260429,888400,6.5,5774600.0,6.22,0.156983,10.8232,56592.3
600292.SH,20260429,31100,15.94,495734.0,15.88,0.00398301,0.211355,78081.7
600293.SH,20260429,30600,3.05,93330.0,3.07,0.0026376,0.115302,116015.0
600295.SH,20260429,12800,15.34,196352.0,15.33,0.000647912,0.164993,197558.0
600298.SH,20260429,37300,38.29,1428217.0,38.28,0.00435163,0.512242,85715.0
600299.SH,20260429,25200,13.8,347760.0,13.8,0.000939632,0.157014,268190.0
600300.SH,20260429,117100,3.49,408679.0,3.5,0.00724117,0.452252,161714.0
600301.SH,20260429,113400,48.66,5518044.0,49.18,0.0411861,0.683162,27533.6
600302.SH,20260429,32100,9.5,304950.0,9.56,0.00927719,0.271022,34601.0
600303.SH,20260429,104400,3.16,329904.0,3.2,0.0154528,0.459863,67560.4
600305.SH,20260429,17800,7.44,132432.0,7.44,0.0016138,0.315036,110299.0
600307.SH,20260429,228200,1.74,397068.0,1.75,0.00364341,0.326869,626336.0
600308.SH,20260429,102000,3.95,402900.0,3.95,0.00672437,0.307919,151687.0
600309.SH,20260429,51900,89.05,4621695.0,89.48,0.0016579,0.16232,313047.0
600310.SH,20260429,1007300,5.18,5217814.0,5.31,0.0687243,0.466044,146571.0
600312.SH,20260429,73600,21.77,1602272.0,21.53,0.00542404,0.240752,135692.0
600313.SH,20260429,78700,7.06,555622.0,7.1,0.00727223,0.198229,108220.0
600315.SH,20260429,44600,20.93,933478.0,20.8,0.00663467,0.691149,67222.6
600316.SH,20260429,16500,36.17,596805.0,36.15,0.00230089,0.109179,71711.5
600318.SH,20260429,25800,7.68,198144.0,7.73,0.00503191,0.255798,51272.8
600319.SH,20260429,9900,7.87,77913.0,7.83,0.00255346,0.172332,38770.9
600320.SH,20260429,5760300,5.31,30587193.0,5.41,0.173399,7.82283,332200.0
600322.SH,20260429,86600,2.44,211304.0,2.45,0.00783214,0.571959,110570.0
600323.SH,20260429,168100,31.79,5343899.0,31.33,0.020617,1.39871,81534.7
600325.SH,20260429,208800,3.43,716184.0,3.42,0.00758679,0.483548,275215.0
600326.SH,20260429,151100,9.08,1371988.0,9.06,0.0110902,0.578772,136246.0
600327.SH,20260429,98000,3.81,373380.0,3.77,0.0110762,0.73468,88478.0
600328.SH,20260429,98800,8.66,855608.0,8.66,0.006738,0.304432,146631.0
600329.SH,20260429,14200,39.88,566296.0,39.89,0.00250401,0.521059,56708.9
600330.SH,20260429,2883000,25.8,74381400.0,26.42,0.233738,1.15697,123343.0
600331.SH,20260429,314000,17.28,5425920.0,17.28,0.0154528,0.459805,203200.0
600332.SH,20260429,70100,22.85,1601785.0,22.96,0.00498616,0.655172,140589.0
600333.SH,20260429,317800,5.81,1846418.0,5.9,0.0521813,1.62526,60903.1
600335.SH,20260429,58800,5.91,347508.0,5.94,0.00393104,0.533715,149579.0
600336.SH,20260429,21000,7.15,150150.0,7.13,0.00263153,0.198573,79801.5
600337.SH,20260429,1081800,2.68,2899224.0,2.72,0.0752819,1.43184,143700.0
600338.SH,20260429,1320894,25.24,33339365.0,25.1,0.144485,1.07229,91421.0
600339.SH,20260429,707900,3.98,2817442.0,4.0,0.0126792,0.569727,558315.0
600340.SH,20260429,1073900,1.23,1320897.0,1.24,0.0275829,1.1487,389336.0
600343.SH,20260429,97600,32.5,3172000.0,32.84,0.0152929,0.210927,63820.6
600345.SH,20260429,93800,51.55,4835390.0,52.53,0.0443375,0.521135,21155.9
600346.SH,20260429,579000,21.48,12436920.0,21.56,0.00822548,1.31458,703910.0
600348.SH,20260429,149800,10.11,1514478.0,10.21,0.00415246,0.218111,360750.0
600350.SH,20260429,9300,11.1,103230.0,11.07,0.000192365,0.149233,483457.0
600351.SH,20260429,161900,6.87,1112253.0,6.91,0.023396,0.691043,69200.0
600352.SH,20260429,133100,13.14,1748934.0,13.18,0.00409119,0.283156,325333.0
600353.SH,20260429,63000,17.6,1108800.0,17.7,0.00760125,0.158266,82881.1
600354.SH,20260429,58100,6.01,349181.0,6.06,0.0110079,0.347436,52780.2
600356.SH,20260429,9300,9.38,87234.0,9.44,0.00311316,0.118842,29873.1
600358.SH,20260429,10400,5.88,61152.0,5.88,0.00205966,0.104818,50493.7
600359.SH,20260429,142700,7.21,1028867.0,7.13,0.0374037,1.67291,38151.3
600360.SH,20260429,47700,9.78,466506.0,9.75,0.00496722,0.241343,96029.5
600361.SH,20260429,141300,4.46,630198.0,4.48,0.0037855,0.224024,373266.0
600362.SH,20260429,162700,44.0,7158800.0,44.28,0.00784003,0.523514,207525.0
600363.SH,20260429,28600,51.35,1468610.0,51.72,0.00634303,0.438411,45088.8
600365.SH,20260429,100000,3.05,305000.0,3.07,0.0234039,2.20812,42728.0
600366.SH,20260429,78300,12.71,995193.0,12.8,0.00712439,0.301549,109904.0
600367.SH,20260429,82000,21.15,1734300.0,21.11,0.025468,0.234936,32197.3
600368.SH,20260429,21100,3.88,81868.0,3.88,0.00131084,0.210128,160965.0
600369.SH,20260429,312200,4.15,1295630.0,4.16,0.00469819,1.15085,664511.0
600371.SH,20260429,64400,8.64,556416.0,8.56,0.0220112,1.44473,29257.8
600372.SH,20260429,96000,12.9,1238400.0,12.93,0.00198392,0.278187,483890.0
600373.SH,20260429,40400,8.23,332492.0,8.26,0.00299846,0.491866,134736.0
600375.SH,20260429,131800,5.28,695904.0,5.32,0.00901082,0.651499,146269.0
600376.SH,20260429,72600,4.25,308550.0,4.28,0.00281443,0.182472,257957.0
600377.SH,20260429,12100,12.18,147378.0,12.18,0.000318238,0.154528,380218.0
600378.SH,20260429,68200,35.3,2407460.0,35.59,0.00635859,0.407062,107257.0
600379.SH,20260429,1844800,14.6,26934080.0,13.86,0.558689,9.39667,33020.2
600380.SH,20260429,23900,10.89,260271.0,10.88,0.0013064,0.214092,182945.0
600381.SH,20260429,836900,3.42,2862198.0,3.26,0.142558,5.97225,58706.1
600382.SH,20260429,15300,8.41,128673.0,8.45,0.00220332,0.0680655,69440.8
600383.SH,20260429,2168700,2.73,5920551.0,2.7,0.0480377,4.88779,451458.0
600386.SH,20260429,15300,4.05,61965.0,4.05,0.00189732,0.160172,80640.0
600388.SH,20260429,36800,18.27,672336.0,18.23,0.00289753,0.163542,127005.0
600389.SH,20260429,13700,29.36,402232.0,29.31,0.00318124,0.174832,43065.0
600390.SH,20260429,232200,5.08,1179576.0,5.1,0.00516222,1.01427,449807.0
600391.SH,20260429,33500,35.3,1182550.0,35.12,0.0101475,0.184724,33012.9
600392.SH,20260429,272300,24.02,6540646.0,23.81,0.0155349,0.378986,175283.0
600395.SH,20260429,819500,5.65,4630175.0,5.82,0.0381762,2.17791,214662.0
600396.SH,20260429,4579000,10.1,46247900.0,10.8,0.310924,1.25531,147271.0
600397.SH,20260429,103600,13.22,1369592.0,13.2,0.0104651,0.212864,98996.0
600398.SH,20260429,66100,6.39,422379.0,6.4,0.00137629,0.22805,480277.0
600399.SH,20260429,66900,5.5,367950.0,5.53,0.00339232,0.172989,197210.0
600400.SH,20260429,1051500,2.41,2534115.0,2.44,0.0458895,1.11813,229137.0
600403.SH,20260429,59600,5.77,343892.0,5.8,0.00249288,0.287356,239081.0
600405.SH,20260429,6000,5.15,30900.0,5.17,0.000983414,0.0537657,61011.9
600406.SH,20260429,441000,26.26,11580660.0,26.07,0.00550687,0.570728,800818.0
600408.SH,20260429,359100,3.28,1177848.0,3.28,0.0356675,0.670329,100680.0
600409.SH,20260429,90100,7.72,695572.0,7.75,0.00436457,0.159185,206435.0
600410.SH,20260429,4766686,21.82,104009089.0,23.4,0.43472,3.11916,109649.0
600415.SH,20260429,634900,13.77,8742573.0,13.78,0.0115782,0.348568,548356.0
600416.SH,20260429,47900,12.32,590128.0,12.35,0.00324574,0.187793,147578.0
600418.SH,20260429,789600,48.0,37900800.0,47.96,0.0361537,1.69616,218401.0
600419.SH,20260429,9300,9.38,87234.0,9.38,0.00294759,0.126117,31551.2
600420.SH,20260429,118000,9.53,1124540.0,9.56,0.00879827,1.54244,134117.0
600421.SH,20260429,22000,4.08,89760.0,4.29,0.0112474,11.6736,19560.0
600422.SH,20260429,154700,9.31,1440257.0,9.49,0.0204366,1.32918,75697.6
600423.SH,20260429,733300,2.91,2133903.0,2.92,0.0918123,1.23726,79869.5
600425.SH,20260429,35800,4.07,145706.0,4.07,0.00223094,0.191554,160470.0
600426.SH,20260429,53300,38.8,2068040.0,38.99,0.00251071,0.190182,212291.0
600428.SH,20260429,557300,8.88,4948824.0,9.03,0.0227908,1.92829,244529.0
600429.SH,20260429,253200,5.62,1422984.0,5.72,0.0169075,0.672315,149756.0
600433.SH,20260429,2901800,4.32,12535776.0,4.52,0.165791,2.08223,175028.0
600435.SH,20260429,109100,14.11,1539401.0,14.1,0.0072139,0.501948,151236.0
600436.SH,20260429,8900,139.19,1238791.0,139.25,0.00147518,0.310069,60331.7
600438.SH,20260429,333100,17.01,5666031.0,17.23,0.00739895,0.54922,450199.0
600439.SH,20260429,206400,2.54,524256.0,2.56,0.0182335,1.19321,113199.0
600444.SH,20260429,262300,16.45,4314835.0,17.75,0.17914,9.57558,14642.2
600446.SH,20260429,87400,13.43,1173782.0,13.45,0.00928535,0.245105,94126.8
600448.SH,20260429,95600,3.4,325040.0,3.4,0.0151789,0.399603,62982.0
600449.SH,20260429,4300,12.78,54954.0,12.84,0.000899241,0.0808017,47818.1
600452.SH,20260429,338200,11.74,3970468.0,11.46,0.0220105,1.08481,153654.0
600455.SH,20260429,64500,26.61,1716345.0,25.78,0.103269,4.25156,6245.8
600456.SH,20260429,81700,33.17,2709989.0,33.17,0.0171,0.739054,47777.8
600458.SH,20260429,48900,11.57,565773.0,11.65,0.00567162,0.456328,86218.7
600459.SH,20260429,60500,19.93,1205765.0,20.04,0.0079636,0.293629,75970.6
600460.SH,20260429,362300,28.1,10180630.0,28.44,0.0217719,0.816759,166407.0
600461.SH,20260429,25400,10.53,267462.0,10.51,0.00197795,0.260214,128416.0
600463.SH,20260429,33100,10.48,346888.0,10.43,0.0110333,1.03614,30000.0
600467.SH,20260429,284600,2.32,660272.0,2.33,0.0194799,1.0142,146099.0
600468.SH,20260429,303600,7.41,2249676.0,7.61,0.0279112,0.904633,108774.0
600469.SH,20260429,45600,6.43,293208.0,6.47,0.00625128,0.317159,72945.1
600470.SH,20260429,213500,6.99,1492365.0,6.99,0.0409318,0.555592,52160.0
600475.SH,20260429,48600,16.88,820368.0,17.11,0.00515439,0.474522,94288.6
600477.SH,20260429,53800,2.95,158710.0,2.97,0.00228066,0.153016,235897.0
600478.SH,20260429,324000,7.81,2530440.0,7.87,0.0194531,0.609542,166554.0
600479.SH,20260429,285600,10.8,3084480.0,10.58,0.0682426,5.19576,41850.7
600480.SH,20260429,93800,10.06,943628.0,10.06,0.00773356,0.249969,121290.0
600481.SH,20260429,146600,6.0,879600.0,6.04,0.00710209,0.260517,206418.0
600482.SH,20260429,139400,38.75,5401750.0,39.4,0.00614572,0.250011,226825.0
600483.SH,20260429,120600,9.73,1173438.0,9.75,0.00433791,0.364741,278014.0
600486.SH,20260429,21300,74.79,1593027.0,74.79,0.00527243,0.328791,40398.9
600487.SH,20260429,1167634,67.0,78231478.0,68.29,0.0477525,0.519209,244518.0
600488.SH,20260429,4602000,6.18,28440360.0,6.18,0.421472,2.87068,109189.0
600489.SH,20260429,962000,25.35,24386700.0,25.27,0.019846,1.78343,484731.0
600490.SH,20260429,216000,8.09,1747440.0,8.15,0.01084,0.369596,199262.0
600491.SH,20260429,1496700,1.89,2828763.0,1.93,0.097839,1.78405,152976.0
600493.SH,20260429,19700,7.28,143416.0,7.3,0.00724265,0.186607,27200.0
600495.SH,20260429,390700,4.19,1637033.0,4.31,0.0323376,2.95912,120819.0
600496.SH,20260429,2139700,4.09,8751373.0,4.09,0.107516,2.47967,199013.0
600497.SH,20260429,859700,8.73,7505181.0,8.73,0.0170563,0.587629,504038.0
600498.SH,20260429,348676,51.31,17890566.0,52.3,0.0274198,0.291293,127162.0
600499.SH,20260429,108100,19.52,2110112.0,19.61,0.0056365,0.235942,191786.0
600500.SH,20260429,282500,4.38,1237350.0,4.45,0.00787279,0.78735,358831.0
600501.SH,20260429,3100,23.0,71300.0,23.16,0.000724597,0.0439023,42782.4
600502.SH,20260429,104132,5.36,558148.0,5.39,0.00606641,0.203969,171653.0
600503.SH,20260429,301400,2.47,744458.0,2.48,0.0188106,0.844213,160229.0
600505.SH,20260429,14100,13.29,187389.0,13.31,0.0038676,0.134415,36456.8
600506.SH,20260429,92800,22.22,2062016.0,22.31,0.0483286,1.45229,19201.9
600507.SH,20260429,117800,5.91,696198.0,5.91,0.00509254,0.250907,231319.0
600508.SH,20260429,31900,13.63,434797.0,13.65,0.00441389,0.343587,72271.8
600509.SH,20260429,72600,7.88,572088.0,7.9,0.00528231,0.215886,137440.0
600510.SH,20260429,42300,11.01,465723.0,11.09,0.00409874,0.149773,103203.0
600511.SH,20260429,26000,28.8,748800.0,28.76,0.00469868,0.444622,55334.6
600512.SH,20260429,143900,2.43,349677.0,2.45,0.00906511,0.417276,158741.0
600513.SH,20260429,146700,20.8,3051360.0,20.57,0.0513914,1.14996,28545.6
600515.SH,20260429,358617,3.53,1265918.0,3.55,0.0039082,0.297856,917601.0
600516.SH,20260429,122000,5.36,653920.0,5.37,0.00303033,0.180786,402597.0
600517.SH,20260429,85800,6.28,538824.0,6.28,0.00150041,0.385899,571844.0
600518.SH,20260429,357800,1.71,611838.0,1.71,0.00258856,0.350926,1382240.0
600519.SH,20260429,22100,1405.0,31050500.0,1405.0,0.00176479,0.487053,125227.0
600520.SH,20260429,43900,28.64,1257296.0,28.8,0.0277094,0.40678,15843.0
600521.SH,20260429,43600,15.73,685828.0,15.8,0.002912,0.263033,149725.0
600522.SH,20260429,1586774,34.2,54267671.0,35.0,0.0464927,0.566615,341295.0
600523.SH,20260429,400,13.5,5400.0,13.52,9.8999e-05,0.0108088,40404.5
600525.SH,20260429,821300,5.41,4443233.0,5.17,0.0622772,7.95416,131878.0
600526.SH,20260429,38800,5.48,212624.0,5.54,0.00444441,0.228372,87300.7
600527.SH,20260429,896700,2.77,2483859.0,2.75,0.0517797,0.625579,173176.0
600528.SH,20260429,66600,7.73,514818.0,7.73,0.0029979,0.480937,222155.0
600529.SH,20260429,14800,18.98,280904.0,18.94,0.00223021,0.224985,66361.4
600530.SH,20260429,7700,5.08,39116.0,5.1,0.000993651,0.075039,77492.0
600531.SH,20260429,1524700,14.69,22397843.0,15.88,0.126085,1.53803,120926.0
600533.SH,20260429,54400,2.41,131104.0,2.42,0.00518095,0.332849,105000.0
600535.SH,20260429,27800,15.11,420058.0,15.11,0.00186084,0.155523,149395.0
600536.SH,20260429,24100,36.57,881337.0,36.61,0.00285661,0.19685,84365.6
600538.SH,20260429,56100,6.83,383163.0,6.9,0.0107021,0.223205,52419.8
600539.SH,20260429,55900,16.91,945269.0,17.08,0.0243043,0.323566,23000.0
600540.SH,20260429,66900,4.87,325803.0,4.89,0.0115072,0.362221,58137.7
600543.SH,20260429,159100,4.96,789136.0,4.98,0.0495453,1.12761,32112.0
600545.SH,20260429,2176000,4.98,10836480.0,4.94,0.121706,1.42604,178791.0
600546.SH,20260429,141600,13.37,1893192.0,13.55,0.00714266,0.379914,198246.0
600547.SH,20260429,278100,34.47,9586107.0,34.79,0.00769413,0.564218,361444.0
600548.SH,20260429,14100,9.09,128169.0,9.05,0.000822433,0.4143,171443.0
600549.SH,20260429,232300,55.06,12790438.0,54.97,0.0149492,0.30315,155393.0
600550.SH,20260429,184395,14.98,2762237.0,15.03,0.0100131,0.330348,184153.0
600551.SH,20260429,9400,8.2,77080.0,8.17,0.00138632,0.25957,67805.5
600552.SH,20260429,202900,15.2,3084080.0,15.34,0.0214798,0.262084,94460.7
600556.SH,20260429,423100,5.85,2475135.0,5.92,0.0234048,1.09067,180775.0
600557.SH,20260429,15200,13.91,211432.0,13.93,0.00268476,0.219499,56615.9
600558.SH,20260429,376000,5.6,2105600.0,5.59,0.0418893,1.96225,89760.5
600559.SH,20260429,39600,13.7,542520.0,13.69,0.004354,0.219493,90950.9
600560.SH,20260429,10500,14.11,148155.0,14.19,0.00469493,0.443476,22364.6
600561.SH,20260429,83200,6.85,569920.0,6.91,0.0292467,1.49412,28447.7
600562.SH,20260429,35400,27.88,986952.0,27.5,0.00285057,0.220381,124186.0
600563.SH,20260429,32399,113.0,3661087.0,114.49,0.0143996,0.476507,22500.0
600566.SH,20260429,27900,26.92,751068.0,26.72,0.00303739,0.380834,91855.2
600567.SH,20260429,877500,1.42,1246050.0,1.42,0.0139121,1.09994,630745.0
600568.SH,20260429,300,2.69,807.0,2.69,1.79741e-05,0.00266896,166907.0
600569.SH,20260429,58600,2.13,124818.0,2.14,0.00204009,0.281596,287242.0
600570.SH,20260429,49200,26.15,1286580.0,26.14,0.00259816,0.221553,189365.0
600571.SH,20260429,15000,12.7,190500.0,12.75,0.00327689,0.176981,45775.2
600572.SH,20260429,420500,4.42,1858610.0,4.44,0.0166189,0.573375,253025.0
600573.SH,20260429,72500,13.43,973675.0,13.43,0.029,0.510052,25000.0
600575.SH,20260429,258400,3.68,950912.0,3.7,0.00664906,0.313468,388626.0
600576.SH,20260429,13300,5.75,76475.0,5.78,0.00201396,0.112643,66039.0
600577.SH,20260429,95900,12.22,1171898.0,12.22,0.0044582,0.206368,215109.0
600578.SH,20260429,167700,4.84,811668.0,4.86,0.002505,0.272192,669462.0
600579.SH,20260429,133800,7.5,1003500.0,7.92,0.0271069,2.7704,49360.1
600580.SH,20260429,72900,36.51,2661579.0,36.77,0.00468018,0.270008,155763.0
600581.SH,20260429,227200,2.81,638432.0,2.82,0.0148216,0.822903,153290.0
600582.SH,20260429,727700,5.7,4147890.0,5.74,0.0175833,3.0414,413859.0
600583.SH,20260429,99900,6.75,674325.0,6.75,0.00225949,0.20086,442135.0
600584.SH,20260429,784500,44.2,34674900.0,45.1,0.0438412,0.991088,178941.0
600585.SH,20260429,91100,21.17,1928587.0,21.2,0.00227767,0.295843,399970.0
600586.SH,20260429,1184900,5.6,6635440.0,5.52,0.0836004,2.78188,141734.0
600587.SH,20260429,17000,13.57,230690.0,13.59,0.0028023,0.25608,60664.5
600588.SH,20260429,69800,11.72,818056.0,11.72,0.00204273,0.158407,341700.0
600589.SH,20260429,538000,9.5,5111000.0,9.67,0.036389,0.395144,147847.0
600590.SH,20260429,140000,15.55,2177000.0,15.83,0.0165961,0.216912,84357.0
600592.SH,20260429,5200,18.55,96460.0,18.55,0.00130145,0.0726163,39955.4
600593.SH,20260429,38000,33.9,1288200.0,32.71,0.0295031,1.07678,12880.0
600594.SH,20260429,359400,4.2,1509480.0,4.21,0.0453829,0.430963,79192.7
600595.SH,20260429,197200,7.83,1544076.0,7.82,0.00492028,0.217741,400790.0
600596.SH,20260429,128400,12.35,1585740.0,12.47,0.00951395,0.571886,134960.0
600597.SH,20260429,43200,7.33,316656.0,7.36,0.00313394,0.775732,137846.0
600598.SH,20260429,381900,16.05,6129495.0,15.87,0.0214831,1.83513,177768.0
600599.SH,20260429,190700,3.95,753265.0,4.16,0.11488,4.82368,16600.0
600600.SH,20260429,40900,63.2,2584880.0,63.15,0.00576766,0.873226,70912.6
600601.SH,20260429,1446700,11.36,16434512.0,11.6,0.0346906,0.688246,417029.0
600602.SH,20260429,302500,21.38,6467450.0,21.59,0.0281578,0.520051,107430.0
600603.SH,20260429,250600,5.74,1438444.0,5.9,0.0210001,1.10092,119333.0
600604.SH,20260429,16000,4.73,75680.0,4.75,0.0011368,0.104161,140745.0
600605.SH,20260429,43500,31.0,1348500.0,31.53,0.0210876,0.532588,20628.2
600606.SH,20260429,9796849,1.42,13911526.0,1.34,0.0697075,8.30143,1405420.0
600608.SH,20260429,3239800,1.87,6058426.0,1.97,1.01762,88.3377,31837.1
600609.SH,20260429,11100,3.92,43512.0,3.94,0.000850863,0.0784308,130456.0
600610.SH,20260429,20500,9.18,188190.0,9.23,0.00289251,0.100023,70872.7
600611.SH,20260429,46800,4.61,215748.0,4.63,0.00299364,0.236183,156332.0
600612.SH,20260429,11500,39.45,453675.0,39.32,0.00362651,0.80859,31711.0
600613.SH,20260429,47500,5.85,277875.0,5.88,0.00990987,0.454646,47932.0
600615.SH,20260429,11800,11.32,133576.0,11.36,0.00523825,0.372865,22526.6
600616.SH,20260429,1500,4.98,7470.0,4.98,0.000224214,0.0200078,66900.5
600617.SH,20260429,189100,3.43,648613.0,3.46,0.0106503,0.376253,177554.0
600618.SH,20260429,194200,12.7,2466340.0,13.02,0.0258989,1.48586,74984.0
600619.SH,20260429,128200,17.34,2222988.0,17.54,0.0162448,0.565475,78917.5
600620.SH,20260429,10100,6.06,61206.0,6.04,0.00147085,0.1775,68667.7
600621.SH,20260429,44500,13.91,618995.0,14.0,0.00419455,0.50143,106090.0
600622.SH,20260429,56900,2.55,145095.0,2.55,0.00379413,0.394305,149969.0
600623.SH,20260429,725500,10.8,7835400.0,10.81,0.038672,3.02522,187603.0
600624.SH,20260429,42600,4.25,181050.0,4.3,0.00627073,0.813141,67934.7
600626.SH,20260429,16800,3.85,64680.0,3.88,0.00151627,0.151005,110798.0
600628.SH,20260429,12100,7.01,84821.0,7.03,0.00187053,0.13236,64687.5
600629.SH,20260429,148100,20.07,2972367.0,20.1,0.0155385,0.798227,95311.7
600630.SH,20260429,75700,8.09,612413.0,8.1,0.0178176,1.01127,42486.2
600633.SH,20260429,303717,13.19,4006027.0,13.18,0.023951,0.310694,126807.0
600635.SH,20260429,248700,5.4,1342980.0,5.4,0.010282,0.523989,241879.0
600636.SH,20260429,3697429,4.51,16675405.0,4.75,0.842936,20.1515,43863.7
600637.SH,20260429,1535500,10.13,15554615.0,10.25,0.0456736,2.21426,336190.0
600638.SH,20260429,56500,6.05,341825.0,6.05,0.0083903,0.236551,67339.7
600639.SH,20260429,38600,11.0,424600.0,11.04,0.00453991,0.495394,85023.7
600640.SH,20260429,21300,12.62,268806.0,12.7,0.0026769,0.234094,79569.6
600641.SH,20260429,358700,27.1,9720770.0,27.24,0.0385438,0.505083,93063.0
600642.SH,20260429,62700,9.09,569943.0,9.09,0.00128121,0.218655,489381.0
600643.SH,20260429,158200,4.67,738794.0,4.65,0.00994749,0.605161,159035.0
600644.SH,20260429,131000,11.67,1528770.0,11.78,0.0226518,0.30342,57832.1
600645.SH,20260429,11800,26.16,308688.0,26.15,0.00252261,0.121354,46777.0
600648.SH,20260429,30700,10.53,323271.0,10.51,0.00269826,1.14854,113777.0
600649.SH,20260429,156700,4.2,658140.0,4.18,0.00625674,0.711257,250450.0
600650.SH,20260429,15400,12.22,188188.0,12.25,0.00394306,0.415247,39056.0
600651.SH,20260429,275700,6.46,1781022.0,6.5,0.0109971,1.63443,250703.0
600653.SH,20260429,73500,1.77,130095.0,1.77,0.00377624,0.367927,194638.0
600654.SH,20260429,4491000,3.81,17110710.0,3.69,0.193792,2.5428,231743.0
600655.SH,20260429,79200,4.91,388872.0,4.9,0.00203607,0.667728,388985.0
600657.SH,20260429,331900,2.94,975786.0,2.98,0.0116379,1.75059,285188.0
600658.SH,20260429,15300,4.89,74817.0,4.88,0.0013678,0.0929197,111859.0
600660.SH,20260429,25700,59.23,1522211.0,59.42,0.00128308,0.1762,200299.0
600661.SH,20260429,12300,10.03,123369.0,9.98,0.00429246,0.166208,28654.9
600662.SH,20260429,47900,5.01,239979.0,5.0,0.00210413,0.324627,227647.0
600663.SH,20260429,22800,7.85,178980.0,7.84,0.000722506,0.246558,315568.0
600664.SH,20260429,945200,3.65,3449980.0,3.69,0.0375301,0.607613,251851.0
600665.SH,20260429,56200,3.46,194452.0,3.45,0.00650371,0.409015,86412.2
600666.SH,20260429,4886500,5.42,26484830.0,5.54,0.195284,1.2374,250225.0
600667.SH,20260429,953100,9.4,8959140.0,9.51,0.0455692,0.819557,209154.0
600668.SH,20260429,212100,10.9,2311890.0,11.2,0.0513683,1.55512,41290.1
600671.SH,20260429,3500,19.4,67900.0,19.48,0.00287544,0.166662,12172.1
600673.SH,20260429,128500,33.17,4262345.0,33.22,0.00428111,0.172768,300156.0
600674.SH,20260429,131900,15.27,2014113.0,15.36,0.00270586,0.439369,487461.0
600675.SH,20260429,335700,2.52,845964.0,2.53,0.00555231,1.22535,604614.0
600676.SH,20260429,32500,8.22,267150.0,8.19,0.00315996,0.315429,102849.0
600679.SH,20260429,38900,10.98,427122.0,11.19,0.0113182,1.19535,34369.4
600681.SH,20260429,431400,4.0,1725600.0,4.05,0.0321986,2.56741,133981.0
600682.SH,20260429,27600,6.68,184368.0,6.71,0.00237101,0.230089,116406.0
600683.SH,20260429,148900,13.59,2023551.0,13.44,0.0201005,0.417334,74077.8
600684.SH,20260429,64100,4.51,289091.0,4.5,0.0075106,0.460685,85346.1
600685.SH,20260429,137200,31.83,4367076.0,31.69,0.0167025,0.48965,82143.5
600686.SH,20260429,328000,17.55,5756400.0,17.58,0.0457431,1.55227,71704.7
600688.SH,20260429,81400,2.81,228734.0,2.81,0.00111068,0.206169,732881.0
600689.SH,20260429,3800,13.3,50540.0,13.38,0.00249665,0.161931,15220.4
600690.SH,20260429,381800,21.38,8162884.0,21.34,0.00610584,0.588383,625303.0
600691.SH,20260429,207300,3.26,675798.0,3.29,0.00872627,0.240348,237559.0
600692.SH,20260429,16700,7.49,125083.0,7.47,0.00654875,0.213054,25501.1
600693.SH,20260429,439900,11.3,4970870.0,11.4,0.0506242,0.638959,86895.3
600694.SH,20260429,10400,18.11,188344.0,18.2,0.00302011,0.159452,34435.8
600696.SH,20260429,166700,1.31,218377.0,1.38,0.0498401,2.14608,33446.9
600697.SH,20260429,12900,11.96,154284.0,12.03,0.00830244,0.36061,15537.6
600698.SH,20260429,57500,7.18,412850.0,7.24,0.00692394,0.551972,83045.2
600699.SH,20260429,722971,28.33,20481768.0,28.18,0.0533537,0.879789,135505.0
600702.SH,20260429,25300,44.59,1128127.0,44.42,0.0076063,0.441035,33261.9
600703.SH,20260429,2079900,13.8,28702620.0,13.99,0.0416896,0.630938,498902.0
600704.SH,20260429,575500,5.01,2883255.0,5.03,0.011129,1.02169,517118.0
600706.SH,20260429,20200,9.28,187456.0,9.2,0.00795181,0.28888,25403.0
600707.SH,20260429,789600,8.5,6711600.0,8.66,0.0220087,0.465874,358767.0
600708.SH,20260429,238500,3.4,810900.0,3.4,0.0107178,0.775615,222528.0
600710.SH,20260429,36000,12.31,443160.0,12.41,0.00275493,0.176239,130675.0
600711.SH,20260429,619135,13.18,8160199.0,13.4,0.0200328,0.559171,309061.0
600712.SH,20260429,258581,6.0,1551486.0,5.89,0.0480055,4.02197,53864.8
600713.SH,20260429,144800,5.41,783368.0,5.43,0.0112265,0.520065,128980.0
600714.SH,20260429,175200,18.26,3199152.0,18.26,0.0607961,1.19105,28817.6
600715.SH,20260429,200200,2.0,400400.0,2.01,0.0069942,0.233781,286237.0
600716.SH,20260429,12400,4.29,53196.0,4.3,0.0013247,0.124261,93606.1
600717.SH,20260429,1576464,4.67,7362087.0,4.53,0.0544735,9.76877,289400.0
600718.SH,20260429,349600,8.85,3093960.0,9.07,0.02922,2.37327,119644.0
600719.SH,20260429,287700,7.54,2169258.0,7.61,0.0711073,1.2558,40460.0
600720.SH,20260429,13900,6.69,92991.0,6.7,0.00137753,0.220889,100905.0
600721.SH,20260429,49300,8.35,411655.0,8.43,0.0128203,0.409945,38454.8
600722.SH,20260429,208600,13.16,2745176.0,13.31,0.0306621,0.25139,68032.0
600724.SH,20260429,2500,7.04,17600.0,7.04,0.000173017,0.0262044,144494.0
600725.SH,20260429,71300,4.1,292330.0,4.08,0.00578513,0.397745,123247.0
600726.SH,20260429,8146400,6.95,56617480.0,7.02,0.108977,1.724,747534.0
600727.SH,20260429,193300,7.94,1534802.0,7.91,0.0365695,0.732767,52858.3
600728.SH,20260429,120600,5.45,657270.0,5.47,0.00565507,0.334888,213260.0
600729.SH,20260429,65000,21.19,1377350.0,21.74,0.0337692,3.05445,19248.3
600730.SH,20260429,319661,8.1,2589254.0,8.13,0.0544887,1.08526,58665.6
600731.SH,20260429,50900,6.78,345102.0,6.83,0.00939665,0.456623,54168.3
600732.SH,20260429,486800,14.05,6839540.0,14.13,0.0231869,1.21426,209946.0
600733.SH,20260429,129700,7.14,926058.0,7.14,0.00265142,0.1445,489171.0
600735.SH,20260429,170800,7.79,1330532.0,7.42,0.0401456,35.1588,42545.2
600736.SH,20260429,4389344,7.93,34807498.0,7.82,0.381253,2.46027,115129.0
600737.SH,20260429,56500,14.75,833375.0,14.69,0.00264161,0.265289,213885.0
600738.SH,20260429,112100,4.71,527991.0,4.71,0.0147371,1.14306,76066.6
600739.SH,20260429,85800,11.72,1005576.0,11.87,0.00560891,0.623086,152971.0
600740.SH,20260429,65300,4.28,279484.0,4.29,0.00254867,0.146565,256212.0
600741.SH,20260429,289300,19.51,5644243.0,19.7,0.00917619,1.88126,315272.0
600742.SH,20260429,8800,9.36,82368.0,9.38,0.0011843,0.064764,74305.8
600743.SH,20260429,282100,2.3,648830.0,2.31,0.0120242,0.227359,234610.0
600744.SH,20260429,5353700,8.99,48129763.0,8.67,0.263583,3.04291,203112.0
600745.SH,20260429,127400,27.5,3503500.0,27.8,0.0102358,0.334175,124465.0
600746.SH,20260429,33800,8.55,288990.0,8.55,0.00289422,0.218448,116784.0
600748.SH,20260429,40800,5.38,219504.0,5.42,0.00221191,0.20834,184456.0
600749.SH,20260429,242200,16.42,3976924.0,16.82,0.106712,0.884826,22696.6
600750.SH,20260429,254900,24.89,6344461.0,23.99,0.0405449,3.43365,62868.5
600751.SH,20260429,32800,3.72,122016.0,3.74,0.00127468,0.096172,257319.0
600753.SH,20260429,65200,13.3,867160.0,13.12,0.02831,2.25986,23030.7
600754.SH,20260429,33400,25.37,847358.0,25.18,0.00368635,0.280155,90604.4
600755.SH,20260429,72100,6.07,437647.0,6.1,0.00338155,0.375746,213216.0
600756.SH,20260429,8500,16.0,136000.0,16.1,0.00262266,0.101746,32409.9
600757.SH,20260429,127000,8.62,1094740.0,8.71,0.0104656,1.92219,121350.0
600758.SH,20260429,684600,4.03,2758938.0,4.1,0.0518344,0.757537,132074.0
600760.SH,20260429,624100,46.5,29020650.0,48.05,0.0220565,3.72669,282955.0
600761.SH,20260429,54100,18.15,981915.0,18.06,0.00607392,0.325051,89069.3
600763.SH,20260429,32700,43.15,1411005.0,43.49,0.00731071,0.294337,44728.9
600764.SH,20260429,21700,24.0,520800.0,24.0,0.00305363,0.334167,71062.9
600765.SH,20260429,98300,15.5,1523650.0,15.53,0.00633175,0.478956,155249.0
600768.SH,20260429,106900,17.86,1909234.0,17.56,0.0799269,1.07721,13374.7
600769.SH,20260429,70100,15.61,1094261.0,15.85,0.0186945,0.521343,37497.7
600770.SH,20260429,8493000,7.32,62168760.0,7.66,0.653308,6.7893,130000.0
600771.SH,20260429,23800,16.91,402458.0,16.93,0.00486219,0.300238,48949.1
600773.SH,20260429,130575,26.5,3460238.0,27.17,0.0137218,0.31989,95158.7
600774.SH,20260429,34700,8.58,297726.0,8.62,0.0117675,1.07979,29488.0
600775.SH,20260429,75600,12.11,915516.0,12.19,0.0112527,0.275829,67183.9
600776.SH,20260429,211700,17.09,3617953.0,17.14,0.0221443,0.425468,95600.0
600777.SH,20260429,328200,5.86,1923252.0,5.81,0.00515539,0.554894,636615.0
600778.SH,20260429,182400,6.5,1185600.0,6.45,0.058609,2.36798,31121.5
600779.SH,20260429,4700,31.99,150353.0,31.86,0.000964096,0.136998,48750.3
600780.SH,20260429,145200,6.82,990264.0,6.87,0.0126646,0.374636,114650.0
600782.SH,20260429,100000,3.13,313000.0,3.13,0.00317899,0.204268,314565.0
600783.SH,20260429,115000,20.8,2392000.0,21.0,0.0154495,0.294505,74435.9
600784.SH,20260429,54600,7.62,416052.0,7.57,0.00808108,0.45214,67565.2
600785.SH,20260429,11400,16.62,189468.0,16.62,0.00505249,0.1744,22563.1
600787.SH,20260429,46800,5.28,247104.0,5.28,0.0021566,0.29271,217008.0
600789.SH,20260429,34900,8.08,281992.0,8.09,0.00388352,0.439911,89867.0
600790.SH,20260429,1902500,4.02,7648050.0,4.01,0.129793,12.7141,146579.0
600791.SH,20260429,56400,12.9,727560.0,12.87,0.0124692,0.178082,45231.4
600792.SH,20260429,103800,4.31,447378.0,4.35,0.00935199,0.320381,110992.0
600793.SH,20260429,10200,17.42,177684.0,17.42,0.00576584,0.330067,17690.4
600794.SH,20260429,25900,3.5,90650.0,3.52,0.00215806,0.212241,120015.0
600795.SH,20260429,11036600,4.8,52975680.0,4.92,0.0618795,7.31585,1783560.0
600796.SH,20260429,67500,6.29,424575.0,6.24,0.0216709,0.807076,31147.8
600797.SH,20260429,71400,8.7,621180.0,8.68,0.00694873,0.239407,102753.0
600798.SH,20260429,54200,3.56,192952.0,3.56,0.00449221,0.336388,120653.0
600800.SH,20260429,129411,4.6,595291.0,4.65,0.0116615,0.337961,110973.0
600801.SH,20260429,59200,22.76,1347392.0,22.38,0.00441232,0.713571,134170.0
600802.SH,20260429,108400,5.48,594032.0,5.56,0.0236553,1.41582,45824.8
600803.SH,20260429,49900,21.3,1062870.0,21.23,0.00162449,0.510356,307173.0
600805.SH,20260429,10100,5.26,53126.0,5.28,0.00118785,0.0752511,85027.5
600807.SH,20260429,28600,2.93,83798.0,2.95,0.00363397,0.190793,78701.8
600808.SH,20260429,60700,3.87,234909.0,3.9,0.00101713,0.0982168,596775.0
600809.SH,20260429,12300,138.02,1697646.0,138.72,0.00100823,0.150384,121996.0
600810.SH,20260429,288500,7.29,2103165.0,7.4,0.0266944,1.35241,108075.0
600812.SH,20260429,45000,5.25,236250.0,5.25,0.00262279,0.371849,171573.0
600814.SH,20260429,36900,7.55,278595.0,7.58,0.00501987,0.505938,73507.9
600815.SH,20260429,1930800,4.36,8418288.0,4.37,0.108833,0.790341,177409.0
600816.SH,20260429,7097300,2.86,20298278.0,2.63,0.12977,7.14441,546914.0
600817.SH,20260429,39600,12.46,493416.0,12.57,0.00748237,0.786541,52924.4
600819.SH,20260429,9700,6.81,66057.0,6.82,0.0012978,0.138116,74741.6
600820.SH,20260429,132900,5.98,794742.0,5.95,0.00422697,0.744515,314410.0
600821.SH,20260429,803300,8.25,6627225.0,8.34,0.0408321,0.305931,196732.0
600822.SH,20260429,21800,9.82,214076.0,9.81,0.005503,0.5829,39614.8
600824.SH,20260429,86200,4.05,349110.0,4.05,0.00817816,0.862094,105403.0
600825.SH,20260429,16100,5.69,91609.0,5.71,0.00154084,0.190937,104489.0
600826.SH,20260429,131600,9.92,1305472.0,9.97,0.0178918,0.793796,73553.4
600827.SH,20260429,91500,8.19,749385.0,8.21,0.00570289,0.788741,160445.0
600828.SH,20260429,36900,5.0,184500.0,5.09,0.00213127,0.204474,173136.0
600829.SH,20260429,28000,9.54,267120.0,9.64,0.00482851,0.386812,57988.9
600830.SH,20260429,1068200,9.73,10393586.0,10.01,0.235119,6.77786,45432.3
600831.SH,20260429,126500,3.72,470580.0,3.78,0.0177932,0.797245,71094.7
600833.SH,20260429,7200,11.58,83376.0,11.57,0.00322745,0.278895,22308.6
600834.SH,20260429,8200,8.15,66830.0,8.21,0.0017177,0.332544,47738.2
600835.SH,20260429,27600,23.29,642804.0,23.52,0.00342218,0.217402,80650.4
600838.SH,20260429,11600,9.5,110200.0,9.58,0.00289362,0.113929,40088.2
600839.SH,20260429,224600,8.59,1929314.0,8.64,0.00486678,0.182197,461496.0
600841.SH,20260429,162900,8.16,1329264.0,8.34,0.015618,0.556716,104302.0
600843.SH,20260429,30800,8.27,254716.0,8.34,0.00656405,0.200718,46922.3
600844.SH,20260429,247800,3.49,864822.0,3.49,0.0301192,0.416187,82273.1
600845.SH,20260429,55400,22.6,1252040.0,22.7,0.002596,0.248695,213405.0
600846.SH,20260429,9500,13.21,125495.0,13.22,0.00152058,0.177583,62476.2
600847.SH,20260429,17500,14.29,250075.0,14.38,0.0114165,0.572228,15328.7
600848.SH,20260429,88800,8.99,798312.0,9.0,0.00370941,0.996843,239391.0
600850.SH,20260429,190500,19.33,3682365.0,19.45,0.0280065,1.84228,68019.9
600851.SH,20260429,116000,8.13,943080.0,8.28,0.0157138,1.23865,73820.6
600853.SH,20260429,32900,3.92,128968.0,3.94,0.00324555,0.225909,101370.0
600854.SH,20260429,190800,5.24,999792.0,5.29,0.0367306,2.1312,51945.9
600855.SH,20260429,94200,18.0,1695600.0,18.15,0.0201437,0.449132,46764.0
600857.SH,20260429,7200,12.24,88128.0,12.19,0.0032097,0.258153,22432.0
600858.SH,20260429,91500,5.7,521550.0,5.68,0.0176795,0.995749,51754.8
600859.SH,20260429,49200,12.25,602700.0,12.26,0.00437789,0.333466,112383.0
600860.SH,20260429,14700,10.52,154644.0,10.59,0.00331051,0.148565,44404.1
600861.SH,20260429,10000,15.78,157800.0,15.77,0.00272796,0.261737,36657.5
600862.SH,20260429,105300,19.6,2063880.0,19.69,0.00755896,0.462621,139305.0
600863.SH,20260429,237300,4.65,1103445.0,4.65,0.00363573,0.263373,652689.0
600864.SH,20260429,458700,6.19,2839353.0,6.22,0.0220468,0.347967,208057.0
600865.SH,20260429,64800,11.19,725112.0,11.21,0.017223,0.467442,37624.0
600866.SH,20260429,222900,6.21,1384209.0,6.25,0.0177501,0.666078,125577.0
600867.SH,20260429,268700,9.75,2619825.0,9.83,0.0137194,0.466046,195854.0
600868.SH,20260429,139600,3.3,460680.0,3.31,0.00735453,0.195856,189815.0
600869.SH,20260429,388700,17.37,6751719.0,17.38,0.0175141,0.278129,221935.0
600871.SH,20260429,307000,2.67,819690.0,2.67,0.00226618,0.23068,1354700.0
600872.SH,20260429,107000,20.82,2227740.0,20.82,0.0138783,0.400715,77098.8
600873.SH,20260429,64200,10.11,649062.0,10.12,0.00228939,0.0757363,280424.0
600874.SH,20260429,34600,6.28,217288.0,6.3,0.00281205,0.251279,123042.0
600875.SH,20260429,200500,39.4,7899700.0,39.54,0.00885849,0.222351,226337.0
600876.SH,20260429,4300,9.5,40850.0,9.55,0.00108675,0.0948973,39567.5
600877.SH,20260429,304700,16.0,4875200.0,16.66,0.0257335,1.70356,118406.0
600879.SH,20260429,755000,22.5,16987500.0,22.34,0.0228836,0.437381,329930.0
600880.SH,20260429,58000,5.06,293480.0,5.06,0.00530635,0.156476,109303.0
600881.SH,20260429,3034000,1.51,4581340.0,1.44,0.0938694,4.38664,323215.0
600882.SH,20260429,16800,20.11,337848.0,20.22,0.00329377,0.219065,51005.4
600883.SH,20260429,23900,8.3,198370.0,8.31,0.0101233,0.562059,23608.8
600884.SH,20260429,341300,15.53,5300389.0,15.76,0.0185983,0.253503,183511.0
600885.SH,20260429,44100,28.51,1257291.0,28.49,0.00284958,0.224843,154759.0
600886.SH,20260429,165500,13.49,2232595.0,13.6,0.00222023,0.676228,745418.0
600887.SH,20260429,167200,25.55,4271960.0,25.49,0.00265653,0.335698,629393.0
600888.SH,20260429,104700,8.45,884715.0,8.48,0.00674142,0.306521,155309.0
600889.SH,20260429,28100,14.77,415037.0,14.77,0.00767034,0.352844,36634.6
600892.SH,20260429,4700,3.74,17578.0,3.71,0.000840307,0.0765523,55932.0
600893.SH,20260429,118900,45.62,5424218.0,45.6,0.00446133,0.283863,266512.0
600894.SH,20260429,53200,9.95,529340.0,10.02,0.00630971,0.738069,84314.4
600895.SH,20260429,55000,35.18,1934900.0,35.28,0.00355139,0.235113,154869.0
600897.SH,20260429,2700,15.84,42768.0,15.91,0.000647585,0.160735,41693.4
600900.SH,20260429,369200,26.71,9861332.0,26.73,0.0015089,0.540527,2446820.0
600901.SH,20260429,225100,7.0,1575700.0,7.0,0.00388743,0.509302,579045.0
600903.SH,20260429,100400,6.5,652600.0,6.54,0.00873036,0.870432,115001.0
600905.SH,20260429,376100,4.09,1538249.0,4.1,0.0013156,0.264413,2858760.0
600906.SH,20260429,91300,6.02,549626.0,6.04,0.00429802,0.384148,212424.0
600908.SH,20260429,78700,5.72,450164.0,5.72,0.00393635,0.466509,199931.0
600909.SH,20260429,2728100,5.5,15004550.0,5.67,0.0542991,6.2007,502421.0
600916.SH,20260429,176100,8.66,1525026.0,8.68,0.0104821,0.839821,168000.0
600917.SH,20260429,221600,5.3,1174480.0,5.28,0.0141957,4.20382,156104.0
600918.SH,20260429,100200,5.94,595188.0,5.96,0.00255232,0.533192,392585.0
600919.SH,20260429,942100,11.41,10749361.0,11.36,0.00513369,1.29551,1835130.0
600925.SH,20260429,9400,4.71,44274.0,4.71,0.000585287,0.0600516,160605.0
600926.SH,20260429,108800,17.4,1893120.0,17.43,0.0015009,0.349322,724900.0
600927.SH,20260429,35700,14.59,520863.0,14.45,0.00245267,0.44698,145556.0
600928.SH,20260429,109200,3.7,404040.0,3.69,0.00246871,0.292829,442335.0
600929.SH,20260429,112300,6.96,781608.0,6.87,0.00684709,0.309081,164011.0
600930.SH,20260429,1515300,6.3,9546390.0,6.37,0.046916,0.637654,322981.0
600933.SH,20260429,26800,16.12,432016.0,16.18,0.00274204,0.140283,97737.6
600935.SH,20260429,85300,2.64,225192.0,2.64,0.002432,0.328176,350740.0
600936.SH,20260429,34100,3.96,135036.0,3.98,0.00204066,0.228011,167103.0
600938.SH,20260429,433043,39.84,17252433.0,39.77,0.014483,0.838786,299000.0
600939.SH,20260429,127700,2.86,365222.0,2.87,0.00671231,1.30967,190248.0
600941.SH,20260429,27900,96.0,2678400.0,96.03,0.0030905,0.35986,90276.8
600955.SH,20260429,58900,19.23,1132647.0,19.62,0.0107091,0.576245,55000.0
600956.SH,20260429,160600,8.44,1355464.0,8.55,0.00683961,0.436254,234809.0
600959.SH,20260429,238200,3.84,914688.0,3.84,0.00476332,0.403271,500072.0
600960.SH,20260429,151100,5.15,778165.0,5.07,0.0158966,0.990067,95051.6
600961.SH,20260429,1208500,27.46,33185410.0,27.39,0.160745,0.959123,75181.2
600962.SH,20260429,28600,20.75,593450.0,21.12,0.0109073,0.625106,26221.0
600963.SH,20260429,71900,4.6,330740.0,4.62,0.00409088,0.14679,175757.0
600965.SH,20260429,225700,3.81,859917.0,4.23,0.0275681,4.06881,81870.1
600966.SH,20260429,15700,6.24,97968.0,6.22,0.00117441,0.0721115,133684.0
600967.SH,20260429,60800,13.8,839040.0,13.85,0.0035727,0.392352,170179.0
600968.SH,20260429,477000,4.32,2060640.0,4.32,0.00469252,0.810878,1016510.0
600969.SH,20260429,23000,9.75,224250.0,9.82,0.00621537,0.217755,37005.0
600970.SH,20260429,636800,9.69,6170592.0,9.98,0.0242885,3.27018,262181.0
600971.SH,20260429,100300,8.18,820454.0,8.18,0.0083583,0.445685,120000.0
600973.SH,20260429,68700,7.21,495327.0,7.26,0.0050096,0.187991,137137.0
600975.SH,20260429,97100,5.47,531137.0,5.49,0.0077701,0.769989,124966.0
600976.SH,20260429,3800,31.79,120802.0,31.72,0.00247882,0.253497,15329.9
600977.SH,20260429,155400,13.49,2096346.0,13.45,0.00832351,0.393716,186700.0
600979.SH,20260429,729800,5.14,3751172.0,5.25,0.0592245,0.426324,123226.0
600980.SH,20260429,2300,21.82,50186.0,21.87,0.00121524,0.0789235,18926.4
600981.SH,20260429,78800,2.79,219852.0,2.82,0.00351404,0.336406,224243.0
600982.SH,20260429,131100,5.93,777423.0,5.99,0.0117302,0.139104,111763.0
600983.SH,20260429,8100,9.37,75897.0,9.4,0.00105684,0.081895,76643.9
600984.SH,20260429,68400,3.99,272916.0,4.0,0.00544134,0.205554,125704.0
600985.SH,20260429,309900,14.65,4540035.0,15.1,0.0115065,1.52204,269326.0
600986.SH,20260429,861700,10.58,9116786.0,10.64,0.0579343,0.309162,148737.0
600987.SH,20260429,56500,7.07,399455.0,7.03,0.00553477,0.461996,102082.0
600988.SH,20260429,484300,37.22,18025646.0,37.37,0.0291061,1.04606,166391.0
600989.SH,20260429,471200,31.1,14654320.0,30.96,0.00642543,0.36643,733336.0
600990.SH,20260429,59900,22.19,1329181.0,22.81,0.0222666,1.36297,26901.3
600992.SH,20260429,10900,11.98,130582.0,11.99,0.00444735,0.156602,24509.0
600993.SH,20260429,15100,25.96,391996.0,25.9,0.00350912,0.362794,43030.7
600995.SH,20260429,148500,14.21,2110185.0,14.17,0.00464642,0.482763,319601.0
600996.SH,20260429,149700,8.2,1227540.0,8.2,0.0120067,0.652369,124680.0
600997.SH,20260429,24000,5.95,142800.0,5.96,0.00151153,0.177368,158780.0
600998.SH,20260429,274400,5.13,1407672.0,5.15,0.00544178,0.712569,504247.0
600999.SH,20260429,198500,15.59,3094615.0,15.64,0.00267448,0.420363,742200.0
601000.SH,20260429,249500,4.86,1212570.0,4.89,0.00421031,0.820415,592593.0
601001.SH,20260429,149200,19.07,2845244.0,19.09,0.00891438,0.776608,167370.0
601002.SH,20260429,105700,6.27,662739.0,6.27,0.0110745,0.264036,95444.1
601005.SH,20260429,235800,1.39,327762.0,1.39,0.0028363,0.482666,831364.0
601006.SH,20260429,597077,5.38,3212274.0,5.39,0.00296358,0.566641,2014720.0
601007.SH,20260429,65600,7.82,512992.0,7.86,0.0168205,0.241121,39000.0
601008.SH,20260429,3400,4.7,15980.0,4.7,0.000274053,0.042748,124064.0
601009.SH,20260429,109500,11.64,1274580.0,11.68,0.000885667,0.235347,1236360.0
601011.SH,20260429,67400,3.1,208940.0,3.11,0.00351836,0.201168,191566.0
601012.SH,20260429,4730500,16.28,77012540.0,16.95,0.0624236,4.64964,757806.0
601015.SH,20260429,138700,4.0,554800.0,4.03,0.00679071,0.21945,204250.0
601016.SH,20260429,3503200,4.6,16114720.0,4.73,0.0580173,0.465984,603820.0
601018.SH,20260429,244500,3.84,938880.0,3.85,0.00125679,0.573884,1945440.0
601019.SH,20260429,87000,7.4,643800.0,7.41,0.00416886,1.01293,208690.0
601020.SH,20260429,1300000,28.83,37479000.0,30.38,0.158543,3.69632,81996.5
601021.SH,20260429,15700,46.45,729265.0,46.75,0.00160477,0.34295,97833.3
601022.SH,20260429,21100,8.65,182515.0,8.67,0.00161237,0.310195,130863.0
601026.SH,20260429,20100,17.46,350946.0,17.45,0.0180941,0.323131,11108.6
601033.SH,20260429,117200,15.0,1758000.0,14.91,0.0488333,3.48935,24000.0
601038.SH,20260429,186500,13.25,2471125.0,13.0,0.0254884,3.11093,73170.5
601058.SH,20260429,333600,14.45,4820520.0,14.5,0.0101457,0.734066,328810.0
601059.SH,20260429,22100,16.76,370396.0,16.8,0.000681468,0.320336,324300.0
601061.SH,20260429,117100,13.68,1601928.0,13.77,0.0023898,0.350338,490000.0
601065.SH,20260429,328100,8.14,2670734.0,8.27,0.0510442,4.91216,64277.6
601066.SH,20260429,29800,21.81,649938.0,21.8,0.000458767,0.310256,649567.0
601068.SH,20260429,184800,6.01,1110648.0,6.14,0.0072199,1.40897,255959.0
601069.SH,20260429,120800,30.8,3720640.0,31.22,0.013616,0.928753,88718.8
601077.SH,20260429,142600,7.4,1055240.0,7.38,0.00161344,0.533684,883824.0
601083.SH,20260429,13100,12.37,162047.0,12.35,0.0067484,0.148583,19412.0
601086.SH,20260429,4800,8.1,38880.0,8.12,0.000720721,0.0463953,66600.0
601088.SH,20260429,111780,48.16,5383325.0,48.15,0.000677823,0.311027,1649100.0
601089.SH,20260429,6100,20.64,125904.0,20.64,0.00127083,0.154334,48000.0
601096.SH,20260429,202600,5.45,1104170.0,5.4,0.0123313,0.86954,164298.0
601098.SH,20260429,71500,11.07,791505.0,11.14,0.00398107,0.788472,179600.0
601099.SH,20260429,485100,3.65,1770615.0,3.65,0.00711675,0.512043,681632.0
601100.SH,20260429,20300,103.32,2097396.0,104.52,0.001514,0.129297,134082.0
601101.SH,20260429,1241700,10.78,13385526.0,10.88,0.0862293,2.09623,144000.0
601106.SH,20260429,103600,4.09,423724.0,4.11,0.00151069,0.173037,685778.0
601107.SH,20260429,22800,6.2,141360.0,6.17,0.00105422,0.205509,216274.0
601108.SH,20260429,216800,8.24,1786432.0,8.22,0.00466863,0.564169,464376.0
601111.SH,20260429,258700,6.64,1717768.0,6.66,0.00222287,0.373254,1163810.0
601112.SH,20260429,51900,19.5,1012050.0,19.66,0.0292807,0.380669,17725.0
601113.SH,20260429,83500,4.47,373245.0,4.47,0.00756236,0.39066,110415.0
601116.SH,20260429,17700,13.53,239481.0,13.61,0.00323182,0.14349,54767.8
601117.SH,20260429,367100,8.59,3153389.0,8.6,0.00602983,0.355618,608807.0
601118.SH,20260429,481800,6.76,3256968.0,6.86,0.0112585,1.06973,427943.0
601121.SH,20260429,53300,7.7,410410.0,7.76,0.0066625,0.461424,80000.0
601126.SH,20260429,110800,52.0,5761600.0,52.21,0.0134289,0.312062,82508.5
601127.SH,20260429,80100,88.5,7088850.0,88.95,0.00514384,0.346446,155720.0
601128.SH,20260429,280400,7.35,2060940.0,7.33,0.00845464,0.531098,331652.0
601133.SH,20260429,263100,22.05,5801355.0,22.05,0.0501729,1.34439,52438.7
601136.SH,20260429,66000,16.11,1063260.0,16.03,0.00241463,0.958083,273333.0
601137.SH,20260429,99300,18.25,1812225.0,18.27,0.0108193,0.513502,91780.8
601138.SH,20260429,4507000,67.77,305439390.0,68.2,0.0227121,1.69249,1984410.0
601139.SH,20260429,76800,7.05,541440.0,7.08,0.00266969,0.343178,287674.0
601155.SH,20260429,63900,14.13,902907.0,14.08,0.00283292,0.566229,225562.0
601156.SH,20260429,15000,16.41,246150.0,16.41,0.00158798,0.211681,94459.6
601158.SH,20260429,81300,4.38,356094.0,4.38,0.00169374,1.24142,480003.0
601162.SH,20260429,384661,3.69,1419399.0,3.7,0.00447386,0.390091,859797.0
601163.SH,20260429,106800,14.62,1561416.0,14.6,0.01335,1.99669,80000.0
601166.SH,20260429,860700,18.09,15570063.0,18.14,0.00406703,0.861861,2116290.0
601168.SH,20260429,672200,28.92,19440024.0,28.58,0.0282081,1.38073,238300.0
601169.SH,20260429,4043800,5.28,21351264.0,5.3,0.019126,2.14341,2114300.0
601177.SH,20260429,664700,16.22,10781434.0,16.25,0.16615,8.80577,40006.0
601179.SH,20260429,936200,17.15,16055830.0,17.2,0.0182642,0.448883,512588.0
601186.SH,20260429,393500,6.77,2663995.0,6.76,0.00342077,0.794682,1150320.0
601187.SH,20260429,87600,7.69,673644.0,7.67,0.00332652,0.499523,263338.0
601188.SH,20260429,57900,3.29,190491.0,3.3,0.00443518,0.390479,130547.0
601198.SH,20260429,80200,12.94,1037788.0,12.94,0.00248109,0.496569,323245.0
601199.SH,20260429,51200,5.27,269824.0,5.28,0.0054747,0.422986,93521.0
601200.SH,20260429,68100,8.17,556377.0,8.22,0.00505857,0.671432,134623.0
601208.SH,20260429,144200,35.59,5132078.0,35.59,0.0142746,0.227423,101018.0
601211.SH,20260429,287800,16.11,4636458.0,16.12,0.00213234,0.220667,1349690.0
601212.SH,20260429,611600,7.38,4513608.0,7.46,0.00825954,0.567646,740477.0
601216.SH,20260429,157600,5.52,869952.0,5.55,0.00186774,0.175247,843802.0
601218.SH,20260429,821400,6.7,5503380.0,6.88,0.0847649,0.894403,96903.4
601222.SH,20260429,145400,6.0,872400.0,6.02,0.00712319,0.57205,204122.0
601225.SH,20260429,173600,25.76,4471936.0,26.01,0.00179061,0.316659,969500.0
601226.SH,20260429,119600,8.89,1063244.0,8.98,0.0102906,0.651629,116222.0
601228.SH,20260429,86400,3.23,279072.0,3.23,0.0011452,0.376607,754453.0
601229.SH,20260429,220000,9.6,2112000.0,9.58,0.00154831,0.350299,1420900.0
601231.SH,20260429,337700,39.77,13430329.0,38.81,0.014135,0.636595,238910.0
601233.SH,20260429,1724900,21.66,37361334.0,20.96,0.0726374,6.08485,237467.0
601236.SH,20260429,67000,7.7,515900.0,7.67,0.00142046,0.670891,471679.0
601238.SH,20260429,40900,6.93,283437.0,6.96,0.000553923,0.246706,738370.0
601279.SH,20260429,6600,3.85,25410.0,3.86,0.000416197,0.0584503,158579.0
601288.SH,20260429,1083000,6.97,7548510.0,6.98,0.000339239,0.442873,31924400.0
601298.SH,20260429,46000,9.06,416760.0,9.09,0.000853104,0.489575,539208.0
601311.SH,20260429,109600,9.81,1075176.0,9.85,0.0093424,0.140215,117315.0
601318.SH,20260429,784400,57.62,45197128.0,57.63,0.0073583,1.28169,1066010.0
601319.SH,20260429,223000,7.07,1576610.0,7.1,0.000628209,0.473935,3549780.0
601326.SH,20260429,168900,3.52,594528.0,3.53,0.00355014,0.780438,475756.0
601328.SH,20260429,817200,6.98,5704056.0,6.98,0.00313434,0.741162,2607240.0
601330.SH,20260429,644000,9.2,5924800.0,9.18,0.06511,1.06505,98909.5
601333.SH,20260429,95500,3.04,290320.0,3.04,0.0016896,0.237455,565224.0
601336.SH,20260429,55600,62.38,3468328.0,62.31,0.0026661,0.344065,208544.0
601339.SH,20260429,62100,8.45,524745.0,8.45,0.00414119,0.430294,149957.0
601360.SH,20260429,312900,10.82,3385578.0,10.88,0.00447028,0.411849,699956.0
601366.SH,20260429,36700,3.98,146066.0,3.98,0.00382395,0.321203,95974.1
601368.SH,20260429,636600,4.91,3125706.0,4.83,0.0720973,11.2374,88297.3
601369.SH,20260429,61100,9.2,562120.0,9.12,0.00358103,0.487001,170621.0
601375.SH,20260429,96200,3.96,380952.0,3.96,0.00279041,0.351429,344752.0
601377.SH,20260429,236300,5.89,1391807.0,5.91,0.00273622,0.398572,863599.0
601388.SH,20260429,4041600,4.0,16166400.0,4.23,0.183607,3.96682,220122.0
601390.SH,20260429,478500,5.16,2469060.0,5.18,0.00233656,0.420609,2047880.0
601398.SH,20260429,843644,7.51,6335766.0,7.53,0.00031291,0.404925,26961200.0
601399.SH,20260429,280600,4.08,1144848.0,4.12,0.0038899,0.185231,721356.0
601456.SH,20260429,181700,9.43,1713431.0,9.47,0.00415126,0.645519,437698.0
601500.SH,20260429,32700,4.29,140283.0,4.3,0.0020657,0.260675,158300.0
601512.SH,20260429,437800,10.31,4513718.0,10.37,0.0292083,1.10703,149889.0
601515.SH,20260429,53700,4.45,238965.0,4.45,0.00279038,0.136716,192447.0
601518.SH,20260429,201448,2.89,582185.0,2.89,0.0106555,1.0641,189055.0
601519.SH,20260429,63200,10.12,639584.0,10.14,0.00317722,0.178674,198916.0
601528.SH,20260429,100300,5.3,531590.0,5.3,0.00578279,0.621754,173446.0
601555.SH,20260429,2571500,8.1,20829150.0,8.4,0.0517539,6.65285,496870.0
601566.SH,20260429,10600,10.68,113208.0,10.77,0.00184464,0.120139,57463.7
601567.SH,20260429,104400,20.73,2164212.0,20.9,0.0074295,0.337832,140521.0
601568.SH,20260429,32100,3.95,126795.0,3.97,0.000808112,0.137451,397222.0
601577.SH,20260429,827100,9.65,7981515.0,9.55,0.0205711,4.02352,402068.0
601579.SH,20260429,27500,18.0,495000.0,18.12,0.00573558,0.287795,47946.3
601588.SH,20260429,204900,1.72,352428.0,1.72,0.00770301,0.411514,266000.0
601595.SH,20260429,12100,23.88,288948.0,23.88,0.00269969,0.289907,44820.0
601598.SH,20260429,93700,6.12,573444.0,6.12,0.00181678,0.742014,515747.0
601599.SH,20260429,403200,3.65,1471680.0,3.7,0.0347424,1.87673,116054.0
601600.SH,20260429,1038000,11.58,12020040.0,11.66,0.00787954,0.496578,1317340.0
601601.SH,20260429,346200,36.5,12636300.0,36.34,0.00505768,1.1261,684504.0
601606.SH,20260429,25900,36.83,953897.0,36.89,0.00357622,0.193757,72422.8
601607.SH,20260429,14300,16.91,241813.0,16.93,0.00051269,0.187952,278921.0
601608.SH,20260429,96500,5.97,576105.0,6.01,0.00210719,0.342172,457955.0
601609.SH,20260429,48800,10.13,494344.0,10.13,0.00282303,0.209039,172864.0
601611.SH,20260429,104300,12.88,1343384.0,12.94,0.00346071,0.272637,301383.0
601615.SH,20260429,2662490,14.5,38606105.0,15.42,0.117731,3.1192,226150.0
601616.SH,20260429,11600,4.57,53012.0,4.59,0.00135883,0.0395202,85367.5
601618.SH,20260429,448800,2.94,1319472.0,2.93,0.00251392,0.542164,1785260.0
601619.SH,20260429,2481043,5.58,13844220.0,5.83,0.101904,2.71563,243469.0
601628.SH,20260429,61100,36.6,2236260.0,36.63,0.000293418,0.375769,2082350.0
601633.SH,20260429,73133,20.0,1462660.0,20.01,0.00117781,0.550686,620924.0
601636.SH,20260429,595000,6.47,3849650.0,6.53,0.0201105,0.443052,295865.0
601658.SH,20260429,297400,5.2,1546480.0,5.2,0.00041005,0.278515,7252780.0
601665.SH,20260429,269200,6.39,1720188.0,6.39,0.0043745,0.380672,615384.0
601666.SH,20260429,48900,8.42,411738.0,8.47,0.00198027,0.174383,246936.0
601668.SH,20260429,3043900,4.83,14702037.0,4.83,0.00736658,1.92973,4132040.0
601669.SH,20260429,2096200,5.65,11843530.0,5.62,0.0160364,0.879559,1307150.0
601677.SH,20260429,177500,17.42,3092050.0,17.5,0.014573,0.410511,121801.0
601678.SH,20260429,377900,5.22,1972638.0,5.23,0.0184943,0.626298,204334.0
601686.SH,20260429,171100,5.52,944472.0,5.57,0.0116272,1.98148,147155.0
601688.SH,20260429,364300,19.2,6994560.0,19.27,0.0049858,0.357979,730676.0
601689.SH,20260429,90600,56.05,5078130.0,56.67,0.00521338,0.303033,173784.0
601696.SH,20260429,82800,12.15,1006020.0,12.19,0.00298056,0.320404,277800.0
601698.SH,20260429,233600,34.95,8164320.0,35.11,0.0055298,0.24696,422439.0
601699.SH,20260429,90100,15.69,1413669.0,15.83,0.00301196,0.274012,299141.0
601700.SH,20260429,17900,5.0,89500.0,5.04,0.00157189,0.115288,113876.0
601702.SH,20260429,28000,18.49,517720.0,18.5,0.00280412,0.346608,99853.1
601717.SH,20260429,71400,20.21,1442994.0,20.27,0.00462985,0.466428,154217.0
601718.SH,20260429,840000,2.86,2402400.0,2.9,0.0192613,2.03295,436107.0
601727.SH,20260429,267900,7.86,2105694.0,7.89,0.00212355,0.263137,1261560.0
601728.SH,20260429,616100,5.99,3690439.0,5.98,0.000793639,0.549652,7762970.0
601766.SH,20260429,661800,5.89,3898002.0,5.91,0.00272034,0.424372,2432780.0
601777.SH,20260429,186700,11.2,2091040.0,11.15,0.00412953,0.338056,452110.0
601778.SH,20260429,34395614,6.57,225979184.0,7.12,0.962764,4.41616,357259.0
601788.SH,20260429,56000,14.71,823760.0,14.75,0.00143344,0.184841,390670.0
601789.SH,20260429,6172500,5.99,36973275.0,5.98,0.567953,7.30334,108680.0
601798.SH,20260429,9000,8.56,77040.0,8.65,0.00253859,0.0900757,35452.8
601799.SH,20260429,4900,126.18,618282.0,126.13,0.00171521,0.185428,28567.9
601800.SH,20260429,154700,7.06,1092182.0,7.06,0.00131283,0.487041,1178370.0
601801.SH,20260429,93400,6.0,560400.0,5.98,0.00477034,1.46542,195793.0
601808.SH,20260429,152700,15.17,2316459.0,15.09,0.00515797,0.618744,296047.0
601811.SH,20260429,4200,13.53,56826.0,13.52,0.000530367,0.112614,79190.4
601816.SH,20260429,353500,4.9,1732150.0,4.91,0.000722524,0.331406,4892570.0
601818.SH,20260429,1273200,3.15,4010580.0,3.15,0.00274356,1.01536,4640680.0
601825.SH,20260429,43500,9.06,394110.0,9.05,0.000464028,0.163946,937444.0
601827.SH,20260429,5200,8.0,41600.0,8.0,0.000311017,0.0791806,167193.0
601828.SH,20260429,6346400,2.7,17135280.0,2.7,0.175684,22.6157,361240.0
601838.SH,20260429,64300,18.74,1204982.0,18.74,0.00151707,0.206772,423844.0
601857.SH,20260429,999872,12.2,12198438.0,12.18,0.000617502,0.533085,16192200.0
601858.SH,20260429,26800,23.02,616936.0,23.02,0.00339026,0.200583,79050.0
601860.SH,20260429,110500,2.67,295035.0,2.67,0.00311128,0.219677,355159.0
601865.SH,20260429,69800,13.45,938810.0,13.48,0.0036717,0.358916,190103.0
601866.SH,20260429,221200,2.66,588392.0,2.66,0.00226826,0.316833,975198.0
601868.SH,20260429,2700656,2.79,7534830.0,2.78,0.00832797,0.385946,3242870.0
601869.SH,20260429,64100,365.0,23396500.0,373.49,0.015775,0.369364,40633.8
601872.SH,20260429,702165,17.15,12042130.0,16.8,0.00869604,0.477442,807454.0
601877.SH,20260429,44200,31.76,1403792.0,31.77,0.0020568,0.175555,214897.0
601878.SH,20260429,537100,9.69,5204499.0,9.77,0.011743,1.55681,457380.0
601880.SH,20260429,3441600,1.62,5575392.0,1.61,0.0186911,4.65275,1841310.0
601881.SH,20260429,326700,12.67,4139289.0,12.67,0.0045103,0.7961,724342.0
601882.SH,20260429,4200,18.9,79380.0,18.9,0.000804598,0.166276,52200.0
601886.SH,20260429,32700,9.76,319152.0,9.77,0.00288614,0.466246,113300.0
601888.SH,20260429,90200,64.21,5791742.0,64.56,0.00461978,0.474927,195248.0
601890.SH,20260429,626908,10.8,6770606.0,10.85,0.0653438,1.08287,95940.0
601898.SH,20260429,188500,18.58,3502330.0,18.57,0.00205966,0.395728,915200.0
601899.SH,20260429,2160100,32.55,70311255.0,32.95,0.010485,0.757968,2060180.0
601900.SH,20260429,32900,12.69,417501.0,12.73,0.00373029,0.224888,88197.0
601901.SH,20260429,154800,7.05,1091340.0,7.07,0.00188044,0.320705,823210.0
601908.SH,20260429,664200,3.88,2577096.0,3.92,0.0275076,0.65891,241460.0
601916.SH,20260429,278800,2.96,825248.0,2.96,0.00129407,0.351966,2154440.0
601918.SH,20260429,294100,8.61,2532201.0,8.7,0.0113528,0.4162,259054.0
601919.SH,20260429,504720,14.24,7187213.0,14.23,0.00401969,0.732511,1255620.0
601921.SH,20260429,367000,7.58,2781860.0,7.69,0.016515,1.821,222222.0
601928.SH,20260429,60200,9.47,570094.0,9.48,0.00236552,0.79924,254490.0
601929.SH,20260429,421600,2.83,1193128.0,2.85,0.012081,0.562311,348979.0
601933.SH,20260429,378900,3.79,1436031.0,3.8,0.00417519,0.259845,907504.0
601939.SH,20260429,220500,9.79,2158695.0,9.8,0.00229839,0.360349,959366.0
601949.SH,20260429,28200,5.79,163278.0,5.83,0.00148112,0.193684,190397.0
601952.SH,20260429,56900,9.85,560465.0,9.83,0.00412917,0.226494,137800.0
601956.SH,20260429,13900,5.85,81315.0,5.89,0.00223611,0.144098,62161.7
601958.SH,20260429,119700,18.59,2225223.0,18.59,0.00370978,0.293095,322660.0
601963.SH,20260429,162900,10.97,1787013.0,10.8,0.00800873,1.42748,203403.0
601965.SH,20260429,26600,15.8,420280.0,15.87,0.00266425,0.206299,99840.6
601966.SH,20260429,81800,13.33,1090394.0,13.36,0.00558933,0.716759,146350.0
601968.SH,20260429,9900,5.06,50094.0,5.09,0.000775996,0.0540413,127578.0
601969.SH,20260429,73000,11.71,854830.0,11.68,0.00370093,0.337433,197248.0
601975.SH,20260429,2397000,4.38,10498860.0,4.27,0.0512142,1.44089,468034.0
601985.SH,20260429,350300,9.06,3173718.0,9.09,0.00185508,0.24183,1888330.0
601988.SH,20260429,581200,5.81,3376772.0,5.81,0.000275757,0.363006,21076600.0
601990.SH,20260429,83600,7.25,606100.0,7.29,0.00226782,0.532118,368636.0
601991.SH,20260429,4252963,4.12,17522208.0,4.04,0.0343089,2.23517,1239610.0
601992.SH,20260429,915500,1.65,1510575.0,1.66,0.0109849,1.6501,833416.0
601995.SH,20260429,78100,34.21,2671801.0,34.33,0.00267142,0.45834,292354.0
601996.SH,20260429,134400,2.71,364224.0,2.73,0.0119902,0.177862,112091.0
601997.SH,20260429,248200,6.0,1489200.0,6.0,0.00678847,0.241648,365620.0
601998.SH,20260429,94600,8.43,797478.0,8.41,0.000232073,0.207406,4076300.0
601999.SH,20260429,14700,7.3,107310.0,7.27,0.00266829,0.132004,55091.5
603000.SH,20260429,34700,19.33,670751.0,19.34,0.00313831,0.215893,110569.0
603001.SH,20260429,16500,8.38,138270.0,8.38,0.00411492,0.157409,40098.0
603002.SH,20260429,3621900,13.98,50634162.0,14.75,0.319369,3.84155,113408.0
603004.SH,20260429,700,20.89,14623.0,20.89,0.00118886,0.0321248,5888.0
603005.SH,20260429,666800,30.01,20010668.0,31.2,0.102243,1.63509,65217.2
603006.SH,20260429,217300,13.79,2996567.0,13.66,0.0854656,3.74419,25425.4
603007.SH,20260429,145500,5.91,859905.0,5.91,0.0209326,0.441225,69508.9
603008.SH,20260429,35500,10.86,385530.0,11.43,0.00963908,0.222825,36829.2
603009.SH,20260429,11300,45.56,514828.0,45.42,0.00333915,0.1651,33840.9
603010.SH,20260429,10900,13.1,142790.0,13.03,0.00186315,0.110107,58503.0
603011.SH,20260429,122600,20.05,2458130.0,20.58,0.024797,0.783865,49441.4
603012.SH,20260429,16500,8.7,143550.0,8.67,0.0025522,0.0862273,64650.0
603013.SH,20260429,266600,19.47,5190702.0,18.21,0.0524576,9.32666,50822.0
603014.SH,20260429,2300,35.43,81489.0,35.49,0.00584241,0.228928,3936.73
603015.SH,20260429,85500,11.7,1000350.0,11.74,0.0211519,1.27761,40421.9
603016.SH,20260429,14000,58.5,819000.0,59.09,0.00944924,0.159958,14816.0
603017.SH,20260429,219500,14.0,3073000.0,13.9,0.0794742,0.568293,27619.0
603018.SH,20260429,68200,7.32,499224.0,7.3,0.00997373,1.27664,68379.6
603019.SH,20260429,269000,90.37,24309530.0,90.9,0.0183906,0.402635,146271.0
603020.SH,20260429,3300,10.66,35178.0,10.65,0.000861084,0.0491048,38323.8
603021.SH,20260429,82700,7.39,611153.0,7.4,0.0258479,1.03441,31994.8
603022.SH,20260429,30000,10.87,326100.0,10.89,0.015,0.665071,20000.0
603023.SH,20260429,52300,4.4,230120.0,4.39,0.00937079,0.454075,55811.7
603025.SH,20260429,65900,16.12,1062308.0,16.26,0.00594135,0.393696,110917.0
603026.SH,20260429,150100,106.44,15976644.0,108.41,0.0645034,0.673775,23270.1
603027.SH,20260429,80500,9.64,776020.0,9.64,0.00644198,0.554249,124962.0
603028.SH,20260429,17000,8.27,140590.0,8.29,0.00598191,0.225707,28419.0
603029.SH,20260429,12080,19.19,231815.0,19.19,0.00995533,0.565516,12134.2
603030.SH,20260429,589200,2.38,1402296.0,2.36,0.0447403,0.92039,131693.0
603031.SH,20260429,165760,40.0,6630400.0,39.52,0.0527243,1.41438,31439.0
603032.SH,20260429,91900,22.64,2080616.0,22.64,0.0396697,0.551066,23166.3
603033.SH,20260429,114700,11.0,1261700.0,11.31,0.011328,1.05135,101253.0
603035.SH,20260429,19000,13.66,259540.0,13.71,0.00518634,0.383341,36634.7
603036.SH,20260429,9000,18.0,162000.0,18.06,0.0043688,0.281945,20600.6
603037.SH,20260429,28800,14.39,414432.0,14.52,0.0108212,0.474636,26614.5
603038.SH,20260429,63100,16.75,1056925.0,16.62,0.0234854,0.706482,26867.7
603039.SH,20260429,47000,43.01,2021470.0,43.6,0.0183332,0.348665,25636.6
603040.SH,20260429,8800,76.78,675664.0,77.96,0.00648278,0.525551,13574.4
603041.SH,20260429,12800,13.79,176512.0,13.8,0.0069889,0.289239,18314.8
603042.SH,20260429,58800,19.7,1158360.0,19.96,0.036615,0.471842,16059.0
603043.SH,20260429,68700,15.38,1056606.0,15.37,0.0121818,2.4735,56395.6
603045.SH,20260429,34000,40.7,1383800.0,40.09,0.0251024,0.437988,13544.5
603048.SH,20260429,22900,22.88,523952.0,21.92,0.015591,1.17299,14688.0
603049.SH,20260429,16900,49.3,833170.0,49.18,0.0193256,0.652038,8744.86
603050.SH,20260429,96190,18.9,1817991.0,19.25,0.0238496,2.99545,40331.9
603051.SH,20260429,4400,21.61,95084.0,21.81,0.00272222,0.124467,16163.3
603052.SH,20260429,28900,84.65,2446385.0,84.94,0.0153807,0.30644,18789.7
603053.SH,20260429,14000,9.78,136920.0,9.79,0.001575,0.485516,88889.0
603055.SH,20260429,13800,9.0,124200.0,9.05,0.00155572,0.202941,88705.0
603057.SH,20260429,30500,27.3,832650.0,27.05,0.00740291,0.830845,41200.0
603058.SH,20260429,68700,10.23,702801.0,10.39,0.0166088,0.589902,41363.7
603059.SH,20260429,5300,33.7,178610.0,34.12,0.00527633,0.291104,10044.9
603060.SH,20260429,313500,6.83,2141205.0,6.93,0.0389944,0.813864,80396.1
603061.SH,20260429,18350,262.38,4814673.0,266.9,0.021092,0.543509,8700.0
603062.SH,20260429,14600,52.13,761098.0,53.19,0.0393817,0.529652,3707.31
603063.SH,20260429,284500,41.98,11943310.0,42.07,0.0620095,0.750299,45880.1
603065.SH,20260429,270800,8.21,2223268.0,8.31,0.0646351,5.10283,41896.8
603066.SH,20260429,161900,11.47,1856993.0,11.48,0.0550343,1.16547,29418.0
603067.SH,20260429,215400,36.32,7823328.0,35.58,0.02851,0.912366,75552.5
603068.SH,20260429,39000,33.9,1322100.0,33.63,0.0256938,1.24961,15178.7
603069.SH,20260429,52000,16.28,846560.0,16.63,0.0164557,1.15115,31600.0
603070.SH,20260429,1000,14.9,14900.0,14.9,0.000249377,0.0301499,40100.0
603071.SH,20260429,5200,14.1,73320.0,14.09,0.000931976,0.12688,55795.4
603072.SH,20260429,3100,35.9,111290.0,35.9,0.00245583,0.150299,12623.0
603073.SH,20260429,39300,20.09,789537.0,20.09,0.0772211,1.85433,5089.28
603075.SH,20260429,25600,23.45,600320.0,23.27,0.062068,1.24249,4124.51
603076.SH,20260429,26300,30.01,789263.0,29.89,0.0217893,0.482722,12070.1
603077.SH,20260429,496400,2.91,1444524.0,2.92,0.00562068,0.187439,883167.0
603078.SH,20260429,88800,24.49,2174712.0,24.81,0.0230268,0.421141,38563.7
603079.SH,20260429,11100,16.03,177933.0,16.2,0.0058721,0.197303,18903.0
603080.SH,20260429,37200,21.8,810960.0,22.03,0.0262898,1.73659,14150.0
603081.SH,20260429,4800,11.69,56112.0,11.76,0.0011361,0.0906403,42249.9
603082.SH,20260429,2900,34.16,99064.0,34.16,0.00715045,0.236348,4055.69
603083.SH,20260429,384300,154.5,59374350.0,155.19,0.139447,0.901213,27558.8
603085.SH,20260429,43800,11.9,521220.0,12.0,0.01103,0.437734,39710.0
603086.SH,20260429,4400,7.34,32296.0,7.34,0.00101193,0.053281,43481.3
603087.SH,20260429,25600,59.59,1525504.0,60.23,0.00458898,0.26128,55785.9
603088.SH,20260429,373600,11.94,4460784.0,12.94,0.0853218,2.03922,43787.2
603089.SH,20260429,78300,11.29,884007.0,12.03,0.0326205,2.08842,24003.3
603090.SH,20260429,19000,68.63,1303970.0,68.38,0.019,0.3107,10000.0
603091.SH,20260429,4000,80.97,323880.0,81.02,0.012722,0.623192,3144.16
603092.SH,20260429,5900,72.0,424800.0,72.34,0.017637,0.187871,3345.25
603093.SH,20260429,35700,20.36,726852.0,20.51,0.00585183,0.366788,61006.6
603095.SH,20260429,571000,20.75,11848250.0,20.96,0.221087,8.81372,25826.9
603096.SH,20260429,15400,18.06,278124.0,18.13,0.00998479,0.638636,15423.5
603097.SH,20260429,10800,27.24,294192.0,27.23,0.00674941,0.257482,16001.4
603098.SH,20260429,13400,14.97,200598.0,14.98,0.00248701,0.209346,53880.0
603099.SH,20260429,37000,34.26,1267620.0,33.65,0.0138748,0.908993,26667.0
603100.SH,20260429,260900,19.29,5032761.0,18.6,0.0510029,4.48325,51153.9
603101.SH,20260429,125700,10.82,1360074.0,10.8,0.0267219,0.36575,47040.0
603102.SH,20260429,3100,39.8,123380.0,40.04,0.00484375,0.432466,6400.0
603103.SH,20260429,35100,20.22,709722.0,20.13,0.00553453,0.242574,63420.0
603105.SH,20260429,594600,9.91,5892486.0,10.24,0.118917,1.92017,50001.1
603106.SH,20260429,45500,8.57,389935.0,8.57,0.00874126,0.76453,52052.0
603107.SH,20260429,3700,14.21,52577.0,14.21,0.00169589,0.161364,21817.4
603108.SH,20260429,57400,13.32,764568.0,13.24,0.00950798,0.378235,60370.3
603109.SH,20260429,114400,21.99,2515656.0,22.48,0.0547766,1.56446,20884.8
603110.SH,20260429,1452400,19.92,28931808.0,21.11,0.721773,6.36606,20122.7
603111.SH,20260429,11800,6.75,79650.0,6.71,0.00138355,0.134457,85287.9
603112.SH,20260429,10200,21.31,217362.0,21.22,0.00190795,0.0611249,53460.7
603113.SH,20260429,93700,7.12,667144.0,7.1,0.0110431,0.664112,84849.1
603115.SH,20260429,77500,58.31,4519025.0,57.65,0.0320393,0.613548,24189.0
603116.SH,20260429,69400,6.06,420564.0,6.06,0.0120444,0.529673,57620.1
603117.SH,20260429,38200,4.7,179540.0,4.67,0.00637519,0.333877,59919.8
603118.SH,20260429,417300,13.8,5758740.0,13.98,0.0530055,0.535536,78727.6
603119.SH,20260429,33300,74.0,2464200.0,74.38,0.0163332,0.258119,20387.9
603120.SH,20260429,1000,38.44,38440.0,38.37,0.00263852,0.106156,3790.0
603121.SH,20260429,4200,20.34,85428.0,20.5,0.00124064,0.082857,33853.4
603122.SH,20260429,112500,15.33,1724625.0,15.55,0.0282626,0.616965,39805.3
603123.SH,20260429,75300,11.33,853149.0,11.42,0.0115442,0.354354,65227.6
603124.SH,20260429,12400,135.07,1674868.0,136.13,0.0159776,0.522233,7760.88
603125.SH,20260429,379400,22.45,8517530.0,22.5,0.0937169,4.0105,40483.6
603126.SH,20260429,97000,8.15,790550.0,8.04,0.0158886,0.918355,61050.0
603127.SH,20260429,355700,39.1,13907870.0,39.95,0.0564287,1.10892,63035.3
603128.SH,20260429,245800,5.53,1359274.0,5.47,0.018777,3.16084,130905.0
603129.SH,20260429,2800,273.89,766892.0,271.31,0.00182431,0.264063,15348.3
603130.SH,20260429,3000,46.0,138000.0,46.31,0.00218159,0.0746492,13751.4
603131.SH,20260429,35200,19.77,695904.0,19.77,0.010448,0.419741,33690.7
603132.SH,20260429,17700,19.24,340548.0,19.5,0.00180982,0.166428,97800.0
603135.SH,20260429,54900,11.37,624213.0,11.4,0.00872068,0.575648,62953.8
603136.SH,20260429,93100,10.62,988722.0,10.78,0.0344653,1.31052,27012.7
603137.SH,20260429,21800,13.75,299750.0,13.86,0.0119169,0.773613,18293.3
603138.SH,20260429,16400,18.79,308156.0,18.85,0.00568767,0.125905,28834.3
603139.SH,20260429,17900,33.15,593385.0,33.44,0.0179215,0.342031,9988.0
603150.SH,20260429,2300,58.35,134205.0,58.27,0.00269059,0.086483,8548.3
603151.SH,20260429,3400,15.84,53856.0,15.75,0.001987,0.0958711,17111.3
603153.SH,20260429,1200,16.39,19668.0,16.36,0.000297191,0.0771407,40378.0
603155.SH,20260429,81600,17.0,1387200.0,16.64,0.0258402,1.61556,31578.7
603156.SH,20260429,23800,34.01,809438.0,34.22,0.00188847,0.265491,126028.0
603158.SH,20260429,114912,13.13,1508795.0,13.27,0.0234146,0.275178,49077.0
603159.SH,20260429,0,,0.0,26.06,0.0,0.0,14000.0
603160.SH,20260429,16600,63.71,1057586.0,64.05,0.00356395,0.198324,46577.5
603161.SH,20260429,56600,14.7,832020.0,14.37,0.0296725,1.97503,19074.9
603162.SH,20260429,98700,14.22,1403514.0,14.38,0.0353167,0.553691,27947.2
603163.SH,20260429,6100,99.69,608109.0,99.76,0.0061,0.250731,10000.0
603165.SH,20260429,29400,17.11,503034.0,17.21,0.00917474,0.24522,32044.5
603166.SH,20260429,3200,13.14,42048.0,13.18,0.000499442,0.0694007,64071.6
603167.SH,20260429,12500,9.2,115000.0,9.21,0.00266442,0.17521,46914.4
603168.SH,20260429,12600,6.62,83412.0,6.62,0.00338242,0.179474,37251.4
603169.SH,20260429,42900,8.22,352638.0,8.22,0.00328411,0.124951,130629.0
603170.SH,20260429,27800,13.94,387532.0,13.83,0.00694983,0.673703,40001.0
603171.SH,20260429,33500,52.88,1771480.0,53.12,0.00825347,0.387704,40589.0
603172.SH,20260429,22300,21.35,476105.0,21.29,0.0445288,0.9931,5008.0
603173.SH,20260429,64400,39.7,2556680.0,40.61,0.04025,2.24579,16000.0
603175.SH,20260429,35569,92.0,3272348.0,92.0,0.0782179,0.776955,4547.42
603176.SH,20260429,51000,5.57,284070.0,5.53,0.0110434,0.74576,46181.6
603177.SH,20260429,17900,11.51,206029.0,11.71,0.00876626,0.276413,20419.2
603178.SH,20260429,348200,17.6,6128320.0,18.31,0.147285,0.885466,23641.2
603179.SH,20260429,41600,58.0,2412800.0,58.4,0.00815459,0.247317,51014.2
603180.SH,20260429,20196,18.7,377665.0,18.89,0.0130924,2.57836,15425.7
603181.SH,20260429,32200,15.55,500710.0,15.66,0.00546968,0.40228,58870.0
603182.SH,20260429,24100,14.51,349691.0,14.66,0.014646,0.619165,16455.0
603183.SH,20260429,106200,4.8,509760.0,4.8,0.0213616,0.474374,49715.3
603185.SH,20260429,325553,21.99,7158910.0,22.86,0.0479444,2.5112,67902.2
603186.SH,20260429,79963,76.0,6077188.0,76.43,0.0509999,0.409937,15679.1
603187.SH,20260429,97300,14.74,1434202.0,14.38,0.0254471,2.1754,38236.2
603188.SH,20260429,78900,4.98,392922.0,4.95,0.013838,0.610588,57017.0
603189.SH,20260429,125800,12.62,1587596.0,12.87,0.0466707,0.54943,26954.8
603190.SH,20260429,2700,25.05,67635.0,25.05,0.00656685,0.265747,4111.56
603191.SH,20260429,19200,19.5,374400.0,19.7,0.00581881,0.201923,32996.5
603192.SH,20260429,1400,23.5,32900.0,23.65,0.00100426,0.125177,13940.6
603193.SH,20260429,40900,25.98,1062582.0,26.16,0.0395795,0.513024,10333.6
603194.SH,20260429,10500,35.88,376740.0,36.18,0.00664444,0.44395,15802.7
603195.SH,20260429,5600,41.04,229824.0,41.05,0.000310996,0.366599,180066.0
603196.SH,20260429,90100,28.5,2567850.0,28.96,0.0380188,0.982146,23698.8
603197.SH,20260429,5300,33.79,179087.0,33.88,0.00251004,0.204959,21115.2
603198.SH,20260429,14100,37.62,530442.0,37.89,0.0017625,0.111346,80000.0
603199.SH,20260429,11200,36.69,410928.0,36.75,0.0101193,0.455967,11068.0
603200.SH,20260429,176000,57.61,10139360.0,60.95,0.100296,2.02376,17548.0
603201.SH,20260429,28000,15.73,440440.0,15.95,0.0148656,1.39174,18835.5
603202.SH,20260429,8100,78.63,636903.0,78.7,0.0161311,0.345182,5021.36
603203.SH,20260429,26900,45.78,1231482.0,46.68,0.0107966,0.318104,24915.3
603205.SH,20260429,3600,27.67,99612.0,27.67,0.00870827,0.209971,4134.0
603206.SH,20260429,9700,16.88,163736.0,16.88,0.00317824,0.218375,30520.0
603207.SH,20260429,21800,26.13,569634.0,26.27,0.0400735,1.79017,5440.0
603208.SH,20260429,4500,13.37,60165.0,13.37,0.0025399,0.223262,17717.3
603209.SH,20260429,12000,14.92,179040.0,14.96,0.0037326,0.211732,32149.2
603210.SH,20260429,7300,16.0,116800.0,16.0,0.00313739,0.308127,23267.8
603211.SH,20260429,52800,25.19,1330032.0,25.06,0.0194255,0.434153,27180.8
603212.SH,20260429,150600,12.86,1936716.0,13.05,0.0344236,0.544885,43749.1
603213.SH,20260429,1400,13.51,18914.0,13.52,0.000316762,0.0882953,44197.2
603214.SH,20260429,12000,15.99,191880.0,16.02,0.00866176,0.500743,13854.0
603215.SH,20260429,833700,20.0,16674000.0,22.22,0.445285,12.3081,18722.8
603216.SH,20260429,4100,29.06,119146.0,29.45,0.00184112,0.122337,22269.0
603217.SH,20260429,17300,30.86,533878.0,30.95,0.00831381,0.211404,20808.8
603218.SH,20260429,117200,12.82,1502504.0,12.99,0.0114004,0.666174,102804.0
603219.SH,20260429,135700,17.0,2306900.0,17.33,0.0241717,1.81192,56140.0
603220.SH,20260429,400900,28.75,11525875.0,29.23,0.0923177,0.509709,43426.1
603221.SH,20260429,190000,12.18,2314200.0,12.36,0.0784249,2.87864,24227.0
603222.SH,20260429,54300,9.21,500103.0,9.24,0.0103411,0.210644,52509.1
603223.SH,20260429,15500,8.91,138105.0,8.97,0.00219602,0.151292,70582.2
603225.SH,20260429,220100,18.19,4003619.0,17.62,0.0131911,1.65727,166855.0
603226.SH,20260429,800,38.52,30816.0,38.52,0.00022504,0.0224348,35549.2
603227.SH,20260429,79900,8.68,693532.0,8.64,0.0074555,0.460252,107169.0
603228.SH,20260429,147400,72.58,10698292.0,73.32,0.0151062,0.24679,97575.6
603229.SH,20260429,110100,10.18,1120818.0,10.18,0.0132603,1.18821,83029.7
603230.SH,20260429,2200,10.58,23276.0,10.6,0.000622307,0.0689258,35352.3
603231.SH,20260429,2900,17.62,51098.0,17.64,0.002729,0.13927,10626.6
603232.SH,20260429,8000,17.8,142400.0,17.9,0.00345871,0.115911,23130.0
603233.SH,20260429,32400,18.89,612036.0,18.75,0.00284498,0.383959,113885.0
603235.SH,20260429,0,,0.0,26.38,0.0,0.0,43778.0
603236.SH,20260429,15700,74.28,1166196.0,74.17,0.00600021,0.131893,26165.8
603237.SH,20260429,4700,17.61,82767.0,17.57,0.00239782,0.21952,19601.2
603238.SH,20260429,20800,15.45,321360.0,15.54,0.0117177,0.617109,17750.9
603239.SH,20260429,111300,24.2,2693460.0,24.95,0.0411126,1.75994,27072.0
603248.SH,20260429,21200,24.81,525972.0,24.82,0.0305877,0.27536,6930.89
603255.SH,20260429,30300,30.91,936573.0,31.3,0.049938,2.07228,6067.52
603256.SH,20260429,220500,108.52,23928660.0,109.65,0.0250646,0.872586,87972.8
603257.SH,20260429,11300,57.98,655174.0,58.14,0.0453815,0.706964,2490.0
603258.SH,20260429,5700,16.99,96843.0,17.06,0.0023618,0.33462,24134.1
603259.SH,20260429,3069300,111.0,340692300.0,110.57,0.124098,8.49715,247328.0
603260.SH,20260429,19700,43.7,860890.0,43.51,0.00166637,0.265109,118221.0
603261.SH,20260429,14600,33.7,492020.0,33.79,0.0188375,1.34492,7750.5
603262.SH,20260429,1600,25.22,40352.0,25.38,0.0039992,0.14261,4000.8
603266.SH,20260429,1900,19.52,37088.0,19.65,0.000955318,0.0467012,19888.7
603267.SH,20260429,149900,50.9,7629910.0,52.5,0.0648691,2.61045,23108.1
603268.SH,20260429,35000,141.99,4969650.0,142.68,0.0150054,0.249072,23325.0
603269.SH,20260429,73700,14.75,1087075.0,14.78,0.0238703,0.440794,30875.2
603270.SH,20260429,64300,25.2,1620360.0,25.91,0.0909262,2.60666,7071.67
603271.SH,20260429,5900,50.29,296711.0,50.35,0.00623837,0.158546,9457.6
603273.SH,20260429,2200,17.39,38258.0,17.28,0.00392448,0.131548,5605.84
603275.SH,20260429,26200,45.0,1179000.0,44.62,0.0630779,1.4638,4153.6
603276.SH,20260429,23300,17.7,412410.0,17.5,0.0308029,0.561803,7564.23
603277.SH,20260429,4600,13.08,60168.0,13.03,0.000754412,0.20494,60974.6
603278.SH,20260429,139200,11.44,1592448.0,11.44,0.0407304,0.373463,34175.9
603279.SH,20260429,102000,16.97,1730940.0,17.5,0.0176969,1.5471,57637.3
603280.SH,20260429,8200,34.19,280358.0,34.01,0.0293469,0.728384,2794.17
603281.SH,20260429,4400,34.18,150392.0,34.19,0.00117857,0.13145,37333.3
603282.SH,20260429,84800,19.68,1668864.0,21.87,0.0633687,4.32128,13382.0
603283.SH,20260429,396200,53.18,21069916.0,54.67,0.146105,3.38115,27117.4
603284.SH,20260429,6200,46.9,290780.0,46.97,0.0335618,0.251978,1847.34
603285.SH,20260429,50000,42.8,2140000.0,41.87,0.080261,0.817314,6229.68
603286.SH,20260429,1100,60.23,66253.0,60.23,0.000953084,0.0239412,11541.5
603288.SH,20260429,76100,39.37,2996057.0,39.26,0.00136856,0.540641,556060.0
603289.SH,20260429,139800,11.4,1593720.0,11.67,0.0476498,1.51738,29339.0
603290.SH,20260429,58900,110.18,6489602.0,111.08,0.0245956,0.695632,23947.3
603291.SH,20260429,11900,11.38,135422.0,11.31,0.00281177,0.196259,42322.1
603293.SH,20260429,63800,48.65,3103870.0,49.19,0.181784,0.939515,3509.65
603296.SH,20260429,38400,103.37,3969408.0,103.9,0.00673109,0.216382,57048.7
603297.SH,20260429,600,114.43,68658.0,115.25,0.000541863,0.024213,11072.9
603298.SH,20260429,17800,27.36,487008.0,27.36,0.00135897,0.206967,130981.0
603299.SH,20260429,45100,10.8,487080.0,10.95,0.0057783,0.442764,78050.6
603300.SH,20260429,139600,6.65,928340.0,6.68,0.00699899,0.227158,199457.0
603301.SH,20260429,3300,90.78,299574.0,89.88,0.00125059,0.176178,26387.6
603303.SH,20260429,18300,16.48,301584.0,16.64,0.00383692,0.481721,47694.5
603305.SH,20260429,637500,15.03,9581625.0,14.45,0.055161,2.13108,115571.0
603306.SH,20260429,213900,90.0,19251000.0,92.23,0.0649175,1.12289,32949.5
603307.SH,20260429,9400,40.84,383896.0,39.66,0.0140299,2.44792,6700.0
603308.SH,20260429,101200,76.26,7717512.0,76.47,0.0149034,0.368676,67904.1
603309.SH,20260429,21400,13.55,289970.0,13.56,0.007332,0.288476,29187.1
603310.SH,20260429,2300,16.61,38203.0,16.58,0.00118551,0.118344,19401.0
603311.SH,20260429,153400,19.38,2972892.0,19.4,0.065032,1.91015,23588.4
603312.SH,20260429,4800,38.85,186480.0,39.24,0.00942664,0.28611,5091.95
603313.SH,20260429,487000,6.98,3399260.0,7.75,0.0853507,8.6787,57058.7
603315.SH,20260429,178700,17.49,3125463.0,17.31,0.0557799,0.571901,32036.6
603316.SH,20260429,12800,15.55,199040.0,15.73,0.00484364,0.151652,26426.4
603317.SH,20260429,2478800,15.9,39412920.0,15.71,0.232814,21.8423,106471.0
603318.SH,20260429,5345095,13.64,72907096.0,13.78,1.16433,7.40647,45907.1
603319.SH,20260429,17900,35.69,638851.0,35.91,0.00527791,0.108843,33915.0
603320.SH,20260429,3900,24.89,97071.0,24.9,0.00261488,0.0820868,14914.6
603321.SH,20260429,18100,7.42,134302.0,7.43,0.00525301,0.408275,34456.4
603322.SH,20260429,71600,33.3,2384280.0,32.72,0.0454353,0.618334,15758.7
603323.SH,20260429,150580,4.89,736336.0,4.89,0.00745984,0.575604,201854.0
603324.SH,20260429,5100,25.68,130968.0,25.68,0.00345342,0.135539,14768.0
603325.SH,20260429,1100,65.33,71863.0,65.33,0.00321796,0.0756541,3418.32
603326.SH,20260429,52100,8.94,465774.0,8.89,0.0163232,1.54706,31917.7
603327.SH,20260429,366000,10.75,3934500.0,10.95,0.0350085,0.835981,104546.0
603328.SH,20260429,1479900,11.73,17359227.0,12.97,0.148221,2.95993,99844.3
603329.SH,20260429,651500,11.18,7283770.0,10.51,0.315675,29.3434,20638.3
603330.SH,20260429,8100,7.27,58887.0,7.32,0.00187208,0.0841235,43267.4
603331.SH,20260429,159400,13.83,2204502.0,14.05,0.0788423,2.50749,20217.6
603332.SH,20260429,114900,13.78,1583322.0,14.22,0.0531091,0.909546,21634.7
603333.SH,20260429,9800,7.93,77714.0,7.92,0.00157676,0.0819768,62152.8
603334.SH,20260429,7000,49.0,343000.0,48.73,0.0225416,0.625342,3105.36
603335.SH,20260429,701600,7.2,5051520.0,7.25,0.16387,1.13019,42814.5
603336.SH,20260429,1081400,12.92,13971688.0,12.63,0.177652,3.11356,60871.9
603337.SH,20260429,30400,38.45,1168880.0,37.44,0.00641722,0.830728,47372.6
603338.SH,20260429,366700,57.9,21231930.0,57.02,0.0724206,6.61388,50634.8
603339.SH,20260429,2800,13.45,37660.0,13.5,0.000904857,0.0656007,30944.1
603341.SH,20260429,177900,35.55,6324345.0,36.63,0.0668262,2.09344,26621.3
603344.SH,20260429,2300,26.86,61778.0,26.96,0.00425682,0.12653,5403.1
603345.SH,20260429,273500,105.6,28881600.0,99.84,0.0932511,7.10822,29329.4
603348.SH,20260429,82800,18.68,1546704.0,19.03,0.0263294,3.13612,31447.7
603350.SH,20260429,200,34.75,6950.0,34.85,0.000453263,0.0150403,4412.45
603351.SH,20260429,6400,26.5,169600.0,26.6,0.00472537,0.626513,13543.9
603352.SH,20260429,29700,35.6,1057320.0,35.81,0.0668582,1.72791,4442.24
603353.SH,20260429,141700,39.0,5526300.0,39.84,0.0831485,2.12269,17041.8
603355.SH,20260429,35500,29.03,1030565.0,29.69,0.00619118,0.956754,57339.7
603356.SH,20260429,18600,18.22,338892.0,18.03,0.0139493,0.384853,13334.0
603357.SH,20260429,6200,8.02,49724.0,8.0,0.0011159,0.136084,55560.3
603358.SH,20260429,59000,32.35,1908650.0,32.65,0.0129619,0.696723,45517.9
603360.SH,20260429,227200,18.5,4203200.0,20.55,0.0321711,2.70317,70622.4
603363.SH,20260429,189600,3.33,631368.0,3.38,0.00884689,0.208151,214313.0
603365.SH,20260429,74600,21.77,1624042.0,21.9,0.0287141,1.53077,25980.2
603366.SH,20260429,88100,8.24,725944.0,8.33,0.0108358,0.706814,81304.8
603367.SH,20260429,104800,15.48,1622304.0,15.14,0.0231472,1.91143,45275.4
603368.SH,20260429,12100,16.7,202070.0,16.72,0.00304624,0.459401,39721.1
603369.SH,20260429,451900,26.5,11975350.0,25.96,0.0362448,3.71502,124680.0
603370.SH,20260429,1700,41.16,69972.0,41.16,0.00485853,0.202744,3499.0
603373.SH,20260429,4800,38.44,184512.0,38.22,0.0105657,0.534722,4543.01
603375.SH,20260429,3700,40.0,148000.0,41.4,0.00580111,0.154448,6378.09
603376.SH,20260429,6300,30.26,190638.0,30.43,0.020298,0.507663,3103.76
603377.SH,20260429,4600,3.63,16698.0,3.64,0.000642977,0.0987301,71542.2
603378.SH,20260429,431200,5.21,2246552.0,5.79,0.100607,6.32443,42859.7
603379.SH,20260429,30200,64.36,1943672.0,64.7,0.00494693,0.327782,61047.9
603380.SH,20260429,2100,35.87,75327.0,36.1,0.00130889,0.0712714,16044.1
603381.SH,20260429,7400,22.36,165464.0,22.48,0.00520622,0.140047,14213.8
603382.SH,20260429,5000,25.51,127550.0,25.54,0.013793,0.545904,3625.03
603383.SH,20260429,29800,33.2,989360.0,32.95,0.0145099,0.401349,20537.6
603385.SH,20260429,23000,6.63,152490.0,6.6,0.00604206,0.406377,38066.5
603386.SH,20260429,58400,12.79,746936.0,12.97,0.0178964,0.807812,32632.3
603387.SH,20260429,40500,8.98,363690.0,9.05,0.00798575,0.297785,50715.4
603389.SH,20260429,41900,55.3,2317070.0,56.31,0.0159466,1.75004,26275.2
603390.SH,20260429,322100,13.84,4457864.0,13.97,0.0918936,1.11751,35051.4
603391.SH,20260429,200,62.31,12462.0,62.94,0.000879121,0.0223568,2275.0
603392.SH,20260429,21200,38.99,826588.0,39.29,0.00167669,0.711966,126439.0
603393.SH,20260429,44000,34.06,1498640.0,34.32,0.0103965,0.502306,42322.1
603395.SH,20260429,25600,27.09,693504.0,27.33,0.0393846,0.945725,6500.0
603396.SH,20260429,8700,34.8,302760.0,34.64,0.00628034,0.260616,13852.7
603398.SH,20260429,88600,11.95,1058770.0,11.76,0.0204316,0.971275,43364.2
603399.SH,20260429,2413900,15.92,38429288.0,16.03,0.471197,3.83482,51229.1
603400.SH,20260429,200,63.51,12702.0,63.79,0.001,0.0152986,2000.0
603402.SH,20260429,53900,113.88,6138132.0,118.88,0.278793,4.38042,1933.33
603406.SH,20260429,1900,33.47,63593.0,33.61,0.0051824,0.202863,3666.25
603408.SH,20260429,5000,11.64,58200.0,11.64,0.00111714,0.157747,44757.3
603409.SH,20260429,2900,41.6,120640.0,41.92,0.00801896,0.1737,3616.43
603416.SH,20260429,600,51.82,31092.0,51.82,0.000430895,0.0381945,13924.5
603418.SH,20260429,30600,51.01,1560906.0,50.4,0.0739763,3.24059,4136.46
603421.SH,20260429,51700,8.08,417736.0,8.15,0.00792713,0.283335,65219.1
603429.SH,20260429,31100,9.7,301670.0,9.87,0.00592962,0.726997,52448.5
603439.SH,20260429,2500,11.1,27750.0,11.12,0.000619057,0.0875923,40384.0
603444.SH,20260429,18500,413.0,7640500.0,416.99,0.0256798,0.62898,7204.11
603456.SH,20260429,112013,14.01,1569302.0,14.15,0.0125936,0.452496,88944.6
603458.SH,20260429,11400,11.25,128250.0,11.2,0.00372397,0.06582,30612.5
603459.SH,20260429,377600,60.91,22999616.0,62.99,0.477661,1.75736,7905.19
603466.SH,20260429,189100,9.58,1811578.0,9.58,0.0317913,0.427809,59481.8
603477.SH,20260429,79800,17.44,1391712.0,17.51,0.0156449,0.490368,51007.0
603486.SH,20260429,75400,66.8,5036720.0,67.0,0.0131507,0.745297,57335.2
603488.SH,20260429,30200,10.9,329180.0,10.96,0.0103428,0.270496,29199.0
603489.SH,20260429,126900,34.58,4388202.0,33.41,0.0540879,2.47775,23461.8
603496.SH,20260429,212200,30.0,6366000.0,29.62,0.0662692,0.518557,32020.9
603499.SH,20260429,500,20.15,10075.0,20.19,0.000165238,0.0104612,30259.4
603500.SH,20260429,2800,10.49,29372.0,10.56,0.000843797,0.0570789,33183.3
603501.SH,20260429,450900,102.85,46375065.0,103.89,0.0372519,1.2876,121041.0
603505.SH,20260429,188700,17.1,3226770.0,17.49,0.0224197,1.43628,84166.9
603506.SH,20260429,16100,12.73,204953.0,12.72,0.00857396,0.493162,18777.8
603507.SH,20260429,96300,46.5,4477950.0,47.01,0.0529784,0.714438,18177.2
603508.SH,20260429,361567,24.96,9024712.0,23.78,0.0948312,14.2028,38127.4
603511.SH,20260429,12300,14.43,177489.0,14.68,0.00306056,0.655529,40188.7
603515.SH,20260429,1500,20.47,30705.0,20.48,0.000203714,0.0488164,73632.8
603516.SH,20260429,157000,145.37,22823090.0,143.68,0.0772378,2.27113,20326.8
603517.SH,20260429,57800,12.68,732904.0,12.87,0.00953792,1.11666,60600.2
603518.SH,20260429,269400,9.51,2561994.0,9.52,0.0782971,3.14608,34407.4
603519.SH,20260429,15400,13.7,210980.0,13.81,0.00578235,0.365461,26632.8
603520.SH,20260429,248800,11.85,2948280.0,11.82,0.0567505,0.693394,43841.0
603527.SH,20260429,31400,12.21,383394.0,12.23,0.00990626,0.181156,31697.1
603528.SH,20260429,33900,7.91,268149.0,7.98,0.00480217,0.47399,70593.0
603529.SH,20260429,35400,23.1,817740.0,23.27,0.00417669,0.217697,84756.0
603530.SH,20260429,12000,59.88,718560.0,60.48,0.00280725,0.217178,42746.5
603533.SH,20260429,56100,25.0,1402500.0,25.13,0.012782,0.299695,43889.7
603535.SH,20260429,30200,8.05,243110.0,8.06,0.00591093,0.901262,51091.8
603536.SH,20260429,50700,10.2,517140.0,10.0,0.0210783,1.33199,24053.2
603538.SH,20260429,1267401,61.26,77640985.0,60.12,0.545394,2.18146,23238.3
603551.SH,20260429,13500,11.6,156600.0,11.72,0.00355372,0.49044,37988.4
603556.SH,20260429,11200,29.27,327824.0,29.42,0.00230327,0.172465,48626.4
603557.SH,20260429,1701000,4.28,7280280.0,4.08,0.272842,16.6186,62343.7
603558.SH,20260429,50800,12.87,653796.0,13.05,0.0148261,0.439504,34263.8
603559.SH,20260429,162100,7.35,1191435.0,7.28,0.040396,3.76599,40127.7
603565.SH,20260429,54400,10.89,592416.0,10.97,0.0025904,0.21018,210006.0
603566.SH,20260429,168400,12.2,2054480.0,12.45,0.0486618,5.28512,34606.2
603567.SH,20260429,142500,6.65,947625.0,6.66,0.0151692,1.04173,93940.3
603568.SH,20260429,62700,20.61,1292247.0,20.6,0.00367302,0.607821,170704.0
603569.SH,20260429,8200,6.56,53792.0,6.56,0.00135872,0.116236,60350.7
603577.SH,20260429,2200,11.08,24376.0,11.15,0.000648701,0.0360409,33913.9
603578.SH,20260429,17800,13.1,233180.0,13.17,0.00986931,0.36474,18035.7
603579.SH,20260429,120500,22.31,2688355.0,22.52,0.0599346,1.73621,20105.2
603580.SH,20260429,2900,19.59,56811.0,19.59,0.00221928,0.136825,13067.3
603583.SH,20260429,42700,29.28,1250256.0,29.82,0.0111708,0.722474,38224.7
603585.SH,20260429,16600,19.49,323534.0,19.42,0.00866883,0.11762,19149.1
603586.SH,20260429,19500,15.79,307905.0,15.8,0.0099463,0.195448,19605.3
603587.SH,20260429,40800,13.13,535704.0,13.0,0.00860591,1.43822,47409.3
603588.SH,20260429,130700,14.76,1929132.0,14.85,0.00858043,0.262738,152323.0
603589.SH,20260429,8400,24.11,202524.0,24.1,0.0014044,0.169563,59811.9
603590.SH,20260429,10500,35.98,377790.0,36.27,0.00663618,0.316759,15822.3
603595.SH,20260429,4800,18.39,88272.0,18.42,0.00206503,0.0840925,23244.2
603596.SH,20260429,65800,44.8,2947840.0,44.59,0.0108489,0.53902,60651.2
603598.SH,20260429,29900,19.73,589927.0,19.78,0.0110994,0.235989,26938.3
603599.SH,20260429,93793,15.06,1412523.0,14.92,0.0103039,0.3966,91026.9
603600.SH,20260429,44700,11.61,518967.0,11.7,0.0148981,0.473292,30003.8
603601.SH,20260429,1025200,14.85,15224220.0,15.26,0.0897455,0.467541,114234.0
603602.SH,20260429,29300,12.41,363613.0,12.59,0.0126808,0.597836,23105.8
603605.SH,20260429,9500,61.3,582350.0,61.45,0.00239914,0.201798,39597.6
603606.SH,20260429,69800,61.7,4306660.0,62.15,0.0101495,0.334543,68771.5
603607.SH,20260429,6100,23.47,143167.0,23.49,0.00341705,0.145687,17851.7
603608.SH,20260429,18100,13.13,237653.0,13.04,0.00431223,0.0977348,41973.6
603609.SH,20260429,16800,6.83,114744.0,6.82,0.00184963,0.493268,90829.1
603610.SH,20260429,70600,16.59,1171254.0,16.44,0.0200005,1.12951,35299.2
603611.SH,20260429,161600,20.33,3285328.0,21.14,0.0627327,5.19418,25760.1
603612.SH,20260429,19600,24.51,480396.0,24.5,0.00393492,0.11232,49810.4
603613.SH,20260429,52600,27.78,1461228.0,27.73,0.0073001,0.333176,72053.8
603615.SH,20260429,24100,20.0,482000.0,20.05,0.00996609,0.581948,24182.0
603616.SH,20260429,673000,6.09,4098570.0,6.02,0.175127,3.39699,38429.3
603617.SH,20260429,7700,7.56,58212.0,7.52,0.00200708,0.105383,38364.1
603618.SH,20260429,471200,29.0,13664800.0,29.06,0.068154,0.48803,69137.6
603619.SH,20260429,195500,35.07,6856185.0,34.86,0.042285,0.879221,46233.8
603626.SH,20260429,219700,23.93,5257421.0,23.85,0.0395942,0.57178,55488.0
603628.SH,20260429,34400,12.3,423120.0,12.41,0.0126391,0.417864,27217.2
603629.SH,20260429,2246700,130.99,294295233.0,119.35,0.874706,6.26115,25685.2
603630.SH,20260429,59700,17.19,1026243.0,17.2,0.0265092,1.32778,22520.5
603633.SH,20260429,24600,8.18,201228.0,8.2,0.00576368,0.125907,42681.1
603636.SH,20260429,30400,8.74,265696.0,8.77,0.00523812,0.412579,58036.1
603637.SH,20260429,23300,16.25,378625.0,16.29,0.00976178,0.124302,23868.6
603638.SH,20260429,30500,22.55,687775.0,22.7,0.00366988,0.314601,83108.9
603639.SH,20260429,211500,12.99,2747385.0,13.79,0.0622282,5.85444,33987.8
603648.SH,20260429,2300,10.05,23115.0,10.09,0.000634635,0.0636594,36241.3
603650.SH,20260429,79200,54.08,4283136.0,54.98,0.0128891,0.49503,61447.3
603655.SH,20260429,97300,45.0,4378500.0,46.62,0.0917924,2.01201,10600.0
603656.SH,20260429,1100,20.02,22022.0,20.02,0.000601272,0.0362765,18294.5
603657.SH,20260429,57300,27.0,1547100.0,27.0,0.0423848,2.24438,13519.0
603658.SH,20260429,13700,33.5,458950.0,33.52,0.00239752,0.646078,57142.5
603659.SH,20260429,217100,35.3,7663630.0,35.5,0.010162,0.311287,213640.0
603660.SH,20260429,699059,11.16,7801498.0,11.3,0.122322,2.0397,57149.3
603661.SH,20260429,4300,31.5,135450.0,31.7,0.00309203,0.46749,13906.7
603662.SH,20260429,17500,54.72,957600.0,54.73,0.00623153,0.466032,28083.0
603663.SH,20260429,27800,46.79,1300762.0,47.0,0.00657491,0.311362,42282.0
603665.SH,20260429,2500,26.43,66075.0,26.59,0.00156086,0.0806113,16016.8
603666.SH,20260429,12800,28.75,368000.0,29.02,0.00622779,0.232457,20553.0
603667.SH,20260429,104200,62.52,6514584.0,63.07,0.0284542,0.550783,36620.3
603668.SH,20260429,9800,13.39,131222.0,13.45,0.00193754,0.0928384,50579.7
603669.SH,20260429,211100,4.39,926729.0,4.36,0.0296351,1.25169,71233.0
603676.SH,20260429,4900,10.58,51842.0,10.63,0.00112602,0.189169,43516.1
603677.SH,20260429,3700,15.58,57646.0,15.6,0.00192107,0.217198,19260.1
603678.SH,20260429,465400,32.35,15055690.0,35.2,0.0978622,4.86325,47556.7
603679.SH,20260429,27100,14.09,381839.0,14.3,0.0152516,0.488186,17768.6
603680.SH,20260429,74023,14.3,1058529.0,14.29,0.0094451,0.612991,78371.9
603681.SH,20260429,74300,18.09,1344087.0,18.09,0.0312524,1.19327,23774.2
603682.SH,20260429,156900,8.32,1305408.0,8.38,0.0332063,0.618895,47250.0
603683.SH,20260429,17400,27.86,484764.0,27.86,0.00603811,0.134272,28816.9
603685.SH,20260429,7800,32.91,256698.0,33.4,0.00387163,0.191865,20146.6
603686.SH,20260429,37400,18.37,687038.0,18.6,0.00900271,0.323277,41543.0
603687.SH,20260429,840300,14.99,12596097.0,15.12,0.152773,1.04408,55003.2
603688.SH,20260429,113000,53.98,6099740.0,54.91,0.0208611,0.399434,54167.8
603689.SH,20260429,22600,8.31,187806.0,8.32,0.00431753,0.500065,52344.7
603690.SH,20260429,127100,24.65,3133015.0,24.78,0.0331885,0.936672,38296.4
603693.SH,20260429,127530,15.41,1965237.0,15.67,0.0143055,0.373234,89147.6
603696.SH,20260429,12600,15.23,191898.0,15.38,0.00535714,0.224581,23520.0
603697.SH,20260429,80900,10.56,854304.0,10.48,0.0189155,0.838624,42769.2
603698.SH,20260429,116700,38.8,4527960.0,39.49,0.0217728,0.280281,53599.0
603699.SH,20260429,12200,58.52,713944.0,58.5,0.0016092,0.157606,75814.3
603700.SH,20260429,29500,12.8,377600.0,12.98,0.0147528,0.751991,19996.2
603701.SH,20260429,15000,25.77,386550.0,25.5,0.00573917,0.306489,26136.2
603703.SH,20260429,35400,13.54,479316.0,13.53,0.00853049,0.31314,41498.2
603706.SH,20260429,28300,21.64,612412.0,21.65,0.0149433,1.48127,18938.3
603707.SH,20260429,47200,9.43,445096.0,9.43,0.00292144,0.728453,161564.0
603708.SH,20260429,7100,10.7,75970.0,10.78,0.00111226,0.155193,63833.9
603709.SH,20260429,51700,18.84,974028.0,18.93,0.0413239,0.639745,12510.9
603711.SH,20260429,1400,12.5,17500.0,12.51,0.000339086,0.101502,41287.4
603712.SH,20260429,33900,15.6,528840.0,15.55,0.00439119,0.377036,77200.0
603713.SH,20260429,12900,57.78,745362.0,56.63,0.00815797,1.04339,15812.8
603716.SH,20260429,141100,20.52,2895372.0,20.91,0.0624915,1.48174,22579.1
603717.SH,20260429,31700,6.76,214292.0,6.76,0.0109255,0.445791,29014.6
603718.SH,20260429,73500,3.81,280035.0,3.85,0.0113255,0.343415,64898.0
603719.SH,20260429,502200,11.12,5584464.0,10.57,0.125237,10.7658,40100.0
603721.SH,20260429,81000,24.25,1964250.0,23.99,0.0623077,2.60562,13000.0
603722.SH,20260429,1200,38.0,45600.0,37.93,0.00125392,0.0727066,9570.01
603725.SH,20260429,9600,9.65,92640.0,9.7,0.00334894,0.134736,28665.8
603726.SH,20260429,72800,23.1,1681680.0,23.14,0.0394139,1.36984,18470.6
603727.SH,20260429,20100,18.6,373860.0,18.4,0.00713476,0.434846,28171.9
603728.SH,20260429,11700,56.66,662922.0,56.95,0.00279315,0.246483,41888.2
603730.SH,20260429,64100,10.5,673050.0,10.56,0.00298336,0.289753,214859.0
603733.SH,20260429,8600,22.08,189888.0,22.05,0.00121516,0.348554,70772.4
603737.SH,20260429,7500,43.97,329775.0,43.97,0.00101651,0.0934549,73781.8
603738.SH,20260429,704740,35.88,25286071.0,36.2,0.182628,0.868552,38588.8
603739.SH,20260429,3800,14.68,55784.0,14.72,0.0015018,0.0863588,25302.9
603755.SH,20260429,4300,28.19,121217.0,28.19,0.00436045,0.322982,9861.37
603757.SH,20260429,110000,46.96,5165600.0,48.78,0.0589663,0.955818,18654.7
603758.SH,20260429,3900,11.94,46566.0,12.02,0.000888794,0.120057,43879.7
603759.SH,20260429,15000,9.15,137250.0,9.25,0.00324844,0.413266,46176.0
603766.SH,20260429,26800,15.43,413524.0,15.4,0.00130506,0.146486,205354.0
603767.SH,20260429,41800,19.1,798380.0,19.32,0.0135437,0.614035,30863.2
603768.SH,20260429,75300,11.75,884775.0,11.7,0.0316445,1.90708,23795.6
603773.SH,20260429,228600,64.41,14724126.0,63.4,0.101754,0.908662,22465.9
603776.SH,20260429,14600,19.58,285868.0,19.51,0.00520016,0.234008,28076.1
603777.SH,20260429,46600,15.56,725096.0,15.48,0.0139344,0.293153,33442.4
603778.SH,20260429,479600,25.0,11990000.0,25.27,0.0746044,0.602655,64285.7
603779.SH,20260429,703600,6.35,4467860.0,7.04,0.211875,6.56829,33208.3
603786.SH,20260429,14200,51.87,736554.0,52.11,0.0035161,0.322091,40385.7
603787.SH,20260429,22100,11.7,258570.0,11.71,0.00960269,0.257104,23014.4
603788.SH,20260429,48600,17.06,829116.0,17.08,0.0217874,0.351769,22306.5
603789.SH,20260429,126400,5.55,701520.0,5.6,0.0486154,2.33723,26000.0
603790.SH,20260429,6100,24.09,146949.0,24.12,0.00318771,0.14987,19136.0
603797.SH,20260429,106700,4.78,510026.0,4.77,0.0185049,2.08169,57660.5
603798.SH,20260429,75500,18.6,1404300.0,18.69,0.0294405,0.846881,25645.0
603799.SH,20260429,1176600,63.6,74831760.0,64.76,0.0623329,1.53069,188761.0
603800.SH,20260429,52400,50.1,2625240.0,51.0,0.0251923,0.618816,20800.0
603801.SH,20260429,2500,8.69,21725.0,8.72,0.000575571,0.110727,43435.1
603803.SH,20260429,1074600,14.2,15259320.0,13.52,0.252916,2.01164,42488.4
603806.SH,20260429,202300,18.64,3770872.0,18.59,0.00775469,0.354415,260874.0
603808.SH,20260429,107500,10.4,1118000.0,10.5,0.0291255,1.01383,36909.3
603809.SH,20260429,33000,10.66,351780.0,10.57,0.00358583,0.356232,92028.9
603810.SH,20260429,30900,15.63,482967.0,15.64,0.0186887,1.07747,16534.1
603811.SH,20260429,6200,11.81,73222.0,11.82,0.00189426,0.0687276,32730.4
603813.SH,20260429,17300,37.34,645982.0,36.74,0.0164738,1.35169,10501.5
603815.SH,20260429,150700,6.9,1039830.0,6.96,0.0243487,0.288392,61892.4
603816.SH,20260429,23400,28.95,677430.0,28.78,0.00288118,0.3111,81216.6
603817.SH,20260429,141400,7.19,1016666.0,7.26,0.0248034,0.989799,57008.4
603818.SH,20260429,33500,3.45,115575.0,3.48,0.00487951,0.261751,68654.4
603819.SH,20260429,188800,14.45,2728160.0,14.12,0.0867128,1.49518,21773.0
603822.SH,20260429,9500,79.58,756010.0,79.4,0.0123656,0.57763,7682.59
603823.SH,20260429,12100,16.18,195778.0,16.29,0.00290609,0.265349,41636.8
603825.SH,20260429,1000,8.7,8700.0,8.77,0.000394732,0.0412964,25333.7
603826.SH,20260429,62100,35.0,2173500.0,35.2,0.00947802,0.429897,65520.0
603829.SH,20260429,14100,27.04,381264.0,27.4,0.00756981,0.158213,18626.6
603833.SH,20260429,9500,46.01,437095.0,46.41,0.00155954,0.308579,60915.3
603836.SH,20260429,20300,13.9,282170.0,13.98,0.00989109,0.551763,20523.5
603838.SH,20260429,1100,9.09,9999.0,9.05,0.000343733,0.046448,32001.6
603839.SH,20260429,14500,7.63,110635.0,7.63,0.00374661,0.291512,38701.6
603843.SH,20260429,2525900,8.54,21571186.0,8.13,0.361037,8.4974,69962.3
603848.SH,20260429,5400,15.77,85158.0,15.86,0.00134193,0.273628,40240.7
603855.SH,20260429,100700,18.26,1838782.0,18.53,0.030012,4.35204,33553.2
603856.SH,20260429,78100,12.91,1008271.0,12.81,0.0276895,0.962938,28205.6
603858.SH,20260429,15200,16.51,250952.0,16.5,0.00144135,0.321193,105457.0
603859.SH,20260429,11000,37.84,416240.0,37.84,0.00449534,0.193367,24469.8
603860.SH,20260429,7900,32.13,253827.0,32.13,0.0118476,0.611765,6668.0
603861.SH,20260429,27300,16.15,440895.0,16.27,0.00516472,0.12366,52858.6
603863.SH,20260429,4100,17.8,72980.0,18.03,0.00200342,0.0572551,20465.0
603866.SH,20260429,283800,4.96,1407648.0,5.0,0.0177406,3.18847,159972.0
603867.SH,20260429,31500,32.99,1039185.0,32.88,0.0146045,0.570422,21568.7
603868.SH,20260429,11200,34.81,389872.0,34.52,0.00257117,0.41771,43560.0
603869.SH,20260429,100,10.33,1033.0,10.28,2.02381e-05,0.00652348,49411.7
603871.SH,20260429,101600,13.53,1374648.0,13.39,0.00742685,0.755951,136801.0
603876.SH,20260429,460600,26.95,12413170.0,27.36,0.0495659,0.777282,92926.7
603877.SH,20260429,7600,14.21,107996.0,14.35,0.00161935,0.372772,46932.4
603878.SH,20260429,27500,7.98,219450.0,8.0,0.00490075,0.166052,56113.8
603879.SH,20260429,48300,5.78,279174.0,5.78,0.0134411,0.376737,35934.4
603880.SH,20260429,70800,6.7,474360.0,6.66,0.0244947,1.22024,28904.2
603881.SH,20260429,121500,36.32,4412880.0,36.61,0.0169131,0.26985,71837.7
603882.SH,20260429,24500,27.09,663705.0,27.31,0.00532453,0.35504,46013.5
603883.SH,20260429,21600,13.87,299592.0,13.87,0.00284626,0.17265,75889.0
603885.SH,20260429,75200,11.42,858784.0,11.42,0.00344322,0.586593,218401.0
603886.SH,20260429,9000,12.35,111150.0,12.38,0.00375,0.131195,24000.0
603887.SH,20260429,76300,15.95,1216985.0,15.84,0.0128175,0.292188,59527.9
603888.SH,20260429,39400,19.85,782090.0,19.94,0.0058393,0.458153,67473.8
603889.SH,20260429,46800,8.72,408096.0,8.74,0.00645766,0.301121,72472.1
603890.SH,20260429,611600,18.78,11485848.0,19.25,0.136882,1.33317,44680.8
603893.SH,20260429,32500,180.51,5866575.0,182.09,0.00772198,0.339376,42087.7
603895.SH,20260429,9800,28.87,282926.0,28.43,0.00906736,0.417535,10808.0
603896.SH,20260429,74400,17.56,1306464.0,18.25,0.0375295,5.02931,19824.4
603897.SH,20260429,69900,47.0,3285300.0,48.8,0.0338604,0.65202,20643.6
603898.SH,20260429,4600,13.47,61962.0,13.48,0.00147746,0.0673669,31134.5
603899.SH,20260429,23800,24.83,590954.0,24.94,0.00258423,0.805494,92097.0
603900.SH,20260429,65300,7.59,495627.0,7.63,0.0190532,0.968184,34272.4
603901.SH,20260429,43900,12.2,535580.0,12.21,0.00862128,0.253892,50920.5
603903.SH,20260429,51900,11.82,613458.0,11.82,0.0203275,0.419075,25531.9
603906.SH,20260429,691800,29.45,20373510.0,29.99,0.122425,0.775557,56507.9
603908.SH,20260429,32500,22.8,741000.0,23.51,0.0348986,2.4786,9312.7
603909.SH,20260429,15200,11.92,181184.0,12.04,0.00583106,0.166595,26067.3
603912.SH,20260429,174800,9.95,1739260.0,10.13,0.0322586,0.317508,54187.1
603915.SH,20260429,61400,15.68,962752.0,15.78,0.00935074,0.816679,65663.2
603916.SH,20260429,142900,11.51,1644779.0,11.5,0.0339973,1.05515,42032.8
603917.SH,20260429,12900,12.94,166926.0,12.94,0.00632849,0.283026,20384.0
603918.SH,20260429,37700,13.04,491608.0,13.11,0.0103257,0.615424,36510.8
603919.SH,20260429,13100,17.89,234359.0,17.88,0.0025825,0.193435,50726.0
603920.SH,20260429,2406467,50.97,122657623.0,53.1,0.333957,5.45765,72059.2
603926.SH,20260429,46000,19.9,915400.0,19.87,0.0199273,0.417815,23083.9
603927.SH,20260429,45800,16.16,740128.0,16.16,0.00551117,0.592973,83104.0
603928.SH,20260429,57400,15.79,906346.0,15.48,0.0219017,1.08913,26208.0
603929.SH,20260429,15500,191.5,2968250.0,193.7,0.00726472,0.288718,21336.0
603931.SH,20260429,614400,37.9,23285760.0,37.92,0.30788,5.91231,19955.8
603933.SH,20260429,252600,22.23,5615298.0,21.15,0.121709,2.84529,20754.5
603936.SH,20260429,109100,15.51,1692141.0,15.54,0.0173065,0.181631,63039.8
603937.SH,20260429,298100,13.22,3940882.0,12.6,0.142706,2.82158,20889.1
603938.SH,20260429,47200,29.46,1390512.0,29.46,0.0123359,0.211746,38262.4
603939.SH,20260429,20600,23.24,478744.0,23.13,0.00169912,0.174336,121239.0
603948.SH,20260429,10500,27.5,288750.0,27.62,0.00646197,0.570801,16248.9
603949.SH,20260429,6800,17.52,119136.0,17.55,0.00323493,0.144914,21020.5
603950.SH,20260429,22500,56.6,1273500.0,57.36,0.00695288,0.202944,32360.7
603955.SH,20260429,49300,25.88,1275884.0,25.35,0.0363248,3.24308,13572.0
603956.SH,20260429,23700,5.67,134379.0,5.68,0.00415858,0.300278,56990.6
603958.SH,20260429,20400,23.2,473280.0,23.29,0.00929978,0.186253,21936.0
603959.SH,20260429,241400,4.79,1156306.0,5.04,0.0492353,0.714903,49029.9
603960.SH,20260429,40500,22.51,911655.0,22.5,0.0154463,0.29474,26219.8
603966.SH,20260429,50800,13.88,705104.0,13.89,0.0127727,0.40942,39772.2
603967.SH,20260429,60200,13.71,825342.0,13.71,0.0173654,0.625608,34666.7
603968.SH,20260429,5100,12.04,61404.0,12.04,0.00249413,0.136553,20448.0
603969.SH,20260429,362800,9.19,3334132.0,8.97,0.0429955,1.96053,84380.8
603970.SH,20260429,14900,13.24,197276.0,13.26,0.00554315,0.472904,26880.0
603976.SH,20260429,12300,21.04,258792.0,21.23,0.00813472,0.383787,15120.4
603977.SH,20260429,129940,13.53,1758088.0,13.63,0.0209162,0.633568,62124.2
603978.SH,20260429,32300,26.85,867255.0,26.34,0.0153012,0.317028,21109.4
603979.SH,20260429,36700,59.8,2194660.0,60.3,0.0058834,0.484925,62378.9
603980.SH,20260429,14900,6.14,91486.0,6.16,0.00220143,0.0840181,67683.3
603982.SH,20260429,27700,7.46,206642.0,7.43,0.00815777,0.265102,33955.4
603983.SH,20260429,3100,24.66,76446.0,24.65,0.000773067,0.118086,40100.0
603985.SH,20260429,641700,27.25,17486325.0,27.52,0.145557,1.094,44085.8
603986.SH,20260429,195300,303.01,59177853.0,307.5,0.0292433,0.537406,66784.5
603987.SH,20260429,22200,8.42,186924.0,8.43,0.00508252,0.387625,43679.1
603988.SH,20260429,26700,24.68,658956.0,24.85,0.011352,0.336338,23520.0
603989.SH,20260429,47600,19.76,940576.0,19.78,0.0119364,0.536714,39878.0
603990.SH,20260429,106300,14.69,1561547.0,14.78,0.0347065,0.82425,30628.3
603991.SH,20260429,5500,114.86,631730.0,114.86,0.00737908,0.139746,7453.5
603992.SH,20260429,7000,32.49,227430.0,32.49,0.00157999,0.167457,44304.2
603993.SH,20260429,1623000,18.21,29554830.0,18.48,0.00929508,0.781349,1746080.0
603995.SH,20260429,15100,19.54,295054.0,19.69,0.00412999,0.226597,36561.8
603997.SH,20260429,34500,12.55,432975.0,12.55,0.0027117,0.514099,127226.0
603998.SH,20260429,39200,10.85,425320.0,10.82,0.00892773,0.421798,43908.1
603999.SH,20260429,4600,6.61,30406.0,6.61,0.000798611,0.049079,57600.0
605001.SH,20260429,11000,7.25,79750.0,7.25,0.00279979,0.122004,39288.6
605003.SH,20260429,10900,26.6,289940.0,27.0,0.00990909,0.635919,11000.0
605005.SH,20260429,18200,19.49,354718.0,19.69,0.00453865,0.50903,40100.0
605006.SH,20260429,561420,11.17,6271061.0,11.03,0.0935625,1.2347,60004.8
605007.SH,20260429,14100,15.4,217140.0,15.66,0.00351137,0.164032,40155.3
605008.SH,20260429,31100,11.66,362626.0,11.89,0.00481452,1.66906,64596.2
605009.SH,20260429,7800,28.52,222456.0,28.45,0.00362727,0.823844,21503.8
605011.SH,20260429,19800,20.52,406296.0,20.57,0.00494876,0.357013,40010.0
605016.SH,20260429,8000,25.86,206880.0,25.82,0.00190471,0.120717,42001.2
605018.SH,20260429,6900,12.59,86871.0,12.54,0.00146788,0.106478,47006.6
605020.SH,20260429,23600,26.63,628468.0,26.74,0.00469256,0.221636,50292.4
605028.SH,20260429,92900,27.55,2559395.0,29.2,0.0580625,3.68221,16000.0
605033.SH,20260429,12200,22.53,274866.0,22.53,0.00902367,0.548073,13520.0
605050.SH,20260429,12100,12.61,152581.0,12.61,0.00245521,0.232927,49282.9
605055.SH,20260429,2500,11.33,28325.0,11.22,0.000568182,0.038965,44000.0
605056.SH,20260429,20100,25.78,518178.0,25.58,0.00498273,0.164255,40339.3
605058.SH,20260429,10700,34.8,372360.0,35.01,0.0074865,0.227659,14292.4
605060.SH,20260429,51500,57.01,2936015.0,58.35,0.0215535,0.47449,23894.0
605066.SH,20260429,28100,7.6,213560.0,7.59,0.00559278,0.305316,50243.3
605068.SH,20260429,5200,25.85,134420.0,25.68,0.00320595,0.171206,16219.8
605069.SH,20260429,6600,14.07,92862.0,14.26,0.00311765,0.120929,21169.8
605077.SH,20260429,52100,16.79,874759.0,16.79,0.0173998,0.322935,29943.0
605080.SH,20260429,5800,24.2,140360.0,24.6,0.00413249,0.235921,14035.1
605081.SH,20260429,3500,5.03,17605.0,5.29,0.00309059,4.49294,11324.7
605086.SH,20260429,0,,0.0,31.56,0.0,0.0,17920.0
605088.SH,20260429,179600,34.8,6250080.0,35.14,0.089928,3.43333,19971.5
605089.SH,20260429,87200,27.55,2402360.0,28.58,0.0631884,1.77841,13800.0
605090.SH,20260429,334700,47.71,15968537.0,48.71,0.047536,0.753507,70409.8
605098.SH,20260429,4800,63.9,306720.0,64.32,0.00402512,0.261537,11925.1
605099.SH,20260429,190100,41.5,7889150.0,40.02,0.047353,5.24362,40145.3
605100.SH,20260429,400,48.58,19432.0,48.57,0.000235388,0.00977426,16993.2
605108.SH,20260429,8600,16.74,143964.0,16.74,0.00330769,0.1886,26000.0
605111.SH,20260429,43500,39.55,1720425.0,39.85,0.0104735,0.204302,41533.3
605116.SH,20260429,12900,23.11,298119.0,23.2,0.00317591,0.191432,40618.3
605117.SH,20260429,14000,139.0,1946000.0,139.97,0.00153959,0.10905,90933.3
605118.SH,20260429,99800,49.07,4897186.0,49.08,0.0244088,1.8589,40886.9
605122.SH,20260429,12500,13.83,172875.0,13.84,0.00725252,0.242447,17235.4
605123.SH,20260429,3300,97.24,320892.0,97.62,0.00272343,0.118074,12117.1
605128.SH,20260429,14300,32.72,467896.0,33.23,0.0067728,0.920134,21113.9
605133.SH,20260429,110700,30.16,3338712.0,30.31,0.0392389,1.1885,28211.8
605136.SH,20260429,77000,10.87,836990.0,10.93,0.019228,0.824999,40045.9
605138.SH,20260429,774300,7.5,5807250.0,7.69,0.13937,7.14399,55557.1
605151.SH,20260429,14300,20.86,298298.0,20.79,0.0106277,0.432883,13455.4
605155.SH,20260429,5900,15.46,91214.0,15.4,0.00315798,0.262557,18682.8
605158.SH,20260429,4200,7.09,29778.0,7.12,0.000821243,0.0875712,51142.0
605162.SH,20260429,56700,11.32,641844.0,11.52,0.0138006,0.232365,41085.3
605166.SH,20260429,8400,11.8,99120.0,11.78,0.00266893,0.0701301,31473.3
605167.SH,20260429,22800,16.97,386916.0,16.97,0.00507683,0.484589,44909.9
605168.SH,20260429,441200,46.21,20387852.0,44.09,0.209281,5.05088,21081.7
605169.SH,20260429,49900,12.26,611774.0,12.66,0.01764,1.09194,28288.0
605177.SH,20260429,11200,21.09,236208.0,21.09,0.0099481,0.496728,11258.4
605178.SH,20260429,13200,68.35,902220.0,68.35,0.0133226,0.227071,9908.0
605179.SH,20260429,3000,17.0,51000.0,17.13,0.00074813,0.0991598,40100.0
605180.SH,20260429,12700,15.24,193548.0,15.44,0.00751479,0.681585,16900.0
605183.SH,20260429,13700,17.08,233996.0,17.06,0.00332178,0.318071,41242.9
605186.SH,20260429,18000,19.5,351000.0,20.2,0.0132353,1.06446,13600.0
605188.SH,20260429,9300,15.98,148614.0,15.93,0.00185127,0.0800869,50235.9
605189.SH,20260429,17500,17.08,298900.0,17.42,0.00901701,0.271177,19407.8
605196.SH,20260429,12500,44.2,552500.0,44.2,0.00247543,0.101159,50496.3
605198.SH,20260429,200,46.03,9206.0,46.0,7.39273e-05,0.00913477,27053.6
605199.SH,20260429,248100,7.06,1751586.0,6.91,0.0620081,10.3409,40010.9
605208.SH,20260429,16200,14.97,242514.0,15.09,0.00490998,0.082596,32994.0
605218.SH,20260429,3000,17.66,52980.0,17.74,0.00140955,0.096888,21283.3
605222.SH,20260429,223100,34.68,7737108.0,34.28,0.054032,0.889603,41290.3
605228.SH,20260429,13200,14.52,191664.0,14.61,0.00276651,0.160558,47713.5
605255.SH,20260429,26700,98.95,2641965.0,101.99,0.0199135,1.45477,13408.0
605258.SH,20260429,26300,35.79,941277.0,35.84,0.0298864,0.677804,8800.0
605259.SH,20260429,7600,20.6,156560.0,20.67,0.00440631,0.313756,17248.0
605266.SH,20260429,16600,19.83,329178.0,19.83,0.0107414,0.788902,15454.3
605268.SH,20260429,260400,14.08,3666432.0,14.22,0.0591079,1.16033,44055.0
605277.SH,20260429,61400,22.99,1411586.0,23.44,0.0193,1.03653,31813.5
605286.SH,20260429,1800,41.47,74646.0,41.46,0.00107143,0.0582985,16800.0
605287.SH,20260429,558540,52.07,29083178.0,54.21,0.398957,6.29437,14000.0
605288.SH,20260429,2200,78.9,173580.0,79.52,0.00313395,0.230999,7019.89
605289.SH,20260429,125100,158.0,19765800.0,156.52,0.115472,2.72632,10833.8
605296.SH,20260429,8500,28.46,241910.0,28.54,0.00164098,0.264977,51798.4
605298.SH,20260429,10800,60.0,648000.0,60.15,0.00579863,0.21852,18625.1
605299.SH,20260429,413700,21.32,8820084.0,21.47,0.101093,0.982076,40922.7
605300.SH,20260429,6500,11.1,72150.0,11.09,0.00143046,0.248526,45439.9
605303.SH,20260429,21000,23.18,486780.0,23.05,0.0130243,0.392483,16123.7
605305.SH,20260429,48100,47.75,2296775.0,48.16,0.0226332,0.617194,21252.0
605318.SH,20260429,10200,96.79,987258.0,96.79,0.00811268,0.310888,12572.9
605319.SH,20260429,16100,26.83,431963.0,26.9,0.00462442,0.208663,34815.2
605333.SH,20260429,14000,22.86,320040.0,22.87,0.00301698,0.390033,46404.0
605336.SH,20260429,244130,17.08,4169740.0,17.17,0.133104,3.40872,18341.2
605337.SH,20260429,49500,10.51,520245.0,10.63,0.012689,1.29832,39010.2
605338.SH,20260429,2600,23.33,60658.0,23.35,0.00108529,0.0928267,23956.7
605339.SH,20260429,3400,15.59,53006.0,15.68,0.000801338,0.264921,42429.1
605358.SH,20260429,97500,38.9,3792750.0,38.94,0.0145224,0.418057,67137.8
605365.SH,20260429,118100,29.06,3431986.0,29.7,0.0235253,0.671078,50201.3
605366.SH,20260429,181200,12.77,2313924.0,13.0,0.0233482,0.590715,77607.8
605368.SH,20260429,12100,7.77,94017.0,7.77,0.00169317,0.135958,71463.6
605369.SH,20260429,16800,18.67,313656.0,18.67,0.00761929,0.85289,22049.3
605376.SH,20260429,274800,115.17,31648716.0,122.62,0.105046,2.46277,26160.0
605377.SH,20260429,164800,9.3,1532640.0,9.4,0.0296046,2.82044,55667.0
605378.SH,20260429,10900,20.26,220834.0,20.27,0.00417071,0.498596,26134.6
605388.SH,20260429,327600,6.68,2188368.0,6.61,0.054556,0.697855,60048.4
605389.SH,20260429,34000,98.98,3365320.0,99.25,0.0249511,1.2453,13626.7
605398.SH,20260429,12200,26.4,322080.0,26.4,0.00749771,0.446757,16271.6
605399.SH,20260429,21800,14.67,319806.0,14.73,0.00699778,0.638679,31152.7
605488.SH,20260429,1800,32.25,58050.0,32.34,0.000651685,0.036121,27620.7
605499.SH,20260429,5100,195.9,999090.0,196.58,0.000980745,0.178477,52001.3
605500.SH,20260429,7000,9.19,64330.0,9.2,0.00168919,0.152275,41440.0
605507.SH,20260429,6700,23.83,159661.0,23.86,0.00119895,0.248875,55882.4
605555.SH,20260429,32900,15.2,500080.0,15.16,0.00679655,0.53831,48406.9
605566.SH,20260429,14200,31.51,447442.0,31.58,0.0106495,0.676559,13334.0
605567.SH,20260429,12800,10.94,140032.0,10.94,0.0064,0.284915,20000.0
605577.SH,20260429,112200,11.55,1295910.0,11.27,0.025245,2.05496,44444.4
605580.SH,20260429,77400,20.94,1620756.0,21.58,0.0276429,2.85071,28000.0
605588.SH,20260429,2600,56.46,146796.0,56.74,0.00355679,0.090287,7309.96
605589.SH,20260429,463700,37.75,17504675.0,37.85,0.0549668,0.900851,84360.0
605598.SH,20260429,20300,44.3,899290.0,44.81,0.00835333,0.357365,24301.7
605599.SH,20260429,87800,21.37,1876286.0,23.35,0.0112886,2.78039,77777.8
688001.SH,20260429,115985,57.69,6691175.0,58.86,0.026094,0.548277,44449.0
688002.SH,20260429,82970,144.12,11957636.0,145.96,0.0178148,0.781145,46573.6
688003.SH,20260429,1350,69.92,94392.0,70.3,0.000694729,0.0381893,19432.1
688004.SH,20260429,8061,22.1401,178471.0,22.34,0.0100652,0.550854,8008.8
688005.SH,20260429,209409,35.25,7381667.0,35.51,0.0293036,0.510338,71461.9
688006.SH,20260429,38153,30.8,1175112.0,31.2,0.00632015,0.332716,60367.2
688007.SH,20260429,8611,14.9,128304.0,14.79,0.00187352,0.146241,45961.6
688008.SH,20260429,294767,171.0,50405157.0,173.61,0.0257118,0.44065,114643.0
688009.SH,20260429,73079,5.23,382203.0,5.23,0.000847684,0.24217,862102.0
688010.SH,20260429,9100,33.66,306306.0,33.67,0.00566761,0.206897,16056.2
688011.SH,20260429,1300,66.18,86034.0,67.16,0.0013044,0.0753798,9966.25
688012.SH,20260429,213521,358.92,76636957.0,362.27,0.0340589,1.16141,62691.8
688013.SH,20260429,5913,36.2599,214405.0,36.84,0.007286,0.56076,8115.56
688015.SH,20260429,13492,21.01,283467.0,21.25,0.0071507,0.573047,18868.1
688016.SH,20260429,4952,99.1199,490842.0,99.39,0.00401746,0.282556,12326.2
688017.SH,20260429,30251,205.03,6202363.0,207.65,0.0165008,0.43002,18333.0
688018.SH,20260429,19044,167.0,3180348.0,167.01,0.0113938,0.315089,16714.3
688019.SH,20260429,96474,246.5,23780841.0,257.9,0.0551298,2.18173,17499.4
688020.SH,20260429,29289,136.04,3984476.0,141.92,0.0355496,0.339709,8238.9
688021.SH,20260429,5986,24.66,147615.0,24.68,0.00783367,0.34821,7641.37
688022.SH,20260429,12009,16.0,192144.0,16.42,0.00682802,0.221739,17587.8
688023.SH,20260429,12385,45.55,564137.0,46.02,0.0121679,0.372812,10178.4
688025.SH,20260429,24628,309.0,7610052.0,314.57,0.0259107,0.547665,9504.94
688026.SH,20260429,1350,16.06,21681.0,16.11,0.000962089,0.0734764,14032.0
688027.SH,20260429,7646,552.44,4223956.0,552.88,0.00951298,0.417011,8037.44
688028.SH,20260429,40253,114.5,4608969.0,113.6,0.0266666,0.552975,15094.9
688029.SH,20260429,16990,83.68,1421723.0,83.88,0.00904457,0.75252,18784.7
688030.SH,20260429,28099,15.95,448179.0,16.0,0.0155901,1.15832,18023.6
688031.SH,20260429,35494,129.04,4580146.0,130.05,0.029301,0.61981,12113.6
688032.SH,20260429,6059,105.42,638740.0,107.0,0.00488339,0.395079,12407.4
688033.SH,20260429,24379,7.84999,191375.0,7.9,0.00433637,0.197021,56219.9
688035.SH,20260429,14823,70.86,1050358.0,71.9,0.0104211,0.186572,14224.0
688036.SH,20260429,73599,59.0,4342341.0,58.69,0.00639333,0.396845,115118.0
688037.SH,20260429,29841,201.5,6012962.0,201.5,0.0148001,0.319315,20162.7
688038.SH,20260429,3726,21.6801,80780.0,21.9,0.00320176,0.131889,11637.3
688039.SH,20260429,9281,40.65,377273.0,40.15,0.00839139,0.397908,11060.1
688041.SH,20260429,185702,284.72,52873073.0,289.0,0.00798946,0.482723,232434.0
688045.SH,20260429,22725,56.04,1273509.0,56.9,0.0321989,0.680521,7057.7
688046.SH,20260429,47518,20.26,962715.0,20.46,0.0115898,0.48267,41000.0
688047.SH,20260429,204265,151.0,30844015.0,155.62,0.0509389,1.48605,40100.0
688048.SH,20260429,225176,352.06,79275463.0,364.59,0.127738,1.23752,17628.0
688049.SH,20260429,73956,45.41,3358342.0,46.4,0.0422201,1.15006,17516.8
688050.SH,20260429,11782,50.9,599704.0,50.89,0.00609194,0.479657,19340.3
688051.SH,20260429,8826,41.31,364602.0,41.52,0.0114128,0.24172,7733.4
688052.SH,20260429,12626,185.0,2335810.0,185.5,0.00885858,0.245993,14252.8
688053.SH,20260429,2491,37.3998,93163.0,37.63,0.002491,0.263853,10000.0
688055.SH,20260429,17932,4.08002,73163.0,4.13,0.00053796,0.0854164,333333.0
688056.SH,20260429,4027,36.0,144972.0,36.08,0.00597013,0.618027,6745.25
688057.SH,20260429,10222,12.36,126344.0,12.41,0.00370362,0.901666,27600.0
688058.SH,20260429,3403,27.71,94297.0,28.0,0.00448728,0.194291,7583.65
688059.SH,20260429,41819,122.0,5101918.0,120.26,0.0446887,1.14735,9357.86
688060.SH,20260429,840,45.05,37842.0,45.28,0.00139556,0.193171,6019.07
688061.SH,20260429,832,34.72,28887.0,35.15,0.000724175,0.0559941,11488.9
688062.SH,20260429,27350,35.46,969831.0,35.07,0.0133957,0.281364,20417.0
688063.SH,20260429,14540,72.15,1049061.0,72.14,0.005926,0.117533,24535.9
688065.SH,20260429,11034,46.98,518377.0,46.55,0.0018914,0.209158,58337.8
688066.SH,20260429,299425,16.64,4982432.0,17.22,0.1146,2.24035,26127.8
688067.SH,20260429,19047,27.2,518078.0,27.41,0.0280103,1.57109,6800.0
688068.SH,20260429,1104,110.2,121661.0,110.83,0.00119084,0.0568006,9270.79
688069.SH,20260429,47887,35.46,1698073.0,36.77,0.0423779,1.33062,11300.0
688070.SH,20260429,3300,45.56,150348.0,45.68,0.00373217,0.261875,8842.05
688071.SH,20260429,3929,31.8201,125021.0,31.98,0.00463382,0.200178,8478.97
688072.SH,20260429,24327,423.3,10297619.0,423.5,0.00860545,0.377717,28269.3
688073.SH,20260429,2700,57.47,155169.0,58.05,0.00297085,0.194115,9088.29
688075.SH,20260429,1400,37.2,52080.0,37.4,0.00110164,0.270642,12708.3
688076.SH,20260429,12568,29.0,364472.0,29.04,0.00397656,0.572489,31605.2
688077.SH,20260429,1200,29.01,34812.0,28.94,0.00104823,0.0521526,11447.9
688078.SH,20260429,1835,25.8899,47508.0,25.89,0.00251739,0.209082,7289.3
688079.SH,20260429,6543,15.5001,101417.0,15.53,0.00161833,0.0571384,40430.5
688080.SH,20260429,900,44.84,40356.0,44.85,0.00122189,0.0220161,7365.61
688081.SH,20260429,7897,52.31,413092.0,52.31,0.00766401,0.316584,10304.0
688082.SH,20260429,44188,145.0,6407260.0,146.6,0.00930311,0.683218,47498.1
688083.SH,20260429,18142,51.71,938123.0,52.02,0.010694,0.527603,16964.6
688084.SH,20260429,2917,67.9901,198327.0,68.06,0.00385545,0.123643,7565.91
688085.SH,20260429,11045,17.35,191631.0,17.62,0.00346519,0.223802,31874.1
688087.SH,20260429,21267,44.65,949572.0,44.65,0.0114188,0.482809,18624.5
688088.SH,20260429,17782,39.59,703989.0,39.83,0.00443253,0.268403,40117.0
688089.SH,20260429,10094,15.75,158981.0,15.88,0.0059973,0.111401,16830.9
688090.SH,20260429,11932,70.0,835240.0,69.09,0.00975075,0.243922,12237.0
688091.SH,20260429,6879,53.3,366651.0,53.3,0.00332795,0.154743,20670.4
688092.SH,20260429,2116,29.13,61639.0,29.45,0.00255977,0.210523,8266.37
688093.SH,20260429,5411,31.1199,168390.0,31.09,0.00192986,0.208353,28038.3
688095.SH,20260429,50089,73.71,3692060.0,70.85,0.0548262,2.63883,9135.95
688096.SH,20260429,24590,8.21,201884.0,8.26,0.0104175,0.483274,23604.5
688097.SH,20260429,14511,57.5,834383.0,57.88,0.00326083,0.117628,44500.9
688098.SH,20260429,0,,0.0,8.73,0.0,0.0,41064.4
688099.SH,20260429,508156,94.0,47766664.0,96.03,0.120655,2.48864,42116.6
688100.SH,20260429,23017,35.48,816643.0,34.9,0.00468125,0.787425,49168.5
688101.SH,20260429,83254,20.34,1693386.0,20.62,0.0250756,0.960424,33201.2
688102.SH,20260429,88166,38.8,3420841.0,39.05,0.0113383,0.399019,77759.4
688103.SH,20260429,9365,56.68,530808.0,57.12,0.00982526,0.537654,9531.56
688105.SH,20260429,20443,19.38,396185.0,19.71,0.00513986,0.775246,39773.5
688106.SH,20260429,1219014,40.39,49235975.0,40.9,0.228376,1.60013,53377.6
688107.SH,20260429,163407,31.3,5114639.0,29.95,0.0407652,2.36374,40084.9
688108.SH,20260429,283189,21.38,6054581.0,20.6,0.0677563,2.44481,41795.2
688109.SH,20260429,1000,92.87,92870.0,92.87,0.00126835,0.0689987,7884.23
688110.SH,20260429,210640,129.0,27172560.0,131.75,0.0476292,1.12112,44225.0
688111.SH,20260429,21143,245.95,5200121.0,247.58,0.00456286,0.255794,46337.2
688112.SH,20260429,19009,60.26,1145482.0,60.47,0.0119106,0.380157,15959.7
688113.SH,20260429,26150,41.6,1087840.0,41.8,0.0406071,2.03052,6439.76
688114.SH,20260429,9447,52.46,495590.0,52.78,0.00228004,0.171446,41433.5
688115.SH,20260429,3700,50.59,187183.0,51.14,0.00554972,0.175065,6667.0
688116.SH,20260429,80402,40.62,3265929.0,41.15,0.0219359,0.931606,36653.2
688117.SH,20260429,26110,36.34,948837.0,36.62,0.0165898,0.544974,15738.6
688118.SH,20260429,16849,27.06,455934.0,26.85,0.0180557,0.477218,9331.67
688119.SH,20260429,72088,4.87999,351789.0,4.91,0.00640782,0.609113,112500.0
688120.SH,20260429,25413,194.32,4938254.0,194.44,0.00718588,0.394874,35365.2
688121.SH,20260429,346168,7.72,2672417.0,9.65,0.170807,5.38054,20266.7
688122.SH,20260429,514480,62.49,32149855.0,67.65,0.0791916,3.37429,64966.4
688123.SH,20260429,128545,110.34,14183655.0,111.9,0.0812183,0.996839,15827.1
688125.SH,20260429,1727,217.0,374759.0,220.0,0.0021141,0.149915,8168.97
688126.SH,20260429,154544,20.42,3155788.0,20.58,0.00565752,0.229523,273166.0
688127.SH,20260429,15875,68.95,1094581.0,68.69,0.00391108,0.19318,40589.8
688128.SH,20260429,10066,25.82,259904.0,25.72,0.0024885,0.436481,40450.0
688129.SH,20260429,5452,29.1101,158708.0,28.98,0.00452528,0.236966,12047.9
688130.SH,20260429,6433,23.76,152848.0,23.84,0.010671,0.208599,6028.51
688131.SH,20260429,64944,72.0,4675968.0,73.0,0.0306189,1.7007,21210.4
688132.SH,20260429,15278,17.18,262476.0,17.35,0.0100364,1.36914,15222.5
688133.SH,20260429,4000,22.61,90440.0,22.9,0.00243254,0.104286,16443.7
688135.SH,20260429,213675,34.0,7264950.0,35.85,0.0916651,1.16683,23310.4
688136.SH,20260429,155084,26.0,4032184.0,28.64,0.0770576,2.9844,20125.7
688137.SH,20260429,1000,48.42,48420.0,49.1,0.001425,0.131952,7017.54
688138.SH,20260429,6800,30.3,206040.0,30.52,0.0021601,0.0861284,31480.0
688139.SH,20260429,5200,32.95,171340.0,32.95,0.00164301,0.177592,31649.3
688141.SH,20260429,72390,80.58,5833186.0,80.6,0.0160752,0.309842,45032.2
688143.SH,20260429,126774,64.2,8138891.0,65.1,0.103595,0.990304,12237.4
688146.SH,20260429,119688,73.46,8792280.0,74.02,0.08256,0.476608,14497.1
688147.SH,20260429,308549,67.0,20672783.0,69.49,0.0669073,3.02989,46115.9
688148.SH,20260429,66664,9.99,665973.0,10.1,0.0130669,0.206186,51017.3
688150.SH,20260429,66451,51.0,3389001.0,51.0,0.0165121,0.449095,40243.8
688151.SH,20260429,2400,19.35,46440.0,19.38,0.000696662,0.0774518,34450.0
688152.SH,20260429,1600,33.75,54000.0,34.05,0.00155596,0.181571,10283.0
688153.SH,20260429,35428,30.67,1086577.0,31.0,0.00865703,0.552317,40924.0
688155.SH,20260429,4034,81.0801,327077.0,82.17,0.00319055,0.111559,12643.6
688156.SH,20260429,16054,24.95,400547.0,24.99,0.0159402,0.329342,10071.4
688157.SH,20260429,0,,0.0,36.19,0.0,0.0,15643.1
688158.SH,20260429,213789,44.56,9526438.0,44.95,0.0527257,0.401044,40547.4
688159.SH,20260429,9485,43.0,407855.0,43.68,0.0102288,0.229889,9272.88
688160.SH,20260429,13529,100.9,1365076.0,101.4,0.0148945,0.657167,9083.22
688161.SH,20260429,28308,29.94,847542.0,30.38,0.007077,0.628811,40000.0
688162.SH,20260429,9509,32.97,313512.0,33.25,0.00693577,0.380335,13710.1
688163.SH,20260429,4477,34.66,155173.0,34.78,0.00413694,0.101365,10822.0
688165.SH,20260429,27158,16.61,451094.0,16.75,0.00520488,0.40274,52178.0
688166.SH,20260429,41832,60.14,2515776.0,60.18,0.00988692,0.279514,42310.4
688167.SH,20260429,31946,355.36,11352331.0,366.19,0.035551,0.559609,8985.95
688168.SH,20260429,1800,85.5,153900.0,86.13,0.00233206,0.0815978,7718.5
688169.SH,20260429,13007,117.58,1529363.0,117.17,0.00501995,0.181025,25910.6
688170.SH,20260429,45184,57.88,2615250.0,58.97,0.0437152,0.551934,10336.0
688171.SH,20260429,1100,51.99,57189.0,51.8,0.00131307,0.0509961,8377.34
688172.SH,20260429,231339,38.75,8964386.0,39.53,0.0297282,0.938186,77818.1
688173.SH,20260429,26376,15.45,407509.0,15.66,0.00642926,0.296406,41024.9
688175.SH,20260429,1450,36.2103,52505.0,36.03,0.00112128,0.110877,12931.7
688176.SH,20260429,8519,12.67,107936.0,12.73,0.00195531,0.104816,43568.6
688177.SH,20260429,5500,21.23,116765.0,21.2,0.00132825,0.230539,41408.0
688178.SH,20260429,9731,33.99,330757.0,33.61,0.0114485,0.471483,8499.78
688179.SH,20260429,8436,18.48,155897.0,18.43,0.00242408,0.0573067,34800.8
688180.SH,20260429,94715,41.49,3929725.0,41.36,0.0123585,0.45538,76639.4
688181.SH,20260429,17889,35.28,631124.0,35.78,0.0133022,0.194209,13448.2
688182.SH,20260429,18003,31.75,571595.0,31.71,0.00450075,0.247948,40000.0
688183.SH,20260429,252753,115.9,29294073.0,115.9,0.0303855,1.26044,83182.1
688184.SH,20260429,200293,12.79,2561747.0,12.86,0.199321,4.89232,10048.8
688185.SH,20260429,41596,64.2,2670463.0,65.99,0.0363688,2.25584,11437.3
688186.SH,20260429,8847,20.09,177736.0,20.1,0.00315413,0.0668295,28048.9
688187.SH,20260429,6566,48.12,315956.0,48.43,0.000755662,0.10777,86890.8
688188.SH,20260429,1535,139.35,213902.0,139.09,0.000531639,0.117246,28873.0
688189.SH,20260429,18173,7.59,137933.0,7.74,0.00662281,0.381726,27440.0
688190.SH,20260429,700,82.0,57400.0,82.32,0.000583333,0.0530527,12000.0
688191.SH,20260429,261163,45.88,11982158.0,47.28,0.11274,3.42319,23165.0
688192.SH,20260429,4079,55.8899,227975.0,55.77,0.000884405,0.123478,46121.4
688193.SH,20260429,3720,58.9199,219182.0,58.88,0.00928378,0.271681,4006.99
688195.SH,20260429,43225,323.0,13961675.0,325.0,0.0334171,0.438517,12935.0
688196.SH,20260429,13500,53.7,724950.0,53.04,0.010614,0.625056,12719.1
688197.SH,20260429,0,,0.0,40.21,0.0,0.0,6400.49
688198.SH,20260429,0,,0.0,99.69,0.0,0.0,13774.8
688199.SH,20260429,49638,26.43,1311932.0,27.0,0.0307876,1.19285,16122.7
688200.SH,20260429,16313,313.46,5113473.0,324.02,0.0120362,0.452764,13553.3
688202.SH,20260429,33989,66.0,2243274.0,67.55,0.0252984,0.917209,13435.2
688203.SH,20260429,15968,12.88,205668.0,13.01,0.0078785,0.25604,20267.8
688205.SH,20260429,122117,245.47,29976060.0,253.01,0.0771499,0.785612,15828.5
688206.SH,20260429,5858,33.86,198352.0,33.57,0.00134612,0.141156,43517.8
688207.SH,20260429,6036,14.53,87703.0,14.5,0.00233074,0.139264,25897.3
688208.SH,20260429,17000,33.49,569330.0,33.6,0.00253662,0.143135,67018.4
688209.SH,20260429,20709,23.29,482313.0,23.33,0.00477403,0.184671,43378.4
688210.SH,20260429,44339,42.66,1891502.0,44.66,0.0273936,1.5003,16185.9
688211.SH,20260429,400,33.86,13544.0,33.85,0.000305127,0.0564174,13109.3
688212.SH,20260429,0,,0.0,36.91,0.0,0.0,13466.5
688213.SH,20260429,23510,91.34,2147403.0,91.73,0.00726718,0.249701,32350.9
688215.SH,20260429,2814,76.35,214849.0,76.84,0.00450793,0.289627,6242.33
688216.SH,20260429,10134,28.22,285981.0,28.31,0.0095215,0.399393,10643.3
688217.SH,20260429,8134,28.79,234178.0,28.88,0.0145625,1.03288,5585.59
688218.SH,20260429,34906,31.11,1085926.0,31.05,0.0299686,0.503939,11647.5
688219.SH,20260429,7655,10.8,82674.0,10.84,0.00139283,0.14493,54960.0
688220.SH,20260429,52804,88.8,4688995.0,90.6,0.0143046,0.473043,36913.9
688221.SH,20260429,381690,21.5,8206335.0,21.5,0.101898,1.25853,37457.9
688222.SH,20260429,264718,27.64,7316806.0,26.33,0.0660672,1.75251,40068.0
688223.SH,20260429,189785,6.2,1176667.0,6.22,0.00184806,0.140076,1026940.0
688225.SH,20260429,19131,15.9,304183.0,15.76,0.00478263,0.459197,40001.0
688226.SH,20260429,125734,52.33,6579660.0,54.29,0.066605,0.869975,18877.6
688227.SH,20260429,67805,127.49,8644459.0,128.63,0.0599751,0.551369,11305.5
688228.SH,20260429,4554,99.5501,453351.0,99.72,0.0067416,0.224968,6755.08
688229.SH,20260429,12380,82.8,1025064.0,84.05,0.0278829,0.477512,4440.0
688230.SH,20260429,1097,66.7502,73225.0,67.42,0.000932823,0.0721878,11760.0
688231.SH,20260429,6616,37.25,246446.0,37.27,0.00268009,0.159628,24685.7
688232.SH,20260429,15514,21.5,333551.0,21.44,0.00481828,0.620144,32198.2
688233.SH,20260429,30194,68.16,2058023.0,68.53,0.0177293,0.303115,17030.6
688234.SH,20260429,225255,102.0,22976010.0,104.62,0.0524201,1.51032,42971.1
688235.SH,20260429,10509,234.96,2469195.0,233.01,0.00913387,0.412368,11505.5
688236.SH,20260429,6330,19.34,122422.0,19.35,0.00219466,0.486363,28842.8
688237.SH,20260429,1257,55.0302,69173.0,54.8,0.00140162,0.131091,8968.2
688238.SH,20260429,37855,6.67,252493.0,6.71,0.00590427,0.45216,64114.6
688239.SH,20260429,5590,58.4599,326791.0,59.05,0.00293236,0.0998968,19063.2
688244.SH,20260429,6896,19.01,131093.0,19.1,0.00456805,0.478827,15096.2
688246.SH,20260429,42360,20.76,879394.0,21.3,0.0307881,1.09515,13758.6
688247.SH,20260429,5476,9.0,49284.0,9.07,0.00120792,0.308021,45334.0
688248.SH,20260429,12499,55.12,688945.0,54.71,0.00221339,0.225564,56470.0
688249.SH,20260429,63600,31.34,1993224.0,31.41,0.00535255,0.149597,118822.0
688251.SH,20260429,35800,32.19,1152402.0,32.7,0.0358347,0.878608,9990.33
688252.SH,20260429,6554,22.32,146285.0,22.38,0.00160236,0.0624918,40902.1
688253.SH,20260429,4954,46.0,227884.0,46.54,0.00361647,0.12505,13698.4
688255.SH,20260429,21679,29.77,645384.0,29.51,0.0197335,0.999599,10985.9
688256.SH,20260429,60686,1366.0,82897076.0,1374.5,0.0143913,0.731494,42168.5
688257.SH,20260429,4857,74.37,361215.0,74.49,0.00192426,0.0760455,25240.8
688258.SH,20260429,33196,119.0,3950324.0,119.5,0.0274025,0.444815,12114.2
688259.SH,20260429,0,,0.0,36.96,0.0,0.0,11170.0
688260.SH,20260429,23081,35.1,810143.0,35.41,0.0192342,0.33734,12000.0
688261.SH,20260429,6104,71.3,435215.0,71.82,0.00499932,0.164652,12209.7
688262.SH,20260429,31492,36.66,1154497.0,37.02,0.00937262,0.253371,33600.0
688265.SH,20260429,4452,40.6399,180929.0,40.96,0.00571036,0.77771,7796.35
688266.SH,20260429,214546,102.0,21883692.0,99.42,0.08105,6.68702,26470.8
688267.SH,20260429,2255,28.98,65350.0,29.21,0.0012798,0.0505459,17620.0
688268.SH,20260429,289510,197.0,57033470.0,208.27,0.241429,1.72097,11991.5
688269.SH,20260429,6505,40.7101,264819.0,41.09,0.00497689,0.204177,13070.4
688270.SH,20260429,423287,125.0,52910875.0,130.17,0.19775,2.50383,21405.2
688271.SH,20260429,30821,111.76,3444555.0,112.35,0.0037397,0.656258,82415.8
688272.SH,20260429,200,40.62,8124.0,40.79,0.000263158,0.00641422,7600.0
688273.SH,20260429,3517,46.3799,163118.0,46.15,0.003517,0.249129,10000.0
688275.SH,20260429,8362,143.79,1202372.0,144.4,0.00663027,0.172552,12611.8
688276.SH,20260429,5600,18.14,101584.0,18.14,0.00135378,0.240715,41365.8
688277.SH,20260429,422617,17.65,7459190.0,19.86,0.0926808,7.45023,45599.2
688278.SH,20260429,74501,55.57,4140021.0,58.85,0.0182516,2.16781,40818.9
688279.SH,20260429,7728,204.1,1577285.0,202.15,0.00826011,0.399445,9355.81
688280.SH,20260429,2036884,8.26,16824662.0,10.32,0.391299,9.24829,52054.4
688281.SH,20260429,6905,73.0799,504617.0,73.55,0.00253329,0.334316,27257.1
688282.SH,20260429,5400,79.88,431352.0,79.28,0.00613636,0.201521,8800.0
688283.SH,20260429,8739,41.74,364766.0,41.77,0.00717488,0.22153,12180.0
688285.SH,20260429,11342,8.97999,101851.0,8.96,0.00301417,0.149761,37629.0
688286.SH,20260429,23209,70.38,1633449.0,69.77,0.0414005,1.38443,5605.98
688288.SH,20260429,71634,24.97,1788701.0,26.73,0.0717677,1.74848,9981.37
688289.SH,20260429,21941,17.31,379799.0,17.24,0.00378693,0.655334,57938.8
688290.SH,20260429,0,,0.0,56.79,0.0,0.0,10219.0
688291.SH,20260429,8345,43.51,363091.0,43.09,0.00812824,0.374831,10266.7
688292.SH,20260429,45938,21.54,989505.0,22.44,0.0290106,1.54859,15834.9
688293.SH,20260429,4100,51.79,212339.0,51.79,0.00360217,0.231779,11382.0
688295.SH,20260429,70489,58.7,4137704.0,57.98,0.00783211,0.299511,90000.0
688296.SH,20260429,7711,14.44,111347.0,14.36,0.00718016,0.484426,10739.3
688297.SH,20260429,15255,44.83,683882.0,44.89,0.00226,0.171879,67500.0
688298.SH,20260429,16515,22.0,363330.0,21.9,0.00819196,1.49023,20160.0
688299.SH,20260429,16293,17.16,279588.0,17.42,0.00566924,0.222735,28739.3
688300.SH,20260429,13586,83.2,1130355.0,84.05,0.00562639,0.18851,24146.9
688301.SH,20260429,4003,112.88,451859.0,112.76,0.00189313,0.151487,21144.9
688302.SH,20260429,1700,40.75,69275.0,40.96,0.0017169,0.0820013,9901.56
688303.SH,20260429,43372,22.11,958955.0,22.27,0.00202181,0.224844,214521.0
688305.SH,20260429,1300,57.0,74100.0,57.23,0.000983256,0.0932289,13221.4
688306.SH,20260429,20308,9.25,187849.0,9.27,0.00165337,0.295199,122828.0
688307.SH,20260429,21138,90.72,1917639.0,90.2,0.023811,0.395928,8877.4
688308.SH,20260429,31987,86.94,2780950.0,86.66,0.0201453,0.257858,15878.2
688309.SH,20260429,2937,69.3599,203710.0,69.25,0.00369893,0.0700448,7940.13
688310.SH,20260429,137451,14.9,2048020.0,16.75,0.083646,7.26584,16432.5
688311.SH,20260429,6834,34.0,232356.0,34.39,0.00393229,0.109814,17379.2
688312.SH,20260429,14091,67.2,946915.0,67.33,0.00966652,0.155232,14577.1
688313.SH,20260429,495328,130.29,64536285.0,134.14,0.109589,1.08898,45198.6
688314.SH,20260429,44184,41.16,1818613.0,43.83,0.0543876,2.66836,8123.92
688315.SH,20260429,25900,14.45,374255.0,14.4,0.00622297,1.02465,41620.0
688316.SH,20260429,7748,68.9901,534535.0,70.0,0.016176,0.164626,4789.81
688317.SH,20260429,3665,19.7801,72494.0,19.78,0.00190728,0.226614,19215.8
688318.SH,20260429,6635,108.21,717973.0,109.15,0.00259059,0.255142,25611.9
688319.SH,20260429,37744,27.69,1045131.0,27.97,0.0093101,0.62168,40540.9
688320.SH,20260429,6255,31.1899,195093.0,31.18,0.00414201,0.273829,15101.4
688321.SH,20260429,2600,29.56,76856.0,29.53,0.000637555,0.0302588,40780.8
688322.SH,20260429,11610,76.03,882708.0,76.66,0.00364319,0.177553,31867.6
688323.SH,20260429,25744,24.8,638451.0,24.88,0.0143021,0.304771,18000.2
688325.SH,20260429,400,119.35,47740.0,120.54,0.000489803,0.032053,8166.55
688326.SH,20260429,14478,92.16,1334292.0,92.2,0.0129704,0.454353,11162.4
688327.SH,20260429,53800,13.6,731680.0,13.62,0.00645517,0.201709,83344.1
688328.SH,20260429,253583,49.17,12468676.0,49.36,0.268466,2.80917,9445.63
688329.SH,20260429,37614,21.75,818105.0,22.38,0.0487228,1.21968,7720.0
688330.SH,20260429,9104,44.98,409498.0,44.79,0.00650286,0.227646,14000.0
688331.SH,20260429,78146,134.6,10518452.0,134.6,0.047915,0.967341,16309.3
688332.SH,20260429,136142,108.07,14712866.0,126.25,0.112889,6.2694,12059.8
688333.SH,20260429,16997,83.0,1410751.0,83.6,0.006196,0.189863,27432.2
688334.SH,20260429,17589,20.61,362509.0,20.71,0.01121,0.728766,15690.5
688335.SH,20260429,2500,31.94,79850.0,31.95,0.00168879,0.0765365,14803.5
688336.SH,20260429,30337,74.6,2263140.0,74.45,0.00491856,0.4045,61678.6
688337.SH,20260429,45658,59.96,2737654.0,62.21,0.0245583,0.468936,18591.7
688338.SH,20260429,15134,30.11,455685.0,30.35,0.0142582,0.824042,10614.2
688339.SH,20260429,27115,24.03,651573.0,23.95,0.0138492,0.586378,19578.7
688343.SH,20260429,20280,85.5,1733940.0,85.24,0.00563955,0.119137,35960.3
688345.SH,20260429,800,52.27,41816.0,52.85,0.0008,0.0292228,10000.0
688347.SH,20260429,362460,135.01,48935725.0,138.08,0.0888927,1.39648,40775.0
688348.SH,20260429,13847,48.81,675872.0,49.37,0.00886052,0.549445,15627.7
688349.SH,20260429,14865,24.28,360922.0,24.28,0.0012497,0.182059,118948.0
688350.SH,20260429,7745,30.34,234983.0,30.5,0.00540683,0.164953,14324.5
688351.SH,20260429,12313,23.0,283199.0,23.07,0.00261645,0.244533,47060.0
688352.SH,20260429,46897,12.81,600751.0,12.95,0.0128176,0.279627,36588.1
688353.SH,20260429,11620,115.99,1347804.0,116.47,0.00728527,0.181912,15950.0
688355.SH,20260429,17201,23.22,399407.0,22.98,0.0138767,0.54164,12395.6
688356.SH,20260429,24689,101.2,2498527.0,98.88,0.0407069,2.99443,6065.07
688357.SH,20260429,3650,37.32,136218.0,37.79,0.00364782,0.198559,10006.0
688358.SH,20260429,9105,30.24,275335.0,30.44,0.00813123,0.685842,11197.6
688359.SH,20260429,9154,94.58,865785.0,95.53,0.00927023,0.212278,9874.61
688360.SH,20260429,0,,0.0,17.91,0.0,0.0,25228.6
688361.SH,20260429,79510,176.75,14053393.0,185.19,0.0287182,0.897725,27686.2
688362.SH,20260429,55855,47.07,2629095.0,47.6,0.0136069,0.318985,41049.1
688363.SH,20260429,12620,43.24,545689.0,43.24,0.00262001,0.438139,48167.8
688365.SH,20260429,37390,19.16,716392.0,19.17,0.00878061,0.242868,42582.5
688366.SH,20260429,600,39.47,23682.0,39.44,0.000309196,0.108067,19405.2
688367.SH,20260429,0,,0.0,39.49,0.0,0.0,8762.46
688368.SH,20260429,7339,145.5,1067825.0,148.08,0.00829261,0.174465,8850.05
688369.SH,20260429,11038,24.15,266568.0,24.0,0.00958009,0.297552,11521.8
688370.SH,20260429,400,24.36,9744.0,24.39,0.000291741,0.0344798,13710.8
688371.SH,20260429,31360,21.75,682080.0,22.16,0.00934801,1.0878,33547.2
688372.SH,20260429,113236,148.3,16792899.0,153.0,0.0674969,1.06285,16776.5
688373.SH,20260429,33201,5.89,195554.0,5.88,0.00548199,0.415149,60563.8
688375.SH,20260429,10342,122.5,1266895.0,123.71,0.00173519,0.173809,59601.5
688376.SH,20260429,13747,69.49,955279.0,68.7,0.010164,0.381126,13525.2
688377.SH,20260429,2500,37.2,93000.0,37.6,0.0012844,0.119954,19464.3
688378.SH,20260429,39386,41.8,1646335.0,42.5,0.0163454,0.359286,24096.1
688379.SH,20260429,27562,67.98,1873665.0,67.95,0.0305954,0.437569,9008.55
688380.SH,20260429,26360,45.47,1198589.0,45.93,0.00658399,0.263061,40036.5
688381.SH,20260429,193168,33.99,6565780.0,34.21,0.0780477,0.856985,24750.0
688382.SH,20260429,42779,22.61,967233.0,22.19,0.00739675,0.224517,57834.8
688383.SH,20260429,3309,99.1,327922.0,100.05,0.0032554,0.174617,10164.7
688385.SH,20260429,24138,70.5,1701729.0,70.45,0.00447506,0.206538,53938.9
688386.SH,20260429,600,83.16,49896.0,82.92,0.000659341,0.0276947,9100.0
688387.SH,20260429,192332,17.27,3321574.0,17.45,0.0095366,0.22466,201678.0
688388.SH,20260429,178345,47.99,8558777.0,48.61,0.0391387,0.592913,45567.4
688389.SH,20260429,2957,12.86,38027.0,12.86,0.000690105,0.0852663,42848.6
688390.SH,20260429,134386,89.0,11960354.0,88.3,0.0552887,1.1972,24306.2
688391.SH,20260429,200,30.13,6026.0,30.13,0.000173639,0.0155521,11518.2
688392.SH,20260429,3474,137.73,478474.0,140.85,0.00300173,0.105683,11573.3
688393.SH,20260429,13643,23.64,322521.0,23.4,0.0145809,1.15394,9356.77
688395.SH,20260429,6825,27.8601,190145.0,27.76,0.00788127,0.52653,8659.77
688396.SH,20260429,85522,53.5,4575427.0,54.0,0.00643889,0.281902,132821.0
688398.SH,20260429,43109,31.21,1345432.0,31.86,0.0256885,0.858356,16781.4
688399.SH,20260429,5772,60.0599,346666.0,60.62,0.00688194,0.32221,8387.17
688400.SH,20260429,293792,47.0,13808224.0,45.96,0.0637325,2.07321,46097.7
688401.SH,20260429,33053,63.2,2088950.0,64.2,0.017095,0.237635,19334.9
688403.SH,20260429,85031,16.15,1373251.0,16.24,0.00879835,0.14701,96644.3
688408.SH,20260429,11804,40.35,476291.0,40.74,0.00538833,0.260291,21906.6
688409.SH,20260429,15352,113.71,1745676.0,114.5,0.00501354,0.281457,30621.1
688410.SH,20260429,4885,16.01,78209.0,16.11,0.00152847,0.139895,31960.1
688411.SH,20260429,115701,237.28,27453533.0,235.2,0.0872726,2.08572,13257.4
688416.SH,20260429,19848,94.5,1875636.0,95.89,0.0239116,0.282029,8300.57
688418.SH,20260429,5900,41.47,244673.0,41.81,0.00306407,0.0594277,19255.5
688419.SH,20260429,2995,41.4601,124173.0,42.52,0.00503281,0.102004,5950.95
688420.SH,20260429,9257,25.78,238645.0,25.3,0.0221783,0.913142,4173.9
688425.SH,20260429,709046,4.72,3346697.0,4.77,0.0132942,4.84433,533350.0
688426.SH,20260429,7283,19.8599,144640.0,19.85,0.00648949,0.590729,11222.8
688428.SH,20260429,35388,27.04,956892.0,27.13,0.0131868,0.310925,26836.0
688429.SH,20260429,16437,13.51,222064.0,13.69,0.0137172,0.595768,11982.7
688432.SH,20260429,87406,15.35,1341682.0,15.53,0.00699079,0.638475,125030.0
688433.SH,20260429,68887,77.5,5338743.0,80.5,0.0165762,1.8122,41557.8
688435.SH,20260429,3767,39.8001,149927.0,40.15,0.00672101,0.167019,5604.81
688439.SH,20260429,20662,49.66,1026075.0,50.28,0.010331,0.76023,20000.0
688443.SH,20260429,7600,30.97,235372.0,30.79,0.00651354,0.242822,11668.0
688448.SH,20260429,0,,0.0,63.5,0.0,0.0,7165.23
688449.SH,20260429,14506,46.78,678591.0,47.0,0.00494741,0.170346,29320.4
688450.SH,20260429,2911,43.8901,127764.0,44.33,0.00594923,0.126204,4893.07
688455.SH,20260429,9735,21.08,205214.0,21.02,0.00579359,0.129612,16803.1
688456.SH,20260429,25258,61.95,1564733.0,62.12,0.0243662,0.53217,10366.0
688458.SH,20260429,2318,36.4301,84445.0,36.6,0.00272486,0.120419,8506.85
688459.SH,20260429,106444,9.0,957996.0,9.21,0.0221758,6.91626,48000.0
688466.SH,20260429,717,17.5607,12591.0,17.46,0.000586963,0.0461644,12215.4
688468.SH,20260429,2076,7.1999,14947.0,7.24,0.000517566,0.0753046,40110.8
688469.SH,20260429,504133,6.71,3382732.0,6.78,0.0113805,0.472285,442980.0
688472.SH,20260429,443864,13.9,6169710.0,13.75,0.032936,0.58589,134765.0
688475.SH,20260429,11661,30.3,353328.0,30.3,0.00148076,0.212442,78750.0
688478.SH,20260429,65218,41.47,2704590.0,42.7,0.0471344,0.732024,13836.6
688479.SH,20260429,10473,37.9,396927.0,37.88,0.0168059,0.401524,6231.74
688480.SH,20260429,8911,89.2,794861.0,89.6,0.0093479,0.253445,9532.62
688484.SH,20260429,12850,37.81,485859.0,38.02,0.0030047,0.158231,42766.3
688485.SH,20260429,79823,48.0,3831504.0,48.3,0.0899333,0.606605,8875.8
688486.SH,20260429,3882,77.5201,300933.0,78.3,0.0029118,0.115054,13332.0
688488.SH,20260429,48633,16.89,821411.0,17.03,0.0115577,0.55653,42078.3
688489.SH,20260429,900,38.53,34677.0,38.8,0.000787191,0.150353,11433.1
688498.SH,20260429,36059,1428.8,51521099.0,1442.67,0.0425031,0.927391,8483.86
688499.SH,20260429,11583,53.15,615636.0,53.42,0.00686487,0.228764,16872.9
688500.SH,20260429,7084,46.5999,330114.0,46.6,0.0096623,0.343546,7331.59
688501.SH,20260429,7544,24.1501,182188.0,24.2,0.0060728,0.224995,12422.6
688502.SH,20260429,10085,463.4,4673389.0,461.37,0.0191004,0.435125,5280.0
688503.SH,20260429,587294,103.06,60526520.0,101.69,0.292303,3.6625,20092.0
688505.SH,20260429,14480,7.62997,110482.0,7.66,0.00203779,0.400767,71057.2
688506.SH,20260429,3420,274.2,937764.0,273.0,0.00082834,0.194431,41287.4
688507.SH,20260429,2522,90.0301,227056.0,89.77,0.0051223,0.160893,4923.57
688508.SH,20260429,15871,77.0,1222067.0,78.0,0.0120866,0.13788,13131.0
688509.SH,20260429,138483,4.34,601016.0,4.38,0.035989,2.02461,38479.2
688510.SH,20260429,1800,31.81,57258.0,32.13,0.000693581,0.0216395,25952.3
688511.SH,20260429,2475,23.0202,56975.0,23.14,0.00185147,0.0334078,13367.8
688512.SH,20260429,223458,11.81,2639039.0,12.32,0.0688473,2.3403,32457.0
688513.SH,20260429,2500,64.08,160200.0,64.03,0.00141617,0.0964841,17653.2
688515.SH,20260429,43358,129.15,5599686.0,130.15,0.0870304,1.50337,4981.94
688516.SH,20260429,34560,76.23,2634509.0,77.01,0.0109798,0.347066,31476.0
688517.SH,20260429,4529,21.31,96513.0,21.29,0.0033152,0.0864595,13661.3
688518.SH,20260429,28479,26.59,757257.0,26.9,0.00834366,0.183345,34132.5
688519.SH,20260429,92256,167.51,15453803.0,172.75,0.0392962,1.05148,23477.1
688520.SH,20260429,1000,41.0,41000.0,41.11,0.00022455,0.0377429,44533.6
688521.SH,20260429,92595,224.02,20743132.0,229.17,0.0176064,0.364806,52591.5
688522.SH,20260429,4400,34.48,151712.0,34.43,0.00357442,0.124444,12309.7
688523.SH,20260429,10498,61.76,648356.0,61.74,0.010877,0.131697,9651.59
688525.SH,20260429,278575,257.23,71657847.0,260.8,0.0591659,0.879641,47083.7
688526.SH,20260429,500,14.55,7275.0,14.53,0.000107267,0.0279752,46612.8
688528.SH,20260429,2724,11.46,31217.0,11.46,0.00162143,0.13274,16800.0
688529.SH,20260429,21112,19.79,417806.0,19.45,0.0125535,0.919579,16817.6
688530.SH,20260429,502358,51.68,25961861.0,54.39,0.741179,2.74263,6777.82
688533.SH,20260429,4800,26.0,124800.0,26.08,0.00290932,0.443921,16498.7
688535.SH,20260429,7500,128.2,961500.0,128.3,0.00929409,0.170263,8069.65
688536.SH,20260429,60176,228.04,13722535.0,232.0,0.0443616,0.784099,13564.9
688538.SH,20260429,341737,2.24,765491.0,2.24,0.00594094,0.605823,575224.0
688539.SH,20260429,1300,36.43,47359.0,36.41,0.000699225,0.0255192,18592.0
688543.SH,20260429,81725,63.44,5184634.0,65.69,0.0704757,1.77067,11596.2
688545.SH,20260429,19557,52.78,1032218.0,52.91,0.0107309,0.292827,18225.0
688548.SH,20260429,228422,30.44,6953166.0,30.78,0.0330467,0.562544,69120.9
688549.SH,20260429,703479,11.4,8019661.0,11.54,0.119372,1.34145,58931.9
688550.SH,20260429,14018,38.8,543898.0,39.17,0.00806353,0.449493,17384.4
688551.SH,20260429,2100,45.3,95130.0,45.16,0.0024979,0.0382981,8407.07
688552.SH,20260429,1753,41.7798,73240.0,40.96,0.00201894,0.0215027,8682.75
688553.SH,20260429,9796,19.29,188965.0,19.45,0.00285149,0.0811116,34354.0
688556.SH,20260429,134483,12.6,1694486.0,12.5,0.0161877,0.445676,83077.4
688557.SH,20260429,900,34.34,30906.0,34.36,0.000876513,0.0396999,10268.0
688558.SH,20260429,7021,34.6501,243278.0,35.05,0.00531894,0.163951,13200.0
688559.SH,20260429,17965,58.86,1057420.0,58.46,0.007251,0.263647,24775.9
688560.SH,20260429,8400,16.56,139104.0,16.58,0.00417284,0.0921539,20130.2
688561.SH,20260429,17320,29.73,514924.0,29.88,0.00253865,0.352522,68225.3
688562.SH,20260429,10220,18.51,189172.0,18.5,0.00590683,0.261419,17302.0
688563.SH,20260429,3900,56.0,218400.0,56.38,0.00333365,0.111045,11698.9
688565.SH,20260429,7752,12.16,94264.0,12.32,0.00517732,0.232038,14973.0
688566.SH,20260429,23573,27.9,657687.0,28.04,0.0118201,0.827746,19943.1
688567.SH,20260429,27811,13.58,377673.0,13.55,0.00227567,0.193525,122210.0
688568.SH,20260429,18384,54.51,1002112.0,54.41,0.00227503,0.113655,80807.9
688569.SH,20260429,4565,20.12,91848.0,20.1,0.00216693,0.190235,21066.7
688570.SH,20260429,3700,17.18,63566.0,17.33,0.00196599,0.581008,18820.0
688571.SH,20260429,44325,8.4,372330.0,8.42,0.0104498,0.559714,42417.1
688573.SH,20260429,1803,21.2601,38332.0,21.66,0.00338806,0.0590085,5321.62
688575.SH,20260429,42618,14.18,604323.0,13.99,0.00745868,1.44619,57138.8
688576.SH,20260429,2615,67.8501,177428.0,68.39,0.0119997,0.843558,2179.22
688577.SH,20260429,11839,68.45,810380.0,68.62,0.010639,0.910325,11128.0
688578.SH,20260429,15382,91.99,1414990.0,92.07,0.00341822,0.23319,45000.0
688579.SH,20260429,2600,10.48,27248.0,10.61,0.000649984,0.0519762,40001.0
688580.SH,20260429,8386,63.0,528318.0,63.02,0.00875628,0.373217,9577.13
688581.SH,20260429,27933,62.88,1756427.0,61.8,0.0672117,2.7807,4155.97
688582.SH,20260429,53474,50.82,2717549.0,51.17,0.0213709,0.548354,25021.9
688583.SH,20260429,4822,121.17,584282.0,119.26,0.0156541,0.326957,3080.34
688584.SH,20260429,12200,20.6,251320.0,20.51,0.00355374,0.251242,34330.0
688585.SH,20260429,4530,113.0,511890.0,113.51,0.00112306,0.155429,40336.2
688586.SH,20260429,7838,12.85,100718.0,12.84,0.000990473,0.125269,79133.9
688588.SH,20260429,60601,11.44,693275.0,11.7,0.0151499,1.59716,40001.0
688589.SH,20260429,9187,22.05,202573.0,22.05,0.00632154,0.298827,14532.9
688590.SH,20260429,229679,13.5,3100667.0,13.92,0.0815861,2.86227,28151.7
688591.SH,20260429,14931,33.54,500786.0,33.71,0.00886442,0.297519,16843.7
688592.SH,20260429,2443,44.35,108347.0,44.51,0.00634187,0.160942,3852.18
688593.SH,20260429,29215,30.38,887552.0,30.84,0.00905381,0.234008,32268.2
688595.SH,20260429,10289,34.81,358160.0,34.83,0.0071405,0.188131,14409.4
688596.SH,20260429,53633,33.0,1769889.0,33.5,0.0182344,0.760948,29413.1
688597.SH,20260429,9707,8.27001,80277.0,8.35,0.00288847,0.0645851,33606.0
688598.SH,20260429,35067,24.17,847569.0,24.42,0.0172255,0.687397,20357.6
688599.SH,20260429,232165,15.52,3603201.0,15.69,0.00991071,0.699171,234257.0
688600.SH,20260429,8979,28.97,260122.0,29.4,0.0066655,0.330164,13470.8
688601.SH,20260429,6300,50.31,316953.0,50.9,0.0047123,0.138299,13369.3
688602.SH,20260429,4100,7.81,32021.0,7.9,0.00157938,0.0616867,25959.6
688603.SH,20260429,27629,97.0,2680013.0,99.8,0.0582625,0.621477,4742.16
688605.SH,20260429,11552,65.01,750996.0,65.58,0.0106616,0.29188,10835.2
688606.SH,20260429,0,,0.0,54.42,0.0,0.0,7928.09
688607.SH,20260429,0,,0.0,63.46,0.0,0.0,7932.9
688608.SH,20260429,21104,169.0,3566576.0,171.68,0.0125102,0.366255,16869.4
688609.SH,20260429,61937,9.86,610699.0,9.96,0.0123874,0.253941,50000.0
688610.SH,20260429,2909,122.0,354898.0,123.21,0.00710681,0.155813,4093.26
688611.SH,20260429,2284,62.5998,142978.0,62.66,0.00148902,0.149157,15339.0
688612.SH,20260429,8064,32.27,260225.0,32.2,0.003193,0.128766,25255.3
688613.SH,20260429,29455,19.75,581736.0,20.0,0.0214987,1.16983,13700.9
688615.SH,20260429,10231,121.5,1243067.0,122.49,0.00755957,0.237691,13533.8
688616.SH,20260429,8952,13.7399,123000.0,13.96,0.00499057,0.33925,17937.8
688617.SH,20260429,1006,242.02,243472.0,243.1,0.000713264,0.109149,14104.2
688618.SH,20260429,1288,36.4596,46960.0,36.78,0.0011704,0.0312003,11004.8
688619.SH,20260429,4164,15.5,64542.0,15.78,0.00224549,0.0788031,18543.8
688620.SH,20260429,35893,12.72,456559.0,12.9,0.0154499,0.303589,23231.9
688621.SH,20260429,4900,58.0,284200.0,58.33,0.004375,0.200303,11200.0
688623.SH,20260429,622,90.1206,56055.0,91.52,0.00324928,0.0989644,1914.27
688625.SH,20260429,7561,70.8,535319.0,70.88,0.00401495,0.278742,18832.1
688626.SH,20260429,2200,57.37,126214.0,57.37,0.001375,0.146768,16000.0
688627.SH,20260429,7265,286.0,2077790.0,288.5,0.0100412,0.20199,7235.17
688628.SH,20260429,22532,99.0,2230668.0,101.07,0.0201597,0.291988,11176.8
688629.SH,20260429,128917,127.0,16372459.0,129.05,0.0709181,0.396376,18178.3
688630.SH,20260429,24685,260.73,6436120.0,264.0,0.0187376,0.384995,13174.1
688631.SH,20260429,3940,55.18,217409.0,55.53,0.00607369,0.177966,6487.0
688633.SH,20260429,61215,34.01,2081922.0,34.6,0.0425785,0.644754,14377.0
688636.SH,20260429,10705,42.49,454855.0,42.48,0.00638619,0.195163,16762.7
688638.SH,20260429,2604,41.25,107415.0,41.66,0.00984089,0.233059,2646.1
688639.SH,20260429,5720,27.61,157929.0,27.52,0.00228694,0.134867,25011.6
688646.SH,20260429,651,56.8003,36977.0,56.18,0.0011227,0.0507449,5798.5
688648.SH,20260429,44175,50.85,2246299.0,52.77,0.0635347,1.06082,6952.89
688651.SH,20260429,11008,37.01,407406.0,36.76,0.0339183,0.884931,3245.44
688652.SH,20260429,33188,113.22,3757545.0,114.28,0.0274849,0.673556,12075.0
688653.SH,20260429,90023,14.4,1296331.0,14.4,0.0284512,0.862791,31641.2
688655.SH,20260429,186697,35.33,6596005.0,34.35,0.139963,1.45159,13339.0
688656.SH,20260429,200,130.5,26100.0,131.25,0.000315061,0.0393026,6347.97
688657.SH,20260429,1200,52.14,62568.0,52.23,0.00292365,0.0798836,4104.45
688658.SH,20260429,10894,19.1,208075.0,19.1,0.00242089,0.0921448,45000.0
688659.SH,20260429,29361,10.87,319154.0,10.88,0.0183506,0.851423,16000.0
688660.SH,20260429,65173,11.96,779469.0,12.05,0.00488797,0.499178,133333.0
688661.SH,20260429,58131,117.69,6841437.0,119.77,0.0382723,0.489643,15188.8
688662.SH,20260429,33502,68.07,2280481.0,68.93,0.0379669,0.441607,8824.0
688663.SH,20260429,11100,66.69,740259.0,66.09,0.00784593,0.209489,14147.5
688665.SH,20260429,7100,48.01,340871.0,47.18,0.00701634,1.07176,10119.2
688667.SH,20260429,4838,146.93,710847.0,146.47,0.00918106,0.243911,5269.55
688668.SH,20260429,14358,226.92,3258117.0,223.38,0.0103094,0.214157,13927.1
688669.SH,20260429,12556,28.5,357846.0,28.36,0.0103484,0.312337,12133.3
688670.SH,20260429,4380,17.2299,75467.0,17.34,0.00355519,0.285662,12320.0
688671.SH,20260429,4082,22.8601,93315.0,22.24,0.00871345,0.349194,4684.71
688676.SH,20260429,13125,88.6,1162875.0,88.51,0.0028546,0.0748368,45978.4
688677.SH,20260429,46445,122.66,5696944.0,122.66,0.0387439,0.536711,11987.7
688678.SH,20260429,46048,22.95,1056802.0,22.96,0.0114233,0.156444,40310.6
688679.SH,20260429,19518,54.22,1058266.0,54.58,0.0148212,0.558107,13169.0
688680.SH,20260429,32804,48.11,1578200.0,46.93,0.0336207,1.23833,9757.1
688681.SH,20260429,8639,19.29,166646.0,19.35,0.00825356,0.414862,10467.0
688682.SH,20260429,600,45.47,27282.0,45.48,0.000589166,0.028228,10183.9
688683.SH,20260429,16490,42.45,700001.0,44.51,0.0106265,0.642071,15517.8
688685.SH,20260429,96182,44.66,4295488.0,46.73,0.065496,1.94363,14685.2
688686.SH,20260429,13908,102.0,1418616.0,103.97,0.011378,0.850805,12223.5
688687.SH,20260429,21669,19.83,429696.0,19.94,0.012676,0.594395,17094.4
688689.SH,20260429,10822,38.39,415457.0,38.97,0.0083954,0.22608,12890.4
688690.SH,20260429,56450,33.72,1903494.0,33.36,0.0139792,0.394409,40381.5
688691.SH,20260429,44881,104.01,4668073.0,105.2,0.0615103,0.452544,7296.5
688692.SH,20260429,3200,254.0,812800.0,257.26,0.00437537,0.163632,7313.67
688693.SH,20260429,20069,90.0,1806210.0,92.2,0.0515854,0.287852,3890.44
688695.SH,20260429,1093,24.1903,26440.0,24.23,0.00204699,0.0952462,5339.55
688696.SH,20260429,600,88.88,53328.0,88.63,0.000856898,0.115539,7002.0
688697.SH,20260429,12147,16.44,199697.0,16.39,0.00265605,0.184317,45733.3
688698.SH,20260429,8188,63.7999,522394.0,64.21,0.00382576,0.183469,21402.3
688699.SH,20260429,3200,45.8,146560.0,45.88,0.00290738,0.107872,11006.5
688700.SH,20260429,90700,61.0,5532700.0,61.3,0.0303953,0.627487,29840.1
688701.SH,20260429,25270,9.65999,244108.0,9.55,0.0188193,1.21663,13427.7
688702.SH,20260429,52919,285.0,15081915.0,286.0,0.0260695,0.515286,20299.2
688707.SH,20260429,497526,17.14,8527596.0,17.31,0.0977957,0.938682,50874.0
688708.SH,20260429,2296,50.0601,114938.0,50.22,0.00161376,0.176681,14227.6
688709.SH,20260429,6681,41.09,274522.0,41.23,0.0030129,0.117592,22174.6
688710.SH,20260429,3638,67.3901,245165.0,68.0,0.00401129,0.260883,9069.4
688711.SH,20260429,7833,27.57,215956.0,27.32,0.00367586,0.170872,21309.3
688712.SH,20260429,23575,41.0,966575.0,41.41,0.0635193,0.755918,3711.47
688716.SH,20260429,20768,31.5,654192.0,32.39,0.0296995,1.23223,6992.72
688717.SH,20260429,97320,107.56,10467739.0,102.55,0.0982556,1.39057,9904.78
688718.SH,20260429,24666,16.62,409949.0,16.34,0.0141959,1.19247,17375.4
688719.SH,20260429,3000,60.0,180000.0,59.91,0.00334365,0.0616249,8972.23
688720.SH,20260429,3817,76.65,292573.0,77.25,0.00676961,0.0918718,5638.43
688721.SH,20260429,2800,45.26,126728.0,45.49,0.00523516,0.0830452,5348.45
688722.SH,20260429,0,,0.0,17.48,0.0,0.0,22410.5
688726.SH,20260429,135582,55.9,7579034.0,56.74,0.0616493,0.876566,21992.4
688727.SH,20260429,8471,48.69,412453.0,49.25,0.01686,0.212445,5024.32
688728.SH,20260429,44765,12.99,581497.0,13.05,0.0017914,0.290999,249889.0
688729.SH,20260429,175431,22.78,3996318.0,23.58,0.0815955,2.30689,21500.1
688733.SH,20260429,3000,28.37,85110.0,28.59,0.00150169,0.0808153,19977.5
688737.SH,20260429,2975,29.9499,89101.0,30.25,0.0024882,0.131281,11956.5
688739.SH,20260429,81036,23.47,1901915.0,23.83,0.0194588,4.61929,41645.0
688750.SH,20260429,3754,18.0999,67947.0,18.15,0.00161172,0.13344,23291.8
688755.SH,20260429,2423,39.2299,95054.0,39.42,0.013767,0.49296,1760.0
688757.SH,20260429,4600,26.11,120106.0,26.28,0.00253835,0.149193,18122.0
688758.SH,20260429,250,19.84,4960.0,19.84,8.38409e-05,0.00476545,29818.4
688759.SH,20260429,31715,31.0,983165.0,31.99,0.0594255,0.956614,5336.93
688765.SH,20260429,13161,52.9,696217.0,53.33,0.0284377,0.602516,4628.0
688766.SH,20260429,222242,276.21,61385463.0,275.86,0.150114,4.03737,14804.9
688767.SH,20260429,2800,34.35,96180.0,34.33,0.001875,0.154606,14933.3
688768.SH,20260429,8952,40.65,363899.0,40.65,0.0102586,0.575226,8726.35
688772.SH,20260429,40847,16.52,674792.0,16.6,0.0036078,0.109497,113219.0
688775.SH,20260429,17755,189.62,3366703.0,189.62,0.0541311,1.74888,3280.0
688776.SH,20260429,6420,78.15,501723.0,78.05,0.00592342,0.382266,10838.3
688777.SH,20260429,68634,76.8,5271091.0,76.35,0.00871876,0.296088,78719.9
688778.SH,20260429,6700,79.52,532784.0,79.69,0.00132754,0.0720237,50469.1
688779.SH,20260429,789500,11.0,8684500.0,11.41,0.0409233,2.13534,192922.0
688781.SH,20260429,20237,40.05,810492.0,40.48,0.0495579,0.341693,4083.51
688783.SH,20260429,23351,22.04,514656.0,22.24,0.0126101,0.283927,18517.8
688785.SH,20260429,7879,303.0,2387337.0,309.06,0.0619045,0.885754,1272.77
688786.SH,20260429,2952,31.04,91630.0,31.42,0.00205285,0.103279,14380.0
688787.SH,20260429,4876,127.3,620715.0,127.44,0.00808286,0.188616,6032.52
688788.SH,20260429,2914,53.0,154442.0,53.27,0.00185754,0.159048,15687.4
688789.SH,20260429,2500,66.85,167125.0,66.89,0.00138692,0.128678,18025.6
688790.SH,20260429,1250,137.5,171875.0,137.82,0.0103668,0.202987,1205.77
688793.SH,20260429,2200,20.76,45672.0,21.02,0.00255976,0.166747,8594.54
688795.SH,20260429,60969,690.0,42068610.0,708.48,0.207502,1.56208,2938.24
688796.SH,20260429,67457,92.48,6238423.0,96.2,0.187967,2.79103,3588.76
688798.SH,20260429,12546,65.28,819003.0,66.01,0.00924245,0.284383,13574.3
688799.SH,20260429,15198,58.47,888627.0,58.2,0.0115733,0.356787,13132.0
688800.SH,20260429,502509,89.76,45105208.0,90.17,0.244323,6.64173,20567.4
688802.SH,20260429,39466,700.11,27630541.0,724.01,0.217576,1.27484,1813.9
688805.SH,20260429,1400,49.67,69538.0,49.95,0.00444179,0.0381692,3151.89
688807.SH,20260429,22435,365.0,8188775.0,375.98,0.149212,0.774228,1503.57
688808.SH,20260429,54275,851.0,46188025.0,864.99,0.281274,0.606835,1929.61
688809.SH,20260429,17244,409.6,7063142.0,416.3,0.0708085,0.626924,2435.3
688811.SH,20260429,81538,21.11,1721267.0,21.49,0.088507,0.304231,9212.61
688813.SH,20260429,155976,79.11,12339261.0,83.68,0.518589,1.71505,3007.7
688816.SH,20260429,12600,63.99,806274.0,63.48,0.0653383,1.04709,1928.42
688818.SH,20260429,70295,65.94,4635252.0,64.64,0.0532472,0.438242,13201.6
688819.SH,20260429,9844,34.85,343063.0,34.83,0.00101265,0.266198,97210.0
688820.SH,20260429,378663,91.07,34484839.0,93.0,0.219004,0.56058,17290.3
688981.SH,20260429,319119,113.35,36172139.0,114.0,0.0159594,0.480208,199956.0
689009.SH,20260429,13829,43.77,605295.0,43.6,0.0248876,0.116327,5556.58
000001.SZ,20260429,447600,11.43,5116068.0,11.46,0.00230655,0.31321,1940560.0
000002.SZ,20260429,560200,3.76,2106352.0,3.75,0.00576519,0.630304,971694.0
000006.SZ,20260429,25700,9.17,235669.0,9.18,0.00190373,0.087127,134998.0
000007.SZ,20260429,32100,14.4,462240.0,14.53,0.00926546,0.609148,34644.8
000008.SZ,20260429,141100,2.64,372504.0,2.65,0.00519457,0.35447,271630.0
000009.SZ,20260429,39900,8.78,350322.0,8.82,0.0015489,0.157159,257602.0
000010.SZ,20260429,0,,0.0,3.04,0.0,0.0,86814.2
000011.SZ,20260429,44600,8.27,368842.0,8.27,0.00847143,0.986333,52647.6
000012.SZ,20260429,329500,4.01,1321295.0,4.03,0.0168171,1.26828,195932.0
000014.SZ,20260429,3400,13.08,44472.0,13.04,0.00140469,0.0691779,24204.6
000016.SZ,20260429,0,,0.0,3.41,0.0,0.0,159659.0
000017.SZ,20260429,26600,6.3,167580.0,6.3,0.00603418,0.347199,44082.2
000019.SZ,20260429,65500,7.52,492560.0,7.56,0.0157374,0.241692,41620.6
000020.SZ,20260429,25000,15.55,388750.0,15.73,0.0137995,0.434273,18116.5
000021.SZ,20260429,1023934,28.15,28823742.1,28.6,0.0651594,1.48918,157143.0
000025.SZ,20260429,3700,16.25,60125.0,16.32,0.000942007,0.0651303,39277.8
000026.SZ,20260429,29100,17.76,516816.0,17.77,0.00798221,0.128196,36456.1
000027.SZ,20260429,229600,6.88,1579648.0,6.93,0.00482618,0.483423,475739.0
000028.SZ,20260429,11600,24.63,285708.0,24.69,0.00242651,0.241795,47805.3
000029.SZ,20260429,20100,20.41,410241.0,20.35,0.00225422,0.481985,89166.0
000030.SZ,20260429,106700,5.06,539902.0,5.06,0.00638576,0.408577,167091.0
000031.SZ,20260429,42600,2.87,122262.0,2.87,0.000993863,0.211988,428630.0
000032.SZ,20260429,27700,17.89,495553.0,17.87,0.00243418,0.156803,113796.0
000034.SZ,20260429,471000,37.0,17427000.0,37.99,0.0776817,1.51602,60632.0
000035.SZ,20260429,166500,6.75,1123875.0,6.7,0.00719836,0.421704,231303.0
000036.SZ,20260429,392900,5.19,2039151.0,5.11,0.0280412,1.17842,140115.0
000037.SZ,20260429,230000,10.75,2472500.0,10.75,0.067865,0.523498,33890.8
000039.SZ,20260429,59500,11.12,661640.0,11.3,0.00258537,0.129434,230141.0
000042.SZ,20260429,34800,8.94,311112.0,8.92,0.00524015,0.714926,66410.2
000045.SZ,20260429,14500,11.66,169070.0,11.66,0.00317271,0.222611,45702.2
000048.SZ,20260429,51400,14.16,727824.0,14.19,0.00970173,0.426195,52980.3
000049.SZ,20260429,38200,28.12,1074184.0,28.29,0.00993408,0.154891,38453.5
000050.SZ,20260429,98300,8.08,794264.0,8.14,0.00399965,0.511588,245772.0
000055.SZ,20260429,139900,3.63,507837.0,3.65,0.0206997,1.08846,67585.4
000056.SZ,20260429,9248500,1.88,17387180.0,1.93,1.02337,7.17854,90373.3
000058.SZ,20260429,13700,8.0,109600.0,8.04,0.00139123,0.166803,98473.9
000059.SZ,20260429,197100,5.51,1086021.0,5.53,0.0123233,0.635544,159941.0
000060.SZ,20260429,144700,6.35,918845.0,6.39,0.00325819,0.125285,444112.0
000061.SZ,20260429,82500,7.27,599775.0,7.24,0.00459786,0.688647,179431.0
000062.SZ,20260429,2418400,35.12,84934208.0,36.1,0.231448,2.35175,104490.0
000063.SZ,20260429,215300,35.82,7712046.0,36.01,0.00534559,0.143721,402762.0
000065.SZ,20260429,77400,12.52,969048.0,12.51,0.00793877,0.241122,97496.2
000066.SZ,20260429,5288930,17.33,91657156.9,17.83,0.163968,2.06007,322559.0
000068.SZ,20260429,42500,3.19,135575.0,3.19,0.00422183,0.302382,100667.0
000069.SZ,20260429,131200,2.17,284704.0,2.17,0.00190183,0.500919,689860.0
000070.SZ,20260429,213700,19.13,4088081.0,19.25,0.0240469,0.194903,88867.9
000078.SZ,20260429,2695800,3.17,8545686.0,3.27,0.102641,2.04147,262644.0
000088.SZ,20260429,78800,4.5,354600.0,4.51,0.0024914,0.362254,316289.0
000089.SZ,20260429,46000,7.14,328440.0,7.15,0.0022431,0.268234,205073.0
000090.SZ,20260429,691900,3.47,2400893.0,3.51,0.0370311,3.4686,186843.0
000096.SZ,20260429,40900,9.77,399593.0,9.87,0.0080063,0.493276,51084.8
000099.SZ,20260429,23600,17.68,417248.0,17.68,0.00304214,0.315713,77577.0
000100.SZ,20260429,661200,4.24,2803488.0,4.26,0.00345599,0.195433,1913200.0
000151.SZ,20260429,25800,11.23,289734.0,11.2,0.0083784,0.228756,30793.5
000153.SZ,20260429,14900,6.37,94913.0,6.39,0.00324712,0.13661,45886.9
000155.SZ,20260429,508800,18.0,9158400.0,18.32,0.0275598,0.518974,184617.0
000156.SZ,20260429,23000,7.39,169970.0,7.37,0.00135304,0.221328,169988.0
000157.SZ,20260429,1807600,7.98,14424648.0,8.09,0.0255684,2.59884,706967.0
000158.SZ,20260429,65200,17.36,1131872.0,17.5,0.00410602,0.109202,158791.0
000159.SZ,20260429,75300,6.52,490956.0,6.58,0.0156657,0.291749,48066.8
000166.SZ,20260429,269900,4.68,1263132.0,4.68,0.00119767,0.359048,2253550.0
000301.SZ,20260429,1017900,12.73,12957867.0,13.06,0.0154038,3.66597,660813.0
000333.SZ,20260429,80500,80.55,6484275.0,80.45,0.00117428,0.313636,685524.0
000338.SZ,20260429,425240,30.0,12757200.0,30.08,0.00849886,0.328329,500349.0
000400.SZ,20260429,151114,24.96,3771805.44,24.97,0.0149366,0.611462,101170.0
000401.SZ,20260429,31300,4.6,143980.0,4.59,0.0011895,0.304858,263135.0
000402.SZ,20260429,9152606,2.88,26359505.28,2.62,0.306244,30.2968,298867.0
000403.SZ,20260429,390000,11.9,4641000.0,12.28,0.041458,6.66107,94071.0
000404.SZ,20260429,987300,8.21,8105733.0,8.32,0.1425,1.61688,69284.0
000407.SZ,20260429,191800,4.76,912968.0,4.79,0.0219006,0.967195,87577.5
000408.SZ,20260429,264400,88.1,23293640.0,88.73,0.0168385,2.04422,157021.0
000409.SZ,20260429,3900,10.05,39195.0,10.07,0.000660476,0.0417742,59048.3
000410.SZ,20260429,974300,6.04,5884772.0,6.22,0.0494313,2.85928,197102.0
000411.SZ,20260429,9100,10.42,94822.0,10.52,0.00161423,0.139042,56373.6
000415.SZ,20260429,1628700,4.85,7899195.0,4.81,0.0302005,2.18839,539296.0
000417.SZ,20260429,103800,6.37,661206.0,6.36,0.0133243,0.8723,77902.7
000419.SZ,20260429,3800,5.68,21584.0,5.69,0.000699066,0.0445479,54358.3
000420.SZ,20260429,1438400,5.1,7335840.0,5.16,0.0585184,1.32906,245803.0
000421.SZ,20260429,338500,6.29,2129165.0,6.34,0.0589417,2.72652,57429.6
000422.SZ,20260429,579100,16.82,9740462.0,16.9,0.0547428,1.01083,105786.0
000423.SZ,20260429,13900,54.72,760608.0,54.84,0.00216225,0.171459,64285.0
000425.SZ,20260429,4344755,10.81,46966801.55,10.04,0.0482256,4.64921,900922.0
000426.SZ,20260429,410600,41.5,17039900.0,41.69,0.0231297,0.637066,177521.0
000428.SZ,20260429,41100,3.81,156591.0,3.83,0.00403366,0.272412,101893.0
000429.SZ,20260429,20300,12.75,258825.0,12.8,0.00155755,0.407501,130333.0
000430.SZ,20260429,8100,7.84,63504.0,7.84,0.0021859,0.177558,37055.6
000488.SZ,20260429,371400,2.59,961926.0,2.59,0.0219216,1.22506,169422.0
000498.SZ,20260429,71600,5.77,413132.0,5.78,0.00494015,0.507938,144935.0
000501.SZ,20260429,41800,8.18,341924.0,8.22,0.00544114,0.679288,76822.1
000503.SZ,20260429,32800,7.34,240752.0,7.34,0.00334955,0.193217,97923.5
000504.SZ,20260429,235100,9.88,2322788.0,9.76,0.0714324,7.18701,32912.2
000505.SZ,20260429,32400,6.31,204444.0,6.29,0.0051235,0.368229,63238.0
000506.SZ,20260429,349600,15.41,5387336.0,15.4,0.0376437,1.34772,92870.7
000507.SZ,20260429,136900,5.17,707773.0,5.2,0.0151714,1.17307,90235.4
000509.SZ,20260429,21300,3.51,74763.0,3.51,0.00198486,0.11709,107312.0
000510.SZ,20260429,74900,13.07,978943.0,13.2,0.0123473,0.15067,60661.0
000513.SZ,20260429,11000,32.67,359370.0,32.67,0.00193614,0.21648,56814.0
000514.SZ,20260429,8100,4.77,38637.0,4.77,0.000959976,0.093938,84377.1
000516.SZ,20260429,85500,4.63,395865.0,4.63,0.00389658,0.301,219423.0
000517.SZ,20260429,59300,1.89,112077.0,1.89,0.00237963,0.339096,249199.0
000518.SZ,20260429,35651,2.88,102674.88,2.89,0.00346282,0.336873,102954.0
000519.SZ,20260429,174700,17.1,2987370.0,17.31,0.0125452,0.787648,139256.0
000520.SZ,20260429,257800,3.85,992530.0,3.89,0.0254722,1.90666,101208.0
000521.SZ,20260429,7000,5.6,39200.0,5.61,0.000799524,0.0800014,87552.1
000523.SZ,20260429,1184200,3.37,3990754.0,3.4,0.0893628,4.24598,132516.0
000524.SZ,20260429,21000,10.27,215670.0,10.28,0.00313448,0.233609,66996.7
000525.SZ,20260429,121600,5.54,673664.0,5.56,0.0109376,0.631341,111176.0
000526.SZ,20260429,17500,32.83,574525.0,32.82,0.0146493,0.397434,11945.9
000528.SZ,20260429,137100,9.83,1347693.0,9.87,0.00674036,0.454082,203402.0
000529.SZ,20260429,42400,5.63,238712.0,5.63,0.00744011,0.779485,56988.4
000530.SZ,20260429,10200,5.77,58854.0,5.77,0.00169967,0.0472189,60011.7
000531.SZ,20260429,139500,7.16,998820.0,7.22,0.015334,0.407452,90974.5
000532.SZ,20260429,14000,12.57,175980.0,12.6,0.0040751,0.150985,34355.0
000533.SZ,20260429,188500,12.93,2437305.0,13.06,0.0275222,0.219241,68490.2
000534.SZ,20260429,55700,38.99,2171743.0,38.98,0.0111407,0.205866,49997.0
000536.SZ,20260429,76200,3.98,303276.0,3.97,0.00275779,0.19292,276308.0
000537.SZ,20260429,638900,10.33,6599837.0,10.3,0.0310792,0.617281,205572.0
000538.SZ,20260429,44700,54.5,2436150.0,54.84,0.00252125,0.55931,177293.0
000539.SZ,20260429,1844964,7.05,13006996.2,7.27,0.072199,0.717449,255539.0
000541.SZ,20260429,4000,5.59,22360.0,5.59,0.000325072,0.0440835,123049.0
000543.SZ,20260429,132800,8.01,1063728.0,8.05,0.00585832,0.331418,226686.0
000544.SZ,20260429,96900,8.3,804270.0,8.35,0.00994168,1.78905,97468.4
000545.SZ,20260429,77900,2.92,227468.0,2.92,0.00790539,0.174599,98540.3
000546.SZ,20260429,826200,7.06,5832972.0,7.11,0.118587,0.762796,69670.5
000547.SZ,20260429,1359183,23.5,31940800.5,23.5,0.0855305,0.971593,158912.0
000548.SZ,20260429,40900,5.27,215543.0,5.27,0.00819285,0.503877,49921.6
000550.SZ,20260429,22500,18.95,426375.0,19.02,0.00433975,0.378523,51846.3
000551.SZ,20260429,1072800,15.45,16574760.0,14.33,0.221403,5.66796,48454.7
000552.SZ,20260429,923800,2.84,2623592.0,2.84,0.0247946,0.689407,372581.0
000553.SZ,20260429,71200,6.19,440728.0,6.23,0.00327045,0.945629,217707.0
000554.SZ,20260429,112100,7.97,893437.0,7.98,0.0309111,0.443417,36265.3
000555.SZ,20260429,226600,13.6,3081760.0,13.74,0.0232498,0.784343,97463.2
000557.SZ,20260429,20000,4.64,92800.0,4.64,0.00137182,0.339894,145792.0
000558.SZ,20260429,87900,4.11,361269.0,4.11,0.00682091,0.271043,128868.0
000559.SZ,20260429,349513,15.7,5487354.1,15.76,0.0105455,0.280121,331435.0
000560.SZ,20260429,290900,2.88,837792.0,2.88,0.0124399,0.527537,233844.0
000561.SZ,20260429,143200,9.13,1307416.0,9.23,0.0184477,1.46128,77624.7
000563.SZ,20260429,281800,3.25,915850.0,3.24,0.0055104,0.561405,511397.0
000564.SZ,20260429,7852800,1.68,13192704.0,1.76,0.0520229,4.30179,1509490.0
000565.SZ,20260429,387495,7.95,3080585.25,8.02,0.0893685,2.12024,43359.2
000566.SZ,20260429,129400,4.88,631472.0,4.93,0.0099789,0.425387,129674.0
000567.SZ,20260429,2143400,5.99,12838966.0,5.51,0.109923,14.3029,194990.0
000568.SZ,20260429,194499,100.5,19547149.5,100.2,0.0132199,2.17962,147126.0
000570.SZ,20260429,115000,6.5,747500.0,6.5,0.0206949,0.292676,55569.2
000571.SZ,20260429,69600,5.6,389760.0,5.62,0.00855045,0.379792,81399.2
000572.SZ,20260429,56900,5.45,310105.0,5.48,0.00346475,0.194594,164225.0
000573.SZ,20260429,111000,4.87,540570.0,4.89,0.0175365,0.462213,63296.5
000576.SZ,20260429,14800,9.33,138084.0,9.31,0.00341159,0.19534,43381.5
000581.SZ,20260429,65300,19.46,1270738.0,19.52,0.00822516,0.382953,79390.5
000582.SZ,20260429,288200,11.16,3216312.0,11.14,0.0133621,1.1203,215685.0
000586.SZ,20260429,47300,17.88,845724.0,18.03,0.0247398,0.169455,19119.0
000589.SZ,20260429,3015800,4.97,14988526.0,4.73,0.19522,9.0608,154482.0
000590.SZ,20260429,31500,11.09,349335.0,11.0,0.0131602,0.764923,23935.9
000591.SZ,20260429,1836800,5.07,9312576.0,5.16,0.0468034,1.4533,392450.0
000592.SZ,20260429,2112300,10.6,22390380.0,10.92,0.110298,1.45698,191509.0
000593.SZ,20260429,2168500,25.89,56142465.0,25.44,0.60491,5.89965,35848.3
000595.SZ,20260429,84000,6.43,540120.0,6.41,0.00737712,0.605976,113866.0
000596.SZ,20260429,27900,105.78,2951262.0,106.6,0.00682819,0.861677,40860.0
000597.SZ,20260429,66000,4.95,326700.0,4.95,0.0046836,0.495687,140917.0
000598.SZ,20260429,80900,6.85,554165.0,6.85,0.00271547,0.438015,297923.0
000599.SZ,20260429,213100,5.53,1178443.0,5.4,0.0260914,1.62708,81674.5
000600.SZ,20260429,400000,9.36,3744000.0,9.18,0.0366955,1.77751,109005.0
000601.SZ,20260429,326600,6.74,2201284.0,6.78,0.0311161,0.22656,104962.0
000603.SZ,20260429,245800,35.9,8824220.0,36.7,0.0368673,1.20555,66671.6
000605.SZ,20260429,56500,6.97,393805.0,6.93,0.0160212,1.11716,35265.9
000607.SZ,20260429,34700,3.96,137412.0,3.96,0.00392076,0.26445,88503.3
000608.SZ,20260429,376900,3.53,1330457.0,3.64,0.0505616,3.4289,74542.8
000609.SZ,20260429,1174900,13.73,16131377.0,13.08,0.403665,155.462,29105.8
000610.SZ,20260429,200700,7.68,1541376.0,7.75,0.0852224,0.807229,23550.2
000612.SZ,20260429,427100,12.88,5501048.0,12.88,0.0358245,1.17505,119220.0
000615.SZ,20260429,1400,3.34,4676.0,3.32,0.000151307,0.0122296,92526.8
000617.SZ,20260429,429100,9.35,4012085.0,9.34,0.00339422,0.321241,1264210.0
000619.SZ,20260429,50400,6.03,303912.0,6.01,0.014,0.671523,36000.0
000620.SZ,20260429,1156100,2.69,3109909.0,2.72,0.0247466,1.15367,467175.0
000623.SZ,20260429,106100,18.41,1953301.0,18.54,0.00890873,0.877036,119097.0
000625.SZ,20260429,167600,9.69,1624044.0,9.73,0.00202731,0.212941,826711.0
000626.SZ,20260429,248300,9.16,2274428.0,9.23,0.0492941,0.788953,50371.2
000628.SZ,20260429,20694,61.0,1262334.0,61.58,0.0107647,0.124932,19223.9
000629.SZ,20260429,361700,3.59,1298503.0,3.62,0.00389325,0.232766,929044.0
000630.SZ,20260429,7268500,5.97,43392945.0,6.24,0.0652294,3.26846,1114300.0
000631.SZ,20260429,136000,3.18,432480.0,3.2,0.00591304,0.734711,230000.0
000632.SZ,20260429,0,,0.0,4.1,0.0,0.0,46548.2
000633.SZ,20260429,8900,6.67,59363.0,6.66,0.00231107,0.083418,38510.2
000635.SZ,20260429,1900,8.14,15466.0,8.15,0.000517965,0.0295195,36682.0
000636.SZ,20260429,1031100,23.84,24581424.0,24.44,0.0891174,1.29337,115701.0
000637.SZ,20260429,103600,4.55,471380.0,4.56,0.0284159,1.15915,36458.5
000639.SZ,20260429,0,,0.0,2.14,0.0,0.0,107943.0
000650.SZ,20260429,171000,5.66,967860.0,5.72,0.0128438,0.973026,133139.0
000651.SZ,20260429,3883730,39.99,155310362.7,38.44,0.0704192,10.0201,551516.0
000652.SZ,20260429,383800,4.3,1650340.0,4.33,0.0260298,1.71202,147446.0
000655.SZ,20260429,4100,8.2,33620.0,8.22,0.000688682,0.0687185,59534.0
000656.SZ,20260429,1770000,1.41,2495700.0,1.41,0.0232341,1.57828,761813.0
000657.SZ,20260429,275100,52.07,14324457.0,52.1,0.0189342,0.329383,145293.0
000659.SZ,20260429,40600,4.06,164836.0,4.07,0.00315781,0.173086,128570.0
000661.SZ,20260429,6200,85.47,529914.0,85.6,0.00155149,0.144034,39961.5
000663.SZ,20260429,127100,6.64,843944.0,6.67,0.0414951,1.54678,30630.1
000665.SZ,20260429,844500,4.65,3926925.0,4.78,0.0742666,5.33339,113712.0
000668.SZ,20260429,1700,15.61,26537.0,15.52,0.00115771,0.082473,14684.2
000669.SZ,20260429,654500,4.3,2814350.0,4.34,0.0961922,3.09576,68040.9
000670.SZ,20260429,271700,7.29,1980693.0,7.34,0.033059,0.833933,82186.3
000672.SZ,20260429,94800,12.66,1200168.0,12.69,0.00977929,0.501326,96939.5
000676.SZ,20260429,88100,7.1,625510.0,7.01,0.00699746,0.312043,125903.0
000677.SZ,20260429,576900,3.67,2117223.0,3.7,0.0667725,1.08928,86397.8
000678.SZ,20260429,16300,11.43,186309.0,11.42,0.00354647,0.155113,45961.2
000679.SZ,20260429,14000,6.96,97440.0,6.97,0.00392817,0.303844,35640.0
000680.SZ,20260429,47600,11.68,555968.0,11.69,0.00362066,0.160487,131468.0
000681.SZ,20260429,123600,19.95,2465820.0,19.78,0.0182804,0.608962,67613.5
000682.SZ,20260429,115700,13.3,1538810.0,13.26,0.00863047,0.394462,134060.0
000683.SZ,20260429,67500,8.95,604125.0,9.01,0.00201968,0.150787,334211.0
000685.SZ,20260429,231800,11.63,2695834.0,11.62,0.0184854,1.47144,125396.0
000686.SZ,20260429,180400,8.54,1540616.0,8.58,0.00770791,0.595483,234045.0
000688.SZ,20260429,31000,45.63,1414530.0,45.88,0.00261589,0.105769,118506.0
000690.SZ,20260429,434500,5.32,2311540.0,5.36,0.0199819,0.203429,217447.0
000691.SZ,20260429,22100,7.22,159562.0,7.16,0.00683639,0.42756,32327.0
000692.SZ,20260429,891200,4.8,4277760.0,4.51,0.167257,5.2905,53283.3
000695.SZ,20260429,76800,15.01,1152768.0,15.06,0.034624,0.705823,22181.1
000697.SZ,20260429,10300,9.96,102588.0,10.01,0.00157708,0.170305,65310.7
000698.SZ,20260429,26100,3.85,100485.0,3.84,0.00332182,0.289845,78571.4
000700.SZ,20260429,60400,11.1,670440.0,11.11,0.00657941,0.15136,91801.5
000701.SZ,20260429,16800,5.84,98112.0,5.85,0.00251592,0.111764,66774.7
000702.SZ,20260429,36100,6.96,251256.0,6.87,0.0135391,0.384686,26663.5
000703.SZ,20260429,382900,15.84,6065136.0,15.83,0.0100713,0.587976,380191.0
000705.SZ,20260429,466000,8.1,3774600.0,8.77,0.165271,11.1748,28196.1
000707.SZ,20260429,474100,5.95,2820895.0,6.0,0.0860899,1.28512,55070.4
000708.SZ,20260429,66700,15.39,1026513.0,15.38,0.00132154,0.468516,504714.0
000709.SZ,20260429,23823200,2.39,56937448.0,2.26,0.230501,37.358,1033540.0
000710.SZ,20260429,5500,9.79,53845.0,9.75,0.00166904,0.0834385,32953.0
000711.SZ,20260429,6836100,4.7,32129670.0,4.59,0.287076,5.20352,238129.0
000712.SZ,20260429,175100,9.95,1742245.0,10.11,0.0195482,1.50386,89573.4
000713.SZ,20260429,55600,6.6,366960.0,6.66,0.00905515,0.558704,61401.5
000715.SZ,20260429,390500,6.13,2393765.0,6.15,0.0803446,0.647352,48603.1
000716.SZ,20260429,533900,4.72,2520008.0,4.71,0.0722767,3.4995,73868.9
000717.SZ,20260429,35400,2.47,87438.0,2.47,0.00146066,0.209988,242356.0
000718.SZ,20260429,330200,2.08,686816.0,2.09,0.0144692,1.4495,228209.0
000719.SZ,20260429,38400,13.72,526848.0,13.81,0.00575585,0.35486,66714.8
000720.SZ,20260429,723900,4.46,3228594.0,4.51,0.057611,0.715093,125653.0
000721.SZ,20260429,7600,7.57,57532.0,7.57,0.00148333,0.0885851,51236.0
000722.SZ,20260429,237600,14.66,3483216.0,14.85,0.0511894,0.452907,46415.8
000723.SZ,20260429,195500,4.39,858245.0,4.42,0.00444823,0.305657,439501.0
000725.SZ,20260429,1388549,4.14,5748592.86,4.15,0.00382082,0.256121,3634170.0
000726.SZ,20260429,14300,6.53,93379.0,6.56,0.00242646,0.200461,58933.6
000727.SZ,20260429,320800,2.63,843704.0,2.65,0.00708235,0.305795,452957.0
000728.SZ,20260429,325560,7.28,2370076.8,7.3,0.00746051,1.26599,436378.0
000729.SZ,20260429,152600,12.84,1959384.0,12.84,0.00608063,0.355421,250961.0
000731.SZ,20260429,107700,7.2,775440.0,7.19,0.0196237,0.527662,54882.6
000733.SZ,20260429,673200,43.8,29486160.0,46.83,0.121495,7.64892,55409.5
000735.SZ,20260429,76000,6.25,475000.0,6.27,0.00660354,0.314362,115090.0
000736.SZ,20260429,61300,5.43,332859.0,5.5,0.00820508,0.836997,74709.8
000737.SZ,20260429,148300,13.31,1973873.0,13.46,0.00778666,0.518313,190454.0
000738.SZ,20260429,48400,20.0,968000.0,20.07,0.00368009,0.208866,131518.0
000739.SZ,20260429,38600,18.6,717960.0,18.58,0.00333331,0.323106,115801.0
000750.SZ,20260429,309200,3.8,1174960.0,3.81,0.00533453,0.867523,579620.0
000751.SZ,20260429,898700,5.81,5221447.0,5.93,0.0637435,0.4902,140987.0
000752.SZ,20260429,1105900,11.1,12275490.0,10.65,0.419285,21.5056,26375.8
000753.SZ,20260429,845800,6.55,5539990.0,6.76,0.0853067,3.44692,99148.1
000755.SZ,20260429,15900,5.0,79500.0,4.99,0.00108362,0.177922,146731.0
000756.SZ,20260429,209500,13.91,2914145.0,14.29,0.0419924,5.46293,49889.9
000757.SZ,20260429,36800,4.76,175168.0,4.76,0.00690799,0.279306,53271.6
000758.SZ,20260429,283100,6.74,1908094.0,6.81,0.0143257,0.703413,197617.0
000759.SZ,20260429,11600,5.33,61828.0,5.35,0.00176909,0.0537684,65570.6
000761.SZ,20260429,61800,2.98,184164.0,2.99,0.00166656,0.522222,370824.0
000762.SZ,20260429,325500,35.99,11714745.0,36.73,0.0624999,0.590345,52080.1
000766.SZ,20260429,53700,23.28,1250136.0,23.27,0.00555896,0.370079,96600.8
000767.SZ,20260429,1364900,3.86,5268514.0,3.91,0.0468676,0.599462,291225.0
000768.SZ,20260429,301500,23.26,7012890.0,23.51,0.0108593,1.16572,277641.0
000776.SZ,20260429,787500,21.09,16608375.0,21.1,0.0133383,0.928322,590405.0
000777.SZ,20260429,80100,19.5,1561950.0,19.57,0.0208914,0.629697,38341.1
000778.SZ,20260429,1199900,4.59,5507541.0,4.53,0.0308179,1.84499,389352.0
000779.SZ,20260429,8100,8.65,70065.0,8.69,0.00174279,0.0958163,46477.3
000782.SZ,20260429,160200,6.85,1097370.0,6.86,0.0303329,0.393078,52814.0
000783.SZ,20260429,193900,7.27,1409653.0,7.29,0.00350628,0.443031,553007.0
000785.SZ,20260429,616500,2.55,1572075.0,2.57,0.0104534,1.30551,589759.0
000786.SZ,20260429,129300,25.15,3251895.0,25.15,0.00765312,0.969297,168951.0
000788.SZ,20260429,219700,6.2,1362140.0,6.28,0.0368632,0.565132,59598.7
000789.SZ,20260429,55600,4.93,274108.0,4.96,0.00697259,0.974937,79740.8
000790.SZ,20260429,13900,4.0,55600.0,4.0,0.00223252,0.0860704,62261.5
000791.SZ,20260429,141200,8.2,1157840.0,8.23,0.00729483,0.227912,193562.0
000792.SZ,20260429,204000,36.61,7468440.0,37.02,0.00385522,0.234603,529153.0
000793.SZ,20260429,452600,2.69,1217494.0,2.73,0.02308,1.07694,196101.0
000795.SZ,20260429,20100,8.91,179091.0,8.92,0.00177298,0.159075,113368.0
000796.SZ,20260429,293900,5.12,1504768.0,5.05,0.022085,0.845825,133077.0
000797.SZ,20260429,42600,2.73,116298.0,2.74,0.00271249,0.190356,157052.0
000798.SZ,20260429,17500,9.24,161700.0,9.23,0.00478356,0.133005,36583.6
000799.SZ,20260429,129500,42.0,5439000.0,41.18,0.0398584,1.73934,32490.0
000800.SZ,20260429,23600,7.0,165200.0,7.0,0.000479593,0.198471,492084.0
000801.SZ,20260429,29200,12.9,376680.0,12.99,0.00287411,0.171826,101597.0
000802.SZ,20260429,149100,4.32,644112.0,4.3,0.0208373,0.378162,71554.4
000803.SZ,20260429,165500,8.31,1375305.0,8.23,0.0359949,0.952606,45978.8
000807.SZ,20260429,274500,32.35,8880075.0,32.49,0.0079154,0.497266,346792.0
000809.SZ,20260429,265000,3.83,1014950.0,3.85,0.0321293,1.19583,82479.1
000810.SZ,20260429,35200,12.69,446688.0,12.77,0.00316944,0.132499,111061.0
000811.SZ,20260429,366300,24.18,8857134.0,24.35,0.0374388,0.581931,97839.6
000812.SZ,20260429,14500,4.01,58145.0,4.03,0.00191766,0.0913869,75613.0
000813.SZ,20260429,436700,3.55,1550285.0,3.58,0.0208274,1.05265,209676.0
000815.SZ,20260429,517200,19.61,10142292.0,20.09,0.0743891,0.511582,69526.3
000816.SZ,20260429,20500,3.13,64165.0,3.14,0.0014241,0.0696252,143951.0
000818.SZ,20260429,679300,14.35,9747955.0,14.02,0.103204,1.87811,65821.1
000819.SZ,20260429,202900,16.3,3307270.0,16.6,0.0555081,1.7921,36553.2
000820.SZ,20260429,979400,3.87,3790278.0,3.69,0.329801,8.13292,29696.7
000821.SZ,20260429,115000,10.28,1182200.0,10.3,0.0190192,0.62398,60465.1
000822.SZ,20260429,36600,5.88,215208.0,5.91,0.00408897,0.11875,89509.2
000823.SZ,20260429,99200,15.14,1501888.0,15.28,0.0184737,0.421045,53697.9
000825.SZ,20260429,185800,4.19,778502.0,4.2,0.0032618,0.440162,569625.0
000826.SZ,20260429,0,,0.0,1.93,0.0,0.0,142517.0
000828.SZ,20260429,81900,10.29,842751.0,10.33,0.00787866,1.20768,103952.0
000829.SZ,20260429,273800,11.22,3072036.0,11.11,0.0267349,0.40953,102413.0
000830.SZ,20260429,398700,16.64,6634368.0,17.03,0.0209383,0.910291,190417.0
000831.SZ,20260429,226300,50.0,11315000.0,49.12,0.0213245,0.716368,106122.0
000833.SZ,20260429,688500,28.0,19278000.0,27.47,0.151752,1.47965,45370.2
000837.SZ,20260429,11600,10.68,123888.0,10.68,0.00115148,0.113404,100740.0
000838.SZ,20260429,8402900,1.8,15125220.0,1.89,0.797416,12.1156,105377.0
000839.SZ,20260429,483800,2.91,1407858.0,2.94,0.0123424,0.625753,391983.0
000848.SZ,20260429,536700,8.88,4765896.0,8.87,0.0530785,2.24281,101114.0
000850.SZ,20260429,20100,4.47,89847.0,4.47,0.00213065,0.128883,94337.5
000852.SZ,20260429,26800,7.16,191888.0,7.21,0.00283336,0.149872,94587.3
000856.SZ,20260429,181800,9.44,1716192.0,9.59,0.0800881,2.20677,22700.0
000858.SZ,20260429,870400,97.88,85194752.0,100.2,0.0224246,5.67109,388144.0
000859.SZ,20260429,45400,8.82,400428.0,8.91,0.00506739,0.114816,89592.5
000860.SZ,20260429,27300,12.41,338793.0,12.46,0.0036804,0.455079,74176.7
000862.SZ,20260429,97300,6.57,639261.0,6.63,0.0154944,0.167024,62796.7
000863.SZ,20260429,42500,4.57,194225.0,4.59,0.00365366,0.143179,116322.0
000868.SZ,20260429,57200,4.47,255684.0,4.47,0.00780005,0.635555,73332.9
000869.SZ,20260429,8100,19.33,156573.0,19.4,0.00177978,0.694389,45511.2
000875.SZ,20260429,90100,6.55,590155.0,6.57,0.00269568,0.155032,334238.0
000876.SZ,20260429,197100,8.64,1702944.0,8.67,0.00438,0.652252,450000.0
000877.SZ,20260429,46700,4.6,214820.0,4.62,0.000656776,0.385753,711049.0
000878.SZ,20260429,161100,18.8,3028680.0,19.03,0.00804044,0.4188,200362.0
000880.SZ,20260429,30400,28.8,875520.0,28.92,0.0133905,0.124867,22702.7
000881.SZ,20260429,33300,7.65,254745.0,7.66,0.00368472,0.332155,90373.2
000882.SZ,20260429,826932,1.56,1290013.92,1.57,0.0302295,1.76034,273551.0
000883.SZ,20260429,1301400,4.83,6285762.0,4.88,0.0200846,3.38931,647959.0
000885.SZ,20260429,19300,14.14,272902.0,14.15,0.00300586,0.164169,64207.8
000886.SZ,20260429,576200,5.43,3128766.0,5.58,0.0589265,3.35128,97782.8
000887.SZ,20260429,516100,17.43,8995623.0,17.22,0.0392659,2.59124,131437.0
000888.SZ,20260429,22800,11.73,267444.0,11.72,0.00432709,0.245231,52691.3
000889.SZ,20260429,9261100,4.82,44638502.0,4.91,1.06468,4.33156,86984.5
000890.SZ,20260429,777300,16.26,12638898.0,15.9,0.185296,0.770145,41949.1
000892.SZ,20260429,91400,5.06,462484.0,5.1,0.0128581,0.159994,71083.6
000893.SZ,20260429,54000,53.3,2878200.0,52.92,0.00665183,0.417573,81180.6
000895.SZ,20260429,133100,28.35,3773385.0,28.3,0.00384215,1.25091,346421.0
000897.SZ,20260429,166200,2.1,349020.0,2.11,0.0102768,0.640296,161724.0
000898.SZ,20260429,71500,2.28,163020.0,2.28,0.000898526,0.291345,795748.0
000899.SZ,20260429,76000,12.54,953040.0,12.64,0.00778946,0.256464,97567.8
000900.SZ,20260429,74800,4.12,308176.0,4.14,0.00492839,0.618517,151774.0
000901.SZ,20260429,173100,21.51,3723381.0,21.11,0.0216865,0.797775,79819.3
000902.SZ,20260429,40900,15.25,623725.0,15.34,0.00357898,0.200871,114278.0
000903.SZ,20260429,1878700,2.27,4264649.0,2.39,0.0978356,9.08952,192026.0
000905.SZ,20260429,252900,10.7,2706030.0,10.82,0.0340924,2.25264,74180.8
000906.SZ,20260429,321800,6.29,2024122.0,6.21,0.0458902,0.891514,70124.0
000908.SZ,20260429,1737500,7.75,13465625.0,7.46,0.197494,17.3739,87977.4
000909.SZ,20260429,3723700,4.91,18283367.0,5.17,0.850722,43.7588,43771.1
000910.SZ,20260429,133100,6.88,915728.0,7.0,0.0243247,4.06908,54718.1
000911.SZ,20260429,0,,0.0,6.03,0.0,0.0,40032.0
000912.SZ,20260429,956700,5.26,5032242.0,5.36,0.061014,0.926762,156800.0
000913.SZ,20260429,13100,13.58,177898.0,13.58,0.00251873,0.129796,52010.3
000915.SZ,20260429,12600,28.32,356832.0,28.32,0.00538042,0.189214,23418.2
000917.SZ,20260429,986708,8.96,8840903.68,9.13,0.069611,2.24212,141746.0
000919.SZ,20260429,97700,7.25,708325.0,7.3,0.0157133,0.272653,62176.7
000920.SZ,20260429,10400,11.54,120016.0,11.62,0.0022006,0.205212,47259.9
000921.SZ,20260429,71300,22.7,1618510.0,22.72,0.00776576,1.10334,91813.3
000922.SZ,20260429,58400,14.45,843880.0,14.53,0.00994189,0.648857,58741.3
000923.SZ,20260429,426800,16.98,7247064.0,17.9,0.0679725,5.20781,62790.1
000925.SZ,20260429,6067700,9.67,58674659.0,9.76,0.901263,7.62528,67324.4
000926.SZ,20260429,265100,1.95,516945.0,1.97,0.0168509,1.27052,157321.0
000927.SZ,20260429,389800,2.82,1099236.0,2.82,0.0064426,0.435011,605035.0
000928.SZ,20260429,111200,6.52,725024.0,6.55,0.00775114,0.327013,143463.0
000929.SZ,20260429,0,,0.0,10.37,0.0,0.0,18575.4
000930.SZ,20260429,44900,5.93,266257.0,5.93,0.00241873,0.169789,185635.0
000931.SZ,20260429,104600,4.68,489528.0,4.68,0.0139275,0.65669,75103.0
000932.SZ,20260429,88700,4.81,426647.0,4.82,0.0012944,0.143283,685261.0
000933.SZ,20260429,194800,32.2,6272560.0,32.23,0.00866772,0.502617,224742.0
000935.SZ,20260429,70200,26.87,1886274.0,28.09,0.00919522,1.33447,76344.0
000936.SZ,20260429,1682517,7.36,12383325.12,7.92,0.189924,3.30283,88588.7
000937.SZ,20260429,315100,5.71,1799221.0,5.77,0.0091775,1.47159,343340.0
000938.SZ,20260429,4588387,32.5,149122577.5,31.58,0.160429,1.81984,286007.0
000948.SZ,20260429,700,14.28,9996.0,14.3,0.00017988,0.0119673,38914.9
000949.SZ,20260429,58900,7.7,453530.0,7.79,0.00355581,0.102627,165644.0
000950.SZ,20260429,201900,5.95,1201305.0,5.95,0.0116828,0.49506,172818.0
000951.SZ,20260429,20700,22.8,471960.0,22.84,0.0017619,0.109899,117487.0
000952.SZ,20260429,1147900,7.25,8322275.0,7.38,0.333698,7.15392,34399.4
000953.SZ,20260429,18200,6.83,124306.0,6.84,0.00497102,0.17913,36612.2
000955.SZ,20260429,28600,5.04,144144.0,5.08,0.0053129,0.22256,53831.3
000957.SZ,20260429,47400,12.08,572592.0,12.16,0.00799455,0.191005,59290.4
000958.SZ,20260429,181000,5.9,1067900.0,5.92,0.00336218,0.466849,538342.0
000959.SZ,20260429,57100,4.49,256379.0,4.5,0.000766278,0.161214,745161.0
000960.SZ,20260429,670223,34.9,23390782.7,34.93,0.0407323,0.72406,164543.0
000962.SZ,20260429,69200,43.21,2990132.0,43.22,0.013794,0.290562,50166.6
000963.SZ,20260429,72000,33.71,2427120.0,33.75,0.00410721,0.488503,175301.0
000965.SZ,20260429,412200,3.62,1492164.0,3.55,0.0371408,2.8072,110983.0
000966.SZ,20260429,342600,4.63,1586238.0,4.67,0.0105043,0.339259,326152.0
000967.SZ,20260429,3959800,13.7,54249260.0,14.18,0.122995,1.73477,321949.0
000968.SZ,20260429,437100,9.04,3951384.0,9.03,0.0451782,0.726217,96750.3
000969.SZ,20260429,193900,20.74,4021486.0,20.86,0.018757,0.76755,103375.0
000970.SZ,20260429,31000,11.66,361460.0,11.62,0.00254992,0.173587,121573.0
000972.SZ,20260429,29200,3.73,108916.0,3.76,0.0037859,0.242046,77128.4
000973.SZ,20260429,1229900,19.34,23786266.0,19.35,0.127132,1.59955,96742.3
000975.SZ,20260429,188300,26.48,4986184.0,26.84,0.00745025,0.561791,252743.0
000977.SZ,20260429,276700,70.48,19501816.0,70.83,0.0188638,0.35335,146683.0
000978.SZ,20260429,104800,6.63,694824.0,6.66,0.0223874,0.356107,46812.0
000980.SZ,20260429,6540100,2.16,14126616.0,2.08,0.129986,2.57697,503139.0
000981.SZ,20260429,2836700,3.7,10495790.0,3.77,0.0298181,1.07031,951336.0
000983.SZ,20260429,994800,6.85,6814380.0,6.74,0.0175231,1.63055,567707.0
000985.SZ,20260429,10700,20.1,215070.0,19.98,0.00825366,0.698143,12964.0
000987.SZ,20260429,218800,9.13,1997644.0,9.14,0.00436435,0.504149,501334.0
000988.SZ,20260429,494787,114.39,56598684.93,115.59,0.0492332,0.573062,100499.0
000989.SZ,20260429,90600,9.74,882444.0,9.82,0.0130519,0.31979,69415.4
000990.SZ,20260429,730196,12.8,9346508.8,13.17,0.0600867,0.628482,121524.0
000993.SZ,20260429,270100,12.39,3346539.0,12.71,0.0614216,0.997565,43974.8
000995.SZ,20260429,62800,13.45,844660.0,13.51,0.0353986,0.3472,17740.8
000997.SZ,20260429,33200,19.7,654040.0,19.79,0.00329548,0.175863,100744.0
000998.SZ,20260429,1344159,9.08,12204963.72,9.75,0.102263,6.76614,131441.0
000999.SZ,20260429,72000,26.07,1877040.0,26.1,0.00433032,0.471729,166269.0
001201.SZ,20260429,45800,12.9,590820.0,12.96,0.0227363,0.850594,20144.0
001202.SZ,20260429,4600,16.75,77050.0,16.74,0.00393755,0.306611,11682.4
001203.SZ,20260429,27900,46.67,1302093.0,46.64,0.00213634,0.100149,130597.0
001205.SZ,20260429,11829,14.93,176606.97,14.92,0.00710517,0.370282,16648.4
001206.SZ,20260429,3900,19.0,74100.0,19.02,0.00364948,0.119566,10686.4
001207.SZ,20260429,60900,18.23,1110207.0,18.45,0.0208118,0.900828,29262.2
001208.SZ,20260429,149100,18.5,2758350.0,18.61,0.0467789,0.450316,31873.4
001209.SZ,20260429,46700,21.17,988639.0,20.85,0.0485979,1.90117,9609.46
001210.SZ,20260429,9300,20.58,191394.0,20.73,0.00975875,0.281649,9529.9
001211.SZ,20260429,238100,39.99,9521619.0,40.0,0.355392,3.11176,6699.65
001212.SZ,20260429,27700,53.42,1479734.0,53.66,0.0159334,0.412321,17384.9
001213.SZ,20260429,265300,3.96,1050588.0,3.99,0.00596925,2.94862,444444.0
001215.SZ,20260429,131200,47.0,6166400.0,46.21,0.135395,1.89732,9690.16
001216.SZ,20260429,22300,18.09,403407.0,18.14,0.00908154,0.633282,24555.3
001217.SZ,20260429,14000,11.91,166740.0,11.96,0.00426605,0.270917,32817.2
001218.SZ,20260429,5900,24.19,142721.0,24.18,0.00499741,0.241964,11806.1
001219.SZ,20260429,5500,15.55,85525.0,15.62,0.00289288,0.105689,19012.2
001220.SZ,20260429,37800,38.8,1466640.0,39.04,0.167193,1.31853,2260.86
001221.SZ,20260429,3700,52.68,194916.0,53.48,0.0102752,0.170853,3600.9
001222.SZ,20260429,20100,18.39,369639.0,18.45,0.0177878,0.974104,11299.9
001223.SZ,20260429,10000,53.74,537400.0,54.3,0.0107121,0.862933,9335.2
001225.SZ,20260429,4700,48.4,227480.0,48.4,0.0223397,0.507702,2103.88
001226.SZ,20260429,3300,45.92,151536.0,46.34,0.00972685,0.284115,3392.67
001227.SZ,20260429,186100,2.24,416864.0,2.24,0.00441257,0.414436,421750.0
001228.SZ,20260429,8400,31.3,262920.0,31.55,0.0105178,0.466669,7986.46
001229.SZ,20260429,8300,36.76,305108.0,36.98,0.0157557,0.390078,5267.94
001230.SZ,20260429,12200,26.82,327204.0,26.9,0.0155303,0.422535,7855.63
001231.SZ,20260429,5900,25.33,149447.0,25.19,0.0116047,0.261624,5084.15
001233.SZ,20260429,191000,59.51,11366410.0,66.12,0.539763,9.31475,3538.59
001234.SZ,20260429,333200,30.51,10165932.0,31.07,0.364211,2.78149,9148.55
001236.SZ,20260429,627300,9.34,5858982.0,9.09,0.0827488,9.36575,75807.8
001238.SZ,20260429,1000,47.97,47970.0,47.62,0.000964626,0.270346,10366.7
001239.SZ,20260429,9600,14.71,141216.0,14.83,0.00842105,0.353417,11400.0
001255.SZ,20260429,10500,34.99,367395.0,35.34,0.0147771,0.898384,7105.6
001256.SZ,20260429,49500,24.73,1224135.0,24.48,0.0462995,1.76944,10691.3
001257.SZ,20260429,65100,21.75,1415925.0,21.75,0.0475363,0.312759,13694.8
001258.SZ,20260429,93500,9.03,844305.0,9.02,0.010018,0.207104,93332.4
001259.SZ,20260429,8700,33.12,288144.0,33.35,0.0182986,0.557865,4754.45
001260.SZ,20260429,900,22.03,19827.0,22.02,0.000782609,0.0407048,11500.0
001266.SZ,20260429,150300,39.52,5939856.0,35.93,0.258521,10.4583,5813.85
001267.SZ,20260429,719100,50.51,36321741.0,51.79,0.118733,0.927348,60564.3
001268.SZ,20260429,11600,34.99,405884.0,34.65,0.0172022,0.198383,6743.33
001269.SZ,20260429,5100,20.94,106794.0,21.03,0.00265056,0.238119,19241.2
001270.SZ,20260429,429400,133.68,57402192.0,140.7,0.211008,5.84812,20350.0
001277.SZ,20260429,8200,35.86,294052.0,35.87,0.0180024,0.922259,4554.95
001278.SZ,20260429,15400,22.49,346346.0,22.47,0.0180516,0.475665,8531.09
001279.SZ,20260429,9041,29.74,268879.34,29.9,0.0226025,0.905848,4000.0
001280.SZ,20260429,47500,82.04,3896900.0,82.32,0.0300467,0.470293,15808.7
001282.SZ,20260429,3400,19.99,67966.0,20.07,0.00434978,0.0548467,7816.48
001283.SZ,20260429,25500,73.1,1864050.0,72.68,0.0319794,0.420018,7973.87
001285.SZ,20260429,16900,51.65,872885.0,52.01,0.0407261,1.23631,4149.68
001286.SZ,20260429,161400,11.63,1877082.0,11.71,0.0119556,0.632004,135000.0
001287.SZ,20260429,151700,25.6,3883520.0,25.8,0.0199632,0.470606,75990.0
001288.SZ,20260429,1500,27.63,41445.0,27.62,0.000987387,0.0435434,15191.6
001289.SZ,20260429,16900,16.19,273611.0,16.25,0.000335189,0.117442,504193.0
001296.SZ,20260429,363000,22.28,8087640.0,24.74,0.47234,16.1371,7685.13
001298.SZ,20260429,1239400,22.94,28431836.0,23.33,0.519283,8.6908,23867.5
001299.SZ,20260429,182300,11.24,2049052.0,11.67,0.0644454,1.39481,28287.5
001300.SZ,20260429,1300,17.27,22451.0,17.4,0.000533277,0.026148,24377.6
001301.SZ,20260429,13900,80.0,1112000.0,80.18,0.0074834,0.1365,18574.4
001306.SZ,20260429,1200,68.5,82200.0,67.8,0.00774205,0.132147,1549.98
001308.SZ,20260429,4900,19.82,97118.0,19.94,0.00100567,0.296445,48723.7
001309.SZ,20260429,99740,491.22,48994282.8,496.39,0.061825,0.68002,16132.6
001311.SZ,20260429,2600,28.8,74880.0,28.79,0.0019082,0.0484649,13625.4
001312.SZ,20260429,96200,23.48,2258776.0,23.43,0.168299,0.495502,5716.03
001313.SZ,20260429,28500,8.54,243390.0,8.58,0.00407636,0.199076,69915.3
001314.SZ,20260429,37300,48.6,1812780.0,49.0,0.0720091,0.446746,5179.9
001316.SZ,20260429,1800,47.05,84690.0,47.32,0.00161737,0.0681534,11129.2
001317.SZ,20260429,21200,51.7,1096040.0,51.65,0.0248007,0.498724,8548.14
001318.SZ,20260429,1200,13.08,15696.0,13.12,0.000424538,0.0352473,28266.0
001319.SZ,20260429,5700,23.12,131784.0,23.22,0.00695121,0.180524,8200.01
001322.SZ,20260429,45300,7.16,324348.0,7.26,0.0057662,1.13493,78561.3
001323.SZ,20260429,10000,23.73,237300.0,23.97,0.00321287,1.56262,31124.8
001324.SZ,20260429,8900,19.9,177110.0,20.0,0.0108997,0.297556,8165.36
001325.SZ,20260429,47900,53.6,2567440.0,54.04,0.244388,1.22024,1960.0
001326.SZ,20260429,9700,54.84,531948.0,54.33,0.0402434,1.05045,2410.33
001328.SZ,20260429,6700,32.77,219559.0,32.84,0.00414304,0.309157,16171.7
001330.SZ,20260429,404500,7.95,3215775.0,7.94,0.0347853,0.285533,116285.0
001331.SZ,20260429,39600,44.0,1742400.0,45.04,0.0235889,0.736791,16787.6
001332.SZ,20260429,52800,64.94,3428832.0,64.3,0.109992,1.96608,4800.35
001333.SZ,20260429,900,23.83,21447.0,23.8,0.00204545,0.0356219,4400.0
001335.SZ,20260429,4700,45.3,212910.0,45.96,0.0183996,0.34729,2554.4
001336.SZ,20260429,38800,27.2,1055360.0,26.43,0.0832919,2.86821,4658.32
001337.SZ,20260429,257400,47.51,12229074.0,47.26,0.0612857,3.03079,42000.0
001338.SZ,20260429,48700,12.42,604854.0,12.48,0.0097064,0.433273,50173.1
001339.SZ,20260429,417830,86.61,36188256.3,88.0,0.335517,2.57241,12453.3
001356.SZ,20260429,39500,10.73,423835.0,10.78,0.0196863,1.40394,20064.7
001358.SZ,20260429,93100,30.69,2857239.0,30.99,0.187337,3.89406,4969.65
001359.SZ,20260429,10100,85.0,858500.0,87.01,0.0217766,0.524881,4638.0
001360.SZ,20260429,11200,20.39,228368.0,20.62,0.00892542,0.402723,12548.4
001366.SZ,20260429,57600,15.06,867456.0,15.07,0.0358476,0.664347,16068.0
001367.SZ,20260429,3400,24.37,82858.0,24.59,0.0027952,0.0830446,12163.7
001368.SZ,20260429,6600,29.21,192786.0,29.21,0.00609919,0.289116,10821.1
001369.SZ,20260429,41100,14.99,616089.0,15.12,0.0204448,0.262348,20102.9
001373.SZ,20260429,4400,36.44,160336.0,36.53,0.0132803,0.306637,3313.17
001376.SZ,20260429,21700,14.98,325066.0,15.04,0.0101519,0.227974,21375.3
001378.SZ,20260429,12700,25.88,328676.0,25.88,0.0195751,0.699213,6487.83
001379.SZ,20260429,3600,21.19,76284.0,21.29,0.00534937,0.161988,6729.77
001380.SZ,20260429,3800,18.76,71288.0,18.74,0.00431802,0.206214,8800.33
001382.SZ,20260429,4700,19.93,93671.0,19.98,0.00746032,0.123564,6300.0
001386.SZ,20260429,24300,18.2,442260.0,18.33,0.0225957,0.35298,10754.3
001387.SZ,20260429,17400,13.7,238380.0,13.71,0.0152752,0.635047,11391.0
001388.SZ,20260429,4600,36.41,167486.0,36.41,0.0147436,0.336561,3120.0
001389.SZ,20260429,69900,163.01,11394399.0,165.11,0.045991,0.524664,15198.6
001390.SZ,20260429,6900,21.11,145659.0,21.1,0.0138,0.462904,5000.0
001391.SZ,20260429,82000,5.17,423940.0,5.19,0.00539703,0.562043,151935.0
001395.SZ,20260429,100,39.46,3946.0,39.39,0.000213265,0.0092683,4689.0
001396.SZ,20260429,48600,44.41,2158326.0,43.37,0.218848,2.67986,2220.71
001400.SZ,20260429,15100,194.41,2935591.0,194.4,0.100667,0.740317,1500.0
001696.SZ,20260429,157300,17.14,2696122.0,17.17,0.0176464,0.524508,89139.8
001872.SZ,20260429,5600,21.98,123088.0,21.98,0.000243267,0.215033,230200.0
001896.SZ,20260429,1197600,15.3,18323280.0,15.73,0.0784909,0.670254,152578.0
001914.SZ,20260429,39200,10.15,397880.0,10.12,0.00372017,0.665754,105372.0
001965.SZ,20260429,29400,9.42,276948.0,9.48,0.000432665,0.289186,679510.0
001979.SZ,20260429,253200,8.6,2177520.0,8.65,0.00300942,0.625326,841358.0
002001.SZ,20260429,798200,34.35,27418170.0,35.39,0.0262837,2.42514,303686.0
002003.SZ,20260429,18000,10.19,183420.0,10.15,0.00176108,0.327375,102210.0
002004.SZ,20260429,63200,4.91,310312.0,4.93,0.00335577,0.128724,188332.0
002005.SZ,20260429,57700,2.98,171946.0,2.99,0.00329343,0.317034,175197.0
002006.SZ,20260429,26000,16.95,440700.0,17.07,0.00500199,0.320358,51979.3
002007.SZ,20260429,19800,14.44,285912.0,14.47,0.00125857,0.2669,157321.0
002008.SZ,20260429,231380,104.0,24063520.0,105.22,0.0241845,0.428815,95672.7
002009.SZ,20260429,64500,22.38,1443510.0,22.54,0.0182179,0.264337,35404.8
002010.SZ,20260429,58100,5.67,329427.0,5.67,0.00210711,0.321592,275732.0
002011.SZ,20260429,283500,11.6,3288600.0,11.53,0.0267564,2.59543,105956.0
002012.SZ,20260429,29300,6.7,196310.0,6.72,0.0062657,0.199635,46762.5
002014.SZ,20260429,4800,11.13,53424.0,11.13,0.000796424,0.135534,60269.4
002015.SZ,20260429,868900,18.6,16161540.0,18.87,0.053526,0.498025,162332.0
002016.SZ,20260429,28400,5.19,147396.0,5.23,0.00351009,0.221908,80909.6
002017.SZ,20260429,32000,18.56,593920.0,18.73,0.00551642,0.282603,58008.6
002019.SZ,20260429,22100,11.26,248846.0,11.26,0.0026253,0.137638,84180.8
002020.SZ,20260429,10800,14.86,160488.0,14.86,0.00149178,0.101947,72396.8
002021.SZ,20260429,24400,2.95,71980.0,2.97,0.00204109,0.0598481,119544.0
002022.SZ,20260429,16200,5.89,95418.0,5.88,0.00315005,0.231971,51427.8
002023.SZ,20260429,242500,12.31,2985175.0,12.43,0.0327322,0.475303,74086.0
002024.SZ,20260429,137500,1.31,180125.0,1.3,0.00148596,0.313053,925329.0
002025.SZ,20260429,164000,68.12,11171680.0,69.27,0.0361336,0.46115,45387.1
002026.SZ,20260429,22400,12.71,284704.0,12.76,0.0050852,0.405439,44049.4
002027.SZ,20260429,6403500,6.28,40213980.0,6.1,0.0443388,5.59564,1444220.0
002028.SZ,20260429,50700,195.0,9886500.0,195.25,0.00830217,0.308316,61068.3
002029.SZ,20260429,349100,11.08,3868028.0,11.1,0.0524642,1.30903,66540.6
002030.SZ,20260429,73900,5.73,423447.0,5.77,0.00526561,0.827468,140345.0
002031.SZ,20260429,807500,5.45,4400875.0,5.64,0.0416505,1.93218,193875.0
002032.SZ,20260429,4700,47.45,223015.0,47.45,0.000586634,0.239825,80118.1
002033.SZ,20260429,386900,9.46,3660074.0,9.43,0.070412,0.493222,54948.0
002034.SZ,20260429,82916,17.86,1480879.76,17.86,0.0178118,0.371216,46551.3
002035.SZ,20260429,62900,5.86,368594.0,5.9,0.00804309,0.415229,78203.8
002036.SZ,20260429,3873750,7.77,30099037.5,8.15,0.367017,14.0494,105547.0
002037.SZ,20260429,207100,8.33,1725143.0,8.1,0.0427996,3.74557,48388.4
002038.SZ,20260429,1863500,6.71,12504085.0,6.83,0.218743,3.36192,85191.3
002039.SZ,20260429,21500,20.5,440750.0,20.66,0.00502857,0.158598,42755.7
002040.SZ,20260429,12900,9.85,127065.0,9.85,0.00265391,0.176917,48607.5
002041.SZ,20260429,73500,9.9,727650.0,9.93,0.00835227,0.461005,88000.0
002042.SZ,20260429,986700,4.88,4815096.0,4.99,0.0580179,1.32151,170068.0
002043.SZ,20260429,80300,14.19,1139457.0,13.98,0.00994399,0.866485,80752.3
002044.SZ,20260429,269400,5.15,1387410.0,5.18,0.00695364,0.342198,387423.0
002045.SZ,20260429,132300,11.3,1494990.0,11.31,0.0235525,0.539087,56172.5
002046.SZ,20260429,32300,50.0,1615000.0,50.1,0.00610813,0.250693,52880.3
002047.SZ,20260429,61700,5.3,327010.0,5.3,0.00406949,0.235938,151616.0
002048.SZ,20260429,100000,26.18,2618000.0,26.29,0.0140885,0.692576,70979.9
002049.SZ,20260429,275100,73.75,20288625.0,74.43,0.0323832,1.11317,84951.5
002050.SZ,20260429,315300,43.9,13841670.0,44.16,0.00855817,0.35164,368420.0
002051.SZ,20260429,310100,10.02,3107202.0,9.95,0.0250619,0.436205,123734.0
002052.SZ,20260429,22700,9.33,211791.0,9.4,0.00329278,0.164164,68938.7
002053.SZ,20260429,102200,11.58,1183476.0,11.51,0.0111,0.819769,92072.3
002054.SZ,20260429,38000,8.06,306280.0,8.11,0.00989552,0.356666,38401.2
002055.SZ,20260429,1948300,5.9,11494970.0,6.07,0.328002,12.7666,59399.0
002056.SZ,20260429,75700,18.35,1389095.0,18.43,0.00465837,0.279793,162503.0
002057.SZ,20260429,42100,9.34,393214.0,9.39,0.00558864,0.426035,75331.4
002058.SZ,20260429,179200,26.02,4662784.0,26.0,0.125212,6.3236,14311.8
002059.SZ,20260429,10900,4.94,53846.0,4.94,0.0011088,0.1078,98304.6
002060.SZ,20260429,204600,3.84,785664.0,3.83,0.0130918,0.502243,156281.0
002061.SZ,20260429,77800,3.85,299530.0,3.85,0.0029933,0.422149,259914.0
002062.SZ,20260429,163500,8.8,1438800.0,8.83,0.0145372,0.458388,112470.0
002063.SZ,20260429,167300,6.3,1053990.0,6.28,0.00945851,0.412479,176878.0
002064.SZ,20260429,85000,11.6,986000.0,11.66,0.00171648,0.19951,495199.0
002065.SZ,20260429,107300,8.13,872349.0,8.14,0.00368992,0.317421,290792.0
002066.SZ,20260429,7300,22.4,163520.0,22.5,0.00316017,0.147982,23100.0
002067.SZ,20260429,1571800,4.82,7576076.0,4.62,0.117509,3.76381,133760.0
002068.SZ,20260429,15700,8.52,133764.0,8.56,0.00213611,0.135479,73497.9
002069.SZ,20260429,105700,3.85,406945.0,3.85,0.0148828,0.896801,71021.6
002072.SZ,20260429,30700,7.53,231171.0,7.5,0.00835302,0.542827,36753.2
002073.SZ,20260429,29200,7.01,204692.0,7.03,0.0028807,0.166448,101364.0
002074.SZ,20260429,1560600,37.0,57742200.0,39.04,0.0898864,2.96915,173619.0
002075.SZ,20260429,50100,4.39,219939.0,4.41,0.00228369,0.183047,219382.0
002076.SZ,20260429,3331900,2.28,7596732.0,2.26,0.319676,8.57611,104227.0
002077.SZ,20260429,392900,15.82,6215678.0,15.3,0.0677007,2.15158,58034.9
002078.SZ,20260429,165300,14.44,2386932.0,14.37,0.00595171,1.09967,277735.0
002079.SZ,20260429,2435100,11.21,27297471.0,10.63,0.300346,6.16918,81076.4
002080.SZ,20260429,202000,52.75,10655500.0,53.38,0.0120373,0.368289,167812.0
002081.SZ,20260429,12774488,4.8,61317542.4,4.87,0.48304,3.69956,264460.0
002082.SZ,20260429,706100,28.9,20406290.0,29.84,0.127627,2.05886,55325.3
002083.SZ,20260429,242200,10.98,2659356.0,11.07,0.0255938,0.507082,94632.3
002084.SZ,20260429,75000,3.8,285000.0,3.83,0.0116362,0.491014,64454.1
002085.SZ,20260429,331600,13.68,4536288.0,13.77,0.0156172,1.44572,212330.0
002086.SZ,20260429,208700,1.92,400704.0,1.91,0.0131981,0.476656,158129.0
002088.SZ,20260429,147600,10.1,1490760.0,10.41,0.029182,3.64549,50579.1
002090.SZ,20260429,35600,10.62,378072.0,10.51,0.00901184,0.507886,39503.6
002091.SZ,20260429,112000,9.54,1068480.0,9.61,0.00700792,0.286942,159819.0
002092.SZ,20260429,165900,6.89,1143051.0,6.94,0.00644135,0.177692,257555.0
002093.SZ,20260429,832600,8.41,7002166.0,9.06,0.0826402,5.15961,100750.0
002094.SZ,20260429,22700,5.83,132341.0,5.86,0.00328769,0.125928,69045.4
002095.SZ,20260429,18800,15.55,292340.0,15.61,0.00746896,0.62063,25170.8
002096.SZ,20260429,36700,11.37,417279.0,11.38,0.00295863,0.595062,124044.0
002097.SZ,20260429,81700,10.0,817000.0,10.03,0.0076168,0.474709,107263.0
002098.SZ,20260429,7300,8.43,61539.0,8.51,0.00203911,0.159754,35800.0
002099.SZ,20260429,1501500,6.6,9909900.0,7.31,0.092932,6.21262,161570.0
002100.SZ,20260429,185800,7.69,1428802.0,7.71,0.0136092,0.590825,136525.0
002101.SZ,20260429,29500,9.85,290575.0,9.91,0.00445477,0.457962,66221.2
002102.SZ,20260429,0,,0.0,2.79,0.0,0.0,217290.0
002103.SZ,20260429,18500,7.88,145780.0,7.91,0.00476638,0.318768,38813.6
002104.SZ,20260429,41300,13.9,574070.0,13.98,0.00688676,0.186944,59970.2
002105.SZ,20260429,143900,6.45,928155.0,6.44,0.0394819,1.70109,36447.1
002106.SZ,20260429,16200,10.44,169128.0,10.45,0.00229819,0.106348,70490.2
002107.SZ,20260429,565220,7.47,4222193.4,7.47,0.0989195,2.17626,57139.4
002108.SZ,20260429,403300,5.63,2270579.0,5.65,0.0244795,0.217097,164750.0
002109.SZ,20260429,48200,3.92,188944.0,3.92,0.00377663,0.149941,127627.0
002110.SZ,20260429,487200,3.41,1661352.0,3.46,0.020057,2.29112,242908.0
002111.SZ,20260429,1746800,10.47,18288996.0,9.58,0.357401,30.2663,48875.1
002112.SZ,20260429,50800,19.89,1010412.0,20.16,0.0193834,0.254319,26208.0
002114.SZ,20260429,15300,8.79,134487.0,8.86,0.00473112,0.121477,32339.1
002115.SZ,20260429,2003100,13.72,27482532.0,14.0,0.2663,2.24434,75219.6
002116.SZ,20260429,17000,9.68,164560.0,9.68,0.0036956,0.189136,46000.7
002117.SZ,20260429,11600,9.95,115420.0,9.96,0.00221566,0.112597,52354.6
002119.SZ,20260429,107920,20.32,2192934.4,20.71,0.0287569,0.45455,37528.4
002120.SZ,20260429,710700,7.89,5607423.0,7.91,0.0252457,0.743701,281513.0
002121.SZ,20260429,27000,6.81,183870.0,6.84,0.00192207,0.0735021,140474.0
002122.SZ,20260429,103700,2.94,304878.0,2.95,0.00521703,0.566513,198772.0
002123.SZ,20260429,522200,9.19,4799018.0,9.38,0.0725207,3.1276,72007.0
002124.SZ,20260429,3308700,2.55,8437185.0,2.6,0.167754,1.15808,197235.0
002125.SZ,20260429,100500,14.03,1410015.0,14.16,0.0159648,0.663102,62951.1
002126.SZ,20260429,63000,45.6,2872800.0,45.1,0.00793236,0.311198,79421.5
002127.SZ,20260429,333100,3.05,1015955.0,3.07,0.016699,0.440503,199473.0
002128.SZ,20260429,30400,31.93,970672.0,32.22,0.00135619,0.237653,224157.0
002129.SZ,20260429,249300,8.46,2109078.0,8.48,0.00617113,0.433662,403978.0
002130.SZ,20260429,171500,22.63,3881045.0,22.86,0.0149527,0.286088,114695.0
002131.SZ,20260429,4868100,6.49,31593969.0,6.58,0.0831472,0.983675,585480.0
002132.SZ,20260429,2446700,4.7,11499490.0,4.63,0.174829,3.41859,139948.0
002133.SZ,20260429,57600,3.31,190656.0,3.31,0.00748178,0.385331,76987.0
002134.SZ,20260429,230800,24.84,5733072.0,25.15,0.0936347,1.71985,24649.0
002135.SZ,20260429,203300,7.49,1522717.0,7.5,0.0194756,0.5041,104387.0
002136.SZ,20260429,16400,13.8,226320.0,13.92,0.00764726,0.174186,21445.6
002137.SZ,20260429,17800,8.08,143824.0,8.12,0.00448976,0.173571,39645.8
002138.SZ,20260429,71200,34.8,2477760.0,35.31,0.00941177,0.315941,75650.0
002139.SZ,20260429,90800,10.8,980640.0,10.85,0.00847735,0.409139,107109.0
002140.SZ,20260429,86800,12.17,1056356.0,12.02,0.0122779,1.17251,70696.1
002141.SZ,20260429,127900,3.68,470672.0,3.66,0.0123822,0.664741,103294.0
002142.SZ,20260429,56100,33.01,1851861.0,33.25,0.000850072,0.16181,659944.0
002144.SZ,20260429,8700,14.13,122931.0,14.27,0.00632076,0.167221,13764.2
002145.SZ,20260429,646300,4.5,2908350.0,4.49,0.0173323,1.53379,372887.0
002146.SZ,20260429,4738800,1.28,6065664.0,1.26,0.12115,4.64935,391152.0
002148.SZ,20260429,80600,7.67,618202.0,7.59,0.0179383,1.03675,44931.8
002149.SZ,20260429,391900,56.59,22177621.0,56.6,0.0802845,0.442441,48813.9
002150.SZ,20260429,33000,26.81,884730.0,27.1,0.00920387,0.164451,35854.5
002151.SZ,20260429,108800,38.88,4230144.0,39.3,0.0245701,0.51272,44281.5
002152.SZ,20260429,62800,11.53,724084.0,11.57,0.00253008,0.31838,248213.0
002153.SZ,20260429,161000,9.74,1568140.0,9.81,0.010064,0.695247,159976.0
002154.SZ,20260429,1910400,4.03,7698912.0,4.06,0.161929,3.61987,117977.0
002155.SZ,20260429,631700,27.57,17415969.0,27.98,0.0404285,1.24424,156251.0
002156.SZ,20260429,679600,49.3,33504280.0,50.25,0.0447856,0.595245,151745.0
002157.SZ,20260429,2111400,3.14,6629796.0,3.11,0.0271128,0.914636,778746.0
002158.SZ,20260429,11400,25.37,289218.0,25.38,0.00213656,0.140726,53356.7
002159.SZ,20260429,7400,16.68,123432.0,16.69,0.00534402,0.20066,13847.3
002160.SZ,20260429,149000,4.79,713710.0,4.79,0.0144558,0.644808,103073.0
002161.SZ,20260429,355500,6.69,2378295.0,7.06,0.0504439,1.51205,70474.3
002162.SZ,20260429,10000,4.41,44100.0,4.44,0.00108874,0.0698799,91849.4
002163.SZ,20260429,139400,12.1,1686740.0,12.19,0.017348,0.402523,80354.9
002164.SZ,20260429,127100,12.7,1614170.0,12.87,0.0264916,1.14281,47977.5
002165.SZ,20260429,69000,8.63,595470.0,8.71,0.00948344,0.128896,72758.4
002166.SZ,20260429,45000,8.57,385650.0,8.6,0.00609273,0.445743,73858.5
002167.SZ,20260429,37700,12.65,476905.0,12.72,0.00496894,0.140814,75871.3
002168.SZ,20260429,25300,4.18,105754.0,4.21,0.00322637,0.234727,78416.3
002169.SZ,20260429,53200,12.77,679364.0,12.74,0.00701224,0.142236,75867.4
002170.SZ,20260429,232700,13.89,3232203.0,13.89,0.0295631,0.950055,78713.0
002171.SZ,20260429,47700,11.26,537102.0,11.3,0.00295586,0.1527,161374.0
002172.SZ,20260429,52400,3.75,196500.0,3.77,0.00684841,0.354986,76514.1
002173.SZ,20260429,172100,22.62,3892902.0,22.94,0.040892,0.717975,42086.5
002174.SZ,20260429,836900,9.85,8243465.0,9.25,0.0854626,4.07082,97925.9
002175.SZ,20260429,0,,0.0,2.89,0.0,0.0,127678.0
002176.SZ,20260429,14872968,13.77,204800769.36,14.63,0.871794,6.34281,170602.0
002177.SZ,20260429,118700,7.26,861762.0,7.32,0.0175873,0.275912,67491.9
002178.SZ,20260429,31500,6.01,189315.0,6.0,0.00442551,0.241305,71178.3
002179.SZ,20260429,71700,35.29,2530293.0,35.54,0.00341998,0.197483,209650.0
002180.SZ,20260429,23900,18.33,438087.0,18.5,0.00175698,0.150019,136029.0
002181.SZ,20260429,936900,14.5,13585050.0,14.42,0.0825799,1.13788,113454.0
002182.SZ,20260429,222200,15.16,3368552.0,15.47,0.0256727,0.941643,86551.2
002183.SZ,20260429,1325100,5.57,7380807.0,5.63,0.0510244,1.30603,259699.0
002184.SZ,20260429,17700,11.03,195231.0,11.11,0.00736364,0.315733,24037.0
002185.SZ,20260429,992800,12.65,12558920.0,12.65,0.0303963,0.927642,326618.0
002186.SZ,20260429,57300,10.66,610818.0,10.58,0.0186766,0.934765,30680.2
002187.SZ,20260429,6000,6.06,36360.0,6.1,0.000856049,0.0575278,70089.5
002188.SZ,20260429,70800,6.68,472944.0,6.7,0.0275098,0.593816,25736.3
002189.SZ,20260429,5000,20.64,103200.0,20.87,0.00191454,0.133503,26116.0
002190.SZ,20260429,20900,29.08,607772.0,29.06,0.00582612,0.511552,35872.9
002191.SZ,20260429,1455900,3.71,5401389.0,3.77,0.101068,5.62307,144051.0
002192.SZ,20260429,280014,90.44,25324466.16,90.26,0.108064,0.922265,25911.8
002193.SZ,20260429,489400,6.31,3088114.0,6.51,0.186998,3.57048,26171.4
002194.SZ,20260429,277400,10.76,2984824.0,10.87,0.054297,0.543069,51089.4
002195.SZ,20260429,359300,8.71,3129503.0,8.78,0.00639341,0.168796,561985.0
002196.SZ,20260429,56000,13.55,758800.0,13.54,0.0114658,0.190946,48841.0
002197.SZ,20260429,175500,7.75,1360125.0,7.81,0.0328652,0.86179,53400.0
002198.SZ,20260429,392100,6.3,2470230.0,6.46,0.077264,1.55076,50748.1
002199.SZ,20260429,183800,9.75,1792050.0,9.74,0.0795905,3.85842,23093.2
002200.SZ,20260429,1100,7.62,8382.0,7.63,0.00056201,0.0643427,19572.6
002201.SZ,20260429,828400,14.02,11614168.0,14.42,0.137603,0.600171,60202.3
002202.SZ,20260429,858800,25.23,21667524.0,25.51,0.0255329,0.480731,336350.0
002203.SZ,20260429,124100,17.08,2119628.0,17.32,0.00560995,0.245906,221214.0
002204.SZ,20260429,50000,6.86,343000.0,6.89,0.00258884,0.183242,193137.0
002205.SZ,20260429,18100,13.05,236205.0,13.09,0.00973939,0.530101,18584.3
002206.SZ,20260429,18500,6.07,112295.0,6.1,0.00175051,0.132662,105684.0
002208.SZ,20260429,90800,12.66,1149528.0,12.79,0.0113066,0.413782,80307.2
002209.SZ,20260429,8800,16.0,140800.0,16.15,0.00562973,0.124094,15631.3
002210.SZ,20260429,14226200,3.29,46804198.0,3.01,0.535773,18.0184,265527.0
002211.SZ,20260429,108400,3.55,384820.0,3.54,0.025065,0.820697,43247.6
002212.SZ,20260429,118200,7.76,917232.0,7.81,0.0101299,0.327302,116684.0
002213.SZ,20260429,501400,35.38,17739532.0,35.7,0.242742,1.41509,20655.7
002214.SZ,20260429,10500,18.98,199290.0,18.99,0.00219474,0.268015,47841.7
002215.SZ,20260429,260800,10.79,2814032.0,10.67,0.0324785,1.7402,80299.3
002216.SZ,20260429,95100,14.68,1396068.0,14.65,0.0150832,0.673983,63050.2
002217.SZ,20260429,41934300,2.94,123286842.0,2.98,0.576074,4.90215,727932.0
002218.SZ,20260429,6335200,5.45,34526840.0,5.71,0.456532,8.31316,138768.0
002219.SZ,20260429,721500,2.29,1652235.0,2.31,0.0220516,0.573626,327187.0
002221.SZ,20260429,44100,7.95,350595.0,7.94,0.00301874,0.205611,146088.0
002222.SZ,20260429,143900,85.46,12297694.0,85.6,0.0307379,0.394592,46815.2
002223.SZ,20260429,30000,29.17,875100.0,29.08,0.00318372,0.216375,94229.4
002224.SZ,20260429,311600,4.31,1342996.0,4.39,0.0386418,1.91481,80638.0
002225.SZ,20260429,27884427,4.27,119066503.29,4.34,2.93947,140.68,94862.2
002226.SZ,20260429,20600,5.36,110416.0,5.36,0.000777676,0.126216,264892.0
002227.SZ,20260429,426200,8.65,3686630.0,8.7,0.173297,2.57258,24593.7
002228.SZ,20260429,73200,3.78,276696.0,3.79,0.00605298,0.181178,120932.0
002229.SZ,20260429,283600,16.05,4551780.0,16.28,0.0575071,0.484479,49315.6
002230.SZ,20260429,985700,47.68,46998176.0,49.17,0.0450237,2.57402,218929.0
002232.SZ,20260429,10100,17.06,172306.0,17.2,0.00247217,0.209497,40854.8
002233.SZ,20260429,73900,9.8,724220.0,9.8,0.00629862,0.48413,117327.0
002234.SZ,20260429,11600,8.51,98716.0,8.51,0.0038486,0.186854,30140.9
002235.SZ,20260429,106700,9.84,1049928.0,9.84,0.0192746,0.290993,55357.8
002236.SZ,20260429,133400,18.0,2401200.0,18.11,0.00557896,0.368683,239113.0
002237.SZ,20260429,173800,15.86,2756468.0,15.91,0.0145762,0.321251,119236.0
002238.SZ,20260429,2400,7.02,16848.0,7.02,0.000299043,0.0421012,80255.9
002239.SZ,20260429,383500,2.86,1096810.0,2.87,0.0117416,0.546265,326615.0
002240.SZ,20260429,338700,50.11,16972257.0,51.03,0.0371012,0.645104,91290.9
002241.SZ,20260429,443000,24.2,10720600.0,24.39,0.0140966,0.452588,314259.0
002242.SZ,20260429,205700,10.7,2200990.0,10.81,0.0270059,0.501992,76168.6
002243.SZ,20260429,51900,8.5,441150.0,8.5,0.00431012,0.344518,120414.0
002244.SZ,20260429,76700,9.15,701805.0,9.17,0.00278146,0.233871,275755.0
002245.SZ,20260429,175800,20.76,3649608.0,20.76,0.0161947,0.265121,108554.0
002246.SZ,20260429,62000,23.04,1428480.0,23.05,0.0112925,0.222573,54903.5
002247.SZ,20260429,455100,2.8,1274280.0,2.83,0.0707181,1.83611,64354.1
002248.SZ,20260429,61100,12.37,755807.0,12.47,0.0198702,0.399603,30749.6
002249.SZ,20260429,67900,8.86,601594.0,8.91,0.00364712,0.208052,186174.0
002250.SZ,20260429,54700,16.48,901456.0,16.48,0.0061119,0.257075,89497.6
002251.SZ,20260429,173200,4.06,703192.0,4.08,0.00804656,0.282964,215247.0
002252.SZ,20260429,379800,5.53,2100294.0,5.52,0.00572524,1.38127,663378.0
002253.SZ,20260429,580800,11.0,6388800.0,11.58,0.276639,9.45602,20994.9
002254.SZ,20260429,98800,10.75,1062100.0,10.86,0.0116158,0.403985,85056.8
002255.SZ,20260429,124700,11.06,1379182.0,11.14,0.0195463,0.567536,63797.2
002256.SZ,20260429,1092200,4.5,4914900.0,4.5,0.0559537,0.53086,195197.0
002258.SZ,20260429,19600,13.01,254996.0,13.0,0.00245261,0.089172,79914.9
002259.SZ,20260429,142000,5.08,721360.0,5.09,0.0188747,0.241929,75232.8
002261.SZ,20260429,861400,34.28,29528792.0,35.03,0.0751589,0.472118,114611.0
002262.SZ,20260429,66600,22.43,1493838.0,22.44,0.00753456,0.52211,88392.7
002263.SZ,20260429,1193600,4.1,4893760.0,4.13,0.0635453,0.441578,187835.0
002264.SZ,20260429,19200,8.05,154560.0,8.08,0.00293227,0.150626,65478.3
002265.SZ,20260429,11500,21.97,252655.0,21.97,0.00111322,0.130473,103304.0
002266.SZ,20260429,20170800,4.97,100248876.0,4.76,0.411918,22.164,489680.0
002267.SZ,20260429,103100,7.93,817583.0,7.98,0.00927095,0.868267,111208.0
002268.SZ,20260429,18900,15.43,291627.0,15.43,0.00223601,0.177116,84525.4
002269.SZ,20260429,128200,1.54,197428.0,1.54,0.00510249,0.256824,251250.0
002270.SZ,20260429,59800,25.48,1523704.0,25.55,0.00667254,0.268524,89621.1
002271.SZ,20260429,260200,15.47,4025294.0,15.35,0.0135911,0.622289,191449.0
002272.SZ,20260429,126600,17.24,2182584.0,17.48,0.0310193,0.199349,40813.3
002273.SZ,20260429,216100,31.43,6792023.0,31.63,0.0158655,0.264834,136208.0
002274.SZ,20260429,246600,6.81,1679346.0,6.87,0.0262942,0.734947,93784.9
002275.SZ,20260429,43900,14.01,615039.0,13.95,0.00785273,2.93196,55904.1
002276.SZ,20260429,49000,13.08,640920.0,13.17,0.0048655,0.179862,100709.0
002277.SZ,20260429,43200,5.67,244944.0,5.66,0.00309861,0.2242,139417.0
002278.SZ,20260429,81700,10.37,847229.0,10.47,0.0245528,0.280774,33275.3
002279.SZ,20260429,231900,7.84,1818096.0,7.84,0.0293709,1.06069,78955.6
002281.SZ,20260429,520500,132.53,68981865.0,137.0,0.0667737,0.623293,77949.9
002282.SZ,20260429,7900,6.79,53641.0,6.81,0.00156434,0.1398,50500.5
002283.SZ,20260429,97700,10.75,1050275.0,10.78,0.00974246,0.302969,100283.0
002284.SZ,20260429,147400,13.16,1939784.0,13.33,0.0201672,0.959289,73088.9
002285.SZ,20260429,150000,3.0,450000.0,3.01,0.00759402,0.380964,197524.0
002286.SZ,20260429,6900,10.15,70035.0,10.18,0.00186643,0.0710576,36969.0
002287.SZ,20260429,3900,22.58,88062.0,22.62,0.000683078,0.228526,57094.5
002289.SZ,20260429,121100,34.82,4216702.0,33.16,0.0432571,2.83204,27995.4
002290.SZ,20260429,236600,79.9,18904340.0,79.26,0.0957135,1.26413,24719.6
002291.SZ,20260429,782000,6.42,5020440.0,6.28,0.0899755,3.29493,86912.5
002292.SZ,20260429,121600,8.07,981312.0,8.08,0.0119465,0.476102,101787.0
002293.SZ,20260429,14500,10.87,157615.0,10.96,0.00175421,0.0711911,82658.3
002294.SZ,20260429,20100,53.1,1067310.0,53.09,0.00180339,0.171613,111457.0
002295.SZ,20260429,6300,10.91,68733.0,10.94,0.0025157,0.15027,25042.7
002296.SZ,20260429,37700,11.11,418847.0,11.1,0.0108544,0.362667,34732.4
002297.SZ,20260429,3946000,21.25,83852500.0,22.58,0.68853,2.08888,57310.5
002298.SZ,20260429,33400,9.58,319972.0,9.58,0.00505481,0.124533,66075.7
002299.SZ,20260429,21100,18.28,385708.0,18.26,0.00173102,0.216085,121894.0
002300.SZ,20260429,217800,9.59,2088702.0,9.77,0.0301539,0.347752,72229.5
002301.SZ,20260429,388100,6.73,2611913.0,6.83,0.0540537,1.21878,71799.0
002302.SZ,20260429,10900,5.53,60277.0,5.53,0.000863466,0.146663,126235.0
002303.SZ,20260429,34300,3.31,113533.0,3.31,0.00354749,0.236811,96688.1
002304.SZ,20260429,38100,49.5,1885950.0,49.5,0.00252919,0.782761,150641.0
002305.SZ,20260429,199100,2.23,443993.0,2.23,0.0114814,0.776538,173410.0
002306.SZ,20260429,265600,2.42,642752.0,2.43,0.0326306,2.21393,81396.0
002307.SZ,20260429,96400,4.33,417412.0,4.31,0.00760078,0.401076,126829.0
002309.SZ,20260429,3055200,4.26,13015152.0,4.33,0.126976,0.930654,240613.0
002310.SZ,20260429,1655100,3.05,5048055.0,3.02,0.0384996,0.580356,429901.0
002311.SZ,20260429,25000,49.08,1227000.0,49.12,0.00152054,0.250494,164415.0
002312.SZ,20260429,134300,10.79,1449097.0,10.86,0.00712913,0.292211,188382.0
002313.SZ,20260429,1360300,10.08,13711824.0,10.12,0.363354,5.12411,37437.4
002314.SZ,20260429,918000,2.4,2203200.0,2.44,0.0685956,2.74118,133828.0
002315.SZ,20260429,41020,29.82,1223216.4,30.01,0.0156021,0.402541,26291.3
002316.SZ,20260429,151700,5.28,800976.0,5.25,0.0445149,1.29127,34078.5
002317.SZ,20260429,139200,18.91,2632272.0,18.91,0.0182769,0.482784,76161.7
002318.SZ,20260429,46400,29.12,1351168.0,28.89,0.00486022,0.470103,95468.9
002319.SZ,20260429,169200,11.65,1971180.0,11.67,0.0846,2.07763,20000.0
002320.SZ,20260429,80200,8.27,663254.0,8.3,0.00358709,0.557545,223580.0
002321.SZ,20260429,77200,2.08,160576.0,2.09,0.00363488,0.2425,212387.0
002322.SZ,20260429,6600,12.22,80652.0,12.26,0.0018782,0.0562649,35140.0
002323.SZ,20260429,0,,0.0,1.76,0.0,0.0,212038.0
002324.SZ,20260429,529300,14.8,7833640.0,14.98,0.0681845,1.01216,77627.6
002326.SZ,20260429,888700,23.89,21231043.0,24.5,0.109966,1.252,80815.9
002327.SZ,20260429,24100,7.24,174484.0,7.3,0.00490852,0.177618,49098.3
002328.SZ,20260429,604100,10.5,6343050.0,10.67,0.105836,0.630579,57079.1
002329.SZ,20260429,30400,4.01,121904.0,4.02,0.00466549,0.119984,65159.3
002330.SZ,20260429,50000,4.6,230000.0,4.63,0.00787217,0.340854,63514.9
002331.SZ,20260429,373320,9.24,3449476.8,9.23,0.0943079,0.911317,39585.2
002332.SZ,20260429,195200,8.7,1698240.0,8.77,0.0198258,2.15523,98457.4
002333.SZ,20260429,29200,5.51,160892.0,5.51,0.00438103,0.122984,66650.9
002334.SZ,20260429,42000,7.68,322560.0,7.71,0.00571419,0.17171,73501.2
002335.SZ,20260429,67200,61.2,4112640.0,61.2,0.01478,0.212232,45466.9
002337.SZ,20260429,6900,6.01,41469.0,6.04,0.00117348,0.0748171,58799.7
002338.SZ,20260429,31100,60.6,1884660.0,60.98,0.0129583,0.242044,24000.0
002339.SZ,20260429,318800,9.85,3140180.0,9.95,0.0665942,1.80617,47872.0
002340.SZ,20260429,562600,8.85,4979010.0,8.93,0.0110843,0.261941,507566.0
002342.SZ,20260429,712200,18.13,12912186.0,18.48,0.0746001,0.319211,95469.0
002343.SZ,20260429,6600,6.2,40920.0,6.18,0.00139334,0.0658544,47368.0
002344.SZ,20260429,86300,4.42,381446.0,4.45,0.0067355,0.754399,128127.0
002345.SZ,20260429,15000,10.7,160500.0,10.73,0.00172965,0.124257,86722.9
002346.SZ,20260429,54100,17.83,964603.0,18.16,0.0137545,1.67906,39332.5
002347.SZ,20260429,51600,7.64,394224.0,7.71,0.0104584,0.262058,49338.3
002348.SZ,20260429,776500,9.96,7733940.0,9.63,0.0859404,3.70182,90353.3
002349.SZ,20260429,24000,7.28,174720.0,7.32,0.00294775,0.202474,81418.1
002350.SZ,20260429,917100,13.7,12564270.0,14.51,0.172858,3.4452,53055.1
002351.SZ,20260429,20200,11.01,222402.0,11.07,0.00387674,0.306564,52105.7
002352.SZ,20260429,711900,37.4,26625060.0,37.02,0.0149245,4.24091,477001.0
002353.SZ,20260429,60500,124.33,7521965.0,125.03,0.00875494,0.337664,69103.9
002354.SZ,20260429,3343800,5.9,19728420.0,5.41,0.205684,7.99773,162569.0
002355.SZ,20260429,542700,5.65,3066255.0,5.83,0.0877919,3.3915,61816.7
002356.SZ,20260429,678200,3.28,2224496.0,3.35,0.0517218,2.31344,131125.0
002357.SZ,20260429,24200,11.28,272976.0,11.27,0.00771985,0.200449,31347.8
002358.SZ,20260429,346400,7.3,2528720.0,7.19,0.0372571,1.42093,92975.6
002361.SZ,20260429,2461100,19.86,48877446.0,20.02,0.304208,0.795683,80901.9
002362.SZ,20260429,10700,18.0,192600.0,18.11,0.00515429,0.280371,20759.4
002363.SZ,20260429,45600,8.06,367536.0,8.09,0.0109679,0.515709,41575.8
002364.SZ,20260429,548800,39.41,21628208.0,40.0,0.098333,0.79473,55810.4
002365.SZ,20260429,28800,12.83,369504.0,13.01,0.0117413,0.526708,24528.8
002366.SZ,20260429,303000,7.42,2248260.0,7.41,0.0163752,0.594628,185036.0
002367.SZ,20260429,33100,6.13,202903.0,6.15,0.00416575,0.265133,79457.6
002368.SZ,20260429,17900,18.6,332940.0,18.7,0.0028851,0.211414,62043.0
002369.SZ,20260429,27100,7.16,194036.0,7.23,0.00478627,0.181205,56620.4
002370.SZ,20260429,136500,6.6,900900.0,6.62,0.0183057,0.387621,74566.8
002371.SZ,20260429,68200,510.22,34797004.0,517.21,0.0094166,0.458264,72425.3
002372.SZ,20260429,17000,10.43,177310.0,10.4,0.00115579,0.252198,147086.0
002373.SZ,20260429,279500,8.75,2445625.0,8.75,0.0202891,0.873547,137759.0
002374.SZ,20260429,7100,3.09,21939.0,3.09,0.000654252,0.0340516,108521.0
002375.SZ,20260429,197900,4.1,811390.0,4.14,0.0148686,0.716355,133100.0
002376.SZ,20260429,39700,7.17,284649.0,7.23,0.00504362,0.257631,78713.3
002377.SZ,20260429,1523300,3.72,5666676.0,3.65,0.174627,2.05924,87231.5
002378.SZ,20260429,678400,29.9,20284160.0,29.93,0.0567641,0.929019,119512.0
002379.SZ,20260429,12900,25.05,323145.0,25.2,0.00113519,0.0534317,113637.0
002380.SZ,20260429,22900,34.15,782035.0,34.42,0.0161036,0.243785,14220.4
002381.SZ,20260429,14700,6.61,97167.0,6.66,0.00458806,0.256919,32039.7
002382.SZ,20260429,870802,7.59,6609387.18,7.52,0.0871491,2.13842,99921.0
002383.SZ,20260429,17900,9.07,162353.0,9.1,0.00241774,0.0824644,74036.0
002384.SZ,20260429,1417212,180.61,255962659.32,183.9,0.102228,1.46388,138632.0
002385.SZ,20260429,469200,3.85,1806420.0,3.87,0.0133159,0.793392,352362.0
002386.SZ,20260429,300600,6.89,2071134.0,6.95,0.0230981,0.431109,130140.0
002387.SZ,20260429,290800,7.89,2294412.0,8.05,0.0208459,2.93637,139500.0
002388.SZ,20260429,61700,5.18,319606.0,5.19,0.0121906,0.334444,50612.8
002389.SZ,20260429,102200,21.24,2170728.0,21.25,0.0103782,0.473231,98476.1
002390.SZ,20260429,52300,3.18,166314.0,3.18,0.00271295,0.238712,192779.0
002391.SZ,20260429,146800,6.6,968880.0,6.63,0.0316312,0.661677,46409.8
002392.SZ,20260429,106100,8.96,950656.0,8.93,0.00916594,0.264758,115755.0
002393.SZ,20260429,15200,16.84,255968.0,16.91,0.005063,0.326977,30021.7
002394.SZ,20260429,29600,12.55,371480.0,12.55,0.00916065,0.313771,32312.1
002395.SZ,20260429,83900,19.28,1617592.0,19.23,0.0312843,0.954619,26818.6
002396.SZ,20260429,50800,26.02,1321816.0,26.25,0.00870936,0.19613,58328.0
002397.SZ,20260429,352400,4.63,1631612.0,4.67,0.0543955,0.759681,64784.8
002398.SZ,20260429,57500,4.88,280600.0,4.9,0.00943397,0.450089,60949.9
002399.SZ,20260429,11800,10.82,127676.0,10.78,0.000946118,0.421365,124720.0
002400.SZ,20260429,449100,8.27,3714057.0,8.24,0.0260172,0.52875,172616.0
002401.SZ,20260429,16300,14.14,230482.0,14.25,0.0043894,0.556904,37135.0
002402.SZ,20260429,267600,31.06,8311656.0,31.3,0.0328901,0.611106,81361.8
002403.SZ,20260429,18700,10.45,195415.0,10.55,0.00629288,0.334649,29716.1
002404.SZ,20260429,45900,7.11,326349.0,7.11,0.0100759,0.479158,45554.3
002405.SZ,20260429,696450,8.75,6093937.5,8.75,0.0295626,1.39165,235585.0
002406.SZ,20260429,498300,8.16,4066128.0,8.18,0.0827448,0.910498,60221.3
002407.SZ,20260429,550800,33.33,18358164.0,33.76,0.0510583,0.340934,107877.0
002408.SZ,20260429,137400,6.62,909588.0,6.68,0.00499437,0.223228,275110.0
002409.SZ,20260429,46500,83.29,3872985.0,83.62,0.0145986,0.295572,31852.3
002410.SZ,20260429,71200,10.89,775368.0,10.87,0.00453469,0.168119,157012.0
002412.SZ,20260429,1941600,7.14,13863024.0,7.14,0.390001,16.9042,49784.5
002413.SZ,20260429,259713,12.66,3287966.58,12.63,0.0200484,0.164124,129543.0
002414.SZ,20260429,430200,14.22,6117444.0,14.36,0.0126581,0.419372,339861.0
002415.SZ,20260429,134800,34.5,4650600.0,34.65,0.0014901,0.253908,904640.0
002416.SZ,20260429,212900,13.33,2837957.0,13.47,0.0173952,0.503883,122390.0
002418.SZ,20260429,2035300,5.68,11560504.0,5.69,0.179101,0.772224,113640.0
002419.SZ,20260429,56700,5.42,307314.0,5.44,0.00485154,0.22968,116870.0
002420.SZ,20260429,50400,7.26,365904.0,7.25,0.0126139,0.34064,39955.9
002421.SZ,20260429,173600,2.71,470456.0,2.74,0.00866537,0.308265,200338.0
002422.SZ,20260429,262900,32.6,8570540.0,32.6,0.0201319,1.94584,130589.0
002423.SZ,20260429,26600,10.1,268660.0,10.12,0.00115446,0.249834,230411.0
002424.SZ,20260429,42800,5.0,214000.0,5.02,0.00352782,0.450149,121321.0
002425.SZ,20260429,526000,3.43,1804180.0,3.49,0.0571624,1.54085,92018.6
002426.SZ,20260429,182200,3.67,668674.0,3.69,0.00535473,0.103503,340260.0
002427.SZ,20260429,462500,5.85,2705625.0,6.24,0.0469684,3.36736,98470.5
002428.SZ,20260429,713200,68.61,48932652.0,69.68,0.109213,0.614191,65303.6
002429.SZ,20260429,1216100,11.22,13644642.0,11.35,0.0268791,0.481811,452433.0
002430.SZ,20260429,397600,33.02,13128752.0,33.2,0.040657,1.08642,97793.8
002431.SZ,20260429,164000,2.19,359160.0,2.3,0.00909896,0.609813,180240.0
002432.SZ,20260429,252800,76.6,19364480.0,74.91,0.057663,0.794228,43841.0
002434.SZ,20260429,22400,7.19,161056.0,7.22,0.0017082,0.100136,131132.0
002436.SZ,20260429,524800,27.47,14416256.0,27.88,0.0345734,0.332253,151793.0
002437.SZ,20260429,281200,3.59,1009508.0,3.61,0.01348,0.268511,208605.0
002438.SZ,20260429,9000,16.06,144540.0,16.14,0.00191946,0.0906573,46888.1
002439.SZ,20260429,834700,15.49,12929503.0,15.4,0.114562,2.45511,72859.9
002440.SZ,20260429,678000,11.7,7932600.0,11.85,0.071643,1.39948,94635.9
002441.SZ,20260429,72900,9.6,699840.0,9.69,0.0182911,0.777432,39855.4
002442.SZ,20260429,190200,6.03,1146906.0,6.09,0.0386065,1.02341,49266.3
002443.SZ,20260429,465900,11.9,5544210.0,11.83,0.0897588,0.841105,51905.8
002444.SZ,20260429,586200,33.4,19579080.0,32.62,0.0511058,4.58348,114703.0
002445.SZ,20260429,947700,3.67,3478059.0,3.72,0.0400498,0.445116,236631.0
002446.SZ,20260429,127600,9.74,1242824.0,9.8,0.0150511,0.256239,84777.7
002448.SZ,20260429,87300,14.91,1301643.0,15.04,0.0150385,0.175941,58050.9
002449.SZ,20260429,20100,7.84,157584.0,7.92,0.00324992,0.134517,61847.7
002451.SZ,20260429,79100,9.55,755405.0,9.5,0.0180121,0.669529,43914.9
002452.SZ,20260429,55300,10.99,607747.0,10.98,0.0107327,0.28416,51524.6
002453.SZ,20260429,49300,4.98,245514.0,4.98,0.00804552,0.271841,61276.3
002454.SZ,20260429,22400,10.39,232736.0,10.43,0.00357287,0.155744,62694.6
002455.SZ,20260429,2106289,10.41,21926468.49,11.06,0.318743,1.98646,66081.2
002456.SZ,20260429,240500,8.64,2077920.0,8.65,0.00724966,0.296331,331740.0
002457.SZ,20260429,1314400,11.72,15404768.0,11.37,0.394395,7.03797,33327.0
002458.SZ,20260429,108400,10.82,1172888.0,10.8,0.0150474,0.517005,72038.9
002459.SZ,20260429,284000,10.42,2959280.0,10.55,0.00859102,0.726566,330578.0
002460.SZ,20260429,191100,81.81,15633891.0,82.1,0.0157775,0.282102,121122.0
002461.SZ,20260429,18500,10.04,185740.0,10.08,0.000835845,0.174735,221333.0
002462.SZ,20260429,10700,13.75,147125.0,13.82,0.00367104,0.414293,29147.0
002463.SZ,20260429,507200,101.0,51227200.0,101.88,0.0263781,0.653126,192281.0
002465.SZ,20260429,217800,15.05,3277890.0,15.17,0.00878975,0.286535,247789.0
002466.SZ,20260429,461900,73.0,33718700.0,72.53,0.0313026,0.478081,147560.0
002467.SZ,20260429,784000,6.52,5111680.0,6.62,0.0573599,0.686216,136681.0
002468.SZ,20260429,147100,16.6,2441860.0,16.55,0.0100259,0.523546,146720.0
002469.SZ,20260429,51600,7.17,369972.0,7.22,0.00821129,0.317889,62840.3
002470.SZ,20260429,800900,2.84,2274556.0,2.87,0.0243751,0.25525,328574.0
002471.SZ,20260429,350700,8.2,2875740.0,8.25,0.0261249,0.223909,134240.0
002472.SZ,20260429,22000,38.01,836220.0,38.27,0.00293909,0.140918,74853.2
002474.SZ,20260429,55600,7.25,403100.0,7.27,0.0105137,0.252477,52883.2
002475.SZ,20260429,1947600,68.0,132436800.0,69.88,0.0267922,0.764051,726927.0
002476.SZ,20260429,59600,5.87,349852.0,5.9,0.00973856,0.622701,61200.0
002478.SZ,20260429,135029,9.05,1222012.45,9.13,0.0186833,0.213151,72272.4
002479.SZ,20260429,42500,5.42,230350.0,5.47,0.00492427,0.189581,86307.3
002480.SZ,20260429,57400,6.46,370804.0,6.58,0.00747756,0.279961,76763.0
002481.SZ,20260429,77000,4.45,342650.0,4.47,0.00688636,0.374219,111815.0
002482.SZ,20260429,387200,1.67,646624.0,1.68,0.0103427,0.801315,374371.0
002483.SZ,20260429,23900,6.43,153677.0,6.47,0.0026998,0.16647,88525.1
002484.SZ,20260429,351700,37.14,13062138.0,37.64,0.0428656,0.747624,82047.2
002485.SZ,20260429,62700,4.71,295317.0,4.72,0.0115257,2.04591,54400.0
002486.SZ,20260429,76700,2.9,222430.0,2.89,0.00934834,0.345146,82046.7
002487.SZ,20260429,175600,86.51,15191156.0,86.75,0.0278324,0.869737,63092.0
002488.SZ,20260429,166000,12.03,1996980.0,11.87,0.0180418,0.794732,92008.4
002489.SZ,20260429,21100,3.28,69208.0,3.29,0.00110297,0.102582,191302.0
002490.SZ,20260429,620000,10.1,6262000.0,10.22,0.11445,0.671134,54172.2
002491.SZ,20260429,1664824,16.51,27486244.24,16.56,0.14151,0.847205,117647.0
002492.SZ,20260429,53500,8.03,429605.0,8.13,0.0134478,0.489878,39783.5
002493.SZ,20260429,489000,13.03,6371670.0,13.03,0.00523663,0.807872,933807.0
002494.SZ,20260429,73800,5.76,425088.0,5.75,0.0257349,0.666964,28677.0
002495.SZ,20260429,140200,2.65,371530.0,2.65,0.0202041,0.512391,69391.8
002496.SZ,20260429,267300,2.17,580041.0,2.18,0.0226286,0.73793,118125.0
002497.SZ,20260429,168602,27.3,4602834.6,27.53,0.015912,0.254963,105959.0
002498.SZ,20260429,464300,8.34,3872262.0,8.2,0.0139564,0.321307,332680.0
002500.SZ,20260429,64100,5.56,356396.0,5.57,0.00178563,0.352059,358977.0
002501.SZ,20260429,0,,0.0,1.56,0.0,0.0,354647.0
002506.SZ,20260429,9015400,4.05,36512370.0,4.35,0.154256,2.24506,584443.0
002507.SZ,20260429,50300,12.6,633780.0,12.66,0.00437095,0.461604,115078.0
002508.SZ,20260429,138500,18.22,2523470.0,18.6,0.0148358,2.48842,93355.2
002510.SZ,20260429,71400,6.6,471240.0,6.57,0.00710556,0.344299,100485.0
002511.SZ,20260429,103800,8.67,899946.0,8.72,0.00820543,0.534869,126502.0
002512.SZ,20260429,8641800,4.11,35517798.0,3.91,0.789601,15.6416,109445.0
002513.SZ,20260429,16500,6.26,103290.0,6.3,0.00570853,0.179014,28904.1
002514.SZ,20260429,529400,3.4,1799960.0,3.78,0.0955537,4.16831,55403.4
002515.SZ,20260429,118401,6.08,719878.08,6.15,0.0107457,0.164749,110185.0
002516.SZ,20260429,71900,5.99,430681.0,6.03,0.00493335,0.384259,145743.0
002517.SZ,20260429,1286400,17.68,22743552.0,17.3,0.0680964,2.44951,188909.0
002518.SZ,20260429,27300,45.2,1233960.0,45.52,0.00483069,0.218771,56513.6
002519.SZ,20260429,277600,7.75,2151400.0,7.83,0.0248388,0.352421,111760.0
002520.SZ,20260429,511300,5.43,2776359.0,5.23,0.0712673,2.64159,71744.0
002521.SZ,20260429,14000,8.26,115640.0,8.32,0.00333991,0.203842,41917.4
002522.SZ,20260429,317300,6.01,1906973.0,5.85,0.03506,1.10637,90502.0
002523.SZ,20260429,13400,3.76,50384.0,3.79,0.000949316,0.0529208,141154.0
002524.SZ,20260429,47600,4.25,202300.0,4.27,0.00931965,0.293479,51074.9
002526.SZ,20260429,626900,3.3,2068770.0,3.34,0.0353964,3.15259,177108.0
002527.SZ,20260429,9000,12.48,112320.0,12.48,0.00170168,0.0848852,52888.9
002528.SZ,20260429,0,,0.0,4.61,0.0,0.0,105022.0
002529.SZ,20260429,2400,7.33,17592.0,7.38,0.000923077,0.0382225,26000.0
002530.SZ,20260429,42900,8.81,377949.0,8.76,0.00617157,0.338224,69512.3
002531.SZ,20260429,209800,11.22,2353956.0,11.37,0.0117418,0.369385,178679.0
002532.SZ,20260429,832100,16.63,13837823.0,16.79,0.0202612,1.34131,410686.0
002533.SZ,20260429,8500,13.2,112200.0,13.21,0.00133303,0.0577808,63764.5
002534.SZ,20260429,52000,17.42,905840.0,17.54,0.00630026,0.428325,82536.3
002535.SZ,20260429,124700,3.43,427721.0,3.47,0.0167082,0.921145,74633.9
002536.SZ,20260429,92400,36.2,3344880.0,36.51,0.0169728,0.201512,54440.1
002537.SZ,20260429,59300,7.21,427553.0,7.26,0.00507184,0.233836,116920.0
002538.SZ,20260429,55100,7.34,404434.0,7.34,0.00645539,0.392001,85355.1
002539.SZ,20260429,73900,15.12,1117368.0,15.03,0.0083053,0.303451,88979.4
002540.SZ,20260429,15600,6.06,94536.0,6.07,0.00178482,0.132666,87403.8
002541.SZ,20260429,129000,20.39,2630310.0,20.68,0.0259991,1.62072,49617.2
002542.SZ,20260429,1110400,1.76,1954304.0,1.78,0.063135,1.08108,175877.0
002543.SZ,20260429,43300,8.25,357225.0,8.25,0.00654456,0.845923,66161.8
002544.SZ,20260429,102900,24.51,2522079.0,24.83,0.0151219,0.706617,68046.8
002545.SZ,20260429,442100,23.94,10583874.0,24.24,0.0391182,1.58057,113016.0
002546.SZ,20260429,30100,8.03,241703.0,8.06,0.00375671,0.144282,80123.2
002547.SZ,20260429,0,,0.0,3.18,0.0,0.0,110481.0
002548.SZ,20260429,20200,4.62,93324.0,4.62,0.00251097,0.0890906,80447.1
002549.SZ,20260429,551400,20.42,11259588.0,20.92,0.0796407,0.670781,69236.0
002550.SZ,20260429,61600,7.08,436128.0,7.11,0.00654456,0.364174,94124.0
002551.SZ,20260429,84000,3.57,299880.0,3.57,0.0137439,0.528255,61118.2
002552.SZ,20260429,48100,21.98,1057238.0,21.98,0.0130528,0.355525,36850.3
002553.SZ,20260429,26400,23.2,612480.0,23.4,0.0105263,0.371883,25080.0
002554.SZ,20260429,49100,3.41,167431.0,3.41,0.00368212,0.168656,133347.0
002555.SZ,20260429,196700,21.61,4250687.0,21.61,0.0123917,0.4555,158736.0
002556.SZ,20260429,108800,6.17,671296.0,6.21,0.0115057,0.363864,94562.1
002557.SZ,20260429,16201,22.62,366466.62,22.74,0.00320956,0.11856,50477.3
002558.SZ,20260429,380700,32.2,12258540.0,32.12,0.0200309,0.93363,190056.0
002559.SZ,20260429,94000,10.3,968200.0,10.33,0.0186506,0.532493,50400.5
002560.SZ,20260429,1139600,15.2,17321920.0,15.11,0.251603,0.951633,45293.6
002561.SZ,20260429,13900,7.98,110922.0,7.98,0.00335393,0.342729,41444.0
002562.SZ,20260429,61700,5.76,355392.0,5.79,0.00758433,0.18949,81351.9
002563.SZ,20260429,1809100,5.95,10764145.0,5.72,0.0819676,7.07184,220709.0
002564.SZ,20260429,22000,6.32,139040.0,6.33,0.0025614,0.116044,85890.4
002565.SZ,20260429,1626200,18.28,29726936.0,18.85,0.153422,0.6327,105996.0
002566.SZ,20260429,20500,8.16,167280.0,8.17,0.00884419,0.218664,23179.0
002567.SZ,20260429,440900,4.03,1776827.0,4.04,0.0308016,2.04541,143142.0
002568.SZ,20260429,473500,17.85,8451975.0,16.6,0.0620511,7.46157,76308.1
002569.SZ,20260429,494200,14.71,7269682.0,14.01,0.35311,19.8132,13995.6
002570.SZ,20260429,37000,4.84,179080.0,4.84,0.00342594,0.188291,108000.0
002571.SZ,20260429,7100,11.26,79946.0,11.32,0.0023801,0.0663678,29830.6
002572.SZ,20260429,18500,12.52,231620.0,12.54,0.00283976,0.205375,65146.4
002573.SZ,20260429,23100,3.52,81312.0,3.51,0.00163511,0.205693,141275.0
002574.SZ,20260429,185300,5.57,1032121.0,5.57,0.0350947,1.76489,52800.0
002575.SZ,20260429,2051600,6.63,13602108.0,6.8,0.351106,4.23696,58432.6
002576.SZ,20260429,34800,18.44,641712.0,18.47,0.0214778,0.72537,16202.8
002577.SZ,20260429,25800,16.23,418734.0,16.25,0.00919219,1.06022,28067.3
002578.SZ,20260429,143100,4.09,585279.0,4.09,0.0166171,0.317932,86116.3
002579.SZ,20260429,199500,12.1,2413950.0,12.19,0.0341954,0.389691,58341.2
002580.SZ,20260429,1187025,29.1,34542427.5,29.5,0.262419,0.75114,45233.9
002581.SZ,20260429,0,,0.0,7.11,0.0,0.0,40079.1
002582.SZ,20260429,2867500,11.96,34295300.0,12.58,0.832989,8.75059,34424.2
002583.SZ,20260429,21700,10.16,220472.0,10.21,0.00169172,0.112171,128272.0
002584.SZ,20260429,166100,7.8,1295580.0,7.78,0.0354591,0.799551,46842.7
002585.SZ,20260429,522300,7.72,4032156.0,7.77,0.0589,0.941889,88675.7
002586.SZ,20260429,89600,4.63,414848.0,4.69,0.00823894,1.20899,108752.0
002587.SZ,20260429,343500,6.62,2273970.0,6.7,0.0644831,1.14762,53269.8
002588.SZ,20260429,125600,11.32,1421792.0,11.32,0.0146278,0.278941,85863.7
002589.SZ,20260429,389500,3.2,1246400.0,3.22,0.0285224,0.61174,136559.0
002590.SZ,20260429,64300,11.61,746523.0,11.68,0.012991,0.617171,49495.7
002591.SZ,20260429,49000,7.25,355250.0,7.32,0.0219227,0.452252,22351.2
002592.SZ,20260429,220800,8.25,1821600.0,8.32,0.0840508,5.12568,26269.8
002593.SZ,20260429,40000,5.21,208400.0,5.26,0.00713643,0.287087,56050.4
002594.SZ,20260429,1765200,101.47,179114844.0,101.48,0.0506279,4.13037,348661.0
002595.SZ,20260429,7600,87.56,665456.0,87.56,0.000956615,0.176429,79446.8
002596.SZ,20260429,107000,3.54,378780.0,3.57,0.00933255,0.34425,114653.0
002597.SZ,20260429,6200,22.81,141422.0,22.9,0.001093,0.0971167,56724.7
002598.SZ,20260429,676700,8.05,5447435.0,8.13,0.236171,8.62684,28653.0
002599.SZ,20260429,31100,6.72,208992.0,6.71,0.00781476,0.339594,39796.5
002600.SZ,20260429,236995,13.87,3287120.65,13.96,0.00329181,0.177156,719954.0
002601.SZ,20260429,64800,16.75,1085400.0,16.78,0.00326021,0.197663,198760.0
002602.SZ,20260429,564500,17.39,9816655.0,17.24,0.00830534,0.697788,679683.0
002603.SZ,20260429,180700,17.0,3071900.0,17.02,0.0131272,1.06726,137653.0
002605.SZ,20260429,15300,19.2,293760.0,19.11,0.00453654,0.195432,33726.2
002606.SZ,20260429,648100,14.9,9656690.0,15.0,0.153891,0.79127,42114.2
002607.SZ,20260429,2709700,2.51,6801347.0,2.46,0.0532986,3.05241,508400.0
002608.SZ,20260429,22400,7.63,170912.0,7.66,0.000592894,0.0993735,377808.0
002609.SZ,20260429,37100,8.07,299397.0,8.06,0.00807575,0.383208,45940.0
002611.SZ,20260429,70500,16.38,1154790.0,16.37,0.00703661,0.198025,100190.0
002612.SZ,20260429,226300,16.68,3774684.0,17.11,0.0889337,2.59724,25445.9
002613.SZ,20260429,291100,3.85,1120735.0,3.89,0.0376947,1.17649,77225.7
002614.SZ,20260429,1794600,5.73,10283058.0,6.07,0.406694,21.3438,44126.6
002615.SZ,20260429,29700,8.1,240570.0,8.15,0.00971469,0.272281,30572.3
002616.SZ,20260429,16900,5.84,98696.0,5.86,0.00287669,0.106965,58748.0
002617.SZ,20260429,508800,7.41,3770208.0,7.51,0.0270981,0.693136,187762.0
002620.SZ,20260429,0,,0.0,10.5,0.0,0.0,31536.0
002622.SZ,20260429,92600,2.62,242612.0,2.62,0.0110241,0.478435,83997.5
002623.SZ,20260429,20100,20.95,421095.0,21.17,0.010119,0.360597,19863.6
002624.SZ,20260429,394400,16.75,6606200.0,17.07,0.0215786,0.28693,182773.0
002625.SZ,20260429,66100,38.6,2551460.0,38.83,0.00306789,0.238269,215458.0
002626.SZ,20260429,29400,15.57,457758.0,15.67,0.00482077,0.480939,60986.1
002627.SZ,20260429,135900,6.88,934992.0,6.87,0.0189518,0.538378,71708.1
002628.SZ,20260429,66400,5.48,363872.0,5.54,0.00880888,0.205948,75378.5
002629.SZ,20260429,12100,6.47,78287.0,6.48,0.0033402,0.0498638,36225.4
002630.SZ,20260429,0,,0.0,2.09,0.0,0.0,103027.0
002631.SZ,20260429,43600,7.3,318280.0,7.32,0.00549414,0.243714,79357.2
002632.SZ,20260429,20900,11.05,230945.0,11.1,0.00363842,0.145328,57442.6
002633.SZ,20260429,41600,19.2,798720.0,18.91,0.0278412,1.2544,14941.9
002634.SZ,20260429,697900,4.73,3301067.0,4.82,0.157812,1.53032,44223.5
002635.SZ,20260429,91700,16.23,1488291.0,16.24,0.0231839,0.39329,39553.3
002636.SZ,20260429,1877300,45.35,85135555.0,46.28,0.259183,3.50149,72431.5
002637.SZ,20260429,82200,12.7,1043940.0,12.65,0.0176626,0.334015,46538.9
002638.SZ,20260429,215600,4.56,983136.0,4.56,0.0159387,0.550491,135268.0
002639.SZ,20260429,217600,17.53,3814528.0,17.53,0.0333088,0.433612,65328.1
002640.SZ,20260429,92000,3.24,298080.0,3.24,0.00594215,0.269785,154826.0
002641.SZ,20260429,23800,4.16,99008.0,4.19,0.00209878,0.226665,113399.0
002642.SZ,20260429,88300,7.93,700219.0,7.98,0.0133468,0.529936,66158.0
002643.SZ,20260429,56000,16.36,916160.0,16.36,0.00615848,0.3846,90931.5
002644.SZ,20260429,6200,8.15,50530.0,8.16,0.00121412,0.147489,51065.7
002645.SZ,20260429,27700,21.43,593611.0,21.3,0.00495592,0.0710689,55892.8
002646.SZ,20260429,8600,8.03,69058.0,8.05,0.00180732,0.148215,47584.2
002647.SZ,20260429,1071100,12.73,13635103.0,12.88,0.105497,1.36893,101529.0
002648.SZ,20260429,237500,29.1,6911250.0,29.0,0.00705484,0.462682,336648.0
002649.SZ,20260429,795000,10.5,8347500.0,11.21,0.144929,8.13846,54854.3
002650.SZ,20260429,56500,7.7,435050.0,7.68,0.00510367,0.701047,110705.0
002651.SZ,20260429,9300,9.32,86676.0,9.39,0.00164467,0.137483,56546.4
002652.SZ,20260429,1953000,5.7,11132100.0,5.62,0.381398,6.64877,51206.4
002653.SZ,20260429,29400,56.32,1655808.0,57.08,0.00547704,0.515592,53678.6
002654.SZ,20260429,1070800,13.38,14327304.0,14.08,0.126686,2.92931,84524.3
002655.SZ,20260429,901000,28.58,25750580.0,27.91,0.248151,1.9994,36308.6
002656.SZ,20260429,133600,3.14,419504.0,3.14,0.0197461,1.16563,67659.0
002657.SZ,20260429,884780,19.13,16925841.4,20.45,0.263238,10.2531,33611.4
002658.SZ,20260429,217900,8.53,1858687.0,8.57,0.0607706,0.892003,35856.1
002659.SZ,20260429,15000,5.14,77100.0,5.15,0.0025072,0.0761896,59827.8
002660.SZ,20260429,11100,8.77,97347.0,8.78,0.00323628,0.260701,34298.7
002661.SZ,20260429,35600,8.83,314348.0,8.88,0.011317,1.20632,31457.2
002662.SZ,20260429,306400,4.1,1256240.0,4.16,0.0204269,1.21724,149998.0
002663.SZ,20260429,111300,2.05,228165.0,2.07,0.00860861,0.255215,129289.0
002664.SZ,20260429,2000,19.55,39100.0,19.6,0.000496801,0.0241197,40257.6
002666.SZ,20260429,29000,4.98,144420.0,5.03,0.00579226,0.188907,50066.8
002667.SZ,20260429,72500,31.3,2269250.0,31.69,0.030641,0.264763,23661.1
002668.SZ,20260429,25600,9.58,245248.0,9.64,0.00236138,0.197536,108411.0
002669.SZ,20260429,56100,13.77,772497.0,13.95,0.0185321,0.394138,30271.8
002670.SZ,20260429,46000,12.4,570400.0,12.46,0.00283365,0.183611,162335.0
002671.SZ,20260429,96300,4.81,463203.0,4.78,0.0174808,0.848312,55089.0
002672.SZ,20260429,4500,4.39,19755.0,4.41,0.000497173,0.049368,90511.8
002673.SZ,20260429,71500,7.07,505505.0,7.09,0.0015997,0.225591,446958.0
002674.SZ,20260429,55100,13.51,744401.0,13.32,0.0188335,1.58889,29256.4
002675.SZ,20260429,105900,13.3,1408470.0,13.37,0.0142457,0.784014,74338.4
002676.SZ,20260429,68700,7.03,482961.0,7.08,0.00954198,0.367737,71997.6
002677.SZ,20260429,50600,7.91,400246.0,7.93,0.00917481,0.404422,55151.0
002678.SZ,20260429,27500,5.64,155100.0,5.66,0.00202567,0.249653,135757.0
002679.SZ,20260429,16800,10.58,177744.0,10.67,0.00712601,0.291988,23575.6
002681.SZ,20260429,268200,5.0,1341000.0,5.05,0.0170908,0.869374,156926.0
002682.SZ,20260429,21400,5.73,122622.0,5.78,0.00380533,0.135487,56236.9
002683.SZ,20260429,65100,36.2,2356620.0,36.0,0.00976658,0.427989,66655.9
002685.SZ,20260429,2043500,8.2,16756700.0,8.44,0.202818,3.48745,100756.0
002686.SZ,20260429,118400,7.5,888000.0,7.57,0.0226504,0.339423,52272.9
002687.SZ,20260429,437000,4.9,2141300.0,4.97,0.10571,2.54857,41339.4
002688.SZ,20260429,56600,5.92,335072.0,5.88,0.00757228,0.771736,74746.4
002689.SZ,20260429,83300,3.66,304878.0,3.69,0.00798725,0.919344,104291.0
002690.SZ,20260429,13300,17.17,228361.0,17.09,0.0030663,0.225065,43374.7
002691.SZ,20260429,0,,0.0,5.75,0.0,0.0,33598.0
002692.SZ,20260429,267000,5.75,1535250.0,5.8,0.0372004,0.457097,71773.4
002693.SZ,20260429,1218500,8.61,10491285.0,9.06,0.296485,8.75265,41098.2
002694.SZ,20260429,0,,0.0,3.03,0.0,0.0,71878.1
002695.SZ,20260429,6700,12.06,80802.0,12.03,0.00130999,0.0857048,51145.5
002696.SZ,20260429,180900,6.62,1197558.0,6.65,0.0540828,1.80151,33448.7
002697.SZ,20260429,42300,5.1,215730.0,5.11,0.00369323,0.239564,114534.0
002698.SZ,20260429,64500,12.72,820440.0,12.82,0.00767639,0.753892,84023.9
002700.SZ,20260429,18400,6.83,125672.0,6.88,0.00856667,0.335557,21478.6
002701.SZ,20260429,185400,5.31,984474.0,5.35,0.00724953,0.62245,255741.0
002702.SZ,20260429,322000,5.8,1867600.0,5.83,0.0701917,1.3844,45874.4
002703.SZ,20260429,922000,17.27,15922940.0,17.8,0.157325,1.83434,58604.8
002705.SZ,20260429,1232300,15.44,19026712.0,15.93,0.152493,2.64534,80810.3
002706.SZ,20260429,1039000,11.25,11688750.0,11.34,0.113629,1.56557,91438.1
002707.SZ,20260429,52400,6.22,325928.0,6.25,0.00605789,0.369404,86498.8
002708.SZ,20260429,29200,13.15,383980.0,13.17,0.00565172,0.173717,51665.7
002709.SZ,20260429,1270300,54.12,68748636.0,53.93,0.084181,0.881921,150901.0
002712.SZ,20260429,182200,5.51,1003922.0,5.53,0.0336846,0.629335,54090.0
002713.SZ,20260429,953900,12.5,11923750.0,12.78,0.181177,4.39843,52650.1
002714.SZ,20260429,372700,43.44,16190088.0,43.3,0.00980741,0.847031,380019.0
002715.SZ,20260429,387200,17.15,6640480.0,17.13,0.28058,7.48398,13800.0
002716.SZ,20260429,2170500,10.91,23680155.0,11.01,0.0933607,1.29438,232485.0
002717.SZ,20260429,0,,0.0,1.42,0.0,0.0,161520.0
002718.SZ,20260429,3900,71.1,277290.0,70.53,0.00414978,0.295469,9398.08
002721.SZ,20260429,58400,2.86,167024.0,2.87,0.002196,0.189695,265938.0
002722.SZ,20260429,3700,15.26,56462.0,15.35,0.00166399,0.067804,22235.7
002723.SZ,20260429,14100,10.37,146217.0,10.42,0.00444725,0.100727,31705.0
002724.SZ,20260429,675500,6.66,4498830.0,7.15,0.118971,7.80126,56778.8
002725.SZ,20260429,17100,16.03,274113.0,16.18,0.00797726,0.168437,21435.9
002726.SZ,20260429,0,,0.0,3.01,0.0,0.0,107837.0
002727.SZ,20260429,191000,12.46,2379860.0,12.25,0.048073,3.2441,39731.2
002728.SZ,20260429,136600,9.81,1340046.0,9.88,0.0411537,1.04673,33192.7
002729.SZ,20260429,56100,17.72,994092.0,17.71,0.0319729,0.615553,17546.1
002730.SZ,20260429,196100,30.4,5961440.0,30.88,0.0566714,0.691602,34603.0
002731.SZ,20260429,112900,4.58,517082.0,4.82,0.0491604,0.750862,22965.6
002732.SZ,20260429,3500,16.24,56840.0,16.25,0.00223548,0.233735,15656.6
002733.SZ,20260429,955400,32.76,31298904.0,32.15,0.259012,3.12186,36886.3
002734.SZ,20260429,48900,18.13,886557.0,18.07,0.0112583,0.172095,43434.6
002735.SZ,20260429,18800,14.21,267148.0,14.28,0.00659512,0.208037,28505.9
002736.SZ,20260429,135000,10.9,1471500.0,10.96,0.00140443,0.328206,961243.0
002737.SZ,20260429,11200,12.82,143584.0,12.82,0.00191781,0.226352,58400.0
002738.SZ,20260429,88600,83.5,7398100.0,83.51,0.0124573,0.381947,71122.8
002739.SZ,20260429,320900,9.67,3103103.0,9.72,0.0152816,0.926743,209991.0
002741.SZ,20260429,219000,21.8,4774200.0,21.91,0.0513653,0.767823,42635.8
002742.SZ,20260429,3100,4.64,14384.0,4.64,0.000591648,0.0723455,52396.0
002743.SZ,20260429,399500,5.08,2029460.0,5.34,0.0919297,5.16966,43457.1
002745.SZ,20260429,649000,9.37,6081130.0,9.39,0.0609911,1.10867,106409.0
002746.SZ,20260429,102000,6.29,641580.0,6.31,0.0143728,0.840386,70967.6
002747.SZ,20260429,33200,20.34,675288.0,20.38,0.00424333,0.34893,78240.5
002748.SZ,20260429,109600,12.84,1407264.0,12.85,0.0456667,1.6252,24000.0
002749.SZ,20260429,6100,12.76,77836.0,12.77,0.0013448,0.235149,45359.9
002752.SZ,20260429,211300,7.36,1555168.0,7.38,0.0216601,0.232769,97552.7
002753.SZ,20260429,119500,7.2,860400.0,7.32,0.0492154,2.29094,24281.0
002755.SZ,20260429,229000,15.64,3581560.0,15.25,0.0246727,1.48355,92815.2
002756.SZ,20260429,162600,76.22,12393372.0,76.18,0.042007,0.755849,38707.8
002757.SZ,20260429,141100,22.01,3105611.0,22.46,0.050026,0.539432,28205.3
002758.SZ,20260429,96700,9.12,881904.0,9.06,0.0186606,0.777488,51820.5
002759.SZ,20260429,348800,34.01,11862688.0,34.0,0.0696288,0.714331,50094.2
002760.SZ,20260429,16400,22.18,363752.0,22.23,0.0151868,0.253642,10798.9
002761.SZ,20260429,151100,8.21,1240531.0,8.17,0.0139676,1.57458,108179.0
002762.SZ,20260429,16400,8.1,132840.0,8.14,0.0077586,0.402178,21137.8
002763.SZ,20260429,5700,8.42,47994.0,8.42,0.00187738,0.0427139,30361.4
002765.SZ,20260429,493700,9.78,4828386.0,10.15,0.082855,4.59463,59586.0
002766.SZ,20260429,72100,4.56,328776.0,4.62,0.00841574,0.401948,85672.8
002767.SZ,20260429,1500,20.1,30150.0,20.2,0.00115195,0.0380251,13021.4
002768.SZ,20260429,107900,53.0,5718700.0,54.21,0.0610473,3.16969,17674.8
002769.SZ,20260429,42500,9.99,424575.0,9.93,0.0113938,0.402159,37301.0
002771.SZ,20260429,98300,14.55,1430265.0,14.52,0.0563276,0.444692,17451.5
002772.SZ,20260429,18000,17.32,311760.0,17.38,0.00484367,0.1135,37161.9
002773.SZ,20260429,67900,24.33,1652007.0,24.49,0.00988689,0.642791,68676.8
002774.SZ,20260429,110800,12.5,1385000.0,12.6,0.0393231,0.623033,28176.8
002775.SZ,20260429,68000,3.9,265200.0,3.9,0.0118929,0.450349,57177.0
002777.SZ,20260429,14300,15.61,223223.0,15.66,0.00353513,0.244632,40451.1
002778.SZ,20260429,6300,20.25,127575.0,20.25,0.00510416,0.188108,12342.9
002779.SZ,20260429,29000,75.65,2193850.0,84.06,0.0174901,1.76536,16580.8
002780.SZ,20260429,599000,16.63,9961370.0,15.18,0.458471,12.9369,13065.2
002782.SZ,20260429,148900,18.49,2753161.0,19.08,0.0306063,1.32627,48650.1
002783.SZ,20260429,50500,8.97,452985.0,9.01,0.01095,0.414425,46118.8
002785.SZ,20260429,205900,44.0,9059600.0,44.42,0.106411,2.05899,19349.5
002786.SZ,20260429,277400,7.38,2047212.0,7.06,0.0561411,3.97927,49411.2
002787.SZ,20260429,390500,18.25,7126625.0,18.62,0.155664,1.15874,25086.0
002788.SZ,20260429,114700,13.94,1598918.0,14.16,0.0300398,0.332477,38182.7
002789.SZ,20260429,139500,12.15,1694925.0,12.45,0.0891527,5.36323,15647.3
002790.SZ,20260429,12700,7.51,95377.0,7.57,0.00487155,0.192437,26069.8
002791.SZ,20260429,38200,17.86,682252.0,18.07,0.0175467,0.806419,21770.5
002792.SZ,20260429,174600,42.01,7334946.0,42.27,0.0516836,0.383593,33782.4
002793.SZ,20260429,1336670,5.37,7177917.9,5.51,0.123089,2.07158,108593.0
002795.SZ,20260429,764200,8.96,6847232.0,8.7,0.175909,2.54977,43442.9
002796.SZ,20260429,34000,53.32,1812880.0,53.81,0.0149314,0.163525,22770.8
002797.SZ,20260429,1691300,7.5,12684750.0,7.45,0.0402461,1.02799,420240.0
002798.SZ,20260429,244781,7.55,1848096.55,7.59,0.0510575,0.91073,47942.2
002799.SZ,20260429,9300,8.37,77841.0,8.46,0.00290594,0.109572,32003.4
002800.SZ,20260429,25500,17.55,447525.0,17.51,0.017248,0.504008,14784.3
002801.SZ,20260429,181500,31.18,5659170.0,30.63,0.156732,12.4484,11580.3
002802.SZ,20260429,47400,14.39,682086.0,14.45,0.0316669,0.309227,14968.3
002803.SZ,20260429,27758,19.6,544056.8,19.7,0.00961535,0.127032,28868.4
002805.SZ,20260429,632400,19.8,12521520.0,18.88,0.227039,3.23259,27854.3
002806.SZ,20260429,47400,13.71,649854.0,13.77,0.0272248,0.716425,17410.6
002807.SZ,20260429,2178900,4.57,9957573.0,4.51,0.0886446,4.06769,245802.0
002808.SZ,20260429,1273500,2.98,3795030.0,3.14,0.77179,19.2803,16500.6
002809.SZ,20260429,54100,10.45,565345.0,10.49,0.0318291,0.599807,16997.0
002810.SZ,20260429,112600,26.92,3031192.0,27.45,0.0347814,0.747189,32373.6
002811.SZ,20260429,37000,13.1,484700.0,13.25,0.0130933,0.778288,28258.7
002812.SZ,20260429,151400,78.53,11889442.0,78.51,0.0184038,0.261172,82265.7
002813.SZ,20260429,47500,26.24,1246400.0,27.03,0.0396309,1.6837,11985.6
002815.SZ,20260429,955800,13.99,13371642.0,15.12,0.122989,3.05521,77714.2
002816.SZ,20260429,7300,23.81,173813.0,23.95,0.0073,0.177364,10000.0
002817.SZ,20260429,23300,8.0,186400.0,8.01,0.00803339,0.346686,29003.9
002818.SZ,20260429,948900,11.7,11102130.0,11.12,0.318065,32.4794,29833.5
002819.SZ,20260429,5300,26.02,137906.0,26.14,0.00224008,0.179185,23659.9
002820.SZ,20260429,57700,10.81,623737.0,10.67,0.0287253,1.30273,20086.8
002821.SZ,20260429,358300,128.97,46209951.0,129.49,0.113028,4.14591,31700.0
002822.SZ,20260429,98300,3.27,321441.0,3.26,0.00919597,0.727364,106895.0
002823.SZ,20260429,10400,15.7,163280.0,15.79,0.00475127,0.166173,21888.9
002824.SZ,20260429,40800,26.55,1083240.0,26.38,0.0185454,0.194953,22000.1
002825.SZ,20260429,7100,9.94,70574.0,10.02,0.00276666,0.0609009,25662.7
002826.SZ,20260429,23200,19.88,461216.0,19.82,0.012679,0.44134,18297.9
002827.SZ,20260429,10200,30.79,314058.0,30.75,0.00369567,0.322272,27599.9
002828.SZ,20260429,72900,11.88,866052.0,11.94,0.0376624,0.46342,19356.2
002829.SZ,20260429,9300,20.79,193347.0,20.88,0.00636757,0.144846,14605.3
002830.SZ,20260429,28000,21.5,602000.0,21.78,0.0418832,0.608407,6685.25
002831.SZ,20260429,43800,37.88,1659144.0,37.8,0.00857171,0.441519,51098.3
002832.SZ,20260429,484700,18.99,9204453.0,17.88,0.124468,5.81342,38941.8
002833.SZ,20260429,83500,20.17,1684195.0,20.25,0.02897,0.871541,28822.9
002835.SZ,20260429,12300,14.94,183762.0,15.09,0.00966319,0.372574,12728.7
002836.SZ,20260429,3300,12.94,42702.0,12.95,0.00143229,0.0899421,23040.0
002837.SZ,20260429,144398,92.27,13323603.46,92.84,0.0166596,0.180489,86675.5
002838.SZ,20260429,22300,29.5,657850.0,29.74,0.00530155,0.33764,42063.2
002839.SZ,20260429,158400,4.58,725472.0,4.6,0.00648643,0.517567,244202.0
002840.SZ,20260429,30400,11.78,358112.0,11.77,0.00381609,0.0819209,79662.8
002841.SZ,20260429,8300,36.99,307017.0,37.15,0.001598,0.100853,51940.1
002842.SZ,20260429,1818200,32.91,59836962.0,31.81,0.677264,4.43909,26846.2
002843.SZ,20260429,101800,25.36,2581648.0,25.75,0.040688,0.291626,25019.7
002845.SZ,20260429,37100,13.57,503447.0,13.78,0.0148261,0.26615,25023.4
002846.SZ,20260429,182500,15.35,2801375.0,15.45,0.0701503,0.625765,26015.6
002847.SZ,20260429,240600,56.38,13565028.0,54.2,0.0979158,9.01907,24572.1
002848.SZ,20260429,5000,15.5,77500.0,15.45,0.00303168,0.112372,16492.5
002849.SZ,20260429,11300,17.21,194473.0,17.21,0.00516343,0.200407,21884.7
002850.SZ,20260429,13400,191.15,2561410.0,191.25,0.006731,0.250416,19907.9
002851.SZ,20260429,502400,110.0,55264000.0,105.1,0.109704,2.5049,45796.0
002852.SZ,20260429,143800,8.73,1255374.0,8.85,0.0503147,1.86805,28580.1
002853.SZ,20260429,14900,25.76,383824.0,25.95,0.0115769,0.307297,12870.5
002855.SZ,20260429,12500,12.13,151625.0,12.22,0.00507661,0.208229,24622.7
002856.SZ,20260429,0,,0.0,13.12,0.0,0.0,12390.4
002857.SZ,20260429,134000,20.04,2685360.0,20.4,0.104687,5.74366,12800.0
002858.SZ,20260429,26200,15.98,418676.0,16.05,0.0178257,0.414643,14697.8
002859.SZ,20260429,53200,48.11,2559452.0,48.85,0.0131067,0.469428,40589.9
002860.SZ,20260429,23600,12.68,299248.0,12.66,0.00671332,0.194521,35154.0
002861.SZ,20260429,15100,16.06,242506.0,16.05,0.0100554,0.256866,15016.8
002862.SZ,20260429,11800,18.32,216176.0,18.42,0.00934669,0.175593,12624.8
002863.SZ,20260429,85600,5.45,466520.0,5.5,0.014279,0.795003,59948.4
002864.SZ,20260429,2200,29.51,64922.0,29.6,0.00298567,0.0824138,7368.52
002865.SZ,20260429,154100,71.56,11027396.0,72.87,0.0689398,1.14974,22352.8
002866.SZ,20260429,423500,26.15,11074525.0,26.95,0.233704,0.866031,18121.2
002867.SZ,20260429,1919100,13.33,25581603.0,12.16,0.177843,30.3138,107910.0
002868.SZ,20260429,0,,0.0,38.59,0.0,0.0,10700.2
002869.SZ,20260429,14300,21.15,302445.0,21.47,0.00907837,0.47077,15751.7
002870.SZ,20260429,3100,36.08,111848.0,36.15,0.00238953,0.142795,12973.3
002871.SZ,20260429,27900,17.9,499410.0,18.24,0.0186753,1.04512,14939.6
002872.SZ,20260429,660000,5.27,3478200.0,5.18,0.307094,19.9043,21491.8
002873.SZ,20260429,26900,9.68,260392.0,9.68,0.0112228,0.37118,23969.1
002875.SZ,20260429,211000,22.43,4732730.0,22.39,0.115656,1.83947,18243.8
002876.SZ,20260429,46400,30.19,1400816.0,30.42,0.0311531,0.582948,14894.2
002877.SZ,20260429,10100,8.88,89688.0,8.89,0.00419933,0.139407,24051.5
002878.SZ,20260429,49100,18.26,896566.0,18.42,0.0208141,0.502949,23589.8
002879.SZ,20260429,120500,18.28,2202740.0,19.06,0.0874018,1.76577,13786.9
002880.SZ,20260429,6200,25.69,159278.0,25.68,0.00273369,0.424397,22680.0
002881.SZ,20260429,7000,37.88,265160.0,38.2,0.00384773,0.193392,18192.5
002882.SZ,20260429,9900,26.85,265815.0,26.96,0.00401163,0.165183,24678.3
002883.SZ,20260429,103600,9.8,1015280.0,9.78,0.0675689,2.40783,15332.5
002884.SZ,20260429,4100,18.28,74948.0,18.31,0.00150143,0.139402,27307.2
002885.SZ,20260429,206600,30.28,6255848.0,30.07,0.087079,0.764733,23725.6
002886.SZ,20260429,12800,21.65,277120.0,21.66,0.00612211,0.172127,20907.8
002887.SZ,20260429,77700,12.8,994560.0,12.65,0.0357684,1.04511,21723.1
002888.SZ,20260429,5900,18.51,109209.0,18.51,0.00787475,0.241419,7492.3
002889.SZ,20260429,300,13.14,3942.0,13.14,0.000119405,0.0163579,25124.6
002890.SZ,20260429,10500,16.86,177030.0,16.85,0.00650249,0.383884,16147.7
002891.SZ,20260429,37400,34.4,1286560.0,34.44,0.0116186,0.223408,32189.8
002892.SZ,20260429,12680,10.3,130604.0,10.32,0.00253085,0.151636,50101.8
002893.SZ,20260429,213300,10.74,2290842.0,10.69,0.105189,1.64256,20277.9
002895.SZ,20260429,49200,37.02,1821384.0,37.26,0.00826944,0.480878,59496.1
002896.SZ,20260429,24800,67.5,1674000.0,68.12,0.0126194,0.619871,19652.3
002897.SZ,20260429,432487,59.3,25646479.1,64.4,0.237076,2.82771,18242.5
002898.SZ,20260429,16800,8.74,146832.0,9.2,0.0165905,2.79525,10126.3
002899.SZ,20260429,5300,32.6,172780.0,32.85,0.003586,0.189734,14779.7
002900.SZ,20260429,124300,11.35,1410805.0,11.49,0.0771463,1.94674,16112.2
002901.SZ,20260429,2000,41.83,83660.0,41.73,0.000693345,0.110451,28845.7
002902.SZ,20260429,1321400,31.5,41624100.0,31.47,0.743897,4.13738,17763.2
002903.SZ,20260429,285571,32.67,9329604.57,33.31,0.267725,3.06344,10666.6
002905.SZ,20260429,5000,9.63,48150.0,9.69,0.00143086,0.0868717,34944.0
002906.SZ,20260429,21800,30.54,665772.0,30.44,0.00415545,0.261048,52461.3
002907.SZ,20260429,5500,13.81,75955.0,13.9,0.0016378,0.201462,33581.7
002908.SZ,20260429,7100,8.3,58930.0,8.33,0.0022061,0.0954752,32183.5
002909.SZ,20260429,42900,6.53,280137.0,6.59,0.0112777,0.561345,38039.7
002910.SZ,20260429,54600,10.74,586404.0,10.74,0.0319183,1.40196,17106.2
002911.SZ,20260429,56100,12.08,677688.0,12.2,0.00442765,0.513194,126704.0
002912.SZ,20260429,36500,23.7,865050.0,24.4,0.0225001,0.717159,16222.2
002913.SZ,20260429,233000,47.0,10951000.0,51.11,0.0772333,3.28061,30168.3
002915.SZ,20260429,11300,18.39,207807.0,18.48,0.0039226,0.113445,28807.4
002916.SZ,20260429,56201,308.5,17338008.5,314.93,0.0084537,0.43962,66480.9
002917.SZ,20260429,4800,12.62,60576.0,12.7,0.00184229,0.119082,26054.5
002918.SZ,20260429,6100,11.41,69601.0,11.4,0.00284792,0.119816,21419.2
002919.SZ,20260429,13400,23.0,308200.0,23.0,0.00506428,0.164264,26459.8
002920.SZ,20260429,86252,102.02,8799429.04,103.39,0.0144567,0.689091,59662.2
002921.SZ,20260429,22000,28.69,631180.0,28.15,0.0171282,0.227271,12844.3
002922.SZ,20260429,56400,41.04,2314656.0,41.04,0.0150407,0.229313,37498.2
002923.SZ,20260429,943000,13.52,12749360.0,13.79,0.365384,9.80088,25808.5
002925.SZ,20260429,11900,18.98,225862.0,19.07,0.0016278,0.141646,73104.8
002926.SZ,20260429,98500,8.7,856950.0,8.73,0.00375238,0.389131,262500.0
002927.SZ,20260429,16600,17.15,284690.0,17.12,0.00752023,0.287679,22073.8
002928.SZ,20260429,202900,7.83,1588707.0,7.92,0.0158734,0.988123,127824.0
002929.SZ,20260429,70800,54.4,3851520.0,54.98,0.0334061,0.439329,21193.8
002930.SZ,20260429,243200,12.78,3108096.0,12.56,0.0561223,3.19251,43333.9
002931.SZ,20260429,133700,58.5,7821450.0,58.5,0.0664336,0.778667,20125.4
002932.SZ,20260429,61800,17.05,1053690.0,17.27,0.0395913,0.833785,15609.5
002933.SZ,20260429,1800,31.3,56340.0,31.3,0.00154184,0.109904,11674.4
002935.SZ,20260429,88300,21.55,1902865.0,21.74,0.0212725,0.442349,41509.1
002936.SZ,20260429,5726500,1.82,10422230.0,1.81,0.0814662,12.4076,702930.0
002937.SZ,20260429,40600,32.33,1312598.0,32.47,0.0136722,0.445959,29695.4
002938.SZ,20260429,139200,73.47,10227024.0,74.62,0.00602745,0.274558,230943.0
002939.SZ,20260429,59800,8.9,532220.0,8.91,0.00165988,0.387258,360266.0
002940.SZ,20260429,106600,35.15,3746990.0,35.35,0.057536,0.398232,18527.5
002941.SZ,20260429,34100,14.34,488994.0,14.28,0.00467283,0.214047,72975.1
002942.SZ,20260429,10100,19.9,200990.0,19.93,0.00731347,0.419332,13810.1
002943.SZ,20260429,90500,63.5,5746750.0,62.6,0.0621507,0.486244,14561.4
002945.SZ,20260429,4200,15.23,63966.0,15.29,0.000155556,0.0386927,270000.0
002946.SZ,20260429,86489,19.27,1666643.03,19.27,0.0101667,1.57488,85070.6
002947.SZ,20260429,72200,76.72,5539184.0,76.4,0.0374805,0.32505,19263.4
002948.SZ,20260429,2722700,6.03,16417881.0,5.65,0.0874763,5.97318,311250.0
002949.SZ,20260429,14300,14.36,205348.0,14.35,0.00941497,0.297026,15188.6
002950.SZ,20260429,173200,14.05,2433460.0,14.16,0.0403146,0.624326,42962.1
002951.SZ,20260429,71800,14.61,1048998.0,14.88,0.0178997,0.795482,40112.4
002952.SZ,20260429,89300,27.9,2491470.0,27.99,0.0678339,0.618355,13164.5
002953.SZ,20260429,3200,11.75,37600.0,11.85,0.00117946,0.0567246,27131.1
002955.SZ,20260429,3000,25.31,75930.0,25.31,0.00153338,0.0926295,19564.7
002956.SZ,20260429,146100,30.5,4456050.0,29.55,0.0654499,5.70502,22322.4
002957.SZ,20260429,151900,43.99,6682081.0,44.28,0.0362808,0.500323,41867.9
002958.SZ,20260429,2830800,3.02,8549016.0,3.0,0.0520416,3.90224,543949.0
002959.SZ,20260429,7600,42.59,323684.0,42.31,0.00504921,0.673633,15051.8
002960.SZ,20260429,205020,11.35,2326977.0,11.3,0.0253566,0.978022,80854.7
002961.SZ,20260429,21600,24.34,525744.0,24.5,0.00452896,0.259554,47693.1
002962.SZ,20260429,215700,16.34,3524538.0,16.34,0.103115,0.901325,20918.4
002963.SZ,20260429,44400,16.73,742812.0,16.78,0.0360993,0.839704,12299.4
002965.SZ,20260429,193860,29.14,5649080.4,30.76,0.101809,3.26819,19041.6
002966.SZ,20260429,1516696,8.46,12831248.16,8.71,0.0345,6.93194,439622.0
002967.SZ,20260429,16900,21.39,361491.0,21.5,0.0030883,0.141655,54722.7
002968.SZ,20260429,13200,11.82,156024.0,11.83,0.00619685,0.377162,21301.1
002969.SZ,20260429,474397,20.48,9715650.56,20.65,0.0434315,0.913831,109229.0
002970.SZ,20260429,187400,72.48,13582752.0,72.15,0.149716,1.60449,12517.1
002971.SZ,20260429,96100,32.55,3128055.0,33.81,0.0614445,0.705676,15640.1
002972.SZ,20260429,15700,13.18,206926.0,13.18,0.0116602,0.23359,13464.6
002973.SZ,20260429,6300,12.62,79506.0,12.69,0.0019833,0.132969,31765.3
002975.SZ,20260429,58000,113.5,6583000.0,114.47,0.0547899,0.416762,10585.9
002976.SZ,20260429,100,29.21,2921.0,29.22,0.000149982,0.00442421,6667.44
002977.SZ,20260429,214024,26.1,5586026.4,26.75,0.32113,4.85835,6664.72
002978.SZ,20260429,6100,30.75,187575.0,30.88,0.00165187,0.113614,36928.0
002979.SZ,20260429,24900,42.8,1065720.0,42.89,0.0112695,0.25473,22095.0
002980.SZ,20260429,142700,84.0,11986800.0,85.06,0.140887,0.679529,10128.7
002981.SZ,20260429,24800,25.8,639840.0,26.11,0.0207676,0.861528,11941.7
002982.SZ,20260429,59500,13.96,830620.0,14.12,0.0457372,0.410766,13009.1
002983.SZ,20260429,2800,23.09,64652.0,23.15,0.00218481,0.0828194,12815.8
002984.SZ,20260429,990800,16.7,16546360.0,17.82,0.138786,10.7099,71390.7
002985.SZ,20260429,69401,35.26,2447079.26,35.02,0.0209709,0.465913,33093.9
002986.SZ,20260429,7900,14.61,115419.0,14.46,0.0026173,0.0822988,30183.7
002987.SZ,20260429,42600,14.87,633462.0,14.84,0.00505052,0.409932,84347.8
002988.SZ,20260429,7300,34.5,251850.0,34.88,0.00292266,0.139658,24977.2
002989.SZ,20260429,100200,26.2,2625240.0,26.3,0.0546536,2.26338,18333.7
002990.SZ,20260429,254500,49.0,12470500.0,49.1,0.184395,1.16348,13801.9
002991.SZ,20260429,2600,50.19,130494.0,50.14,0.0052069,0.173343,4993.37
002992.SZ,20260429,55500,51.61,2864355.0,53.46,0.0351178,1.7815,15804.0
002993.SZ,20260429,4700,45.99,216153.0,46.25,0.00197109,0.0460586,23844.7
002995.SZ,20260429,14100,21.05,296805.0,21.02,0.0125426,0.153544,11241.7
002996.SZ,20260429,43700,7.4,323380.0,7.43,0.010497,0.295382,41630.8
002997.SZ,20260429,9600,28.88,277248.0,28.77,0.00458625,0.246263,20932.1
002998.SZ,20260429,61200,9.19,562428.0,9.3,0.0226256,0.686148,27049.0
002999.SZ,20260429,190000,7.34,1394600.0,7.34,0.0553059,0.675861,34354.4
003000.SZ,20260429,12800,11.13,142464.0,11.15,0.00415503,0.146287,30806.0
003001.SZ,20260429,54700,16.51,903097.0,16.64,0.0508806,1.71966,10750.7
003002.SZ,20260429,41200,27.27,1123524.0,28.11,0.0225325,1.48309,18284.7
003003.SZ,20260429,16500,13.31,219615.0,13.28,0.0140072,0.45129,11779.6
003004.SZ,20260429,0,,0.0,32.1,0.0,0.0,6874.14
003005.SZ,20260429,37700,17.66,665782.0,17.85,0.0296901,1.31112,12697.8
003006.SZ,20260429,18500,18.11,335035.0,18.18,0.00431665,0.230576,42857.3
003007.SZ,20260429,9700,44.21,428837.0,44.3,0.0134933,0.199353,7188.76
003008.SZ,20260429,10300,22.8,234840.0,22.68,0.0132522,0.38612,7772.32
003009.SZ,20260429,15900,57.5,914250.0,57.98,0.00965466,0.395226,16468.7
003010.SZ,20260429,2200,29.81,65582.0,30.03,0.000972839,0.0449471,22614.2
003011.SZ,20260429,31600,22.69,717004.0,23.28,0.0404668,1.19894,7808.88
003012.SZ,20260429,179300,6.0,1075800.0,6.1,0.0156661,2.51965,114451.0
003013.SZ,20260429,26800,13.89,372252.0,13.95,0.00670089,1.02452,39994.7
003015.SZ,20260429,28800,15.15,436320.0,15.3,0.0116446,0.364792,24732.5
003016.SZ,20260429,89400,8.35,746490.0,8.35,0.021758,1.96439,41088.3
003017.SZ,20260429,14100,31.2,439920.0,31.27,0.0203498,0.530459,6928.8
003018.SZ,20260429,253100,56.31,14252061.0,55.21,0.106619,1.31489,23738.8
003019.SZ,20260429,131800,33.6,4428480.0,34.99,0.0770952,1.96952,17095.7
003020.SZ,20260429,1300,22.59,29367.0,22.6,0.000946468,0.0750023,13735.3
003021.SZ,20260429,10700,92.6,990820.0,92.75,0.0051615,0.22317,20730.4
003022.SZ,20260429,254900,25.03,6380147.0,25.47,0.0191018,0.654861,133443.0
003023.SZ,20260429,25500,28.62,729810.0,28.59,0.0242579,0.341313,10512.0
003025.SZ,20260429,121100,13.31,1611841.0,13.53,0.0534856,2.99796,22641.6
003026.SZ,20260429,702600,46.26,32502276.0,45.28,0.734205,6.50126,9569.53
003027.SZ,20260429,124200,24.0,2980800.0,24.32,0.118443,0.601014,10486.1
003028.SZ,20260429,3000,27.0,81000.0,27.08,0.00425301,0.188503,7053.82
003029.SZ,20260429,1600,20.51,32816.0,20.47,0.00090858,0.0558322,17609.9
003030.SZ,20260429,23400,21.39,500526.0,21.35,0.0289035,0.550131,8095.89
003031.SZ,20260429,146100,124.21,18147081.0,127.5,0.0429508,1.04242,34015.7
003032.SZ,20260429,173400,6.46,1120164.0,6.5,0.060953,3.97197,28448.2
003033.SZ,20260429,2100,53.06,111426.0,53.42,0.00260082,0.169151,8074.36
003035.SZ,20260429,632900,7.87,4980923.0,8.08,0.0167086,0.403695,378788.0
003036.SZ,20260429,393600,33.93,13354848.0,33.83,0.181988,2.16214,21627.8
003037.SZ,20260429,294900,7.02,2070198.0,7.21,0.0492259,6.63023,59907.5
003038.SZ,20260429,18800,14.26,268088.0,14.25,0.0115177,0.311711,16322.7
003039.SZ,20260429,30600,14.52,444312.0,14.52,0.00495532,0.404849,61751.9
003040.SZ,20260429,10900,14.44,157396.0,14.55,0.0023859,0.137938,45685.0
003041.SZ,20260429,315700,50.53,15952321.0,56.0,0.230735,8.15425,13682.3
003042.SZ,20260429,74300,16.35,1214805.0,16.58,0.0583359,1.69411,12736.6
003043.SZ,20260429,60500,53.8,3254900.0,55.22,0.0721727,2.15363,8382.67
003816.SZ,20260429,2441600,4.71,11499936.0,4.71,0.00620717,1.89056,3933510.0
300001.SZ,20260429,63900,30.57,1953423.0,30.55,0.00617451,0.204122,103490.0
300002.SZ,20260429,55500,9.39,521145.0,9.37,0.00300521,0.162711,184679.0
300003.SZ,20260429,120200,14.24,1711648.0,14.24,0.00761284,0.31787,157891.0
300004.SZ,20260429,44000,12.8,563200.0,12.81,0.00916679,0.331639,47999.4
300005.SZ,20260429,165200,16.43,2714236.0,16.44,0.0188459,0.333095,87658.4
300006.SZ,20260429,177300,6.26,1109898.0,6.28,0.0167926,0.465462,105582.0
300007.SZ,20260429,129400,41.5,5370100.0,41.0,0.0457331,1.32872,28294.6
300008.SZ,20260429,1271100,7.89,10028979.0,7.98,0.0771631,1.25223,164729.0
300009.SZ,20260429,28400,8.91,253044.0,8.91,0.00230848,0.120278,123025.0
300010.SZ,20260429,229200,5.0,1146000.0,5.06,0.0137796,0.425697,166333.0
300011.SZ,20260429,5500,7.14,39270.0,7.15,0.00108427,0.0806567,50725.6
300012.SZ,20260429,49500,16.67,825165.0,16.75,0.00345853,0.146137,143124.0
300013.SZ,20260429,51400,4.04,207656.0,4.03,0.0115234,0.287053,44604.9
300014.SZ,20260429,133800,70.2,9392760.0,70.43,0.00639725,0.188176,209153.0
300015.SZ,20260429,771700,11.01,8496417.0,11.08,0.00970038,0.405454,795536.0
300016.SZ,20260429,274500,9.4,2580300.0,9.16,0.0488292,1.36945,56216.4
300017.SZ,20260429,690200,16.17,11160534.0,16.15,0.0299409,0.252078,230520.0
300018.SZ,20260429,74603,13.64,1017584.92,13.76,0.0206846,0.209011,36067.0
300019.SZ,20260429,13900,17.73,246447.0,17.83,0.00377092,0.205694,36861.0
300020.SZ,20260429,34700,3.46,120062.0,3.46,0.00452658,0.280091,76658.4
300021.SZ,20260429,141800,4.44,629592.0,4.43,0.0162356,0.947637,87338.9
300022.SZ,20260429,27000,9.56,258120.0,9.59,0.00546309,0.13615,49422.6
300024.SZ,20260429,186500,14.23,2653895.0,14.36,0.0119155,0.839492,156519.0
300025.SZ,20260429,69300,5.5,381150.0,5.51,0.013678,0.35298,50665.4
300026.SZ,20260429,135500,3.38,457990.0,3.36,0.00451467,0.452018,300133.0
300027.SZ,20260429,0,,0.0,1.74,0.0,0.0,248498.0
300029.SZ,20260429,122500,2.77,339325.0,3.46,0.0611399,1.75463,20036.0
300030.SZ,20260429,42200,7.94,335068.0,8.0,0.0155017,0.174025,27222.8
300031.SZ,20260429,194400,22.77,4426488.0,22.97,0.0552427,1.54682,35190.2
300032.SZ,20260429,647300,5.21,3372433.0,5.45,0.0805932,1.88489,80317.0
300033.SZ,20260429,46186,227.89,10525327.54,231.2,0.0105349,0.314546,43841.1
300034.SZ,20260429,18800,19.12,359456.0,19.16,0.00245093,0.0927053,76705.7
300035.SZ,20260429,1267000,21.57,27329190.0,25.27,0.217194,1.78445,58334.8
300036.SZ,20260429,38700,14.69,568503.0,14.74,0.00882599,0.35779,43847.8
300037.SZ,20260429,74800,65.79,4921092.0,66.51,0.0138846,0.240275,53872.4
300039.SZ,20260429,11100,5.72,63492.0,5.73,0.00121057,0.109144,91692.6
300040.SZ,20260429,529600,7.4,3919040.0,7.54,0.102363,0.75294,51737.6
300041.SZ,20260429,43300,11.37,492321.0,11.28,0.00795828,0.311625,54408.7
300042.SZ,20260429,575513,48.6,27969931.8,51.94,0.287209,2.44162,20038.2
300043.SZ,20260429,298800,5.98,1786824.0,6.04,0.0240283,0.516994,124353.0
300044.SZ,20260429,256400,6.26,1605064.0,6.33,0.0358412,0.728986,71537.8
300045.SZ,20260429,40200,21.28,855456.0,21.22,0.00778597,0.201822,51631.3
300046.SZ,20260429,22200,31.3,694860.0,31.62,0.00938565,0.344473,23653.1
300047.SZ,20260429,26400,12.46,328944.0,12.5,0.00460001,0.137323,57391.1
300048.SZ,20260429,49700,6.28,312116.0,6.33,0.00439733,0.153765,113023.0
300049.SZ,20260429,28000,51.98,1455440.0,51.97,0.0119842,0.307392,23364.0
300050.SZ,20260429,10900,6.85,74665.0,6.9,0.00200178,0.0258996,54451.5
300051.SZ,20260429,180300,15.92,2870376.0,15.72,0.0490377,0.593027,36767.6
300052.SZ,20260429,138500,11.89,1646765.0,11.81,0.0528926,0.703346,26185.1
300053.SZ,20260429,97100,16.5,1602150.0,16.66,0.0149197,0.318109,65081.9
300054.SZ,20260429,367300,58.48,21479704.0,59.2,0.0497594,0.769149,73815.2
300055.SZ,20260429,14800,11.4,168720.0,11.41,0.00250027,0.0524775,59193.6
300056.SZ,20260429,131800,9.98,1315364.0,10.1,0.0342204,0.441438,38515.0
300057.SZ,20260429,1012300,8.78,8887994.0,9.01,0.132575,0.646557,76356.9
300058.SZ,20260429,1690100,16.88,28528888.0,16.69,0.048595,0.31562,347793.0
300059.SZ,20260429,1603545,20.02,32102970.9,20.16,0.0120226,0.63207,1333780.0
300061.SZ,20260429,234100,9.85,2305885.0,10.0,0.0376264,0.526941,62217.0
300062.SZ,20260429,7800,7.51,58578.0,7.54,0.00170173,0.044548,45835.8
300063.SZ,20260429,242900,11.2,2720480.0,10.95,0.0387676,0.421251,62655.4
300065.SZ,20260429,433600,24.74,10727264.0,25.14,0.0660314,0.510891,65665.7
300066.SZ,20260429,22800,6.0,136800.0,6.02,0.00228434,0.121419,99809.9
300067.SZ,20260429,6797540,7.13,48466460.2,7.4,0.725254,3.54487,93726.4
300068.SZ,20260429,0,,0.0,11.06,0.0,0.0,85318.0
300069.SZ,20260429,81100,26.6,2157260.0,26.6,0.0693162,0.598012,11700.0
300070.SZ,20260429,82000,3.91,320620.0,3.92,0.00238735,0.194775,343477.0
300071.SZ,20260429,111200,4.72,524864.0,4.67,0.0117628,0.349029,94535.1
300072.SZ,20260429,13300,4.53,60249.0,4.51,0.000570482,0.0296834,233136.0
300073.SZ,20260429,43900,61.47,2698533.0,61.8,0.00867638,0.162729,50597.1
300074.SZ,20260429,298700,4.18,1248566.0,4.04,0.0545981,1.9681,54708.8
300075.SZ,20260429,80100,13.22,1058922.0,13.11,0.0155402,0.514067,51543.8
300076.SZ,20260429,141900,4.94,700986.0,5.0,0.033467,0.559286,42400.0
300077.SZ,20260429,145600,21.97,3198832.0,22.22,0.0257095,0.239814,56632.8
300078.SZ,20260429,32200,3.85,123970.0,3.85,0.00289213,0.148658,111337.0
300079.SZ,20260429,45400,5.44,246976.0,5.45,0.00354278,0.139069,128148.0
300080.SZ,20260429,29400,4.4,129360.0,4.42,0.00157149,0.10352,187083.0
300081.SZ,20260429,118500,4.08,483480.0,4.06,0.0195971,0.324699,60468.1
300082.SZ,20260429,533699,11.8,6297648.2,11.93,0.0786794,0.935822,67832.1
300083.SZ,20260429,141400,8.16,1153824.0,8.24,0.00947381,0.243327,149254.0
300084.SZ,20260429,100100,11.25,1126125.0,11.34,0.0289221,0.711636,34610.2
300085.SZ,20260429,74800,35.05,2621740.0,35.22,0.0114722,0.372603,65201.3
300086.SZ,20260429,110300,6.95,766585.0,6.95,0.0250294,0.645101,44068.3
300087.SZ,20260429,37200,8.3,308760.0,8.36,0.00412282,0.227282,90229.6
300088.SZ,20260429,917400,6.51,5972274.0,6.57,0.03691,0.471557,248550.0
300091.SZ,20260429,10500,3.14,32970.0,3.13,0.000642036,0.0257027,163542.0
300092.SZ,20260429,15300,16.37,250461.0,16.48,0.00729036,0.185985,20986.6
300093.SZ,20260429,6800,21.66,147288.0,21.45,0.00294401,0.107327,23097.8
300094.SZ,20260429,38200,2.94,112308.0,2.95,0.0034554,0.12994,110552.0
300095.SZ,20260429,64200,9.24,593208.0,9.28,0.0190424,0.932393,33714.3
300096.SZ,20260429,74100,8.9,659490.0,9.05,0.0172326,0.855747,43000.0
300097.SZ,20260429,90200,11.0,992200.0,11.16,0.0334064,0.397999,27000.8
300098.SZ,20260429,3214349,5.53,17775349.97,5.08,0.208488,10.2096,154174.0
300099.SZ,20260429,43100,8.95,385745.0,9.04,0.00741418,0.123692,58131.8
300100.SZ,20260429,171400,27.91,4783774.0,29.02,0.0310983,2.40128,55115.6
300101.SZ,20260429,485200,20.78,10082456.0,21.2,0.0857276,2.03547,56597.9
300102.SZ,20260429,328400,31.65,10393860.0,32.5,0.0358545,0.498295,91592.4
300103.SZ,20260429,13800,8.01,110538.0,8.01,0.00434864,0.150253,31734.1
300105.SZ,20260429,6900,6.68,46092.0,6.7,0.00133858,0.0620407,51547.3
300106.SZ,20260429,42200,10.71,451962.0,10.87,0.0199686,0.216437,21133.2
300107.SZ,20260429,116500,7.54,878410.0,7.53,0.0335365,0.364854,34738.3
300109.SZ,20260429,8400,18.58,156072.0,18.66,0.00187812,0.0574892,44725.6
300110.SZ,20260429,110700,3.06,338742.0,3.08,0.009372,0.44065,118118.0
300111.SZ,20260429,50400,3.76,189504.0,3.79,0.00391544,0.104122,128721.0
300112.SZ,20260429,4700,8.12,38164.0,8.11,0.00197806,0.0578049,23760.6
300113.SZ,20260429,100700,25.46,2563822.0,25.47,0.0197831,0.193466,50902.0
300115.SZ,20260429,59500,31.33,1864135.0,31.55,0.00438365,0.135752,135732.0
300118.SZ,20260429,250200,15.0,3753000.0,15.16,0.0269955,0.592672,92682.0
300119.SZ,20260429,9600,18.0,172800.0,18.04,0.00287739,0.255748,33363.6
300120.SZ,20260429,238300,7.31,1741973.0,7.16,0.0451799,2.47105,52744.7
300121.SZ,20260429,10700,12.46,133322.0,12.55,0.00249208,0.0897706,42936.0
300122.SZ,20260429,76500,14.83,1134495.0,14.93,0.00540901,0.489124,141431.0
300123.SZ,20260429,839500,3.77,3164915.0,3.76,0.084455,0.832003,99402.0
300124.SZ,20260429,1010000,61.99,62609900.0,61.36,0.041906,2.55193,241016.0
300125.SZ,20260429,34000,9.38,318920.0,9.38,0.00942323,0.533761,36081.0
300126.SZ,20260429,21200,7.86,166632.0,7.86,0.0100641,0.358209,21065.0
300127.SZ,20260429,9500,29.89,283955.0,30.05,0.00411583,0.17575,23081.6
300128.SZ,20260429,306700,5.82,1784994.0,5.92,0.0236338,1.25852,129772.0
300129.SZ,20260429,41300,10.7,441910.0,10.74,0.00574641,0.0957821,71871.0
300130.SZ,20260429,168000,21.51,3613680.0,22.1,0.0386953,2.03416,43416.1
300131.SZ,20260429,997800,16.18,16144404.0,16.44,0.0957336,0.696621,104227.0
300132.SZ,20260429,208800,9.64,2012832.0,9.58,0.0410958,0.761157,50808.1
300133.SZ,20260429,1250900,8.8,11007920.0,8.94,0.0746182,0.575003,167640.0
300134.SZ,20260429,29400,10.92,321048.0,10.92,0.00383063,0.202425,76749.8
300135.SZ,20260429,86400,3.94,340416.0,3.97,0.009375,0.353757,92160.0
300136.SZ,20260429,345001,87.22,30090987.22,87.49,0.0418082,0.277767,82520.0
300137.SZ,20260429,187900,16.75,3147325.0,16.88,0.0354505,0.477932,53003.4
300138.SZ,20260429,24100,11.43,275463.0,11.37,0.00605051,0.40721,39831.3
300139.SZ,20260429,215400,50.58,10894932.0,51.02,0.0921855,0.978513,23365.9
300140.SZ,20260429,58800,6.62,389256.0,6.64,0.00576402,0.196215,102012.0
300141.SZ,20260429,6500,12.7,82550.0,12.7,0.00255284,0.108608,25461.9
300142.SZ,20260429,1367759,12.68,17343184.12,12.85,0.0867241,2.40298,157714.0
300143.SZ,20260429,19200,11.3,216960.0,11.29,0.00299412,0.214939,64125.8
300144.SZ,20260429,106100,7.68,814848.0,7.69,0.00408489,0.415032,259738.0
300145.SZ,20260429,209200,4.88,1020896.0,4.93,0.0109481,0.307167,191083.0
300146.SZ,20260429,23900,10.45,249755.0,10.45,0.00213262,0.167623,112068.0
300147.SZ,20260429,0,,0.0,9.41,0.0,0.0,65739.8
300148.SZ,20260429,11100,4.11,45621.0,4.12,0.00136344,0.0353862,81411.5
300149.SZ,20260429,474500,10.17,4825665.0,10.6,0.0999888,2.58819,47455.3
300150.SZ,20260429,40100,5.01,200901.0,5.01,0.00864852,0.261123,46366.3
300151.SZ,20260429,6800,17.42,118456.0,17.5,0.00184454,0.0487964,36865.6
300152.SZ,20260429,0,,0.0,1.78,0.0,0.0,71261.8
300153.SZ,20260429,39200,28.66,1123472.0,28.8,0.0123143,0.234212,31833.0
300154.SZ,20260429,22400,8.47,189728.0,8.5,0.00710763,0.354742,31515.4
300155.SZ,20260429,104500,4.87,508915.0,4.88,0.0317202,1.06903,32944.3
300157.SZ,20260429,246100,5.77,1419997.0,5.9,0.0347685,0.672324,70782.5
300158.SZ,20260429,9800,5.7,55860.0,5.72,0.000988408,0.0600649,99149.3
300159.SZ,20260429,2314800,3.6,8333280.0,3.57,0.126365,6.65921,183184.0
300160.SZ,20260429,50400,5.16,260064.0,5.16,0.00661279,0.502393,76216.0
300161.SZ,20260429,92000,27.3,2511600.0,28.28,0.0471807,3.31437,19499.5
300162.SZ,20260429,232500,8.51,1978575.0,8.65,0.0679503,0.967685,34216.2
300163.SZ,20260429,558600,4.19,2340534.0,4.27,0.12234,1.86043,45659.6
300164.SZ,20260429,389700,12.92,5034924.0,12.98,0.0668197,0.37242,58321.1
300165.SZ,20260429,340800,6.65,2266320.0,6.71,0.0810397,0.9614,42053.5
300166.SZ,20260429,404400,15.27,6175188.0,15.41,0.0446476,0.244931,90575.9
300167.SZ,20260429,2700,6.63,17901.0,6.63,0.000752313,0.0260693,35889.3
300168.SZ,20260429,1059200,5.55,5878560.0,5.25,0.0735973,8.1908,143918.0
300169.SZ,20260429,57900,6.12,354348.0,6.12,0.019189,0.59354,30173.6
300170.SZ,20260429,337600,19.51,6586576.0,19.67,0.0345608,0.631946,97683.0
300171.SZ,20260429,196600,13.5,2654100.0,13.79,0.0349413,2.72428,56265.7
300172.SZ,20260429,51000,5.36,273360.0,5.36,0.00975263,0.276778,52293.6
300173.SZ,20260429,21500,4.24,91160.0,4.27,0.00292626,0.178897,73472.6
300174.SZ,20260429,73900,17.58,1299162.0,17.77,0.0204034,0.406545,36219.5
300175.SZ,20260429,12400,6.27,77748.0,6.24,0.00263381,0.139308,47080.0
300176.SZ,20260429,33300,7.25,241425.0,7.25,0.00859841,0.302147,38728.1
300177.SZ,20260429,10700,7.99,85493.0,7.97,0.00176479,0.0982393,60630.3
300179.SZ,20260429,309000,28.4,8775600.0,28.59,0.0826243,0.618637,37398.2
300180.SZ,20260429,51400,5.27,270878.0,5.26,0.00300116,0.168314,171267.0
300181.SZ,20260429,57100,15.18,866778.0,15.22,0.00947072,0.287738,60291.1
300182.SZ,20260429,209100,5.57,1164687.0,5.56,0.0092548,0.164557,225937.0
300183.SZ,20260429,20400,12.86,262344.0,12.91,0.00549822,0.179133,37102.9
300184.SZ,20260429,545200,13.02,7098504.0,13.24,0.0517266,0.335914,105400.0
300185.SZ,20260429,423600,3.12,1321632.0,3.14,0.011014,0.304803,384603.0
300187.SZ,20260429,1632800,6.03,9845784.0,6.14,0.254379,6.77307,64187.7
300188.SZ,20260429,16000,12.29,196640.0,12.32,0.00187023,0.167159,85550.9
300189.SZ,20260429,133500,5.97,796995.0,5.98,0.0150635,0.195588,88625.0
300190.SZ,20260429,127700,4.05,517185.0,4.04,0.0135241,0.594904,94424.2
300191.SZ,20260429,147000,44.05,6475350.0,44.35,0.0664572,0.799728,22119.5
300192.SZ,20260429,26600,19.31,513646.0,19.33,0.00819375,0.270376,32463.8
300193.SZ,20260429,38400,8.76,336384.0,8.74,0.00915646,0.415705,41937.6
300194.SZ,20260429,32800,4.09,134152.0,4.11,0.00338723,0.33012,96834.4
300195.SZ,20260429,87300,6.76,590148.0,6.86,0.0278145,0.695946,31386.5
300196.SZ,20260429,74700,19.5,1456650.0,19.47,0.030252,0.261314,24692.6
300197.SZ,20260429,175600,1.56,273936.0,1.56,0.00592198,0.361339,296522.0
300199.SZ,20260429,586500,21.88,12832620.0,22.1,0.0786512,1.27852,74569.8
300200.SZ,20260429,101200,10.23,1035276.0,10.2,0.0238724,0.313783,42392.1
300201.SZ,20260429,47800,11.5,549700.0,11.53,0.0047626,0.154509,100365.0
300203.SZ,20260429,127100,13.21,1678991.0,13.87,0.0283483,1.07385,44835.1
300204.SZ,20260429,244338,27.08,6616673.04,27.61,0.0538727,0.77454,45354.7
300205.SZ,20260429,20000,6.09,121800.0,6.1,0.00465056,0.168592,43005.6
300206.SZ,20260429,14000,14.79,207060.0,14.87,0.00413737,0.111392,33838.0
300207.SZ,20260429,225400,26.4,5950560.0,26.45,0.0131518,0.226676,171384.0
300209.SZ,20260429,2416200,14.0,33826800.0,14.19,0.328932,2.52327,73456.0
300210.SZ,20260429,343300,9.46,3247618.0,9.22,0.0708975,3.84638,48422.0
300211.SZ,20260429,11400,8.68,98952.0,8.67,0.00381933,0.229866,29848.2
300212.SZ,20260429,0,,0.0,8.19,0.0,0.0,69851.2
300213.SZ,20260429,27900,8.01,223479.0,8.08,0.00505232,0.192091,55222.2
300214.SZ,20260429,136500,7.95,1085175.0,8.08,0.029361,0.88446,46490.3
300215.SZ,20260429,215600,8.59,1852004.0,8.67,0.0287814,0.634951,74909.4
300217.SZ,20260429,77100,5.03,387813.0,5.03,0.00621066,0.213228,124141.0
300218.SZ,20260429,6300,14.67,92421.0,14.63,0.00291294,0.130601,21627.6
300219.SZ,20260429,211000,7.45,1571950.0,7.3,0.0298592,1.14829,70664.9
300220.SZ,20260429,31000,14.15,438650.0,14.33,0.0205272,1.15963,15101.9
300221.SZ,20260429,25800,10.9,281220.0,10.92,0.00564349,0.134916,45716.4
300222.SZ,20260429,40500,10.88,440640.0,11.0,0.00638999,0.330544,63380.4
300223.SZ,20260429,513600,125.0,64200000.0,124.02,0.12212,2.10522,42057.1
300224.SZ,20260429,158300,12.73,2015159.0,12.73,0.0170716,0.439532,92727.4
300225.SZ,20260429,130500,6.47,844335.0,6.58,0.0276456,0.417562,47204.6
300226.SZ,20260429,23800,23.7,564060.0,23.84,0.00776628,0.289825,30645.3
300227.SZ,20260429,13300,10.8,143640.0,10.9,0.00307111,0.069785,43306.8
300228.SZ,20260429,323300,9.33,3016389.0,9.46,0.0578454,1.18913,55890.4
300229.SZ,20260429,17300,17.54,303442.0,17.53,0.0019816,0.0592564,87303.0
300230.SZ,20260429,82100,4.87,399827.0,4.9,0.0130354,0.644432,62982.2
300231.SZ,20260429,14800,10.58,156584.0,10.67,0.00333129,0.071554,44427.3
300232.SZ,20260429,100700,6.21,625347.0,6.26,0.0113703,0.261723,88564.2
300233.SZ,20260429,31100,15.63,486093.0,15.73,0.00840961,0.289242,36981.5
300234.SZ,20260429,12900,6.45,83205.0,6.47,0.00375014,0.070526,34398.7
300235.SZ,20260429,11500,13.7,157550.0,13.75,0.00566132,0.176027,20313.3
300236.SZ,20260429,244500,90.01,22007445.0,90.91,0.087776,1.71185,27855.0
300237.SZ,20260429,48200,2.29,110378.0,2.3,0.00334281,0.204309,144190.0
300238.SZ,20260429,19200,14.11,270912.0,14.22,0.00724162,0.485282,26513.4
300239.SZ,20260429,28200,5.45,153690.0,5.44,0.00478159,0.230587,58976.2
300240.SZ,20260429,7000,6.8,47600.0,6.79,0.0019265,0.0597895,36335.3
300241.SZ,20260429,153000,6.64,1015920.0,6.55,0.0260923,0.350922,58638.0
300242.SZ,20260429,30100,4.62,139062.0,4.66,0.00474348,0.182403,63455.5
300243.SZ,20260429,661930,19.44,12867919.2,19.72,0.339367,2.34034,19504.8
300244.SZ,20260429,175500,18.82,3302910.0,18.96,0.0349979,0.745331,50145.9
300246.SZ,20260429,25300,16.5,417450.0,16.39,0.011972,0.19896,21132.7
300247.SZ,20260429,178100,4.28,762268.0,4.28,0.0221788,0.995993,80302.0
300248.SZ,20260429,7200,9.46,68112.0,9.47,0.00176021,0.0737998,40904.2
300249.SZ,20260429,60800,17.47,1062176.0,17.63,0.0162519,0.208839,37411.0
300250.SZ,20260429,102900,19.64,2020956.0,21.05,0.0653647,0.983853,15742.4
300251.SZ,20260429,161800,14.52,2349336.0,14.52,0.00582986,0.20794,277537.0
300252.SZ,20260429,258600,14.6,3775560.0,14.8,0.0462795,0.718476,55877.9
300253.SZ,20260429,462700,8.42,3895934.0,8.4,0.0255565,0.616271,181050.0
300254.SZ,20260429,85100,12.35,1050985.0,12.33,0.0376663,0.603446,22593.2
300255.SZ,20260429,159100,39.89,6346499.0,39.15,0.0173369,1.09855,91769.6
300256.SZ,20260429,258300,3.27,844641.0,3.34,0.0115138,1.18802,224339.0
300257.SZ,20260429,12700,29.28,371856.0,29.39,0.00133027,0.0856196,95469.0
300258.SZ,20260429,43100,11.25,484875.0,11.21,0.00756283,0.237625,56989.2
300259.SZ,20260429,10200,4.42,45084.0,4.41,0.000872143,0.0510868,116953.0
300260.SZ,20260429,61900,50.5,3125950.0,50.29,0.0215202,0.562263,28763.7
300261.SZ,20260429,174900,5.88,1028412.0,5.96,0.0186824,1.56149,93617.3
300263.SZ,20260429,102700,10.4,1068080.0,10.48,0.0105276,0.211092,97552.8
300264.SZ,20260429,34700,8.88,308136.0,8.88,0.00936859,0.17178,37038.6
300265.SZ,20260429,256900,17.8,4572820.0,18.12,0.0549754,0.405605,46730.0
300266.SZ,20260429,15800,2.38,37604.0,2.4,0.00101736,0.0839965,155304.0
300267.SZ,20260429,547300,4.12,2254876.0,4.09,0.038478,0.437566,142237.0
300268.SZ,20260429,600,13.74,8244.0,13.75,0.000448741,0.060256,13370.8
300269.SZ,20260429,59400,6.14,364716.0,6.18,0.0112997,0.189012,52567.8
300270.SZ,20260429,40200,12.85,516570.0,12.96,0.0154064,0.229862,26093.0
300271.SZ,20260429,40000,6.22,248800.0,6.22,0.00503547,0.327897,79436.6
300272.SZ,20260429,469900,7.69,3613531.0,7.84,0.101169,1.63523,46447.2
300274.SZ,20260429,392300,129.0,50606700.0,129.89,0.0246727,0.55733,159001.0
300275.SZ,20260429,23000,11.3,259900.0,11.36,0.00847266,0.368036,27146.1
300276.SZ,20260429,76200,6.72,512064.0,6.76,0.00720824,0.256751,105712.0
300277.SZ,20260429,80200,17.71,1420342.0,17.96,0.0104761,0.195022,76555.4
300278.SZ,20260429,20500,4.62,94710.0,4.63,0.00145447,0.0815025,140945.0
300279.SZ,20260429,13500,8.18,110430.0,8.16,0.00277239,0.0648239,48694.4
300281.SZ,20260429,68100,7.22,491682.0,7.18,0.0171396,1.1728,39732.6
300283.SZ,20260429,609300,11.35,6915555.0,11.74,0.165923,0.882928,36721.9
300284.SZ,20260429,68800,6.7,460960.0,6.73,0.00584148,0.636112,117778.0
300285.SZ,20260429,234200,36.74,8604508.0,37.05,0.0274345,0.488569,85366.9
300286.SZ,20260429,9600,23.39,224544.0,23.5,0.00462038,0.117,20777.5
300287.SZ,20260429,50400,4.25,214200.0,4.28,0.00382312,0.116572,131830.0
300288.SZ,20260429,14400,12.17,175248.0,12.17,0.00561252,0.298348,25656.9
300289.SZ,20260429,24500,6.46,158270.0,6.51,0.00451067,0.252562,54315.6
300290.SZ,20260429,180300,15.81,2850543.0,16.0,0.028192,0.500433,63954.2
300291.SZ,20260429,154000,6.03,928620.0,6.05,0.0165615,0.388766,92986.5
300292.SZ,20260429,563100,5.18,2916858.0,5.25,0.0504595,0.424553,111594.0
300293.SZ,20260429,144800,18.89,2735272.0,18.5,0.0427848,1.89355,33843.8
300294.SZ,20260429,19800,17.56,347688.0,17.57,0.00392663,0.431399,50424.9
300295.SZ,20260429,58200,12.06,701892.0,12.2,0.034735,0.27675,16755.4
300296.SZ,20260429,415800,6.31,2623698.0,6.35,0.0182807,0.256877,227453.0
300298.SZ,20260429,160400,16.84,2701136.0,16.91,0.0355723,2.30911,45091.3
300299.SZ,20260429,464900,5.98,2780102.0,5.79,0.0674528,3.19232,68922.3
300300.SZ,20260429,706900,12.33,8716077.0,12.71,0.106013,1.2946,66680.5
300301.SZ,20260429,309800,3.72,1152456.0,3.66,0.0392251,1.27516,78979.9
300302.SZ,20260429,370405,26.02,9637938.1,25.5,0.100431,1.08078,36881.4
300303.SZ,20260429,493100,9.05,4462555.0,9.16,0.037113,0.3322,132865.0
300304.SZ,20260429,490500,11.5,5640750.0,12.04,0.0574009,3.51033,85451.6
300305.SZ,20260429,96000,6.48,622080.0,6.51,0.0298623,0.950548,32147.6
300306.SZ,20260429,3000,12.2,36600.0,12.2,0.00190352,0.0959145,15760.2
300307.SZ,20260429,579300,6.76,3916068.0,6.42,0.073618,8.16811,78689.9
300308.SZ,20260429,373802,816.23,305108406.46,825.0,0.0337273,1.16711,110831.0
300310.SZ,20260429,48500,5.66,274510.0,5.7,0.00701503,0.112113,69137.3
300311.SZ,20260429,22900,5.33,122057.0,5.34,0.00426119,0.186872,53740.9
300313.SZ,20260429,33700,8.66,291842.0,8.81,0.017076,0.634621,19735.3
300314.SZ,20260429,9000,11.49,103410.0,11.55,0.00626124,0.14139,14374.1
300315.SZ,20260429,404700,4.85,1962795.0,4.88,0.0159238,0.693256,254148.0
300316.SZ,20260429,132300,40.0,5292000.0,40.28,0.0107425,0.42645,123156.0
300317.SZ,20260429,1864100,5.25,9786525.0,5.33,0.224885,2.15614,82891.3
300318.SZ,20260429,5400,5.52,29808.0,5.56,0.000681458,0.0870714,79241.9
300319.SZ,20260429,44700,12.41,554727.0,12.51,0.00530389,0.105374,84277.8
300320.SZ,20260429,19600,9.34,183064.0,9.42,0.00403849,0.150563,48533.0
300321.SZ,20260429,4100,36.67,150347.0,36.89,0.00462254,0.118921,8869.59
300322.SZ,20260429,120503,29.5,3554838.5,30.19,0.0273603,0.30626,44043.1
300323.SZ,20260429,2063800,11.32,23362216.0,10.79,0.173765,2.48597,118769.0
300324.SZ,20260429,25200,4.6,115920.0,4.62,0.00147369,0.0562892,170999.0
300326.SZ,20260429,3700,6.74,24938.0,6.7,0.000516242,0.0505741,71671.8
300327.SZ,20260429,12400,26.6,329840.0,26.81,0.00365939,0.108826,33885.4
300328.SZ,20260429,168000,16.9,2839200.0,17.08,0.0244526,0.428403,68704.2
300329.SZ,20260429,3600,13.72,49392.0,13.82,0.00142778,0.0872617,25214.0
300331.SZ,20260429,22700,52.8,1198560.0,53.36,0.0102192,0.130061,22213.1
300332.SZ,20260429,180700,5.77,1042639.0,5.79,0.0217696,0.502466,83005.8
300333.SZ,20260429,4300,8.88,38184.0,8.92,0.00128443,0.0589278,33478.0
300334.SZ,20260429,31500,7.84,246960.0,7.8,0.0104294,0.313284,30203.0
300335.SZ,20260429,23300,6.6,153780.0,6.66,0.00606519,0.0784543,38415.9
300337.SZ,20260429,75200,13.55,1018960.0,13.62,0.0105706,0.201659,71141.0
300339.SZ,20260429,129400,44.44,5750536.0,44.71,0.0166391,0.234505,77768.6
300340.SZ,20260429,5800,10.61,61538.0,10.79,0.00212094,0.0656869,27346.3
300341.SZ,20260429,80500,14.89,1198645.0,14.54,0.0156199,1.69788,51536.9
300342.SZ,20260429,414400,67.8,28096320.0,67.85,0.0989496,0.642972,41879.9
300343.SZ,20260429,65600,6.39,419184.0,6.41,0.00615258,0.40918,106622.0
300345.SZ,20260429,61100,6.19,378209.0,6.21,0.0127399,0.288852,47959.6
300346.SZ,20260429,277520,50.36,13975907.2,50.9,0.0423055,0.471821,65599.0
300347.SZ,20260429,254600,55.8,14206680.0,58.39,0.0449653,2.28945,56621.4
300348.SZ,20260429,66700,11.81,787727.0,11.89,0.00935577,0.333346,71292.9
300349.SZ,20260429,11300,12.95,146335.0,13.02,0.00305637,0.099383,36972.0
300350.SZ,20260429,19200,5.25,100800.0,5.25,0.00407155,0.135877,47156.5
300351.SZ,20260429,62400,22.03,1374672.0,22.0,0.0236892,0.249832,26341.1
300352.SZ,20260429,4739400,6.36,30142584.0,6.96,0.371249,8.87488,127661.0
300353.SZ,20260429,53182,18.0,957276.0,17.83,0.0098474,0.326504,54006.1
300354.SZ,20260429,2400,35.39,84936.0,35.44,0.0029517,0.110111,8130.9
300355.SZ,20260429,13900,3.62,50318.0,3.62,0.00101735,0.0611363,136629.0
300357.SZ,20260429,57300,25.8,1478340.0,25.93,0.0118409,0.457994,48391.4
300358.SZ,20260429,104300,9.4,980420.0,9.44,0.0148724,0.308172,70130.0
300359.SZ,20260429,46700,4.82,225094.0,4.83,0.00737405,0.708985,63330.2
300360.SZ,20260429,24600,14.59,358914.0,14.59,0.00491728,0.301421,50027.7
300363.SZ,20260429,234999,21.89,5144128.11,21.88,0.0471075,1.61825,49885.6
300364.SZ,20260429,144700,28.33,4099351.0,28.54,0.0219101,0.287311,66042.5
300365.SZ,20260429,90400,5.7,515280.0,5.71,0.0176658,0.517538,51172.5
300366.SZ,20260429,1477000,5.5,8123500.0,5.12,0.278415,12.3129,53050.2
300368.SZ,20260429,25200,10.08,254016.0,10.08,0.00476421,0.17634,52894.3
300369.SZ,20260429,617100,7.44,4591224.0,7.83,0.0764019,2.64936,80770.3
300370.SZ,20260429,34000,2.55,86700.0,2.54,0.00217744,0.13388,156147.0
300371.SZ,20260429,11300,13.08,147804.0,13.08,0.00807168,0.378654,13999.6
300373.SZ,20260429,78700,77.15,6071705.0,77.79,0.0145166,0.452105,54213.8
300374.SZ,20260429,4000,13.61,54440.0,13.73,0.00162679,0.133685,24588.3
300375.SZ,20260429,147100,4.72,694312.0,4.75,0.0278468,1.16982,52824.8
300376.SZ,20260429,309000,5.88,1816920.0,6.0,0.0132764,1.36347,232743.0
300377.SZ,20260429,47800,16.4,783920.0,16.51,0.00691829,0.227353,69092.2
300378.SZ,20260429,70225,38.58,2709280.5,39.01,0.0260565,0.604304,26951.0
300380.SZ,20260429,53500,34.56,1848960.0,32.92,0.0420051,2.28782,12736.6
300381.SZ,20260429,114600,6.53,748338.0,6.36,0.0234193,1.18775,48934.1
300382.SZ,20260429,439700,15.0,6595500.0,15.54,0.0678195,0.981644,64833.8
300383.SZ,20260429,2005700,15.59,31268863.0,15.59,0.111828,1.31035,179355.0
300384.SZ,20260429,203000,13.98,2837940.0,14.2,0.0922251,4.30122,22011.3
300385.SZ,20260429,104100,14.85,1545885.0,15.07,0.0358147,0.539304,29066.3
300386.SZ,20260429,6900,12.4,85560.0,12.48,0.00275166,0.0934541,25075.8
300387.SZ,20260429,19100,9.0,171900.0,9.01,0.00660999,0.155747,28895.7
300388.SZ,20260429,6700,8.11,54337.0,8.2,0.000983786,0.0667032,68104.2
300389.SZ,20260429,76500,16.99,1299735.0,17.29,0.0348619,0.746632,21943.7
300390.SZ,20260429,217700,92.0,20028400.0,92.99,0.0323829,0.312536,67226.8
300393.SZ,20260429,82400,9.6,791040.0,9.63,0.0086201,0.191764,95590.5
300394.SZ,20260429,203500,305.0,62067500.0,309.8,0.0261704,0.436303,77759.7
300395.SZ,20260429,124600,105.6,13157760.0,107.09,0.0243594,0.328963,51150.7
300396.SZ,20260429,6800,11.21,76228.0,11.29,0.00249734,0.242258,27229.0
300397.SZ,20260429,127900,12.58,1608982.0,12.54,0.0313355,0.453254,40816.3
300398.SZ,20260429,200500,30.82,6179410.0,31.55,0.0355591,0.361667,56385.0
300399.SZ,20260429,16300,21.1,343930.0,21.36,0.00824979,0.371683,19758.1
300400.SZ,20260429,13200,25.09,331188.0,25.05,0.00545874,0.075265,24181.4
300401.SZ,20260429,45300,13.1,593430.0,13.15,0.00846886,0.44572,53490.1
300402.SZ,20260429,300,18.09,5427.0,18.09,0.000123143,0.00862259,24361.8
300403.SZ,20260429,17800,10.69,190282.0,10.72,0.00416804,0.16064,42705.9
300404.SZ,20260429,241800,10.53,2546154.0,10.62,0.0847108,1.54487,28544.2
300405.SZ,20260429,74000,6.33,468420.0,6.22,0.0338172,1.00402,21882.3
300406.SZ,20260429,44200,12.46,550732.0,12.31,0.0104166,0.491503,42432.2
300407.SZ,20260429,4100,12.86,52726.0,12.89,0.00158349,0.0585492,25892.1
300408.SZ,20260429,348300,81.28,28309824.0,81.68,0.0186276,0.828944,186980.0
300409.SZ,20260429,84900,26.13,2218437.0,26.39,0.0123492,0.272997,68749.3
300410.SZ,20260429,62500,9.8,612500.0,9.87,0.0170246,0.258242,36711.5
300411.SZ,20260429,7900,10.18,80422.0,10.12,0.00255568,0.187208,30911.6
300412.SZ,20260429,12800,5.13,65664.0,5.13,0.00273585,0.0872846,46786.2
300413.SZ,20260429,93200,19.44,1811808.0,19.54,0.00912205,0.507558,102170.0
300414.SZ,20260429,19600,14.16,277536.0,14.15,0.0062512,0.168206,31354.0
300415.SZ,20260429,9900,23.27,230373.0,23.25,0.00218499,0.127253,45309.2
300416.SZ,20260429,100100,16.59,1660659.0,16.7,0.0198236,0.479047,50495.4
300417.SZ,20260429,23000,13.53,311190.0,13.48,0.0275151,0.573534,8359.04
300418.SZ,20260429,663048,49.57,32867289.36,49.6,0.052854,1.30534,125449.0
300419.SZ,20260429,151800,6.67,1012506.0,6.68,0.0412776,0.788198,36775.4
300420.SZ,20260429,324900,3.57,1159893.0,3.58,0.0291057,1.55642,111627.0
300421.SZ,20260429,75300,22.5,1694250.0,22.86,0.0326902,0.891598,23034.4
300422.SZ,20260429,549300,5.52,3032136.0,5.62,0.106312,1.3049,51668.8
300423.SZ,20260429,22400,7.51,168224.0,7.58,0.0067229,0.205018,33319.0
300424.SZ,20260429,151300,18.2,2753660.0,18.03,0.0616819,1.41816,24529.1
300425.SZ,20260429,6800,5.0,34000.0,4.99,0.000998915,0.0790944,68073.8
300426.SZ,20260429,30800,7.35,226380.0,7.34,0.0077,0.468791,40000.0
300427.SZ,20260429,109200,10.65,1162980.0,10.76,0.0217095,0.387435,50300.5
300428.SZ,20260429,349800,20.71,7244358.0,19.52,0.0586164,4.42816,59676.1
300429.SZ,20260429,296300,13.51,4003013.0,14.18,0.0739886,1.97678,40046.7
300430.SZ,20260429,28000,16.61,465080.0,16.8,0.0107753,0.505894,25985.4
300432.SZ,20260429,799280,24.7,19742216.0,26.14,0.0472791,1.31853,169056.0
300433.SZ,20260429,241000,25.37,6114170.0,25.62,0.00484939,0.335074,496970.0
300434.SZ,20260429,138000,11.21,1546980.0,11.33,0.0403373,0.460546,34211.5
300435.SZ,20260429,347900,24.36,8474844.0,24.98,0.0943293,1.39867,36881.4
300436.SZ,20260429,84000,110.67,9296280.0,106.86,0.0614386,0.979005,13672.2
300437.SZ,20260429,15900,15.45,245655.0,15.63,0.00915105,0.121687,17375.1
300438.SZ,20260429,809400,66.83,54092202.0,67.5,0.200265,2.29545,40416.4
300439.SZ,20260429,22600,9.78,221028.0,9.66,0.00773093,0.816241,29233.2
300440.SZ,20260429,15300,16.8,257040.0,16.8,0.00349457,0.10793,43782.2
300441.SZ,20260429,6000,6.89,41340.0,6.94,0.000958567,0.110573,62593.4
300442.SZ,20260429,235800,87.38,20604204.0,88.31,0.0144678,0.423038,162982.0
300443.SZ,20260429,25900,29.72,769748.0,30.0,0.0106684,0.194733,24277.4
300444.SZ,20260429,405000,16.3,6601500.0,16.72,0.0651705,0.378981,62144.7
300445.SZ,20260429,4500,21.14,95130.0,21.23,0.00320166,0.101285,14055.2
300446.SZ,20260429,62100,18.6,1155060.0,18.68,0.0166238,0.399161,37356.0
300447.SZ,20260429,3200,19.13,61216.0,19.16,0.00158846,0.0225917,20145.3
300448.SZ,20260429,63300,7.51,475383.0,7.57,0.00985111,0.182104,64256.7
300449.SZ,20260429,101600,7.35,746760.0,7.24,0.0263188,1.17558,38603.6
300450.SZ,20260429,1616500,52.99,85658335.0,55.36,0.103661,2.60616,155941.0
300451.SZ,20260429,304800,4.26,1298448.0,4.34,0.0199647,1.25657,152669.0
300452.SZ,20260429,8200,13.99,114718.0,13.99,0.00412828,0.117124,19863.0
300453.SZ,20260429,30900,10.08,311472.0,10.16,0.00858668,0.160624,35986.0
300454.SZ,20260429,52400,113.19,5931156.0,114.67,0.0181943,0.355294,28800.3
300455.SZ,20260429,21700,25.0,542500.0,24.91,0.00306228,0.147315,70862.2
300456.SZ,20260429,275050,44.76,12311238.0,45.58,0.0460374,0.35767,59744.9
300457.SZ,20260429,37000,27.0,999000.0,27.1,0.00582818,0.217623,63484.6
300458.SZ,20260429,313800,41.01,12868938.0,41.82,0.0475512,0.673109,65992.0
300459.SZ,20260429,3380900,3.98,13455982.0,3.88,0.102851,4.21533,328719.0
300460.SZ,20260429,43700,9.21,402477.0,9.16,0.0155624,0.365628,28080.4
300461.SZ,20260429,146400,54.0,7905600.0,56.05,0.101877,1.36388,14370.3
300462.SZ,20260429,19400,13.26,257244.0,13.38,0.0140545,0.481805,13803.4
300463.SZ,20260429,93800,10.37,972706.0,10.43,0.0190728,1.89557,49180.0
300464.SZ,20260429,42000,7.94,333480.0,7.98,0.0118196,0.378297,35534.3
300465.SZ,20260429,5000,13.77,68850.0,13.85,0.00112676,0.0487576,44374.9
300466.SZ,20260429,9000,8.95,80550.0,8.96,0.00200503,0.0682236,44887.2
300467.SZ,20260429,164900,38.24,6305776.0,38.25,0.0968736,1.49358,17022.2
300468.SZ,20260429,167800,27.41,4599398.0,27.9,0.0316729,0.865695,52979.0
300469.SZ,20260429,142774,51.52,7355716.48,52.5,0.0575162,1.32944,24823.3
300470.SZ,20260429,5200,33.2,172640.0,33.26,0.00263766,0.098707,19714.4
300471.SZ,20260429,5300,12.13,64289.0,12.17,0.00144591,0.0475929,36655.2
300472.SZ,20260429,5000,8.16,40800.0,8.18,0.00203297,0.0661521,24594.5
300473.SZ,20260429,36500,34.05,1242825.0,33.94,0.0243252,0.856379,15005.0
300474.SZ,20260429,40600,61.51,2497306.0,62.12,0.00998834,0.380084,40647.4
300475.SZ,20260429,530669,169.06,89714901.14,171.61,0.11915,1.13061,44538.0
300476.SZ,20260429,1489172,306.0,455686632.0,313.06,0.17212,3.50758,86519.5
300477.SZ,20260429,1290100,2.4,3096240.0,2.23,0.130201,2.18105,99085.1
300478.SZ,20260429,2800,29.74,83272.0,29.74,0.00221042,0.0564175,12667.3
300479.SZ,20260429,5000,16.85,84250.0,16.94,0.00253899,0.0660266,19692.8
300480.SZ,20260429,103300,37.2,3842760.0,37.46,0.0382363,0.456436,27016.2
300481.SZ,20260429,39800,15.1,600980.0,15.28,0.0137206,0.481726,29007.6
300482.SZ,20260429,11800,18.55,218890.0,18.65,0.00274373,0.135245,43007.1
300483.SZ,20260429,158700,21.88,3472356.0,22.3,0.0415797,0.429188,38167.6
300484.SZ,20260429,3300,16.13,53229.0,16.28,0.00198374,0.0689144,16635.3
300485.SZ,20260429,214900,11.23,2413327.0,11.47,0.078483,2.60403,27381.7
300486.SZ,20260429,54900,23.41,1285209.0,23.51,0.0115093,0.444842,47700.6
300487.SZ,20260429,22600,64.03,1447078.0,64.77,0.0073372,0.441553,30801.9
300488.SZ,20260429,17500,29.41,514675.0,29.61,0.0107856,0.361684,16225.3
300489.SZ,20260429,55300,94.24,5211472.0,95.55,0.0398851,0.33373,13864.8
300490.SZ,20260429,152800,18.61,2843608.0,18.74,0.0388554,0.382942,39325.3
300491.SZ,20260429,19900,24.6,489540.0,24.58,0.0127573,0.24869,15599.0
300492.SZ,20260429,35060,51.1,1791566.0,51.47,0.0178258,1.53789,19668.1
300493.SZ,20260429,49800,15.65,779370.0,15.78,0.00983002,0.476382,50661.1
300494.SZ,20260429,2600,11.1,28860.0,11.1,0.000652696,0.0210959,39834.8
300496.SZ,20260429,45500,63.55,2891525.0,63.52,0.0123433,0.262129,36862.1
300497.SZ,20260429,225100,19.25,4333175.0,19.2,0.0497414,0.438875,45254.0
300498.SZ,20260429,309200,15.75,4869900.0,15.73,0.00519725,0.592882,594930.0
300499.SZ,20260429,121900,38.81,4730939.0,39.19,0.0449139,0.357054,27140.8
300500.SZ,20260429,549500,11.44,6286280.0,11.0,0.327868,10.6304,16759.8
300501.SZ,20260429,52400,13.38,701112.0,13.5,0.0367269,0.485963,14267.5
300502.SZ,20260429,285033,529.0,150782457.0,535.46,0.0321929,0.553435,88539.1
300503.SZ,20260429,94000,64.0,6016000.0,65.0,0.0390082,0.372804,24097.5
300504.SZ,20260429,32700,17.15,560805.0,17.32,0.0149827,0.20793,21825.2
300505.SZ,20260429,38100,25.12,957072.0,25.24,0.0175284,0.222681,21736.1
300506.SZ,20260429,88500,4.94,437190.0,4.94,0.0120458,1.38671,73469.6
300507.SZ,20260429,29100,7.93,230763.0,7.98,0.00375488,0.189541,77499.2
300508.SZ,20260429,5100,32.05,163455.0,32.18,0.00623022,0.115389,8185.91
300509.SZ,20260429,15100,11.26,170026.0,11.33,0.0061108,0.14674,24710.4
300510.SZ,20260429,24200,4.04,97768.0,4.05,0.00293443,0.121101,82469.1
300511.SZ,20260429,671400,7.58,5089212.0,7.58,0.122966,1.3027,54600.3
300512.SZ,20260429,62700,8.81,552387.0,8.89,0.0193574,1.69005,32390.7
300513.SZ,20260429,67600,8.62,582712.0,8.72,0.0234496,1.24446,28827.8
300514.SZ,20260429,22300,12.11,270053.0,12.14,0.013915,0.313298,16025.8
300515.SZ,20260429,700,16.84,11788.0,16.92,0.000346951,0.0250978,20175.8
300516.SZ,20260429,2500,50.0,125000.0,50.26,0.00138889,0.0417842,18000.0
300517.SZ,20260429,12500,12.09,151125.0,12.18,0.00990145,0.268417,12624.4
300518.SZ,20260429,123900,23.76,2943864.0,24.0,0.062145,0.898836,19937.2
300519.SZ,20260429,6000,16.0,96000.0,16.07,0.00525855,0.173322,11410.0
300520.SZ,20260429,15800,33.38,527404.0,33.28,0.00559849,0.136193,28221.9
300521.SZ,20260429,1200,28.88,34656.0,28.77,0.000801443,0.0391661,14973.0
300522.SZ,20260429,9200,13.02,119784.0,13.13,0.00349669,0.158198,26310.6
300523.SZ,20260429,900,23.18,20862.0,23.28,0.000387333,0.0229104,23235.8
300525.SZ,20260429,100100,9.85,985985.0,9.67,0.0160911,0.80981,62208.3
300527.SZ,20260429,544400,8.19,4458636.0,8.36,0.0535421,5.36779,101677.0
300528.SZ,20260429,8000,15.54,124320.0,15.53,0.00214703,0.063269,37260.8
300529.SZ,20260429,90600,19.31,1749486.0,19.23,0.0176787,1.11578,51248.2
300530.SZ,20260429,13800,23.11,318918.0,23.39,0.00802553,0.411126,17195.1
300531.SZ,20260429,75300,19.02,1432206.0,19.26,0.024165,0.498671,31160.8
300532.SZ,20260429,47200,11.22,529584.0,11.21,0.0109273,0.460859,43194.4
300533.SZ,20260429,254900,27.65,7047985.0,28.98,0.154509,1.47921,16497.4
300534.SZ,20260429,22300,9.48,211404.0,9.48,0.00738285,0.342286,30205.1
300535.SZ,20260429,40100,18.82,754682.0,18.88,0.0494079,1.23772,8116.1
300536.SZ,20260429,78200,8.78,686596.0,8.78,0.0266651,0.890253,29326.7
300537.SZ,20260429,20800,22.71,472368.0,23.03,0.0137054,0.407967,15176.4
300538.SZ,20260429,19900,16.32,324768.0,16.32,0.0164483,0.49966,12098.5
300539.SZ,20260429,74900,27.92,2091208.0,28.26,0.0343754,0.692846,21788.8
300540.SZ,20260429,746100,35.65,26598465.0,36.12,0.36091,1.97577,20672.7
300541.SZ,20260429,30900,12.18,376362.0,12.24,0.0079955,0.167056,38646.7
300542.SZ,20260429,41800,15.0,627000.0,15.11,0.0168833,1.15345,24758.2
300543.SZ,20260429,6000,9.3,55800.0,9.3,0.00239809,0.0721101,25019.9
300545.SZ,20260429,31700,33.05,1047685.0,33.3,0.0265141,0.363119,11955.9
300546.SZ,20260429,1700,19.6,33320.0,19.69,0.00126947,0.0329309,13391.4
300547.SZ,20260429,164800,36.9,6081120.0,37.7,0.0924681,0.914584,17822.4
300548.SZ,20260429,105100,246.08,25863008.0,246.96,0.03903,0.564775,26928.0
300549.SZ,20260429,7600,17.8,135280.0,17.76,0.00752072,0.323241,10105.4
300550.SZ,20260429,229700,12.95,2974615.0,12.98,0.0875713,2.12943,26230.1
300551.SZ,20260429,17800,13.54,241012.0,13.62,0.00524961,0.166478,33907.3
300552.SZ,20260429,26700,25.81,689127.0,26.04,0.0197649,0.358576,13508.8
300553.SZ,20260429,6900,44.77,308913.0,44.05,0.00812765,0.159236,8489.54
300554.SZ,20260429,57400,23.92,1373008.0,23.15,0.072571,2.00453,7909.49
300555.SZ,20260429,21200,13.47,285564.0,13.46,0.0107079,0.978233,19798.5
300556.SZ,20260429,25500,19.08,486540.0,19.26,0.0235009,0.413301,10850.6
300557.SZ,20260429,10300,34.3,353290.0,34.82,0.00862736,0.22993,11938.8
300558.SZ,20260429,65300,49.01,3200353.0,49.52,0.0155701,0.347267,41939.3
300559.SZ,20260429,80200,13.47,1080294.0,13.67,0.0257764,0.234506,31113.7
300560.SZ,20260429,55800,13.9,775620.0,14.23,0.0298452,0.623563,18696.5
300561.SZ,20260429,51900,17.32,898908.0,17.51,0.0215301,0.433415,24105.8
300562.SZ,20260429,34500,14.15,488175.0,14.15,0.0211713,0.262722,16295.7
300563.SZ,20260429,9700,32.19,312243.0,32.46,0.0075695,0.276198,12814.6
300564.SZ,20260429,117000,15.66,1832220.0,15.65,0.103364,3.38742,11319.2
300565.SZ,20260429,11800,12.59,148562.0,12.55,0.00517079,0.0724993,22820.5
300566.SZ,20260429,31700,18.53,587401.0,18.53,0.0139844,0.663924,22668.0
300567.SZ,20260429,53400,138.83,7413522.0,137.74,0.0235192,0.408444,22704.9
300568.SZ,20260429,183500,15.7,2880950.0,15.78,0.0151833,0.222367,120856.0
300569.SZ,20260429,46700,6.15,287205.0,6.18,0.00458005,0.118269,101964.0
300570.SZ,20260429,126200,140.0,17668000.0,142.62,0.0656632,0.412604,19219.3
300571.SZ,20260429,596200,38.29,22828498.0,38.9,0.515578,3.77956,11563.7
300572.SZ,20260429,5400,28.76,155304.0,28.77,0.0029412,0.101269,18359.9
300573.SZ,20260429,34700,70.05,2430735.0,70.68,0.0183362,0.388683,18924.3
300575.SZ,20260429,39600,6.6,261360.0,6.65,0.011555,0.172459,34270.8
300576.SZ,20260429,31700,37.71,1195407.0,38.28,0.013761,0.193567,23036.1
300577.SZ,20260429,28800,19.42,559296.0,19.6,0.0202582,1.7952,14216.5
300578.SZ,20260429,200,21.0,4200.0,21.05,0.0001009,0.00300906,19821.6
300579.SZ,20260429,8600,25.88,222568.0,26.02,0.00330168,0.2478,26047.3
300580.SZ,20260429,12700,28.31,359537.0,28.31,0.0026873,0.073809,47259.2
300581.SZ,20260429,52800,11.96,631488.0,11.94,0.00959809,0.581335,55011.0
300582.SZ,20260429,335900,15.86,5327374.0,15.93,0.151604,1.50728,22156.5
300583.SZ,20260429,31800,14.48,460464.0,14.35,0.0170831,1.03087,18614.9
300584.SZ,20260429,10700,40.62,434634.0,40.9,0.0130313,0.327323,8210.99
300585.SZ,20260429,35600,19.86,707016.0,19.85,0.0208052,0.337989,17111.1
300586.SZ,20260429,450200,11.67,5253834.0,11.79,0.084213,1.31036,53459.6
300587.SZ,20260429,96100,5.95,571795.0,6.01,0.00912967,0.259183,105261.0
300588.SZ,20260429,77100,24.63,1898973.0,25.07,0.0436032,1.37223,17682.2
300589.SZ,20260429,76000,16.18,1229680.0,16.34,0.0324192,0.305525,23442.9
300590.SZ,20260429,239200,14.42,3449264.0,14.73,0.0674964,0.439931,35438.9
300591.SZ,20260429,148600,7.67,1139762.0,7.72,0.0424033,0.515021,35044.5
300592.SZ,20260429,19200,13.15,252480.0,13.02,0.0055035,0.15034,34886.9
300593.SZ,20260429,59500,28.56,1699320.0,28.69,0.0132145,0.249582,45026.4
300594.SZ,20260429,0,,0.0,22.88,0.0,0.0,9099.81
300595.SZ,20260429,29800,14.41,429418.0,14.36,0.00445778,0.231997,66849.5
300596.SZ,20260429,132500,44.65,5916125.0,45.05,0.0577041,1.73799,22962.0
300597.SZ,20260429,49300,9.35,460955.0,9.41,0.0181669,1.05329,27137.2
300598.SZ,20260429,38200,36.6,1398120.0,36.89,0.0176101,0.555343,21692.1
300599.SZ,20260429,239200,11.64,2784288.0,11.66,0.0756919,1.56896,31601.8
300600.SZ,20260429,129700,12.74,1652378.0,12.73,0.0440805,0.780391,29423.4
300601.SZ,20260429,66200,14.13,935406.0,14.16,0.0073525,0.287834,90037.4
300602.SZ,20260429,72400,35.36,2560064.0,35.71,0.0183104,0.270816,39540.4
300603.SZ,20260429,60700,10.4,631280.0,10.42,0.0162329,0.157127,37393.1
300604.SZ,20260429,274794,178.84,49144158.96,179.31,0.056141,0.978378,48947.1
300605.SZ,20260429,154900,12.64,1957936.0,12.64,0.122565,1.81057,12638.2
300606.SZ,20260429,114500,36.67,4198715.0,36.97,0.0973023,0.931286,11767.4
300607.SZ,20260429,87200,28.3,2467760.0,28.42,0.0258371,0.348297,33749.9
300608.SZ,20260429,53200,13.23,703836.0,13.28,0.0184994,0.304388,28757.7
300609.SZ,20260429,39700,40.01,1588397.0,40.48,0.0331029,0.710024,11992.9
300610.SZ,20260429,6800,12.2,82960.0,12.17,0.0040567,0.181959,16762.4
300611.SZ,20260429,2400,25.1,60240.0,25.21,0.00161831,0.0440741,14830.3
300612.SZ,20260429,25400,14.44,366776.0,14.36,0.0141206,0.402334,17987.9
300613.SZ,20260429,441200,60.45,26670540.0,60.73,0.200911,1.74933,21960.0
300614.SZ,20260429,42100,13.38,563298.0,13.71,0.0262402,0.876263,16044.1
300615.SZ,20260429,15500,13.33,206615.0,13.45,0.0102457,0.187111,15128.3
300616.SZ,20260429,90500,14.5,1312250.0,14.67,0.058384,0.577275,15500.8
300617.SZ,20260429,171600,60.8,10433280.0,62.51,0.123521,1.94724,13892.4
300618.SZ,20260429,18000,45.55,819900.0,45.53,0.00660559,0.13196,27249.7
300619.SZ,20260429,7000,39.9,279300.0,39.99,0.0047786,0.0469548,14648.6
300620.SZ,20260429,59300,233.18,13827574.0,238.7,0.0239981,0.276792,24710.3
300621.SZ,20260429,29300,8.8,257840.0,8.81,0.0144671,0.598703,20252.9
300622.SZ,20260429,84500,24.68,2085460.0,24.91,0.0542457,1.73954,15577.3
300623.SZ,20260429,62500,28.51,1781875.0,28.74,0.00814484,0.261606,76735.7
300624.SZ,20260429,14200,64.0,908800.0,64.0,0.00829278,0.172107,17123.3
300625.SZ,20260429,9000,11.55,103950.0,11.72,0.00555652,0.349457,16197.2
300626.SZ,20260429,19300,26.0,501800.0,25.98,0.0107281,0.221374,17990.2
300627.SZ,20260429,18400,31.99,588616.0,32.02,0.002839,0.128465,64811.6
300628.SZ,20260429,26000,36.65,952900.0,36.8,0.00358247,0.186742,72575.5
300629.SZ,20260429,55000,24.75,1361250.0,24.75,0.0253703,0.451888,21678.9
300631.SZ,20260429,12400,26.75,331700.0,26.84,0.0102496,0.399487,12098.0
300632.SZ,20260429,2332309,20.39,47555780.51,16.99,1.05441,10.2761,22119.6
300633.SZ,20260429,133700,24.48,3272976.0,25.65,0.0498897,2.24141,26799.1
300634.SZ,20260429,343400,23.27,7990918.0,25.63,0.0790746,2.93947,43427.4
300635.SZ,20260429,16900,13.78,232882.0,13.75,0.0140349,0.445309,12041.4
300636.SZ,20260429,23400,7.85,183690.0,7.92,0.00636981,0.398793,36735.8
300637.SZ,20260429,172700,11.08,1913516.0,11.79,0.0736445,3.74599,23450.5
300638.SZ,20260429,35000,22.52,788200.0,22.55,0.00659819,0.157344,53044.9
300639.SZ,20260429,271300,6.06,1644078.0,5.93,0.0427134,1.48643,63516.4
300640.SZ,20260429,29300,7.14,209202.0,7.09,0.013273,0.325466,22074.9
300641.SZ,20260429,53300,17.35,924755.0,17.45,0.0101419,0.301191,52554.5
300642.SZ,20260429,17000,16.11,273870.0,16.12,0.0123451,0.524861,13770.7
300643.SZ,20260429,38000,18.02,684760.0,18.16,0.0164698,0.734477,23072.6
300644.SZ,20260429,12300,27.47,337881.0,27.27,0.0138854,0.336404,8858.24
300645.SZ,20260429,49800,16.56,824688.0,16.89,0.0357449,1.70856,13932.0
300647.SZ,20260429,165600,6.88,1139328.0,6.82,0.0362647,1.02875,45664.2
300648.SZ,20260429,1100,47.62,52382.0,47.91,0.000829019,0.0387205,13268.7
300649.SZ,20260429,45700,19.03,869671.0,19.06,0.0430669,0.338141,10611.4
300650.SZ,20260429,31000,15.34,475540.0,15.54,0.0181983,0.453379,17034.5
300651.SZ,20260429,58100,30.11,1749391.0,30.41,0.0562019,0.413323,10337.7
300652.SZ,20260429,30600,39.0,1193400.0,39.32,0.0255601,1.5319,11971.8
300653.SZ,20260429,100,18.41,1841.0,18.51,5.55556e-05,0.0048561,18000.0
300654.SZ,20260429,3500,10.9,38150.0,10.95,0.000992524,0.0200601,35263.6
300655.SZ,20260429,399300,14.57,5817801.0,14.67,0.0374266,0.778502,106689.0
300656.SZ,20260429,100100,24.33,2435433.0,24.88,0.075321,2.03394,13289.8
300657.SZ,20260429,422400,34.5,14572800.0,35.79,0.0901593,0.961299,46850.4
300658.SZ,20260429,47700,20.78,991206.0,21.03,0.021599,0.231012,22084.4
300659.SZ,20260429,6600,12.66,83556.0,12.63,0.00348766,0.103031,18923.9
300660.SZ,20260429,40600,40.98,1663788.0,41.13,0.00908728,0.763762,44677.9
300661.SZ,20260429,136600,86.0,11747600.0,88.35,0.0228036,0.301571,59902.9
300662.SZ,20260429,26700,24.6,656820.0,24.5,0.0136061,0.573998,19623.5
300663.SZ,20260429,17300,12.34,213482.0,12.35,0.00376367,0.156927,45965.7
300664.SZ,20260429,79500,5.6,445200.0,5.63,0.0105651,0.344401,75247.6
300665.SZ,20260429,67000,8.07,540690.0,8.06,0.0307239,0.995395,21807.1
300666.SZ,20260429,288449,168.0,48459432.0,179.37,0.130452,2.11094,22111.6
300667.SZ,20260429,107900,18.76,2024204.0,19.07,0.0625034,0.945447,17263.0
300668.SZ,20260429,10100,61.25,618625.0,60.83,0.010131,0.162838,9969.39
300669.SZ,20260429,1500,32.19,48285.0,31.93,0.000821918,0.117236,18250.0
300670.SZ,20260429,56500,6.83,385895.0,6.84,0.0251453,0.565924,22469.4
300671.SZ,20260429,41400,44.02,1822428.0,44.49,0.0187548,0.245791,22074.3
300672.SZ,20260429,95500,175.0,16712500.0,178.99,0.0454032,0.80133,21033.8
300673.SZ,20260429,7400,15.65,115810.0,15.67,0.0046125,0.137009,16043.3
300674.SZ,20260429,165800,19.18,3180044.0,19.57,0.0235842,1.64661,70301.2
300675.SZ,20260429,19800,16.09,318582.0,16.08,0.0135,0.540601,14666.7
300676.SZ,20260429,20400,40.31,822324.0,40.28,0.00490331,0.319587,41604.6
300677.SZ,20260429,11300,57.07,644891.0,57.28,0.00242691,0.0617719,46561.3
300678.SZ,20260429,12800,27.81,355968.0,28.0,0.00439565,0.218021,29119.7
300679.SZ,20260429,136200,45.92,6254304.0,45.92,0.0378921,0.504885,35944.1
300680.SZ,20260429,24800,38.65,958520.0,38.98,0.0141039,0.310397,17583.8
300681.SZ,20260429,30700,30.5,936350.0,30.75,0.0133019,0.192204,23079.5
300682.SZ,20260429,119600,13.71,1639716.0,13.69,0.0115967,0.436314,103132.0
300683.SZ,20260429,47400,35.0,1659000.0,35.3,0.0388321,0.4521,12206.4
300684.SZ,20260429,291700,55.43,16168931.0,58.0,0.142778,2.17071,20430.3
300685.SZ,20260429,71800,20.5,1471900.0,20.54,0.0184305,0.686413,38957.2
300686.SZ,20260429,71000,18.0,1278000.0,18.19,0.0417834,0.393523,16992.4
300687.SZ,20260429,59300,24.24,1437432.0,24.47,0.0180196,0.265004,32908.6
300688.SZ,20260429,6200,24.04,149048.0,24.05,0.0041785,0.126734,14837.8
300689.SZ,20260429,3000,51.2,153600.0,51.7,0.00296495,0.127997,10118.2
300690.SZ,20260429,11100,28.03,311133.0,28.3,0.0100133,0.176565,11085.3
300691.SZ,20260429,13300,16.31,216923.0,16.41,0.00602524,0.181578,22073.8
300692.SZ,20260429,40000,8.88,355200.0,8.88,0.00779572,0.137019,51310.2
300693.SZ,20260429,22400,46.16,1033984.0,46.22,0.00833169,0.132715,26885.3
300694.SZ,20260429,10000,12.46,124600.0,12.54,0.00461289,0.113545,21678.4
300695.SZ,20260429,0,,0.0,59.55,0.0,0.0,10225.7
300696.SZ,20260429,15800,38.29,604982.0,38.29,0.0059399,0.145991,26599.8
300697.SZ,20260429,12000,15.61,187320.0,15.67,0.00362275,0.164508,33124.0
300698.SZ,20260429,9200,37.74,347208.0,37.72,0.0077607,0.117915,11854.6
300699.SZ,20260429,51000,32.15,1639650.0,32.36,0.00620883,0.190064,82141.1
300700.SZ,20260429,27000,16.8,453600.0,16.78,0.00997745,0.221021,27061.0
300701.SZ,20260429,43300,11.63,503579.0,11.64,0.0173811,0.904485,24912.2
300702.SZ,20260429,4400,21.19,93236.0,21.24,0.00209116,0.123095,21041.0
300703.SZ,20260429,8300,17.3,143590.0,17.36,0.00499181,0.0876879,16627.2
300705.SZ,20260429,13900,12.81,178059.0,12.84,0.00376808,0.219834,36888.8
300706.SZ,20260429,125800,39.9,5019420.0,41.62,0.110744,0.825166,11359.6
300707.SZ,20260429,27000,14.93,403110.0,14.97,0.018518,0.297656,14580.4
300708.SZ,20260429,88500,8.65,765525.0,8.71,0.0124645,0.22557,71001.4
300709.SZ,20260429,16400,38.23,626972.0,38.61,0.0109863,0.221485,14927.7
300710.SZ,20260429,11800,31.37,370166.0,31.49,0.0158219,0.218808,7458.0
300711.SZ,20260429,88200,21.5,1896300.0,22.95,0.0355036,1.7752,24842.6
300712.SZ,20260429,2600,27.12,70512.0,27.1,0.00139231,0.0673678,18674.0
300713.SZ,20260429,13000,16.68,216840.0,16.84,0.0150505,0.337033,8637.56
300715.SZ,20260429,32700,14.0,457800.0,13.99,0.0104487,0.427055,31295.9
300716.SZ,20260429,5300,13.83,73299.0,13.91,0.00331209,0.123018,16002.0
300717.SZ,20260429,16200,21.37,346194.0,21.35,0.0159052,0.756861,10185.3
300718.SZ,20260429,17300,67.4,1166020.0,68.04,0.00879703,0.538591,19665.7
300719.SZ,20260429,49800,15.02,747996.0,15.29,0.0277252,1.12238,17962.0
300720.SZ,20260429,170800,63.83,10902164.0,65.22,0.0977945,1.1666,17465.2
300721.SZ,20260429,343800,22.0,7563600.0,22.06,0.248497,1.02613,13835.2
300722.SZ,20260429,11900,27.6,328440.0,27.93,0.00429981,0.286326,27675.6
300723.SZ,20260429,176200,38.71,6820702.0,38.71,0.0420336,0.777032,41918.9
300724.SZ,20260429,36900,86.8,3202920.0,87.35,0.0128252,0.153505,28771.4
300725.SZ,20260429,95000,40.08,3807600.0,40.7,0.0468642,0.938391,20271.3
300726.SZ,20260429,225700,49.45,11160865.0,49.41,0.105252,2.2115,21443.8
300727.SZ,20260429,500,33.63,16815.0,33.44,0.000308434,0.0178434,16210.9
300729.SZ,20260429,12300,12.33,151659.0,12.33,0.00374904,0.309723,32808.4
300730.SZ,20260429,16800,13.2,221760.0,13.34,0.00812554,0.268702,20675.5
300731.SZ,20260429,142700,67.32,9606564.0,69.15,0.118739,1.64568,12017.9
300732.SZ,20260429,17900,7.3,130670.0,7.31,0.00483588,0.131929,37015.0
300733.SZ,20260429,14500,17.63,255635.0,17.65,0.0064298,0.28976,22551.2
300735.SZ,20260429,61119,20.75,1268219.25,20.78,0.0080694,0.450325,75741.7
300736.SZ,20260429,44000,26.27,1155880.0,26.23,0.0352826,0.336325,12470.7
300737.SZ,20260429,174000,6.98,1214520.0,7.01,0.0196191,0.47429,88689.2
300738.SZ,20260429,706800,23.97,16941996.0,23.35,0.071765,0.763603,98488.1
300739.SZ,20260429,54600,27.28,1489488.0,27.54,0.015911,0.20606,34315.8
300740.SZ,20260429,59000,24.85,1466150.0,24.85,0.0163298,0.350695,36130.3
300741.SZ,20260429,6300,16.61,104643.0,16.75,0.00102293,0.207542,61587.7
300743.SZ,20260429,5500,19.18,105490.0,19.3,0.00431674,0.14598,12741.1
300745.SZ,20260429,259300,31.0,8038300.0,30.14,0.182206,3.7798,14231.2
300746.SZ,20260429,16200,12.5,202500.0,12.61,0.00724685,0.443825,22354.5
300747.SZ,20260429,75900,33.8,2565420.0,34.05,0.0145408,0.300036,52197.8
300748.SZ,20260429,39800,31.21,1242158.0,30.98,0.00352203,0.149976,113003.0
300749.SZ,20260429,13400,22.74,304716.0,22.89,0.00851358,0.170499,15739.6
300750.SZ,20260429,459100,432.0,198331200.0,427.67,0.010785,1.21409,425685.0
300751.SZ,20260429,119500,218.98,26168110.0,222.98,0.0618042,1.36702,19335.2
300752.SZ,20260429,27800,18.62,517636.0,18.63,0.0176772,0.490201,15726.5
300753.SZ,20260429,10100,26.48,267448.0,26.5,0.0114911,0.295253,8789.4
300755.SZ,20260429,56100,13.3,746130.0,13.14,0.0134711,1.32095,41644.6
300756.SZ,20260429,1900,54.0,102600.0,53.95,0.00144786,0.0420172,13122.8
300757.SZ,20260429,140796,483.0,68004468.0,506.05,0.0934573,1.95871,15065.3
300758.SZ,20260429,78900,13.66,1077774.0,13.81,0.0219324,0.216547,35974.2
300759.SZ,20260429,445000,30.5,13572500.0,30.92,0.0313373,1.4715,142003.0
300760.SZ,20260429,153700,162.3,24945510.0,161.11,0.0126878,1.62639,121140.0
300761.SZ,20260429,30200,21.74,656548.0,21.74,0.00480882,0.263883,62801.3
300762.SZ,20260429,75400,37.96,2862184.0,38.34,0.012007,0.193487,62796.6
300763.SZ,20260429,101300,87.0,8813100.0,86.37,0.0314996,0.386843,32159.1
300765.SZ,20260429,35900,30.0,1077000.0,30.14,0.0025559,0.38876,140459.0
300766.SZ,20260429,212050,29.6,6276680.0,29.33,0.0591905,0.394233,35825.0
300767.SZ,20260429,49800,23.16,1153368.0,23.52,0.0207594,0.357402,23989.2
300768.SZ,20260429,10200,16.85,171870.0,16.89,0.00242472,0.193891,42066.8
300769.SZ,20260429,775100,54.62,42335962.0,53.1,0.307876,3.21095,25175.7
300770.SZ,20260429,102400,38.0,3891200.0,39.24,0.0449441,5.54793,22783.9
300771.SZ,20260429,47900,13.82,661978.0,13.57,0.0268237,1.01483,17857.3
300772.SZ,20260429,64100,15.81,1013421.0,15.87,0.00918502,0.259983,69787.6
300773.SZ,20260429,85000,25.9,2201500.0,26.0,0.0115716,0.216368,73455.8
300774.SZ,20260429,65900,15.4,1014860.0,15.86,0.0338156,0.751476,19488.0
300775.SZ,20260429,346700,29.88,10359396.0,30.09,0.0652132,1.024,53164.1
300776.SZ,20260429,46900,108.6,5093340.0,109.4,0.0279026,0.302757,16808.5
300777.SZ,20260429,42400,35.78,1517072.0,36.13,0.0100382,0.228805,42238.6
300778.SZ,20260429,82200,13.1,1076820.0,13.46,0.0403694,1.98388,20361.9
300779.SZ,20260429,28800,70.0,2016000.0,70.25,0.0178977,0.292424,16091.4
300780.SZ,20260429,23000,23.66,544180.0,24.1,0.0213888,0.221352,10753.3
300781.SZ,20260429,26600,33.25,884450.0,32.63,0.0219534,0.675678,12116.6
300782.SZ,20260429,155860,104.0,16209440.0,104.69,0.034771,0.555562,44824.8
300783.SZ,20260429,238400,19.5,4648800.0,19.88,0.0850621,2.95999,28026.6
300784.SZ,20260429,2100,49.48,103908.0,49.18,0.0124888,0.272557,1681.5
300785.SZ,20260429,17000,49.06,834020.0,49.06,0.0138963,0.155238,12233.4
300786.SZ,20260429,11100,15.8,175380.0,15.84,0.00758227,0.165746,14639.4
300787.SZ,20260429,10200,10.51,107202.0,10.52,0.00518998,0.101457,19653.3
300788.SZ,20260429,20500,34.0,697000.0,34.4,0.0107809,0.351393,19015.2
300789.SZ,20260429,39700,21.7,861490.0,21.0,0.0401432,2.75976,9889.6
300790.SZ,20260429,52200,28.1,1466820.0,28.35,0.0160802,0.337242,32462.2
300791.SZ,20260429,6900,19.02,131238.0,19.1,0.00268814,0.345176,25668.3
300792.SZ,20260429,4000,33.8,135200.0,33.57,0.00188205,0.0813187,21253.4
300793.SZ,20260429,134800,13.52,1822496.0,13.9,0.0362281,2.34444,37208.7
300795.SZ,20260429,4200,10.73,45066.0,10.79,0.002414,0.0730785,17398.5
300796.SZ,20260429,10700,8.68,92876.0,8.67,0.00296282,0.108428,36114.3
300797.SZ,20260429,300,15.5,4650.0,15.48,7.92619e-05,0.0114001,37849.2
300798.SZ,20260429,302200,10.41,3145902.0,10.68,0.079231,0.667169,38141.6
300800.SZ,20260429,13900,12.25,170275.0,12.38,0.0059324,0.264634,23430.7
300801.SZ,20260429,23000,29.8,685400.0,30.09,0.0168031,0.154286,13687.9
300802.SZ,20260429,22500,19.7,443250.0,19.83,0.0115552,0.322322,19471.7
300803.SZ,20260429,53800,95.54,5140052.0,96.02,0.00888758,0.362373,60533.9
300804.SZ,20260429,29800,51.27,1527846.0,51.31,0.108364,0.899947,2750.0
300805.SZ,20260429,18400,10.24,188416.0,10.3,0.0063811,0.182977,28835.1
300806.SZ,20260429,128300,72.01,9238883.0,72.01,0.0405482,0.662032,31641.4
300808.SZ,20260429,15500,26.03,403465.0,26.21,0.0130362,0.389744,11890.0
300809.SZ,20260429,23400,30.3,709020.0,30.59,0.015541,0.444287,15057.0
300810.SZ,20260429,23000,32.27,742210.0,32.62,0.0201746,0.514702,11400.4
300811.SZ,20260429,31200,89.92,2805504.0,90.38,0.0131256,0.314118,23770.4
300812.SZ,20260429,11000,34.81,382910.0,35.09,0.0124524,0.109076,8833.63
300813.SZ,20260429,700,25.75,18025.0,25.75,0.000920434,0.0231175,7605.11
300814.SZ,20260429,94700,98.7,9346890.0,97.0,0.0494697,1.3917,19143.0
300815.SZ,20260429,84900,20.55,1744695.0,19.86,0.021748,2.03439,39038.1
300816.SZ,20260429,16700,71.5,1194050.0,71.32,0.0294696,0.555827,5666.86
300817.SZ,20260429,4100,20.3,83230.0,20.33,0.00327316,0.0978087,12526.1
300818.SZ,20260429,2400,32.97,79128.0,33.08,0.00219213,0.0846877,10948.2
300819.SZ,20260429,54800,57.38,3144424.0,58.0,0.0406642,0.684045,13476.2
300820.SZ,20260429,27700,42.78,1185006.0,42.3,0.0247809,0.945162,11178.0
300821.SZ,20260429,1013500,15.03,15232905.0,14.85,0.0844731,1.3372,119979.0
300822.SZ,20260429,31300,14.76,461988.0,14.83,0.0108311,0.641168,28898.2
300823.SZ,20260429,114300,18.24,2084832.0,18.22,0.134805,2.40878,8478.94
300824.SZ,20260429,3800,9.87,37506.0,9.88,0.00120059,0.0848592,31651.0
300825.SZ,20260429,82700,9.15,756705.0,9.04,0.0170696,1.08528,48448.8
300826.SZ,20260429,24000,16.72,401280.0,16.73,0.0141526,0.754273,16958.0
300827.SZ,20260429,39500,36.22,1430690.0,36.22,0.0102532,0.121731,38524.4
300828.SZ,20260429,12200,21.76,265472.0,21.85,0.0144602,0.178297,8436.93
300829.SZ,20260429,3800,17.5,66500.0,17.49,0.00242434,0.0528721,15674.3
300830.SZ,20260429,332500,10.48,3484600.0,9.98,0.0986399,1.71836,33708.5
300831.SZ,20260429,122100,19.0,2319900.0,19.16,0.0661845,0.576976,18448.4
300832.SZ,20260429,22900,49.41,1131489.0,49.73,0.00335225,0.314734,68312.2
300833.SZ,20260429,13900,35.31,490809.0,35.68,0.0171069,0.661516,8125.37
300834.SZ,20260429,21600,37.13,802008.0,36.61,0.011225,0.264678,19242.7
300835.SZ,20260429,8800,89.0,783200.0,89.61,0.010584,0.201955,8314.42
300836.SZ,20260429,300,56.96,17088.0,56.96,0.000472797,0.010885,6345.22
300837.SZ,20260429,7100,33.08,234868.0,33.29,0.00939242,0.294363,7559.28
300838.SZ,20260429,58900,16.48,970672.0,16.61,0.0578842,2.04371,10175.5
300839.SZ,20260429,16800,14.17,238056.0,14.27,0.00579932,0.152678,28968.9
300840.SZ,20260429,12700,20.06,254762.0,20.23,0.00717169,0.15787,17708.5
300841.SZ,20260429,2500,56.57,141425.0,56.63,0.00210229,0.138852,11891.8
300842.SZ,20260429,28900,84.73,2448697.0,85.48,0.022382,0.424836,12912.1
300843.SZ,20260429,15700,71.4,1120980.0,72.27,0.00978181,0.167,16050.2
300844.SZ,20260429,13600,34.04,462944.0,34.29,0.0151044,1.7053,9003.99
300845.SZ,20260429,21900,13.71,300249.0,13.8,0.0152314,0.211702,14378.2
300846.SZ,20260429,47540,26.38,1254105.2,26.53,0.0121273,0.105522,39200.7
300847.SZ,20260429,16100,15.72,253092.0,15.85,0.00543901,0.323736,29601.0
300848.SZ,20260429,101100,17.44,1763184.0,17.6,0.0399411,0.826549,25312.3
300849.SZ,20260429,9500,22.11,210045.0,22.33,0.00861523,0.277961,11027.0
300850.SZ,20260429,308500,38.0,11723000.0,39.01,0.102565,2.30606,30078.5
300851.SZ,20260429,3000,29.6,88800.0,29.59,0.00608034,0.21611,4933.94
300852.SZ,20260429,13400,44.8,600320.0,45.36,0.0086476,0.1555,15495.6
300853.SZ,20260429,116800,32.02,3739936.0,31.5,0.118803,1.05871,9831.4
300854.SZ,20260429,38300,32.3,1237090.0,31.8,0.0470548,0.501709,8139.45
300855.SZ,20260429,8400,38.72,325248.0,38.74,0.00286732,0.119347,29295.6
300856.SZ,20260429,39000,14.13,551070.0,14.15,0.00848314,0.431094,45973.6
300857.SZ,20260429,496491,255.01,126610169.91,261.0,0.102992,1.35528,48206.6
300858.SZ,20260429,358800,18.03,6469164.0,18.79,0.183304,0.994255,19574.0
300859.SZ,20260429,4900,31.59,154791.0,31.44,0.00316129,0.12564,15500.0
300860.SZ,20260429,0,,0.0,24.27,0.0,0.0,10941.7
300861.SZ,20260429,507900,17.93,9106647.0,17.84,0.120394,4.19844,42186.5
300862.SZ,20260429,3700,23.4,86580.0,23.51,0.00244271,0.0415938,15147.1
300863.SZ,20260429,2000,58.02,116040.0,58.55,0.00110577,0.0423468,18086.9
300864.SZ,20260429,19700,21.97,432809.0,22.05,0.0124754,0.855823,15791.1
300865.SZ,20260429,27300,30.03,819819.0,30.29,0.0474929,0.432312,5748.22
300866.SZ,20260429,29900,118.0,3528200.0,118.69,0.00972282,0.405658,30752.4
300867.SZ,20260429,27900,20.81,580599.0,20.93,0.0145595,0.269981,19162.8
300868.SZ,20260429,4100,68.8,282080.0,69.28,0.00507655,0.0988264,8076.35
300869.SZ,20260429,4200,12.55,52710.0,12.6,0.00159007,0.122905,26413.9
300870.SZ,20260429,20800,379.76,7899008.0,378.41,0.0190793,0.320079,10901.9
300871.SZ,20260429,42500,26.96,1145800.0,27.18,0.0210621,0.429414,20178.4
300872.SZ,20260429,44600,15.6,695760.0,15.77,0.0105677,0.47662,42204.2
300873.SZ,20260429,0,,0.0,21.0,0.0,0.0,16684.0
300875.SZ,20260429,14000,38.55,539700.0,38.23,0.0159468,0.370927,8779.17
300876.SZ,20260429,13400,29.36,393424.0,29.44,0.0165218,0.408677,8110.49
300877.SZ,20260429,10700,28.5,304950.0,28.75,0.00891674,0.398822,11999.9
300878.SZ,20260429,1400,26.52,37128.0,26.45,0.000971386,0.0954732,14412.4
300879.SZ,20260429,5000,23.62,118100.0,23.8,0.00248721,0.128153,20102.8
300880.SZ,20260429,9800,22.57,221186.0,22.7,0.00502264,0.0996495,19511.6
300881.SZ,20260429,10200,44.82,457164.0,45.35,0.0177681,0.533708,5740.62
300882.SZ,20260429,21300,18.5,394050.0,18.71,0.00799769,0.415663,26632.7
300883.SZ,20260429,26600,6.7,178220.0,6.72,0.00804416,0.197194,33067.5
300884.SZ,20260429,33100,12.64,418384.0,12.64,0.0172927,0.63692,19141.0
300885.SZ,20260429,79800,23.59,1882482.0,22.84,0.0477793,1.46635,16701.8
300886.SZ,20260429,2600,28.6,74360.0,28.6,0.00595698,0.128989,4364.63
300887.SZ,20260429,9800,9.22,90356.0,9.22,0.00270571,0.0952675,36219.7
300888.SZ,20260429,8100,30.95,250695.0,30.97,0.0013973,0.150863,57969.1
300889.SZ,20260429,6100,24.55,149755.0,24.18,0.00416761,0.143383,14636.7
300890.SZ,20260429,281700,39.82,11217294.0,40.33,0.258761,0.801021,10886.5
300891.SZ,20260429,38700,8.48,328176.0,8.58,0.0116051,0.591814,33347.4
300892.SZ,20260429,9800,27.5,269500.0,27.6,0.0151791,0.545412,6456.25
300893.SZ,20260429,500,22.83,11415.0,22.88,0.00019931,0.0156769,25086.5
300894.SZ,20260429,17600,10.32,181632.0,10.43,0.00598494,0.298516,29407.1
300895.SZ,20260429,29900,61.81,1848119.0,61.75,0.0216397,0.151355,13817.2
300896.SZ,20260429,7360,115.11,847209.6,115.62,0.00359988,0.215448,20445.1
300897.SZ,20260429,0,,0.0,25.74,0.0,0.0,8765.54
300898.SZ,20260429,21699,23.83,517087.17,23.84,0.0189131,0.416203,11473.0
300899.SZ,20260429,200,36.59,7318.0,36.72,0.000488567,0.0237419,4093.61
300900.SZ,20260429,511700,41.58,21276486.0,41.49,0.199272,1.32898,25678.5
300901.SZ,20260429,13500,15.84,213840.0,15.88,0.005625,0.164579,24000.0
300902.SZ,20260429,6400,17.4,111360.0,17.51,0.00512839,0.157434,12479.5
300903.SZ,20260429,480501,45.7,21958895.7,45.56,0.145304,1.12822,33068.8
300904.SZ,20260429,900,57.35,51615.0,58.11,0.00409403,0.117731,2198.32
300905.SZ,20260429,1181055,70.01,82685660.55,67.02,0.845748,7.94547,13964.6
300906.SZ,20260429,2600,34.59,89934.0,34.68,0.00360163,0.122576,7218.95
300907.SZ,20260429,4400,29.37,129228.0,29.55,0.00458333,0.201775,9600.0
300908.SZ,20260429,1001,28.18,28208.18,28.38,0.00081116,0.0748085,12340.3
300909.SZ,20260429,12900,45.25,583725.0,45.09,0.0105555,0.34705,12221.1
300910.SZ,20260429,4400,46.88,206272.0,46.74,0.00212639,0.0680432,20692.4
300911.SZ,20260429,50700,32.37,1641159.0,32.78,0.0295908,0.61794,17133.7
300912.SZ,20260429,33200,25.86,858552.0,26.1,0.0386335,0.565095,8593.57
300913.SZ,20260429,45500,52.0,2366000.0,52.88,0.0177885,0.650511,25578.4
300915.SZ,20260429,66300,23.92,1585896.0,23.35,0.1151,5.0801,5760.23
300916.SZ,20260429,4900,35.6,174440.0,35.91,0.00524537,0.0614344,9341.58
300917.SZ,20260429,26200,32.58,853596.0,32.3,0.015503,0.791696,16900.0
300918.SZ,20260429,12000,13.82,165840.0,13.89,0.00237091,0.165272,50613.4
300919.SZ,20260429,198000,61.8,12236400.0,60.94,0.0216987,0.861914,91249.5
300920.SZ,20260429,0,,0.0,38.45,0.0,0.0,6566.84
300921.SZ,20260429,170900,26.01,4445109.0,26.01,0.148996,1.83508,11470.1
300922.SZ,20260429,300,18.35,5505.0,18.5,0.000240241,0.0060216,12487.4
300923.SZ,20260429,48700,27.45,1336815.0,28.48,0.0636864,3.90209,7646.85
300925.SZ,20260429,31700,18.7,592790.0,18.77,0.00906949,0.142339,34952.3
300926.SZ,20260429,50100,22.16,1110216.0,22.06,0.0168128,0.690732,29798.7
300927.SZ,20260429,19500,30.3,590850.0,30.64,0.0138446,0.166316,14084.9
300928.SZ,20260429,4700,30.46,143162.0,30.4,0.00877059,0.382313,5358.82
300929.SZ,20260429,21000,13.33,279930.0,13.33,0.0167517,0.607494,12536.0
300930.SZ,20260429,1600,30.87,49392.0,30.73,0.00339523,0.101778,4712.5
300931.SZ,20260429,141400,15.4,2177560.0,15.43,0.0737184,1.64254,19181.1
300932.SZ,20260429,51300,14.26,731538.0,14.25,0.0225006,0.520818,22799.4
300933.SZ,20260429,215000,7.8,1677000.0,7.67,0.0392988,1.88568,54709.0
300935.SZ,20260429,2400,31.09,74616.0,31.46,0.00398278,0.150553,6025.95
300936.SZ,20260429,2900,70.42,204218.0,71.1,0.00611541,0.0725213,4742.12
300937.SZ,20260429,19900,27.56,548444.0,27.89,0.0298669,0.755376,6662.9
300938.SZ,20260429,227200,56.8,12904960.0,57.61,0.107501,0.94999,21134.6
300939.SZ,20260429,1500,38.33,57495.0,38.82,0.00125,0.0346556,12000.0
300940.SZ,20260429,166320,20.23,3364653.6,22.26,0.105614,3.51399,15747.9
300941.SZ,20260429,11900,17.52,208488.0,17.61,0.00961393,0.210969,12377.9
300942.SZ,20260429,7100,7.71,54741.0,7.74,0.00175279,0.0836148,40506.9
300943.SZ,20260429,136400,28.96,3950144.0,28.54,0.102229,1.88701,13342.6
300945.SZ,20260429,26000,15.45,401700.0,15.5,0.010906,0.395359,23840.0
300946.SZ,20260429,200,46.39,9278.0,46.25,0.000263837,0.0163539,7580.43
300947.SZ,20260429,17300,17.2,297560.0,17.48,0.0114511,0.528468,15107.8
300948.SZ,20260429,14300,19.8,283140.0,19.66,0.00943511,0.357411,15156.2
300949.SZ,20260429,5800,38.7,224460.0,38.99,0.0169091,0.657836,3430.11
300950.SZ,20260429,30200,21.08,636616.0,21.25,0.0332377,0.955237,9086.08
300951.SZ,20260429,5500,32.01,176055.0,32.2,0.0036329,0.0873631,15139.4
300952.SZ,20260429,5300,32.26,170978.0,32.26,0.004994,0.0948003,10612.7
300953.SZ,20260429,38900,210.0,8169000.0,211.99,0.0312304,0.520797,12455.8
300955.SZ,20260429,13400,37.0,495800.0,37.44,0.0132937,0.473153,10080.0
300956.SZ,20260429,1700,15.51,26367.0,15.45,0.000807784,0.0228479,21045.2
300957.SZ,20260429,25000,41.5,1037500.0,41.47,0.00593411,0.191199,42129.3
300958.SZ,20260429,10774,13.84,149112.16,13.85,0.0118331,0.266003,9104.94
300959.SZ,20260429,23900,97.65,2333835.0,98.5,0.0456497,0.379107,5235.52
300960.SZ,20260429,900,20.59,18531.0,20.57,0.000687662,0.0404905,13087.8
300961.SZ,20260429,75900,12.88,977592.0,12.91,0.0497481,0.790567,15256.9
300962.SZ,20260429,6300,15.94,100422.0,15.93,0.00238635,0.314791,26400.2
300963.SZ,20260429,6900,16.52,113988.0,16.49,0.00205118,0.0846955,33639.2
300964.SZ,20260429,55609,70.15,3900971.35,71.58,0.0992844,1.29318,5600.98
300966.SZ,20260429,105100,24.8,2606480.0,23.73,0.137087,2.59754,7666.67
300967.SZ,20260429,18600,16.5,306900.0,16.57,0.0149047,0.301504,12479.3
300968.SZ,20260429,4500,11.48,51660.0,11.48,0.00108859,0.0823305,41338.0
300969.SZ,20260429,10300,116.5,1199950.0,116.67,0.019481,0.455644,5287.21
300970.SZ,20260429,181800,36.3,6599340.0,35.9,0.191858,0.761609,9475.74
300971.SZ,20260429,3100,23.54,72974.0,23.54,0.00336033,0.0420637,9225.28
300972.SZ,20260429,121600,209.95,25529920.0,203.81,0.0682442,7.26471,17818.4
300973.SZ,20260429,34100,29.65,1011065.0,29.82,0.0287607,0.964455,11856.5
300975.SZ,20260429,178900,19.6,3506440.0,19.81,0.0363564,0.291353,49207.3
300976.SZ,20260429,500,61.97,30985.0,62.29,0.000578609,0.0179856,8641.42
300977.SZ,20260429,4100,20.05,82205.0,20.05,0.0043248,0.161101,9480.21
300978.SZ,20260429,3500,10.71,37485.0,10.7,0.00121913,0.0949309,28708.9
300979.SZ,20260429,93700,39.0,3654300.0,41.43,0.00802919,5.95246,116699.0
300980.SZ,20260429,21700,32.98,715666.0,32.47,0.022066,0.474573,9834.14
300981.SZ,20260429,66200,14.45,956590.0,14.66,0.0168449,0.400405,39299.7
300982.SZ,20260429,80300,19.62,1575486.0,19.81,0.0414137,1.59781,19389.7
300983.SZ,20260429,39900,31.1,1240890.0,30.35,0.0261108,5.22617,15281.0
300984.SZ,20260429,10900,58.49,637541.0,58.28,0.0123035,0.401674,8859.25
300985.SZ,20260429,10600,22.9,242740.0,23.08,0.00571395,0.357053,18551.1
300986.SZ,20260429,91300,22.5,2054250.0,22.64,0.0221799,0.390086,41163.4
300987.SZ,20260429,22900,16.72,382888.0,16.75,0.0132089,0.551478,17336.8
300988.SZ,20260429,7900,26.26,207454.0,26.32,0.00729827,0.181192,10824.5
300989.SZ,20260429,23100,14.7,339570.0,14.71,0.0141763,0.456215,16294.9
300990.SZ,20260429,6400,83.0,531200.0,83.23,0.00829806,0.108747,7712.65
300991.SZ,20260429,6000,48.4,290400.0,48.8,0.00651169,0.151607,9214.2
300992.SZ,20260429,83300,29.13,2426529.0,30.93,0.107478,2.31503,7750.4
300993.SZ,20260429,7300,11.85,86505.0,11.95,0.00301833,0.209601,24185.5
300994.SZ,20260429,168500,13.55,2283175.0,14.7,0.144432,6.20318,11666.4
300995.SZ,20260429,1700,35.2,59840.0,35.03,0.00283142,0.105191,6004.05
300996.SZ,20260429,7700,17.19,132363.0,17.19,0.00323484,0.123706,23803.3
300997.SZ,20260429,20601,19.66,405015.66,19.88,0.00518798,0.156205,39709.1
300998.SZ,20260429,15500,26.43,409665.0,26.66,0.0143944,0.655962,10768.1
300999.SZ,20260429,24600,27.57,678222.0,27.54,0.00453333,0.280326,54264.7
301000.SZ,20260429,41200,27.1,1116520.0,26.88,0.0179701,1.09093,22926.9
301001.SZ,20260429,9500,29.27,278065.0,29.42,0.0188867,0.675931,5030.0
301002.SZ,20260429,45300,48.51,2197503.0,48.0,0.0533034,0.513835,8498.52
301003.SZ,20260429,55200,55.65,3071880.0,56.63,0.0734625,0.507043,7514.04
301004.SZ,20260429,21300,47.01,1001313.0,49.03,0.0156494,3.2468,13610.7
301005.SZ,20260429,17500,165.15,2890125.0,167.95,0.0132205,0.198053,13237.1
301006.SZ,20260429,74800,17.2,1286560.0,18.02,0.0868898,4.01265,8608.61
301007.SZ,20260429,47600,35.0,1666000.0,34.56,0.0314554,1.10924,15132.5
301008.SZ,20260429,13900,30.03,417417.0,30.18,0.011999,0.245129,11584.3
301009.SZ,20260429,7300,10.98,80154.0,10.99,0.00483332,0.229747,15103.5
301010.SZ,20260429,2700,21.51,58077.0,21.5,0.0025,0.105137,10800.0
301011.SZ,20260429,22800,19.23,438444.0,19.36,0.015556,0.778809,14656.7
301012.SZ,20260429,294147,36.9,10854024.3,37.19,0.149343,1.39339,19696.0
301013.SZ,20260429,26900,24.8,667120.0,25.12,0.0142146,0.219306,18924.2
301015.SZ,20260429,241200,24.89,6003468.0,24.13,0.0458942,2.58169,52555.7
301016.SZ,20260429,8400,22.62,190008.0,22.78,0.00401126,0.31112,20941.1
301017.SZ,20260429,130700,13.51,1765757.0,13.69,0.0505229,1.18874,25869.4
301018.SZ,20260429,210200,115.96,24374792.0,122.5,0.106292,1.59055,19775.7
301019.SZ,20260429,22600,22.61,510986.0,22.01,0.0216042,0.953375,10460.9
301020.SZ,20260429,2200,22.94,50468.0,22.99,0.00150273,0.0991022,14640.0
301021.SZ,20260429,5700,62.1,353970.0,62.36,0.00373281,0.12582,15270.0
301022.SZ,20260429,38800,29.14,1130632.0,29.44,0.0577502,0.457806,6718.59
301023.SZ,20260429,9400,40.1,376940.0,40.06,0.021591,0.774292,4353.67
301024.SZ,20260429,6800,39.8,270640.0,40.18,0.0110461,0.794996,6156.0
301025.SZ,20260429,32700,10.93,357411.0,10.96,0.0117986,0.408837,27715.1
301026.SZ,20260429,271500,31.3,8497950.0,31.2,0.237514,6.12316,11430.9
301027.SZ,20260429,10700,25.17,269319.0,25.42,0.00882896,0.0925002,12119.2
301028.SZ,20260429,1400,13.82,19348.0,13.84,0.000563779,0.0452664,24832.4
301029.SZ,20260429,21800,26.97,587946.0,26.91,0.00471983,0.17669,46188.1
301030.SZ,20260429,393900,10.8,4254120.0,10.81,0.194898,4.01121,20210.6
301031.SZ,20260429,23548,164.58,3875529.84,165.41,0.0302988,0.497878,7771.91
301032.SZ,20260429,0,,0.0,12.87,0.0,0.0,15987.3
301033.SZ,20260429,5100,54.63,278613.0,54.92,0.00904999,0.46042,5635.37
301035.SZ,20260429,9600,87.06,835776.0,86.68,0.00342451,0.545716,28033.2
301036.SZ,20260429,1200,27.8,33360.0,27.92,0.00170372,0.050777,7043.41
301037.SZ,20260429,27200,15.72,427584.0,15.74,0.0400013,1.27256,6799.78
301038.SZ,20260429,75402,19.87,1498237.74,20.22,0.0338004,2.96612,22308.0
301039.SZ,20260429,11000,8.74,96140.0,8.74,0.000757353,0.0802671,145243.0
301040.SZ,20260429,3300,31.8,104940.0,31.48,0.00349709,0.0701943,9436.41
301041.SZ,20260429,5100,29.3,149430.0,29.47,0.00645805,0.120901,7897.13
301042.SZ,20260429,8600,105.57,907902.0,105.57,0.0130262,0.344268,6602.08
301043.SZ,20260429,3800,52.3,198740.0,51.81,0.0066963,0.363192,5674.77
301045.SZ,20260429,38800,45.69,1772772.0,45.85,0.0556543,1.03304,6971.6
301046.SZ,20260429,900,24.26,21834.0,24.42,0.000698675,0.0313489,12881.5
301047.SZ,20260429,12100,70.0,847000.0,70.1,0.0101187,1.34304,11958.1
301048.SZ,20260429,158100,10.51,1661631.0,10.34,0.0296437,2.46761,53333.3
301049.SZ,20260429,1000,24.39,24390.0,24.38,0.00233501,0.0595508,4282.64
301050.SZ,20260429,28800,38.87,1119456.0,39.03,0.0136814,0.282034,21050.4
301051.SZ,20260429,3300,22.82,75306.0,22.9,0.00205085,0.0974856,16090.9
301052.SZ,20260429,5100,32.0,163200.0,32.04,0.00635943,0.119766,8019.59
301053.SZ,20260429,21000,60.8,1276800.0,60.8,0.0240053,0.502558,8748.07
301055.SZ,20260429,29000,29.47,854630.0,29.43,0.0185897,0.305083,15600.0
301056.SZ,20260429,8300,13.99,116117.0,13.99,0.00471602,0.163342,17599.6
301057.SZ,20260429,14200,32.24,457808.0,32.5,0.0175271,0.360201,8101.73
301058.SZ,20260429,6900,9.63,66447.0,9.63,0.00134693,0.112799,51227.4
301059.SZ,20260429,12900,14.26,183954.0,14.23,0.00624666,0.46057,20651.0
301060.SZ,20260429,239600,10.06,2410376.0,9.49,0.0665215,4.9789,36018.5
301061.SZ,20260429,57900,72.89,4220331.0,75.89,0.103648,2.81611,5586.2
301062.SZ,20260429,22100,7.98,176358.0,8.06,0.00705522,0.243144,31324.3
301063.SZ,20260429,23700,23.91,566667.0,24.03,0.0245222,1.0216,9664.73
301065.SZ,20260429,4200,23.9,100380.0,23.95,0.00486745,0.239818,8628.75
301066.SZ,20260429,42100,14.68,618028.0,14.78,0.0180596,0.675493,23311.7
301067.SZ,20260429,26100,33.48,873828.0,33.98,0.0408906,1.32393,6382.89
301068.SZ,20260429,1800,35.85,64530.0,36.03,0.00179423,0.0621767,10032.2
301069.SZ,20260429,20000,21.57,431400.0,21.57,0.00468632,0.216046,42677.4
301070.SZ,20260429,5800,94.46,547868.0,95.44,0.00977441,0.104507,5933.86
301071.SZ,20260429,108400,51.27,5557668.0,51.71,0.0562034,0.812642,19287.1
301072.SZ,20260429,5500,23.7,130350.0,23.55,0.00819185,0.344956,6713.99
301073.SZ,20260429,33100,24.7,817570.0,24.25,0.0185768,0.6644,17817.9
301075.SZ,20260429,13800,79.87,1102206.0,80.71,0.01725,0.492449,8000.0
301076.SZ,20260429,2100,36.15,75915.0,36.37,0.0019125,0.0643193,10980.4
301077.SZ,20260429,70800,32.95,2332860.0,33.12,0.0742118,0.460077,9540.26
301078.SZ,20260429,49300,8.56,422008.0,8.61,0.00392814,0.231325,125505.0
301079.SZ,20260429,44900,41.36,1857064.0,42.11,0.0583622,0.354803,7693.34
301080.SZ,20260429,27900,45.01,1255779.0,45.54,0.0221431,0.825777,12599.8
301081.SZ,20260429,22600,16.06,362956.0,16.03,0.0103424,0.309354,21851.7
301082.SZ,20260429,2300,12.42,28566.0,12.45,0.000843393,0.0363441,27270.8
301083.SZ,20260429,0,,0.0,17.17,0.0,0.0,8560.99
301085.SZ,20260429,32000,70.0,2240000.0,69.79,0.0543185,0.611821,5891.17
301086.SZ,20260429,12500,187.94,2349250.0,187.95,0.0266408,0.567175,4692.05
301087.SZ,20260429,4700,52.2,245340.0,52.35,0.00242279,0.137018,19399.1
301088.SZ,20260429,3200,14.3,45760.0,14.4,0.00170213,0.188651,18800.0
301089.SZ,20260429,0,,0.0,26.47,0.0,0.0,9047.01
301090.SZ,20260429,124600,9.01,1122646.0,8.92,0.00847087,0.527381,147092.0
301091.SZ,20260429,7400,21.8,161320.0,21.67,0.00140343,0.10976,52728.0
301092.SZ,20260429,80800,35.56,2873248.0,36.59,0.133139,2.17827,6068.86
301093.SZ,20260429,15500,82.17,1273635.0,82.5,0.00987281,0.366452,15699.7
301095.SZ,20260429,19000,82.08,1559520.0,82.38,0.0109814,0.243207,17302.0
301096.SZ,20260429,55100,55.57,3061907.0,56.48,0.0663137,2.11334,8309.0
301097.SZ,20260429,1200,56.22,67464.0,56.81,0.00414631,0.105739,2894.14
301098.SZ,20260429,44300,9.1,403130.0,9.15,0.0295946,0.679047,14968.9
301099.SZ,20260429,61100,57.74,3527914.0,57.63,0.068055,0.420988,8978.04
301100.SZ,20260429,63100,19.06,1202686.0,19.06,0.0721143,2.775,8750.0
301101.SZ,20260429,4300,35.67,153381.0,35.79,0.00225251,0.143522,19089.8
301102.SZ,20260429,2300,10.56,24288.0,10.49,0.000566502,0.0795583,40600.0
301103.SZ,20260429,6500,19.8,128700.0,19.77,0.00534392,0.240582,12163.4
301105.SZ,20260429,1000,55.94,55940.0,57.0,0.00608365,0.125207,1643.75
301106.SZ,20260429,11400,33.94,386916.0,34.32,0.0111639,0.208347,10211.5
301107.SZ,20260429,4000,26.96,107840.0,27.14,0.00681176,0.201324,5872.19
301108.SZ,20260429,13000,26.59,345670.0,26.62,0.0200514,0.754341,6483.34
301109.SZ,20260429,218800,16.36,3579568.0,16.63,0.0949973,1.74649,23032.2
301110.SZ,20260429,16100,67.31,1083691.0,68.54,0.0246303,0.249173,6536.66
301111.SZ,20260429,35300,18.88,666464.0,18.7,0.0220625,0.954836,16000.0
301112.SZ,20260429,27700,35.0,969500.0,35.0,0.0251209,1.00987,11026.7
301113.SZ,20260429,2400,25.71,61704.0,25.76,0.00435683,0.139397,5508.59
301115.SZ,20260429,23600,19.3,455480.0,19.35,0.0152488,0.535028,15476.7
301116.SZ,20260429,22700,10.7,242890.0,10.8,0.00505594,0.342712,44897.7
301117.SZ,20260429,2100,41.43,87003.0,41.66,0.00264318,0.0449298,7944.99
301118.SZ,20260429,78100,26.34,2057154.0,26.76,0.07429,2.31465,10512.8
301119.SZ,20260429,700,39.72,27804.0,39.75,0.000832243,0.0369867,8411.0
301120.SZ,20260429,42700,19.52,833504.0,19.67,0.0195411,0.221311,21851.4
301121.SZ,20260429,400,37.53,15012.0,37.89,0.000790644,0.028793,5059.16
301122.SZ,20260429,24000,31.41,753840.0,30.71,0.031729,1.53666,7564.07
301123.SZ,20260429,76300,64.68,4935084.0,63.0,0.0326627,0.788826,23360.0
301125.SZ,20260429,6300,22.92,144396.0,22.99,0.00501347,0.206475,12566.1
301126.SZ,20260429,24100,11.68,281488.0,11.69,0.0174805,0.635375,13786.8
301127.SZ,20260429,55500,14.21,788655.0,14.11,0.00848312,0.443625,65424.1
301128.SZ,20260429,47000,177.08,8322760.0,180.46,0.0516527,0.595846,9099.24
301129.SZ,20260429,2600,27.28,70928.0,27.19,0.0039226,0.0989165,6628.25
301130.SZ,20260429,10100,30.51,308151.0,30.76,0.0171136,0.853269,5901.74
301131.SZ,20260429,23600,42.0,991200.0,43.16,0.0602735,2.07759,3915.49
301132.SZ,20260429,87177,38.54,3359801.58,39.83,0.0920225,1.35428,9473.44
301133.SZ,20260429,24900,44.33,1103817.0,44.33,0.022405,0.820716,11113.6
301135.SZ,20260429,28500,25.81,735585.0,25.87,0.037274,1.15762,7646.08
301136.SZ,20260429,40000,15.31,612400.0,15.31,0.0145509,0.707096,27489.7
301137.SZ,20260429,4800,41.78,200544.0,42.07,0.00264007,0.120403,18181.3
301138.SZ,20260429,2200,33.83,74426.0,33.95,0.00320886,0.0825793,6856.01
301139.SZ,20260429,37300,16.98,633354.0,17.16,0.0489712,1.04185,7616.71
301141.SZ,20260429,2100,49.82,104622.0,49.94,0.00471776,0.0633497,4451.26
301148.SZ,20260429,10400,67.02,697008.0,67.78,0.0176651,0.265211,5887.31
301149.SZ,20260429,66600,13.0,865800.0,13.08,0.0254949,0.52435,26122.9
301150.SZ,20260429,89100,62.73,5589243.0,63.66,0.0400294,0.466651,22258.6
301151.SZ,20260429,32900,17.0,559300.0,17.2,0.0194855,1.14901,16884.4
301152.SZ,20260429,17000,30.76,522920.0,31.27,0.0239439,0.274773,7099.94
301153.SZ,20260429,20100,20.45,411045.0,20.55,0.00605874,0.259041,33175.2
301155.SZ,20260429,293700,56.32,16541184.0,60.66,0.238105,6.20042,12334.9
301156.SZ,20260429,42900,19.78,848562.0,19.69,0.0480807,1.95701,8922.5
301157.SZ,20260429,5000,72.27,361350.0,73.59,0.0242039,0.138448,2065.78
301158.SZ,20260429,44300,25.45,1127435.0,25.86,0.0302404,0.514829,14649.3
301159.SZ,20260429,9200,37.98,349416.0,37.71,0.0173536,0.419716,5301.5
301160.SZ,20260429,700,55.5,38850.0,55.68,0.000922841,0.0378932,7585.27
301161.SZ,20260429,10200,31.31,319362.0,31.27,0.0132127,0.313685,7719.83
301162.SZ,20260429,1600,66.2,105920.0,66.4,0.00187739,0.0574646,8522.48
301163.SZ,20260429,1300,30.13,39169.0,30.26,0.00237549,0.0474237,5472.56
301165.SZ,20260429,54300,91.81,4985283.0,93.18,0.00682629,0.433328,79545.5
301166.SZ,20260429,3800,30.35,115330.0,30.36,0.00667619,0.329088,5691.87
301167.SZ,20260429,26700,17.13,457371.0,17.22,0.0376254,0.991652,7096.27
301168.SZ,20260429,1500,41.18,61770.0,41.48,0.00157376,0.0981895,9531.33
301169.SZ,20260429,2700,65.68,177336.0,65.8,0.00374953,0.131565,7200.9
301170.SZ,20260429,2700,28.64,77328.0,28.5,0.0080416,0.180547,3357.54
301171.SZ,20260429,268590,32.01,8597565.9,32.2,0.0540864,0.755319,49659.5
301172.SZ,20260429,52993,31.03,1644372.79,31.6,0.0536551,0.564607,9876.61
301173.SZ,20260429,1200,43.28,51936.0,43.39,0.00389248,0.147336,3082.87
301175.SZ,20260429,108000,6.14,663120.0,6.14,0.0173667,0.384726,62188.0
301176.SZ,20260429,139500,35.63,4970385.0,35.63,0.0850332,1.06608,16405.4
301177.SZ,20260429,20800,28.7,596960.0,28.75,0.00519987,1.02952,40001.0
301178.SZ,20260429,14500,53.02,768790.0,53.87,0.0293069,0.493071,4947.63
301179.SZ,20260429,57000,24.59,1401630.0,24.82,0.0239994,0.354367,23750.5
301180.SZ,20260429,4700,17.85,83895.0,17.85,0.00286344,0.0624081,16413.8
301181.SZ,20260429,12500,46.05,575625.0,46.05,0.0139911,0.3677,8934.27
301182.SZ,20260429,11200,67.04,750848.0,67.12,0.012817,0.286587,8738.42
301183.SZ,20260429,36700,176.88,6491496.0,178.13,0.0625223,0.435599,5869.9
301185.SZ,20260429,61000,17.6,1073600.0,18.31,0.0436118,2.77593,13987.0
301186.SZ,20260429,6287,63.02,396206.74,63.23,0.0083107,0.146317,7564.95
301187.SZ,20260429,300,19.56,5868.0,19.66,0.000117678,0.0133549,25493.3
301188.SZ,20260429,126700,26.02,3296734.0,26.69,0.047358,0.512125,26753.7
301189.SZ,20260429,47200,79.14,3735408.0,78.2,0.0422342,0.583121,11175.8
301190.SZ,20260429,28500,23.51,670035.0,23.72,0.0199156,0.505647,14310.4
301191.SZ,20260429,26100,143.91,3756051.0,146.31,0.0500016,0.444668,5219.84
301192.SZ,20260429,3200,26.8,85760.0,26.88,0.00668495,0.155306,4786.88
301193.SZ,20260429,89100,23.2,2067120.0,23.4,0.0535446,0.568751,16640.3
301195.SZ,20260429,700,30.89,21623.0,31.13,0.000798268,0.0500845,8768.98
301196.SZ,20260429,26200,117.7,3083740.0,116.5,0.0319662,0.709347,8196.16
301197.SZ,20260429,13400,28.88,386992.0,29.2,0.0123219,0.227787,10874.9
301198.SZ,20260429,37700,16.89,636753.0,17.02,0.0232319,0.448199,16227.7
301199.SZ,20260429,52000,20.9,1086800.0,22.22,0.0725234,3.44627,7170.1
301200.SZ,20260429,12500,183.0,2287500.0,185.1,0.00296641,0.274504,42138.5
301201.SZ,20260429,64300,40.2,2584860.0,40.36,0.0592385,1.02961,10854.4
301202.SZ,20260429,3000,39.59,118770.0,39.78,0.00807809,0.181025,3713.75
301203.SZ,20260429,5400,44.0,237600.0,44.0,0.0123168,0.382232,4384.25
301205.SZ,20260429,869800,208.88,181683824.0,252.36,1.04287,9.83506,8340.47
301206.SZ,20260429,9800,26.33,258034.0,26.1,0.00752208,0.957454,13028.3
301207.SZ,20260429,10400,19.13,198952.0,19.26,0.00173146,0.248007,60064.8
301208.SZ,20260429,1100,33.03,36333.0,33.03,0.00166485,0.0984848,6607.21
301209.SZ,20260429,900,89.33,80397.0,89.86,0.000940606,0.0812466,9568.3
301210.SZ,20260429,95400,36.8,3510720.0,36.0,0.219492,4.32265,4346.39
301211.SZ,20260429,8445,11.28,95259.6,11.43,0.00202229,0.230751,41759.5
301212.SZ,20260429,1900,28.0,53200.0,27.92,0.00202667,0.0942948,9375.0
301213.SZ,20260429,5700,70.6,402420.0,70.6,0.0110228,0.358723,5171.1
301215.SZ,20260429,66700,6.22,414874.0,6.21,0.00504386,0.576127,132240.0
301216.SZ,20260429,64900,28.7,1862630.0,29.07,0.0118359,0.454914,54833.2
301217.SZ,20260429,937300,57.97,54335281.0,59.15,0.113062,2.00284,82901.6
301218.SZ,20260429,0,,0.0,34.5,0.0,0.0,7006.88
301219.SZ,20260429,32200,81.72,2631384.0,82.1,0.015303,0.200639,21041.6
301220.SZ,20260429,27700,36.9,1022130.0,37.84,0.0355881,1.46875,7783.5
301221.SZ,20260429,4000,48.01,192040.0,48.0,0.00637723,0.130445,6272.32
301222.SZ,20260429,20000,45.5,910000.0,46.33,0.0250559,0.320827,7982.17
301223.SZ,20260429,3000,19.73,59190.0,19.62,0.00155338,0.172775,19312.8
301225.SZ,20260429,1400,98.09,137326.0,98.09,0.00468509,0.0794134,2988.2
301226.SZ,20260429,18700,38.65,722755.0,38.62,0.0171875,0.383753,10880.0
301227.SZ,20260429,1300,32.09,41717.0,32.11,0.00240194,0.0511931,5412.3
301228.SZ,20260429,13400,53.14,712076.0,53.91,0.011219,0.384337,11944.0
301229.SZ,20260429,4800,16.69,80112.0,16.65,0.00371285,0.120637,12928.1
301230.SZ,20260429,35300,40.99,1446947.0,41.6,0.0281016,0.337268,12561.6
301231.SZ,20260429,66100,28.78,1902358.0,29.95,0.101022,2.41403,6543.1
301232.SZ,20260429,5700,199.49,1137093.0,201.5,0.012761,0.0987385,4466.73
301233.SZ,20260429,1900,55.37,105203.0,55.67,0.00674222,0.193976,2818.06
301234.SZ,20260429,8500,41.01,348585.0,40.76,0.0211597,0.631284,4017.06
301235.SZ,20260429,5800,48.55,281590.0,49.1,0.00797304,0.0723411,7274.51
301236.SZ,20260429,39400,39.64,1561816.0,39.64,0.00501458,0.108025,78570.9
301237.SZ,20260429,15100,69.92,1055792.0,71.16,0.0259227,0.31468,5825.0
301238.SZ,20260429,17700,21.1,373470.0,21.3,0.00241364,0.164872,73333.3
301239.SZ,20260429,107300,44.63,4788799.0,45.1,0.0755399,2.13069,14204.4
301246.SZ,20260429,960300,25.27,24266781.0,25.2,0.564625,5.01839,17007.7
301248.SZ,20260429,150500,87.0,13093500.0,86.35,0.133982,1.05852,11232.9
301251.SZ,20260429,14900,62.5,931250.0,62.84,0.0275964,0.265265,5399.25
301252.SZ,20260429,4200,36.65,153930.0,36.7,0.00870562,0.101714,4824.47
301255.SZ,20260429,3700,27.94,103378.0,28.19,0.00971639,0.145415,3808.0
301256.SZ,20260429,36000,13.78,496080.0,13.82,0.0075,0.325298,48000.0
301257.SZ,20260429,18700,55.38,1035606.0,57.14,0.0248278,1.25344,7531.89
301258.SZ,20260429,1000,28.89,28890.0,29.07,0.00112278,0.056098,8906.5
301259.SZ,20260429,31500,38.88,1224720.0,38.66,0.0318597,0.801918,9887.1
301260.SZ,20260429,38200,15.3,584460.0,15.04,0.0186856,1.84122,20443.6
301261.SZ,20260429,241200,94.11,22699332.0,89.76,0.643486,10.163,3748.33
301262.SZ,20260429,14900,23.4,348660.0,23.49,0.0122056,0.370813,12207.5
301263.SZ,20260429,6500,28.82,187330.0,28.74,0.00214107,0.160814,30358.6
301265.SZ,20260429,21100,24.95,526445.0,25.06,0.0124266,0.165951,16979.7
301266.SZ,20260429,5000,41.11,205550.0,41.28,0.00479238,0.170539,10433.2
301267.SZ,20260429,111400,18.08,2014112.0,18.23,0.0171796,1.35716,64844.4
301268.SZ,20260429,4100,21.43,87863.0,21.46,0.00118945,0.0831282,34469.8
301269.SZ,20260429,104100,82.34,8571594.0,82.6,0.0190856,1.18955,54543.8
301270.SZ,20260429,900,33.65,30285.0,33.59,0.000952453,0.0277092,9449.28
301272.SZ,20260429,3000,44.65,133950.0,44.66,0.00957634,0.243978,3132.72
301273.SZ,20260429,5700,34.88,198816.0,34.9,0.0103662,0.270376,5498.62
301275.SZ,20260429,114800,43.61,5006428.0,43.75,0.0384771,1.70614,29835.9
301276.SZ,20260429,25900,26.42,684278.0,26.48,0.035839,0.867316,7226.76
301277.SZ,20260429,4000,11.46,45840.0,11.53,0.0010202,0.193728,39207.8
301278.SZ,20260429,19100,37.53,716823.0,37.72,0.0371581,0.298853,5140.2
301279.SZ,20260429,4000,28.79,115160.0,28.69,0.00398054,0.301829,10048.9
301280.SZ,20260429,7600,59.44,451744.0,59.46,0.0189396,0.436818,4012.76
301281.SZ,20260429,7300,38.88,283824.0,38.88,0.0102886,0.16415,7095.2
301282.SZ,20260429,44300,43.6,1931480.0,44.19,0.0349921,0.27498,12660.0
301283.SZ,20260429,53600,47.55,2548680.0,48.66,0.0847071,4.30802,6327.69
301285.SZ,20260429,3100,105.0,325500.0,106.09,0.00149998,0.0917684,20667.0
301286.SZ,20260429,9270,47.91,444125.7,48.3,0.00574779,0.303462,16127.9
301287.SZ,20260429,400,41.97,16788.0,41.95,0.00234861,0.0326834,1703.14
301288.SZ,20260429,3300,17.24,56892.0,17.27,0.00422483,0.597322,7810.96
301289.SZ,20260429,6700,54.84,367428.0,54.38,0.00864506,0.723397,7750.09
301290.SZ,20260429,3900,29.07,113373.0,29.17,0.00572176,0.113231,6816.09
301291.SZ,20260429,1138700,54.98,62605726.0,57.94,0.70448,8.52282,16163.7
301292.SZ,20260429,62900,80.4,5057160.0,81.0,0.0739403,0.338671,8506.86
301293.SZ,20260429,60800,62.94,3826752.0,63.21,0.0377767,0.799416,16094.6
301295.SZ,20260429,59900,46.7,2797330.0,45.4,0.203741,1.38464,2940.0
301296.SZ,20260429,96200,7.47,718614.0,7.45,0.0225234,2.42068,42711.2
301297.SZ,20260429,223700,42.0,9395400.0,42.85,0.0616291,1.04966,36297.8
301298.SZ,20260429,13100,16.11,211041.0,16.11,0.0121091,0.526995,10818.3
301299.SZ,20260429,1600,62.3,99680.0,62.2,0.00357309,0.0710004,4477.92
301300.SZ,20260429,59700,41.2,2459640.0,45.11,0.153973,6.78561,3877.3
301301.SZ,20260429,31500,9.62,303030.0,9.58,0.00509889,0.298591,61778.2
301302.SZ,20260429,124400,24.41,3036604.0,23.92,0.0895028,1.14678,13899.0
301303.SZ,20260429,4000,15.4,61600.0,15.37,0.00391389,0.0766669,10220.0
301305.SZ,20260429,13200,26.56,350592.0,26.69,0.0106698,0.220568,12371.3
301306.SZ,20260429,13343,147.51,1968225.93,150.02,0.0229015,0.231162,5826.25
301307.SZ,20260429,16200,45.8,741960.0,46.33,0.0148923,0.132042,10878.1
301308.SZ,20260429,303150,381.1,115530465.0,381.7,0.11048,1.64111,27439.4
301309.SZ,20260429,1900,33.2,63080.0,32.97,0.0031363,0.0985985,6058.09
301310.SZ,20260429,34900,60.32,2105168.0,60.92,0.0798323,0.6672,4371.67
301311.SZ,20260429,29200,16.7,487640.0,16.83,0.0121667,1.16742,24000.0
301312.SZ,20260429,89597,110.88,9934515.36,114.7,0.147965,1.30331,6055.28
301313.SZ,20260429,11700,35.5,415350.0,35.85,0.0148943,0.425316,7855.35
301314.SZ,20260429,6800,50.69,344692.0,51.15,0.0372452,0.432823,1825.74
301315.SZ,20260429,900,49.81,44829.0,49.7,0.00243243,0.0577657,3700.0
301316.SZ,20260429,38800,45.91,1781308.0,46.35,0.00969976,0.334028,40001.0
301317.SZ,20260429,64600,57.7,3727420.0,60.08,0.123763,1.20448,5219.67
301318.SZ,20260429,1300,24.3,31590.0,24.4,0.00146424,0.053703,8878.33
301319.SZ,20260429,51100,67.09,3428299.0,66.77,0.0546065,0.587487,9357.86
301320.SZ,20260429,2200,17.01,37422.0,17.04,0.00322537,0.127286,6820.92
301321.SZ,20260429,42300,24.98,1056654.0,25.39,0.0286546,0.692056,14762.0
301322.SZ,20260429,1400,36.49,51086.0,36.06,0.00147325,0.0480351,9502.77
301323.SZ,20260429,13600,66.0,897600.0,66.06,0.0201282,0.639491,6756.7
301325.SZ,20260429,38500,40.89,1574265.0,43.7,0.0665,1.96717,5789.47
301326.SZ,20260429,6600,158.88,1048608.0,159.67,0.00915936,0.38167,7205.74
301327.SZ,20260429,8100,61.51,498231.0,61.88,0.00464499,0.229262,17438.1
301328.SZ,20260429,4600,60.03,276138.0,59.95,0.00418592,0.201679,10989.2
301329.SZ,20260429,76500,24.65,1885725.0,23.25,0.127619,4.09535,5994.4
301330.SZ,20260429,175460,31.9,5597174.0,34.4,0.0902936,2.82864,19432.2
301331.SZ,20260429,4000,26.0,104000.0,26.08,0.00389722,0.270709,10263.7
301332.SZ,20260429,39700,9.46,375562.0,9.45,0.0149902,1.56777,26484.0
301333.SZ,20260429,2200,65.29,143638.0,65.83,0.00228112,0.1326,9644.37
301335.SZ,20260429,3700,25.6,94720.0,25.5,0.00730882,0.194709,5062.38
301336.SZ,20260429,15600,53.0,826800.0,53.15,0.0512647,1.52674,3043.03
301337.SZ,20260429,5000,27.28,136400.0,27.74,0.0112892,0.307138,4429.01
301338.SZ,20260429,32500,180.53,5867225.0,182.63,0.0612918,0.596161,5302.5
301339.SZ,20260429,15000,12.92,193800.0,12.94,0.0026325,0.385697,56980.0
301345.SZ,20260429,1300,269.47,350311.0,271.5,0.00371113,0.0535461,3502.97
301348.SZ,20260429,96500,23.8,2296700.0,24.2,0.0622022,0.887121,15513.9
301349.SZ,20260429,8000,57.78,462240.0,58.41,0.00992752,0.175177,8058.41
301353.SZ,20260429,27000,28.7,774900.0,28.17,0.0846893,3.15985,3188.12
301355.SZ,20260429,2700,12.55,33885.0,12.59,0.00269446,0.0800703,10020.5
301356.SZ,20260429,13600,21.35,290360.0,21.1,0.024813,0.959932,5481.0
301357.SZ,20260429,3800,106.99,406562.0,107.8,0.0039916,0.154644,9520.0
301358.SZ,20260429,365100,92.66,33830166.0,92.66,0.0480434,1.04751,75993.8
301359.SZ,20260429,5580,21.98,122648.4,22.14,0.00784291,0.276027,7114.7
301360.SZ,20260429,2300,83.5,192050.0,83.69,0.00910457,0.13663,2526.21
301361.SZ,20260429,5300,35.63,188839.0,35.83,0.017409,0.272944,3044.4
301362.SZ,20260429,8900,137.04,1219656.0,137.52,0.0299966,0.331379,2967.0
301363.SZ,20260429,25160,25.69,646360.4,25.9,0.00674164,0.311401,37320.3
301365.SZ,20260429,225600,33.86,7638816.0,34.53,0.222524,3.04741,10138.2
301366.SZ,20260429,7400,37.7,278980.0,37.7,0.00632498,0.185222,11699.6
301367.SZ,20260429,2400,66.84,160416.0,67.0,0.00341887,0.147452,7019.86
301368.SZ,20260429,7200,48.11,346392.0,48.1,0.0112287,0.277933,6412.14
301369.SZ,20260429,4700,161.16,757452.0,162.0,0.0129251,0.341069,3636.34
301370.SZ,20260429,43400,10.45,453530.0,10.42,0.0134055,1.58941,32374.9
301371.SZ,20260429,144800,28.25,4090600.0,28.73,0.186144,1.50484,7778.94
301372.SZ,20260429,32800,34.5,1131600.0,34.03,0.0796688,1.27836,4117.04
301373.SZ,20260429,48000,111.12,5333760.0,113.75,0.117696,0.535357,4078.31
301376.SZ,20260429,37200,15.65,582180.0,15.8,0.0192106,1.17302,19364.3
301377.SZ,20260429,11100,222.99,2475189.0,223.0,0.0156285,0.257023,7102.4
301378.SZ,20260429,9800,30.6,299880.0,30.89,0.021344,0.234246,4591.45
301379.SZ,20260429,35700,26.01,928557.0,26.39,0.0286094,0.337125,12478.4
301380.SZ,20260429,9500,32.83,311885.0,32.81,0.0117664,0.731796,8073.86
301381.SZ,20260429,3100,20.58,63798.0,20.65,0.00158594,0.070426,19546.8
301382.SZ,20260429,102900,40.78,4196262.0,41.7,0.0582815,0.522934,17655.7
301383.SZ,20260429,126500,27.47,3474955.0,28.65,0.179142,8.54364,7061.42
301386.SZ,20260429,4000,25.1,100400.0,25.1,0.00888889,0.170707,4500.0
301387.SZ,20260429,3300,62.32,205656.0,63.14,0.00773118,0.103467,4268.43
301388.SZ,20260429,2400,31.29,75096.0,31.43,0.00877302,0.141677,2735.66
301389.SZ,20260429,87700,61.25,5371625.0,62.7,0.103702,0.753881,8456.9
301390.SZ,20260429,7900,36.2,285980.0,36.53,0.0257531,0.725124,3067.59
301391.SZ,20260429,11600,79.13,917908.0,79.7,0.0124952,0.290167,9283.56
301392.SZ,20260429,76500,153.0,11704500.0,156.47,0.187519,1.58985,4079.59
301393.SZ,20260429,4200,60.55,254310.0,61.25,0.00997512,0.142029,4210.48
301395.SZ,20260429,3900,13.01,50739.0,12.93,0.00306292,0.0539276,12732.9
301396.SZ,20260429,626270,296.0,185375920.0,335.99,0.823161,4.6256,7608.11
301397.SZ,20260429,6600,36.93,243738.0,36.92,0.00934259,0.122029,7064.42
301398.SZ,20260429,26000,42.63,1108380.0,43.54,0.0698568,1.82809,3721.9
301399.SZ,20260429,8400,21.56,181104.0,21.75,0.0153611,0.138312,5468.36
301408.SZ,20260429,165900,20.1,3334590.0,20.48,0.0724583,0.499961,22895.9
301413.SZ,20260429,7000,97.22,680540.0,97.15,0.0119149,0.164573,5874.99
301418.SZ,20260429,8900,40.9,364010.0,40.99,0.0302347,0.682455,2943.63
301419.SZ,20260429,28500,39.9,1137150.0,40.2,0.0359274,0.546547,7932.66
301421.SZ,20260429,50900,99.0,5039100.0,100.0,0.109915,0.881618,4630.85
301428.SZ,20260429,22600,32.6,736760.0,32.91,0.0369302,0.445552,6119.65
301429.SZ,20260429,9700,20.54,199238.0,20.62,0.0220349,0.611169,4402.1
301439.SZ,20260429,4300,16.01,68843.0,16.07,0.00234656,0.0906174,18324.7
301446.SZ,20260429,900,39.19,35271.0,39.14,0.00289668,0.0784846,3107.0
301448.SZ,20260429,600,37.7,22620.0,37.79,0.00124269,0.078228,4828.25
301449.SZ,20260429,4300,69.68,299624.0,70.38,0.0309058,0.254269,1391.33
301456.SZ,20260429,1600,31.3,50080.0,31.22,0.00270227,0.0883601,5920.96
301458.SZ,20260429,10000,38.59,385900.0,38.88,0.00851194,0.0955759,11748.2
301459.SZ,20260429,600,36.3,21780.0,36.3,0.00229894,0.0648748,2609.9
301468.SZ,20260429,8800,49.6,436480.0,50.31,0.0117329,0.12767,7500.26
301469.SZ,20260429,3700,36.35,134495.0,36.47,0.00803323,0.125022,4605.87
301479.SZ,20260429,9400,105.16,988504.0,107.74,0.018457,0.255976,5092.92
301486.SZ,20260429,219500,200.0,43900000.0,202.86,0.302952,1.81182,7245.38
301487.SZ,20260429,29700,22.66,673002.0,22.78,0.0108873,0.23615,27279.4
301488.SZ,20260429,2399,122.5,293877.5,122.54,0.0102468,0.197605,2341.22
301489.SZ,20260429,10900,216.1,2355490.0,221.0,0.0228988,0.259585,4760.07
301491.SZ,20260429,1100,47.92,52712.0,48.08,0.00384838,0.134025,2858.34
301498.SZ,20260429,23500,54.67,1284745.0,54.2,0.0131034,0.269722,17934.3
301499.SZ,20260429,5000,34.87,174350.0,34.87,0.014466,0.131593,3456.37
301500.SZ,20260429,707340,30.16,21333374.4,29.94,0.491036,2.29707,14405.1
301501.SZ,20260429,7100,33.03,234513.0,33.47,0.0163218,0.517448,4350.0
301502.SZ,20260429,7900,46.39,366481.0,46.01,0.033493,0.444995,2358.7
301503.SZ,20260429,31500,34.77,1095255.0,36.12,0.0969828,3.41266,3248.0
301505.SZ,20260429,10600,22.75,241150.0,22.97,0.0135564,0.181183,7819.16
301507.SZ,20260429,13000,14.53,188890.0,14.44,0.0118105,0.380826,11007.2
301508.SZ,20260429,4400,29.01,127644.0,28.92,0.00747836,0.289109,5883.64
301509.SZ,20260429,3800,35.25,133950.0,35.55,0.00669711,0.0708149,5674.09
301510.SZ,20260429,136500,37.9,5173350.0,37.7,0.0488968,0.678361,27915.9
301511.SZ,20260429,344900,67.72,23356628.0,67.69,0.0920639,0.700645,37463.1
301512.SZ,20260429,11300,49.21,556073.0,49.3,0.0455399,0.565508,2481.34
301513.SZ,20260429,46300,75.05,3474815.0,76.03,0.229788,0.775715,2014.9
301515.SZ,20260429,5800,23.27,134966.0,23.43,0.00884543,0.304072,6557.06
301516.SZ,20260429,41200,19.2,791040.0,19.42,0.05871,0.636947,7017.54
301517.SZ,20260429,11700,63.67,744939.0,63.93,0.0119924,0.163547,9756.21
301518.SZ,20260429,7800,37.31,291018.0,37.96,0.0145917,0.280199,5345.52
301519.SZ,20260429,5700,14.93,85101.0,14.89,0.00755222,0.207409,7547.45
301520.SZ,20260429,300,41.62,12486.0,41.84,0.00127813,0.027912,2347.17
301522.SZ,20260429,12100,30.7,371470.0,30.39,0.00429967,0.209649,28141.7
301525.SZ,20260429,4500,68.4,307800.0,68.5,0.00910909,0.255483,4940.12
301526.SZ,20260429,1137500,15.6,17745000.0,15.92,0.0809959,0.506489,140439.0
301528.SZ,20260429,600,71.26,42756.0,71.26,0.00188484,0.0375704,3183.3
301529.SZ,20260429,9900,123.02,1217898.0,125.05,0.021884,0.241375,4523.85
301533.SZ,20260429,1300,32.22,41886.0,32.02,0.00457156,0.131704,2843.67
301535.SZ,20260429,4400,18.61,81884.0,18.74,0.00259134,0.135086,16979.6
301536.SZ,20260429,61597,80.5,4958558.5,80.75,0.0329056,0.469172,18719.3
301538.SZ,20260429,1200,75.11,90132.0,75.5,0.00384373,0.0854292,3121.97
301539.SZ,20260429,22100,17.96,396916.0,18.0,0.0294424,0.76011,7506.17
301548.SZ,20260429,1300,78.57,102141.0,78.8,0.00495522,0.0473135,2623.5
301550.SZ,20260429,6600,154.86,1022076.0,154.9,0.00467821,0.126458,14108.0
301551.SZ,20260429,6400,28.3,181120.0,28.25,0.00414095,0.210319,15455.4
301552.SZ,20260429,7700,39.39,303303.0,38.94,0.0323529,0.356859,2380.0
301555.SZ,20260429,4800,36.95,177360.0,37.26,0.00992869,0.190732,4834.48
301556.SZ,20260429,3800,83.0,315400.0,82.93,0.0128901,0.166398,2948.0
301557.SZ,20260429,1100,105.5,116050.0,107.38,0.00619196,0.108121,1776.5
301558.SZ,20260429,13700,8.11,111107.0,8.13,0.00624767,0.218393,21928.2
301559.SZ,20260429,8600,16.3,140180.0,16.27,0.00955556,0.419668,9000.0
301560.SZ,20260429,68300,43.0,2936900.0,43.85,0.111857,1.26318,6106.0
301563.SZ,20260429,3000,161.32,483960.0,162.1,0.0203808,0.249036,1471.98
301565.SZ,20260429,13600,20.91,284376.0,20.97,0.0106242,0.493314,12801.0
301566.SZ,20260429,60900,23.92,1456728.0,24.28,0.0288507,0.306639,21108.7
301567.SZ,20260429,0,,0.0,41.83,0.0,0.0,2123.99
301568.SZ,20260429,33500,54.93,1840155.0,54.08,0.0703791,0.906406,4759.94
301571.SZ,20260429,17200,68.68,1181296.0,68.68,0.0144336,0.295453,11916.7
301575.SZ,20260429,800,44.8,35840.0,44.93,0.00459545,0.0807097,1740.85
301577.SZ,20260429,1600,64.32,102912.0,64.32,0.00849205,0.0633587,1884.12
301578.SZ,20260429,1700,33.63,57171.0,33.75,0.00733711,0.197466,2316.99
301580.SZ,20260429,46500,73.0,3394500.0,71.01,0.0645681,1.00448,7201.7
301581.SZ,20260429,100,46.02,4602.0,46.08,0.000236437,0.0185252,4229.45
301584.SZ,20260429,6100,26.0,158600.0,26.06,0.0113564,0.22836,5371.43
301585.SZ,20260429,8500,31.45,267325.0,31.61,0.01248,0.333547,6810.89
301586.SZ,20260429,23400,41.55,972270.0,42.74,0.0442251,2.50803,5291.11
301587.SZ,20260429,83000,29.84,2476720.0,30.2,0.112997,0.721834,7345.3
301588.SZ,20260429,70100,30.93,2168193.0,30.48,0.0955572,0.423203,7335.92
301589.SZ,20260429,0,,0.0,167.16,0.0,0.0,3446.5
301590.SZ,20260429,23300,166.51,3879683.0,178.99,0.270846,4.13337,860.268
301591.SZ,20260429,600,39.49,23694.0,39.59,0.00176791,0.0444104,3393.84
301592.SZ,20260429,5300,124.0,657200.0,124.21,0.0226899,0.315622,2335.84
301595.SZ,20260429,3200,43.72,139904.0,44.03,0.0131347,0.195265,2436.3
301596.SZ,20260429,2000,66.8,133600.0,67.31,0.00638639,0.159736,3131.66
301598.SZ,20260429,600,62.75,37650.0,63.2,0.00341925,0.0780302,1754.77
301600.SZ,20260429,500,104.8,52400.0,105.0,0.00154998,0.0546013,3225.85
301601.SZ,20260429,400,22.09,8836.0,22.2,0.000473485,0.0143449,8448.0
301602.SZ,20260429,13000,18.28,237640.0,18.34,0.00623503,0.72776,20849.9
301603.SZ,20260429,12600,101.61,1280286.0,101.66,0.033393,0.232594,3773.25
301606.SZ,20260429,32500,73.38,2384850.0,74.1,0.0196971,0.838457,16499.9
301607.SZ,20260429,17200,50.9,875480.0,50.88,0.015881,0.153496,10830.5
301608.SZ,20260429,4100,89.61,367401.0,89.6,0.0102661,0.244962,3993.72
301609.SZ,20260429,2900,44.3,128470.0,44.48,0.00791312,0.140992,3664.8
301611.SZ,20260429,130731,105.32,13768588.92,107.0,0.0891858,0.716858,14658.3
301613.SZ,20260429,800,45.72,36576.0,45.99,0.000953502,0.0640159,8390.12
301616.SZ,20260429,10800,45.74,493992.0,45.2,0.0380258,1.06673,2840.18
301617.SZ,20260429,2780,58.86,163630.8,59.02,0.00524133,0.103005,5304.0
301618.SZ,20260429,5600,47.34,265104.0,47.73,0.0168907,1.26308,3315.43
301622.SZ,20260429,1400,53.43,74802.0,53.44,0.00216519,0.0527898,6465.94
301626.SZ,20260429,2000,263.8,527600.0,263.79,0.00380091,0.0936691,5261.9
301628.SZ,20260429,1200,106.28,127536.0,107.22,0.00430481,0.0556677,2787.58
301629.SZ,20260429,16000,305.08,4881280.0,311.51,0.0833505,0.442903,1919.61
301630.SZ,20260429,9400,251.46,2363724.0,256.83,0.094,0.449989,1000.0
301631.SZ,20260429,33500,111.28,3727880.0,112.15,0.109101,0.899836,3070.55
301632.SZ,20260429,3900,20.23,78897.0,20.23,0.00532336,0.218726,7326.2
301633.SZ,20260429,14800,59.18,875864.0,61.8,0.058015,5.10207,2551.06
301636.SZ,20260429,40600,59.13,2400678.0,61.51,0.254275,1.722,1596.7
301638.SZ,20260429,516000,27.47,14174520.0,26.41,0.219593,1.86137,23498.0
301656.SZ,20260429,100600,19.1,1921460.0,19.34,0.0494036,0.892467,20362.9
301658.SZ,20260429,119400,37.2,4441680.0,39.48,0.122566,1.44819,9741.67
301662.SZ,20260429,54006,160.0,8640960.0,154.0,0.175611,2.77841,3075.31
301665.SZ,20260429,7300,27.21,198633.0,27.24,0.00700778,0.197004,10417.0
301666.SZ,20260429,463200,275.0,127380000.0,252.81,1.74685,5.06315,2651.63
301667.SZ,20260429,109485,107.24,11741171.4,111.7,0.48672,1.15787,2249.45
301668.SZ,20260429,46200,42.42,1959804.0,46.77,0.1899,3.27642,2432.86
301678.SZ,20260429,1800,57.0,102600.0,57.3,0.00375696,0.0723003,4791.11
301680.SZ,20260429,28400,106.5,3024600.0,106.0,0.169023,1.41566,1680.25
301682.SZ,20260429,15000,122.46,1836900.0,123.7,0.0583957,0.452353,2568.68
301683.SZ,20260429,42400,131.99,5596376.0,134.99,0.297217,1.30872,1426.56
301687.SZ,20260429,12700,59.88,760476.0,60.07,0.0429994,0.30165,2953.53
301696.SZ,20260429,78300,94.47,7397001.0,92.97,0.260277,1.18026,3008.34
302132.SZ,20260429,55200,66.77,3685704.0,66.78,0.00941868,1.02292,58606.9
920000.BJ,20260429,12804,15.42,197437.68,15.52,0.0222315,1.88577,5759.39
920001.BJ,20260429,3812,14.4,54892.8,14.4,0.00429807,0.266183,8869.1
920002.BJ,20260429,0,,0.0,81.06,0.0,0.0,3185.51
920003.BJ,20260429,3650,30.0,109500.0,29.7,0.0274135,0.168196,1331.46
920005.BJ,20260429,300,34.23,10269.0,34.07,0.00139535,0.0723537,2150.0
920006.BJ,20260429,2580,19.32,49845.6,19.3,0.00539782,0.193572,4779.71
920007.BJ,20260429,200,52.11,10422.0,52.1,0.0018792,0.0821905,1064.29
920008.BJ,20260429,8368,25.09,209953.12,25.32,0.0245968,0.822133,3402.07
920009.BJ,20260429,1000,64.5,64500.0,64.09,0.0138889,0.625755,720.0
920010.BJ,20260429,55218,11.59,639976.62,11.6,0.0317996,0.514913,17364.3
920011.BJ,20260429,59705,24.3,1450831.5,24.76,0.320995,2.41373,1860.0
920012.BJ,20260429,13237,54.04,715327.48,54.28,0.0997613,0.324658,1326.87
920014.BJ,20260429,4700,11.69,54943.0,11.73,0.00700998,0.167636,6704.73
920015.BJ,20260429,613,39.6,24274.8,39.29,0.00153202,0.034836,4001.24
920016.BJ,20260429,0,,0.0,16.55,0.0,0.0,3423.72
920017.BJ,20260429,11744,17.33,203523.52,17.4,0.00950857,1.00428,12351.0
920018.BJ,20260429,12462,28.9,360151.8,28.4,0.0281794,1.1694,4422.38
920019.BJ,20260429,14534,17.3,251438.2,17.38,0.00867517,0.826582,16753.6
920020.BJ,20260429,0,,0.0,15.52,0.0,0.0,5510.09
920021.BJ,20260429,42190,9.27,391101.3,9.33,0.0170427,0.258678,24755.5
920022.BJ,20260429,10879,25.77,280351.83,25.9,0.065477,2.27417,1661.5
920023.BJ,20260429,0,,0.0,2.59,0.0,0.0,26880.9
920026.BJ,20260429,21931,35.58,780304.98,36.36,0.0589311,2.0187,3721.46
920027.BJ,20260429,1000,17.93,17930.0,17.72,0.00236947,0.0979547,4220.35
920028.BJ,20260429,49300,17.52,863736.0,17.7,0.115839,0.729019,4255.91
920029.BJ,20260429,44415,75.0,3331125.0,84.55,0.0328649,8.20904,13514.4
920030.BJ,20260429,0,,0.0,5.51,0.0,0.0,11247.4
920033.BJ,20260429,137893,17.4,2399338.2,15.94,0.166616,13.8998,8276.1
920035.BJ,20260429,8582,30.44,261236.08,30.55,0.0549536,0.97443,1561.68
920036.BJ,20260429,95260,40.5,3858030.0,42.71,0.729331,4.48492,1306.13
920037.BJ,20260429,12042,74.9,901945.8,74.64,0.0407315,1.32043,2956.43
920039.BJ,20260429,860,9.15,7869.0,9.19,0.000559095,0.114805,15382.0
920045.BJ,20260429,21131,521.0,11009251.0,536.16,0.104986,1.51836,2012.75
920046.BJ,20260429,14606,25.63,374351.78,26.01,0.0261162,0.288251,5592.7
920047.BJ,20260429,2800,25.84,72352.0,25.84,0.00155464,0.061162,18010.6
920050.BJ,20260429,9753,32.0,312096.0,32.27,0.0538761,1.64446,1810.27
920055.BJ,20260429,9961,33.34,332099.74,32.72,0.0651046,0.640717,1530.0
920056.BJ,20260429,8260,21.61,178498.6,21.53,0.02678,1.04202,3084.39
920057.BJ,20260429,10200,5.99,61098.0,6.06,0.00886412,0.940824,11507.1
920058.BJ,20260429,11400,26.74,304836.0,27.11,0.0413127,3.89579,2759.44
920060.BJ,20260429,21000,32.09,673890.0,32.35,0.0221462,0.370874,9482.43
920061.BJ,20260429,3980,22.6,89948.0,22.15,0.0101107,0.585643,3936.44
920062.BJ,20260429,180,9.9,1782.0,9.94,0.000134821,0.00440924,13351.0
920066.BJ,20260429,0,,0.0,21.1,0.0,0.0,1987.33
920068.BJ,20260429,4500,20.35,91575.0,19.99,0.00717655,0.21146,6270.43
920069.BJ,20260429,6822,36.23,247161.06,36.44,0.046164,0.366157,1477.77
920075.BJ,20260429,48254,21.37,1031187.98,20.22,0.138347,10.7811,3487.89
920076.BJ,20260429,21476,20.46,439398.96,19.96,0.108676,2.4021,1976.14
920077.BJ,20260429,44655,18.73,836388.15,18.73,0.0147205,0.463721,30335.3
920078.BJ,20260429,11586,24.3,281539.8,24.02,0.055971,0.245614,2070.0
920080.BJ,20260429,924,23.39,21612.36,23.57,0.00402164,0.205523,2297.57
920082.BJ,20260429,1500,14.64,21960.0,14.76,0.00379104,0.181242,3956.7
920086.BJ,20260429,16521,28.93,477952.53,28.75,0.0617734,0.81358,2674.45
920087.BJ,20260429,1267,13.35,16914.45,13.28,0.000772344,0.0257394,16404.6
920088.BJ,20260429,29391,50.16,1474252.56,49.72,0.0902499,0.470688,3256.62
920089.BJ,20260429,40800,18.44,752352.0,18.83,0.0475432,2.47075,8581.67
920090.BJ,20260429,10300,4.56,46968.0,4.53,0.00691587,0.0811554,14893.3
920091.BJ,20260429,30153,52.01,1568257.53,55.2,0.207949,3.68663,1450.02
920092.BJ,20260429,909,28.15,25588.35,28.16,0.00275844,0.090034,3295.34
920098.BJ,20260429,900,25.28,22752.0,25.28,0.00162526,0.189085,5537.57
920099.BJ,20260429,59956,30.18,1809472.08,31.67,0.123665,5.90616,4848.27
920100.BJ,20260429,2200,46.0,101200.0,46.32,0.0112416,0.392579,1957.01
920101.BJ,20260429,4433,34.4,152495.2,34.69,0.0159354,1.09308,2781.85
920106.BJ,20260429,1500,61.78,92670.0,62.4,0.00343604,0.160759,4365.49
920108.BJ,20260429,1000,10.61,10610.0,10.63,0.00137047,0.130783,7296.77
920110.BJ,20260429,1800,31.1,55980.0,31.1,0.0110844,0.683962,1623.9
920111.BJ,20260429,101835,32.15,3273995.25,32.52,0.13526,0.686329,7528.81
920112.BJ,20260429,1600,32.5,52000.0,32.05,0.00690161,0.679061,2318.3
920116.BJ,20260429,9157,94.34,863871.38,95.3,0.00596644,0.316665,15347.5
920118.BJ,20260429,0,,0.0,19.96,0.0,0.0,3133.91
920119.BJ,20260429,6675,92.6,618105.0,90.95,0.0351746,0.917667,1897.68
920121.BJ,20260429,500,35.41,17705.0,35.17,0.00420441,0.223031,1189.23
920122.BJ,20260429,1872,25.59,47904.48,25.25,0.00500868,0.50589,3737.51
920123.BJ,20260429,265,13.09,3468.85,13.19,0.000416451,0.0170939,6363.29
920124.BJ,20260429,500,15.12,7560.0,15.12,0.000653327,0.0325513,7653.14
920125.BJ,20260429,82559,50.5,4169229.5,51.6,0.500918,0.822787,1648.15
920128.BJ,20260429,5400,23.77,128358.0,23.93,0.0222222,0.938652,2430.0
920130.BJ,20260429,495,18.53,9172.35,18.57,0.00087475,0.053743,5658.76
920132.BJ,20260429,29655,13.14,389666.7,13.0,0.105447,5.96965,2812.32
920139.BJ,20260429,1200,17.5,21000.0,17.41,0.000461663,0.0243869,25993.0
920145.BJ,20260429,100,13.68,1368.0,13.73,0.000205791,0.0130657,4859.3
920146.BJ,20260429,700,6.62,4634.0,6.6,0.000653364,0.0292699,10713.8
920149.BJ,20260429,382,9.8,3743.6,9.75,0.00060379,0.0428949,6326.7
920152.BJ,20260429,38445,13.65,524774.25,14.21,0.0467921,2.33258,8216.12
920156.BJ,20260429,134092,39.0,5229588.0,39.8,0.617708,0.886728,2170.8
920158.BJ,20260429,20824,16.21,337557.04,16.34,0.0545997,0.723294,3813.94
920159.BJ,20260429,4911,39.93,196096.23,40.19,0.0341042,0.189873,1440.0
920160.BJ,20260429,1350,22.65,30577.5,22.65,0.00529661,0.218416,2548.8
920163.BJ,20260429,3300,12.48,41184.0,12.3,0.00549158,0.498125,6009.2
920166.BJ,20260429,0,,0.0,26.71,0.0,0.0,2376.47
920167.BJ,20260429,287638,18.8,5407594.4,16.66,0.440057,28.7887,6536.38
920168.BJ,20260429,200,21.1,4220.0,21.09,0.000709861,0.0203201,2817.45
920169.BJ,20260429,40016,26.57,1063225.12,27.52,0.0787667,2.54547,5080.32
920171.BJ,20260429,21210,20.11,426533.1,19.98,0.0313609,0.550644,6763.2
920174.BJ,20260429,11353,40.26,457071.78,39.85,0.0130493,0.954652,8700.08
920175.BJ,20260429,5864,9.73,57056.72,9.8,0.00739696,0.247831,7927.59
920177.BJ,20260429,13128,32.41,425478.48,32.42,0.111519,0.567554,1177.2
920179.BJ,20260429,12453,47.7,594008.1,48.05,0.0208528,0.259504,5971.85
920180.BJ,20260429,9006,14.64,131847.84,14.66,0.0252485,0.388536,3566.95
920181.BJ,20260429,13632,75.44,1028398.08,75.74,0.136048,0.451206,1002.0
920183.BJ,20260429,5626,36.44,205011.44,36.1,0.0500097,0.68008,1124.98
920184.BJ,20260429,3000,15.04,45120.0,15.06,0.00335691,0.172105,8936.79
920185.BJ,20260429,92956,30.28,2814707.68,30.71,0.00831712,0.697167,111765.0
920187.BJ,20260429,64544,34.58,2231931.52,36.36,0.281934,6.69434,2289.33
920188.BJ,20260429,12668,25.98,329114.64,26.0,0.0639996,0.492132,1979.39
920190.BJ,20260429,4977,23.11,115018.47,23.04,0.00500487,0.326554,9944.3
920191.BJ,20260429,98490,12.42,1223245.8,12.64,0.246749,1.29112,3991.5
920195.BJ,20260429,120637,17.5,2111147.5,19.86,0.17049,19.6171,7075.9
920198.BJ,20260429,100,8.31,831.0,8.36,0.000141912,0.00763331,7046.6
920199.BJ,20260429,600,31.4,18840.0,31.06,0.00158198,0.0555395,3792.73
920204.BJ,20260429,22861,15.35,350916.35,15.08,0.0457305,2.51616,4999.07
920207.BJ,20260429,20717,28.75,595613.75,29.32,0.0367881,0.262082,5631.45
920208.BJ,20260429,300,23.1,6930.0,23.1,0.000294468,0.0349645,10187.9
920212.BJ,20260429,17233,11.7,201626.1,11.86,0.0333958,1.94259,5160.23
920221.BJ,20260429,2147,15.06,32333.82,14.9,0.00347608,0.309014,6176.49
920223.BJ,20260429,700,17.12,11984.0,17.1,0.000858014,0.0258117,8158.38
920225.BJ,20260429,8134,26.71,217259.14,26.85,0.00982579,0.192958,8278.22
920227.BJ,20260429,100,57.01,5701.0,57.03,0.000564391,0.0229611,1771.82
920230.BJ,20260429,61133,11.95,730539.35,12.1,0.129388,1.6572,4724.77
920237.BJ,20260429,2100,19.5,40950.0,19.34,0.00247765,0.114266,8475.77
920239.BJ,20260429,1453,30.48,44287.44,30.45,0.000809765,0.0886307,17943.5
920242.BJ,20260429,2250,24.66,55485.0,24.8,0.00597348,0.464282,3766.65
920245.BJ,20260429,9800,24.27,237846.0,25.07,0.0257922,2.04262,3799.6
920247.BJ,20260429,6971,18.12,126314.52,18.0,0.005083,0.294713,13714.3
920249.BJ,20260429,49436,9.43,466181.48,9.43,0.0396536,0.38011,12467.0
920252.BJ,20260429,2807,26.02,73038.14,26.01,0.00411395,0.107084,6823.12
920260.BJ,20260429,5225,9.3,48592.5,9.34,0.00528425,0.340803,9887.88
920261.BJ,20260429,800,15.37,12296.0,15.22,0.000467288,0.0278583,17120.1
920262.BJ,20260429,5101,19.56,99775.56,19.76,0.016357,1.02149,3118.54
920263.BJ,20260429,2949,10.26,30256.74,10.26,0.00287444,0.235622,10259.4
920266.BJ,20260429,5500,8.24,45320.0,8.1,0.00464172,0.734664,11849.0
920267.BJ,20260429,5700,18.14,103398.0,18.14,0.0192068,1.4565,2967.7
920270.BJ,20260429,1300,15.05,19565.0,15.15,0.0016024,0.137129,8112.83
920271.BJ,20260429,2100,12.58,26418.0,12.67,0.00362754,0.164399,5789.04
920273.BJ,20260429,2100,21.86,45906.0,21.64,0.00305807,0.10783,6867.07
920274.BJ,20260429,100,21.66,2166.0,21.76,0.000122951,0.00986866,8133.33
920275.BJ,20260429,2000,7.17,14340.0,7.16,0.00151613,0.191372,13191.5
920278.BJ,20260429,58913,7.65,450684.45,7.78,0.0795606,4.76552,7404.8
920284.BJ,20260429,800,32.11,25688.0,32.25,0.00119295,0.0244836,6706.07
920299.BJ,20260429,3800,22.53,85614.0,22.75,0.00836732,0.162334,4541.48
920300.BJ,20260429,800,11.01,8808.0,11.01,0.00120244,0.0537669,6653.17
920304.BJ,20260429,0,,0.0,11.67,0.0,0.0,13645.4
920305.BJ,20260429,153659,3.55,545489.45,3.91,0.189467,2.26286,8110.09
920339.BJ,20260429,210,8.03,1686.3,8.09,0.00013891,0.0285634,15117.7
920344.BJ,20260429,800,20.29,16232.0,20.41,0.000703432,0.0882235,11372.8
920346.BJ,20260429,4800,20.0,96000.0,19.99,0.0107614,0.771035,4460.37
920351.BJ,20260429,11100,16.4,182040.0,16.25,0.0278612,0.88353,3984.03
920357.BJ,20260429,3517,25.3,88980.1,25.56,0.00790078,0.151374,4451.46
920363.BJ,20260429,10000,16.1,161000.0,16.12,0.0195735,1.07515,5108.96
920367.BJ,20260429,2821,18.46,52075.66,18.39,0.00671785,0.241793,4199.26
920368.BJ,20260429,19237,31.1,598270.7,31.21,0.00861221,0.213901,22336.9
920370.BJ,20260429,0,,0.0,3.34,0.0,0.0,26145.4
920371.BJ,20260429,8300,9.11,75613.0,9.11,0.00426057,0.409709,19481.0
920374.BJ,20260429,2800,18.61,52108.0,18.76,0.00820788,0.365819,3411.35
920375.BJ,20260429,9171,12.95,118764.45,12.93,0.0141274,0.28439,6491.62
920378.BJ,20260429,0,,0.0,8.0,0.0,0.0,11138.2
920392.BJ,20260429,500,19.2,9600.0,19.15,0.00137401,0.0733316,3638.99
920394.BJ,20260429,1991,49.68,98912.88,49.34,0.00137147,0.131022,14517.3
920395.BJ,20260429,0,,0.0,9.52,0.0,0.0,10474.4
920396.BJ,20260429,4511,28.03,126443.33,27.95,0.00879187,0.367421,5130.88
920402.BJ,20260429,136436,9.7,1323429.2,9.96,0.0499998,1.33075,27287.3
920403.BJ,20260429,2069,21.46,44400.74,21.45,0.00350123,0.10411,5909.36
920405.BJ,20260429,265744,15.38,4087142.72,18.4,0.241409,8.30777,11008.0
920407.BJ,20260429,6753,17.19,116084.07,17.19,0.019427,0.799722,3476.09
920414.BJ,20260429,2924,11.11,32485.64,11.01,0.0052142,0.11638,5607.76
920415.BJ,20260429,0,,0.0,11.97,0.0,0.0,10823.1
920418.BJ,20260429,7100,24.68,175228.0,24.81,0.00456032,0.475093,15569.1
920419.BJ,20260429,11812,12.96,153083.52,13.01,0.0122162,1.45882,9669.13
920422.BJ,20260429,60733,11.19,679602.27,10.8,0.0917102,5.83522,6622.27
920425.BJ,20260429,263895,23.1,6095974.5,19.38,0.445668,26.9493,5921.33
920427.BJ,20260429,29859,11.5,343378.5,11.39,0.0586528,2.19767,5090.8
920429.BJ,20260429,3300,11.99,39567.0,11.9,0.00290748,0.146807,11350.0
920433.BJ,20260429,6267,5.12,32087.04,5.05,0.00370135,0.479033,16931.6
920436.BJ,20260429,4923,13.9,68429.7,13.6,0.00553967,0.55343,8886.82
920438.BJ,20260429,11429,43.8,500590.2,43.39,0.00819906,0.209096,13939.4
920445.BJ,20260429,9273,9.55,88557.15,9.68,0.00878856,0.67693,10551.2
920454.BJ,20260429,500,14.2,7100.0,14.23,0.00101563,0.0485547,4923.05
920455.BJ,20260429,267,7.59,2026.53,7.64,0.000284762,0.0366709,9376.24
920469.BJ,20260429,1100,8.56,9416.0,8.55,0.00106333,0.0664038,10344.8
920471.BJ,20260429,226063,15.53,3510758.39,15.53,0.426288,4.00112,5303.06
920475.BJ,20260429,13211,13.64,180198.04,13.87,0.0235078,1.37726,5619.84
920476.BJ,20260429,3205,19.38,62112.9,19.32,0.00397495,0.24004,8063.0
920478.BJ,20260429,171300,15.32,2624316.0,16.37,0.362616,13.5432,4724.01
920489.BJ,20260429,16787,14.3,240054.1,14.41,0.0193342,0.49778,8682.55
920491.BJ,20260429,138520,24.19,3350798.8,25.2,0.119864,5.16126,11556.4
920493.BJ,20260429,7891,148.18,1169288.38,148.88,0.0180174,0.243554,4379.65
920496.BJ,20260429,0,,0.0,8.84,0.0,0.0,14499.8
920504.BJ,20260429,4400,21.4,94160.0,21.09,0.0257432,1.78817,1709.19
920505.BJ,20260429,3300,37.25,122925.0,37.1,0.00916389,0.356889,3601.09
920508.BJ,20260429,0,,0.0,18.75,0.0,0.0,3190.59
920509.BJ,20260429,1700,30.62,52054.0,30.7,0.00202416,0.0647905,8398.55
920510.BJ,20260429,1000,14.45,14450.0,14.51,0.00106497,0.0617996,9389.91
920519.BJ,20260429,3100,11.97,37107.0,11.82,0.00538786,0.320307,5753.67
920522.BJ,20260429,48163,52.9,2547822.7,54.15,0.0370435,0.918438,13001.7
920523.BJ,20260429,38750,22.77,882337.5,23.15,0.0478162,2.9177,8103.95
920526.BJ,20260429,36294,22.13,803186.22,21.89,0.0693064,0.676681,5236.75
920527.BJ,20260429,1000,17.0,17000.0,17.12,0.00275118,0.246018,3634.8
920533.BJ,20260429,1500,22.58,33870.0,22.43,0.00205094,0.104496,7313.71
920541.BJ,20260429,0,,0.0,11.94,0.0,0.0,9005.87
920547.BJ,20260429,300,22.7,6810.0,22.68,0.000795368,0.0598301,3771.84
920553.BJ,20260429,1707,8.42,14372.94,8.48,0.00187554,0.202126,9101.38
920556.BJ,20260429,2338,8.88,20761.44,8.88,0.00198981,0.0960077,11749.9
920564.BJ,20260429,750,23.62,17715.0,23.8,0.00182968,0.024781,4099.07
920566.BJ,20260429,48907,10.78,527217.46,10.36,0.0435323,4.68102,11234.7
920570.BJ,20260429,4401,28.0,123228.0,27.32,0.0180629,1.09755,2436.48
920571.BJ,20260429,77496,10.67,826882.32,10.68,0.0274111,0.428605,28271.8
920575.BJ,20260429,11592,6.72,77898.24,6.76,0.00617125,0.216507,18783.9
920576.BJ,20260429,27654,66.97,1851988.38,68.21,0.0258738,0.669634,10688.0
920578.BJ,20260429,2550,18.06,46053.0,18.19,0.011087,0.430396,2300.0
920579.BJ,20260429,700,17.49,12243.0,17.45,0.00157041,0.0722468,4457.44
920580.BJ,20260429,4000,13.19,52760.0,13.2,0.00730419,0.159259,5476.31
920592.BJ,20260429,7851,29.06,228150.06,29.0,0.0156128,0.620581,5028.57
920593.BJ,20260429,3200,26.6,85120.0,26.86,0.00198007,0.142191,16161.0
920599.BJ,20260429,16817,18.8,316159.6,18.65,0.00479699,0.615475,35057.4
920608.BJ,20260429,1425,16.07,22899.75,16.11,0.00295527,0.342095,4821.89
920627.BJ,20260429,1727,19.32,33365.64,19.23,0.00368879,0.136486,4681.75
920634.BJ,20260429,24300,22.5,546750.0,22.7,0.059959,1.06716,4052.77
920639.BJ,20260429,51821,7.67,397467.07,7.5,0.0436374,2.41073,11875.4
920640.BJ,20260429,17169,34.51,592502.19,34.25,0.00950568,0.322466,18061.8
920641.BJ,20260429,28204,17.33,488775.32,17.72,0.0620938,1.18404,4542.16
920642.BJ,20260429,6750,11.68,78840.0,11.53,0.00675291,0.452743,9995.69
920651.BJ,20260429,5220,28.77,150179.4,29.05,0.0125882,0.328022,4146.74
920656.BJ,20260429,300,16.29,4887.0,16.15,0.000926604,0.0518542,3237.63
920662.BJ,20260429,0,,0.0,23.71,0.0,0.0,2700.61
920663.BJ,20260429,1400,15.13,21182.0,15.13,0.00218489,0.145942,6407.65
920665.BJ,20260429,100,10.5,1050.0,10.42,0.000156075,0.00709462,6407.17
920670.BJ,20260429,8900,14.72,131008.0,14.91,0.0133566,0.270088,6663.36
920675.BJ,20260429,1300,9.31,12103.0,9.29,0.0016452,0.0859043,7901.79
920679.BJ,20260429,57394,18.1,1038831.4,17.27,0.154389,22.5477,3717.5
920682.BJ,20260429,2500,8.74,21850.0,8.74,0.00132857,0.0839562,18817.2
920685.BJ,20260429,0,,0.0,12.37,0.0,0.0,5490.39
920689.BJ,20260429,300,27.53,8259.0,27.5,0.000790918,0.0195721,3793.06
920690.BJ,20260429,0,,0.0,25.86,0.0,0.0,4309.91
920693.BJ,20260429,11289,28.27,319140.03,28.88,0.0308358,0.868906,3661.0
920694.BJ,20260429,8200,17.31,141942.0,17.49,0.013122,1.06006,6249.04
920699.BJ,20260429,5600,39.5,221200.0,40.08,0.026826,1.32048,2087.53
920701.BJ,20260429,6767,14.88,100692.96,15.05,0.00675301,1.1614,10020.7
920703.BJ,20260429,37939,11.85,449577.15,11.87,0.0497462,3.06705,7626.51
920706.BJ,20260429,1900,22.25,42275.0,22.25,0.00398558,0.102576,4767.19
920717.BJ,20260429,0,,0.0,8.86,0.0,0.0,4428.0
920718.BJ,20260429,3200,12.68,40576.0,12.69,0.00742285,0.857665,4311.01
920719.BJ,20260429,42425,11.05,468796.25,11.19,0.0579627,0.522737,7319.37
920720.BJ,20260429,0,,0.0,11.93,0.0,0.0,7401.72
920725.BJ,20260429,9895,29.85,295365.75,30.26,0.023516,0.472302,4207.78
920726.BJ,20260429,1815,17.88,32452.2,17.78,0.00324609,0.0517887,5591.35
920729.BJ,20260429,3784,7.69,29098.96,7.74,0.00492548,0.377248,7682.5
920735.BJ,20260429,45839,28.0,1283492.0,27.69,0.0401628,3.81868,11413.3
920748.BJ,20260429,3754,33.86,127110.44,33.86,0.0105254,0.456358,3566.6
920751.BJ,20260429,2526,22.73,57415.98,22.63,0.00304091,0.282104,8306.71
920753.BJ,20260429,5500,18.51,101805.0,18.5,0.016985,1.631,3238.15
920765.BJ,20260429,5500,13.39,73645.0,13.25,0.0104153,0.566042,5280.71
920768.BJ,20260429,0,,0.0,12.0,0.0,0.0,7649.43
920770.BJ,20260429,100,15.1,1510.0,14.97,0.000122109,0.00346175,8189.38
920779.BJ,20260429,0,,0.0,32.7,0.0,0.0,2003.32
920781.BJ,20260429,13188,7.1,93634.8,7.1,0.0129143,0.816314,10211.9
920786.BJ,20260429,46033,8.16,375629.28,8.06,0.0325445,0.772855,14144.6
920790.BJ,20260429,3490,24.1,84109.0,24.13,0.00642076,0.295015,5435.5
920792.BJ,20260429,9618,11.35,109164.3,11.16,0.00946408,1.43039,10162.6
920799.BJ,20260429,2952,33.95,100220.4,33.95,0.00245857,0.116557,12007.0
920802.BJ,20260429,700,14.0,9800.0,14.1,0.00316762,0.150007,2209.86
920806.BJ,20260429,11500,11.17,128455.0,11.24,0.00382394,0.518435,30073.7
920807.BJ,20260429,900,10.88,9792.0,10.88,0.000728445,0.0327588,12355.1
920808.BJ,20260429,14953,76.28,1140614.84,75.95,0.00768507,0.367367,19457.2
920809.BJ,20260429,652875,8.99,5869346.25,8.93,0.142205,2.40473,45910.7
920810.BJ,20260429,13405,11.14,149331.7,11.21,0.0214798,1.88729,6240.75
920819.BJ,20260429,4568,3.38,15439.84,3.39,0.000377014,0.0709232,121162.0
920821.BJ,20260429,1600,22.66,36256.0,22.6,0.00219619,0.040778,7285.34
920826.BJ,20260429,12341,10.25,126495.25,10.13,0.0197537,0.642385,6247.45
920832.BJ,20260429,4994,6.57,32810.58,6.65,0.00404892,0.326717,12334.2
920833.BJ,20260429,2800,14.75,41300.0,14.92,0.00448292,0.108958,6245.92
920834.BJ,20260429,1200,11.57,13884.0,11.65,0.00191094,0.104115,6279.64
920837.BJ,20260429,6831,12.75,87095.25,12.85,0.00499387,0.594568,13678.8
920839.BJ,20260429,3000,32.6,97800.0,32.28,0.00461218,0.400472,6504.51
920855.BJ,20260429,333,15.19,5058.27,15.3,0.000496741,0.0990888,6703.69
920856.BJ,20260429,100,11.85,1185.0,11.75,0.000188466,0.00704458,5306.0
920857.BJ,20260429,6507,18.78,122201.46,18.85,0.00879239,0.555807,7400.72
920866.BJ,20260429,24633,7.35,181052.55,7.4,0.0215866,2.44479,11411.2
920870.BJ,20260429,2500,14.1,35250.0,13.84,0.00378771,0.247434,6600.29
920871.BJ,20260429,3176,12.51,39731.76,12.51,0.00675542,0.560438,4701.41
920873.BJ,20260429,63765,8.45,538814.25,8.2,0.0532234,2.04831,11980.6
920876.BJ,20260429,7000,22.88,160160.0,23.37,0.0178352,0.569276,3924.82
920879.BJ,20260429,400,20.32,8128.0,20.3,0.000319338,0.0158724,12525.9
920885.BJ,20260429,134330,18.01,2419283.3,19.6,0.15178,5.00586,8850.32
920892.BJ,20260429,0,,0.0,14.75,0.0,0.0,15085.3
920895.BJ,20260429,0,,0.0,15.85,0.0,0.0,2873.69
920896.BJ,20260429,0,,0.0,16.71,0.0,0.0,4430.27
920906.BJ,20260429,4649,22.78,105904.22,22.92,0.0139376,0.72102,3335.57
920914.BJ,20260429,200,25.5,5100.0,25.65,0.000200966,0.00690251,9951.92
920924.BJ,20260429,4607,20.07,92462.49,19.83,0.00704734,0.204212,6537.21
920925.BJ,20260429,1600,16.2,25920.0,16.27,0.00289357,0.125083,5529.51
920926.BJ,20260429,222,13.81,3065.82,13.82,0.000276869,0.0462197,8018.24
920931.BJ,20260429,100,11.62,1162.0,11.5,0.000347514,0.0185587,2877.58
920932.BJ,20260429,1378,13.96,19236.88,13.96,0.00158732,0.0926855,8681.31
920942.BJ,20260429,600,24.5,14700.0,24.44,0.00144875,0.0698501,4141.5
920943.BJ,20260429,3200,19.29,61728.0,19.29,0.00617667,0.36059,5180.78
920946.BJ,20260429,575,9.86,5669.5,9.9,0.000134728,0.027941,42678.7
920950.BJ,20260429,1537,15.32,23546.84,15.32,0.0043029,0.449653,3572.01
920953.BJ,20260429,2700,28.38,76626.0,28.28,0.00450858,0.208244,5988.58
920957.BJ,20260429,131366,11.98,1573764.68,12.08,0.307615,8.49955,4270.47
920961.BJ,20260429,2877,19.62,56446.74,19.77,0.00276767,0.0626424,10395.0
920964.BJ,20260429,2400,5.91,14184.0,5.91,0.00162495,0.137605,14769.7
920970.BJ,20260429,16544,7.08,117131.52,6.96,0.0236102,0.481872,7007.13
920971.BJ,20260429,36373,28.4,1032993.2,27.68,0.0424409,1.42322,8570.28
920974.BJ,20260429,10158,8.1,82279.8,8.18,0.00790802,0.249375,12845.2
920976.BJ,20260429,1900,28.58,54302.0,28.98,0.00430648,0.137058,4411.96
920978.BJ,20260429,8995,26.36,237108.2,26.47,0.00891168,0.324428,10093.5
920981.BJ,20260429,85344,37.0,3157728.0,36.0,0.228745,0.962611,3730.96
920982.BJ,20260429,4800,178.92,858816.0,181.27,0.00874236,0.342087,5490.51
920985.BJ,20260429,4600,6.26,28796.0,6.31,0.00209741,0.143844,21931.8
920992.BJ,20260429,1092,15.33,16740.36,15.33,0.00222779,0.0673507,4901.73
