ts_code,trade_date,vol,price,amount,pre_close,turnover_rate,volume_ratio,float_share
600000.SH,20260511,319400,9.07,2896958.0,9.07,0.000958991,0.410423,3330580.0
600004.SH,20260511,52000,8.57,445640.0,8.59,0.00219714,0.308441,236672.0
600006.SH,20260511,205900,6.85,1410415.0,6.89,0.010295,0.880739,200000.0
600007.SH,20260511,22400,21.7,486080.0,21.7,0.00222381,0.741576,100728.0
600008.SH,20260511,717300,3.1,2223630.0,3.1,0.00977169,0.917736,734059.0
600009.SH,20260511,52900,27.18,1437822.0,27.19,0.00258518,0.491465,204628.0
600010.SH,20260511,5179300,2.79,14450247.0,2.77,0.0165047,0.527265,3138080.0
600011.SH,20260511,798400,7.29,5820336.0,7.26,0.00725969,0.584823,1099770.0
600012.SH,20260511,62400,15.78,984672.0,15.74,0.00535347,1.49133,116560.0
600015.SH,20260511,959700,6.65,6382005.0,6.66,0.00623699,0.84627,1538720.0
600016.SH,20260511,1387628,3.69,5120347.0,3.69,0.00391299,0.892933,3546210.0
600017.SH,20260511,285600,2.98,851088.0,2.98,0.00928583,0.997218,307565.0
600018.SH,20260511,655845,5.11,3351368.0,5.11,0.00282124,1.08215,2324670.0
600019.SH,20260511,455700,6.4,2916480.0,6.41,0.00209209,0.405271,2178210.0
600020.SH,20260511,186700,4.01,748667.0,4.01,0.00830748,0.816661,224737.0
600021.SH,20260511,515800,17.88,9222504.0,17.88,0.0182828,1.18737,282124.0
600022.SH,20260511,440000,1.46,642400.0,1.45,0.00411259,0.44849,1069880.0
600023.SH,20260511,245300,5.9,1447270.0,5.86,0.0018294,0.323699,1340870.0
600025.SH,20260511,201700,9.6,1936320.0,9.59,0.0010826,0.65527,1863110.0
600026.SH,20260511,691300,23.0,15899900.0,23.42,0.0180874,0.801544,382200.0
600027.SH,20260511,554400,5.13,2844072.0,5.13,0.00601584,0.451278,921568.0
600028.SH,20260511,2696200,5.23,14101126.0,5.22,0.00284552,0.631142,9475250.0
600029.SH,20260511,2220600,5.65,12546390.0,5.71,0.016477,1.43573,1347700.0
600030.SH,20260511,2073400,26.83,55629322.0,26.95,0.0170278,1.31272,1217660.0
600031.SH,20260511,2873700,21.4,61497180.0,20.53,0.0339104,2.47855,847439.0
600032.SH,20260511,717500,10.5,7533750.0,10.4,0.0298377,1.10762,240468.0
600033.SH,20260511,151300,3.66,553758.0,3.66,0.00551304,0.695243,274440.0
600035.SH,20260511,62500,3.89,243125.0,3.89,0.00388171,0.592914,161012.0
600036.SH,20260511,820000,37.95,31119000.0,37.94,0.003975,0.603466,2062890.0
600037.SH,20260511,71900,8.17,587423.0,8.2,0.00516605,0.255748,139178.0
600038.SH,20260511,49700,31.57,1569029.0,31.48,0.00742972,0.540117,66893.5
600039.SH,20260511,162800,8.12,1321936.0,8.1,0.00187221,0.294821,869559.0
600048.SH,20260511,479600,6.43,3083828.0,6.43,0.00400653,0.310243,1197040.0
600050.SH,20260511,1564500,4.52,7071540.0,4.52,0.00504834,0.854181,3099040.0
600051.SH,20260511,60900,7.89,480501.0,7.87,0.0195896,0.671187,31088.0
600052.SH,20260511,684000,4.67,3194280.0,4.6,0.081024,1.10502,84419.5
600053.SH,20260511,413211,9.5,3925505.0,9.33,0.0953108,3.87138,43354.1
600054.SH,20260511,35800,11.48,410984.0,11.47,0.00697448,0.333758,51330.0
600055.SH,20260511,40700,14.06,572242.0,14.08,0.00578897,0.555913,70306.1
600056.SH,20260511,122100,10.37,1266177.0,10.33,0.0081653,0.922997,149535.0
600057.SH,20260511,158700,7.05,1118835.0,7.05,0.00758419,0.40557,209251.0
600058.SH,20260511,114100,11.78,1344098.0,11.78,0.0106445,0.737302,107191.0
600059.SH,20260511,20800,8.7,180960.0,8.69,0.00228185,0.184845,91154.2
600060.SH,20260511,20300,24.96,506688.0,24.92,0.00156134,0.134423,130017.0
600061.SH,20260511,152100,6.67,1014507.0,6.68,0.0023788,0.266494,639399.0
600062.SH,20260511,123500,17.94,2215590.0,17.94,0.0118953,2.04765,103823.0
600063.SH,20260511,109800,6.71,736758.0,6.71,0.00530664,0.24727,206911.0
600064.SH,20260511,41900,8.32,348608.0,8.32,0.00242149,0.205491,173034.0
600066.SH,20260511,120000,35.78,4293600.0,35.64,0.0054202,0.635936,221394.0
600067.SH,20260511,326000,3.59,1170340.0,3.58,0.0234251,0.786687,139167.0
600071.SH,20260511,61200,20.39,1247868.0,20.39,0.021735,1.32177,28157.4
600072.SH,20260511,149300,13.66,2039438.0,13.72,0.0137815,0.314565,108334.0
600073.SH,20260511,26300,5.84,153592.0,5.83,0.00280465,0.378685,93772.9
600075.SH,20260511,852065,6.35,5410613.0,6.49,0.0498927,2.85323,170780.0
600076.SH,20260511,4436200,3.78,16768836.0,3.6,0.329941,14.1289,134454.0
600078.SH,20260511,2866300,14.75,42277925.0,14.75,0.432601,5.67401,66257.3
600079.SH,20260511,98100,18.44,1808964.0,18.46,0.00635701,0.647365,154318.0
600080.SH,20260511,5112862,6.25,31955388.0,6.54,1.36975,398.043,37327.0
600081.SH,20260511,465300,12.44,5788332.0,12.69,0.0841371,4.22104,55302.6
600082.SH,20260511,541200,3.78,2045736.0,3.78,0.0853176,2.18399,63433.5
600084.SH,20260511,308300,4.85,1495255.0,4.86,0.0274355,3.10372,112373.0
600085.SH,20260511,44700,27.68,1237296.0,27.72,0.00325928,0.726072,137147.0
600088.SH,20260511,593000,16.49,9778570.0,16.01,0.149105,7.04927,39770.6
600089.SH,20260511,633300,27.32,17301756.0,27.2,0.0125337,0.394656,505279.0
600094.SH,20260511,39500,4.92,194340.0,4.9,0.00185775,0.13235,212623.0
600095.SH,20260511,99725,9.05,902511.0,9.09,0.00348788,0.431415,285919.0
600096.SH,20260511,245500,34.76,8533580.0,34.77,0.0134669,0.416388,182299.0
600097.SH,20260511,14100,10.57,149037.0,10.52,0.00585216,0.291214,24093.7
600098.SH,20260511,269800,7.1,1915580.0,7.11,0.00769568,0.687853,350586.0
600099.SH,20260511,83000,11.87,985210.0,11.84,0.0378788,1.17176,21912.0
600100.SH,20260511,1010600,8.79,8883174.0,8.73,0.0301645,1.43392,335030.0
600101.SH,20260511,171700,10.08,1730736.0,10.05,0.03134,0.708546,54786.2
600103.SH,20260511,1307100,4.95,6470145.0,4.91,0.0590825,0.525253,221233.0
600104.SH,20260511,182000,13.62,2478840.0,13.64,0.00158326,0.449064,1149530.0
600105.SH,20260511,1258741,50.58,63667120.0,49.94,0.0860975,0.723159,146199.0
600106.SH,20260511,97911,6.11,598236.0,6.11,0.00736713,0.375548,132902.0
600107.SH,20260511,221500,6.86,1519490.0,6.8,0.0615278,2.21349,36000.0
600108.SH,20260511,324300,4.43,1436649.0,4.42,0.0166571,0.485458,194692.0
600109.SH,20260511,89300,9.03,806379.0,9.03,0.00241002,0.220337,370536.0
600110.SH,20260511,1377600,11.07,15250032.0,11.07,0.0793923,0.724633,173518.0
600111.SH,20260511,1193923,54.91,65558312.0,54.75,0.0330263,0.585826,361507.0
600113.SH,20260511,46800,48.41,2265588.0,47.94,0.0113749,0.656681,41143.1
600114.SH,20260511,116000,35.3,4094800.0,34.91,0.0188195,0.59523,61638.3
600115.SH,20260511,3737400,4.52,16893048.0,4.61,0.0219525,1.48115,1702500.0
600116.SH,20260511,173400,6.75,1170450.0,6.76,0.00906836,0.655905,191214.0
600117.SH,20260511,79000,2.64,208560.0,2.64,0.00242695,0.48522,325512.0
600118.SH,20260511,1138000,115.4,131325200.0,114.18,0.0962377,1.66975,118249.0
600119.SH,20260511,292500,6.44,1883700.0,6.44,0.0800777,2.22683,36527.0
600120.SH,20260511,1181081,5.75,6791216.0,5.68,0.0345812,2.59844,341538.0
600121.SH,20260511,346700,4.21,1459607.0,4.18,0.0284551,0.775401,121841.0
600123.SH,20260511,208600,6.7,1397620.0,6.65,0.0141593,0.482368,147324.0
600125.SH,20260511,73600,6.06,446016.0,6.06,0.00563759,0.407934,130552.0
600126.SH,20260511,1236800,9.8,12120640.0,9.56,0.0366222,0.717702,337719.0
600127.SH,20260511,138000,6.76,932880.0,6.76,0.0215026,0.693636,64178.3
600128.SH,20260511,42500,10.59,450075.0,10.58,0.0172227,0.776036,24676.8
600129.SH,20260511,26400,15.71,414744.0,15.69,0.00478766,0.430158,55141.8
600130.SH,20260511,10179900,6.7,68205330.0,6.15,1.35732,17.487,75000.0
600131.SH,20260511,119500,18.09,2161755.0,17.96,0.00999243,0.911676,119591.0
600132.SH,20260511,23500,53.68,1261480.0,53.78,0.00485566,0.427114,48397.1
600133.SH,20260511,134000,9.21,1234140.0,9.22,0.0125675,0.484829,106624.0
600135.SH,20260511,164700,11.94,1966518.0,11.82,0.0297665,0.531981,55330.7
600136.SH,20260511,193400,1.76,340384.0,1.76,0.00995322,1.14837,194309.0
600137.SH,20260511,24100,24.1,580810.0,24.1,0.0247898,0.525413,9721.76
600138.SH,20260511,48700,8.92,434404.0,8.94,0.00672801,0.588391,72384.0
600141.SH,20260511,247700,32.5,8050250.0,32.18,0.0206118,0.625742,120174.0
600143.SH,20260511,663000,18.07,11980410.0,18.07,0.025163,1.0215,263483.0
600148.SH,20260511,28600,19.54,558844.0,19.53,0.0202097,0.996738,14151.6
600149.SH,20260511,94900,6.49,615901.0,6.42,0.0249632,0.372456,38016.0
600150.SH,20260511,1473600,40.89,60255504.0,41.15,0.024271,0.867177,607145.0
600151.SH,20260511,430800,15.6,6720480.0,15.39,0.0300366,0.699565,143425.0
600152.SH,20260511,2054600,15.34,31517564.0,15.41,0.388335,1.33437,52907.9
600153.SH,20260511,100700,9.92,998944.0,9.95,0.00347297,0.355939,289954.0
600155.SH,20260511,33000,6.3,207900.0,6.3,0.00149082,0.122522,221354.0
600156.SH,20260511,483000,11.93,5762190.0,11.93,0.120116,0.721794,40211.1
600157.SH,20260511,13915160,1.82,25325591.0,1.82,0.063779,1.51616,2181780.0
600158.SH,20260511,1038700,13.49,14012063.0,13.49,0.108253,0.838397,95951.3
600159.SH,20260511,213300,3.38,720954.0,3.36,0.0256987,0.722247,83000.3
600160.SH,20260511,545500,35.57,19403435.0,35.58,0.0202056,1.40635,269975.0
600161.SH,20260511,83500,14.44,1205740.0,14.35,0.00422278,0.925136,197737.0
600162.SH,20260511,51455,1.91,98279.0,1.92,0.0015743,0.0849568,326844.0
600163.SH,20260511,539200,6.49,3499408.0,6.47,0.0283343,1.25937,190300.0
600165.SH,20260511,25900,3.26,84434.0,3.25,0.00353384,0.369549,73291.4
600166.SH,20260511,779300,3.6,2805480.0,3.61,0.00984288,0.30231,791740.0
600167.SH,20260511,48680,6.92001,336866.0,6.92,0.00215128,0.424699,226284.0
600168.SH,20260511,93900,5.05,474195.0,5.06,0.00945241,1.10022,99339.8
600169.SH,20260511,204100,2.38,485758.0,2.38,0.00612335,1.70057,333314.0
600170.SH,20260511,450373,2.73,1229518.0,2.73,0.00506838,0.301351,888594.0
600171.SH,20260511,129200,30.13,3892796.0,29.74,0.0182248,0.692492,70892.3
600172.SH,20260511,6860581,9.78,67096482.0,8.89,0.537555,6.55094,127626.0
600173.SH,20260511,88100,7.48,658988.0,7.5,0.0125782,0.878796,70041.6
600176.SH,20260511,1069828,38.49,41177680.0,38.0,0.0267247,0.687346,400314.0
600177.SH,20260511,171400,7.77,1331778.0,7.76,0.00370719,0.484479,462344.0
600178.SH,20260511,37700,10.55,397735.0,10.57,0.00808187,0.807742,46647.6
600179.SH,20260511,179800,4.39,789322.0,4.39,0.00465528,0.579404,386228.0
600180.SH,20260511,147200,2.37,348864.0,2.49,0.0135465,47.3655,108663.0
600182.SH,20260511,43400,14.45,627130.0,14.38,0.0255294,1.16016,17000.0
600183.SH,20260511,328901,82.62,27173801.0,82.0,0.0137357,0.622958,239450.0
600184.SH,20260511,1636600,26.07,42666162.0,24.8,0.280852,4.04919,58272.7
600185.SH,20260511,51900,5.9,306210.0,5.91,0.00275331,0.194131,188501.0
600186.SH,20260511,3767941,10.5,39563381.0,10.5,0.210601,1.05842,178914.0
600187.SH,20260511,29582837,1.52,44965912.0,1.58,1.83314,126.944,161378.0
600188.SH,20260511,207630,21.58,4480655.0,21.44,0.00348293,0.302574,596135.0
600189.SH,20260511,26600,8.43,224238.0,8.44,0.00371925,0.201218,71519.8
600191.SH,20260511,13700,12.5,171250.0,12.54,0.00282514,0.123264,48493.2
600192.SH,20260511,37200,8.62,320664.0,8.62,0.00842109,0.517307,44174.8
600195.SH,20260511,68903,7.37,507815.0,7.37,0.0067476,0.650945,102115.0
600196.SH,20260511,204000,24.96,5091840.0,24.82,0.00962951,0.875369,211849.0
600197.SH,20260511,17400,12.16,211584.0,12.18,0.00367729,0.428892,47317.5
600198.SH,20260511,393600,8.91,3506976.0,8.84,0.0302316,1.18279,130195.0
600199.SH,20260511,28200,7.98,225036.0,7.99,0.00428704,0.394911,65779.7
600201.SH,20260511,101100,15.1,1526610.0,15.09,0.00909379,0.353604,111175.0
600202.SH,20260511,125000,6.5,812500.0,6.47,0.0326081,1.09589,38334.1
600203.SH,20260511,264200,13.29,3511218.0,13.26,0.044554,0.819161,59298.8
600206.SH,20260511,958400,31.3,29997920.0,30.4,0.113212,1.03645,84655.3
600207.SH,20260511,1386500,6.4,8873600.0,6.55,0.127282,3.66376,108931.0
600208.SH,20260511,3124800,5.2,16248960.0,5.13,0.0367279,0.823685,850798.0
600210.SH,20260511,129000,6.94,895260.0,6.94,0.00850511,0.353024,151674.0
600211.SH,20260511,25200,41.94,1056888.0,41.94,0.00781834,0.546375,32231.9
600212.SH,20260511,41900,7.2,301680.0,7.21,0.0078881,0.240122,53118.0
600215.SH,20260511,92000,7.13,655960.0,7.14,0.0201365,0.601045,45688.3
600216.SH,20260511,58400,14.3,835120.0,14.28,0.00613839,0.3398,95138.9
600217.SH,20260511,149800,3.7,554260.0,3.71,0.00903687,1.07703,165765.0
600218.SH,20260511,22500,9.78,220050.0,9.8,0.00516529,0.290964,43560.0
600219.SH,20260511,1854700,5.57,10330679.0,5.56,0.0161507,0.803513,1148370.0
600221.SH,20260511,18122700,1.59,28815093.0,1.6,0.0422978,2.36341,4284550.0
600222.SH,20260511,1185600,7.65,9069840.0,7.44,0.206591,4.96656,57388.6
600223.SH,20260511,193500,6.8,1315800.0,6.86,0.0190346,2.5079,101657.0
600226.SH,20260511,951400,5.7,5422980.0,5.65,0.0319865,1.15752,297438.0
600227.SH,20260511,1292600,3.86,4989436.0,3.85,0.101174,0.554988,127760.0
600228.SH,20260511,501600,6.89,3456024.0,6.65,0.120566,6.77807,41603.7
600229.SH,20260511,212100,6.3,1336230.0,6.28,0.0321019,3.76148,66070.8
600230.SH,20260511,51500,18.0,927000.0,17.97,0.0124408,0.268317,41396.1
600231.SH,20260511,75800,2.16,163728.0,2.17,0.00267242,0.293972,283638.0
600232.SH,20260511,19200,8.76,168192.0,8.76,0.00526433,0.228497,36471.9
600233.SH,20260511,71200,20.99,1494488.0,20.84,0.00208022,0.346888,342271.0
600234.SH,20260511,99600,29.5,2938200.0,28.61,0.0379398,1.29089,26252.1
600235.SH,20260511,91400,7.07,646198.0,7.03,0.0260176,1.11147,35130.0
600236.SH,20260511,353900,10.57,3740723.0,10.57,0.00448976,1.21204,788238.0
600237.SH,20260511,508400,9.43,4794212.0,9.25,0.081394,2.80517,62461.6
600238.SH,20260511,68300,5.3,361990.0,5.3,0.015339,0.413747,44527.2
600239.SH,20260511,5304900,1.67,8859183.0,1.68,0.330382,14.6115,160569.0
600241.SH,20260511,29600,9.72,287712.0,9.69,0.0100577,0.388658,29430.2
600243.SH,20260511,230500,4.53,1044165.0,4.44,0.0525236,1.19843,43885.0
600246.SH,20260511,1480800,12.66,18746928.0,12.27,0.0783321,0.9956,189041.0
600248.SH,20260511,178100,3.48,619788.0,3.48,0.00480606,0.353719,370574.0
600249.SH,20260511,638100,6.31,4026411.0,6.36,0.116018,2.95232,55000.0
600250.SH,20260511,57100,10.59,604689.0,10.58,0.018255,0.404539,31279.1
600251.SH,20260511,327900,12.44,4079076.0,12.38,0.0422011,1.28156,77699.4
600252.SH,20260511,71000,2.42,171820.0,2.41,0.00222979,0.202486,318416.0
600255.SH,20260511,348600,3.8,1324680.0,3.78,0.0193008,0.736338,180615.0
600256.SH,20260511,1477130,6.17,9113892.0,6.13,0.023109,0.781176,639200.0
600257.SH,20260511,156500,6.36,995340.0,6.29,0.0325203,0.862732,48123.7
600258.SH,20260511,106500,14.76,1571940.0,14.82,0.00953786,0.379852,111660.0
600259.SH,20260511,69100,100.01,6910691.0,99.05,0.0205388,0.402759,33643.6
600261.SH,20260511,186400,3.72,693408.0,3.71,0.013962,0.398975,133505.0
600262.SH,20260511,39100,24.48,957168.0,24.38,0.023,0.502547,17000.0
600265.SH,20260511,13900,23.23,322897.0,23.29,0.0107088,0.584112,12980.0
600266.SH,20260511,227800,5.28,1202784.0,5.28,0.0109744,0.413204,207574.0
600267.SH,20260511,62600,11.56,723656.0,11.55,0.00522206,0.215006,119876.0
600268.SH,20260511,91600,15.55,1424380.0,15.43,0.00906185,0.357605,101083.0
600269.SH,20260511,49000,4.48,219520.0,4.47,0.00209814,0.37203,233541.0
600271.SH,20260511,244700,8.8,2153360.0,8.77,0.0132064,1.13012,185288.0
600272.SH,20260511,7300,12.72,92856.0,12.75,0.0045625,0.21095,16000.0
600273.SH,20260511,91900,8.09,743471.0,8.06,0.00700826,0.455109,131131.0
600276.SH,20260511,483240,52.8,25515072.0,52.8,0.00757548,0.711566,637900.0
600278.SH,20260511,96700,7.25,701075.0,7.24,0.0110905,1.34978,87191.6
600279.SH,20260511,102800,5.1,524280.0,5.11,0.00866146,1.00684,118687.0
600280.SH,20260511,55600,3.18,176808.0,3.16,0.00492762,0.217489,112833.0
600281.SH,20260511,7100,5.71,40541.0,5.71,0.00138024,0.0752313,51440.2
600282.SH,20260511,207800,5.35,1111730.0,5.35,0.00337059,0.402373,616509.0
600283.SH,20260511,107400,9.29,997746.0,9.22,0.0197366,2.21018,54416.7
600284.SH,20260511,838800,7.89,6618132.0,7.83,0.0864514,2.74157,97025.6
600285.SH,20260511,72900,22.03,1605987.0,22.01,0.0128829,0.828655,56586.5
600287.SH,20260511,140800,5.87,826496.0,5.87,0.0322347,2.37536,43679.6
600288.SH,20260511,38000,15.3,581400.0,15.19,0.00869963,0.320055,43680.0
600289.SH,20260511,3700,6.08,22496.0,6.07,0.0006538,0.0463319,56592.3
600292.SH,20260511,109600,16.2,1775520.0,16.11,0.0140366,0.44352,78081.7
600293.SH,20260511,150800,3.26,491608.0,3.23,0.0129984,0.644099,116015.0
600295.SH,20260511,21000,15.25,320250.0,15.21,0.00106298,0.185367,197558.0
600298.SH,20260511,22600,38.3,865580.0,38.3,0.00263664,0.256924,85715.0
600299.SH,20260511,29100,12.29,357639.0,12.3,0.00108505,0.118656,268190.0
600300.SH,20260511,124600,3.63,452298.0,3.62,0.00770495,0.218317,161714.0
600301.SH,20260511,116900,60.02,7016338.0,59.96,0.0424573,0.641153,27533.6
600302.SH,20260511,5675300,7.77,44097081.0,8.18,1.64021,268.507,34601.0
600303.SH,20260511,148400,3.35,497140.0,3.35,0.0219655,0.652939,67560.4
600305.SH,20260511,11600,7.49,86884.0,7.48,0.00105169,0.16756,110299.0
600307.SH,20260511,582900,1.81,1055049.0,1.81,0.00930651,0.819961,626336.0
600308.SH,20260511,120800,3.95,477160.0,3.94,0.00796377,0.606242,151687.0
600309.SH,20260511,129674,83.61,10842043.0,83.6,0.00414232,0.337983,313047.0
600310.SH,20260511,787200,5.4,4250880.0,5.33,0.0537077,0.561317,146571.0
600312.SH,20260511,230400,21.75,5011200.0,21.62,0.0169796,0.828908,135692.0
600313.SH,20260511,388800,7.14,2776032.0,7.07,0.0359269,1.08952,108220.0
600315.SH,20260511,37600,20.38,766288.0,20.35,0.00559336,0.466487,67222.6
600316.SH,20260511,75400,37.52,2829008.0,37.49,0.0105144,0.585791,71711.5
600318.SH,20260511,47100,7.9,372090.0,7.92,0.00918616,0.38526,51272.8
600319.SH,20260511,148500,8.37,1242945.0,8.37,0.0383019,2.13408,38770.9
600320.SH,20260511,311268,5.33,1659058.0,5.33,0.0093699,0.318778,332200.0
600322.SH,20260511,477471,2.8,1336919.0,2.79,0.0431827,0.718167,110570.0
600323.SH,20260511,25600,31.33,802048.0,31.43,0.00313977,0.307826,81534.7
600325.SH,20260511,206700,3.56,735852.0,3.56,0.00751049,0.298009,275215.0
600326.SH,20260511,191700,9.57,1834569.0,9.58,0.0140701,0.669666,136246.0
600327.SH,20260511,27000,4.01,108270.0,3.99,0.00305161,0.159457,88478.0
600328.SH,20260511,102000,8.08,824160.0,8.04,0.00695624,0.220326,146631.0
600329.SH,20260511,20100,42.24,849024.0,42.24,0.00354441,0.460687,56708.9
600330.SH,20260511,3073020,30.0,92190600.0,29.16,0.249143,1.30975,123343.0
600331.SH,20260511,393400,18.15,7140210.0,18.28,0.0193602,0.47804,203200.0
600332.SH,20260511,50900,22.72,1156448.0,22.74,0.00362048,0.515963,140589.0
600333.SH,20260511,63300,5.7,360810.0,5.68,0.0103936,0.382977,60903.1
600335.SH,20260511,24400,6.04,147376.0,6.04,0.00163125,0.235343,149579.0
600336.SH,20260511,246000,8.1,1992600.0,8.18,0.0308265,1.61155,79801.5
600337.SH,20260511,2248000,2.88,6474240.0,2.74,0.156437,2.7577,143700.0
600338.SH,20260511,1462700,24.71,36143317.0,24.47,0.159996,1.05569,91421.0
600339.SH,20260511,2588000,3.9,10093200.0,3.9,0.0463538,2.74704,558315.0
600340.SH,20260511,30449159,1.11,33798566.0,1.1,0.78208,44.6177,389336.0
600343.SH,20260511,1098445,39.86,43784018.0,38.48,0.172114,2.72114,63820.6
600345.SH,20260511,320400,60.11,19259244.0,57.45,0.151447,1.68286,21155.9
600346.SH,20260511,152600,22.29,3401454.0,22.39,0.00216789,0.319835,703910.0
600348.SH,20260511,331400,10.01,3317314.0,10.01,0.00918642,0.57945,360750.0
600350.SH,20260511,35702,11.16,398434.0,11.11,0.000738473,0.463473,483457.0
600351.SH,20260511,594800,7.01,4169548.0,7.02,0.0859537,2.10287,69200.0
600352.SH,20260511,256800,12.56,3225408.0,12.56,0.00789345,0.506858,325333.0
600353.SH,20260511,103200,18.41,1899912.0,18.17,0.0124516,0.299817,82881.1
600354.SH,20260511,164800,6.33,1043184.0,6.3,0.0312238,0.872175,52780.2
600356.SH,20260511,16600,10.07,167162.0,10.02,0.00555683,0.137037,29873.1
600358.SH,20260511,281200,6.37,1791244.0,6.3,0.0556902,2.33682,50493.7
600359.SH,20260511,69400,7.73,536462.0,7.68,0.0181907,0.500268,38151.3
600360.SH,20260511,164300,10.96,1800728.0,10.96,0.0171093,0.755953,96029.5
600361.SH,20260511,206600,4.45,919370.0,4.43,0.00553492,0.406953,373266.0
600362.SH,20260511,812200,48.78,39619116.0,48.76,0.0391375,1.43238,207525.0
600363.SH,20260511,130300,48.12,6270036.0,47.99,0.0288985,0.64,45088.8
600365.SH,20260511,41600,3.03,126048.0,3.04,0.009736,0.637192,42728.0
600366.SH,20260511,89800,13.56,1217688.0,13.55,0.00817076,0.272982,109904.0
600367.SH,20260511,227400,23.89,5432586.0,23.68,0.070627,0.572976,32197.3
600368.SH,20260511,874600,4.07,3559622.0,4.11,0.0543347,4.24249,160965.0
600369.SH,20260511,130700,4.21,550247.0,4.22,0.00196686,0.345251,664511.0
600370.SH,20260511,181600,2.07,375912.0,2.18,0.0045194,14.5592,401823.0
600371.SH,20260511,18700,8.75,163625.0,8.72,0.00639146,0.34042,29257.8
600372.SH,20260511,410631,13.73,5637964.0,13.66,0.00848605,0.918006,483890.0
600373.SH,20260511,54900,8.42,462258.0,8.41,0.00407464,0.448967,134736.0
600375.SH,20260511,538300,5.33,2869139.0,5.29,0.0368022,2.15337,146269.0
600376.SH,20260511,517400,4.72,2442128.0,4.77,0.0200576,0.917315,257957.0
600377.SH,20260511,26900,12.2,328180.0,12.2,0.000707488,0.310763,380218.0
600378.SH,20260511,61500,34.34,2111910.0,34.32,0.00573392,0.342849,107257.0
600379.SH,20260511,1360280,17.09,23247185.0,16.75,0.411954,2.11121,33020.2
600380.SH,20260511,76400,10.8,825120.0,10.76,0.00417611,0.527505,182945.0
600381.SH,20260511,2732700,4.37,11941899.0,4.16,0.465488,39.7309,58706.1
600382.SH,20260511,122500,8.23,1008175.0,8.25,0.0176409,0.792665,69440.8
600383.SH,20260511,896800,2.98,2672464.0,2.97,0.0198645,0.817913,451458.0
600386.SH,20260511,28200,4.13,116466.0,4.13,0.00349702,0.259048,80640.0
600388.SH,20260511,116100,19.3,2240730.0,19.06,0.0091414,0.662113,127005.0
600389.SH,20260511,17500,28.85,504875.0,28.95,0.00406362,0.177508,43065.0
600390.SH,20260511,99700,5.29,527413.0,5.29,0.00221651,0.331191,449807.0
600391.SH,20260511,683500,44.0,30074000.0,42.57,0.20704,4.34908,33012.9
600392.SH,20260511,380100,26.68,10141068.0,26.5,0.021685,0.438515,175283.0
600395.SH,20260511,37800,5.36,202608.0,5.36,0.0017609,0.0886413,214662.0
600396.SH,20260511,7098800,12.67,89941796.0,12.44,0.482024,2.42783,147271.0
600397.SH,20260511,562800,15.67,8819076.0,15.36,0.0568508,1.04577,98996.0
600398.SH,20260511,706800,6.23,4403364.0,6.2,0.0147165,1.71308,480277.0
600399.SH,20260511,196700,5.76,1132992.0,5.75,0.00997414,0.479004,197210.0
600400.SH,20260511,1371603,2.81,3854204.0,2.83,0.0598595,0.92564,229137.0
600403.SH,20260511,112200,5.78,648516.0,5.71,0.00469297,0.506923,239081.0
600405.SH,20260511,31000,5.26,163060.0,5.25,0.0050585,0.279273,61283.0
600406.SH,20260511,809600,26.21,21219616.0,26.08,0.0101097,0.750703,800818.0
600408.SH,20260511,258800,3.32,859216.0,3.3,0.0257052,0.517252,100680.0
600409.SH,20260511,373300,7.21,2691493.0,7.19,0.0180832,0.851089,206435.0
600410.SH,20260511,458140,23.33,10688406.0,23.09,0.0417822,0.391154,109649.0
600415.SH,20260511,984800,12.97,12772856.0,12.98,0.0179591,0.921803,548356.0
600416.SH,20260511,98600,13.05,1286730.0,12.99,0.0066812,0.416909,147578.0
600418.SH,20260511,368419,51.0,18789369.0,50.14,0.0168689,0.690401,218401.0
600419.SH,20260511,18200,9.66,175812.0,9.67,0.0057684,0.345914,31551.2
600420.SH,20260511,518500,9.52,4936120.0,9.61,0.0386602,7.30792,134117.0
600422.SH,20260511,94200,9.49,893958.0,9.45,0.0124443,1.07996,75697.6
600423.SH,20260511,153300,3.25,498225.0,3.22,0.0191938,0.689249,79869.5
600425.SH,20260511,81700,4.08,333336.0,4.08,0.00509128,0.393494,160470.0
600426.SH,20260511,89400,35.51,3174594.0,35.51,0.00422683,0.320184,211506.0
600428.SH,20260511,143700,8.48,1218576.0,8.5,0.00587661,0.254947,244529.0
600429.SH,20260511,69600,5.8,403680.0,5.85,0.00464757,0.264384,149756.0
600433.SH,20260511,1455100,4.96,7217296.0,5.04,0.0831353,0.713549,175028.0
600435.SH,20260511,113600,15.3,1738080.0,15.23,0.00751145,0.474505,151236.0
600436.SH,20260511,11000,141.1,1552100.0,141.18,0.00182325,0.269741,60331.7
600438.SH,20260511,433600,17.12,7423232.0,17.22,0.0096313,0.691939,450199.0
600439.SH,20260511,101600,2.64,268224.0,2.64,0.00897538,0.503,113199.0
600444.SH,20260511,14200,17.54,249068.0,17.5,0.009698,0.314268,14642.2
600446.SH,20260511,126000,13.73,1729980.0,13.77,0.0133862,0.506922,94126.8
600448.SH,20260511,432200,3.65,1577530.0,3.59,0.0686228,1.5467,62982.0
600449.SH,20260511,42500,13.41,569925.0,13.39,0.00888785,0.758144,47818.1
600452.SH,20260511,196900,12.25,2412025.0,12.15,0.0128145,0.450339,153654.0
600455.SH,20260511,18100,29.39,531959.0,29.18,0.0289795,0.400221,6245.8
600456.SH,20260511,164373,36.0,5917428.0,35.57,0.0344037,1.73982,47777.8
600458.SH,20260511,92900,12.56,1166824.0,12.49,0.0107749,0.721323,86218.7
600459.SH,20260511,88900,21.35,1898015.0,21.35,0.0117019,0.437563,75970.6
600460.SH,20260511,460700,29.99,13816393.0,29.49,0.0276851,0.790824,166407.0
600461.SH,20260511,14100,10.14,142974.0,10.14,0.001098,0.132277,128416.0
600463.SH,20260511,58100,11.28,655368.0,11.31,0.0193667,1.11372,30000.0
600467.SH,20260511,139000,2.47,343330.0,2.47,0.00951407,0.362004,146099.0
600468.SH,20260511,306700,7.84,2404528.0,7.75,0.0281962,1.06686,108774.0
600469.SH,20260511,58600,6.62,387932.0,6.63,0.00803344,0.399486,72945.1
600470.SH,20260511,172800,6.74,1164672.0,6.72,0.0331288,0.496228,52160.0
600475.SH,20260511,62100,17.79,1104759.0,17.69,0.00658616,0.503957,94288.6
600476.SH,20260511,412100,12.96,5340816.0,12.64,0.255852,3.71897,16107.0
600477.SH,20260511,420200,3.11,1306822.0,3.11,0.0178129,1.08213,235897.0
600478.SH,20260511,970150,7.46,7237319.0,7.48,0.0582483,1.09343,166554.0
600479.SH,20260511,54800,10.78,590744.0,10.77,0.0130942,0.381003,41850.7
600480.SH,20260511,1855300,11.97,22207941.0,11.61,0.152965,5.42863,121290.0
600481.SH,20260511,394192,6.42,2530713.0,6.4,0.0190968,0.635567,206418.0
600482.SH,20260511,74500,38.2,2845900.0,38.33,0.00328448,0.161508,226825.0
600483.SH,20260511,83200,10.09,839488.0,10.12,0.00299266,0.305001,278014.0
600486.SH,20260511,23900,68.0,1625200.0,68.21,0.00591601,0.38592,40398.9
600487.SH,20260511,1733528,79.3,137468770.0,77.27,0.0708957,1.04371,244518.0
600488.SH,20260511,1128100,6.0,6768600.0,6.0,0.103317,1.12395,109189.0
600489.SH,20260511,1144400,27.8,31814320.0,28.22,0.023609,1.56314,484731.0
600490.SH,20260511,345600,8.84,3055104.0,8.88,0.017344,0.663506,199262.0
600491.SH,20260511,1350900,1.62,2188458.0,1.71,0.0883081,5.79547,152976.0
600493.SH,20260511,47900,7.67,367393.0,7.6,0.0176103,0.650757,27200.0
600495.SH,20260511,208100,4.35,905235.0,4.34,0.0172241,1.58803,120819.0
600496.SH,20260511,277800,4.21,1169538.0,4.21,0.0139589,0.400063,199013.0
600497.SH,20260511,2138240,10.16,21724518.0,10.01,0.0424222,1.3285,504038.0
600498.SH,20260511,2788200,60.0,167292000.0,57.0,0.219263,2.29157,127162.0
600499.SH,20260511,164200,18.56,3047552.0,18.5,0.00856164,0.335486,191786.0
600500.SH,20260511,1365930,5.05,6897947.0,4.96,0.0380661,2.07108,358831.0
600501.SH,20260511,79900,25.02,1999098.0,24.92,0.0186759,0.799524,42782.4
600502.SH,20260511,202700,5.41,1096607.0,5.39,0.0118087,0.606925,171653.0
600503.SH,20260511,124700,2.57,320479.0,2.57,0.00778261,0.347586,160229.0
600505.SH,20260511,97800,13.78,1347684.0,13.73,0.0268263,0.775864,36456.8
600506.SH,20260511,33360,18.26,609154.0,18.25,0.0133641,0.347434,24962.5
600507.SH,20260511,111400,5.71,636094.0,5.71,0.00481586,0.427494,231319.0
600508.SH,20260511,20800,13.54,281632.0,13.5,0.00287802,0.217727,72271.8
600509.SH,20260511,224200,8.6,1928120.0,8.63,0.0163126,0.650377,137440.0
600510.SH,20260511,33300,11.41,379953.0,11.4,0.00322666,0.201375,103203.0
600511.SH,20260511,52100,28.45,1482245.0,28.43,0.00941544,1.03787,55334.6
600512.SH,20260511,296900,2.47,733343.0,2.47,0.0187035,0.681076,158741.0
600513.SH,20260511,669700,21.54,14425338.0,21.57,0.234607,1.96481,28545.6
600515.SH,20260511,510900,3.55,1813695.0,3.55,0.00556778,0.424915,917601.0
600516.SH,20260511,156200,5.72,893464.0,5.72,0.00387981,0.209576,402597.0
600517.SH,20260511,297400,5.97,1775478.0,5.94,0.00520072,0.650772,571844.0
600518.SH,20260511,1120300,1.71,1915713.0,1.7,0.00810499,0.801451,1382240.0
600519.SH,20260511,32200,1372.89,44207058.0,1372.99,0.00257133,0.769592,125227.0
600520.SH,20260511,17800,30.2,537560.0,29.83,0.0112352,0.167538,15843.0
600521.SH,20260511,207400,16.5,3422100.0,16.45,0.013852,0.793717,149725.0
600522.SH,20260511,17790700,44.98,800225686.0,40.9,0.521271,7.25317,341295.0
600523.SH,20260511,44600,13.98,623508.0,13.98,0.0110384,0.913083,40404.5
600525.SH,20260511,292500,4.83,1412775.0,4.86,0.0221796,1.38576,131878.0
600526.SH,20260511,88900,5.39,479171.0,5.38,0.0101832,0.551245,87300.7
600527.SH,20260511,1824300,3.12,5691816.0,3.15,0.105344,0.808205,173176.0
600528.SH,20260511,90600,7.99,723894.0,7.97,0.00407823,0.563727,222155.0
600529.SH,20260511,28800,18.47,531936.0,18.47,0.00433987,0.416679,66361.4
600530.SH,20260511,2067000,6.49,13414830.0,5.95,0.266737,12.7722,77492.0
600531.SH,20260511,1738200,16.34,28402188.0,16.0,0.14374,2.07565,120926.0
600533.SH,20260511,111200,2.58,286896.0,2.58,0.0105905,0.394709,105000.0
600535.SH,20260511,56520,15.01,848365.0,14.95,0.00378326,0.483102,149395.0
600536.SH,20260511,1305437,43.45,56721238.0,43.45,0.154736,6.43128,84365.6
600537.SH,20260511,1154200,3.19,3681898.0,3.14,0.0975066,1.70107,118372.0
600538.SH,20260511,38900,6.91,268799.0,6.9,0.00742086,0.190279,52419.8
600539.SH,20260511,592800,20.37,12075336.0,20.4,0.257739,1.73104,23000.0
600540.SH,20260511,197400,5.54,1093596.0,5.59,0.0339539,0.428892,58137.7
600543.SH,20260511,168900,4.99,842811.0,4.99,0.0525972,1.65427,32112.0
600545.SH,20260511,7898600,5.94,46917684.0,5.51,0.441778,4.78964,178791.0
600546.SH,20260511,145500,13.53,1968615.0,13.45,0.00733938,0.362033,198246.0
600547.SH,20260511,739542,36.0,26623512.0,36.5,0.0204607,1.00259,361444.0
600548.SH,20260511,11000,9.01,99110.0,9.03,0.000641614,0.456387,171443.0
600549.SH,20260511,372600,58.79,21905154.0,58.74,0.0239779,0.5224,155393.0
600550.SH,20260511,273200,15.42,4212744.0,15.4,0.0148355,0.568353,184153.0
600551.SH,20260511,10100,8.02,81002.0,8.0,0.00148955,0.212821,67805.5
600552.SH,20260511,1230100,17.3,21280730.0,16.53,0.130223,2.03553,94460.7
600556.SH,20260511,778500,6.3,4904550.0,6.29,0.0430646,1.36749,180775.0
600557.SH,20260511,14600,13.7,200020.0,13.65,0.00257878,0.229796,56615.9
600558.SH,20260511,166500,5.88,979020.0,5.87,0.0185494,0.767315,89760.5
600559.SH,20260511,36000,13.59,489240.0,13.6,0.00395818,0.349449,90950.9
600560.SH,20260511,13000,14.74,191620.0,14.76,0.00581277,0.468151,22364.6
600561.SH,20260511,51100,7.13,364343.0,7.07,0.0179628,0.654276,28447.7
600562.SH,20260511,270100,27.68,7476368.0,27.65,0.0217497,2.62464,124186.0
600563.SH,20260511,40700,123.81,5039067.0,123.0,0.0180889,0.617586,22500.0
600566.SH,20260511,48300,28.85,1393455.0,28.62,0.00525827,0.640042,91855.2
600567.SH,20260511,351700,1.47,516999.0,1.48,0.00557594,0.330259,630745.0
600568.SH,20260511,19600,2.58,50568.0,2.57,0.00117431,0.14032,166907.0
600569.SH,20260511,140400,2.12,297648.0,2.11,0.00488786,0.531795,287242.0
600570.SH,20260511,194026,27.61,5357058.0,27.66,0.0102461,0.533838,189365.0
600571.SH,20260511,44700,13.26,592722.0,13.25,0.00976512,0.486322,45775.2
600572.SH,20260511,421900,4.41,1860579.0,4.41,0.0166742,0.761827,253025.0
600573.SH,20260511,140500,13.9,1952950.0,13.78,0.0562,0.923684,25000.0
600575.SH,20260511,396200,3.75,1485750.0,3.73,0.0101949,0.531218,388626.0
600576.SH,20260511,299900,5.84,1751416.0,5.84,0.0454126,1.41258,66039.0
600577.SH,20260511,446700,13.69,6115323.0,13.64,0.0207662,0.805118,215110.0
600578.SH,20260511,260000,5.14,1336400.0,5.13,0.00388372,0.468829,669462.0
600579.SH,20260511,97600,7.83,764208.0,7.83,0.0197731,1.32812,49360.1
600580.SH,20260511,679900,41.07,27923493.0,41.06,0.0436496,1.43342,155763.0
600581.SH,20260511,459000,2.71,1243890.0,2.71,0.0299433,1.642,153290.0
600582.SH,20260511,136000,5.67,771120.0,5.67,0.00328614,0.432161,413859.0
600583.SH,20260511,184600,6.4,1181440.0,6.37,0.00417519,0.343581,442135.0
600584.SH,20260511,4344600,53.8,233739480.0,50.75,0.242794,3.40214,178941.0
600585.SH,20260511,208900,21.0,4386900.0,21.04,0.00522289,0.438787,399970.0
600586.SH,20260511,160700,5.8,932060.0,5.77,0.0113382,0.25781,141734.0
600587.SH,20260511,64100,13.82,885862.0,13.73,0.0105663,0.960883,60664.5
600588.SH,20260511,619800,12.34,7648332.0,12.39,0.0181387,1.07662,341700.0
600589.SH,20260511,5946500,13.09,77839685.0,12.51,0.402206,2.76675,147847.0
600590.SH,20260511,101600,16.74,1700784.0,16.7,0.0120441,0.227062,84357.0
600592.SH,20260511,73600,20.66,1520576.0,20.61,0.0184206,0.746285,39955.4
600593.SH,20260511,20500,34.4,705200.0,34.1,0.0159161,0.514273,12880.0
600594.SH,20260511,412100,4.16,1714336.0,4.17,0.0520376,1.03467,79192.7
600595.SH,20260511,221800,7.93,1758874.0,7.88,0.00553406,0.316398,400790.0
600596.SH,20260511,164100,12.04,1975764.0,11.95,0.0121592,0.563293,134960.0
600597.SH,20260511,26600,7.39,196574.0,7.4,0.0019297,0.409619,137846.0
600598.SH,20260511,80900,16.79,1358311.0,16.81,0.00455088,0.268441,177768.0
600600.SH,20260511,50100,62.47,3129747.0,62.46,0.00706504,0.713349,70912.6
600601.SH,20260511,1896900,12.42,23559498.0,12.12,0.045486,0.949068,417029.0
600602.SH,20260511,283700,23.2,6581840.0,22.98,0.0264078,0.597796,107430.0
600603.SH,20260511,106300,5.79,615477.0,5.78,0.00903956,0.578364,117594.0
600604.SH,20260511,7400,4.93,36482.0,4.93,0.000525772,0.0915911,140745.0
600605.SH,20260511,46600,34.23,1595118.0,34.23,0.0225904,0.668242,20628.2
600606.SH,20260511,2205600,1.55,3418680.0,1.57,0.0156935,0.942399,1405420.0
600609.SH,20260511,60000,4.19,251400.0,4.17,0.00459926,0.266501,130456.0
600610.SH,20260511,994800,10.75,10694100.0,10.8,0.140364,2.12431,70872.7
600611.SH,20260511,116100,4.68,543348.0,4.68,0.00742652,0.527385,156332.0
600612.SH,20260511,3200,39.26,125632.0,39.25,0.00100911,0.22962,31711.0
600613.SH,20260511,59000,5.82,343380.0,5.83,0.0123091,0.508464,47932.0
600615.SH,20260511,20400,11.95,243780.0,11.94,0.00905596,0.673328,22526.6
600616.SH,20260511,13300,4.97,66101.0,4.97,0.00198803,0.145886,66900.5
600617.SH,20260511,143300,3.56,510148.0,3.55,0.00807077,0.252124,177554.0
600618.SH,20260511,16500,12.39,204435.0,12.37,0.00220047,0.128054,74984.0
600619.SH,20260511,192316,18.3,3519383.0,18.09,0.0243693,0.561086,78917.5
600620.SH,20260511,48800,5.64,275232.0,5.61,0.00710669,0.392265,68667.7
600621.SH,20260511,27700,14.29,395833.0,14.31,0.00261099,0.233236,106090.0
600622.SH,20260511,227000,2.69,610630.0,2.66,0.0151365,0.86305,149969.0
600623.SH,20260511,140900,9.83,1385047.0,9.83,0.00751052,0.342867,187603.0
600624.SH,20260511,66300,4.65,308295.0,4.65,0.00975937,0.832304,67934.7
600626.SH,20260511,176500,4.0,706000.0,4.03,0.0159299,1.09957,110798.0
600628.SH,20260511,25100,7.14,179214.0,7.14,0.00388019,0.233259,64687.5
600629.SH,20260511,119700,21.66,2592702.0,21.66,0.0124926,0.43368,95817.1
600630.SH,20260511,39000,8.29,323310.0,8.27,0.00917946,0.454712,42486.2
600633.SH,20260511,281400,14.02,3945228.0,13.94,0.0221911,0.450617,126807.0
600635.SH,20260511,261800,5.39,1411102.0,5.38,0.0108236,0.557423,241879.0
600637.SH,20260511,467937,10.64,4978850.0,10.62,0.0139188,0.591558,336190.0
600638.SH,20260511,38300,6.32,242056.0,6.32,0.00568758,0.321603,67339.7
600639.SH,20260511,87100,10.37,903227.0,10.37,0.0102442,0.605456,85023.7
600640.SH,20260511,47600,12.9,614040.0,12.88,0.00598218,0.654937,79569.6
600641.SH,20260511,509300,28.99,14764607.0,28.63,0.0547264,0.898812,93063.0
600642.SH,20260511,104700,9.41,985227.0,9.4,0.00213944,0.344418,489381.0
600643.SH,20260511,130800,4.96,648768.0,4.96,0.0082246,0.465444,159035.0
600644.SH,20260511,187400,11.9,2230060.0,11.91,0.0324042,0.723421,57832.1
600645.SH,20260511,99500,24.91,2478545.0,24.85,0.0212711,0.904875,46777.0
600648.SH,20260511,31200,10.09,314808.0,10.08,0.0027422,0.633046,113777.0
600649.SH,20260511,44900,4.36,195764.0,4.35,0.00179277,0.155737,250450.0
600650.SH,20260511,19500,12.87,250965.0,12.76,0.00499283,0.56568,39056.0
600651.SH,20260511,42100,7.17,301857.0,7.18,0.00167928,0.145077,250703.0
600653.SH,20260511,90600,1.84,166704.0,1.84,0.00465479,0.302538,194638.0
600654.SH,20260511,1460300,4.18,6104054.0,4.18,0.0630137,0.693206,231743.0
600655.SH,20260511,36200,4.9,177380.0,4.91,0.000930628,0.277624,388985.0
600657.SH,20260511,136600,3.13,427558.0,3.13,0.00478983,0.504846,285188.0
600658.SH,20260511,353000,5.25,1853250.0,5.31,0.0315577,1.81207,111859.0
600660.SH,20260511,71900,59.98,4312562.0,59.99,0.00358964,0.368955,200299.0
600661.SH,20260511,29300,10.24,300032.0,10.18,0.0102251,0.574269,28654.9
600662.SH,20260511,56400,5.05,284820.0,5.05,0.00247752,0.325114,227647.0
600663.SH,20260511,78800,8.49,669012.0,8.51,0.00249708,0.461892,315568.0
600664.SH,20260511,2125730,3.81,8099031.0,3.76,0.0844043,2.24605,251851.0
600665.SH,20260511,200000,3.5,700000.0,3.5,0.0231449,1.3171,86412.2
600666.SH,20260511,1336160,5.94,7936790.0,5.85,0.0533983,0.412215,250225.0
600667.SH,20260511,2305600,11.1,25592160.0,10.71,0.110234,1.63825,209154.0
600668.SH,20260511,90000,9.92,892800.0,9.93,0.021797,0.59948,41290.1
600671.SH,20260511,20800,20.38,423904.0,20.08,0.0170883,0.92562,12172.1
600673.SH,20260511,2958600,40.16,118817376.0,39.9,0.0985688,3.71377,300156.0
600674.SH,20260511,53400,15.31,817554.0,15.26,0.00109547,0.213695,487461.0
600675.SH,20260511,162400,2.62,425488.0,2.61,0.00268601,0.532481,604614.0
600676.SH,20260511,138300,8.17,1129911.0,8.22,0.0134469,1.03632,102849.0
600678.SH,20260511,110000,8.46,930600.0,8.9,0.0315195,28.6197,34899.0
600679.SH,20260511,11800,11.16,131688.0,11.16,0.00343328,0.360076,34369.4
600681.SH,20260511,257100,4.16,1069536.0,4.15,0.0191893,0.956441,133981.0
600682.SH,20260511,42500,6.67,283475.0,6.67,0.00365101,0.334583,116406.0
600683.SH,20260511,3974000,18.95,75307300.0,17.23,0.536463,10.9866,74077.8
600684.SH,20260511,113700,4.4,500280.0,4.42,0.0133222,0.621694,85346.1
600685.SH,20260511,161600,31.59,5104944.0,31.69,0.0196729,0.612355,82143.5
600686.SH,20260511,125300,15.52,1944656.0,15.63,0.0174744,0.392079,71704.7
600688.SH,20260511,1997600,3.07,6132632.0,3.0,0.0272568,1.98623,732881.0
600689.SH,20260511,56200,13.45,755890.0,13.35,0.0369241,1.48886,15220.4
600690.SH,20260511,162600,21.38,3476388.0,21.39,0.00260034,0.298557,625303.0
600691.SH,20260511,199721,3.14,627124.0,3.16,0.00840723,0.306345,237559.0
600692.SH,20260511,108600,8.08,877488.0,8.11,0.0425865,0.749948,25501.1
600693.SH,20260511,305300,11.64,3553692.0,11.63,0.0351342,0.539801,86895.3
600694.SH,20260511,24821,17.92,444792.0,17.97,0.00720791,0.660254,34435.8
600697.SH,20260511,31000,12.84,398040.0,12.72,0.0199516,0.671295,15537.6
600698.SH,20260511,70900,7.59,538131.0,7.61,0.00853752,0.586035,83045.2
600699.SH,20260511,395000,29.64,11707800.0,29.63,0.0291501,0.7147,135505.0
600702.SH,20260511,5500,44.31,243705.0,44.31,0.00165354,0.126098,33261.9
600703.SH,20260511,2664900,15.62,41625738.0,15.28,0.0534153,1.09571,498902.0
600704.SH,20260511,276800,5.19,1436592.0,5.19,0.00535274,0.504015,517118.0
600706.SH,20260511,15800,9.55,150890.0,9.52,0.00621973,0.230323,25403.0
600707.SH,20260511,2007000,9.03,18123210.0,8.88,0.0559416,1.27273,358767.0
600708.SH,20260511,136100,3.9,530790.0,3.91,0.00611609,0.295435,222528.0
600710.SH,20260511,176400,12.7,2240280.0,12.81,0.0134991,1.07439,130675.0
600711.SH,20260511,785102,14.52,11399681.0,14.66,0.0254028,0.689642,309061.0
600712.SH,20260511,52800,6.5,343200.0,6.52,0.00980231,0.405401,53864.8
600713.SH,20260511,193000,5.38,1038340.0,5.35,0.0149635,0.941077,128980.0
600714.SH,20260511,246500,23.1,5694150.0,23.1,0.0855379,0.756573,28817.6
600715.SH,20260511,880000,2.07,1821600.0,2.09,0.0307437,1.65039,286237.0
600716.SH,20260511,154118,4.41,679660.0,4.37,0.0164645,1.40747,93606.1
600717.SH,20260511,85500,4.69,400995.0,4.68,0.00295439,0.24115,289400.0
600718.SH,20260511,135300,9.3,1258290.0,9.3,0.0113086,0.773519,119644.0
600719.SH,20260511,2510800,9.06,22747848.0,9.09,0.620564,4.68485,40460.0
600720.SH,20260511,63400,6.66,422244.0,6.67,0.00628314,0.842124,100905.0
600721.SH,20260511,52700,8.4,442680.0,8.4,0.0137044,0.634611,38454.8
600722.SH,20260511,206300,13.91,2869633.0,13.91,0.030324,0.309332,68032.0
600724.SH,20260511,1024600,8.1,8299260.0,8.09,0.0709094,8.84312,144494.0
600725.SH,20260511,68600,4.22,289492.0,4.23,0.00556606,0.309994,123247.0
600726.SH,20260511,6699200,7.42,49708064.0,7.51,0.0896174,1.45057,747534.0
600727.SH,20260511,106700,8.15,869605.0,8.19,0.020186,0.384304,52858.3
600728.SH,20260511,114900,5.67,651483.0,5.65,0.00538779,0.271072,213260.0
600729.SH,20260511,8500,21.3,181050.0,21.31,0.00441598,0.265397,19248.3
600730.SH,20260511,515800,10.9,5622220.0,10.38,0.0879221,4.81022,58665.6
600731.SH,20260511,103000,6.75,695250.0,6.72,0.0190148,0.932859,54168.3
600732.SH,20260511,164500,14.9,2451050.0,14.89,0.00783535,0.324394,209946.0
600733.SH,20260511,456300,7.13,3253419.0,7.17,0.00932802,0.749095,489171.0
600734.SH,20260511,3333300,2.23,7433259.0,2.12,0.153054,3.06666,217785.0
600735.SH,20260511,769400,6.58,5062652.0,6.64,0.180843,2.66388,42545.2
600736.SH,20260511,2186011,9.96,21772670.0,9.86,0.189874,1.00749,115129.0
600737.SH,20260511,536200,15.35,8230670.0,15.54,0.0250696,1.38948,213885.0
600738.SH,20260511,83700,4.79,400923.0,4.79,0.0110035,0.705983,76066.6
600739.SH,20260511,197900,11.88,2351052.0,11.96,0.0129371,1.41197,152971.0
600740.SH,20260511,266300,4.01,1067863.0,4.01,0.0103937,0.459566,256212.0
600741.SH,20260511,134661,18.33,2468336.0,18.32,0.00427126,0.428943,315272.0
600742.SH,20260511,290900,9.61,2795549.0,9.72,0.039149,3.03317,74305.8
600743.SH,20260511,2074200,2.76,5724792.0,2.78,0.0884105,1.61305,234610.0
600744.SH,20260511,1650600,8.77,14475762.0,8.77,0.0812653,0.593441,203112.0
600745.SH,20260511,472300,22.9,10815670.0,24.1,0.0379458,6.51543,124467.0
600746.SH,20260511,71200,8.18,582416.0,8.11,0.00609671,0.376049,116784.0
600748.SH,20260511,1493700,5.71,8529027.0,5.48,0.0809785,5.44702,184456.0
600749.SH,20260511,27500,16.42,451550.0,16.4,0.0121164,0.214381,22696.6
600750.SH,20260511,12600,24.12,303912.0,24.1,0.00200418,0.246181,62868.5
600751.SH,20260511,732700,3.98,2916146.0,3.98,0.0284744,1.27501,257319.0
600753.SH,20260511,10700,13.55,144985.0,13.7,0.00464597,0.196503,23030.7
600754.SH,20260511,79300,24.06,1907958.0,24.04,0.00875233,0.438048,90604.4
600755.SH,20260511,193900,6.29,1219631.0,6.28,0.00909407,1.02418,213216.0
600756.SH,20260511,559800,17.36,9718128.0,17.48,0.172725,4.43066,32409.9
600757.SH,20260511,26900,8.61,231609.0,8.62,0.00221673,0.33784,121350.0
600758.SH,20260511,575800,4.04,2326232.0,4.03,0.0435967,0.76334,132074.0
600759.SH,20260511,810600,3.81,3088386.0,4.01,0.0195623,18.2239,414369.0
600760.SH,20260511,638400,50.45,32207280.0,49.7,0.0225619,2.65741,282955.0
600761.SH,20260511,194800,19.37,3773276.0,19.27,0.0218706,1.03847,89069.3
600763.SH,20260511,29156,41.32,1204726.0,41.35,0.00651838,0.400155,44728.9
600764.SH,20260511,30800,24.38,750904.0,24.35,0.00433419,0.456411,71062.9
600765.SH,20260511,141000,16.68,2351880.0,16.59,0.00908216,0.666687,155249.0
600768.SH,20260511,49900,19.38,967062.0,19.32,0.0373092,0.451014,13374.7
600769.SH,20260511,378000,18.0,6804000.0,17.8,0.100806,1.65337,37497.7
600770.SH,20260511,4751902,8.1,38490406.0,7.84,0.365531,2.11597,130000.0
600771.SH,20260511,40200,16.54,664908.0,16.54,0.00821261,0.820197,48949.1
600773.SH,20260511,235700,25.91,6106987.0,25.43,0.0247692,0.450479,95158.7
600774.SH,20260511,21400,8.73,186822.0,8.69,0.00725718,0.381418,29488.0
600775.SH,20260511,383100,13.41,5137371.0,13.44,0.0570226,1.63621,67183.9
600776.SH,20260511,388200,18.56,7204992.0,18.51,0.0406067,0.816057,95600.0
600777.SH,20260511,584900,5.86,3427514.0,5.78,0.00918765,1.82742,636615.0
600778.SH,20260511,85200,7.03,598956.0,7.0,0.0273766,0.830511,31121.5
600779.SH,20260511,9300,32.78,304854.0,32.8,0.00190768,0.348388,48750.3
600780.SH,20260511,119200,7.0,834400.0,6.99,0.0103968,0.462151,114650.0
600782.SH,20260511,76500,3.19,244035.0,3.18,0.00243193,0.147051,314565.0
600783.SH,20260511,1766900,25.79,45568351.0,24.84,0.237372,6.10949,74435.9
600784.SH,20260511,8000,7.37,58960.0,7.37,0.00118404,0.0640298,67565.2
600785.SH,20260511,165800,18.02,2987716.0,18.06,0.0734827,1.66248,22563.1
600787.SH,20260511,143700,5.26,755862.0,5.26,0.00662188,0.806461,217008.0
600789.SH,20260511,718300,8.59,6170197.0,8.47,0.0799293,4.62958,89867.0
600790.SH,20260511,1224300,4.87,5962341.0,4.94,0.0835249,1.73828,146579.0
600791.SH,20260511,67200,14.48,973056.0,14.33,0.0148569,0.365415,45231.4
600792.SH,20260511,73900,4.24,313336.0,4.25,0.00665812,0.25484,110992.0
600793.SH,20260511,42700,16.68,712236.0,16.57,0.0241374,0.597392,17690.4
600794.SH,20260511,207400,3.64,754936.0,3.64,0.0172811,1.69976,120015.0
600795.SH,20260511,863100,4.9,4229190.0,4.88,0.00483919,0.423279,1783560.0
600796.SH,20260511,16200,6.19,100278.0,6.18,0.00520101,0.177148,31147.8
600797.SH,20260511,258100,9.3,2400330.0,9.2,0.0251186,0.937888,102753.0
600798.SH,20260511,398800,3.76,1499488.0,3.79,0.0330534,1.66392,120653.0
600800.SH,20260511,174600,4.9,855540.0,4.87,0.0157336,0.275317,110973.0
600801.SH,20260511,18200,21.0,382200.0,20.96,0.00135649,0.097394,134170.0
600802.SH,20260511,24100,5.88,141708.0,5.88,0.00525916,0.314661,45824.8
600803.SH,20260511,41800,20.31,848958.0,20.28,0.0013608,0.281319,307173.0
600805.SH,20260511,60300,5.27,317781.0,5.26,0.00709182,0.493424,85027.5
600807.SH,20260511,86000,3.16,271760.0,3.14,0.0109273,0.388728,78701.8
600808.SH,20260511,285900,3.79,1083561.0,3.78,0.00479075,0.514341,596775.0
600809.SH,20260511,26600,140.9,3747940.0,141.6,0.00218039,0.299615,121996.0
600810.SH,20260511,49500,7.58,375210.0,7.59,0.00458014,0.232994,108075.0
600812.SH,20260511,144700,5.26,761122.0,5.25,0.00843373,1.49503,171573.0
600814.SH,20260511,28800,7.72,222336.0,7.72,0.00391795,0.393471,73507.9
600815.SH,20260511,762700,4.83,3683841.0,4.93,0.0429909,0.710155,177409.0
600816.SH,20260511,742900,3.07,2280703.0,3.08,0.0135835,0.353871,546914.0
600817.SH,20260511,8300,11.58,96114.0,11.58,0.00156827,0.114056,52924.4
600818.SH,20260511,25800,6.33,163314.0,6.66,0.0108423,11.7572,23795.8
600819.SH,20260511,59200,6.8,402560.0,6.82,0.00792062,0.775671,74741.6
600820.SH,20260511,195100,5.93,1156943.0,5.93,0.00620528,0.907232,314410.0
600821.SH,20260511,982400,8.96,8802304.0,8.78,0.0499358,0.39578,196732.0
600822.SH,20260511,13700,10.03,137411.0,10.02,0.0034583,0.404817,39614.8
600824.SH,20260511,76420,4.15,317143.0,4.15,0.00725029,0.611426,105403.0
600825.SH,20260511,221200,5.9,1305080.0,5.95,0.0211697,2.71435,104489.0
600826.SH,20260511,159900,10.12,1618188.0,10.1,0.0217393,1.01624,73553.4
600827.SH,20260511,54900,8.51,467199.0,8.48,0.00342173,0.293331,160445.0
600828.SH,20260511,249200,5.1,1270920.0,5.05,0.0143933,1.20891,173136.0
600829.SH,20260511,22000,9.84,216480.0,9.82,0.00379383,0.36722,57988.9
600830.SH,20260511,99700,10.44,1040868.0,10.45,0.0219448,0.454245,45432.3
600831.SH,20260511,111100,3.96,439956.0,3.96,0.015627,0.754988,71094.7
600833.SH,20260511,22500,12.18,274050.0,12.17,0.0100858,0.353677,22308.6
600834.SH,20260511,21800,8.13,177234.0,8.13,0.00456657,0.597507,47738.2
600835.SH,20260511,69200,24.7,1709240.0,24.82,0.00858024,0.698963,80650.4
600838.SH,20260511,54114,9.65,522200.0,9.61,0.0134987,0.720662,40088.2
600839.SH,20260511,256363,8.78,2250867.0,8.78,0.00555504,0.335342,461496.0
600841.SH,20260511,53800,8.66,465908.0,8.66,0.00515808,0.23098,104302.0
600843.SH,20260511,24800,9.04,224192.0,9.04,0.00528534,0.25033,46922.3
600844.SH,20260511,183200,3.6,659520.0,3.59,0.0222673,0.295716,82273.1
600845.SH,20260511,202400,24.61,4981064.0,24.34,0.0094843,0.702229,213405.0
600846.SH,20260511,12100,12.96,156816.0,12.96,0.00193674,0.234433,62476.2
600847.SH,20260511,14800,14.85,219780.0,14.85,0.00965507,0.378641,15328.7
600848.SH,20260511,40700,9.16,372812.0,9.14,0.00170015,0.320346,239391.0
600850.SH,20260511,137100,20.51,2811921.0,20.44,0.0201559,1.0341,68019.9
600851.SH,20260511,23800,8.59,204442.0,8.59,0.00322403,0.19406,73820.6
600853.SH,20260511,55100,4.04,222604.0,4.05,0.00543555,0.559553,101370.0
600854.SH,20260511,159700,5.45,870365.0,5.42,0.0307436,1.45599,51945.9
600855.SH,20260511,1569600,22.0,34531200.0,20.55,0.335643,8.37914,46764.0
600857.SH,20260511,23800,12.89,306782.0,12.87,0.0106098,0.614914,22432.0
600858.SH,20260511,48200,5.8,279560.0,5.79,0.00931315,0.520856,51754.8
600859.SH,20260511,94200,12.14,1143588.0,12.14,0.00838207,0.619987,112383.0
600860.SH,20260511,29900,10.99,328601.0,10.99,0.00673362,0.368336,44404.1
600861.SH,20260511,8300,15.96,132468.0,15.94,0.0022642,0.318803,36657.5
600862.SH,20260511,199200,21.4,4262880.0,21.23,0.0142996,0.898289,139305.0
600863.SH,20260511,751800,4.84,3638712.0,4.85,0.0115185,1.04237,652689.0
600864.SH,20260511,309100,6.11,1888601.0,6.12,0.0148565,0.51995,208057.0
600865.SH,20260511,64100,11.75,753175.0,11.75,0.017037,0.609296,37624.0
600866.SH,20260511,1378500,6.14,8463990.0,6.04,0.109773,3.54571,125577.0
600867.SH,20260511,123000,9.09,1118070.0,9.09,0.00628018,0.273343,195854.0
600868.SH,20260511,195200,3.62,706624.0,3.6,0.0102837,0.281822,189815.0
600869.SH,20260511,737300,19.39,14296247.0,18.93,0.0332214,0.763085,221935.0
600871.SH,20260511,591800,2.68,1586024.0,2.66,0.00436849,0.351574,1354700.0
600872.SH,20260511,80700,20.67,1668069.0,20.68,0.0104671,0.377915,77098.8
600873.SH,20260511,853900,9.3,7941270.0,9.38,0.0304503,2.05208,280424.0
600874.SH,20260511,56900,6.25,355625.0,6.26,0.00462444,0.510295,123042.0
600875.SH,20260511,938700,37.72,35407764.0,37.72,0.0414736,1.00181,226337.0
600876.SH,20260511,4400,9.4,41360.0,9.38,0.00111202,0.0647429,39567.5
600877.SH,20260511,219100,17.99,3941609.0,17.76,0.0185041,0.795629,118406.0
600879.SH,20260511,2974500,27.13,80698185.0,26.65,0.0901555,1.58056,329930.0
600880.SH,20260511,152800,5.36,819008.0,5.36,0.0139795,0.452212,109303.0
600881.SH,20260511,364700,1.6,583520.0,1.6,0.0112835,0.416782,323215.0
600882.SH,20260511,18400,20.54,377936.0,20.54,0.00360746,0.243232,51005.4
600883.SH,20260511,84800,9.25,784400.0,9.25,0.0359188,0.887402,23608.8
600884.SH,20260511,2638700,16.69,44039903.0,16.69,0.14379,1.20554,183511.0
600885.SH,20260511,122600,32.4,3972240.0,32.43,0.00792197,0.317404,154759.0
600886.SH,20260511,141000,13.56,1911960.0,13.56,0.00189156,0.360049,745418.0
600887.SH,20260511,352000,27.7,9750400.0,27.52,0.00559269,0.30685,629393.0
600888.SH,20260511,171000,8.61,1472310.0,8.57,0.0110103,0.559828,155309.0
600889.SH,20260511,97300,15.76,1533448.0,15.87,0.0265596,2.2034,36634.6
600892.SH,20260511,125200,4.02,503304.0,3.98,0.0223843,0.9213,55932.0
600893.SH,20260511,225300,50.25,11321325.0,50.1,0.00845364,0.620353,266512.0
600894.SH,20260511,24000,9.49,227760.0,9.45,0.00284649,0.183648,84314.4
600895.SH,20260511,269500,37.88,10208660.0,37.51,0.0174018,0.914171,154869.0
600897.SH,20260511,21200,16.02,339624.0,16.02,0.00508474,0.994963,41693.4
600900.SH,20260511,852300,27.05,23054715.0,27.0,0.00348329,0.736512,2446820.0
600901.SH,20260511,68700,6.75,463725.0,6.74,0.00118644,0.158371,579045.0
600903.SH,20260511,21800,6.42,139956.0,6.42,0.00189564,0.224759,115001.0
600905.SH,20260511,2732400,4.19,11448756.0,4.16,0.00955797,1.75313,2858760.0
600906.SH,20260511,264400,6.43,1700092.0,6.45,0.0124468,0.488779,212424.0
600908.SH,20260511,70700,5.69,402283.0,5.7,0.00353622,0.438653,199931.0
600909.SH,20260511,719300,5.69,4092817.0,5.67,0.0143167,1.26595,502421.0
600916.SH,20260511,278900,9.14,2549146.0,9.16,0.0166012,0.913238,168000.0
600917.SH,20260511,11400,5.3,60420.0,5.29,0.000730283,0.195346,156104.0
600918.SH,20260511,122600,6.0,735600.0,6.01,0.00312289,0.504085,392585.0
600919.SH,20260511,326000,11.26,3670760.0,11.29,0.00177644,0.376628,1835130.0
600925.SH,20260511,97600,4.67,455792.0,4.65,0.00607703,0.789658,160605.0
600926.SH,20260511,156400,16.79,2625956.0,16.79,0.00215754,0.550376,724900.0
600927.SH,20260511,48900,14.91,729099.0,14.82,0.00335954,0.742854,145556.0
600928.SH,20260511,85800,3.62,310596.0,3.63,0.0019397,0.339257,442335.0
600929.SH,20260511,402700,7.2,2899440.0,7.2,0.0245532,1.33735,164011.0
600930.SH,20260511,1028100,6.32,6497592.0,6.32,0.0318316,0.556041,322981.0
600933.SH,20260511,79500,17.95,1427025.0,17.87,0.00813402,0.317656,97737.7
600935.SH,20260511,53200,2.64,140448.0,2.64,0.00151679,0.184048,350740.0
600936.SH,20260511,14713400,5.34,78569556.0,5.17,0.880501,28.7895,167103.0
600938.SH,20260511,349000,36.7,12808300.0,36.35,0.0116722,0.608188,299000.0
600939.SH,20260511,9400,3.09,29046.0,3.09,0.000494093,0.0457401,190248.0
600941.SH,20260511,86400,96.69,8354016.0,96.68,0.00957057,0.994977,90276.8
600955.SH,20260511,36400,18.42,670488.0,18.42,0.00661818,0.383382,55000.0
600956.SH,20260511,116500,8.63,1005395.0,8.62,0.00496148,0.537033,234809.0
600958.SH,20260511,724790,9.28,6726051.0,9.32,0.00970335,0.321573,746948.0
600959.SH,20260511,576800,4.07,2347576.0,4.04,0.0115343,1.07942,500072.0
600960.SH,20260511,57700,5.1,294270.0,5.1,0.00607039,0.255701,95051.6
600961.SH,20260511,1373800,29.89,41062882.0,29.88,0.182732,1.70469,75181.2
600962.SH,20260511,27900,23.33,650907.0,23.32,0.0106403,0.485552,26221.0
600963.SH,20260511,406300,4.76,1933988.0,4.72,0.0231172,1.31972,175757.0
600965.SH,20260511,1515000,3.11,4711650.0,3.27,0.185049,64.0396,81870.1
600966.SH,20260511,51700,6.32,326744.0,6.31,0.00386732,0.378167,133684.0
600967.SH,20260511,174400,14.54,2535776.0,14.54,0.010248,0.892195,170179.0
600968.SH,20260511,335900,4.2,1410780.0,4.19,0.00330444,0.438014,1016510.0
600969.SH,20260511,172300,11.22,1933206.0,11.22,0.0465612,0.869209,37005.0
600970.SH,20260511,334000,9.26,3092840.0,9.26,0.0127393,0.728879,262181.0
600971.SH,20260511,98400,7.83,770472.0,7.84,0.00819997,0.465503,120000.0
600973.SH,20260511,201900,7.63,1540497.0,7.61,0.0147225,0.595538,137137.0
600975.SH,20260511,54700,5.53,302491.0,5.53,0.00437718,0.38479,124966.0
600976.SH,20260511,21800,32.56,709808.0,32.44,0.0142206,1.10192,15329.9
600977.SH,20260511,237300,13.8,3274740.0,13.79,0.0127102,0.691614,186700.0
600979.SH,20260511,800200,5.28,4225056.0,5.13,0.0649376,0.979206,123226.0
600980.SH,20260511,14800,23.99,355052.0,23.86,0.00781978,0.377826,18926.4
600981.SH,20260511,44100,2.86,126126.0,2.87,0.00196661,0.226612,224243.0
600982.SH,20260511,556900,6.38,3553022.0,6.35,0.0498288,0.674802,111763.0
600983.SH,20260511,43500,9.35,406725.0,9.35,0.0056756,1.00901,76643.9
600984.SH,20260511,1040300,4.8,4993440.0,4.71,0.0827577,3.01297,125704.0
600985.SH,20260511,99600,13.55,1349580.0,13.54,0.00369812,0.394259,269326.0
600986.SH,20260511,1603300,11.23,18005059.0,11.01,0.107794,0.979178,148737.0
600987.SH,20260511,64500,7.09,457305.0,7.09,0.00631846,0.719161,102082.0
600988.SH,20260511,447700,43.55,19497335.0,44.4,0.0269065,0.695441,166391.0
600989.SH,20260511,480600,27.75,13336650.0,27.62,0.00655361,0.398917,733336.0
600990.SH,20260511,58100,23.78,1381618.0,23.6,0.0215975,1.40067,26901.3
600992.SH,20260511,714600,12.51,8939646.0,12.51,0.291566,6.89454,24509.0
600993.SH,20260511,193500,25.43,4920705.0,25.22,0.0449679,4.27732,43030.7
600995.SH,20260511,176800,14.91,2636088.0,14.87,0.0055319,0.536236,319601.0
600996.SH,20260511,200800,8.84,1775072.0,8.89,0.0161052,0.638589,124680.0
600997.SH,20260511,26141,5.72002,149527.0,5.71,0.00164637,0.199523,158780.0
600998.SH,20260511,130000,5.06,657800.0,5.05,0.0025781,0.377855,504247.0
600999.SH,20260511,187300,15.92,2981816.0,15.92,0.00252358,0.370028,742200.0
601000.SH,20260511,112200,4.81,539682.0,4.83,0.00189337,0.213337,592593.0
601001.SH,20260511,103300,18.05,1864565.0,17.81,0.00617195,0.398518,167370.0
601002.SH,20260511,143400,6.14,880476.0,6.11,0.0150245,0.443019,95444.1
601003.SH,20260511,1087900,4.8,5221920.0,4.86,0.0424498,1.35997,256279.0
601005.SH,20260511,768300,1.41,1083303.0,1.41,0.00924144,1.18319,831364.0
601006.SH,20260511,566100,5.32,3011652.0,5.32,0.00280982,0.415984,2014720.0
601007.SH,20260511,92200,7.64,704408.0,7.65,0.023641,0.579245,39000.0
601008.SH,20260511,145100,4.87,706637.0,4.88,0.0116956,1.32902,124064.0
601009.SH,20260511,112600,11.31,1273506.0,11.32,0.00091074,0.266988,1236360.0
601011.SH,20260511,112200,3.06,343332.0,3.06,0.00585698,0.309639,191566.0
601012.SH,20260511,742100,16.35,12133335.0,16.36,0.00979275,0.446574,757806.0
601015.SH,20260511,288200,3.92,1129744.0,3.94,0.0141102,0.463001,204250.0
601016.SH,20260511,6236690,4.89,30497414.0,4.9,0.103287,0.919295,603820.0
601018.SH,20260511,219000,3.75,821250.0,3.76,0.00112571,0.305669,1945440.0
601019.SH,20260511,46100,7.59,349899.0,7.59,0.00220902,0.359055,208690.0
601020.SH,20260511,377200,30.31,11432932.0,30.35,0.046002,0.954189,81996.5
601021.SH,20260511,84300,47.51,4005093.0,47.93,0.00861669,1.06765,97833.3
601022.SH,20260511,151900,8.95,1359505.0,8.98,0.0116075,2.041,130863.0
601026.SH,20260511,206700,18.6,3844620.0,18.93,0.186073,4.0397,11108.6
601033.SH,20260511,77000,15.2,1170400.0,15.18,0.0320833,1.03338,24000.0
601038.SH,20260511,31500,13.56,427140.0,13.57,0.00430501,0.310818,73170.5
601058.SH,20260511,159000,13.74,2184660.0,13.78,0.00483562,0.312228,328810.0
601059.SH,20260511,64700,16.9,1093430.0,16.91,0.00199507,0.778716,324300.0
601061.SH,20260511,72900,14.68,1070172.0,14.65,0.00148776,0.340676,490000.0
601065.SH,20260511,11600,8.29,96164.0,8.29,0.00180467,0.262709,64277.6
601066.SH,20260511,51400,22.88,1176032.0,22.92,0.000791296,0.224635,649567.0
601068.SH,20260511,120400,6.23,750092.0,6.19,0.00470388,0.73631,255959.0
601069.SH,20260511,292600,35.07,10261482.0,35.58,0.0329806,1.1745,88718.8
601077.SH,20260511,250500,7.1,1778550.0,7.14,0.00283427,0.555212,883824.0
601083.SH,20260511,113700,12.46,1416702.0,12.5,0.058572,1.09281,19412.0
601086.SH,20260511,138300,8.97,1240551.0,9.08,0.0207658,0.688298,66600.0
601088.SH,20260511,271200,45.18,12252816.0,45.18,0.00164453,0.781824,1649100.0
601089.SH,20260511,5000,21.15,105750.0,21.07,0.00104167,0.190684,48000.0
601096.SH,20260511,190100,5.7,1083570.0,5.7,0.0115705,0.536213,164298.0
601098.SH,20260511,39400,11.54,454676.0,11.56,0.00219376,0.25873,179600.0
601099.SH,20260511,591600,3.72,2200752.0,3.73,0.00867917,0.547736,681632.0
601100.SH,20260511,68200,114.56,7812992.0,113.41,0.00508644,0.508133,134082.0
601101.SH,20260511,240720,10.75,2587740.0,10.68,0.0167167,0.354708,144000.0
601106.SH,20260511,1125200,4.64,5220928.0,4.63,0.0164076,0.810036,685778.0
601107.SH,20260511,146700,6.16,903672.0,6.17,0.00678306,1.12396,216274.0
601108.SH,20260511,270100,8.39,2266139.0,8.4,0.0058164,0.449181,464376.0
601111.SH,20260511,1133326,7.2,8159947.0,7.29,0.00973806,1.01113,1163810.0
601112.SH,20260511,129717,21.3,2762972.0,21.3,0.0731831,0.685852,17725.0
601113.SH,20260511,111500,4.6,512900.0,4.62,0.0100982,0.626042,110415.0
601116.SH,20260511,74900,13.94,1044106.0,13.86,0.0136759,0.75765,54767.8
601117.SH,20260511,385600,8.28,3192768.0,8.29,0.0063337,0.335273,608807.0
601118.SH,20260511,815100,7.59,6186609.0,7.6,0.0190469,1.12916,427943.0
601121.SH,20260511,43500,7.8,339300.0,7.79,0.0054375,0.345235,80000.0
601126.SH,20260511,748700,64.22,48081514.0,64.2,0.0907421,2.19085,82508.5
601127.SH,20260511,148899,89.85,13378575.0,90.3,0.00956195,0.64409,155720.0
601128.SH,20260511,406500,7.13,2898345.0,7.13,0.0122568,0.943877,331652.0
601133.SH,20260511,314500,25.81,8117245.0,25.68,0.0599748,0.968065,52438.7
601136.SH,20260511,34900,16.64,580736.0,16.64,0.00127683,0.204874,273333.0
601137.SH,20260511,66600,19.11,1272726.0,18.88,0.00725642,0.306648,91780.8
601138.SH,20260511,1403300,64.2,90091860.0,63.28,0.00707163,0.578756,1984410.0
601139.SH,20260511,204700,6.75,1381725.0,6.76,0.00711569,0.678566,287674.0
601155.SH,20260511,134600,15.36,2067456.0,15.46,0.00596731,0.707355,225562.0
601156.SH,20260511,36600,16.27,595482.0,16.27,0.00387467,0.413277,94459.6
601158.SH,20260511,317700,4.49,1426473.0,4.46,0.00661871,3.45832,480003.0
601162.SH,20260511,520100,3.77,1960777.0,3.77,0.0060491,0.261614,859797.0
601163.SH,20260511,17800,14.75,262550.0,14.75,0.002225,0.284795,80000.0
601166.SH,20260511,727000,17.72,12882440.0,17.73,0.00343526,0.652613,2116290.0
601168.SH,20260511,414700,32.39,13432133.0,32.47,0.0174024,0.564158,238300.0
601169.SH,20260511,1247000,5.27,6571690.0,5.27,0.00589794,0.995531,2114300.0
601177.SH,20260511,378700,16.62,6293994.0,16.79,0.0946608,1.70474,40006.0
601179.SH,20260511,1341893,17.2,23080560.0,17.19,0.0261788,0.776471,512588.0
601186.SH,20260511,374700,6.75,2529225.0,6.75,0.00325734,0.650108,1150320.0
601187.SH,20260511,87000,7.44,647280.0,7.46,0.00330374,0.482986,263338.0
601188.SH,20260511,80600,3.38,272428.0,3.37,0.00617402,0.576139,130547.0
601198.SH,20260511,61200,13.15,804780.0,13.19,0.0018933,0.335048,323245.0
601199.SH,20260511,390800,6.21,2426868.0,6.28,0.0417874,1.23771,93521.0
601200.SH,20260511,24200,8.14,196988.0,8.14,0.00179761,0.23975,134623.0
601208.SH,20260511,1484528,45.9,68139835.0,46.1,0.146956,1.41304,101018.0
601211.SH,20260511,433736,16.18,7017848.0,16.16,0.00321359,0.32472,1349690.0
601212.SH,20260511,1101700,8.1,8923770.0,8.11,0.0148782,0.918102,740477.0
601216.SH,20260511,181800,5.57,1012626.0,5.58,0.00215453,0.209519,843802.0
601218.SH,20260511,189200,6.5,1229800.0,6.47,0.0195246,0.23837,96903.4
601222.SH,20260511,186900,6.24,1166256.0,6.21,0.00915629,0.642944,204122.0
601225.SH,20260511,271600,24.1,6545560.0,23.83,0.00280144,0.507057,969500.0
601226.SH,20260511,86300,9.25,798275.0,9.16,0.00742542,0.487281,116222.0
601228.SH,20260511,123300,3.3,406890.0,3.3,0.0016343,0.421583,754453.0
601229.SH,20260511,172500,9.24,1593900.0,9.24,0.00121402,0.324462,1420900.0
601231.SH,20260511,168600,41.71,7032306.0,41.49,0.00705704,0.339785,238910.0
601233.SH,20260511,230590,21.62,4985356.0,21.77,0.00971039,0.361478,237467.0
601236.SH,20260511,22200,7.5,166500.0,7.5,0.000470659,0.129134,471679.0
601238.SH,20260511,275500,7.0,1928500.0,7.0,0.00373119,1.60129,738370.0
601279.SH,20260511,13500,4.04,54540.0,4.04,0.000851313,0.118023,158579.0
601288.SH,20260511,3579900,6.86,24558114.0,6.9,0.00112137,1.13935,31924400.0
601298.SH,20260511,46100,8.95,412595.0,8.97,0.000854958,0.396934,539208.0
601311.SH,20260511,207000,9.82,2032740.0,9.82,0.0176449,0.474032,117315.0
601318.SH,20260511,569900,59.78,34068622.0,60.06,0.00534612,0.506739,1066010.0
601319.SH,20260511,409000,7.3,2985700.0,7.32,0.00115219,0.547006,3549780.0
601326.SH,20260511,55800,3.53,196974.0,3.53,0.00117287,0.253402,475756.0
601328.SH,20260511,1024100,6.7,6861470.0,6.7,0.0039279,0.577928,2607240.0
601330.SH,20260511,124300,8.9,1106270.0,8.89,0.012567,0.292376,98909.5
601333.SH,20260511,241200,3.16,762192.0,3.17,0.00426734,0.25317,565224.0
601336.SH,20260511,94400,64.51,6089744.0,65.0,0.00452662,0.360987,208544.0
601339.SH,20260511,143900,8.54,1228906.0,8.61,0.00959609,0.755245,149957.0
601360.SH,20260511,1510400,11.6,17520640.0,11.66,0.0215785,1.19768,699956.0
601366.SH,20260511,20200,4.03,81406.0,4.03,0.00210473,0.161385,95974.1
601368.SH,20260511,69300,5.03,348579.0,5.01,0.00784848,0.619756,88297.3
601369.SH,20260511,20200,9.3,187860.0,9.29,0.00118391,0.174528,170621.0
601375.SH,20260511,88300,4.06,358498.0,4.07,0.00256126,0.25125,344752.0
601377.SH,20260511,375600,6.06,2276136.0,6.06,0.00434924,0.363028,863599.0
601388.SH,20260511,168700,4.05,683235.0,4.06,0.00766392,0.153897,220122.0
601390.SH,20260511,4200400,5.12,21506048.0,5.09,0.0205109,2.53298,2047880.0
601398.SH,20260511,2463900,7.46,18380694.0,7.46,0.000913868,0.803671,26961200.0
601399.SH,20260511,460000,4.33,1991800.0,4.33,0.00637688,0.439917,721356.0
601456.SH,20260511,95700,9.61,919677.0,9.63,0.00218644,0.30473,437698.0
601500.SH,20260511,63300,4.64,293712.0,4.63,0.00399873,0.187988,158300.0
601512.SH,20260511,1284100,10.49,13470209.0,10.64,0.0856701,5.20481,149889.0
601515.SH,20260511,781180,4.78,3734040.0,4.79,0.0405919,1.88404,192447.0
601518.SH,20260511,216662,2.94,636986.0,2.94,0.0114602,1.19884,189055.0
601519.SH,20260511,114900,11.13,1278837.0,11.14,0.00577631,0.310323,198916.0
601528.SH,20260511,64700,5.23,338381.0,5.22,0.00373027,0.363339,173446.0
601555.SH,20260511,304700,8.24,2510728.0,8.26,0.00613239,0.468922,496870.0
601566.SH,20260511,87400,10.99,960526.0,10.96,0.0152096,1.42713,57463.7
601567.SH,20260511,105200,19.71,2073492.0,19.71,0.00748643,0.374176,140521.0
601568.SH,20260511,56200,3.85,216370.0,3.84,0.00141483,0.191218,397222.0
601577.SH,20260511,82200,9.65,793230.0,9.65,0.00204443,0.342077,402068.0
601579.SH,20260511,9500,17.92,170240.0,17.9,0.00198138,0.118865,47946.3
601588.SH,20260511,769538,2.07,1592944.0,2.06,0.02893,0.773492,266000.0
601595.SH,20260511,19700,23.8,468860.0,23.69,0.00439536,0.465574,44820.0
601598.SH,20260511,53400,6.06,323604.0,6.08,0.00103539,0.298171,515747.0
601599.SH,20260511,234000,3.72,870480.0,3.72,0.020163,1.0673,116054.0
601600.SH,20260511,1774000,11.9,21110600.0,11.9,0.0134666,0.748889,1317340.0
601601.SH,20260511,142900,36.9,5273010.0,36.9,0.00208764,0.263746,684504.0
601606.SH,20260511,88900,39.06,3472434.0,39.07,0.0122751,0.696161,72422.8
601607.SH,20260511,20600,17.07,351642.0,17.07,0.000738561,0.233403,278921.0
601608.SH,20260511,448100,6.22,2787182.0,6.2,0.0097848,0.998735,457955.0
601609.SH,20260511,252400,10.5,2650200.0,10.37,0.0146011,1.15457,172864.0
601611.SH,20260511,149000,13.6,2026400.0,13.6,0.00494387,0.342191,301383.0
601615.SH,20260511,787011,16.97,13355577.0,16.66,0.0348004,0.783363,226150.0
601616.SH,20260511,126900,4.74,601506.0,4.71,0.0148651,0.531859,85367.5
601618.SH,20260511,625700,2.97,1858329.0,2.97,0.00350481,0.635705,1785260.0
601619.SH,20260511,178800,6.07,1085316.0,6.07,0.00734386,0.22832,243469.0
601628.SH,20260511,98400,37.25,3665400.0,37.31,0.000472542,0.191594,2082350.0
601633.SH,20260511,55100,19.81,1091531.0,19.8,0.000887387,0.361066,620924.0
601636.SH,20260511,1014600,6.2,6290520.0,6.22,0.0342926,0.992095,295865.0
601658.SH,20260511,578300,5.03,2908849.0,5.03,0.000797349,0.427793,7252780.0
601665.SH,20260511,70600,6.28,443368.0,6.28,0.00114725,0.139515,615384.0
601666.SH,20260511,130600,8.09,1056554.0,8.1,0.00528881,0.304046,246936.0
601668.SH,20260511,838760,4.91,4118312.0,4.91,0.00202989,0.408779,4132040.0
601669.SH,20260511,2021407,5.88,11885873.0,5.85,0.0154642,0.68281,1307150.0
601677.SH,20260511,619700,17.59,10900523.0,17.36,0.0508782,1.74787,121801.0
601678.SH,20260511,306000,5.08,1554480.0,5.06,0.0149755,0.419499,204334.0
601686.SH,20260511,91600,5.6,512960.0,5.59,0.00622474,1.71787,147155.0
601688.SH,20260511,874000,19.07,16667180.0,19.11,0.0119615,0.877974,730676.0
601689.SH,20260511,527100,67.6,35631960.0,66.89,0.0303308,1.12637,173784.0
601696.SH,20260511,100800,12.42,1251936.0,12.44,0.00362851,0.31119,277800.0
601698.SH,20260511,999200,40.1,40067920.0,39.8,0.0236531,1.26296,422439.0
601699.SH,20260511,109000,15.43,1681870.0,15.35,0.00364377,0.255146,299141.0
601700.SH,20260511,407100,5.66,2304186.0,5.59,0.0357495,1.46941,113876.0
601702.SH,20260511,33200,19.0,630800.0,18.99,0.00332489,0.390439,99853.1
601717.SH,20260511,113800,18.25,2076850.0,18.23,0.00737923,0.332062,154217.0
601718.SH,20260511,3489700,2.38,8305486.0,2.51,0.0800194,31.8107,436107.0
601727.SH,20260511,4742500,8.3,39362750.0,8.13,0.0375922,4.03512,1261560.0
601728.SH,20260511,628800,6.03,3791664.0,6.05,0.000809999,0.490006,7762970.0
601766.SH,20260511,1290100,5.89,7598689.0,5.88,0.00530299,0.504147,2432780.0
601777.SH,20260511,122200,11.28,1378416.0,11.3,0.00270288,0.221992,452110.0
601778.SH,20260511,3555198,7.5,26663985.0,7.39,0.0953534,0.614521,372844.0
601788.SH,20260511,99600,15.36,1529856.0,15.35,0.00254947,0.238309,390670.0
601789.SH,20260511,1189500,6.35,7553325.0,6.22,0.10945,0.634298,108680.0
601798.SH,20260511,21900,9.16,200604.0,9.16,0.00617722,0.297477,35452.8
601799.SH,20260511,48200,140.0,6748000.0,137.96,0.0168721,1.01196,28567.9
601800.SH,20260511,532300,6.9,3672870.0,6.9,0.00451725,0.906237,1178370.0
601801.SH,20260511,31200,6.1,190320.0,6.1,0.00159352,0.402556,195793.0
601808.SH,20260511,283300,14.48,4102184.0,14.42,0.00956943,1.2153,296047.0
601811.SH,20260511,30400,13.77,418608.0,13.76,0.00383885,0.864828,79190.4
601816.SH,20260511,464000,4.85,2250400.0,4.85,0.000948377,0.352419,4892570.0
601818.SH,20260511,536400,3.12,1673568.0,3.12,0.00115586,0.379332,4640680.0
601825.SH,20260511,48300,8.76,423108.0,8.8,0.000515231,0.161032,937444.0
601827.SH,20260511,8200,8.17,66994.0,8.16,0.00049045,0.087659,167193.0
601828.SH,20260511,582800,2.66,1550248.0,2.63,0.0161333,0.893934,361240.0
601838.SH,20260511,226000,18.8,4248800.0,18.87,0.00533216,0.93423,423844.0
601857.SH,20260511,2003501,11.21,22459246.0,11.12,0.00123732,1.04469,16192200.0
601858.SH,20260511,125900,25.01,3148759.0,25.28,0.0159266,0.834517,79050.0
601860.SH,20260511,245000,2.67,654150.0,2.67,0.00689832,0.588732,355159.0
601865.SH,20260511,95000,13.82,1312900.0,13.83,0.0049973,0.419758,190103.0
601866.SH,20260511,461100,2.74,1263414.0,2.74,0.00472827,0.545443,975198.0
601868.SH,20260511,13946838,3.23,45048287.0,3.22,0.0430077,1.44454,3242870.0
601869.SH,20260511,184100,404.4,74450040.0,397.23,0.0453071,1.0215,40633.8
601872.SH,20260511,1821100,19.0,34600900.0,19.49,0.0225536,0.945212,807454.0
601877.SH,20260511,148300,32.89,4877587.0,32.89,0.00690098,0.495847,214897.0
601878.SH,20260511,114599,9.8,1123070.0,9.79,0.00250556,0.297439,457380.0
601880.SH,20260511,845601,1.67,1412154.0,1.68,0.0045924,0.533404,1841310.0
601881.SH,20260511,183700,12.82,2355034.0,12.84,0.0025361,0.386653,724342.0
601882.SH,20260511,51800,23.7,1227660.0,23.79,0.00992337,0.457282,52200.0
601886.SH,20260511,74900,9.54,714546.0,9.49,0.00661076,0.594101,113300.0
601888.SH,20260511,201900,62.48,12614712.0,62.68,0.0103407,0.6313,195248.0
601890.SH,20260511,163600,10.93,1788148.0,10.96,0.0170523,0.357029,95940.0
601898.SH,20260511,270100,16.88,4559288.0,16.66,0.00295127,0.615232,915200.0
601899.SH,20260511,2499100,34.55,86343905.0,34.8,0.0121305,0.790729,2060180.0
601900.SH,20260511,27000,12.6,340200.0,12.61,0.00306133,0.28157,88197.0
601901.SH,20260511,152800,7.2,1100160.0,7.21,0.00185615,0.233546,823210.0
601908.SH,20260511,266600,4.08,1087728.0,4.07,0.0110412,0.397207,241460.0
601916.SH,20260511,682800,3.01,2055228.0,3.01,0.00316926,0.747431,2154440.0
601918.SH,20260511,88200,8.48,747936.0,8.47,0.00340469,0.119046,259054.0
601919.SH,20260511,1180272,14.03,16559216.0,14.03,0.00939988,1.10667,1255620.0
601921.SH,20260511,11200,7.55,84560.0,7.55,0.000504,0.11531,222222.0
601928.SH,20260511,21500,9.59,206185.0,9.56,0.000844827,0.317847,254490.0
601929.SH,20260511,586500,3.07,1800555.0,3.06,0.0168062,0.620563,348979.0
601933.SH,20260511,601800,3.76,2262768.0,3.77,0.00663138,0.591349,907504.0
601939.SH,20260511,242300,9.66,2340618.0,9.69,0.00252563,0.239952,959366.0
601949.SH,20260511,32100,5.84,187464.0,5.86,0.00168595,0.327967,190397.0
601952.SH,20260511,126400,9.68,1223552.0,9.69,0.00917271,0.502367,137800.0
601956.SH,20260511,79100,6.1,482510.0,6.05,0.0127249,1.1556,62161.7
601958.SH,20260511,265760,21.0,5580960.0,20.96,0.00823652,0.649597,322660.0
601963.SH,20260511,38600,10.35,399510.0,10.42,0.00189771,0.284675,203403.0
601965.SH,20260511,673600,16.05,10811280.0,15.99,0.0674676,8.22171,99840.6
601966.SH,20260511,37200,13.23,492156.0,13.25,0.00254185,0.343396,146350.0
601968.SH,20260511,19600,5.16,101136.0,5.17,0.00153632,0.149544,127578.0
601969.SH,20260511,710000,11.99,8512900.0,11.86,0.0359954,1.61694,197248.0
601975.SH,20260511,4054500,4.9,19867050.0,5.0,0.0866282,1.10599,468034.0
601985.SH,20260511,1053600,9.07,9556152.0,9.07,0.00557954,0.742456,1888330.0
601988.SH,20260511,872150,5.67,4945091.0,5.68,0.000413801,0.404411,21076600.0
601990.SH,20260511,134400,7.28,978432.0,7.28,0.00364587,0.757203,368636.0
601991.SH,20260511,56372600,6.0,338235600.0,5.54,0.454761,11.524,1239610.0
601992.SH,20260511,792600,1.69,1339494.0,1.69,0.00951026,0.943427,833416.0
601995.SH,20260511,102700,34.21,3513367.0,34.31,0.00351286,0.546565,292354.0
601996.SH,20260511,1617900,3.15,5096385.0,3.13,0.144338,1.90902,112091.0
601997.SH,20260511,150800,5.94,895752.0,5.94,0.0041245,0.325324,365620.0
601998.SH,20260511,144800,8.29,1200392.0,8.26,0.000355224,0.229762,4076300.0
601999.SH,20260511,41900,7.29,305451.0,7.29,0.00760553,0.465556,55091.5
603000.SH,20260511,202100,19.99,4039979.0,19.95,0.0182782,0.820532,110569.0
603001.SH,20260511,312500,9.62,3006250.0,9.79,0.0779341,1.87369,40098.0
603002.SH,20260511,597300,15.6,9317880.0,15.32,0.0526683,0.717697,113408.0
603004.SH,20260511,16400,21.65,355060.0,21.63,0.0278533,0.721209,5888.0
603005.SH,20260511,260795,32.59,8499309.0,32.07,0.0399887,0.622099,65217.2
603006.SH,20260511,41300,14.16,584808.0,14.17,0.0162436,0.968052,25425.4
603007.SH,20260511,1420600,6.6,9375960.0,6.58,0.204377,3.31399,69508.9
603008.SH,20260511,249800,8.4,2098320.0,8.84,0.0678265,39.7644,36829.2
603009.SH,20260511,107800,51.16,5515048.0,51.16,0.0318549,1.0504,33840.9
603010.SH,20260511,437000,15.0,6555000.0,15.0,0.0765621,2.16634,57077.8
603011.SH,20260511,252900,21.66,5477814.0,21.7,0.0511514,1.4739,49441.4
603012.SH,20260511,1068300,9.58,10234314.0,9.55,0.165244,4.8342,64650.0
603013.SH,20260511,14500,21.35,309575.0,21.33,0.0028531,0.147352,50822.0
603014.SH,20260511,3900,36.54,142506.0,36.59,0.00990669,0.45809,3936.73
603015.SH,20260511,107100,12.6,1349460.0,12.62,0.0264955,1.46037,40421.9
603016.SH,20260511,45400,54.01,2452054.0,54.01,0.0306425,0.71666,14816.0
603017.SH,20260511,620300,16.61,10303183.0,16.69,0.224592,1.53326,27619.0
603018.SH,20260511,47000,7.63,358610.0,7.59,0.00687339,0.512946,68379.6
603019.SH,20260511,741100,99.0,73368900.0,96.3,0.0506663,0.973858,146271.0
603020.SH,20260511,355000,12.04,4274200.0,11.62,0.0945059,6.89875,37563.8
603021.SH,20260511,383300,7.03,2694599.0,7.15,0.119801,4.39512,31994.8
603022.SH,20260511,60200,11.69,703738.0,11.69,0.0301,0.880537,20000.0
603023.SH,20260511,103600,4.74,491064.0,4.71,0.0185624,0.644235,55811.7
603025.SH,20260511,123913,17.33,2147412.0,17.14,0.0111716,0.75989,110917.0
603026.SH,20260511,296600,104.53,31003598.0,103.92,0.12746,1.04273,23270.1
603027.SH,20260511,54200,8.91,482922.0,8.91,0.00433733,0.148829,124962.0
603028.SH,20260511,785300,9.66,7585998.0,9.63,0.276329,8.0051,28419.0
603029.SH,20260511,48600,20.39,990954.0,20.05,0.0400521,1.81352,12134.2
603030.SH,20260511,1567310,3.07,4811642.0,3.06,0.119012,1.73628,131693.0
603031.SH,20260511,310903,50.0,15545150.0,48.98,0.0988908,1.40354,31439.0
603032.SH,20260511,154900,24.35,3771815.0,24.63,0.0668644,0.914763,23166.3
603033.SH,20260511,19700,11.41,224777.0,11.38,0.00194562,0.196827,101253.0
603035.SH,20260511,8900,13.59,120951.0,13.57,0.00242939,0.203837,36634.7
603036.SH,20260511,3800,17.27,65626.0,17.27,0.00184461,0.0783603,20600.6
603037.SH,20260511,139200,14.68,2043456.0,14.68,0.0523023,1.72996,26614.5
603038.SH,20260511,51000,16.66,849660.0,16.6,0.0189819,0.827454,26867.7
603039.SH,20260511,118200,48.2,5697240.0,48.62,0.046106,0.940402,25636.6
603040.SH,20260511,5700,82.2,468540.0,82.11,0.00419908,0.239806,13574.4
603041.SH,20260511,6800,14.16,96288.0,14.12,0.00371285,0.136747,18314.8
603042.SH,20260511,98300,22.24,2186192.0,21.85,0.0612118,0.75002,16059.0
603043.SH,20260511,21486,15.19,326372.0,15.19,0.00380987,0.422357,56395.6
603045.SH,20260511,205080,68.35,14017218.0,62.14,0.151412,4.45208,13544.5
603048.SH,20260511,18200,23.92,435344.0,23.82,0.0123911,0.533537,14688.0
603049.SH,20260511,22200,49.13,1090686.0,49.13,0.0253864,0.880712,8744.86
603050.SH,20260511,188400,25.6,4823040.0,24.33,0.0467124,1.16394,40331.9
603051.SH,20260511,55900,24.64,1377376.0,24.77,0.0345845,0.768683,16163.3
603052.SH,20260511,253000,91.16,23063480.0,89.26,0.134648,3.45865,18789.7
603053.SH,20260511,7200,9.72,69984.0,9.73,0.000809999,0.267301,88889.0
603055.SH,20260511,3800,9.18,34884.0,9.18,0.000428386,0.0514826,88705.0
603057.SH,20260511,22100,27.81,614601.0,27.79,0.00536408,0.575645,41200.0
603058.SH,20260511,15100,12.09,182559.0,12.06,0.00365054,0.114007,41363.7
603059.SH,20260511,700,35.15,24605.0,35.15,0.000696873,0.0402705,10044.9
603060.SH,20260511,126300,6.97,880311.0,7.0,0.0157097,0.434903,80396.1
603061.SH,20260511,12290,262.47,3225756.0,259.09,0.0141264,0.391981,8700.0
603062.SH,20260511,9900,58.0,574200.0,56.96,0.026704,0.54557,3707.31
603063.SH,20260511,333812,51.8,17291462.0,51.5,0.0726406,0.889066,45953.9
603065.SH,20260511,49100,8.31,408021.0,8.32,0.0117193,0.964515,41896.8
603066.SH,20260511,199700,12.08,2412376.0,11.9,0.0678836,1.30827,29418.0
603067.SH,20260511,156500,40.26,6300690.0,39.85,0.0207141,0.337346,75552.5
603068.SH,20260511,41000,36.92,1513720.0,36.84,0.0270115,0.843784,15178.7
603069.SH,20260511,113700,17.23,1959051.0,17.34,0.035981,2.32361,31600.0
603070.SH,20260511,16000,13.8,220800.0,13.77,0.00399002,0.289319,40100.0
603071.SH,20260511,19100,14.54,277714.0,14.42,0.00342322,0.471795,55795.4
603072.SH,20260511,17000,38.56,655520.0,38.56,0.0134675,0.427196,12623.0
603073.SH,20260511,25200,21.11,531972.0,21.17,0.0495158,0.950727,5089.28
603075.SH,20260511,12900,25.18,324822.0,25.16,0.0312765,0.605297,4124.51
603076.SH,20260511,47000,31.67,1488490.0,31.91,0.0389391,0.722162,12070.1
603077.SH,20260511,1030740,2.89,2978839.0,2.89,0.0116709,0.374672,883170.0
603078.SH,20260511,103000,26.75,2755250.0,26.37,0.026709,0.357176,38563.7
603079.SH,20260511,43700,16.18,707066.0,15.95,0.0231181,1.06303,18903.0
603080.SH,20260511,5200,21.79,113308.0,21.79,0.00367491,0.21205,14150.0
603081.SH,20260511,22000,12.27,269940.0,12.22,0.00520711,0.343261,42249.9
603082.SH,20260511,41700,35.71,1489107.0,35.7,0.102819,3.13555,4055.69
603083.SH,20260511,294300,188.98,55616814.0,189.84,0.10679,0.908819,27558.8
603085.SH,20260511,86900,13.66,1187054.0,13.56,0.0218837,0.540771,39710.0
603086.SH,20260511,55200,7.25,400200.0,7.28,0.0126951,1.12208,43481.3
603087.SH,20260511,21400,60.2,1288280.0,60.14,0.0038361,0.381702,55785.9
603088.SH,20260511,39800,12.74,507052.0,12.64,0.00908942,0.17827,43787.2
603089.SH,20260511,11800,11.96,141128.0,11.96,0.00491599,0.318295,24003.3
603090.SH,20260511,21400,68.0,1455200.0,67.71,0.0214,0.390337,10000.0
603091.SH,20260511,5400,86.82,468828.0,86.33,0.0171747,0.91331,3144.16
603092.SH,20260511,13435,77.0,1034495.0,76.65,0.0388613,0.462125,3457.17
603093.SH,20260511,23900,21.56,515284.0,21.74,0.00391761,0.305331,61006.6
603095.SH,20260511,605200,26.0,15735200.0,25.86,0.234329,2.53462,25826.9
603096.SH,20260511,9800,18.64,182672.0,18.63,0.00635396,0.461338,15423.5
603097.SH,20260511,47837,28.32,1354744.0,28.05,0.0298081,1.36505,16048.3
603098.SH,20260511,13300,14.18,188594.0,14.16,0.00246845,0.144544,53880.0
603099.SH,20260511,34300,35.7,1224510.0,35.76,0.0125938,0.557595,27235.6
603100.SH,20260511,22600,20.19,456294.0,20.2,0.00441804,0.270535,51153.9
603101.SH,20260511,93900,9.21,864819.0,9.22,0.0199617,0.24387,47040.0
603102.SH,20260511,3600,41.66,149976.0,41.57,0.005625,0.479713,6400.0
603103.SH,20260511,77800,21.49,1671922.0,21.48,0.0122674,1.07371,63420.0
603105.SH,20260511,63900,10.08,644112.0,10.05,0.0127797,0.305892,50001.1
603106.SH,20260511,14800,9.15,135420.0,9.13,0.00284331,0.223886,52052.0
603107.SH,20260511,28800,14.54,418752.0,14.47,0.0132005,1.47657,21817.4
603108.SH,20260511,372177,13.94,5188147.0,13.94,0.061649,2.23687,60370.3
603109.SH,20260511,11700,23.23,271791.0,23.09,0.00560215,0.271821,20884.8
603110.SH,20260511,155200,24.38,3783776.0,24.38,0.0771269,0.588056,20122.7
603111.SH,20260511,106800,6.91,737988.0,6.84,0.0125223,1.4393,85287.9
603112.SH,20260511,47300,22.43,1060939.0,22.41,0.00884763,0.379697,53460.7
603113.SH,20260511,91200,5.79,528048.0,5.79,0.0107485,0.286143,84849.1
603115.SH,20260511,31100,61.85,1923535.0,62.37,0.0128571,0.374461,24189.0
603116.SH,20260511,418400,7.64,3196576.0,7.59,0.0726136,1.75097,57620.1
603117.SH,20260511,334700,5.1,1706970.0,5.14,0.055858,1.47034,59919.8
603118.SH,20260511,832008,15.84,13179007.0,15.73,0.105682,0.911263,78727.6
603119.SH,20260511,264800,91.2,24149760.0,92.62,0.129881,1.09017,20387.9
603120.SH,20260511,47600,44.59,2122484.0,43.16,0.125594,2.18203,3790.0
603121.SH,20260511,48200,21.88,1054616.0,21.55,0.0142379,0.701886,33853.4
603122.SH,20260511,207300,16.18,3354114.0,16.04,0.0520785,1.10709,39805.3
603123.SH,20260511,159900,11.85,1894815.0,11.85,0.0245142,0.683143,65227.6
603124.SH,20260511,23100,134.1,3097710.0,134.9,0.0297647,0.606534,7760.88
603125.SH,20260511,65600,23.5,1541600.0,23.74,0.0162041,0.556898,40483.6
603126.SH,20260511,30000,8.48,254400.0,8.48,0.004914,0.193938,61050.0
603127.SH,20260511,167100,38.21,6384891.0,38.61,0.026509,0.43292,63035.3
603128.SH,20260511,267800,5.73,1534494.0,5.69,0.0204576,2.64574,130905.0
603129.SH,20260511,1300,264.0,343200.0,263.08,0.000847001,0.0967768,15348.3
603130.SH,20260511,11900,47.86,569534.0,47.26,0.00865365,0.754243,13751.4
603131.SH,20260511,463600,25.15,11659540.0,25.05,0.137605,1.68779,33690.7
603132.SH,20260511,27000,19.97,539190.0,20.06,0.00276074,0.374465,97800.0
603135.SH,20260511,28900,12.9,372810.0,12.81,0.00459067,0.419689,62953.8
603136.SH,20260511,42600,10.6,451560.0,10.56,0.0157704,0.384708,27012.7
603137.SH,20260511,9200,14.18,130456.0,14.13,0.00502915,0.363649,18293.3
603138.SH,20260511,439300,19.91,8746463.0,19.85,0.152353,2.91018,28834.3
603139.SH,20260511,18000,37.58,676440.0,37.58,0.0180216,0.343405,9988.0
603150.SH,20260511,18100,67.0,1212700.0,66.8,0.0211738,0.738891,8548.3
603151.SH,20260511,14400,16.0,230400.0,15.98,0.00841551,0.552258,17111.3
603153.SH,20260511,15000,16.44,246600.0,16.45,0.00371489,0.224798,40378.0
603155.SH,20260511,9000,18.7,168300.0,18.55,0.00285002,0.10435,31578.7
603156.SH,20260511,383500,42.0,16107000.0,40.78,0.0304298,2.5527,126028.0
603158.SH,20260511,1245800,15.81,19696098.0,15.88,0.253846,3.07978,49077.0
603159.SH,20260511,6000,25.4,152400.0,25.52,0.00428571,0.352703,14000.0
603160.SH,20260511,55400,66.28,3671912.0,65.71,0.0118941,1.08613,46577.5
603161.SH,20260511,84900,14.93,1267557.0,14.93,0.0445088,2.54799,19074.9
603162.SH,20260511,247400,17.8,4403720.0,18.11,0.0885242,0.909231,27947.2
603163.SH,20260511,4700,104.0,488800.0,102.85,0.0047,0.192298,10000.0
603165.SH,20260511,129100,18.59,2399969.0,18.61,0.0402877,1.21759,32044.5
603166.SH,20260511,59200,14.58,863136.0,14.6,0.00923967,0.732666,64071.6
603167.SH,20260511,36200,9.1,329420.0,9.1,0.00771617,0.363425,46914.4
603168.SH,20260511,20100,6.71,134871.0,6.71,0.00539577,0.272505,37251.4
603169.SH,20260511,89800,9.18,824364.0,9.06,0.00687442,0.432416,130629.0
603170.SH,20260511,31800,13.16,418488.0,13.15,0.0079498,0.756042,40001.0
603171.SH,20260511,136006,59.9,8146759.0,60.38,0.0335081,1.53894,40589.0
603172.SH,20260511,26700,22.49,600483.0,22.15,0.020018,0.954947,13338.0
603173.SH,20260511,10800,39.11,422388.0,39.17,0.00675,0.558331,16000.0
603175.SH,20260511,17400,101.71,1769754.0,101.6,0.0382634,0.37367,4547.42
603176.SH,20260511,41200,5.79,238548.0,5.75,0.0089213,0.692873,46181.6
603177.SH,20260511,52900,12.29,650141.0,12.12,0.025907,0.8701,20419.2
603178.SH,20260511,383500,20.28,7777380.0,20.22,0.162217,1.25577,23641.2
603179.SH,20260511,251962,71.2,17939694.0,71.15,0.0493906,0.747642,51014.2
603180.SH,20260511,7500,19.05,142875.0,19.05,0.00486201,0.449212,15425.7
603181.SH,20260511,4000,15.09,60360.0,15.05,0.000679463,0.054391,58870.0
603182.SH,20260511,95900,15.55,1491245.0,15.26,0.0582802,2.68703,16455.0
603183.SH,20260511,131400,4.9,643860.0,4.9,0.0264305,0.816854,49715.3
603185.SH,20260511,142517,21.73,3096894.0,21.7,0.0209886,0.5549,67902.2
603186.SH,20260511,95000,87.0,8265000.0,86.11,0.0605904,0.573238,15679.1
603187.SH,20260511,37660,14.94,562640.0,14.88,0.00984931,0.390932,38236.2
603188.SH,20260511,131700,5.2,684840.0,5.22,0.0230984,0.594925,57017.0
603189.SH,20260511,863092,12.89,11125256.0,12.29,0.320199,5.40641,26954.8
603190.SH,20260511,37100,28.17,1045107.0,28.15,0.0902334,0.640108,4111.56
603191.SH,20260511,41000,20.58,843780.0,20.58,0.0124256,0.38969,32996.5
603192.SH,20260511,4200,23.61,99162.0,23.61,0.00301277,0.238287,13940.6
603193.SH,20260511,25300,25.7,650210.0,25.69,0.0244832,0.477598,10333.6
603194.SH,20260511,45200,37.13,1678276.0,37.15,0.0286027,2.08953,15802.7
603195.SH,20260511,23300,44.72,1041976.0,44.8,0.00129397,0.204443,180066.0
603196.SH,20260511,20300,28.76,583828.0,28.51,0.00856582,0.323317,23698.8
603197.SH,20260511,9800,34.92,342216.0,34.92,0.0046412,0.395267,21115.2
603198.SH,20260511,27700,37.65,1042905.0,37.82,0.0034625,0.361722,80000.0
603199.SH,20260511,3600,35.92,129312.0,35.96,0.00325262,0.146007,11068.0
603200.SH,20260511,23100,62.7,1448370.0,62.69,0.0131639,0.363156,17548.0
603201.SH,20260511,5800,16.39,95062.0,16.38,0.0030793,0.205192,18835.5
603202.SH,20260511,4600,79.67,366482.0,79.61,0.00916087,0.422996,5021.36
603203.SH,20260511,67500,49.3,3327750.0,48.58,0.0270918,1.06802,24915.3
603205.SH,20260511,11000,26.06,286660.0,26.06,0.0266086,0.45295,4134.0
603206.SH,20260511,16200,17.49,283338.0,17.44,0.00530799,0.295222,30520.0
603207.SH,20260511,5100,26.64,135864.0,26.64,0.009375,0.383846,5440.0
603208.SH,20260511,11300,13.96,157748.0,13.96,0.00642487,0.507322,17587.9
603209.SH,20260511,96600,14.95,1444170.0,15.13,0.0300474,2.32543,32149.2
603210.SH,20260511,23600,16.9,398840.0,16.79,0.0101428,0.626902,23267.8
603211.SH,20260511,100000,27.71,2771000.0,28.15,0.0367907,0.895327,27180.8
603212.SH,20260511,88700,14.43,1279941.0,14.39,0.0202747,0.520413,43749.1
603213.SH,20260511,7100,13.84,98264.0,13.83,0.00160644,0.260233,44197.2
603214.SH,20260511,10200,16.9,172380.0,16.76,0.00736249,0.300044,13854.0
603215.SH,20260511,19000,18.11,344090.0,18.15,0.010148,0.241639,18722.8
603216.SH,20260511,14500,30.48,441960.0,30.22,0.00651129,0.4588,22269.0
603217.SH,20260511,8800,29.5,259600.0,29.54,0.00422899,0.184375,20808.8
603218.SH,20260511,136700,12.68,1733356.0,12.67,0.0132972,0.848604,102804.0
603219.SH,20260511,36200,16.98,614676.0,16.98,0.00644817,0.497804,56140.0
603220.SH,20260511,732606,33.2,24322519.0,32.11,0.168702,1.43728,43426.1
603221.SH,20260511,33600,12.48,419328.0,12.44,0.0138688,0.678581,24227.0
603222.SH,20260511,132000,10.0,1320000.0,10.15,0.0251385,0.571852,52509.1
603223.SH,20260511,66300,9.56,633828.0,9.56,0.0093933,0.623112,70582.2
603225.SH,20260511,90100,18.16,1636216.0,18.17,0.00539991,0.346656,166855.0
603226.SH,20260511,68300,46.2,3155460.0,46.2,0.0192128,1.38758,35549.2
603227.SH,20260511,51900,8.71,452049.0,8.72,0.00484281,0.428552,107169.0
603228.SH,20260511,315600,74.4,23480640.0,74.5,0.0323441,0.745078,97575.6
603229.SH,20260511,52300,10.19,532937.0,10.12,0.00629895,0.378203,83029.7
603230.SH,20260511,4700,10.96,51512.0,10.94,0.00132948,0.191917,35352.3
603231.SH,20260511,59800,18.11,1082978.0,18.16,0.0562739,1.5321,10626.6
603232.SH,20260511,160600,20.3,3260180.0,19.81,0.0694336,2.06027,23130.0
603233.SH,20260511,44500,18.58,826810.0,18.55,0.00390746,0.555833,113885.0
603235.SH,20260511,200,26.18,5236.0,26.12,4.5685e-05,0.0298856,43778.0
603236.SH,20260511,53100,76.38,4055778.0,75.72,0.0202937,0.852158,26165.8
603237.SH,20260511,10100,16.89,170589.0,16.85,0.00515275,0.583318,19601.2
603238.SH,20260511,19900,16.15,321385.0,16.09,0.0112107,0.632568,17750.9
603239.SH,20260511,256300,25.75,6599725.0,25.9,0.0946735,3.31107,27072.0
603248.SH,20260511,146100,30.0,4383000.0,30.06,0.210795,1.03094,6930.89
603255.SH,20260511,3600,31.41,113076.0,31.42,0.00593323,0.174157,6067.52
603256.SH,20260511,394300,147.93,58328799.0,148.87,0.0448207,1.75815,87972.8
603257.SH,20260511,17700,66.0,1168200.0,66.14,0.0710843,0.731851,2490.0
603258.SH,20260511,14200,17.33,246086.0,17.4,0.00588378,0.503374,24134.1
603259.SH,20260511,269300,106.65,28720845.0,106.8,0.0108884,0.432323,247328.0
603260.SH,20260511,45500,44.8,2038400.0,45.03,0.00384873,0.430089,118221.0
603261.SH,20260511,5000,37.17,185850.0,36.7,0.00645119,0.673092,7750.5
603262.SH,20260511,1500,26.4,39600.0,26.31,0.00374925,0.155749,4000.8
603266.SH,20260511,32500,20.56,668200.0,20.55,0.016341,1.10933,19888.7
603267.SH,20260511,85400,57.0,4867800.0,56.91,0.0369568,0.891441,23108.1
603268.SH,20260511,29400,154.57,4544358.0,154.53,0.0126045,0.358307,23325.0
603269.SH,20260511,326500,17.39,5677835.0,16.87,0.105748,1.38768,30875.2
603270.SH,20260511,14400,28.48,410112.0,28.56,0.020363,0.239022,7071.67
603271.SH,20260511,11400,50.84,579576.0,51.3,0.0120538,0.258069,9457.6
603272.SH,20260511,325500,26.1,8495550.0,26.1,0.314107,4.40484,10362.7
603273.SH,20260511,4900,18.43,90307.0,18.3,0.00874088,0.275607,5605.84
603275.SH,20260511,21400,48.47,1037258.0,48.47,0.0515216,0.416054,4153.6
603276.SH,20260511,7800,18.51,144378.0,18.51,0.0103117,0.181186,7564.23
603277.SH,20260511,8600,13.43,115498.0,13.42,0.00141042,0.394809,60974.6
603278.SH,20260511,3720000,16.39,60970800.0,14.91,1.08849,11.3213,34175.9
603279.SH,20260511,31500,19.07,600705.0,19.02,0.00546521,0.19922,57637.3
603280.SH,20260511,9000,34.44,309960.0,34.45,0.00830207,0.653124,10840.7
603281.SH,20260511,19100,35.7,681870.0,35.7,0.00511607,0.385074,37333.3
603282.SH,20260511,16900,18.85,318565.0,18.76,0.0126289,0.305892,13382.0
603283.SH,20260511,189000,56.3,10640700.0,54.7,0.0696969,1.06303,27117.4
603284.SH,20260511,24400,48.2,1176080.0,48.49,0.132082,1.12086,1847.34
603285.SH,20260511,17000,46.13,784210.0,46.18,0.0272887,0.346122,6229.68
603286.SH,20260511,30800,70.0,2156000.0,69.15,0.0266366,0.688476,11563.1
603288.SH,20260511,69780,38.12,2660014.0,38.18,0.0012549,0.359976,556060.0
603289.SH,20260511,303400,12.46,3780364.0,12.4,0.103411,1.62161,29339.2
603290.SH,20260511,73600,107.8,7934080.0,106.26,0.0307341,0.794859,23947.3
603291.SH,20260511,11000,12.1,133100.0,12.09,0.00259912,0.153601,42322.1
603293.SH,20260511,119400,56.0,6686400.0,55.25,0.340205,2.14285,3509.65
603296.SH,20260511,153300,120.0,18396000.0,118.6,0.0268718,0.751995,57048.7
603297.SH,20260511,26191,131.5,3444117.0,130.28,0.0236532,1.02074,11072.9
603298.SH,20260511,69400,29.13,2021622.0,29.06,0.00529847,0.732399,130981.0
603299.SH,20260511,25900,10.58,274022.0,10.56,0.00331836,0.270258,78050.6
603300.SH,20260511,163400,6.9,1127460.0,6.87,0.00819222,0.272134,199457.0
603301.SH,20260511,5000,94.96,474800.0,94.76,0.00189483,0.289252,26387.6
603303.SH,20260511,17400,18.74,326076.0,18.74,0.00364822,0.424819,47694.5
603305.SH,20260511,677600,16.74,11343024.0,16.66,0.0586307,1.75423,115571.0
603306.SH,20260511,157700,107.52,16955904.0,107.52,0.0478611,0.749033,32949.5
603307.SH,20260511,3300,45.22,149226.0,45.19,0.00492537,0.270786,6700.0
603308.SH,20260511,68900,79.5,5477550.0,78.76,0.0101467,0.338362,67904.1
603309.SH,20260511,29900,14.21,424879.0,14.2,0.0102442,0.687427,29187.1
603310.SH,20260511,5400,16.75,90450.0,16.74,0.00278336,0.300179,19401.0
603312.SH,20260511,2100,40.28,84588.0,40.28,0.00412416,0.135267,5091.95
603313.SH,20260511,291930,6.41,1871271.0,6.32,0.0511631,1.30494,57058.7
603315.SH,20260511,383400,19.18,7353612.0,19.0,0.119676,1.9241,32036.6
603316.SH,20260511,537700,19.86,10678722.0,19.15,0.203471,1.34837,26426.4
603317.SH,20260511,206900,15.7,3248330.0,15.74,0.0194324,0.501947,106471.0
603318.SH,20260511,2046893,12.09,24746936.0,11.85,0.445877,1.73204,45907.1
603319.SH,20260511,260700,40.0,10428000.0,40.14,0.0768687,1.2339,33915.0
603320.SH,20260511,17600,24.27,427152.0,23.92,0.0118005,0.464447,14914.6
603321.SH,20260511,81000,7.8,631800.0,7.68,0.0235079,1.46755,34456.4
603322.SH,20260511,54100,36.76,1988716.0,36.42,0.0343303,0.547412,15758.7
603323.SH,20260511,171250,4.9,839125.0,4.92,0.00848385,0.527877,201854.0
603324.SH,20260511,5600,26.07,145992.0,26.05,0.00379199,0.203576,14768.0
603325.SH,20260511,5300,63.1,334430.0,63.03,0.0155047,0.611682,3418.32
603326.SH,20260511,44500,8.56,380920.0,8.54,0.0139421,0.602756,31917.7
603327.SH,20260511,425300,11.3,4805890.0,11.16,0.0406807,1.07754,104546.0
603328.SH,20260511,123400,12.96,1599264.0,12.91,0.0123592,0.252409,99844.3
603329.SH,20260511,26800,11.65,312220.0,11.63,0.0129856,0.227569,20638.3
603330.SH,20260511,50300,7.28,366184.0,7.2,0.0116254,0.557527,43267.4
603331.SH,20260511,181300,15.2,2755760.0,15.43,0.0896745,1.67573,20217.6
603332.SH,20260511,50300,14.3,719290.0,14.34,0.0232497,0.749356,21634.7
603333.SH,20260511,148200,8.54,1265628.0,8.54,0.0238445,0.701748,62152.8
603334.SH,20260511,4600,50.8,233680.0,50.76,0.0144578,0.218617,3181.67
603335.SH,20260511,134500,7.4,995300.0,7.42,0.0314146,0.39917,42814.5
603336.SH,20260511,131600,12.14,1597624.0,12.13,0.0216192,0.359675,60871.9
603337.SH,20260511,28100,42.6,1197060.0,41.81,0.00593171,0.719753,47372.6
603338.SH,20260511,22800,57.13,1302564.0,56.9,0.00450283,0.220867,50634.8
603339.SH,20260511,11400,13.96,159144.0,13.85,0.00368406,0.343027,30944.1
603341.SH,20260511,99300,40.0,3972000.0,39.44,0.037301,0.770283,26621.3
603344.SH,20260511,8700,29.66,258042.0,29.36,0.0161019,0.450461,5403.1
603345.SH,20260511,42945,102.88,4418182.0,103.0,0.0146423,0.442851,29329.4
603348.SH,20260511,10300,18.96,195288.0,18.91,0.00327528,0.394163,31447.7
603350.SH,20260511,4900,36.48,178752.0,36.36,0.0111049,0.376595,4412.45
603351.SH,20260511,1700,27.59,46903.0,27.55,0.00125518,0.143889,13543.9
603352.SH,20260511,14300,37.34,533962.0,37.29,0.032191,0.849693,4442.24
603353.SH,20260511,100250,52.83,5296208.0,52.31,0.0588259,0.614933,17041.8
603355.SH,20260511,4100,34.14,139974.0,34.25,0.000715037,0.0939364,57339.7
603356.SH,20260511,14800,19.48,288304.0,19.22,0.0110994,0.262504,13334.0
603357.SH,20260511,122688,7.58,929975.0,7.56,0.0218873,1.29692,56054.3
603358.SH,20260511,242700,35.3,8567310.0,34.92,0.0533196,1.76634,45517.9
603359.SH,20260511,404200,3.52,1422784.0,3.71,0.0906083,120.289,44609.6
603360.SH,20260511,93500,21.21,1983135.0,20.95,0.0132394,0.285767,70622.4
603363.SH,20260511,239600,3.27,783492.0,3.26,0.0111799,0.463459,214313.0
603365.SH,20260511,29700,20.39,605583.0,20.26,0.0114318,0.520695,25980.2
603366.SH,20260511,58500,8.67,507195.0,8.67,0.00719515,0.529722,81304.8
603367.SH,20260511,25000,15.71,392750.0,15.67,0.00552176,0.433567,45275.4
603368.SH,20260511,23500,16.94,398090.0,16.92,0.00591625,0.613219,39721.1
603369.SH,20260511,130144,27.91,3632319.0,28.13,0.0104382,0.809043,124680.0
603370.SH,20260511,15500,44.12,683860.0,44.12,0.0442984,2.14188,3499.0
603373.SH,20260511,107600,45.54,4900104.0,43.95,0.236847,6.28012,4543.01
603375.SH,20260511,59300,47.73,2830389.0,47.71,0.0929745,0.839468,6378.09
603376.SH,20260511,12110,31.12,376863.0,31.25,0.0378428,0.903483,3200.08
603377.SH,20260511,138240,3.59,496282.0,3.59,0.0193229,2.52702,71542.2
603378.SH,20260511,713000,4.25,3030250.0,4.47,0.166357,93.2422,42859.7
603379.SH,20260511,50500,63.03,3183015.0,63.18,0.00827219,0.559942,61047.9
603380.SH,20260511,14900,39.25,584825.0,39.22,0.00928689,0.567201,16044.1
603381.SH,20260511,113900,23.99,2732461.0,24.29,0.0801336,1.69241,14213.8
603382.SH,20260511,4100,26.71,109511.0,26.7,0.0113102,0.467239,3625.03
603383.SH,20260511,54800,33.72,1847856.0,33.33,0.0266827,0.772731,20537.6
603385.SH,20260511,82400,6.76,557024.0,6.73,0.0216463,1.44889,38066.5
603386.SH,20260511,156300,14.43,2255409.0,14.45,0.0478974,1.64614,32632.3
603387.SH,20260511,97412,9.96,970224.0,9.88,0.0192076,0.523559,50715.4
603389.SH,20260511,24500,67.4,1651300.0,66.13,0.00932438,1.1471,26275.2
603390.SH,20260511,145100,13.9,2016890.0,13.97,0.0413964,0.565695,35051.4
603391.SH,20260511,2900,65.75,190675.0,65.42,0.0127473,0.198869,2275.0
603392.SH,20260511,536600,44.0,23610400.0,42.79,0.0424393,9.45965,126439.0
603393.SH,20260511,56500,29.98,1693870.0,29.98,0.01335,0.458385,42322.1
603395.SH,20260511,15300,27.65,423045.0,27.61,0.0235385,0.644619,6500.0
603396.SH,20260511,49000,37.9,1857100.0,37.5,0.035372,0.989825,13852.7
603398.SH,20260511,355300,13.4,4761020.0,13.5,0.081934,5.24405,43364.2
603399.SH,20260511,3619302,23.0,83243946.0,23.99,0.706494,4.63393,51229.1
603400.SH,20260511,98100,86.77,8512137.0,83.0,0.4905,4.26503,2000.0
603402.SH,20260511,15700,112.0,1758400.0,112.91,0.0812069,1.05822,1933.33
603406.SH,20260511,8400,34.76,291984.0,34.76,0.0229117,0.864088,3666.25
603408.SH,20260511,31600,11.98,378568.0,11.91,0.0070603,1.56224,44757.3
603409.SH,20260511,28300,45.15,1277745.0,45.3,0.078254,0.974562,3616.43
603416.SH,20260511,23500,59.19,1390965.0,58.5,0.0168767,0.696838,13924.5
603418.SH,20260511,77900,59.3,4619470.0,60.2,0.188325,1.80543,4136.46
603421.SH,20260511,50300,8.65,435095.0,8.6,0.00771247,0.327994,65219.1
603429.SH,20260511,56200,9.97,560314.0,10.0,0.0107153,0.990157,52448.5
603439.SH,20260511,111300,11.3,1257690.0,11.15,0.0275604,4.20969,40384.0
603444.SH,20260511,20500,395.05,8098525.0,398.01,0.028456,0.907069,7204.11
603456.SH,20260511,103300,13.69,1414177.0,13.69,0.011614,0.576184,88944.6
603458.SH,20260511,72500,13.25,960625.0,12.98,0.0236832,0.421734,30612.5
603459.SH,20260511,697079,89.16,62151564.0,81.05,0.8818,3.13389,7905.19
603466.SH,20260511,285600,10.14,2895984.0,10.13,0.0480147,1.17508,59481.8
603477.SH,20260511,61900,18.69,1156911.0,18.66,0.0121356,0.327482,51007.0
603486.SH,20260511,97895,67.29,6587355.0,67.28,0.0170741,0.950428,57335.2
603488.SH,20260511,155400,12.88,2001552.0,13.14,0.0532209,0.646426,29199.0
603489.SH,20260511,49800,38.96,1940208.0,38.79,0.021226,0.584676,23461.8
603496.SH,20260511,332200,31.45,10447690.0,31.48,0.103745,1.36076,32020.9
603499.SH,20260511,2800,21.0,58800.0,20.97,0.000925331,0.0580773,30259.4
603500.SH,20260511,73000,10.56,770880.0,10.5,0.0219477,1.25095,33260.9
603501.SH,20260511,290000,100.08,29023200.0,99.18,0.0239589,0.809336,121041.0
603505.SH,20260511,127000,19.05,2419350.0,19.0,0.0150891,0.613504,84166.9
603506.SH,20260511,16700,13.55,226285.0,13.55,0.00889349,0.404704,18777.8
603507.SH,20260511,272400,43.0,11713200.0,43.64,0.149858,1.69397,18177.2
603508.SH,20260511,22100,26.57,587197.0,26.55,0.00579635,0.199046,38127.4
603511.SH,20260511,31200,14.54,453648.0,14.58,0.00776337,1.7082,40188.7
603515.SH,20260511,28900,20.75,599675.0,20.76,0.00392488,1.03187,73632.8
603516.SH,20260511,174000,140.96,24527040.0,142.61,0.0856012,1.43035,20326.8
603517.SH,20260511,11000,12.12,133320.0,12.09,0.00181518,0.212486,60600.2
603518.SH,20260511,14000,9.8,137200.0,9.81,0.00406889,0.134128,34407.4
603519.SH,20260511,33500,14.8,495800.0,14.78,0.0125785,0.640866,26632.8
603520.SH,20260511,239700,11.87,2845239.0,11.86,0.0546749,0.610671,43841.0
603527.SH,20260511,107000,13.4,1433800.0,13.4,0.033757,0.486282,31697.1
603528.SH,20260511,20100,8.2,164820.0,8.24,0.00284731,0.155753,70593.0
603529.SH,20260511,91000,23.39,2128490.0,23.35,0.0107367,1.04778,84756.0
603530.SH,20260511,30500,65.26,1990430.0,65.25,0.00713509,0.507219,42746.5
603533.SH,20260511,185000,26.62,4924700.0,26.61,0.0421511,0.791742,43889.7
603535.SH,20260511,94700,8.33,788851.0,8.21,0.0185353,1.60855,51091.8
603536.SH,20260511,12700,10.54,133858.0,10.55,0.00527996,0.17429,24053.2
603538.SH,20260511,1075193,62.0,66661966.0,63.7,0.462682,1.70008,23238.3
603551.SH,20260511,14400,11.88,171072.0,11.82,0.00379063,0.399294,37988.4
603556.SH,20260511,19700,29.28,576816.0,29.13,0.0040513,0.340384,48626.4
603557.SH,20260511,303500,4.53,1374855.0,4.5,0.0486818,1.45483,62343.7
603558.SH,20260511,15400,13.48,207592.0,13.38,0.00449454,0.23214,34263.8
603559.SH,20260511,78100,8.47,661507.0,8.33,0.0194629,0.877087,40127.7
603565.SH,20260511,48400,11.4,551760.0,11.39,0.00230469,0.321849,210006.0
603566.SH,20260511,46800,11.72,548496.0,11.69,0.0135236,0.798861,34606.2
603567.SH,20260511,79100,7.24,572684.0,7.26,0.00842024,0.359964,93940.3
603568.SH,20260511,10300,21.27,219081.0,21.28,0.000603382,0.123195,170704.0
603569.SH,20260511,22000,6.73,148060.0,6.72,0.00364536,0.428346,60350.7
603577.SH,20260511,91700,11.5,1054550.0,11.4,0.0270391,1.4842,33913.9
603578.SH,20260511,41400,13.86,573804.0,13.65,0.0229545,1.12331,18035.7
603579.SH,20260511,84700,23.0,1948100.0,23.0,0.0421283,1.05639,20105.2
603580.SH,20260511,492200,25.78,12688916.0,24.55,0.376665,30.0836,13067.3
603583.SH,20260511,31600,29.4,929040.0,29.4,0.00826691,0.341547,38224.7
603585.SH,20260511,26500,18.84,499260.0,18.89,0.0138388,0.397426,19149.1
603586.SH,20260511,47500,16.94,804650.0,16.95,0.0242282,0.986893,19605.3
603587.SH,20260511,23400,13.19,308646.0,13.18,0.00493574,0.732307,47409.3
603588.SH,20260511,339900,14.9,5064510.0,15.01,0.0223144,0.62338,152323.0
603589.SH,20260511,16800,23.38,392784.0,23.44,0.0028088,0.395004,59811.9
603590.SH,20260511,9300,35.8,332940.0,35.62,0.00587776,0.304568,15822.3
603595.SH,20260511,17700,18.52,327804.0,18.52,0.00761479,0.408867,23244.2
603596.SH,20260511,245600,32.99,8102344.0,32.45,0.0273607,2.09995,89763.9
603598.SH,20260511,2427300,24.9,60439770.0,24.9,0.901059,9.16288,26938.3
603599.SH,20260511,140700,12.65,1779855.0,12.56,0.015457,0.458529,91026.9
603600.SH,20260511,27400,12.27,336198.0,12.32,0.00913218,0.384414,30003.8
603601.SH,20260511,2348100,18.26,42876306.0,17.9,0.205552,0.923245,114234.0
603602.SH,20260511,14600,13.7,200020.0,13.61,0.00631877,0.253517,23105.8
603605.SH,20260511,15600,61.43,958308.0,61.42,0.00393963,0.505519,39597.6
603606.SH,20260511,72300,61.69,4460187.0,61.69,0.0105131,0.487852,68771.5
603607.SH,20260511,1900,24.02,45638.0,23.97,0.00106433,0.0541382,17851.7
603608.SH,20260511,274400,14.14,3880016.0,13.68,0.0653744,1.41986,41973.6
603609.SH,20260511,11800,6.96,82128.0,6.95,0.00129914,0.285464,90829.1
603610.SH,20260511,18700,16.66,311542.0,16.53,0.00529758,0.264662,35299.2
603611.SH,20260511,47500,20.05,952375.0,20.07,0.0184394,0.808147,25760.1
603612.SH,20260511,56400,24.85,1401540.0,24.85,0.0113229,0.438517,49810.4
603613.SH,20260511,63100,28.86,1821066.0,28.88,0.00875735,0.432563,72053.8
603615.SH,20260511,48300,22.01,1063083.0,22.01,0.0199735,0.899518,24182.0
603616.SH,20260511,242500,6.7,1624750.0,6.52,0.0631029,1.12286,38429.3
603617.SH,20260511,23300,7.78,181274.0,7.78,0.00607338,0.357985,38364.1
603618.SH,20260511,1911000,39.2,74911200.0,37.62,0.276405,2.87006,69137.6
603619.SH,20260511,154600,29.51,4562246.0,29.16,0.0334387,0.590348,46233.8
603626.SH,20260511,423500,27.29,11557315.0,27.7,0.0763229,0.866067,55488.0
603628.SH,20260511,13800,12.96,178848.0,12.84,0.00507032,0.193039,27217.2
603629.SH,20260511,667000,167.55,111755850.0,167.59,0.258496,1.96148,25803.1
603630.SH,20260511,40500,16.66,674730.0,16.65,0.0179836,0.9993,22520.5
603633.SH,20260511,352920,8.49,2996291.0,8.53,0.0826877,2.96586,42681.1
603636.SH,20260511,10504000,12.0,126048000.0,11.11,1.80991,67.428,58036.1
603637.SH,20260511,54400,18.61,1012384.0,18.53,0.0227915,0.398472,23868.6
603638.SH,20260511,42200,24.94,1052468.0,24.79,0.00507768,0.398927,83108.9
603639.SH,20260511,15000,12.45,186750.0,12.41,0.00441334,0.253185,33987.8
603648.SH,20260511,2400,10.21,24504.0,10.22,0.000662228,0.0718223,36241.3
603650.SH,20260511,52800,56.02,2957856.0,55.58,0.00859272,0.364449,61447.3
603655.SH,20260511,50300,44.2,2223260.0,43.35,0.0474528,1.2943,10600.0
603656.SH,20260511,5700,20.39,116223.0,20.29,0.00311568,0.218256,18294.5
603657.SH,20260511,24100,33.15,798915.0,33.0,0.0178268,0.405591,13519.0
603658.SH,20260511,13100,34.12,446972.0,34.11,0.00229252,0.636518,57142.5
603659.SH,20260511,663400,33.6,22290240.0,33.99,0.0310523,0.856051,213640.0
603660.SH,20260511,595300,13.5,8036550.0,13.33,0.104166,1.20067,57149.3
603661.SH,20260511,17700,30.14,533478.0,30.14,0.0127277,0.752721,13906.7
603662.SH,20260511,83000,61.75,5125250.0,61.3,0.0295553,1.49964,28083.0
603663.SH,20260511,27400,45.3,1241220.0,45.3,0.0064803,0.371395,42282.0
603665.SH,20260511,24500,30.56,748720.0,30.76,0.0152965,0.577311,16016.8
603666.SH,20260511,32500,29.75,966875.0,29.66,0.0158127,0.622426,20553.0
603667.SH,20260511,1195800,78.2,93511560.0,78.17,0.32654,5.30569,36620.3
603668.SH,20260511,4700,13.59,63873.0,13.6,0.000929227,0.0561925,50579.7
603669.SH,20260511,33400,4.55,151970.0,4.53,0.00468884,0.226569,71233.0
603676.SH,20260511,4000,10.54,42160.0,10.51,0.000919199,0.209024,43516.1
603677.SH,20260511,25100,16.27,408377.0,16.24,0.0130321,1.36485,19260.1
603678.SH,20260511,97400,33.98,3309652.0,33.48,0.0204808,0.688248,47556.7
603679.SH,20260511,31900,15.76,502744.0,15.52,0.017953,0.595711,17768.6
603680.SH,20260511,24900,14.7,366030.0,14.65,0.00317716,0.263633,78371.9
603681.SH,20260511,45300,19.72,893316.0,19.59,0.0190543,0.466576,23774.2
603682.SH,20260511,77400,8.3,642420.0,8.26,0.016381,0.38959,47250.0
603683.SH,20260511,51800,28.99,1501682.0,28.96,0.0179755,0.387326,28816.9
603685.SH,20260511,10500,33.11,347655.0,32.88,0.0052118,0.253931,20146.6
603686.SH,20260511,203000,20.1,4080300.0,20.08,0.048865,1.02531,41543.0
603687.SH,20260511,386100,16.97,6552117.0,16.97,0.0701959,0.641483,55003.2
603688.SH,20260511,824900,67.5,55680750.0,65.5,0.152286,2.66519,54167.8
603689.SH,20260511,39200,8.4,329280.0,8.4,0.00748881,0.782552,52344.7
603690.SH,20260511,78940,25.99,2051651.0,25.53,0.0206129,0.549703,38296.4
603693.SH,20260511,40500,15.46,626130.0,15.42,0.00454303,0.201042,89147.6
603696.SH,20260511,17200,16.19,278468.0,16.22,0.00731293,0.291407,23520.0
603697.SH,20260511,22300,10.55,235265.0,10.59,0.00521403,0.300475,42769.2
603698.SH,20260511,490600,45.18,22165308.0,45.15,0.0915316,1.1281,53599.0
603699.SH,20260511,29900,63.46,1897454.0,63.23,0.00394385,0.286632,75814.3
603700.SH,20260511,28300,12.93,365919.0,12.83,0.0141527,0.563029,19996.2
603701.SH,20260511,31900,25.98,828762.0,26.0,0.0122053,0.520026,26136.2
603703.SH,20260511,144200,14.54,2096668.0,14.47,0.0347485,1.26995,41498.2
603706.SH,20260511,3400,22.2,75480.0,22.25,0.00179531,0.161365,18938.3
603707.SH,20260511,82500,9.1,750750.0,9.1,0.00510632,0.636913,161564.0
603708.SH,20260511,23000,10.6,243800.0,10.6,0.0036031,0.475156,63833.9
603709.SH,20260511,59600,19.88,1184848.0,19.89,0.0476384,1.00024,12510.9
603711.SH,20260511,36600,14.25,521550.0,14.27,0.00886469,0.278899,41287.4
603712.SH,20260511,75300,16.7,1257510.0,16.69,0.00975389,0.756169,77200.0
603713.SH,20260511,2900,57.68,167272.0,57.65,0.00183396,0.204632,15812.8
603716.SH,20260511,305200,21.0,6409200.0,21.67,0.135169,3.80913,22579.1
603717.SH,20260511,124300,7.47,928521.0,7.43,0.0428405,0.653441,29014.6
603718.SH,20260511,391460,3.74,1464060.0,3.66,0.0603193,1.23544,64898.0
603719.SH,20260511,38400,11.14,427776.0,11.12,0.00957606,0.427857,40100.0
603721.SH,20260511,51500,25.93,1335395.0,25.94,0.0396154,1.28093,13000.0
603722.SH,20260511,12200,40.17,490074.0,40.15,0.0127482,0.852158,9570.01
603725.SH,20260511,50300,10.2,513060.0,10.19,0.0175471,0.680139,28665.8
603726.SH,20260511,58400,26.11,1524824.0,25.8,0.0316178,0.655478,18470.6
603727.SH,20260511,9400,18.1,170140.0,17.95,0.00333665,0.193464,28171.9
603728.SH,20260511,109500,64.19,7028805.0,63.48,0.026141,1.39577,41888.2
603729.SH,20260511,942400,14.15,13334960.0,14.29,1.02251,13.8136,9216.51
603730.SH,20260511,210100,11.44,2403544.0,11.45,0.00977852,0.757424,214859.0
603733.SH,20260511,13800,22.09,304842.0,22.07,0.00194991,0.352148,70772.4
603737.SH,20260511,4300,45.2,194360.0,45.2,0.0005828,0.0767662,73781.8
603738.SH,20260511,2220000,50.67,112487400.0,47.01,0.575297,5.25784,38588.8
603739.SH,20260511,35100,15.25,535275.0,15.2,0.0138719,0.898672,25302.9
603755.SH,20260511,7700,29.43,226611.0,29.48,0.00780825,0.425789,9861.37
603757.SH,20260511,200500,57.12,11452560.0,54.95,0.107479,1.62761,18654.7
603758.SH,20260511,303700,13.72,4166764.0,13.44,0.069212,5.03909,43879.7
603759.SH,20260511,37300,9.25,345025.0,9.26,0.00807779,0.776752,46176.0
603766.SH,20260511,22600,15.34,346684.0,15.33,0.00110054,0.140145,205354.0
603767.SH,20260511,84700,20.61,1745667.0,20.68,0.0274437,0.667679,30863.2
603768.SH,20260511,20800,12.22,254176.0,12.2,0.00874112,0.488433,23795.6
603773.SH,20260511,482500,74.08,35743600.0,72.75,0.21477,1.58674,22465.9
603776.SH,20260511,9600,19.91,191136.0,19.81,0.00341928,0.287551,28076.1
603777.SH,20260511,140960,18.56,2616218.0,18.3,0.0421501,0.695624,33442.4
603778.SH,20260511,1644903,25.05,41204820.0,26.99,0.255874,2.1663,64285.7
603786.SH,20260511,13800,57.0,786600.0,56.75,0.00341705,0.413306,40385.7
603787.SH,20260511,36500,12.24,446760.0,12.21,0.0158597,0.783423,23014.4
603788.SH,20260511,14200,17.11,242962.0,17.13,0.00636586,0.247522,22306.5
603789.SH,20260511,51900,6.08,315552.0,6.08,0.0199615,0.910891,26000.0
603790.SH,20260511,16200,25.18,407916.0,25.28,0.00846572,0.442237,19136.0
603797.SH,20260511,25600,4.93,126208.0,4.93,0.00443978,0.319419,57660.5
603798.SH,20260511,42000,16.99,713580.0,16.98,0.0163775,0.445478,25645.0
603799.SH,20260511,595100,65.85,39187335.0,66.0,0.0315267,0.599067,188761.0
603800.SH,20260511,41100,55.11,2265021.0,55.12,0.0197596,0.431519,20800.0
603801.SH,20260511,13100,8.62,112922.0,8.6,0.00301599,0.337312,43435.1
603803.SH,20260511,771500,16.83,12984345.0,16.57,0.181579,1.47001,42488.4
603806.SH,20260511,222700,19.13,4260251.0,19.1,0.00853667,0.425681,260874.0
603808.SH,20260511,54100,10.83,585903.0,10.81,0.0148735,0.410562,36373.3
603809.SH,20260511,130000,11.74,1526200.0,11.65,0.014126,0.929884,92028.9
603810.SH,20260511,37200,15.84,589248.0,15.72,0.022499,1.21823,16534.1
603811.SH,20260511,70800,12.4,877920.0,12.3,0.0216312,0.991086,32730.4
603813.SH,20260511,6000,39.56,237360.0,39.55,0.00571347,0.484168,10501.5
603815.SH,20260511,156000,7.64,1191840.0,7.62,0.025205,0.49818,61892.4
603816.SH,20260511,35100,30.69,1077219.0,30.84,0.00432178,0.34291,81216.6
603817.SH,20260511,190300,7.42,1412026.0,7.44,0.033381,1.30796,57008.4
603818.SH,20260511,123400,3.82,471388.0,3.82,0.0179741,0.592538,68654.4
603819.SH,20260511,156900,15.0,2353500.0,15.3,0.0720617,1.1274,21773.0
603822.SH,20260511,9900,74.7,739530.0,74.98,0.0128863,0.52062,7682.59
603823.SH,20260511,52100,17.78,926338.0,17.45,0.012513,0.640354,41636.8
603825.SH,20260511,28100,8.7,244470.0,8.74,0.011092,1.08807,25333.7
603826.SH,20260511,76200,34.45,2625090.0,34.44,0.01163,0.714232,65520.0
603828.SH,20260511,565800,5.82,3292956.0,5.54,0.0949425,7.22782,59594.0
603829.SH,20260511,116700,29.3,3419310.0,29.43,0.0626523,1.56402,18626.6
603833.SH,20260511,20200,47.12,951824.0,47.15,0.00331608,0.565726,60915.3
603836.SH,20260511,13900,14.37,199743.0,14.28,0.00677272,0.453375,20523.5
603838.SH,20260511,800,9.4,7520.0,9.45,0.000249987,0.0459026,32001.6
603839.SH,20260511,16100,8.06,129766.0,8.07,0.00416003,0.273875,38701.6
603843.SH,20260511,856300,9.18,7860834.0,9.4,0.122394,3.37433,69962.3
603848.SH,20260511,33300,17.07,568431.0,16.9,0.00827521,1.04356,40240.7
603855.SH,20260511,7700,18.56,142912.0,18.57,0.00229486,0.216201,33553.2
603856.SH,20260511,50000,13.1,655000.0,13.03,0.017727,0.767162,28205.6
603858.SH,20260511,118100,16.32,1927392.0,16.08,0.0111989,2.20286,105457.0
603859.SH,20260511,33500,42.23,1414705.0,42.23,0.0136904,0.514011,24469.8
603860.SH,20260511,9500,32.91,312645.0,32.86,0.0142472,0.550099,6668.0
603861.SH,20260511,190500,16.66,3173730.0,16.68,0.0360395,1.35937,52858.6
603863.SH,20260511,15600,19.99,311844.0,19.99,0.00762277,0.182127,20465.0
603866.SH,20260511,51600,4.98,256968.0,4.97,0.00322557,0.486997,159972.0
603867.SH,20260511,20600,36.5,751900.0,36.43,0.00955089,0.276823,21568.7
603868.SH,20260511,13600,37.0,503200.0,37.27,0.00312213,0.472079,43560.0
603869.SH,20260511,39300,10.9,428370.0,10.74,0.00795359,2.13812,49411.7
603871.SH,20260511,32800,12.62,413936.0,12.62,0.00239765,0.207741,136801.0
603876.SH,20260511,1058300,30.26,32024158.0,30.82,0.113885,1.81677,92926.7
603877.SH,20260511,9900,14.14,139986.0,14.16,0.00210942,0.483805,46932.4
603878.SH,20260511,707200,8.65,6117280.0,8.55,0.12603,4.02287,56113.8
603879.SH,20260511,37400,6.11,228514.0,6.03,0.0104078,0.361527,35934.4
603880.SH,20260511,39900,7.8,311220.0,7.74,0.0138042,0.357571,28904.2
603881.SH,20260511,1067600,41.1,43878360.0,40.2,0.148613,2.25267,71837.7
603882.SH,20260511,50800,28.01,1422908.0,28.13,0.0110402,0.876208,46013.5
603883.SH,20260511,21700,13.73,297941.0,13.72,0.00285944,0.289164,75889.0
603885.SH,20260511,317900,11.6,3687640.0,11.78,0.0145558,1.50754,218401.0
603886.SH,20260511,15000,12.35,185250.0,12.34,0.00625,0.295833,24000.0
603887.SH,20260511,547100,15.54,8501934.0,15.54,0.090876,2.1887,60202.9
603888.SH,20260511,46500,20.87,970455.0,20.83,0.00689156,0.419515,67473.8
603889.SH,20260511,65100,8.54,555954.0,8.5,0.00898277,0.458564,72472.1
603890.SH,20260511,531500,21.0,11161500.0,20.24,0.118955,1.50921,44680.8
603893.SH,20260511,41600,180.33,7501728.0,178.3,0.00988413,0.410107,42087.7
603895.SH,20260511,55000,32.21,1771550.0,31.9,0.0508882,1.88164,10808.0
603896.SH,20260511,7900,17.38,137302.0,17.39,0.00398499,0.350658,19824.4
603897.SH,20260511,320500,56.67,18162735.0,56.99,0.155254,2.67095,20643.6
603898.SH,20260511,19800,13.03,257994.0,13.04,0.0063595,0.464575,31134.5
603899.SH,20260511,10600,24.81,262986.0,24.81,0.00115096,0.278983,92097.0
603900.SH,20260511,104100,7.97,829677.0,7.93,0.0303743,0.808012,34272.4
603901.SH,20260511,119800,12.99,1556202.0,12.99,0.0226423,0.646419,52909.7
603903.SH,20260511,34000,12.49,424660.0,12.47,0.0133166,0.309371,25531.9
603906.SH,20260511,767700,30.32,23276664.0,30.12,0.135857,1.05847,56507.9
603908.SH,20260511,6800,24.42,166056.0,24.39,0.00730186,0.307336,9312.7
603909.SH,20260511,44100,12.55,553455.0,12.39,0.0169177,0.926066,26067.3
603912.SH,20260511,290000,11.64,3375600.0,11.64,0.0535182,0.713293,54187.1
603915.SH,20260511,96196,17.59,1692088.0,17.65,0.0146499,0.877017,65663.2
603916.SH,20260511,355900,13.12,4669408.0,12.59,0.084672,1.77307,42032.8
603917.SH,20260511,30500,12.88,392840.0,12.89,0.0149627,0.346475,20384.0
603918.SH,20260511,27200,13.95,379440.0,13.95,0.00744986,0.325459,36510.8
603919.SH,20260511,37300,18.25,680725.0,18.42,0.00735323,0.678046,50726.0
603920.SH,20260511,288247,60.51,17441826.0,59.81,0.0400014,0.708842,72059.2
603922.SH,20260511,424300,16.21,6877903.0,17.06,0.236775,72.4278,17920.0
603926.SH,20260511,105400,23.2,2445280.0,22.72,0.0456596,0.93064,23083.9
603927.SH,20260511,126300,17.1,2159730.0,17.16,0.0151978,1.09053,83104.0
603928.SH,20260511,21600,16.18,349488.0,16.18,0.00824176,0.456903,26208.0
603929.SH,20260511,25100,204.0,5120400.0,200.97,0.0117642,0.461645,21336.0
603931.SH,20260511,84500,43.34,3662230.0,42.8,0.0423435,0.549307,19955.8
603933.SH,20260511,130900,26.26,3437434.0,26.44,0.0630708,0.693869,20754.5
603936.SH,20260511,1312200,19.0,24931800.0,18.38,0.208154,2.43914,63039.8
603937.SH,20260511,892210,18.59,16586184.0,18.88,0.427118,3.37365,20889.1
603938.SH,20260511,661500,35.16,23258340.0,33.97,0.172885,3.43873,38262.4
603939.SH,20260511,116000,22.4,2598400.0,22.22,0.00956786,1.00837,121239.0
603948.SH,20260511,7700,27.14,208978.0,27.23,0.00473878,0.42042,16248.9
603949.SH,20260511,31800,18.6,591480.0,18.49,0.0151281,0.879571,21020.5
603950.SH,20260511,150100,68.5,10281850.0,68.5,0.0463835,1.27554,32360.7
603955.SH,20260511,7300,26.83,195859.0,26.66,0.00537872,0.253801,13572.0
603956.SH,20260511,25000,5.93,148250.0,5.94,0.00438669,0.325887,56990.6
603958.SH,20260511,16300,23.81,388103.0,23.86,0.00743071,0.182509,21936.0
603959.SH,20260511,2212304,5.08,11238504.0,4.84,0.451215,7.27914,49029.9
603960.SH,20260511,140600,24.22,3405332.0,23.99,0.0536236,1.12326,26219.8
603966.SH,20260511,65400,14.47,946338.0,14.47,0.0164436,0.635246,39772.2
603967.SH,20260511,73400,14.45,1060630.0,14.41,0.0211731,0.973274,34666.7
603968.SH,20260511,8200,12.38,101516.0,12.32,0.00401017,0.146059,20448.0
603969.SH,20260511,98200,9.61,943702.0,9.56,0.0115583,0.486245,84960.7
603970.SH,20260511,13900,13.1,182090.0,13.09,0.00517113,0.528457,26880.0
603976.SH,20260511,7600,21.62,164312.0,21.54,0.00502633,0.337216,15120.4
603977.SH,20260511,121800,14.88,1812384.0,14.74,0.0196059,0.638031,62124.2
603978.SH,20260511,286200,29.38,8408556.0,29.38,0.135579,1.13449,21109.4
603979.SH,20260511,54200,66.01,3577742.0,66.67,0.00868884,0.509885,62378.9
603980.SH,20260511,43900,6.47,284033.0,6.46,0.00648609,0.258358,67683.3
603982.SH,20260511,291700,7.94,2316098.0,7.92,0.0859069,2.96635,33955.4
603983.SH,20260511,16500,25.65,423225.0,25.62,0.00411471,0.719265,40100.0
603985.SH,20260511,201500,29.1,5863650.0,28.66,0.0457063,0.35618,44085.8
603986.SH,20260511,1092040,350.1,382323204.0,334.1,0.163517,2.27955,66784.5
603987.SH,20260511,54500,8.4,457800.0,8.39,0.0124774,0.903441,43679.1
603988.SH,20260511,43600,26.5,1155400.0,26.55,0.0185374,0.662708,23520.0
603989.SH,20260511,30900,21.26,656934.0,21.05,0.00774864,0.282937,39878.0
603990.SH,20260511,61500,15.89,977235.0,15.94,0.0200795,0.351937,30628.3
603991.SH,20260511,9400,126.48,1188912.0,124.0,0.0126115,0.382457,7453.5
603992.SH,20260511,46400,33.62,1559968.0,33.62,0.0104731,1.14349,44304.2
603993.SH,20260511,1618300,20.09,32511647.0,20.2,0.00926817,0.58949,1746080.0
603995.SH,20260511,10800,19.95,215460.0,19.92,0.0029539,0.198783,36561.8
603997.SH,20260511,169700,13.28,2253616.0,13.17,0.0133384,0.74456,127226.0
603998.SH,20260511,33500,10.94,366490.0,10.95,0.00762957,0.400293,43908.1
603999.SH,20260511,13700,6.81,93297.0,6.79,0.00237847,0.170439,57600.0
605001.SH,20260511,37300,7.58,282734.0,7.52,0.00949385,0.629371,39288.6
605003.SH,20260511,2500,29.21,73025.0,29.07,0.00227273,0.101467,11000.0
605005.SH,20260511,5900,19.34,114106.0,19.38,0.00147132,0.155321,40100.0
605006.SH,20260511,2098200,16.04,33655128.0,14.87,0.349672,3.75699,60004.8
605007.SH,20260511,38700,16.13,624231.0,16.13,0.00963758,0.723594,40155.3
605008.SH,20260511,3600,12.29,44244.0,12.28,0.000557308,0.167336,64596.2
605009.SH,20260511,7600,29.03,220628.0,29.14,0.00353426,0.630573,21503.8
605011.SH,20260511,30800,21.88,673904.0,22.05,0.00769808,0.404476,40010.0
605016.SH,20260511,23300,27.92,650536.0,27.92,0.00554746,0.33681,42001.2
605018.SH,20260511,56100,13.3,746130.0,13.12,0.0119345,0.882539,47006.6
605020.SH,20260511,124700,27.61,3442967.0,27.44,0.024795,1.03713,50292.4
605028.SH,20260511,7000,27.5,192500.0,27.44,0.004375,0.259142,16000.0
605033.SH,20260511,5300,23.32,123596.0,23.28,0.00392012,0.138743,13520.0
605050.SH,20260511,14000,12.85,179900.0,12.83,0.00284074,0.266017,49282.9
605055.SH,20260511,273200,13.51,3690932.0,13.64,0.0620909,2.38904,44000.0
605056.SH,20260511,21500,25.72,552980.0,25.49,0.00532979,0.262689,40339.3
605058.SH,20260511,31600,38.9,1229240.0,38.55,0.0221097,0.787729,14292.4
605060.SH,20260511,33900,64.89,2199771.0,65.05,0.0141876,0.307818,23894.0
605066.SH,20260511,55400,8.04,445416.0,7.97,0.0110263,0.380085,50243.3
605068.SH,20260511,69400,27.8,1929320.0,27.64,0.0427871,1.74946,16219.8
605069.SH,20260511,26900,15.99,430131.0,15.88,0.0127068,0.192411,21169.8
605077.SH,20260511,119000,18.65,2219350.0,18.65,0.0397422,0.645801,29943.0
605080.SH,20260511,9800,27.43,268814.0,27.26,0.00698248,0.298021,14035.1
605086.SH,20260511,193200,35.71,6899172.0,35.57,0.107813,8.84389,17920.0
605088.SH,20260511,12400,37.16,460784.0,37.29,0.00620884,0.293311,19971.5
605089.SH,20260511,8800,24.8,218240.0,24.91,0.00637681,0.272207,13800.0
605090.SH,20260511,133300,43.25,5765225.0,43.27,0.0189205,0.384961,70452.7
605098.SH,20260511,11100,62.47,693417.0,61.48,0.00930809,0.534308,11925.1
605099.SH,20260511,59400,50.58,3004452.0,50.31,0.0147963,0.687885,40145.3
605100.SH,20260511,13800,51.82,715116.0,51.3,0.0081209,0.467786,16993.2
605108.SH,20260511,13900,15.55,216145.0,15.54,0.00534615,0.32081,26000.0
605111.SH,20260511,641000,46.0,29486000.0,44.52,0.154334,2.51347,41533.3
605116.SH,20260511,10700,22.95,245565.0,22.87,0.00263428,0.294518,40618.3
605117.SH,20260511,81100,150.58,12212038.0,151.27,0.00891863,0.55412,90933.3
605118.SH,20260511,28200,48.39,1364598.0,48.4,0.00689708,0.5264,40886.9
605122.SH,20260511,16500,14.97,247005.0,14.87,0.00957332,0.248321,17235.4
605123.SH,20260511,72000,117.99,8495280.0,116.51,0.0594202,1.31288,12117.1
605128.SH,20260511,59500,34.4,2046800.0,34.66,0.0281805,1.40386,21113.9
605133.SH,20260511,80200,37.44,3002688.0,37.3,0.0284278,0.609437,28211.8
605136.SH,20260511,50200,11.1,557220.0,11.08,0.0125356,0.673625,40045.9
605138.SH,20260511,52400,7.92,415008.0,7.89,0.00943173,0.329698,55557.1
605151.SH,20260511,36600,22.68,830088.0,22.82,0.0272009,0.994281,13455.4
605155.SH,20260511,14100,16.73,235893.0,16.7,0.00754703,0.261871,18682.8
605158.SH,20260511,973300,8.21,7990793.0,8.15,0.190313,4.51282,51142.0
605162.SH,20260511,71800,11.77,845086.0,11.77,0.0173851,0.511295,41299.8
605166.SH,20260511,31500,11.89,374535.0,11.76,0.0100085,0.376204,31473.3
605167.SH,20260511,55700,19.35,1077795.0,19.35,0.0124026,1.01629,44909.9
605168.SH,20260511,310800,52.44,16298352.0,52.0,0.147426,1.55031,21081.7
605169.SH,20260511,222900,13.17,2935593.0,13.04,0.0787967,4.20707,28288.0
605177.SH,20260511,25700,21.09,542013.0,21.09,0.0226128,0.870843,11365.2
605178.SH,20260511,11400,70.0,798000.0,68.76,0.0115059,0.356678,9908.0
605179.SH,20260511,3700,16.95,62715.0,16.96,0.000922693,0.124576,40100.0
605180.SH,20260511,17600,15.89,279664.0,15.88,0.0104142,0.839397,16900.0
605183.SH,20260511,16200,17.41,282042.0,17.42,0.00392794,0.622538,41242.9
605186.SH,20260511,16200,20.5,332100.0,20.35,0.0119118,0.604421,13600.0
605188.SH,20260511,22400,15.88,355712.0,15.9,0.00445897,0.389886,50235.9
605189.SH,20260511,410500,18.99,7795395.0,18.15,0.211513,3.25873,19407.8
605196.SH,20260511,27900,43.65,1217835.0,43.68,0.00552516,0.257101,50496.3
605198.SH,20260511,18400,48.0,883200.0,47.15,0.00680131,0.875115,27053.6
605199.SH,20260511,22300,6.63,147849.0,6.68,0.00557348,0.622749,40010.9
605208.SH,20260511,47900,14.01,671079.0,14.08,0.0145178,0.376912,32994.0
605218.SH,20260511,158900,18.74,2977786.0,18.35,0.0746593,2.46465,21283.3
605222.SH,20260511,224700,37.73,8477931.0,37.88,0.0544195,0.878913,41290.3
605228.SH,20260511,20000,15.33,306600.0,15.33,0.00419168,0.209094,47713.5
605255.SH,20260511,27400,106.92,2929608.0,103.12,0.0204356,1.65947,13408.0
605258.SH,20260511,53700,38.83,2085171.0,38.55,0.0610227,1.28876,8800.0
605259.SH,20260511,33900,19.79,670881.0,19.77,0.0196545,1.27814,17248.0
605266.SH,20260511,20000,20.25,405000.0,20.25,0.0129414,0.806933,15454.3
605268.SH,20260511,162900,12.12,1974348.0,12.15,0.0369765,0.960771,44055.0
605277.SH,20260511,43100,24.43,1052933.0,24.14,0.0135477,0.64072,31813.5
605286.SH,20260511,10400,42.59,442936.0,42.26,0.00619048,0.40596,16800.0
605287.SH,20260511,144400,63.77,9208388.0,63.2,0.103143,1.33421,14000.0
605288.SH,20260511,10600,88.38,936828.0,87.2,0.0150999,0.694607,7019.89
605289.SH,20260511,74600,172.58,12874468.0,166.1,0.0688589,1.24186,10833.8
605296.SH,20260511,22300,29.88,666324.0,29.51,0.00430515,0.637195,51798.4
605298.SH,20260511,10200,57.49,586398.0,56.92,0.00547648,0.492926,18625.1
605299.SH,20260511,468800,26.65,12493520.0,27.13,0.114558,1.0389,40922.7
605300.SH,20260511,26798,11.15,298798.0,11.17,0.00589747,0.807899,45439.9
605303.SH,20260511,92700,25.99,2409273.0,25.42,0.0574929,1.28401,16123.7
605305.SH,20260511,30600,46.15,1412190.0,45.97,0.0143986,0.39125,21252.0
605318.SH,20260511,9900,98.73,977427.0,98.73,0.00787408,0.329707,12572.9
605319.SH,20260511,16000,27.29,436640.0,27.2,0.0045957,0.304821,34815.2
605333.SH,20260511,31100,24.48,761328.0,24.63,0.006702,1.08176,46404.0
605336.SH,20260511,80200,18.17,1457234.0,18.18,0.0437266,1.80626,18341.2
605337.SH,20260511,6200,10.81,67022.0,10.79,0.00158933,0.180248,39010.2
605338.SH,20260511,4800,23.05,110640.0,23.02,0.00200362,0.210643,23956.7
605339.SH,20260511,57300,16.11,923103.0,16.05,0.0135049,4.22888,42429.1
605358.SH,20260511,1531100,51.48,78821028.0,49.98,0.228053,3.66841,67137.8
605365.SH,20260511,52200,29.0,1513800.0,29.0,0.0103981,0.560267,50201.3
605366.SH,20260511,63400,13.19,836246.0,13.2,0.00816929,0.245511,77607.8
605368.SH,20260511,15800,7.7,121660.0,7.7,0.00221092,0.415619,71463.6
605369.SH,20260511,90100,22.5,2027250.0,22.5,0.040863,1.61062,22049.3
605376.SH,20260511,68100,135.4,9220740.0,134.3,0.0260321,0.529756,26160.0
605377.SH,20260511,107900,10.0,1079000.0,10.06,0.0193831,1.12598,55667.0
605378.SH,20260511,13500,20.5,276750.0,20.28,0.00516556,0.614069,26134.6
605388.SH,20260511,192000,7.17,1376640.0,7.18,0.0319742,0.823368,60048.4
605389.SH,20260511,33300,128.56,4281048.0,126.51,0.0244374,0.793442,13626.7
605398.SH,20260511,36100,28.1,1014410.0,27.96,0.0221858,1.67593,16271.6
605399.SH,20260511,55800,14.43,805194.0,14.3,0.0179118,1.13001,31152.7
605488.SH,20260511,84900,36.57,3104793.0,36.78,0.0307378,0.98191,27620.7
605499.SH,20260511,17500,200.0,3500000.0,199.98,0.0033653,0.293725,52001.3
605500.SH,20260511,31200,9.35,291720.0,9.31,0.00752896,0.837323,41440.0
605507.SH,20260511,8200,23.05,189010.0,23.16,0.00146737,0.210522,55882.4
605555.SH,20260511,29100,16.53,481023.0,16.49,0.00601154,0.363623,48406.9
605566.SH,20260511,314100,36.0,11307600.0,34.73,0.235563,9.13418,13334.0
605567.SH,20260511,23901,11.31,270320.0,11.26,0.0119505,0.444245,20000.0
605577.SH,20260511,35700,11.9,424830.0,11.92,0.0080325,0.597467,44444.4
605580.SH,20260511,85900,22.45,1928455.0,22.53,0.0306786,2.4007,28000.0
605588.SH,20260511,12800,59.2,757760.0,58.31,0.0175104,0.699279,7309.96
605589.SH,20260511,348373,39.95,13917501.0,39.66,0.041296,0.671233,84360.0
605598.SH,20260511,221300,59.98,13273574.0,58.68,0.0910637,2.62719,24301.7
605599.SH,20260511,56200,18.69,1050378.0,18.66,0.00722571,0.452943,77777.8
688001.SH,20260511,185228,63.0,11669364.0,63.9,0.0405143,0.876786,45719.2
688002.SH,20260511,47616,147.45,7020979.0,147.26,0.0102238,0.468319,46573.6
688003.SH,20260511,11076,78.32,867472.0,77.88,0.00569986,0.233065,19432.1
688004.SH,20260511,10524,24.31,255838.0,24.29,0.0131405,0.516531,8008.8
688005.SH,20260511,442234,38.55,17048121.0,39.1,0.0618839,0.781673,71461.9
688006.SH,20260511,165765,32.7,5420516.0,32.88,0.0274594,1.01155,60367.2
688007.SH,20260511,15367,15.97,245411.0,15.8,0.00334345,0.200537,45961.6
688008.SH,20260511,2440066,231.26,564289663.0,210.27,0.212841,3.28084,114643.0
688009.SH,20260511,118458,5.08,601767.0,5.08,0.00137406,0.256145,862102.0
688010.SH,20260511,41449,35.4,1467295.0,35.07,0.025815,0.960049,16056.2
688011.SH,20260511,2350,69.0502,162268.0,68.68,0.00235796,0.134837,9966.25
688012.SH,20260511,166653,377.05,62836514.0,370.0,0.0265829,0.906595,62691.8
688013.SH,20260511,6292,36.09,227078.0,35.8,0.00775301,0.358909,8115.56
688015.SH,20260511,1800,22.1,39780.0,22.03,0.000953992,0.0617627,18868.1
688016.SH,20260511,8671,102.18,886003.0,101.68,0.0070346,0.394869,12326.2
688017.SH,20260511,204106,265.86,54263621.0,262.99,0.111332,2.23138,18333.0
688018.SH,20260511,32245,177.6,5726712.0,174.78,0.0192919,0.582559,16714.3
688019.SH,20260511,28915,260.86,7542767.0,256.0,0.0165234,0.40326,17499.4
688020.SH,20260511,61757,163.27,10083065.0,165.1,0.0749578,0.885222,8238.9
688021.SH,20260511,21686,28.88,626292.0,28.5,0.0283797,0.435095,7641.37
688022.SH,20260511,249503,10.76,2684652.0,10.62,0.141861,1.84981,17587.8
688023.SH,20260511,67085,46.53,3121465.0,46.27,0.0659089,1.95154,10178.4
688025.SH,20260511,32375,386.5,12512938.0,375.02,0.0340612,0.690606,9504.94
688026.SH,20260511,8206,16.5799,136055.0,16.52,0.00584808,0.313208,14032.0
688027.SH,20260511,37454,608.0,22772032.0,590.6,0.0465994,1.62568,8037.44
688028.SH,20260511,92549,138.82,12847652.0,133.35,0.0613114,1.32933,15094.9
688029.SH,20260511,3213,82.99,266647.0,83.0,0.00171043,0.13968,18784.7
688030.SH,20260511,97928,16.9,1654983.0,16.93,0.0543332,3.79376,18023.6
688031.SH,20260511,146918,152.67,22429971.0,153.6,0.121284,1.7663,12113.6
688032.SH,20260511,7477,116.9,874061.0,116.91,0.00602626,0.32442,12407.4
688033.SH,20260511,609508,8.18,4985775.0,7.93,0.108415,1.93387,56219.9
688035.SH,20260511,107738,81.34,8763409.0,79.41,0.0757438,1.19066,14224.0
688036.SH,20260511,44020,57.5,2531150.0,57.42,0.00382389,0.332449,115118.0
688037.SH,20260511,44314,231.01,10236977.0,227.97,0.0219782,0.397101,20162.7
688038.SH,20260511,20103,21.45,431209.0,21.26,0.0172746,0.503693,11637.3
688039.SH,20260511,11991,45.15,541394.0,44.89,0.0108416,0.50563,11060.1
688041.SH,20260511,1174723,340.5,399993182.0,323.28,0.0505401,2.40486,232434.0
688045.SH,20260511,8033,62.6799,503508.0,62.21,0.0113819,0.224486,7057.7
688046.SH,20260511,4464,20.6801,92316.0,20.48,0.00108878,0.0641176,41000.0
688047.SH,20260511,271183,182.5,49490898.0,173.82,0.0676267,1.52497,40100.0
688048.SH,20260511,154851,438.89,67962555.0,438.88,0.0878438,0.910578,17628.0
688049.SH,20260511,39744,49.9,1983226.0,49.08,0.0226891,0.543233,17516.8
688050.SH,20260511,14333,50.81,728260.0,50.81,0.00741094,0.772362,19340.3
688051.SH,20260511,4502,48.0,216096.0,47.98,0.0058215,0.147369,7733.4
688052.SH,20260511,17793,205.6,3658241.0,201.0,0.0124838,0.415287,14252.8
688053.SH,20260511,20728,44.4,920323.0,43.37,0.020728,1.41803,10000.0
688055.SH,20260511,158212,4.76,753089.0,4.76,0.00474636,0.485384,333333.0
688056.SH,20260511,5539,36.8901,204334.0,36.66,0.00821171,0.505022,6745.25
688057.SH,20260511,8088,12.82,103688.0,12.81,0.00293043,0.424709,27600.0
688058.SH,20260511,10668,30.15,321640.0,30.26,0.0140671,0.738399,7583.65
688059.SH,20260511,18594,144.9,2694271.0,144.9,0.0198699,0.341132,9357.86
688060.SH,20260511,600,48.42,29052.0,48.18,0.000996831,0.124765,6019.07
688061.SH,20260511,51666,38.99,2014457.0,39.15,0.0449702,2.5882,11488.9
688062.SH,20260511,25260,35.32,892183.0,35.16,0.012372,0.30401,20417.0
688063.SH,20260511,90655,77.84,7056585.0,77.84,0.0369479,0.667208,24535.9
688065.SH,20260511,21320,47.6,1014832.0,47.6,0.00365458,0.335651,58337.8
688066.SH,20260511,95861,12.79,1226062.0,12.66,0.0366892,0.324441,26127.8
688067.SH,20260511,18699,29.07,543580.0,28.89,0.0274985,1.26961,6800.0
688068.SH,20260511,7907,111.94,885110.0,111.91,0.00852893,0.433238,9270.79
688069.SH,20260511,63586,54.1,3440003.0,54.69,0.0562708,0.877773,11300.0
688070.SH,20260511,14265,47.61,679157.0,46.81,0.0161331,0.72891,8842.05
688071.SH,20260511,6184,34.5901,213905.0,34.49,0.00729334,0.32078,8478.97
688072.SH,20260511,42124,475.0,20008900.0,463.05,0.014901,0.694571,28269.3
688073.SH,20260511,4822,59.01,284546.0,59.24,0.00530573,0.186748,9088.29
688075.SH,20260511,3548,37.2999,132340.0,37.3,0.00279188,0.636387,12708.3
688076.SH,20260511,56467,31.9,1801297.0,32.1,0.0178664,1.99043,31605.2
688077.SH,20260511,4135,31.6501,130873.0,31.66,0.00361203,0.119038,11447.9
688078.SH,20260511,13108,27.19,356407.0,27.17,0.0179825,1.0369,7289.3
688079.SH,20260511,56083,16.67,934904.0,16.42,0.0138693,0.441583,40436.8
688080.SH,20260511,15100,46.3,699130.0,45.98,0.0205007,0.925581,7365.61
688081.SH,20260511,2600,56.05,145730.0,55.43,0.00252329,0.127033,10304.0
688082.SH,20260511,54908,162.21,8906627.0,160.21,0.01156,0.901082,47498.1
688083.SH,20260511,27466,58.78,1614451.0,58.78,0.0161902,0.633764,16964.6
688084.SH,20260511,6712,70.2101,471250.0,69.77,0.00887138,0.32211,7565.91
688085.SH,20260511,20512,19.35,396907.0,19.34,0.00643531,0.320934,31874.1
688087.SH,20260511,7723,44.05,340198.0,43.96,0.00414668,0.177952,18624.5
688088.SH,20260511,23810,44.16,1051450.0,43.88,0.00593513,0.266889,40117.0
688089.SH,20260511,15544,16.07,249792.0,15.99,0.00923539,0.389189,16830.9
688090.SH,20260511,22572,87.98,1985885.0,86.97,0.0184457,0.365461,12237.0
688091.SH,20260511,65858,59.51,3919210.0,60.6,0.0318611,1.09219,20670.4
688092.SH,20260511,10230,30.06,307514.0,29.9,0.0123754,0.708746,8266.37
688093.SH,20260511,10466,32.51,340250.0,32.51,0.00373275,0.33509,28038.3
688095.SH,20260511,39233,83.48,3275171.0,84.35,0.0429435,0.976299,9135.95
688096.SH,20260511,534512,9.78,5227527.0,9.66,0.226445,3.86347,23604.5
688097.SH,20260511,22836,61.86,1412635.0,60.96,0.00513158,0.274426,44500.9
688098.SH,20260511,1727,8.81007,15215.0,8.81,0.000420559,0.0479116,41064.4
688099.SH,20260511,67927,113.0,7675751.0,112.7,0.0161283,0.257349,42116.6
688100.SH,20260511,24351,38.35,933861.0,38.0,0.00495256,0.65955,49168.5
688101.SH,20260511,87186,20.91,1823059.0,21.2,0.0262599,0.745094,33201.2
688102.SH,20260511,431825,47.97,20714645.0,46.55,0.0555335,1.42266,77759.4
688103.SH,20260511,2264,59.9898,135817.0,59.99,0.00237527,0.130297,9531.56
688105.SH,20260511,4032,20.2299,81567.0,20.37,0.00101374,0.177957,39773.5
688106.SH,20260511,643098,31.64,20347621.0,31.3,0.120119,0.952138,53538.5
688107.SH,20260511,66665,37.76,2517270.0,37.08,0.0166309,0.413609,40084.9
688108.SH,20260511,105120,21.87,2298974.0,21.86,0.0251512,0.778825,41795.2
688109.SH,20260511,20671,100.45,2076402.0,101.96,0.0262182,1.64065,7884.23
688110.SH,20260511,370496,160.04,59294180.0,154.83,0.0837753,1.18949,44225.0
688111.SH,20260511,169537,270.05,45783467.0,271.26,0.0365877,1.49318,46337.2
688112.SH,20260511,10223,62.25,636382.0,62.03,0.00640551,0.247273,15959.7
688113.SH,20260511,17580,44.5,782310.0,44.66,0.0272992,0.972063,6439.76
688114.SH,20260511,26502,52.7,1396655.0,52.7,0.00637623,0.600599,41563.8
688115.SH,20260511,5638,57.2999,323057.0,57.75,0.00845658,0.248025,6667.0
688116.SH,20260511,59806,42.21,2524411.0,42.2,0.0163167,0.456404,36653.2
688117.SH,20260511,14156,36.71,519667.0,36.75,0.00899445,0.469498,15738.6
688118.SH,20260511,192685,28.9,5568597.0,29.39,0.206485,5.45974,9331.67
688119.SH,20260511,211883,5.5,1165357.0,5.45,0.018834,1.21856,112500.0
688120.SH,20260511,30191,199.03,6008915.0,195.94,0.00853692,0.387471,35365.2
688122.SH,20260511,101194,69.08,6990482.0,67.84,0.0155763,0.480729,64966.4
688123.SH,20260511,230454,138.02,31807261.0,130.65,0.145607,1.48669,15827.1
688125.SH,20260511,201,212.751,42763.0,212.34,0.000246053,0.0223718,8168.97
688126.SH,20260511,2288362,23.97,54852037.0,22.99,0.0837719,2.47523,273166.0
688127.SH,20260511,283401,86.03,24380988.0,84.78,0.0698208,2.47047,40589.8
688128.SH,20260511,13200,27.18,358776.0,27.16,0.00326329,0.422526,40450.0
688129.SH,20260511,22268,29.65,660246.0,29.56,0.0184829,1.14178,12047.9
688130.SH,20260511,20286,27.38,555431.0,27.5,0.0336501,0.45914,6028.51
688131.SH,20260511,18155,71.48,1297719.0,71.9,0.00855948,0.367565,21210.4
688132.SH,20260511,11451,18.66,213676.0,18.53,0.00752241,0.600592,15222.5
688133.SH,20260511,4201,22.2199,93346.0,22.15,0.00255478,0.0986798,16443.7
688135.SH,20260511,282341,39.85,11251289.0,38.98,0.121122,1.46038,23310.4
688136.SH,20260511,14867,25.02,371972.0,25.05,0.00738706,0.220011,20125.7
688137.SH,20260511,5691,49.35,280851.0,49.38,0.00810967,0.69346,7017.54
688138.SH,20260511,61597,32.91,2027157.0,32.37,0.019567,0.755847,31480.0
688139.SH,20260511,14471,31.89,461480.0,31.83,0.0045723,0.518188,31649.3
688141.SH,20260511,182677,96.8,17683134.0,93.77,0.0405659,0.798905,45032.2
688143.SH,20260511,92265,72.03,6645848.0,70.76,0.0753957,0.850801,12237.4
688146.SH,20260511,281478,82.6,23250083.0,79.84,0.194162,1.27467,14497.1
688147.SH,20260511,60826,80.88,4919607.0,79.8,0.0131898,0.50487,46115.9
688148.SH,20260511,296723,10.9,3234281.0,10.77,0.0581612,0.801351,51017.3
688150.SH,20260511,169530,56.0,9493680.0,54.98,0.0421258,1.15718,40243.8
688151.SH,20260511,10206,20.9,213305.0,20.76,0.00296255,0.432402,34450.0
688152.SH,20260511,22288,38.36,854968.0,38.25,0.0218728,1.26151,10189.8
688153.SH,20260511,10625,33.2,352750.0,32.83,0.00259628,0.164271,40924.0
688155.SH,20260511,52859,101.66,5373646.0,101.66,0.0418069,0.751999,12643.6
688156.SH,20260511,5971,26.5001,158232.0,26.4,0.00592866,0.127125,10071.4
688157.SH,20260511,7754,35.92,278524.0,35.63,0.00495682,0.328306,15643.1
688158.SH,20260511,518966,52.58,27287232.0,51.25,0.12799,1.12704,40547.4
688159.SH,20260511,51167,52.0,2660684.0,51.2,0.0551792,0.824862,9272.88
688160.SH,20260511,38949,121.5,4732304.0,122.31,0.0428802,1.24334,9083.22
688161.SH,20260511,4341,28.85,125238.0,28.9,0.00108525,0.126027,40000.0
688162.SH,20260511,3821,33.2701,127125.0,33.27,0.002787,0.177135,13710.1
688163.SH,20260511,20257,37.23,754168.0,36.94,0.0187184,0.818671,10822.0
688165.SH,20260511,142937,19.74,2821576.0,19.74,0.0273941,1.07085,52178.0
688166.SH,20260511,54541,67.09,3659156.0,66.64,0.0128907,0.339908,42310.4
688167.SH,20260511,264594,460.08,121734408.0,434.64,0.294453,4.09963,8985.95
688168.SH,20260511,1776,91.5,162504.0,90.45,0.00230097,0.0998259,7718.5
688169.SH,20260511,39413,120.88,4764243.0,120.87,0.0152111,0.615102,25910.6
688170.SH,20260511,105377,66.08,6963312.0,64.07,0.101951,1.3577,10336.0
688171.SH,20260511,45949,58.4,2683422.0,57.25,0.0548492,1.82398,8377.34
688172.SH,20260511,65695,47.88,3145477.0,47.23,0.00844212,0.311374,77818.1
688173.SH,20260511,94530,18.0,1701540.0,17.76,0.0230421,0.491129,41024.9
688175.SH,20260511,7800,36.75,286650.0,36.73,0.00603169,0.377027,12931.7
688176.SH,20260511,65645,12.98,852072.0,12.98,0.015067,0.567926,43568.6
688177.SH,20260511,19714,20.05,395266.0,20.04,0.00476092,0.644408,41408.0
688178.SH,20260511,8629,39.8801,344125.0,40.07,0.010152,0.248299,8499.78
688179.SH,20260511,99164,23.38,2318454.0,22.85,0.0273929,0.606612,36200.6
688180.SH,20260511,87319,39.47,3446481.0,39.36,0.0113935,0.604234,76639.4
688181.SH,20260511,52352,36.84,1928648.0,36.1,0.0389288,1.01296,13448.2
688182.SH,20260511,131399,34.3,4506986.0,33.46,0.0328498,1.26705,40000.0
688183.SH,20260511,148777,109.96,16359519.0,106.85,0.0178857,0.546125,83182.1
688184.SH,20260511,58044,14.14,820742.0,14.31,0.0577624,1.00321,10048.8
688185.SH,20260511,43275,64.58,2794700.0,62.71,0.0378368,1.8628,11437.3
688186.SH,20260511,4416,21.4599,94767.0,21.53,0.00157439,0.0539728,28048.9
688187.SH,20260511,19424,49.05,952747.0,48.86,0.00223545,0.315733,86890.8
688188.SH,20260511,6711,153.6,1030810.0,153.14,0.00232432,0.182944,28873.0
688189.SH,20260511,183411,9.0,1650699.0,8.79,0.0668407,1.05985,27440.0
688190.SH,20260511,3545,87.11,308805.0,86.56,0.00295417,0.198612,12000.0
688191.SH,20260511,40560,53.53,2171177.0,53.34,0.0175091,0.397354,23165.0
688192.SH,20260511,35838,54.15,1940628.0,54.32,0.00777036,1.01176,46121.4
688195.SH,20260511,57856,376.0,21753856.0,372.5,0.0447283,0.804487,12935.0
688196.SH,20260511,13156,53.13,698978.0,52.28,0.0103435,0.725291,12719.1
688197.SH,20260511,4200,41.99,176358.0,41.64,0.006562,0.27526,6400.49
688198.SH,20260511,1800,99.22,178596.0,99.22,0.00130673,0.281733,13774.8
688199.SH,20260511,4162,28.63,119158.0,28.42,0.00258145,0.0986214,16122.7
688200.SH,20260511,15257,345.0,5263665.0,339.0,0.011257,0.458819,13553.3
688201.SH,20260511,130650,8.87,1158866.0,8.73,0.0431857,0.61594,30253.1
688202.SH,20260511,8500,62.0,527000.0,61.26,0.00632666,0.149239,13435.2
688203.SH,20260511,47725,14.46,690104.0,14.54,0.0235472,0.733228,20267.8
688205.SH,20260511,96679,256.49,24797197.0,251.32,0.0610789,0.675788,15828.5
688206.SH,20260511,13251,34.9,462460.0,34.55,0.00304496,0.193405,43517.8
688207.SH,20260511,27502,16.52,454333.0,16.54,0.0106196,0.429258,25897.3
688208.SH,20260511,702734,36.5,25649791.0,34.2,0.104857,6.72218,67018.4
688209.SH,20260511,108598,24.54,2664995.0,24.2,0.025035,0.664849,43378.4
688210.SH,20260511,11225,47.43,532402.0,46.98,0.00693506,0.303348,16185.9
688211.SH,20260511,8929,37.78,337338.0,37.67,0.0068112,0.419239,13109.3
688212.SH,20260511,12640,37.16,469702.0,37.19,0.00938624,0.344383,13466.5
688213.SH,20260511,67850,91.19,6187242.0,89.52,0.0209731,0.582519,32350.9
688215.SH,20260511,9142,73.93,675868.0,74.94,0.0146452,0.813804,6242.33
688216.SH,20260511,15438,33.37,515166.0,32.95,0.0145049,0.373158,10643.3
688217.SH,20260511,10605,30.55,323983.0,30.25,0.0189864,0.953487,5585.59
688218.SH,20260511,73423,40.8,2995658.0,39.31,0.0630374,0.940206,11647.5
688219.SH,20260511,23390,11.67,272961.0,11.66,0.00425582,0.287118,54960.0
688220.SH,20260511,45159,104.86,4735373.0,102.94,0.0122336,0.256758,36913.9
688221.SH,20260511,240365,22.28,5355332.0,22.51,0.0641694,0.957103,37457.9
688222.SH,20260511,265596,27.27,7242803.0,27.0,0.0662863,1.01521,40068.0
688223.SH,20260511,2117832,7.08,14994251.0,7.15,0.0206227,1.0613,1026940.0
688225.SH,20260511,46743,16.92,790892.0,16.81,0.0116855,0.935977,40001.0
688226.SH,20260511,26470,56.5,1495555.0,56.05,0.0140219,0.26487,18877.6
688227.SH,20260511,54648,134.13,7329936.0,132.98,0.0483374,0.583335,11305.5
688228.SH,20260511,14561,111.43,1622532.0,109.3,0.0215556,0.560822,6755.08
688229.SH,20260511,169874,103.0,17497022.0,105.2,0.382599,4.9459,4440.0
688230.SH,20260511,13747,73.55,1011092.0,72.26,0.0116896,0.669612,11760.0
688231.SH,20260511,4884,40.4001,197314.0,40.23,0.00197847,0.118905,24685.7
688232.SH,20260511,34175,23.11,789784.0,23.11,0.0106139,1.01331,32198.2
688233.SH,20260511,124776,87.0,10855512.0,83.56,0.0732659,1.27822,17030.6
688234.SH,20260511,96949,110.83,10744858.0,108.66,0.0225614,0.704453,42971.1
688235.SH,20260511,34219,247.5,8469203.0,247.5,0.0297414,0.852049,11505.5
688236.SH,20260511,5103,17.99,91803.0,17.82,0.00176925,0.158363,28842.8
688237.SH,20260511,600,55.5,33300.0,55.69,0.000669031,0.0377958,8968.2
688238.SH,20260511,13682,6.65999,91122.0,6.65,0.00213399,0.16678,64114.6
688239.SH,20260511,39719,72.52,2880422.0,71.58,0.0208355,0.373235,19063.2
688244.SH,20260511,9969,20.28,202171.0,20.37,0.00660367,0.446905,15096.2
688246.SH,20260511,37924,23.9,906384.0,23.92,0.0275639,0.654761,13758.6
688247.SH,20260511,6258,9.51997,59576.0,9.51,0.00138042,0.216485,45334.0
688248.SH,20260511,25755,62.28,1604021.0,62.03,0.00456083,0.375054,56470.0
688249.SH,20260511,458206,34.0,15579004.0,33.28,0.0378564,0.925245,121038.0
688251.SH,20260511,39857,31.4,1251510.0,31.33,0.0398956,1.07878,9990.33
688252.SH,20260511,33784,23.55,795613.0,23.28,0.00825972,0.511772,40902.1
688253.SH,20260511,4873,51.3,249985.0,50.66,0.00355734,0.161282,13698.4
688255.SH,20260511,27908,32.49,906731.0,32.31,0.0254035,0.985915,10985.9
688256.SH,20260511,330430,1201.0,396846430.0,1182.53,0.0525917,2.1498,62829.3
688257.SH,20260511,61577,73.96,4554235.0,73.64,0.0243958,0.592089,25240.8
688258.SH,20260511,134353,152.0,20421656.0,148.5,0.110905,1.64945,12114.2
688259.SH,20260511,10501,39.38,413529.0,39.21,0.00940107,0.408104,11170.0
688260.SH,20260511,262630,46.62,12243811.0,45.72,0.218858,3.21243,12000.0
688261.SH,20260511,51692,78.55,4060407.0,76.78,0.042337,1.10419,12209.7
688262.SH,20260511,154045,41.25,6354356.0,40.47,0.0458467,0.825875,33600.0
688265.SH,20260511,1000,41.6,41600.0,41.4,0.00128265,0.192692,7796.35
688266.SH,20260511,20897,100.6,2102238.0,101.45,0.00789435,0.423831,26470.8
688267.SH,20260511,6800,31.13,211684.0,31.16,0.00385925,0.156259,17620.0
688268.SH,20260511,164937,164.24,27089253.0,164.95,0.137544,1.38237,11991.5
688269.SH,20260511,6124,42.6399,261127.0,42.7,0.0046854,0.259452,13070.4
688270.SH,20260511,306218,141.88,43446210.0,135.61,0.143058,2.05457,21405.2
688271.SH,20260511,63971,115.5,7388651.0,115.94,0.00776198,0.783446,82415.8
688272.SH,20260511,24904,44.44,1106734.0,44.7,0.0327684,0.84673,7600.0
688273.SH,20260511,8125,45.6,370500.0,45.18,0.008125,0.327472,10000.0
688275.SH,20260511,79083,146.45,11581705.0,145.86,0.0627053,0.705206,12611.8
688276.SH,20260511,22317,18.56,414204.0,18.5,0.00539504,1.2462,41365.8
688277.SH,20260511,39940,20.45,816773.0,20.42,0.00875892,0.458448,45599.2
688278.SH,20260511,5600,57.0,319200.0,57.16,0.00137191,0.125594,40818.9
688279.SH,20260511,22992,220.01,5058470.0,215.26,0.0245751,1.12888,9355.81
688280.SH,20260511,470241,7.23,3399842.0,7.18,0.0903364,1.08243,52054.4
688281.SH,20260511,12793,81.22,1039047.0,80.15,0.00469346,0.405156,27257.1
688282.SH,20260511,53035,97.16,5152881.0,96.2,0.060267,2.03906,8800.0
688283.SH,20260511,18736,44.58,835251.0,44.1,0.0153826,0.620052,12180.0
688285.SH,20260511,6468,9.55999,61834.0,9.55,0.00171889,0.137676,37629.0
688286.SH,20260511,8214,72.5401,595844.0,71.44,0.0146522,0.255141,5605.98
688288.SH,20260511,27376,24.96,683305.0,24.85,0.0274271,0.785163,9981.37
688289.SH,20260511,262648,18.44,4843229.0,18.12,0.045332,4.8596,57938.8
688290.SH,20260511,23181,64.0,1483584.0,64.25,0.0226843,1.21195,10219.0
688291.SH,20260511,12109,50.0,605450.0,49.3,0.0117945,0.416082,10266.7
688292.SH,20260511,25317,24.38,617228.0,24.05,0.0159881,0.625185,15834.9
688293.SH,20260511,1547,51.8998,80289.0,51.88,0.00135916,0.0984313,11382.0
688295.SH,20260511,144606,58.7,8488372.0,59.07,0.0160673,0.76369,90000.0
688296.SH,20260511,8511,15.93,135580.0,16.26,0.00792509,0.307545,10739.3
688297.SH,20260511,61090,47.94,2928655.0,47.61,0.00905037,0.755769,67500.0
688298.SH,20260511,300976,25.35,7629742.0,25.25,0.149294,7.44987,20160.0
688299.SH,20260511,76407,19.63,1499869.0,19.63,0.0265863,0.661325,28739.3
688300.SH,20260511,89091,97.15,8655191.0,94.29,0.0368954,1.44273,24146.9
688301.SH,20260511,14646,116.53,1706698.0,116.1,0.00692649,0.588591,21144.9
688302.SH,20260511,3908,45.4099,177462.0,45.43,0.00394685,0.218339,9901.56
688303.SH,20260511,90005,22.51,2026013.0,22.69,0.00419563,0.412197,214521.0
688305.SH,20260511,14217,64.9,922683.0,65.07,0.010753,0.387029,13221.4
688306.SH,20260511,73735,10.1,744724.0,10.09,0.0060031,0.515408,122828.0
688307.SH,20260511,71461,105.0,7503405.0,107.3,0.0804977,1.18344,8877.4
688308.SH,20260511,54190,99.68,5401659.0,99.66,0.0341286,0.415052,15878.2
688309.SH,20260511,29585,80.02,2367392.0,79.8,0.0372601,1.21163,7940.13
688310.SH,20260511,10957,17.54,192186.0,17.4,0.0066679,0.119591,16432.5
688311.SH,20260511,56212,37.49,2107388.0,37.26,0.0323444,0.946406,17379.2
688312.SH,20260511,142325,82.0,11670650.0,82.7,0.0976359,1.55635,14577.1
688313.SH,20260511,267647,176.67,47285195.0,176.6,0.0592157,0.697324,45198.6
688314.SH,20260511,3048,45.7402,139416.0,45.55,0.00375188,0.155823,8123.92
688315.SH,20260511,36148,15.19,549088.0,15.12,0.00868525,0.986715,41620.0
688316.SH,20260511,24156,77.62,1874989.0,77.41,0.050432,0.547365,4789.81
688317.SH,20260511,120103,20.79,2496941.0,20.83,0.0625022,4.91936,19215.8
688318.SH,20260511,28149,119.0,3349731.0,119.41,0.0109906,0.655999,25611.9
688319.SH,20260511,117387,35.21,4133196.0,35.05,0.0289552,0.807744,40540.9
688320.SH,20260511,61360,39.0,2393040.0,38.39,0.0406321,0.881619,15101.4
688321.SH,20260511,235343,30.9,7272099.0,31.3,0.0577092,1.82087,40780.8
688322.SH,20260511,106823,87.89,9388673.0,87.92,0.0335208,1.13521,31867.6
688323.SH,20260511,159505,28.0,4466140.0,28.03,0.088613,0.74288,18000.2
688325.SH,20260511,2400,121.8,292320.0,120.7,0.00293882,0.13068,8166.55
688326.SH,20260511,13938,92.92,1295119.0,91.56,0.0124866,0.527523,11162.4
688327.SH,20260511,241419,14.65,3536788.0,14.44,0.0289665,0.688246,83344.1
688328.SH,20260511,97121,60.03,5830174.0,58.59,0.102821,0.809444,9445.63
688329.SH,20260511,9085,24.74,224763.0,24.59,0.0117681,0.371251,7720.0
688330.SH,20260511,70054,42.19,2955578.0,40.78,0.0500386,1.96603,14000.0
688331.SH,20260511,111002,123.92,13755368.0,123.9,0.0680605,1.23158,16309.3
688332.SH,20260511,25644,114.5,2936238.0,113.6,0.021264,0.920702,12059.8
688333.SH,20260511,152298,95.97,14616039.0,93.4,0.0555179,1.33742,27432.2
688334.SH,20260511,7800,21.57,168246.0,21.46,0.00497117,0.287019,15690.5
688335.SH,20260511,6473,30.9801,200534.0,30.99,0.00437263,0.234664,14803.5
688336.SH,20260511,39507,72.0,2844504.0,71.75,0.0064053,0.651039,61678.6
688337.SH,20260511,41512,61.68,2560460.0,60.39,0.0223282,0.580162,18591.7
688338.SH,20260511,10200,30.27,308754.0,30.22,0.00960973,0.86297,10614.2
688339.SH,20260511,8791,26.3,231203.0,26.29,0.00449008,0.123204,19578.7
688343.SH,20260511,85341,88.85,7582548.0,87.11,0.023732,0.521005,35960.3
688345.SH,20260511,1502,52.6198,79035.0,52.75,0.001502,0.045632,10000.0
688347.SH,20260511,233788,165.0,38575020.0,158.96,0.0573361,0.684995,40775.0
688348.SH,20260511,5064,51.0199,258365.0,51.18,0.00324039,0.172324,15627.7
688349.SH,20260511,17405,24.86,432688.0,24.89,0.00146324,0.247476,118948.0
688350.SH,20260511,237762,36.68,8721110.0,32.57,0.165983,4.97387,14324.5
688351.SH,20260511,18226,24.9,453827.0,24.96,0.00387293,0.168106,47060.0
688352.SH,20260511,110054,13.32,1465919.0,13.11,0.0300792,0.897877,36588.1
688353.SH,20260511,42334,106.01,4487827.0,105.5,0.0265417,0.41079,15950.0
688355.SH,20260511,20686,24.58,508462.0,24.12,0.0166882,0.898171,12395.6
688356.SH,20260511,6470,95.0,614650.0,95.01,0.0106676,0.563524,6065.07
688357.SH,20260511,7341,36.15,265377.0,36.15,0.00733661,0.325362,10006.0
688358.SH,20260511,13661,33.66,459829.0,33.86,0.0122,0.606353,11197.6
688359.SH,20260511,22157,112.0,2481584.0,110.12,0.0224383,0.543616,9874.61
688360.SH,20260511,15200,19.94,303088.0,19.8,0.00602491,0.416755,25228.6
688361.SH,20260511,9483,195.0,1849185.0,191.3,0.00342517,0.128564,27686.2
688362.SH,20260511,184023,50.01,9202990.0,48.39,0.04483,1.00303,41049.1
688363.SH,20260511,8490,41.79,354797.0,41.83,0.00176259,0.26898,48167.8
688365.SH,20260511,377097,22.24,8386637.0,22.39,0.0885569,1.54987,42582.5
688366.SH,20260511,300,39.14,11742.0,39.14,0.000154598,0.0555923,19405.2
688367.SH,20260511,12300,41.69,512787.0,41.33,0.0140372,0.439641,8762.46
688368.SH,20260511,19248,167.6,3225965.0,163.25,0.021749,0.570698,8850.05
688369.SH,20260511,17878,25.99,464649.0,25.66,0.0155167,0.555022,11521.8
688370.SH,20260511,21403,25.91,554552.0,25.49,0.0156103,2.37593,13710.8
688371.SH,20260511,99692,32.16,3206095.0,31.72,0.0297169,0.773514,33547.2
688372.SH,20260511,212046,158.48,33605050.0,155.99,0.126395,1.9864,16776.5
688373.SH,20260511,16700,5.89,98363.0,5.89,0.00275742,0.177302,60563.8
688375.SH,20260511,71833,136.06,9773598.0,133.39,0.0120522,0.976578,59601.5
688376.SH,20260511,7848,71.4901,561054.0,70.22,0.0058025,0.317127,13525.2
688377.SH,20260511,42203,37.35,1576282.0,37.56,0.0216823,2.10649,19464.3
688378.SH,20260511,36485,47.0,1714795.0,46.55,0.0151415,0.430907,24096.1
688379.SH,20260511,101488,79.21,8038864.0,78.01,0.112657,1.19474,9008.55
688380.SH,20260511,116311,50.6,5885337.0,49.44,0.0290512,0.926356,40036.5
688381.SH,20260511,113860,33.5,3814310.0,33.41,0.046004,0.55954,24750.0
688382.SH,20260511,102398,22.08,2260948.0,22.13,0.0177052,0.626031,57834.8
688383.SH,20260511,3100,104.0,322400.0,101.88,0.00304979,0.138503,10164.7
688385.SH,20260511,80549,73.11,5888937.0,71.68,0.0149334,0.382491,53938.9
688386.SH,20260511,5900,88.92,524628.0,88.56,0.00648352,0.230291,9100.0
688387.SH,20260511,1411832,22.6,31907403.0,21.77,0.0700044,1.3613,201678.0
688388.SH,20260511,231164,50.01,11560512.0,50.0,0.0507302,0.60166,45567.4
688389.SH,20260511,9082,13.05,118520.0,13.02,0.00211956,0.337571,42848.6
688390.SH,20260511,83206,106.89,8893889.0,107.14,0.0342324,0.523865,24306.2
688391.SH,20260511,7752,33.16,257056.0,32.84,0.00673024,0.40855,11518.2
688392.SH,20260511,9240,142.77,1319195.0,141.27,0.00798387,0.396457,11573.3
688393.SH,20260511,17836,25.3,451251.0,25.29,0.0190621,0.997837,9356.77
688395.SH,20260511,9848,30.44,299773.0,30.43,0.0113721,0.401113,8659.77
688396.SH,20260511,284417,59.05,16794824.0,58.14,0.0214135,0.846974,132821.0
688398.SH,20260511,39078,34.83,1361087.0,34.35,0.0232865,1.03696,16781.4
688399.SH,20260511,18820,64.68,1217278.0,64.08,0.022439,1.02324,8387.17
688400.SH,20260511,220904,66.8,14756387.0,66.55,0.0479209,0.64496,46097.7
688401.SH,20260511,71784,67.5,4845420.0,67.15,0.0371267,0.786565,19334.9
688403.SH,20260511,398901,18.67,7447482.0,18.21,0.0402549,0.608883,99093.8
688408.SH,20260511,61616,38.75,2387620.0,39.14,0.0281267,1.05745,21906.6
688409.SH,20260511,104562,122.15,12772248.0,121.56,0.0341471,1.38286,30621.1
688410.SH,20260511,27556,16.79,462665.0,16.86,0.00862201,0.244143,31960.1
688411.SH,20260511,162377,250.9,40740389.0,257.88,0.12248,2.14239,13257.4
688416.SH,20260511,95786,120.47,11539339.0,113.5,0.115397,1.56948,8300.57
688418.SH,20260511,56860,53.8,3059068.0,54.2,0.0295293,0.533512,19255.5
688419.SH,20260511,11583,44.41,514401.0,43.33,0.0101116,0.539478,11455.2
688420.SH,20260511,6516,28.4701,185511.0,28.48,0.0156113,0.394006,4173.9
688425.SH,20260511,36870,4.78999,176607.0,4.79,0.000691291,0.184257,533350.0
688426.SH,20260511,5823,21.9401,127757.0,21.85,0.00518856,0.45475,11222.8
688428.SH,20260511,91722,26.2,2403116.0,26.35,0.0341788,0.90697,26836.0
688429.SH,20260511,3048,14.5801,44440.0,14.56,0.00254366,0.0990349,11982.7
688432.SH,20260511,320547,18.31,5869216.0,17.86,0.0256376,1.46068,125030.0
688433.SH,20260511,32435,84.36,2736217.0,82.67,0.0078048,0.642664,41557.8
688435.SH,20260511,22608,42.53,961518.0,42.2,0.0403367,0.984011,5604.81
688439.SH,20260511,14139,51.62,729855.0,51.28,0.0070695,0.38226,20000.0
688443.SH,20260511,7800,30.65,239070.0,30.77,0.00668495,0.197117,11668.0
688448.SH,20260511,200,73.64,14728.0,72.99,0.000279126,0.0104656,7165.23
688449.SH,20260511,304438,70.0,21310660.0,66.67,0.103831,1.16078,29320.4
688450.SH,20260511,13446,47.0,631962.0,46.0,0.0274797,0.60001,4893.07
688455.SH,20260511,33725,20.69,697770.0,20.68,0.0200707,0.877462,16803.1
688456.SH,20260511,175738,80.75,14190844.0,77.95,0.169533,2.85698,10366.0
688458.SH,20260511,9151,39.3,359634.0,38.9,0.0107572,0.321532,8506.85
688459.SH,20260511,8084,9.34005,75505.0,9.3,0.00168417,0.394249,48000.0
688466.SH,20260511,10957,18.76,205553.0,18.71,0.00896981,0.570842,12215.4
688468.SH,20260511,29160,7.61999,222199.0,7.63,0.00726986,0.711897,40110.8
688469.SH,20260511,945832,7.08,6696491.0,6.96,0.0161135,0.73945,586980.0
688472.SH,20260511,477568,14.77,7053679.0,14.5,0.035437,0.562584,134765.0
688475.SH,20260511,20961,31.98,670333.0,31.9,0.00266171,0.329734,78750.0
688478.SH,20260511,30956,47.12,1458647.0,46.8,0.0223725,0.407759,13836.6
688479.SH,20260511,30936,42.74,1322205.0,42.57,0.0496426,1.15185,6231.74
688480.SH,20260511,21695,109.03,2365406.0,109.03,0.0227587,0.588906,9532.62
688484.SH,20260511,95336,43.22,4120422.0,43.22,0.0222923,0.678223,42766.3
688485.SH,20260511,69318,65.27,4524386.0,63.99,0.0780978,0.523216,8875.8
688486.SH,20260511,35813,82.48,2953856.0,81.67,0.0268625,0.946657,13332.0
688488.SH,20260511,2620,17.0802,44750.0,17.18,0.000622649,0.0393356,42078.3
688489.SH,20260511,4889,41.73,204018.0,41.52,0.0042762,0.6483,11433.1
688498.SH,20260511,38883,1593.0,61940619.0,1575.0,0.0458317,1.11223,8483.86
688499.SH,20260511,77512,55.5,4301916.0,55.93,0.0459389,1.05725,16872.9
688500.SH,20260511,46333,50.08,2320357.0,49.8,0.0631964,2.46279,7331.59
688501.SH,20260511,1300,25.26,32838.0,25.22,0.00104648,0.0515775,12422.6
688502.SH,20260511,29179,540.2,15762496.0,539.85,0.0552633,0.931549,5280.0
688503.SH,20260511,69614,113.0,7866382.0,110.96,0.0346477,0.474795,20092.0
688505.SH,20260511,8811,8.05005,70929.0,8.03,0.00123999,0.19138,71057.2
688506.SH,20260511,10850,265.75,2883388.0,265.75,0.00262792,0.587152,41287.4
688507.SH,20260511,14151,97.78,1383685.0,97.9,0.0287413,0.808178,4923.57
688508.SH,20260511,81148,81.97,6651702.0,82.03,0.0617986,1.05417,13131.0
688509.SH,20260511,52235,4.66999,243937.0,4.63,0.0135749,0.545042,38479.2
688510.SH,20260511,36212,37.3,1350708.0,37.31,0.0139533,0.440821,25952.3
688511.SH,20260511,60978,24.13,1471399.0,24.1,0.0456156,1.15497,13367.8
688512.SH,20260511,101956,13.38,1364171.0,13.2,0.0314126,0.687227,32457.0
688513.SH,20260511,438,62.9909,27590.0,63.03,0.000248113,0.0228112,17653.2
688515.SH,20260511,169715,199.34,33830988.0,188.06,0.34066,2.12328,4981.94
688516.SH,20260511,36083,88.69,3200201.0,88.61,0.0114636,0.2344,31476.0
688517.SH,20260511,22493,24.23,545005.0,23.88,0.0164647,0.43759,13661.3
688518.SH,20260511,44304,28.7,1271525.0,28.7,0.01298,0.229279,34132.5
688519.SH,20260511,28025,184.0,5156600.0,182.7,0.0119372,0.413702,23477.1
688520.SH,20260511,2651,42.2101,111899.0,42.29,0.000595281,0.0882567,44533.6
688521.SH,20260511,423729,272.0,115254288.0,262.0,0.0805698,1.18553,52591.5
688522.SH,20260511,10387,35.74,371231.0,35.75,0.00843806,0.29845,12309.7
688523.SH,20260511,182120,83.41,15190629.0,82.89,0.188694,1.77825,9651.59
688525.SH,20260511,1074632,311.1,334318015.0,290.45,0.228239,2.76515,47083.7
688526.SH,20260511,22168,14.96,331633.0,14.88,0.00475577,1.08483,46612.8
688528.SH,20260511,8212,12.61,103553.0,12.65,0.0048881,0.322535,16800.0
688529.SH,20260511,5516,19.95,110044.0,19.94,0.0032799,0.302475,16817.6
688530.SH,20260511,229578,53.8,12351296.0,52.5,0.329008,1.18011,6977.88
688531.SH,20260511,178882,130.0,23254660.0,127.47,0.155849,1.15053,11477.9
688533.SH,20260511,2793,27.6799,77310.0,27.6,0.00169286,0.164861,16498.7
688535.SH,20260511,137163,104.6,14347250.0,100.5,0.114975,1.75813,11929.8
688536.SH,20260511,62834,257.0,16148338.0,253.9,0.046321,0.761318,13564.9
688538.SH,20260511,390874,2.34,914645.0,2.34,0.00679517,0.50697,575224.0
688539.SH,20260511,27889,42.33,1180541.0,41.99,0.0150005,0.553602,18592.0
688543.SH,20260511,42438,65.52,2780538.0,65.33,0.0365965,0.691396,11596.2
688545.SH,20260511,998908,72.02,71941354.0,63.0,0.548098,8.3229,18225.0
688548.SH,20260511,62927,27.85,1752517.0,27.64,0.0091039,0.171648,69120.9
688549.SH,20260511,459757,12.65,5815926.0,12.4,0.078015,0.589266,58931.9
688550.SH,20260511,12234,43.05,526674.0,42.72,0.00703733,0.404635,17384.4
688551.SH,20260511,41846,52.68,2204447.0,50.38,0.0497748,1.18816,8407.07
688552.SH,20260511,74287,42.15,3131197.0,41.96,0.0855569,1.00139,8682.75
688553.SH,20260511,115804,20.08,2325344.0,20.2,0.0337091,1.4373,34354.0
688556.SH,20260511,168230,14.92,2509992.0,14.98,0.0202498,0.38636,83077.4
688557.SH,20260511,2107,35.5401,74883.0,35.38,0.00205201,0.114712,10268.0
688558.SH,20260511,48187,43.13,2078305.0,42.72,0.0365053,0.913183,13200.0
688559.SH,20260511,25672,64.5,1655844.0,64.01,0.0103617,0.232142,24775.9
688560.SH,20260511,21120,17.36,366643.0,17.39,0.0104917,0.269304,20130.2
688561.SH,20260511,107160,31.42,3366967.0,31.18,0.0157068,1.33418,68225.3
688562.SH,20260511,93831,20.05,1881312.0,19.92,0.0542313,1.29987,17302.0
688563.SH,20260511,35594,62.66,2230320.0,62.02,0.0304251,1.07548,11698.9
688565.SH,20260511,31901,13.33,425240.0,13.39,0.0213057,0.87474,14973.0
688566.SH,20260511,8900,28.3,251870.0,28.2,0.0044627,0.574793,19943.1
688567.SH,20260511,80093,14.01,1122103.0,13.99,0.0065537,0.429659,122210.0
688568.SH,20260511,549127,68.96,37867798.0,66.8,0.0679546,2.98619,80807.9
688569.SH,20260511,7500,20.81,156075.0,20.71,0.00356013,0.742708,21066.7
688570.SH,20260511,600,17.63,10578.0,17.58,0.00031881,0.0767207,18820.0
688571.SH,20260511,39869,9.2,366795.0,9.21,0.00939928,0.265615,42417.1
688573.SH,20260511,25237,23.95,604426.0,23.7,0.0474235,0.479205,5321.62
688575.SH,20260511,11840,13.25,156880.0,13.25,0.00207215,0.184165,57138.8
688576.SH,20260511,1400,75.39,105546.0,75.33,0.00642431,0.213682,2179.22
688577.SH,20260511,17691,79.77,1411211.0,79.96,0.0158978,0.721613,11128.0
688578.SH,20260511,13189,94.94,1252164.0,94.46,0.00293089,0.246594,45000.0
688579.SH,20260511,65652,10.51,690003.0,10.34,0.0164126,1.05783,40001.0
688580.SH,20260511,16572,65.4,1083809.0,65.21,0.0173037,0.420006,9577.13
688581.SH,20260511,37033,64.03,2371223.0,63.38,0.089108,2.05645,4155.97
688582.SH,20260511,19462,55.61,1082282.0,55.05,0.00777798,0.313864,25021.9
688583.SH,20260511,3067,124.58,382087.0,123.75,0.00995668,0.18185,3080.34
688584.SH,20260511,124909,26.0,3247634.0,26.1,0.0363848,0.60156,34330.0
688585.SH,20260511,32592,135.85,4427623.0,135.41,0.00808009,0.755279,40336.2
688586.SH,20260511,98104,14.3,1402887.0,14.27,0.0123972,1.20028,79133.9
688588.SH,20260511,28174,12.5,352175.0,12.4,0.00704332,0.560621,40001.0
688589.SH,20260511,26537,24.4,647503.0,24.0,0.01826,0.689741,14532.9
688590.SH,20260511,78823,15.98,1259592.0,15.98,0.0279994,0.678949,28151.7
688591.SH,20260511,18995,36.59,695027.0,35.88,0.0112772,0.356808,16843.7
688592.SH,20260511,3179,47.4001,150685.0,47.52,0.00825248,0.189009,3852.18
688593.SH,20260511,224149,39.2,8786641.0,37.81,0.0694644,1.42599,32268.2
688595.SH,20260511,41124,35.96,1478819.0,35.71,0.0285398,0.874187,14409.4
688596.SH,20260511,20742,33.84,701909.0,33.34,0.00705196,0.267097,29413.1
688597.SH,20260511,24483,8.73002,213737.0,8.65,0.0072853,0.290286,33606.0
688598.SH,20260511,83688,24.91,2084668.0,25.11,0.041109,1.56388,20357.6
688599.SH,20260511,297120,17.82,5294678.0,17.8,0.0126835,0.480091,234257.0
688600.SH,20260511,18368,30.23,555265.0,30.23,0.0136354,0.49552,13470.8
688601.SH,20260511,308876,55.0,16988180.0,51.72,0.231034,3.53885,13369.3
688602.SH,20260511,51000,8.14,415140.0,8.07,0.0196459,0.882289,25959.6
688603.SH,20260511,80956,103.0,8338468.0,100.98,0.170715,1.50325,4742.16
688605.SH,20260511,38107,68.99,2629002.0,68.0,0.0351697,0.844508,10835.2
688606.SH,20260511,10670,56.8,606056.0,56.8,0.0134585,1.35051,7928.09
688607.SH,20260511,6070,68.34,414824.0,68.6,0.00765168,0.255169,7932.9
688608.SH,20260511,21407,179.98,3852832.0,178.96,0.0126899,0.322883,16869.4
688609.SH,20260511,149286,10.98,1639160.0,10.98,0.0298572,0.699717,50000.0
688610.SH,20260511,19601,133.1,2608893.0,133.1,0.0478861,1.07368,4093.26
688611.SH,20260511,6775,71.2,482380.0,68.96,0.00441686,0.388144,15339.0
688612.SH,20260511,16890,32.3,545547.0,32.15,0.00668771,0.284821,25255.3
688613.SH,20260511,7377,21.16,156097.0,21.08,0.00538433,0.197042,13700.9
688615.SH,20260511,108048,147.47,15933839.0,147.47,0.0798355,1.27462,13533.8
688616.SH,20260511,11851,14.55,172432.0,14.56,0.00660671,0.397157,17937.8
688617.SH,20260511,1816,233.4,423854.0,232.61,0.00128756,0.151614,14104.2
688618.SH,20260511,52552,40.5,2128356.0,39.0,0.0477538,1.57726,11004.8
688619.SH,20260511,38884,16.85,655195.0,16.9,0.0209687,0.923346,18543.8
688620.SH,20260511,65792,13.71,902008.0,13.52,0.0283197,0.467503,23231.9
688621.SH,20260511,3859,57.88,223359.0,57.5,0.00344554,0.189943,11200.0
688622.SH,20260511,39759,84.54,3361226.0,83.39,0.0564233,2.37807,7046.55
688623.SH,20260511,6911,98.98,684051.0,98.0,0.0361025,1.0732,1914.27
688625.SH,20260511,24681,82.82,2044080.0,82.54,0.0131058,0.502708,18832.1
688626.SH,20260511,31937,61.69,1970194.0,62.0,0.0199606,1.60461,16000.0
688627.SH,20260511,25007,307.0,7677149.0,300.0,0.0345631,0.5293,7235.17
688628.SH,20260511,9014,96.33,868319.0,95.8,0.00806495,0.169687,11176.8
688629.SH,20260511,138949,138.88,19297237.0,136.54,0.0764367,0.519937,18178.3
688630.SH,20260511,37709,264.34,9967997.0,259.16,0.0286236,0.74096,13174.1
688631.SH,20260511,10114,58.03,586915.0,58.19,0.0155912,0.450573,6487.0
688633.SH,20260511,110715,36.05,3991276.0,36.42,0.0770085,0.954996,14377.0
688636.SH,20260511,35913,46.24,1660617.0,46.06,0.0214243,0.813378,16762.7
688638.SH,20260511,8006,44.04,352584.0,44.02,0.0302558,0.587291,2646.1
688639.SH,20260511,14548,27.4,398615.0,27.41,0.00581651,0.338216,25011.6
688646.SH,20260511,1573,62.0,97526.0,61.48,0.00271277,0.127081,5798.5
688648.SH,20260511,0,,0.0,49.7,0.0,0.0,6952.89
688651.SH,20260511,9765,42.3001,413060.0,41.98,0.0300883,0.58206,3245.44
688652.SH,20260511,30564,128.0,3912192.0,125.8,0.0253118,0.521148,12075.0
688653.SH,20260511,75721,15.66,1185791.0,15.47,0.0239312,0.522347,31641.2
688655.SH,20260511,552805,52.9,29243385.0,53.34,0.414428,2.55761,13339.0
688656.SH,20260511,3344,143.37,479429.0,143.99,0.00526782,0.551992,6347.97
688657.SH,20260511,500,54.1,27050.0,54.35,0.00121819,0.0468326,4104.45
688658.SH,20260511,75105,21.53,1617011.0,21.51,0.01669,0.653343,45000.0
688659.SH,20260511,26453,12.17,321933.0,12.08,0.0165331,0.43124,16000.0
688660.SH,20260511,83278,12.4,1032647.0,12.36,0.00624585,0.521142,133333.0
688661.SH,20260511,25923,129.88,3366879.0,128.3,0.0170672,0.359928,15188.8
688662.SH,20260511,58995,79.0,4660605.0,75.83,0.0668574,0.95396,8824.0
688663.SH,20260511,16791,68.0,1141788.0,67.94,0.0118686,0.464978,14147.5
688665.SH,20260511,13545,52.15,706372.0,52.05,0.0133854,1.28623,10119.2
688667.SH,20260511,13778,159.11,2192218.0,156.11,0.0261465,0.681965,5269.55
688668.SH,20260511,72576,224.0,16257024.0,224.0,0.0521115,1.39929,13927.1
688669.SH,20260511,13515,35.96,485999.0,35.98,0.0111387,0.172211,12133.3
688670.SH,20260511,10201,18.94,193207.0,18.73,0.00828003,0.630927,12320.0
688671.SH,20260511,1941,25.2602,49030.0,25.2,0.00414326,0.126592,4684.71
688676.SH,20260511,59542,92.25,5492750.0,91.21,0.01295,0.46624,45978.4
688677.SH,20260511,42703,126.0,5380578.0,122.5,0.0356223,0.792622,11987.7
688678.SH,20260511,163410,26.6,4346706.0,26.11,0.0405377,0.592779,40310.6
688679.SH,20260511,6600,57.02,376332.0,55.91,0.00501178,0.1706,13169.0
688680.SH,20260511,6704,50.46,338284.0,50.6,0.0068709,0.231027,9757.1
688681.SH,20260511,22810,21.38,487678.0,21.2,0.0217923,0.735348,10467.0
688682.SH,20260511,10003,50.88,508953.0,50.92,0.00982238,0.531513,10183.9
688683.SH,20260511,10500,45.7,479850.0,45.7,0.00676643,0.500414,15517.8
688685.SH,20260511,35587,50.21,1786823.0,49.97,0.0242333,0.681765,14685.2
688686.SH,20260511,4480,116.66,522637.0,114.97,0.00366506,0.207594,12223.5
688687.SH,20260511,7325,20.09,147159.0,20.07,0.00428502,0.23211,17094.4
688689.SH,20260511,8316,39.99,332557.0,39.64,0.00645132,0.209854,12890.4
688690.SH,20260511,64769,34.38,2226758.0,34.34,0.0160393,0.575624,40381.5
688691.SH,20260511,89436,121.55,10870946.0,119.54,0.122574,0.656261,7296.5
688692.SH,20260511,59317,286.0,16964662.0,293.8,0.0811043,2.47564,7313.67
688693.SH,20260511,62359,111.72,6966747.0,107.46,0.160288,0.77585,3890.44
688695.SH,20260511,2700,25.87,69849.0,25.8,0.00505661,0.212953,5339.55
688696.SH,20260511,600,90.08,54048.0,90.31,0.000856898,0.108311,7002.0
688697.SH,20260511,137465,21.29,2926630.0,21.29,0.0300579,0.801813,45733.3
688698.SH,20260511,49268,73.95,3643369.0,74.24,0.02302,0.794983,21402.3
688699.SH,20260511,163427,62.17,10160257.0,62.26,0.148483,1.80622,11006.5
688700.SH,20260511,53489,62.4,3337714.0,62.0,0.0179252,0.366885,29840.1
688701.SH,20260511,17400,10.92,190008.0,10.88,0.0129583,0.492432,13427.7
688702.SH,20260511,61274,315.0,19301310.0,307.88,0.0301855,0.57282,20299.2
688707.SH,20260511,289988,17.66,5121188.0,17.53,0.0570012,0.807039,50874.0
688708.SH,20260511,15488,54.0,836352.0,53.8,0.0108859,1.03449,14227.6
688709.SH,20260511,38306,40.04,1533772.0,39.34,0.0172747,0.362184,22174.6
688710.SH,20260511,20888,63.6,1328477.0,65.12,0.0230313,1.10729,9069.4
688711.SH,20260511,109735,29.5,3237183.0,28.39,0.0514963,1.57779,21309.3
688712.SH,20260511,86605,45.22,3916278.0,45.22,0.233344,1.99144,3711.47
688716.SH,20260511,33591,36.79,1235813.0,36.1,0.0480371,1.08941,6992.72
688717.SH,20260511,21880,118.67,2596500.0,117.5,0.0220903,0.263164,9904.78
688718.SH,20260511,41556,18.07,750917.0,18.07,0.0239165,0.709772,17375.4
688719.SH,20260511,80080,72.16,5778573.0,69.45,0.0892532,2.14206,8972.23
688720.SH,20260511,119813,84.9,10172124.0,81.96,0.212493,2.92676,5638.43
688721.SH,20260511,11224,45.6,511814.0,45.4,0.0209855,0.437806,5348.45
688722.SH,20260511,23932,19.04,455665.0,18.98,0.0106789,0.576299,22410.5
688726.SH,20260511,147409,70.15,10340741.0,68.89,0.0670271,0.684151,21992.4
688727.SH,20260511,61612,55.5,3419466.0,54.56,0.122628,1.4896,5024.32
688728.SH,20260511,135307,14.55,1968717.0,14.5,0.00541469,0.514588,249889.0
688729.SH,20260511,133732,24.81,3317891.0,24.39,0.0622007,1.31072,21500.1
688733.SH,20260511,15940,32.48,517731.0,32.3,0.00797897,0.2139,19977.5
688737.SH,20260511,6800,30.45,207060.0,30.29,0.00568731,0.258755,11956.5
688739.SH,20260511,69062,24.0,1657488.0,23.79,0.0165835,2.37976,41645.0
688750.SH,20260511,19800,19.45,385110.0,19.52,0.00850083,0.526395,23291.8
688755.SH,20260511,70525,42.99,3031870.0,41.02,0.40071,8.46848,1760.0
688757.SH,20260511,119222,31.76,3786491.0,31.68,0.0657884,1.10274,18122.0
688758.SH,20260511,34399,19.68,676972.0,19.81,0.0115362,0.983968,29818.4
688759.SH,20260511,1900,33.9,64410.0,33.88,0.0035601,0.0445489,5336.93
688765.SH,20260511,7917,57.7,456811.0,58.02,0.0171067,0.354879,4628.0
688766.SH,20260511,363115,348.77,126643619.0,317.5,0.245267,4.17067,14804.9
688767.SH,20260511,32210,41.67,1342191.0,41.55,0.0215692,0.75272,14933.3
688768.SH,20260511,1200,43.88,52656.0,43.69,0.00137514,0.0749017,8726.35
688772.SH,20260511,68251,16.55,1129554.0,16.55,0.00602825,0.113671,113219.0
688775.SH,20260511,14543,202.2,2940595.0,200.21,0.0443384,1.00649,3280.0
688776.SH,20260511,11117,84.98,944723.0,83.83,0.0102571,0.502583,10838.3
688777.SH,20260511,360256,81.36,29310428.0,81.44,0.0457643,1.54345,78719.9
688778.SH,20260511,43773,80.99,3545175.0,81.34,0.00867323,0.514911,50469.1
688779.SH,20260511,273878,10.77,2949666.0,10.66,0.0141963,0.438988,192922.0
688781.SH,20260511,73363,46.7,3426052.0,46.99,0.179657,1.26538,4083.51
688783.SH,20260511,561238,31.95,17931554.0,30.66,0.303081,1.98284,18517.8
688785.SH,20260511,6610,346.99,2293604.0,343.6,0.0519341,0.537143,1272.77
688786.SH,20260511,22306,33.13,738998.0,32.83,0.0155118,0.663931,14380.0
688787.SH,20260511,28400,147.47,4188148.0,143.95,0.0470782,0.984043,6032.52
688788.SH,20260511,15856,59.72,946920.0,59.7,0.0101074,0.671668,15687.4
688789.SH,20260511,0,,0.0,60.72,0.0,0.0,18025.6
688790.SH,20260511,8640,153.01,1322006.0,152.74,0.0716556,0.803156,1205.77
688793.SH,20260511,15087,22.93,345945.0,22.63,0.0175542,0.787791,8594.54
688795.SH,20260511,19073,713.97,13617550.0,703.0,0.064913,0.413205,2938.24
688796.SH,20260511,7000,95.98,671860.0,95.5,0.0195053,0.386342,3588.76
688798.SH,20260511,24315,71.33,1734389.0,70.99,0.0179125,0.700168,13574.3
688799.SH,20260511,85987,61.99,5330334.0,61.99,0.065479,1.87069,13132.0
688800.SH,20260511,39318,123.41,4852234.0,121.0,0.0191166,0.211479,20567.4
688802.SH,20260511,28300,799.0,22611700.0,784.0,0.156018,0.79325,1813.9
688805.SH,20260511,18595,54.85,1019936.0,55.25,0.0589964,0.466959,3151.89
688807.SH,20260511,28210,420.0,11848200.0,400.15,0.187621,1.23122,1503.57
688808.SH,20260511,51453,1170.0,60200010.0,1139.0,0.266649,1.08822,1929.61
688809.SH,20260511,28285,426.98,12077129.0,419.06,0.116146,1.17716,2435.3
688811.SH,20260511,354016,30.0,10620480.0,29.55,0.384273,1.21886,9212.61
688813.SH,20260511,129063,111.0,14325993.0,111.41,0.429109,1.56413,3007.7
688816.SH,20260511,19822,68.35,1354834.0,68.7,0.102789,1.18333,1928.42
688818.SH,20260511,813148,88.81,72215674.0,85.64,0.615945,3.17749,13201.6
688819.SH,20260511,18473,28.59,528143.0,28.45,0.00190032,0.201222,97210.0
688820.SH,20260511,810925,134.6,109150505.0,127.0,0.469007,1.50661,17290.3
688981.SH,20260511,584927,122.99,71940172.0,120.31,0.0292527,0.668091,199956.0
689009.SH,20260511,58886,42.84,2522676.0,43.04,0.105975,0.358399,5556.58
000001.SZ,20260511,874600,11.29,9874234.0,11.3,0.00450695,0.799476,1940560.0
000002.SZ,20260511,1790300,4.0,7161200.0,4.0,0.0184245,1.24593,971694.0
000006.SZ,20260511,276100,9.36,2584296.0,9.45,0.0204521,0.929726,134998.0
000007.SZ,20260511,119900,17.15,2056285.0,17.21,0.0346084,0.800669,34644.8
000008.SZ,20260511,651700,2.82,1837794.0,2.81,0.0239922,1.07812,271630.0
000009.SZ,20260511,157300,8.62,1355926.0,8.62,0.00610632,0.309593,257602.0
000010.SZ,20260511,684100,2.36,1614476.0,2.48,0.0788005,38.7027,86814.2
000011.SZ,20260511,21700,8.06,174902.0,8.05,0.00412175,0.273706,52647.6
000012.SZ,20260511,108900,4.05,441045.0,4.03,0.00555806,0.469815,195932.0
000014.SZ,20260511,24400,13.13,320372.0,13.11,0.0100807,0.32722,24204.6
000016.SZ,20260511,4096000,3.08,12615680.0,3.09,0.256546,6.00095,159659.0
000017.SZ,20260511,51100,6.44,329084.0,6.43,0.011592,0.717326,44082.2
000019.SZ,20260511,245766,7.69,1889940.54,7.65,0.0590491,1.19443,41620.6
000020.SZ,20260511,1145700,14.05,16097085.0,14.42,0.632406,18.3011,18116.5
000021.SZ,20260511,1465400,32.12,47068648.0,31.02,0.0930979,1.4722,157404.0
000025.SZ,20260511,24800,16.05,398040.0,16.05,0.00631399,0.405558,39277.8
000026.SZ,20260511,413100,19.8,8179380.0,19.9,0.113314,2.25378,36456.1
000027.SZ,20260511,133100,7.1,945010.0,7.08,0.00279775,0.316927,475739.0
000028.SZ,20260511,11600,24.57,285012.0,24.53,0.00242651,0.278246,47805.3
000029.SZ,20260511,10200,21.9,223380.0,21.89,0.00114393,0.143435,89166.0
000030.SZ,20260511,83700,5.13,429381.0,5.11,0.00500926,0.577426,167091.0
000031.SZ,20260511,74700,3.1,231570.0,3.09,0.00174276,0.249828,428630.0
000032.SZ,20260511,198400,18.51,3672384.0,18.29,0.0174347,1.01493,113796.0
000034.SZ,20260511,227800,40.55,9237290.0,40.02,0.0375709,0.582819,60632.0
000035.SZ,20260511,283700,6.68,1895116.0,6.59,0.0122653,0.581972,231303.0
000036.SZ,20260511,3779800,5.92,22376416.0,6.07,0.269412,5.80161,140298.0
000037.SZ,20260511,255500,11.22,2866710.0,11.15,0.0753892,0.764796,33890.8
000039.SZ,20260511,253200,12.9,3266280.0,12.81,0.011002,0.299215,230141.0
000042.SZ,20260511,137000,10.06,1378220.0,10.16,0.0206293,0.696599,66410.2
000045.SZ,20260511,86600,12.22,1058252.0,12.27,0.0189488,1.20745,45702.2
000048.SZ,20260511,79300,15.04,1192672.0,15.04,0.0149678,0.574987,52980.3
000049.SZ,20260511,209000,28.5,5956500.0,28.59,0.0543514,1.09993,38453.5
000050.SZ,20260511,235400,7.81,1838474.0,7.77,0.00957799,0.759785,245772.0
000055.SZ,20260511,103800,3.73,387174.0,3.72,0.0153583,0.796355,67585.4
000056.SZ,20260511,1939900,1.67,3239633.0,1.69,0.214654,1.86637,90373.3
000058.SZ,20260511,20600,8.24,169744.0,8.22,0.00209192,0.303642,98473.9
000059.SZ,20260511,125000,5.2,650000.0,5.2,0.00781537,0.294759,159941.0
000060.SZ,20260511,3843900,8.17,31404663.0,7.95,0.0865526,1.13402,444112.0
000061.SZ,20260511,59500,7.42,441490.0,7.42,0.00331603,0.351498,179431.0
000062.SZ,20260511,1144000,36.19,41401360.0,35.54,0.109484,1.0426,104490.0
000063.SZ,20260511,1250700,39.2,49027440.0,38.68,0.0310531,0.898397,402762.0
000065.SZ,20260511,579000,13.23,7660170.0,13.43,0.0593869,1.6154,97496.2
000066.SZ,20260511,16349329,24.52,400885547.08,23.09,0.506869,4.09355,322555.0
000068.SZ,20260511,58800,3.3,194040.0,3.29,0.00584103,0.429564,100667.0
000069.SZ,20260511,303400,2.25,682650.0,2.26,0.00439799,0.491373,689860.0
000070.SZ,20260511,2765900,22.12,61181708.0,21.07,0.311237,2.68513,88867.9
000078.SZ,20260511,544800,2.59,1411032.0,2.73,0.0207526,2.20227,262522.0
000088.SZ,20260511,89300,4.59,409887.0,4.59,0.00282337,0.366807,316289.0
000089.SZ,20260511,69200,6.98,483016.0,6.98,0.0033744,0.523912,205073.0
000090.SZ,20260511,72700,3.54,257358.0,3.54,0.00389096,0.32672,186843.0
000096.SZ,20260511,16500,9.56,157740.0,9.52,0.00322992,0.233071,51084.8
000099.SZ,20260511,56000,18.19,1018640.0,18.22,0.00721863,0.644476,77577.0
000100.SZ,20260511,2930770,4.24,12426464.8,4.22,0.0153187,0.480105,1913200.0
000151.SZ,20260511,30900,12.1,373890.0,12.08,0.0100346,0.328568,30793.5
000153.SZ,20260511,24900,6.47,161103.0,6.45,0.00542639,0.231974,45886.9
000155.SZ,20260511,631794,16.68,10538323.92,16.68,0.0342219,0.529507,184617.0
000156.SZ,20260511,115600,7.61,879716.0,7.6,0.0068005,0.989089,169988.0
000157.SZ,20260511,1283700,7.86,10089882.0,7.78,0.0181578,1.05054,706967.0
000158.SZ,20260511,267700,17.9,4791830.0,17.93,0.0168586,0.835413,158791.0
000159.SZ,20260511,101400,6.59,668226.0,6.56,0.0210956,0.61997,48066.8
000166.SZ,20260511,100000,4.74,474000.0,4.74,0.000443744,0.120974,2253550.0
000301.SZ,20260511,141600,12.85,1819560.0,12.85,0.00214282,0.388803,660813.0
000333.SZ,20260511,203926,80.14,16342629.64,80.4,0.00297435,0.599585,685616.0
000338.SZ,20260511,611900,33.5,20498650.0,33.06,0.0122295,0.442126,500349.0
000400.SZ,20260511,202400,26.56,5375744.0,26.41,0.0200059,0.774275,101170.0
000401.SZ,20260511,69600,4.28,297888.0,4.27,0.00264503,0.287722,263135.0
000402.SZ,20260511,2253163,3.23,7277716.49,3.27,0.0753906,1.41493,298865.0
000403.SZ,20260511,32100,11.74,376854.0,11.71,0.00341241,0.330746,94068.4
000404.SZ,20260511,132300,8.38,1108674.0,8.46,0.0190984,0.390383,69272.8
000407.SZ,20260511,150400,4.68,703872.0,4.67,0.0171734,0.460602,87577.5
000408.SZ,20260511,108200,87.54,9471828.0,87.7,0.0068908,0.690985,157021.0
000409.SZ,20260511,16800,10.38,174384.0,10.37,0.00284513,0.271977,59048.3
000410.SZ,20260511,67000,6.37,426790.0,6.37,0.00339926,0.217797,197102.0
000411.SZ,20260511,7900,10.74,84846.0,10.78,0.00140137,0.227322,56373.6
000415.SZ,20260511,274200,4.8,1316160.0,4.81,0.00508445,0.26994,539291.0
000417.SZ,20260511,231700,7.15,1656655.0,7.02,0.0297422,1.13919,77902.7
000419.SZ,20260511,29500,5.83,171985.0,5.83,0.00542696,0.297158,54358.3
000420.SZ,20260511,1274800,5.57,7100636.0,5.49,0.0518626,0.895597,245804.0
000421.SZ,20260511,41800,6.31,263758.0,6.31,0.00727847,0.370208,57429.6
000422.SZ,20260511,330100,16.2,5347620.0,16.16,0.0312046,0.608907,105786.0
000423.SZ,20260511,46700,53.5,2498450.0,53.66,0.00726452,0.659292,64285.0
000425.SZ,20260511,5383800,10.47,56368386.0,9.97,0.0597588,3.7034,900922.0
000426.SZ,20260511,1425800,49.76,70947808.0,49.75,0.0803175,1.64397,177521.0
000428.SZ,20260511,108600,3.8,412680.0,3.8,0.0106583,0.844647,101893.0
000429.SZ,20260511,48500,12.75,618375.0,12.69,0.00372124,0.680909,130333.0
000430.SZ,20260511,81400,7.9,643060.0,7.93,0.021967,1.41326,37055.6
000488.SZ,20260511,420000,2.5,1050000.0,2.51,0.0247902,1.84104,169422.0
000498.SZ,20260511,74400,5.57,414408.0,5.57,0.00513335,0.387792,144935.0
000501.SZ,20260511,20900,8.35,174515.0,8.36,0.00272057,0.33692,76822.1
000503.SZ,20260511,51300,8.01,410913.0,8.04,0.00523901,0.2693,97919.3
000504.SZ,20260511,104500,9.45,987525.0,9.46,0.0317511,1.46644,32912.2
000505.SZ,20260511,215500,6.85,1476175.0,6.74,0.0340776,1.69767,63238.0
000506.SZ,20260511,147100,16.9,2485990.0,17.12,0.0158392,0.436294,92870.7
000507.SZ,20260511,86300,5.27,454801.0,5.27,0.00956387,0.693188,90235.4
000509.SZ,20260511,1626500,4.03,6554795.0,4.04,0.151567,3.34545,107312.0
000510.SZ,20260511,306100,16.46,5038406.0,16.44,0.0504607,0.562911,60661.0
000513.SZ,20260511,23600,32.05,756380.0,32.03,0.00415391,0.349768,56814.0
000514.SZ,20260511,111100,5.12,568832.0,5.1,0.0131671,0.597575,84377.1
000516.SZ,20260511,123500,4.66,575510.0,4.66,0.00562839,0.492307,219423.0
000517.SZ,20260511,167600,2.06,345256.0,2.06,0.00672556,0.50154,249199.0
000518.SZ,20260511,242000,3.07,742940.0,3.1,0.0235057,1.98106,102954.0
000519.SZ,20260511,215600,18.18,3919608.0,18.12,0.0154823,0.816212,139256.0
000520.SZ,20260511,242300,4.16,1007968.0,4.18,0.0239407,1.20584,101208.0
000521.SZ,20260511,243077,5.83,1417138.91,5.82,0.0277729,2.65826,87523.0
000523.SZ,20260511,122300,3.39,414597.0,3.39,0.00922907,0.442776,132516.0
000524.SZ,20260511,88900,10.16,903224.0,10.14,0.0132693,1.03128,66996.7
000525.SZ,20260511,488700,5.6,2736720.0,5.56,0.0439573,1.74387,111176.0
000526.SZ,20260511,17000,35.69,606730.0,35.54,0.0142308,0.497022,11945.9
000528.SZ,20260511,2976700,10.15,30213505.0,9.73,0.146346,6.70414,203402.0
000529.SZ,20260511,18500,5.68,105080.0,5.67,0.00324627,0.390263,56988.4
000530.SZ,20260511,115400,6.12,706248.0,6.08,0.0192296,0.777945,60011.7
000531.SZ,20260511,108900,7.19,782991.0,7.19,0.0119704,0.405187,90974.5
000532.SZ,20260511,57300,12.88,738024.0,12.79,0.0166788,0.887786,34355.0
000533.SZ,20260511,607600,13.68,8311968.0,13.44,0.0887134,1.01863,68490.2
000534.SZ,20260511,149600,39.1,5849360.0,39.4,0.0298656,0.571936,50091.1
000536.SZ,20260511,134200,4.13,554246.0,4.12,0.00485689,0.383364,276308.0
000537.SZ,20260511,347400,10.85,3769290.0,10.72,0.0168992,0.517914,205572.0
000538.SZ,20260511,63200,52.62,3325584.0,52.62,0.00356471,0.621421,177293.0
000539.SZ,20260511,1697300,7.18,12186614.0,7.09,0.0664205,0.931031,255539.0
000541.SZ,20260511,71600,5.79,414564.0,5.77,0.0058188,1.12358,123049.0
000543.SZ,20260511,336100,8.25,2772825.0,8.24,0.0148267,0.952226,226686.0
000544.SZ,20260511,15400,8.47,130438.0,8.47,0.00158,0.188797,97468.4
000545.SZ,20260511,994800,3.11,3093828.0,3.11,0.100954,1.70195,98540.3
000546.SZ,20260511,3150800,7.82,24639256.0,7.83,0.452243,2.73051,69670.5
000547.SZ,20260511,5247300,28.59,150020307.0,27.59,0.330201,4.02111,158912.0
000548.SZ,20260511,42700,5.32,227164.0,5.32,0.00855341,0.523426,49921.6
000550.SZ,20260511,24300,18.82,457326.0,18.82,0.00468693,0.43397,51846.3
000551.SZ,20260511,233200,16.99,3962068.0,16.99,0.0481274,0.630138,48454.7
000552.SZ,20260511,621200,2.79,1733148.0,2.79,0.0166729,0.572355,372581.0
000553.SZ,20260511,317100,7.09,2248239.0,7.11,0.0145654,0.986304,217707.0
000554.SZ,20260511,250100,8.03,2008303.0,7.94,0.068964,0.938998,36265.3
000555.SZ,20260511,503900,15.05,7583695.0,14.71,0.0517016,2.00705,97463.2
000557.SZ,20260511,42300,4.7,198810.0,4.7,0.0029014,0.523196,145792.0
000558.SZ,20260511,132800,4.2,557760.0,4.19,0.0103051,0.377901,128868.0
000559.SZ,20260511,2155800,17.68,38114544.0,17.68,0.0650444,2.25923,331435.0
000560.SZ,20260511,3116126,3.12,9722313.12,3.14,0.133257,2.65934,233844.0
000561.SZ,20260511,103200,9.92,1023744.0,9.9,0.0132947,0.906923,77624.7
000563.SZ,20260511,214300,3.25,696475.0,3.25,0.00419048,0.517151,511397.0
000564.SZ,20260511,1210400,1.79,2166616.0,1.79,0.00801861,0.426715,1509490.0
000565.SZ,20260511,198100,8.2,1624420.0,8.14,0.0456881,1.12529,43359.2
000566.SZ,20260511,162000,5.05,818100.0,5.05,0.0124929,0.581645,129674.0
000567.SZ,20260511,430400,6.8,2926720.0,6.83,0.0220883,0.470913,194854.0
000568.SZ,20260511,55100,97.45,5369495.0,97.53,0.0037451,0.471892,147126.0
000570.SZ,20260511,185400,6.8,1260720.0,6.68,0.0333638,0.801576,55569.2
000571.SZ,20260511,189830,5.56,1055454.8,5.48,0.0233209,0.991238,81399.2
000572.SZ,20260511,202000,5.67,1145340.0,5.67,0.0123002,0.57502,164225.0
000573.SZ,20260511,128300,4.88,626104.0,4.88,0.0202697,0.424512,63296.5
000576.SZ,20260511,126400,9.03,1141392.0,9.02,0.0291368,1.02765,43381.5
000581.SZ,20260511,85800,20.04,1719432.0,19.99,0.0108073,0.643693,79390.5
000582.SZ,20260511,3586100,13.7,49129570.0,13.67,0.166266,5.42457,215685.0
000586.SZ,20260511,244300,20.08,4905544.0,19.89,0.127779,1.18262,19119.0
000589.SZ,20260511,85900,5.03,432077.0,5.03,0.00556052,0.143293,154482.0
000590.SZ,20260511,16400,11.1,182040.0,11.03,0.00685165,0.42195,23935.9
000591.SZ,20260511,634700,5.3,3363910.0,5.29,0.0161728,0.666085,392450.0
000592.SZ,20260511,3032500,11.45,34722125.0,11.44,0.158347,1.65989,191509.0
000593.SZ,20260511,494800,26.39,13057772.0,26.29,0.138026,0.797821,35848.3
000595.SZ,20260511,299500,6.82,2042590.0,6.84,0.0263029,2.05128,113866.0
000596.SZ,20260511,8500,106.0,901000.0,106.36,0.00208027,0.298202,40860.0
000597.SZ,20260511,103644,4.96,514074.24,4.96,0.00735495,0.858945,140917.0
000598.SZ,20260511,145800,6.75,984150.0,6.74,0.00489389,0.45694,297923.0
000599.SZ,20260511,160400,5.93,951172.0,5.92,0.019639,0.482353,81674.2
000600.SZ,20260511,401500,9.92,3982880.0,9.93,0.0368331,0.655496,109005.0
000601.SZ,20260511,371600,7.33,2723828.0,7.26,0.0354033,0.396533,104962.0
000603.SZ,20260511,211100,40.0,8444000.0,40.17,0.0316626,0.813607,66671.6
000605.SZ,20260511,17500,7.22,126350.0,7.22,0.00496231,0.243491,35265.9
000607.SZ,20260511,21800,4.17,90906.0,4.17,0.00246318,0.146459,88503.3
000608.SZ,20260511,269100,3.88,1044108.0,3.88,0.0361001,1.60462,74542.8
000609.SZ,20260511,1247200,16.48,20553856.0,16.32,0.428505,4.8187,29105.8
000610.SZ,20260511,496400,7.84,3891776.0,7.65,0.210784,4.04179,23550.2
000612.SZ,20260511,515200,13.38,6893376.0,13.23,0.0432142,1.0109,119220.0
000615.SZ,20260511,373840,3.41,1274794.4,3.37,0.0404034,3.60192,92526.8
000617.SZ,20260511,1009200,9.32,9405744.0,9.35,0.00798286,0.775732,1264210.0
000619.SZ,20260511,32800,6.2,203360.0,6.19,0.00911111,0.401024,36000.0
000620.SZ,20260511,7017600,3.15,22105440.0,3.04,0.150214,2.44952,467175.0
000623.SZ,20260511,195900,18.61,3645699.0,18.79,0.0164488,1.26491,119097.0
000625.SZ,20260511,548900,9.26,5082814.0,9.29,0.00663956,0.664763,826711.0
000626.SZ,20260511,335300,9.36,3138408.0,9.43,0.0665659,1.28618,50371.2
000628.SZ,20260511,192900,64.59,12459411.0,64.78,0.100344,1.00804,19223.9
000629.SZ,20260511,970700,3.92,3805144.0,3.9,0.0104484,0.527349,929044.0
000630.SZ,20260511,2996000,6.67,19983320.0,6.67,0.0268869,0.874413,1114300.0
000631.SZ,20260511,991696,3.39,3361849.44,3.39,0.0431172,3.80501,230000.0
000632.SZ,20260511,2143900,3.7,7932430.0,3.63,0.460577,6.8588,46548.2
000633.SZ,20260511,167200,6.94,1160368.0,6.87,0.043417,1.81728,38510.2
000635.SZ,20260511,101700,8.39,853263.0,8.4,0.0277248,1.52453,36682.0
000636.SZ,20260511,422200,26.38,11137636.0,25.87,0.0364905,0.46946,115701.0
000637.SZ,20260511,20100,4.79,96279.0,4.78,0.00551305,0.165355,36458.9
000639.SZ,20260511,3423700,1.79,6128423.0,1.8,0.317178,3.90755,107943.0
000650.SZ,20260511,75100,5.73,430323.0,5.71,0.00564074,0.551575,133139.0
000651.SZ,20260511,188500,39.85,7511725.0,39.91,0.00341361,0.223633,552201.0
000652.SZ,20260511,108000,4.43,478440.0,4.41,0.0073247,0.45878,147446.0
000655.SZ,20260511,36600,8.37,306342.0,8.36,0.00614775,0.496766,59534.0
000656.SZ,20260511,1675900,1.4,2346260.0,1.4,0.0219988,2.23808,761813.0
000657.SZ,20260511,1168400,60.0,70104000.0,60.47,0.0804171,1.03349,145293.0
000659.SZ,20260511,1585100,4.4,6974440.0,4.4,0.123287,4.1101,128570.0
000661.SZ,20260511,56900,87.39,4972491.0,86.59,0.0142387,1.3113,39961.5
000663.SZ,20260511,80900,6.95,562255.0,6.93,0.0264119,0.937606,30630.1
000665.SZ,20260511,210500,4.99,1050395.0,4.99,0.0185117,0.790018,113712.0
000668.SZ,20260511,396600,19.26,7638516.0,18.34,0.270086,19.0433,14684.2
000669.SZ,20260511,86371,4.1,354121.1,4.1,0.012694,0.559519,68040.9
000670.SZ,20260511,588300,8.22,4835826.0,8.06,0.0715813,1.18093,82186.3
000672.SZ,20260511,401040,14.36,5758934.4,14.2,0.0413701,1.46355,96939.5
000676.SZ,20260511,249300,7.6,1894680.0,7.57,0.019801,0.970977,125903.0
000677.SZ,20260511,201700,3.12,629304.0,3.28,0.0233455,1.69682,86397.8
000678.SZ,20260511,1274800,13.4,17082320.0,13.49,0.277365,6.45563,45961.2
000679.SZ,20260511,49900,7.03,350797.0,6.97,0.0140011,0.617887,35640.0
000680.SZ,20260511,344186,12.5,4302325.0,12.07,0.0261802,1.20363,131468.0
000681.SZ,20260511,617200,22.67,13991924.0,22.77,0.0912835,0.977508,67613.5
000682.SZ,20260511,433100,13.54,5864174.0,13.44,0.0323064,1.58626,134060.0
000683.SZ,20260511,185100,8.74,1617774.0,8.66,0.00553841,0.461939,334211.0
000685.SZ,20260511,245200,11.6,2844320.0,11.66,0.019554,1.27787,125396.0
000686.SZ,20260511,337460,8.6,2902156.0,8.62,0.0144186,1.20178,234045.0
000688.SZ,20260511,132500,45.76,6063200.0,45.5,0.0111808,0.432393,118506.0
000690.SZ,20260511,874100,5.58,4877478.0,5.54,0.0401983,0.634305,217447.0
000691.SZ,20260511,34700,8.03,278641.0,8.02,0.0107341,0.557513,32327.0
000692.SZ,20260511,170800,5.14,877912.0,5.14,0.0320551,0.463836,53283.3
000695.SZ,20260511,113500,15.02,1704770.0,15.07,0.0511697,0.862527,22181.1
000697.SZ,20260511,818000,12.37,10118660.0,12.58,0.125247,2.71877,65310.7
000698.SZ,20260511,41100,3.86,158646.0,3.86,0.00523091,0.678228,78571.4
000700.SZ,20260511,2315700,14.03,32489271.0,14.5,0.252251,3.1315,91801.5
000701.SZ,20260511,38200,6.16,235312.0,6.15,0.00572073,0.247774,66774.7
000702.SZ,20260511,47900,7.07,338653.0,7.01,0.0179647,0.529131,26663.5
000703.SZ,20260511,717100,15.63,11208273.0,15.62,0.0188616,0.812269,380191.0
000705.SZ,20260511,16400,8.25,135300.0,8.25,0.00581632,0.149237,28196.5
000707.SZ,20260511,122200,5.86,716092.0,5.85,0.0221898,0.820073,55070.4
000708.SZ,20260511,42600,15.64,666264.0,15.59,0.000844043,0.269938,504714.0
000709.SZ,20260511,489200,2.38,1164296.0,2.38,0.00473324,0.221043,1033540.0
000710.SZ,20260511,526800,10.97,5778996.0,10.99,0.159864,5.72289,32953.0
000711.SZ,20260511,2666400,5.74,15305136.0,5.67,0.111973,2.69521,238129.0
000712.SZ,20260511,111300,10.42,1159746.0,10.37,0.0124256,0.668827,89573.4
000713.SZ,20260511,41100,6.47,265917.0,6.44,0.00669365,0.415336,61401.5
000715.SZ,20260511,187100,5.81,1087051.0,5.87,0.0384955,0.529133,48603.1
000716.SZ,20260511,105200,5.28,555456.0,5.28,0.0142414,0.327256,73868.9
000717.SZ,20260511,70500,2.49,175545.0,2.49,0.00290894,0.366447,242356.0
000718.SZ,20260511,90104,2.16,194624.64,2.16,0.00394876,0.215167,228183.0
000719.SZ,20260511,45400,13.87,629698.0,13.88,0.00680509,0.604872,66714.8
000720.SZ,20260511,14523295,5.77,83799412.15,5.69,1.15582,13.4373,125653.0
000721.SZ,20260511,22028,7.46,164328.88,7.45,0.00429932,0.329355,51236.0
000722.SZ,20260511,121300,14.48,1756424.0,14.55,0.0261333,0.434829,46415.8
000723.SZ,20260511,238600,4.32,1030752.0,4.31,0.00542889,0.368043,439501.0
000725.SZ,20260511,5257100,4.17,21922107.0,4.17,0.0144658,0.798854,3634170.0
000726.SZ,20260511,35000,6.6,231000.0,6.6,0.00593888,0.434483,58933.6
000727.SZ,20260511,966000,2.93,2830380.0,2.93,0.0213265,0.513878,452957.0
000728.SZ,20260511,113800,7.33,834154.0,7.34,0.00260783,0.446481,436378.0
000729.SZ,20260511,121800,12.86,1566348.0,12.92,0.00485335,0.281282,250961.0
000731.SZ,20260511,12600,6.92,87192.0,6.9,0.00229581,0.0831737,54882.6
000733.SZ,20260511,412500,46.03,18987375.0,44.7,0.0744458,2.10515,55409.5
000735.SZ,20260511,63100,6.56,413936.0,6.55,0.00548268,0.273631,115090.0
000736.SZ,20260511,115200,5.68,654336.0,5.68,0.0154197,1.6395,74709.8
000737.SZ,20260511,697600,15.08,10519808.0,15.05,0.0366283,1.25549,190454.0
000738.SZ,20260511,787500,23.03,18136125.0,23.03,0.0598776,2.85096,131518.0
000739.SZ,20260511,13700,17.43,238791.0,17.52,0.00118307,0.121391,115801.0
000750.SZ,20260511,89700,3.92,351624.0,3.93,0.00154756,0.170345,579620.0
000751.SZ,20260511,1128100,6.44,7264964.0,6.45,0.0800145,0.995562,140987.0
000752.SZ,20260511,30100,9.18,276318.0,9.21,0.011412,0.373664,26375.8
000753.SZ,20260511,239500,6.86,1642970.0,6.86,0.0241558,0.575835,99148.1
000755.SZ,20260511,9700,5.04,48888.0,5.03,0.000661074,0.154065,146731.0
000756.SZ,20260511,429700,14.9,6402530.0,14.39,0.0861296,9.94097,49889.9
000757.SZ,20260511,21300,4.89,104157.0,4.9,0.00399838,0.169848,53271.6
000758.SZ,20260511,342700,7.49,2566823.0,7.48,0.0173416,0.630717,197617.0
000759.SZ,20260511,44100,5.51,242991.0,5.51,0.00672557,0.283181,65570.6
000761.SZ,20260511,138500,2.9,401650.0,2.91,0.00373493,0.798564,370824.0
000762.SZ,20260511,601488,38.17,22958796.96,37.43,0.115493,1.09203,52080.1
000766.SZ,20260511,266100,24.95,6639195.0,24.95,0.0275464,0.717733,96600.8
000767.SZ,20260511,1315300,4.24,5576872.0,4.17,0.0451644,0.654309,291225.0
000768.SZ,20260511,1079590,24.75,26719852.5,24.45,0.0388843,2.90562,277641.0
000776.SZ,20260511,1439800,20.41,29386318.0,20.96,0.0243867,2.05238,590405.0
000777.SZ,20260511,47800,20.45,977510.0,20.42,0.012467,0.535,38341.1
000778.SZ,20260511,506100,4.49,2272389.0,4.48,0.0129985,0.683912,389352.0
000779.SZ,20260511,45700,8.95,409015.0,8.89,0.00983276,0.706421,46477.3
000782.SZ,20260511,1229200,8.24,10128608.0,8.23,0.232741,3.56246,52814.0
000783.SZ,20260511,2366500,8.19,19381635.0,8.22,0.0427933,0.966257,553007.0
000785.SZ,20260511,257500,2.57,661775.0,2.57,0.00443623,0.525482,580448.0
000786.SZ,20260511,17700,26.16,463032.0,26.16,0.00104764,0.106992,168951.0
000788.SZ,20260511,179400,6.19,1110486.0,6.2,0.0301013,0.704486,59598.7
000789.SZ,20260511,71700,4.95,354915.0,4.94,0.00899163,1.78149,79740.8
000790.SZ,20260511,478800,4.52,2164176.0,4.5,0.0769015,0.944008,62261.5
000791.SZ,20260511,3372001,9.44,31831689.44,9.2,0.174208,4.0436,193562.0
000792.SZ,20260511,659000,38.4,25305600.0,38.05,0.0124539,0.381006,529153.0
000793.SZ,20260511,129700,2.68,347596.0,2.68,0.00661394,0.506484,196101.0
000795.SZ,20260511,84500,9.47,800215.0,9.43,0.00745359,0.566537,113368.0
000796.SZ,20260511,180900,5.01,906309.0,5.02,0.0135937,0.37276,133076.0
000797.SZ,20260511,104700,2.9,303630.0,2.88,0.0066666,0.342798,157052.0
000798.SZ,20260511,50100,9.5,475950.0,9.5,0.0136947,0.587287,36583.6
000799.SZ,20260511,25900,43.2,1118880.0,43.59,0.00797173,0.367131,32489.8
000800.SZ,20260511,105900,6.65,704235.0,6.64,0.00215207,0.497684,492084.0
000801.SZ,20260511,210900,14.1,2973690.0,14.04,0.0207585,0.939243,101597.0
000802.SZ,20260511,2838800,4.82,13683016.0,4.9,0.396733,4.70647,71554.4
000803.SZ,20260511,44500,8.56,380920.0,8.57,0.00967838,0.213272,45978.8
000807.SZ,20260511,529500,31.86,16869870.0,31.52,0.0152685,0.859879,346792.0
000809.SZ,20260511,117760,4.01,472217.6,4.01,0.0142776,0.485014,82479.1
000810.SZ,20260511,49300,12.97,639421.0,12.97,0.00443902,0.312655,111061.0
000811.SZ,20260511,955500,27.5,26276250.0,26.28,0.0976599,2.11866,97839.6
000812.SZ,20260511,107700,4.11,442647.0,4.1,0.0142436,0.911858,75613.0
000813.SZ,20260511,337300,3.83,1291859.0,3.84,0.0160867,0.767312,209676.0
000815.SZ,20260511,1498900,22.98,34444722.0,22.96,0.215587,1.15844,69526.3
000816.SZ,20260511,115500,3.08,355740.0,3.08,0.00802357,0.290609,143951.0
000818.SZ,20260511,1597863,18.49,29544486.87,18.82,0.242758,2.12796,65821.1
000819.SZ,20260511,13400,16.7,223780.0,16.7,0.00366589,0.181741,36553.2
000820.SZ,20260511,131700,3.82,503094.0,3.82,0.0443484,0.830506,29696.7
000821.SZ,20260511,252300,10.62,2679426.0,10.71,0.0417266,2.25643,60465.1
000822.SZ,20260511,124200,5.63,699246.0,5.63,0.0138757,0.403208,89509.2
000823.SZ,20260511,452900,17.41,7884989.0,17.58,0.0843422,1.16538,53697.9
000825.SZ,20260511,279200,4.38,1222896.0,4.36,0.00490147,0.657822,569625.0
000826.SZ,20260511,3231300,2.13,6882669.0,2.08,0.226733,4.00373,142516.0
000828.SZ,20260511,89200,10.39,926788.0,10.43,0.00858091,1.73864,103952.0
000829.SZ,20260511,113300,11.5,1302950.0,11.51,0.0110631,0.299343,102413.0
000830.SZ,20260511,91800,15.73,1444014.0,15.72,0.00482098,0.202353,190418.0
000831.SZ,20260511,537500,56.0,30100000.0,55.25,0.0506492,1.13418,106122.0
000833.SZ,20260511,768600,27.01,20759886.0,26.51,0.169406,1.0208,45370.2
000837.SZ,20260511,170800,11.8,2015440.0,11.8,0.0169545,0.764879,100740.0
000838.SZ,20260511,2413500,1.9,4585650.0,1.92,0.229036,3.66662,105377.0
000839.SZ,20260511,22393800,3.48,77930424.0,3.36,0.571296,37.234,391983.0
000848.SZ,20260511,83400,9.11,759774.0,9.11,0.00824808,0.310663,101114.0
000850.SZ,20260511,14900,4.52,67348.0,4.5,0.00157943,0.119231,94337.5
000852.SZ,20260511,75600,7.3,551880.0,7.27,0.00799261,0.554311,94587.3
000856.SZ,20260511,67800,10.58,717324.0,10.46,0.0298678,0.536208,22700.0
000858.SZ,20260511,203400,92.03,18718902.0,92.13,0.00524022,0.451125,388151.0
000859.SZ,20260511,131200,9.31,1221472.0,9.29,0.0146441,0.463741,89592.5
000860.SZ,20260511,120300,12.49,1502547.0,12.48,0.016218,1.69,74176.7
000862.SZ,20260511,378400,6.92,2618528.0,6.93,0.0602579,0.904333,62796.7
000863.SZ,20260511,1377800,5.53,7619234.0,5.63,0.118447,3.12423,116322.0
000868.SZ,20260511,61500,4.49,276135.0,4.48,0.00838642,0.738424,73332.9
000869.SZ,20260511,5600,19.31,108136.0,19.31,0.00123047,0.416434,45511.2
000875.SZ,20260511,250100,6.8,1700680.0,6.74,0.00748269,0.472445,334238.0
000876.SZ,20260511,197500,8.7,1718250.0,8.72,0.00438889,0.553005,450000.0
000877.SZ,20260511,128500,4.73,607805.0,4.73,0.00180719,0.780824,711049.0
000878.SZ,20260511,430998,20.5,8835459.0,20.5,0.021511,0.765736,200362.0
000880.SZ,20260511,44500,30.3,1348350.0,30.0,0.0196012,0.177773,22702.7
000881.SZ,20260511,61100,7.98,487578.0,7.93,0.00676085,0.624941,90373.2
000882.SZ,20260511,236900,1.64,388516.0,1.64,0.00866111,0.323077,273521.0
000883.SZ,20260511,252000,4.93,1242360.0,4.94,0.00388914,0.550628,647959.0
000885.SZ,20260511,23700,14.15,335355.0,14.14,0.00369114,0.382323,64207.8
000886.SZ,20260511,151600,5.48,830768.0,5.48,0.0155038,0.597611,97782.8
000887.SZ,20260511,219800,18.52,4070696.0,18.56,0.0167228,0.909986,131437.0
000888.SZ,20260511,75300,11.49,865197.0,11.49,0.0142908,0.74712,52691.3
000889.SZ,20260511,6959840,5.46,38000726.4,5.41,0.800124,4.0451,86984.5
000890.SZ,20260511,1350900,14.12,19074708.0,14.13,0.322033,1.47752,41949.1
000892.SZ,20260511,288800,4.76,1374688.0,4.76,0.0406282,0.680455,71083.6
000893.SZ,20260511,111300,52.99,5897787.0,52.99,0.0137102,0.696219,81180.6
000895.SZ,20260511,45300,26.86,1216758.0,26.89,0.00130766,0.340132,346421.0
000897.SZ,20260511,101680,2.17,220645.6,2.17,0.00628725,0.254989,161724.0
000898.SZ,20260511,152036,2.31,351203.16,2.31,0.00191061,0.391276,795748.0
000899.SZ,20260511,226400,13.65,3090360.0,13.65,0.0232044,0.776707,97567.8
000900.SZ,20260511,83200,4.22,351104.0,4.23,0.00548184,0.510409,151774.0
000901.SZ,20260511,576200,24.98,14393476.0,24.66,0.072188,0.994638,79819.3
000902.SZ,20260511,68300,15.73,1074359.0,15.71,0.00597664,0.372383,114278.0
000903.SZ,20260511,336100,2.19,736059.0,2.18,0.0175028,0.848294,192026.0
000905.SZ,20260511,101300,11.52,1166976.0,11.51,0.0136558,0.762318,74180.8
000906.SZ,20260511,137500,6.66,915750.0,6.71,0.0196081,0.475197,70124.0
000908.SZ,20260511,116200,7.15,830830.0,7.22,0.0132079,0.597907,87977.4
000909.SZ,20260511,430100,4.68,2012868.0,4.69,0.0982613,2.27674,43771.1
000910.SZ,20260511,15100,6.83,103133.0,6.82,0.0027596,0.251394,54718.1
000911.SZ,20260511,532800,5.88,3132864.0,5.79,0.133094,3.35193,40032.0
000912.SZ,20260511,279300,4.5,1256850.0,4.5,0.0178125,0.357034,156800.0
000913.SZ,20260511,19100,13.38,255558.0,13.38,0.00367235,0.338351,52010.3
000915.SZ,20260511,76200,28.88,2200656.0,28.96,0.0325387,1.90911,23418.2
000917.SZ,20260511,295600,9.03,2669268.0,8.95,0.0208542,0.70332,141746.0
000919.SZ,20260511,155600,7.25,1128100.0,7.28,0.0250255,0.699972,62176.7
000920.SZ,20260511,34700,11.92,413624.0,11.88,0.00734238,0.673396,47259.9
000921.SZ,20260511,26800,24.57,658476.0,24.61,0.00291897,0.198641,91813.3
000922.SZ,20260511,50700,15.59,790413.0,15.53,0.00863106,0.312914,58741.3
000923.SZ,20260511,57506,18.1,1040858.6,18.06,0.00915844,0.249137,62790.1
000925.SZ,20260511,2719300,10.6,28824580.0,9.82,0.40391,1.4776,67324.4
000926.SZ,20260511,393700,2.15,846455.0,2.14,0.0250253,0.840966,157321.0
000927.SZ,20260511,469600,2.88,1352448.0,2.88,0.00776153,0.659692,605035.0
000928.SZ,20260511,675000,6.67,4502250.0,6.73,0.0470506,1.76744,143463.0
000929.SZ,20260511,157000,11.3,1774100.0,11.11,0.0845203,4.45914,18575.4
000930.SZ,20260511,94000,5.9,554600.0,5.89,0.00506371,0.476977,185635.0
000931.SZ,20260511,16100,4.71,75831.0,4.7,0.00214372,0.155249,75103.0
000932.SZ,20260511,142900,4.69,670201.0,4.69,0.00208534,0.141542,685261.0
000933.SZ,20260511,245700,31.23,7673211.0,31.0,0.0109325,0.486095,224742.0
000935.SZ,20260511,52100,28.59,1489539.0,28.5,0.00682437,0.613711,76344.0
000936.SZ,20260511,70700,7.65,540855.0,7.64,0.0079807,0.145319,88588.7
000937.SZ,20260511,1133900,5.72,6485908.0,5.81,0.0330256,3.09304,343340.0
000938.SZ,20260511,2416900,33.78,81642882.0,33.17,0.0845048,1.04332,286007.0
000948.SZ,20260511,64600,15.42,996132.0,15.47,0.0166003,0.896191,38914.9
000949.SZ,20260511,261300,7.7,2012010.0,7.67,0.0157747,0.387876,165644.0
000950.SZ,20260511,128100,5.94,760914.0,5.92,0.0074124,0.383283,172818.0
000951.SZ,20260511,66300,22.37,1483131.0,22.34,0.00567154,0.310094,116899.0
000952.SZ,20260511,52920,7.56,400075.2,7.59,0.015384,0.363804,34399.4
000953.SZ,20260511,29800,6.93,206514.0,6.93,0.00813936,0.394564,36612.2
000955.SZ,20260511,58400,5.24,306016.0,5.23,0.0108487,0.518177,53831.3
000957.SZ,20260511,191000,12.01,2293910.0,11.96,0.0322143,1.08215,59290.4
000958.SZ,20260511,207100,6.08,1259168.0,6.08,0.003847,0.496474,538342.0
000959.SZ,20260511,60000,4.54,272400.0,4.54,0.000805195,0.164141,745161.0
000960.SZ,20260511,909781,40.98,37282825.38,40.29,0.0552913,1.13644,164543.0
000962.SZ,20260511,110000,49.08,5398800.0,48.39,0.0219269,0.572098,50166.6
000963.SZ,20260511,81000,33.2,2689200.0,33.26,0.00462062,0.679475,175301.0
000965.SZ,20260511,171000,3.78,646380.0,3.77,0.0154078,0.625115,110983.0
000966.SZ,20260511,527900,4.74,2502246.0,4.74,0.0161857,0.620643,326152.0
000967.SZ,20260511,3903500,15.9,62065650.0,16.3,0.120368,1.40864,324296.0
000968.SZ,20260511,474700,8.6,4082420.0,8.52,0.0490645,1.04694,96750.3
000969.SZ,20260511,155200,22.49,3490448.0,22.2,0.0149037,0.612315,104135.0
000970.SZ,20260511,284100,12.43,3531363.0,12.33,0.0233688,1.25204,121573.0
000972.SZ,20260511,8100,3.88,31428.0,3.88,0.0010502,0.0868804,77128.4
000973.SZ,20260511,544900,19.99,10892551.0,19.88,0.0563249,0.582028,96742.3
000975.SZ,20260511,288600,28.83,8320338.0,29.23,0.0114187,0.591719,252743.0
000977.SZ,20260511,1229100,77.1,94763610.0,76.48,0.0837928,1.3332,146683.0
000978.SZ,20260511,832200,6.76,5625672.0,6.79,0.177775,3.75175,46812.0
000980.SZ,20260511,2198600,2.64,5804304.0,2.64,0.0436014,0.770513,504250.0
000981.SZ,20260511,1358200,3.99,5419218.0,4.0,0.0142768,0.411377,951336.0
000983.SZ,20260511,221930,6.91,1533536.3,6.88,0.00390924,0.195933,567707.0
000985.SZ,20260511,15900,19.99,317841.0,19.88,0.0122648,0.939372,12964.0
000987.SZ,20260511,202100,8.87,1792627.0,8.88,0.00403124,0.364074,501334.0
000988.SZ,20260511,888600,139.98,124386228.0,136.69,0.0884192,0.894735,100499.0
000989.SZ,20260511,86100,9.69,834309.0,9.68,0.0124036,0.511949,69415.4
000990.SZ,20260511,347400,11.34,3939516.0,11.26,0.028587,0.438803,121524.0
000993.SZ,20260511,109000,13.08,1425720.0,12.9,0.0247869,0.584842,43974.8
000995.SZ,20260511,88600,14.12,1251032.0,14.07,0.0499414,0.948564,17740.8
000997.SZ,20260511,289400,21.78,6303132.0,21.64,0.0287263,1.35465,100744.0
000998.SZ,20260511,220700,9.2,2030440.0,9.15,0.0167908,0.849621,131441.0
000999.SZ,20260511,60000,25.65,1539000.0,25.66,0.0036086,0.497704,166269.0
001201.SZ,20260511,6000,13.2,79200.0,13.18,0.00297855,0.128111,20144.0
001202.SZ,20260511,13600,17.44,237184.0,17.44,0.0116414,0.649101,11682.4
001203.SZ,20260511,317800,47.16,14987448.0,47.2,0.0243343,0.778415,130597.0
001205.SZ,20260511,18100,15.59,282179.0,15.58,0.0108719,0.518222,16648.4
001206.SZ,20260511,11000,19.3,212300.0,19.23,0.0102934,0.439858,10686.4
001207.SZ,20260511,14700,18.07,265629.0,18.04,0.00502354,0.239691,29262.2
001208.SZ,20260511,341400,20.78,7094292.0,20.57,0.107111,1.50466,31873.4
001209.SZ,20260511,63300,22.22,1406526.0,22.14,0.0658726,0.956583,9609.46
001210.SZ,20260511,19300,22.66,437338.0,22.61,0.020252,0.431915,9529.9
001211.SZ,20260511,19700,44.5,876650.0,44.25,0.0294045,0.318327,6699.65
001212.SZ,20260511,101600,57.72,5864352.0,57.73,0.0584416,1.37682,17384.9
001213.SZ,20260511,108700,4.01,435887.0,4.0,0.00244575,1.03027,444444.0
001215.SZ,20260511,67100,49.54,3324134.0,49.01,0.0692455,0.69088,9690.16
001216.SZ,20260511,8100,18.4,149040.0,18.28,0.00329867,0.18913,24555.3
001217.SZ,20260511,18300,12.0,219600.0,11.92,0.00557634,0.43604,32817.2
001218.SZ,20260511,79100,27.64,2186324.0,27.27,0.0669992,1.35738,11806.1
001219.SZ,20260511,71800,15.45,1109310.0,15.43,0.0377652,1.18059,19012.2
001220.SZ,20260511,15400,40.15,618310.0,40.11,0.0681155,0.718084,2260.86
001221.SZ,20260511,6500,58.0,377000.0,57.75,0.018051,0.315383,3600.9
001222.SZ,20260511,7700,19.0,146300.0,18.98,0.00681424,0.413974,11299.9
001223.SZ,20260511,7300,59.54,434642.0,59.0,0.0146345,0.480321,4988.2
001225.SZ,20260511,2100,52.15,109515.0,51.87,0.00998157,0.155758,2103.88
001226.SZ,20260511,3500,49.88,174580.0,49.28,0.0103165,0.243649,3392.64
001227.SZ,20260511,244500,2.23,545235.0,2.23,0.00579727,0.478179,421750.0
001228.SZ,20260511,5200,31.1,161720.0,31.14,0.00651102,0.245207,7986.46
001229.SZ,20260511,10600,38.43,407358.0,38.15,0.0201217,0.61152,5267.94
001230.SZ,20260511,16300,28.24,460312.0,28.24,0.0207495,0.647248,7855.63
001231.SZ,20260511,13900,25.45,353755.0,25.46,0.0271895,0.547816,5112.27
001233.SZ,20260511,31200,60.71,1894152.0,60.78,0.0881707,0.967392,3538.59
001234.SZ,20260511,94900,31.15,2956135.0,31.15,0.103732,0.625,9148.55
001236.SZ,20260511,37200,9.62,357864.0,9.65,0.00490715,0.252905,75807.8
001238.SZ,20260511,1600,47.68,76288.0,47.65,0.0015434,0.327452,10366.7
001239.SZ,20260511,1600,15.37,24592.0,15.37,0.00140351,0.0744455,11400.0
001255.SZ,20260511,8000,36.36,290880.0,36.1,0.0112587,0.406129,7105.6
001256.SZ,20260511,11400,25.45,290130.0,25.45,0.0106629,0.319344,10691.3
001257.SZ,20260511,291900,26.21,7650699.0,26.5,0.213147,0.911625,13694.8
001258.SZ,20260511,356000,9.28,3303680.0,9.3,0.0381433,1.12225,93332.4
001259.SZ,20260511,17500,37.95,664125.0,37.56,0.0368076,0.70552,4754.45
001260.SZ,20260511,9900,22.22,219978.0,22.22,0.0086087,0.531144,11500.0
001266.SZ,20260511,91500,43.5,3980250.0,43.22,0.157383,0.903426,5813.85
001267.SZ,20260511,1061200,65.7,69720840.0,62.38,0.17493,1.77857,60664.1
001268.SZ,20260511,19100,40.0,764000.0,39.61,0.0283243,0.414149,6743.33
001269.SZ,20260511,12300,22.52,276996.0,22.52,0.00639253,0.424873,19241.2
001270.SZ,20260511,145700,156.8,22845760.0,156.77,0.0715972,2.12267,20350.0
001277.SZ,20260511,1900,37.95,72105.0,37.82,0.00417129,0.114974,4554.95
001278.SZ,20260511,34100,23.98,817718.0,23.63,0.0399715,0.828821,8531.09
001279.SZ,20260511,100690,32.63,3285514.7,32.15,0.251725,8.54923,4000.0
001280.SZ,20260511,49400,85.35,4216290.0,85.28,0.0312486,0.393863,15808.7
001282.SZ,20260511,20000,21.69,433800.0,21.73,0.025587,0.537849,7816.48
001283.SZ,20260511,33243,73.9,2456657.7,73.85,0.0416899,0.548514,7973.87
001285.SZ,20260511,11600,54.48,631968.0,54.3,0.027954,0.655892,4149.68
001286.SZ,20260511,110200,11.58,1276116.0,11.52,0.00816296,0.454594,135000.0
001287.SZ,20260511,820400,29.77,24423308.0,29.0,0.107962,1.45994,75990.0
001288.SZ,20260511,44500,28.6,1272700.0,28.5,0.0292925,1.332,15191.6
001289.SZ,20260511,126300,17.15,2166045.0,17.15,0.00250499,1.11816,504193.0
001296.SZ,20260511,5200,23.58,122616.0,23.58,0.00674478,0.159584,7709.67
001298.SZ,20260511,878415,24.0,21081960.0,23.55,0.368038,2.29112,23867.5
001299.SZ,20260511,77200,11.32,873904.0,11.29,0.0272912,0.706303,28287.5
001300.SZ,20260511,27100,18.72,507312.0,18.86,0.0111168,0.542394,24377.6
001301.SZ,20260511,13700,82.0,1123400.0,82.25,0.00737573,0.177151,18574.4
001306.SZ,20260511,4000,72.83,291320.0,73.16,0.0258068,0.41025,1549.98
001308.SZ,20260511,9300,20.88,194184.0,20.8,0.00190872,0.431524,48723.7
001309.SZ,20260511,334100,631.11,210853851.0,597.71,0.207096,1.96146,16132.6
001311.SZ,20260511,8200,31.73,260186.0,31.61,0.00601816,0.166775,13625.4
001312.SZ,20260511,178000,25.69,4572820.0,25.51,0.311405,1.88244,5716.03
001313.SZ,20260511,1261000,9.86,12433460.0,9.59,0.180361,5.65181,69915.3
001314.SZ,20260511,39400,57.67,2272198.0,57.84,0.0316747,0.597065,12438.9
001316.SZ,20260511,77500,60.74,4707350.0,60.7,0.0696369,1.40084,11129.2
001317.SZ,20260511,94600,55.22,5223812.0,55.25,0.110667,1.89471,8548.14
001318.SZ,20260511,11000,13.5,148500.0,13.5,0.0038916,0.485308,28266.0
001319.SZ,20260511,13300,25.0,332500.0,25.02,0.0162195,0.533864,8200.01
001322.SZ,20260511,15200,7.29,110808.0,7.29,0.0019348,0.312475,78561.2
001323.SZ,20260511,22500,24.8,558000.0,24.8,0.00722896,2.4409,31124.8
001324.SZ,20260511,18700,20.97,392139.0,20.97,0.0229016,0.453849,8165.36
001325.SZ,20260511,9600,54.34,521664.0,54.35,0.0489796,0.302419,1960.0
001326.SZ,20260511,5500,58.15,319825.0,57.86,0.0228184,0.354673,2410.33
001328.SZ,20260511,17600,32.8,577280.0,32.52,0.0108832,1.08632,16171.7
001330.SZ,20260511,1179400,9.03,10649982.0,9.01,0.101423,0.894327,116285.0
001331.SZ,20260511,38400,50.61,1943424.0,49.99,0.0194798,0.828755,19712.7
001332.SZ,20260511,10200,63.26,645252.0,63.26,0.0212485,0.377758,4800.35
001333.SZ,20260511,161100,25.77,4151547.0,25.77,0.366136,6.02606,4400.0
001335.SZ,20260511,2800,46.99,131572.0,47.1,0.0109615,0.177423,2554.4
001336.SZ,20260511,25800,30.13,777354.0,30.13,0.052308,0.550497,4932.33
001337.SZ,20260511,384487,58.0,22300246.0,59.19,0.0915445,1.84839,42000.0
001338.SZ,20260511,61000,13.4,817400.0,13.33,0.0121579,0.527928,50173.1
001339.SZ,20260511,136400,99.95,13633180.0,100.46,0.109529,0.915982,12453.3
001356.SZ,20260511,43900,11.31,496509.0,11.31,0.0218792,1.15894,20064.7
001358.SZ,20260511,15100,30.28,457228.0,30.02,0.0303844,0.3661,4969.65
001359.SZ,20260511,25900,96.87,2508933.0,93.72,0.055847,0.930348,4637.67
001360.SZ,20260511,17300,22.13,382849.0,22.09,0.0137866,0.655649,12548.4
001366.SZ,20260511,37600,15.22,572272.0,15.28,0.0234005,0.672653,16068.0
001367.SZ,20260511,25400,23.88,606552.0,23.52,0.0208818,0.815195,12163.7
001368.SZ,20260511,16600,30.31,503146.0,30.31,0.0153404,0.670328,10821.1
001369.SZ,20260511,200900,16.47,3308823.0,16.35,0.0999356,1.32622,20102.9
001373.SZ,20260511,12100,40.7,492470.0,40.09,0.0365209,0.577657,3313.17
001376.SZ,20260511,27500,15.94,438350.0,15.88,0.0128653,0.268846,21375.3
001378.SZ,20260511,24000,27.33,655920.0,27.33,0.0369923,1.00483,6487.83
001379.SZ,20260511,8400,22.43,188412.0,22.41,0.0124819,0.279411,6729.77
001380.SZ,20260511,33100,19.51,645781.0,19.56,0.0376122,1.62397,8800.33
001382.SZ,20260511,29900,21.0,627900.0,20.88,0.0474603,0.760696,6300.0
001386.SZ,20260511,9952,19.1,190083.2,19.09,0.00925399,0.241796,10754.3
001387.SZ,20260511,26400,14.59,385176.0,14.54,0.0231761,0.672704,11391.0
001388.SZ,20260511,19800,38.5,762300.0,38.32,0.0634615,1.77132,3120.0
001389.SZ,20260511,82800,177.77,14719356.0,173.0,0.0544787,0.80835,15198.6
001390.SZ,20260511,13300,21.23,282359.0,21.18,0.0266,0.88901,5000.0
001391.SZ,20260511,557400,5.35,2982090.0,5.34,0.0366866,2.83122,151935.0
001395.SZ,20260511,1500,40.49,60735.0,40.37,0.00319898,0.197044,4689.0
001396.SZ,20260511,51900,53.01,2751219.0,50.71,0.233709,1.63958,2220.71
001400.SZ,20260511,58600,225.0,13185000.0,217.27,0.177455,2.68364,3302.25
001696.SZ,20260511,203300,17.81,3620773.0,17.92,0.0228069,0.985846,89139.8
001872.SZ,20260511,19400,22.61,438634.0,22.61,0.000842745,0.53043,230200.0
001896.SZ,20260511,1256000,16.76,21050560.0,16.41,0.0823185,0.742417,152578.0
001914.SZ,20260511,20700,10.57,218799.0,10.57,0.00196448,0.244251,105372.0
001965.SZ,20260511,52500,9.5,498750.0,9.5,0.000772616,0.454171,679510.0
001979.SZ,20260511,295653,9.48,2802790.44,9.43,0.003514,0.374741,841358.0
002001.SZ,20260511,91500,32.37,2961855.0,32.29,0.00301298,0.198583,303686.0
002003.SZ,20260511,29900,9.85,294515.0,9.85,0.00292535,0.260739,102210.0
002004.SZ,20260511,243900,4.89,1192671.0,4.87,0.0129505,0.749964,188332.0
002005.SZ,20260511,85800,2.91,249678.0,2.91,0.00489733,0.680672,175197.0
002006.SZ,20260511,71100,18.4,1308240.0,18.29,0.0136785,0.640731,51979.3
002007.SZ,20260511,131200,14.56,1910272.0,14.54,0.00833961,1.55522,157321.0
002008.SZ,20260511,786719,124.5,97946515.5,122.06,0.0822302,1.50567,95672.7
002009.SZ,20260511,1801500,27.77,50027655.0,26.96,0.50883,6.85467,35404.8
002010.SZ,20260511,33200,5.85,194220.0,5.85,0.00120407,0.149561,275732.0
002011.SZ,20260511,138300,12.41,1716303.0,12.4,0.0130526,0.790824,105956.0
002012.SZ,20260511,24900,7.15,178035.0,7.13,0.00532477,0.180291,46762.5
002014.SZ,20260511,20700,11.55,239085.0,11.45,0.00343458,0.621118,60269.4
002015.SZ,20260511,1612600,20.91,33719466.0,20.38,0.0993393,0.973943,162332.0
002016.SZ,20260511,36900,5.4,199260.0,5.4,0.00456065,0.26339,80909.6
002017.SZ,20260511,58830,20.19,1187777.7,20.18,0.0101416,0.458867,58008.6
002019.SZ,20260511,90300,11.16,1007748.0,11.15,0.0107269,0.887044,84180.8
002020.SZ,20260511,62500,15.06,941250.0,15.05,0.00863297,0.64469,72396.8
002021.SZ,20260511,507600,3.39,1720764.0,3.34,0.0424614,0.968041,119544.0
002022.SZ,20260511,196700,6.12,1203804.0,6.06,0.0382478,2.68218,51427.8
002023.SZ,20260511,526400,13.31,7006384.0,13.25,0.0710525,1.37322,74086.0
002024.SZ,20260511,706600,1.32,932712.0,1.31,0.0076362,1.98828,925329.0
002025.SZ,20260511,229000,76.68,17559720.0,75.7,0.0504548,0.76958,45387.1
002026.SZ,20260511,24400,13.48,328912.0,13.5,0.00553924,0.349652,44049.4
002027.SZ,20260511,746400,6.25,4665000.0,6.25,0.00516819,0.430343,1444220.0
002028.SZ,20260511,92600,198.11,18344986.0,198.1,0.0151633,0.791738,61068.3
002029.SZ,20260511,131300,11.48,1507324.0,11.46,0.0197323,0.738892,66540.6
002030.SZ,20260511,6581900,6.89,45349291.0,6.64,0.468981,20.6556,140345.0
002031.SZ,20260511,9753390,7.36,71784950.4,7.06,0.509683,10.4246,191362.0
002032.SZ,20260511,24900,47.83,1190967.0,47.41,0.00311451,1.41421,79948.4
002033.SZ,20260511,344560,9.22,3176843.2,9.22,0.0627065,0.886962,54948.0
002034.SZ,20260511,78000,18.58,1449240.0,18.37,0.0159788,0.419367,48814.8
002035.SZ,20260511,68100,5.89,401109.0,5.89,0.00870802,0.558787,78203.8
002036.SZ,20260511,2019100,8.59,17344069.0,8.43,0.191299,4.24067,105547.0
002037.SZ,20260511,19600,8.7,170520.0,8.68,0.00405056,0.134446,48388.4
002038.SZ,20260511,382500,6.53,2497725.0,6.5,0.044899,0.916906,85191.1
002039.SZ,20260511,193100,20.22,3904482.0,20.25,0.0451636,1.55956,42755.7
002040.SZ,20260511,440500,10.59,4664895.0,10.71,0.0906238,3.1157,48607.5
002041.SZ,20260511,131800,10.2,1344360.0,10.13,0.0149773,0.949503,88000.0
002042.SZ,20260511,587500,5.28,3102000.0,5.2,0.034545,0.60816,170068.0
002043.SZ,20260511,19400,15.43,299342.0,15.45,0.00240241,0.145673,80752.3
002044.SZ,20260511,6499200,6.26,40684992.0,6.17,0.167755,2.10915,387423.0
002045.SZ,20260511,144209,11.65,1680034.85,11.62,0.0256725,0.799791,56172.5
002046.SZ,20260511,209300,57.91,12120563.0,57.47,0.0395799,1.15812,52880.3
002047.SZ,20260511,157300,5.6,880880.0,5.59,0.0103749,0.620673,151616.0
002048.SZ,20260511,205700,30.1,6191570.0,30.4,0.02898,0.908294,70979.9
002049.SZ,20260511,342640,78.75,26982900.0,77.36,0.0403336,0.925179,84951.5
002050.SZ,20260511,2679300,51.74,138626982.0,51.69,0.0727241,1.55551,368420.0
002051.SZ,20260511,1674422,11.62,19456783.64,11.87,0.135325,2.20021,123734.0
002052.SZ,20260511,129600,11.62,1505952.0,11.58,0.0187993,0.303575,68938.7
002053.SZ,20260511,85200,12.3,1047960.0,12.21,0.0092536,0.601183,92072.3
002054.SZ,20260511,466900,8.85,4132065.0,8.63,0.121585,2.14369,38401.2
002055.SZ,20260511,764100,6.25,4775625.0,6.14,0.128639,3.72853,59399.0
002056.SZ,20260511,231500,19.71,4562865.0,19.64,0.0142459,0.929932,162503.0
002057.SZ,20260511,32100,9.83,315543.0,9.79,0.00426117,0.31746,75331.4
002058.SZ,20260511,23700,26.49,627813.0,26.48,0.0165609,0.700517,14310.8
002059.SZ,20260511,29300,4.82,141226.0,4.83,0.00298053,0.351117,98304.6
002060.SZ,20260511,504300,3.8,1916340.0,3.81,0.0322687,1.32602,156281.0
002061.SZ,20260511,20500,3.91,80155.0,3.91,0.000788723,0.1082,259914.0
002062.SZ,20260511,490100,10.19,4994119.0,9.9,0.043576,1.21321,112470.0
002063.SZ,20260511,239800,6.57,1575486.0,6.54,0.0135574,0.488503,176878.0
002064.SZ,20260511,146000,11.05,1613300.0,11.01,0.00294831,0.300506,495199.0
002065.SZ,20260511,429300,8.85,3799305.0,8.8,0.0147631,0.782371,290792.0
002066.SZ,20260511,43800,23.78,1041564.0,23.33,0.018961,0.988808,23100.0
002067.SZ,20260511,165400,5.02,830308.0,5.04,0.0123654,0.355752,133760.0
002068.SZ,20260511,249100,9.61,2393851.0,9.62,0.0338921,0.973356,73497.9
002069.SZ,20260511,70800,3.9,276120.0,3.88,0.0099688,0.623254,71021.6
002072.SZ,20260511,48500,7.15,346775.0,7.15,0.0131961,0.438578,36753.2
002073.SZ,20260511,81700,6.82,557194.0,6.82,0.00805819,0.328009,101388.0
002074.SZ,20260511,286100,37.35,10685835.0,37.23,0.0164782,0.453596,173623.0
002075.SZ,20260511,195700,4.69,917833.0,4.73,0.00892051,0.546692,219382.0
002076.SZ,20260511,804500,2.32,1866440.0,2.3,0.0771873,1.70043,104227.0
002077.SZ,20260511,280000,17.29,4841200.0,17.09,0.0482469,0.876057,58034.9
002078.SZ,20260511,156200,14.79,2310198.0,14.77,0.00562406,0.718441,277735.0
002079.SZ,20260511,553800,12.4,6867120.0,12.39,0.0683215,0.680447,81058.0
002080.SZ,20260511,258000,63.4,16357200.0,62.4,0.0153743,0.514201,167812.0
002081.SZ,20260511,12181170,6.97,84902754.9,6.8,0.460668,2.79626,264424.0
002082.SZ,20260511,4500,23.21,104445.0,24.43,0.000813373,0.0321154,55325.2
002083.SZ,20260511,267700,11.0,2944700.0,11.03,0.0282884,0.657282,94632.3
002084.SZ,20260511,51233,3.88,198784.04,3.87,0.00794875,0.367063,64454.1
002085.SZ,20260511,182600,14.32,2614832.0,14.3,0.00859983,0.556008,212330.0
002086.SZ,20260511,319900,2.05,655795.0,2.05,0.0202304,0.479206,158129.0
002088.SZ,20260511,10500,10.08,105840.0,10.07,0.00207619,0.24343,50573.4
002090.SZ,20260511,124500,11.25,1400625.0,11.25,0.0315161,1.14356,39503.6
002091.SZ,20260511,2825173,9.79,27658443.67,9.79,0.176773,4.48731,159819.0
002092.SZ,20260511,295100,6.17,1820767.0,6.17,0.0114578,0.441095,257555.0
002093.SZ,20260511,72700,8.82,641214.0,8.78,0.00721588,0.386767,100750.0
002094.SZ,20260511,225700,6.21,1401597.0,6.24,0.0326887,0.986086,69045.4
002095.SZ,20260511,13500,16.76,226260.0,16.72,0.00536335,0.323144,25170.8
002096.SZ,20260511,20900,11.31,236379.0,11.27,0.00168489,0.176915,124044.0
002097.SZ,20260511,111900,10.2,1141380.0,10.17,0.0104323,0.618338,107263.0
002098.SZ,20260511,25200,8.74,220248.0,8.71,0.00703911,0.69978,35800.0
002099.SZ,20260511,93700,6.11,572507.0,6.1,0.00580056,0.238079,161536.0
002100.SZ,20260511,299300,7.66,2292638.0,7.73,0.0219227,0.765971,136525.0
002101.SZ,20260511,16800,10.1,169680.0,10.1,0.00253695,0.269949,66221.2
002102.SZ,20260511,2551400,2.37,6046818.0,2.37,0.117419,6.23261,217290.0
002103.SZ,20260511,33700,8.28,279036.0,8.29,0.00868253,0.420785,38813.6
002104.SZ,20260511,78400,14.91,1168944.0,14.88,0.0130732,0.195561,59970.2
002105.SZ,20260511,38100,6.76,257556.0,6.77,0.0104535,0.452975,36447.1
002106.SZ,20260511,100100,11.07,1108107.0,11.04,0.0142005,0.894057,70490.2
002107.SZ,20260511,97900,7.35,719565.0,7.36,0.0171335,0.491978,57139.4
002108.SZ,20260511,8081000,6.39,51637590.0,5.85,0.490501,6.63243,164750.0
002109.SZ,20260511,989800,3.3,3266340.0,3.47,0.0775541,10.5057,127627.0
002110.SZ,20260511,117700,3.46,407242.0,3.46,0.00484546,0.521472,242908.0
002111.SZ,20260511,68500,11.63,796655.0,11.64,0.0140153,0.222755,48875.1
002112.SZ,20260511,78300,21.19,1659177.0,20.99,0.0298764,0.432241,26208.0
002114.SZ,20260511,108100,9.47,1023707.0,9.45,0.033427,0.95377,32339.1
002115.SZ,20260511,689480,14.88,10259462.4,14.7,0.0916623,0.432763,75219.6
002116.SZ,20260511,12000,9.85,118200.0,9.85,0.00260866,0.268189,46000.7
002117.SZ,20260511,128300,10.68,1370244.0,10.63,0.024506,1.26545,52354.6
002119.SZ,20260511,345230,22.49,7764222.7,22.1,0.0919917,1.2971,37528.4
002120.SZ,20260511,307200,7.88,2420736.0,7.89,0.0109125,0.498911,281513.0
002121.SZ,20260511,59800,7.26,434148.0,7.22,0.00425702,0.203697,140474.0
002122.SZ,20260511,198200,2.95,584690.0,2.95,0.00997122,1.22275,198772.0
002123.SZ,20260511,61500,9.96,612540.0,9.9,0.00853536,0.424523,72053.2
002124.SZ,20260511,1467100,2.59,3799789.0,2.58,0.0743902,1.00685,197217.0
002125.SZ,20260511,202900,15.25,3094225.0,15.27,0.0322313,0.485648,62951.1
002126.SZ,20260511,108800,50.08,5448704.0,49.76,0.0136991,0.497373,79421.5
002127.SZ,20260511,235000,3.07,721450.0,3.06,0.011781,0.498919,199473.0
002128.SZ,20260511,56600,31.18,1764788.0,31.18,0.00252501,0.322321,224157.0
002129.SZ,20260511,1093125,8.95,9783468.75,8.93,0.027059,1.38055,403978.0
002130.SZ,20260511,283900,23.6,6700040.0,23.58,0.0247526,0.637427,114695.0
002131.SZ,20260511,3095700,7.1,21979470.0,7.08,0.0528746,0.67241,585480.0
002132.SZ,20260511,3447700,5.74,19789798.0,5.72,0.246407,2.72032,139919.0
002133.SZ,20260511,103200,3.38,348816.0,3.38,0.0134049,0.461089,76987.0
002134.SZ,20260511,66800,29.45,1967260.0,29.5,0.0271005,0.398982,24649.0
002135.SZ,20260511,348400,9.47,3299348.0,9.35,0.0333758,0.492937,104387.0
002136.SZ,20260511,87400,15.47,1352078.0,15.47,0.0407543,0.463007,21445.6
002137.SZ,20260511,39300,8.52,334836.0,8.49,0.00991278,0.424117,39645.8
002138.SZ,20260511,121900,37.54,4576126.0,37.09,0.0161137,0.317451,75650.0
002139.SZ,20260511,154200,11.34,1748628.0,11.33,0.0143966,0.778698,107109.0
002140.SZ,20260511,244200,11.7,2857140.0,11.7,0.0345422,1.4996,70696.1
002141.SZ,20260511,158000,3.78,597240.0,3.78,0.0152962,0.671943,103294.0
002142.SZ,20260511,173400,31.85,5522790.0,32.05,0.00262749,0.70914,659944.0
002144.SZ,20260511,18600,14.25,265050.0,14.24,0.0135133,0.413409,13764.2
002145.SZ,20260511,263100,4.68,1231308.0,4.65,0.00691191,0.423226,380647.0
002146.SZ,20260511,322000,1.36,437920.0,1.36,0.00823209,0.240706,391152.0
002148.SZ,20260511,56900,8.2,466580.0,8.19,0.0126636,0.433853,44931.8
002149.SZ,20260511,888107,73.8,65542296.6,72.44,0.181937,1.0725,48813.9
002150.SZ,20260511,107200,29.32,3143104.0,28.85,0.0298986,0.720145,35854.5
002151.SZ,20260511,248400,44.51,11056284.0,44.05,0.0560956,0.802949,44281.5
002152.SZ,20260511,302100,12.13,3664473.0,12.15,0.012171,1.30999,248213.0
002153.SZ,20260511,535100,10.6,5672060.0,10.7,0.0334487,1.43925,159976.0
002154.SZ,20260511,344900,4.37,1507213.0,4.36,0.0292344,0.428461,117977.0
002155.SZ,20260511,617600,30.2,18651520.0,30.51,0.0395261,1.10292,156251.0
002156.SZ,20260511,4212099,60.01,252768060.99,57.16,0.277577,3.08065,151745.0
002157.SZ,20260511,2758700,3.45,9517515.0,3.43,0.0354249,0.62466,778746.0
002158.SZ,20260511,103400,31.66,3273644.0,31.39,0.019379,0.48165,53356.7
002159.SZ,20260511,99200,16.16,1603072.0,16.15,0.0716387,2.10359,13847.3
002160.SZ,20260511,155700,5.01,780057.0,5.01,0.0151058,0.766853,103073.0
002161.SZ,20260511,68700,7.2,494640.0,7.19,0.00928869,0.209519,73960.9
002162.SZ,20260511,80300,4.48,359744.0,4.47,0.00874257,0.572666,91849.4
002163.SZ,20260511,110700,12.78,1414746.0,12.71,0.0137764,0.392894,80354.9
002164.SZ,20260511,228200,13.8,3149160.0,13.65,0.0475639,1.39035,47977.5
002165.SZ,20260511,701900,9.08,6373252.0,9.0,0.0964699,1.69523,72758.4
002166.SZ,20260511,101400,9.06,918684.0,9.04,0.0137289,0.861517,73858.5
002167.SZ,20260511,656200,13.85,9088370.0,13.49,0.0864886,2.33015,75871.3
002169.SZ,20260511,334700,13.5,4518450.0,13.31,0.0441164,1.50337,75867.4
002170.SZ,20260511,261000,13.6,3549600.0,13.64,0.0331585,0.83141,78713.0
002171.SZ,20260511,445000,11.97,5326650.0,11.92,0.0275757,1.39949,161374.0
002172.SZ,20260511,204300,3.86,788598.0,3.81,0.026701,1.13996,76514.1
002173.SZ,20260511,196200,24.67,4840254.0,24.75,0.0466183,0.969467,42086.5
002174.SZ,20260511,656000,10.76,7058560.0,10.76,0.0669894,1.36806,97925.9
002175.SZ,20260511,5814689,2.5,14536722.5,2.52,0.455418,10.3026,127678.0
002176.SZ,20260511,1872300,15.58,29170434.0,15.15,0.109914,0.628119,170343.0
002177.SZ,20260511,246300,7.76,1911288.0,7.76,0.0364933,0.590352,67491.9
002178.SZ,20260511,29400,5.9,173460.0,5.91,0.00413047,0.208607,71178.3
002179.SZ,20260511,737900,37.68,27804072.0,36.92,0.0351967,2.02303,209650.0
002180.SZ,20260511,58900,18.41,1084349.0,18.4,0.00432997,0.283092,136029.0
002181.SZ,20260511,1307700,18.35,23996295.0,18.35,0.115263,1.027,113454.0
002182.SZ,20260511,154200,16.66,2568972.0,16.66,0.0178162,0.700327,86550.5
002183.SZ,20260511,5701195,7.11,40535496.45,6.83,0.219531,3.16453,259699.0
002184.SZ,20260511,29587,12.03,355931.61,12.03,0.0123089,0.405532,24037.0
002185.SZ,20260511,2381621,14.01,33366510.21,13.74,0.0729176,1.2026,326618.0
002186.SZ,20260511,66300,10.74,712062.0,10.73,0.0216101,1.29284,30680.2
002187.SZ,20260511,43600,6.24,272064.0,6.24,0.00622062,0.459229,70089.5
002188.SZ,20260511,143700,7.17,1030329.0,7.19,0.0558355,0.862621,25736.3
002189.SZ,20260511,134400,24.0,3225600.0,24.05,0.0514627,1.99305,26116.0
002190.SZ,20260511,34400,30.52,1049888.0,30.51,0.0095894,0.863608,35872.9
002191.SZ,20260511,948200,3.96,3754872.0,3.88,0.0658237,3.27605,144051.0
002192.SZ,20260511,644132,99.96,64387434.72,99.1,0.248587,1.55948,25911.8
002193.SZ,20260511,406600,5.59,2272894.0,5.88,0.15536,5.7892,26171.4
002194.SZ,20260511,1081397,12.61,13636416.17,12.73,0.211674,2.63891,51087.9
002195.SZ,20260511,768475,9.11,7000807.25,9.1,0.0136743,0.394004,561985.0
002196.SZ,20260511,355000,15.01,5328550.0,15.07,0.0726848,1.07362,48841.0
002197.SZ,20260511,256700,8.76,2248692.0,8.62,0.0480712,1.23995,53400.0
002198.SZ,20260511,1406200,4.76,6693512.0,5.01,0.277095,7.16737,50748.0
002199.SZ,20260511,167800,12.43,2085754.0,12.02,0.0726621,1.73353,23093.2
002200.SZ,20260511,17400,7.85,136590.0,7.89,0.00888998,0.928337,19572.6
002201.SZ,20260511,441000,14.6,6438600.0,14.52,0.073253,0.533463,60202.3
002202.SZ,20260511,1778200,28.9,51389980.0,28.49,0.0528675,0.691753,336350.0
002203.SZ,20260511,485100,22.13,10735263.0,22.11,0.021929,0.574908,221214.0
002204.SZ,20260511,160500,6.75,1083375.0,6.76,0.00831016,0.526952,193137.0
002205.SZ,20260511,66300,14.14,937482.0,14.06,0.0356752,1.90529,18584.3
002206.SZ,20260511,49000,6.19,303310.0,6.16,0.00463648,0.329742,105684.0
002207.SZ,20260511,211700,8.35,1767695.0,7.95,0.0811696,0.555921,26081.2
002208.SZ,20260511,605700,14.42,8734194.0,14.13,0.0754229,1.31859,80307.2
002209.SZ,20260511,141500,14.99,2121085.0,14.82,0.0905235,0.843888,15631.3
002210.SZ,20260511,4355908,3.22,14026023.76,3.23,0.164048,1.2704,265527.0
002211.SZ,20260511,544500,3.87,2107215.0,3.79,0.125903,4.59378,43247.6
002212.SZ,20260511,217900,7.72,1682188.0,7.66,0.0186743,0.560969,116684.0
002213.SZ,20260511,748600,43.42,32504212.0,43.15,0.36228,1.72769,20663.6
002214.SZ,20260511,60500,19.16,1159180.0,19.16,0.0126459,0.870324,47841.7
002215.SZ,20260511,254900,10.6,2701940.0,10.55,0.0317438,1.1785,80299.3
002216.SZ,20260511,38810,14.15,549161.5,14.16,0.00615541,0.32862,63050.2
002217.SZ,20260511,13589800,3.56,48379688.0,3.43,0.18669,1.43762,727932.0
002218.SZ,20260511,533200,5.98,3188536.0,5.91,0.0384239,0.414848,138768.0
002219.SZ,20260511,457700,2.38,1089326.0,2.39,0.0139889,0.483243,327187.0
002221.SZ,20260511,48500,7.82,379270.0,7.8,0.00331989,0.220151,146089.0
002222.SZ,20260511,1263300,114.0,144016200.0,108.24,0.269848,2.93206,46815.2
002223.SZ,20260511,61200,30.08,1840896.0,30.0,0.00649479,0.635755,94229.4
002224.SZ,20260511,220300,4.3,947290.0,4.32,0.0273196,1.35397,80638.0
002225.SZ,20260511,275800,4.86,1340388.0,4.86,0.0290737,0.281947,94862.2
002226.SZ,20260511,52300,5.46,285558.0,5.45,0.00197439,0.349529,264892.0
002227.SZ,20260511,143000,8.8,1258400.0,8.75,0.058145,1.50579,24593.7
002228.SZ,20260511,131700,3.97,522849.0,3.98,0.0108904,0.575302,120932.0
002229.SZ,20260511,492000,18.62,9161040.0,18.5,0.0997656,0.828571,49315.6
002230.SZ,20260511,601194,50.0,30059700.0,49.91,0.0274606,1.09258,218929.0
002232.SZ,20260511,32400,18.19,589356.0,18.2,0.00793052,0.743381,40854.8
002233.SZ,20260511,4800,8.88,42624.0,8.85,0.000409112,0.0290982,117327.0
002234.SZ,20260511,27200,8.53,232016.0,8.51,0.00902429,0.483278,30140.9
002235.SZ,20260511,600900,12.36,7427124.0,12.35,0.108548,0.709612,55357.8
002236.SZ,20260511,303649,18.22,5532484.78,18.17,0.012699,0.644086,239113.0
002237.SZ,20260511,261000,17.1,4463100.0,17.14,0.0218894,0.765592,119236.0
002238.SZ,20260511,35400,7.38,261252.0,7.39,0.00441089,0.497746,80255.9
002239.SZ,20260511,198500,2.93,581605.0,2.92,0.00740018,0.312934,268237.0
002240.SZ,20260511,906800,58.66,53192888.0,57.52,0.0993308,1.18729,91290.9
002241.SZ,20260511,748600,25.7,19239020.0,25.5,0.0238211,0.823483,314259.0
002242.SZ,20260511,256300,11.28,2891064.0,11.27,0.033649,1.02233,76168.6
002243.SZ,20260511,62000,8.86,549320.0,8.75,0.00514889,0.459516,120414.0
002244.SZ,20260511,308100,10.82,3333642.0,10.8,0.011173,0.663716,275755.0
002245.SZ,20260511,436600,22.49,9819134.0,22.03,0.0402196,0.569977,108554.0
002246.SZ,20260511,99500,24.19,2406905.0,24.26,0.0181227,0.422803,54903.5
002247.SZ,20260511,334900,2.95,987955.0,2.94,0.0520402,1.23153,64354.1
002248.SZ,20260511,201500,13.5,2720250.0,13.56,0.0655294,0.83435,30749.6
002249.SZ,20260511,602400,9.7,5843280.0,9.8,0.0323568,1.01835,186174.0
002250.SZ,20260511,35600,17.01,605556.0,16.9,0.00397776,0.176814,89497.6
002251.SZ,20260511,177500,4.13,733075.0,4.12,0.00824633,0.359509,215247.0
002252.SZ,20260511,199800,5.67,1132866.0,5.68,0.00301186,0.658581,663378.0
002253.SZ,20260511,148500,12.05,1789425.0,11.83,0.0707315,1.81269,20994.9
002254.SZ,20260511,76200,11.76,896112.0,11.63,0.00895872,0.271155,85056.8
002255.SZ,20260511,114900,11.44,1314456.0,11.33,0.0180102,0.469457,63797.2
002256.SZ,20260511,16781900,5.53,92803907.0,5.28,0.852927,8.32308,196757.0
002258.SZ,20260511,37520,12.41,465623.2,12.38,0.004695,0.234253,79914.9
002259.SZ,20260511,1471600,5.89,8667724.0,5.84,0.195606,2.36713,75232.8
002261.SZ,20260511,2053900,36.28,74515492.0,35.87,0.179207,1.69213,114611.0
002262.SZ,20260511,29700,21.87,649539.0,21.89,0.00336001,0.26029,88392.7
002263.SZ,20260511,785500,4.35,3416925.0,4.35,0.0418187,0.456926,187835.0
002264.SZ,20260511,151800,8.7,1320660.0,8.69,0.0231833,0.704001,65478.3
002265.SZ,20260511,141200,24.0,3388800.0,23.92,0.0136684,1.37759,103304.0
002266.SZ,20260511,698600,5.63,3933118.0,5.65,0.0144262,0.274986,484259.0
002267.SZ,20260511,51700,7.96,411532.0,7.96,0.00464897,0.380371,111208.0
002268.SZ,20260511,58600,16.55,969830.0,16.39,0.00693282,0.69683,84525.4
002269.SZ,20260511,157900,1.68,265272.0,1.69,0.00673713,0.176627,234373.0
002270.SZ,20260511,94400,24.88,2348672.0,24.64,0.0105332,0.348874,89621.1
002271.SZ,20260511,159800,16.22,2591956.0,16.22,0.00834686,0.265312,191449.0
002272.SZ,20260511,245500,19.7,4836350.0,19.53,0.0601519,0.459227,40813.3
002273.SZ,20260511,2791500,38.0,106077000.0,36.17,0.204944,4.06596,136208.0
002274.SZ,20260511,122500,6.34,776650.0,6.33,0.0130618,0.400236,93784.9
002275.SZ,20260511,9400,14.47,136018.0,14.49,0.0016873,0.312814,55710.3
002276.SZ,20260511,154600,13.91,2150486.0,13.81,0.0153512,0.600204,100709.0
002277.SZ,20260511,122700,6.25,766875.0,6.26,0.00880092,0.415787,139417.0
002278.SZ,20260511,47600,10.78,513128.0,10.74,0.0143049,0.439637,33275.3
002279.SZ,20260511,716100,8.17,5850537.0,8.14,0.0906965,1.7768,78955.6
002281.SZ,20260511,1416300,188.0,266264400.0,180.72,0.181694,1.96928,77949.9
002282.SZ,20260511,40000,6.96,278400.0,6.96,0.00792072,0.78248,50500.5
002283.SZ,20260511,462300,11.38,5260974.0,11.35,0.0460997,0.831638,100283.0
002284.SZ,20260511,71200,13.43,956216.0,13.42,0.00974155,0.249227,73088.9
002285.SZ,20260511,281751,3.13,881880.63,3.15,0.0142642,0.430656,197524.0
002286.SZ,20260511,84500,10.41,879645.0,10.34,0.022857,0.886648,36969.0
002287.SZ,20260511,3200,23.02,73664.0,23.01,0.000560474,0.200893,57094.5
002289.SZ,20260511,271700,44.0,11954800.0,42.33,0.0990048,11.8576,27443.1
002290.SZ,20260511,279700,95.15,26613455.0,90.4,0.113149,1.81432,24719.6
002291.SZ,20260511,353800,6.86,2427068.0,6.91,0.0407076,0.693003,86912.5
002292.SZ,20260511,208700,8.16,1702992.0,8.13,0.0205036,0.612156,101787.0
002293.SZ,20260511,22700,10.73,243571.0,10.7,0.00274625,0.170441,82658.3
002294.SZ,20260511,598800,45.7,27365160.0,47.9,0.053725,4.11188,111457.0
002295.SZ,20260511,31900,11.83,377377.0,11.83,0.0127382,0.539823,25042.7
002296.SZ,20260511,176000,11.92,2097920.0,11.9,0.0506731,1.2558,34732.4
002297.SZ,20260511,2418100,26.46,63982926.0,25.71,0.42193,1.26274,57310.5
002298.SZ,20260511,583400,11.12,6487408.0,11.09,0.0882927,1.06736,66075.7
002299.SZ,20260511,53000,18.31,970430.0,18.31,0.00434805,0.453045,121894.0
002300.SZ,20260511,178200,9.97,1776654.0,9.86,0.0246714,0.516739,72229.5
002301.SZ,20260511,102600,7.27,745902.0,7.27,0.0142899,0.50084,71799.0
002302.SZ,20260511,521200,5.61,2923932.0,5.67,0.0412879,4.79831,126235.0
002303.SZ,20260511,45600,3.51,160056.0,3.52,0.0047162,0.201372,96688.1
002304.SZ,20260511,34500,48.23,1663935.0,48.3,0.00229021,0.586103,150641.0
002305.SZ,20260511,1967503,2.37,4662982.11,2.33,0.113459,8.20139,173410.0
002306.SZ,20260511,18400,2.29,42136.0,2.29,0.00226055,0.140069,81396.0
002307.SZ,20260511,574500,4.44,2550780.0,4.45,0.0452972,3.09539,126829.0
002309.SZ,20260511,1608600,4.64,7463904.0,4.61,0.0668542,0.3773,240613.0
002310.SZ,20260511,2418700,3.16,7643092.0,3.22,0.0562618,0.696783,429901.0
002311.SZ,20260511,47600,46.82,2228632.0,46.5,0.00289511,0.369766,164415.0
002312.SZ,20260511,233400,10.92,2548728.0,10.87,0.0123897,0.623602,188382.0
002313.SZ,20260511,225600,10.24,2310144.0,10.18,0.0602606,0.605085,37437.4
002314.SZ,20260511,78800,2.5,197000.0,2.51,0.00588796,0.199525,133832.0
002315.SZ,20260511,111400,32.84,3658376.0,32.84,0.0423714,1.10409,26291.3
002316.SZ,20260511,194300,5.64,1095852.0,5.64,0.0570154,1.01236,34078.5
002317.SZ,20260511,3891000,23.0,89493000.0,22.54,0.510886,9.30348,76161.7
002318.SZ,20260511,24500,29.86,731570.0,29.83,0.00256628,0.174992,95468.9
002319.SZ,20260511,27100,11.94,323574.0,11.93,0.01355,0.354895,20000.0
002320.SZ,20260511,134400,8.66,1163904.0,8.65,0.00601128,0.705696,223580.0
002321.SZ,20260511,180100,2.13,383613.0,2.13,0.00847982,0.59117,212387.0
002322.SZ,20260511,25900,12.21,316239.0,12.21,0.00737053,0.386115,35140.0
002323.SZ,20260511,569100,1.36,773976.0,1.43,0.0268381,25.862,212049.0
002324.SZ,20260511,616600,16.0,9865600.0,15.72,0.0794305,1.72903,77627.6
002326.SZ,20260511,272000,23.7,6446400.0,23.7,0.0336567,0.4532,80815.9
002327.SZ,20260511,30300,7.39,223917.0,7.4,0.00617129,0.365185,49098.3
002328.SZ,20260511,1356600,11.3,15329580.0,11.08,0.23767,1.6893,57079.1
002329.SZ,20260511,132500,4.42,585650.0,4.41,0.0203348,0.302785,65159.3
002330.SZ,20260511,87600,4.71,412596.0,4.71,0.013792,0.69825,63514.9
002331.SZ,20260511,178200,9.72,1732104.0,9.72,0.0450168,0.710383,39585.2
002332.SZ,20260511,20500,8.83,181015.0,8.83,0.00208212,0.285504,98457.4
002333.SZ,20260511,13100,5.53,72443.0,5.53,0.00196546,0.105498,66650.9
002334.SZ,20260511,2842000,8.88,25236960.0,8.32,0.38666,11.7786,73501.2
002335.SZ,20260511,664110,69.53,46175568.3,68.23,0.146064,1.82301,45466.9
002337.SZ,20260511,53900,6.3,339570.0,6.28,0.00916672,0.57025,58799.7
002338.SZ,20260511,31500,63.0,1984500.0,62.01,0.013125,0.41686,24000.0
002339.SZ,20260511,341500,10.4,3551600.0,10.14,0.071336,1.99562,47872.0
002340.SZ,20260511,516600,9.22,4763052.0,9.25,0.010178,0.140129,507566.0
002342.SZ,20260511,6286341,21.63,135973555.83,22.11,0.658469,2.5617,95469.0
002343.SZ,20260511,47600,6.32,300832.0,6.32,0.010049,0.378291,47368.0
002344.SZ,20260511,30300,4.44,134532.0,4.43,0.00236484,0.222042,128127.0
002345.SZ,20260511,142200,10.48,1490256.0,10.49,0.016397,0.498162,86722.9
002346.SZ,20260511,3600,18.29,65844.0,18.29,0.000918102,0.0936429,39211.3
002347.SZ,20260511,209800,8.65,1814770.0,8.55,0.0425228,1.13031,49338.3
002348.SZ,20260511,187500,12.65,2371875.0,12.37,0.0207519,0.408096,90353.3
002349.SZ,20260511,88300,7.45,657835.0,7.43,0.0108453,0.686052,81418.1
002350.SZ,20260511,681700,17.06,11629802.0,16.7,0.128489,1.8419,53055.0
002351.SZ,20260511,41600,11.46,476736.0,11.38,0.00798377,0.704132,52105.7
002352.SZ,20260511,139700,37.8,5280660.0,37.7,0.00292871,0.460328,477001.0
002353.SZ,20260511,95800,146.4,14025120.0,146.38,0.0138632,0.48339,69103.9
002354.SZ,20260511,4919700,6.38,31387686.0,6.35,0.302622,3.09966,162569.0
002355.SZ,20260511,222300,6.71,1491633.0,6.68,0.0359612,0.628105,61816.7
002356.SZ,20260511,338300,3.48,1177284.0,3.5,0.0257999,0.598603,131125.0
002357.SZ,20260511,47300,12.61,596453.0,12.36,0.0150888,0.335003,31347.8
002358.SZ,20260511,328500,7.65,2513025.0,7.57,0.0353319,1.08772,92975.6
002360.SZ,20260511,791800,6.12,4845816.0,6.22,0.243242,2.52054,32552.0
002361.SZ,20260511,5198590,21.65,112549473.5,21.9,0.642579,2.0246,80901.9
002362.SZ,20260511,25400,19.35,491490.0,19.32,0.0122354,0.623257,20759.4
002363.SZ,20260511,78800,8.64,680832.0,8.61,0.0189533,0.956973,41575.8
002364.SZ,20260511,463300,45.48,21070884.0,45.15,0.0830132,0.790553,55810.4
002365.SZ,20260511,49900,13.98,697602.0,14.02,0.0203434,0.563669,24528.8
002366.SZ,20260511,344900,7.59,2617791.0,7.57,0.0186396,0.59074,185036.0
002367.SZ,20260511,46300,6.22,287986.0,6.21,0.00582701,0.456031,79457.6
002368.SZ,20260511,113900,17.68,2013752.0,17.61,0.0183645,0.611532,62021.8
002369.SZ,20260511,145800,7.56,1102248.0,7.52,0.0257505,1.23253,56620.4
002370.SZ,20260511,67200,6.69,449568.0,6.68,0.00901206,0.32294,74566.8
002371.SZ,20260511,99900,549.98,54943002.0,540.79,0.0137935,0.834018,72425.3
002372.SZ,20260511,33500,10.5,351750.0,10.49,0.00227758,0.283848,147086.0
002373.SZ,20260511,49700,9.32,463204.0,9.28,0.00360776,0.180287,137759.0
002374.SZ,20260511,258400,3.21,829464.0,3.19,0.0238111,1.23956,108521.0
002375.SZ,20260511,154400,4.32,667008.0,4.29,0.0116003,0.705023,133100.0
002376.SZ,20260511,88600,7.44,659184.0,7.42,0.011256,0.676178,78713.3
002377.SZ,20260511,165800,3.63,601854.0,3.66,0.0190045,0.298092,87242.3
002378.SZ,20260511,629200,33.57,21122244.0,33.58,0.0526474,0.574183,119512.0
002379.SZ,20260511,73100,23.68,1731008.0,23.68,0.00643274,0.233827,113637.0
002380.SZ,20260511,23400,36.33,850122.0,36.21,0.0164552,0.280134,14220.4
002381.SZ,20260511,26700,6.73,179691.0,6.73,0.00833342,0.376126,32039.7
002382.SZ,20260511,75200,7.12,535424.0,7.08,0.00753977,0.208195,99737.8
002383.SZ,20260511,315000,9.83,3096450.0,9.73,0.0425469,2.15422,74036.0
002384.SZ,20260511,1401300,212.0,297075600.0,211.39,0.10108,1.55325,138632.0
002385.SZ,20260511,422200,3.85,1625470.0,3.85,0.011982,0.724687,352362.0
002386.SZ,20260511,161200,6.69,1078428.0,6.68,0.0123866,0.193612,130140.0
002387.SZ,20260511,72700,8.21,596867.0,8.21,0.0052116,0.653799,139496.0
002388.SZ,20260511,226100,5.61,1268421.0,5.59,0.0446725,0.991914,50612.8
002389.SZ,20260511,308600,22.96,7085456.0,22.94,0.0313375,1.13058,98476.1
002390.SZ,20260511,140200,3.33,466866.0,3.33,0.00727257,0.352968,192779.0
002391.SZ,20260511,25300,6.5,164450.0,6.51,0.00545143,0.250964,46409.8
002392.SZ,20260511,221100,9.71,2146881.0,9.7,0.0191007,0.420827,115755.0
002393.SZ,20260511,9200,16.49,151708.0,16.5,0.00306445,0.291096,30021.7
002394.SZ,20260511,105800,13.01,1376458.0,13.01,0.0327431,0.963686,32312.1
002395.SZ,20260511,28900,20.02,578578.0,20.15,0.0107761,0.239336,26818.6
002396.SZ,20260511,385400,29.79,11481066.0,28.92,0.0660746,1.60335,58328.0
002397.SZ,20260511,1724300,5.6,9656080.0,5.52,0.266158,4.38187,64784.8
002398.SZ,20260511,163200,5.15,840480.0,5.12,0.0267761,1.17681,60949.9
002399.SZ,20260511,7200,10.88,78336.0,10.88,0.000577292,0.149336,124720.0
002400.SZ,20260511,1587900,9.64,15307356.0,9.59,0.0919901,0.962633,172616.0
002401.SZ,20260511,32700,15.35,501945.0,15.31,0.00880572,0.44256,37135.0
002402.SZ,20260511,626500,33.48,20975220.0,33.44,0.0770018,1.47552,81361.8
002403.SZ,20260511,68200,11.67,795894.0,11.67,0.0229505,0.834177,29716.1
002404.SZ,20260511,37300,7.14,266322.0,7.15,0.00818802,0.336993,45554.3
002405.SZ,20260511,177500,9.45,1677375.0,9.42,0.00753528,0.299678,235559.0
002406.SZ,20260511,553300,8.26,4570258.0,8.28,0.0918778,1.1424,60221.3
002407.SZ,20260511,2592961,34.95,90623986.95,34.99,0.240363,1.42882,107877.0
002408.SZ,20260511,126841,5.99,759777.59,5.98,0.00461056,0.265893,275110.0
002409.SZ,20260511,322700,92.78,29940106.0,88.86,0.101311,2.13213,31852.3
002410.SZ,20260511,257677,11.22,2891135.94,11.12,0.0164113,0.724745,157012.0
002412.SZ,20260511,288300,7.25,2090175.0,7.19,0.0579096,0.975879,49784.5
002413.SZ,20260511,1697900,14.1,23940390.0,13.9,0.131068,1.68691,129543.0
002414.SZ,20260511,346800,15.03,5212404.0,15.01,0.0102042,0.318625,339861.0
002415.SZ,20260511,443700,35.8,15884460.0,35.55,0.00490471,0.569112,904640.0
002416.SZ,20260511,390420,13.85,5407317.0,13.95,0.0318996,1.31739,122390.0
002418.SZ,20260511,703100,6.28,4415468.0,6.27,0.061871,0.44399,113640.0
002419.SZ,20260511,95200,5.46,519792.0,5.47,0.0081458,0.561969,116870.0
002420.SZ,20260511,68300,7.43,507469.0,7.34,0.0170938,0.589105,39955.9
002421.SZ,20260511,361500,3.03,1095345.0,3.02,0.0180445,0.415993,200338.0
002422.SZ,20260511,68600,33.41,2291926.0,33.17,0.00528255,0.418904,129861.0
002423.SZ,20260511,143500,10.17,1459395.0,10.19,0.00622801,1.1141,230411.0
002424.SZ,20260511,73100,4.98,364038.0,4.97,0.00602532,0.663666,121321.0
002425.SZ,20260511,234500,3.65,855925.0,3.65,0.025484,0.679432,92018.6
002426.SZ,20260511,599800,4.04,2423192.0,4.03,0.0176277,0.426559,340260.0
002427.SZ,20260511,199700,5.95,1188215.0,5.88,0.020284,0.824492,98451.8
002428.SZ,20260511,1961412,88.5,173584962.0,86.07,0.300353,1.90034,65303.6
002429.SZ,20260511,1120200,12.92,14472984.0,12.69,0.0247595,0.71721,452433.0
002430.SZ,20260511,191380,30.05,5750969.0,29.86,0.0195698,0.657563,97793.8
002431.SZ,20260511,3301300,1.7,5612210.0,1.79,0.183161,69.4931,180240.0
002432.SZ,20260511,191100,76.87,14689857.0,76.13,0.0411419,0.55716,46449.0
002434.SZ,20260511,116900,7.78,909482.0,7.76,0.00891468,0.541353,131132.0
002436.SZ,20260511,2220200,33.2,73710640.0,32.01,0.146265,1.42674,151793.0
002437.SZ,20260511,405500,3.31,1342205.0,3.32,0.0194387,0.487118,208605.0
002438.SZ,20260511,47500,17.4,826500.0,17.21,0.0101305,0.543991,46888.1
002439.SZ,20260511,727700,16.71,12159867.0,16.63,0.0998766,1.13559,72859.9
002440.SZ,20260511,134100,10.8,1448280.0,10.72,0.0141701,0.240664,94635.9
002441.SZ,20260511,19500,10.28,200460.0,10.24,0.00489269,0.169315,39855.4
002442.SZ,20260511,64700,6.39,413433.0,6.37,0.0131327,0.27207,49266.3
002443.SZ,20260511,335100,11.97,4011147.0,11.81,0.0645593,0.919587,51905.8
002444.SZ,20260511,197400,36.8,7264320.0,36.5,0.0172142,1.04125,114673.0
002445.SZ,20260511,2037800,3.95,8049310.0,3.95,0.0861173,0.999294,236631.0
002446.SZ,20260511,489391,10.99,5378407.09,10.77,0.0577264,1.41951,84777.7
002448.SZ,20260511,133200,16.28,2168496.0,16.3,0.0229454,0.456863,58050.9
002449.SZ,20260511,45900,8.21,376839.0,8.19,0.00742145,0.366384,61847.7
002451.SZ,20260511,103500,10.06,1041210.0,10.0,0.0235683,0.782775,43914.9
002452.SZ,20260511,403500,11.51,4644285.0,11.43,0.0783121,1.44374,51524.6
002453.SZ,20260511,661600,6.25,4135000.0,6.29,0.109782,1.20967,60265.0
002454.SZ,20260511,58900,9.64,567796.0,9.59,0.00939475,0.323982,62694.6
002455.SZ,20260511,818600,10.46,8562556.0,10.37,0.123878,1.26764,66081.2
002456.SZ,20260511,622300,9.0,5600700.0,8.96,0.0187587,1.12444,331740.0
002457.SZ,20260511,658700,11.96,7878052.0,11.59,0.197647,2.60074,33327.0
002458.SZ,20260511,72000,11.55,831600.0,11.55,0.0096145,0.344796,74886.9
002459.SZ,20260511,250600,10.93,2739058.0,10.94,0.00758066,0.426872,330578.0
002460.SZ,20260511,406620,86.0,34969320.0,84.77,0.0335712,0.449862,121122.0
002461.SZ,20260511,106500,10.22,1088430.0,10.28,0.00481176,0.696985,221333.0
002462.SZ,20260511,17900,13.9,248810.0,13.87,0.00614128,0.58073,29147.0
002463.SZ,20260511,448857,110.0,49374270.0,108.71,0.0233438,0.767375,192281.0
002465.SZ,20260511,886700,17.22,15268974.0,17.12,0.0357845,1.05573,247789.0
002466.SZ,20260511,1042582,76.83,80101575.06,76.05,0.0706549,0.880449,147560.0
002467.SZ,20260511,557700,7.06,3937362.0,7.06,0.0408031,0.613015,136681.0
002468.SZ,20260511,103100,16.28,1678468.0,16.28,0.00704184,0.440691,146411.0
002469.SZ,20260511,77500,7.04,545600.0,7.04,0.0123329,0.564048,62840.3
002470.SZ,20260511,1533700,2.9,4447730.0,2.88,0.0466775,0.654373,328574.0
002471.SZ,20260511,2374900,8.95,21255355.0,8.76,0.176915,2.12748,134240.0
002472.SZ,20260511,748899,42.19,31596048.81,42.45,0.100049,3.21582,74853.2
002474.SZ,20260511,1768500,8.46,14961510.0,8.34,0.334416,8.39468,52883.2
002475.SZ,20260511,5749956,75.5,434121678.0,71.29,0.0790995,2.85286,726927.0
002476.SZ,20260511,58000,6.01,348580.0,5.99,0.00947712,0.446315,61200.0
002478.SZ,20260511,198200,8.84,1752088.0,8.84,0.027424,0.554585,72272.4
002479.SZ,20260511,93900,5.7,535230.0,5.68,0.0108797,0.496898,86307.3
002480.SZ,20260511,103500,6.7,693450.0,6.71,0.0134831,0.728418,76763.0
002481.SZ,20260511,38100,4.58,174498.0,4.57,0.00340741,0.334399,111815.0
002482.SZ,20260511,197400,1.71,337554.0,1.71,0.00527284,0.278406,374371.0
002483.SZ,20260511,67100,6.5,436150.0,6.46,0.00757977,0.604333,88525.1
002484.SZ,20260511,490200,43.95,21544290.0,43.14,0.0597461,1.01721,82047.2
002485.SZ,20260511,80200,5.05,405010.0,5.03,0.0147426,1.71122,54400.0
002486.SZ,20260511,336900,2.91,980379.0,2.9,0.0410634,0.87426,82043.8
002487.SZ,20260511,107100,82.71,8858241.0,82.98,0.0169752,0.62483,63092.0
002488.SZ,20260511,459950,13.13,6039143.5,13.03,0.04999,1.74152,92008.4
002489.SZ,20260511,1240100,3.68,4563568.0,3.75,0.0648242,2.06512,191302.0
002490.SZ,20260511,1135100,10.29,11680179.0,10.18,0.209536,1.52485,54172.2
002491.SZ,20260511,11475200,22.73,260831296.0,20.66,0.975393,10.0401,117647.0
002492.SZ,20260511,169000,8.21,1387490.0,8.23,0.04248,1.95892,39783.5
002493.SZ,20260511,326600,12.9,4213140.0,12.9,0.00349751,0.431858,933807.0
002494.SZ,20260511,131700,6.32,832344.0,6.35,0.0459252,0.608936,28677.0
002495.SZ,20260511,77100,2.73,210483.0,2.71,0.0111108,0.293297,69391.8
002496.SZ,20260511,344900,2.3,793270.0,2.29,0.0291979,1.03192,118125.0
002497.SZ,20260511,179700,30.7,5516790.0,30.5,0.0169594,0.243879,105959.0
002498.SZ,20260511,1297600,9.16,11886016.0,9.12,0.0390045,0.657344,332680.0
002500.SZ,20260511,129400,5.66,732404.0,5.66,0.00360469,0.583284,358977.0
002501.SZ,20260511,61959400,1.22,75590468.0,1.27,1.74707,364.94,354647.0
002506.SZ,20260511,2186300,4.49,9816487.0,4.43,0.0374082,0.627799,584444.0
002507.SZ,20260511,61500,12.48,767520.0,12.47,0.00534421,0.585637,115078.0
002508.SZ,20260511,20000,18.4,368000.0,18.4,0.00214236,0.180567,93355.2
002510.SZ,20260511,124900,6.95,868055.0,6.92,0.0124298,0.650155,100485.0
002511.SZ,20260511,188000,8.27,1554760.0,8.3,0.0148615,0.975095,126502.0
002512.SZ,20260511,1908900,4.59,8761851.0,4.5,0.174416,3.17675,109445.0
002513.SZ,20260511,84300,6.6,556380.0,6.6,0.0291654,0.936821,28904.1
002514.SZ,20260511,25486200,2.93,74674566.0,2.92,4.60013,318.368,55403.3
002515.SZ,20260511,531800,7.42,3945956.0,7.46,0.0482643,0.483579,110185.0
002516.SZ,20260511,58600,6.3,369180.0,6.29,0.00402078,0.326127,145743.0
002517.SZ,20260511,366300,18.82,6893766.0,18.89,0.0193903,0.50916,188909.0
002518.SZ,20260511,76400,48.4,3697760.0,47.88,0.0135189,0.489444,56513.6
002519.SZ,20260511,3646700,8.95,32637965.0,8.84,0.326296,4.02512,111760.0
002520.SZ,20260511,2350500,6.75,15865875.0,6.75,0.327623,3.78996,71744.0
002521.SZ,20260511,46400,8.24,382336.0,8.2,0.0110694,0.775982,41917.4
002522.SZ,20260511,1629900,7.01,11425599.0,6.99,0.180095,2.28839,90502.0
002523.SZ,20260511,21100,3.9,82290.0,3.9,0.00149482,0.11041,141154.0
002524.SZ,20260511,152300,4.51,686873.0,4.49,0.029819,0.940536,51074.9
002526.SZ,20260511,363300,3.45,1253385.0,3.45,0.0205129,1.37338,177108.0
002527.SZ,20260511,117500,13.92,1635600.0,13.9,0.0222164,1.03569,52888.9
002528.SZ,20260511,204500,4.64,948880.0,4.62,0.0194722,0.680742,105022.0
002529.SZ,20260511,36100,7.78,280858.0,7.79,0.0138846,0.658959,26000.0
002530.SZ,20260511,102100,9.21,940341.0,9.2,0.014688,0.545366,69512.3
002531.SZ,20260511,89300,11.68,1043024.0,11.68,0.0049978,0.17244,178679.0
002532.SZ,20260511,219500,16.82,3691990.0,16.66,0.00534472,0.320126,410686.0
002533.SZ,20260511,40100,13.8,553380.0,13.81,0.00628876,0.307529,63764.5
002534.SZ,20260511,86000,18.03,1550580.0,17.89,0.0104197,0.860238,82536.3
002535.SZ,20260511,946380,3.45,3265011.0,3.58,0.12681,7.6893,74629.9
002536.SZ,20260511,838600,45.04,37770544.0,43.34,0.154041,2.19361,54440.1
002537.SZ,20260511,104000,7.49,778960.0,7.5,0.00889497,0.383738,116920.0
002538.SZ,20260511,69400,7.1,492740.0,7.11,0.00813603,0.515109,85299.6
002539.SZ,20260511,76500,15.18,1161270.0,15.09,0.0085975,0.282514,88979.4
002540.SZ,20260511,67200,6.11,410592.0,6.08,0.00783033,0.528226,85820.1
002541.SZ,20260511,12100,20.26,245146.0,20.22,0.00243867,0.15097,49617.2
002542.SZ,20260511,3446200,1.87,6444394.0,1.88,0.195944,4.20692,175877.0
002543.SZ,20260511,59600,8.4,500640.0,8.41,0.00900822,1.43865,66161.8
002544.SZ,20260511,96600,27.59,2665194.0,27.3,0.0141961,0.711245,68046.8
002545.SZ,20260511,144600,25.0,3615000.0,25.08,0.0127946,0.535823,113016.0
002546.SZ,20260511,102800,8.5,873800.0,8.48,0.0128302,0.666536,80123.2
002547.SZ,20260511,1933654,2.89,5588260.06,2.84,0.175022,2.3723,110481.0
002548.SZ,20260511,242300,5.19,1257537.0,5.2,0.0301192,0.520167,80447.1
002549.SZ,20260511,214600,19.3,4141780.0,19.29,0.0309955,0.406437,69236.0
002550.SZ,20260511,45300,7.13,322989.0,7.09,0.0048128,0.298548,94124.0
002551.SZ,20260511,51200,3.58,183296.0,3.56,0.00837721,0.343767,61118.2
002552.SZ,20260511,1074700,30.33,32595651.0,27.65,0.291639,8.50966,36850.3
002553.SZ,20260511,67100,23.1,1550010.0,23.18,0.0267544,0.58778,25080.0
002554.SZ,20260511,725700,3.52,2554464.0,3.45,0.0544219,2.22748,133347.0
002555.SZ,20260511,366300,22.25,8150175.0,22.35,0.0230761,0.768733,158736.0
002556.SZ,20260511,96150,6.01,577861.5,6.0,0.010169,0.405275,94552.0
002557.SZ,20260511,81900,23.0,1883700.0,23.0,0.0162251,0.867081,50477.3
002558.SZ,20260511,1175000,33.77,39679750.0,33.25,0.0618238,1.64939,190056.0
002559.SZ,20260511,196350,11.01,2161813.5,10.88,0.0389579,0.9458,50400.5
002560.SZ,20260511,504500,15.66,7900470.0,15.54,0.111384,0.479283,45293.6
002561.SZ,20260511,80000,8.11,648800.0,8.1,0.0193032,1.66999,41444.0
002562.SZ,20260511,248000,6.05,1500400.0,6.01,0.0304848,0.935675,81351.9
002563.SZ,20260511,228400,5.9,1347560.0,5.93,0.0103485,0.486066,220709.0
002564.SZ,20260511,52900,6.34,335386.0,6.3,0.00615901,0.313473,85890.4
002565.SZ,20260511,2231000,20.74,46270940.0,20.64,0.210481,1.26331,105996.0
002566.SZ,20260511,83700,8.36,699732.0,8.36,0.0361102,0.987855,23179.0
002567.SZ,20260511,89000,4.15,369350.0,4.13,0.00621653,0.383903,143167.0
002568.SZ,20260511,85400,18.46,1576484.0,18.46,0.0111915,0.448034,76308.1
002569.SZ,20260511,93500,15.5,1449250.0,15.11,0.0667809,1.81602,14001.0
002570.SZ,20260511,176200,5.06,891572.0,5.04,0.0163149,0.769843,108000.0
002571.SZ,20260511,17800,11.94,212532.0,11.81,0.00596702,0.266643,29830.6
002572.SZ,20260511,42000,12.08,507360.0,12.07,0.00644702,0.281343,65146.4
002573.SZ,20260511,128900,3.66,471774.0,3.67,0.00912241,0.856236,141300.0
002574.SZ,20260511,32500,5.85,190125.0,5.85,0.0061553,0.281963,52800.0
002575.SZ,20260511,362600,7.16,2596216.0,7.14,0.0620545,0.430358,58432.6
002576.SZ,20260511,61300,19.38,1187994.0,19.25,0.0378331,0.943257,16202.8
002577.SZ,20260511,32000,17.72,567040.0,17.77,0.0114012,0.599312,28067.3
002578.SZ,20260511,165400,4.24,701296.0,4.24,0.0192066,0.509844,86116.3
002579.SZ,20260511,237900,13.4,3187860.0,13.26,0.0407774,0.488768,58341.2
002580.SZ,20260511,3205400,33.01,105810254.0,32.9,0.708628,2.83564,45233.9
002581.SZ,20260511,967700,5.76,5573952.0,5.89,0.241447,14.7648,40079.1
002582.SZ,20260511,184400,12.25,2258900.0,12.31,0.0535673,0.424912,34424.0
002583.SZ,20260511,56700,10.2,578340.0,10.18,0.00442029,0.217944,128272.0
002584.SZ,20260511,70700,8.1,572670.0,8.09,0.0150931,0.372345,46842.7
002585.SZ,20260511,223700,7.95,1778415.0,7.89,0.0252268,0.445966,88675.7
002586.SZ,20260511,27300,4.71,128583.0,4.71,0.0025103,0.398497,108752.0
002587.SZ,20260511,103850,7.33,761220.5,7.27,0.0194951,0.38768,53269.8
002588.SZ,20260511,71300,10.72,764336.0,10.76,0.00830386,0.327928,85863.7
002589.SZ,20260511,584400,3.18,1858392.0,3.16,0.0427946,1.31748,136559.0
002590.SZ,20260511,64400,12.6,811440.0,12.59,0.0130112,0.730498,49495.7
002591.SZ,20260511,1590600,8.72,13870032.0,8.76,0.711638,3.30287,22351.2
002592.SZ,20260511,39600,8.21,325116.0,8.21,0.0150743,0.829017,26269.8
002593.SZ,20260511,41000,5.42,222220.0,5.41,0.00731484,0.318737,56050.4
002594.SZ,20260511,472000,100.02,47209440.0,100.02,0.0135375,0.742366,348661.0
002595.SZ,20260511,42300,59.5,2516850.0,58.81,0.00367194,0.827275,115198.0
002596.SZ,20260511,108700,3.84,417408.0,3.81,0.00948082,0.272651,114653.0
002597.SZ,20260511,137700,23.54,3241458.0,23.6,0.0242751,1.67847,56724.7
002598.SZ,20260511,123400,8.11,1000774.0,8.14,0.0430671,1.67909,28653.0
002599.SZ,20260511,1743500,7.6,13250600.0,7.24,0.438104,13.6689,39796.5
002600.SZ,20260511,1803500,15.1,27232850.0,15.09,0.0250502,1.34525,719954.0
002601.SZ,20260511,82500,16.69,1376925.0,16.66,0.00415073,0.262037,198760.0
002602.SZ,20260511,6019800,15.46,93066108.0,15.96,0.0885678,3.21143,679683.0
002603.SZ,20260511,121000,17.43,2109030.0,17.33,0.00879019,0.616205,137653.0
002605.SZ,20260511,46200,20.93,966966.0,21.02,0.0136985,0.51486,33726.3
002606.SZ,20260511,196200,15.6,3060720.0,15.46,0.0465876,0.34059,42114.2
002607.SZ,20260511,824800,2.71,2235208.0,2.71,0.0148788,0.49774,554344.0
002608.SZ,20260511,104300,7.9,823970.0,7.9,0.00276066,0.515124,377808.0
002609.SZ,20260511,13700,8.74,119738.0,8.74,0.00298566,0.115665,45886.0
002611.SZ,20260511,396400,18.88,7484032.0,18.88,0.0395647,0.869108,100190.0
002612.SZ,20260511,18300,16.26,297558.0,16.26,0.00719172,0.231736,25445.9
002613.SZ,20260511,1026150,4.46,4576629.0,4.42,0.132634,1.09965,77367.2
002614.SZ,20260511,143400,5.78,828852.0,5.77,0.0324974,0.874888,44126.6
002615.SZ,20260511,35600,8.66,308296.0,8.6,0.0116445,0.267555,30572.3
002616.SZ,20260511,76800,5.83,447744.0,5.85,0.0130728,0.38806,58748.0
002617.SZ,20260511,245500,8.06,1978730.0,8.01,0.0130751,0.410895,187762.0
002620.SZ,20260511,467100,9.7,4530870.0,10.1,0.147783,2.37466,31607.2
002622.SZ,20260511,329600,2.87,945952.0,2.84,0.0392393,1.10859,83997.5
002623.SZ,20260511,35400,22.22,786588.0,22.12,0.0178215,0.655804,19863.6
002624.SZ,20260511,3730900,18.0,67156200.0,17.55,0.204127,4.23003,182773.0
002625.SZ,20260511,318117,42.51,13523153.67,41.53,0.0147647,0.917038,215458.0
002626.SZ,20260511,26700,16.13,430671.0,16.1,0.00437805,0.335476,60986.1
002627.SZ,20260511,95400,7.23,689742.0,7.28,0.0133039,0.349851,71708.1
002628.SZ,20260511,121200,5.84,707808.0,5.84,0.0160789,0.373556,75378.5
002629.SZ,20260511,1558000,7.11,11077380.0,6.92,0.430085,6.3458,36225.4
002630.SZ,20260511,343440,1.99,683445.6,1.99,0.0319022,0.741722,107654.0
002631.SZ,20260511,219900,8.45,1858155.0,8.45,0.0277101,0.359308,79357.2
002632.SZ,20260511,76500,11.54,882810.0,11.49,0.0133176,0.581365,57442.6
002633.SZ,20260511,11100,20.4,226440.0,20.2,0.00742879,0.226282,14941.9
002634.SZ,20260511,239700,5.39,1291983.0,5.43,0.0542019,1.00313,44223.5
002635.SZ,20260511,73600,16.94,1246784.0,16.86,0.0186078,0.435651,39553.3
002636.SZ,20260511,312000,47.99,14972880.0,47.93,0.0430752,0.567138,72431.5
002637.SZ,20260511,125200,12.0,1502400.0,12.01,0.0269022,0.550477,46538.9
002638.SZ,20260511,755700,4.82,3642474.0,4.82,0.0558669,1.17149,135268.0
002639.SZ,20260511,169200,18.55,3138660.0,18.43,0.0259,0.426236,65328.1
002640.SZ,20260511,1835300,4.1,7524730.0,4.13,0.118539,1.0121,154826.0
002641.SZ,20260511,67800,4.3,291540.0,4.28,0.00597886,0.502816,113399.0
002642.SZ,20260511,3646900,9.23,33660887.0,9.08,0.551241,14.5622,66158.0
002643.SZ,20260511,178500,17.06,3045210.0,16.92,0.0196302,1.16024,90931.5
002644.SZ,20260511,18400,8.36,153824.0,8.4,0.0036032,0.420819,51065.7
002645.SZ,20260511,460000,27.98,12870800.0,27.38,0.0823005,0.936963,55892.8
002646.SZ,20260511,27400,8.12,222488.0,8.12,0.00575821,0.61046,47584.2
002647.SZ,20260511,774900,13.79,10685871.0,13.8,0.0763229,1.08429,101529.0
002648.SZ,20260511,296000,26.63,7882480.0,26.66,0.00879256,0.465873,336648.0
002649.SZ,20260511,55800,11.08,618264.0,11.04,0.0104036,0.356884,53635.4
002650.SZ,20260511,321400,8.0,2571200.0,7.75,0.0290322,3.82499,110705.0
002651.SZ,20260511,57500,9.87,567525.0,9.85,0.0101686,0.771909,56546.4
002652.SZ,20260511,716100,6.48,4640328.0,6.57,0.139846,0.834154,51206.4
002653.SZ,20260511,16000,54.51,872160.0,54.76,0.0029807,0.234575,53678.6
002654.SZ,20260511,490900,15.25,7486225.0,14.96,0.058078,0.862614,84524.3
002655.SZ,20260511,1225400,41.0,50241400.0,39.39,0.337496,2.21888,36308.6
002656.SZ,20260511,345200,3.19,1101188.0,3.19,0.0510206,2.58746,67659.0
002657.SZ,20260511,18300,21.97,402051.0,21.89,0.00544436,0.161334,33612.7
002658.SZ,20260511,46700,9.12,425904.0,9.12,0.0130243,0.315147,35856.1
002659.SZ,20260511,41800,5.43,226974.0,5.42,0.00698672,0.285032,59827.8
002660.SZ,20260511,40100,9.02,361702.0,8.97,0.0116914,0.691693,34298.7
002661.SZ,20260511,188300,8.94,1683402.0,8.84,0.0592681,3.29362,31770.9
002662.SZ,20260511,67500,3.9,263250.0,3.89,0.00450006,0.184674,149998.0
002663.SZ,20260511,227000,2.4,544800.0,2.41,0.0132973,0.303066,170712.0
002664.SZ,20260511,423900,23.4,9919260.0,23.63,0.105297,2.74625,40257.6
002666.SZ,20260511,32800,5.17,169576.0,5.19,0.00655125,0.272578,50066.8
002667.SZ,20260511,56400,27.7,1562280.0,29.16,0.0238366,0.685437,23661.1
002668.SZ,20260511,113200,10.08,1141056.0,10.08,0.0104417,0.734944,108411.0
002669.SZ,20260511,342200,14.35,4910570.0,14.35,0.113043,2.60372,30271.8
002670.SZ,20260511,41700,12.87,536679.0,12.9,0.00256876,0.293967,162335.0
002671.SZ,20260511,239200,5.0,1196000.0,4.92,0.0434206,1.40587,55089.0
002672.SZ,20260511,22400,4.41,98784.0,4.41,0.00247481,0.28597,90511.8
002673.SZ,20260511,110500,7.19,794495.0,7.21,0.00247227,0.406469,446958.0
002674.SZ,20260511,19000,13.46,255740.0,13.46,0.00649431,0.471441,29256.4
002675.SZ,20260511,77200,13.03,1005916.0,13.05,0.0103849,0.675461,74338.4
002676.SZ,20260511,146200,8.15,1191530.0,8.15,0.0203062,0.433058,71997.6
002677.SZ,20260511,59600,8.25,491700.0,8.25,0.0108067,0.634573,55151.0
002678.SZ,20260511,53900,6.28,338492.0,6.28,0.00397032,0.333179,135757.0
002679.SZ,20260511,17400,11.15,194010.0,11.12,0.00738051,0.478316,23575.6
002681.SZ,20260511,177700,5.55,986235.0,5.52,0.0113238,0.459766,156926.0
002682.SZ,20260511,114800,6.28,720944.0,6.27,0.0204137,0.51827,56236.9
002683.SZ,20260511,92800,40.53,3761184.0,40.36,0.0139222,0.599351,66655.9
002685.SZ,20260511,1051600,9.87,10379292.0,9.51,0.104371,0.781111,100756.0
002686.SZ,20260511,154900,7.94,1229906.0,7.89,0.029633,0.586825,52272.9
002687.SZ,20260511,85400,5.01,427854.0,5.02,0.0206583,0.47497,41339.4
002688.SZ,20260511,125700,6.0,754200.0,6.0,0.0168169,1.17991,74746.4
002689.SZ,20260511,82500,3.52,290400.0,3.52,0.00791055,0.867391,104291.0
002690.SZ,20260511,16560,18.25,302220.0,18.24,0.00381789,0.202373,43374.7
002691.SZ,20260511,1332000,5.43,7232760.0,5.28,0.396453,6.52336,33597.9
002692.SZ,20260511,70000,5.81,406700.0,5.79,0.00975292,0.260499,71773.4
002693.SZ,20260511,520400,9.96,5183184.0,9.58,0.126624,3.314,41098.2
002694.SZ,20260511,658420,3.01,1981844.2,2.96,0.0916002,2.34642,71879.8
002695.SZ,20260511,14500,13.05,189225.0,13.06,0.00283505,0.120365,51145.5
002696.SZ,20260511,66600,6.89,458874.0,6.87,0.0199247,0.541633,33425.9
002697.SZ,20260511,62400,5.11,318864.0,5.12,0.00544816,0.302714,114534.0
002698.SZ,20260511,136500,15.0,2047500.0,14.98,0.0162454,0.620987,84023.9
002700.SZ,20260511,19400,7.04,136576.0,7.05,0.00903225,0.330653,21478.6
002701.SZ,20260511,65200,5.44,354688.0,5.42,0.00254946,0.191524,255740.0
002702.SZ,20260511,61000,6.18,376980.0,6.17,0.0132972,0.228917,45874.4
002703.SZ,20260511,385770,18.68,7206183.6,18.68,0.0658257,1.06608,58604.8
002705.SZ,20260511,186600,14.7,2743020.0,14.78,0.0231046,0.581332,80763.1
002706.SZ,20260511,789900,11.99,9470901.0,11.65,0.0863863,1.31839,91438.1
002707.SZ,20260511,62700,6.27,393129.0,6.29,0.00724866,0.397325,86498.8
002708.SZ,20260511,122300,14.3,1748890.0,14.33,0.0236714,0.65089,51665.7
002709.SZ,20260511,3408727,58.2,198387911.4,58.41,0.225891,1.97646,150901.0
002712.SZ,20260511,112800,5.77,650856.0,5.77,0.0208541,0.593925,54090.0
002713.SZ,20260511,372400,12.65,4710860.0,12.94,0.0707311,1.66288,52650.1
002714.SZ,20260511,220100,43.85,9651385.0,43.51,0.00579182,0.471146,380019.0
002715.SZ,20260511,77000,17.96,1382920.0,17.96,0.0557971,0.571042,13800.0
002716.SZ,20260511,2385200,12.59,30029668.0,12.68,0.102596,1.51228,232485.0
002717.SZ,20260511,684200,1.36,930512.0,1.37,0.0398125,0.686308,171855.0
002718.SZ,20260511,11800,70.59,832962.0,71.32,0.0125558,0.548088,9398.08
002719.SZ,20260511,2081200,7.9,16441480.0,7.65,1.2857,8.40913,16187.2
002721.SZ,20260511,262300,3.09,810507.0,3.1,0.00986321,0.480705,265938.0
002722.SZ,20260511,10400,15.91,165464.0,15.95,0.00467716,0.207827,22235.7
002723.SZ,20260511,83200,9.88,822016.0,9.88,0.0262419,0.336972,31705.0
002724.SZ,20260511,66500,6.3,418950.0,6.32,0.0117124,0.388412,56777.5
002725.SZ,20260511,27300,17.43,475839.0,17.33,0.0127356,0.222209,21435.9
002726.SZ,20260511,268900,2.33,626537.0,2.45,0.0249357,32.4935,107837.0
002727.SZ,20260511,15800,12.83,202714.0,12.78,0.00402122,0.189675,39291.5
002728.SZ,20260511,167096,10.3,1721088.8,10.27,0.0503413,1.36556,33192.7
002729.SZ,20260511,212600,20.94,4451844.0,20.85,0.121166,1.58788,17546.1
002730.SZ,20260511,207900,33.0,6860700.0,33.91,0.0600815,0.595985,34603.0
002732.SZ,20260511,11200,16.34,183008.0,16.31,0.00715353,0.579069,15656.6
002733.SZ,20260511,100800,29.55,2978640.0,29.2,0.0273272,0.221764,36886.3
002734.SZ,20260511,104600,17.95,1877570.0,18.01,0.0240822,0.418256,43434.6
002735.SZ,20260511,78400,15.19,1190896.0,15.12,0.027503,0.881263,28505.9
002736.SZ,20260511,92500,10.75,994375.0,10.75,0.000962296,0.205118,961243.0
002737.SZ,20260511,321300,13.33,4282929.0,13.58,0.0550172,2.52274,58400.0
002738.SZ,20260511,227100,89.55,20336805.0,88.88,0.0319307,0.687876,71122.8
002739.SZ,20260511,675700,9.7,6554290.0,9.64,0.0321775,1.67022,209991.0
002741.SZ,20260511,142900,22.2,3172380.0,22.13,0.0335164,0.49113,42635.8
002742.SZ,20260511,322700,5.02,1619954.0,5.04,0.0615887,1.60549,52396.0
002743.SZ,20260511,245600,5.48,1345888.0,5.47,0.0565155,1.64311,43457.1
002745.SZ,20260511,148600,9.88,1468168.0,9.8,0.013965,0.288808,106409.0
002746.SZ,20260511,36800,6.41,235888.0,6.41,0.00518546,0.229943,70967.6
002747.SZ,20260511,324100,24.09,7807569.0,24.08,0.0414236,1.04141,78240.5
002748.SZ,20260511,21300,12.84,273492.0,12.77,0.008875,0.344592,24000.0
002749.SZ,20260511,27800,12.58,349724.0,12.62,0.00612876,1.63897,45359.9
002752.SZ,20260511,247400,7.65,1892610.0,7.65,0.0253607,0.636065,97552.7
002753.SZ,20260511,35300,7.39,260867.0,7.38,0.014538,0.392465,24281.2
002755.SZ,20260511,222900,17.73,3952017.0,17.73,0.0240155,0.978264,92815.0
002756.SZ,20260511,192512,79.0,15208448.0,79.65,0.0497347,0.713034,38707.8
002757.SZ,20260511,434900,29.14,12672986.0,29.02,0.154191,0.856921,28205.3
002758.SZ,20260511,57900,9.08,525732.0,9.04,0.0111732,0.536878,51820.5
002759.SZ,20260511,988200,37.46,37017972.0,37.43,0.197268,1.10783,50094.2
002760.SZ,20260511,25100,23.18,581818.0,22.98,0.0232432,0.543522,10798.9
002761.SZ,20260511,143100,8.77,1254987.0,8.78,0.0132281,0.628933,108179.0
002762.SZ,20260511,22000,8.91,196020.0,8.88,0.0104079,0.503339,21137.8
002763.SZ,20260511,461300,9.6,4428480.0,9.34,0.151936,2.12822,30361.4
002765.SZ,20260511,188500,10.1,1903850.0,10.11,0.0316349,0.958985,59586.0
002766.SZ,20260511,120800,4.9,591920.0,4.89,0.0141002,0.753156,85672.8
002767.SZ,20260511,4700,21.14,99358.0,21.11,0.00360943,0.184681,13021.4
002768.SZ,20260511,29700,57.82,1717254.0,57.82,0.0168036,0.520488,17674.8
002769.SZ,20260511,24100,10.03,241723.0,10.03,0.00646095,0.34641,37301.0
002771.SZ,20260511,95000,15.5,1472500.0,15.4,0.0544367,0.74546,17451.5
002772.SZ,20260511,42900,16.95,727155.0,17.04,0.0115441,0.347008,37161.9
002773.SZ,20260511,40300,24.1,971230.0,24.23,0.00586807,0.608418,68676.8
002774.SZ,20260511,11100,12.74,141414.0,12.62,0.00393941,0.0933806,28176.8
002775.SZ,20260511,92800,4.03,373984.0,4.01,0.0162303,0.654787,57177.0
002777.SZ,20260511,46600,16.45,766570.0,16.5,0.0115201,0.58695,40451.1
002778.SZ,20260511,14800,20.33,300884.0,20.33,0.0119907,0.42247,12342.9
002779.SZ,20260511,55200,75.8,4184160.0,75.8,0.0332915,0.883889,16580.8
002780.SZ,20260511,50465,16.9,852858.5,16.89,0.0386256,0.34523,13065.2
002782.SZ,20260511,24000,20.84,500160.0,20.69,0.00493318,0.231277,48650.1
002783.SZ,20260511,57400,8.97,514878.0,8.97,0.0124461,0.514279,46118.8
002785.SZ,20260511,43400,53.24,2310616.0,53.15,0.0224295,0.260107,19349.5
002786.SZ,20260511,181500,8.1,1470150.0,8.1,0.0367326,0.677489,49411.2
002787.SZ,20260511,184600,23.36,4312256.0,22.89,0.0735868,0.546632,25086.0
002788.SZ,20260511,260600,14.18,3695308.0,14.17,0.0682509,1.08436,38182.7
002789.SZ,20260511,19700,13.24,260828.0,13.07,0.01259,0.471835,15647.3
002790.SZ,20260511,19400,7.47,144918.0,7.47,0.00744158,0.306045,26069.8
002791.SZ,20260511,20700,18.78,388746.0,18.79,0.0095083,0.407318,21770.5
002792.SZ,20260511,541100,52.2,28245420.0,51.18,0.160172,1.10972,33782.4
002793.SZ,20260511,268600,5.43,1458498.0,5.48,0.0247345,0.598037,108593.0
002795.SZ,20260511,177500,9.95,1766125.0,9.7,0.0408582,0.400352,43442.9
002796.SZ,20260511,161300,59.8,9645740.0,58.8,0.0708363,0.89859,22770.8
002797.SZ,20260511,974500,7.78,7581610.0,7.82,0.0231891,0.572958,420240.0
002798.SZ,20260511,744600,8.59,6396114.0,8.44,0.153727,2.52013,48436.5
002799.SZ,20260511,16500,8.8,145200.0,8.78,0.0051557,0.343318,32003.4
002800.SZ,20260511,43300,18.31,792823.0,18.18,0.0292879,0.724012,14784.3
002801.SZ,20260511,11400,33.78,385092.0,33.62,0.00984433,0.41746,11580.3
002802.SZ,20260511,80400,14.85,1193940.0,14.85,0.0537134,0.771928,14968.3
002803.SZ,20260511,122900,21.66,2662014.0,21.84,0.0425725,0.668184,28868.4
002805.SZ,20260511,1289800,24.65,31793570.0,24.65,0.4626,2.68679,27881.5
002806.SZ,20260511,27000,15.0,405000.0,14.9,0.0155079,0.285828,17410.5
002807.SZ,20260511,147700,4.49,663173.0,4.49,0.00601019,0.345376,245749.0
002809.SZ,20260511,54700,10.9,596230.0,10.81,0.0321821,0.765891,16997.0
002810.SZ,20260511,30800,28.43,875644.0,28.43,0.00951391,0.19807,32373.6
002811.SZ,20260511,31500,13.94,439110.0,13.87,0.011147,0.519237,28258.7
002812.SZ,20260511,482800,80.3,38768840.0,81.27,0.0586879,0.92701,82265.7
002813.SZ,20260511,43500,27.6,1200600.0,27.55,0.0362935,1.00124,11985.6
002815.SZ,20260511,150300,15.65,2352195.0,15.5,0.0193401,0.303293,77714.2
002816.SZ,20260511,36600,24.9,911340.0,24.8,0.0366,0.946953,10000.0
002817.SZ,20260511,33100,8.24,272744.0,8.22,0.0114122,0.439172,29003.9
002818.SZ,20260511,64100,11.99,768559.0,12.07,0.0214859,0.392801,29833.5
002819.SZ,20260511,12300,28.09,345507.0,28.06,0.00519867,0.38348,23659.9
002820.SZ,20260511,137500,11.78,1619750.0,11.63,0.0684528,1.49411,20086.8
002821.SZ,20260511,72700,122.5,8905750.0,123.58,0.0229338,0.82273,31700.0
002822.SZ,20260511,120800,3.1,374480.0,3.09,0.0113008,1.09958,106895.0
002823.SZ,20260511,29300,17.1,501030.0,17.07,0.0133858,0.318813,21888.9
002824.SZ,20260511,139520,27.21,3796339.2,27.2,0.0616864,0.724315,22617.6
002825.SZ,20260511,12700,10.17,129159.0,10.17,0.00494881,0.281264,25662.7
002826.SZ,20260511,3300,19.11,63063.0,19.17,0.00180348,0.0500691,18297.9
002827.SZ,20260511,28900,33.23,960347.0,33.21,0.0104711,0.504817,27599.9
002828.SZ,20260511,209400,11.78,2466732.0,11.67,0.104186,1.19447,20098.8
002829.SZ,20260511,106500,24.31,2589015.0,24.29,0.072919,1.53468,14605.3
002830.SZ,20260511,25300,23.76,601128.0,23.74,0.0378445,0.581448,6685.25
002831.SZ,20260511,211700,41.0,8679700.0,40.6,0.0414299,1.46379,51098.3
002832.SZ,20260511,62700,19.49,1222023.0,19.59,0.0161009,0.277731,38941.8
002833.SZ,20260511,14280,21.2,302736.0,21.19,0.00495439,0.162195,28822.9
002835.SZ,20260511,12200,15.84,193248.0,15.75,0.00958463,0.514799,12728.7
002836.SZ,20260511,18900,13.58,256662.0,13.51,0.00820312,0.515833,23040.0
002837.SZ,20260511,450200,102.4,46100480.0,102.28,0.0519409,1.05619,86675.5
002838.SZ,20260511,82700,34.51,2853977.0,34.53,0.0196609,0.782524,42063.2
002839.SZ,20260511,22000,4.48,98560.0,4.48,0.000900894,0.0816847,244202.0
002840.SZ,20260511,55700,12.73,709061.0,12.73,0.00699198,0.206918,79662.8
002841.SZ,20260511,134800,38.55,5196540.0,37.65,0.025953,2.69604,51940.1
002842.SZ,20260511,409700,37.6,15404720.0,37.55,0.15261,0.588843,26846.2
002843.SZ,20260511,118100,27.72,3273732.0,27.56,0.0472029,0.487564,25019.7
002845.SZ,20260511,50200,14.79,742458.0,14.66,0.0200612,0.492529,25023.4
002846.SZ,20260511,60200,15.63,940926.0,15.71,0.02314,0.434231,26015.6
002847.SZ,20260511,14400,57.62,829728.0,57.43,0.0058603,0.30451,24572.1
002848.SZ,20260511,7800,15.68,122304.0,15.59,0.00472942,0.182539,16492.5
002849.SZ,20260511,60700,17.55,1065285.0,17.34,0.0277363,0.868057,21884.7
002850.SZ,20260511,37400,202.07,7557418.0,206.0,0.0187865,0.542856,19907.9
002851.SZ,20260511,212300,123.55,26229665.0,122.7,0.0463444,0.794631,45809.2
002852.SZ,20260511,24200,9.1,220220.0,9.08,0.00846743,0.293921,28580.1
002853.SZ,20260511,4800,28.88,138624.0,28.73,0.00372946,0.143412,12870.5
002855.SZ,20260511,33900,12.84,435276.0,12.86,0.0137678,0.70388,24622.7
002856.SZ,20260511,973100,14.37,13983447.0,14.08,0.785363,6.92281,12390.4
002857.SZ,20260511,201350,23.16,4663266.0,23.0,0.156589,3.89895,12858.5
002858.SZ,20260511,40400,17.07,689628.0,16.89,0.0274061,0.422577,14741.2
002859.SZ,20260511,37581,49.91,1875667.71,48.98,0.0092587,0.336898,40589.9
002860.SZ,20260511,39900,13.38,533862.0,13.32,0.0113501,0.411891,35154.0
002861.SZ,20260511,67400,18.15,1223310.0,17.9,0.044883,1.01555,15016.8
002862.SZ,20260511,22720,19.3,438496.0,19.3,0.0179963,0.60427,12624.8
002863.SZ,20260511,109900,5.74,630826.0,5.72,0.0183324,0.834309,59948.4
002864.SZ,20260511,10000,31.36,313600.0,31.36,0.0135712,0.389488,7368.52
002865.SZ,20260511,693730,105.7,73327261.0,96.53,0.310354,3.03045,22352.8
002866.SZ,20260511,1740000,29.88,51991200.0,29.34,0.960199,5.0731,18121.2
002867.SZ,20260511,64700,13.23,855981.0,13.23,0.00599576,0.226386,107910.0
002868.SZ,20260511,5300,37.94,201082.0,37.73,0.00495316,0.45577,10700.2
002869.SZ,20260511,27600,21.29,587604.0,21.16,0.0175219,1.07537,15751.7
002870.SZ,20260511,18500,40.5,749250.0,40.27,0.0142601,0.282558,12973.3
002871.SZ,20260511,24000,20.9,501600.0,20.71,0.0160786,0.324099,14926.7
002872.SZ,20260511,76300,5.58,425754.0,5.59,0.0355019,1.2821,21491.8
002873.SZ,20260511,79300,10.1,800930.0,10.07,0.0330843,0.765181,23969.1
002875.SZ,20260511,112000,25.33,2836960.0,25.3,0.0613907,0.839683,18243.8
002876.SZ,20260511,18500,31.67,585895.0,31.52,0.012421,0.289808,14894.2
002877.SZ,20260511,50200,9.25,464350.0,9.25,0.0208719,0.692437,24051.5
002878.SZ,20260511,183800,19.9,3657620.0,19.8,0.0779149,0.954125,23589.8
002879.SZ,20260511,27500,18.62,512050.0,18.6,0.0200548,0.288576,13712.4
002880.SZ,20260511,15600,25.83,402948.0,25.78,0.00687831,1.09276,22680.0
002881.SZ,20260511,49300,41.85,2063205.0,41.31,0.0270989,1.15903,18192.6
002882.SZ,20260511,13500,26.88,362880.0,26.87,0.0054704,0.349158,24678.3
002883.SZ,20260511,473900,9.51,4506789.0,9.54,0.3091,3.16263,15331.6
002884.SZ,20260511,16500,18.78,309870.0,18.79,0.00604235,0.368848,27307.2
002885.SZ,20260511,453820,37.52,17027326.4,37.15,0.191279,1.31081,23725.6
002886.SZ,20260511,49500,24.31,1203345.0,24.1,0.0236754,0.524783,20907.8
002887.SZ,20260511,29700,13.57,403029.0,13.58,0.0136721,0.340233,21723.1
002888.SZ,20260511,22100,20.93,462553.0,20.42,0.0294969,0.766418,7492.3
002889.SZ,20260511,9900,13.41,132759.0,13.41,0.00394036,0.577634,25124.6
002890.SZ,20260511,38548,17.31,667265.88,17.27,0.0238722,0.96487,16147.7
002891.SZ,20260511,47500,33.35,1584125.0,33.31,0.0147562,0.534491,32189.8
002892.SZ,20260511,73100,10.91,797521.0,10.93,0.0145903,0.836236,50101.8
002893.SZ,20260511,34500,11.06,381570.0,11.1,0.0170136,0.268497,20277.9
002895.SZ,20260511,17500,35.27,617225.0,35.3,0.00294137,0.138866,59496.1
002896.SZ,20260511,172200,75.2,12949440.0,76.0,0.0876235,2.34101,19652.3
002897.SZ,20260511,117900,64.55,7610445.0,63.24,0.0646292,0.75267,18242.5
002899.SZ,20260511,18000,34.63,623340.0,34.6,0.0121789,0.44843,14779.7
002900.SZ,20260511,33400,11.52,384768.0,11.59,0.0207296,0.60948,16112.2
002901.SZ,20260511,20500,41.9,858950.0,41.9,0.00710679,0.829494,28845.7
002902.SZ,20260511,982900,38.1,37448490.0,36.18,0.553335,2.4544,17763.2
002903.SZ,20260511,332400,45.65,15174060.0,46.34,0.311628,2.15011,10666.6
002905.SZ,20260511,30700,9.37,287659.0,9.3,0.00878549,0.387213,34944.0
002906.SZ,20260511,36800,31.54,1160672.0,31.44,0.0070147,0.458149,52461.3
002907.SZ,20260511,12600,13.71,172746.0,13.7,0.00375205,0.487184,33581.7
002908.SZ,20260511,35000,8.72,305200.0,8.69,0.0108752,0.602073,32183.5
002909.SZ,20260511,37600,6.77,254552.0,6.75,0.00988442,0.45537,38039.7
002910.SZ,20260511,39600,11.44,453024.0,11.49,0.0231495,0.638053,17106.2
002911.SZ,20260511,43300,11.98,518734.0,11.92,0.00341742,0.537877,126704.0
002912.SZ,20260511,40220,25.28,1016761.6,25.15,0.0247932,1.18364,16222.2
002913.SZ,20260511,78100,59.6,4654760.0,58.45,0.0258879,0.773026,30168.5
002915.SZ,20260511,321900,21.0,6759900.0,21.1,0.111742,2.63401,28807.4
002916.SZ,20260511,110530,325.4,35966462.0,320.37,0.0166258,1.10568,66480.9
002917.SZ,20260511,31700,13.55,429535.0,13.56,0.0121668,0.549127,26054.5
002918.SZ,20260511,1325400,12.73,16872342.0,11.57,0.618792,14.2146,21419.2
002919.SZ,20260511,34400,24.41,839704.0,24.41,0.0130008,0.51648,26459.8
002920.SZ,20260511,65092,105.06,6838565.52,105.05,0.0109101,0.855008,59662.2
002921.SZ,20260511,35200,32.5,1144000.0,32.1,0.0274051,0.390073,12844.3
002922.SZ,20260511,111100,42.57,4729527.0,42.26,0.029587,0.541846,37550.3
002923.SZ,20260511,38480,13.24,509475.2,13.24,0.0149098,0.235771,25808.5
002925.SZ,20260511,41600,21.3,886080.0,21.24,0.00569046,0.26517,73104.8
002926.SZ,20260511,94564,8.66,818924.24,8.69,0.00360244,0.495005,262500.0
002927.SZ,20260511,42000,19.35,812700.0,19.2,0.0190294,0.546602,22071.1
002928.SZ,20260511,632600,8.25,5218950.0,8.39,0.0494901,1.88617,127824.0
002929.SZ,20260511,1443000,78.99,113982570.0,78.23,0.680861,7.27656,21193.8
002930.SZ,20260511,1624684,15.39,25003886.76,16.04,0.374922,5.96288,43333.9
002931.SZ,20260511,178000,62.84,11185520.0,63.12,0.0884457,1.50755,20125.4
002932.SZ,20260511,35700,17.3,617610.0,17.17,0.0228707,0.796694,15609.5
002933.SZ,20260511,44500,31.74,1412430.0,31.73,0.0381177,2.14957,11674.4
002935.SZ,20260511,74500,22.56,1680720.0,22.53,0.0179479,0.402138,41509.1
002936.SZ,20260511,455000,1.83,832650.0,1.84,0.00647291,0.573995,702930.0
002937.SZ,20260511,69600,35.16,2447136.0,35.18,0.023438,0.772004,29695.4
002938.SZ,20260511,268100,76.0,20375600.0,75.54,0.0116089,0.694314,230943.0
002939.SZ,20260511,77100,9.05,697755.0,9.02,0.00214009,0.320128,360266.0
002940.SZ,20260511,90500,31.94,2890570.0,31.98,0.0488464,0.711723,18527.5
002941.SZ,20260511,62168,14.08,875325.44,14.08,0.00851907,0.501181,72975.1
002942.SZ,20260511,8500,19.98,169830.0,19.93,0.00612577,0.390789,13875.8
002943.SZ,20260511,139800,76.3,10666740.0,74.5,0.0959374,0.974465,14572.0
002945.SZ,20260511,20900,15.87,331683.0,15.86,0.000774074,0.150814,270000.0
002946.SZ,20260511,13000,18.81,244530.0,18.8,0.00152814,0.148886,85070.6
002947.SZ,20260511,53500,85.02,4548570.0,83.44,0.0277729,0.389361,19263.4
002948.SZ,20260511,649500,5.69,3695655.0,5.71,0.0208675,0.88962,311250.0
002949.SZ,20260511,18700,14.71,275077.0,14.65,0.0123119,0.356125,15188.6
002950.SZ,20260511,134000,14.43,1933620.0,14.17,0.0311903,0.707205,42962.1
002951.SZ,20260511,213700,16.79,3588023.0,16.71,0.0532752,2.93243,40112.4
002952.SZ,20260511,59700,28.1,1677570.0,28.1,0.0453492,0.610974,13164.5
002953.SZ,20260511,16000,12.1,193600.0,12.08,0.00589728,0.30633,27131.1
002955.SZ,20260511,53000,25.2,1335600.0,25.19,0.0270896,2.08938,19564.7
002956.SZ,20260511,8900,31.69,282041.0,31.71,0.00398702,0.104298,22322.4
002957.SZ,20260511,434200,45.84,19903728.0,45.29,0.103707,1.5592,41867.9
002958.SZ,20260511,190400,3.02,575008.0,3.03,0.00350033,0.34364,543949.0
002959.SZ,20260511,4300,41.03,176429.0,40.92,0.00285679,0.298487,15051.8
002960.SZ,20260511,112940,10.4,1174576.0,10.25,0.0116647,0.588039,96822.1
002961.SZ,20260511,26600,25.9,688940.0,25.84,0.00557732,0.335126,47693.1
002962.SZ,20260511,268020,18.26,4894045.2,17.98,0.128126,1.27017,20918.4
002963.SZ,20260511,11500,18.0,207000.0,17.76,0.00935005,0.198656,12299.4
002965.SZ,20260511,304100,34.44,10473204.0,34.93,0.159703,3.15607,19041.6
002966.SZ,20260511,97100,8.39,814669.0,8.41,0.00220909,0.310705,439548.0
002967.SZ,20260511,152700,22.6,3451020.0,22.3,0.0279043,1.08034,54722.7
002968.SZ,20260511,28900,12.22,353158.0,12.17,0.0135673,0.660637,21301.1
002969.SZ,20260511,1215700,23.51,28581107.0,23.3,0.111298,1.7509,109229.0
002970.SZ,20260511,37800,76.2,2880360.0,75.83,0.0301988,0.355291,12517.1
002971.SZ,20260511,11400,31.16,355224.0,31.15,0.00728894,0.140417,15640.1
002972.SZ,20260511,14900,13.39,199511.0,13.36,0.011066,0.231637,13464.6
002973.SZ,20260511,4600,12.61,58006.0,12.59,0.00144812,0.123201,31765.3
002975.SZ,20260511,147040,100.29,14746641.6,95.85,0.107052,1.35343,13735.4
002976.SZ,20260511,32300,32.71,1056533.0,32.7,0.0484443,0.947292,6667.44
002977.SZ,20260511,52400,28.59,1498116.0,28.15,0.078623,1.15565,6664.72
002978.SZ,20260511,6400,31.88,204032.0,31.72,0.0017331,0.165966,36928.0
002979.SZ,20260511,1124300,50.07,56293701.0,49.51,0.508849,8.72347,22095.0
002980.SZ,20260511,190900,85.0,16226500.0,84.14,0.188474,1.05042,10128.7
002981.SZ,20260511,52500,25.55,1341375.0,25.43,0.0439636,1.40084,11941.7
002982.SZ,20260511,14900,14.57,217093.0,14.52,0.0114535,0.262076,13009.1
002983.SZ,20260511,23900,23.65,565235.0,23.5,0.0186489,0.795427,12815.8
002984.SZ,20260511,76700,16.7,1280890.0,16.77,0.0107434,0.420178,71392.9
002985.SZ,20260511,49160,36.75,1806630.0,36.68,0.0148547,0.544287,33093.9
002986.SZ,20260511,59600,13.63,812348.0,13.51,0.0197457,0.521924,30183.7
002987.SZ,20260511,63800,15.74,1004212.0,15.79,0.00756392,0.711025,84347.8
002988.SZ,20260511,11900,34.87,414953.0,34.82,0.00476434,0.256638,24977.2
002989.SZ,20260511,301600,32.11,9684376.0,31.68,0.164506,2.63619,18333.7
002990.SZ,20260511,261400,62.75,16402850.0,62.75,0.189395,1.45521,13801.9
002991.SZ,20260511,3200,51.8,165760.0,51.8,0.0064085,0.274762,4993.37
002992.SZ,20260511,3900,52.4,204360.0,52.4,0.00249624,0.134159,15623.5
002993.SZ,20260511,26800,52.51,1407268.0,51.68,0.0112394,0.385401,23844.7
002995.SZ,20260511,61500,23.62,1452630.0,23.58,0.0547069,0.613653,11241.7
002996.SZ,20260511,24400,7.59,185196.0,7.57,0.00586104,0.168874,41630.8
002997.SZ,20260511,252200,34.3,8650460.0,33.7,0.120485,4.81986,20932.1
002998.SZ,20260511,115700,10.21,1181297.0,10.19,0.0427742,0.789717,27049.0
002999.SZ,20260511,100500,7.19,722595.0,7.2,0.0292539,0.401863,34354.4
003000.SZ,20260511,28200,11.26,317532.0,11.27,0.00915405,0.641439,30806.0
003001.SZ,20260511,70000,19.33,1353100.0,19.33,0.0651123,1.21102,10750.7
003002.SZ,20260511,35700,27.58,984606.0,27.6,0.0195245,0.864011,18284.7
003003.SZ,20260511,40000,14.16,566400.0,14.02,0.0339569,0.77071,11779.6
003004.SZ,20260511,564600,40.25,22725150.0,38.33,0.821337,95.0186,6874.16
003005.SZ,20260511,11480,18.5,212380.0,18.44,0.00904092,0.553207,12697.8
003006.SZ,20260511,15300,18.18,278154.0,18.21,0.00356999,0.234088,42857.3
003007.SZ,20260511,104900,51.75,5428575.0,51.73,0.144515,1.31491,7258.77
003008.SZ,20260511,12400,23.68,293632.0,23.68,0.0159541,0.563147,7772.32
003009.SZ,20260511,158500,66.96,10613160.0,66.28,0.096243,2.91115,16468.7
003010.SZ,20260511,22800,29.9,681720.0,29.95,0.0100822,0.222078,22614.2
003011.SZ,20260511,44200,24.26,1072292.0,24.05,0.0575183,1.20188,7684.51
003012.SZ,20260511,65700,5.65,371205.0,5.66,0.00579103,0.375541,113451.0
003013.SZ,20260511,10100,13.87,140087.0,13.91,0.00252533,0.396721,39994.7
003015.SZ,20260511,22300,15.18,338514.0,15.17,0.00901647,0.318392,24732.5
003016.SZ,20260511,46200,8.56,395472.0,8.57,0.0112441,0.941384,41088.3
003017.SZ,20260511,6240,32.02,199804.8,32.06,0.00900589,0.209499,6928.8
003018.SZ,20260511,182200,49.68,9051696.0,48.36,0.0767521,1.38114,23738.8
003019.SZ,20260511,19000,36.2,687800.0,36.2,0.0111139,0.335014,17095.7
003020.SZ,20260511,900,23.33,20997.0,23.21,0.000655247,0.0590877,13735.3
003021.SZ,20260511,66300,103.8,6881940.0,103.35,0.0319724,1.38496,20736.6
003022.SZ,20260511,126200,24.21,3055302.0,24.18,0.00945721,0.373568,133443.0
003023.SZ,20260511,35900,31.8,1141620.0,31.73,0.0341513,0.689985,10512.0
003025.SZ,20260511,27600,14.46,399096.0,14.44,0.01219,0.426664,22641.6
003026.SZ,20260511,225200,48.38,10895176.0,47.2,0.232668,0.947377,9679.04
003027.SZ,20260511,205700,25.62,5270034.0,26.08,0.196165,1.98297,10486.1
003028.SZ,20260511,14900,29.0,432100.0,29.06,0.0211233,0.960968,7053.82
003029.SZ,20260511,37700,21.86,824122.0,21.68,0.0214084,1.61778,17609.9
003030.SZ,20260511,17800,22.82,406196.0,22.87,0.0219865,0.611722,8095.89
003031.SZ,20260511,235800,149.67,35292186.0,140.07,0.069321,1.67836,34015.7
003032.SZ,20260511,335500,7.14,2395470.0,7.12,0.117934,6.28536,28448.2
003033.SZ,20260511,8100,58.1,470610.0,58.1,0.0100317,0.555423,8074.36
003035.SZ,20260511,451000,7.93,3576430.0,7.89,0.0119064,0.525398,378788.0
003036.SZ,20260511,627500,44.11,27679025.0,41.91,0.290135,3.38227,21627.8
003037.SZ,20260511,102600,7.22,740772.0,7.19,0.0171264,2.03523,59907.5
003038.SZ,20260511,16000,14.69,235040.0,14.64,0.00980232,0.330349,16322.7
003039.SZ,20260511,29000,14.63,424270.0,14.6,0.00469621,0.602773,61751.9
003040.SZ,20260511,21100,15.2,320720.0,15.19,0.00461858,0.375782,45685.0
003041.SZ,20260511,114800,64.24,7374752.0,64.3,0.0839038,1.48008,13682.3
003042.SZ,20260511,27700,17.37,481149.0,17.37,0.0224654,0.560106,12330.1
003043.SZ,20260511,23880,58.46,1396024.8,57.44,0.0284862,0.642576,8383.02
003816.SZ,20260511,793800,4.68,3714984.0,4.68,0.00201804,0.492044,3933520.0
300001.SZ,20260511,85000,30.09,2557650.0,30.09,0.00821335,0.297864,103490.0
300002.SZ,20260511,292200,10.12,2957064.0,10.15,0.015822,0.689252,184679.0
300003.SZ,20260511,96000,14.48,1390080.0,14.49,0.00608014,0.449072,157891.0
300004.SZ,20260511,24500,13.67,334915.0,13.65,0.00510423,0.179036,47999.4
300005.SZ,20260511,359100,14.31,5138721.0,14.54,0.0409659,0.708861,87658.4
300006.SZ,20260511,277000,6.28,1739560.0,6.27,0.0262355,0.690883,105582.0
300007.SZ,20260511,121500,47.31,5748165.0,47.3,0.042941,0.734411,28294.6
300008.SZ,20260511,308100,8.1,2495610.0,8.1,0.0187034,0.320076,164729.0
300009.SZ,20260511,58400,8.86,517424.0,8.86,0.00474701,0.341899,123025.0
300010.SZ,20260511,2327300,3.31,7703363.0,3.27,0.139918,2.70497,166333.0
300011.SZ,20260511,21800,7.37,160666.0,7.37,0.00429763,0.324897,50725.6
300012.SZ,20260511,72500,16.26,1178850.0,16.16,0.00506553,0.246621,143124.0
300013.SZ,20260511,400800,4.57,1831656.0,4.56,0.0898557,0.917208,44604.9
300014.SZ,20260511,789100,69.8,55079180.0,69.9,0.0373541,0.747061,211249.0
300015.SZ,20260511,318170,10.54,3353511.8,10.55,0.00399944,0.339105,795536.0
300016.SZ,20260511,46800,9.57,447876.0,9.57,0.00832498,0.213892,56216.4
300017.SZ,20260511,2479000,18.1,44869900.0,17.88,0.105875,1.18596,234144.0
300018.SZ,20260511,145500,14.36,2089380.0,14.32,0.0403416,0.693602,36067.0
300019.SZ,20260511,7900,18.22,143938.0,18.29,0.00214319,0.16411,36861.0
300020.SZ,20260511,183200,3.39,621048.0,3.39,0.0238982,1.33183,76658.4
300021.SZ,20260511,178500,4.51,805035.0,4.49,0.0204376,1.20394,87338.9
300022.SZ,20260511,23100,9.41,217371.0,9.36,0.00467398,0.147919,49422.6
300024.SZ,20260511,229064,15.75,3607758.0,15.75,0.0146349,0.765827,156519.0
300025.SZ,20260511,221600,6.0,1329600.0,5.95,0.043738,1.54848,50665.4
300026.SZ,20260511,161600,3.44,555904.0,3.43,0.00538429,0.563619,300133.0
300027.SZ,20260511,2266700,2.01,4556067.0,2.01,0.0883849,1.42133,256458.0
300030.SZ,20260511,37200,8.46,314712.0,8.45,0.013665,0.281638,27222.8
300031.SZ,20260511,156400,23.89,3736396.0,24.09,0.0444442,0.969495,35190.2
300032.SZ,20260511,278000,5.4,1501200.0,5.34,0.0346129,0.673313,80317.0
300033.SZ,20260511,133669,244.2,32641969.8,244.56,0.0304894,0.735931,43841.1
300034.SZ,20260511,207700,21.0,4361700.0,20.8,0.0270775,1.1582,76705.7
300035.SZ,20260511,122600,20.65,2531690.0,20.59,0.0210165,0.21079,58335.1
300036.SZ,20260511,88900,15.85,1409065.0,15.74,0.0202747,0.812337,43847.8
300037.SZ,20260511,250696,66.0,16545936.0,66.0,0.0465351,0.644952,53872.4
300039.SZ,20260511,73600,5.85,430560.0,5.85,0.00802682,0.842679,91692.6
300040.SZ,20260511,194400,7.5,1458000.0,7.49,0.0375742,0.30794,51737.6
300041.SZ,20260511,77400,11.73,907902.0,11.67,0.0142257,0.534728,54408.7
300042.SZ,20260511,1259004,68.38,86090693.52,63.85,0.628303,2.6795,20038.2
300043.SZ,20260511,650100,5.99,3894099.0,5.96,0.0522784,1.39011,124353.0
300044.SZ,20260511,716700,6.8,4873560.0,6.52,0.100185,2.42592,71537.8
300045.SZ,20260511,129300,23.88,3087684.0,23.62,0.0250429,0.607327,51631.3
300046.SZ,20260511,60100,33.62,2020562.0,33.28,0.0254089,0.864842,23653.1
300047.SZ,20260511,162100,12.79,2073259.0,12.79,0.0282448,0.746378,57391.1
300048.SZ,20260511,72500,6.56,475600.0,6.55,0.00641461,0.363788,113023.0
300049.SZ,20260511,92700,55.66,5159682.0,55.95,0.0396764,1.04439,23364.0
300050.SZ,20260511,186500,7.5,1398750.0,7.48,0.0342507,0.497237,54451.5
300051.SZ,20260511,60000,16.62,997200.0,16.42,0.0163303,0.296766,36741.6
300052.SZ,20260511,2044900,15.94,32595706.0,15.25,0.78094,5.70512,26185.1
300053.SZ,20260511,434900,20.38,8863262.0,19.98,0.0668235,0.845588,65081.9
300054.SZ,20260511,450200,65.45,29465590.0,64.19,0.0609901,0.964805,73815.2
300055.SZ,20260511,56800,11.17,634456.0,11.17,0.00959563,0.248918,59193.6
300056.SZ,20260511,190800,12.09,2306772.0,12.26,0.049533,0.539286,38519.8
300057.SZ,20260511,1180626,9.59,11322203.34,9.64,0.154619,0.781704,76356.9
300058.SZ,20260511,11567700,18.88,218398176.0,18.69,0.332603,2.18323,347793.0
300059.SZ,20260511,1275547,20.45,26084936.15,20.49,0.00956343,0.396613,1333780.0
300061.SZ,20260511,145700,9.95,1449715.0,9.84,0.023418,0.522326,62217.0
300062.SZ,20260511,70900,7.89,559401.0,7.83,0.0154683,0.473525,45835.8
300063.SZ,20260511,2855700,12.97,37038429.0,13.02,0.455806,3.36053,62651.7
300065.SZ,20260511,738300,27.0,19934100.0,26.82,0.112433,0.942832,65665.7
300066.SZ,20260511,43600,6.39,278604.0,6.35,0.0043683,0.219942,99809.9
300067.SZ,20260511,1258260,7.6,9562776.0,7.62,0.134248,0.597269,93726.4
300068.SZ,20260511,2201400,5.47,12041658.0,5.48,0.257871,2.10802,85368.2
300070.SZ,20260511,106300,3.91,415633.0,3.92,0.00309482,0.285166,343477.0
300071.SZ,20260511,574300,5.08,2917444.0,5.1,0.0607499,1.11132,94535.1
300072.SZ,20260511,826800,4.48,3704064.0,4.49,0.0354643,1.93349,233136.0
300073.SZ,20260511,220100,62.8,13822280.0,62.59,0.0435005,0.777144,50597.1
300074.SZ,20260511,136900,4.52,618788.0,4.47,0.0248982,0.48582,54983.9
300075.SZ,20260511,268000,14.4,3859200.0,14.53,0.0519946,1.5965,51543.8
300076.SZ,20260511,68700,4.88,335256.0,4.83,0.0162028,0.218664,42400.0
300077.SZ,20260511,1192900,25.34,30228086.0,25.59,0.210638,1.75289,56632.8
300078.SZ,20260511,402400,4.06,1633744.0,4.07,0.0361426,1.65704,111337.0
300079.SZ,20260511,626900,5.82,3648558.0,5.78,0.04892,2.01138,128148.0
300080.SZ,20260511,85900,4.56,391704.0,4.53,0.00459154,0.37028,187083.0
300081.SZ,20260511,73800,4.15,306270.0,4.1,0.0122048,0.445702,60468.1
300082.SZ,20260511,116000,12.08,1401280.0,12.12,0.017101,0.286658,67832.1
300083.SZ,20260511,2273000,10.4,23639200.0,10.41,0.152333,0.955504,149212.0
300084.SZ,20260511,199700,12.19,2434343.0,12.13,0.0559869,1.05537,35669.1
300085.SZ,20260511,268400,40.77,10942668.0,40.93,0.0411648,0.642816,65201.3
300086.SZ,20260511,572300,7.62,4360926.0,7.62,0.129869,2.26586,44067.5
300087.SZ,20260511,237200,8.45,2004340.0,8.33,0.0262885,1.70711,90229.6
300088.SZ,20260511,954700,7.37,7036139.0,7.27,0.0384107,0.649761,248550.0
300091.SZ,20260511,81500,3.16,257540.0,3.16,0.00498342,0.450177,163542.0
300092.SZ,20260511,16000,16.93,270880.0,16.91,0.0076239,0.277852,20986.6
300093.SZ,20260511,11900,22.59,268821.0,22.66,0.00515201,0.244831,23097.8
300094.SZ,20260511,192000,3.24,622080.0,3.22,0.0173674,0.398326,110552.0
300095.SZ,20260511,611100,11.27,6887097.0,11.05,0.192369,3.18891,31767.0
300096.SZ,20260511,13100,9.84,128904.0,9.92,0.00304651,0.16712,43000.0
300097.SZ,20260511,89600,11.49,1029504.0,11.43,0.0331841,0.47174,27000.8
300098.SZ,20260511,558200,5.89,3287798.0,5.86,0.0362058,0.580969,154174.0
300099.SZ,20260511,111400,9.89,1101746.0,9.75,0.0191633,0.414603,58131.8
300100.SZ,20260511,180800,31.1,5622880.0,31.32,0.0328038,1.55395,55115.6
300101.SZ,20260511,78700,21.69,1707003.0,21.58,0.0139051,0.323592,56597.9
300102.SZ,20260511,1090300,33.93,36993879.0,33.07,0.119038,1.62998,91592.4
300103.SZ,20260511,122900,8.46,1039734.0,8.46,0.0387281,1.01382,31734.1
300105.SZ,20260511,21500,6.9,148350.0,6.9,0.00417093,0.23552,51547.3
300106.SZ,20260511,252300,14.0,3532200.0,14.03,0.119385,1.23093,21133.2
300107.SZ,20260511,21300,7.39,157407.0,7.38,0.00613156,0.130656,34738.3
300109.SZ,20260511,57947,20.45,1185016.15,20.35,0.0129561,0.441091,44725.6
300110.SZ,20260511,25900,3.09,80031.0,3.09,0.00219273,0.10288,118118.0
300111.SZ,20260511,160400,4.06,651224.0,4.06,0.0124611,0.487127,128721.0
300112.SZ,20260511,55600,8.69,483164.0,8.59,0.0234001,0.796641,23760.6
300113.SZ,20260511,170633,28.5,4863040.5,28.3,0.0335218,0.349278,50902.0
300115.SZ,20260511,692009,36.38,25175287.42,36.36,0.0509836,1.19264,135732.0
300118.SZ,20260511,592900,18.8,11146520.0,18.7,0.0639715,0.656221,92682.0
300119.SZ,20260511,7300,17.9,130670.0,17.93,0.00218801,0.203493,33363.6
300120.SZ,20260511,393400,7.63,3001642.0,7.69,0.0745857,2.67452,52744.7
300121.SZ,20260511,119800,12.27,1469946.0,12.22,0.027902,1.28532,42936.0
300122.SZ,20260511,433000,15.43,6681190.0,15.47,0.0306157,2.38045,141431.0
300123.SZ,20260511,1044400,4.63,4835572.0,4.6,0.105068,1.24954,99402.0
300124.SZ,20260511,463610,75.5,35002555.0,75.0,0.0192357,0.685564,241016.0
300125.SZ,20260511,30900,10.08,311472.0,10.08,0.00856406,0.382501,36081.0
300126.SZ,20260511,93900,8.32,781248.0,8.2,0.0445763,1.89468,21065.0
300127.SZ,20260511,52400,32.25,1689900.0,32.06,0.0227021,0.652053,23081.6
300128.SZ,20260511,198400,6.97,1382848.0,6.91,0.0152914,0.421352,129747.0
300129.SZ,20260511,456900,12.95,5916855.0,12.73,0.0635722,1.14115,71871.0
300130.SZ,20260511,37700,23.22,875394.0,23.13,0.00868341,0.498252,43416.1
300131.SZ,20260511,1652400,18.1,29908440.0,18.02,0.158539,1.31592,104227.0
300132.SZ,20260511,11600,8.94,103704.0,8.93,0.0022831,0.0470571,50808.1
300133.SZ,20260511,3227400,9.29,29982546.0,9.13,0.19252,1.64685,167640.0
300134.SZ,20260511,101600,11.72,1190752.0,11.7,0.0132378,0.661028,76749.8
300135.SZ,20260511,51700,4.06,209902.0,4.06,0.00560981,0.183418,92160.0
300136.SZ,20260511,1441797,106.8,153983919.6,101.35,0.174721,1.34667,82520.0
300137.SZ,20260511,422400,19.08,8059392.0,19.52,0.079693,0.866057,53003.4
300138.SZ,20260511,18739,11.41,213811.99,11.41,0.00470459,0.248911,39831.3
300139.SZ,20260511,530012,58.68,31101104.16,59.61,0.226831,1.52095,23365.9
300140.SZ,20260511,36300,6.61,239943.0,6.61,0.0035584,0.168088,102012.0
300141.SZ,20260511,37100,13.39,496769.0,13.39,0.0145708,0.657465,25461.9
300142.SZ,20260511,830800,13.48,11199184.0,13.35,0.0526777,1.14493,157714.0
300143.SZ,20260511,25500,11.39,290445.0,11.36,0.00397656,0.286099,64125.8
300144.SZ,20260511,272400,7.56,2059344.0,7.58,0.0104875,1.09787,259738.0
300145.SZ,20260511,337500,5.08,1714500.0,5.05,0.0176625,0.594914,191083.0
300146.SZ,20260511,125400,10.59,1327986.0,10.56,0.0111896,0.87579,112068.0
300147.SZ,20260511,119000,10.67,1269730.0,10.57,0.0181025,0.689201,65736.7
300148.SZ,20260511,129100,4.25,548675.0,4.26,0.0158577,0.498138,81411.5
300149.SZ,20260511,165300,10.15,1677795.0,10.05,0.034832,1.06058,47456.3
300150.SZ,20260511,51700,5.18,267806.0,5.18,0.0111503,0.570234,46366.3
300151.SZ,20260511,76300,19.35,1476405.0,18.96,0.0206968,0.516125,36865.7
300152.SZ,20260511,369000,1.96,723240.0,1.95,0.0517697,0.91751,71277.3
300153.SZ,20260511,87697,30.87,2707206.39,30.3,0.0275491,0.271367,31833.0
300154.SZ,20260511,76600,10.08,772128.0,10.05,0.0243055,0.493014,31515.4
300155.SZ,20260511,43800,5.22,228636.0,5.19,0.0132952,0.450472,32944.3
300157.SZ,20260511,181700,5.88,1068396.0,5.84,0.0256702,0.424779,70782.5
300158.SZ,20260511,61100,5.85,357435.0,5.87,0.00616242,0.30594,99149.3
300159.SZ,20260511,428600,3.8,1628680.0,3.74,0.0233973,0.825155,183184.0
300160.SZ,20260511,14900,5.28,78672.0,5.28,0.00195497,0.208613,76216.0
300161.SZ,20260511,113600,39.31,4465616.0,40.01,0.0582581,0.556181,19499.4
300162.SZ,20260511,312100,9.33,2911893.0,9.05,0.0912142,1.15327,34216.2
300163.SZ,20260511,192400,4.48,861952.0,4.49,0.0421379,0.967914,45659.6
300164.SZ,20260511,544900,13.58,7399742.0,13.23,0.0934311,0.71729,58321.1
300165.SZ,20260511,617100,8.35,5152785.0,8.47,0.146742,0.910616,42053.5
300166.SZ,20260511,3194200,20.11,64235362.0,19.35,0.352654,1.6233,90575.9
300167.SZ,20260511,164800,5.67,934416.0,5.66,0.0465425,1.17121,35408.5
300168.SZ,20260511,122000,5.95,725900.0,5.9,0.00847703,0.367401,143918.0
300169.SZ,20260511,111700,6.55,731635.0,6.56,0.0370191,0.991857,30173.6
300170.SZ,20260511,1848588,23.28,43035128.64,23.43,0.189243,1.84938,97683.0
300171.SZ,20260511,63900,13.42,857538.0,13.29,0.0113568,0.611792,56265.7
300172.SZ,20260511,376900,5.48,2065412.0,5.47,0.0720739,2.12168,52293.6
300173.SZ,20260511,64000,4.27,273280.0,4.24,0.00871073,0.55751,73472.6
300174.SZ,20260511,42500,18.0,765000.0,17.97,0.011734,0.284123,36219.5
300175.SZ,20260511,51200,6.5,332800.0,6.46,0.0108751,0.828967,47080.0
300176.SZ,20260511,295200,7.06,2084112.0,7.03,0.0762238,1.61553,38728.1
300177.SZ,20260511,67600,8.6,581360.0,8.57,0.0111495,0.503328,60630.3
300179.SZ,20260511,910000,31.08,28282800.0,29.44,0.243327,1.84565,37398.2
300180.SZ,20260511,126700,5.49,695583.0,5.47,0.00739781,0.554514,171267.0
300181.SZ,20260511,62500,15.22,951250.0,15.22,0.0103664,0.63935,60291.1
300182.SZ,20260511,1326200,6.05,8023510.0,6.04,0.0586979,0.949167,225937.0
300183.SZ,20260511,106100,13.74,1457814.0,13.63,0.0285961,1.13941,37102.9
300184.SZ,20260511,839580,15.17,12736428.6,14.91,0.0796563,0.582896,105400.0
300185.SZ,20260511,777500,3.3,2565750.0,3.3,0.0202156,0.509537,384603.0
300187.SZ,20260511,306900,5.88,1804572.0,5.88,0.0478129,0.605549,64187.7
300188.SZ,20260511,276800,13.01,3601168.0,13.03,0.032355,2.53502,85550.9
300189.SZ,20260511,353300,6.28,2218724.0,6.22,0.0398646,0.602581,88625.0
300190.SZ,20260511,172000,4.25,731000.0,4.26,0.0182157,0.630624,94424.2
300191.SZ,20260511,86800,37.65,3268020.0,37.32,0.0392414,0.437889,22119.5
300192.SZ,20260511,30700,20.23,621061.0,20.09,0.0094567,0.316007,32463.8
300193.SZ,20260511,77700,8.95,695415.0,8.92,0.0185275,0.996211,41937.6
300194.SZ,20260511,143800,4.13,593894.0,4.13,0.0148501,1.48434,96834.4
300195.SZ,20260511,161300,7.06,1138778.0,7.02,0.0513915,1.15753,31386.5
300196.SZ,20260511,334200,22.18,7412556.0,21.82,0.135344,1.04983,24692.6
300197.SZ,20260511,299900,1.67,500833.0,1.67,0.0101139,0.437739,296522.0
300198.SZ,20260511,141500,2.47,349505.0,2.48,0.0137885,0.796332,102622.0
300199.SZ,20260511,139000,20.41,2836990.0,20.44,0.0186535,0.288638,74516.7
300200.SZ,20260511,78000,10.22,797160.0,10.22,0.0183996,0.470283,42392.1
300201.SZ,20260511,233700,13.04,3047448.0,12.88,0.0232849,0.539866,100365.0
300203.SZ,20260511,70900,14.1,999690.0,14.16,0.0158135,0.610972,44835.1
300204.SZ,20260511,201000,27.91,5609910.0,27.92,0.0443173,0.823442,45354.7
300205.SZ,20260511,12700,6.02,76454.0,5.99,0.0029531,0.331044,43005.6
300206.SZ,20260511,44100,14.79,652239.0,14.87,0.0130327,0.436362,33838.0
300207.SZ,20260511,398262,26.71,10637578.02,26.73,0.023238,0.517488,171384.0
300209.SZ,20260511,1692900,22.99,38919771.0,23.24,0.230465,1.11009,73456.0
300210.SZ,20260511,234800,10.31,2420788.0,10.12,0.0484904,0.852682,48422.0
300211.SZ,20260511,116100,9.34,1084374.0,9.28,0.0388968,2.75894,29848.2
300212.SZ,20260511,901344,6.23,5615373.12,6.22,0.129038,1.56551,69851.2
300213.SZ,20260511,53300,8.65,461045.0,8.62,0.00965192,0.401674,55222.2
300214.SZ,20260511,773400,8.77,6782718.0,8.91,0.166357,2.11154,46490.3
300215.SZ,20260511,86300,8.83,762029.0,8.83,0.0115206,0.299347,74909.4
300217.SZ,20260511,112600,5.33,600158.0,5.32,0.0090703,0.408239,124141.0
300218.SZ,20260511,15000,15.28,229200.0,15.28,0.00693557,0.285603,21627.6
300219.SZ,20260511,81400,8.07,656898.0,8.03,0.0115193,0.374396,70664.1
300220.SZ,20260511,19300,14.85,286605.0,14.79,0.0127798,0.576847,15101.9
300221.SZ,20260511,74700,11.68,872496.0,11.68,0.0163399,0.459053,45716.4
300222.SZ,20260511,148300,12.52,1856716.0,12.39,0.0233984,0.436149,63380.4
300223.SZ,20260511,440124,140.57,61868230.68,133.88,0.104649,1.21026,42057.1
300224.SZ,20260511,97100,13.75,1335125.0,13.71,0.0104716,0.434606,92727.4
300225.SZ,20260511,196600,6.55,1287730.0,6.51,0.0416485,0.994341,47204.6
300226.SZ,20260511,48100,25.6,1231360.0,25.48,0.0156957,0.510806,30645.3
300227.SZ,20260511,37700,11.76,443352.0,11.73,0.00870534,0.177298,43306.8
300228.SZ,20260511,128300,9.34,1198322.0,9.32,0.0229556,0.442303,55890.4
300229.SZ,20260511,247400,19.63,4856462.0,19.49,0.0283381,0.83375,87303.0
300230.SZ,20260511,39300,5.15,202395.0,5.14,0.00623985,0.251442,62982.2
300231.SZ,20260511,53100,11.33,601623.0,11.29,0.0119521,0.305066,44427.3
300232.SZ,20260511,137600,6.59,906784.0,6.51,0.0155368,0.589688,88564.2
300233.SZ,20260511,44600,16.2,722520.0,16.21,0.0120601,0.486695,36981.5
300234.SZ,20260511,315813,7.21,2277011.73,7.14,0.0918096,1.47791,34398.7
300235.SZ,20260511,36800,13.84,509312.0,13.84,0.0181162,0.44652,20313.3
300236.SZ,20260511,83800,93.86,7865468.0,91.8,0.0300844,0.474868,27855.0
300237.SZ,20260511,456200,2.31,1053822.0,2.31,0.0316388,2.37498,144190.0
300238.SZ,20260511,32700,14.33,468591.0,14.34,0.0123334,0.818274,26513.4
300239.SZ,20260511,20700,5.6,115920.0,5.59,0.00350989,0.227191,58976.2
300240.SZ,20260511,44800,6.99,313152.0,6.96,0.0123296,0.616822,36335.3
300241.SZ,20260511,234400,7.24,1697056.0,7.18,0.0398685,0.567947,58793.3
300242.SZ,20260511,121000,4.99,603790.0,4.98,0.0190685,0.599984,63455.5
300243.SZ,20260511,234200,18.28,4281176.0,18.27,0.120073,0.758598,19504.8
300244.SZ,20260511,1327800,21.09,28003302.0,21.09,0.264787,3.27521,50145.9
300245.SZ,20260511,395250,8.12,3209430.0,8.12,0.129855,1.31861,30437.9
300246.SZ,20260511,98500,18.9,1861650.0,18.71,0.0466102,0.648687,21132.7
300247.SZ,20260511,559500,4.76,2663220.0,4.78,0.0696745,2.3045,80302.0
300248.SZ,20260511,51000,10.25,522750.0,10.18,0.0124681,0.619397,40904.2
300249.SZ,20260511,193300,18.67,3608911.0,18.45,0.0516693,0.551479,37411.0
300250.SZ,20260511,336660,21.16,7123725.6,21.29,0.213855,2.89963,15742.4
300251.SZ,20260511,441500,14.81,6538615.0,14.9,0.0159078,0.769235,277537.0
300252.SZ,20260511,324160,16.15,5235184.0,16.02,0.0580122,0.830053,55877.9
300253.SZ,20260511,1950501,9.52,18568769.52,9.54,0.107733,1.93961,181050.0
300254.SZ,20260511,160100,14.26,2283026.0,13.97,0.0708621,0.639924,22593.2
300255.SZ,20260511,97400,45.68,4449232.0,46.09,0.0106144,0.387454,91762.3
300256.SZ,20260511,98200,3.46,339772.0,3.44,0.0043773,0.458634,224339.0
300257.SZ,20260511,146500,34.7,5083550.0,34.7,0.0153453,0.821142,95469.0
300258.SZ,20260511,958000,13.79,13210820.0,14.06,0.168102,3.81911,56989.2
300259.SZ,20260511,40900,4.5,184050.0,4.48,0.00349712,0.3032,116953.0
300260.SZ,20260511,51800,53.89,2791502.0,53.12,0.0180088,0.295269,28763.7
300261.SZ,20260511,63300,6.07,384231.0,6.06,0.00671383,0.533199,94283.0
300263.SZ,20260511,220500,11.41,2515905.0,11.31,0.0226031,0.505952,97552.8
300264.SZ,20260511,253300,8.99,2277167.0,8.79,0.068388,1.01195,37038.6
300265.SZ,20260511,580900,19.94,11583146.0,19.49,0.12431,1.22744,46730.0
300266.SZ,20260511,75400,2.31,174174.0,2.31,0.00485499,0.290173,155304.0
300267.SZ,20260511,1337900,4.44,5940276.0,4.34,0.0940612,1.13629,142237.0
300268.SZ,20260511,20300,14.28,289884.0,14.43,0.0151824,1.53606,13370.8
300269.SZ,20260511,149400,6.48,968112.0,6.46,0.0284204,0.640215,52567.8
300270.SZ,20260511,330700,15.22,5033254.0,15.22,0.126739,1.92279,26093.0
300271.SZ,20260511,84700,6.67,564949.0,6.66,0.0106626,0.689383,79436.6
300272.SZ,20260511,123200,7.57,932624.0,7.57,0.0265262,0.756207,46444.7
300274.SZ,20260511,339900,140.16,47640384.0,139.85,0.0213772,0.461965,159001.0
300275.SZ,20260511,63900,11.37,726543.0,11.29,0.0235393,1.15558,27146.1
300276.SZ,20260511,206100,7.45,1535445.0,7.44,0.0194963,0.743225,105712.0
300277.SZ,20260511,112300,18.83,2114609.0,18.75,0.0146691,0.404068,76555.4
300278.SZ,20260511,222200,5.07,1126554.0,5.05,0.0157651,0.876202,140945.0
300279.SZ,20260511,81500,8.05,656075.0,7.95,0.016737,0.388719,48694.4
300281.SZ,20260511,20700,7.56,156492.0,7.57,0.00520983,0.245494,39732.6
300283.SZ,20260511,2982700,17.51,52227077.0,16.98,0.812241,2.7779,36721.9
300284.SZ,20260511,75400,6.95,524030.0,6.92,0.00640185,0.642317,117778.0
300285.SZ,20260511,414200,39.02,16162084.0,38.29,0.04852,0.869357,85366.9
300286.SZ,20260511,19700,25.15,495455.0,25.14,0.00948141,0.393707,20777.5
300287.SZ,20260511,161600,4.48,723968.0,4.47,0.0122583,0.516812,131830.0
300288.SZ,20260511,27000,12.76,344520.0,12.74,0.0105235,0.620613,25656.9
300289.SZ,20260511,29200,6.76,197392.0,6.75,0.00537598,0.409101,54315.6
300290.SZ,20260511,761200,16.94,12894728.0,16.6,0.119023,2.49983,63954.2
300291.SZ,20260511,252000,6.49,1635480.0,6.53,0.0271007,0.900212,92986.5
300292.SZ,20260511,1426700,5.71,8146457.0,5.51,0.127847,1.77944,111594.0
300293.SZ,20260511,26800,19.29,516972.0,19.12,0.00791873,0.318548,33843.8
300294.SZ,20260511,30600,17.82,545292.0,17.73,0.00606843,0.614818,50424.9
300295.SZ,20260511,102400,12.3,1259520.0,12.46,0.0611145,0.937807,16755.4
300296.SZ,20260511,574500,6.77,3889365.0,6.71,0.025258,0.572496,227453.0
300298.SZ,20260511,22254,16.99,378095.46,17.04,0.00493532,0.271293,45091.3
300299.SZ,20260511,160000,6.44,1030400.0,6.38,0.0232145,0.663892,68922.3
300300.SZ,20260511,576700,13.3,7670110.0,13.24,0.0864871,0.930328,66680.5
300301.SZ,20260511,200100,3.61,722361.0,3.66,0.0253355,1.06806,78979.9
300302.SZ,20260511,1698500,40.0,67940000.0,35.5,0.46053,2.47239,36881.4
300303.SZ,20260511,1052900,10.67,11234443.0,10.67,0.079246,0.755882,132865.0
300304.SZ,20260511,70500,13.07,921435.0,12.99,0.00825029,0.273238,85451.6
300305.SZ,20260511,48400,6.78,328152.0,6.74,0.0150556,0.618183,32147.6
300306.SZ,20260511,19600,12.85,251860.0,12.85,0.0124364,0.687576,15760.2
300307.SZ,20260511,50500,7.22,364610.0,7.19,0.00641759,0.232056,78689.9
300308.SZ,20260511,233500,889.06,207595510.0,886.0,0.0210682,0.935004,110831.0
300310.SZ,20260511,177900,5.99,1065621.0,5.95,0.0257314,0.738932,69137.3
300311.SZ,20260511,79700,5.57,443929.0,5.59,0.0148304,0.791855,53740.9
300313.SZ,20260511,31400,9.01,282914.0,8.99,0.0159106,0.707172,19735.3
300314.SZ,20260511,4800,11.79,56592.0,11.76,0.00333933,0.161524,14374.1
300315.SZ,20260511,472800,5.18,2449104.0,5.18,0.0186033,0.561377,254148.0
300316.SZ,20260511,116600,46.21,5388086.0,45.98,0.0094677,0.371247,123156.0
300317.SZ,20260511,889100,5.39,4792249.0,5.39,0.107261,0.892666,82891.3
300318.SZ,20260511,30700,5.75,176525.0,5.72,0.00387421,0.441451,79241.9
300319.SZ,20260511,107400,13.14,1411236.0,13.1,0.0127436,0.321359,84277.8
300320.SZ,20260511,9100,9.92,90272.0,9.92,0.00187501,0.0703639,48533.0
300321.SZ,20260511,164100,44.68,7331988.0,43.92,0.185014,6.8656,8869.59
300322.SZ,20260511,299000,32.58,9741420.0,32.0,0.0678881,1.09055,44043.1
300323.SZ,20260511,1506600,13.7,20640420.0,13.28,0.126851,1.04251,118769.0
300324.SZ,20260511,241800,5.17,1250106.0,5.13,0.0141404,0.415009,170999.0
300326.SZ,20260511,84000,7.2,604800.0,7.22,0.0117201,0.657888,71671.8
300327.SZ,20260511,45800,27.88,1276904.0,27.57,0.0135161,0.435945,33885.4
300328.SZ,20260511,171947,18.25,3138032.75,18.29,0.0250271,0.364635,68704.2
300329.SZ,20260511,33900,14.78,501042.0,14.66,0.0134449,0.64635,25214.0
300331.SZ,20260511,34400,55.3,1902320.0,55.06,0.0154864,0.273413,22213.1
300332.SZ,20260511,179800,5.66,1017668.0,5.66,0.0216611,0.54284,83005.8
300333.SZ,20260511,65400,9.52,622608.0,9.45,0.0195352,0.842091,33478.0
300334.SZ,20260511,40300,8.3,334490.0,8.3,0.0133431,0.431132,30203.0
300335.SZ,20260511,119900,6.84,820116.0,6.81,0.031211,0.653024,38415.9
300337.SZ,20260511,643600,15.16,9756976.0,15.27,0.0904682,1.3162,71141.0
300338.SZ,20260511,59200,3.58,211936.0,3.6,0.0169173,0.605805,34993.7
300339.SZ,20260511,384400,47.15,18124460.0,47.8,0.0494287,0.847825,77768.6
300340.SZ,20260511,12100,11.41,138061.0,11.43,0.00442473,0.163822,27346.3
300341.SZ,20260511,36700,15.7,576190.0,15.72,0.00712112,0.536711,51536.9
300342.SZ,20260511,950841,68.4,65037524.4,68.4,0.22704,1.38097,41879.9
300343.SZ,20260511,221600,6.75,1495800.0,6.74,0.0207837,1.7159,106622.0
300345.SZ,20260511,287400,7.32,2103768.0,7.32,0.0599254,0.902753,47959.6
300346.SZ,20260511,239200,55.02,13160784.0,54.12,0.036464,0.489116,65599.0
300347.SZ,20260511,39900,51.2,2042880.0,51.16,0.0070468,0.229528,56621.4
300348.SZ,20260511,32300,12.27,396321.0,12.2,0.0045306,0.221022,71292.9
300349.SZ,20260511,107800,14.43,1555554.0,14.2,0.0291572,1.01622,36972.0
300350.SZ,20260511,60800,5.45,331360.0,5.44,0.0128932,0.464825,47156.5
300351.SZ,20260511,265900,26.05,6926695.0,25.01,0.100945,1.35947,26341.1
300352.SZ,20260511,3576740,3.74,13377007.6,3.82,0.280281,3.33978,127613.0
300353.SZ,20260511,121600,19.95,2425920.0,19.96,0.022516,0.808766,54006.1
300354.SZ,20260511,21100,39.27,828597.0,39.22,0.0259504,0.709283,8130.9
300355.SZ,20260511,386300,3.7,1429310.0,3.68,0.0282736,1.86944,136629.0
300357.SZ,20260511,43500,25.15,1094025.0,25.17,0.0089892,0.444769,48391.4
300358.SZ,20260511,86600,9.99,865134.0,9.96,0.0123485,0.464965,70130.0
300359.SZ,20260511,41400,5.05,209070.0,5.03,0.00653717,0.411554,63330.2
300360.SZ,20260511,100500,15.09,1516545.0,14.89,0.0200889,1.24835,50027.7
300363.SZ,20260511,49700,20.71,1029287.0,20.53,0.00996279,0.311673,49885.6
300364.SZ,20260511,924000,31.64,29235360.0,31.38,0.13991,1.50376,66042.5
300365.SZ,20260511,198300,6.13,1215579.0,6.06,0.0387513,1.22771,51172.5
300366.SZ,20260511,114500,5.89,674405.0,5.84,0.0215833,0.977715,53050.2
300368.SZ,20260511,577200,12.39,7151508.0,12.54,0.109123,1.15136,52894.3
300369.SZ,20260511,798300,7.79,6218757.0,7.75,0.0988358,2.10612,80770.3
300370.SZ,20260511,186000,2.62,487320.0,2.61,0.0119119,0.747999,156147.0
300371.SZ,20260511,28400,13.88,394192.0,13.7,0.0202863,0.886406,13999.6
300373.SZ,20260511,166801,77.8,12977117.8,76.64,0.0307672,0.85373,54213.8
300374.SZ,20260511,96200,14.25,1370850.0,14.22,0.0391242,3.46959,24588.3
300375.SZ,20260511,96900,5.0,484500.0,5.0,0.0183437,0.673917,52824.8
300376.SZ,20260511,567460,6.07,3444482.2,6.06,0.0243813,2.26844,232743.0
300377.SZ,20260511,103600,17.8,1844080.0,17.8,0.0149945,0.368736,69092.2
300378.SZ,20260511,247900,43.4,10758860.0,43.4,0.0919816,1.6821,26951.0
300380.SZ,20260511,14200,37.75,536050.0,37.56,0.011149,0.193627,12736.6
300381.SZ,20260511,103900,7.31,759509.0,7.37,0.0212326,0.501281,48934.1
300382.SZ,20260511,145400,16.98,2468892.0,16.57,0.0224266,0.478967,64833.8
300383.SZ,20260511,1408600,17.85,25143510.0,17.22,0.0785038,1.03059,179431.0
300384.SZ,20260511,36000,14.68,528480.0,14.58,0.0163552,1.116,22011.3
300385.SZ,20260511,237640,16.52,3925812.8,16.5,0.081758,1.4947,29066.3
300386.SZ,20260511,18100,13.08,236748.0,13.05,0.00721812,0.405832,25075.8
300387.SZ,20260511,45700,9.18,419526.0,9.18,0.0158155,0.476455,28895.7
300388.SZ,20260511,32800,8.37,274536.0,8.36,0.00481615,0.52642,68104.2
300389.SZ,20260511,63300,16.72,1058376.0,16.6,0.0288465,0.509785,21943.7
300390.SZ,20260511,949598,104.0,98758192.0,103.45,0.141253,1.12698,67226.8
300393.SZ,20260511,725300,11.95,8667335.0,11.74,0.0758757,1.23405,95590.5
300394.SZ,20260511,414900,333.33,138298617.0,326.3,0.0533567,1.05356,77759.7
300395.SZ,20260511,397208,133.0,52828664.0,128.66,0.0776545,0.970606,51150.7
300396.SZ,20260511,263300,8.54,2248582.0,8.54,0.0967079,2.38461,27226.3
300397.SZ,20260511,311200,13.86,4313232.0,13.88,0.0762441,1.29619,40816.3
300398.SZ,20260511,1617963,37.01,59880810.63,35.27,0.286949,2.84236,56385.0
300399.SZ,20260511,86500,22.95,1985175.0,22.95,0.0437796,1.55847,19758.1
300400.SZ,20260511,196900,30.07,5920783.0,30.25,0.0814262,1.09447,24181.4
300401.SZ,20260511,472800,14.38,6798864.0,13.84,0.0883902,3.4198,53490.1
300402.SZ,20260511,52500,19.28,1012200.0,19.24,0.0215501,1.56879,24361.8
300403.SZ,20260511,142600,11.85,1689810.0,11.87,0.0333912,1.22592,42705.9
300404.SZ,20260511,38000,10.81,410780.0,10.79,0.0133127,0.310851,28544.2
300405.SZ,20260511,108600,7.17,778662.0,7.14,0.0496291,0.522004,21882.3
300406.SZ,20260511,56000,13.13,735280.0,13.08,0.0131975,0.755102,42432.2
300407.SZ,20260511,9600,13.6,130560.0,13.62,0.00370769,0.115314,25892.1
300408.SZ,20260511,188000,87.58,16465040.0,85.85,0.0100545,0.509936,186980.0
300409.SZ,20260511,166400,27.99,4657536.0,27.96,0.0242039,0.362355,68749.3
300410.SZ,20260511,140900,10.06,1417454.0,10.06,0.0383804,0.691411,36711.5
300411.SZ,20260511,18100,10.58,191498.0,10.48,0.00585542,0.475831,30911.6
300412.SZ,20260511,48400,5.37,259908.0,5.35,0.0103449,0.431909,46786.2
300413.SZ,20260511,352600,20.5,7228300.0,20.22,0.0345111,2.10325,102170.0
300414.SZ,20260511,128400,14.98,1923432.0,14.94,0.0409517,1.34441,31354.0
300415.SZ,20260511,30800,25.5,785400.0,25.28,0.00679773,0.291355,45309.2
300416.SZ,20260511,122400,18.08,2212992.0,17.84,0.0242398,0.769853,50495.4
300417.SZ,20260511,59800,15.47,925106.0,15.25,0.0715393,1.02708,8359.04
300418.SZ,20260511,488900,54.0,26400600.0,53.83,0.038972,0.801828,125449.0
300419.SZ,20260511,235700,7.0,1649900.0,6.98,0.0640918,1.46004,36775.4
300420.SZ,20260511,42700,3.73,159271.0,3.73,0.00382522,0.222545,111627.0
300421.SZ,20260511,346300,26.85,9298155.0,27.25,0.150367,2.21612,23030.3
300422.SZ,20260511,243500,5.87,1429345.0,5.89,0.0471271,0.608173,51668.8
300423.SZ,20260511,64500,8.17,526965.0,8.16,0.0193583,0.615476,33319.0
300424.SZ,20260511,240600,19.14,4605084.0,19.07,0.0980877,2.19057,24529.1
300425.SZ,20260511,6400,4.97,31808.0,4.96,0.000940156,0.0740252,68073.8
300426.SZ,20260511,102200,7.38,754236.0,7.27,0.02555,1.05071,40000.0
300427.SZ,20260511,81800,11.38,930884.0,11.29,0.0162623,0.406738,50300.5
300428.SZ,20260511,35100,21.64,759564.0,21.54,0.00588175,0.290698,59676.1
300429.SZ,20260511,198100,14.92,2955652.0,14.96,0.0494672,1.0216,40046.7
300430.SZ,20260511,29889538,7.03,210123452.14,8.71,11.5026,1564.43,25985.0
300432.SZ,20260511,218250,27.17,5929852.5,27.17,0.0129089,0.324226,169070.0
300433.SZ,20260511,1549400,28.86,44715684.0,28.55,0.0311769,1.87493,496970.0
300434.SZ,20260511,48400,11.58,560472.0,11.6,0.0141473,0.282754,34211.5
300435.SZ,20260511,230600,22.75,5246150.0,23.1,0.0625247,1.39011,36881.4
300436.SZ,20260511,118400,115.45,13669280.0,115.75,0.0865991,1.2852,13672.2
300437.SZ,20260511,51700,16.66,861322.0,16.59,0.0297553,0.390173,17375.1
300438.SZ,20260511,429075,84.76,36368397.0,85.0,0.106164,0.744094,40416.4
300439.SZ,20260511,11400,10.31,117534.0,10.33,0.00389968,0.225761,29233.2
300440.SZ,20260511,30500,19.45,593225.0,19.33,0.00696631,0.21241,43782.2
300441.SZ,20260511,62500,7.15,446875.0,7.16,0.00998508,1.03427,62593.4
300442.SZ,20260511,803000,102.98,82692940.0,98.08,0.0492691,1.3337,162982.0
300443.SZ,20260511,52800,30.92,1632576.0,30.94,0.0217486,0.439397,24277.4
300444.SZ,20260511,252100,16.25,4096625.0,16.21,0.0405666,0.303901,62144.7
300445.SZ,20260511,62200,24.22,1506484.0,23.96,0.0442541,0.944678,14055.2
300446.SZ,20260511,59400,20.05,1190970.0,19.99,0.0159011,0.551457,37356.0
300447.SZ,20260511,95600,20.45,1955020.0,20.26,0.0474553,1.00546,20145.3
300448.SZ,20260511,114100,8.05,918505.0,7.97,0.0177569,0.416602,64256.7
300449.SZ,20260511,1584700,9.56,15149732.0,7.97,0.410506,14.0643,38603.6
300450.SZ,20260511,671400,55.0,36927000.0,54.75,0.0430546,0.992786,155941.0
300451.SZ,20260511,207000,4.52,935640.0,4.53,0.0135587,0.637725,152669.0
300452.SZ,20260511,87700,14.13,1239201.0,14.1,0.0441524,2.08488,19863.0
300453.SZ,20260511,203500,10.7,2177450.0,10.61,0.0565498,1.05716,35986.0
300454.SZ,20260511,302200,125.36,37883792.0,123.52,0.104929,1.78985,28800.3
300455.SZ,20260511,275345,29.23,8048334.35,28.89,0.0388564,1.66008,70862.2
300456.SZ,20260511,999300,51.44,51403992.0,51.08,0.167261,1.62737,59744.9
300457.SZ,20260511,66300,28.51,1890213.0,28.5,0.0104435,0.27607,63484.6
300458.SZ,20260511,187100,37.0,6922700.0,36.53,0.0236266,0.39096,79190.4
300459.SZ,20260511,1474500,4.38,6458310.0,4.39,0.0448559,0.84927,328719.0
300460.SZ,20260511,59400,10.28,610632.0,10.11,0.0211535,0.825735,28080.4
300461.SZ,20260511,86000,60.5,5203000.0,59.24,0.0598455,0.758152,14370.3
300462.SZ,20260511,12900,13.91,179439.0,13.89,0.00934552,0.338082,13803.4
300463.SZ,20260511,139000,10.83,1505370.0,10.72,0.0282811,2.02756,49149.4
300464.SZ,20260511,49200,8.22,404424.0,8.15,0.0138458,0.339498,35534.3
300465.SZ,20260511,231400,15.28,3535792.0,15.25,0.0521466,1.754,44374.9
300466.SZ,20260511,116100,9.45,1097145.0,9.42,0.0258648,1.26723,44887.2
300467.SZ,20260511,60300,41.62,2509686.0,41.98,0.0354244,0.586423,17022.2
300468.SZ,20260511,132100,29.31,3871851.0,29.35,0.0249344,0.681269,52979.0
300469.SZ,20260511,64700,62.01,4012047.0,61.39,0.0260767,0.501583,24811.4
300470.SZ,20260511,20800,34.13,709904.0,33.99,0.0105506,0.578149,19714.4
300471.SZ,20260511,28400,12.19,346196.0,12.09,0.00774788,0.323778,36655.2
300472.SZ,20260511,76200,8.56,652272.0,8.56,0.0309825,1.19247,24594.5
300473.SZ,20260511,30700,34.48,1058536.0,34.31,0.0203965,0.599199,15051.6
300474.SZ,20260511,74300,67.35,5004105.0,66.46,0.0182792,0.434913,40647.4
300475.SZ,20260511,624800,191.0,119336800.0,181.02,0.140285,1.22401,44538.0
300476.SZ,20260511,889000,362.47,322235830.0,358.66,0.102751,1.71396,86519.5
300477.SZ,20260511,1115400,2.8,3123120.0,2.8,0.112552,1.36857,99101.3
300478.SZ,20260511,39800,33.54,1334892.0,32.56,0.0314195,1.06475,12667.3
300479.SZ,20260511,8900,17.62,156818.0,17.48,0.00451941,0.185904,19692.8
300480.SZ,20260511,144400,38.0,5487200.0,37.34,0.0534494,0.644749,27016.2
300481.SZ,20260511,26700,14.78,394626.0,14.74,0.0092045,0.273225,29007.6
300482.SZ,20260511,147900,19.05,2817495.0,19.13,0.0343897,2.83971,43007.1
300483.SZ,20260511,138200,21.02,2904964.0,20.63,0.0362087,0.398136,38167.6
300484.SZ,20260511,20300,16.78,340634.0,16.75,0.012203,0.461032,16635.3
300485.SZ,20260511,18700,10.72,200464.0,10.72,0.00682937,0.242839,27381.7
300486.SZ,20260511,78300,23.69,1854927.0,23.69,0.0164149,0.667,47700.6
300487.SZ,20260511,7600,64.59,490884.0,64.59,0.00246738,0.200748,30801.9
300488.SZ,20260511,902237,41.3,37262388.1,41.56,0.556067,8.36131,16225.3
300489.SZ,20260511,93200,116.19,10828908.0,115.2,0.0672204,0.694286,13864.8
300490.SZ,20260511,83600,20.0,1672000.0,19.87,0.0212586,0.284288,39325.3
300491.SZ,20260511,14600,27.38,399748.0,27.35,0.00924136,0.186108,15798.5
300492.SZ,20260511,13500,50.74,684990.0,50.47,0.0068639,0.461468,19668.1
300493.SZ,20260511,112700,16.9,1904630.0,16.75,0.0222459,0.775918,50661.1
300494.SZ,20260511,37800,11.52,435456.0,11.55,0.00948919,0.344799,39834.8
300496.SZ,20260511,94700,67.43,6385621.0,66.8,0.0256903,0.669269,36862.1
300497.SZ,20260511,382600,18.31,7005406.0,18.38,0.084545,0.684956,45254.0
300498.SZ,20260511,103300,16.08,1661064.0,16.06,0.00173634,0.20266,594930.0
300499.SZ,20260511,214000,44.2,9458800.0,43.77,0.078848,0.630688,27140.8
300500.SZ,20260511,72800,12.14,883792.0,12.12,0.0434373,0.948864,16759.8
300501.SZ,20260511,53425,14.19,758100.75,14.27,0.0374453,0.458252,14267.5
300502.SZ,20260511,286100,554.0,158499400.0,551.67,0.0323134,0.781433,88539.1
300503.SZ,20260511,430700,69.06,29744142.0,68.49,0.178732,1.90775,24097.5
300504.SZ,20260511,141900,18.5,2625150.0,18.26,0.0650167,1.41345,21825.2
300505.SZ,20260511,129900,25.69,3337131.0,25.59,0.0597623,0.863305,21736.1
300506.SZ,20260511,1500,5.01,7515.0,4.99,0.000204166,0.0134574,73469.6
300507.SZ,20260511,2070300,9.15,18943245.0,8.82,0.267138,10.5035,77499.2
300508.SZ,20260511,27000,37.23,1005210.0,36.9,0.0329835,0.764152,8185.91
300509.SZ,20260511,58700,11.79,692073.0,11.7,0.0237552,0.809126,24710.4
300510.SZ,20260511,314500,4.29,1349205.0,4.25,0.0381355,1.70192,82469.1
300511.SZ,20260511,358900,7.68,2756352.0,7.74,0.0657322,0.715767,54600.3
300512.SZ,20260511,42400,9.49,402376.0,9.45,0.0130902,0.924807,32390.7
300513.SZ,20260511,75600,9.39,709884.0,9.36,0.026315,0.93772,28728.9
300514.SZ,20260511,12500,12.82,160250.0,12.7,0.00779991,0.341939,16025.8
300515.SZ,20260511,26500,17.43,461895.0,17.34,0.0131346,0.822252,20175.8
300516.SZ,20260511,48000,58.6,2812800.0,57.5,0.0266667,1.05181,18000.0
300517.SZ,20260511,48300,12.7,613410.0,12.7,0.0382592,0.982992,12624.4
300518.SZ,20260511,243600,29.71,7237356.0,29.71,0.122183,1.32567,19937.2
300519.SZ,20260511,19200,16.62,319104.0,16.62,0.0168273,0.604053,11410.0
300520.SZ,20260511,418100,38.94,16280814.0,38.27,0.148147,2.80076,28221.9
300521.SZ,20260511,19800,29.84,590832.0,29.84,0.0133915,0.553052,14785.5
300522.SZ,20260511,22800,13.62,310536.0,13.62,0.00866572,0.398616,26310.6
300523.SZ,20260511,14100,22.33,314853.0,22.2,0.00606821,0.321825,23235.8
300525.SZ,20260511,161100,10.47,1686717.0,10.49,0.0258444,1.00256,62334.6
300527.SZ,20260511,66600,8.09,538794.0,8.11,0.00655015,0.642858,101677.0
300528.SZ,20260511,39400,15.79,622126.0,15.8,0.0105741,0.408884,37260.8
300529.SZ,20260511,37900,19.5,739050.0,19.51,0.00739538,0.599449,51248.2
300530.SZ,20260511,9200,24.67,226964.0,24.63,0.00535035,0.380931,17195.1
300531.SZ,20260511,108500,20.71,2247035.0,20.7,0.0348193,0.633642,31160.8
300532.SZ,20260511,49700,8.23,409031.0,8.15,0.00821866,0.391629,60472.2
300533.SZ,20260511,337100,28.31,9543301.0,28.81,0.204336,3.0913,16497.4
300534.SZ,20260511,46500,9.36,435240.0,9.34,0.0153947,0.645395,30205.1
300535.SZ,20260511,35700,19.49,695793.0,19.35,0.0439866,0.870446,8116.1
300536.SZ,20260511,130100,11.39,1481839.0,11.18,0.0443623,0.556343,29326.7
300537.SZ,20260511,170500,24.23,4131215.0,23.76,0.112345,2.49322,15176.4
300538.SZ,20260511,10800,16.61,179388.0,16.61,0.00892671,0.242652,12098.5
300539.SZ,20260511,312500,33.49,10465625.0,31.31,0.143422,3.20485,21788.8
300540.SZ,20260511,362900,31.28,11351512.0,31.69,0.175545,1.09166,20672.7
300541.SZ,20260511,47600,13.07,622132.0,13.0,0.0123167,0.325298,38646.7
300542.SZ,20260511,9300,15.83,147219.0,15.8,0.00375633,0.247955,24758.2
300543.SZ,20260511,20700,9.95,205965.0,9.92,0.00827342,0.349006,25019.9
300545.SZ,20260511,74700,34.92,2608524.0,34.93,0.0624796,0.842331,11955.9
300546.SZ,20260511,24300,20.48,497664.0,20.35,0.018146,0.885444,13391.4
300547.SZ,20260511,82400,41.68,3434432.0,40.95,0.0462341,0.453938,17822.4
300548.SZ,20260511,87600,278.46,24393096.0,274.71,0.0325312,0.460384,26928.0
300549.SZ,20260511,7800,18.83,146874.0,18.8,0.00771863,0.338828,10105.4
300550.SZ,20260511,34000,13.73,466820.0,13.69,0.0129622,0.305695,26230.1
300551.SZ,20260511,77100,14.93,1151103.0,14.89,0.0227385,0.751343,33907.3
300552.SZ,20260511,205500,28.89,5936895.0,28.35,0.152123,4.112,13508.8
300553.SZ,20260511,19700,56.42,1111474.0,55.93,0.023205,0.316018,8489.54
300554.SZ,20260511,22900,26.86,615094.0,26.99,0.0289525,0.281332,7909.49
300555.SZ,20260511,3600,13.88,49968.0,13.85,0.00181832,0.163627,19798.5
300556.SZ,20260511,16400,20.85,341940.0,20.77,0.0151143,0.244623,10850.6
300557.SZ,20260511,113300,39.51,4476483.0,38.83,0.094901,2.49618,11938.8
300558.SZ,20260511,39100,51.4,2009740.0,51.44,0.00932301,0.254237,41939.3
300559.SZ,20260511,199075,13.02,2591956.5,13.01,0.0639831,1.18492,31113.7
300560.SZ,20260511,281800,16.91,4765238.0,16.98,0.150724,2.00706,18696.5
300561.SZ,20260511,116700,18.3,2135610.0,18.39,0.0484117,1.08895,24105.8
300562.SZ,20260511,58300,14.43,841269.0,14.58,0.0357764,0.729185,16295.7
300563.SZ,20260511,11000,34.17,375870.0,33.81,0.00858397,0.325938,12814.6
300564.SZ,20260511,18100,16.85,304985.0,16.85,0.0159906,0.39738,11319.2
300565.SZ,20260511,69600,13.15,915240.0,13.04,0.0304989,0.600145,22820.5
300566.SZ,20260511,42000,20.51,861420.0,20.49,0.0185283,0.479735,22668.0
300567.SZ,20260511,59299,145.01,8598947.99,143.9,0.0261173,0.474852,22704.9
300568.SZ,20260511,497800,17.36,8641808.0,17.38,0.0411894,0.490983,120856.0
300569.SZ,20260511,200700,6.33,1270431.0,6.32,0.0196834,0.724248,101964.0
300570.SZ,20260511,780905,163.62,127771676.1,162.1,0.406313,2.71165,19219.3
300571.SZ,20260511,306800,56.96,17475328.0,58.0,0.265313,1.03593,11563.7
300572.SZ,20260511,56600,35.01,1981566.0,34.59,0.0304543,0.492644,18585.2
300573.SZ,20260511,31500,70.54,2222010.0,70.26,0.0166452,0.559223,18924.3
300575.SZ,20260511,16200,6.65,107730.0,6.66,0.00472705,0.12123,34270.8
300576.SZ,20260511,36420,38.02,1384688.4,37.83,0.01581,0.313993,23036.1
300577.SZ,20260511,11700,21.44,250848.0,21.38,0.00822989,0.218121,14216.5
300578.SZ,20260511,152300,22.51,3428273.0,22.49,0.0768353,1.6347,19821.6
300579.SZ,20260511,21300,28.0,596400.0,27.74,0.00817742,0.632779,26047.3
300580.SZ,20260511,99600,30.26,3013896.0,30.36,0.0210752,0.812191,47259.2
300581.SZ,20260511,101400,13.55,1373970.0,13.5,0.0184327,0.796031,55011.0
300582.SZ,20260511,66600,15.63,1040958.0,15.6,0.030059,0.371014,22156.5
300583.SZ,20260511,36000,15.59,561240.0,15.57,0.0193394,0.657928,18614.9
300584.SZ,20260511,6000,42.49,254940.0,42.4,0.00730728,0.148017,8210.99
300585.SZ,20260511,154600,21.56,3333176.0,21.7,0.0903507,1.28697,17111.1
300586.SZ,20260511,334900,11.98,4012102.0,11.7,0.0626454,0.898126,53459.6
300587.SZ,20260511,116600,6.5,757900.0,6.46,0.0110772,0.369598,105261.0
300588.SZ,20260511,1900,23.79,45201.0,23.65,0.00107453,0.0362209,17682.2
300589.SZ,20260511,131400,17.14,2252196.0,17.03,0.0560512,0.629998,23442.9
300590.SZ,20260511,160700,15.29,2457103.0,15.29,0.0449115,0.373372,35781.5
300591.SZ,20260511,133100,8.43,1122033.0,8.39,0.0379803,0.4746,35044.5
300592.SZ,20260511,71700,14.57,1044669.0,14.51,0.0205521,0.575821,34886.9
300593.SZ,20260511,70840,29.49,2089071.6,29.25,0.015733,0.346043,45026.4
300594.SZ,20260511,85800,20.58,1765764.0,20.58,0.0942931,0.862723,9099.29
300595.SZ,20260511,15500,14.14,219170.0,14.18,0.00231864,0.129302,66849.5
300596.SZ,20260511,23500,44.0,1034000.0,44.56,0.0102343,0.319269,22962.0
300597.SZ,20260511,18000,10.12,182160.0,10.08,0.00663296,0.252329,27137.2
300598.SZ,20260511,131600,39.06,5140296.0,39.52,0.0606673,1.56105,21692.1
300599.SZ,20260511,351300,13.29,4668777.0,13.46,0.111165,1.47748,31601.8
300600.SZ,20260511,63100,13.28,837968.0,13.18,0.0214455,0.766306,29423.4
300601.SZ,20260511,107300,14.52,1557996.0,14.53,0.0119173,0.701773,90037.4
300602.SZ,20260511,87700,37.79,3314183.0,37.5,0.0221799,0.299779,39540.4
300603.SZ,20260511,98200,11.02,1082164.0,10.92,0.0262615,0.382092,37393.1
300604.SZ,20260511,174507,186.0,32458302.0,182.01,0.0356521,0.592999,48947.1
300605.SZ,20260511,33800,13.72,463736.0,13.64,0.0267442,0.42067,12638.3
300606.SZ,20260511,32800,39.7,1302160.0,39.08,0.0278735,0.260676,11767.4
300607.SZ,20260511,345100,31.49,10867199.0,31.61,0.102252,1.53721,33749.9
300608.SZ,20260511,269615,13.81,3723383.15,13.79,0.093754,1.27074,28757.7
300609.SZ,20260511,8100,42.56,344736.0,42.65,0.00675398,0.138814,11992.9
300610.SZ,20260511,35400,12.6,446040.0,12.5,0.0211187,0.798785,16762.4
300611.SZ,20260511,18500,25.83,477855.0,25.74,0.0124745,0.343018,14830.3
300612.SZ,20260511,52300,15.81,826863.0,15.66,0.029075,0.582299,17987.9
300613.SZ,20260511,215600,61.82,13328392.0,62.95,0.0981786,0.769644,21960.0
300614.SZ,20260511,46700,14.11,658937.0,13.92,0.0291073,1.28904,16044.1
300615.SZ,20260511,19500,14.8,288600.0,14.61,0.0128898,0.306197,15128.3
300616.SZ,20260511,34700,14.74,511478.0,14.66,0.0223559,0.373395,15521.6
300617.SZ,20260511,42500,65.28,2774400.0,65.74,0.0305923,0.411,13892.4
300618.SZ,20260511,51800,47.13,2441334.0,47.43,0.0190094,0.29887,27249.7
300619.SZ,20260511,20400,45.25,923100.0,44.47,0.0139262,0.211394,14648.6
300620.SZ,20260511,132200,263.9,34887580.0,259.1,0.0534999,0.840881,24710.3
300621.SZ,20260511,43500,9.18,399330.0,9.05,0.0214784,0.705436,20252.9
300622.SZ,20260511,38400,25.77,989568.0,25.73,0.0246513,0.698407,15577.3
300623.SZ,20260511,293400,30.5,8948700.0,30.13,0.0382351,1.2194,76735.7
300624.SZ,20260511,134700,70.9,9550230.0,70.82,0.0786646,1.2443,17123.3
300625.SZ,20260511,15800,12.18,192444.0,12.13,0.00975479,0.611742,16197.2
300626.SZ,20260511,28000,28.64,801920.0,28.08,0.0155641,0.327175,17990.2
300627.SZ,20260511,40800,33.88,1382304.0,33.61,0.00629517,0.29592,64811.6
300628.SZ,20260511,72175,37.65,2717388.75,37.42,0.00994481,0.801139,72575.5
300629.SZ,20260511,56100,26.65,1495065.0,26.61,0.0258777,0.51226,21678.9
300631.SZ,20260511,126700,30.7,3889690.0,30.73,0.104728,1.35743,12098.0
300632.SZ,20260511,939700,25.02,23511294.0,24.99,0.424828,1.72577,22119.6
300633.SZ,20260511,22400,24.15,540960.0,24.08,0.00835848,0.315676,26799.1
300634.SZ,20260511,76200,24.96,1901952.0,24.69,0.0175465,0.348565,43427.4
300635.SZ,20260511,42500,15.97,678725.0,15.58,0.0352948,0.549826,12041.4
300636.SZ,20260511,4000,7.85,31400.0,7.84,0.00108886,0.0490856,36735.8
300637.SZ,20260511,21700,11.39,247163.0,11.23,0.00925421,0.233974,23448.8
300638.SZ,20260511,375700,24.05,9035585.0,23.51,0.0708268,2.36044,53044.9
300639.SZ,20260511,965600,6.72,6488832.0,6.45,0.152024,5.08347,63516.4
300640.SZ,20260511,138000,7.8,1076400.0,7.8,0.0625144,0.815523,22074.9
300641.SZ,20260511,64400,17.8,1146320.0,17.8,0.012254,0.716335,52554.5
300642.SZ,20260511,16700,16.78,280226.0,16.74,0.0121272,0.429739,13770.7
300643.SZ,20260511,30900,18.7,577830.0,18.73,0.0133925,0.578377,23072.6
300644.SZ,20260511,16200,29.67,480654.0,29.63,0.0182831,0.439384,8860.66
300645.SZ,20260511,37200,17.1,636120.0,17.1,0.026701,0.556337,13932.0
300647.SZ,20260511,69300,7.12,493416.0,7.07,0.015176,0.404905,45664.2
300648.SZ,20260511,4000,50.4,201600.0,50.28,0.00301461,0.182499,13268.7
300649.SZ,20260511,17900,19.69,352451.0,19.55,0.0168687,0.275187,10611.4
300650.SZ,20260511,57800,17.03,984334.0,16.8,0.0339311,0.803503,17034.5
300651.SZ,20260511,277100,32.9,9116590.0,33.28,0.268047,1.06399,10337.7
300652.SZ,20260511,63000,47.0,2961000.0,47.02,0.0526237,0.782454,11971.8
300653.SZ,20260511,1700,18.5,31450.0,18.42,0.000944444,0.0991682,18000.0
300654.SZ,20260511,182900,11.91,2178339.0,11.65,0.0518665,1.45041,35263.6
300655.SZ,20260511,185000,15.54,2874900.0,15.32,0.0173401,0.406549,106689.0
300656.SZ,20260511,22100,29.93,661453.0,29.65,0.0166293,0.272348,13289.8
300657.SZ,20260511,943910,39.83,37595935.3,39.71,0.201473,1.80912,46850.4
300658.SZ,20260511,140400,22.9,3215160.0,22.92,0.0635743,0.625833,22084.4
300659.SZ,20260511,34700,13.35,463245.0,13.25,0.0183366,0.731082,18923.9
300660.SZ,20260511,131900,45.46,5996174.0,45.52,0.0295225,1.5557,44677.9
300661.SZ,20260511,197300,89.98,17753054.0,88.4,0.0329366,0.598282,59902.9
300662.SZ,20260511,35900,25.09,900731.0,25.11,0.0182944,0.6801,19623.5
300663.SZ,20260511,444183,10.09,4481806.47,10.08,0.0966335,1.42033,45965.7
300664.SZ,20260511,85800,5.63,483054.0,5.63,0.0114024,0.552005,75247.6
300665.SZ,20260511,192700,9.09,1751643.0,9.04,0.0883657,1.61524,21807.1
300666.SZ,20260511,160000,176.9,28304000.0,173.43,0.0723603,0.992718,22111.6
300667.SZ,20260511,66000,18.69,1233540.0,18.71,0.038232,0.392932,17263.0
300668.SZ,20260511,33400,66.0,2204400.0,66.0,0.0335026,0.40833,9969.39
300669.SZ,20260511,6700,33.67,225589.0,33.6,0.00367123,0.443776,18250.0
300670.SZ,20260511,77900,7.34,571786.0,7.37,0.0346693,0.574075,22469.4
300671.SZ,20260511,310449,53.82,16708365.18,53.8,0.140638,1.63004,22074.3
300672.SZ,20260511,114384,224.0,25622016.0,214.56,0.0543811,0.615061,21033.8
300673.SZ,20260511,17300,16.47,284931.0,16.42,0.0107833,0.453189,16043.3
300674.SZ,20260511,492700,20.01,9858927.0,20.68,0.0700842,4.43847,70301.2
300675.SZ,20260511,39200,16.35,640920.0,16.38,0.0267273,1.13816,14666.7
300676.SZ,20260511,208445,43.85,9140313.25,43.08,0.0501015,2.61951,41604.6
300677.SZ,20260511,24500,51.0,1249500.0,50.92,0.00526188,0.169589,46561.3
300678.SZ,20260511,32300,29.81,962863.0,29.6,0.0110921,0.547457,29119.7
300679.SZ,20260511,399300,50.93,20336349.0,50.5,0.111089,1.39705,35944.1
300680.SZ,20260511,104100,43.94,4574154.0,43.54,0.0592022,0.976953,17583.8
300681.SZ,20260511,56246,32.9,1850493.4,32.58,0.0243706,0.408575,23079.5
300682.SZ,20260511,132600,14.99,1987674.0,14.86,0.0128573,0.569272,103132.0
300683.SZ,20260511,34900,36.41,1270709.0,36.42,0.0285915,0.51001,12206.4
300684.SZ,20260511,112100,60.89,6825769.0,60.76,0.0548695,0.815889,20430.3
300685.SZ,20260511,48100,20.21,972101.0,20.2,0.0123469,0.58579,38957.2
300686.SZ,20260511,36100,18.54,669294.0,18.5,0.0212448,0.290329,16992.4
300687.SZ,20260511,229900,29.46,6772854.0,29.4,0.070325,0.848991,32691.1
300688.SZ,20260511,30700,28.56,876792.0,28.04,0.0206903,0.336617,14837.8
300689.SZ,20260511,56900,55.5,3157950.0,55.29,0.0562352,1.68151,10118.2
300690.SZ,20260511,31800,30.03,954954.0,30.01,0.0286867,0.607513,11085.3
300691.SZ,20260511,22700,17.2,390440.0,17.2,0.0102837,0.473159,22073.8
300692.SZ,20260511,66600,8.78,584748.0,8.79,0.0129799,0.345964,51310.2
300693.SZ,20260511,556597,57.61,32065553.17,53.11,0.207026,2.4237,26885.3
300694.SZ,20260511,54100,12.99,702759.0,12.94,0.0249557,0.754318,21678.4
300695.SZ,20260511,10800,69.59,751572.0,70.76,0.0105616,0.496606,10225.7
300696.SZ,20260511,117000,43.01,5032170.0,40.0,0.0439853,1.35393,26599.8
300697.SZ,20260511,122530,17.02,2085460.6,17.01,0.0369913,1.67069,33124.0
300698.SZ,20260511,21800,38.79,845622.0,38.69,0.0183895,0.410368,11854.6
300699.SZ,20260511,162300,36.04,5849292.0,35.53,0.0197587,0.658703,82141.1
300700.SZ,20260511,39900,18.3,730170.0,18.17,0.0147444,0.323562,27061.0
300701.SZ,20260511,78400,12.39,971376.0,12.26,0.0314705,1.6564,24912.2
300702.SZ,20260511,5800,20.93,121394.0,20.89,0.00275652,0.190048,21041.0
300703.SZ,20260511,118000,19.0,2242000.0,18.6,0.0709679,1.64802,16627.2
300705.SZ,20260511,22900,12.95,296555.0,12.92,0.00620785,0.523031,36888.8
300706.SZ,20260511,284800,48.05,13684640.0,48.53,0.250714,1.20655,11359.6
300707.SZ,20260511,43500,15.62,679470.0,15.49,0.0298345,0.784255,14580.4
300708.SZ,20260511,164600,9.33,1535718.0,9.25,0.0231826,0.64066,71001.4
300709.SZ,20260511,32500,43.83,1424475.0,43.41,0.0217716,0.345854,14927.7
300710.SZ,20260511,6600,33.3,219780.0,33.18,0.00884956,0.141846,7458.0
300711.SZ,20260511,43100,22.06,950786.0,21.67,0.0173493,0.529808,24842.6
300712.SZ,20260511,6100,26.98,164578.0,26.9,0.00326658,0.232588,18674.0
300713.SZ,20260511,8800,18.21,160248.0,18.06,0.0101881,0.218973,8637.56
300715.SZ,20260511,85200,14.81,1261812.0,14.8,0.027224,0.802152,31295.9
300716.SZ,20260511,186600,15.5,2892300.0,15.4,0.11661,2.14309,16002.0
300717.SZ,20260511,7100,22.34,158614.0,22.25,0.0069708,0.294606,10185.3
300718.SZ,20260511,138300,78.97,10921551.0,79.01,0.0703254,1.74565,19665.7
300719.SZ,20260511,18400,15.98,294032.0,15.89,0.0102453,0.380198,17959.5
300720.SZ,20260511,268100,67.0,17962700.0,67.55,0.145592,1.67722,18414.5
300721.SZ,20260511,117000,19.76,2311920.0,19.84,0.0845671,0.46503,13835.2
300722.SZ,20260511,24000,29.46,707040.0,29.53,0.00867188,0.768216,27675.6
300723.SZ,20260511,243500,40.8,9934800.0,40.85,0.0580884,0.90368,41918.9
300724.SZ,20260511,41800,94.01,3929618.0,93.89,0.0145283,0.248366,28771.4
300725.SZ,20260511,111100,38.81,4311791.0,38.9,0.0548064,1.14994,20271.3
300726.SZ,20260511,82600,52.38,4326588.0,51.55,0.0385192,0.80303,21443.8
300727.SZ,20260511,18300,34.15,624945.0,34.24,0.0112887,0.553935,16210.9
300729.SZ,20260511,7700,12.78,98406.0,12.71,0.00234101,0.229586,32891.8
300730.SZ,20260511,152300,13.85,2109355.0,13.57,0.0736619,2.33227,20675.5
300731.SZ,20260511,8900,77.14,686546.0,77.15,0.00740561,0.107984,12017.9
300732.SZ,20260511,83300,7.95,662235.0,7.92,0.0225044,0.688632,37015.0
300733.SZ,20260511,82900,20.09,1665461.0,19.92,0.0367607,0.427927,22551.2
300735.SZ,20260511,42400,21.9,928560.0,21.68,0.00559797,0.344627,75741.7
300736.SZ,20260511,567900,36.06,20478474.0,33.47,0.455386,4.37579,12470.7
300737.SZ,20260511,50500,7.4,373700.0,7.38,0.00569404,0.194592,88689.2
300738.SZ,20260511,1070500,28.22,30209510.0,27.06,0.108693,1.02078,98488.1
300739.SZ,20260511,133600,29.98,4005328.0,29.65,0.0389325,0.623072,34315.8
300740.SZ,20260511,99737,26.73,2665970.01,26.64,0.0276048,0.755371,36130.3
300741.SZ,20260511,1200,16.92,20304.0,16.94,0.000194844,0.046651,61587.7
300743.SZ,20260511,6400,19.9,127360.0,19.86,0.00502312,0.17712,12741.1
300745.SZ,20260511,75600,42.55,3216780.0,41.85,0.0531229,0.424119,14231.2
300746.SZ,20260511,17300,12.69,219537.0,12.56,0.00773892,0.367243,22354.5
300747.SZ,20260511,177500,38.13,6768075.0,37.67,0.0340053,0.639994,52197.8
300748.SZ,20260511,199900,34.91,6978509.0,34.66,0.0176898,0.428892,113003.0
300749.SZ,20260511,38300,25.89,991587.0,25.62,0.0243336,0.366518,15739.6
300750.SZ,20260511,712110,440.0,313328400.0,437.0,0.0167285,1.87353,425688.0
300751.SZ,20260511,156356,274.0,42841544.0,269.51,0.0808658,1.23213,19335.2
300752.SZ,20260511,23700,20.36,482532.0,20.25,0.0150701,0.420117,15726.5
300753.SZ,20260511,62200,28.8,1791360.0,28.89,0.070767,1.70179,8789.4
300755.SZ,20260511,81600,15.0,1224000.0,15.15,0.019588,1.13845,41658.1
300756.SZ,20260511,12500,53.51,668875.0,53.74,0.00952543,0.365984,13122.8
300757.SZ,20260511,62900,520.0,32708000.0,519.2,0.0417516,0.828096,15065.3
300758.SZ,20260511,62200,14.2,883240.0,14.13,0.0172902,0.368476,35974.2
300759.SZ,20260511,196000,27.07,5305720.0,27.21,0.0138025,0.434537,142003.0
300760.SZ,20260511,64300,170.0,10931000.0,170.61,0.00530791,0.539597,121140.0
300761.SZ,20260511,47600,22.45,1068620.0,22.23,0.00757946,0.50118,62801.3
300762.SZ,20260511,603600,46.27,27928572.0,45.83,0.0961199,1.07351,62796.6
300763.SZ,20260511,63400,99.16,6286744.0,98.23,0.0197143,0.333068,32159.4
300765.SZ,20260511,46400,32.06,1487584.0,32.07,0.00330345,0.440158,140459.0
300766.SZ,20260511,271500,32.32,8774880.0,31.72,0.0758514,0.833935,35793.7
300767.SZ,20260511,45100,26.51,1195601.0,25.94,0.0188001,0.388905,23989.2
300768.SZ,20260511,52900,18.09,956961.0,17.89,0.0125752,0.893714,42066.8
300769.SZ,20260511,947122,80.01,75779231.22,78.96,0.376204,1.53,25175.7
300770.SZ,20260511,5300,39.1,207230.0,39.06,0.00232621,0.16191,22783.9
300771.SZ,20260511,121300,14.45,1752785.0,14.3,0.0679274,1.47954,17857.3
300772.SZ,20260511,102400,17.13,1754112.0,17.0,0.0146731,0.467961,69787.6
300773.SZ,20260511,336949,27.41,9235772.09,27.4,0.045871,0.805933,73455.8
300774.SZ,20260511,34200,17.66,603972.0,17.66,0.0175492,0.278486,19488.0
300775.SZ,20260511,207800,31.6,6566480.0,31.26,0.0390865,0.771661,53164.1
300776.SZ,20260511,108500,115.31,12511135.0,114.3,0.0645508,0.896687,16808.5
300777.SZ,20260511,117700,40.65,4784505.0,40.42,0.0278655,0.644613,42238.6
300778.SZ,20260511,21200,13.72,290864.0,13.59,0.0104123,0.180712,20360.5
300779.SZ,20260511,26900,73.25,1970425.0,73.06,0.016717,0.435173,16091.4
300780.SZ,20260511,149500,28.91,4322045.0,29.12,0.139027,0.93385,10753.3
300781.SZ,20260511,126500,37.0,4680500.0,36.91,0.104427,1.7313,12113.7
300782.SZ,20260511,117300,104.8,12293040.0,103.8,0.0261686,0.484741,44824.8
300783.SZ,20260511,15300,19.34,295902.0,19.36,0.00545878,0.18191,28028.2
300784.SZ,20260511,2300,52.6,120980.0,52.39,0.0136782,0.318396,1681.5
300785.SZ,20260511,568125,53.49,30389006.25,53.53,0.464404,4.37429,12233.4
300786.SZ,20260511,61900,16.84,1042396.0,16.56,0.0422831,0.707967,14639.4
300787.SZ,20260511,41400,11.17,462438.0,11.16,0.0210652,0.694304,19653.3
300788.SZ,20260511,25500,34.0,867000.0,33.85,0.0134104,0.336255,19015.2
300789.SZ,20260511,10800,23.88,257904.0,23.7,0.012656,0.34154,8533.49
300790.SZ,20260511,2161270,35.0,75644450.0,33.46,0.665781,9.15473,32462.2
300791.SZ,20260511,3700,19.16,70892.0,19.16,0.00144147,0.252499,25668.3
300792.SZ,20260511,160100,36.26,5805226.0,36.4,0.0753292,2.3517,21253.4
300793.SZ,20260511,102500,14.77,1513925.0,14.68,0.0275473,1.56517,37208.7
300795.SZ,20260511,26900,11.22,301818.0,11.14,0.0154611,0.719813,17398.5
300796.SZ,20260511,20700,8.86,183402.0,8.86,0.0057318,0.321046,36114.3
300797.SZ,20260511,9000,16.09,144810.0,16.03,0.00237786,0.287014,37849.2
300798.SZ,20260511,195363,11.06,2160714.78,10.84,0.0483322,0.534878,40420.8
300800.SZ,20260511,31800,12.93,411174.0,12.88,0.013572,0.731758,23430.7
300801.SZ,20260511,45000,30.73,1382850.0,30.57,0.0328756,0.473967,13687.9
300802.SZ,20260511,29400,22.02,647388.0,21.96,0.0150989,0.384337,19471.7
300803.SZ,20260511,159145,103.5,16471507.5,103.11,0.0262902,0.799447,60533.9
300804.SZ,20260511,130700,47.41,6196487.0,47.43,0.475273,3.79419,2750.0
300805.SZ,20260511,42000,10.85,455700.0,10.78,0.0145656,0.535879,28835.1
300806.SZ,20260511,258100,85.5,22067550.0,85.0,0.0815704,1.28988,31641.4
300807.SZ,20260511,197900,57.39,11357481.0,59.46,0.381017,2.70702,5194.0
300808.SZ,20260511,4600,28.89,132894.0,28.65,0.00386881,0.135367,11890.0
300809.SZ,20260511,37200,35.46,1319112.0,35.46,0.0247062,0.565244,15057.0
300810.SZ,20260511,18300,34.27,627141.0,33.82,0.016052,0.643978,11400.4
300811.SZ,20260511,59370,100.22,5950061.4,98.36,0.0249764,0.572918,23770.4
300812.SZ,20260511,77200,39.5,3049400.0,39.53,0.0873933,0.752892,8833.63
300813.SZ,20260511,12600,25.42,320292.0,25.43,0.0165678,0.514214,7605.11
300814.SZ,20260511,69100,117.52,8120632.0,119.0,0.0360967,0.580872,19143.0
300815.SZ,20260511,41388,22.25,920883.0,22.25,0.010602,0.636779,39038.0
300816.SZ,20260511,21300,82.58,1758954.0,83.41,0.037587,0.532434,5666.86
300817.SZ,20260511,14000,21.18,296520.0,21.08,0.0111766,0.447802,12526.1
300818.SZ,20260511,20400,33.56,684624.0,33.48,0.0186331,0.639899,10948.2
300819.SZ,20260511,328300,82.32,27025656.0,80.05,0.243614,3.38305,13476.2
300820.SZ,20260511,23200,51.17,1187144.0,50.44,0.0207551,0.341192,11178.0
300821.SZ,20260511,678300,14.67,9950661.0,14.78,0.0565349,0.868624,119979.0
300822.SZ,20260511,21400,15.94,341116.0,15.72,0.0074053,0.52369,28898.2
300823.SZ,20260511,129300,19.3,2495490.0,19.71,0.152495,1.34651,8478.94
300824.SZ,20260511,18200,10.14,184548.0,10.16,0.00575021,0.398828,31651.0
300825.SZ,20260511,134200,10.35,1388970.0,10.32,0.0276993,0.711733,48448.8
300826.SZ,20260511,49100,17.54,861214.0,17.48,0.0289539,1.2891,16958.0
300827.SZ,20260511,159900,38.61,6173739.0,38.16,0.0415061,0.514778,38524.4
300828.SZ,20260511,125000,25.51,3188750.0,24.8,0.148158,1.34838,8436.93
300829.SZ,20260511,15200,18.02,273904.0,18.02,0.00969738,0.278997,15674.3
300830.SZ,20260511,233700,11.17,2610429.0,11.25,0.0693297,1.42041,33708.5
300831.SZ,20260511,129500,20.61,2668995.0,20.61,0.0701957,0.524835,18448.4
300832.SZ,20260511,12100,47.43,573903.0,47.43,0.00177128,0.194938,68312.2
300833.SZ,20260511,1600,39.3,62880.0,38.98,0.00196914,0.0496507,8125.37
300834.SZ,20260511,62000,45.48,2819760.0,45.48,0.03222,0.942783,19242.7
300835.SZ,20260511,22700,114.97,2609819.0,114.47,0.027302,0.398347,8314.42
300836.SZ,20260511,6600,63.31,417846.0,63.31,0.0104015,0.303116,6345.22
300837.SZ,20260511,25800,35.8,923640.0,35.25,0.0341302,1.27644,7559.28
300838.SZ,20260511,70600,18.44,1301864.0,18.28,0.0693908,1.0147,10174.3
300839.SZ,20260511,237400,17.7,4201980.0,17.34,0.0819499,1.90759,28968.9
300840.SZ,20260511,1177600,23.99,28250624.0,24.51,0.664991,5.73079,17708.5
300841.SZ,20260511,11600,58.49,678484.0,58.08,0.00975461,0.587528,11891.8
300842.SZ,20260511,56900,95.95,5459555.0,94.25,0.044067,0.593329,12912.1
300843.SZ,20260511,12700,83.9,1065530.0,83.9,0.00791268,0.133097,16050.2
300844.SZ,20260511,10900,35.79,390111.0,35.23,0.0121312,0.869294,8985.09
300845.SZ,20260511,175100,15.15,2652765.0,14.99,0.121782,1.76664,14378.2
300846.SZ,20260511,384600,31.1,11961060.0,30.46,0.0981106,0.919986,39200.7
300847.SZ,20260511,17200,16.46,283112.0,16.49,0.00581061,0.480235,29601.0
300848.SZ,20260511,22400,16.97,380128.0,16.99,0.00884947,0.154859,25312.3
300849.SZ,20260511,57900,25.4,1470660.0,25.53,0.0525075,1.65738,11027.0
300850.SZ,20260511,50200,42.49,2132998.0,42.5,0.0166897,0.234757,30078.5
300851.SZ,20260511,3200,31.4,100480.0,31.2,0.00648569,0.228536,4933.94
300852.SZ,20260511,97500,50.64,4937400.0,50.64,0.062921,1.2339,15495.6
300853.SZ,20260511,62800,34.3,2154040.0,33.93,0.063877,0.616676,9831.4
300854.SZ,20260511,53500,35.89,1920115.0,36.1,0.0657292,0.884299,8139.45
300855.SZ,20260511,56800,40.45,2297560.0,41.05,0.0193886,0.829713,29295.6
300856.SZ,20260511,23900,14.17,338663.0,14.16,0.00519864,0.410259,45973.6
300857.SZ,20260511,334100,289.0,96554900.0,284.5,0.0693059,1.09024,48206.6
300858.SZ,20260511,148200,18.84,2792088.0,18.83,0.0757126,0.806757,19574.0
300859.SZ,20260511,10100,30.75,310575.0,30.79,0.00651613,0.296145,15500.0
300860.SZ,20260511,25000,25.8,645000.0,25.78,0.0228484,1.08367,10941.7
300861.SZ,20260511,267200,20.67,5523024.0,20.27,0.0633378,0.821124,42186.5
300862.SZ,20260511,218700,25.77,5635899.0,24.95,0.144384,4.70096,15147.1
300863.SZ,20260511,158662,66.12,10490731.44,63.95,0.0877221,2.71525,18086.9
300864.SZ,20260511,95500,24.82,2370310.0,24.85,0.0604772,2.73803,15791.1
300865.SZ,20260511,58300,32.73,1908159.0,33.0,0.101423,1.40291,5748.22
300866.SZ,20260511,46185,121.01,5588846.85,119.5,0.0150183,0.669799,30752.4
300867.SZ,20260511,39200,22.15,868280.0,22.11,0.0204563,0.400407,19162.8
300868.SZ,20260511,44100,92.0,4057200.0,90.26,0.0546039,0.853322,8076.35
300869.SZ,20260511,13900,13.11,182229.0,13.06,0.00526239,0.370626,26413.9
300870.SZ,20260511,21500,392.94,8448210.0,384.78,0.0197214,0.483408,10901.9
300871.SZ,20260511,79300,25.72,2039596.0,25.71,0.0392994,0.952182,20178.4
300872.SZ,20260511,3096300,22.89,70874307.0,20.3,0.733648,11.6464,42204.2
300873.SZ,20260511,1700,21.47,36499.0,21.44,0.00101894,0.0744618,16684.0
300875.SZ,20260511,22300,40.22,896906.0,40.12,0.025401,0.683494,8779.17
300876.SZ,20260511,53900,31.33,1688687.0,31.33,0.0664571,1.72184,8110.49
300877.SZ,20260511,6200,30.3,187860.0,30.17,0.00516671,0.248105,11999.9
300878.SZ,20260511,17400,31.73,552102.0,31.7,0.0120729,0.564144,14412.4
300879.SZ,20260511,23400,24.9,582660.0,24.87,0.0116401,0.668576,20102.8
300880.SZ,20260511,106621,23.64,2520520.44,23.56,0.0546448,1.14627,19511.6
300881.SZ,20260511,1800,51.4,92520.0,51.4,0.00313555,0.0546454,5740.62
300882.SZ,20260511,24600,19.1,469860.0,18.89,0.00923676,0.441652,26632.7
300883.SZ,20260511,127700,7.02,896454.0,7.06,0.038618,0.463629,33067.5
300884.SZ,20260511,33000,13.61,449130.0,13.51,0.0172405,0.628712,19141.0
300885.SZ,20260511,517500,29.76,15400800.0,30.3,0.309847,1.90776,16701.8
300886.SZ,20260511,11400,30.42,346788.0,30.24,0.0261191,0.624188,4364.63
300887.SZ,20260511,82000,10.18,834760.0,10.13,0.0226396,0.745276,36219.7
300888.SZ,20260511,8340,31.9,266046.0,31.86,0.00143863,0.260484,57972.0
300889.SZ,20260511,21100,24.17,509987.0,24.19,0.0144158,0.537285,14636.7
300890.SZ,20260511,375500,41.13,15444315.0,41.93,0.344922,1.46617,10886.5
300891.SZ,20260511,20700,8.74,180918.0,8.73,0.00620738,0.286825,33347.4
300892.SZ,20260511,11500,28.45,327175.0,28.3,0.0178122,0.668948,6456.25
300893.SZ,20260511,1400,23.4,32760.0,23.45,0.000558069,0.0554411,25086.5
300894.SZ,20260511,29600,10.62,314352.0,10.6,0.0100656,0.699507,29407.1
300895.SZ,20260511,174000,71.98,12524520.0,71.17,0.12593,1.11368,13817.2
300896.SZ,20260511,15600,117.9,1839240.0,118.0,0.00763018,0.6093,20445.1
300897.SZ,20260511,12336,26.74,329864.64,26.49,0.0140733,0.868931,8765.54
300898.SZ,20260511,28000,24.76,693280.0,24.86,0.0244051,0.704775,11473.0
300899.SZ,20260511,1300,38.5,50050.0,38.47,0.00317568,0.161837,4093.61
300900.SZ,20260511,838000,48.0,40224000.0,48.3,0.326343,2.0452,25678.5
300901.SZ,20260511,111300,18.34,2041242.0,18.25,0.046375,2.17167,24000.0
300902.SZ,20260511,3100,18.43,57133.0,18.43,0.00248407,0.102504,12479.5
300903.SZ,20260511,201200,58.42,11754104.0,58.06,0.0608429,0.528869,33068.8
300904.SZ,20260511,8800,62.39,549032.0,62.37,0.0400305,0.804819,2198.32
300905.SZ,20260511,615949,75.91,46756688.59,69.81,0.441078,2.88993,13964.6
300906.SZ,20260511,4500,36.97,166365.0,36.98,0.00623359,0.217622,7218.95
300907.SZ,20260511,13700,32.15,440455.0,32.15,0.0142708,0.582234,9600.0
300908.SZ,20260511,2100,28.88,60648.0,28.8,0.00170173,0.129633,12340.3
300909.SZ,20260511,8200,47.54,389828.0,47.12,0.00634973,0.271348,12913.9
300910.SZ,20260511,7300,48.82,356386.0,48.81,0.00352787,0.154034,20692.4
300911.SZ,20260511,667244,39.59,26416189.96,36.0,0.389433,6.72301,17133.7
300912.SZ,20260511,143500,31.36,4500160.0,31.43,0.166985,1.51379,8593.57
300913.SZ,20260511,82200,59.28,4872816.0,58.57,0.0321365,0.940374,25578.4
300915.SZ,20260511,1200,25.22,30264.0,25.22,0.00208553,0.0631809,5753.93
300916.SZ,20260511,21100,38.68,816148.0,38.38,0.0225872,0.454695,9341.58
300917.SZ,20260511,46200,34.35,1586970.0,34.69,0.0273373,0.769439,16900.0
300918.SZ,20260511,231000,15.62,3608220.0,15.69,0.04564,2.17502,50613.4
300919.SZ,20260511,184300,61.55,11343665.0,60.94,0.0201974,0.56353,91249.5
300920.SZ,20260511,9300,42.7,397110.0,42.19,0.0141621,0.724963,6566.84
300921.SZ,20260511,124200,28.69,3563298.0,28.4,0.108281,0.850271,11470.1
300922.SZ,20260511,33800,19.07,644566.0,19.05,0.0270672,1.06611,12487.4
300923.SZ,20260511,16900,29.3,495170.0,29.04,0.0221417,0.798613,7632.66
300925.SZ,20260511,70800,19.56,1384848.0,19.38,0.0202562,0.604465,34952.3
300926.SZ,20260511,18500,23.79,440115.0,23.67,0.00620833,0.329551,29798.7
300927.SZ,20260511,29800,30.48,908304.0,30.23,0.0211574,0.459616,14084.9
300928.SZ,20260511,14400,36.11,519984.0,36.02,0.0268716,0.379169,5358.82
300929.SZ,20260511,49300,14.72,725696.0,14.58,0.0393266,0.835297,12536.0
300930.SZ,20260511,9600,33.0,316800.0,33.0,0.0203714,0.523345,4712.5
300931.SZ,20260511,59600,15.64,932144.0,15.52,0.0310723,0.67721,19181.1
300932.SZ,20260511,98200,10.87,1067434.0,10.81,0.0307652,0.625668,31919.1
300933.SZ,20260511,28100,8.55,240255.0,8.54,0.00513626,0.153198,54709.0
300935.SZ,20260511,5500,34.08,187440.0,34.32,0.00912719,0.248945,6025.95
300936.SZ,20260511,20200,82.32,1662864.0,80.69,0.042597,0.635456,4742.12
300937.SZ,20260511,8600,28.0,240800.0,27.85,0.0141018,0.342126,6098.5
300938.SZ,20260511,670900,68.43,45909687.0,63.55,0.317441,3.03303,21134.6
300939.SZ,20260511,34100,42.7,1456070.0,42.69,0.0284167,0.682623,12000.0
300940.SZ,20260511,47300,20.89,988097.0,20.83,0.0300357,0.537408,15747.9
300941.SZ,20260511,28300,18.53,524399.0,18.41,0.0228634,0.762982,12377.9
300942.SZ,20260511,73900,7.97,588983.0,7.89,0.0182438,1.22658,40506.9
300943.SZ,20260511,379200,36.02,13658784.0,32.75,0.284203,2.72854,13342.6
300945.SZ,20260511,116200,15.92,1849904.0,15.95,0.0487416,0.93226,23840.0
300946.SZ,20260511,81000,53.2,4309200.0,54.18,0.106854,3.56768,7580.43
300947.SZ,20260511,5200,17.58,91416.0,17.5,0.00344194,0.136217,15107.8
300948.SZ,20260511,62700,23.61,1480347.0,23.69,0.0413693,1.01475,15156.2
300949.SZ,20260511,5200,41.67,216684.0,41.68,0.0151599,0.48512,3430.11
300950.SZ,20260511,15700,22.6,354820.0,22.41,0.0172792,0.579102,9086.08
300951.SZ,20260511,8300,33.9,281370.0,33.55,0.00548237,0.322067,15139.4
300952.SZ,20260511,63000,37.11,2337930.0,37.25,0.0593627,1.12324,10612.7
300953.SZ,20260511,48200,238.0,11471600.0,237.25,0.0386968,0.64782,12455.8
300955.SZ,20260511,21900,43.38,950022.0,43.63,0.0217262,0.508821,10080.0
300956.SZ,20260511,18700,16.26,304062.0,16.26,0.00888562,0.422145,21045.2
300957.SZ,20260511,10700,41.81,447367.0,42.07,0.0025398,0.139521,42129.3
300958.SZ,20260511,35100,14.56,511056.0,14.56,0.0385505,0.875234,9104.94
300959.SZ,20260511,25200,94.57,2383164.0,94.6,0.0481576,0.679049,5232.82
300960.SZ,20260511,13200,21.9,289080.0,21.68,0.0100857,0.85895,13087.8
300961.SZ,20260511,17400,13.82,240468.0,13.79,0.0114529,0.233583,15192.7
300962.SZ,20260511,9400,15.57,146358.0,15.55,0.00356058,0.242391,26400.2
300963.SZ,20260511,66400,17.59,1167976.0,17.49,0.0197389,0.697716,33639.2
300964.SZ,20260511,22200,73.3,1627260.0,72.9,0.0396359,0.590564,5600.98
300966.SZ,20260511,23900,27.91,667049.0,28.0,0.0311739,0.196309,7666.67
300967.SZ,20260511,56600,17.17,971822.0,17.04,0.0453551,1.488,12479.3
300968.SZ,20260511,43700,12.5,546250.0,12.31,0.0105714,0.926899,41338.0
300969.SZ,20260511,12700,142.73,1812671.0,142.87,0.0234875,0.361183,5407.14
300970.SZ,20260511,113700,36.57,4158009.0,36.55,0.119991,0.911837,9475.74
300971.SZ,20260511,65600,25.54,1675424.0,25.33,0.071109,1.44169,9225.28
300972.SZ,20260511,4500,221.19,995355.0,222.0,0.00252549,0.155199,17818.4
300973.SZ,20260511,6900,29.98,206862.0,29.94,0.0058196,0.206308,11856.5
300975.SZ,20260511,628200,24.0,15076800.0,23.12,0.127664,1.02871,49207.3
300976.SZ,20260511,23600,69.0,1628400.0,68.25,0.0273103,0.851409,8641.42
300977.SZ,20260511,6000,22.45,134700.0,22.39,0.00632897,0.178996,9480.21
300978.SZ,20260511,16000,11.24,179840.0,11.24,0.00557318,0.48215,28708.9
300979.SZ,20260511,35700,38.0,1356600.0,37.96,0.00305915,1.14752,116699.0
300980.SZ,20260511,12000,34.42,413040.0,34.21,0.0122024,0.207553,9834.14
300981.SZ,20260511,25900,14.85,384615.0,14.77,0.00659037,0.326205,39299.7
300982.SZ,20260511,59500,23.28,1385160.0,23.06,0.0306864,0.467609,19389.7
300983.SZ,20260511,68000,42.0,2856000.0,41.15,0.0444996,2.06377,15281.0
300984.SZ,20260511,20300,70.02,1421406.0,69.9,0.0229139,0.448298,8859.25
300985.SZ,20260511,17900,23.23,415817.0,23.18,0.00959721,0.623535,18651.2
300986.SZ,20260511,277100,25.2,6982920.0,25.03,0.0673171,1.11932,41163.4
300987.SZ,20260511,34000,17.69,601460.0,17.68,0.0196115,0.750076,17336.8
300988.SZ,20260511,39500,29.46,1163670.0,29.21,0.0364913,0.754056,10824.5
300989.SZ,20260511,15800,15.88,250904.0,15.88,0.00969631,0.266019,16294.9
300990.SZ,20260511,22300,89.0,1984700.0,88.15,0.0289135,0.424748,7712.65
300991.SZ,20260511,16700,49.33,823811.0,49.2,0.0181242,0.503041,9214.2
300992.SZ,20260511,11200,31.63,354256.0,31.12,0.0144509,0.303644,7750.4
300993.SZ,20260511,20300,12.6,255780.0,12.54,0.00839345,0.501258,24185.5
300994.SZ,20260511,10700,14.8,158360.0,14.79,0.00917164,0.187418,11666.4
300995.SZ,20260511,87500,36.67,3208625.0,36.59,0.145735,5.78983,6004.05
300996.SZ,20260511,43200,13.14,567648.0,13.1,0.0129671,0.31652,33315.0
300997.SZ,20260511,45300,20.1,910530.0,20.15,0.011408,0.580622,39709.1
300998.SZ,20260511,1400,28.25,39550.0,28.23,0.00130014,0.0302471,10768.1
300999.SZ,20260511,88600,28.51,2525986.0,28.51,0.0163274,0.724462,54264.7
301000.SZ,20260511,504400,34.96,17633824.0,35.86,0.220003,4.81147,22926.9
301001.SZ,20260511,29500,31.2,920400.0,31.2,0.0586481,1.5685,5030.0
301002.SZ,20260511,109000,52.94,5770460.0,52.73,0.128258,1.41061,8498.52
301003.SZ,20260511,44000,54.74,2408560.0,54.8,0.0585571,0.505315,7514.04
301004.SZ,20260511,4600,44.21,203366.0,43.92,0.00337969,0.544772,13610.7
301005.SZ,20260511,202000,202.0,40804000.0,196.83,0.152602,1.98038,13237.1
301006.SZ,20260511,54000,18.18,981720.0,18.08,0.0644231,1.31722,8382.09
301007.SZ,20260511,46600,37.41,1743306.0,37.65,0.0307946,1.08627,15132.5
301008.SZ,20260511,63900,32.55,2079945.0,32.72,0.0551608,0.876074,11584.3
301009.SZ,20260511,23900,11.53,275567.0,11.52,0.0158241,0.923514,15103.5
301010.SZ,20260511,100900,22.93,2313637.0,22.89,0.0934259,4.12983,10800.0
301011.SZ,20260511,57455,20.49,1177252.95,20.33,0.0392004,2.25441,14656.7
301012.SZ,20260511,74800,37.07,2772836.0,36.33,0.0379772,0.521677,19696.0
301013.SZ,20260511,115000,28.5,3277500.0,28.25,0.0607689,0.71012,18924.2
301015.SZ,20260511,67700,24.51,1659327.0,24.75,0.0128816,0.799141,52555.7
301016.SZ,20260511,35600,18.08,643648.0,18.04,0.0121429,0.545884,29317.5
301017.SZ,20260511,17300,13.54,234242.0,13.49,0.00668741,0.217546,25869.5
301018.SZ,20260511,36700,135.6,4976520.0,135.7,0.0185581,0.26897,19775.7
301019.SZ,20260511,8800,23.5,206800.0,23.51,0.00841224,0.414261,10460.9
301020.SZ,20260511,51600,24.0,1238400.0,23.46,0.0352459,2.88029,14640.0
301021.SZ,20260511,56200,64.61,3631082.0,63.29,0.0368042,1.0065,15270.0
301022.SZ,20260511,10400,30.81,320424.0,30.8,0.0154794,0.355452,6718.59
301023.SZ,20260511,23600,44.33,1046188.0,44.33,0.0542071,1.22225,4353.67
301024.SZ,20260511,9000,45.2,406800.0,44.7,0.0146199,0.503949,6156.0
301025.SZ,20260511,24400,11.56,282064.0,11.58,0.00880387,0.319184,27715.1
301026.SZ,20260511,52200,32.19,1680318.0,32.21,0.0456656,0.74739,11430.9
301027.SZ,20260511,53600,25.55,1369480.0,25.58,0.0442273,0.849856,12119.2
301028.SZ,20260511,1097800,18.74,20572772.0,17.75,0.442083,10.6044,24832.4
301029.SZ,20260511,58900,29.83,1756987.0,29.83,0.0127522,0.366471,46188.1
301030.SZ,20260511,753400,10.85,8174390.0,11.13,0.372775,2.45054,20210.6
301031.SZ,20260511,16900,156.0,2636400.0,154.82,0.021745,0.401481,7771.91
301032.SZ,20260511,8200,13.34,109388.0,13.28,0.00512908,0.1633,15987.3
301033.SZ,20260511,2200,57.19,125818.0,57.22,0.00390392,0.132588,5635.37
301035.SZ,20260511,6300,79.23,499149.0,79.23,0.00224734,0.402206,28033.2
301036.SZ,20260511,800,29.04,23232.0,28.93,0.00113581,0.0741747,7043.41
301037.SZ,20260511,13900,17.07,237273.0,16.97,0.0204418,0.373206,6799.78
301038.SZ,20260511,18200,20.33,370006.0,20.1,0.00815851,0.544696,22308.0
301039.SZ,20260511,6400,8.82,56448.0,8.8,0.000440642,0.0655314,145243.0
301040.SZ,20260511,21800,32.18,701524.0,31.62,0.023102,0.463588,9436.41
301041.SZ,20260511,32500,31.7,1030250.0,31.5,0.0411542,0.776931,7897.13
301042.SZ,20260511,2700,104.9,283230.0,104.88,0.00408962,0.116229,6602.08
301043.SZ,20260511,18100,56.9,1029890.0,56.74,0.0318955,1.47138,5674.77
301045.SZ,20260511,68800,52.12,3585856.0,52.3,0.0986861,1.04062,6971.6
301046.SZ,20260511,33700,25.65,864405.0,25.62,0.0261615,0.826622,12881.5
301047.SZ,20260511,5500,72.6,399300.0,72.19,0.00459941,0.522405,11958.1
301048.SZ,20260511,16900,11.22,189618.0,11.22,0.00316875,0.214481,53333.3
301049.SZ,20260511,13000,25.66,333580.0,25.36,0.0303551,0.269766,4282.64
301050.SZ,20260511,56100,42.55,2387055.0,42.04,0.0266503,0.963531,21050.4
301051.SZ,20260511,89300,25.91,2313763.0,25.53,0.0554973,1.54063,16090.9
301052.SZ,20260511,72400,33.72,2441328.0,33.88,0.0902789,1.75189,8019.59
301053.SZ,20260511,20800,68.1,1416480.0,67.8,0.0237767,0.292861,8748.07
301055.SZ,20260511,63200,33.83,2138056.0,33.83,0.0405128,0.818428,15600.0
301056.SZ,20260511,80900,14.57,1178713.0,14.56,0.045967,2.2654,17599.6
301057.SZ,20260511,29200,34.36,1003312.0,33.75,0.0360417,1.04256,8101.73
301058.SZ,20260511,70000,10.25,717500.0,10.19,0.0136646,1.02883,51227.4
301059.SZ,20260511,11400,14.68,167352.0,14.66,0.0055203,0.388576,20651.0
301060.SZ,20260511,151300,10.91,1650683.0,10.91,0.0420084,0.859918,36016.6
301061.SZ,20260511,10200,66.5,678300.0,65.77,0.00701816,0.288145,14533.7
301062.SZ,20260511,135600,7.97,1080732.0,7.86,0.043289,1.40278,31324.3
301063.SZ,20260511,11100,24.34,270174.0,24.15,0.0114851,0.453193,9664.73
301065.SZ,20260511,15900,24.58,390822.0,24.58,0.0184268,0.782629,8628.75
301066.SZ,20260511,181300,16.3,2955190.0,16.31,0.0777722,2.131,23311.7
301067.SZ,20260511,17500,34.2,598500.0,34.14,0.027417,0.597855,6382.89
301068.SZ,20260511,8400,35.99,302316.0,35.53,0.00837308,0.452413,10032.2
301069.SZ,20260511,65300,23.4,1528020.0,23.21,0.0153008,0.634713,42677.4
301070.SZ,20260511,44500,107.47,4782415.0,105.25,0.0749933,0.789722,5933.86
301071.SZ,20260511,146957,57.52,8452966.64,55.69,0.0761944,1.06527,19287.1
301072.SZ,20260511,16000,25.59,409440.0,25.6,0.0238308,0.791407,6713.99
301073.SZ,20260511,13400,24.78,332052.0,24.76,0.00753695,0.280002,17779.1
301075.SZ,20260511,25500,85.01,2167755.0,84.93,0.031875,1.02923,8000.0
301076.SZ,20260511,79700,41.04,3270888.0,41.3,0.0725838,1.46224,10980.4
301077.SZ,20260511,67500,32.34,2182950.0,32.28,0.0707528,0.703895,9540.26
301078.SZ,20260511,97300,8.78,854294.0,8.79,0.00775269,0.37767,125505.0
301079.SZ,20260511,143800,47.31,6803178.0,47.16,0.186915,1.41527,7693.34
301080.SZ,20260511,12700,45.95,583565.0,45.99,0.0100795,0.396506,12599.8
301081.SZ,20260511,91200,16.8,1532160.0,16.47,0.0417359,1.31589,21851.7
301082.SZ,20260511,37166,12.81,476096.46,12.66,0.0136285,0.838716,27270.8
301083.SZ,20260511,12800,17.96,229888.0,17.96,0.0149515,0.572307,8560.99
301085.SZ,20260511,58700,80.5,4725350.0,78.96,0.0996406,1.13591,5891.17
301086.SZ,20260511,12400,214.37,2658188.0,210.59,0.0264277,0.653684,4692.05
301087.SZ,20260511,16700,50.18,838006.0,50.15,0.00860863,0.412731,19399.1
301088.SZ,20260511,53100,15.6,828360.0,15.76,0.0282447,2.10104,18800.0
301089.SZ,20260511,315000,29.01,9138150.0,29.91,0.348181,7.64978,9047.01
301090.SZ,20260511,90400,8.89,803656.0,8.86,0.0061458,0.41508,147092.0
301091.SZ,20260511,17700,22.03,389931.0,21.94,0.00335685,0.346859,52728.0
301092.SZ,20260511,43300,40.91,1771403.0,40.66,0.0710542,0.749648,6093.94
301093.SZ,20260511,19400,97.0,1881800.0,96.66,0.0123569,0.395362,15699.7
301095.SZ,20260511,96600,95.02,9178932.0,94.66,0.0558316,1.10582,17302.0
301096.SZ,20260511,1100,60.44,66484.0,60.48,0.00132387,0.0331339,8309.0
301097.SZ,20260511,1200,59.07,70884.0,59.07,0.00414631,0.173615,2894.14
301098.SZ,20260511,105900,9.79,1036761.0,9.71,0.0707465,1.30722,14968.9
301099.SZ,20260511,114100,65.0,7416500.0,64.05,0.127088,1.10875,8978.04
301100.SZ,20260511,9800,18.75,183750.0,18.84,0.0112,0.478344,8750.0
301101.SZ,20260511,7000,36.8,257600.0,36.82,0.00366688,0.298285,19089.8
301102.SZ,20260511,1600,11.2,17920.0,11.15,0.000394089,0.0501284,40600.0
301103.SZ,20260511,53200,20.24,1076768.0,19.95,0.0437379,2.4589,12163.4
301105.SZ,20260511,4900,60.88,298312.0,60.87,0.0298099,0.471566,1643.75
301106.SZ,20260511,13500,36.24,489240.0,35.83,0.0132204,0.281411,10211.5
301107.SZ,20260511,26900,28.51,766919.0,28.27,0.0458091,1.58486,5872.19
301108.SZ,20260511,6700,27.34,183178.0,27.08,0.0103342,0.401657,6483.34
301109.SZ,20260511,38600,16.21,625706.0,16.2,0.0167591,0.506506,23032.2
301110.SZ,20260511,57200,70.13,4011436.0,70.23,0.0875065,1.24142,6536.66
301111.SZ,20260511,148800,22.48,3345024.0,22.56,0.093,1.6521,16000.0
301112.SZ,20260511,16600,36.8,610880.0,36.57,0.0150544,0.984544,11026.7
301113.SZ,20260511,2330,27.71,64564.3,27.55,0.00422975,0.142384,5508.59
301115.SZ,20260511,12800,25.23,322944.0,25.22,0.00827051,0.161756,15476.7
301116.SZ,20260511,2400,11.05,26520.0,11.06,0.000534549,0.0557131,44897.7
301117.SZ,20260511,55400,47.28,2619312.0,47.28,0.0697295,1.15849,7944.99
301118.SZ,20260511,31300,30.3,948390.0,29.98,0.0297731,0.357057,10512.8
301119.SZ,20260511,1300,43.6,56680.0,43.35,0.0015456,0.0899789,8411.0
301120.SZ,20260511,69700,20.48,1427456.0,20.43,0.0318972,0.693032,21851.4
301121.SZ,20260511,11400,39.04,445056.0,39.06,0.0225334,0.807469,5059.16
301122.SZ,20260511,24000,33.4,801600.0,33.38,0.031729,0.793731,7564.07
301123.SZ,20260511,90500,70.2,6353100.0,70.17,0.0548346,0.619777,16504.2
301125.SZ,20260511,12400,26.25,325500.0,26.06,0.00986779,0.291717,12566.1
301126.SZ,20260511,19500,12.12,236340.0,12.1,0.0141439,0.40407,13786.8
301127.SZ,20260511,57600,14.75,849600.0,14.58,0.0088041,0.461974,65424.1
301128.SZ,20260511,43100,194.31,8374761.0,191.75,0.0473666,0.566401,9099.24
301129.SZ,20260511,6700,27.7,185590.0,27.91,0.0101082,0.321413,6628.25
301130.SZ,20260511,10600,33.19,351814.0,32.99,0.0179608,0.594737,5901.74
301131.SZ,20260511,6300,43.83,276129.0,43.83,0.0160899,0.330382,3915.49
301132.SZ,20260511,11700,40.21,470457.0,40.11,0.0123503,0.176463,9473.44
301133.SZ,20260511,14000,49.44,692160.0,49.19,0.0125972,0.457644,11113.6
301135.SZ,20260511,8800,27.94,245872.0,27.87,0.0110283,0.323895,7979.44
301136.SZ,20260511,57100,16.64,950144.0,16.67,0.0207714,0.781828,27489.7
301137.SZ,20260511,93300,45.17,4214361.0,45.17,0.0513164,1.79827,18181.3
301138.SZ,20260511,4800,33.92,162816.0,33.93,0.00700115,0.28958,6856.01
301139.SZ,20260511,0,,0.0,18.45,0.0,0.0,7616.71
301141.SZ,20260511,20700,58.23,1205361.0,58.28,0.0465037,0.432907,4451.26
301148.SZ,20260511,28200,77.31,2180142.0,77.29,0.0478997,0.922697,5887.31
301149.SZ,20260511,40600,13.6,552160.0,13.61,0.0155447,0.229175,26118.2
301150.SZ,20260511,47800,70.1,3350780.0,70.0,0.0214748,0.267264,22258.6
301151.SZ,20260511,10600,17.74,188044.0,17.68,0.00627799,0.398583,16884.4
301152.SZ,20260511,49900,33.98,1695602.0,34.21,0.0703023,0.413561,7097.92
301153.SZ,20260511,86700,21.28,1844976.0,21.25,0.026134,1.34078,33175.2
301155.SZ,20260511,14200,60.51,859242.0,60.5,0.0115205,0.249486,12325.8
301156.SZ,20260511,15300,21.25,325125.0,21.04,0.0171477,0.506827,8922.5
301157.SZ,20260511,43700,78.88,3447056.0,78.14,0.211542,1.18012,2065.78
301158.SZ,20260511,16400,26.77,439028.0,26.64,0.0111951,0.192345,14649.3
301159.SZ,20260511,12600,42.38,533988.0,42.38,0.0237669,0.504742,5301.5
301160.SZ,20260511,7100,62.83,446093.0,62.46,0.00936025,0.288803,7585.27
301161.SZ,20260511,13000,32.75,425750.0,32.62,0.0168398,0.452903,7719.83
301162.SZ,20260511,2700,66.99,180873.0,66.88,0.00316809,0.104095,8522.48
301163.SZ,20260511,31200,32.75,1021800.0,32.84,0.0570117,1.35813,5472.56
301165.SZ,20260511,64200,101.15,6493830.0,99.38,0.00807086,0.516714,79545.5
301166.SZ,20260511,6000,32.33,193980.0,32.18,0.0105414,0.369206,5691.87
301167.SZ,20260511,22000,18.02,396440.0,17.99,0.0310022,0.727867,7096.27
301168.SZ,20260511,4600,45.0,207000.0,44.59,0.00482619,0.202815,9531.33
301169.SZ,20260511,8100,84.61,685341.0,83.65,0.0112486,0.315869,7200.9
301170.SZ,20260511,8800,30.58,269104.0,30.58,0.0262096,0.53075,3357.54
301171.SZ,20260511,2581990,43.01,111051389.9,42.9,0.519939,3.68121,49659.5
301172.SZ,20260511,62400,33.28,2076672.0,32.8,0.0631796,1.01393,9876.61
301173.SZ,20260511,7300,43.8,319740.0,43.92,0.0236793,1.08033,3082.87
301175.SZ,20260511,385900,6.43,2481337.0,6.41,0.0620538,1.25253,62188.0
301176.SZ,20260511,34800,41.66,1449768.0,41.51,0.0212126,0.245117,16405.4
301177.SZ,20260511,6400,30.24,193536.0,30.18,0.00159996,0.251177,40001.0
301178.SZ,20260511,54900,60.21,3305529.0,60.29,0.110962,1.91744,4947.63
301179.SZ,20260511,39500,25.37,1002115.0,25.12,0.0166333,0.327087,23747.5
301180.SZ,20260511,18400,19.13,351992.0,19.09,0.0112101,0.369867,16413.8
301181.SZ,20260511,20800,47.84,995072.0,47.81,0.0232811,0.806826,8934.27
301182.SZ,20260511,14300,70.93,1014299.0,69.54,0.0163645,0.439627,8738.42
301183.SZ,20260511,284100,244.0,69320400.0,240.4,0.483994,3.53678,5869.9
301185.SZ,20260511,45900,18.56,851904.0,18.56,0.0331008,1.33604,13866.7
301186.SZ,20260511,7600,77.45,588620.0,76.62,0.0100463,0.30892,7564.95
301187.SZ,20260511,10300,21.08,217124.0,20.95,0.00404028,0.550704,25493.3
301188.SZ,20260511,153600,27.5,4224000.0,27.5,0.0574127,0.667444,26753.7
301189.SZ,20260511,126500,96.58,12217370.0,95.25,0.112587,1.29477,11235.8
301190.SZ,20260511,7500,24.97,187275.0,24.98,0.00524094,0.174119,14310.4
301191.SZ,20260511,41700,161.59,6738303.0,159.32,0.0798875,0.826635,5219.84
301192.SZ,20260511,3100,28.11,87141.0,28.11,0.00647604,0.208129,4786.88
301193.SZ,20260511,53118,26.09,1385848.62,25.87,0.0309361,0.376911,17170.2
301195.SZ,20260511,3500,33.21,116235.0,32.96,0.00399134,0.422733,8768.98
301196.SZ,20260511,69200,127.36,8813312.0,125.0,0.0844298,1.43304,8196.16
301197.SZ,20260511,86300,33.0,2847900.0,33.02,0.0793569,1.65953,10874.9
301198.SZ,20260511,40700,18.25,742775.0,18.03,0.0250805,0.52714,16227.7
301199.SZ,20260511,11400,23.25,265050.0,23.2,0.0158994,0.311682,7170.1
301200.SZ,20260511,14800,189.03,2797644.0,187.78,0.0034804,0.322304,42523.8
301201.SZ,20260511,53200,42.31,2250892.0,41.84,0.0490122,0.885337,10854.4
301202.SZ,20260511,26000,44.78,1164280.0,44.48,0.0700101,0.867958,3713.75
301203.SZ,20260511,9400,49.16,462104.0,48.68,0.0214404,0.624386,4384.25
301205.SZ,20260511,95100,289.07,27490557.0,284.8,0.114022,0.928182,8340.47
301206.SZ,20260511,7600,27.32,207632.0,27.33,0.00583379,0.443046,13027.6
301207.SZ,20260511,535400,21.55,11537870.0,21.19,0.089137,6.70032,60064.8
301208.SZ,20260511,21800,35.55,774990.0,35.31,0.0329943,1.70411,6607.21
301209.SZ,20260511,200,89.33,17866.0,89.5,0.000209024,0.0190589,9568.3
301210.SZ,20260511,27300,42.49,1159977.0,42.79,0.0628107,0.447922,4346.39
301211.SZ,20260511,16900,11.72,198068.0,11.62,0.00404698,0.513192,41759.5
301212.SZ,20260511,11800,30.7,362260.0,30.3,0.0125867,0.680267,9375.0
301213.SZ,20260511,51500,80.71,4156565.0,78.43,0.0995919,2.3039,5171.1
301215.SZ,20260511,87700,6.47,567419.0,6.46,0.00663188,0.594558,132240.0
301216.SZ,20260511,76300,30.17,2301971.0,30.37,0.0139149,0.431459,54833.2
301217.SZ,20260511,834005,87.6,73058838.0,88.54,0.100602,1.28161,82901.6
301218.SZ,20260511,20500,36.27,743535.0,36.2,0.0292569,0.555145,7006.88
301219.SZ,20260511,228459,89.51,20449365.09,91.0,0.108575,1.1936,21041.6
301220.SZ,20260511,78500,43.33,3401405.0,40.53,0.100924,2.6757,7778.1
301221.SZ,20260511,6400,50.06,320384.0,50.0,0.0102036,0.371704,6272.32
301222.SZ,20260511,12400,50.88,630912.0,50.09,0.0155346,0.244856,7982.17
301223.SZ,20260511,3400,20.23,68782.0,20.17,0.00176049,0.211666,19312.8
301225.SZ,20260511,40900,121.01,4949309.0,118.99,0.136872,1.54092,2988.2
301226.SZ,20260511,85100,42.0,3574200.0,41.88,0.0782169,1.75926,10880.0
301227.SZ,20260511,4500,32.2,144900.0,32.21,0.0083144,0.34085,5412.3
301228.SZ,20260511,28900,63.4,1832260.0,62.41,0.0241962,0.646598,11944.0
301229.SZ,20260511,11600,18.21,211236.0,18.13,0.00897273,0.347658,12928.1
301230.SZ,20260511,175087,42.62,7462207.94,42.64,0.139383,2.20906,12561.6
301231.SZ,20260511,136600,31.47,4298802.0,31.47,0.20877,2.91535,6543.1
301232.SZ,20260511,96200,241.0,23184200.0,233.69,0.21537,1.46755,4466.73
301233.SZ,20260511,8400,59.82,502488.0,59.26,0.0298077,0.622085,2818.06
301234.SZ,20260511,6700,42.68,285956.0,42.48,0.0166789,0.394804,4017.06
301235.SZ,20260511,55800,60.3,3364740.0,58.97,0.0767062,0.925417,7274.51
301236.SZ,20260511,137800,41.76,5754528.0,41.8,0.0175383,0.668289,78570.9
301237.SZ,20260511,29100,73.15,2128665.0,73.04,0.0499571,1.38828,5825.0
301238.SZ,20260511,44400,22.28,989232.0,22.25,0.00605455,0.224534,73333.3
301239.SZ,20260511,7400,43.95,325230.0,43.94,0.00520965,0.166334,14204.4
301246.SZ,20260511,415900,30.0,12477000.0,30.36,0.244536,1.07719,17007.7
301248.SZ,20260511,69500,90.79,6309905.0,92.45,0.061872,0.609087,11232.9
301251.SZ,20260511,24800,69.0,1711200.0,67.95,0.0459323,0.484457,5399.25
301252.SZ,20260511,36700,44.06,1617002.0,44.04,0.0760705,0.662182,4824.47
301255.SZ,20260511,20900,30.8,643720.0,30.89,0.0548845,0.601095,3808.0
301256.SZ,20260511,47200,14.17,668824.0,14.11,0.00983333,0.594412,48000.0
301257.SZ,20260511,11300,53.61,605793.0,53.18,0.0150029,0.476236,7531.89
301258.SZ,20260511,5200,30.9,160680.0,30.95,0.00583843,0.381591,8906.5
301259.SZ,20260511,9100,41.36,376376.0,40.94,0.00990538,0.18162,9186.93
301260.SZ,20260511,180200,17.47,3148094.0,17.69,0.0877594,1.76522,20533.4
301261.SZ,20260511,126000,94.65,11925900.0,96.57,0.33615,1.64557,3748.33
301262.SZ,20260511,39000,24.34,949260.0,24.46,0.0319475,0.908402,12207.5
301263.SZ,20260511,14500,28.32,410640.0,28.09,0.00477624,0.349465,30358.6
301265.SZ,20260511,51200,27.1,1387520.0,27.0,0.0301536,0.491108,16979.7
301266.SZ,20260511,14500,41.7,604650.0,41.4,0.0138979,0.519603,10433.2
301267.SZ,20260511,14350,17.96,257726.0,18.04,0.00221299,0.266372,64844.4
301268.SZ,20260511,110000,23.84,2622400.0,23.92,0.031912,1.96429,34469.8
301269.SZ,20260511,62100,93.25,5790825.0,92.2,0.0113854,0.584702,54543.8
301270.SZ,20260511,8600,34.61,297646.0,34.44,0.00910122,0.304841,9449.28
301272.SZ,20260511,14100,46.6,657060.0,46.05,0.0450088,1.06816,3132.72
301273.SZ,20260511,7300,41.38,302074.0,41.1,0.0132761,0.402157,5498.62
301275.SZ,20260511,85900,46.0,3951400.0,45.67,0.0285516,0.83481,30085.9
301276.SZ,20260511,33600,26.15,878640.0,25.91,0.0464939,1.04771,7226.76
301277.SZ,20260511,11200,11.35,127120.0,11.32,0.00285657,0.445585,39207.8
301278.SZ,20260511,92500,41.86,3872050.0,41.78,0.179954,3.02955,5140.2
301279.SZ,20260511,65640,24.69,1620651.6,24.68,0.050299,2.51295,13050.0
301280.SZ,20260511,6020,46.97,282759.4,46.88,0.0107158,0.190493,5617.87
301281.SZ,20260511,6500,40.44,262860.0,40.44,0.00916112,0.170281,7095.2
301282.SZ,20260511,117940,31.32,3693880.8,31.37,0.0667921,0.843327,17657.8
301283.SZ,20260511,8100,49.28,399168.0,49.1,0.0128009,0.537054,6327.69
301285.SZ,20260511,7400,110.73,819402.0,109.9,0.00358059,0.219395,20667.0
301286.SZ,20260511,49000,58.25,2854250.0,58.31,0.0303821,0.989349,16127.9
301287.SZ,20260511,9300,46.0,427800.0,45.64,0.0546052,0.720674,1703.14
301288.SZ,20260511,11900,18.71,222649.0,18.63,0.015235,1.42926,7810.96
301289.SZ,20260511,6000,57.72,346320.0,56.85,0.00774185,0.85376,7750.09
301290.SZ,20260511,63600,31.75,2019300.0,31.49,0.0933086,1.86581,6816.09
301291.SZ,20260511,57000,59.44,3388080.0,59.5,0.0353364,0.253526,16130.7
301292.SZ,20260511,205714,83.16,17107176.24,83.42,0.241821,0.903761,8506.86
301293.SZ,20260511,68300,69.5,4746850.0,70.16,0.0331574,0.805922,20598.7
301295.SZ,20260511,18200,47.19,858858.0,47.35,0.0619048,0.791979,2940.0
301296.SZ,20260511,5900,7.87,46433.0,7.86,0.00138137,0.144888,42711.2
301297.SZ,20260511,329600,46.71,15395616.0,44.96,0.0908045,1.43736,36297.8
301298.SZ,20260511,13600,16.93,230248.0,16.91,0.0125713,0.564097,10818.3
301299.SZ,20260511,29500,63.0,1858500.0,62.97,0.0658788,1.43039,4477.92
301300.SZ,20260511,8800,42.79,376552.0,42.67,0.0226962,0.503963,3877.3
301301.SZ,20260511,41600,10.15,422240.0,10.14,0.00673377,0.348148,61778.2
301302.SZ,20260511,100600,27.05,2721230.0,27.05,0.0723793,1.16035,13899.0
301303.SZ,20260511,4900,15.18,74382.0,15.15,0.00479452,0.141329,10220.0
301305.SZ,20260511,73100,26.6,1944460.0,26.76,0.0590882,1.45579,12371.3
301306.SZ,20260511,125500,172.02,21588510.0,166.97,0.215404,2.09751,5826.25
301307.SZ,20260511,100300,54.45,5461335.0,52.28,0.0922033,0.807812,10878.1
301308.SZ,20260511,536295,528.0,283163760.0,479.99,0.195447,2.26254,27439.4
301309.SZ,20260511,6500,35.75,232375.0,35.67,0.0107295,0.327163,6058.09
301310.SZ,20260511,16500,64.0,1056000.0,63.53,0.037743,0.288118,4371.67
301311.SZ,20260511,9600,17.11,164256.0,17.13,0.004,0.370496,24000.0
301312.SZ,20260511,84500,127.48,10772060.0,127.26,0.139548,1.18339,6055.28
301313.SZ,20260511,10900,36.5,397850.0,36.24,0.0138759,0.381302,7855.35
301314.SZ,20260511,800,53.14,42512.0,53.02,0.00438179,0.0625786,1825.74
301315.SZ,20260511,6000,52.58,315480.0,52.57,0.0162162,0.372274,3700.0
301316.SZ,20260511,259700,58.0,15062600.0,57.81,0.106949,1.01176,24282.7
301317.SZ,20260511,39100,64.8,2533680.0,63.98,0.0749089,0.569062,5219.67
301318.SZ,20260511,6000,25.84,155040.0,25.82,0.00675803,0.374083,8878.33
301319.SZ,20260511,124900,98.94,12357606.0,94.67,0.133471,1.58301,9357.86
301320.SZ,20260511,17100,17.92,306432.0,17.87,0.0250699,0.948435,6820.92
301321.SZ,20260511,30100,28.67,862967.0,28.27,0.0203902,0.353255,14762.0
301322.SZ,20260511,7200,40.18,289296.0,40.16,0.00757674,0.186091,9502.77
301323.SZ,20260511,11700,73.0,854100.0,72.84,0.0173162,0.507642,6756.7
301325.SZ,20260511,23640,44.46,1051034.4,44.0,0.0408328,0.819968,5789.47
301326.SZ,20260511,25000,195.0,4875000.0,192.3,0.0346946,1.04167,7205.74
301327.SZ,20260511,10700,63.2,676240.0,63.44,0.00613598,0.31611,17438.1
301328.SZ,20260511,71200,70.0,4984000.0,70.05,0.0647907,3.12553,10989.2
301329.SZ,20260511,23100,26.26,606606.0,26.3,0.038536,0.34946,5994.4
301330.SZ,20260511,118100,31.5,3720150.0,31.95,0.0607756,2.24258,19432.2
301331.SZ,20260511,6600,27.38,180708.0,27.25,0.00643042,0.505697,10263.7
301332.SZ,20260511,86900,9.79,850751.0,9.84,0.0328122,2.09137,26484.0
301333.SZ,20260511,12100,61.03,738463.0,61.16,0.0125462,0.8762,9644.37
301335.SZ,20260511,6100,25.99,158539.0,25.98,0.0120497,0.420152,5062.38
301336.SZ,20260511,1400,56.22,78708.0,55.97,0.00460068,0.113017,3043.03
301337.SZ,20260511,15800,28.83,455514.0,28.84,0.0356739,1.03681,4429.01
301338.SZ,20260511,30400,212.9,6472160.0,211.08,0.0573314,0.605648,5302.5
301339.SZ,20260511,21600,13.42,289872.0,13.37,0.0037908,0.582978,56980.0
301345.SZ,20260511,3400,265.38,902292.0,267.0,0.00970604,0.247259,3502.97
301348.SZ,20260511,208300,27.41,5709503.0,26.88,0.134267,1.2157,15513.9
301349.SZ,20260511,37800,62.58,2365524.0,62.59,0.0469075,0.944099,8058.41
301353.SZ,20260511,3000,30.3,90900.0,30.19,0.00940992,0.193359,3188.12
301355.SZ,20260511,21800,13.23,288414.0,13.1,0.0217445,0.55425,10025.5
301356.SZ,20260511,9500,23.97,227715.0,23.96,0.0173326,0.248801,5481.0
301357.SZ,20260511,10700,110.9,1186630.0,111.19,0.0112395,0.568967,9520.0
301358.SZ,20260511,775319,97.3,75438538.7,97.25,0.102024,1.49268,75993.8
301359.SZ,20260511,5500,24.16,132880.0,23.99,0.00773047,0.205714,7114.7
301360.SZ,20260511,13600,86.34,1174224.0,86.32,0.0538357,0.850513,2526.21
301361.SZ,20260511,28600,38.04,1087944.0,37.94,0.093943,1.29403,3044.4
301362.SZ,20260511,19700,164.0,3230800.0,163.53,0.066397,0.486896,2967.0
301363.SZ,20260511,513700,31.01,15929837.0,29.71,0.137646,2.74346,37320.3
301365.SZ,20260511,14300,38.5,550550.0,38.47,0.014105,0.226322,10138.2
301366.SZ,20260511,72500,42.87,3108075.0,42.35,0.0619677,1.35228,11699.6
301367.SZ,20260511,2100,68.1,143010.0,67.75,0.00299151,0.236637,7019.86
301368.SZ,20260511,23600,54.42,1284312.0,54.53,0.0368052,0.863845,6412.14
301369.SZ,20260511,40500,220.21,8918505.0,215.88,0.111376,2.47469,3636.34
301370.SZ,20260511,11500,10.54,121210.0,10.51,0.00355214,0.345467,32374.9
301371.SZ,20260511,36400,31.55,1148420.0,31.81,0.046793,0.590702,7778.94
301372.SZ,20260511,17000,36.67,623390.0,36.54,0.0412918,0.465601,4117.04
301373.SZ,20260511,47000,137.04,6440880.0,135.4,0.115244,0.762476,4078.31
301376.SZ,20260511,13800,17.7,244260.0,17.66,0.00712652,0.162482,19364.3
301377.SZ,20260511,15800,238.5,3768300.0,237.38,0.022246,0.421157,7102.4
301378.SZ,20260511,46800,35.53,1662804.0,35.57,0.101929,0.794749,4591.45
301379.SZ,20260511,111200,28.6,3180320.0,27.88,0.0723226,1.42814,15375.6
301380.SZ,20260511,13000,35.63,463190.0,35.56,0.0161013,0.740426,8073.86
301381.SZ,20260511,59449,21.93,1303716.57,21.65,0.0304136,1.19104,19546.8
301382.SZ,20260511,299500,47.19,14133405.0,46.74,0.169634,1.69792,17655.7
301383.SZ,20260511,15900,29.91,475569.0,29.59,0.0225167,1.04166,7061.42
301386.SZ,20260511,21500,26.66,573190.0,26.43,0.0477778,1.30183,4500.0
301387.SZ,20260511,91300,83.91,7660983.0,83.68,0.213896,1.64793,4268.43
301388.SZ,20260511,20600,32.97,679182.0,32.94,0.0283422,1.1666,7268.3
301389.SZ,20260511,94200,72.33,6813486.0,72.31,0.0332275,0.628576,28350.0
301390.SZ,20260511,3600,38.58,138888.0,38.59,0.00733852,0.242971,4905.62
301391.SZ,20260511,20000,86.5,1730000.0,85.02,0.0215435,0.598728,9283.56
301392.SZ,20260511,39500,170.71,6743045.0,170.71,0.0968234,0.746476,4079.59
301393.SZ,20260511,9300,58.9,547770.0,58.88,0.0220878,0.496989,4210.48
301395.SZ,20260511,31800,15.74,500532.0,15.7,0.0249746,0.417672,12732.9
301396.SZ,20260511,181400,340.69,61801166.0,345.0,0.23144,1.73149,7837.88
301397.SZ,20260511,192700,42.59,8207093.0,43.15,0.272775,2.60781,7064.42
301398.SZ,20260511,93300,47.61,4442013.0,47.48,0.250678,4.90749,3721.9
301399.SZ,20260511,500,22.39,11195.0,22.29,0.000914351,0.0120396,5468.36
301408.SZ,20260511,556900,20.44,11383036.0,20.52,0.243231,1.46981,22895.9
301413.SZ,20260511,39800,120.4,4791920.0,120.29,0.0677448,0.784381,5874.99
301418.SZ,20260511,7020,43.08,302421.6,43.06,0.0238481,0.355154,2943.63
301419.SZ,20260511,17800,43.14,767892.0,42.93,0.0224389,0.445705,7932.66
301421.SZ,20260511,28100,104.99,2950219.0,104.05,0.06068,0.378746,4630.85
301428.SZ,20260511,67200,35.92,2413824.0,35.69,0.10981,1.21698,6119.65
301429.SZ,20260511,10700,22.8,243960.0,22.66,0.0243066,0.402453,4402.1
301439.SZ,20260511,17900,16.9,302510.0,16.9,0.00976824,0.278887,18324.7
301446.SZ,20260511,3400,43.0,146200.0,43.0,0.010943,0.168953,3107.0
301448.SZ,20260511,1300,40.19,52247.0,39.99,0.00269249,0.140044,4828.25
301449.SZ,20260511,8800,72.3,636240.0,72.3,0.063249,0.674662,1391.33
301456.SZ,20260511,10600,31.68,335808.0,31.62,0.0179025,0.516738,5920.96
301458.SZ,20260511,69200,43.37,3001204.0,42.87,0.0589026,0.706296,11748.2
301459.SZ,20260511,8900,38.98,346922.0,38.93,0.0341009,0.850771,2609.9
301468.SZ,20260511,23100,60.62,1400322.0,60.65,0.0307989,0.305544,7500.26
301469.SZ,20260511,27700,37.2,1030440.0,37.2,0.0601407,1.34806,4605.87
301479.SZ,20260511,107200,138.01,14794672.0,131.48,0.210488,3.05933,5092.92
301486.SZ,20260511,70200,235.64,16541928.0,229.29,0.0968894,0.715339,7245.38
301487.SZ,20260511,98100,25.24,2476044.0,25.26,0.0359612,0.416508,27279.4
301488.SZ,20260511,14500,136.14,1974030.0,137.17,0.0619336,1.02656,2341.22
301489.SZ,20260511,27500,242.31,6663525.0,237.06,0.0577723,0.79153,4760.07
301491.SZ,20260511,9600,51.6,495360.0,51.28,0.0335859,0.960101,2858.34
301498.SZ,20260511,34700,52.05,1806135.0,52.05,0.0193484,0.448386,17934.3
301499.SZ,20260511,100500,38.5,3869250.0,38.14,0.290767,2.29803,3456.37
301500.SZ,20260511,80800,30.8,2488640.0,30.8,0.0560914,0.26426,14405.1
301501.SZ,20260511,6800,34.11,231948.0,34.15,0.0156322,0.685036,4350.0
301502.SZ,20260511,39638,58.56,2321201.28,58.3,0.16805,1.31538,2358.7
301503.SZ,20260511,8800,36.63,322344.0,36.6,0.0270936,0.65164,3248.0
301505.SZ,20260511,9400,23.48,220712.0,23.35,0.0120218,0.331943,7819.16
301507.SZ,20260511,21100,14.98,316078.0,14.87,0.0191693,0.613208,11007.2
301508.SZ,20260511,6500,30.18,196170.0,30.18,0.0110476,0.451552,5883.64
301509.SZ,20260511,6600,35.37,233442.0,35.3,0.0116318,0.237482,5674.09
301510.SZ,20260511,89700,40.66,3647202.0,40.65,0.0321322,0.527252,27915.9
301511.SZ,20260511,435200,94.14,40969728.0,94.6,0.116168,0.879577,37463.1
301512.SZ,20260511,14500,52.91,767195.0,52.94,0.0584362,0.929162,2481.34
301513.SZ,20260511,32700,89.49,2926323.0,90.39,0.162291,0.681171,2014.9
301515.SZ,20260511,8000,24.5,196000.0,24.35,0.0122006,0.435668,6557.06
301516.SZ,20260511,42000,21.5,903000.0,21.46,0.05985,0.425221,7017.54
301517.SZ,20260511,51100,74.02,3782422.0,73.88,0.0523769,0.639829,9756.21
301518.SZ,20260511,0,,0.0,37.95,0.0,0.0,5345.52
301519.SZ,20260511,17600,15.75,277200.0,15.76,0.0233191,0.47587,7547.45
301520.SZ,20260511,2100,42.5,89250.0,42.54,0.00894694,0.295559,2347.17
301522.SZ,20260511,30000,33.55,1006500.0,33.22,0.0108413,0.529516,27671.9
301525.SZ,20260511,19800,78.58,1555884.0,78.3,0.04008,1.03768,4940.12
301526.SZ,20260511,1297600,18.9,24524640.0,18.6,0.0923958,0.587144,140439.0
301528.SZ,20260511,2200,72.57,159654.0,73.27,0.00691107,0.211507,3183.3
301529.SZ,20260511,70000,151.36,10595200.0,154.3,0.154735,1.42089,4523.85
301533.SZ,20260511,3800,33.45,127110.0,33.44,0.013363,0.358835,2843.67
301535.SZ,20260511,19800,19.64,388872.0,19.66,0.011661,0.645884,16979.6
301536.SZ,20260511,54700,90.4,4944880.0,88.69,0.0292211,0.570883,18719.3
301538.SZ,20260511,6300,81.2,511560.0,81.0,0.0201796,0.542242,3121.97
301539.SZ,20260511,2400,19.3,46320.0,19.21,0.00319737,0.133361,7506.17
301548.SZ,20260511,5300,84.65,448645.0,83.76,0.020202,0.235647,2623.5
301550.SZ,20260511,64400,189.0,12171600.0,193.9,0.045648,0.985222,14108.0
301551.SZ,20260511,28700,28.47,817089.0,28.44,0.0185696,0.554751,15455.4
301552.SZ,20260511,23200,32.01,742632.0,31.82,0.0749838,1.29439,3094.0
301555.SZ,20260511,15200,38.29,582008.0,38.29,0.0314409,0.532265,4834.48
301556.SZ,20260511,13500,90.76,1225260.0,90.96,0.0457938,0.770364,2948.0
301557.SZ,20260511,200,115.45,23090.0,115.67,0.00112581,0.0164637,1776.5
301558.SZ,20260511,54300,8.38,455034.0,8.38,0.0247401,0.591977,21948.2
301559.SZ,20260511,101900,17.0,1732300.0,17.0,0.113222,3.82978,9000.0
301560.SZ,20260511,57700,41.92,2418784.0,41.91,0.0944972,1.29398,6106.0
301563.SZ,20260511,54500,179.0,9755500.0,174.58,0.37025,2.87261,1471.98
301565.SZ,20260511,9500,22.86,217170.0,22.72,0.0074213,0.2039,12801.0
301566.SZ,20260511,274200,26.5,7266300.0,25.77,0.129899,1.6058,21108.7
301567.SZ,20260511,3100,45.54,141174.0,45.51,0.0145952,0.246631,2123.99
301568.SZ,20260511,30700,60.24,1849368.0,59.97,0.0644967,0.603889,4759.94
301571.SZ,20260511,17300,69.98,1210654.0,69.06,0.0145175,0.54741,11916.7
301575.SZ,20260511,2650,48.25,127862.5,47.91,0.0152224,0.309898,1740.85
301577.SZ,20260511,5100,71.37,363987.0,70.93,0.0270684,0.283783,1884.12
301578.SZ,20260511,8150,35.9,292585.0,35.89,0.0351749,0.825173,2316.99
301580.SZ,20260511,31300,79.0,2472700.0,78.71,0.043462,0.631892,7201.7
301581.SZ,20260511,100,49.62,4962.0,49.56,0.000236437,0.0153723,4229.45
301584.SZ,20260511,5300,26.93,142729.0,26.84,0.00986702,0.250834,5371.43
301585.SZ,20260511,4500,30.17,135765.0,30.18,0.00660706,0.316968,6810.89
301586.SZ,20260511,12700,44.0,558800.0,44.0,0.0240025,0.920881,5291.11
301587.SZ,20260511,40800,28.7,1170960.0,28.7,0.0555457,0.400679,7345.3
301588.SZ,20260511,89400,36.5,3263100.0,35.89,0.121866,0.774734,7335.92
301589.SZ,20260511,5000,178.39,891950.0,177.8,0.0145075,0.751087,3446.5
301590.SZ,20260511,4800,184.68,886464.0,181.79,0.0557966,0.707761,860.268
301591.SZ,20260511,7600,43.03,327028.0,42.89,0.0223935,0.490083,3393.84
301592.SZ,20260511,25300,137.88,3488364.0,136.29,0.108312,1.52948,2335.84
301595.SZ,20260511,41800,49.6,2073280.0,49.67,0.171572,1.63905,2436.3
301596.SZ,20260511,33200,75.37,2502284.0,72.57,0.106014,2.99578,3131.66
301598.SZ,20260511,2300,65.94,151662.0,65.94,0.0131071,0.469651,1754.77
301599.SZ,20260511,300132,63.01,18911317.32,65.35,0.548682,0.889966,5470.05
301600.SZ,20260511,4700,123.88,582236.0,123.49,0.0145698,0.288603,3225.85
301601.SZ,20260511,3500,22.7,79450.0,22.55,0.00414299,0.252675,8448.0
301602.SZ,20260511,15500,19.21,297755.0,19.09,0.00743407,0.660262,20849.9
301603.SZ,20260511,156300,136.06,21266178.0,133.71,0.414232,2.59356,3773.25
301606.SZ,20260511,35525,72.11,2561707.75,72.0,0.0215305,0.595834,16499.9
301607.SZ,20260511,50500,52.24,2638120.0,51.73,0.0465771,0.72483,10842.2
301608.SZ,20260511,16076,96.81,1556317.56,97.67,0.0402532,1.04515,3993.72
301609.SZ,20260511,8400,47.19,396396.0,47.03,0.0229208,0.443818,3664.8
301611.SZ,20260511,118400,104.03,12317152.0,103.6,0.0807735,0.809216,14658.3
301613.SZ,20260511,17800,50.08,891424.0,49.8,0.0212154,0.901494,8390.12
301616.SZ,20260511,800,46.3,37040.0,46.3,0.00281672,0.0937805,2840.18
301617.SZ,20260511,4700,61.56,289332.0,61.34,0.00886124,0.189438,5304.0
301618.SZ,20260511,0,,0.0,51.38,0.0,0.0,3315.43
301622.SZ,20260511,18200,57.61,1048502.0,57.54,0.0281475,1.15778,6465.94
301626.SZ,20260511,11400,300.0,3420000.0,296.47,0.0216652,0.476028,5261.9
301628.SZ,20260511,23000,114.0,2622000.0,113.94,0.0825088,1.10212,2787.58
301629.SZ,20260511,62229,370.0,23024730.0,351.0,0.324176,2.41029,1919.61
301630.SZ,20260511,9600,263.0,2524800.0,259.5,0.096,0.572139,1000.0
301631.SZ,20260511,41700,121.22,5054874.0,123.2,0.133916,1.00667,3113.89
301632.SZ,20260511,3700,21.26,78662.0,21.24,0.00505037,0.190413,7326.2
301633.SZ,20260511,900,63.55,57195.0,63.33,0.00352794,0.18687,2551.06
301636.SZ,20260511,14700,65.67,965349.0,65.01,0.0921113,0.84483,1595.9
301638.SZ,20260511,284200,30.8,8753360.0,30.09,0.120946,0.670099,23498.0
301656.SZ,20260511,32000,20.36,651520.0,20.36,0.0157149,0.376424,20362.9
301658.SZ,20260511,101300,43.88,4445044.0,43.0,0.103986,0.96653,9741.67
301662.SZ,20260511,17800,182.35,3245830.0,180.44,0.0578803,0.615695,3075.31
301665.SZ,20260511,16800,27.53,462504.0,27.52,0.0161275,0.463462,10417.0
301666.SZ,20260511,262400,533.1,139885440.0,504.81,0.989578,2.70353,2651.63
301667.SZ,20260511,38100,108.5,4133850.0,108.5,0.169375,0.633802,2249.45
301668.SZ,20260511,2900,45.87,133023.0,45.52,0.0119201,0.21146,2432.86
301678.SZ,20260511,18400,61.98,1140432.0,61.19,0.0384045,0.811721,4791.11
301680.SZ,20260511,84620,124.06,10497957.2,120.81,0.503616,2.75287,1680.25
301682.SZ,20260511,55700,145.0,8076500.0,143.82,0.216843,1.30866,2568.68
301683.SZ,20260511,59899,145.01,8685953.99,143.03,0.419883,1.89074,1426.56
301687.SZ,20260511,66100,64.5,4263450.0,64.31,0.2238,1.65774,2953.53
301696.SZ,20260511,257800,126.01,32485378.0,128.22,0.856952,2.77926,3008.34
302132.SZ,20260511,88761,70.3,6239898.3,69.98,0.0151451,1.09005,58606.9
920000.BJ,20260511,7350,16.5,121275.0,16.51,0.0127618,1.01958,5759.39
920001.BJ,20260511,3522,15.32,53957.04,15.32,0.00397109,0.244568,8869.1
920002.BJ,20260511,65495,94.35,6179453.25,97.99,0.205603,5.48795,3185.51
920003.BJ,20260511,16268,31.9,518949.2,32.19,0.122182,1.60738,1331.46
920005.BJ,20260511,0,,0.0,36.1,0.0,0.0,2150.0
920006.BJ,20260511,6111,20.77,126925.47,20.77,0.0127853,0.591616,4779.71
920007.BJ,20260511,1400,54.8,76720.0,54.12,0.0131544,0.418865,1064.29
920008.BJ,20260511,7545,27.08,204318.6,26.8,0.0221777,0.742234,3402.07
920009.BJ,20260511,3898,68.01,265102.98,68.01,0.0541389,1.37184,720.0
920010.BJ,20260511,373326,13.23,4939102.98,13.32,0.215176,2.28825,17349.8
920011.BJ,20260511,105013,27.03,2838501.39,27.51,0.564586,2.93311,1860.0
920012.BJ,20260511,69768,72.1,5030272.8,69.65,0.52581,1.62851,1326.87
920014.BJ,20260511,9497,12.52,118902.44,12.4,0.0141646,0.418103,6704.73
920015.BJ,20260511,4539,41.46,188186.94,41.2,0.011344,0.198147,4001.24
920016.BJ,20260511,300,17.38,5214.0,17.25,0.000876239,0.0606106,3423.72
920017.BJ,20260511,7809,18.23,142358.07,18.23,0.00632258,0.455003,12351.0
920018.BJ,20260511,8565,29.59,253438.35,29.4,0.0193674,0.605456,4422.38
920019.BJ,20260511,6319,18.88,119302.72,18.88,0.00377173,0.333688,16753.6
920020.BJ,20260511,12113,16.54,200349.02,16.38,0.0219833,1.25649,5510.09
920021.BJ,20260511,421276,10.47,4410759.72,10.54,0.170175,1.89902,24755.5
920022.BJ,20260511,2312,27.35,63233.2,27.23,0.0139151,0.469462,1661.5
920023.BJ,20260511,154829,2.51,388620.79,2.54,0.0575982,0.901313,26880.9
920026.BJ,20260511,1600,36.38,58208.0,36.05,0.00258594,0.113593,6187.3
920027.BJ,20260511,6501,19.11,124234.11,19.11,0.0154039,0.347468,4220.35
920028.BJ,20260511,547521,20.27,11098250.67,18.9,0.842864,7.65657,6495.96
920029.BJ,20260511,1788,70.35,125785.8,70.14,0.00132303,0.0981364,13514.4
920030.BJ,20260511,2000,5.84,11680.0,5.83,0.00177819,0.096843,11247.4
920033.BJ,20260511,2650,17.43,46189.5,17.45,0.00320199,0.133932,8276.1
920035.BJ,20260511,7093,32.76,232366.68,32.35,0.045419,0.491933,1561.68
920036.BJ,20260511,313959,48.36,15183057.24,51.85,2.40374,11.1059,1306.13
920037.BJ,20260511,17032,55.2,940166.4,55.2,0.04115,1.22006,4139.0
920039.BJ,20260511,7624,9.78,74562.72,9.78,0.00495645,0.747789,15382.0
920045.BJ,20260511,25360,630.0,15976800.0,616.77,0.125997,2.19738,2012.75
920046.BJ,20260511,113259,29.1,3295836.9,29.65,0.202512,1.62027,5592.7
920047.BJ,20260511,27410,29.35,804483.5,29.15,0.0152188,0.688426,18010.6
920050.BJ,20260511,3500,33.89,118615.0,33.9,0.0193342,0.689364,1810.27
920055.BJ,20260511,19442,37.47,728491.74,37.55,0.127072,0.795264,1530.0
920056.BJ,20260511,6076,23.11,140416.36,23.19,0.0196992,0.615914,3084.39
920057.BJ,20260511,7820,6.31,49344.2,6.32,0.00679582,0.520368,11507.1
920058.BJ,20260511,100,27.92,2792.0,27.94,0.000362393,0.026262,2759.44
920060.BJ,20260511,23377,33.33,779155.41,33.12,0.024653,0.560157,9482.43
920061.BJ,20260511,6147,27.17,167013.99,27.13,0.0156156,0.1972,3936.44
920062.BJ,20260511,42725,10.57,451603.25,10.68,0.0321569,1.23248,13286.4
920066.BJ,20260511,1200,22.44,26928.0,22.34,0.00603824,0.324478,1987.33
920068.BJ,20260511,1950,20.22,39429.0,20.33,0.00310984,0.0839856,6270.43
920069.BJ,20260511,17745,41.88,743160.6,41.88,0.120079,1.04006,1477.77
920075.BJ,20260511,9633,22.04,212311.32,22.17,0.0276184,0.734581,3487.89
920076.BJ,20260511,22697,21.86,496156.42,21.96,0.0862724,1.73226,2630.85
920077.BJ,20260511,76283,19.6,1495146.8,19.43,0.0251466,0.643539,30335.3
920078.BJ,20260511,157768,31.99,5046998.32,32.6,0.762164,2.40456,2070.0
920080.BJ,20260511,14436,26.07,376346.52,26.06,0.0628316,1.39151,2297.57
920082.BJ,20260511,800,15.44,12352.0,15.42,0.00202189,0.109501,3956.7
920086.BJ,20260511,15891,31.51,500725.41,31.74,0.0594178,0.876329,2674.45
920087.BJ,20260511,12013,13.98,167941.74,14.02,0.00732294,0.31539,16404.6
920088.BJ,20260511,40062,45.3,1814808.6,45.11,0.123017,0.667947,3256.62
920089.BJ,20260511,8100,18.36,148716.0,18.19,0.00943872,0.364868,8581.67
920090.BJ,20260511,26551,5.07,134613.57,5.07,0.0178275,0.39544,14893.3
920091.BJ,20260511,9922,54.35,539260.7,55.12,0.0684266,0.735603,1450.02
920092.BJ,20260511,14452,31.8,459573.6,31.16,0.0438559,1.49697,3295.34
920098.BJ,20260511,11100,25.49,282939.0,25.39,0.0200449,1.4656,5537.57
920099.BJ,20260511,1900,30.68,58292.0,30.25,0.00391892,0.158995,4848.27
920100.BJ,20260511,68683,55.0,3777565.0,56.26,0.350958,4.65501,1957.01
920101.BJ,20260511,1600,35.78,57248.0,35.72,0.00575156,0.334683,2781.85
920106.BJ,20260511,4358,56.47,246096.26,56.91,0.00998285,0.32282,4365.49
920108.BJ,20260511,2884,11.92,34377.28,11.87,0.00395244,0.118858,7296.77
920110.BJ,20260511,0,,0.0,32.73,0.0,0.0,1623.9
920111.BJ,20260511,217456,37.8,8219836.8,36.35,0.288832,2.21985,7528.81
920112.BJ,20260511,1650,33.8,55770.0,33.43,0.00711728,0.478029,2318.3
920116.BJ,20260511,68553,115.0,7883595.0,112.12,0.0446672,1.9449,15347.5
920118.BJ,20260511,5619,21.84,122718.96,21.82,0.0179297,0.689861,3133.91
920119.BJ,20260511,5953,98.0,583394.0,97.89,0.0313699,0.847447,1897.68
920121.BJ,20260511,3500,38.44,134540.0,37.76,0.0294309,1.01926,1189.23
920122.BJ,20260511,2500,27.39,68475.0,27.11,0.00668894,0.3875,3737.51
920123.BJ,20260511,11911,13.53,161155.83,13.61,0.0187183,1.10437,6363.29
920124.BJ,20260511,45670,16.38,748074.6,16.59,0.0596748,1.91705,7653.14
920125.BJ,20260511,82997,102.1,8473993.7,99.29,0.503576,1.55765,1648.15
920128.BJ,20260511,402,25.0,10050.0,24.91,0.00165432,0.0851829,2430.0
920130.BJ,20260511,15418,20.08,309593.44,20.07,0.0272462,1.32416,5658.76
920132.BJ,20260511,100,14.48,1448.0,14.44,0.000355578,0.012152,2812.32
920139.BJ,20260511,97240,20.0,1944800.0,19.61,0.0374135,1.09395,25990.6
920145.BJ,20260511,3800,15.1,57380.0,15.08,0.00782006,0.433504,4859.3
920146.BJ,20260511,26462,7.0,185234.0,7.04,0.024699,1.1163,10713.8
920149.BJ,20260511,6100,10.47,63867.0,10.47,0.00964168,0.617937,6326.7
920152.BJ,20260511,382349,18.3,6996986.7,19.91,0.4657,7.30663,8210.19
920156.BJ,20260511,98499,60.53,5962144.47,59.53,0.453745,1.15398,2170.8
920158.BJ,20260511,53919,17.41,938729.79,17.22,0.141373,2.00949,3813.94
920159.BJ,20260511,4495,41.8,187891.0,41.87,0.0312153,0.284902,1440.0
920160.BJ,20260511,183,24.62,4505.46,24.66,0.000717985,0.0145622,2548.8
920163.BJ,20260511,1200,12.93,15516.0,12.91,0.00199694,0.160198,6009.2
920166.BJ,20260511,11204,28.4,318193.6,28.44,0.0471455,1.65255,2376.47
920167.BJ,20260511,20942,20.25,424075.5,20.22,0.0320391,0.379057,6536.38
920168.BJ,20260511,9622,21.75,209278.5,21.78,0.0341514,0.577057,2817.45
920169.BJ,20260511,48279,31.23,1507753.17,29.75,0.0950314,2.87544,5080.32
920171.BJ,20260511,49003,22.16,1085906.48,21.91,0.0724554,0.918938,6763.2
920174.BJ,20260511,4066,40.66,165323.56,40.87,0.00735575,0.241043,5527.65
920175.BJ,20260511,5147,10.21,52550.87,10.19,0.00649252,0.462231,7927.59
920177.BJ,20260511,92660,35.9,3326494.0,36.68,0.787122,3.31856,1177.2
920179.BJ,20260511,60589,57.37,3475990.93,55.11,0.101458,1.42303,5971.85
920180.BJ,20260511,56902,16.1,916122.2,16.43,0.159526,2.46496,3566.95
920181.BJ,20260511,65299,108.98,7116285.02,105.18,0.651687,2.01518,1002.0
920183.BJ,20260511,18311,42.44,777118.84,41.98,0.162767,1.87212,1124.98
920184.BJ,20260511,100,16.25,1625.0,16.24,0.000111897,0.00494227,8936.79
920185.BJ,20260511,81634,31.17,2544531.78,31.36,0.0073041,0.721699,111765.0
920186.BJ,20260511,327537,90.9,29773113.3,87.96,0.342861,0.991086,9553.05
920187.BJ,20260511,6012,36.67,220460.04,36.4,0.026261,0.600532,2289.33
920188.BJ,20260511,11169,29.78,332612.82,29.67,0.0564265,0.359059,1979.39
920190.BJ,20260511,35311,24.5,865119.5,24.5,0.0355088,1.26055,9944.3
920191.BJ,20260511,58344,13.5,787644.0,13.51,0.146171,0.740599,3991.5
920195.BJ,20260511,2200,16.9,37180.0,16.79,0.00310915,0.0990461,7075.9
920198.BJ,20260511,1000,9.09,9090.0,9.01,0.00141912,0.0634843,7046.6
920199.BJ,20260511,19857,34.56,686257.92,34.9,0.0523555,1.71307,3792.73
920200.BJ,20260511,224981,63.15,14207550.15,65.82,0.928944,1.14084,2421.9
920204.BJ,20260511,7107,16.91,120179.37,16.9,0.0142166,0.253602,4999.07
920207.BJ,20260511,53800,30.99,1667262.0,30.87,0.095535,1.285,5631.45
920208.BJ,20260511,11198,24.32,272335.36,24.12,0.0109915,1.32189,10187.9
920212.BJ,20260511,2500,12.81,32025.0,12.81,0.00484475,0.174957,5160.23
920221.BJ,20260511,12083,15.75,190307.25,15.75,0.0195629,1.43283,6176.49
920223.BJ,20260511,11049,17.91,197887.59,18.0,0.0135431,0.397326,8158.38
920225.BJ,20260511,12790,27.88,356585.2,27.47,0.0154502,0.521195,8278.22
920227.BJ,20260511,15175,63.98,970896.5,64.79,0.0856463,1.78405,1771.82
920230.BJ,20260511,8823,12.4,109405.2,12.4,0.0186739,0.274416,4724.77
920237.BJ,20260511,1738,20.32,35316.16,20.39,0.00205055,0.11165,8475.77
920239.BJ,20260511,6300,31.23,196749.0,31.21,0.00350234,0.29398,17988.0
920242.BJ,20260511,5672,26.2,148606.4,26.2,0.0150585,0.950848,3766.65
920245.BJ,20260511,4601,26.3,121006.3,26.3,0.0121092,0.788418,3799.6
920247.BJ,20260511,20633,20.4,420913.2,20.48,0.0150448,0.463876,13714.3
920249.BJ,20260511,128193,10.71,1372947.03,10.47,0.102826,1.08164,12467.0
920252.BJ,20260511,9830,26.49,260396.7,26.58,0.0144069,0.386796,6823.12
920260.BJ,20260511,4800,9.95,47760.0,9.95,0.00485443,0.345982,9887.88
920261.BJ,20260511,2120,15.69,33262.8,15.65,0.00123831,0.0872794,17120.1
920262.BJ,20260511,10726,17.54,188134.04,17.28,0.0286619,1.3929,3742.25
920263.BJ,20260511,4200,10.35,43470.0,10.27,0.0040956,0.351237,10254.9
920266.BJ,20260511,0,,0.0,8.24,0.0,0.0,11849.0
920267.BJ,20260511,1818,19.21,34923.78,19.15,0.00612595,0.361883,2967.7
920270.BJ,20260511,229324,19.53,4478697.72,20.64,0.282668,8.45583,8112.83
920271.BJ,20260511,2200,13.1,28820.0,13.04,0.00380028,0.334649,5789.04
920273.BJ,20260511,1490,22.17,33033.3,22.17,0.00216978,0.106224,6867.07
920274.BJ,20260511,2233,23.2,51805.6,23.09,0.00274549,0.155345,8133.33
920275.BJ,20260511,2500,7.41,18525.0,7.44,0.00189517,0.234803,13191.5
920278.BJ,20260511,3147,8.1,25490.7,8.1,0.00424995,0.247806,7404.8
920284.BJ,20260511,52836,35.4,1870394.4,35.33,0.0787883,1.18736,6706.07
920299.BJ,20260511,7300,24.0,175200.0,23.97,0.0160741,0.33295,4541.48
920300.BJ,20260511,4000,11.81,47240.0,11.82,0.00601218,0.293186,6653.17
920304.BJ,20260511,3900,11.69,45591.0,11.74,0.00285811,0.211696,13645.4
920339.BJ,20260511,21649,8.3,179686.7,8.32,0.0143203,2.39164,15117.7
920344.BJ,20260511,6627,21.36,141552.72,21.35,0.00582705,0.585544,11372.8
920346.BJ,20260511,5800,21.5,124700.0,21.47,0.0130034,0.795027,4460.37
920351.BJ,20260511,64148,18.59,1192511.32,18.03,0.161013,3.92129,3984.03
920357.BJ,20260511,19931,26.83,534748.73,26.63,0.0447741,1.00659,4451.46
920363.BJ,20260511,5100,17.11,87261.0,17.11,0.00998247,0.456148,5108.96
920367.BJ,20260511,14024,19.25,269962.0,19.31,0.0333964,1.32416,4199.26
920368.BJ,20260511,75013,37.98,2848993.74,37.42,0.0335825,0.729633,22336.9
920370.BJ,20260511,7600,3.49,26524.0,3.49,0.00289649,0.266429,26238.6
920371.BJ,20260511,19100,9.3,177630.0,9.25,0.00980444,1.37579,19481.0
920374.BJ,20260511,8348,20.65,172386.2,20.66,0.0244712,0.924594,3411.35
920375.BJ,20260511,52307,14.1,737528.7,13.96,0.0805762,1.50852,6491.62
920378.BJ,20260511,1206,8.96,10805.76,8.98,0.00108276,0.101888,11138.2
920392.BJ,20260511,3981,19.97,79500.57,19.97,0.0110461,0.923301,3603.99
920394.BJ,20260511,13780,50.99,702642.2,51.5,0.00949214,1.05571,14517.3
920395.BJ,20260511,0,,0.0,10.06,0.0,0.0,10474.4
920396.BJ,20260511,11200,29.81,333872.0,29.82,0.0218286,0.831012,5130.88
920402.BJ,20260511,3600,9.44,33984.0,9.38,0.00131929,0.0559629,27287.3
920403.BJ,20260511,18261,22.62,413063.82,22.65,0.0309018,1.05316,5909.36
920405.BJ,20260511,22436,18.3,410578.8,18.15,0.0203815,0.583916,11008.0
920407.BJ,20260511,3501,18.48,64698.48,18.48,0.0100717,0.493017,3476.09
920414.BJ,20260511,14501,12.07,175027.07,12.14,0.0258588,0.560875,5607.76
920415.BJ,20260511,12157,12.87,156460.59,12.92,0.0112324,0.721638,10823.1
920418.BJ,20260511,41173,26.38,1086143.74,26.45,0.0262385,1.42926,15691.9
920419.BJ,20260511,400,13.3,5320.0,13.33,0.000413688,0.0480231,9669.13
920422.BJ,20260511,400,11.7,4680.0,11.7,0.000604022,0.0232137,6622.27
920425.BJ,20260511,82013,26.5,2173344.5,26.77,0.138504,1.00889,5921.33
920427.BJ,20260511,8015,12.87,103153.05,12.76,0.0157441,0.300682,5090.8
920429.BJ,20260511,815,12.42,10122.3,12.36,0.000718059,0.0822285,11350.0
920433.BJ,20260511,11332,5.28,59832.96,5.28,0.0066928,0.701998,16931.6
920436.BJ,20260511,2000,15.07,30140.0,15.12,0.00225052,0.141947,8886.82
920438.BJ,20260511,410626,73.51,30185117.26,70.1,0.294579,4.46092,13939.4
920445.BJ,20260511,4054,9.7,39323.8,9.68,0.00384221,0.212305,10551.2
920454.BJ,20260511,18115,15.24,276072.6,15.09,0.0367963,1.59548,4923.05
920455.BJ,20260511,2987,8.02,23955.74,7.98,0.00318571,0.2786,9376.24
920469.BJ,20260511,57974,7.0,405818.0,6.95,0.0560416,0.871237,10344.8
920471.BJ,20260511,7842,14.32,112297.44,14.28,0.0147877,0.133058,5303.06
920475.BJ,20260511,3236,14.94,48345.84,14.99,0.00575817,0.16517,5619.84
920476.BJ,20260511,2600,19.7,51220.0,19.8,0.00322461,0.236929,8063.0
920478.BJ,20260511,3100,16.14,50034.0,16.03,0.00658461,0.235452,4707.95
920489.BJ,20260511,40938,15.43,631673.34,15.19,0.0471497,1.91451,8682.55
920491.BJ,20260511,20356,26.37,536787.72,26.6,0.0176145,0.68843,11556.4
920493.BJ,20260511,30012,168.0,5042016.0,164.78,0.0685261,1.21586,4379.65
920496.BJ,20260511,11500,9.2,105800.0,9.12,0.00793112,0.445004,14499.8
920504.BJ,20260511,0,,0.0,22.24,0.0,0.0,1709.19
920505.BJ,20260511,22964,41.58,954843.12,40.96,0.0637695,1.67679,3601.09
920508.BJ,20260511,1534,19.93,30572.62,19.91,0.00480788,0.279362,3190.59
920509.BJ,20260511,10616,33.81,358926.96,33.32,0.0126403,0.518256,8398.55
920510.BJ,20260511,47233,17.58,830356.14,17.8,0.0503019,1.4719,9389.91
920519.BJ,20260511,8958,12.42,111258.36,12.42,0.0155692,0.722243,5753.67
920522.BJ,20260511,38795,58.0,2250110.0,58.75,0.0298383,0.817616,13001.7
920523.BJ,20260511,2700,23.61,63747.0,23.69,0.00333171,0.182256,8103.95
920526.BJ,20260511,33254,25.12,835340.48,25.0,0.0635012,0.762737,5236.75
920527.BJ,20260511,1300,18.12,23556.0,18.12,0.00357654,0.214718,3634.8
920533.BJ,20260511,104808,25.86,2710334.88,26.18,0.143303,3.68466,7313.71
920541.BJ,20260511,3675,12.48,45864.0,12.46,0.00408067,0.399673,9005.87
920547.BJ,20260511,3400,23.04,78336.0,23.04,0.00901417,0.551855,3771.84
920553.BJ,20260511,12713,9.1,115688.3,9.1,0.0139682,0.827083,9101.38
920556.BJ,20260511,22500,9.4,211500.0,9.4,0.0191491,1.0624,11749.9
920564.BJ,20260511,11333,26.32,298284.56,26.38,0.0276477,0.644119,4099.07
920566.BJ,20260511,33985,11.08,376553.8,11.07,0.0302501,1.70762,11234.7
920570.BJ,20260511,2760,31.59,87188.4,31.25,0.0113278,0.295373,2436.48
920571.BJ,20260511,599382,11.9,7132645.8,12.42,0.212007,2.47227,28271.8
920575.BJ,20260511,91835,4.59,421522.65,4.51,0.0488904,0.694322,18783.9
920576.BJ,20260511,50353,80.01,4028743.53,79.96,0.0471116,1.24726,10688.0
920578.BJ,20260511,67129,20.02,1343922.58,20.49,0.291865,5.37079,2300.0
920579.BJ,20260511,4665,19.03,88774.95,18.89,0.0104656,0.397916,4457.44
920580.BJ,20260511,12800,14.11,180608.0,14.0,0.0233734,0.753425,5476.31
920592.BJ,20260511,15448,32.97,509320.56,33.26,0.0307205,0.534993,5028.57
920593.BJ,20260511,39629,30.01,1189266.29,30.22,0.0245213,1.24173,16161.0
920599.BJ,20260511,33170,19.35,641839.5,19.31,0.00946162,0.875732,35057.4
920608.BJ,20260511,600,17.0,10200.0,16.93,0.00124433,0.127662,4821.89
920627.BJ,20260511,1649,21.1,34793.9,21.06,0.00352219,0.0605902,4681.75
920634.BJ,20260511,3500,21.97,76895.0,21.7,0.00863606,0.254761,4052.77
920639.BJ,20260511,21500,7.93,170495.0,7.96,0.0181047,0.965834,11875.4
920640.BJ,20260511,76971,39.7,3055748.7,38.71,0.0426153,1.43929,18061.8
920641.BJ,20260511,27562,18.25,503006.5,17.98,0.0606803,1.65689,4542.16
920642.BJ,20260511,18925,13.19,249620.75,13.03,0.0189332,0.774408,9995.69
920651.BJ,20260511,11300,28.89,326457.0,28.86,0.0272503,1.28124,4146.74
920656.BJ,20260511,8300,16.31,135373.0,16.32,0.0256361,1.11613,3237.63
920662.BJ,20260511,3879,25.09,97324.11,24.93,0.0143634,0.321221,2700.61
920663.BJ,20260511,17944,17.09,306662.96,17.18,0.028004,1.30843,6407.65
920665.BJ,20260511,11538,11.53,133033.14,11.53,0.018008,0.824678,6407.17
920670.BJ,20260511,15049,15.6,234764.4,15.58,0.0225847,0.661946,6663.36
920675.BJ,20260511,3017,9.83,29657.11,9.8,0.00381812,0.19489,7901.79
920679.BJ,20260511,1,19.0,19.0,18.89,2.68998e-06,0.000169628,3717.5
920682.BJ,20260511,21528,8.94,192460.32,8.91,0.0114406,0.640912,18817.2
920685.BJ,20260511,3986,13.0,51818.0,13.0,0.00725996,0.603856,5490.39
920689.BJ,20260511,1701,28.95,49243.95,29.0,0.0044845,0.187854,3793.06
920690.BJ,20260511,12980,28.1,364738.0,28.23,0.0301167,1.18037,4309.91
920693.BJ,20260511,5179,32.51,168369.29,32.55,0.0141464,0.318506,3661.0
920694.BJ,20260511,4451,18.2,81008.2,18.2,0.00712269,0.560578,6249.04
920699.BJ,20260511,42001,45.77,1922385.77,43.54,0.2012,7.26535,2087.53
920701.BJ,20260511,401,15.37,6163.37,15.37,0.000400171,0.0404842,10020.7
920703.BJ,20260511,6200,12.14,75268.0,12.1,0.00812953,0.45782,7626.51
920706.BJ,20260511,33347,24.0,800328.0,24.25,0.0699511,1.62104,4767.19
920717.BJ,20260511,6951,9.42,65478.42,9.38,0.0156978,0.59908,4428.0
920718.BJ,20260511,4513,13.21,59616.73,13.21,0.0104685,0.38134,4311.01
920719.BJ,20260511,3101,11.31,35072.31,11.31,0.00423671,0.0783035,7319.37
920720.BJ,20260511,5252,12.78,67120.56,12.8,0.00709565,0.277479,7401.72
920725.BJ,20260511,143573,34.22,4913068.06,32.45,0.345377,6.33241,4156.99
920726.BJ,20260511,7900,19.0,150100.0,18.95,0.014129,0.334601,5591.35
920729.BJ,20260511,739,8.14,6015.46,8.06,0.000961926,0.0892647,7682.5
920735.BJ,20260511,1400,28.88,40432.0,28.82,0.00122664,0.089018,11413.3
920748.BJ,20260511,600,35.75,21450.0,35.85,0.00168227,0.077669,3566.6
920751.BJ,20260511,9023,26.04,234958.92,26.07,0.0108623,0.635814,8306.71
920753.BJ,20260511,3300,19.35,63855.0,19.4,0.010191,0.767321,3238.15
920765.BJ,20260511,8397,15.71,131916.87,15.71,0.0159013,0.185349,5280.71
920768.BJ,20260511,20909,12.72,265962.48,12.73,0.0273341,1.07074,7649.43
920770.BJ,20260511,7577,15.57,117973.89,15.57,0.00925223,0.252853,8189.38
920779.BJ,20260511,2400,33.3,79920.0,33.3,0.0119801,0.22087,2003.32
920781.BJ,20260511,20600,7.54,155324.0,7.53,0.0201725,0.923769,10211.9
920786.BJ,20260511,55530,8.44,468673.2,8.51,0.0392587,1.08947,14144.6
920790.BJ,20260511,4049,25.6,103654.4,25.73,0.00744918,0.36429,5435.5
920792.BJ,20260511,0,,0.0,11.66,0.0,0.0,10162.6
920799.BJ,20260511,62939,36.89,2321819.71,37.52,0.0524186,2.09219,12007.0
920802.BJ,20260511,5376,14.73,79188.48,14.73,0.0243273,0.303425,2209.86
920806.BJ,20260511,6789,12.12,82282.68,12.12,0.00225746,0.334589,30073.7
920807.BJ,20260511,35360,12.15,429624.0,11.93,0.0286198,1.09832,12355.1
920808.BJ,20260511,53633,87.0,4666071.0,85.15,0.0275646,1.33006,19457.2
920809.BJ,20260511,747784,8.71,6513198.64,8.83,0.162549,1.56662,46003.7
920810.BJ,20260511,2362,11.52,27210.24,11.54,0.0037848,0.292525,6240.75
920819.BJ,20260511,66120,3.46,228775.2,3.46,0.00545713,1.3217,121162.0
920821.BJ,20260511,54470,25.17,1371009.9,25.11,0.0747666,1.8226,7285.34
920826.BJ,20260511,9200,10.54,96968.0,10.54,0.014726,0.528429,6247.45
920832.BJ,20260511,0,,0.0,6.89,0.0,0.0,12334.2
920833.BJ,20260511,23085,16.23,374669.55,15.85,0.0369601,1.82826,6245.92
920834.BJ,20260511,5100,12.18,62118.0,12.17,0.00812148,0.381404,6279.64
920837.BJ,20260511,6562,13.93,91408.66,13.97,0.00479721,0.500522,13678.8
920839.BJ,20260511,10344,33.62,347765.28,33.8,0.0159028,1.0089,6504.51
920855.BJ,20260511,201,16.0,3216.0,15.95,0.000299835,0.064638,6703.69
920856.BJ,20260511,4157,12.69,52752.33,12.72,0.00783452,0.394253,5306.0
920857.BJ,20260511,7600,19.96,151696.0,19.74,0.0102693,0.325516,7400.72
920866.BJ,20260511,8880,7.73,68642.4,7.72,0.00778181,0.695674,11411.2
920870.BJ,20260511,3700,15.76,58312.0,15.78,0.00560581,0.149,6600.29
920871.BJ,20260511,2112,13.42,28343.04,13.42,0.00449227,0.279197,4701.41
920873.BJ,20260511,359556,9.8,3523648.8,9.84,0.300114,1.87632,11980.6
920876.BJ,20260511,3625,23.59,85513.75,23.58,0.00923608,0.315421,3924.82
920879.BJ,20260511,15900,18.08,287472.0,17.84,0.0105781,0.832376,15031.1
920885.BJ,20260511,9900,19.59,193941.0,19.34,0.011186,0.312934,8850.32
920892.BJ,20260511,27531,15.31,421499.61,15.31,0.0182503,1.71356,15085.3
920895.BJ,20260511,700,16.98,11886.0,16.84,0.00243589,0.142556,2873.69
920896.BJ,20260511,18300,18.08,330864.0,18.08,0.0413068,1.92358,4430.27
920906.BJ,20260511,10553,24.49,258442.97,24.56,0.0316378,1.2377,3335.57
920914.BJ,20260511,3300,26.07,86031.0,26.16,0.00331594,0.1153,9951.92
920924.BJ,20260511,21967,21.08,463064.36,21.17,0.033603,0.967733,6537.21
920925.BJ,20260511,2953,15.63,46155.39,15.5,0.00534044,0.147489,5529.51
920926.BJ,20260511,1201,14.88,17870.88,14.79,0.00149784,0.265653,8018.24
920931.BJ,20260511,2522,12.24,30869.28,12.23,0.00876431,0.488719,2877.58
920932.BJ,20260511,11978,15.69,187934.82,15.78,0.0137974,0.595429,8681.31
920942.BJ,20260511,2541,25.89,65786.49,25.89,0.00613546,0.274223,4141.5
920943.BJ,20260511,32108,17.88,574091.04,18.16,0.0619752,1.95096,5180.78
920946.BJ,20260511,20763,10.4,215935.2,10.39,0.00486495,0.79087,42678.7
920950.BJ,20260511,2347,16.53,38795.91,16.39,0.00657053,0.6017,3572.01
920953.BJ,20260511,142264,31.33,4457131.12,32.35,0.237559,7.36093,5988.58
920957.BJ,20260511,4873,12.15,59206.95,12.15,0.0114109,0.174539,4270.47
920961.BJ,20260511,36302,21.36,775410.72,20.94,0.0349224,1.01789,10395.0
920964.BJ,20260511,0,,0.0,6.09,0.0,0.0,14769.7
920970.BJ,20260511,1300,7.26,9438.0,7.26,0.00185525,0.0392214,7007.13
920971.BJ,20260511,73629,31.11,2290598.19,30.39,0.085912,2.26149,8570.28
920974.BJ,20260511,27978,8.05,225222.9,8.07,0.0217809,0.782438,12845.2
920976.BJ,20260511,1313,31.1,40834.3,30.9,0.002976,0.106077,4411.96
920978.BJ,20260511,42749,27.5,1175597.5,27.63,0.042353,1.3474,10093.5
920981.BJ,20260511,58319,41.0,2391079.0,41.05,0.156311,0.903983,3730.96
920982.BJ,20260511,1583,184.87,292649.21,184.9,0.00288316,0.17588,5490.51
920985.BJ,20260511,11500,6.73,77395.0,6.73,0.00524353,0.355679,21931.8
920992.BJ,20260511,1600,15.46,24736.0,15.45,0.00326415,0.122984,4901.73
