ts_code,trade_date,vol,price,amount,pre_close,turnover_rate,volume_ratio,float_share
600000.SH,20260508,546800,9.08,4964944.0,9.09,0.00164175,0.76093,3330580.0
600004.SH,20260508,63300,8.54,540582.0,8.56,0.00267459,0.377938,236672.0
600006.SH,20260508,116600,6.96,811536.0,6.95,0.00583,0.513325,200000.0
600007.SH,20260508,15300,21.4,327420.0,21.6,0.00151894,0.513793,100728.0
600008.SH,20260508,103900,3.09,321051.0,3.09,0.00141542,0.142289,734059.0
600009.SH,20260508,34500,27.22,939090.0,27.26,0.00168599,0.336561,204628.0
600010.SH,20260508,2698700,2.8,7556360.0,2.8,0.00859984,0.2726,3138080.0
600011.SH,20260508,869100,7.27,6318357.0,7.27,0.00790255,0.656604,1099770.0
600012.SH,20260508,13100,15.5,203050.0,15.5,0.00112388,0.309879,116560.0
600015.SH,20260508,549300,6.65,3652845.0,6.65,0.00356984,0.489659,1538720.0
600016.SH,20260508,728934,3.69,2689766.0,3.69,0.00205553,0.472836,3546210.0
600017.SH,20260508,340115,2.97,1010142.0,2.97,0.0110583,1.24253,307565.0
600018.SH,20260508,48300,5.06,244398.0,5.06,0.000207771,0.0886982,2324670.0
600019.SH,20260508,256900,6.32,1623608.0,6.32,0.00117941,0.232556,2178210.0
600020.SH,20260508,97400,4.04,393496.0,4.04,0.00433395,0.422222,224737.0
600021.SH,20260508,139000,17.9,2488100.0,17.95,0.00492692,0.298272,282124.0
600022.SH,20260508,818900,1.45,1187405.0,1.45,0.00765409,0.879816,1069880.0
600023.SH,20260508,123500,5.83,720005.0,5.84,0.000921042,0.13591,1340870.0
600025.SH,20260508,181700,9.59,1742503.0,9.63,0.000975251,0.607345,1863110.0
600026.SH,20260508,749700,22.25,16680825.0,22.69,0.0196154,0.934139,382200.0
600027.SH,20260508,605200,5.11,3092572.0,5.1,0.00656707,0.440696,921568.0
600028.SH,20260508,2246700,5.29,11885043.0,5.27,0.00237113,0.526275,9475250.0
600029.SH,20260508,1827300,5.56,10159788.0,5.62,0.0135587,1.40849,1347700.0
600030.SH,20260508,503000,27.1,13631300.0,27.23,0.00413089,0.273233,1217660.0
600031.SH,20260508,174700,20.9,3651230.0,20.98,0.00206151,0.144508,847439.0
600032.SH,20260508,422900,10.55,4461595.0,10.57,0.0175866,0.612959,240468.0
600033.SH,20260508,39000,3.63,141570.0,3.63,0.00142108,0.19163,274440.0
600035.SH,20260508,32000,3.85,123200.0,3.85,0.00198743,0.336033,161012.0
600036.SH,20260508,318300,38.03,12104949.0,37.95,0.00154298,0.241361,2062890.0
600037.SH,20260508,159400,8.18,1303892.0,8.16,0.011453,0.609883,139178.0
600038.SH,20260508,19600,30.98,607208.0,31.04,0.00293003,0.2062,66893.5
600039.SH,20260508,133700,8.05,1076285.0,8.06,0.00153756,0.257399,869559.0
600048.SH,20260508,162100,6.38,1034198.0,6.4,0.00135417,0.095094,1197040.0
600050.SH,20260508,905200,4.47,4046244.0,4.49,0.0029209,0.508659,3099040.0
600051.SH,20260508,57500,7.72,443900.0,7.67,0.0184959,0.646551,31088.0
600052.SH,20260508,689300,4.59,3163887.0,4.54,0.0816518,1.07433,84419.5
600053.SH,20260508,3664623,9.41,34484102.0,9.8,0.845278,106.558,43354.1
600054.SH,20260508,25800,11.41,294378.0,11.41,0.0050263,0.224732,51330.0
600055.SH,20260508,34200,14.01,479142.0,14.04,0.00486444,0.463872,70306.1
600056.SH,20260508,34620,10.37,359009.0,10.37,0.00231517,0.277522,149535.0
600057.SH,20260508,111900,6.94,776586.0,6.98,0.00534764,0.264025,209251.0
600058.SH,20260508,29100,11.34,329994.0,11.38,0.00271478,0.239542,107191.0
600059.SH,20260508,37400,8.67,324258.0,8.67,0.00410294,0.32865,91154.2
600060.SH,20260508,22500,25.0,562500.0,25.07,0.00173054,0.149667,130017.0
600061.SH,20260508,113752,6.68,759863.0,6.69,0.00177905,0.183575,639399.0
600062.SH,20260508,28900,17.94,518466.0,17.93,0.0027836,0.489824,103823.0
600063.SH,20260508,101900,6.74,686806.0,6.76,0.00492483,0.20814,206911.0
600064.SH,20260508,53600,8.23,441128.0,8.23,0.00309766,0.273871,173034.0
600066.SH,20260508,36700,35.1,1288170.0,35.1,0.00165768,0.166161,221394.0
600067.SH,20260508,87300,3.55,309915.0,3.55,0.00627304,0.227384,139167.0
600071.SH,20260508,24000,19.9,477600.0,20.09,0.00852352,0.553411,28157.4
600072.SH,20260508,76400,13.59,1038276.0,13.55,0.00705228,0.156502,108334.0
600073.SH,20260508,25300,5.83,147499.0,5.83,0.00269801,0.372243,93772.9
600075.SH,20260508,496900,6.76,3359044.0,6.46,0.029096,1.73624,170780.0
600076.SH,20260508,350800,3.31,1161148.0,3.27,0.0260906,1.27287,134454.0
600078.SH,20260508,1222600,13.6,16627360.0,13.41,0.184523,3.11303,66257.3
600079.SH,20260508,86400,18.58,1605312.0,18.61,0.00559883,0.628211,154318.0
600080.SH,20260508,780900,6.54,5107086.0,6.88,0.209205,27.7903,37327.0
600081.SH,20260508,146900,12.7,1865630.0,12.57,0.0265629,1.65241,55302.6
600082.SH,20260508,650400,3.66,2380464.0,3.69,0.102533,2.99104,63433.5
600084.SH,20260508,574901,4.8,2759525.0,4.83,0.0511602,7.52855,112373.0
600085.SH,20260508,13300,27.66,367878.0,27.59,0.000969762,0.227451,137147.0
600088.SH,20260508,104300,15.36,1602048.0,15.36,0.0262254,1.63667,39770.6
600089.SH,20260508,509000,27.6,14048400.0,27.8,0.0100736,0.326895,505279.0
600094.SH,20260508,32700,4.9,160230.0,4.89,0.00153793,0.108872,212623.0
600095.SH,20260508,50600,9.04,457424.0,9.05,0.00176973,0.182924,285919.0
600096.SH,20260508,240500,35.0,8417500.0,35.1,0.0131926,0.363033,182299.0
600097.SH,20260508,8600,10.38,89268.0,10.38,0.0035694,0.169678,24093.7
600098.SH,20260508,110600,7.13,788578.0,7.16,0.00315471,0.301062,350586.0
600099.SH,20260508,27800,11.73,326094.0,11.72,0.0126871,0.389844,21912.0
600100.SH,20260508,72500,8.26,598850.0,8.29,0.00216399,0.123265,335030.0
600101.SH,20260508,68400,10.0,684000.0,10.03,0.0124849,0.292985,54786.2
600103.SH,20260508,3217300,4.88,15700424.0,4.89,0.145426,1.29566,221233.0
600104.SH,20260508,214300,13.57,2908051.0,13.59,0.00186424,0.54492,1149530.0
600105.SH,20260508,2029200,46.09,93525828.0,47.52,0.138797,1.1797,146199.0
600106.SH,20260508,33900,6.06,205434.0,6.08,0.00255074,0.140303,132902.0
600107.SH,20260508,855600,6.96,5954976.0,6.63,0.237667,15.1975,36000.0
600108.SH,20260508,106000,4.35,461100.0,4.36,0.00544451,0.160567,194692.0
600109.SH,20260508,88900,9.05,804545.0,9.07,0.00239922,0.208572,370536.0
600110.SH,20260508,1587700,11.11,17639347.0,11.29,0.0915005,0.777966,173518.0
600111.SH,20260508,1190665,54.8,65248442.0,55.31,0.0329362,0.643131,361507.0
600113.SH,20260508,90700,49.38,4478766.0,49.38,0.022045,1.47712,41143.1
600114.SH,20260508,44100,34.64,1527624.0,34.91,0.00715464,0.224803,61638.3
600115.SH,20260508,2941400,4.47,13148058.0,4.53,0.017277,1.37432,1702500.0
600116.SH,20260508,75200,6.72,505344.0,6.72,0.00393276,0.292844,191214.0
600117.SH,20260508,30200,2.59,78218.0,2.59,0.000927771,0.214724,325512.0
600118.SH,20260508,292200,105.57,30847554.0,107.3,0.0247106,0.477882,118249.0
600119.SH,20260508,66600,6.15,409590.0,6.17,0.0182331,0.374908,36527.0
600120.SH,20260508,303000,5.64,1708920.0,5.67,0.00887163,0.655582,341538.0
600121.SH,20260508,195200,4.2,819840.0,4.17,0.0160209,0.413572,121841.0
600123.SH,20260508,350600,6.84,2398104.0,6.71,0.0237979,0.770563,147324.0
600125.SH,20260508,25800,6.1,157380.0,6.1,0.00197622,0.148935,130552.0
600126.SH,20260508,1539400,9.49,14608906.0,9.55,0.0455823,0.800053,337719.0
600127.SH,20260508,53100,6.71,356301.0,6.7,0.00827382,0.264865,64178.3
600128.SH,20260508,24400,10.53,256932.0,10.43,0.00988785,0.443289,24676.8
600129.SH,20260508,28000,15.58,436240.0,15.57,0.00507782,0.450779,55141.8
600130.SH,20260508,8076100,5.98,48295078.0,5.59,1.07681,16.6689,75000.0
600131.SH,20260508,122800,17.8,2185840.0,17.88,0.0102684,0.850415,119591.0
600132.SH,20260508,22300,53.27,1187921.0,53.22,0.00460771,0.392972,48397.1
600133.SH,20260508,46200,9.04,417648.0,9.08,0.00433298,0.174438,106624.0
600135.SH,20260508,155900,11.56,1802204.0,11.59,0.028176,0.53716,55330.7
600136.SH,20260508,204000,1.75,357000.0,1.76,0.0104987,1.22885,194309.0
600137.SH,20260508,34700,23.48,814756.0,23.25,0.0356931,0.768919,9721.76
600138.SH,20260508,25700,8.93,229501.0,8.93,0.00355051,0.293506,72384.0
600141.SH,20260508,76800,32.0,2457600.0,32.01,0.00639073,0.213012,120174.0
600143.SH,20260508,256800,17.75,4558200.0,17.73,0.00974637,0.508086,263483.0
600148.SH,20260508,9600,19.26,184896.0,19.31,0.00678366,0.264849,14151.6
600149.SH,20260508,200200,6.4,1281280.0,6.45,0.052662,0.736692,38016.0
600150.SH,20260508,535600,40.6,21745360.0,40.61,0.00882161,0.273695,607145.0
600151.SH,20260508,152100,15.12,2299752.0,15.12,0.0106048,0.257121,143425.0
600152.SH,20260508,762900,14.98,11428242.0,15.11,0.144194,0.549535,52907.9
600153.SH,20260508,70200,9.87,692874.0,9.97,0.00242108,0.201391,289954.0
600155.SH,20260508,91700,6.29,576793.0,6.31,0.00414268,0.328233,221354.0
600156.SH,20260508,1125500,11.75,13224625.0,11.75,0.279898,1.70211,40211.1
600157.SH,20260508,3583800,1.77,6343326.0,1.77,0.0164261,0.472395,2181780.0
600158.SH,20260508,3384800,13.43,45457864.0,13.27,0.352762,3.1835,95951.3
600159.SH,20260508,103500,3.34,345690.0,3.31,0.0124698,0.350763,83000.3
600160.SH,20260508,110800,35.92,3979936.0,36.16,0.00410409,0.272999,269975.0
600161.SH,20260508,27700,14.13,391401.0,14.14,0.00140085,0.332183,197737.0
600162.SH,20260508,234200,1.89,442638.0,1.89,0.0071655,0.423236,326844.0
600163.SH,20260508,312100,6.45,2013045.0,6.5,0.0164005,0.722848,190300.0
600165.SH,20260508,18800,3.28,61664.0,3.24,0.0025651,0.281644,73291.4
600166.SH,20260508,1140200,3.68,4195936.0,3.68,0.0144012,0.41774,791740.0
600167.SH,20260508,87200,6.89,600808.0,6.89,0.00385356,0.777051,226284.0
600168.SH,20260508,38400,5.02,192768.0,5.03,0.00386552,0.458453,99339.8
600169.SH,20260508,658700,2.38,1567706.0,2.38,0.0197621,5.28196,333314.0
600170.SH,20260508,759800,2.72,2066656.0,2.73,0.00855059,0.546833,888594.0
600171.SH,20260508,72700,29.58,2150466.0,29.86,0.010255,0.385338,70892.3
600172.SH,20260508,435700,8.75,3812375.0,8.84,0.0341389,0.422642,127626.0
600173.SH,20260508,24000,7.24,173760.0,7.27,0.00342653,0.266236,70041.6
600176.SH,20260508,1005200,37.45,37644740.0,37.93,0.0251103,0.619701,400314.0
600177.SH,20260508,63948,7.83,500713.0,7.83,0.00138313,0.165467,462344.0
600178.SH,20260508,8400,10.42,87528.0,10.41,0.00180074,0.127722,46647.6
600179.SH,20260508,76500,4.32,330480.0,4.32,0.0019807,0.263182,386228.0
600180.SH,20260508,43900,2.49,109311.0,2.62,0.00404002,0.604295,108663.0
600182.SH,20260508,58800,14.1,829080.0,14.05,0.0345882,1.83245,17000.0
600183.SH,20260508,366214,80.53,29491213.0,82.0,0.015294,0.634653,239450.0
600184.SH,20260508,278600,23.96,6675256.0,23.97,0.0478097,0.730544,58272.7
600185.SH,20260508,104000,5.76,599040.0,5.78,0.00551722,0.371005,188501.0
600186.SH,20260508,2921700,10.8,31554360.0,11.13,0.163302,0.792578,178914.0
600187.SH,20260508,803600,1.58,1269688.0,1.66,0.0497961,2.48496,161378.0
600188.SH,20260508,287775,21.55,6201551.0,21.44,0.00482734,0.411897,596135.0
600189.SH,20260508,96200,8.26,794612.0,8.2,0.0134508,0.741823,71519.8
600191.SH,20260508,26600,12.86,342076.0,12.86,0.00548531,0.238552,48493.2
600192.SH,20260508,101900,8.59,875321.0,8.59,0.0230675,1.614,44174.8
600195.SH,20260508,18600,7.34,136524.0,7.34,0.00182148,0.167093,102115.0
600196.SH,20260508,67300,24.77,1667021.0,24.73,0.00317679,0.276451,211849.0
600197.SH,20260508,21600,12.14,262224.0,12.14,0.00456491,0.450727,47317.5
600198.SH,20260508,91200,8.68,791616.0,8.69,0.00700488,0.280375,130195.0
600199.SH,20260508,12100,7.95,96195.0,7.94,0.00183947,0.184034,65779.7
600201.SH,20260508,39000,14.98,584220.0,14.87,0.00350799,0.147766,111175.0
600202.SH,20260508,69200,6.46,447032.0,6.41,0.0180518,0.584856,38334.1
600203.SH,20260508,196500,13.0,2554500.0,13.0,0.0331373,0.638781,59298.8
600206.SH,20260508,857400,28.6,24521640.0,29.33,0.101281,0.954112,84655.3
600207.SH,20260508,1795600,6.3,11312280.0,6.23,0.164838,7.77932,108931.0
600208.SH,20260508,10409400,5.0,52047000.0,5.1,0.122349,3.09999,850798.0
600210.SH,20260508,143200,6.94,993808.0,6.97,0.00944133,0.392814,151674.0
600211.SH,20260508,15800,41.67,658386.0,41.8,0.00490197,0.365823,32231.9
600212.SH,20260508,26500,7.34,194510.0,7.34,0.00498889,0.139176,53118.0
600215.SH,20260508,50600,6.98,353188.0,6.99,0.011075,0.343378,45688.3
600216.SH,20260508,37800,14.23,537894.0,14.21,0.00397314,0.213778,95138.9
600217.SH,20260508,15200,3.72,56544.0,3.73,0.000916959,0.10185,165765.0
600218.SH,20260508,30000,9.76,292800.0,9.75,0.00688705,0.390305,43560.0
600219.SH,20260508,779300,5.48,4270564.0,5.52,0.00678614,0.270816,1148370.0
600221.SH,20260508,4293500,1.51,6483185.0,1.52,0.0100209,0.820747,4284550.0
600222.SH,20260508,49200,6.8,334560.0,6.76,0.00857313,0.299816,57388.6
600223.SH,20260508,211000,6.62,1396820.0,6.55,0.0207561,2.93513,101657.0
600226.SH,20260508,368800,5.7,2102160.0,5.73,0.0123992,0.479498,297438.0
600227.SH,20260508,1463200,3.95,5779640.0,3.93,0.114527,0.583954,127760.0
600228.SH,20260508,105100,6.4,672640.0,6.33,0.0252622,1.52769,41603.7
600229.SH,20260508,38000,6.27,238260.0,6.27,0.00575141,0.67743,66070.8
600230.SH,20260508,21100,18.0,379800.0,18.03,0.0050971,0.112169,41396.1
600231.SH,20260508,64100,2.18,139738.0,2.18,0.00225992,0.219894,283638.0
600232.SH,20260508,29600,8.64,255744.0,8.7,0.00811585,0.368812,36471.9
600233.SH,20260508,29200,21.2,619040.0,21.35,0.000853126,0.143791,342271.0
600234.SH,20260508,29901,26.0,777426.0,26.01,0.0113899,0.381427,26252.1
600235.SH,20260508,35000,6.9,241500.0,6.86,0.00996299,0.468372,35130.0
600236.SH,20260508,120500,10.56,1272480.0,10.64,0.00152873,0.432876,788238.0
600237.SH,20260508,108800,9.16,996608.0,9.21,0.0174187,0.592082,62461.6
600238.SH,20260508,57500,5.41,311075.0,5.32,0.0129135,0.363802,44527.2
600239.SH,20260508,1646000,1.65,2715900.0,1.74,0.102511,19.2234,160569.0
600241.SH,20260508,72500,9.82,711950.0,9.77,0.0246345,0.927264,29430.2
600243.SH,20260508,657900,4.46,2934234.0,4.37,0.149915,4.35952,43885.0
600246.SH,20260508,2519200,12.1,30482320.0,12.26,0.133262,1.68496,189041.0
600248.SH,20260508,249300,3.5,872550.0,3.51,0.0067274,0.392954,370574.0
600249.SH,20260508,252300,5.96,1503708.0,5.94,0.0458727,1.72277,55000.0
600250.SH,20260508,36900,10.51,387819.0,10.49,0.011797,0.242717,31279.1
600251.SH,20260508,126800,12.8,1623040.0,12.71,0.0163193,0.488692,77699.4
600252.SH,20260508,186800,2.41,450188.0,2.41,0.00586653,0.537514,318416.0
600255.SH,20260508,156700,3.72,582924.0,3.73,0.00867593,0.366889,180615.0
600256.SH,20260508,1870200,6.28,11744856.0,6.16,0.0292584,0.912919,639200.0
600257.SH,20260508,89700,6.2,556140.0,6.15,0.0186395,0.545337,48123.7
600258.SH,20260508,53900,14.84,799876.0,14.84,0.00482714,0.191884,111660.0
600259.SH,20260508,39400,96.95,3819830.0,98.2,0.011711,0.231076,33643.6
600261.SH,20260508,452100,3.86,1745106.0,3.77,0.0338638,0.982832,133505.0
600262.SH,20260508,28900,24.43,706027.0,24.37,0.017,0.333838,17000.0
600265.SH,20260508,32300,23.11,746453.0,23.1,0.0248844,1.62406,12980.0
600266.SH,20260508,58700,5.23,307001.0,5.23,0.0028279,0.113304,207574.0
600267.SH,20260508,82400,11.58,954192.0,11.62,0.00687376,0.250148,119876.0
600268.SH,20260508,108100,15.69,1696089.0,15.72,0.0106942,0.426105,101083.0
600269.SH,20260508,42300,4.44,187812.0,4.44,0.00181125,0.326291,233541.0
600271.SH,20260508,37700,8.52,321204.0,8.55,0.00203467,0.185369,185288.0
600272.SH,20260508,11400,12.73,145122.0,12.7,0.007125,0.346113,16000.0
600273.SH,20260508,84000,8.09,679560.0,8.06,0.00640581,0.342301,131131.0
600276.SH,20260508,325390,53.88,17532013.0,53.68,0.00510095,0.465333,637900.0
600278.SH,20260508,18900,7.12,134568.0,7.12,0.00216764,0.272581,87191.6
600279.SH,20260508,9300,4.96,46128.0,4.93,0.000783576,0.131578,118687.0
600280.SH,20260508,25700,3.11,79927.0,3.12,0.00227769,0.101488,112833.0
600281.SH,20260508,28900,5.65,163285.0,5.67,0.00561817,0.298893,51440.2
600282.SH,20260508,71800,5.35,384130.0,5.35,0.00116462,0.138686,616509.0
600283.SH,20260508,7000,9.2,64400.0,9.2,0.00128637,0.143608,54416.7
600284.SH,20260508,973600,7.8,7594080.0,7.68,0.100345,4.29364,97025.6
600285.SH,20260508,4500,22.15,99675.0,22.19,0.000795242,0.0347819,56586.5
600287.SH,20260508,33400,5.84,195056.0,5.81,0.00764659,0.539281,43679.6
600288.SH,20260508,27900,15.25,425475.0,15.32,0.00638736,0.252392,43680.0
600289.SH,20260508,28900,6.11,176579.0,6.13,0.0051067,0.336884,56592.3
600292.SH,20260508,137400,16.0,2198400.0,16.08,0.017597,0.626452,78081.7
600293.SH,20260508,30900,3.22,99498.0,3.23,0.00266346,0.130492,116015.0
600295.SH,20260508,23000,15.69,360870.0,15.67,0.00116422,0.216823,197558.0
600298.SH,20260508,5700,37.93,216201.0,37.9,0.000664994,0.0587283,85715.0
600299.SH,20260508,56700,12.65,717255.0,12.62,0.00211417,0.232678,268190.0
600300.SH,20260508,84700,3.62,306614.0,3.63,0.00523763,0.15585,161714.0
600301.SH,20260508,213300,59.78,12751074.0,59.82,0.0774691,1.22568,27533.6
600302.SH,20260508,53400,8.18,436812.0,8.61,0.0154331,1.27379,34601.0
600303.SH,20260508,165400,3.33,550782.0,3.31,0.0244818,0.710195,67560.4
600305.SH,20260508,27000,7.49,202230.0,7.48,0.0024479,0.412143,110299.0
600307.SH,20260508,293700,1.77,519849.0,1.78,0.00468918,0.463345,626336.0
600308.SH,20260508,146000,3.86,563560.0,3.86,0.00962508,0.708763,151687.0
600309.SH,20260508,165500,84.8,14034400.0,84.8,0.00528674,0.447942,313047.0
600310.SH,20260508,542000,5.3,2872600.0,5.31,0.0369786,0.346101,146571.0
600312.SH,20260508,63000,22.15,1395450.0,22.21,0.00464286,0.228911,135692.0
600313.SH,20260508,129400,7.0,905800.0,6.98,0.0119571,0.364906,108220.0
600315.SH,20260508,4900,20.41,100009.0,20.47,0.000728922,0.0516206,67222.6
600316.SH,20260508,20200,36.6,739320.0,36.57,0.00281684,0.169048,71711.5
600318.SH,20260508,38700,7.89,305343.0,7.9,0.00754787,0.311383,51272.8
600319.SH,20260508,63000,7.95,500850.0,7.94,0.0162493,1.26706,38770.9
600320.SH,20260508,283900,5.34,1516026.0,5.38,0.00854606,0.222871,332200.0
600322.SH,20260508,491700,2.73,1342341.0,2.73,0.0444696,0.812245,110570.0
600323.SH,20260508,32900,31.75,1044575.0,31.75,0.00403509,0.383864,81534.7
600325.SH,20260508,119200,3.54,421968.0,3.56,0.00433116,0.164493,275215.0
600326.SH,20260508,78100,9.45,738045.0,9.48,0.00573226,0.272601,136246.0
600327.SH,20260508,39200,3.95,154840.0,3.95,0.00443048,0.223749,88478.0
600328.SH,20260508,218900,8.13,1779657.0,8.13,0.0149286,0.490836,146631.0
600329.SH,20260508,13200,41.95,553740.0,42.03,0.00232768,0.300587,56708.9
600330.SH,20260508,2733746,27.8,75998139.0,27.98,0.221637,1.11688,123343.0
600331.SH,20260508,275700,17.1,4714470.0,17.3,0.0135679,0.333702,203200.0
600332.SH,20260508,37000,22.7,839900.0,22.7,0.00263178,0.280606,140589.0
600333.SH,20260508,47400,5.58,264492.0,5.55,0.00778286,0.239729,60903.1
600335.SH,20260508,44400,6.04,268176.0,6.03,0.00296833,0.414221,149579.0
600336.SH,20260508,61800,7.78,480804.0,7.78,0.00774422,0.489714,79801.5
600337.SH,20260508,2960400,2.6,7697040.0,2.61,0.206013,2.89482,143700.0
600338.SH,20260508,445900,25.6,11415040.0,25.62,0.0487743,0.307706,91421.0
600339.SH,20260508,526700,3.88,2043596.0,3.86,0.00943375,0.541395,558315.0
600340.SH,20260508,3492300,1.1,3841530.0,1.16,0.089699,5.2634,389336.0
600343.SH,20260508,132800,34.88,4632064.0,34.98,0.0208083,0.398389,63820.6
600345.SH,20260508,193400,50.75,9815050.0,52.23,0.0914164,1.09321,21155.9
600346.SH,20260508,43800,22.29,976302.0,22.42,0.000622239,0.0799373,703910.0
600348.SH,20260508,354350,10.18,3607283.0,10.2,0.00982259,0.582721,360750.0
600350.SH,20260508,12900,10.91,140739.0,10.94,0.000266828,0.163734,483457.0
600351.SH,20260508,418300,7.11,2974113.0,6.97,0.060448,1.30385,69200.0
600352.SH,20260508,466900,12.55,5859595.0,12.66,0.0143514,0.906096,325333.0
600353.SH,20260508,89400,17.78,1589532.0,17.89,0.0107865,0.263012,82881.1
600354.SH,20260508,56100,6.23,349503.0,6.22,0.010629,0.313428,52780.2
600356.SH,20260508,23700,10.04,237948.0,10.09,0.00793355,0.198004,29873.1
600358.SH,20260508,121300,6.03,731439.0,6.03,0.0240228,1.45713,50493.7
600359.SH,20260508,58600,7.67,449462.0,7.67,0.0153599,0.437309,38151.3
600360.SH,20260508,130000,10.91,1418300.0,11.0,0.0135375,0.672334,96029.5
600361.SH,20260508,106600,4.47,476502.0,4.48,0.00285587,0.197713,373266.0
600362.SH,20260508,249400,47.0,11721800.0,47.6,0.0120178,0.528179,207525.0
600363.SH,20260508,142500,47.54,6774450.0,47.53,0.0316043,0.810027,45088.8
600365.SH,20260508,70700,3.0,212100.0,3.01,0.0165465,1.20485,42728.0
600366.SH,20260508,87500,13.43,1175125.0,13.49,0.00796149,0.270959,109904.0
600367.SH,20260508,146600,23.84,3494944.0,23.67,0.0455317,0.398627,32197.3
600368.SH,20260508,110100,3.88,427188.0,3.89,0.00683998,1.33815,160965.0
600369.SH,20260508,223800,4.23,946674.0,4.24,0.00336789,0.57509,664511.0
600370.SH,20260508,86700,2.18,189006.0,2.29,0.00215767,0.236745,401823.0
600371.SH,20260508,4400,8.63,37972.0,8.65,0.00150387,0.0793474,29257.8
600372.SH,20260508,118100,13.24,1563644.0,13.26,0.00244064,0.29356,483890.0
600373.SH,20260508,67700,8.44,571388.0,8.46,0.00502465,0.561285,134736.0
600375.SH,20260508,24900,5.29,131721.0,5.3,0.00170235,0.0880901,146269.0
600376.SH,20260508,413500,4.67,1931045.0,4.69,0.0160298,0.82862,257957.0
600377.SH,20260508,16400,12.15,199260.0,12.15,0.000431331,0.184907,380218.0
600378.SH,20260508,95800,35.35,3386530.0,35.7,0.00893186,0.547694,107257.0
600379.SH,20260508,2626272,17.6,46222387.0,17.85,0.795354,4.83688,33020.2
600380.SH,20260508,12100,10.77,130317.0,10.76,0.0006614,0.0781262,182945.0
600381.SH,20260508,515000,4.16,2142400.0,3.96,0.0877252,13.0053,58706.1
600382.SH,20260508,63400,8.39,531926.0,8.43,0.00913008,0.420556,69440.8
600383.SH,20260508,600700,2.96,1778072.0,2.97,0.0133058,0.573834,451458.0
600386.SH,20260508,19000,4.11,78090.0,4.1,0.00235615,0.173518,80640.0
600388.SH,20260508,36900,19.1,704790.0,19.19,0.00290541,0.200801,127005.0
600389.SH,20260508,8600,27.44,235984.0,27.44,0.00199698,0.099383,43065.0
600390.SH,20260508,50000,5.29,264500.0,5.3,0.00111159,0.157839,449807.0
600391.SH,20260508,31100,38.54,1198594.0,38.7,0.00942055,0.238137,33012.9
600392.SH,20260508,373101,26.6,9924487.0,26.92,0.0212857,0.447373,175283.0
600395.SH,20260508,85800,5.35,459030.0,5.34,0.00399697,0.189499,214662.0
600396.SH,20260508,5679000,12.38,70306020.0,12.0,0.385616,1.8198,147271.0
600397.SH,20260508,168200,14.95,2514590.0,15.02,0.0169906,0.358552,98996.0
600398.SH,20260508,296400,6.51,1929564.0,6.51,0.00617144,0.83169,480277.0
600399.SH,20260508,267300,5.59,1494207.0,5.59,0.0135541,0.720108,197210.0
600400.SH,20260508,516600,2.77,1430982.0,2.81,0.0225454,0.325823,229137.0
600403.SH,20260508,31400,5.7,178980.0,5.7,0.00131336,0.137551,239081.0
600405.SH,20260508,60800,5.27,320416.0,5.29,0.00992119,0.566349,61283.0
600406.SH,20260508,895033,26.5,23718375.0,26.44,0.0111765,0.905676,800818.0
600408.SH,20260508,118100,3.26,385006.0,3.29,0.0117302,0.210287,100680.0
600409.SH,20260508,173800,7.34,1275692.0,7.28,0.00841912,0.380898,206435.0
600410.SH,20260508,458300,23.26,10660058.0,23.55,0.0417968,0.377605,109649.0
600415.SH,20260508,549400,13.1,7197140.0,13.18,0.010019,0.469109,548356.0
600416.SH,20260508,66700,12.77,851759.0,12.79,0.00451964,0.282607,147578.0
600418.SH,20260508,208700,49.55,10341085.0,49.51,0.00955582,0.395521,218401.0
600419.SH,20260508,20300,9.58,194474.0,9.56,0.00643398,0.390467,31551.2
600420.SH,20260508,26700,9.64,257388.0,9.64,0.0019908,0.360044,134117.0
600422.SH,20260508,47300,9.34,441782.0,9.33,0.00624855,0.398018,75697.6
600423.SH,20260508,33300,3.18,105894.0,3.16,0.0041693,0.0988113,79869.5
600425.SH,20260508,185100,4.09,757059.0,4.1,0.0115348,0.947856,160470.0
600426.SH,20260508,118400,36.13,4277792.0,36.12,0.00559795,0.392057,211506.0
600428.SH,20260508,93900,8.47,795333.0,8.48,0.00384004,0.175702,244529.0
600429.SH,20260508,202400,5.68,1149632.0,5.71,0.0135153,0.647373,149756.0
600433.SH,20260508,2855300,5.0,14276500.0,5.14,0.163134,1.35001,175028.0
600435.SH,20260508,34200,14.91,509922.0,14.94,0.00226137,0.154309,151236.0
600436.SH,20260508,19900,141.19,2809681.0,141.19,0.00329843,0.497943,60331.7
600438.SH,20260508,305600,17.46,5335776.0,17.49,0.00678811,0.508297,450199.0
600439.SH,20260508,50100,2.63,131763.0,2.62,0.00442585,0.245449,113199.0
600444.SH,20260508,12200,17.01,207522.0,17.03,0.00833208,0.262074,14642.2
600446.SH,20260508,38300,13.8,528540.0,13.83,0.00406898,0.164141,94126.8
600448.SH,20260508,271400,3.6,977040.0,3.55,0.0430917,0.995638,62982.0
600449.SH,20260508,8500,13.13,111605.0,13.22,0.00177757,0.156537,47818.1
600452.SH,20260508,232900,12.04,2804116.0,12.03,0.0151574,0.652668,153654.0
600455.SH,20260508,27700,29.38,813826.0,29.04,0.0443498,0.617015,6245.8
600456.SH,20260508,65100,35.13,2286963.0,35.13,0.0136256,0.65662,47777.8
600458.SH,20260508,68700,12.24,840888.0,12.3,0.00796811,0.565781,86218.7
600459.SH,20260508,104700,21.2,2219640.0,21.31,0.0137816,0.525692,75970.6
600460.SH,20260508,169700,29.3,4972210.0,29.65,0.0101979,0.29046,166407.0
600461.SH,20260508,12400,10.1,125240.0,10.1,0.000965615,0.112735,128416.0
600463.SH,20260508,7500,10.96,82200.0,10.96,0.0025,0.157243,30000.0
600467.SH,20260508,62400,2.44,152256.0,2.44,0.00427106,0.167748,146099.0
600468.SH,20260508,171600,7.8,1338480.0,7.85,0.0157759,0.602709,108774.0
600469.SH,20260508,33600,6.52,219072.0,6.51,0.0046062,0.226853,72945.1
600470.SH,20260508,96100,6.64,638104.0,6.65,0.0184241,0.256146,52160.0
600475.SH,20260508,46500,17.5,813750.0,17.48,0.00493167,0.383614,94288.6
600476.SH,20260508,265300,12.16,3226048.0,12.04,0.164711,2.15122,16107.0
600477.SH,20260508,145600,3.06,445536.0,3.07,0.00617219,0.430085,235897.0
600478.SH,20260508,169600,7.53,1277088.0,7.56,0.0101829,0.212609,166554.0
600479.SH,20260508,18600,10.75,199950.0,10.75,0.00444437,0.134128,41850.7
600480.SH,20260508,124000,10.5,1302000.0,10.55,0.0102235,0.437207,121290.0
600481.SH,20260508,170300,6.29,1071187.0,6.3,0.00825024,0.28568,206418.0
600482.SH,20260508,340900,38.06,12974654.0,39.0,0.0150292,0.717491,226825.0
600483.SH,20260508,21500,10.09,216935.0,10.12,0.000773343,0.079431,278014.0
600486.SH,20260508,23400,69.42,1624428.0,68.92,0.00579224,0.333932,40398.9
600487.SH,20260508,1281380,74.25,95142465.0,75.96,0.0524043,0.759338,244518.0
600488.SH,20260508,500400,5.96,2982384.0,5.97,0.0458289,0.475014,109189.0
600489.SH,20260508,654200,27.5,17990500.0,27.75,0.0134961,0.984397,484731.0
600490.SH,20260508,363200,8.76,3181632.0,8.81,0.0182272,0.707598,199262.0
600491.SH,20260508,268600,1.71,459306.0,1.8,0.0175583,0.549598,152976.0
600493.SH,20260508,18000,7.5,135000.0,7.51,0.00661765,0.228614,27200.0
600495.SH,20260508,16600,4.27,70882.0,4.28,0.00137396,0.134033,120819.0
600496.SH,20260508,163300,4.22,689126.0,4.23,0.00820551,0.200175,199013.0
600497.SH,20260508,715100,9.54,6822054.0,9.67,0.0141874,0.521951,504038.0
600498.SH,20260508,1339017,51.0,68289867.0,51.82,0.1053,1.13431,127162.0
600499.SH,20260508,96000,19.09,1832640.0,19.04,0.00500559,0.190652,191786.0
600500.SH,20260508,126500,4.8,607200.0,4.82,0.00352534,0.202619,358831.0
600501.SH,20260508,12800,23.86,305408.0,23.88,0.00299188,0.163294,42782.4
600502.SH,20260508,103700,5.4,559980.0,5.42,0.00604124,0.257971,171653.0
600503.SH,20260508,10300,2.55,26265.0,2.54,0.00064283,0.0254013,160229.0
600505.SH,20260508,37900,13.82,523778.0,13.78,0.0103959,0.308446,36456.8
600506.SH,20260508,28160,18.26,514202.0,18.25,0.0112809,0.25879,24962.5
600507.SH,20260508,62200,5.76,358272.0,5.76,0.00268893,0.19372,231319.0
600508.SH,20260508,65300,13.57,886121.0,13.58,0.00903534,0.613528,72271.8
600509.SH,20260508,214100,8.52,1824132.0,8.52,0.0155777,0.690141,137440.0
600510.SH,20260508,36900,11.6,428040.0,11.58,0.00357549,0.218456,103203.0
600511.SH,20260508,13100,28.58,374398.0,28.58,0.00236741,0.264905,55334.6
600512.SH,20260508,273200,2.46,672072.0,2.46,0.0172105,0.626941,158741.0
600513.SH,20260508,600600,23.5,14114100.0,22.27,0.2104,2.11918,28545.6
600515.SH,20260508,688600,3.46,2382556.0,3.48,0.00750435,0.56604,917601.0
600516.SH,20260508,87500,5.75,503125.0,5.75,0.00217339,0.121994,402597.0
600517.SH,20260508,218600,5.95,1300670.0,5.97,0.00382272,0.49813,571844.0
600518.SH,20260508,1276200,1.69,2156778.0,1.69,0.00923287,0.988528,1382240.0
600519.SH,20260508,18580,1371.66,25485443.0,1371.05,0.00148371,0.442723,125227.0
600520.SH,20260508,75500,29.81,2250655.0,30.12,0.0476551,0.714687,15843.0
600521.SH,20260508,51500,16.3,839450.0,16.38,0.00343963,0.207705,149725.0
600522.SH,20260508,6528732,38.2,249397562.0,38.38,0.191293,2.76861,341295.0
600523.SH,20260508,17800,13.56,241368.0,13.58,0.00440545,0.408073,40404.5
600525.SH,20260508,26600,5.01,133266.0,5.03,0.00201702,0.152414,131878.0
600526.SH,20260508,28120,5.35999,150723.0,5.36,0.00322105,0.16189,87300.7
600527.SH,20260508,5347400,3.22,17218628.0,3.26,0.308784,2.65102,173176.0
600528.SH,20260508,72000,7.96,573120.0,7.96,0.00324098,0.463079,222155.0
600529.SH,20260508,27100,18.36,497556.0,18.4,0.0040837,0.393954,66361.4
600530.SH,20260508,128300,5.37,688971.0,5.41,0.0165565,1.08047,77492.0
600531.SH,20260508,388000,15.53,6025640.0,15.71,0.0320857,0.482646,120926.0
600533.SH,20260508,97200,2.52,244944.0,2.54,0.00925714,0.361054,105000.0
600535.SH,20260508,44900,15.0,673500.0,14.95,0.00300546,0.33075,149395.0
600536.SH,20260508,137600,39.75,5469600.0,39.5,0.01631,0.872408,84365.6
600537.SH,20260508,8803867,3.1,27291988.0,3.19,0.743749,15.0975,118372.0
600538.SH,20260508,345900,6.73,2327907.0,6.85,0.0659865,1.60626,52419.8
600539.SH,20260508,574700,20.79,11948013.0,20.59,0.24987,1.97048,23000.0
600540.SH,20260508,638400,5.57,3555888.0,5.55,0.109808,1.49856,58137.7
600543.SH,20260508,81300,4.86,395118.0,4.89,0.0253176,0.660247,32112.0
600545.SH,20260508,1118900,5.01,5605689.0,5.01,0.0625814,0.679635,178791.0
600546.SH,20260508,143400,13.9,1993260.0,13.87,0.00723345,0.332192,198246.0
600547.SH,20260508,414531,35.51,14719996.0,35.97,0.0114687,0.658938,361444.0
600548.SH,20260508,2500,9.05,22625.0,9.03,0.000145821,0.103823,171443.0
600549.SH,20260508,471100,58.9,27747790.0,59.8,0.0303166,0.636563,155393.0
600550.SH,20260508,289900,15.62,4528238.0,15.78,0.0157424,0.611847,184153.0
600551.SH,20260508,30000,8.12,243600.0,8.1,0.00442442,0.717549,67805.5
600552.SH,20260508,650800,16.42,10686136.0,16.58,0.0688964,1.04852,94460.7
600556.SH,20260508,736700,6.33,4663311.0,6.31,0.0407524,1.45831,180775.0
600557.SH,20260508,40501,13.5,546764.0,13.44,0.00715365,0.67587,56615.9
600558.SH,20260508,72900,5.82,424278.0,5.81,0.00812161,0.265685,89760.5
600559.SH,20260508,22900,13.5,309150.0,13.51,0.00251784,0.217527,90950.9
600560.SH,20260508,2900,14.51,42079.0,14.51,0.00129669,0.112227,22364.6
600561.SH,20260508,32800,7.03,230584.0,7.03,0.0115299,0.408485,28447.7
600562.SH,20260508,24800,27.63,685224.0,27.62,0.00199701,0.246754,124186.0
600563.SH,20260508,22300,123.8,2760740.0,124.13,0.00991111,0.312395,22500.0
600566.SH,20260508,72000,28.56,2056320.0,28.36,0.00783842,0.970394,91855.2
600567.SH,20260508,203400,1.46,296964.0,1.47,0.00322476,0.195584,630745.0
600568.SH,20260508,59300,2.6,154180.0,2.62,0.00355288,0.457307,166907.0
600569.SH,20260508,110401,2.08,229634.0,2.08,0.00384348,0.437926,287242.0
600570.SH,20260508,144300,27.4,3953820.0,27.46,0.00762021,0.426908,189365.0
600571.SH,20260508,16900,13.15,222235.0,13.11,0.00369196,0.17704,45775.2
600572.SH,20260508,526300,4.39,2310457.0,4.39,0.0208003,0.960044,253025.0
600573.SH,20260508,80700,13.83,1116081.0,13.89,0.03228,0.531084,25000.0
600575.SH,20260508,172400,3.67,632708.0,3.68,0.00443614,0.219036,388626.0
600576.SH,20260508,32300,5.66,182818.0,5.66,0.00489105,0.176182,66039.0
600577.SH,20260508,166300,13.45,2236735.0,13.57,0.00773094,0.314567,215110.0
600578.SH,20260508,280700,5.1,1431570.0,5.1,0.00419292,0.481478,669462.0
600579.SH,20260508,7100,7.67,54457.0,7.66,0.00143841,0.0981555,49360.1
600580.SH,20260508,249800,39.54,9877092.0,39.53,0.0160372,0.757133,155763.0
600581.SH,20260508,152200,2.69,409418.0,2.7,0.00992891,0.505668,153290.0
600582.SH,20260508,33000,5.67,187110.0,5.67,0.000797373,0.0931482,413859.0
600583.SH,20260508,186900,6.41,1198029.0,6.38,0.00422721,0.351558,442135.0
600584.SH,20260508,1156400,48.0,55507200.0,48.76,0.0646245,1.05071,178941.0
600585.SH,20260508,269000,21.21,5705490.0,21.21,0.0067255,0.574373,399970.0
600586.SH,20260508,206500,5.84,1205960.0,5.9,0.0145696,0.337398,141734.0
600587.SH,20260508,30100,13.6,409360.0,13.57,0.00496172,0.445184,60664.5
600588.SH,20260508,916200,12.5,11452500.0,12.2,0.026813,2.00347,341700.0
600589.SH,20260508,965600,11.21,10824376.0,11.37,0.0653108,0.587157,147847.0
600590.SH,20260508,252600,16.79,4241154.0,17.0,0.0299442,0.559425,84357.0
600592.SH,20260508,44800,20.0,896000.0,19.9,0.0112125,0.604938,39955.4
600593.SH,20260508,19600,33.45,655620.0,33.59,0.0152174,0.490772,12880.0
600594.SH,20260508,175500,4.07,714285.0,4.07,0.0221611,0.393283,79192.7
600595.SH,20260508,127400,7.92,1009008.0,7.98,0.00317872,0.167004,400790.0
600596.SH,20260508,81700,11.87,969779.0,11.9,0.00605366,0.279432,134960.0
600597.SH,20260508,79400,7.4,587560.0,7.37,0.00576007,1.1282,137846.0
600598.SH,20260508,119300,16.65,1986345.0,16.61,0.00671099,0.410169,177768.0
600600.SH,20260508,38500,62.32,2399320.0,62.45,0.00542922,0.496496,70912.6
600601.SH,20260508,1270700,11.88,15095916.0,12.06,0.0304703,0.601732,417029.0
600602.SH,20260508,326100,23.2,7565520.0,23.24,0.0303546,0.666591,107430.0
600603.SH,20260508,24700,5.58,137826.0,5.57,0.00210044,0.131612,117594.0
600604.SH,20260508,17600,4.88,85888.0,4.89,0.00125048,0.207074,140745.0
600605.SH,20260508,25801,33.52,864850.0,33.52,0.0125076,0.382346,20628.2
600606.SH,20260508,1396200,1.52,2122224.0,1.52,0.00993438,0.650266,1405420.0
600609.SH,20260508,96000,4.1,393600.0,4.13,0.00735881,0.442612,130456.0
600610.SH,20260508,1473000,10.4,15319200.0,10.34,0.207838,5.02812,70872.7
600611.SH,20260508,49900,4.62,230538.0,4.62,0.00319193,0.236245,156332.0
600612.SH,20260508,2500,39.3,98250.0,39.39,0.000788371,0.176021,31711.0
600613.SH,20260508,53700,5.76,309312.0,5.74,0.0112034,0.446189,47932.0
600615.SH,20260508,1300,11.88,15444.0,11.87,0.000577095,0.0401855,22526.6
600616.SH,20260508,18300,4.93,90219.0,4.93,0.00273541,0.200526,66900.5
600617.SH,20260508,86200,3.55,306010.0,3.55,0.00485485,0.145912,177554.0
600618.SH,20260508,18300,12.46,228018.0,12.46,0.00244052,0.136082,74984.0
600619.SH,20260508,154000,18.15,2795100.0,18.2,0.0195141,0.430921,78917.5
600620.SH,20260508,12200,5.56,67832.0,5.57,0.00177667,0.101668,68667.7
600621.SH,20260508,43400,14.35,622790.0,14.36,0.00409087,0.361868,106090.0
600622.SH,20260508,251600,2.63,661708.0,2.62,0.0167769,1.02558,149969.0
600623.SH,20260508,535000,10.01,5355350.0,10.42,0.0285176,1.34961,187603.0
600624.SH,20260508,27300,4.7,128310.0,4.7,0.00401857,0.37031,67934.7
600626.SH,20260508,37900,3.91,148189.0,3.9,0.00342064,0.271354,110798.0
600628.SH,20260508,60000,7.07,424200.0,7.07,0.00927536,0.553336,64687.5
600629.SH,20260508,270600,22.02,5958612.0,22.01,0.0282413,1.03577,95817.1
600630.SH,20260508,57100,8.3,473930.0,8.27,0.0134397,0.668354,42486.2
600633.SH,20260508,361500,13.9,5024850.0,13.94,0.0285078,0.547454,126807.0
600635.SH,20260508,228200,5.27,1202614.0,5.29,0.00943446,0.522558,241879.0
600637.SH,20260508,697000,10.55,7353350.0,10.56,0.0207323,0.703221,336190.0
600638.SH,20260508,34600,6.26,216596.0,6.23,0.00513813,0.272497,67339.7
600639.SH,20260508,42300,10.31,436113.0,10.31,0.00497509,0.308561,85023.7
600640.SH,20260508,37000,12.69,469530.0,12.71,0.00465002,0.540755,79569.6
600641.SH,20260508,240900,27.85,6709065.0,28.22,0.0258857,0.404159,93063.0
600642.SH,20260508,133600,9.38,1253168.0,9.42,0.00272998,0.429034,489381.0
600643.SH,20260508,83000,4.79,397570.0,4.79,0.00521897,0.326757,159035.0
600644.SH,20260508,45900,11.96,548964.0,12.02,0.00793677,0.165396,57832.1
600645.SH,20260508,30900,24.99,772191.0,24.98,0.00660581,0.279087,46777.0
600648.SH,20260508,21200,10.0,212000.0,10.05,0.00186329,0.425678,113777.0
600649.SH,20260508,166500,4.25,707625.0,4.27,0.00664803,0.63754,250450.0
600650.SH,20260508,6300,12.5,78750.0,12.58,0.00161307,0.191556,39056.0
600651.SH,20260508,127300,7.08,901284.0,7.07,0.00507773,0.481019,250703.0
600653.SH,20260508,46000,1.82,83720.0,1.82,0.00236336,0.15184,194638.0
600654.SH,20260508,1263300,4.14,5230062.0,4.14,0.0545129,0.629229,231743.0
600655.SH,20260508,27900,4.91,136989.0,4.92,0.000717252,0.219567,388985.0
600657.SH,20260508,28300,3.12,88296.0,3.12,0.000992328,0.104435,285188.0
600658.SH,20260508,130200,5.18,674436.0,5.18,0.0116397,0.880971,111859.0
600660.SH,20260508,61800,59.41,3671538.0,59.42,0.00308539,0.347213,200299.0
600661.SH,20260508,13400,10.26,137484.0,10.26,0.00467634,0.238016,28654.9
600662.SH,20260508,208800,4.98,1039824.0,4.98,0.00917209,1.22929,227647.0
600663.SH,20260508,49500,8.4,415800.0,8.42,0.0015686,0.309749,315568.0
600664.SH,20260508,1252000,3.68,4607360.0,3.66,0.0497119,1.36026,251851.0
600665.SH,20260508,50800,3.5,177800.0,3.48,0.0058788,0.322866,86412.2
600666.SH,20260508,2376000,5.86,13923360.0,5.91,0.0949544,0.707294,250225.0
600667.SH,20260508,2297300,10.69,24558137.0,10.84,0.109838,1.69732,209154.0
600668.SH,20260508,13400,10.25,137350.0,10.25,0.00324533,0.0877869,41290.1
600671.SH,20260508,14800,19.7,291560.0,19.75,0.012159,0.625389,12172.1
600673.SH,20260508,9799100,42.83,419695453.0,42.83,0.326467,19.4455,300156.0
600674.SH,20260508,75500,15.31,1155905.0,15.29,0.00154884,0.257382,487461.0
600675.SH,20260508,44100,2.59,114219.0,2.59,0.000729392,0.124459,604614.0
600676.SH,20260508,53900,8.1,436590.0,8.09,0.00524068,0.397766,102849.0
600678.SH,20260508,73900,8.9,657710.0,9.37,0.0211754,1.03251,34899.0
600679.SH,20260508,8400,11.05,92820.0,11.04,0.00244403,0.266888,34369.4
600681.SH,20260508,46400,4.07,188848.0,4.07,0.00346318,0.200907,133981.0
600682.SH,20260508,30000,6.72,201600.0,6.72,0.00257719,0.232111,116406.0
600683.SH,20260508,431200,15.82,6821584.0,15.66,0.0582091,1.29846,74077.8
600684.SH,20260508,21200,4.38,92856.0,4.37,0.002484,0.115307,85346.1
600685.SH,20260508,46100,31.6,1456760.0,31.71,0.00561213,0.158637,82143.5
600686.SH,20260508,112300,15.61,1753003.0,15.78,0.0156614,0.347549,71704.7
600688.SH,20260508,636000,2.98,1895280.0,2.95,0.00867808,0.644379,732881.0
600689.SH,20260508,12500,13.44,168000.0,13.44,0.00821265,0.335913,15220.4
600690.SH,20260508,126500,21.44,2712160.0,21.44,0.00202302,0.17609,625303.0
600691.SH,20260508,224200,3.19,715198.0,3.17,0.00943767,0.328879,237559.0
600692.SH,20260508,123000,7.9,971700.0,7.83,0.0482333,0.976675,25501.1
600693.SH,20260508,116400,11.37,1323468.0,11.43,0.0133954,0.186178,86895.3
600694.SH,20260508,48500,17.91,868635.0,17.95,0.0140842,1.12188,34435.8
600697.SH,20260508,27000,12.62,340740.0,12.55,0.0173772,0.533905,15537.6
600698.SH,20260508,43300,7.38,319554.0,7.42,0.00521403,0.466065,83045.2
600699.SH,20260508,301800,29.2,8812560.0,29.46,0.0222722,0.579883,135505.0
600702.SH,20260508,9500,43.96,417620.0,44.09,0.00285612,0.221631,33261.9
600703.SH,20260508,1212600,14.95,18128370.0,15.14,0.0243054,0.501958,498902.0
600704.SH,20260508,129000,5.14,663060.0,5.15,0.0024946,0.184617,517118.0
600706.SH,20260508,24400,9.41,229604.0,9.41,0.00960516,0.349239,25403.0
600707.SH,20260508,6610300,8.96,59228288.0,9.04,0.184251,4.5556,358767.0
600708.SH,20260508,17100,3.83,65493.0,3.84,0.000768443,0.0364647,222528.0
600710.SH,20260508,49305,12.41,611875.0,12.5,0.0037731,0.345778,130675.0
600711.SH,20260508,787600,14.36,11309936.0,14.57,0.0254836,0.733587,309061.0
600712.SH,20260508,23700,6.31,149547.0,6.3,0.0043999,0.221898,53864.8
600713.SH,20260508,73200,5.29,387228.0,5.3,0.00567529,0.348891,128980.0
600714.SH,20260508,180700,22.38,4044066.0,22.43,0.0627047,0.613302,28817.6
600715.SH,20260508,1005000,2.03,2040150.0,2.03,0.0351107,2.17021,286237.0
600716.SH,20260508,5100,4.35,22185.0,4.35,0.000544837,0.0476444,93606.1
600717.SH,20260508,60100,4.68,281268.0,4.69,0.00207671,0.172551,289400.0
600718.SH,20260508,53200,9.22,490504.0,9.21,0.00444653,0.314293,119644.0
600719.SH,20260508,2916700,9.59,27971153.0,9.38,0.720886,7.61548,40460.0
600720.SH,20260508,5835,6.65004,38803.0,6.65,0.000578267,0.0753052,100905.0
600721.SH,20260508,27100,8.39,227369.0,8.38,0.00704724,0.297714,38454.8
600722.SH,20260508,158000,14.2,2243600.0,14.25,0.0232244,0.225474,68032.0
600724.SH,20260508,18400,7.35,135240.0,7.35,0.00127341,0.193302,144494.0
600725.SH,20260508,168200,4.12,692984.0,4.17,0.0136474,0.837811,123247.0
600726.SH,20260508,6920700,7.8,53981460.0,7.61,0.0925805,1.49192,747534.0
600727.SH,20260508,75100,8.07,606057.0,8.07,0.0142078,0.272123,52858.3
600728.SH,20260508,266300,5.59,1488617.0,5.6,0.0124871,0.604326,213260.0
600729.SH,20260508,4800,21.33,102384.0,21.38,0.00249373,0.151242,19248.3
600730.SH,20260508,14230893,10.38,147716669.0,9.89,2.42576,108.108,58665.6
600731.SH,20260508,125600,6.68,839008.0,6.69,0.023187,1.08585,54168.3
600732.SH,20260508,111400,14.8,1648720.0,14.85,0.00530612,0.193698,209946.0
600733.SH,20260508,160200,7.09,1135818.0,7.12,0.00327493,0.23439,489171.0
600734.SH,20260508,3998600,2.05,8197130.0,2.02,0.183603,2.78526,217785.0
600735.SH,20260508,1106500,6.7,7413550.0,6.68,0.260076,4.56867,42545.2
600736.SH,20260508,3068300,9.55,29302265.0,9.65,0.266509,1.39619,115129.0
600737.SH,20260508,372700,15.68,5843936.0,15.33,0.0174253,1.01635,213885.0
600738.SH,20260508,34400,4.72,162368.0,4.72,0.00452235,0.297067,76066.6
600739.SH,20260508,9100,11.97,108927.0,11.98,0.000594884,0.0526731,152971.0
600740.SH,20260508,483900,4.05,1959795.0,4.04,0.0188867,0.832587,256212.0
600741.SH,20260508,228500,18.3,4181550.0,18.4,0.0072477,0.766761,315272.0
600742.SH,20260508,903700,9.82,8874334.0,9.43,0.121619,12.4214,74305.8
600743.SH,20260508,924600,2.57,2376222.0,2.6,0.0394101,0.919272,234610.0
600744.SH,20260508,2098136,9.05,18988131.0,9.14,0.103299,0.771845,203112.0
600745.SH,20260508,452700,24.1,10910070.0,25.37,0.0363711,3.34807,124467.0
600746.SH,20260508,135400,8.12,1099448.0,8.03,0.011594,0.722608,116784.0
600748.SH,20260508,17000,4.97,84490.0,4.98,0.000921628,0.0775419,184456.0
600749.SH,20260508,39100,16.01,625991.0,16.03,0.0172273,0.280222,22696.6
600750.SH,20260508,22600,24.21,547146.0,24.19,0.0035948,0.375917,62868.5
600751.SH,20260508,255600,3.76,961056.0,3.76,0.0099332,0.560049,257319.0
600753.SH,20260508,107900,13.93,1503047.0,13.71,0.0468505,2.055,23030.7
600754.SH,20260508,37500,24.01,900375.0,24.0,0.00413887,0.202448,90604.4
600755.SH,20260508,69000,6.21,428490.0,6.23,0.00323616,0.347657,213216.0
600756.SH,20260508,108800,16.86,1834368.0,16.88,0.03357,1.22713,32409.9
600757.SH,20260508,24300,8.64,209952.0,8.65,0.00200248,0.294495,121350.0
600758.SH,20260508,527600,4.11,2168436.0,4.09,0.0399472,0.706607,132074.0
600759.SH,20260508,1118700,4.01,4485987.0,4.22,0.0269977,25.5158,414369.0
600760.SH,20260508,643100,48.55,31222505.0,48.0,0.022728,3.43655,282955.0
600761.SH,20260508,33000,18.34,605220.0,18.36,0.00370498,0.223634,89069.3
600763.SH,20260508,23220,41.62,966416.0,41.77,0.00519127,0.299909,44728.9
600764.SH,20260508,3500,23.77,83195.0,23.84,0.000492521,0.0521594,71062.9
600765.SH,20260508,94800,16.13,1529124.0,16.12,0.0061063,0.482815,155249.0
600768.SH,20260508,61000,18.8,1146800.0,18.8,0.0456084,0.503422,13374.7
600769.SH,20260508,136300,17.01,2318463.0,17.3,0.0363489,0.572465,37497.7
600770.SH,20260508,7355384,8.06,59284395.0,8.17,0.565799,3.2693,130000.0
600771.SH,20260508,23500,16.5,387750.0,16.5,0.0048009,0.484436,48949.1
600773.SH,20260508,78000,26.3,2051400.0,26.22,0.00819683,0.156879,95158.7
600774.SH,20260508,8800,8.76,77088.0,8.78,0.00298426,0.173224,29488.0
600775.SH,20260508,199300,13.2,2630760.0,13.27,0.0296649,0.903507,67183.9
600776.SH,20260508,343900,17.5,6018250.0,17.71,0.0359728,0.806046,95600.0
600777.SH,20260508,210500,5.81,1223005.0,5.72,0.00330655,0.59422,636615.0
600778.SH,20260508,53500,6.9,369150.0,6.88,0.0171907,0.517321,31121.5
600779.SH,20260508,8800,32.45,285560.0,32.59,0.00180512,0.335176,48750.3
600780.SH,20260508,157900,7.09,1119511.0,7.1,0.0137723,0.612928,114650.0
600782.SH,20260508,45600,3.16,144096.0,3.17,0.00144962,0.0896786,314565.0
600783.SH,20260508,418300,23.03,9633449.0,22.58,0.056196,1.38207,74435.9
600784.SH,20260508,66400,7.3,484720.0,7.32,0.00982754,0.505887,67565.2
600785.SH,20260508,45600,18.34,836304.0,18.39,0.02021,0.495102,22563.1
600787.SH,20260508,187900,5.25,986475.0,5.26,0.00865867,1.04101,217008.0
600789.SH,20260508,179600,8.45,1517620.0,8.37,0.0199851,1.43475,89867.0
600790.SH,20260508,1508912,4.69,7076797.0,4.69,0.102942,2.64499,146579.0
600791.SH,20260508,25600,13.74,351744.0,13.81,0.00565979,0.13216,45231.4
600792.SH,20260508,207100,4.26,882246.0,4.26,0.0186589,0.684334,110992.0
600793.SH,20260508,27100,16.51,447421.0,16.48,0.015319,0.387436,17690.4
600794.SH,20260508,27000,3.56,96120.0,3.57,0.00224971,0.231419,120015.0
600795.SH,20260508,654000,4.91,3211140.0,4.89,0.00366682,0.32577,1783560.0
600796.SH,20260508,6900,6.16,42504.0,6.16,0.00221525,0.076717,31147.8
600797.SH,20260508,146600,9.17,1344322.0,9.17,0.0142673,0.548018,102753.0
600798.SH,20260508,106900,3.7,395530.0,3.71,0.00886009,0.504782,120653.0
600800.SH,20260508,664900,4.89,3251361.0,4.84,0.0599155,1.04544,110973.0
600801.SH,20260508,11300,21.35,241255.0,21.49,0.000842217,0.0662074,134170.0
600802.SH,20260508,11900,5.73,68187.0,5.73,0.00259684,0.155455,45824.8
600803.SH,20260508,40400,20.06,810424.0,20.01,0.00131522,0.26937,307173.0
600805.SH,20260508,29800,5.2,154960.0,5.23,0.00350475,0.248448,85027.5
600807.SH,20260508,30700,3.13,96091.0,3.16,0.0039008,0.134165,78701.8
600808.SH,20260508,119900,3.81,456819.0,3.79,0.00200913,0.24461,596775.0
600809.SH,20260508,37400,144.1,5389340.0,143.75,0.00306566,0.434639,121996.0
600810.SH,20260508,5300,7.7,40810.0,7.7,0.000490399,0.0186139,108075.0
600812.SH,20260508,47600,5.21,247996.0,5.21,0.00277433,0.501605,171573.0
600814.SH,20260508,24800,7.65,189720.0,7.64,0.00337379,0.321455,73507.9
600815.SH,20260508,2708700,4.7,12730890.0,4.93,0.152681,2.27157,177409.0
600816.SH,20260508,641600,3.01,1931216.0,3.02,0.0117313,0.342921,546914.0
600817.SH,20260508,13700,11.63,159331.0,11.66,0.0025886,0.192075,52924.4
600818.SH,20260508,78800,6.66,524808.0,7.01,0.0331151,45.9542,23795.8
600819.SH,20260508,18500,6.81,125985.0,6.83,0.00247519,0.216303,74741.6
600820.SH,20260508,88200,5.96,525672.0,5.95,0.00280526,0.439378,314410.0
600821.SH,20260508,1681700,8.74,14698058.0,8.85,0.0854816,0.693193,196732.0
600822.SH,20260508,18200,9.9,180180.0,9.93,0.00459424,0.526701,39614.8
600824.SH,20260508,139500,4.12,574740.0,4.1,0.013235,1.0151,105403.0
600825.SH,20260508,36500,5.91,215715.0,5.93,0.0034932,0.474769,104489.0
600826.SH,20260508,72800,9.64,701792.0,9.61,0.00989758,0.467462,73553.4
600827.SH,20260508,13700,8.39,114943.0,8.4,0.000853875,0.071714,160445.0
600828.SH,20260508,717500,5.05,3623375.0,4.99,0.0414414,4.00917,173136.0
600829.SH,20260508,25500,9.8,249900.0,9.81,0.0043974,0.38838,57988.9
600830.SH,20260508,42300,10.25,433575.0,10.28,0.00931056,0.155216,45432.3
600831.SH,20260508,114000,3.95,450300.0,3.91,0.016035,0.656815,71094.7
600833.SH,20260508,30000,12.0,360000.0,12.01,0.0134477,0.478411,22308.6
600834.SH,20260508,7300,8.07,58911.0,8.07,0.00152917,0.197569,47738.2
600835.SH,20260508,53400,25.0,1335000.0,24.99,0.00662117,0.518686,80650.4
600838.SH,20260508,6800,9.44,64192.0,9.47,0.00169626,0.0867449,40088.2
600839.SH,20260508,267700,8.77,2347729.0,8.84,0.0058007,0.327734,461496.0
600841.SH,20260508,126200,8.75,1104250.0,8.8,0.0120994,0.457838,104302.0
600843.SH,20260508,9400,8.93,83942.0,8.92,0.00200331,0.0951858,46922.3
600844.SH,20260508,140500,3.65,512825.0,3.62,0.0170773,0.224127,82273.1
600845.SH,20260508,151800,24.0,3643200.0,23.98,0.00711322,0.605054,213405.0
600846.SH,20260508,2200,12.82,28204.0,12.82,0.000352134,0.0404128,62476.2
600847.SH,20260508,45700,14.81,676817.0,14.94,0.0298133,1.14775,15328.7
600848.SH,20260508,17200,9.03,155316.0,9.02,0.000718489,0.1459,239391.0
600850.SH,20260508,39300,20.0,786000.0,19.91,0.00577772,0.300523,68019.9
600851.SH,20260508,144600,8.73,1262358.0,8.72,0.019588,1.24595,73820.6
600853.SH,20260508,103900,4.0,415600.0,4.0,0.0102496,1.12702,101370.0
600854.SH,20260508,21100,5.4,113940.0,5.4,0.00406192,0.187182,51945.9
600855.SH,20260508,57500,18.69,1074675.0,18.68,0.0122958,0.372361,46764.0
600857.SH,20260508,30100,12.82,385882.0,12.85,0.0134183,0.84788,22432.0
600858.SH,20260508,84100,5.71,480211.0,5.7,0.0162497,0.829105,51754.8
600859.SH,20260508,35900,12.09,434031.0,12.09,0.00319444,0.233305,112383.0
600860.SH,20260508,8600,10.77,92622.0,10.78,0.00193676,0.109839,44404.1
600861.SH,20260508,20800,15.94,331552.0,15.92,0.00567415,0.762483,36657.5
600862.SH,20260508,52500,20.43,1072575.0,20.52,0.00376871,0.239381,139305.0
600863.SH,20260508,268200,4.86,1303452.0,4.85,0.00410916,0.394785,652689.0
600864.SH,20260508,261298,6.15,1606983.0,6.15,0.012559,0.350418,208057.0
600865.SH,20260508,36100,11.55,416955.0,11.58,0.00959493,0.304177,37624.0
600866.SH,20260508,216000,5.84,1261440.0,5.81,0.0172006,0.611328,125577.0
600867.SH,20260508,116100,9.21,1069281.0,9.2,0.00592788,0.23419,195854.0
600868.SH,20260508,478700,3.59,1718533.0,3.6,0.0252193,0.748513,189815.0
600869.SH,20260508,668800,19.06,12747328.0,19.57,0.0301349,0.649277,221935.0
600871.SH,20260508,582700,2.59,1509193.0,2.58,0.00430132,0.39819,1354700.0
600872.SH,20260508,67100,20.73,1390983.0,20.75,0.00870312,0.307805,77098.8
600873.SH,20260508,98300,9.5,933850.0,9.48,0.0035054,0.237397,280424.0
600874.SH,20260508,69200,6.29,435268.0,6.32,0.0056241,0.547078,123042.0
600875.SH,20260508,506500,39.4,19956100.0,40.12,0.0223782,0.643069,226337.0
600876.SH,20260508,1000,9.46,9460.0,9.46,0.000252733,0.0154994,39567.5
600877.SH,20260508,115600,17.51,2024156.0,17.54,0.00976302,0.456422,118406.0
600879.SH,20260508,615800,25.1,15456580.0,25.31,0.0186646,0.400921,329930.0
600880.SH,20260508,290800,5.38,1564504.0,5.33,0.0266049,0.954337,109303.0
600881.SH,20260508,1210700,1.61,1949227.0,1.61,0.037458,1.36444,323215.0
600882.SH,20260508,6200,20.11,124682.0,20.16,0.00121556,0.0838159,51005.4
600883.SH,20260508,56500,9.18,518670.0,9.11,0.0239318,0.607859,23608.8
600884.SH,20260508,1071458,16.8,18000494.0,16.99,0.0583866,0.537346,183511.0
600885.SH,20260508,70100,33.0,2313300.0,33.22,0.00452961,0.183599,154759.0
600886.SH,20260508,75500,13.62,1028310.0,13.61,0.00101285,0.192517,745418.0
600887.SH,20260508,129400,27.53,3562382.0,27.53,0.00205595,0.108135,629393.0
600888.SH,20260508,79700,8.69,692593.0,8.69,0.00513172,0.290511,155309.0
600889.SH,20260508,27200,15.18,412896.0,15.23,0.00742467,0.63959,36634.6
600892.SH,20260508,77600,3.82,296432.0,3.79,0.013874,0.617914,55932.0
600893.SH,20260508,122000,48.19,5879180.0,48.33,0.00457765,0.34636,266512.0
600894.SH,20260508,9400,9.39,88266.0,9.35,0.00111487,0.0710781,84314.4
600895.SH,20260508,200500,37.64,7546820.0,37.99,0.0129464,0.679653,154869.0
600897.SH,20260508,45800,15.87,726846.0,16.0,0.010985,2.25513,41693.4
600900.SH,20260508,347700,27.06,9408762.0,27.05,0.00142103,0.305953,2446820.0
600901.SH,20260508,76700,6.7,513890.0,6.73,0.00132459,0.18642,579045.0
600903.SH,20260508,34400,6.4,220160.0,6.38,0.00299128,0.284169,115001.0
600905.SH,20260508,1292200,4.14,5349708.0,4.13,0.00452013,0.958755,2858760.0
600906.SH,20260508,192200,6.44,1237768.0,6.43,0.00904796,0.364031,212424.0
600908.SH,20260508,104200,5.71,594982.0,5.69,0.00521179,0.653084,199931.0
600909.SH,20260508,154900,5.67,878283.0,5.68,0.00308307,0.253611,502421.0
600916.SH,20260508,147500,9.09,1340775.0,9.11,0.00877976,0.518351,168000.0
600917.SH,20260508,7700,5.27,40579.0,5.26,0.000493261,0.12993,156104.0
600918.SH,20260508,70700,6.02,425614.0,6.03,0.00180089,0.291875,392585.0
600919.SH,20260508,114600,11.25,1289250.0,11.21,0.000624478,0.132963,1835130.0
600925.SH,20260508,32400,4.63,150012.0,4.63,0.00201737,0.262354,160605.0
600926.SH,20260508,174100,16.88,2938808.0,16.94,0.00240171,0.577148,724900.0
600927.SH,20260508,10000,14.74,147400.0,14.78,0.000687023,0.143308,145556.0
600928.SH,20260508,46300,3.66,169458.0,3.66,0.00104672,0.176906,442335.0
600929.SH,20260508,65800,6.78,446124.0,6.79,0.00401192,0.242552,164011.0
600930.SH,20260508,1104900,6.39,7060311.0,6.44,0.0342094,0.592233,322981.0
600933.SH,20260508,58000,17.49,1014420.0,17.57,0.00593425,0.219601,97737.7
600935.SH,20260508,292400,2.62,766088.0,2.62,0.00833665,0.988382,350740.0
600936.SH,20260508,8308100,4.96,41208176.0,4.7,0.497185,21.5865,167103.0
600938.SH,20260508,707400,36.7,25961580.0,36.36,0.0236589,1.1839,299000.0
600939.SH,20260508,14000,3.05,42700.0,3.05,0.000735884,0.0673539,190248.0
600941.SH,20260508,16500,96.02,1584330.0,96.02,0.00182771,0.198747,90276.8
600955.SH,20260508,32400,18.82,609768.0,18.61,0.00589091,0.307262,55000.0
600956.SH,20260508,88100,8.6,757660.0,8.61,0.00375199,0.404618,234809.0
600958.SH,20260508,1673900,9.44,15801616.0,9.54,0.0224099,0.545419,746948.0
600959.SH,20260508,371800,4.01,1490918.0,4.0,0.00743493,0.811433,500072.0
600960.SH,20260508,73600,4.99,367264.0,5.0,0.00774317,0.346727,95051.6
600961.SH,20260508,1799600,28.88,51972448.0,29.46,0.239368,2.33744,75181.2
600962.SH,20260508,14200,22.55,320210.0,22.66,0.00541551,0.254161,26221.0
600963.SH,20260508,52600,4.56,239856.0,4.56,0.00299277,0.188516,175757.0
600965.SH,20260508,147400,3.27,481998.0,3.44,0.0180041,6.05818,81870.1
600966.SH,20260508,27600,6.27,173052.0,6.32,0.00206456,0.196783,133684.0
600967.SH,20260508,25800,14.13,364554.0,14.12,0.00151605,0.146524,170179.0
600968.SH,20260508,401239,4.15,1665142.0,4.15,0.00394722,0.493204,1016510.0
600969.SH,20260508,475900,10.8,5139720.0,10.94,0.128604,3.12096,37005.0
600970.SH,20260508,589900,9.4,5545060.0,9.57,0.0224997,1.53271,262181.0
600971.SH,20260508,80500,7.99,643195.0,7.86,0.00670831,0.345675,120000.0
600973.SH,20260508,165008,7.39,1219409.0,7.44,0.0120324,0.544913,137137.0
600975.SH,20260508,55900,5.62,314158.0,5.59,0.00447321,0.382057,124966.0
600976.SH,20260508,28400,32.65,927260.0,32.24,0.0185259,1.38977,15329.9
600977.SH,20260508,208500,13.5,2814750.0,13.54,0.0111676,0.590421,186700.0
600979.SH,20260508,816700,5.24,4279508.0,5.24,0.0662766,0.915548,123226.0
600980.SH,20260508,3900,23.83,92937.0,23.86,0.00206062,0.101411,18926.4
600981.SH,20260508,28400,2.82,80088.0,2.82,0.00126648,0.152338,224243.0
600982.SH,20260508,311300,6.32,1967416.0,6.36,0.0278536,0.400731,111763.0
600983.SH,20260508,87100,9.27,807417.0,9.33,0.0113642,1.81271,76643.9
600984.SH,20260508,342800,4.3,1474040.0,4.28,0.0272703,1.27377,125704.0
600985.SH,20260508,130100,14.01,1822701.0,13.83,0.00483058,0.47301,269326.0
600986.SH,20260508,1714700,11.45,19633315.0,11.17,0.115284,0.989545,148737.0
600987.SH,20260508,64100,7.08,453828.0,7.04,0.00627927,0.677099,102082.0
600988.SH,20260508,195500,41.85,8181675.0,42.36,0.0117494,0.329034,166391.0
600989.SH,20260508,640800,28.3,18134640.0,28.1,0.00873815,0.504283,733336.0
600990.SH,20260508,6600,23.0,151800.0,23.02,0.00245342,0.165047,26901.3
600992.SH,20260508,67000,11.46,767820.0,11.37,0.0273369,0.736023,24509.0
600993.SH,20260508,23800,25.38,604044.0,25.27,0.00553093,0.5418,43030.7
600995.SH,20260508,187300,15.21,2848833.0,15.21,0.00586044,0.62628,319601.0
600996.SH,20260508,45900,8.73,400707.0,8.73,0.00368142,0.157862,124680.0
600997.SH,20260508,74300,5.71,424253.0,5.71,0.00467943,0.514755,158780.0
600998.SH,20260508,96100,5.05,485305.0,5.06,0.00190581,0.266654,504247.0
600999.SH,20260508,160300,16.01,2566403.0,16.02,0.00215979,0.275441,742200.0
601000.SH,20260508,47200,4.74,223728.0,4.74,0.0007965,0.0941982,592593.0
601001.SH,20260508,38600,18.27,705222.0,18.16,0.00230627,0.131716,167370.0
601002.SH,20260508,93200,6.15,573180.0,6.17,0.00976488,0.304786,95444.1
601005.SH,20260508,243600,1.4,341040.0,1.41,0.00293013,0.398645,831364.0
601006.SH,20260508,690900,5.28,3647952.0,5.27,0.00342926,0.459249,2014720.0
601007.SH,20260508,25600,7.61,194816.0,7.61,0.0065641,0.139872,39000.0
601008.SH,20260508,26300,4.88,128344.0,4.88,0.00211988,0.281575,124064.0
601009.SH,20260508,108900,11.38,1239282.0,11.38,0.000880814,0.256065,1236360.0
601011.SH,20260508,170400,3.05,519720.0,3.04,0.00889509,0.44359,191566.0
601012.SH,20260508,660682,16.54,10927680.0,16.55,0.00871835,0.429915,757806.0
601015.SH,20260508,163000,3.93,640590.0,3.92,0.00798043,0.256301,204250.0
601016.SH,20260508,10853200,4.92,53397744.0,4.99,0.179742,1.59028,603820.0
601018.SH,20260508,150400,3.73,560992.0,3.73,0.00077309,0.22118,1945440.0
601019.SH,20260508,47500,7.54,358150.0,7.56,0.0022761,0.375635,208690.0
601020.SH,20260508,171595,29.64,5086076.0,29.93,0.0209271,0.441329,81996.5
601021.SH,20260508,61400,47.6,2922640.0,47.91,0.00627598,0.850523,97833.3
601022.SH,20260508,58500,8.79,514215.0,8.83,0.00447031,0.936827,130863.0
601026.SH,20260508,21200,18.0,381600.0,17.97,0.0190844,0.4395,11108.6
601033.SH,20260508,18600,15.78,293508.0,15.77,0.00775,0.273619,24000.0
601038.SH,20260508,57400,13.9,797860.0,13.7,0.00784469,0.567095,73170.5
601058.SH,20260508,168300,13.68,2302344.0,13.72,0.00511846,0.242878,328810.0
601059.SH,20260508,46600,16.99,791734.0,17.0,0.00143694,0.532508,324300.0
601061.SH,20260508,62600,14.59,913334.0,14.61,0.00127755,0.288024,490000.0
601065.SH,20260508,11900,8.28,98532.0,8.28,0.00185134,0.263231,64277.6
601066.SH,20260508,126500,22.98,2906970.0,23.1,0.00194745,0.556811,649567.0
601068.SH,20260508,60700,6.18,375126.0,6.19,0.00237147,0.378424,255959.0
601069.SH,20260508,104700,33.86,3545142.0,34.18,0.0118013,0.531946,88718.8
601077.SH,20260508,63000,7.22,454860.0,7.25,0.000712811,0.156099,883824.0
601083.SH,20260508,23500,12.21,286935.0,12.27,0.0121059,0.237559,19412.0
601086.SH,20260508,96300,8.87,854181.0,8.79,0.0144595,0.572821,66600.0
601088.SH,20260508,219800,45.53,10007494.0,45.59,0.00133285,0.591481,1649100.0
601089.SH,20260508,9000,21.05,189450.0,21.07,0.001875,0.34352,48000.0
601096.SH,20260508,143500,5.71,819385.0,5.76,0.00873415,0.427967,164298.0
601098.SH,20260508,42700,11.42,487634.0,11.44,0.00237751,0.283878,179600.0
601099.SH,20260508,528900,3.75,1983375.0,3.76,0.00775932,0.491977,681632.0
601100.SH,20260508,31200,111.57,3480984.0,113.4,0.00232693,0.210406,134082.0
601101.SH,20260508,533500,11.0,5868500.0,10.94,0.0370487,0.733038,144000.0
601106.SH,20260508,438400,4.55,1994720.0,4.58,0.00639274,0.343589,685778.0
601107.SH,20260508,29700,6.11,181467.0,6.13,0.00137326,0.230365,216274.0
601108.SH,20260508,325400,8.45,2749630.0,8.52,0.00700725,0.54569,464376.0
601111.SH,20260508,1396800,6.94,9693792.0,7.02,0.0120019,1.6918,1163810.0
601112.SH,20260508,50300,21.01,1056803.0,21.22,0.028378,0.286914,17725.0
601113.SH,20260508,134500,4.65,625425.0,4.6,0.0121813,0.66655,110415.0
601116.SH,20260508,62000,13.6,843200.0,13.61,0.0113205,0.599151,54767.8
601117.SH,20260508,479200,8.47,4058824.0,8.48,0.00787114,0.422094,608807.0
601118.SH,20260508,308900,7.52,2322928.0,7.56,0.00721825,0.475382,427943.0
601121.SH,20260508,11100,7.83,86913.0,7.84,0.0013875,0.0904853,80000.0
601126.SH,20260508,90200,59.75,5389450.0,60.6,0.0109322,0.277028,82508.5
601127.SH,20260508,76400,89.07,6804948.0,89.19,0.00490623,0.379371,155720.0
601128.SH,20260508,114000,7.19,819660.0,7.18,0.00343734,0.265773,331652.0
601133.SH,20260508,222400,24.52,5453248.0,24.98,0.0424114,0.739746,52438.7
601136.SH,20260508,27400,16.7,457580.0,16.75,0.00100244,0.162674,273333.0
601137.SH,20260508,67000,18.9,1266300.0,18.99,0.0073,0.245382,91780.8
601138.SH,20260508,2170990,63.0,136772370.0,64.18,0.0109402,0.843126,1984410.0
601139.SH,20260508,112400,6.74,757576.0,6.75,0.0039072,0.381977,287674.0
601155.SH,20260508,75400,15.06,1135524.0,15.15,0.00334276,0.42124,225562.0
601156.SH,20260508,9700,16.4,159080.0,16.45,0.00102689,0.105528,94459.6
601158.SH,20260508,41700,4.48,186816.0,4.48,0.000868745,0.452821,480003.0
601162.SH,20260508,621400,3.78,2348892.0,3.79,0.00722729,0.309111,859797.0
601163.SH,20260508,46200,14.68,678216.0,14.67,0.005775,0.658167,80000.0
601166.SH,20260508,268100,17.76,4761456.0,17.75,0.00126684,0.240042,2116290.0
601168.SH,20260508,312500,31.2,9750000.0,31.57,0.0131137,0.459884,238300.0
601169.SH,20260508,783012,5.27,4126473.0,5.27,0.00370341,0.400703,2114300.0
601177.SH,20260508,89000,16.56,1473840.0,16.71,0.0222467,0.417439,40006.0
601179.SH,20260508,2223200,17.65,39239480.0,17.5,0.043372,1.28467,512588.0
601186.SH,20260508,420900,6.75,2841075.0,6.76,0.00365897,0.723815,1150320.0
601187.SH,20260508,73500,7.54,554190.0,7.55,0.00279109,0.409135,263338.0
601188.SH,20260508,112600,3.34,376084.0,3.35,0.00862525,0.794816,130547.0
601198.SH,20260508,22000,13.21,290620.0,13.24,0.000680599,0.110342,323245.0
601199.SH,20260508,814200,6.03,4909626.0,6.09,0.0870606,3.61922,93521.0
601200.SH,20260508,41500,8.15,338225.0,8.17,0.00308268,0.38177,134623.0
601208.SH,20260508,1947559,46.25,90074604.0,45.16,0.192793,2.08236,101018.0
601211.SH,20260508,302800,16.25,4920500.0,16.29,0.00224348,0.211452,1349690.0
601212.SH,20260508,1233600,8.01,9881136.0,8.03,0.0166595,1.16121,740477.0
601216.SH,20260508,261100,5.5,1436050.0,5.51,0.00309433,0.29226,843802.0
601218.SH,20260508,512024,6.56,3358877.0,6.67,0.0528386,0.537905,96903.4
601222.SH,20260508,100800,6.25,630000.0,6.29,0.00493822,0.363364,204122.0
601225.SH,20260508,218809,24.08,5268921.0,24.08,0.00225693,0.389026,969500.0
601226.SH,20260508,73900,9.11,673229.0,9.12,0.0063585,0.389056,116222.0
601228.SH,20260508,38700,3.26,126162.0,3.27,0.000512954,0.143632,754453.0
601229.SH,20260508,122000,9.27,1130940.0,9.26,0.00085861,0.226511,1420900.0
601231.SH,20260508,296000,41.3,12224800.0,42.03,0.0123896,0.617667,238910.0
601233.SH,20260508,176400,22.35,3942540.0,22.32,0.00742839,0.282242,237467.0
601236.SH,20260508,58700,7.48,439076.0,7.52,0.00124449,0.327317,471679.0
601238.SH,20260508,75640,6.99001,528724.0,6.99,0.00102442,0.455864,738370.0
601279.SH,20260508,21000,3.97,83370.0,3.97,0.00132426,0.193958,158579.0
601288.SH,20260508,806900,6.89,5559541.0,6.87,0.000252753,0.259446,31924400.0
601298.SH,20260508,38800,8.93,346484.0,8.96,0.000719575,0.31536,539208.0
601311.SH,20260508,72600,9.86,715836.0,9.85,0.00618849,0.166624,117315.0
601318.SH,20260508,253100,59.9,15160690.0,60.04,0.00237428,0.229434,1066010.0
601319.SH,20260508,308100,7.24,2230644.0,7.26,0.000867942,0.431298,3549780.0
601326.SH,20260508,66900,3.49,233481.0,3.49,0.00140618,0.333347,475756.0
601328.SH,20260508,586235,6.71,3933637.0,6.69,0.00224849,0.329668,2607240.0
601330.SH,20260508,179000,8.99,1609210.0,8.98,0.0180974,0.37196,98909.5
601333.SH,20260508,152000,3.16,480320.0,3.17,0.0026892,0.161785,565224.0
601336.SH,20260508,86700,65.06,5640702.0,65.39,0.0041574,0.334934,208544.0
601339.SH,20260508,190200,9.18,1746036.0,9.44,0.0126836,1.14148,149957.0
601360.SH,20260508,1928100,11.91,22963671.0,11.71,0.027546,1.74054,699956.0
601366.SH,20260508,188800,3.98,751424.0,3.97,0.019672,1.50164,95974.1
601368.SH,20260508,18400,5.05,92920.0,5.05,0.00208387,0.16353,88297.3
601369.SH,20260508,42900,9.35,401115.0,9.35,0.00251434,0.360355,170621.0
601375.SH,20260508,65000,4.07,264550.0,4.07,0.00188541,0.178434,344752.0
601377.SH,20260508,469800,6.07,2851686.0,6.1,0.00544003,0.448042,863599.0
601388.SH,20260508,351700,4.05,1424385.0,4.09,0.0159775,0.306605,220122.0
601390.SH,20260508,665000,5.1,3391500.0,5.11,0.00324726,0.411275,2047880.0
601398.SH,20260508,1387903,7.41,10284361.0,7.39,0.000514777,0.476253,26961200.0
601399.SH,20260508,332800,4.28,1424384.0,4.3,0.00461354,0.29032,721356.0
601456.SH,20260508,94414,9.6,906374.0,9.64,0.00215706,0.238846,437698.0
601500.SH,20260508,100800,4.66,469728.0,4.67,0.00636765,0.309132,158300.0
601512.SH,20260508,898600,11.41,10253026.0,10.37,0.059951,3.73472,149889.0
601515.SH,20260508,54800,4.52,247696.0,4.53,0.00284754,0.164281,192447.0
601518.SH,20260508,53100,2.91,154521.0,2.91,0.0028087,0.255221,189055.0
601519.SH,20260508,123900,10.9,1350510.0,10.98,0.00622876,0.351903,198916.0
601528.SH,20260508,113400,5.22,591948.0,5.22,0.00653807,0.639147,173446.0
601555.SH,20260508,93300,8.15,760395.0,8.17,0.00187775,0.143902,496870.0
601566.SH,20260508,8400,10.77,90468.0,10.82,0.00146179,0.139713,57463.7
601567.SH,20260508,61300,20.28,1243164.0,20.27,0.00436234,0.180394,140521.0
601568.SH,20260508,466600,3.81,1777746.0,3.8,0.0117466,1.58386,397222.0
601577.SH,20260508,19700,9.8,193060.0,9.8,0.000489966,0.0750628,402068.0
601579.SH,20260508,9800,17.99,176302.0,18.07,0.00204395,0.101605,47946.3
601588.SH,20260508,617200,2.03,1252916.0,2.01,0.023203,0.661991,266000.0
601595.SH,20260508,6600,23.72,156552.0,23.72,0.00147256,0.16473,44820.0
601598.SH,20260508,93800,5.99,561862.0,6.0,0.00181872,0.518705,515747.0
601599.SH,20260508,71800,3.68,264224.0,3.69,0.00618676,0.339278,116054.0
601600.SH,20260508,794200,11.82,9387444.0,11.94,0.00602883,0.331373,1317340.0
601601.SH,20260508,290300,37.32,10833996.0,37.31,0.00424103,0.563468,684504.0
601606.SH,20260508,97200,38.45,3737340.0,38.79,0.0134212,0.822668,72422.8
601607.SH,20260508,41100,17.19,706509.0,17.13,0.00147354,0.453183,278921.0
601608.SH,20260508,179100,6.1,1092510.0,6.11,0.00391086,0.461745,457955.0
601609.SH,20260508,43500,10.34,449790.0,10.4,0.00251643,0.206537,172864.0
601611.SH,20260508,357000,13.82,4933740.0,13.84,0.0118454,0.765952,301383.0
601615.SH,20260508,249400,15.94,3975436.0,15.94,0.0110281,0.264563,226150.0
601616.SH,20260508,55600,4.78,265768.0,4.75,0.00651301,0.237874,85367.5
601618.SH,20260508,535800,2.96,1585968.0,2.97,0.00300124,0.534438,1785260.0
601619.SH,20260508,411000,5.98,2457780.0,6.04,0.016881,0.554535,243469.0
601628.SH,20260508,189300,37.3,7060890.0,37.44,0.000909068,0.396246,2082350.0
601633.SH,20260508,45600,19.87,906072.0,19.85,0.000734389,0.305687,620924.0
601636.SH,20260508,1185700,6.57,7790049.0,6.65,0.0400757,1.25174,295865.0
601658.SH,20260508,494000,5.04,2489760.0,5.04,0.000681118,0.360587,7252780.0
601665.SH,20260508,62000,6.32,391840.0,6.33,0.0010075,0.116157,615384.0
601666.SH,20260508,377300,8.3,3131590.0,8.2,0.0152792,0.859442,246936.0
601668.SH,20260508,1593700,4.91,7825067.0,4.91,0.00385693,0.776217,4132040.0
601669.SH,20260508,6293284,5.97,37570905.0,5.96,0.048145,2.44569,1307150.0
601677.SH,20260508,104500,17.45,1823525.0,17.58,0.00857959,0.290462,121801.0
601678.SH,20260508,277400,5.1,1414740.0,5.1,0.0135758,0.361304,204334.0
601686.SH,20260508,37500,5.59,209625.0,5.6,0.00254834,0.671001,147155.0
601688.SH,20260508,250800,19.24,4825392.0,19.33,0.00343244,0.213764,730676.0
601689.SH,20260508,388900,64.2,24967380.0,64.47,0.0223784,1.03742,173784.0
601696.SH,20260508,70900,12.46,883414.0,12.53,0.0025522,0.22032,277800.0
601698.SH,20260508,202200,37.6,7602720.0,37.83,0.0047865,0.325608,422439.0
601699.SH,20260508,57000,15.7,894900.0,15.72,0.00190546,0.120464,299141.0
601700.SH,20260508,28100,5.51,154831.0,5.52,0.0024676,0.106363,113876.0
601702.SH,20260508,15900,19.01,302259.0,19.09,0.00159234,0.182322,99853.1
601717.SH,20260508,25000,18.2,455000.0,18.25,0.0016211,0.0701983,154217.0
601718.SH,20260508,1208200,2.51,3032582.0,2.64,0.0277042,6.15371,436107.0
601727.SH,20260508,399300,8.12,3242316.0,8.15,0.00316512,0.356789,1261560.0
601728.SH,20260508,517100,5.98,3092258.0,5.99,0.000666111,0.434422,7762970.0
601766.SH,20260508,1503800,5.95,8947610.0,5.94,0.00618141,0.6179,2432780.0
601777.SH,20260508,166500,11.22,1868130.0,11.32,0.00368273,0.290338,452110.0
601778.SH,20260508,4623900,7.41,34263099.0,7.42,0.124017,0.748544,372844.0
601788.SH,20260508,253400,15.33,3884622.0,15.33,0.00648629,0.569248,390670.0
601789.SH,20260508,1713496,6.2,10623675.0,6.28,0.157665,0.951748,108680.0
601798.SH,20260508,33400,9.2,307280.0,9.14,0.00942097,0.439548,35452.8
601799.SH,20260508,8100,131.98,1069038.0,131.71,0.00283535,0.21935,28567.9
601800.SH,20260508,614900,6.93,4261257.0,6.94,0.00521821,1.14139,1178370.0
601801.SH,20260508,52500,6.08,319200.0,6.09,0.0026814,0.703903,195793.0
601808.SH,20260508,179200,14.53,2603776.0,14.43,0.0060531,0.75071,296047.0
601811.SH,20260508,19400,13.7,265780.0,13.7,0.00244979,0.636709,79190.4
601816.SH,20260508,956400,4.85,4638540.0,4.85,0.0019548,0.714219,4892570.0
601818.SH,20260508,1726700,3.12,5387304.0,3.12,0.00372079,1.06187,4640680.0
601825.SH,20260508,135600,8.77,1189212.0,8.76,0.00144649,0.463299,937444.0
601827.SH,20260508,6700,8.18,54806.0,8.19,0.000400734,0.0722473,167193.0
601828.SH,20260508,272040,2.62,712745.0,2.62,0.00753072,0.378608,361240.0
601838.SH,20260508,162524,18.95,3079830.0,18.93,0.00383453,0.637036,423844.0
601857.SH,20260508,1829900,11.33,20732767.0,11.27,0.00113011,0.952479,16192200.0
601858.SH,20260508,17800,24.93,443754.0,24.92,0.00225174,0.123773,79050.0
601860.SH,20260508,73800,2.68,197784.0,2.68,0.00207794,0.176926,355159.0
601865.SH,20260508,100000,13.62,1362000.0,13.67,0.00526032,0.397119,190103.0
601866.SH,20260508,401100,2.71,1086981.0,2.72,0.00411301,0.524339,975198.0
601868.SH,20260508,53405800,3.2,170898560.0,3.12,0.164687,8.85929,3242870.0
601869.SH,20260508,189910,373.38,70908596.0,389.2,0.0467369,1.15956,40633.8
601872.SH,20260508,1698700,18.09,30729483.0,18.43,0.0210377,1.01723,807454.0
601877.SH,20260508,128300,33.0,4233900.0,33.15,0.0059703,0.439172,214897.0
601878.SH,20260508,101100,9.83,993813.0,9.86,0.00221042,0.201433,457380.0
601880.SH,20260508,482000,1.65,795300.0,1.64,0.00261771,0.34696,1841310.0
601881.SH,20260508,191600,12.9,2471640.0,12.95,0.00264516,0.354363,724342.0
601882.SH,20260508,97300,22.17,2157141.0,22.31,0.0186398,1.19762,52200.0
601886.SH,20260508,100200,9.38,939876.0,9.45,0.00884376,0.777663,113300.0
601888.SH,20260508,145400,62.95,9152930.0,63.05,0.00744696,0.461788,195248.0
601890.SH,20260508,102300,10.89,1114047.0,10.93,0.0106629,0.184514,95940.0
601898.SH,20260508,114600,17.15,1965390.0,17.09,0.00125219,0.235427,915200.0
601899.SH,20260508,1937285,34.02,65906436.0,34.46,0.00940348,0.65184,2060180.0
601900.SH,20260508,57500,12.7,730250.0,12.73,0.0065195,0.53772,88197.0
601901.SH,20260508,160600,7.21,1157926.0,7.23,0.0019509,0.23122,823210.0
601908.SH,20260508,260400,4.06,1057224.0,4.1,0.0107844,0.34618,241460.0
601916.SH,20260508,452900,3.02,1367758.0,3.02,0.00210217,0.534723,2154440.0
601918.SH,20260508,145900,8.41,1227019.0,8.46,0.00563203,0.179476,259054.0
601919.SH,20260508,384000,14.08,5406720.0,14.07,0.00305824,0.362408,1255620.0
601921.SH,20260508,13700,7.6,104120.0,7.6,0.0006165,0.138854,222222.0
601928.SH,20260508,22800,9.51,216828.0,9.54,0.000895909,0.330737,254490.0
601929.SH,20260508,668300,3.03,2024949.0,3.04,0.0191502,0.790573,348979.0
601933.SH,20260508,409500,3.76,1539720.0,3.76,0.00451238,0.392221,907504.0
601939.SH,20260508,230500,9.72,2240460.0,9.71,0.00240263,0.216637,959366.0
601949.SH,20260508,27200,5.86,159392.0,5.86,0.0014286,0.274539,190397.0
601952.SH,20260508,99800,9.71,969058.0,9.72,0.00724238,0.3929,137800.0
601956.SH,20260508,30600,5.97,182682.0,5.97,0.00492265,0.406276,62161.7
601958.SH,20260508,86600,20.73,1795218.0,20.89,0.00268394,0.211487,322660.0
601963.SH,20260508,50500,10.45,527725.0,10.48,0.00248276,0.393941,203403.0
601965.SH,20260508,29300,15.72,460596.0,15.75,0.00293468,0.345534,99840.6
601966.SH,20260508,61883,13.17,814999.0,13.2,0.00422842,0.434428,146350.0
601968.SH,20260508,5400,5.12,27648.0,5.13,0.000423271,0.0371543,127578.0
601969.SH,20260508,142000,12.13,1722460.0,12.13,0.00719907,0.338721,197248.0
601975.SH,20260508,2628300,4.79,12589557.0,4.9,0.0561561,0.850953,468034.0
601985.SH,20260508,749000,9.06,6785940.0,9.06,0.00396647,0.506183,1888330.0
601988.SH,20260508,538400,5.7,3068880.0,5.69,0.00025545,0.249632,21076600.0
601990.SH,20260508,43300,7.3,316090.0,7.31,0.0011746,0.229549,368636.0
601991.SH,20260508,64846797,5.54,359251255.0,5.04,0.523123,23.2958,1239610.0
601992.SH,20260508,263700,1.67,440379.0,1.67,0.00316409,0.333842,833416.0
601995.SH,20260508,52600,34.38,1808388.0,34.42,0.00179919,0.25437,292354.0
601996.SH,20260508,3089700,3.0,9269100.0,3.08,0.275641,4.93775,112091.0
601997.SH,20260508,165900,5.95,987105.0,5.95,0.0045375,0.33138,365620.0
601998.SH,20260508,84000,8.29,696360.0,8.28,0.000206069,0.126612,4076300.0
601999.SH,20260508,44900,7.38,331362.0,7.35,0.00815008,0.519693,55091.5
603000.SH,20260508,276900,20.36,5637684.0,20.01,0.0250432,1.21999,110569.0
603001.SH,20260508,147800,9.55,1411490.0,9.36,0.0368597,0.899727,40098.0
603002.SH,20260508,729300,15.5,11304150.0,15.32,0.0643077,0.83673,113408.0
603004.SH,20260508,9900,21.11,208989.0,21.25,0.0168139,0.481012,5888.0
603005.SH,20260508,261500,32.0,8368000.0,32.41,0.0400968,0.627913,65217.2
603006.SH,20260508,15800,13.87,219146.0,13.94,0.00621425,0.344021,25425.4
603007.SH,20260508,303000,6.28,1902840.0,6.25,0.0435915,1.02797,69508.9
603008.SH,20260508,564500,8.84,4990180.0,9.31,0.153275,127.346,36829.2
603009.SH,20260508,86300,48.91,4220933.0,49.2,0.0255017,1.09359,33840.9
603010.SH,20260508,24200,13.83,334686.0,13.83,0.00413654,0.159265,58503.0
603011.SH,20260508,47000,21.45,1008150.0,21.46,0.00950619,0.339491,49441.4
603012.SH,20260508,77100,8.68,669228.0,8.68,0.0119258,0.507236,64650.0
603013.SH,20260508,15900,20.99,333741.0,21.03,0.00312857,0.176051,50822.0
603014.SH,20260508,800,36.26,29008.0,36.26,0.00203214,0.0794394,3936.73
603015.SH,20260508,16400,12.1,198440.0,12.1,0.00405721,0.302691,40421.9
603016.SH,20260508,60200,55.34,3331468.0,55.72,0.0406317,0.880145,14816.0
603017.SH,20260508,406300,15.89,6456107.0,16.18,0.147109,1.15728,27619.0
603018.SH,20260508,31400,7.52,236128.0,7.54,0.00459201,0.360272,68379.6
603019.SH,20260508,374800,97.99,36726652.0,98.75,0.0256237,0.498532,146271.0
603020.SH,20260508,29000,11.31,327990.0,11.27,0.0077202,0.632528,37563.8
603021.SH,20260508,104200,7.07,736694.0,7.14,0.0325678,1.10671,31994.8
603022.SH,20260508,34800,11.5,400200.0,11.49,0.0174,0.509957,20000.0
603023.SH,20260508,67000,4.67,312890.0,4.65,0.0120046,0.420534,55811.7
603025.SH,20260508,44600,16.64,742144.0,16.7,0.00402101,0.303035,110917.0
603026.SH,20260508,169700,108.48,18409056.0,108.58,0.0729262,0.606502,23270.1
603027.SH,20260508,50500,8.9,449450.0,8.9,0.00404124,0.137535,124962.0
603028.SH,20260508,11000,8.75,96250.0,8.75,0.00387065,0.162511,28419.0
603029.SH,20260508,24300,19.8,481140.0,19.8,0.020026,0.857789,12134.2
603030.SH,20260508,1146500,2.9,3324850.0,2.87,0.0870583,1.62302,131693.0
603031.SH,20260508,268000,45.09,12084120.0,46.63,0.0852443,1.44501,31439.0
603032.SH,20260508,54400,23.92,1301248.0,24.18,0.0234824,0.353095,23166.3
603033.SH,20260508,16200,11.11,179982.0,11.2,0.00159995,0.200317,101253.0
603035.SH,20260508,11900,13.47,160293.0,13.46,0.00324829,0.232419,36634.7
603036.SH,20260508,6400,17.01,108864.0,17.13,0.00310671,0.145658,20600.6
603037.SH,20260508,14700,13.72,201684.0,13.73,0.0055233,0.227332,26614.5
603038.SH,20260508,15000,16.9,253500.0,16.92,0.00558291,0.223572,26867.7
603039.SH,20260508,204700,49.26,10083522.0,49.11,0.0798468,1.86585,25636.6
603040.SH,20260508,4700,81.01,380747.0,81.0,0.0034624,0.205852,13574.4
603041.SH,20260508,10900,14.1,153690.0,14.01,0.00595148,0.197316,18314.8
603042.SH,20260508,148900,20.99,3125411.0,21.31,0.0927207,1.30419,16059.0
603043.SH,20260508,10000,15.26,152600.0,15.3,0.00177319,0.195092,56395.6
603045.SH,20260508,384580,62.14,23897801.0,56.49,0.283938,6.74202,13544.5
603048.SH,20260508,7100,23.03,163513.0,23.29,0.00483388,0.214298,14688.0
603049.SH,20260508,17600,48.4,851840.0,48.52,0.0201261,0.643611,8744.86
603050.SH,20260508,168300,23.9,4022370.0,24.34,0.0417287,1.17395,40331.9
603051.SH,20260508,16900,23.83,402727.0,23.76,0.0104558,0.275111,16163.3
603052.SH,20260508,89700,83.44,7484568.0,85.69,0.0477389,1.34356,18789.7
603053.SH,20260508,12400,9.65,119660.0,9.63,0.001395,0.435054,88889.0
603055.SH,20260508,13800,9.14,126132.0,9.14,0.00155572,0.175967,88705.0
603057.SH,20260508,11900,29.4,349860.0,28.77,0.00288835,0.332268,41200.0
603058.SH,20260508,10100,11.85,119685.0,11.85,0.00244175,0.0665077,41363.7
603059.SH,20260508,4000,34.41,137640.0,34.58,0.00398213,0.218347,10044.9
603060.SH,20260508,296200,6.98,2067476.0,6.96,0.0368426,0.908888,80396.1
603061.SH,20260508,12075,262.01,3163771.0,266.29,0.0138793,0.356014,8700.0
603062.SH,20260508,4000,56.43,225720.0,56.54,0.0107895,0.188257,3707.31
603063.SH,20260508,288100,50.58,14572098.0,50.75,0.0626932,0.753276,45953.9
603065.SH,20260508,48400,8.25,399300.0,8.31,0.0115522,0.701787,41896.8
603066.SH,20260508,264000,12.01,3170640.0,11.85,0.089741,1.60194,29418.0
603067.SH,20260508,268600,40.27,10816522.0,40.7,0.0355514,0.624744,75552.5
603068.SH,20260508,16300,36.2,590060.0,36.56,0.0107387,0.34326,15178.7
603069.SH,20260508,22900,17.15,392735.0,17.07,0.00724684,0.508741,31600.0
603070.SH,20260508,9200,13.84,127328.0,13.8,0.00229426,0.173763,40100.0
603071.SH,20260508,18600,14.18,263748.0,14.17,0.00333361,0.491192,55795.4
603072.SH,20260508,7500,38.15,286125.0,38.15,0.00594154,0.201993,12623.0
603073.SH,20260508,17700,20.95,370815.0,20.95,0.034779,0.598411,5089.28
603075.SH,20260508,2800,24.45,68460.0,24.5,0.00678869,0.141019,4124.51
603076.SH,20260508,37900,32.6,1235540.0,32.6,0.0313998,0.60609,12070.1
603077.SH,20260508,665000,2.88,1915200.0,2.9,0.0075297,0.237856,883170.0
603078.SH,20260508,202700,26.88,5448576.0,27.34,0.0525623,0.717543,38563.7
603079.SH,20260508,10700,15.91,170237.0,15.9,0.00566049,0.242585,18903.0
603080.SH,20260508,25100,21.6,542160.0,21.58,0.0177385,0.957112,14150.0
603081.SH,20260508,23200,12.13,281416.0,12.11,0.00549114,0.361075,42249.9
603082.SH,20260508,19100,34.75,663725.0,34.8,0.0470943,1.28511,4055.69
603083.SH,20260508,316600,179.0,56671400.0,184.07,0.114881,0.910544,27558.8
603085.SH,20260508,115100,13.17,1515867.0,13.28,0.0289851,0.763818,39710.0
603086.SH,20260508,9300,7.33,68169.0,7.32,0.00213885,0.202549,43481.3
603087.SH,20260508,16100,59.95,965195.0,59.98,0.00288604,0.277743,55785.9
603088.SH,20260508,73200,12.79,936228.0,12.77,0.0167172,0.327445,43787.2
603089.SH,20260508,12300,11.62,142926.0,11.62,0.00512429,0.34609,24003.3
603090.SH,20260508,28100,67.8,1905180.0,68.19,0.0281,0.471582,10000.0
603091.SH,20260508,800,83.44,66752.0,83.02,0.0025444,0.12237,3144.16
603092.SH,20260508,16669,74.67,1244674.0,74.84,0.0482158,0.585843,3457.17
603093.SH,20260508,34800,21.08,733584.0,21.27,0.0057043,0.488155,61006.6
603095.SH,20260508,1093680,25.36,27735725.0,26.6,0.423465,5.54793,25826.9
603096.SH,20260508,34200,18.76,641592.0,18.43,0.022174,1.50498,15423.5
603097.SH,20260508,7900,27.87,220173.0,27.86,0.00492263,0.192555,16048.3
603098.SH,20260508,12300,13.91,171093.0,13.91,0.00228285,0.141627,53880.0
603099.SH,20260508,33500,35.17,1178195.0,35.27,0.0123001,0.585774,27235.6
603100.SH,20260508,40400,20.1,812040.0,20.22,0.00789773,0.477584,51153.9
603101.SH,20260508,189800,9.55,1812590.0,9.44,0.0403486,0.493586,47040.0
603102.SH,20260508,3500,41.35,144725.0,41.25,0.00546875,0.440291,6400.0
603103.SH,20260508,38400,21.21,814464.0,21.28,0.00605487,0.437202,63420.0
603105.SH,20260508,55000,10.14,557700.0,10.14,0.0109998,0.24069,50001.1
603106.SH,20260508,4600,9.02,41492.0,9.05,0.000883732,0.065413,52052.0
603107.SH,20260508,9400,14.45,135830.0,14.43,0.00430849,0.454234,21817.4
603108.SH,20260508,328700,14.08,4628096.0,13.74,0.0544473,2.40763,60370.3
603109.SH,20260508,16100,22.7,365470.0,22.9,0.00770894,0.291877,20884.8
603110.SH,20260508,228500,23.55,5381175.0,23.61,0.113554,0.672393,20122.7
603111.SH,20260508,7600,6.84,51984.0,6.85,0.0008911,0.100785,85287.9
603112.SH,20260508,37700,22.63,853151.0,22.62,0.00705192,0.294592,53460.7
603113.SH,20260508,337200,5.78,1949016.0,5.82,0.0397412,1.09599,84849.1
603115.SH,20260508,94200,62.53,5890326.0,63.73,0.0389433,1.11081,24189.0
603116.SH,20260508,302700,7.31,2212737.0,7.31,0.0525338,1.38678,57620.1
603117.SH,20260508,163500,4.92,804420.0,4.88,0.0272865,0.803225,59919.8
603118.SH,20260508,985100,15.33,15101583.0,15.33,0.125128,1.18819,78727.6
603119.SH,20260508,217271,89.0,19337119.0,88.42,0.106568,1.09074,20387.9
603120.SH,20260508,18300,41.69,762927.0,41.75,0.048285,1.20288,3790.0
603121.SH,20260508,39000,21.33,831870.0,21.48,0.0115203,0.610973,33853.4
603122.SH,20260508,81900,15.72,1287468.0,15.74,0.0205752,0.445175,39805.3
603123.SH,20260508,137900,11.77,1623083.0,11.93,0.0211414,0.580934,65227.6
603124.SH,20260508,23000,130.65,3004950.0,130.65,0.0296358,0.620217,7760.88
603125.SH,20260508,51400,23.0,1182200.0,23.28,0.0126965,0.339444,40483.6
603126.SH,20260508,57100,8.5,485350.0,8.6,0.00935299,0.400629,61050.0
603127.SH,20260508,116100,39.5,4585950.0,39.37,0.0184183,0.25336,63035.3
603128.SH,20260508,52800,5.67,299376.0,5.66,0.00403347,0.539438,130905.0
603129.SH,20260508,2700,267.16,721332.0,267.3,0.00175916,0.228871,15348.3
603130.SH,20260508,5600,47.07,263592.0,47.34,0.00407231,0.306456,13751.4
603131.SH,20260508,193400,23.87,4616458.0,24.33,0.0574045,0.922687,33690.7
603132.SH,20260508,6000,19.5,117000.0,19.5,0.000613497,0.0854618,97800.0
603135.SH,20260508,38300,12.73,487559.0,12.7,0.00608383,0.555663,62953.8
603136.SH,20260508,15100,10.5,158550.0,10.49,0.00558997,0.12495,27012.7
603137.SH,20260508,3200,13.94,44608.0,13.95,0.00174927,0.106784,18293.3
603138.SH,20260508,441900,21.4,9456660.0,20.2,0.153255,3.58763,28834.3
603139.SH,20260508,6000,37.16,222960.0,37.17,0.00600721,0.116656,9988.0
603150.SH,20260508,19300,62.88,1213584.0,65.07,0.0225776,0.904177,8548.3
603151.SH,20260508,9900,15.78,156222.0,15.77,0.00578566,0.372839,17111.3
603153.SH,20260508,49300,16.66,821338.0,16.73,0.0122096,0.831469,40378.0
603155.SH,20260508,43800,18.64,816432.0,18.82,0.0138701,0.542206,31578.7
603156.SH,20260508,269200,41.11,11066812.0,41.49,0.0213604,1.95592,126028.0
603158.SH,20260508,1399400,15.77,22068538.0,15.44,0.285144,4.79001,49077.0
603159.SH,20260508,2000,25.15,50300.0,25.1,0.00142857,0.13117,14000.0
603160.SH,20260508,27300,65.96,1800708.0,66.01,0.00586119,0.514827,46577.5
603161.SH,20260508,2984,14.87,44372.0,14.87,0.00156436,0.0876946,19074.9
603162.SH,20260508,321700,17.1,5501070.0,17.0,0.11511,1.42467,27947.2
603163.SH,20260508,13300,102.11,1358063.0,103.88,0.0133,0.544822,10000.0
603165.SH,20260508,37600,18.02,677552.0,18.07,0.0117337,0.357239,32044.5
603166.SH,20260508,23800,14.16,337008.0,14.18,0.0037146,0.363471,64071.6
603167.SH,20260508,12900,9.03,116487.0,9.04,0.00274969,0.129801,46914.4
603168.SH,20260508,17200,6.68,114896.0,6.68,0.00461728,0.220193,37251.4
603169.SH,20260508,81400,8.8,716320.0,8.82,0.00623138,0.411132,130629.0
603170.SH,20260508,5200,13.22,68744.0,13.21,0.00129997,0.102763,40001.0
603171.SH,20260508,102100,61.87,6316927.0,60.96,0.0251546,1.36749,40589.0
603172.SH,20260508,13700,21.67,296879.0,21.69,0.0273562,0.495424,5008.0
603173.SH,20260508,7500,39.42,295650.0,39.39,0.0046875,0.312433,16000.0
603175.SH,20260508,4100,103.0,422300.0,104.49,0.00901609,0.0791985,4547.42
603176.SH,20260508,17700,5.66,100182.0,5.65,0.00383269,0.272324,46181.6
603177.SH,20260508,19200,12.08,231936.0,12.14,0.00940291,0.308204,20419.2
603178.SH,20260508,280300,19.71,5524713.0,20.23,0.118564,0.92324,23641.2
603179.SH,20260508,571400,68.13,38929482.0,68.98,0.112008,2.02506,51014.2
603180.SH,20260508,8500,18.78,159630.0,18.78,0.00551028,0.526028,15425.7
603181.SH,20260508,23700,14.9,353130.0,15.03,0.00402582,0.311639,58870.0
603182.SH,20260508,34600,15.0,519000.0,14.84,0.021027,0.992229,16455.0
603183.SH,20260508,143900,4.9,705110.0,4.85,0.0289448,0.810413,49715.3
603185.SH,20260508,65100,21.85,1422435.0,21.91,0.00958732,0.277268,67902.2
603186.SH,20260508,82600,85.19,7036694.0,86.7,0.0526818,0.446565,15679.1
603187.SH,20260508,87100,14.78,1287338.0,14.78,0.0227795,0.957724,38236.2
603188.SH,20260508,47300,5.16,244068.0,5.18,0.00829577,0.219086,57017.0
603189.SH,20260508,26600,11.78,313348.0,11.7,0.00986836,0.136604,26954.8
603190.SH,20260508,25300,28.32,716496.0,28.33,0.0615338,0.4887,4111.56
603191.SH,20260508,44000,20.58,905520.0,20.71,0.0133348,0.435431,32996.5
603192.SH,20260508,1300,23.01,29913.0,23.0,0.000932525,0.0791969,13940.6
603193.SH,20260508,22800,26.06,594168.0,26.12,0.0220639,0.411119,10333.6
603194.SH,20260508,8400,35.39,297276.0,35.4,0.00531555,0.420303,15802.7
603195.SH,20260508,34700,44.48,1543456.0,44.52,0.00192707,0.334563,180066.0
603196.SH,20260508,6700,29.0,194300.0,28.89,0.00282714,0.0831812,23698.8
603197.SH,20260508,11500,34.93,401695.0,34.79,0.00544631,0.403444,21115.2
603198.SH,20260508,53900,38.02,2049278.0,38.26,0.0067375,0.664296,80000.0
603199.SH,20260508,2500,35.97,89925.0,35.9,0.00225876,0.0992733,11068.0
603200.SH,20260508,43700,62.9,2748730.0,63.44,0.0249031,0.653195,17548.0
603201.SH,20260508,15300,16.45,251685.0,16.44,0.00812297,0.556256,18835.5
603202.SH,20260508,3600,79.4,285840.0,79.54,0.00716938,0.294734,5021.36
603203.SH,20260508,61700,47.8,2949260.0,48.78,0.0247639,0.963485,24915.3
603205.SH,20260508,3260,25.9601,84630.0,25.86,0.00788582,0.126837,4134.0
603206.SH,20260508,87600,17.37,1521612.0,17.36,0.0287025,1.63909,30520.0
603207.SH,20260508,1900,26.16,49704.0,26.2,0.00349265,0.116783,5440.0
603208.SH,20260508,25800,13.72,353976.0,13.68,0.0146692,1.22149,17587.9
603209.SH,20260508,38400,14.95,574080.0,15.01,0.0119443,1.01373,32149.2
603210.SH,20260508,5000,16.55,82750.0,16.56,0.0021489,0.152345,23267.8
603211.SH,20260508,25000,27.59,689750.0,27.71,0.00919767,0.208547,27180.8
603212.SH,20260508,72100,14.15,1020215.0,14.27,0.0164804,0.371529,43749.1
603213.SH,20260508,10500,13.69,143745.0,13.69,0.00237571,0.400916,44197.2
603214.SH,20260508,13100,16.64,217984.0,16.56,0.00945575,0.356459,13854.0
603215.SH,20260508,38900,18.1,704090.0,18.23,0.0207768,0.342776,18722.8
603216.SH,20260508,24400,29.56,721264.0,29.83,0.0109569,1.16968,22269.0
603217.SH,20260508,16800,29.59,497112.0,29.83,0.00807352,0.314158,20808.8
603218.SH,20260508,48196,12.62,608234.0,12.61,0.00468816,0.228631,102804.0
603219.SH,20260508,21400,16.61,355454.0,16.83,0.0038119,0.282564,56140.0
603220.SH,20260508,677515,30.59,20725184.0,31.26,0.156016,1.26182,43426.1
603221.SH,20260508,38500,12.47,480095.0,12.46,0.0158914,0.592508,24227.0
603222.SH,20260508,30900,10.45,322905.0,10.42,0.0058847,0.127787,52509.1
603223.SH,20260508,31600,9.06,286296.0,9.05,0.00447705,0.399155,70582.2
603225.SH,20260508,35861,18.31,656615.0,18.25,0.00214924,0.141106,166855.0
603226.SH,20260508,81900,47.1,3857490.0,44.7,0.0230385,2.06238,35549.2
603227.SH,20260508,77900,8.74,680846.0,8.74,0.00726887,0.605162,107169.0
603228.SH,20260508,252400,73.0,18425200.0,74.23,0.0258671,0.557522,97575.6
603229.SH,20260508,40200,10.23,411246.0,10.23,0.00484164,0.293989,83029.7
603230.SH,20260508,5800,10.9,63220.0,10.87,0.00164063,0.211629,35352.3
603231.SH,20260508,7700,17.2,132440.0,17.19,0.00724597,0.245118,10626.6
603232.SH,20260508,71500,19.79,1414985.0,19.53,0.0309122,0.989362,23130.0
603233.SH,20260508,24000,18.48,443520.0,18.49,0.00210739,0.296344,113885.0
603235.SH,20260508,100,25.99,2599.0,25.94,2.28425e-05,0.0157669,43778.0
603236.SH,20260508,36000,74.0,2664000.0,74.39,0.0137584,0.586256,26165.8
603237.SH,20260508,4100,16.8,68880.0,16.85,0.00209171,0.232895,19601.2
603238.SH,20260508,20900,15.97,333773.0,15.86,0.0117741,0.618878,17750.9
603239.SH,20260508,56200,24.78,1392636.0,24.95,0.0207595,0.861796,27072.0
603248.SH,20260508,256400,29.5,7563800.0,29.74,0.369938,2.11141,6930.89
603255.SH,20260508,1600,31.0,49600.0,31.08,0.00263699,0.0713836,6067.52
603256.SH,20260508,254500,144.98,36897410.0,144.11,0.0289294,1.1105,87972.8
603257.SH,20260508,3900,62.49,243711.0,62.9,0.0156627,0.185005,2490.0
603258.SH,20260508,16700,16.86,281562.0,16.85,0.00691966,0.696204,24134.1
603259.SH,20260508,297800,110.01,32760978.0,111.28,0.0120407,0.46566,247328.0
603260.SH,20260508,68700,45.0,3091500.0,45.41,0.00581117,0.670437,118221.0
603261.SH,20260508,4000,35.58,142320.0,35.35,0.00516096,0.551953,7750.5
603262.SH,20260508,28100,26.24,737344.0,26.11,0.070236,2.95832,4000.8
603266.SH,20260508,10300,20.35,209605.0,20.42,0.00517883,0.351659,19888.7
603267.SH,20260508,29000,54.25,1573250.0,54.61,0.0125497,0.343397,23108.1
603268.SH,20260508,13200,149.99,1979868.0,149.55,0.00565917,0.144338,23325.0
603269.SH,20260508,330900,17.03,5635227.0,17.06,0.107173,1.49937,30875.2
603270.SH,20260508,10700,28.27,302489.0,28.21,0.0151308,0.191296,7071.67
603271.SH,20260508,11300,52.11,588843.0,52.43,0.0119481,0.267589,9457.6
603272.SH,20260508,316000,27.9,8816400.0,26.73,0.30494,4.73125,10362.7
603273.SH,20260508,3400,18.14,61676.0,18.14,0.0060651,0.176468,5605.84
603275.SH,20260508,7700,48.1,370370.0,48.45,0.0185382,0.15517,4153.6
603276.SH,20260508,2900,18.23,52867.0,18.25,0.00383383,0.0555161,7564.23
603277.SH,20260508,2900,13.27,38483.0,13.33,0.000475608,0.148517,60974.6
603278.SH,20260508,2005600,14.0,28078400.0,13.55,0.586846,8.09895,34175.9
603279.SH,20260508,20300,19.15,388745.0,19.15,0.00352202,0.130409,57637.3
603280.SH,20260508,8300,34.19,283777.0,34.27,0.00765636,0.661792,10840.7
603281.SH,20260508,115200,36.99,4261248.0,37.4,0.0308571,2.84119,37333.3
603282.SH,20260508,25500,18.62,474810.0,18.39,0.0190554,0.463335,13382.0
603283.SH,20260508,110900,54.83,6080647.0,55.95,0.0408962,0.600533,27117.4
603284.SH,20260508,4300,46.9,201670.0,46.9,0.0232767,0.203114,1847.34
603285.SH,20260508,27800,48.33,1343574.0,47.85,0.0446251,0.627653,6229.68
603286.SH,20260508,5800,68.0,394400.0,68.2,0.00501597,0.139448,11563.1
603288.SH,20260508,68000,38.68,2630240.0,38.73,0.00122289,0.353241,556060.0
603289.SH,20260508,526600,11.7,6161220.0,11.65,0.179487,3.87832,29339.2
603290.SH,20260508,21200,105.08,2227696.0,106.0,0.00885276,0.229186,23947.3
603291.SH,20260508,14700,11.73,172431.0,11.67,0.00347337,0.189738,42322.1
603293.SH,20260508,35066,51.98,1822731.0,51.79,0.0999131,0.71728,3509.65
603296.SH,20260508,161300,112.94,18217222.0,112.18,0.0282741,0.90317,57048.7
603297.SH,20260508,13500,125.2,1690200.0,125.63,0.0121919,0.600216,11072.9
603298.SH,20260508,53800,27.45,1476810.0,27.52,0.00410746,0.744594,130981.0
603299.SH,20260508,56800,10.53,598104.0,10.5,0.00727733,0.578011,78050.6
603300.SH,20260508,158300,6.85,1084355.0,6.88,0.00793653,0.262641,199457.0
603301.SH,20260508,3500,94.5,330750.0,93.51,0.00132638,0.211133,26387.6
603303.SH,20260508,14800,18.45,273060.0,18.42,0.00310309,0.358374,47694.5
603305.SH,20260508,301800,16.11,4861998.0,16.12,0.0261139,0.930626,115571.0
603306.SH,20260508,307078,108.78,33403945.0,108.69,0.0931965,1.54973,32949.5
603307.SH,20260508,3900,44.69,174291.0,44.66,0.0058209,0.361234,6700.0
603308.SH,20260508,105000,79.0,8295000.0,80.41,0.015463,0.510129,67904.1
603309.SH,20260508,44200,14.07,621894.0,14.0,0.0151437,1.03935,29187.1
603310.SH,20260508,3900,16.74,65286.0,16.67,0.00201021,0.207115,19401.0
603311.SH,20260508,31500,20.91,658665.0,21.0,0.013354,0.31776,23588.4
603312.SH,20260508,1100,40.56,44616.0,40.59,0.00216027,0.0721506,5091.95
603313.SH,20260508,151600,6.15,932340.0,6.14,0.0265691,0.76408,57058.7
603315.SH,20260508,317400,19.11,6065514.0,18.9,0.0990741,1.6797,32036.6
603316.SH,20260508,1427746,18.79,26827347.0,18.87,0.540273,4.32064,26426.4
603317.SH,20260508,142100,16.75,2380175.0,16.64,0.0133463,0.341818,106471.0
603318.SH,20260508,2730799,12.5,34134988.0,13.05,0.594853,2.23963,45907.1
603319.SH,20260508,135400,39.83,5392982.0,40.0,0.0399234,0.669658,33915.0
603320.SH,20260508,3500,23.5,82250.0,23.79,0.00234669,0.0725623,14914.6
603321.SH,20260508,19700,7.63,150311.0,7.63,0.00571736,0.330853,34456.4
603322.SH,20260508,122600,35.71,4378046.0,36.1,0.0777984,1.19959,15758.7
603323.SH,20260508,110200,4.92,542184.0,4.92,0.00545939,0.337656,201854.0
603324.SH,20260508,8300,26.19,217377.0,26.35,0.00562028,0.308629,14768.0
603325.SH,20260508,900,63.73,57357.0,63.72,0.00263287,0.102962,3418.32
603326.SH,20260508,44500,8.31,369795.0,8.4,0.0139421,0.628333,31917.7
603327.SH,20260508,252600,11.03,2786178.0,11.04,0.0241616,0.561132,104546.0
603328.SH,20260508,260200,12.69,3301938.0,12.71,0.0260606,0.543452,99844.3
603329.SH,20260508,60400,11.5,694600.0,11.43,0.029266,0.528496,20638.3
603330.SH,20260508,19000,7.21,136990.0,7.23,0.0043913,0.210018,43267.4
603331.SH,20260508,46600,14.51,676166.0,14.53,0.0230493,0.579711,20217.6
603332.SH,20260508,6100,14.18,86498.0,14.19,0.00281954,0.0860921,21634.7
603333.SH,20260508,27200,8.52,231744.0,8.52,0.00437631,0.132408,62152.8
603334.SH,20260508,4200,47.8,200760.0,47.93,0.0132006,0.231977,3181.67
603335.SH,20260508,478400,7.26,3473184.0,7.34,0.111738,1.12838,42814.5
603336.SH,20260508,145100,11.88,1723788.0,11.86,0.0238369,0.360211,60871.9
603337.SH,20260508,8100,40.79,330399.0,40.68,0.00170985,0.216294,47372.6
603338.SH,20260508,56800,56.16,3189888.0,56.53,0.0112176,0.532393,50634.8
603339.SH,20260508,12900,13.91,179439.0,13.91,0.00416881,0.381552,30944.1
603341.SH,20260508,30728,37.37,1148305.0,37.49,0.0115426,0.302414,26621.3
603344.SH,20260508,4400,28.7,126280.0,28.83,0.00814348,0.242611,5403.1
603345.SH,20260508,35300,103.99,3670847.0,104.26,0.0120357,0.394839,29329.4
603348.SH,20260508,3200,18.6,59520.0,18.59,0.00101756,0.120628,31447.7
603350.SH,20260508,2300,35.62,81926.0,35.84,0.00521252,0.192065,4412.45
603351.SH,20260508,400,27.46,10984.0,27.46,0.000295336,0.0315612,13543.9
603352.SH,20260508,5600,36.35,203560.0,36.3,0.0126063,0.336985,4442.24
603353.SH,20260508,66500,47.94,3188010.0,49.31,0.0390217,0.397217,17041.8
603355.SH,20260508,11700,32.57,381069.0,32.74,0.00204047,0.286219,57339.7
603356.SH,20260508,30800,18.92,582736.0,19.03,0.0230988,0.546578,13334.0
603357.SH,20260508,44100,7.51,331191.0,7.52,0.00793732,0.486255,55560.3
603358.SH,20260508,16500,33.58,554070.0,33.7,0.00362494,0.128674,45517.9
603359.SH,20260508,68500,3.71,254135.0,3.9,0.0153554,8.13153,44609.6
603360.SH,20260508,105400,21.2,2234480.0,21.2,0.0149245,0.34878,70622.4
603363.SH,20260508,150000,3.28,492000.0,3.28,0.00699912,0.262073,214313.0
603365.SH,20260508,40500,20.79,841995.0,20.79,0.0155888,0.659052,25980.2
603366.SH,20260508,57100,8.65,493915.0,8.66,0.00702295,0.525324,81304.8
603367.SH,20260508,30900,15.68,484512.0,15.68,0.0068249,0.502879,45275.4
603368.SH,20260508,26200,16.88,442256.0,16.86,0.00659598,0.69802,39721.1
603369.SH,20260508,67300,27.6,1857480.0,27.55,0.00539782,0.475724,124680.0
603370.SH,20260508,1000,42.98,42980.0,42.98,0.00285796,0.119008,3499.0
603373.SH,20260508,5900,40.05,236295.0,39.95,0.012987,0.569368,4543.01
603375.SH,20260508,65300,46.0,3003800.0,46.49,0.102382,1.1199,6378.09
603376.SH,20260508,2000,30.38,60760.0,30.39,0.00624984,0.130348,3200.08
603377.SH,20260508,153500,3.56,546460.0,3.59,0.0214559,3.36736,71542.2
603378.SH,20260508,52100,4.47,232887.0,4.7,0.012156,2.09891,42859.7
603379.SH,20260508,19000,63.4,1204600.0,63.7,0.00311231,0.192697,61047.9
603380.SH,20260508,1000,37.0,37000.0,37.14,0.000623281,0.0542214,16044.1
603381.SH,20260508,34600,24.34,842164.0,24.45,0.0243426,0.531388,14213.8
603382.SH,20260508,4900,26.3,128870.0,26.32,0.0135171,0.453172,3625.03
603383.SH,20260508,78300,33.5,2623050.0,33.21,0.0381251,1.27135,20537.6
603385.SH,20260508,68800,6.6,454080.0,6.6,0.0180736,1.17871,38066.5
603386.SH,20260508,25800,14.33,369714.0,14.31,0.00790629,0.235221,32632.3
603387.SH,20260508,47400,9.58,454092.0,9.6,0.00934628,0.263012,50715.4
603389.SH,20260508,32100,67.54,2168034.0,66.55,0.0122168,1.39162,26275.2
603390.SH,20260508,294900,13.91,4102059.0,14.19,0.0841336,1.04995,35051.4
603391.SH,20260508,7100,66.0,468600.0,65.66,0.0312088,0.501268,2275.0
603392.SH,20260508,238337,41.4,9867152.0,40.67,0.0188499,5.442,126439.0
603393.SH,20260508,41900,30.3,1269570.0,30.19,0.00990026,0.322286,42322.1
603395.SH,20260508,5200,27.4,142480.0,27.43,0.008,0.186181,6500.0
603396.SH,20260508,101200,36.71,3715052.0,36.71,0.0730541,2.22075,13852.7
603398.SH,20260508,1135100,14.41,16356791.0,13.72,0.26176,22.3946,43364.2
603399.SH,20260508,5171300,22.97,118784761.0,22.58,1.00945,8.65369,51229.1
603400.SH,20260508,18300,76.9,1407270.0,75.45,0.0915,1.06933,2000.0
603402.SH,20260508,5000,109.5,547500.0,109.5,0.0258621,0.291325,1933.33
603406.SH,20260508,600,33.95,20370.0,33.97,0.00163655,0.0713785,3666.25
603408.SH,20260508,1700,11.8,20060.0,11.76,0.000379826,0.0763713,44757.3
603409.SH,20260508,4600,44.1,202860.0,44.06,0.0127197,0.193494,3616.43
603416.SH,20260508,12100,58.4,706640.0,58.72,0.00868972,0.394172,13924.5
603418.SH,20260508,71400,55.6,3969840.0,55.68,0.172611,2.43338,4136.46
603421.SH,20260508,56700,8.55,484785.0,8.6,0.00869378,0.378597,65219.1
603429.SH,20260508,1900,9.71,18449.0,9.71,0.00036226,0.0331056,52448.5
603439.SH,20260508,22800,11.1,253080.0,11.02,0.0056458,0.783279,40384.0
603444.SH,20260508,5200,397.3,2065960.0,398.91,0.0072181,0.207857,7204.11
603456.SH,20260508,59800,13.65,816270.0,13.64,0.00672329,0.304241,88944.6
603458.SH,20260508,34800,12.67,440916.0,12.67,0.0113679,0.20124,30612.5
603459.SH,20260508,991100,75.0,74332500.0,73.68,1.25373,4.36202,7905.19
603466.SH,20260508,173200,10.02,1735464.0,10.02,0.0291182,0.707246,59481.8
603477.SH,20260508,84400,18.88,1593472.0,18.93,0.0165467,0.455359,51007.0
603486.SH,20260508,69300,66.91,4636863.0,66.48,0.0120868,0.596734,57335.2
603488.SH,20260508,144900,12.28,1779372.0,12.42,0.0496249,0.768904,29199.0
603489.SH,20260508,19600,38.24,749504.0,38.23,0.00835401,0.240736,23461.8
603496.SH,20260508,272311,31.8,8659490.0,31.74,0.0850416,1.06107,32020.9
603499.SH,20260508,5500,20.79,114345.0,20.86,0.00181761,0.111061,30259.4
603500.SH,20260508,15800,10.34,163372.0,10.37,0.00475032,0.288701,33260.9
603501.SH,20260508,101700,99.31,10099827.0,100.26,0.00840213,0.244462,121041.0
603505.SH,20260508,21200,18.6,394320.0,18.67,0.00251881,0.109753,84166.9
603506.SH,20260508,20500,13.35,273675.0,13.34,0.0109172,0.491447,18777.8
603507.SH,20260508,69700,47.27,3294719.0,47.26,0.0383447,0.486807,18177.2
603508.SH,20260508,11900,26.59,316421.0,26.58,0.00312111,0.11113,38127.4
603511.SH,20260508,2100,14.62,30702.0,14.64,0.000522535,0.109358,40188.7
603515.SH,20260508,11200,20.87,233744.0,20.95,0.00152106,0.401155,73632.8
603516.SH,20260508,81300,143.1,11634030.0,143.0,0.0399964,0.677149,20326.8
603517.SH,20260508,13100,12.06,157986.0,12.06,0.00216171,0.229908,60600.2
603518.SH,20260508,30200,9.75,294450.0,9.75,0.00877718,0.22598,34407.4
603519.SH,20260508,17500,14.6,255500.0,14.53,0.00657085,0.330557,26632.8
603520.SH,20260508,909400,11.76,10694544.0,12.11,0.207431,2.23604,43841.0
603527.SH,20260508,122600,13.32,1633032.0,13.49,0.0386786,0.51756,31697.1
603528.SH,20260508,18400,7.92,145728.0,7.97,0.00260649,0.156139,70593.0
603529.SH,20260508,41400,23.2,960480.0,23.19,0.00488461,0.406641,84756.0
603530.SH,20260508,18400,64.52,1187168.0,64.31,0.00430445,0.321805,42746.5
603533.SH,20260508,279100,27.23,7599893.0,27.28,0.0635913,1.32506,43889.7
603535.SH,20260508,38100,8.0,304800.0,8.01,0.00745716,0.719493,51091.8
603536.SH,20260508,25180,10.41,262124.0,10.41,0.0104685,0.340178,24053.2
603538.SH,20260508,1767271,61.0,107803531.0,61.65,0.7605,2.84563,23238.3
603551.SH,20260508,25000,12.0,300000.0,12.0,0.00658096,0.60676,37988.4
603556.SH,20260508,13200,29.45,388740.0,29.65,0.00271457,0.237535,48626.4
603557.SH,20260508,773499,4.75,3674120.0,4.69,0.12407,4.80151,62343.7
603558.SH,20260508,65700,13.24,869868.0,13.36,0.0191748,0.981672,34263.8
603559.SH,20260508,220700,8.46,1867122.0,8.36,0.0549994,2.57679,40127.7
603565.SH,20260508,37100,11.24,417004.0,11.23,0.00176661,0.219794,210006.0
603566.SH,20260508,4700,11.63,54661.0,11.67,0.00135814,0.0796951,34606.2
603567.SH,20260508,102500,7.16,733900.0,7.09,0.0109112,0.480904,93940.3
603568.SH,20260508,18900,21.1,398790.0,21.53,0.00110718,0.186983,170704.0
603569.SH,20260508,17900,6.64,118856.0,6.66,0.002966,0.327955,60350.7
603577.SH,20260508,1000,11.3,11300.0,11.32,0.000294864,0.0171605,33913.9
603578.SH,20260508,65700,13.28,872496.0,13.49,0.0364277,1.73564,18035.7
603579.SH,20260508,25800,22.62,583596.0,22.7,0.0128325,0.252193,20105.2
603580.SH,20260508,69500,23.94,1663830.0,23.38,0.0531861,3.62618,13067.3
603583.SH,20260508,13300,28.38,377454.0,28.52,0.00347943,0.128961,38224.7
603585.SH,20260508,12000,19.15,229800.0,19.19,0.00626662,0.178709,19149.1
603586.SH,20260508,147400,17.32,2552968.0,17.38,0.0751838,2.74045,19605.3
603587.SH,20260508,14500,13.2,191400.0,13.17,0.00305847,0.433995,47409.3
603588.SH,20260508,250400,15.25,3818600.0,15.34,0.0164387,0.476843,152323.0
603589.SH,20260508,18500,23.39,432715.0,23.44,0.00309303,0.456194,59811.9
603590.SH,20260508,8500,35.49,301665.0,35.09,0.00537215,0.260783,15822.3
603595.SH,20260508,6100,18.19,110959.0,18.16,0.00262431,0.135788,23244.2
603596.SH,20260508,37500,47.45,1779375.0,47.5,0.00618288,0.294095,60651.3
603598.SH,20260508,1737300,26.41,45882093.0,24.02,0.644918,11.9034,26938.3
603599.SH,20260508,209900,12.97,2722403.0,12.99,0.0230591,0.729004,91026.9
603600.SH,20260508,27900,12.26,342054.0,12.26,0.00929882,0.3423,30003.8
603601.SH,20260508,1681203,17.0,28580451.0,17.32,0.147172,0.665158,114234.0
603602.SH,20260508,27300,13.5,368550.0,13.55,0.0118152,0.403416,23105.8
603605.SH,20260508,5700,61.55,350835.0,61.6,0.00143948,0.179921,39597.6
603606.SH,20260508,84700,62.7,5310690.0,62.99,0.0123161,0.601957,68771.5
603607.SH,20260508,20100,24.15,485415.0,24.2,0.0112594,0.535977,17851.7
603608.SH,20260508,16200,12.64,204768.0,12.77,0.00385957,0.0991891,41973.6
603609.SH,20260508,16000,6.98,111680.0,6.97,0.00176155,0.381092,90829.1
603610.SH,20260508,7200,16.43,118296.0,16.5,0.00203971,0.092355,35299.2
603611.SH,20260508,90600,20.0,1812000.0,20.03,0.0351707,1.63421,25760.1
603612.SH,20260508,53900,25.0,1347500.0,25.21,0.010821,0.431924,49810.4
603613.SH,20260508,12900,28.25,364425.0,28.41,0.00179033,0.0908793,72053.8
603615.SH,20260508,4400,21.36,93984.0,21.36,0.00181954,0.0948006,24182.0
603616.SH,20260508,234400,6.49,1521256.0,6.49,0.0609951,1.08054,38429.3
603617.SH,20260508,88000,7.77,683760.0,7.74,0.0229381,1.37726,38364.1
603618.SH,20260508,2275903,34.48,78473135.0,34.2,0.329185,3.80328,69137.6
603619.SH,20260508,186500,29.48,5498020.0,29.21,0.0403384,0.691248,46233.8
603626.SH,20260508,316600,26.9,8516540.0,27.13,0.0570574,0.660234,55488.0
603628.SH,20260508,15200,12.76,193952.0,12.78,0.0055847,0.203065,27217.2
603629.SH,20260508,1167300,153.01,178608573.0,158.28,0.452388,4.20469,25803.1
603630.SH,20260508,7100,16.55,117505.0,16.62,0.00315269,0.12651,22520.5
603633.SH,20260508,46100,8.49,391389.0,8.49,0.010801,0.42855,42681.1
603636.SH,20260508,4068884,11.11,45205301.0,10.1,0.701096,29.1067,58036.1
603637.SH,20260508,35300,17.05,601865.0,17.16,0.0147893,0.296373,23868.6
603638.SH,20260508,54700,24.8,1356560.0,24.83,0.00658173,0.528117,83108.9
603639.SH,20260508,11900,12.4,147560.0,12.39,0.00350125,0.20064,33987.8
603648.SH,20260508,20900,10.13,211717.0,10.13,0.0057669,0.601827,36241.3
603650.SH,20260508,81800,56.1,4588980.0,57.02,0.0133122,0.571921,61447.3
603655.SH,20260508,22200,42.95,953490.0,43.0,0.0209434,0.592594,10600.0
603656.SH,20260508,2800,20.0,56000.0,20.09,0.00153051,0.113105,18294.5
603657.SH,20260508,11500,31.18,358570.0,31.17,0.00850654,0.191864,13519.0
603658.SH,20260508,8200,33.48,274536.0,33.53,0.00143501,0.459826,57142.5
603659.SH,20260508,169800,35.5,6027900.0,35.77,0.00794795,0.238621,213640.0
603660.SH,20260508,418600,13.36,5592496.0,13.29,0.0732468,0.890001,57149.3
603661.SH,20260508,3900,29.76,116064.0,29.76,0.0028044,0.170449,13906.7
603662.SH,20260508,39900,58.98,2353302.0,58.95,0.0142079,0.903747,28083.0
603663.SH,20260508,41700,46.0,1918200.0,45.89,0.00986236,0.532067,42282.0
603665.SH,20260508,3400,29.14,99076.0,29.25,0.00212277,0.0943063,16016.8
603666.SH,20260508,6500,29.08,189020.0,29.23,0.00316255,0.11754,20553.0
603667.SH,20260508,161400,71.32,11511048.0,71.06,0.0440739,0.869261,36620.3
603668.SH,20260508,14400,13.7,197280.0,13.7,0.00284699,0.173423,50579.7
603669.SH,20260508,105300,4.47,470691.0,4.45,0.0147825,0.660708,71233.0
603676.SH,20260508,6200,10.51,65162.0,10.46,0.00142476,0.288463,43516.1
603677.SH,20260508,10900,15.96,173964.0,15.96,0.00565937,0.576777,19260.1
603678.SH,20260508,16400,32.73,536772.0,32.87,0.00344852,0.111653,47556.7
603679.SH,20260508,17300,15.51,268323.0,15.51,0.00973626,0.271264,17768.6
603680.SH,20260508,39500,14.67,579465.0,14.77,0.00504007,0.355801,78371.9
603681.SH,20260508,21500,18.52,398180.0,18.6,0.00904342,0.220008,23774.2
603682.SH,20260508,117100,8.44,988324.0,8.41,0.0247831,0.484573,47250.0
603683.SH,20260508,28100,29.74,835694.0,29.75,0.00975121,0.229904,28816.9
603685.SH,20260508,8900,31.98,284622.0,32.3,0.00441762,0.203866,20146.6
603686.SH,20260508,179680,19.9,3575632.0,19.8,0.0432515,1.15539,41543.0
603687.SH,20260508,374500,17.09,6400205.0,17.2,0.068087,0.563029,55003.2
603688.SH,20260508,783800,63.32,49630216.0,63.32,0.144698,2.76884,54167.8
603689.SH,20260508,9400,8.35,78490.0,8.35,0.00179579,0.167719,52344.7
603690.SH,20260508,70000,25.62,1793400.0,25.85,0.0182785,0.407348,38296.4
603693.SH,20260508,94600,15.4,1456840.0,15.52,0.0106116,0.423677,89147.6
603696.SH,20260508,25000,15.96,399000.0,16.01,0.0106293,0.433355,23520.0
603697.SH,20260508,8600,10.39,89354.0,10.36,0.00201079,0.0996472,42769.2
603698.SH,20260508,162800,43.8,7130640.0,44.26,0.0303737,0.440296,53599.0
603699.SH,20260508,76100,64.3,4893230.0,66.31,0.0100377,0.793046,75814.3
603700.SH,20260508,9400,12.73,119662.0,12.74,0.00470089,0.190421,19996.2
603701.SH,20260508,54500,26.03,1418635.0,25.85,0.0208523,0.843227,26136.2
603703.SH,20260508,145700,14.4,2098080.0,14.31,0.0351099,1.31484,41498.2
603706.SH,20260508,14100,22.12,311892.0,22.15,0.00744524,0.519357,18938.3
603707.SH,20260508,51800,9.1,471380.0,9.1,0.00320615,0.414335,161564.0
603708.SH,20260508,40300,10.55,425165.0,10.55,0.00631326,0.834439,63833.9
603709.SH,20260508,21400,18.97,405958.0,18.97,0.017105,0.352481,12510.9
603711.SH,20260508,44600,14.15,631090.0,14.13,0.0108023,0.381771,41287.4
603712.SH,20260508,25800,16.09,415122.0,16.14,0.00334197,0.288343,77200.0
603713.SH,20260508,6100,57.23,349103.0,57.61,0.00385764,0.470296,15812.8
603716.SH,20260508,58600,21.9,1283340.0,21.65,0.0259532,0.734971,22579.1
603717.SH,20260508,163100,7.61,1241191.0,7.53,0.056213,0.928005,29014.6
603718.SH,20260508,1147500,3.6,4131000.0,3.53,0.176816,3.90303,64898.0
603719.SH,20260508,8700,11.06,96222.0,11.06,0.00216958,0.0919192,40100.0
603721.SH,20260508,66000,25.13,1658580.0,25.1,0.0507692,1.61233,13000.0
603722.SH,20260508,36900,39.19,1446111.0,39.75,0.0385579,2.76784,9570.01
603725.SH,20260508,13300,9.96,132468.0,9.99,0.00463968,0.181837,28665.8
603726.SH,20260508,79700,26.0,2072200.0,26.06,0.0431496,0.851835,18470.6
603727.SH,20260508,10100,17.92,180992.0,17.8,0.00358513,0.205508,28171.9
603728.SH,20260508,47800,61.35,2932530.0,61.34,0.0114113,0.790841,41888.2
603729.SH,20260508,1288900,14.03,18083267.0,14.77,1.39847,152.727,9216.51
603730.SH,20260508,113800,11.15,1268870.0,11.14,0.00529651,0.442234,214859.0
603733.SH,20260508,20000,22.28,445600.0,22.2,0.00282596,0.517912,70772.4
603737.SH,20260508,5900,45.2,266680.0,45.48,0.000799656,0.0996413,73781.8
603738.SH,20260508,3524774,47.01,165699626.0,42.74,0.91342,6.82232,38588.8
603739.SH,20260508,1700,15.16,25772.0,15.14,0.00067186,0.0375084,25302.9
603755.SH,20260508,1800,29.29,52722.0,29.29,0.0018253,0.0978846,9861.37
603757.SH,20260508,35800,53.01,1897758.0,54.15,0.0191908,0.329741,18654.7
603758.SH,20260508,56600,12.3,696180.0,12.22,0.0128989,1.19731,43879.7
603759.SH,20260508,1800,9.16,16488.0,9.15,0.000389813,0.0394304,46176.0
603766.SH,20260508,6200,15.55,96410.0,15.57,0.000301917,0.0381302,205354.0
603767.SH,20260508,32100,20.11,645531.0,20.11,0.0104008,0.256835,30863.2
603768.SH,20260508,22200,12.04,267288.0,12.04,0.00932946,0.393783,23795.6
603773.SH,20260508,346000,66.3,22939800.0,68.6,0.154011,1.19112,22465.9
603776.SH,20260508,2400,19.79,47496.0,19.74,0.000854821,0.0486098,28076.1
603777.SH,20260508,232100,18.71,4342591.0,18.86,0.0694029,1.24105,33442.4
603778.SH,20260508,1495000,25.89,38705550.0,25.91,0.232556,2.10266,64285.7
603786.SH,20260508,11200,56.3,630560.0,56.35,0.00277326,0.310084,40385.7
603787.SH,20260508,20000,11.95,239000.0,11.95,0.00869022,0.412026,23014.4
603788.SH,20260508,62800,17.3,1086440.0,17.25,0.0281532,1.00536,22306.5
603789.SH,20260508,51600,5.87,302892.0,5.92,0.0198462,0.93054,26000.0
603790.SH,20260508,5700,24.92,142044.0,25.03,0.00297868,0.148454,19136.0
603797.SH,20260508,14100,4.89,68949.0,4.89,0.00244535,0.17473,57660.5
603798.SH,20260508,23400,17.29,404586.0,17.3,0.0091246,0.225531,25645.0
603799.SH,20260508,708200,67.44,47761008.0,68.2,0.0375184,0.755661,188761.0
603800.SH,20260508,15400,53.51,824054.0,53.91,0.00740385,0.162929,20800.0
603801.SH,20260508,18800,8.55,160740.0,8.53,0.00432829,0.48131,43435.1
603803.SH,20260508,1521900,16.2,24654780.0,16.27,0.358192,3.43248,42488.4
603806.SH,20260508,589100,18.81,11080971.0,18.93,0.0225817,1.13653,260874.0
603808.SH,20260508,55600,10.75,597700.0,10.77,0.0152859,0.415695,36373.3
603809.SH,20260508,46300,11.33,524579.0,11.35,0.00503103,0.407116,92028.9
603810.SH,20260508,20300,15.63,317289.0,15.63,0.0122777,0.599059,16534.1
603811.SH,20260508,33100,11.99,396869.0,11.94,0.0101129,0.577116,32730.4
603813.SH,20260508,61500,39.75,2444625.0,39.15,0.0585631,4.74222,10501.5
603815.SH,20260508,211900,7.65,1621035.0,7.72,0.0342368,0.656218,61892.4
603816.SH,20260508,41000,29.89,1225490.0,29.9,0.00504823,0.434616,81216.6
603817.SH,20260508,45600,7.43,338808.0,7.47,0.00799882,0.290378,57008.4
603818.SH,20260508,145100,3.78,548478.0,3.74,0.0211348,0.737084,68654.4
603819.SH,20260508,53900,15.05,811195.0,15.04,0.0247554,0.392829,21773.0
603822.SH,20260508,2700,73.39,198153.0,73.36,0.00351444,0.137489,7682.59
603823.SH,20260508,20100,17.71,355971.0,17.71,0.00482746,0.273351,41636.8
603825.SH,20260508,26400,8.53,225192.0,8.53,0.0104209,1.02903,25333.7
603826.SH,20260508,35700,33.9,1210230.0,33.54,0.00544872,0.319459,65520.0
603828.SH,20260508,742700,5.54,4114558.0,5.28,0.124627,11.2556,59594.0
603829.SH,20260508,5700,29.0,165300.0,29.02,0.00306014,0.0689397,18626.6
603833.SH,20260508,2500,46.35,115875.0,46.5,0.000410406,0.0765874,60915.3
603836.SH,20260508,9100,14.2,129220.0,14.12,0.00443394,0.270224,20523.5
603838.SH,20260508,6500,9.2,59800.0,9.24,0.00203115,0.349087,32001.6
603839.SH,20260508,37800,7.97,301266.0,7.96,0.00976703,0.623848,38701.6
603843.SH,20260508,847600,8.99,7619924.0,8.95,0.121151,3.92853,69962.3
603848.SH,20260508,8500,16.61,141185.0,16.58,0.00211229,0.314043,40240.7
603855.SH,20260508,16800,18.55,311640.0,18.48,0.00500697,0.416956,33553.2
603856.SH,20260508,3800,12.9,49020.0,12.93,0.00134725,0.057009,28205.6
603858.SH,20260508,17300,16.21,280433.0,16.16,0.00164048,0.302012,105457.0
603859.SH,20260508,52000,41.79,2173080.0,41.79,0.0212507,0.848329,24469.8
603860.SH,20260508,8000,32.7,261600.0,32.56,0.0119976,0.455305,6668.0
603861.SH,20260508,88800,17.04,1513152.0,17.03,0.0167995,0.603545,52858.6
603863.SH,20260508,15300,19.65,300645.0,19.78,0.00747618,0.197409,20465.0
603866.SH,20260508,38600,4.99,192614.0,4.98,0.00241292,0.331301,159972.0
603867.SH,20260508,13200,35.84,473088.0,35.78,0.00611999,0.197697,21568.7
603868.SH,20260508,2200,35.27,77594.0,35.27,0.000505051,0.0882123,43560.0
603869.SH,20260508,2600,10.23,26598.0,10.23,0.000526192,0.154951,49411.7
603871.SH,20260508,30600,12.79,391374.0,12.84,0.00223683,0.192982,136801.0
603876.SH,20260508,397000,31.1,12346700.0,31.32,0.0427218,0.709284,92926.7
603877.SH,20260508,5700,13.96,79572.0,13.97,0.00121451,0.256829,46932.4
603878.SH,20260508,15100,7.76,117176.0,7.77,0.00269096,0.117931,56113.8
603879.SH,20260508,42900,6.01,257829.0,6.03,0.0119384,0.394638,35934.4
603880.SH,20260508,89200,7.71,687732.0,7.71,0.0308606,0.764942,28904.2
603881.SH,20260508,253100,39.1,9896210.0,39.55,0.0352322,0.611209,71837.7
603882.SH,20260508,46800,27.81,1301508.0,27.78,0.0101709,0.818881,46013.5
603883.SH,20260508,24200,13.81,334202.0,13.83,0.00318887,0.329377,75889.0
603885.SH,20260508,182700,11.62,2122974.0,11.73,0.00836536,0.978079,218401.0
603886.SH,20260508,7000,12.13,84910.0,12.12,0.00291667,0.120002,24000.0
603887.SH,20260508,50900,15.82,805238.0,15.88,0.00855061,0.203488,59527.9
603888.SH,20260508,124400,21.12,2627328.0,20.98,0.0184368,1.16234,67473.8
603889.SH,20260508,53500,8.5,454750.0,8.54,0.00738215,0.365294,72472.1
603890.SH,20260508,263100,19.49,5127819.0,19.89,0.0588843,0.7365,44680.8
603893.SH,20260508,31700,178.9,5671130.0,181.06,0.0075319,0.311556,42087.7
603895.SH,20260508,65400,31.91,2086914.0,31.71,0.0605107,2.85231,10808.0
603896.SH,20260508,2600,17.27,44902.0,17.28,0.00131152,0.115005,19824.4
603897.SH,20260508,84000,56.86,4776240.0,55.87,0.0406906,0.785966,20643.6
603898.SH,20260508,5300,13.26,70278.0,13.26,0.00170229,0.118364,31134.5
603899.SH,20260508,5600,24.75,138600.0,24.82,0.000608054,0.144525,92097.0
603900.SH,20260508,102300,7.88,806124.0,7.85,0.0298491,0.767456,34272.4
603901.SH,20260508,58600,12.8,750080.0,12.83,0.0110755,0.336316,52909.7
603903.SH,20260508,34400,12.19,419336.0,12.17,0.0134733,0.349004,25531.9
603906.SH,20260508,797200,31.62,25207464.0,31.6,0.141078,1.07987,56507.9
603908.SH,20260508,4140,24.1,99774.0,24.08,0.00444554,0.177828,9312.7
603909.SH,20260508,9700,12.03,116691.0,12.01,0.00372114,0.176818,26067.3
603912.SH,20260508,95800,11.25,1077750.0,11.33,0.0176795,0.230526,54187.1
603915.SH,20260508,37800,16.47,622566.0,16.43,0.00575664,0.390528,65663.2
603916.SH,20260508,28000,11.95,334600.0,11.98,0.00666147,0.130837,42032.8
603917.SH,20260508,18400,12.66,232944.0,12.69,0.00902669,0.212223,20384.0
603918.SH,20260508,50800,13.8,701040.0,13.79,0.0139137,0.682251,36510.8
603919.SH,20260508,3700,17.65,65305.0,17.65,0.000729409,0.0866953,50726.0
603920.SH,20260508,259800,58.1,15094380.0,59.03,0.0360537,0.671825,72059.2
603922.SH,20260508,386100,17.06,6586866.0,17.96,0.215458,15.0404,17920.0
603926.SH,20260508,21100,22.2,468420.0,22.35,0.00914059,0.193014,23083.9
603927.SH,20260508,75400,16.9,1274260.0,16.89,0.00907297,0.733795,83104.0
603928.SH,20260508,14800,16.15,239020.0,16.18,0.00564713,0.313151,26208.0
603929.SH,20260508,45500,202.22,9201010.0,206.0,0.0213255,0.815749,21336.0
603931.SH,20260508,224936,43.75,9840950.0,44.07,0.112717,1.34797,19955.8
603933.SH,20260508,88600,25.92,2296512.0,26.18,0.0426896,0.526451,20754.5
603936.SH,20260508,1221080,17.96,21930597.0,17.99,0.1937,2.3207,63039.8
603937.SH,20260508,984300,16.94,16674042.0,17.16,0.471204,4.6099,20889.1
603938.SH,20260508,887255,33.17,29430248.0,32.63,0.231887,6.05717,38262.4
603939.SH,20260508,24700,22.33,551551.0,22.31,0.00203729,0.229816,121239.0
603948.SH,20260508,5900,27.35,161365.0,27.5,0.00363101,0.341094,16248.9
603949.SH,20260508,15600,18.15,283140.0,18.15,0.00742132,0.454952,21020.5
603950.SH,20260508,302900,66.2,20051980.0,63.8,0.0936012,3.18795,32360.7
603955.SH,20260508,73200,26.24,1920768.0,26.67,0.0539346,2.64955,13572.0
603956.SH,20260508,60600,5.9,357540.0,5.91,0.0106333,0.781623,56990.6
603958.SH,20260508,20500,23.21,475805.0,23.44,0.00934537,0.233231,21936.0
603959.SH,20260508,301600,4.69,1414504.0,4.61,0.0615135,1.09211,49029.9
603960.SH,20260508,20100,22.5,452250.0,22.69,0.00766597,0.206476,26219.8
603966.SH,20260508,24600,14.09,346614.0,14.1,0.00618522,0.249017,39772.2
603967.SH,20260508,67400,14.16,954384.0,14.29,0.0194423,0.785809,34666.7
603968.SH,20260508,7800,12.14,94692.0,12.18,0.00381455,0.138659,20448.0
603969.SH,20260508,234800,9.39,2204772.0,9.29,0.0276363,1.08741,84960.7
603970.SH,20260508,10900,13.09,142681.0,13.05,0.00405506,0.354205,26880.0
603976.SH,20260508,29600,21.57,638472.0,21.18,0.0195762,1.25402,15120.4
603977.SH,20260508,209300,14.4,3013920.0,14.56,0.0336906,1.12759,62124.2
603978.SH,20260508,335500,29.54,9910670.0,29.53,0.158934,1.55598,21109.4
603979.SH,20260508,23530,66.51,1564980.0,67.51,0.00377211,0.241309,62378.9
603980.SH,20260508,60100,6.47,388847.0,6.43,0.00887959,0.341084,67683.3
603982.SH,20260508,27000,7.57,204390.0,7.57,0.00795162,0.287024,33955.4
603983.SH,20260508,6800,25.5,173400.0,25.51,0.00169576,0.273478,40100.0
603985.SH,20260508,626800,28.6,17926480.0,29.1,0.142177,1.05415,44085.8
603986.SH,20260508,558639,341.0,190495899.0,350.16,0.083648,1.20271,66784.5
603987.SH,20260508,34200,8.35,285570.0,8.35,0.00782983,0.483821,43679.1
603988.SH,20260508,16200,25.6,414720.0,25.75,0.00688775,0.259564,23520.0
603989.SH,20260508,100400,21.08,2116432.0,21.23,0.0251768,0.889982,39878.0
603990.SH,20260508,39900,15.5,618450.0,15.49,0.0130272,0.238445,30628.3
603991.SH,20260508,13300,122.49,1629117.0,122.75,0.017844,0.470648,7453.5
603992.SH,20260508,7100,33.28,236288.0,33.28,0.00160256,0.176115,44304.2
603993.SH,20260508,1253000,19.6,24558800.0,19.86,0.00717606,0.490165,1746080.0
603995.SH,20260508,4000,19.62,78480.0,19.77,0.00109404,0.0634045,36561.8
603997.SH,20260508,629900,13.5,8503650.0,13.37,0.0495101,3.25732,127226.0
603998.SH,20260508,56700,11.01,624267.0,11.03,0.0129133,0.630558,43908.1
603999.SH,20260508,16300,6.81,111003.0,6.82,0.00282986,0.203616,57600.0
605001.SH,20260508,24100,7.44,179304.0,7.45,0.00613409,0.382028,39288.6
605003.SH,20260508,8300,28.83,239289.0,28.6,0.00754545,0.319919,11000.0
605005.SH,20260508,5700,18.98,108186.0,18.93,0.00142145,0.156063,40100.0
605006.SH,20260508,1540000,13.38,20605200.0,13.52,0.256646,2.58244,60004.8
605007.SH,20260508,12700,15.88,201676.0,15.9,0.00316272,0.21691,40155.3
605008.SH,20260508,1800,12.28,22104.0,12.25,0.000278654,0.0866418,64596.2
605009.SH,20260508,1000,28.79,28790.0,28.79,0.000465034,0.0863337,21503.8
605011.SH,20260508,36000,21.9,788400.0,21.82,0.00899775,0.555186,40010.0
605016.SH,20260508,8900,27.91,248399.0,27.91,0.00211899,0.141079,42001.2
605018.SH,20260508,14500,12.81,185745.0,12.89,0.00308467,0.239298,47006.6
605020.SH,20260508,74800,26.99,2018852.0,26.93,0.014873,0.707895,50292.4
605028.SH,20260508,10000,27.77,277700.0,27.77,0.00625,0.366233,16000.0
605033.SH,20260508,6200,23.2,143840.0,23.2,0.0045858,0.168188,13520.0
605050.SH,20260508,9100,12.6,114660.0,12.62,0.00184648,0.178882,49282.9
605055.SH,20260508,165700,12.24,2028168.0,12.4,0.0376591,2.01118,44000.0
605056.SH,20260508,14900,26.13,389337.0,26.1,0.00369367,0.17502,40339.3
605058.SH,20260508,28300,37.12,1050496.0,37.39,0.0198007,0.670534,14292.4
605060.SH,20260508,42300,64.0,2707200.0,64.15,0.0177032,0.380972,23894.0
605066.SH,20260508,42700,8.04,343308.0,8.03,0.00849864,0.298042,50243.3
605068.SH,20260508,3200,26.22,83904.0,26.2,0.00197289,0.103675,16219.8
605069.SH,20260508,68800,15.51,1067088.0,15.4,0.0324992,0.546364,21169.8
605077.SH,20260508,270600,18.4,4979040.0,18.23,0.0903718,1.59072,29943.0
605080.SH,20260508,9000,26.71,240390.0,26.71,0.00641249,0.317851,14035.1
605086.SH,20260508,3100,32.42,100502.0,32.34,0.00172991,0.150064,17920.0
605088.SH,20260508,1800,35.88,64584.0,35.99,0.000901283,0.0449391,19971.5
605089.SH,20260508,38500,24.73,952105.0,24.73,0.0278986,0.787288,13800.0
605090.SH,20260508,102900,43.84,4511136.0,43.84,0.0146514,0.247086,70232.2
605098.SH,20260508,14400,61.7,888480.0,61.2,0.0120754,0.649749,11925.1
605099.SH,20260508,112200,50.29,5642538.0,50.89,0.0279485,1.42249,40145.3
605100.SH,20260508,7600,49.13,373388.0,49.47,0.00447238,0.265209,16993.2
605108.SH,20260508,2100,15.49,32529.0,15.48,0.000807692,0.0468554,26000.0
605111.SH,20260508,76000,41.4,3146400.0,41.83,0.0182986,0.336254,41533.3
605116.SH,20260508,7100,23.14,164294.0,23.14,0.00174798,0.187547,40618.3
605117.SH,20260508,114700,152.33,17472251.0,154.34,0.0126136,0.795468,90933.3
605118.SH,20260508,11800,47.78,563804.0,48.42,0.00288601,0.180168,40886.9
605122.SH,20260508,25800,14.79,381582.0,14.75,0.0149692,0.385926,17235.4
605123.SH,20260508,35265,111.0,3914415.0,112.42,0.0291035,0.746167,12117.1
605128.SH,20260508,6900,34.15,235635.0,34.21,0.00326799,0.17728,21113.9
605133.SH,20260508,62600,36.3,2272380.0,36.3,0.0221893,0.560677,28211.8
605136.SH,20260508,126700,11.06,1401302.0,11.05,0.0316387,1.39609,40045.9
605138.SH,20260508,33900,7.79,264081.0,7.81,0.00610182,0.160175,55557.1
605151.SH,20260508,24100,22.2,535020.0,22.44,0.017911,0.584394,13455.4
605155.SH,20260508,58600,17.0,996200.0,17.01,0.0313657,1.38925,18682.8
605158.SH,20260508,1021100,9.02,9210322.0,9.04,0.19966,7.3842,51142.0
605162.SH,20260508,136660,11.85,1619421.0,11.87,0.0332625,0.931374,41085.3
605166.SH,20260508,8000,11.45,91600.0,11.47,0.00254184,0.0873904,31473.3
605167.SH,20260508,20500,18.84,386220.0,18.84,0.00456469,0.454028,44909.9
605168.SH,20260508,333400,52.96,17656864.0,52.27,0.158147,1.75896,21081.7
605169.SH,20260508,14600,11.95,174470.0,11.85,0.0051612,0.330987,28288.0
605177.SH,20260508,9200,20.53,188876.0,20.53,0.00809486,0.331746,11365.2
605178.SH,20260508,3900,67.73,264147.0,67.91,0.00393621,0.124523,9908.0
605179.SH,20260508,9900,16.72,165528.0,16.76,0.00246883,0.374943,40100.0
605180.SH,20260508,21200,15.87,336444.0,15.79,0.0125444,0.944954,16900.0
605183.SH,20260508,5600,17.2,96320.0,17.2,0.00135781,0.163658,41242.9
605186.SH,20260508,1300,19.83,25779.0,20.16,0.000955882,0.0474929,13600.0
605188.SH,20260508,18700,15.96,298452.0,15.83,0.00372244,0.286471,50235.9
605189.SH,20260508,33800,16.4,554320.0,16.5,0.0174157,0.314169,19407.8
605196.SH,20260508,20500,43.55,892775.0,43.99,0.0040597,0.199276,50496.3
605198.SH,20260508,10500,47.1,494550.0,47.41,0.00388118,0.519478,27053.6
605199.SH,20260508,18500,6.6,122100.0,6.58,0.00462374,0.452235,40010.9
605208.SH,20260508,24800,14.02,347696.0,14.14,0.00751652,0.184746,32994.0
605218.SH,20260508,144500,18.13,2619785.0,18.22,0.0678935,2.87097,21283.3
605222.SH,20260508,242300,35.0,8480500.0,35.3,0.058682,0.971814,41290.3
605228.SH,20260508,27600,15.09,416484.0,15.21,0.00578452,0.301805,47713.5
605255.SH,20260508,11400,102.74,1171236.0,103.16,0.00850239,0.647575,13408.0
605258.SH,20260508,155100,38.99,6047349.0,38.93,0.17625,3.95042,8800.0
605259.SH,20260508,37200,19.87,739164.0,19.76,0.0215677,1.13585,17248.0
605266.SH,20260508,11600,19.93,231188.0,19.93,0.00750601,0.380161,15454.3
605268.SH,20260508,104300,12.62,1316266.0,12.74,0.023675,0.533397,44055.0
605277.SH,20260508,22300,23.71,528733.0,23.9,0.00700961,0.325029,31813.5
605286.SH,20260508,8800,41.4,364320.0,41.81,0.0052381,0.346823,16800.0
605287.SH,20260508,51300,63.01,3232413.0,61.4,0.0366429,0.429236,14000.0
605288.SH,20260508,5100,85.05,433755.0,86.0,0.00726507,0.365944,7019.89
605289.SH,20260508,29300,150.23,4401739.0,151.0,0.0270451,0.408833,10833.8
605296.SH,20260508,4000,30.24,120960.0,30.28,0.000772224,0.114205,51798.4
605298.SH,20260508,2600,57.62,149812.0,57.95,0.00139597,0.1111,18625.1
605299.SH,20260508,547200,26.11,14287392.0,26.16,0.133716,1.29823,40922.7
605300.SH,20260508,19100,11.29,215639.0,11.23,0.00420336,0.532895,45439.9
605303.SH,20260508,137100,25.2,3454920.0,25.32,0.0850299,1.98532,16123.7
605305.SH,20260508,34200,47.81,1635102.0,48.25,0.0160926,0.374829,21252.0
605318.SH,20260508,9800,96.09,941682.0,96.33,0.00779454,0.316308,12572.9
605319.SH,20260508,4200,26.86,112812.0,26.87,0.00120637,0.0752113,34815.2
605333.SH,20260508,5300,24.28,128684.0,24.24,0.00114214,0.185716,46404.0
605336.SH,20260508,28800,17.23,496224.0,17.31,0.0157023,0.486967,18341.2
605337.SH,20260508,3600,10.69,38484.0,10.73,0.000922835,0.081824,39010.2
605338.SH,20260508,11500,22.7,261050.0,22.92,0.00480033,0.542369,23956.7
605339.SH,20260508,900,15.92,14328.0,15.95,0.000212119,0.0656528,42429.1
605358.SH,20260508,417000,45.48,18965160.0,45.44,0.0621111,1.19975,67137.8
605365.SH,20260508,47900,28.56,1368024.0,28.64,0.00954159,0.432732,50201.3
605366.SH,20260508,103300,13.29,1372857.0,13.43,0.0133105,0.401612,77607.8
605368.SH,20260508,16800,7.69,129192.0,7.68,0.00235085,0.452142,71463.6
605369.SH,20260508,28500,21.36,608760.0,21.33,0.0129256,0.628689,22049.3
605376.SH,20260508,57300,129.0,7391700.0,130.04,0.0219037,0.435978,26160.0
605377.SH,20260508,9600,9.67,92832.0,9.68,0.00172454,0.109289,55667.0
605378.SH,20260508,2400,20.11,48264.0,20.12,0.000918321,0.105884,26134.6
605388.SH,20260508,74500,7.14,531930.0,7.15,0.0124067,0.291983,60048.4
605389.SH,20260508,37800,126.75,4791150.0,126.78,0.0277397,0.904495,13626.7
605398.SH,20260508,15300,27.85,426105.0,27.85,0.00940286,0.716027,16271.6
605399.SH,20260508,38900,14.36,558604.0,14.37,0.0124869,0.786618,31152.7
605488.SH,20260508,38600,35.88,1384968.0,35.84,0.013975,0.536223,27620.7
605499.SH,20260508,18190,201.45,3664376.0,201.45,0.00349799,0.313018,52001.3
605500.SH,20260508,21900,9.26,202794.0,9.29,0.00528475,0.481981,41440.0
605507.SH,20260508,2500,23.56,58900.0,23.56,0.000447368,0.0750172,55882.4
605555.SH,20260508,58400,15.9,928560.0,15.83,0.0120644,0.936472,48406.9
605566.SH,20260508,10100,31.54,318554.0,31.57,0.00757462,0.339435,13334.0
605567.SH,20260508,18900,11.23,212247.0,11.17,0.00945,0.349016,20000.0
605577.SH,20260508,25600,11.89,304384.0,11.88,0.00576,0.38438,44444.4
605580.SH,20260508,10300,22.15,228145.0,22.11,0.00367857,0.294676,28000.0
605588.SH,20260508,4000,58.0,232000.0,58.42,0.00547199,0.21883,7309.96
605589.SH,20260508,295700,40.07,11848699.0,40.8,0.0350522,0.543361,84360.0
605598.SH,20260508,210700,54.18,11415726.0,54.2,0.0867018,3.66964,24301.7
605599.SH,20260508,26500,19.22,509330.0,19.29,0.00340714,0.245871,77777.8
688001.SH,20260508,495172,57.43,28437728.0,56.86,0.108307,2.30123,45719.2
688002.SH,20260508,18082,145.27,2626772.0,146.96,0.00388246,0.143695,46573.6
688003.SH,20260508,36708,79.0,2899932.0,80.17,0.0188904,0.83938,19432.1
688004.SH,20260508,13306,24.08,320408.0,24.07,0.0166142,0.657756,8008.8
688005.SH,20260508,175477,38.4,6738317.0,38.39,0.0245553,0.314319,71461.9
688006.SH,20260508,28876,33.57,969367.0,33.6,0.00478339,0.201063,60367.2
688007.SH,20260508,45051,15.35,691533.0,15.49,0.00980189,0.604278,45961.6
688008.SH,20260508,1019726,205.0,209043830.0,209.91,0.0889482,1.3454,114643.0
688009.SH,20260508,247855,5.08,1259103.0,5.08,0.00287501,0.555198,862102.0
688010.SH,20260508,5969,34.1,203543.0,34.52,0.00371758,0.131473,16056.2
688011.SH,20260508,3300,67.35,222255.0,67.35,0.00331117,0.195106,9966.25
688012.SH,20260508,105411,380.0,40056180.0,384.6,0.0168142,0.550893,62691.8
688013.SH,20260508,23923,35.65,852855.0,35.77,0.0294779,1.47029,8115.56
688015.SH,20260508,1100,22.19,24409.0,21.93,0.000582995,0.0300099,18868.1
688016.SH,20260508,7049,101.21,713429.0,101.32,0.00571871,0.302568,12326.2
688017.SH,20260508,51250,230.5,11813125.0,230.48,0.027955,0.725035,18333.0
688018.SH,20260508,23691,176.09,4171748.0,179.49,0.0141741,0.415728,16714.3
688019.SH,20260508,20806,261.62,5443266.0,266.01,0.0118895,0.283343,17499.4
688020.SH,20260508,39202,164.0,6429128.0,165.97,0.0475816,0.516798,8238.9
688021.SH,20260508,20712,28.23,584700.0,28.58,0.0271051,0.439756,7641.37
688022.SH,20260508,727540,10.5,7639170.0,10.47,0.413661,7.98269,17587.8
688023.SH,20260508,50871,46.53,2367028.0,46.01,0.0499791,1.25089,10178.4
688025.SH,20260508,30095,362.0,10894390.0,374.6,0.0316625,0.653437,9504.94
688026.SH,20260508,11341,16.44,186446.0,16.44,0.00808226,0.436722,14032.0
688027.SH,20260508,16584,590.99,9800978.0,595.89,0.0206334,0.745697,8037.44
688028.SH,20260508,33800,127.0,4292600.0,127.0,0.0223917,0.534813,15094.9
688029.SH,20260508,5154,83.72,431493.0,83.32,0.00274372,0.152588,18784.7
688030.SH,20260508,46046,17.16,790149.0,16.68,0.0255476,1.84097,18023.6
688031.SH,20260508,169079,158.0,26714482.0,150.41,0.139578,2.48654,12113.6
688032.SH,20260508,23523,114.27,2687973.0,115.57,0.0189589,1.07193,12407.4
688033.SH,20260508,218813,7.06,1544820.0,6.9,0.0389209,0.804882,56219.9
688035.SH,20260508,49046,77.22,3787332.0,79.0,0.0344812,0.564421,14224.0
688036.SH,20260508,32153,57.57,1851048.0,57.57,0.00279304,0.186486,115118.0
688037.SH,20260508,79253,232.0,18386696.0,238.09,0.0393067,0.665597,20162.7
688038.SH,20260508,7700,21.2,163240.0,21.24,0.00661663,0.216767,11637.3
688039.SH,20260508,11605,45.65,529768.0,45.45,0.0104926,0.506444,11060.1
688041.SH,20260508,437910,333.88,146209391.0,341.6,0.0188402,0.968529,232434.0
688045.SH,20260508,14317,62.74,898249.0,63.44,0.0202856,0.382561,7057.7
688046.SH,20260508,15364,21.13,324641.0,21.0,0.00374732,0.185617,41000.0
688047.SH,20260508,192386,179.1,34456333.0,183.46,0.0479766,1.11531,40100.0
688048.SH,20260508,190795,376.88,71906820.0,392.87,0.108234,1.14743,17628.0
688049.SH,20260508,15481,49.06,759498.0,49.37,0.00883782,0.20167,17516.8
688050.SH,20260508,12881,50.57,651392.0,50.61,0.00666018,0.595967,19340.3
688051.SH,20260508,8050,47.5501,382778.0,47.05,0.0104094,0.225919,7733.4
688052.SH,20260508,15045,198.0,2978910.0,200.17,0.0105558,0.323609,14252.8
688053.SH,20260508,15391,42.44,653194.0,42.15,0.015391,1.21501,10000.0
688055.SH,20260508,1142045,4.6,5253407.0,4.58,0.0342613,4.49182,333333.0
688056.SH,20260508,2336,36.1901,84540.0,36.18,0.00346318,0.219605,6745.25
688057.SH,20260508,49650,12.69,630059.0,12.69,0.0179891,3.43406,27600.0
688058.SH,20260508,9900,30.1,297990.0,30.11,0.0130544,0.664852,7583.65
688059.SH,20260508,34798,143.51,4993861.0,146.8,0.0371859,0.635511,9357.86
688060.SH,20260508,2600,48.06,124956.0,47.83,0.0043196,0.521998,6019.07
688061.SH,20260508,11134,36.4,405278.0,36.76,0.00969106,0.704003,11488.9
688062.SH,20260508,140442,35.3,4957603.0,35.58,0.0687868,1.67612,20417.0
688063.SH,20260508,17752,78.71,1397260.0,79.25,0.00723511,0.144096,24535.9
688065.SH,20260508,8540,47.76,407870.0,47.87,0.00146389,0.139883,58337.8
688066.SH,20260508,157394,12.17,1915485.0,12.0,0.06024,0.553497,26127.8
688067.SH,20260508,3774,28.7001,108314.0,28.85,0.00555,0.235482,6800.0
688068.SH,20260508,7808,112.8,880742.0,112.4,0.00842215,0.390036,9270.79
688069.SH,20260508,491418,53.1,26094296.0,56.16,0.434883,9.19283,11300.0
688070.SH,20260508,17634,45.99,810988.0,46.01,0.0199433,1.02442,8842.05
688071.SH,20260508,1200,33.88,40656.0,34.05,0.00141527,0.0655606,8478.97
688072.SH,20260508,28174,471.17,13274744.0,479.56,0.00996629,0.406191,28269.3
688073.SH,20260508,5708,61.2001,349330.0,61.11,0.00628061,0.213328,9088.29
688075.SH,20260508,0,,0.0,36.96,0.0,0.0,12708.3
688076.SH,20260508,7700,30.11,231847.0,29.95,0.00243631,0.428751,31605.2
688077.SH,20260508,11523,30.98,356983.0,31.18,0.0100656,0.328216,11447.9
688078.SH,20260508,3600,27.83,100188.0,27.81,0.00493875,0.285592,7289.3
688079.SH,20260508,107474,15.78,1695940.0,16.04,0.0265782,0.889225,40436.8
688080.SH,20260508,4490,45.6,204744.0,45.73,0.00609589,0.261086,7365.61
688081.SH,20260508,9917,54.97,545137.0,54.41,0.00962442,0.482954,10304.0
688082.SH,20260508,22898,158.73,3634600.0,160.35,0.00482082,0.332131,47498.1
688083.SH,20260508,18604,57.96,1078288.0,57.67,0.0109663,0.476014,16964.6
688084.SH,20260508,3200,69.3,221760.0,69.41,0.0042295,0.149075,7565.91
688085.SH,20260508,24904,18.33,456490.0,18.33,0.00781323,0.445999,31874.1
688087.SH,20260508,4020,46.2401,185885.0,46.49,0.00215844,0.0711488,18624.5
688088.SH,20260508,19911,43.89,873894.0,43.99,0.00496323,0.227283,40117.0
688089.SH,20260508,5618,15.71,88259.0,15.75,0.00333791,0.124232,16830.9
688090.SH,20260508,9250,84.5,781625.0,85.5,0.00755904,0.137178,12237.0
688091.SH,20260508,74587,61.86,4613952.0,60.59,0.036084,1.28829,20670.4
688092.SH,20260508,8084,29.75,240499.0,29.68,0.00977938,0.603604,8266.37
688093.SH,20260508,30981,32.59,1009671.0,32.45,0.0110495,1.00596,28038.3
688095.SH,20260508,36147,85.0,3072495.0,83.67,0.0395657,0.975047,9135.95
688096.SH,20260508,23757,8.50002,201935.0,8.48,0.0100646,0.366055,23604.5
688097.SH,20260508,42684,59.77,2551223.0,60.77,0.00959172,0.517415,44500.9
688098.SH,20260508,21415,8.88998,190379.0,8.9,0.00521498,0.604999,41064.4
688099.SH,20260508,74534,109.75,8180107.0,110.9,0.0176971,0.283033,42116.6
688100.SH,20260508,7662,37.81,289700.0,37.95,0.00155831,0.193741,49168.5
688101.SH,20260508,29815,21.54,642215.0,21.64,0.0089801,0.222659,33201.2
688102.SH,20260508,126279,43.53,5496925.0,43.97,0.0162397,0.468069,77759.4
688103.SH,20260508,3400,59.62,202708.0,59.52,0.0035671,0.161604,9531.56
688105.SH,20260508,0,,0.0,20.18,0.0,0.0,39773.5
688106.SH,20260508,277162,32.24,8935703.0,32.04,0.0517687,0.375731,53538.5
688107.SH,20260508,97024,36.85,3575334.0,36.96,0.0242046,0.643026,40084.9
688108.SH,20260508,36759,22.25,817888.0,22.19,0.00879503,0.287658,41795.2
688109.SH,20260508,11175,97.41,1088557.0,96.45,0.0141739,0.980864,7884.23
688110.SH,20260508,380544,152.01,57846493.0,155.43,0.0860473,1.23834,44225.0
688111.SH,20260508,216403,276.0,59727228.0,274.19,0.0467018,2.14777,46337.2
688112.SH,20260508,8686,62.5399,543222.0,63.17,0.00544246,0.205657,15959.7
688113.SH,20260508,11701,44.67,522684.0,45.03,0.0181699,0.527174,6439.76
688114.SH,20260508,14773,52.5,775583.0,52.66,0.00356547,0.331816,41433.5
688115.SH,20260508,9018,58.55,528004.0,58.74,0.0135263,0.419982,6667.0
688116.SH,20260508,7729,42.7,330028.0,43.0,0.00210868,0.0636258,36653.2
688117.SH,20260508,3890,37.3,145097.0,37.23,0.00247163,0.119473,15738.6
688118.SH,20260508,7473,28.95,216343.0,29.06,0.00800821,0.221641,9331.67
688119.SH,20260508,183987,5.21,958572.0,5.31,0.0163544,1.15052,112500.0
688120.SH,20260508,15481,198.0,3065238.0,200.63,0.00437747,0.193261,35365.2
688122.SH,20260508,80004,67.58,5406670.0,67.85,0.0123147,0.371449,64966.4
688123.SH,20260508,109976,131.94,14510233.0,134.8,0.0694859,0.640379,15827.1
688125.SH,20260508,400,217.11,86844.0,218.58,0.000489658,0.042689,8168.97
688126.SH,20260508,358108,22.3,7985808.0,22.54,0.0131095,0.444734,273166.0
688127.SH,20260508,28741,79.09,2273126.0,80.18,0.00708085,0.28409,40589.8
688128.SH,20260508,12572,26.89,338061.0,27.02,0.00310803,0.423501,40450.0
688129.SH,20260508,5174,29.6399,153357.0,29.5,0.00429453,0.250357,12047.9
688130.SH,20260508,8815,27.0,238005.0,27.15,0.0146222,0.202673,6028.51
688131.SH,20260508,16553,74.0,1224922.0,73.7,0.00780419,0.332287,21210.4
688132.SH,20260508,13798,18.3,252503.0,18.14,0.0090642,0.763239,15222.5
688133.SH,20260508,822,22.5,18495.0,22.54,0.000499888,0.0181155,16443.7
688135.SH,20260508,126178,38.11,4808644.0,38.8,0.0541295,0.64881,23310.4
688136.SH,20260508,28975,25.54,740022.0,25.54,0.014397,0.416986,20125.7
688137.SH,20260508,5721,50.76,290398.0,50.38,0.00815243,0.660358,7017.54
688138.SH,20260508,65495,32.9,2154786.0,33.14,0.0208053,0.82027,31480.0
688139.SH,20260508,8782,31.6399,277862.0,31.62,0.00277479,0.312271,31649.3
688141.SH,20260508,139927,95.0,13293065.0,96.45,0.0310727,0.585413,45032.2
688143.SH,20260508,252659,67.28,16998898.0,70.2,0.206464,2.55047,12237.4
688146.SH,20260508,117337,77.17,9054896.0,78.0,0.0809383,0.491297,14497.1
688147.SH,20260508,48818,79.0,3856622.0,81.18,0.0105859,0.381728,46115.9
688148.SH,20260508,42306,11.01,465789.0,11.12,0.00829248,0.117872,51017.3
688150.SH,20260508,121715,53.0,6450895.0,54.23,0.0302444,0.853174,40243.8
688151.SH,20260508,850,20.44,17374.0,20.48,0.000246734,0.034374,34450.0
688152.SH,20260508,9879,37.7,372438.0,37.85,0.00969498,0.675645,10189.8
688153.SH,20260508,15145,32.46,491607.0,32.73,0.00370077,0.189507,40924.0
688155.SH,20260508,47250,103.0,4866750.0,104.66,0.0373707,0.71192,12643.6
688156.SH,20260508,15725,26.55,417499.0,26.73,0.0156135,0.296007,10071.4
688157.SH,20260508,12100,35.6,430760.0,35.57,0.00773504,0.480402,15643.1
688158.SH,20260508,235559,51.88,12220801.0,52.76,0.0580947,0.504107,40547.4
688159.SH,20260508,22623,50.89,1151284.0,51.05,0.0243969,0.400468,9272.88
688160.SH,20260508,19325,117.2,2264890.0,116.8,0.0212755,0.775917,9083.22
688161.SH,20260508,347,29.2594,10153.0,29.41,8.675e-05,0.00889676,40000.0
688162.SH,20260508,9128,33.08,301954.0,33.08,0.00665788,0.406919,13710.1
688163.SH,20260508,18863,36.48,688122.0,36.0,0.0174302,0.807098,10822.0
688165.SH,20260508,39924,18.8,750571.0,18.94,0.0076515,0.357077,52178.0
688166.SH,20260508,34386,68.5,2355441.0,68.56,0.00812707,0.214588,42310.4
688167.SH,20260508,189340,430.0,81416200.0,422.35,0.210707,3.39044,8985.95
688168.SH,20260508,1133,86.9003,98458.0,86.9,0.0014679,0.0718197,7718.5
688169.SH,20260508,36254,118.85,4308788.0,118.1,0.0139919,0.630819,25910.6
688170.SH,20260508,54180,63.3,3429594.0,64.3,0.0524187,0.633125,10336.0
688171.SH,20260508,12333,56.53,697184.0,56.74,0.0147219,0.514875,8377.34
688172.SH,20260508,219210,47.68,10451933.0,48.86,0.0281695,0.884605,77818.1
688173.SH,20260508,318989,17.95,5725853.0,18.13,0.0777549,1.78318,41024.9
688175.SH,20260508,8144,36.4199,296604.0,36.78,0.0062977,0.417733,12931.7
688176.SH,20260508,86776,13.4,1162798.0,13.3,0.0199171,0.782346,43568.6
688177.SH,20260508,5488,20.3899,111900.0,20.4,0.00132535,0.172102,41408.0
688178.SH,20260508,5830,36.9901,215652.0,37.5,0.006859,0.187592,8499.78
688179.SH,20260508,132532,22.2,2942210.0,22.2,0.0366104,0.83113,36200.6
688180.SH,20260508,44956,40.55,1822966.0,40.5,0.00586591,0.25404,76639.4
688181.SH,20260508,8741,36.1,315550.0,36.38,0.00649978,0.158051,13448.2
688182.SH,20260508,31718,30.46,966130.0,30.64,0.0079295,0.381621,40000.0
688183.SH,20260508,82845,106.02,8783227.0,107.96,0.00995947,0.32958,83182.1
688184.SH,20260508,5881,13.42,78923.0,13.46,0.00585247,0.0824732,10048.8
688185.SH,20260508,8237,61.36,505422.0,61.59,0.00720188,0.342569,11437.3
688186.SH,20260508,17592,21.06,370488.0,21.15,0.0062719,0.206244,28048.9
688187.SH,20260508,19219,49.5,951341.0,49.53,0.00221186,0.259982,86890.8
688188.SH,20260508,13729,152.55,2094359.0,154.55,0.00475496,0.441667,28873.0
688189.SH,20260508,62115,8.66,537916.0,8.61,0.0226367,0.385712,27440.0
688190.SH,20260508,1675,84.9899,142358.0,84.98,0.00139583,0.114045,12000.0
688191.SH,20260508,17895,49.34,882939.0,50.49,0.007725,0.152852,23165.0
688192.SH,20260508,2040,56.45,115158.0,56.89,0.000442311,0.0617412,46121.4
688195.SH,20260508,51600,351.87,18156492.0,361.98,0.0398918,0.70469,12935.0
688196.SH,20260508,6887,52.0,358124.0,52.0,0.0054147,0.320208,12719.1
688197.SH,20260508,1096,41.4599,45440.0,41.85,0.00171237,0.0618528,6400.49
688198.SH,20260508,10954,97.7,1070206.0,99.11,0.00795219,1.76671,13774.8
688199.SH,20260508,20639,28.64,591101.0,28.82,0.0128012,0.473019,16122.7
688200.SH,20260508,23273,342.15,7962857.0,350.69,0.0171714,0.670485,13553.3
688201.SH,20260508,120273,8.36,1005482.0,8.36,0.0397556,0.509746,30253.1
688202.SH,20260508,10400,61.62,640848.0,61.45,0.00774085,0.16686,13435.2
688203.SH,20260508,2368,13.56,32110.0,13.57,0.00116836,0.0427574,20267.8
688205.SH,20260508,131192,246.7,32365066.0,255.9,0.0828832,0.833731,15828.5
688206.SH,20260508,19813,35.0,693455.0,35.33,0.00455285,0.300251,43517.8
688207.SH,20260508,26504,16.0,424064.0,15.9,0.0102343,0.483287,25897.3
688208.SH,20260508,20602,34.36,707885.0,34.45,0.00307408,0.183031,67018.4
688209.SH,20260508,53683,24.21,1299665.0,24.47,0.0123755,0.317665,43378.4
688210.SH,20260508,10082,45.49,458630.0,45.78,0.00622888,0.31411,16185.9
688211.SH,20260508,5136,36.5201,187567.0,36.99,0.00391783,0.27089,13109.3
688212.SH,20260508,31142,37.51,1168136.0,36.95,0.0231255,0.913456,13466.5
688213.SH,20260508,22541,90.5,2039961.0,91.3,0.00696765,0.186482,32350.9
688215.SH,20260508,2950,75.12,221604.0,75.85,0.0047258,0.247259,6242.33
688216.SH,20260508,17072,32.0,546304.0,32.46,0.0160402,0.415855,10643.3
688217.SH,20260508,4100,30.1,123410.0,30.09,0.00734032,0.35236,5585.59
688218.SH,20260508,39376,38.72,1524639.0,38.89,0.0338063,0.511252,11647.5
688219.SH,20260508,31576,11.72,370071.0,11.7,0.00574527,0.39157,54960.0
688220.SH,20260508,30110,100.5,3026055.0,102.05,0.00815681,0.189166,36913.9
688221.SH,20260508,89240,23.0,2052520.0,22.6,0.0238241,0.280347,37457.9
688222.SH,20260508,750988,27.4,20577071.0,29.04,0.187428,3.23164,40068.0
688223.SH,20260508,670050,6.72,4502736.0,6.76,0.00652472,0.417834,1026940.0
688225.SH,20260508,33162,16.89,560106.0,16.71,0.00829029,0.658114,40001.0
688226.SH,20260508,36660,57.77,2117848.0,58.35,0.0194199,0.3531,18877.6
688227.SH,20260508,179819,131.99,23734310.0,138.46,0.159054,1.87025,11305.5
688228.SH,20260508,12495,110.59,1381822.0,110.75,0.0184972,0.487405,6755.08
688229.SH,20260508,243413,112.06,27276861.0,98.25,0.548227,10.3785,4440.0
688230.SH,20260508,3140,72.1299,226488.0,72.85,0.00267007,0.153404,11760.0
688231.SH,20260508,400,40.03,16012.0,39.91,0.000162037,0.00874521,24685.7
688232.SH,20260508,51683,23.1,1193877.0,23.0,0.0160515,1.68291,32198.2
688233.SH,20260508,35397,82.48,2919545.0,83.69,0.0207844,0.348477,17030.6
688234.SH,20260508,86750,111.0,9629250.0,111.12,0.020188,0.665254,42971.1
688235.SH,20260508,37118,254.4,9442819.0,254.4,0.032261,0.969196,11505.5
688236.SH,20260508,5000,18.08,90400.0,18.02,0.00173353,0.170606,28842.8
688237.SH,20260508,3221,56.6501,182470.0,56.12,0.00359158,0.215788,8968.2
688238.SH,20260508,31058,6.69,207778.0,6.7,0.00484414,0.376612,64114.6
688239.SH,20260508,23901,69.65,1664705.0,70.2,0.0125378,0.250107,19063.2
688244.SH,20260508,15281,20.8,317845.0,20.46,0.0101224,0.716412,15096.2
688246.SH,20260508,22868,23.15,529394.0,23.03,0.0166209,0.357619,13758.6
688247.SH,20260508,2600,9.52,24752.0,9.48,0.000573521,0.0932817,45334.0
688248.SH,20260508,18652,62.4,1163885.0,62.3,0.00330299,0.292559,56470.0
688249.SH,20260508,320053,33.6,10753781.0,34.06,0.0264424,0.645178,121038.0
688251.SH,20260508,0,,0.0,30.85,0.0,0.0,9990.33
688252.SH,20260508,14962,23.2,347118.0,23.26,0.003658,0.225026,40902.1
688253.SH,20260508,7884,51.98,409810.0,51.9,0.0057554,0.225532,13698.4
688255.SH,20260508,19122,31.84,608844.0,31.74,0.017406,0.788352,10985.9
688256.SH,20260508,139291,1217.03,169521326.0,1252.68,0.0221698,1.06814,62829.3
688257.SH,20260508,29741,75.42,2243066.0,76.15,0.0117829,0.305056,25240.8
688258.SH,20260508,192851,154.39,29774266.0,150.4,0.159194,2.60822,12114.2
688259.SH,20260508,7662,38.69,296443.0,38.86,0.00685945,0.312655,11170.0
688260.SH,20260508,6896,37.96,261772.0,38.1,0.00574667,0.0977055,12000.0
688261.SH,20260508,20542,75.0,1540650.0,76.0,0.0168244,0.455396,12209.7
688262.SH,20260508,138500,41.05,5685425.0,41.49,0.0412202,0.765719,33600.0
688265.SH,20260508,1453,41.6401,60503.0,41.64,0.00186369,0.251015,7796.35
688266.SH,20260508,16958,106.01,1797718.0,104.5,0.0064063,0.346943,26470.8
688267.SH,20260508,7801,29.65,231300.0,30.13,0.00442736,0.211123,17620.0
688268.SH,20260508,266476,163.94,43686075.0,167.21,0.22222,1.99089,11991.5
688269.SH,20260508,4985,42.28,210766.0,42.28,0.00381396,0.221364,13070.4
688270.SH,20260508,49617,133.3,6613946.0,134.45,0.0231799,0.330729,21405.2
688271.SH,20260508,185026,114.0,21092964.0,111.25,0.0224503,2.59261,82415.8
688272.SH,20260508,23509,42.97,1010182.0,43.4,0.0309329,0.875979,7600.0
688273.SH,20260508,6440,45.1901,291024.0,45.21,0.00644,0.269821,10000.0
688275.SH,20260508,57591,153.88,8862103.0,152.49,0.0456642,0.544289,12611.8
688276.SH,20260508,4409,18.1499,80023.0,18.18,0.00106586,0.265908,41365.8
688277.SH,20260508,0,,0.0,20.01,0.0,0.0,45599.2
688278.SH,20260508,5564,56.58,314811.0,56.78,0.00136309,0.121644,40818.9
688279.SH,20260508,2923,202.49,591878.0,204.91,0.00312426,0.16601,9355.81
688280.SH,20260508,55448,7.08,392572.0,7.09,0.0106519,0.130426,52054.4
688281.SH,20260508,6746,78.8799,532124.0,78.41,0.00247495,0.22524,27257.1
688282.SH,20260508,31911,90.16,2877096.0,88.03,0.0362625,1.64429,8800.0
688283.SH,20260508,10284,42.76,439744.0,42.85,0.00844335,0.29656,12180.0
688285.SH,20260508,0,,0.0,9.44,0.0,0.0,37629.0
688286.SH,20260508,24900,69.49,1730301.0,69.76,0.0444169,0.790367,5605.98
688288.SH,20260508,24242,24.16,585687.0,24.19,0.0242872,0.702425,9981.37
688289.SH,20260508,85430,17.5,1495025.0,17.46,0.0147449,2.28727,57938.8
688290.SH,20260508,1268,61.5103,77995.0,61.67,0.00124083,0.0679125,10219.0
688291.SH,20260508,14479,48.67,704693.0,49.01,0.0141029,0.479711,10266.7
688292.SH,20260508,284087,24.5,6960132.0,24.22,0.179406,7.32222,15834.9
688293.SH,20260508,16240,53.0,860720.0,52.58,0.0142681,0.90731,11382.0
688295.SH,20260508,101920,60.01,6116219.0,61.03,0.0113244,0.551474,90000.0
688296.SH,20260508,12733,16.0,203728.0,16.0,0.0118564,0.465577,10739.3
688297.SH,20260508,49075,46.46,2280025.0,46.24,0.00727037,0.708251,67500.0
688298.SH,20260508,89048,24.13,2148728.0,24.13,0.0441706,3.61346,20160.0
688299.SH,20260508,30334,19.55,593030.0,19.55,0.0105549,0.262608,28739.3
688300.SH,20260508,40738,94.0,3829372.0,94.96,0.0168709,0.600814,24146.9
688301.SH,20260508,7592,117.46,891756.0,118.08,0.00359046,0.321284,21144.9
688302.SH,20260508,7727,44.1301,340993.0,44.14,0.00780382,0.471662,9901.56
688303.SH,20260508,219990,22.5,4949775.0,22.97,0.010255,1.06841,214521.0
688305.SH,20260508,26893,63.6,1710395.0,63.96,0.0203405,0.903842,13221.4
688306.SH,20260508,27765,9.61999,267099.0,9.63,0.00226047,0.261935,122828.0
688307.SH,20260508,30873,98.2,3031729.0,98.72,0.0347771,0.562794,8877.4
688308.SH,20260508,121975,99.39,12123095.0,102.18,0.0768193,0.950319,15878.2
688309.SH,20260508,3939,76.5999,301727.0,75.89,0.00496088,0.169583,7940.13
688310.SH,20260508,9100,17.55,159705.0,17.55,0.00553782,0.111351,16432.5
688311.SH,20260508,6669,36.0,240084.0,36.18,0.00383735,0.0979319,17379.2
688312.SH,20260508,71258,84.35,6010612.0,84.35,0.0488834,0.797198,14577.1
688313.SH,20260508,425014,165.0,70127310.0,169.22,0.0940325,1.04697,45198.6
688314.SH,20260508,1500,44.2,66300.0,44.19,0.0018464,0.0859236,8123.92
688315.SH,20260508,7434,14.44,107347.0,14.43,0.00178616,0.264279,41620.0
688316.SH,20260508,46464,77.61,3606071.0,77.51,0.0970059,1.09048,4789.81
688317.SH,20260508,36392,20.29,738394.0,20.11,0.0189386,1.87081,19215.8
688318.SH,20260508,19020,119.19,2266994.0,120.73,0.00742622,0.469953,25611.9
688319.SH,20260508,34256,35.08,1201700.0,35.0,0.00844973,0.251921,40540.9
688320.SH,20260508,69613,37.3,2596565.0,37.42,0.0460972,1.30864,15101.4
688321.SH,20260508,50597,32.2,1629223.0,32.05,0.0124071,0.405093,40780.8
688322.SH,20260508,57719,86.5,4992694.0,86.5,0.0181121,0.745588,31867.6
688323.SH,20260508,444630,28.49,12667509.0,28.79,0.247014,2.19509,18000.2
688325.SH,20260508,3872,122.35,473739.0,122.35,0.00474129,0.213515,8166.55
688326.SH,20260508,31832,91.82,2922814.0,92.1,0.0285173,1.01563,11162.4
688327.SH,20260508,261197,14.7,3839596.0,14.68,0.0313396,0.785817,83344.1
688328.SH,20260508,106151,58.0,6156758.0,57.78,0.112381,0.794731,9445.63
688329.SH,20260508,5468,24.3901,133365.0,24.39,0.0070829,0.187948,7720.0
688330.SH,20260508,2000,41.06,82120.0,41.06,0.00142857,0.0567419,14000.0
688331.SH,20260508,89035,132.0,11752620.0,130.0,0.0545915,0.992059,16309.3
688332.SH,20260508,5892,114.01,671747.0,114.88,0.00488565,0.200273,12059.8
688333.SH,20260508,47131,91.64,4319085.0,92.25,0.0171809,0.453835,27432.2
688334.SH,20260508,11946,21.38,255405.0,21.38,0.00761354,0.447447,15690.5
688335.SH,20260508,4400,30.7,135080.0,30.85,0.00297228,0.156614,14803.5
688336.SH,20260508,55508,74.5,4135346.0,73.8,0.00899956,0.845493,61678.6
688337.SH,20260508,20050,62.3,1249115.0,63.3,0.0107844,0.286405,18591.7
688338.SH,20260508,4278,30.63,131035.0,30.63,0.00403043,0.364086,10614.2
688339.SH,20260508,25019,26.12,653496.0,25.89,0.0127787,0.345901,19578.7
688343.SH,20260508,142219,90.0,12799710.0,89.77,0.0395488,0.882984,35960.3
688345.SH,20260508,6320,53.95,340964.0,54.44,0.00632,0.202233,10000.0
688347.SH,20260508,246535,160.46,39559006.0,165.92,0.0604623,0.770768,40775.0
688348.SH,20260508,12748,51.6,657797.0,52.0,0.00815729,0.423936,15627.7
688349.SH,20260508,20701,25.2,521665.0,25.17,0.00174033,0.274341,118948.0
688350.SH,20260508,10149,30.3,307515.0,30.29,0.00708508,0.244636,14324.5
688351.SH,20260508,18190,25.4,462026.0,25.4,0.00386528,0.177992,47060.0
688352.SH,20260508,52246,13.06,682333.0,13.15,0.0142795,0.423251,36588.1
688353.SH,20260508,14955,110.13,1646994.0,109.9,0.00937618,0.154704,15950.0
688355.SH,20260508,2527,23.6502,59764.0,23.62,0.00203863,0.107728,12395.6
688356.SH,20260508,5367,95.75,513890.0,95.75,0.00884903,0.47249,6065.07
688357.SH,20260508,33693,36.0,1212948.0,36.38,0.0336728,1.43701,10006.0
688358.SH,20260508,9948,32.42,322514.0,32.62,0.00888408,0.43282,11197.6
688359.SH,20260508,12348,107.61,1328768.0,107.58,0.0125048,0.301028,9874.61
688360.SH,20260508,21543,19.29,415564.0,19.22,0.00853912,0.692923,25228.6
688361.SH,20260508,25259,196.02,4951269.0,197.99,0.0091233,0.313184,27686.2
688362.SH,20260508,90394,48.8,4411227.0,49.99,0.022021,0.50425,41049.1
688363.SH,20260508,9003,41.5101,373715.0,41.56,0.00186909,0.286477,48167.8
688365.SH,20260508,600453,23.57,14152677.0,23.11,0.141009,2.83818,42582.5
688366.SH,20260508,200,38.94,7788.0,38.84,0.000103065,0.0333014,19405.2
688367.SH,20260508,10438,42.0,438396.0,41.63,0.0119122,0.388325,8762.46
688368.SH,20260508,22424,166.07,3723954.0,165.97,0.0253377,0.628782,8850.05
688369.SH,20260508,5883,26.12,153664.0,25.84,0.00510597,0.197411,11521.8
688370.SH,20260508,774,25.4406,19691.0,25.44,0.000564519,0.0816439,13710.8
688371.SH,20260508,82252,30.0,2467560.0,31.0,0.0245183,0.737479,33547.2
688372.SH,20260508,100214,160.0,16034240.0,163.98,0.0597349,0.955483,16776.5
688373.SH,20260508,43149,5.98,258031.0,6.0,0.00712455,0.474467,60563.8
688375.SH,20260508,10892,125.52,1367164.0,127.1,0.00182747,0.172126,59601.5
688376.SH,20260508,16930,71.0,1202030.0,72.38,0.0125174,0.580471,13525.2
688377.SH,20260508,0,,0.0,38.08,0.0,0.0,19464.3
688378.SH,20260508,21839,46.14,1007651.0,46.29,0.00906331,0.240925,24096.1
688379.SH,20260508,136619,74.0,10109806.0,75.15,0.151655,1.81969,9008.55
688380.SH,20260508,114574,49.5,5671413.0,50.55,0.0286174,0.937131,40036.5
688381.SH,20260508,137402,33.8,4644188.0,34.24,0.055516,0.594783,24750.0
688382.SH,20260508,20035,22.0,440770.0,22.0,0.00346417,0.121921,57834.8
688383.SH,20260508,1483,101.0,149783.0,101.2,0.00145898,0.0631029,10164.7
688385.SH,20260508,70998,72.41,5140965.0,73.34,0.0131627,0.359319,53938.9
688386.SH,20260508,1432,87.6103,125458.0,87.35,0.00157363,0.0561713,9100.0
688387.SH,20260508,598761,20.54,12298551.0,20.7,0.029689,0.586844,201678.0
688388.SH,20260508,119583,52.0,6218316.0,52.06,0.0262431,0.317772,45567.4
688389.SH,20260508,11337,12.93,146587.0,12.94,0.00264583,0.432806,42848.6
688390.SH,20260508,44009,109.99,4840550.0,110.44,0.0181061,0.272495,24306.2
688391.SH,20260508,4385,32.2499,141416.0,32.42,0.00380703,0.252861,11518.2
688392.SH,20260508,7988,141.0,1126308.0,142.0,0.00690207,0.326006,11573.3
688393.SH,20260508,7200,25.02,180144.0,24.95,0.00769496,0.40416,9356.77
688395.SH,20260508,12477,30.25,377429.0,30.32,0.014408,0.507183,8659.77
688396.SH,20260508,203551,56.22,11443637.0,57.03,0.0153252,0.614689,132821.0
688398.SH,20260508,6627,34.12,226113.0,34.36,0.00394901,0.163604,16781.4
688399.SH,20260508,4197,64.06,268860.0,64.07,0.00500407,0.250876,8387.17
688400.SH,20260508,196102,64.5,12648579.0,66.69,0.0425405,0.63047,46097.7
688401.SH,20260508,41178,68.74,2830576.0,69.94,0.0212973,0.441702,19334.9
688403.SH,20260508,170493,18.27,3114907.0,18.64,0.0172052,0.264119,99093.8
688408.SH,20260508,15291,40.01,611793.0,40.16,0.00698009,0.266421,21906.6
688409.SH,20260508,46781,123.0,5754063.0,126.58,0.0152774,0.630849,30621.1
688410.SH,20260508,187324,16.99,3182635.0,17.41,0.0586119,1.85922,31960.1
688411.SH,20260508,16894,263.0,4443122.0,262.2,0.012743,0.209287,13257.4
688416.SH,20260508,56759,108.88,6179920.0,111.82,0.0683796,0.914371,8300.57
688418.SH,20260508,27568,50.2,1383914.0,50.81,0.014317,0.281347,19255.5
688419.SH,20260508,8381,44.14,369937.0,44.11,0.00731635,0.342716,11455.2
688420.SH,20260508,15410,28.09,432867.0,27.89,0.0369199,0.919552,4173.9
688425.SH,20260508,97761,4.81,470230.0,4.82,0.00183296,0.50473,533350.0
688426.SH,20260508,7122,21.1601,150702.0,21.35,0.00634603,0.553249,11222.8
688428.SH,20260508,56296,27.2,1531251.0,27.02,0.0209778,0.561833,26836.0
688429.SH,20260508,400,14.51,5804.0,14.46,0.000333814,0.0129604,11982.7
688432.SH,20260508,96440,16.81,1621156.0,16.94,0.00771334,0.546615,125030.0
688433.SH,20260508,7503,80.41,603316.0,81.1,0.00180544,0.162013,41557.8
688435.SH,20260508,171673,40.77,6999108.0,43.0,0.306296,8.12966,5604.81
688439.SH,20260508,16452,50.5,830826.0,50.74,0.008226,0.406084,20000.0
688443.SH,20260508,4511,30.1,135781.0,30.13,0.00386613,0.119624,11668.0
688448.SH,20260508,2295,69.0,158355.0,69.56,0.00320297,0.135187,7165.23
688449.SH,20260508,143856,58.31,8388243.0,59.28,0.0490634,0.642246,29320.4
688450.SH,20260508,2300,47.25,108675.0,48.18,0.00470053,0.106533,4893.07
688455.SH,20260508,13116,20.78,272550.0,20.79,0.00780572,0.329084,16803.1
688456.SH,20260508,66976,71.31,4776059.0,72.06,0.0646112,1.19555,10366.0
688458.SH,20260508,6544,38.0,248672.0,38.1,0.00769262,0.234002,8506.85
688459.SH,20260508,1894,9.25977,17538.0,9.24,0.000394583,0.0965776,48000.0
688466.SH,20260508,13808,18.74,258762.0,18.72,0.0113037,0.671308,12215.4
688468.SH,20260508,48487,7.55,366077.0,7.52,0.0120883,1.18179,40110.8
688469.SH,20260508,464325,6.93,3217772.0,6.97,0.0104819,0.375272,442980.0
688472.SH,20260508,215805,14.44,3116224.0,14.43,0.0160134,0.208317,134765.0
688475.SH,20260508,9157,32.0,293024.0,32.29,0.00116279,0.153516,78750.0
688478.SH,20260508,135451,47.0,6366197.0,46.99,0.0978932,1.8117,13836.6
688479.SH,20260508,9304,42.66,396909.0,41.8,0.01493,0.338467,6231.74
688480.SH,20260508,15662,103.5,1621017.0,105.41,0.0164299,0.465477,9532.62
688484.SH,20260508,67002,43.02,2882426.0,43.88,0.015667,0.541468,42766.3
688485.SH,20260508,61342,58.49,3587894.0,59.96,0.0691115,0.434178,8875.8
688486.SH,20260508,4899,81.01,396868.0,81.5,0.00367463,0.127836,13332.0
688488.SH,20260508,7144,17.41,124377.0,17.46,0.00169779,0.101275,42078.3
688489.SH,20260508,5593,41.0601,229649.0,41.18,0.00489196,0.702986,11433.1
688496.SH,20260508,34646,4.17001,144474.0,4.18,0.0145605,0.229462,23794.6
688498.SH,20260508,25201,1595.52,40208700.0,1629.0,0.0297046,0.665361,8483.86
688499.SH,20260508,27372,57.12,1563489.0,56.95,0.0162225,0.41496,16872.9
688500.SH,20260508,8482,49.8,422404.0,49.65,0.0115691,0.471303,7331.59
688501.SH,20260508,1310,24.3198,31859.0,24.44,0.00105453,0.0634705,12422.6
688502.SH,20260508,27701,528.7,14645519.0,550.76,0.052464,0.902245,5280.0
688503.SH,20260508,53696,111.0,5960256.0,113.05,0.0267251,0.353583,20092.0
688505.SH,20260508,1000,8.0,8000.0,8.02,0.000140732,0.0216515,71057.2
688506.SH,20260508,3552,276.5,982128.0,276.5,0.000860311,0.197235,41287.4
688507.SH,20260508,12462,98.7,1229999.0,97.5,0.0253109,0.710222,4923.57
688508.SH,20260508,19459,82.0,1595638.0,82.86,0.0148191,0.22979,13131.0
688509.SH,20260508,33066,4.60999,152434.0,4.59,0.00859321,0.344558,38479.2
688510.SH,20260508,10610,34.83,369546.0,34.92,0.00408828,0.155766,25952.3
688511.SH,20260508,48101,21.9,1053412.0,21.6,0.0359828,1.11266,13367.8
688512.SH,20260508,55922,13.11,733137.0,13.28,0.0172295,0.384567,32457.0
688513.SH,20260508,0,,0.0,62.95,0.0,0.0,17653.2
688515.SH,20260508,100736,180.43,18175796.0,183.29,0.202202,1.32815,4981.94
688516.SH,20260508,86616,85.88,7438582.0,87.06,0.0275181,0.602767,31476.0
688517.SH,20260508,7082,23.0,162886.0,23.11,0.00518398,0.15008,13661.3
688518.SH,20260508,74820,28.9,2162298.0,29.04,0.0219205,0.385461,34132.5
688519.SH,20260508,49015,183.0,8969745.0,190.0,0.0208778,0.671021,23477.1
688520.SH,20260508,7867,43.07,338832.0,42.87,0.00176653,0.268866,44533.6
688521.SH,20260508,236096,271.0,63982016.0,275.0,0.0448924,0.704699,52591.5
688522.SH,20260508,8878,35.1,311618.0,35.1,0.0072122,0.274428,12309.7
688523.SH,20260508,24139,71.44,1724490.0,72.15,0.0250104,0.322831,9651.59
688525.SH,20260508,725721,290.0,210459090.0,299.85,0.154134,1.88274,47083.7
688526.SH,20260508,2153,14.7501,31757.0,14.71,0.00046189,0.104995,46612.8
688528.SH,20260508,13108,12.64,165685.0,12.64,0.00780238,0.505307,16800.0
688529.SH,20260508,1361,19.5797,26648.0,19.58,0.000809271,0.0683569,16817.6
688530.SH,20260508,155542,55.21,8587474.0,57.2,0.229487,0.67809,6777.82
688531.SH,20260508,199759,126.0,25169634.0,128.0,0.174038,1.25417,11477.9
688533.SH,20260508,6734,27.1299,182693.0,27.2,0.00408153,0.444666,16498.7
688535.SH,20260508,94547,98.23,9287352.0,100.92,0.0792529,1.31458,11929.8
688536.SH,20260508,25428,256.6,6524825.0,261.63,0.0187454,0.28642,13564.9
688538.SH,20260508,235847,2.3,542448.0,2.31,0.00410009,0.328598,575224.0
688539.SH,20260508,22716,41.0,931356.0,40.97,0.0122182,0.46358,18592.0
688543.SH,20260508,18957,62.91,1192585.0,63.08,0.0163476,0.345369,11596.2
688545.SH,20260508,123842,59.6,7380983.0,59.0,0.0679517,1.31213,18225.0
688548.SH,20260508,146603,27.87,4085826.0,27.8,0.0212096,0.377205,69120.9
688549.SH,20260508,544202,12.14,6606612.0,12.39,0.0923442,0.591876,58931.9
688550.SH,20260508,8903,42.35,377042.0,42.61,0.00512125,0.314377,17384.4
688551.SH,20260508,9160,51.0,467160.0,52.05,0.0108956,0.263705,8407.07
688552.SH,20260508,26166,39.51,1033819.0,39.74,0.0301356,0.436593,8682.75
688553.SH,20260508,20506,20.3,416272.0,20.15,0.00596903,0.238375,34354.0
688556.SH,20260508,711486,14.3,10174250.0,14.43,0.0856413,1.84193,83077.4
688557.SH,20260508,3354,35.39,118698.0,35.23,0.00326647,0.185988,10268.0
688558.SH,20260508,24275,41.64,1010811.0,41.85,0.0183902,0.523086,13200.0
688559.SH,20260508,32741,65.11,2131767.0,65.58,0.0132149,0.310532,24775.9
688560.SH,20260508,19759,17.75,350722.0,17.68,0.0098156,0.238078,20130.2
688561.SH,20260508,151753,31.5,4780220.0,30.75,0.0222429,2.25869,68225.3
688562.SH,20260508,33264,19.01,632349.0,19.06,0.0192255,0.515313,17302.0
688563.SH,20260508,8947,59.8,535031.0,60.07,0.00764773,0.306174,11698.9
688565.SH,20260508,8153,13.32,108598.0,13.24,0.00544513,0.211676,14973.0
688566.SH,20260508,0,,0.0,28.08,0.0,0.0,19943.1
688567.SH,20260508,45598,14.25,649772.0,14.23,0.00373111,0.254222,122210.0
688568.SH,20260508,73998,61.55,4554577.0,61.89,0.00915727,0.497557,80807.9
688569.SH,20260508,1630,20.4798,33382.0,20.57,0.000773734,0.162799,21066.7
688570.SH,20260508,2895,17.4501,50518.0,17.51,0.00153826,0.325578,18820.0
688571.SH,20260508,52940,8.90999,471695.0,8.95,0.0124808,0.354969,42417.1
688573.SH,20260508,50304,23.67,1190696.0,23.9,0.0945276,1.01933,5321.62
688575.SH,20260508,80928,13.3,1076342.0,13.33,0.0141634,1.46046,57138.8
688576.SH,20260508,3110,75.6,235116.0,75.7,0.0142711,0.529416,2179.22
688577.SH,20260508,15510,80.01,1240955.0,80.24,0.0139378,0.674145,11128.0
688578.SH,20260508,15234,96.0,1462464.0,96.32,0.00338533,0.270184,45000.0
688579.SH,20260508,24436,10.21,249492.0,10.17,0.00610885,0.394529,40001.0
688580.SH,20260508,6627,64.34,426381.0,64.68,0.00691961,0.153874,9577.13
688581.SH,20260508,0,,0.0,60.3,0.0,0.0,4155.97
688582.SH,20260508,65801,55.05,3622345.0,55.05,0.0262974,0.978697,25021.9
688583.SH,20260508,9169,126.16,1156761.0,127.0,0.0297662,0.465262,3080.34
688584.SH,20260508,232107,24.5,5686622.0,24.89,0.0676105,1.47129,34330.0
688585.SH,20260508,24759,128.42,3179551.0,129.35,0.00613816,0.740182,40336.2
688586.SH,20260508,24216,13.85,335392.0,13.82,0.00306013,0.323065,79133.9
688588.SH,20260508,44595,12.31,548964.0,12.25,0.0111485,0.965256,40001.0
688589.SH,20260508,5500,23.88,131340.0,23.92,0.00378453,0.145637,14532.9
688590.SH,20260508,37131,15.72,583699.0,15.68,0.0131896,0.357509,28151.7
688591.SH,20260508,6201,35.9,222616.0,36.08,0.00368149,0.112303,16843.7
688592.SH,20260508,2977,45.7,136049.0,45.7,0.0077281,0.173377,3852.18
688593.SH,20260508,170194,38.74,6593316.0,39.94,0.0527436,1.05564,32268.2
688595.SH,20260508,16315,35.48,578856.0,35.88,0.0113225,0.331861,14409.4
688596.SH,20260508,28948,33.19,960784.0,33.39,0.00984187,0.380417,29413.1
688597.SH,20260508,16362,8.51002,139241.0,8.46,0.00486877,0.183631,33606.0
688598.SH,20260508,25408,25.33,643585.0,25.45,0.0124809,0.502927,20357.6
688599.SH,20260508,94002,17.75,1668536.0,17.88,0.00401278,0.155367,234257.0
688600.SH,20260508,7919,29.53,233848.0,29.82,0.00587862,0.211084,13470.8
688601.SH,20260508,8580,53.15,456027.0,53.21,0.0064177,0.098457,13369.3
688602.SH,20260508,33900,8.0,271200.0,8.03,0.0130587,0.592768,25959.6
688603.SH,20260508,22579,102.14,2306219.0,103.48,0.0476133,0.390456,4742.16
688605.SH,20260508,7083,67.08,475128.0,67.58,0.00653704,0.162618,10835.2
688606.SH,20260508,9720,54.44,529157.0,54.44,0.0122602,1.55981,7928.09
688607.SH,20260508,1173,71.6104,83999.0,72.0,0.00147865,0.0528084,7932.9
688608.SH,20260508,18965,176.35,3344478.0,179.1,0.0112423,0.27633,16869.4
688609.SH,20260508,67645,10.73,725831.0,10.79,0.013529,0.327834,50000.0
688610.SH,20260508,12471,134.81,1681216.0,135.83,0.0304672,0.669471,4093.26
688611.SH,20260508,4976,68.96,343145.0,67.99,0.00324403,0.309091,15339.0
688612.SH,20260508,15636,32.47,507701.0,32.55,0.00619118,0.268582,25255.3
688613.SH,20260508,8700,21.25,184875.0,21.25,0.00634997,0.238628,13700.9
688615.SH,20260508,103115,152.4,15714726.0,148.41,0.0761905,1.4065,13533.8
688616.SH,20260508,21004,14.5,304558.0,14.47,0.0117093,0.676481,17937.8
688617.SH,20260508,2212,234.95,519709.0,234.6,0.00156833,0.189951,14104.2
688618.SH,20260508,27191,37.5,1019663.0,38.2,0.0247083,0.784668,11004.8
688619.SH,20260508,1500,16.79,25185.0,16.7,0.000808896,0.0364714,18543.8
688620.SH,20260508,27733,13.57,376337.0,13.67,0.0119375,0.186641,23231.9
688621.SH,20260508,3959,58.02,229701.0,58.02,0.00353482,0.180619,11200.0
688622.SH,20260508,700,80.5,56350.0,80.1,0.000993394,0.0373944,7046.55
688623.SH,20260508,0,,0.0,95.22,0.0,0.0,1914.27
688625.SH,20260508,20972,82.82,1736901.0,84.16,0.0111363,0.437043,18832.1
688626.SH,20260508,5864,61.5,360636.0,61.18,0.003665,0.309368,16000.0
688627.SH,20260508,24355,298.02,7258277.0,303.2,0.033662,0.524698,7235.17
688628.SH,20260508,15902,95.0,1510690.0,97.3,0.0142277,0.269794,11176.8
688629.SH,20260508,163041,138.02,22502919.0,142.04,0.0896899,0.61318,18178.3
688630.SH,20260508,17134,268.1,4593625.0,272.95,0.0130058,0.354102,13174.1
688631.SH,20260508,13055,58.01,757321.0,58.42,0.0201249,0.616765,6487.0
688633.SH,20260508,79751,37.35,2978700.0,37.75,0.0554713,0.633797,14377.0
688636.SH,20260508,6316,45.5,287378.0,45.8,0.00376788,0.142847,16762.7
688638.SH,20260508,11169,43.9,490319.0,43.6,0.0422093,0.795619,2646.1
688639.SH,20260508,3659,27.5001,100623.0,27.56,0.00146292,0.0857728,25011.6
688646.SH,20260508,1641,62.4302,102448.0,62.47,0.00283004,0.141955,5798.5
688648.SH,20260508,4238,49.8499,211264.0,49.79,0.00609531,0.166262,6952.89
688651.SH,20260508,8468,40.52,343123.0,40.52,0.026092,0.530473,3245.44
688652.SH,20260508,34716,124.0,4304784.0,124.8,0.0287503,0.585684,12075.0
688653.SH,20260508,53370,15.15,808556.0,15.33,0.0168673,0.312297,31641.2
688655.SH,20260508,502649,48.82,24539324.0,46.5,0.376827,2.64784,13339.0
688656.SH,20260508,11589,136.18,1578190.0,138.37,0.0182562,2.13855,6347.97
688657.SH,20260508,2496,53.98,134734.0,53.98,0.0060812,0.205263,4104.45
688658.SH,20260508,126905,21.45,2722112.0,21.21,0.0282011,1.12804,45000.0
688659.SH,20260508,21200,11.65,246980.0,11.84,0.01325,0.337515,16000.0
688660.SH,20260508,58046,12.57,729638.0,12.64,0.00435345,0.351211,133333.0
688661.SH,20260508,45425,122.6,5569105.0,125.66,0.0299069,0.571063,15188.8
688662.SH,20260508,39105,74.0,2893770.0,75.4,0.0443166,0.669406,8824.0
688663.SH,20260508,14317,68.5,980715.0,68.05,0.0101198,0.394797,14147.5
688665.SH,20260508,2035,51.9902,105800.0,52.0,0.00201102,0.204437,10119.2
688667.SH,20260508,0,,0.0,150.71,0.0,0.0,5269.55
688668.SH,20260508,22886,224.0,5126464.0,224.0,0.0164328,0.44587,13927.1
688669.SH,20260508,15681,36.06,565457.0,35.35,0.0129239,0.173544,12133.3
688670.SH,20260508,11700,18.5,216450.0,18.4,0.00949675,0.701733,12320.0
688671.SH,20260508,400,24.72,9888.0,24.73,0.000853841,0.0263129,4684.71
688676.SH,20260508,81668,94.13,7687409.0,95.07,0.0177622,0.69731,45978.4
688677.SH,20260508,22146,118.0,2613228.0,119.67,0.0184739,0.357089,11987.7
688678.SH,20260508,234490,25.05,5873975.0,25.36,0.0581707,0.912953,40310.6
688679.SH,20260508,29077,58.21,1692572.0,58.0,0.0220799,0.786277,13169.0
688680.SH,20260508,5443,50.7999,276504.0,50.8,0.0055785,0.197076,9757.1
688681.SH,20260508,5096,21.03,107169.0,21.03,0.00486863,0.168522,10467.0
688682.SH,20260508,1036,48.4903,50236.0,49.48,0.00101729,0.0600363,10183.9
688683.SH,20260508,5120,45.8,234496.0,45.75,0.00329944,0.234744,15517.8
688685.SH,20260508,7800,49.56,386568.0,49.92,0.00531148,0.137523,14685.2
688686.SH,20260508,6487,111.89,725830.0,111.89,0.00530697,0.333852,12223.5
688687.SH,20260508,4986,20.0201,99820.0,19.95,0.00291674,0.150326,17094.4
688689.SH,20260508,22824,39.68,905656.0,40.08,0.0177062,0.55688,12890.4
688690.SH,20260508,50094,33.99,1702695.0,34.17,0.0124052,0.424142,40381.5
688691.SH,20260508,112505,122.22,13750361.0,125.9,0.15419,0.847406,7296.5
688692.SH,20260508,28655,278.0,7966090.0,272.55,0.0391801,1.53137,7313.67
688693.SH,20260508,34622,94.91,3285974.0,95.4,0.0889925,0.473973,3890.44
688695.SH,20260508,4400,25.66,112904.0,25.84,0.0082404,0.332667,5339.55
688696.SH,20260508,644,90.5807,58334.0,90.3,0.000919737,0.11667,7002.0
688697.SH,20260508,133606,20.6,2752284.0,20.81,0.0292141,0.965865,45733.3
688698.SH,20260508,47541,72.57,3450050.0,72.98,0.0222131,0.931407,21402.3
688699.SH,20260508,118937,62.04,7378851.0,64.14,0.108061,1.5164,11006.5
688700.SH,20260508,43740,62.62,2738999.0,63.92,0.0146581,0.283164,29840.1
688701.SH,20260508,8699,10.73,93340.0,10.74,0.00647838,0.260497,13427.7
688702.SH,20260508,66402,303.66,20163631.0,311.81,0.0327117,0.644777,20299.2
688707.SH,20260508,102379,17.5,1791633.0,17.48,0.020124,0.274907,50874.0
688708.SH,20260508,500,53.21,26605.0,53.19,0.000351429,0.0296918,14227.6
688709.SH,20260508,54069,39.63,2142754.0,40.07,0.0243833,0.508427,22174.6
688710.SH,20260508,0,,0.0,68.18,0.0,0.0,9069.4
688711.SH,20260508,46604,28.28,1317961.0,28.14,0.0218703,0.68515,21309.3
688712.SH,20260508,6662,42.81,285200.0,42.96,0.0179498,0.183825,3711.47
688716.SH,20260508,16030,36.05,577882.0,35.72,0.0229239,0.579788,6992.72
688717.SH,20260508,23082,119.5,2758299.0,121.54,0.0233039,0.268038,9904.78
688718.SH,20260508,80027,17.58,1406875.0,17.58,0.0460575,1.64024,17375.4
688719.SH,20260508,6200,67.28,417136.0,67.28,0.00691021,0.174495,8972.23
688720.SH,20260508,9280,82.0,760960.0,83.04,0.0164585,0.223291,5638.43
688721.SH,20260508,27367,46.05,1260250.0,46.7,0.0511681,1.10745,5348.45
688722.SH,20260508,17540,18.39,322561.0,18.52,0.00782668,0.511858,22410.5
688726.SH,20260508,163423,69.51,11359533.0,70.27,0.0743087,0.788309,21992.4
688727.SH,20260508,20465,52.59,1076254.0,53.39,0.0407319,0.521697,5024.32
688728.SH,20260508,111862,14.0,1566068.0,14.1,0.00447647,0.466513,249889.0
688729.SH,20260508,42773,24.3,1039384.0,24.39,0.0198943,0.422242,21500.1
688733.SH,20260508,34440,32.75,1127910.0,32.85,0.0172394,0.502671,19977.5
688737.SH,20260508,4200,30.02,126084.0,30.23,0.00351275,0.154874,11956.5
688739.SH,20260508,24383,23.4,570562.0,23.39,0.00585496,0.934441,41645.0
688750.SH,20260508,43748,19.03,832524.0,18.9,0.0187826,1.42735,23291.8
688755.SH,20260508,9100,41.57,378287.0,41.12,0.0517045,1.10378,1760.0
688757.SH,20260508,48036,29.65,1424267.0,29.65,0.026507,0.623485,18122.0
688758.SH,20260508,42081,19.88,836570.0,19.87,0.0141124,1.26835,29818.4
688759.SH,20260508,4898,33.58,164475.0,33.3,0.00917755,0.090092,5336.93
688765.SH,20260508,3268,55.9201,182747.0,55.8,0.00706136,0.106045,4628.0
688766.SH,20260508,46546,315.0,14661990.0,319.0,0.0314396,0.512498,14804.9
688767.SH,20260508,42395,41.65,1765752.0,40.7,0.0283895,1.18197,14933.3
688768.SH,20260508,5628,43.6,245381.0,43.43,0.00644943,0.291871,8726.35
688772.SH,20260508,64396,16.68,1074125.0,16.7,0.00568776,0.109644,113219.0
688775.SH,20260508,2490,197.9,492771.0,198.7,0.00759146,0.17639,3280.0
688776.SH,20260508,1490,81.8799,122001.0,82.53,0.00137475,0.0699964,10838.3
688777.SH,20260508,106363,83.0,8828129.0,82.58,0.0135116,0.432775,78719.9
688778.SH,20260508,17542,84.45,1481422.0,85.5,0.00347579,0.226458,50469.1
688779.SH,20260508,43639,10.98,479156.0,11.06,0.002262,0.0728587,192922.0
688781.SH,20260508,35785,43.8,1567383.0,44.1,0.0876329,0.618852,4083.51
688783.SH,20260508,207825,27.2,5652840.0,27.55,0.11223,0.932527,18517.8
688785.SH,20260508,2227,325.08,723953.0,329.78,0.0174973,0.175337,1272.77
688786.SH,20260508,2873,32.0999,92223.0,32.09,0.00199791,0.0755083,14380.0
688787.SH,20260508,21055,145.09,3054870.0,144.17,0.0349025,0.736147,6032.52
688788.SH,20260508,2610,58.2701,152085.0,58.3,0.00166375,0.133743,15687.4
688789.SH,20260508,15815,61.67,975311.0,61.52,0.00877363,0.362105,18025.6
688790.SH,20260508,4819,146.0,703574.0,146.97,0.0399663,0.534974,1205.77
688793.SH,20260508,1600,22.58,36128.0,22.58,0.00186165,0.0875308,8594.54
688795.SH,20260508,33227,727.96,24187927.0,742.98,0.113085,0.672677,2938.24
688796.SH,20260508,18685,99.76,1864016.0,98.07,0.0520653,0.823221,3588.76
688798.SH,20260508,10573,70.28,743070.0,70.98,0.00778897,0.271816,13574.3
688799.SH,20260508,4599,58.3301,268260.0,58.0,0.00350213,0.10774,13132.0
688800.SH,20260508,20320,124.22,2524150.0,124.91,0.0098797,0.114605,20567.4
688802.SH,20260508,20204,825.0,16668300.0,842.97,0.111384,0.584443,1813.9
688805.SH,20260508,48993,53.9,2640723.0,53.35,0.15544,1.36812,3151.89
688807.SH,20260508,7726,363.14,2805620.0,374.45,0.0513845,0.355889,1503.57
688808.SH,20260508,74515,1079.0,80401685.0,1130.0,0.386165,1.52806,1929.61
688809.SH,20260508,13975,435.0,6079125.0,444.58,0.0573851,0.601809,2435.3
688811.SH,20260508,212479,27.66,5877169.0,27.89,0.230639,0.79815,9212.61
688813.SH,20260508,150625,110.5,16644063.0,116.0,0.500798,1.74674,3007.7
688816.SH,20260508,23544,65.0,1530360.0,64.88,0.122089,1.73517,1928.42
688818.SH,20260508,92500,70.35,6507375.0,71.37,0.0700671,0.488346,13201.6
688819.SH,20260508,20776,28.55,593155.0,28.75,0.00213723,0.252706,97210.0
688820.SH,20260508,622054,115.0,71536210.0,119.0,0.359771,1.13014,17290.3
688981.SH,20260508,610974,122.9,75088705.0,125.34,0.0305554,0.71143,199956.0
689009.SH,20260508,27544,42.69,1175853.0,42.68,0.0495701,0.175948,5556.58
000001.SZ,20260508,204700,11.34,2321298.0,11.37,0.00105485,0.161301,1940560.0
000002.SZ,20260508,1145600,3.97,4548032.0,3.98,0.0117897,0.819465,971694.0
000006.SZ,20260508,97900,9.41,921239.0,9.44,0.00725193,0.337744,134998.0
000007.SZ,20260508,184000,17.12,3150080.0,17.02,0.0531104,1.42796,34644.8
000008.SZ,20260508,288000,2.72,783360.0,2.73,0.0106027,0.649321,271630.0
000009.SZ,20260508,47700,8.58,409266.0,8.61,0.00185169,0.0962709,257602.0
000010.SZ,20260508,143900,2.48,356872.0,2.61,0.0165756,3.28001,86814.2
000011.SZ,20260508,118900,7.91,940499.0,7.87,0.0225841,1.54184,52647.6
000012.SZ,20260508,109400,4.02,439788.0,4.04,0.00558358,0.320031,195932.0
000014.SZ,20260508,22600,12.93,292218.0,12.94,0.00933706,0.32445,24204.6
000016.SZ,20260508,1435200,2.94,4219488.0,2.94,0.0898914,2.37135,159659.0
000017.SZ,20260508,92300,6.38,588874.0,6.39,0.0209382,1.27432,44082.2
000019.SZ,20260508,36300,7.61,276243.0,7.62,0.00872163,0.161859,41620.6
000020.SZ,20260508,687600,14.94,10272744.0,16.02,0.379543,12.0152,18116.5
000021.SZ,20260508,969746,30.88,29945756.48,31.54,0.0616087,1.02466,157404.0
000025.SZ,20260508,15500,16.07,249085.0,16.12,0.00394625,0.223528,39277.8
000026.SZ,20260508,102100,18.48,1886808.0,18.72,0.0280063,0.672741,36456.1
000027.SZ,20260508,150200,7.07,1061914.0,7.09,0.00315719,0.366677,475739.0
000028.SZ,20260508,95400,24.59,2345886.0,24.52,0.019956,2.2053,47805.3
000029.SZ,20260508,8400,21.43,180012.0,21.39,0.000942063,0.121827,89166.0
000030.SZ,20260508,16900,5.08,85852.0,5.09,0.00101143,0.111283,167091.0
000031.SZ,20260508,107400,3.03,325422.0,3.02,0.00250565,0.37528,428630.0
000032.SZ,20260508,71500,18.1,1294150.0,18.22,0.00628318,0.355436,113796.0
000034.SZ,20260508,459900,41.0,18855900.0,41.4,0.075851,1.1175,60632.0
000035.SZ,20260508,119000,6.68,794920.0,6.69,0.00514478,0.269189,231303.0
000036.SZ,20260508,2132900,5.78,12328162.0,5.52,0.152026,4.15859,140298.0
000037.SZ,20260508,198401,11.3,2241931.3,11.3,0.0585412,0.60023,33890.8
000039.SZ,20260508,216700,13.21,2862607.0,13.21,0.00941598,0.266956,230141.0
000042.SZ,20260508,43500,9.61,418035.0,9.61,0.00655019,0.249449,66410.2
000045.SZ,20260508,27400,12.1,331540.0,12.18,0.00599534,0.412813,45702.2
000048.SZ,20260508,58800,14.95,879060.0,14.94,0.0110985,0.435145,52980.3
000049.SZ,20260508,59300,28.88,1712584.0,28.87,0.0154212,0.31873,38453.5
000050.SZ,20260508,86400,7.69,664416.0,7.71,0.00351546,0.285184,245772.0
000055.SZ,20260508,40700,3.7,150590.0,3.71,0.00602201,0.245659,67585.4
000056.SZ,20260508,2659200,1.65,4387680.0,1.7,0.294246,2.37123,90373.3
000058.SZ,20260508,8900,8.13,72357.0,8.17,0.000903792,0.132431,98473.9
000059.SZ,20260508,178500,5.2,928200.0,5.2,0.0111603,0.391532,159941.0
000060.SZ,20260508,7711706,7.81,60228423.86,8.08,0.173643,2.86039,444112.0
000061.SZ,20260508,116500,7.39,860935.0,7.4,0.00649274,0.648943,179431.0
000062.SZ,20260508,1176900,36.05,42427245.0,37.46,0.112633,0.976299,104490.0
000063.SZ,20260508,592200,38.52,22811544.0,38.9,0.0147035,0.440949,402762.0
000065.SZ,20260508,1250400,13.5,16880400.0,13.85,0.128251,3.74945,97496.2
000066.SZ,20260508,13814358,23.78,328505433.24,23.98,0.428279,3.90533,322555.0
000068.SZ,20260508,4500,3.27,14715.0,3.27,0.000447018,0.0281409,100667.0
000069.SZ,20260508,420300,2.23,937269.0,2.23,0.00609254,0.743355,689860.0
000070.SZ,20260508,3874400,19.97,77371768.0,20.11,0.435973,4.51697,88867.9
000078.SZ,20260508,421600,2.73,1150968.0,2.87,0.0160596,0.824169,262522.0
000088.SZ,20260508,95200,4.56,434112.0,4.57,0.00300991,0.436266,316289.0
000089.SZ,20260508,43400,6.96,302064.0,6.98,0.00211632,0.291925,205073.0
000090.SZ,20260508,55200,3.52,194304.0,3.53,0.00295435,0.250169,186843.0
000096.SZ,20260508,27200,9.46,257312.0,9.49,0.00532448,0.325486,51084.8
000099.SZ,20260508,44700,17.96,802812.0,18.05,0.00576202,0.559605,77577.0
000100.SZ,20260508,3363110,4.28,14394110.8,4.3,0.0175785,0.619827,1913200.0
000151.SZ,20260508,27800,12.0,333600.0,12.04,0.00902789,0.284623,30793.5
000153.SZ,20260508,33200,6.41,212812.0,6.38,0.00723519,0.312869,45886.9
000155.SZ,20260508,468500,17.36,8133160.0,17.36,0.0253769,0.372185,184617.0
000156.SZ,20260508,141100,7.57,1068127.0,7.58,0.00830061,1.27254,169988.0
000157.SZ,20260508,189900,8.05,1528695.0,8.06,0.00268612,0.168026,706967.0
000158.SZ,20260508,143000,17.6,2516800.0,17.77,0.00900554,0.415738,158791.0
000159.SZ,20260508,54600,6.46,352716.0,6.47,0.0113592,0.34781,48066.8
000166.SZ,20260508,221700,4.74,1050858.0,4.75,0.000983781,0.251726,2253550.0
000301.SZ,20260508,33500,12.82,429470.0,12.84,0.000506952,0.0878974,660813.0
000333.SZ,20260508,192077,79.65,15298933.05,79.81,0.00280174,0.557435,685563.0
000338.SZ,20260508,1056900,34.31,36262239.0,35.0,0.0211232,0.799261,500349.0
000400.SZ,20260508,400500,26.49,10609245.0,26.28,0.0395868,1.54932,101170.0
000401.SZ,20260508,42100,4.23,178083.0,4.24,0.00159994,0.177546,263135.0
000402.SZ,20260508,3929595,3.33,13085551.35,3.35,0.131484,3.0651,298865.0
000403.SZ,20260508,81200,11.66,946792.0,11.68,0.00863202,0.878553,94068.4
000404.SZ,20260508,127900,8.37,1070523.0,8.44,0.0184632,0.326024,69272.8
000407.SZ,20260508,104100,4.63,481983.0,4.63,0.0118866,0.302671,87577.5
000408.SZ,20260508,57900,88.05,5098095.0,88.63,0.00368741,0.416151,157021.0
000409.SZ,20260508,21300,10.18,216834.0,10.22,0.00360721,0.357143,59048.3
000410.SZ,20260508,94900,6.2,588380.0,6.23,0.00481477,0.330365,197102.0
000411.SZ,20260508,2000,10.76,21520.0,10.77,0.000354776,0.044569,56373.6
000415.SZ,20260508,478600,4.72,2258992.0,4.77,0.00887461,0.468467,539291.0
000417.SZ,20260508,607900,7.02,4267458.0,7.11,0.0780332,3.12573,77902.7
000419.SZ,20260508,167500,5.74,961450.0,5.75,0.0308141,1.67679,54358.3
000420.SZ,20260508,1386200,5.52,7651824.0,5.58,0.0563946,1.04978,245804.0
000421.SZ,20260508,31200,6.25,195000.0,6.26,0.00543274,0.196079,57429.6
000422.SZ,20260508,173200,16.05,2779860.0,16.09,0.0163727,0.284494,105786.0
000423.SZ,20260508,7600,53.25,404700.0,53.41,0.00118223,0.0967435,64285.0
000425.SZ,20260508,374800,10.32,3867936.0,10.37,0.00416018,0.270237,900922.0
000426.SZ,20260508,1916700,47.57,91177419.0,48.14,0.107971,2.61658,177521.0
000428.SZ,20260508,13400,3.74,50116.0,3.74,0.00131511,0.0919265,101893.0
000429.SZ,20260508,10000,12.49,124900.0,12.47,0.000767265,0.147998,130333.0
000430.SZ,20260508,40000,7.8,312000.0,7.77,0.0107946,0.743898,37055.6
000488.SZ,20260508,160600,2.51,403106.0,2.5,0.00947929,0.572948,169422.0
000498.SZ,20260508,25200,5.52,139104.0,5.54,0.00173871,0.135884,144935.0
000501.SZ,20260508,16200,8.34,135108.0,8.35,0.00210877,0.26128,76822.1
000503.SZ,20260508,32600,7.92,258192.0,7.88,0.00332927,0.190248,97919.3
000504.SZ,20260508,31400,9.27,291078.0,9.31,0.00954052,0.503665,32912.2
000505.SZ,20260508,47300,6.59,311707.0,6.58,0.00747968,0.408233,63238.0
000506.SZ,20260508,269500,16.6,4473700.0,16.72,0.0290188,0.917863,92870.7
000507.SZ,20260508,40500,5.25,212625.0,5.25,0.00448826,0.359502,90235.4
000509.SZ,20260508,2652100,4.02,10661442.0,3.93,0.247138,10.3429,107312.0
000510.SZ,20260508,962100,16.41,15788061.0,16.63,0.158603,1.82425,60661.0
000513.SZ,20260508,16400,32.3,529720.0,32.31,0.00288661,0.290818,56814.0
000514.SZ,20260508,49700,5.04,250488.0,5.06,0.00589022,0.277591,84377.1
000516.SZ,20260508,52100,4.63,241223.0,4.63,0.00237441,0.21968,219423.0
000517.SZ,20260508,233600,2.03,474208.0,2.02,0.00937405,0.737894,249199.0
000518.SZ,20260508,182500,3.02,551150.0,3.02,0.0177264,1.81463,102954.0
000519.SZ,20260508,55310,17.73,980646.3,17.83,0.00397182,0.211391,139256.0
000520.SZ,20260508,52100,4.1,213610.0,4.1,0.0051478,0.289884,101208.0
000521.SZ,20260508,31000,5.71,177010.0,5.72,0.00354193,0.411383,87523.0
000523.SZ,20260508,159200,3.36,534912.0,3.36,0.0120136,0.447963,132516.0
000524.SZ,20260508,15400,10.05,154770.0,10.03,0.00229862,0.168151,66996.7
000525.SZ,20260508,358700,5.4,1936980.0,5.46,0.0322642,1.3596,111176.0
000526.SZ,20260508,8000,35.29,282320.0,35.22,0.00669683,0.185254,11945.9
000528.SZ,20260508,81500,9.82,800330.0,9.87,0.00400685,0.176585,203402.0
000529.SZ,20260508,34600,5.66,195836.0,5.63,0.00607141,0.679096,56988.4
000530.SZ,20260508,16700,6.01,100367.0,6.01,0.00278279,0.11536,60011.7
000531.SZ,20260508,70700,7.24,511868.0,7.31,0.0077714,0.250233,90974.5
000532.SZ,20260508,16700,12.58,210086.0,12.62,0.00486101,0.268295,34355.0
000533.SZ,20260508,772400,13.92,10751808.0,13.93,0.112775,1.32686,68490.2
000534.SZ,20260508,122400,41.52,5082048.0,42.82,0.0244721,0.507852,50016.1
000536.SZ,20260508,201300,4.04,813252.0,4.06,0.00728534,0.596035,276308.0
000537.SZ,20260508,451900,10.7,4835330.0,10.84,0.0219826,0.62649,205572.0
000538.SZ,20260508,37240,52.61,1959196.4,52.6,0.00210047,0.346497,177293.0
000539.SZ,20260508,965700,7.18,6933726.0,7.27,0.0377908,0.48412,255539.0
000541.SZ,20260508,38600,5.73,221178.0,5.71,0.00313695,0.546939,123049.0
000543.SZ,20260508,278600,8.26,2301236.0,8.28,0.0122901,0.843678,226686.0
000544.SZ,20260508,22900,8.45,193505.0,8.45,0.00234948,0.278208,97468.4
000545.SZ,20260508,168100,2.94,494214.0,2.96,0.017059,0.35257,98540.3
000546.SZ,20260508,680400,7.64,5198256.0,7.52,0.0976597,0.68073,69670.5
000547.SZ,20260508,254000,24.83,6306820.0,25.08,0.0159837,0.226923,158912.0
000548.SZ,20260508,95300,5.3,505090.0,5.26,0.0190899,1.13046,49921.6
000550.SZ,20260508,3300,19.41,64053.0,19.41,0.000636497,0.0590776,51846.3
000551.SZ,20260508,152000,16.43,2497360.0,16.62,0.0313695,0.457579,48454.7
000552.SZ,20260508,987700,2.81,2775437.0,2.79,0.0265097,0.812584,372581.0
000553.SZ,20260508,651200,7.31,4760272.0,7.33,0.0299117,2.43557,217707.0
000554.SZ,20260508,140400,7.87,1104948.0,7.79,0.0387147,0.53932,36265.3
000555.SZ,20260508,96600,14.59,1409394.0,14.63,0.00991144,0.317665,97463.2
000557.SZ,20260508,22200,4.69,104118.0,4.69,0.00152272,0.289539,145792.0
000558.SZ,20260508,128200,4.13,529466.0,4.14,0.00994813,0.359465,128868.0
000559.SZ,20260508,375800,17.2,6463760.0,17.2,0.0113386,0.455251,331435.0
000560.SZ,20260508,658900,3.05,2009645.0,3.07,0.028177,0.675534,233844.0
000561.SZ,20260508,20700,9.65,199755.0,9.66,0.00266668,0.199966,77624.7
000563.SZ,20260508,159600,3.25,518700.0,3.25,0.00312086,0.371105,511397.0
000564.SZ,20260508,991700,1.76,1745392.0,1.77,0.00656978,0.36986,1509490.0
000565.SZ,20260508,30800,7.9,243320.0,7.92,0.00710345,0.132904,43359.2
000566.SZ,20260508,29600,4.95,146520.0,4.95,0.00228265,0.102439,129674.0
000567.SZ,20260508,389400,6.67,2597298.0,6.75,0.0199842,0.461784,194854.0
000568.SZ,20260508,29000,98.99,2870710.0,99.05,0.0019711,0.24895,147126.0
000570.SZ,20260508,125500,6.56,823280.0,6.57,0.0225844,0.488871,55569.2
000571.SZ,20260508,305600,5.47,1671632.0,5.4,0.0375434,1.63738,81399.2
000572.SZ,20260508,118800,5.6,665280.0,5.61,0.00723396,0.355141,164225.0
000573.SZ,20260508,197200,4.84,954448.0,4.84,0.031155,0.667192,63296.5
000576.SZ,20260508,21600,8.8,190080.0,8.81,0.00497908,0.186956,43381.5
000581.SZ,20260508,62600,19.81,1240106.0,19.83,0.00788507,0.482786,79390.5
000582.SZ,20260508,367600,12.36,4543536.0,12.43,0.0170434,0.675921,215685.0
000586.SZ,20260508,335500,18.99,6371145.0,19.44,0.17548,1.89834,19119.0
000589.SZ,20260508,125600,5.02,630512.0,5.04,0.00813039,0.200247,154482.0
000590.SZ,20260508,19700,11.08,218276.0,11.04,0.00823033,0.459435,23935.9
000591.SZ,20260508,356600,5.25,1872150.0,5.26,0.00908651,0.378284,392450.0
000592.SZ,20260508,2276600,11.37,25884942.0,11.34,0.118877,1.31245,191509.0
000593.SZ,20260508,1308600,25.68,33604848.0,25.74,0.365038,2.07856,35848.3
000595.SZ,20260508,80300,6.66,534798.0,6.65,0.00705217,0.661439,113866.0
000596.SZ,20260508,4900,108.21,530229.0,108.22,0.00119922,0.176312,40860.0
000597.SZ,20260508,36800,4.93,181424.0,4.93,0.00261146,0.296538,140917.0
000598.SZ,20260508,114600,6.76,774696.0,6.75,0.00384663,0.351444,297923.0
000599.SZ,20260508,212100,5.8,1230180.0,5.82,0.025969,0.669094,81674.2
000600.SZ,20260508,260000,9.9,2574000.0,10.0,0.0238521,0.464727,109005.0
000601.SZ,20260508,1025100,7.16,7339716.0,7.19,0.0976641,1.14277,104962.0
000603.SZ,20260508,275400,39.01,10743354.0,38.95,0.0413069,1.23558,66671.6
000605.SZ,20260508,117900,7.18,846522.0,7.17,0.0334318,1.58633,35265.9
000607.SZ,20260508,66900,4.18,279642.0,4.17,0.00755904,0.44892,88503.3
000608.SZ,20260508,143400,3.75,537750.0,3.81,0.0192373,0.905522,74542.8
000609.SZ,20260508,5304715,16.7,88588740.5,15.9,1.82256,30.1996,29105.8
000610.SZ,20260508,108900,7.44,810216.0,7.44,0.0462417,0.675963,23550.2
000612.SZ,20260508,207500,13.42,2784650.0,13.54,0.0174048,0.422366,119220.0
000615.SZ,20260508,21180,3.31,70105.8,3.33,0.00228907,0.193278,92526.8
000617.SZ,20260508,573200,9.33,5347956.0,9.38,0.00453406,0.432932,1264210.0
000619.SZ,20260508,54500,6.2,337900.0,6.19,0.0151389,0.650979,36000.0
000620.SZ,20260508,8648295,3.02,26117850.9,3.11,0.185119,3.53065,467175.0
000623.SZ,20260508,26000,18.86,490360.0,18.91,0.0021831,0.141622,119097.0
000625.SZ,20260508,548300,9.35,5126605.0,9.36,0.0066323,0.705474,826711.0
000626.SZ,20260508,75900,8.91,676269.0,8.94,0.0150681,0.281788,50371.2
000628.SZ,20260508,122100,64.04,7819284.0,65.06,0.0635148,0.656671,19223.9
000629.SZ,20260508,767600,3.86,2962936.0,3.88,0.00826225,0.418971,929044.0
000630.SZ,20260508,1160500,6.49,7531645.0,6.55,0.0104146,0.37712,1114300.0
000631.SZ,20260508,233300,3.29,767557.0,3.29,0.0101435,1.11685,230000.0
000632.SZ,20260508,2817088,3.45,9718953.6,3.52,0.605199,8.6579,46548.2
000633.SZ,20260508,55300,6.74,372722.0,6.77,0.0143598,0.564502,38510.2
000635.SZ,20260508,7000,8.13,56910.0,8.12,0.00190829,0.120539,36682.0
000636.SZ,20260508,433200,24.8,10743360.0,25.15,0.0374412,0.453072,115701.0
000637.SZ,20260508,56200,4.8,269760.0,4.75,0.0154146,0.439018,36458.9
000639.SZ,20260508,5712900,1.77,10111833.0,1.83,0.529253,7.58571,107943.0
000650.SZ,20260508,21300,5.7,121410.0,5.69,0.00159984,0.126367,133139.0
000651.SZ,20260508,148200,39.85,5905770.0,39.89,0.00268381,0.162794,552201.0
000652.SZ,20260508,69700,4.28,298316.0,4.3,0.00472715,0.254266,147446.0
000655.SZ,20260508,34000,8.28,281520.0,8.32,0.00571102,0.479134,59534.0
000656.SZ,20260508,761700,1.39,1058763.0,1.39,0.00999852,0.728721,761813.0
000657.SZ,20260508,893700,61.8,55230660.0,63.19,0.0615104,0.849311,145293.0
000659.SZ,20260508,52200,4.0,208800.0,4.0,0.00406004,0.169873,128570.0
000661.SZ,20260508,39700,87.5,3473750.0,87.43,0.00993457,0.975704,39961.5
000663.SZ,20260508,18000,6.84,123120.0,6.83,0.00587657,0.188912,30630.1
000665.SZ,20260508,380600,5.01,1906806.0,5.0,0.0334705,1.39096,113712.0
000668.SZ,20260508,29100,17.78,517398.0,17.47,0.0198172,1.18459,14684.2
000669.SZ,20260508,45900,4.03,184977.0,4.03,0.00674594,0.267496,68040.9
000670.SZ,20260508,1438800,8.01,11524788.0,8.2,0.175066,3.16864,82186.3
000672.SZ,20260508,72200,14.44,1042568.0,14.54,0.00744794,0.237572,96939.5
000676.SZ,20260508,197200,7.54,1486888.0,7.52,0.0156629,0.782478,125903.0
000677.SZ,20260508,347000,3.28,1138160.0,3.45,0.0401631,1.42911,86397.8
000678.SZ,20260508,119200,12.21,1455432.0,12.26,0.0259349,1.17987,45961.2
000679.SZ,20260508,118500,6.83,809355.0,6.85,0.0332492,1.61053,35640.0
000680.SZ,20260508,80500,12.45,1002225.0,12.5,0.00612317,0.287086,131468.0
000681.SZ,20260508,477300,23.22,11082906.0,23.12,0.0705924,0.838411,67613.5
000682.SZ,20260508,166000,13.49,2239340.0,13.55,0.0123825,0.620626,134060.0
000683.SZ,20260508,34900,8.76,305724.0,8.77,0.00104425,0.0873589,334211.0
000685.SZ,20260508,16800,11.71,196728.0,11.74,0.00133975,0.0872957,125396.0
000686.SZ,20260508,257900,8.62,2223098.0,8.67,0.0110192,0.815891,234045.0
000688.SZ,20260508,118900,48.03,5710767.0,48.03,0.0100332,0.436519,118506.0
000690.SZ,20260508,617000,5.58,3442860.0,5.62,0.0283748,0.451311,217447.0
000691.SZ,20260508,96900,7.95,770355.0,7.94,0.0299749,1.5897,32327.0
000692.SZ,20260508,129900,5.12,665088.0,5.15,0.0243791,0.362486,53283.3
000695.SZ,20260508,44700,15.3,683910.0,15.37,0.0201523,0.3434,22181.1
000697.SZ,20260508,1499300,11.77,17646761.0,11.76,0.229564,8.2351,65310.7
000698.SZ,20260508,5400,3.86,20844.0,3.86,0.000687273,0.084354,78571.4
000700.SZ,20260508,2220100,13.82,30681782.0,13.56,0.241837,4.07827,91801.5
000701.SZ,20260508,98400,6.09,599256.0,6.06,0.0147361,0.597201,66774.7
000702.SZ,20260508,56800,6.96,395328.0,6.96,0.0213026,0.580204,26663.5
000703.SZ,20260508,615000,16.2,9963000.0,16.41,0.0161761,0.71387,380191.0
000705.SZ,20260508,53400,8.17,436278.0,8.16,0.0189385,0.491622,28196.5
000707.SZ,20260508,49100,5.84,286744.0,5.84,0.00891587,0.303148,55070.4
000708.SZ,20260508,19500,15.35,299325.0,15.42,0.000386358,0.129132,504714.0
000709.SZ,20260508,865700,2.37,2051709.0,2.38,0.00837606,0.402653,1033540.0
000710.SZ,20260508,47400,10.06,476844.0,9.99,0.0143841,0.780679,32953.0
000711.SZ,20260508,13625303,5.7,77664227.1,5.43,0.572182,15.8759,238129.0
000712.SZ,20260508,134600,10.36,1394456.0,10.41,0.0150268,0.79809,89573.4
000713.SZ,20260508,12300,6.4,78720.0,6.4,0.00200321,0.115469,61401.5
000715.SZ,20260508,129700,5.82,754854.0,5.84,0.0266855,0.323567,48603.1
000716.SZ,20260508,154700,5.16,798252.0,5.16,0.0209425,0.436293,73868.9
000717.SZ,20260508,76300,2.48,189224.0,2.47,0.00314826,0.381265,242356.0
000718.SZ,20260508,475200,2.15,1021680.0,2.15,0.0208254,1.19332,228183.0
000719.SZ,20260508,15800,13.75,217250.0,13.75,0.00236829,0.178209,66714.8
000720.SZ,20260508,6716900,5.43,36472767.0,5.17,0.534559,11.1428,125653.0
000721.SZ,20260508,10200,7.43,75786.0,7.43,0.00199079,0.150833,51236.0
000722.SZ,20260508,121900,14.61,1780959.0,14.76,0.0262626,0.404528,46415.8
000723.SZ,20260508,433500,4.3,1864050.0,4.33,0.00986347,0.671506,439501.0
000725.SZ,20260508,3210900,4.19,13453671.0,4.21,0.00883531,0.526734,3634170.0
000726.SZ,20260508,12300,6.56,80688.0,6.56,0.00208709,0.149358,58933.6
000727.SZ,20260508,7930300,2.89,22918567.0,2.9,0.175079,5.21177,452957.0
000728.SZ,20260508,62900,7.36,462944.0,7.37,0.00144141,0.233941,436378.0
000729.SZ,20260508,143500,13.03,1869805.0,13.07,0.00571803,0.334993,250961.0
000731.SZ,20260508,83500,6.9,576150.0,6.9,0.0152143,0.472356,54882.6
000733.SZ,20260508,36200,43.49,1574338.0,43.69,0.00653318,0.197523,55409.5
000735.SZ,20260508,11200,6.53,73136.0,6.52,0.000973154,0.0381136,115090.0
000736.SZ,20260508,32200,5.48,176456.0,5.51,0.00431001,0.466306,74709.8
000737.SZ,20260508,308700,14.75,4553325.0,14.94,0.0162086,0.63299,190454.0
000738.SZ,20260508,116900,21.73,2540237.0,21.77,0.00888849,0.545847,131518.0
000739.SZ,20260508,72600,17.5,1270500.0,17.45,0.00626938,0.613139,115801.0
000750.SZ,20260508,136100,3.93,534873.0,3.94,0.00234809,0.248988,579620.0
000751.SZ,20260508,865700,6.29,5445253.0,6.34,0.0614029,0.789697,140987.0
000752.SZ,20260508,94800,9.0,853200.0,9.15,0.035942,1.22963,26375.8
000753.SZ,20260508,293200,6.8,1993760.0,6.81,0.0295719,0.621959,99148.1
000755.SZ,20260508,6700,4.98,33366.0,4.99,0.000456618,0.0925478,146731.0
000756.SZ,20260508,13200,14.34,189288.0,14.35,0.00264582,0.293654,49889.9
000757.SZ,20260508,69000,4.86,335340.0,4.84,0.0129525,0.524328,53271.6
000758.SZ,20260508,498138,7.41,3691202.58,7.49,0.0252073,0.988024,197617.0
000759.SZ,20260508,32200,5.49,176778.0,5.47,0.00491074,0.20079,65570.6
000761.SZ,20260508,91700,2.84,260428.0,2.84,0.00247287,0.540324,370824.0
000762.SZ,20260508,276900,38.41,10635729.0,38.4,0.0531681,0.566019,52080.1
000766.SZ,20260508,288600,25.68,7411248.0,25.75,0.0298755,0.852208,96600.8
000767.SZ,20260508,2021500,4.22,8530730.0,4.29,0.0694138,1.07843,291225.0
000768.SZ,20260508,153200,23.49,3598668.0,23.46,0.00551791,0.567958,277641.0
000776.SZ,20260508,142100,21.04,2989784.0,21.17,0.00240682,0.150158,590405.0
000777.SZ,20260508,39100,20.2,789820.0,20.32,0.0101979,0.312042,38341.1
000778.SZ,20260508,113500,4.56,517560.0,4.57,0.0029151,0.15259,389352.0
000779.SZ,20260508,18000,8.89,160020.0,8.89,0.00387286,0.252891,46477.3
000782.SZ,20260508,154300,7.57,1168051.0,7.48,0.0292158,0.370698,52814.0
000783.SZ,20260508,3325700,8.33,27703081.0,8.34,0.0601384,1.5011,553007.0
000785.SZ,20260508,130000,2.54,330200.0,2.55,0.00223965,0.252611,580448.0
000786.SZ,20260508,53400,26.54,1417236.0,26.56,0.00316068,0.30369,168951.0
000788.SZ,20260508,166300,6.15,1022745.0,6.12,0.0279033,0.581021,59598.7
000789.SZ,20260508,13000,4.93,64090.0,4.94,0.00163028,0.266945,79740.8
000790.SZ,20260508,503400,4.5,2265300.0,4.47,0.0808526,1.07933,62261.5
000791.SZ,20260508,572900,8.65,4955585.0,8.7,0.0295978,0.894175,193562.0
000792.SZ,20260508,853600,39.0,33290400.0,38.92,0.0161315,0.537059,529153.0
000793.SZ,20260508,232600,2.67,621042.0,2.64,0.0118612,0.765525,196101.0
000795.SZ,20260508,18300,9.36,171288.0,9.37,0.00161421,0.130463,113368.0
000796.SZ,20260508,135800,4.97,674926.0,4.97,0.0102047,0.291907,133076.0
000797.SZ,20260508,58500,2.85,166725.0,2.86,0.00372489,0.192488,157052.0
000798.SZ,20260508,35000,9.28,324800.0,9.27,0.00956712,0.430739,36583.6
000799.SZ,20260508,36300,43.0,1560900.0,43.3,0.0111727,0.514887,32489.8
000800.SZ,20260508,37900,6.57,249003.0,6.59,0.000770194,0.187773,492084.0
000801.SZ,20260508,58300,13.26,773058.0,13.26,0.00573837,0.271068,101597.0
000802.SZ,20260508,1213200,4.95,6005340.0,4.85,0.169549,2.30873,71554.4
000803.SZ,20260508,41900,8.78,367882.0,8.8,0.0091129,0.205168,45978.8
000807.SZ,20260508,116600,31.91,3720706.0,32.13,0.00336224,0.196694,346792.0
000809.SZ,20260508,181900,4.0,727600.0,4.03,0.0220541,0.648282,82479.1
000810.SZ,20260508,31600,12.82,405112.0,12.86,0.00284529,0.192979,111061.0
000811.SZ,20260508,267400,25.71,6874854.0,26.03,0.0273305,0.521991,97839.6
000812.SZ,20260508,113800,4.07,463166.0,4.06,0.0150503,0.942189,75613.0
000813.SZ,20260508,99500,3.74,372130.0,3.76,0.00474542,0.234763,209676.0
000815.SZ,20260508,2455700,21.93,53853501.0,22.13,0.353204,2.17442,69526.3
000816.SZ,20260508,210000,3.03,636300.0,3.05,0.0145883,0.56523,143951.0
000818.SZ,20260508,2035400,19.0,38672600.0,18.54,0.309232,3.52883,65821.1
000819.SZ,20260508,47500,16.74,795150.0,16.72,0.0129947,0.649725,36553.2
000820.SZ,20260508,276700,3.82,1056994.0,3.8,0.0931754,1.70362,29696.7
000821.SZ,20260508,164400,10.43,1714692.0,10.54,0.0271892,1.44724,60465.1
000822.SZ,20260508,129900,5.54,719646.0,5.54,0.0145125,0.431808,89509.2
000823.SZ,20260508,1043100,17.0,17732700.0,17.31,0.194253,3.57636,53697.9
000825.SZ,20260508,101600,4.27,433832.0,4.27,0.00178363,0.207275,569625.0
000826.SZ,20260508,5285700,2.0,10571400.0,1.98,0.370886,6.69546,142516.0
000828.SZ,20260508,66800,10.29,687372.0,10.32,0.00642606,1.13886,103952.0
000829.SZ,20260508,115200,11.72,1350144.0,11.73,0.0112486,0.271915,102413.0
000830.SZ,20260508,92500,15.87,1467975.0,15.83,0.00485774,0.196234,190418.0
000831.SZ,20260508,111000,55.0,6105000.0,55.59,0.0104597,0.24481,106122.0
000833.SZ,20260508,948500,27.0,25609500.0,27.14,0.209058,1.29839,45370.2
000837.SZ,20260508,289499,11.46,3317658.54,11.56,0.0287371,1.59687,100740.0
000838.SZ,20260508,1021500,1.89,1930635.0,1.88,0.096938,1.58259,105377.0
000839.SZ,20260508,10850500,3.36,36457680.0,3.05,0.276811,13.9312,391983.0
000848.SZ,20260508,62200,9.01,560422.0,9.03,0.00615145,0.15934,101114.0
000850.SZ,20260508,46300,4.47,206961.0,4.47,0.00490791,0.316411,94337.5
000852.SZ,20260508,31500,7.21,227115.0,7.26,0.00333026,0.229695,94587.3
000856.SZ,20260508,59400,10.46,621324.0,10.42,0.0261674,0.401245,22700.0
000858.SZ,20260508,309000,92.6,28613400.0,92.6,0.00796081,0.729415,388151.0
000859.SZ,20260508,75100,9.23,693173.0,9.27,0.0083824,0.256605,89592.5
000860.SZ,20260508,30900,12.43,384087.0,12.44,0.00416573,0.426922,74176.7
000862.SZ,20260508,203600,6.89,1402804.0,6.9,0.0324221,0.510171,62796.7
000863.SZ,20260508,577300,5.14,2967322.0,5.12,0.0496297,1.44268,116322.0
000868.SZ,20260508,27600,4.53,125028.0,4.51,0.00376366,0.302028,73332.9
000869.SZ,20260508,8600,19.25,165550.0,19.25,0.00188964,0.558763,45511.2
000875.SZ,20260508,191000,6.75,1289250.0,6.75,0.00571449,0.375175,334238.0
000876.SZ,20260508,136300,8.78,1196714.0,8.8,0.00302889,0.352774,450000.0
000877.SZ,20260508,106300,4.68,497484.0,4.7,0.00149497,0.64957,711049.0
000878.SZ,20260508,243100,19.94,4847414.0,20.13,0.012133,0.477158,200362.0
000880.SZ,20260508,84000,30.63,2572920.0,30.93,0.037,0.333026,22702.7
000881.SZ,20260508,155500,7.89,1226895.0,7.94,0.0172064,1.62456,90373.2
000882.SZ,20260508,574900,1.61,925589.0,1.62,0.0210185,0.786318,273521.0
000883.SZ,20260508,177400,4.93,874582.0,4.94,0.00273783,0.390842,647959.0
000885.SZ,20260508,4500,14.14,63630.0,14.16,0.000700849,0.0686325,64207.8
000886.SZ,20260508,139800,5.37,750726.0,5.37,0.014297,0.575649,97782.8
000887.SZ,20260508,83700,18.05,1510785.0,18.16,0.00636807,0.339734,131437.0
000888.SZ,20260508,42400,11.45,485480.0,11.47,0.00804687,0.38739,52691.3
000889.SZ,20260508,12136100,5.66,68690326.0,5.35,1.3952,7.34532,86984.5
000890.SZ,20260508,2085000,14.7,30649500.0,15.13,0.497031,2.28945,41949.1
000892.SZ,20260508,87400,4.9,428260.0,4.9,0.0122954,0.201056,71083.6
000893.SZ,20260508,14200,54.31,771202.0,54.59,0.00174919,0.0883182,81180.6
000895.SZ,20260508,42500,27.3,1160250.0,27.22,0.00122683,0.312427,346421.0
000897.SZ,20260508,121900,2.14,260866.0,2.14,0.00753753,0.32252,161724.0
000898.SZ,20260508,163700,2.31,378147.0,2.31,0.00205719,0.457981,795748.0
000899.SZ,20260508,327700,13.36,4378072.0,13.43,0.0335869,1.18313,97567.8
000900.SZ,20260508,44200,4.24,187408.0,4.24,0.00291223,0.249897,151774.0
000901.SZ,20260508,101800,23.8,2422840.0,24.02,0.0127538,0.210209,79819.3
000902.SZ,20260508,28800,15.34,441792.0,15.31,0.00252016,0.163368,114278.0
000903.SZ,20260508,215600,2.17,467852.0,2.15,0.0112276,0.571245,192026.0
000905.SZ,20260508,113800,11.27,1282526.0,11.3,0.0153409,0.889141,74180.8
000906.SZ,20260508,101600,6.55,665480.0,6.57,0.0144886,0.327074,70124.0
000908.SZ,20260508,261000,7.02,1832220.0,7.05,0.0296667,1.40969,87977.4
000909.SZ,20260508,204700,4.45,910915.0,4.47,0.0467661,0.925319,43771.1
000910.SZ,20260508,48100,6.86,329966.0,6.82,0.00879051,0.806894,54718.1
000911.SZ,20260508,68500,5.48,375380.0,5.51,0.0171113,0.41932,40032.0
000912.SZ,20260508,561100,4.48,2513728.0,4.49,0.0357844,0.578124,156800.0
000913.SZ,20260508,10000,13.4,134000.0,13.44,0.0019227,0.179717,52010.3
000915.SZ,20260508,115100,29.33,3375883.0,28.81,0.0491497,2.89282,23418.2
000917.SZ,20260508,342900,8.87,3041523.0,8.87,0.0241912,0.728751,141746.0
000919.SZ,20260508,147700,7.24,1069348.0,7.23,0.0237549,0.618258,62176.7
000920.SZ,20260508,17300,11.65,201545.0,11.73,0.00366061,0.351249,47259.9
000921.SZ,20260508,19900,24.23,482177.0,24.24,0.00216744,0.151989,91813.3
000922.SZ,20260508,29700,15.4,457380.0,15.45,0.00505607,0.169481,58741.3
000923.SZ,20260508,69200,17.87,1236604.0,17.95,0.0110208,0.316215,62790.1
000925.SZ,20260508,1795500,9.79,17577945.0,9.9,0.266694,0.873073,67324.4
000926.SZ,20260508,470300,2.13,1001739.0,2.12,0.0298943,1.0534,157321.0
000927.SZ,20260508,336300,2.85,958455.0,2.86,0.00555836,0.450369,605035.0
000928.SZ,20260508,572300,6.79,3885917.0,6.9,0.0398919,1.62602,143463.0
000929.SZ,20260508,79200,10.68,845856.0,10.66,0.042637,2.52783,18575.4
000930.SZ,20260508,59300,5.87,348091.0,5.88,0.00319444,0.293752,185635.0
000931.SZ,20260508,51900,4.66,241854.0,4.65,0.00691051,0.421808,75103.0
000932.SZ,20260508,108200,4.67,505294.0,4.68,0.00157896,0.106234,685261.0
000933.SZ,20260508,181808,31.6,5745132.8,31.75,0.00808963,0.395383,224742.0
000935.SZ,20260508,18300,28.44,520452.0,28.4,0.00239704,0.214519,76344.0
000936.SZ,20260508,229500,7.58,1739610.0,7.65,0.0259062,0.461076,88588.7
000937.SZ,20260508,308600,5.65,1743590.0,5.65,0.00898818,1.06566,343340.0
000938.SZ,20260508,1511100,32.39,48944529.0,32.93,0.0528343,0.695123,286007.0
000948.SZ,20260508,83600,15.39,1286604.0,15.23,0.0214828,1.23491,38914.9
000949.SZ,20260508,302300,7.86,2376078.0,7.93,0.0182499,0.484758,165644.0
000950.SZ,20260508,107500,5.88,632100.0,5.87,0.0062204,0.317496,172818.0
000951.SZ,20260508,67800,22.68,1537704.0,22.91,0.00579985,0.297627,116899.0
000952.SZ,20260508,74200,7.57,561694.0,7.55,0.0215701,0.361076,34399.4
000953.SZ,20260508,32400,6.9,223560.0,6.91,0.0088495,0.378298,36612.2
000955.SZ,20260508,32800,5.15,168920.0,5.13,0.00609311,0.299933,53831.3
000957.SZ,20260508,35900,12.18,437262.0,12.21,0.00605494,0.195542,59290.4
000958.SZ,20260508,353700,6.1,2157570.0,6.13,0.00657017,0.844635,538342.0
000959.SZ,20260508,48000,4.57,219360.0,4.58,0.000644156,0.125745,745161.0
000960.SZ,20260508,525300,39.5,20749350.0,40.0,0.0319247,0.640418,164543.0
000962.SZ,20260508,93800,48.33,4533354.0,49.11,0.0186977,0.442712,50166.6
000963.SZ,20260508,39300,33.31,1309083.0,33.3,0.00224185,0.278082,175301.0
000965.SZ,20260508,54600,3.7,202020.0,3.7,0.00491967,0.223373,110983.0
000966.SZ,20260508,259700,4.73,1228381.0,4.77,0.00796254,0.294486,326152.0
000967.SZ,20260508,3648463,16.3,59469946.9,16.42,0.113324,1.42571,321949.0
000968.SZ,20260508,457000,8.58,3921060.0,8.46,0.047235,0.94513,96750.3
000969.SZ,20260508,54300,21.72,1179396.0,21.9,0.00521439,0.218904,104135.0
000970.SZ,20260508,96300,12.24,1178712.0,12.28,0.00792119,0.439151,121573.0
000972.SZ,20260508,17200,3.87,66564.0,3.87,0.00223005,0.146431,77128.4
000973.SZ,20260508,279000,20.69,5772510.0,20.89,0.0288395,0.310358,96742.3
000975.SZ,20260508,297700,28.16,8383232.0,28.16,0.0117788,0.685489,252743.0
000977.SZ,20260508,199094,72.13,14360650.22,73.24,0.0135731,0.251544,146683.0
000978.SZ,20260508,33200,6.52,216464.0,6.53,0.00709219,0.15642,46812.0
000980.SZ,20260508,2579500,2.59,6680905.0,2.63,0.0511552,0.972327,504250.0
000981.SZ,20260508,1679300,3.95,6633235.0,4.0,0.017652,0.543717,951336.0
000983.SZ,20260508,252100,7.01,1767221.0,6.97,0.00444067,0.210696,567707.0
000985.SZ,20260508,2700,19.88,53676.0,19.75,0.0020827,0.148212,12964.0
000987.SZ,20260508,755000,8.88,6704400.0,8.94,0.0150598,1.32691,501334.0
000988.SZ,20260508,1186300,130.79,155156177.0,133.5,0.118041,1.29957,100499.0
000989.SZ,20260508,45600,9.55,435480.0,9.57,0.00656915,0.253826,69415.4
000990.SZ,20260508,753900,11.57,8722623.0,11.48,0.0620373,0.894461,121524.0
000993.SZ,20260508,160000,12.87,2059200.0,12.87,0.0363845,0.811133,43974.8
000995.SZ,20260508,87800,13.97,1226566.0,13.93,0.0494904,0.836602,17740.8
000997.SZ,20260508,61200,20.62,1261944.0,20.69,0.00607481,0.388429,100744.0
000998.SZ,20260508,66800,9.11,608548.0,9.12,0.00508213,0.24616,131441.0
000999.SZ,20260508,56700,25.75,1460025.0,25.72,0.00341013,0.42247,166269.0
001201.SZ,20260508,19700,13.18,259646.0,13.17,0.00977959,0.373195,20144.0
001202.SZ,20260508,15700,17.2,270040.0,17.2,0.013439,0.749692,11682.4
001203.SZ,20260508,169900,50.15,8520485.0,50.09,0.0130094,0.463791,130597.0
001205.SZ,20260508,7200,15.27,109944.0,15.3,0.00432473,0.213771,16648.4
001206.SZ,20260508,4100,18.95,77695.0,18.95,0.00383664,0.174364,10686.4
001207.SZ,20260508,39400,18.12,713928.0,18.19,0.0134645,0.554588,29262.2
001208.SZ,20260508,95000,19.7,1871500.0,19.9,0.0298054,0.425792,31873.4
001209.SZ,20260508,16700,21.81,364227.0,21.76,0.0173787,0.279351,9609.46
001210.SZ,20260508,34900,22.57,787693.0,22.56,0.0366216,0.771448,9529.9
001211.SZ,20260508,125200,43.21,5409892.0,43.69,0.186875,1.52492,6699.65
001212.SZ,20260508,52200,56.38,2943036.0,56.39,0.0300261,0.674003,17384.9
001213.SZ,20260508,58200,3.98,231636.0,3.98,0.0013095,0.575683,444444.0
001215.SZ,20260508,30400,48.01,1459504.0,48.2,0.031372,0.324925,9690.16
001216.SZ,20260508,18700,18.05,337535.0,18.0,0.00761546,0.44419,24555.3
001217.SZ,20260508,19200,11.8,226560.0,11.79,0.00585058,0.439022,32817.2
001218.SZ,20260508,52600,27.4,1441240.0,27.31,0.0445532,0.996079,11806.1
001219.SZ,20260508,20400,15.5,316200.0,15.5,0.0107299,0.310071,19012.2
001220.SZ,20260508,4400,38.86,170984.0,39.01,0.0194616,0.185459,2260.86
001221.SZ,20260508,2200,56.87,125114.0,56.87,0.00610958,0.0866289,3600.9
001222.SZ,20260508,7800,18.6,145080.0,18.6,0.00690274,0.384756,11299.9
001223.SZ,20260508,5200,58.0,301600.0,58.18,0.0104246,0.343371,4988.2
001225.SZ,20260508,4800,51.77,248496.0,51.76,0.022815,0.369981,2103.88
001226.SZ,20260508,1900,49.16,93404.0,49.16,0.00560036,0.133336,3392.64
001227.SZ,20260508,164900,2.23,367727.0,2.23,0.0039099,0.326911,421750.0
001228.SZ,20260508,4200,30.77,129234.0,30.92,0.0052589,0.205317,7986.46
001229.SZ,20260508,7500,37.49,281175.0,37.49,0.0142371,0.44936,5267.94
001230.SZ,20260508,6800,27.77,188836.0,27.85,0.00865622,0.272383,7855.63
001231.SZ,20260508,17900,24.99,447321.0,25.03,0.0350138,0.721314,5112.27
001233.SZ,20260508,1800,61.45,110610.0,61.33,0.00508677,0.0583457,3538.59
001234.SZ,20260508,148300,30.0,4449000.0,30.85,0.162102,0.939596,9148.55
001236.SZ,20260508,26900,9.58,257702.0,9.58,0.00354845,0.184703,75807.8
001238.SZ,20260508,0,,0.0,47.69,0.0,0.0,10366.7
001239.SZ,20260508,1100,15.34,16874.0,15.32,0.000964912,0.0443666,11400.0
001255.SZ,20260508,7600,36.0,273600.0,36.11,0.0106958,0.415206,7105.6
001256.SZ,20260508,1400,25.14,35196.0,25.14,0.00130948,0.0372137,10691.3
001257.SZ,20260508,242200,26.09,6318998.0,26.01,0.176855,0.862401,13694.8
001258.SZ,20260508,208900,9.4,1963660.0,9.4,0.0223824,0.666135,93332.4
001259.SZ,20260508,12900,36.39,469431.0,36.41,0.0271325,0.483385,4754.45
001260.SZ,20260508,1900,22.2,42180.0,22.19,0.00165217,0.0990408,11500.0
001266.SZ,20260508,165400,43.36,7171744.0,44.0,0.284493,1.855,5813.85
001267.SZ,20260508,440000,55.55,24442000.0,56.71,0.0725305,0.666206,60664.1
001268.SZ,20260508,31900,39.35,1255265.0,39.31,0.047306,0.740535,6743.33
001269.SZ,20260508,48900,22.33,1091937.0,22.61,0.0254142,1.75782,19241.2
001270.SZ,20260508,111800,153.0,17105400.0,152.88,0.0549387,1.66095,20350.0
001277.SZ,20260508,3200,37.31,119392.0,37.19,0.00702533,0.183713,4554.95
001278.SZ,20260508,9300,21.9,203670.0,21.89,0.0109013,0.241146,8531.09
001279.SZ,20260508,3000,30.67,92010.0,30.68,0.0075,0.292742,4000.0
001280.SZ,20260508,77300,85.28,6592144.0,86.2,0.048897,0.650313,15808.7
001282.SZ,20260508,2500,21.3,53250.0,21.3,0.00319837,0.0660679,7816.48
001283.SZ,20260508,29900,75.0,2242500.0,74.93,0.0374975,0.458585,7973.87
001285.SZ,20260508,3300,53.2,175560.0,53.3,0.00795243,0.209922,4149.68
001286.SZ,20260508,47500,11.65,553375.0,11.68,0.00351852,0.188044,135000.0
001287.SZ,20260508,488500,28.62,13980870.0,29.08,0.0642848,0.944409,75990.0
001288.SZ,20260508,12700,28.25,358775.0,28.09,0.00835988,0.364539,15191.6
001289.SZ,20260508,48300,17.2,830760.0,17.34,0.000957966,0.421118,504193.0
001296.SZ,20260508,1200,23.08,27696.0,23.07,0.00155649,0.0384991,7709.67
001298.SZ,20260508,1110800,25.27,28069916.0,24.05,0.465402,3.03639,23867.5
001299.SZ,20260508,23900,11.0,262900.0,11.0,0.00844895,0.197052,28287.5
001300.SZ,20260508,11000,18.68,205480.0,18.79,0.00451234,0.222269,24377.6
001301.SZ,20260508,13400,82.65,1107510.0,82.66,0.00721422,0.13889,18574.4
001306.SZ,20260508,3200,72.3,231360.0,72.27,0.0206455,0.338564,1549.98
001308.SZ,20260508,7600,20.68,157168.0,20.65,0.00155982,0.358331,48723.7
001309.SZ,20260508,321589,599.23,192705776.47,616.51,0.199341,1.92949,16132.6
001311.SZ,20260508,5400,31.14,168156.0,31.14,0.00396318,0.110698,13625.4
001312.SZ,20260508,79400,24.17,1919098.0,24.07,0.138908,0.852293,5716.03
001313.SZ,20260508,64300,8.93,574199.0,8.98,0.00919684,0.374101,69915.3
001314.SZ,20260508,37800,54.78,2070684.0,55.55,0.0303885,0.577224,12438.9
001316.SZ,20260508,130040,59.27,7707470.8,59.97,0.116846,2.90069,11129.2
001317.SZ,20260508,62800,57.68,3622304.0,57.94,0.0734663,1.44722,8548.14
001318.SZ,20260508,1100,13.33,14663.0,13.32,0.00038916,0.0496488,28266.0
001319.SZ,20260508,13100,24.28,318068.0,24.28,0.0159756,0.567914,8200.01
001322.SZ,20260508,19900,7.17,142683.0,7.16,0.00253306,0.41266,78561.2
001323.SZ,20260508,118200,24.86,2938452.0,24.03,0.0379761,16.3115,31124.8
001324.SZ,20260508,14300,20.98,300014.0,20.99,0.017513,0.3554,8165.36
001325.SZ,20260508,4900,53.0,259700.0,53.1,0.025,0.136483,1960.0
001326.SZ,20260508,19200,57.78,1109376.0,57.77,0.079657,1.3252,2410.33
001328.SZ,20260508,6505,32.06,208550.3,32.18,0.00402246,0.374297,16171.7
001330.SZ,20260508,338100,8.9,3009090.0,8.89,0.0290752,0.255732,116285.0
001331.SZ,20260508,4300,46.82,201326.0,46.85,0.00218133,0.0857036,19712.7
001332.SZ,20260508,3100,64.38,199578.0,64.51,0.00645786,0.0840492,4800.35
001333.SZ,20260508,28200,23.6,665520.0,23.43,0.0640909,1.49106,4400.0
001335.SZ,20260508,2500,46.65,116625.0,46.67,0.00978702,0.160558,2554.4
001336.SZ,20260508,34600,29.89,1034194.0,29.57,0.0701495,0.778838,4932.33
001337.SZ,20260508,146200,57.42,8394804.0,58.35,0.0348095,0.796251,42000.0
001338.SZ,20260508,14900,13.26,197574.0,13.34,0.00296972,0.110095,50173.1
001339.SZ,20260508,115100,98.99,11393749.0,100.8,0.0924253,0.668999,12453.3
001356.SZ,20260508,55200,11.26,621552.0,11.29,0.027511,1.51159,20064.7
001358.SZ,20260508,16600,29.89,496174.0,29.86,0.0334028,0.326022,4969.65
001359.SZ,20260508,13200,93.65,1236180.0,95.0,0.0284626,0.465429,4637.67
001360.SZ,20260508,12200,21.52,262544.0,21.51,0.00972233,0.495989,12548.4
001366.SZ,20260508,30300,15.14,458742.0,15.13,0.0188574,0.457993,16068.0
001367.SZ,20260508,13800,23.64,326232.0,23.44,0.0113452,0.416979,12163.7
001368.SZ,20260508,3900,29.99,116961.0,30.01,0.00360407,0.141251,10821.1
001369.SZ,20260508,48000,15.95,765600.0,15.94,0.0238771,0.317732,20102.9
001373.SZ,20260508,7000,38.73,271110.0,38.98,0.0211278,0.371001,3313.17
001376.SZ,20260508,22300,15.56,346988.0,15.57,0.0104326,0.226041,21375.3
001378.SZ,20260508,5900,26.77,157943.0,26.83,0.00909395,0.229368,6487.83
001379.SZ,20260508,5000,22.12,110600.0,22.18,0.00742968,0.171162,6729.77
001380.SZ,20260508,1800,19.25,34650.0,19.19,0.00204538,0.0965197,8800.33
001382.SZ,20260508,8900,20.6,183340.0,20.65,0.014127,0.240674,6300.0
001386.SZ,20260508,13300,18.89,251237.0,18.9,0.0123672,0.301866,10754.3
001387.SZ,20260508,22300,14.34,319782.0,14.33,0.0195768,0.577977,11391.0
001388.SZ,20260508,2900,37.92,109968.0,37.87,0.00929487,0.253627,3120.0
001389.SZ,20260508,53300,177.08,9438364.0,180.32,0.035069,0.485319,15198.6
001390.SZ,20260508,4100,20.79,85239.0,20.83,0.0082,0.283543,5000.0
001391.SZ,20260508,163900,5.22,855558.0,5.22,0.0107875,1.09423,151935.0
001395.SZ,20260508,2400,40.01,96024.0,40.14,0.00511836,0.319979,4689.0
001396.SZ,20260508,5800,48.39,280662.0,48.48,0.0261177,0.205408,2220.71
001400.SZ,20260508,8700,205.62,1788894.0,210.9,0.0263457,0.404028,3302.25
001696.SZ,20260508,136500,17.79,2428335.0,17.78,0.015313,0.623974,89139.8
001872.SZ,20260508,32300,22.51,727073.0,22.37,0.00140313,0.895793,230200.0
001896.SZ,20260508,1545356,16.71,25822898.76,16.76,0.101283,0.88909,152578.0
001914.SZ,20260508,23800,10.52,250376.0,10.52,0.00225867,0.292606,105372.0
001965.SZ,20260508,11500,9.51,109365.0,9.5,0.00016924,0.0911897,679510.0
001979.SZ,20260508,328000,9.27,3040560.0,9.26,0.00389846,0.477585,841358.0
002001.SZ,20260508,174100,32.35,5632135.0,32.25,0.00573289,0.36203,303686.0
002003.SZ,20260508,28100,9.82,275942.0,9.82,0.00274924,0.257973,102210.0
002004.SZ,20260508,209000,4.86,1015740.0,4.84,0.0110974,0.592216,188332.0
002005.SZ,20260508,44600,2.9,129340.0,2.9,0.0025457,0.330716,175197.0
002006.SZ,20260508,34900,18.03,629247.0,18.09,0.00671421,0.349193,51979.3
002007.SZ,20260508,34900,14.45,504305.0,14.42,0.00221839,0.452769,157321.0
002008.SZ,20260508,537400,115.4,62015960.0,112.41,0.0561706,1.05755,95672.7
002009.SZ,20260508,138900,24.4,3389160.0,24.51,0.039232,0.665971,35404.8
002010.SZ,20260508,53600,5.83,312488.0,5.86,0.00194391,0.253727,275732.0
002011.SZ,20260508,19900,11.93,237407.0,11.94,0.00187814,0.14141,105956.0
002012.SZ,20260508,95400,6.95,663030.0,6.96,0.0204009,0.734165,46762.5
002014.SZ,20260508,19100,11.32,216212.0,11.32,0.0031691,0.591368,60269.4
002015.SZ,20260508,1738416,20.29,35272460.64,20.59,0.10709,1.06184,162332.0
002016.SZ,20260508,111400,5.36,597104.0,5.38,0.0137685,0.823909,80909.6
002017.SZ,20260508,23700,19.78,468786.0,19.92,0.0040856,0.192961,58008.6
002019.SZ,20260508,16600,11.15,185090.0,11.15,0.00197195,0.160122,84180.8
002020.SZ,20260508,33000,15.03,495990.0,15.02,0.00455821,0.342344,72396.8
002021.SZ,20260508,136500,3.27,446355.0,3.28,0.0114184,0.282051,119544.0
002022.SZ,20260508,20500,5.94,121770.0,5.94,0.00398617,0.279225,51427.8
002023.SZ,20260508,182200,12.86,2343092.0,12.96,0.024593,0.502999,74086.0
002024.SZ,20260508,740400,1.31,969924.0,1.31,0.00800148,2.08845,925329.0
002025.SZ,20260508,133500,76.76,10247460.0,77.32,0.0294136,0.429623,45387.1
002026.SZ,20260508,16400,13.26,217464.0,13.26,0.00372309,0.262314,44049.4
002027.SZ,20260508,675400,6.36,4295544.0,6.35,0.00467657,0.422464,1444220.0
002028.SZ,20260508,34800,203.98,7098504.0,206.68,0.00569853,0.2579,61068.3
002029.SZ,20260508,133100,11.4,1517340.0,11.4,0.0200028,0.614418,66540.6
002030.SZ,20260508,1590100,6.18,9826818.0,6.04,0.1133,8.93745,140345.0
002031.SZ,20260508,7458500,6.68,49822780.0,6.42,0.389759,12.7184,191362.0
002032.SZ,20260508,2500,47.26,118150.0,47.31,0.000312702,0.137502,79948.4
002033.SZ,20260508,117200,9.2,1078240.0,9.22,0.0213293,0.247505,54948.0
002034.SZ,20260508,134504,18.38,2472183.52,18.31,0.0275539,0.70817,48814.8
002035.SZ,20260508,24000,5.89,141360.0,5.9,0.00306891,0.172829,78203.8
002036.SZ,20260508,161200,8.12,1308944.0,8.12,0.0152728,0.361151,105547.0
002037.SZ,20260508,18300,8.5,155550.0,8.49,0.0037819,0.132921,48388.4
002038.SZ,20260508,199100,6.59,1312069.0,6.6,0.023371,0.41691,85191.1
002039.SZ,20260508,51200,20.81,1065472.0,20.84,0.011975,0.465878,42755.7
002040.SZ,20260508,68200,10.15,692230.0,10.22,0.0140307,0.80262,48607.5
002041.SZ,20260508,21500,10.04,215860.0,10.03,0.00244318,0.138609,88000.0
002042.SZ,20260508,2573800,5.36,13795568.0,5.39,0.151339,2.89568,170068.0
002043.SZ,20260508,58900,15.32,902348.0,15.21,0.00729391,0.454738,80752.3
002044.SZ,20260508,6352500,6.2,39385500.0,6.2,0.163968,2.54902,387423.0
002045.SZ,20260508,57000,11.49,654930.0,11.52,0.0101473,0.261628,56172.5
002046.SZ,20260508,52700,55.78,2939606.0,56.27,0.0099659,0.308916,52880.3
002047.SZ,20260508,1292800,5.53,7149184.0,5.39,0.0852681,5.57848,151616.0
002048.SZ,20260508,82400,28.87,2378888.0,28.93,0.0116089,0.429161,70979.9
002049.SZ,20260508,211500,78.05,16507575.0,79.01,0.0248966,0.567458,84951.5
002050.SZ,20260508,982975,50.0,49148750.0,50.32,0.0266808,0.727763,368420.0
002051.SZ,20260508,3856615,11.46,44196807.9,11.68,0.311687,6.64386,123734.0
002052.SZ,20260508,393400,11.2,4406080.0,11.23,0.0570652,1.04157,68938.7
002053.SZ,20260508,38900,12.19,474191.0,12.2,0.00422494,0.288261,92072.3
002054.SZ,20260508,53000,8.62,456860.0,8.67,0.0138016,0.253906,38401.2
002055.SZ,20260508,192500,6.1,1174250.0,6.08,0.032408,1.0096,59399.0
002056.SZ,20260508,174100,19.57,3407137.0,19.74,0.0107136,0.727843,162503.0
002057.SZ,20260508,39900,9.72,387828.0,9.75,0.0052966,0.407765,75331.4
002058.SZ,20260508,27000,26.8,723600.0,26.27,0.0188669,0.677648,14310.8
002059.SZ,20260508,12644,4.78,60438.32,4.79,0.00128621,0.149816,98304.6
002060.SZ,20260508,114200,3.76,429392.0,3.78,0.00730733,0.308232,156281.0
002061.SZ,20260508,136600,3.91,534106.0,3.91,0.00525559,0.677509,259914.0
002062.SZ,20260508,332200,9.61,3192442.0,9.64,0.0295367,0.932889,112470.0
002063.SZ,20260508,283900,6.55,1859545.0,6.56,0.0160506,0.598743,176878.0
002064.SZ,20260508,183400,11.08,2032072.0,11.08,0.00370356,0.387924,495199.0
002065.SZ,20260508,313600,8.63,2706368.0,8.61,0.0107843,0.72026,290792.0
002066.SZ,20260508,13000,22.57,293410.0,22.65,0.00562771,0.260203,23100.0
002067.SZ,20260508,73200,4.97,363804.0,5.0,0.00547247,0.16393,133760.0
002068.SZ,20260508,80500,9.48,763140.0,9.53,0.0109527,0.327635,73497.9
002069.SZ,20260508,96900,3.84,372096.0,3.84,0.0136437,0.812636,71021.6
002072.SZ,20260508,172100,7.27,1251167.0,7.35,0.0468259,1.64975,36753.2
002073.SZ,20260508,24000,6.72,161280.0,6.74,0.00236716,0.10164,101388.0
002074.SZ,20260508,148200,38.14,5652348.0,38.15,0.00853572,0.24329,173623.0
002075.SZ,20260508,57600,4.46,256896.0,4.47,0.00262556,0.218879,219382.0
002076.SZ,20260508,260800,2.27,592016.0,2.26,0.0250223,0.541614,104227.0
002077.SZ,20260508,202500,16.97,3436425.0,17.14,0.0348928,0.658704,58034.9
002078.SZ,20260508,38200,14.69,561158.0,14.68,0.00137541,0.187186,277735.0
002079.SZ,20260508,677300,12.0,8127600.0,12.11,0.0835575,0.899845,81058.0
002080.SZ,20260508,388889,62.36,24251118.04,63.18,0.023174,0.733297,167812.0
002081.SZ,20260508,54892786,6.43,352960613.98,7.14,2.07594,13.2362,264424.0
002082.SZ,20260508,70300,24.43,1717429.0,25.72,0.0127067,0.245622,55325.2
002083.SZ,20260508,107000,11.09,1186630.0,11.18,0.0113069,0.257404,94632.3
002084.SZ,20260508,39000,3.83,149370.0,3.81,0.00605081,0.275373,64454.1
002085.SZ,20260508,215200,14.21,3057992.0,14.2,0.0101352,0.690652,212330.0
002086.SZ,20260508,171700,2.02,346834.0,2.03,0.0108583,0.272063,158129.0
002088.SZ,20260508,5200,9.95,51740.0,9.93,0.00102821,0.112241,50573.4
002090.SZ,20260508,51200,11.36,581632.0,11.36,0.0129608,0.486926,39503.6
002091.SZ,20260508,142300,8.85,1259355.0,8.9,0.00890382,0.269664,159819.0
002092.SZ,20260508,485400,6.27,3043458.0,6.28,0.0188465,0.676699,257555.0
002093.SZ,20260508,73300,8.52,624516.0,8.52,0.00727543,0.402294,100750.0
002094.SZ,20260508,264500,6.05,1600225.0,6.1,0.0383082,1.50083,69045.4
002095.SZ,20260508,16300,16.58,270254.0,16.58,0.00647575,0.372174,25170.8
002096.SZ,20260508,48500,11.21,543685.0,11.19,0.00390991,0.425899,124044.0
002097.SZ,20260508,54700,10.11,553017.0,10.11,0.00509962,0.296833,107263.0
002098.SZ,20260508,22500,8.54,192150.0,8.52,0.00628492,0.471964,35800.0
002099.SZ,20260508,151500,6.15,931725.0,6.13,0.00937871,0.387294,161536.0
002100.SZ,20260508,86900,8.0,695200.0,8.01,0.00636513,0.223537,136525.0
002101.SZ,20260508,7100,10.01,71071.0,10.0,0.00107216,0.117666,66221.2
002102.SZ,20260508,36778816,2.27,83487912.32,2.39,1.69262,164.316,217290.0
002103.SZ,20260508,22700,8.32,188864.0,8.33,0.00584847,0.275056,38813.6
002104.SZ,20260508,106700,14.7,1568490.0,14.78,0.0177922,0.275268,59970.2
002105.SZ,20260508,33300,6.69,222777.0,6.69,0.00913653,0.353352,36447.1
002106.SZ,20260508,30400,10.78,327712.0,10.88,0.00431265,0.252979,70490.2
002107.SZ,20260508,96000,7.44,714240.0,7.51,0.016801,0.437845,57139.4
002108.SZ,20260508,874000,5.71,4990540.0,5.75,0.0530501,0.760943,164750.0
002109.SZ,20260508,149600,3.47,519112.0,3.65,0.0117217,0.979397,127627.0
002110.SZ,20260508,94000,3.44,323360.0,3.43,0.00386978,0.428601,242908.0
002111.SZ,20260508,53100,11.29,599499.0,11.31,0.0108644,0.18611,48875.1
002112.SZ,20260508,116300,21.06,2449278.0,21.27,0.0443758,0.602578,26208.0
002114.SZ,20260508,101000,9.26,935260.0,9.35,0.0312316,0.940543,32339.1
002115.SZ,20260508,2266300,14.68,33269284.0,15.32,0.301291,1.30583,75219.6
002116.SZ,20260508,3600,9.8,35280.0,9.82,0.000782597,0.0700706,46000.7
002117.SZ,20260508,51000,10.38,529380.0,10.43,0.00974127,0.519491,52354.6
002119.SZ,20260508,268800,21.8,5859840.0,22.34,0.0716258,1.04528,37528.4
002120.SZ,20260508,182100,7.94,1445874.0,7.97,0.00646862,0.193132,281513.0
002121.SZ,20260508,88800,7.12,632256.0,7.15,0.00632146,0.305115,140474.0
002122.SZ,20260508,118000,2.95,348100.0,2.96,0.00593645,0.706761,198772.0
002123.SZ,20260508,79000,9.79,773410.0,9.79,0.0109641,0.50704,72053.2
002124.SZ,20260508,869100,2.62,2277042.0,2.63,0.0440682,0.511894,197217.0
002125.SZ,20260508,136200,15.6,2124720.0,15.6,0.0216358,0.360636,62951.1
002126.SZ,20260508,48400,49.0,2371600.0,49.5,0.00609407,0.219074,79421.5
002127.SZ,20260508,348000,3.05,1061400.0,3.05,0.0174459,0.653819,199473.0
002128.SZ,20260508,60100,31.44,1889544.0,31.32,0.00268115,0.359438,224157.0
002129.SZ,20260508,587500,8.81,5175875.0,8.86,0.0145429,0.807192,403978.0
002130.SZ,20260508,169400,23.56,3991064.0,23.78,0.0147696,0.361003,114695.0
002131.SZ,20260508,3584100,7.07,25339587.0,7.07,0.0612165,0.802826,585480.0
002132.SZ,20260508,533900,5.1,2722890.0,5.2,0.0381579,0.52357,139919.0
002133.SZ,20260508,121600,3.35,407360.0,3.34,0.0157949,0.559923,76987.0
002134.SZ,20260508,35300,27.62,974986.0,27.95,0.0143211,0.200595,24649.0
002135.SZ,20260508,468600,9.28,4348608.0,9.35,0.0448906,0.686729,104387.0
002136.SZ,20260508,71300,15.5,1105150.0,15.78,0.0332469,0.399747,21445.6
002137.SZ,20260508,17400,8.4,146160.0,8.43,0.00438886,0.192273,39645.8
002138.SZ,20260508,177300,36.35,6444855.0,36.64,0.0234369,0.497495,75650.0
002139.SZ,20260508,71300,11.0,784300.0,11.06,0.00665677,0.270775,107109.0
002140.SZ,20260508,180500,12.66,2285130.0,12.83,0.0255318,1.84641,70696.1
002141.SZ,20260508,94100,3.76,353816.0,3.78,0.00910996,0.445637,103294.0
002142.SZ,20260508,25900,32.5,841750.0,32.46,0.000392457,0.0995607,659944.0
002144.SZ,20260508,4800,13.89,66672.0,13.85,0.00348732,0.102768,13764.2
002145.SZ,20260508,190200,4.61,876822.0,4.63,0.00499675,0.294666,380647.0
002146.SZ,20260508,1211350,1.34,1623209.0,1.34,0.0309688,0.907578,391152.0
002148.SZ,20260508,44400,8.09,359196.0,8.08,0.00988165,0.359625,44931.8
002149.SZ,20260508,1197500,72.78,87154050.0,73.47,0.245319,1.49673,48813.9
002150.SZ,20260508,81700,28.87,2358679.0,29.21,0.0227865,0.513977,35854.5
002151.SZ,20260508,121500,43.74,5314410.0,44.05,0.0274381,0.43382,44281.5
002152.SZ,20260508,398544,12.1,4822382.4,12.04,0.0160565,1.80493,248213.0
002153.SZ,20260508,279900,10.38,2905362.0,10.33,0.0174963,0.785822,159976.0
002154.SZ,20260508,693000,4.38,3035340.0,4.4,0.0587401,0.719109,117977.0
002155.SZ,20260508,570700,30.19,17229433.0,30.4,0.0365245,1.09802,156251.0
002156.SZ,20260508,2998400,58.31,174836704.0,59.08,0.197594,2.35282,151745.0
002157.SZ,20260508,1785900,3.52,6286368.0,3.51,0.022933,0.411155,778746.0
002158.SZ,20260508,500000,31.66,15830000.0,31.97,0.093709,2.69324,53356.7
002159.SZ,20260508,17700,16.05,284085.0,16.0,0.0127823,0.369825,13847.3
002160.SZ,20260508,44600,4.93,219878.0,4.93,0.00432703,0.226525,103073.0
002161.SZ,20260508,96400,7.09,683476.0,7.07,0.0130339,0.302509,73960.9
002162.SZ,20260508,81600,4.41,359856.0,4.45,0.00888411,0.617741,91849.4
002163.SZ,20260508,64300,12.47,801821.0,12.47,0.008002,0.201683,80354.9
002164.SZ,20260508,68900,13.05,899145.0,13.08,0.0143609,0.543701,47977.5
002165.SZ,20260508,155400,8.81,1369074.0,8.81,0.0213584,0.43391,72758.4
002166.SZ,20260508,38700,8.91,344817.0,8.9,0.00523975,0.400292,73858.5
002167.SZ,20260508,74800,13.3,994840.0,13.42,0.0098588,0.261118,75871.3
002168.SZ,20260508,0,,0.0,4.09,0.0,0.0,78416.3
002169.SZ,20260508,52600,13.18,693268.0,13.23,0.00693315,0.231819,75867.4
002170.SZ,20260508,208200,13.66,2844012.0,13.62,0.0264505,0.64117,78713.0
002171.SZ,20260508,156200,11.8,1843160.0,11.87,0.00967937,0.502967,161374.0
002172.SZ,20260508,166500,3.78,629370.0,3.76,0.0217607,0.908813,76514.1
002173.SZ,20260508,161300,24.37,3930881.0,24.37,0.0383258,0.827368,42086.5
002174.SZ,20260508,142400,10.63,1513712.0,10.67,0.0145416,0.36402,97925.9
002175.SZ,20260508,46183900,2.36,108994004.0,2.48,3.61721,127.062,127678.0
002176.SZ,20260508,712900,15.37,10957273.0,15.52,0.0418509,0.235781,170343.0
002177.SZ,20260508,106600,7.63,813358.0,7.67,0.0157945,0.275483,67491.9
002178.SZ,20260508,58400,5.83,340472.0,5.86,0.00820475,0.405071,71178.3
002179.SZ,20260508,91200,36.51,3329712.0,36.61,0.0043501,0.253652,209650.0
002180.SZ,20260508,42100,18.33,771693.0,18.5,0.00309493,0.202275,136029.0
002181.SZ,20260508,1568200,18.6,29168520.0,18.72,0.138224,1.23121,113454.0
002182.SZ,20260508,68200,16.4,1118480.0,16.52,0.00787979,0.313562,86550.5
002183.SZ,20260508,11905500,6.79,80838345.0,6.5,0.458434,11.0701,259699.0
002184.SZ,20260508,6000,11.99,71940.0,12.05,0.00249615,0.0746879,24037.0
002185.SZ,20260508,1338500,13.7,18337450.0,13.94,0.0409806,0.726429,326618.0
002186.SZ,20260508,25400,10.69,271526.0,10.68,0.00827897,0.471799,30680.2
002187.SZ,20260508,82700,6.1,504470.0,6.12,0.0117992,0.862956,70089.5
002188.SZ,20260508,107500,7.11,764325.0,7.1,0.0417698,0.626936,25736.3
002189.SZ,20260508,66800,22.64,1512352.0,22.64,0.0255782,1.42138,26116.0
002190.SZ,20260508,20900,30.04,627836.0,30.0,0.00582612,0.471288,35872.9
002191.SZ,20260508,100200,3.85,385770.0,3.86,0.00695585,0.244064,144051.0
002192.SZ,20260508,334400,105.8,35379520.0,105.1,0.129053,0.849936,25911.8
002193.SZ,20260508,137300,5.88,807324.0,6.19,0.0524618,0.967545,26171.4
002194.SZ,20260508,1854100,12.6,23361660.0,12.5,0.362924,5.80412,51087.9
002195.SZ,20260508,1496200,9.15,13690230.0,9.14,0.0266235,0.799921,561985.0
002196.SZ,20260508,155100,14.41,2234991.0,14.6,0.0317561,0.592759,48841.0
002197.SZ,20260508,99600,8.38,834648.0,8.44,0.0186517,0.524896,53400.0
002198.SZ,20260508,416300,5.01,2085663.0,5.27,0.0820328,1.48968,50748.0
002199.SZ,20260508,27800,11.44,318032.0,11.45,0.0120382,0.284771,23093.2
002200.SZ,20260508,21800,7.58,165244.0,7.6,0.011138,1.43627,19572.6
002201.SZ,20260508,581100,14.35,8338785.0,14.49,0.0965245,0.675218,60202.3
002202.SZ,20260508,1162000,28.09,32640580.0,28.46,0.0345473,0.474286,336350.0
002203.SZ,20260508,1268300,21.08,26735764.0,20.89,0.0573336,1.72195,221214.0
002204.SZ,20260508,76200,6.72,512064.0,6.73,0.00394539,0.223348,193137.0
002205.SZ,20260508,19000,13.62,258780.0,13.66,0.0102237,0.516423,18584.3
002206.SZ,20260508,42600,6.12,260712.0,6.12,0.0040309,0.281603,105684.0
002207.SZ,20260508,2476100,7.7,19065970.0,7.57,0.949382,5.60244,26081.2
002208.SZ,20260508,796200,14.38,11449356.0,14.64,0.0991443,1.796,80307.2
002209.SZ,20260508,254900,14.44,3680756.0,14.38,0.16307,1.77016,15631.3
002210.SZ,20260508,5604195,3.27,18325717.65,3.29,0.211059,1.7619,265527.0
002211.SZ,20260508,58800,3.62,212856.0,3.61,0.0135961,0.513851,43247.6
002212.SZ,20260508,172800,7.71,1332288.0,7.66,0.0148092,0.44039,116684.0
002213.SZ,20260508,359100,38.58,13854078.0,39.96,0.173829,0.86861,20658.3
002214.SZ,20260508,25800,18.37,473946.0,18.31,0.00539279,0.432668,47841.7
002215.SZ,20260508,110700,10.77,1192239.0,10.76,0.0137859,0.490584,80299.3
002216.SZ,20260508,24130,14.22,343128.6,14.25,0.00382711,0.172283,63050.2
002217.SZ,20260508,42759936,3.61,154363368.96,3.5,0.587416,4.47838,727932.0
002218.SZ,20260508,1056600,5.8,6128280.0,5.86,0.0761416,0.898959,138768.0
002219.SZ,20260508,363400,2.34,850356.0,2.34,0.0111068,0.430004,327187.0
002221.SZ,20260508,44200,7.8,344760.0,7.81,0.00302555,0.189234,146089.0
002222.SZ,20260508,348598,95.9,33430548.2,98.4,0.0744626,0.937959,46815.2
002223.SZ,20260508,156200,30.0,4686000.0,29.73,0.0165766,1.55492,94229.4
002224.SZ,20260508,62600,4.28,267928.0,4.29,0.00776309,0.353685,80638.0
002225.SZ,20260508,409400,4.7,1924180.0,4.75,0.0431573,0.464882,94862.2
002226.SZ,20260508,35300,5.38,189914.0,5.39,0.00133262,0.233629,264892.0
002227.SZ,20260508,14800,8.66,128168.0,8.68,0.00601781,0.122969,24593.7
002228.SZ,20260508,85200,3.92,333984.0,3.93,0.00704527,0.350177,120932.0
002229.SZ,20260508,655900,18.25,11970175.0,18.34,0.133,1.15792,49315.6
002230.SZ,20260508,750200,50.5,37885100.0,49.98,0.0342668,1.52809,218929.0
002232.SZ,20260508,11300,18.17,205321.0,18.18,0.00276589,0.252012,40854.8
002233.SZ,20260508,45300,8.82,399546.0,8.87,0.00386099,0.230817,117327.0
002234.SZ,20260508,17700,8.55,151335.0,8.51,0.00587243,0.31783,30140.9
002235.SZ,20260508,433500,12.16,5271360.0,12.04,0.0783087,0.544631,55357.8
002236.SZ,20260508,127100,18.26,2320846.0,18.36,0.00531549,0.272245,239113.0
002237.SZ,20260508,206000,16.95,3491700.0,17.07,0.0172767,0.626042,119236.0
002238.SZ,20260508,286500,7.34,2102910.0,7.33,0.0356983,4.30532,80255.9
002239.SZ,20260508,229600,2.89,663544.0,2.9,0.00855961,0.319085,268237.0
002240.SZ,20260508,353800,59.4,21015720.0,59.6,0.0387552,0.497952,91290.9
002241.SZ,20260508,336991,25.18,8485433.38,25.34,0.0107233,0.373315,314259.0
002242.SZ,20260508,100500,10.97,1102485.0,11.0,0.0131944,0.392132,76168.6
002243.SZ,20260508,88200,8.5,749700.0,8.55,0.00732472,0.628096,120414.0
002244.SZ,20260508,46400,9.98,463072.0,10.0,0.00168265,0.123097,275755.0
002245.SZ,20260508,328000,22.58,7406240.0,22.61,0.0302154,0.450982,108554.0
002246.SZ,20260508,60100,25.11,1509111.0,24.86,0.0109465,0.232841,54903.5
002247.SZ,20260508,308900,2.94,908166.0,2.95,0.0480001,1.07444,64354.1
002248.SZ,20260508,290100,13.52,3922152.0,13.62,0.0943428,1.26763,30749.6
002249.SZ,20260508,190599,9.54,1818314.46,9.6,0.0102377,0.373856,186174.0
002250.SZ,20260508,25200,16.51,416052.0,16.52,0.00281572,0.111107,89497.6
002251.SZ,20260508,207700,4.08,847416.0,4.09,0.00964937,0.408795,215247.0
002252.SZ,20260508,94020,5.56,522751.2,5.56,0.00141729,0.349864,663378.0
002253.SZ,20260508,111800,11.9,1330420.0,11.71,0.053251,1.48107,20994.9
002254.SZ,20260508,59100,11.48,678468.0,11.52,0.0069483,0.214661,85056.8
002255.SZ,20260508,106500,11.36,1209840.0,11.33,0.0166935,0.366478,63797.2
002256.SZ,20260508,1187400,4.75,5640150.0,4.8,0.0603487,0.644955,196757.0
002258.SZ,20260508,16200,12.47,202014.0,12.48,0.00202716,0.0979904,79914.9
002259.SZ,20260508,211000,5.26,1109860.0,5.31,0.0280463,0.375663,75232.8
002261.SZ,20260508,2320006,36.56,84819419.36,37.75,0.202425,1.74083,114611.0
002262.SZ,20260508,112100,21.98,2463958.0,22.06,0.012682,0.97462,88392.7
002263.SZ,20260508,949200,4.27,4053084.0,4.3,0.0505338,0.547086,187835.0
002264.SZ,20260508,141000,8.63,1216830.0,8.62,0.0215339,0.702567,65478.3
002265.SZ,20260508,50200,23.08,1158616.0,23.14,0.00485944,0.620986,103304.0
002266.SZ,20260508,1219000,5.65,6887350.0,5.63,0.0251725,0.538387,484259.0
002267.SZ,20260508,23600,7.99,188564.0,7.99,0.00212216,0.152754,111208.0
002268.SZ,20260508,27700,16.3,451510.0,16.26,0.00327712,0.325721,84525.4
002269.SZ,20260508,361400,1.67,603538.0,1.67,0.0154199,0.413992,234373.0
002270.SZ,20260508,97700,24.32,2376064.0,24.51,0.0109015,0.372773,89621.1
002271.SZ,20260508,168300,16.12,2712996.0,16.25,0.00879084,0.27281,191449.0
002272.SZ,20260508,738897,19.59,14474992.23,19.86,0.181043,1.41314,40813.3
002273.SZ,20260508,402300,34.41,13843143.0,35.06,0.0295357,0.608184,136208.0
002274.SZ,20260508,186200,6.35,1182370.0,6.31,0.0198539,0.478983,93784.9
002275.SZ,20260508,9000,14.44,129960.0,14.4,0.0016155,0.312112,55710.3
002276.SZ,20260508,99000,13.65,1351350.0,13.68,0.0098303,0.387015,100709.0
002277.SZ,20260508,127300,6.16,784168.0,6.17,0.00913086,0.43976,139417.0
002278.SZ,20260508,37400,10.61,396814.0,10.62,0.0112396,0.306443,33275.3
002279.SZ,20260508,227900,8.02,1827758.0,7.95,0.0288643,0.680887,78955.6
002281.SZ,20260508,742500,160.0,118800000.0,164.29,0.0952535,1.08873,77949.9
002282.SZ,20260508,19102,6.93,132376.86,6.93,0.00378254,0.359714,50500.5
002283.SZ,20260508,281900,12.51,3526569.0,12.51,0.0281105,0.597944,100283.0
002284.SZ,20260508,56500,13.0,734500.0,13.01,0.00773031,0.206141,73088.9
002285.SZ,20260508,369600,3.11,1149456.0,3.12,0.0187117,0.600116,197524.0
002286.SZ,20260508,23700,10.06,238422.0,10.06,0.00641078,0.25784,36969.0
002287.SZ,20260508,22900,23.09,528761.0,22.97,0.00401089,1.53741,57094.5
002289.SZ,20260508,499400,41.33,20640202.0,40.31,0.181976,41.3451,27443.1
002290.SZ,20260508,152300,91.99,14010077.0,93.46,0.061611,0.900623,24719.6
002291.SZ,20260508,214300,6.81,1459383.0,6.82,0.024657,0.456786,86912.5
002292.SZ,20260508,478200,8.2,3921240.0,8.22,0.0469805,1.55709,101787.0
002293.SZ,20260508,19900,10.62,211338.0,10.62,0.0024075,0.145829,82658.3
002294.SZ,20260508,19500,50.6,986700.0,50.75,0.00174956,0.158764,111457.0
002295.SZ,20260508,38700,11.36,439632.0,11.39,0.0154536,0.751659,25042.7
002296.SZ,20260508,136100,11.9,1619590.0,11.79,0.0391853,0.957574,34732.4
002297.SZ,20260508,2533400,23.9,60548260.0,24.75,0.442048,1.27657,57310.5
002298.SZ,20260508,2314300,11.16,25827588.0,11.11,0.35025,6.36243,66075.7
002299.SZ,20260508,109600,18.6,2038560.0,18.6,0.00899144,1.03601,121894.0
002300.SZ,20260508,281600,9.83,2768128.0,9.92,0.0389868,0.734883,72229.5
002301.SZ,20260508,56600,7.16,405256.0,7.19,0.00788312,0.239578,71799.0
002302.SZ,20260508,21300,5.55,118215.0,5.56,0.00168732,0.280266,126235.0
002303.SZ,20260508,229400,3.45,791430.0,3.45,0.0237258,1.11475,96688.1
002304.SZ,20260508,30500,48.5,1479250.0,48.63,0.00202468,0.524684,150641.0
002305.SZ,20260508,285600,2.28,651168.0,2.27,0.0164696,1.01812,173410.0
002306.SZ,20260508,92800,2.27,210656.0,2.27,0.011401,0.659671,81396.0
002307.SZ,20260508,392300,4.4,1726120.0,4.39,0.0309314,2.30556,126829.0
002309.SZ,20260508,4707500,4.71,22172325.0,4.67,0.195646,1.07505,240613.0
002310.SZ,20260508,2133600,3.2,6827520.0,3.26,0.04963,0.624135,429901.0
002311.SZ,20260508,5500,47.4,260700.0,47.4,0.000334519,0.0382874,164415.0
002312.SZ,20260508,72400,10.8,781920.0,10.82,0.00384326,0.157108,188382.0
002313.SZ,20260508,220800,10.05,2219040.0,10.2,0.0589785,0.567684,37437.4
002314.SZ,20260508,236400,2.48,586272.0,2.48,0.0176639,0.625039,133832.0
002315.SZ,20260508,111200,32.67,3632904.0,32.35,0.0422953,1.28801,26291.3
002316.SZ,20260508,149700,5.63,842811.0,5.63,0.043928,0.77048,34078.5
002317.SZ,20260508,8292300,22.54,186908442.0,20.49,1.08878,21.0801,76161.7
002318.SZ,20260508,17900,29.74,532346.0,29.9,0.00187496,0.114035,95468.9
002319.SZ,20260508,27700,11.8,326860.0,11.82,0.01385,0.282138,20000.0
002320.SZ,20260508,26700,8.52,227484.0,8.53,0.0011942,0.145699,223580.0
002321.SZ,20260508,172300,2.1,361830.0,2.11,0.00811256,0.567955,212387.0
002322.SZ,20260508,38600,12.12,467832.0,12.14,0.0109846,0.525701,35140.0
002323.SZ,20260508,109100,1.43,156013.0,1.51,0.00514503,0.929404,212049.0
002324.SZ,20260508,368900,15.57,5743773.0,15.42,0.0475218,0.949007,77627.6
002326.SZ,20260508,174500,24.26,4233370.0,24.52,0.0215923,0.258455,80815.9
002327.SZ,20260508,12100,7.23,87483.0,7.24,0.00246444,0.13493,49098.3
002328.SZ,20260508,1032648,10.88,11235210.24,11.08,0.180915,1.40262,57079.1
002329.SZ,20260508,75200,4.38,329376.0,4.38,0.0115409,0.175268,65159.3
002330.SZ,20260508,66800,4.72,315296.0,4.69,0.0105172,0.487849,63514.9
002331.SZ,20260508,168800,9.45,1595160.0,9.48,0.0426422,0.63248,39585.2
002332.SZ,20260508,25000,8.83,220750.0,8.81,0.00253917,0.302768,98457.4
002333.SZ,20260508,189900,5.46,1036854.0,5.46,0.0284917,1.43168,66650.9
002334.SZ,20260508,103900,7.95,826005.0,7.95,0.0141358,0.630604,73501.2
002335.SZ,20260508,922400,69.0,63645600.0,69.16,0.202873,2.96697,45466.9
002337.SZ,20260508,5900,6.21,36639.0,6.23,0.00100341,0.0610774,58799.7
002338.SZ,20260508,25900,62.12,1608908.0,62.75,0.0107917,0.310354,24000.0
002339.SZ,20260508,30900,10.22,315798.0,10.24,0.00645471,0.178067,47872.0
002340.SZ,20260508,777200,9.06,7041432.0,9.13,0.0153123,0.212712,507566.0
002342.SZ,20260508,4653200,22.12,102928784.0,22.12,0.487404,2.15502,95469.0
002343.SZ,20260508,47600,6.26,297976.0,6.25,0.010049,0.394908,47368.0
002344.SZ,20260508,91300,4.38,399894.0,4.38,0.00712574,0.681246,128127.0
002345.SZ,20260508,67100,10.61,711931.0,10.56,0.00773728,0.259464,86722.9
002346.SZ,20260508,4500,18.17,81765.0,18.22,0.00114763,0.11057,39211.3
002347.SZ,20260508,75000,8.34,625500.0,8.32,0.0152012,0.457305,49338.3
002348.SZ,20260508,415600,12.77,5307212.0,12.59,0.0459972,1.03255,90353.3
002349.SZ,20260508,48702,7.43,361855.86,7.43,0.00598172,0.363451,81418.1
002350.SZ,20260508,549200,16.17,8880564.0,15.95,0.103515,1.72512,53055.0
002351.SZ,20260508,12200,11.26,137372.0,11.27,0.0023414,0.218615,52105.7
002352.SZ,20260508,97824,37.41,3659595.84,37.57,0.00205081,0.333344,477001.0
002353.SZ,20260508,81400,149.0,12128600.0,150.8,0.0117794,0.428896,69103.9
002354.SZ,20260508,1984300,6.54,12977322.0,6.41,0.122059,1.53203,162569.0
002355.SZ,20260508,602595,6.58,3965075.1,6.6,0.097481,1.91808,61816.7
002356.SZ,20260508,1916900,3.43,6574967.0,3.47,0.146189,3.82709,131125.0
002357.SZ,20260508,40900,11.63,475667.0,11.71,0.0130472,0.317589,31347.8
002358.SZ,20260508,64700,7.63,493661.0,7.67,0.00695882,0.22089,92975.6
002360.SZ,20260508,686200,6.17,4233854.0,6.04,0.210801,2.03367,32552.0
002361.SZ,20260508,1526700,21.5,32824050.0,21.6,0.18871,0.608923,80901.9
002362.SZ,20260508,13100,18.99,248769.0,19.01,0.0063104,0.312813,20759.4
002363.SZ,20260508,43700,8.5,371450.0,8.5,0.0105109,0.537751,41575.8
002364.SZ,20260508,451107,45.2,20390036.4,46.3,0.0808285,0.75119,55810.4
002365.SZ,20260508,22200,13.86,307692.0,13.86,0.00905057,0.26139,24528.8
002366.SZ,20260508,158700,7.53,1195011.0,7.59,0.00857672,0.256252,185036.0
002367.SZ,20260508,65300,6.14,400942.0,6.13,0.00821822,0.649622,79457.6
002368.SZ,20260508,50100,17.41,872241.0,17.41,0.00807781,0.276051,62021.8
002369.SZ,20260508,32300,7.4,239020.0,7.46,0.00570466,0.257345,56620.4
002370.SZ,20260508,41000,6.72,275520.0,6.72,0.00549843,0.182206,74566.8
002371.SZ,20260508,61800,543.0,33557400.0,552.14,0.00853293,0.471969,72425.3
002372.SZ,20260508,112900,10.5,1185450.0,10.51,0.00767579,0.969913,147086.0
002373.SZ,20260508,69500,9.15,635925.0,9.17,0.00504505,0.188662,137759.0
002374.SZ,20260508,79500,3.18,252810.0,3.14,0.00732578,0.387911,108521.0
002375.SZ,20260508,200700,4.34,871038.0,4.35,0.0150789,0.916971,133100.0
002376.SZ,20260508,95300,7.35,700455.0,7.37,0.0121072,0.715957,78713.3
002377.SZ,20260508,90700,3.51,318357.0,3.52,0.0103963,0.131892,87242.3
002378.SZ,20260508,1331500,33.66,44818290.0,34.54,0.111411,1.21125,119512.0
002379.SZ,20260508,101900,23.45,2389555.0,23.6,0.00896712,0.324706,113637.0
002380.SZ,20260508,46200,36.61,1691382.0,36.7,0.0324885,0.590777,14220.4
002381.SZ,20260508,37400,6.67,249458.0,6.63,0.011673,0.502551,32039.7
002382.SZ,20260508,226600,6.89,1561274.0,6.92,0.0227196,0.54223,99737.8
002383.SZ,20260508,32900,9.43,310247.0,9.46,0.00444378,0.243775,74036.0
002384.SZ,20260508,1558555,210.0,327296550.0,211.07,0.112424,1.76908,138632.0
002385.SZ,20260508,114000,3.85,438900.0,3.85,0.00323531,0.196118,352362.0
002386.SZ,20260508,214600,6.68,1433528.0,6.7,0.0164899,0.241288,130140.0
002387.SZ,20260508,396300,8.26,3273438.0,8.17,0.0284093,3.59154,139496.0
002388.SZ,20260508,46600,5.55,258630.0,5.56,0.00920715,0.187299,50612.8
002389.SZ,20260508,75500,22.3,1683650.0,22.4,0.00766683,0.298481,98476.1
002390.SZ,20260508,53900,3.33,179487.0,3.33,0.00279595,0.13621,192779.0
002391.SZ,20260508,18400,6.48,119232.0,6.47,0.00396468,0.158357,46409.8
002392.SZ,20260508,300000,9.48,2844000.0,9.59,0.0259169,0.605725,115755.0
002393.SZ,20260508,5640,16.58,93511.2,16.59,0.00187864,0.164632,30021.7
002394.SZ,20260508,61100,13.39,818129.0,13.36,0.0189093,0.551148,32312.1
002395.SZ,20260508,100200,19.88,1991976.0,19.88,0.0373622,0.721972,26818.6
002396.SZ,20260508,68500,27.08,1854980.0,27.32,0.0117439,0.358751,58328.0
002397.SZ,20260508,141500,5.1,721650.0,5.02,0.0218415,0.323131,64784.8
002398.SZ,20260508,86100,5.04,433944.0,5.05,0.0141263,0.594821,60949.9
002399.SZ,20260508,22300,10.82,241286.0,10.82,0.001788,0.480951,124720.0
002400.SZ,20260508,2035000,9.88,20105800.0,9.81,0.117891,1.3317,172616.0
002401.SZ,20260508,21400,14.59,312226.0,14.64,0.00576276,0.426087,37135.0
002402.SZ,20260508,146500,32.8,4805200.0,33.03,0.018006,0.306621,81361.8
002403.SZ,20260508,28500,11.33,322905.0,11.39,0.00959075,0.375031,29716.1
002404.SZ,20260508,79300,7.08,561444.0,7.09,0.0174078,0.671398,45554.3
002405.SZ,20260508,178400,9.39,1675176.0,9.38,0.00757349,0.287881,235559.0
002406.SZ,20260508,201200,8.08,1625696.0,8.13,0.0334101,0.404861,60221.3
002407.SZ,20260508,596460,37.04,22092878.4,37.54,0.0552909,0.338151,107877.0
002408.SZ,20260508,164200,6.1,1001620.0,6.09,0.00596853,0.338993,275110.0
002409.SZ,20260508,68500,90.52,6200620.0,92.08,0.0215055,0.383808,31852.3
002410.SZ,20260508,174000,11.33,1971420.0,11.4,0.011082,0.536784,157012.0
002412.SZ,20260508,126900,7.05,894645.0,7.02,0.0254899,0.420993,49784.5
002413.SZ,20260508,456939,13.36,6104705.04,13.35,0.0352731,0.531287,129543.0
002414.SZ,20260508,329400,15.01,4944294.0,15.13,0.00969219,0.28702,339861.0
002415.SZ,20260508,217500,35.88,7803900.0,35.96,0.00240427,0.26604,904640.0
002416.SZ,20260508,79300,14.07,1115751.0,14.13,0.00647926,0.246635,122390.0
002418.SZ,20260508,2144600,6.33,13575318.0,6.37,0.188719,1.32731,113640.0
002419.SZ,20260508,38900,5.44,211616.0,5.44,0.00332848,0.191487,116870.0
002420.SZ,20260508,21000,7.29,153090.0,7.28,0.00525579,0.170614,39955.9
002421.SZ,20260508,965700,3.03,2926071.0,3.03,0.0482036,1.18847,200338.0
002422.SZ,20260508,42100,34.01,1431821.0,34.03,0.00324192,0.246022,129861.0
002423.SZ,20260508,60100,10.2,613020.0,10.22,0.00260839,0.459631,230411.0
002424.SZ,20260508,29100,5.03,146373.0,5.05,0.00239859,0.270503,121321.0
002425.SZ,20260508,107700,3.6,387720.0,3.59,0.0117042,0.257715,92018.6
002426.SZ,20260508,959300,3.98,3818014.0,4.0,0.0281931,0.710425,340260.0
002427.SZ,20260508,49200,5.67,278964.0,5.69,0.00499737,0.231973,98451.8
002428.SZ,20260508,899100,79.77,71721207.0,80.2,0.13768,0.914775,65303.6
002429.SZ,20260508,1141300,11.92,13604296.0,12.08,0.0252258,0.721344,452433.0
002430.SZ,20260508,178700,30.03,5366361.0,30.03,0.0182732,0.527865,97793.8
002431.SZ,20260508,3573600,1.79,6396744.0,1.88,0.198268,107.426,180240.0
002432.SZ,20260508,266900,76.61,20447209.0,78.3,0.0574609,0.816414,46449.0
002434.SZ,20260508,109300,7.47,816471.0,7.46,0.00833511,0.591668,131132.0
002436.SZ,20260508,1937000,32.22,62410140.0,32.42,0.127608,1.23345,151793.0
002437.SZ,20260508,237900,3.38,804102.0,3.39,0.0114043,0.273272,208605.0
002438.SZ,20260508,37000,17.26,638620.0,17.33,0.00789113,0.408906,46888.1
002439.SZ,20260508,753300,16.36,12323988.0,16.17,0.10339,1.35687,72859.9
002440.SZ,20260508,164700,10.66,1755702.0,10.74,0.0174035,0.278141,94635.9
002441.SZ,20260508,51400,10.3,529420.0,10.35,0.0128966,0.375993,39855.4
002442.SZ,20260508,252300,6.37,1607151.0,6.42,0.0512115,0.995693,49266.3
002443.SZ,20260508,267300,11.34,3031182.0,11.5,0.0514971,0.716081,51905.8
002444.SZ,20260508,34000,35.13,1194420.0,35.26,0.00296496,0.179581,114673.0
002445.SZ,20260508,4239204,3.94,16702463.76,3.9,0.179149,2.04831,236631.0
002446.SZ,20260508,222700,10.52,2342804.0,10.53,0.0262687,0.651672,84777.7
002448.SZ,20260508,109200,16.0,1747200.0,16.14,0.0188111,0.382604,58050.9
002449.SZ,20260508,67600,8.16,551616.0,8.23,0.0109301,0.510661,61847.7
002451.SZ,20260508,104700,9.93,1039671.0,9.91,0.0238416,0.781041,43914.9
002452.SZ,20260508,488400,11.31,5523804.0,11.17,0.0947896,1.97667,51524.6
002453.SZ,20260508,2064400,6.05,12489620.0,6.38,0.342554,4.68365,60265.0
002454.SZ,20260508,28502,9.55,272194.1,9.56,0.00454616,0.156153,62694.6
002455.SZ,20260508,143800,10.48,1507024.0,10.56,0.0217611,0.196606,66081.2
002456.SZ,20260508,292000,8.93,2607560.0,8.99,0.00880209,0.491643,331740.0
002457.SZ,20260508,71100,11.68,830448.0,11.66,0.021334,0.248431,33327.0
002458.SZ,20260508,62500,11.7,731250.0,11.68,0.00867587,0.303498,72038.9
002459.SZ,20260508,371100,10.81,4011591.0,10.86,0.0112258,0.732861,330578.0
002460.SZ,20260508,421700,87.95,37088515.0,88.0,0.0348162,0.502212,121122.0
002461.SZ,20260508,119200,10.28,1225376.0,10.32,0.00538555,0.787585,221333.0
002462.SZ,20260508,2300,13.64,31372.0,13.6,0.000789102,0.0777129,29147.0
002463.SZ,20260508,300100,105.83,31759583.0,107.38,0.0156074,0.518965,192281.0
002465.SZ,20260508,1180200,16.9,19945380.0,16.77,0.0476293,1.60762,247789.0
002466.SZ,20260508,555151,78.3,43468323.3,79.06,0.0376221,0.489658,147560.0
002467.SZ,20260508,1299200,7.09,9211328.0,7.11,0.0950535,1.4293,136681.0
002468.SZ,20260508,55600,16.36,909616.0,16.38,0.00379754,0.204851,146411.0
002469.SZ,20260508,83400,7.04,587136.0,7.06,0.0132717,0.513572,62840.3
002470.SZ,20260508,737500,2.88,2124000.0,2.87,0.0224455,0.313773,328574.0
002471.SZ,20260508,699500,8.47,5924765.0,8.58,0.0521082,0.716647,134240.0
002472.SZ,20260508,87300,40.5,3535650.0,40.61,0.0116628,0.498643,74853.2
002474.SZ,20260508,227300,7.65,1738845.0,7.58,0.0429815,1.1496,52883.2
002475.SZ,20260508,993900,68.13,67714407.0,69.52,0.0136726,0.492677,726927.0
002476.SZ,20260508,14000,5.92,82880.0,5.93,0.00228758,0.118266,61200.0
002478.SZ,20260508,131000,9.08,1189480.0,9.15,0.0181259,0.325674,72272.4
002479.SZ,20260508,78000,5.72,446160.0,5.72,0.00903748,0.437638,86307.3
002480.SZ,20260508,11400,6.58,75012.0,6.56,0.00148509,0.073488,76763.0
002481.SZ,20260508,82100,4.54,372734.0,4.55,0.00734247,0.62793,111815.0
002482.SZ,20260508,255400,1.7,434180.0,1.7,0.00682211,0.365404,374371.0
002483.SZ,20260508,13000,6.44,83720.0,6.45,0.00146851,0.0948728,88525.1
002484.SZ,20260508,334800,43.8,14664240.0,44.0,0.0408058,0.601032,82047.2
002485.SZ,20260508,42800,4.89,209292.0,4.86,0.00786765,1.08956,54400.0
002486.SZ,20260508,159500,2.9,462550.0,2.91,0.0194408,0.419902,82043.8
002487.SZ,20260508,49300,84.0,4141200.0,84.86,0.00781398,0.251784,63092.0
002488.SZ,20260508,246600,12.71,3134286.0,12.78,0.0268019,0.929218,92008.4
002489.SZ,20260508,527200,3.51,1850472.0,3.54,0.0275585,1.23637,191302.0
002490.SZ,20260508,927800,10.02,9296556.0,9.72,0.171269,1.23684,54172.2
002491.SZ,20260508,10289700,20.04,206205588.0,18.78,0.874626,8.56453,117647.0
002492.SZ,20260508,116500,8.04,936660.0,8.06,0.0292835,1.36408,39783.5
002493.SZ,20260508,365550,13.02,4759461.0,12.92,0.00391462,0.422947,933807.0
002494.SZ,20260508,57400,6.22,357028.0,6.21,0.020016,0.269225,28677.0
002495.SZ,20260508,141700,2.7,382590.0,2.69,0.0204203,0.498,69391.8
002496.SZ,20260508,1360300,2.22,3019866.0,2.24,0.115158,4.4738,118125.0
002497.SZ,20260508,313300,30.13,9439729.0,30.16,0.0295681,0.416171,105959.0
002498.SZ,20260508,1103700,9.26,10220262.0,9.29,0.0331761,0.599096,332680.0
002500.SZ,20260508,51500,5.65,290975.0,5.66,0.00143463,0.215288,358977.0
002501.SZ,20260508,3805900,1.27,4833493.0,1.34,0.107315,11.6108,354647.0
002506.SZ,20260508,2453200,4.4,10794080.0,4.46,0.041975,0.712939,584444.0
002507.SZ,20260508,31300,12.46,389998.0,12.46,0.0027199,0.252255,115078.0
002508.SZ,20260508,20500,18.5,379250.0,18.51,0.00219591,0.181931,93355.2
002510.SZ,20260508,85000,6.78,576300.0,6.83,0.008459,0.476011,100485.0
002511.SZ,20260508,42200,8.31,350682.0,8.32,0.00333593,0.191782,126502.0
002512.SZ,20260508,811300,4.33,3512929.0,4.32,0.0741284,1.35208,109445.0
002513.SZ,20260508,51600,6.53,336948.0,6.55,0.0178521,0.526654,28904.1
002514.SZ,20260508,282800,2.92,825776.0,3.07,0.0510439,4.44209,55403.3
002515.SZ,20260508,1337500,7.51,10044625.0,7.56,0.121387,1.34323,110185.0
002516.SZ,20260508,35500,6.17,219035.0,6.18,0.0024358,0.189159,145743.0
002517.SZ,20260508,207700,18.58,3859066.0,18.73,0.0109947,0.297265,188909.0
002518.SZ,20260508,57400,48.47,2782178.0,48.95,0.0101568,0.381212,56513.6
002519.SZ,20260508,2852900,8.4,23964360.0,8.42,0.255269,4.45498,111760.0
002520.SZ,20260508,631900,6.17,3898823.0,6.14,0.088077,1.28889,71744.0
002521.SZ,20260508,30600,8.25,252450.0,8.23,0.00730008,0.457127,41917.4
002522.SZ,20260508,847900,6.57,5570703.0,6.66,0.0936885,1.47441,90502.0
002523.SZ,20260508,82000,3.85,315700.0,3.87,0.00580925,0.432258,141154.0
002524.SZ,20260508,95000,4.48,425600.0,4.47,0.0186001,0.516707,51074.9
002526.SZ,20260508,83100,3.38,280878.0,3.39,0.00469204,0.342768,177108.0
002527.SZ,20260508,41100,13.46,553206.0,13.52,0.00777101,0.403261,52888.9
002528.SZ,20260508,152100,4.53,689013.0,4.55,0.0144827,0.481838,105022.0
002529.SZ,20260508,1700,7.74,13158.0,7.75,0.000653846,0.0317531,26000.0
002530.SZ,20260508,59800,9.08,542984.0,9.1,0.00860279,0.367746,69512.3
002531.SZ,20260508,173400,11.66,2021844.0,11.69,0.00970458,0.316659,178679.0
002532.SZ,20260508,146900,16.73,2457637.0,16.9,0.00357694,0.207526,410686.0
002533.SZ,20260508,61700,13.94,860098.0,13.96,0.00967622,0.477173,63764.5
002534.SZ,20260508,61000,18.18,1108980.0,18.16,0.00739069,0.595894,82536.3
002535.SZ,20260508,61100,3.53,215683.0,3.53,0.00818707,0.456418,74629.9
002536.SZ,20260508,300400,38.14,11457256.0,39.4,0.0551799,0.890724,54440.1
002537.SZ,20260508,599300,7.39,4428827.0,7.49,0.0512573,2.22534,116920.0
002538.SZ,20260508,90600,7.04,637824.0,7.04,0.0106214,0.637452,85299.6
002539.SZ,20260508,117000,15.01,1756170.0,15.07,0.0131491,0.413559,88979.4
002540.SZ,20260508,10000,6.03,60300.0,6.03,0.00116523,0.0846208,85820.1
002541.SZ,20260508,56500,20.36,1150340.0,20.36,0.0113872,0.628228,49617.2
002542.SZ,20260508,2261600,1.81,4093496.0,1.82,0.12859,2.94187,175877.0
002543.SZ,20260508,25400,8.27,210058.0,8.3,0.00383907,0.502663,66161.8
002544.SZ,20260508,46600,26.6,1239560.0,26.67,0.00684822,0.349895,68046.8
002545.SZ,20260508,47000,25.18,1183460.0,25.39,0.00415869,0.167438,113016.0
002546.SZ,20260508,124200,8.49,1054458.0,8.47,0.0155011,0.780111,80123.2
002547.SZ,20260508,6065300,2.69,16315657.0,2.75,0.548992,9.07093,110481.0
002548.SZ,20260508,134100,5.16,691956.0,5.17,0.0166693,0.282506,80447.1
002549.SZ,20260508,106700,19.67,2098789.0,19.89,0.0154111,0.166861,69236.0
002550.SZ,20260508,30500,7.14,217770.0,7.11,0.00324041,0.201625,94124.0
002551.SZ,20260508,37000,3.55,131350.0,3.53,0.00605384,0.204475,61118.2
002552.SZ,20260508,677700,26.19,17748963.0,25.14,0.183906,4.72001,36850.3
002553.SZ,20260508,51300,22.5,1154250.0,22.52,0.0204545,0.525973,25080.0
002554.SZ,20260508,100000,3.35,335000.0,3.35,0.00749923,0.319653,133347.0
002555.SZ,20260508,296400,22.15,6565260.0,22.2,0.0186725,0.623767,158736.0
002556.SZ,20260508,46400,6.06,281184.0,6.05,0.00490735,0.161359,94552.0
002557.SZ,20260508,8300,23.18,192394.0,23.2,0.0016443,0.0848101,50477.3
002558.SZ,20260508,429900,33.07,14216793.0,33.4,0.0226196,0.636287,190056.0
002559.SZ,20260508,104400,10.89,1136916.0,10.99,0.0207141,0.503728,50400.5
002560.SZ,20260508,1142240,15.81,18058814.4,16.06,0.252186,1.01881,45293.6
002561.SZ,20260508,47500,8.08,383800.0,8.03,0.0114613,1.02095,41444.0
002562.SZ,20260508,145800,6.0,874800.0,6.0,0.0179221,0.541918,81351.9
002563.SZ,20260508,78700,6.1,480070.0,6.07,0.00356578,0.162565,220709.0
002564.SZ,20260508,69500,6.26,435070.0,6.28,0.0080917,0.418226,85890.4
002565.SZ,20260508,1242300,19.4,24100620.0,19.86,0.117203,0.742407,105996.0
002566.SZ,20260508,38500,8.28,318780.0,8.24,0.0166098,0.402607,23179.0
002567.SZ,20260508,57200,4.15,237380.0,4.16,0.00399534,0.241615,143167.0
002568.SZ,20260508,57100,18.55,1059205.0,18.53,0.00748282,0.312951,76308.1
002569.SZ,20260508,23100,14.47,334257.0,14.39,0.0164988,0.512335,14001.0
002570.SZ,20260508,46200,4.98,230076.0,4.99,0.0042778,0.223777,108000.0
002571.SZ,20260508,16400,11.53,189092.0,11.51,0.00549771,0.256456,29830.6
002572.SZ,20260508,45100,11.81,532631.0,11.88,0.00692287,0.326696,65146.4
002573.SZ,20260508,107500,3.68,395600.0,3.67,0.00760791,0.744318,141300.0
002574.SZ,20260508,35300,5.7,201210.0,5.71,0.00668561,0.251815,52800.0
002575.SZ,20260508,690100,7.29,5030829.0,7.47,0.118102,0.794538,58432.6
002576.SZ,20260508,12000,18.91,226920.0,18.97,0.00740615,0.2101,16202.8
002577.SZ,20260508,52700,17.55,924885.0,17.8,0.0187763,1.00061,28067.3
002578.SZ,20260508,28700,4.2,120540.0,4.24,0.0033327,0.0753973,86116.3
002579.SZ,20260508,344300,13.03,4486229.0,13.25,0.0590149,0.663961,58341.2
002580.SZ,20260508,2877267,30.3,87181190.1,29.91,0.636087,2.35025,45233.9
002581.SZ,20260508,6606420,5.8,38317236.0,6.09,1.64834,191.653,40079.1
002582.SZ,20260508,135300,12.56,1699368.0,12.59,0.039304,0.295209,34424.0
002583.SZ,20260508,37500,10.0,375000.0,10.04,0.00292347,0.158177,128272.0
002584.SZ,20260508,91900,8.13,747147.0,8.18,0.0196189,0.492796,46842.7
002585.SZ,20260508,233400,7.92,1848528.0,7.97,0.0263206,0.379267,88675.7
002586.SZ,20260508,4800,4.7,22560.0,4.69,0.000441372,0.074257,108752.0
002587.SZ,20260508,98200,7.14,701148.0,7.16,0.0184345,0.31359,53269.8
002588.SZ,20260508,39900,10.75,428925.0,10.8,0.0046469,0.173215,85863.7
002589.SZ,20260508,248400,3.18,789912.0,3.18,0.0181899,0.524152,136559.0
002590.SZ,20260508,21600,12.35,266760.0,12.37,0.00436402,0.180096,49495.7
002591.SZ,20260508,1763500,8.91,15712785.0,8.76,0.788994,4.98044,22351.2
002592.SZ,20260508,6100,8.0,48800.0,8.0,0.00232206,0.1191,26269.8
002593.SZ,20260508,34500,5.35,184575.0,5.37,0.00615517,0.247256,56050.4
002594.SZ,20260508,335900,100.47,33747873.0,100.46,0.00963399,0.531753,348661.0
002595.SZ,20260508,13300,87.1,1158430.0,87.35,0.00167408,0.288852,79446.8
002596.SZ,20260508,113200,3.79,429028.0,3.79,0.00987331,0.265525,114653.0
002597.SZ,20260508,20000,22.82,456400.0,22.87,0.0035258,0.305787,56724.7
002598.SZ,20260508,128000,7.98,1021440.0,8.01,0.0446725,1.70154,28653.0
002599.SZ,20260508,25400,6.87,174498.0,6.86,0.00638248,0.257654,39796.5
002600.SZ,20260508,601500,14.38,8649570.0,14.53,0.0083547,0.573771,719954.0
002601.SZ,20260508,122600,16.44,2015544.0,16.51,0.00616823,0.304822,198760.0
002602.SZ,20260508,1394641,15.98,22286363.18,16.15,0.020519,0.76933,679683.0
002603.SZ,20260508,63800,17.23,1099274.0,17.15,0.00463483,0.295492,137653.0
002605.SZ,20260508,15100,20.81,314231.0,20.92,0.00447722,0.175295,33726.3
002606.SZ,20260508,490500,15.36,7534080.0,15.53,0.116469,0.713649,42114.2
002607.SZ,20260508,1190200,2.68,3189736.0,2.67,0.0214704,0.795571,554344.0
002608.SZ,20260508,27100,7.79,211109.0,7.81,0.000717296,0.142933,377808.0
002609.SZ,20260508,20100,8.66,174066.0,8.66,0.00438042,0.166588,45886.0
002611.SZ,20260508,76700,18.04,1383668.0,18.19,0.00765543,0.209816,100190.0
002612.SZ,20260508,28200,16.08,453456.0,16.12,0.0110823,0.312352,25445.9
002613.SZ,20260508,5895000,4.36,25702200.0,4.37,0.761951,9.41862,77367.2
002614.SZ,20260508,46100,5.65,260465.0,5.66,0.0104472,0.303178,44126.6
002615.SZ,20260508,35900,8.27,296893.0,8.28,0.0117427,0.289588,30572.3
002616.SZ,20260508,313600,5.83,1828288.0,5.87,0.0533805,1.65019,58748.0
002617.SZ,20260508,279300,7.97,2226021.0,8.03,0.0148752,0.434071,187762.0
002620.SZ,20260508,194900,9.91,1931459.0,9.95,0.0616632,0.87112,31607.2
002622.SZ,20260508,216600,2.82,610812.0,2.81,0.0257865,0.702309,83997.5
002623.SZ,20260508,29600,21.57,638472.0,21.69,0.0149016,0.556698,19863.6
002624.SZ,20260508,4249600,17.49,74325504.0,15.95,0.232507,3.93095,182773.0
002625.SZ,20260508,150900,41.75,6300075.0,41.7,0.00700369,0.405602,215458.0
002626.SZ,20260508,154900,15.76,2441224.0,15.76,0.0253992,2.12465,60986.1
002627.SZ,20260508,81600,7.13,581808.0,7.17,0.0113795,0.265327,71708.1
002628.SZ,20260508,40500,5.72,231660.0,5.72,0.00537289,0.13238,75378.5
002629.SZ,20260508,123100,6.3,775530.0,6.29,0.0339817,0.831956,36225.4
002630.SZ,20260508,545200,1.97,1074044.0,1.95,0.0506438,1.14806,107654.0
002631.SZ,20260508,869000,8.29,7204010.0,8.48,0.109505,1.73834,79357.2
002632.SZ,20260508,70100,11.61,813861.0,11.66,0.0122035,0.629755,57442.6
002633.SZ,20260508,36100,20.58,742938.0,20.58,0.0241603,0.741504,14941.9
002634.SZ,20260508,934700,5.15,4813705.0,5.32,0.211358,3.28282,44223.5
002635.SZ,20260508,141700,16.72,2369224.0,16.86,0.0358251,0.808342,39553.3
002636.SZ,20260508,329100,49.02,16132482.0,49.51,0.045436,0.531318,72431.5
002637.SZ,20260508,129100,12.1,1562110.0,12.09,0.0277402,0.562976,46538.9
002638.SZ,20260508,455500,4.69,2136295.0,4.7,0.0336739,0.790881,135268.0
002639.SZ,20260508,180300,18.15,3272445.0,18.3,0.0275992,0.457449,65328.1
002640.SZ,20260508,6104600,4.04,24662584.0,4.11,0.394287,4.44552,154826.0
002641.SZ,20260508,70700,4.31,304717.0,4.28,0.0062346,0.503528,113399.0
002642.SZ,20260508,245300,8.3,2035990.0,8.25,0.0370779,1.39725,66158.0
002643.SZ,20260508,123100,17.07,2101317.0,17.14,0.0135377,0.786217,90931.5
002644.SZ,20260508,34700,8.38,290786.0,8.34,0.00679517,0.800389,51065.7
002645.SZ,20260508,384700,26.1,10040670.0,26.94,0.0688282,0.858595,55892.8
002646.SZ,20260508,32800,8.08,265024.0,8.07,0.00689304,0.658421,47584.2
002647.SZ,20260508,2217000,13.92,30860640.0,13.75,0.218361,3.01537,101529.0
002648.SZ,20260508,336500,27.43,9230195.0,27.14,0.0099956,0.533031,336648.0
002649.SZ,20260508,66900,10.77,720513.0,10.79,0.0124731,0.445023,53635.4
002650.SZ,20260508,18100,7.68,139008.0,7.63,0.00163498,0.203043,110705.0
002651.SZ,20260508,26600,9.7,258020.0,9.65,0.0047041,0.420933,56546.4
002652.SZ,20260508,1134600,6.38,7238748.0,6.41,0.221574,1.41583,51206.4
002653.SZ,20260508,11800,57.62,679916.0,57.66,0.00219827,0.188459,53678.6
002654.SZ,20260508,173600,14.88,2583168.0,15.08,0.0205385,0.306635,84524.3
002655.SZ,20260508,888400,37.41,33235044.0,35.81,0.24468,1.51554,36308.6
002656.SZ,20260508,46300,3.13,144919.0,3.13,0.00684314,0.325766,67659.0
002657.SZ,20260508,21700,21.45,465465.0,21.49,0.00645588,0.195071,33612.7
002658.SZ,20260508,72600,8.97,651222.0,8.97,0.0202476,0.450805,35856.1
002659.SZ,20260508,20400,5.33,108732.0,5.34,0.00340979,0.131145,59827.8
002660.SZ,20260508,71100,9.03,642033.0,8.95,0.0207297,1.26191,34298.7
002661.SZ,20260508,345600,9.09,3141504.0,8.77,0.108779,7.13136,31770.9
002662.SZ,20260508,61700,3.83,236311.0,3.84,0.00411338,0.171202,149998.0
002663.SZ,20260508,229500,2.39,548505.0,2.4,0.0134437,0.338071,170712.0
002664.SZ,20260508,440900,22.83,10065747.0,22.39,0.10952,4.85381,40257.6
002666.SZ,20260508,17300,5.14,88922.0,5.14,0.00345538,0.135738,50066.8
002667.SZ,20260508,56100,29.16,1635876.0,30.69,0.0237098,0.394648,23661.1
002668.SZ,20260508,31700,10.03,317951.0,10.09,0.00292405,0.223893,108411.0
002669.SZ,20260508,47900,13.53,648087.0,13.64,0.0158233,0.415415,30271.8
002670.SZ,20260508,24100,12.82,308962.0,12.85,0.00148458,0.157794,162335.0
002671.SZ,20260508,44800,4.84,216832.0,4.83,0.00813229,0.261513,55089.0
002672.SZ,20260508,28000,4.39,122920.0,4.39,0.00309352,0.337602,90511.8
002673.SZ,20260508,133400,7.2,960480.0,7.22,0.00298462,0.444074,446958.0
002674.SZ,20260508,1500,13.48,20220.0,13.43,0.000512709,0.0320871,29256.4
002675.SZ,20260508,67803,13.04,884151.12,13.03,0.00912086,0.580874,74338.4
002676.SZ,20260508,134200,7.75,1040050.0,7.81,0.0186395,0.516345,71997.6
002677.SZ,20260508,4300,7.9,33970.0,7.9,0.000779678,0.0411502,55151.0
002678.SZ,20260508,137800,6.17,850226.0,6.16,0.0101505,0.933443,135757.0
002679.SZ,20260508,22000,10.94,240680.0,10.94,0.00933168,0.560101,23575.6
002681.SZ,20260508,83800,5.43,455034.0,5.44,0.00534008,0.228251,156926.0
002682.SZ,20260508,169100,6.15,1039965.0,6.08,0.0300692,0.914135,56236.9
002683.SZ,20260508,33000,38.0,1254000.0,38.2,0.0049508,0.22478,66655.9
002685.SZ,20260508,1317300,9.38,12356274.0,9.48,0.130742,1.05948,100756.0
002686.SZ,20260508,121800,7.78,947604.0,7.78,0.0233008,0.468549,52272.9
002687.SZ,20260508,127900,4.96,634384.0,4.95,0.030939,0.689088,41339.4
002688.SZ,20260508,34100,5.97,203577.0,5.97,0.00456209,0.296709,74746.4
002689.SZ,20260508,208200,3.51,730782.0,3.52,0.0199633,2.25696,104291.0
002690.SZ,20260508,77400,17.95,1389330.0,17.95,0.0178445,1.1382,43374.7
002691.SZ,20260508,378900,5.05,1913445.0,5.03,0.112775,1.26623,33597.9
002692.SZ,20260508,112500,5.85,658125.0,5.86,0.0156743,0.388164,71773.4
002693.SZ,20260508,190200,9.13,1736526.0,9.12,0.0462794,1.15791,41098.2
002694.SZ,20260508,98400,2.84,279456.0,2.85,0.0136895,0.326539,71879.8
002695.SZ,20260508,19400,13.05,253170.0,13.05,0.0037931,0.154255,51145.5
002696.SZ,20260508,36100,6.83,246563.0,6.83,0.0108,0.241331,33425.9
002697.SZ,20260508,25700,5.08,130556.0,5.09,0.00224387,0.117544,114534.0
002698.SZ,20260508,916700,14.87,13631329.0,15.16,0.1091,4.70949,84023.9
002700.SZ,20260508,16300,6.95,113285.0,6.97,0.00758895,0.243732,21478.6
002701.SZ,20260508,93500,5.48,512380.0,5.46,0.00365605,0.272821,255740.0
002702.SZ,20260508,12600,5.98,75348.0,6.0,0.00274663,0.038425,45874.4
002703.SZ,20260508,219300,18.42,4039506.0,18.54,0.0374201,0.576854,58604.8
002705.SZ,20260508,107100,14.58,1561518.0,14.49,0.013261,0.307122,80763.1
002706.SZ,20260508,279600,11.7,3271320.0,11.81,0.0305781,0.39841,91438.1
002707.SZ,20260508,159800,6.19,989162.0,6.17,0.0184742,1.06159,86498.8
002708.SZ,20260508,119400,13.79,1646526.0,13.95,0.0231101,0.744041,51665.7
002709.SZ,20260508,856000,61.62,52746720.0,62.8,0.0567259,0.504185,150901.0
002712.SZ,20260508,132500,5.88,779100.0,5.82,0.0244962,0.634238,54090.0
002713.SZ,20260508,235105,12.9,3032854.5,12.9,0.0446543,1.08184,52650.1
002714.SZ,20260508,129200,44.25,5717100.0,44.07,0.00339983,0.261196,380019.0
002715.SZ,20260508,67300,17.56,1181788.0,17.52,0.0487681,0.481894,13800.0
002716.SZ,20260508,2842400,12.62,35871088.0,12.49,0.122261,1.92467,232485.0
002717.SZ,20260508,1153400,1.34,1545556.0,1.33,0.0671146,1.10258,171855.0
002718.SZ,20260508,2400,69.32,166368.0,69.55,0.00255371,0.127659,9398.08
002719.SZ,20260508,554500,7.6,4214200.0,7.5,0.342554,2.07396,16187.2
002721.SZ,20260508,221200,3.1,685720.0,3.11,0.00831773,0.416755,265938.0
002722.SZ,20260508,26500,15.7,416050.0,15.71,0.0119178,0.528516,22235.7
002723.SZ,20260508,123600,10.04,1240944.0,10.11,0.0389844,0.520745,31705.0
002724.SZ,20260508,142800,6.16,879648.0,6.19,0.0251508,0.846617,56777.5
002725.SZ,20260508,81900,17.11,1401309.0,17.18,0.0382069,0.689288,21435.9
002726.SZ,20260508,227400,2.45,557130.0,2.58,0.0210873,3.18295,107837.0
002727.SZ,20260508,40100,12.78,512478.0,12.73,0.0102058,0.455837,39291.5
002728.SZ,20260508,69000,10.07,694830.0,10.07,0.0207877,0.52301,33192.7
002729.SZ,20260508,477300,20.24,9660552.0,20.23,0.272026,4.79452,17546.1
002730.SZ,20260508,139700,32.7,4568190.0,33.11,0.0403722,0.424485,34603.0
002732.SZ,20260508,19300,16.17,312081.0,16.15,0.0123271,0.979039,15656.6
002733.SZ,20260508,183600,29.75,5462100.0,30.12,0.0497746,0.372117,36886.3
002734.SZ,20260508,81500,18.36,1496340.0,18.43,0.0187639,0.316203,43434.6
002735.SZ,20260508,62700,14.82,929214.0,14.84,0.0219954,0.778096,28505.9
002736.SZ,20260508,64900,10.77,698973.0,10.81,0.000675167,0.132255,961243.0
002737.SZ,20260508,414800,13.78,5715944.0,13.55,0.0710274,3.41919,58400.0
002738.SZ,20260508,289700,89.4,25899180.0,88.0,0.0407324,0.956059,71122.8
002739.SZ,20260508,170400,9.67,1647768.0,9.66,0.00811462,0.410475,209991.0
002741.SZ,20260508,99600,22.21,2212116.0,22.44,0.0233606,0.304302,42635.8
002742.SZ,20260508,395700,4.99,1974543.0,5.02,0.075521,2.67002,52396.0
002743.SZ,20260508,75700,5.41,409537.0,5.42,0.0174195,0.522473,43457.1
002745.SZ,20260508,178800,9.77,1746876.0,9.85,0.0168031,0.264562,106409.0
002746.SZ,20260508,56700,6.44,365148.0,6.44,0.00798956,0.326167,70967.6
002747.SZ,20260508,144400,23.25,3357300.0,23.46,0.0184559,0.598638,78240.5
002748.SZ,20260508,13800,12.81,176778.0,12.89,0.00575,0.197638,24000.0
002749.SZ,20260508,4600,12.75,58650.0,12.75,0.00101411,0.249112,45359.9
002752.SZ,20260508,63400,7.42,470428.0,7.45,0.00649905,0.147476,97552.7
002753.SZ,20260508,38100,7.33,279273.0,7.34,0.0156912,0.429669,24281.2
002755.SZ,20260508,188200,16.79,3159878.0,16.74,0.0202769,0.99962,92815.0
002756.SZ,20260508,166600,82.4,13727840.0,82.94,0.0430404,0.600431,38707.8
002757.SZ,20260508,1072900,28.28,30341612.0,27.84,0.380389,2.59128,28205.3
002758.SZ,20260508,26000,9.01,234260.0,9.0,0.00501732,0.213674,51820.5
002759.SZ,20260508,483900,38.89,18818871.0,38.79,0.0965981,0.580985,50094.2
002760.SZ,20260508,25400,23.2,589280.0,23.22,0.023521,0.540439,10798.9
002761.SZ,20260508,281500,8.86,2494090.0,8.84,0.0260217,1.24994,108179.0
002762.SZ,20260508,43700,8.72,381064.0,8.68,0.0206738,1.05199,21137.8
002763.SZ,20260508,89600,9.15,819840.0,9.16,0.0295111,0.452012,30361.4
002765.SZ,20260508,209400,9.89,2070966.0,9.95,0.0351425,1.15461,59586.0
002766.SZ,20260508,71000,4.75,337250.0,4.74,0.00828734,0.45207,85672.8
002767.SZ,20260508,2500,20.98,52450.0,20.89,0.00191991,0.0948647,13021.4
002768.SZ,20260508,20200,56.64,1144128.0,56.64,0.0114287,0.366145,17674.8
002769.SZ,20260508,89000,9.86,877540.0,9.9,0.0238599,1.27525,37301.0
002771.SZ,20260508,62600,15.33,959658.0,15.35,0.0358709,0.442708,17451.5
002772.SZ,20260508,21800,16.38,357084.0,16.41,0.00586622,0.18674,37161.9
002773.SZ,20260508,36700,24.59,902453.0,24.59,0.00534387,0.495822,68676.8
002774.SZ,20260508,24000,12.54,300960.0,12.62,0.00851764,0.163436,28176.8
002775.SZ,20260508,102500,3.93,402825.0,3.92,0.0179268,0.647172,57177.0
002777.SZ,20260508,39200,16.12,631904.0,16.12,0.0096907,0.553874,40451.1
002778.SZ,20260508,24000,20.09,482160.0,20.1,0.0194444,0.644512,12342.9
002779.SZ,20260508,11600,73.8,856080.0,73.98,0.00699603,0.239077,16580.8
002780.SZ,20260508,31900,16.25,518375.0,16.27,0.0244161,0.232451,13065.2
002782.SZ,20260508,63800,20.6,1314280.0,20.63,0.013114,0.511933,48650.1
002783.SZ,20260508,27100,8.96,242816.0,8.99,0.00587612,0.214217,46118.8
002785.SZ,20260508,134300,53.53,7189079.0,53.62,0.0694075,0.79292,19349.5
002786.SZ,20260508,110900,7.94,880546.0,7.96,0.0224443,0.44734,49411.2
002787.SZ,20260508,658800,23.04,15178752.0,23.03,0.262616,1.58299,25086.0
002788.SZ,20260508,171300,14.14,2422182.0,14.13,0.0448633,0.611257,38182.7
002789.SZ,20260508,83600,13.14,1098504.0,13.38,0.0534277,2.21181,15647.3
002790.SZ,20260508,3900,7.31,28509.0,7.32,0.00149599,0.0530284,26069.8
002791.SZ,20260508,6200,18.28,113336.0,18.28,0.0028479,0.152015,21770.5
002792.SZ,20260508,504200,50.18,25300756.0,51.45,0.149249,1.1643,33782.4
002793.SZ,20260508,433500,5.47,2371245.0,5.49,0.0399196,0.769251,108593.0
002795.SZ,20260508,304400,9.6,2922240.0,9.74,0.070069,0.700847,43442.9
002796.SZ,20260508,217300,56.57,12292661.0,58.17,0.0954292,1.27009,22770.8
002797.SZ,20260508,1159200,7.81,9053352.0,7.87,0.0275842,0.647167,420240.0
002798.SZ,20260508,203700,7.62,1552194.0,7.67,0.0420551,0.653245,48436.5
002799.SZ,20260508,43200,8.66,374112.0,8.68,0.0134985,0.81498,32003.4
002800.SZ,20260508,29900,17.15,512785.0,17.13,0.0202242,0.615389,14784.3
002801.SZ,20260508,10800,33.02,356616.0,33.14,0.00932621,0.428858,11580.3
002802.SZ,20260508,44800,14.4,645120.0,14.45,0.0299299,0.434577,14968.3
002803.SZ,20260508,152100,21.59,3283839.0,21.4,0.0526873,0.821427,28868.4
002805.SZ,20260508,993400,24.78,24616452.0,24.52,0.356293,2.36786,27881.5
002806.SZ,20260508,54000,14.79,798660.0,14.83,0.0310158,0.598061,17410.5
002807.SZ,20260508,76900,4.5,346050.0,4.5,0.0031292,0.171515,245749.0
002809.SZ,20260508,21400,10.66,228124.0,10.67,0.0125904,0.273112,16997.0
002810.SZ,20260508,65400,28.53,1865862.0,29.08,0.0202016,0.399481,32373.6
002811.SZ,20260508,20900,13.83,289047.0,13.87,0.00739595,0.351125,28258.7
002812.SZ,20260508,267800,83.78,22436284.0,85.31,0.0325531,0.515319,82265.7
002813.SZ,20260508,15900,26.99,429141.0,26.92,0.0132659,0.374314,11985.6
002815.SZ,20260508,362100,15.4,5576340.0,15.43,0.0465938,0.759776,77714.2
002816.SZ,20260508,50500,24.0,1212000.0,23.85,0.0505,1.48209,10000.0
002817.SZ,20260508,26100,8.14,212454.0,8.12,0.00899878,0.337338,29003.9
002818.SZ,20260508,75600,12.08,913248.0,12.07,0.0253407,0.494403,29833.5
002819.SZ,20260508,4800,27.81,133488.0,27.82,0.00202875,0.157449,23659.9
002820.SZ,20260508,50700,11.52,584064.0,11.52,0.0252404,0.541893,20086.8
002821.SZ,20260508,29526,128.09,3781985.34,128.08,0.0093142,0.305149,31700.0
002822.SZ,20260508,79000,3.12,246480.0,3.14,0.00739045,0.675665,106895.0
002823.SZ,20260508,38600,16.84,650024.0,16.87,0.0176345,0.415806,21888.9
002824.SZ,20260508,339300,28.0,9500400.0,27.73,0.150016,2.03614,22617.6
002825.SZ,20260508,4500,10.09,45405.0,10.09,0.00175352,0.0957648,25662.7
002826.SZ,20260508,19100,19.19,366529.0,19.26,0.0104383,0.28915,18297.9
002827.SZ,20260508,6000,31.51,189060.0,31.33,0.00217392,0.137301,27599.9
002828.SZ,20260508,131000,11.4,1493400.0,11.35,0.0651781,0.747539,20098.8
002829.SZ,20260508,75200,23.45,1763440.0,23.52,0.0514883,1.0605,14605.3
002830.SZ,20260508,19900,23.56,468844.0,23.52,0.029767,0.470058,6685.25
002831.SZ,20260508,167500,39.85,6674875.0,39.08,0.0327799,1.17745,51098.3
002832.SZ,20260508,70700,19.77,1397739.0,19.83,0.0181553,0.326774,38941.8
002833.SZ,20260508,25400,21.13,536702.0,21.2,0.00881243,0.230587,28822.9
002835.SZ,20260508,6000,15.65,93900.0,15.64,0.00471375,0.235292,12728.7
002836.SZ,20260508,5300,13.23,70119.0,13.26,0.00230035,0.137742,23040.0
002837.SZ,20260508,294800,101.0,29774800.0,102.53,0.0340119,0.72437,86675.5
002838.SZ,20260508,72100,34.36,2477356.0,34.7,0.0171409,0.69659,42063.2
002839.SZ,20260508,41000,4.49,184090.0,4.5,0.00167894,0.149852,244202.0
002840.SZ,20260508,24700,12.7,313690.0,12.73,0.00310057,0.0859066,79662.8
002841.SZ,20260508,2200,37.3,82060.0,37.32,0.000423565,0.0428829,51940.1
002842.SZ,20260508,549000,38.43,21098070.0,39.13,0.204498,0.814363,26846.2
002843.SZ,20260508,213400,27.66,5902644.0,27.89,0.0852929,0.810492,25019.7
002845.SZ,20260508,29000,14.71,426590.0,14.73,0.0115891,0.258083,25023.4
002846.SZ,20260508,50200,15.73,789646.0,15.82,0.0192961,0.32163,26015.6
002847.SZ,20260508,33600,57.62,1936032.0,57.62,0.013674,0.734619,24572.1
002848.SZ,20260508,0,,0.0,15.15,0.0,0.0,16492.5
002849.SZ,20260508,16100,17.3,278530.0,17.3,0.00735675,0.228379,21884.7
002850.SZ,20260508,21400,203.53,4355542.0,203.01,0.0107495,0.294187,19907.9
002851.SZ,20260508,140807,121.6,17122131.2,123.0,0.0307377,0.546577,45809.2
002852.SZ,20260508,26400,9.02,238128.0,9.0,0.0092372,0.241159,28580.1
002853.SZ,20260508,59200,29.65,1755280.0,29.52,0.0459967,1.96057,12870.5
002855.SZ,20260508,14900,12.52,186548.0,12.52,0.00605132,0.282698,24622.7
002856.SZ,20260508,427300,14.18,6059114.0,13.75,0.344863,3.34862,12390.4
002857.SZ,20260508,25700,22.0,565400.0,22.05,0.0199868,0.570055,12858.5
002858.SZ,20260508,86500,16.93,1464445.0,16.94,0.0586789,0.932409,14741.2
002859.SZ,20260508,40300,50.0,2015000.0,50.28,0.00992857,0.324018,40589.9
002860.SZ,20260508,77400,13.43,1039482.0,13.41,0.0220174,0.852147,35154.0
002861.SZ,20260508,7100,16.81,119351.0,16.98,0.00472803,0.128095,15016.8
002862.SZ,20260508,13800,18.88,260544.0,18.97,0.0109309,0.322962,12624.8
002863.SZ,20260508,80000,5.59,447200.0,5.6,0.0133448,0.625152,59948.4
002864.SZ,20260508,8400,30.71,257964.0,30.7,0.0113998,0.350043,7368.52
002865.SZ,20260508,399700,89.89,35929033.0,87.75,0.178814,2.11019,22352.8
002866.SZ,20260508,1458600,27.78,40519908.0,26.67,0.804911,4.13724,18121.2
002867.SZ,20260508,73500,13.31,978285.0,13.32,0.00681125,0.268741,107910.0
002868.SZ,20260508,1600,38.23,61168.0,38.45,0.00149529,0.168398,10700.2
002869.SZ,20260508,11200,21.0,235200.0,20.99,0.00711033,0.39,15751.7
002870.SZ,20260508,15500,40.84,633020.0,40.85,0.0119477,0.248123,12973.3
002871.SZ,20260508,76000,20.78,1579280.0,20.76,0.0509156,1.11551,14926.7
002872.SZ,20260508,39500,5.4,213300.0,5.43,0.0183791,0.665998,21491.8
002873.SZ,20260508,142000,9.9,1405800.0,9.95,0.0592431,1.36081,23969.1
002875.SZ,20260508,79500,24.21,1924695.0,24.26,0.0435765,0.652016,18243.8
002876.SZ,20260508,32800,31.45,1031560.0,31.54,0.0220221,0.418973,14894.2
002877.SZ,20260508,10400,9.2,95680.0,9.2,0.00432406,0.140302,24051.5
002878.SZ,20260508,105300,19.34,2036502.0,19.39,0.0446379,0.635893,23589.8
002879.SZ,20260508,16600,18.05,299630.0,18.11,0.0120404,0.186217,13786.9
002880.SZ,20260508,10000,25.49,254900.0,25.45,0.00440917,0.738403,22680.0
002881.SZ,20260508,17600,40.68,715968.0,40.72,0.00967424,0.444987,18192.6
002882.SZ,20260508,19900,27.12,539688.0,27.25,0.00806378,0.529212,24678.3
002883.SZ,20260508,270600,9.25,2503050.0,9.15,0.176498,2.0366,15331.6
002884.SZ,20260508,6700,18.89,126563.0,18.91,0.00245356,0.154647,27307.2
002885.SZ,20260508,1276700,37.02,47263434.0,36.88,0.538111,4.57354,23725.6
002886.SZ,20260508,63500,23.7,1504950.0,23.82,0.0303714,0.704502,20907.8
002887.SZ,20260508,62300,13.16,819868.0,13.17,0.0286791,0.754468,21723.1
002888.SZ,20260508,24500,20.1,492450.0,20.08,0.0327002,0.82006,7492.3
002889.SZ,20260508,18300,13.31,243573.0,13.3,0.0072837,1.07261,25124.6
002890.SZ,20260508,9200,16.84,154928.0,16.81,0.00569742,0.236577,16147.7
002891.SZ,20260508,59000,33.81,1994790.0,33.95,0.0183288,0.572231,32189.8
002892.SZ,20260508,31000,10.6,328600.0,10.6,0.0061874,0.41001,50101.8
002893.SZ,20260508,53600,11.03,591208.0,11.01,0.0264328,0.400622,20277.9
002895.SZ,20260508,14700,35.76,525672.0,35.88,0.00247075,0.112098,59496.1
002896.SZ,20260508,207800,71.08,14770424.0,73.2,0.105738,4.04413,19652.3
002897.SZ,20260508,90400,62.6,5659040.0,63.96,0.0495546,0.558653,18242.5
002899.SZ,20260508,12100,33.49,405229.0,33.74,0.00818691,0.346716,14779.7
002900.SZ,20260508,41700,11.41,475797.0,11.4,0.0258809,0.544365,16112.2
002901.SZ,20260508,5900,43.18,254762.0,43.17,0.00204537,0.263465,28845.7
002902.SZ,20260508,518050,32.78,16981679.0,32.89,0.291642,1.22496,17763.2
002903.SZ,20260508,488000,45.93,22413840.0,45.22,0.457504,4.04762,10666.6
002905.SZ,20260508,58000,9.23,535340.0,9.24,0.016598,0.749062,34944.0
002906.SZ,20260508,86200,31.0,2672200.0,30.85,0.0164312,1.09621,52461.3
002907.SZ,20260508,9900,13.61,134739.0,13.61,0.00294804,0.379425,33581.7
002908.SZ,20260508,11800,8.58,101244.0,8.58,0.00366648,0.189335,32183.5
002909.SZ,20260508,16800,6.8,114240.0,6.78,0.00441644,0.195982,38039.7
002910.SZ,20260508,74500,11.48,855260.0,11.43,0.0435515,1.18478,17106.2
002911.SZ,20260508,26215,12.01,314842.15,12.01,0.002069,0.283584,126704.0
002912.SZ,20260508,47900,25.25,1209475.0,24.9,0.0295275,1.04447,16222.2
002913.SZ,20260508,40700,55.35,2252745.0,55.88,0.0134909,0.392483,30168.5
002915.SZ,20260508,420175,20.91,8785859.25,20.7,0.145857,4.89119,28807.4
002916.SZ,20260508,48600,316.66,15389676.0,323.5,0.00731037,0.462369,66480.9
002917.SZ,20260508,6600,13.29,87714.0,13.34,0.00253315,0.118567,26054.5
002918.SZ,20260508,20300,10.53,213759.0,10.52,0.0094775,0.269054,21419.2
002919.SZ,20260508,12800,24.35,311680.0,24.32,0.00483752,0.175557,26459.8
002920.SZ,20260508,31400,104.54,3282556.0,104.77,0.00526297,0.340822,59662.2
002921.SZ,20260508,13500,31.25,421875.0,31.2,0.0105105,0.15672,12844.3
002922.SZ,20260508,112200,42.1,4723620.0,42.68,0.0298799,0.565474,37550.3
002923.SZ,20260508,46800,13.06,611208.0,13.12,0.0181336,0.269225,25808.5
002925.SZ,20260508,126900,21.01,2666169.0,21.07,0.0173586,0.848779,73104.8
002926.SZ,20260508,88400,8.71,769964.0,8.72,0.00336762,0.414845,262500.0
002927.SZ,20260508,8900,18.3,162870.0,18.41,0.00403243,0.13899,22071.1
002928.SZ,20260508,1194900,8.15,9738435.0,8.28,0.0934805,3.81686,127824.0
002929.SZ,20260508,691900,78.23,54127337.0,71.12,0.326464,3.90231,21193.8
002930.SZ,20260508,1176000,15.19,17863440.0,14.58,0.271381,4.7069,43333.9
002931.SZ,20260508,89700,61.21,5490537.0,61.21,0.0445706,0.717724,20125.4
002932.SZ,20260508,31500,16.79,528885.0,16.9,0.02018,0.642572,15609.5
002933.SZ,20260508,8100,30.75,249075.0,30.74,0.00693828,0.437445,11674.4
002935.SZ,20260508,66700,22.6,1507420.0,22.92,0.0160688,0.359513,41509.1
002936.SZ,20260508,1023600,1.83,1873188.0,1.83,0.0145619,1.38557,702930.0
002937.SZ,20260508,42400,35.4,1500960.0,35.35,0.0142783,0.534338,29695.4
002938.SZ,20260508,111200,74.79,8316648.0,75.83,0.00481503,0.290361,230943.0
002939.SZ,20260508,85200,8.95,762540.0,9.0,0.00236492,0.341954,360266.0
002940.SZ,20260508,57300,32.66,1871418.0,32.75,0.030927,0.395033,18527.5
002941.SZ,20260508,20000,14.09,281800.0,14.12,0.00274066,0.141342,72975.1
002942.SZ,20260508,10100,19.74,199374.0,19.7,0.00727886,0.447596,13875.8
002943.SZ,20260508,151000,68.0,10268000.0,69.79,0.103623,0.991225,14572.0
002945.SZ,20260508,27200,15.89,432208.0,15.93,0.00100741,0.197741,270000.0
002946.SZ,20260508,16400,19.17,314388.0,19.17,0.00192781,0.157149,85070.6
002947.SZ,20260508,87600,84.0,7358400.0,85.6,0.0454749,0.557324,19263.4
002948.SZ,20260508,199100,5.81,1156771.0,5.81,0.00639678,0.273139,311250.0
002949.SZ,20260508,11200,14.28,159936.0,14.32,0.00737396,0.209075,15188.6
002950.SZ,20260508,84900,14.48,1229352.0,14.46,0.0197616,0.386887,42962.1
002951.SZ,20260508,440700,16.66,7342062.0,16.69,0.109866,8.47409,40112.4
002952.SZ,20260508,51600,28.25,1457700.0,28.64,0.0391963,0.512885,13164.5
002953.SZ,20260508,27100,12.03,326013.0,12.03,0.00998852,0.539881,27131.1
002955.SZ,20260508,6800,25.54,173672.0,25.53,0.00347565,0.311378,19564.7
002956.SZ,20260508,11200,32.49,363888.0,32.61,0.00501738,0.139753,22322.4
002957.SZ,20260508,302200,43.8,13236360.0,45.46,0.0721795,1.16311,41867.9
002958.SZ,20260508,52000,3.03,157560.0,3.03,0.000955972,0.0929985,543949.0
002959.SZ,20260508,3900,40.98,159822.0,41.01,0.00259104,0.266087,15051.8
002960.SZ,20260508,69300,12.44,862092.0,12.46,0.00857093,0.315527,80854.7
002961.SZ,20260508,19000,25.53,485070.0,25.73,0.0039838,0.238006,47693.1
002962.SZ,20260508,178700,17.5,3127250.0,17.8,0.0854272,0.909123,20918.4
002963.SZ,20260508,43500,17.68,769080.0,17.59,0.0353676,0.642888,12299.4
002965.SZ,20260508,30900,31.76,981384.0,31.75,0.0162277,0.415004,19041.6
002966.SZ,20260508,61400,8.46,519444.0,8.46,0.00139689,0.199716,439548.0
002967.SZ,20260508,267400,22.28,5957672.0,22.65,0.0488646,2.16805,54722.7
002968.SZ,20260508,26700,11.97,319599.0,11.93,0.0125345,0.610076,21301.1
002969.SZ,20260508,355600,22.5,8001000.0,22.51,0.0325555,0.557802,109229.0
002970.SZ,20260508,30500,74.39,2268895.0,75.57,0.0243668,0.230135,12517.1
002971.SZ,20260508,12200,31.2,380640.0,31.36,0.00780044,0.123753,15640.1
002972.SZ,20260508,21900,13.35,292365.0,13.34,0.0162648,0.333214,13464.6
002973.SZ,20260508,5900,12.58,74222.0,12.62,0.00185737,0.161724,31765.3
002975.SZ,20260508,29700,121.4,3605580.0,124.4,0.0280562,0.267895,10585.9
002976.SZ,20260508,13000,30.96,402480.0,31.11,0.0194977,0.486038,6667.44
002977.SZ,20260508,19000,27.61,524590.0,27.8,0.0285083,0.288914,6664.72
002978.SZ,20260508,7400,31.5,233100.0,31.65,0.0020039,0.171168,36928.0
002979.SZ,20260508,393500,46.52,18305620.0,45.01,0.178095,4.89361,22095.0
002980.SZ,20260508,260100,82.03,21336003.0,83.4,0.256795,1.39887,10128.7
002981.SZ,20260508,14600,24.71,360766.0,24.69,0.0122261,0.352234,11941.7
002982.SZ,20260508,19700,14.48,285256.0,14.37,0.0151432,0.298113,13009.1
002983.SZ,20260508,8100,23.42,189702.0,23.52,0.00632035,0.25731,12815.8
002984.SZ,20260508,63800,16.65,1062270.0,16.75,0.00893646,0.357419,71392.9
002985.SZ,20260508,22300,36.36,810828.0,36.54,0.00673839,0.249952,33093.9
002986.SZ,20260508,25600,13.55,346880.0,13.45,0.00848139,0.221473,30183.7
002987.SZ,20260508,46100,15.58,718238.0,15.63,0.00546547,0.411564,84347.8
002988.SZ,20260508,12200,34.81,424682.0,35.13,0.00488445,0.263159,24977.2
002989.SZ,20260508,401854,32.11,12903531.94,32.14,0.219189,3.8803,18333.7
002990.SZ,20260508,410600,65.0,26689000.0,64.25,0.297496,2.41629,13801.9
002991.SZ,20260508,16800,52.01,873768.0,52.13,0.0336446,1.41373,4993.37
002992.SZ,20260508,5700,52.96,301872.0,53.26,0.00364835,0.190607,15623.5
002993.SZ,20260508,9900,51.99,514701.0,52.43,0.00415187,0.13409,23844.7
002995.SZ,20260508,119100,23.51,2800041.0,23.51,0.105945,1.25764,11241.7
002996.SZ,20260508,51500,7.5,386250.0,7.55,0.0123706,0.329235,41630.8
002997.SZ,20260508,12600,30.68,386568.0,30.64,0.00601945,0.310597,20932.1
002998.SZ,20260508,45500,9.96,453180.0,9.92,0.0168213,0.356083,27049.0
002999.SZ,20260508,94000,7.09,666460.0,7.09,0.0273619,0.331933,34354.4
003000.SZ,20260508,21500,11.19,240585.0,11.24,0.00697915,0.452435,30806.0
003001.SZ,20260508,82800,18.17,1504476.0,17.85,0.0770185,2.10596,10750.7
003002.SZ,20260508,4300,27.76,119368.0,27.87,0.00235169,0.106585,18284.7
003003.SZ,20260508,22700,13.84,314168.0,13.83,0.0192706,0.421635,11779.6
003004.SZ,20260508,25200,38.33,965916.0,36.5,0.036659,3.83422,6874.16
003005.SZ,20260508,10200,18.33,186966.0,18.37,0.00803287,0.459383,12697.8
003006.SZ,20260508,13800,18.39,253782.0,18.4,0.00321999,0.21129,42857.3
003007.SZ,20260508,218200,50.82,11088924.0,50.8,0.300602,3.16972,7258.77
003008.SZ,20260508,13000,23.48,305240.0,23.41,0.016726,0.550723,7772.32
003009.SZ,20260508,20000,62.37,1247400.0,62.42,0.0121442,0.505733,16468.7
003010.SZ,20260508,21700,30.2,655340.0,30.34,0.00959573,0.219946,22614.2
003011.SZ,20260508,13700,23.77,325649.0,23.76,0.0178281,0.360709,7684.51
003012.SZ,20260508,31200,5.62,175344.0,5.61,0.00275008,0.193875,113451.0
003013.SZ,20260508,42100,14.12,594452.0,14.0,0.0105264,1.29431,39994.7
003015.SZ,20260508,10500,15.08,158340.0,15.17,0.00424542,0.126236,24732.5
003016.SZ,20260508,36200,8.5,307700.0,8.49,0.0088103,0.681196,41088.3
003017.SZ,20260508,11900,31.93,379967.0,31.96,0.0171747,0.348142,6928.8
003018.SZ,20260508,158300,49.65,7859595.0,50.15,0.0666842,1.18147,23738.8
003019.SZ,20260508,12900,35.32,455628.0,35.56,0.00754574,0.233785,17095.7
003020.SZ,20260508,6000,23.09,138540.0,23.05,0.00436831,0.315149,13735.3
003021.SZ,20260508,14600,100.4,1465840.0,100.6,0.00704279,0.304087,20730.4
003022.SZ,20260508,98400,25.07,2466888.0,25.22,0.00737392,0.259769,133443.0
003023.SZ,20260508,15700,30.77,483089.0,30.77,0.0149353,0.293285,10512.0
003025.SZ,20260508,21000,13.9,291900.0,13.98,0.00927497,0.371324,22641.6
003026.SZ,20260508,268130,49.0,13138370.0,50.95,0.277021,1.17817,9679.04
003027.SZ,20260508,72000,24.81,1786320.0,24.79,0.0686623,0.665834,10486.1
003028.SZ,20260508,7100,28.65,203415.0,28.7,0.0100655,0.414784,7053.82
003029.SZ,20260508,14200,21.48,305016.0,21.43,0.00806365,0.562902,17609.9
003030.SZ,20260508,18800,22.4,421120.0,22.38,0.0232217,0.604397,8095.89
003031.SZ,20260508,151572,130.56,19789240.32,132.7,0.0445595,1.12262,34015.7
003032.SZ,20260508,71600,6.76,484016.0,6.78,0.0251686,1.3198,28448.2
003033.SZ,20260508,8000,56.0,448000.0,56.42,0.0099079,0.568661,8074.36
003035.SZ,20260508,463500,7.73,3582855.0,7.73,0.0122364,0.513416,378788.0
003036.SZ,20260508,119400,39.25,4686450.0,38.1,0.0552066,0.498175,21627.8
003037.SZ,20260508,9900,7.15,70785.0,7.15,0.00165255,0.169174,59907.5
003038.SZ,20260508,6700,14.48,97016.0,14.49,0.00410472,0.139762,16322.7
003039.SZ,20260508,23200,14.43,334776.0,14.49,0.00375697,0.445475,61751.9
003040.SZ,20260508,3900,15.03,58617.0,15.04,0.000853671,0.0701346,45685.0
003041.SZ,20260508,95800,64.21,6151318.0,63.4,0.0700173,1.39691,13682.3
003042.SZ,20260508,35600,17.2,612320.0,17.15,0.0288724,0.722982,12330.1
003043.SZ,20260508,11700,56.7,663390.0,56.99,0.0139568,0.321989,8383.02
003816.SZ,20260508,460200,4.63,2130726.0,4.64,0.00116995,0.28355,3933510.0
300001.SZ,20260508,169300,30.4,5146720.0,30.66,0.0163591,0.569816,103490.0
300002.SZ,20260508,230500,9.92,2286560.0,9.96,0.0124811,0.564328,184679.0
300003.SZ,20260508,73700,14.44,1064228.0,14.44,0.00466777,0.329767,157891.0
300004.SZ,20260508,8000,13.49,107920.0,13.63,0.00166669,0.057882,47999.4
300005.SZ,20260508,330600,14.68,4853208.0,14.68,0.0377146,0.648791,87658.4
300006.SZ,20260508,397700,6.27,2493579.0,6.28,0.0376674,1.02599,105582.0
300007.SZ,20260508,61400,45.69,2805366.0,45.7,0.0217002,0.458034,28294.6
300008.SZ,20260508,152000,8.03,1220560.0,8.09,0.00922728,0.140369,164729.0
300009.SZ,20260508,51900,8.82,457758.0,8.79,0.00421866,0.2879,123025.0
300010.SZ,20260508,10982000,3.2,35142400.0,3.27,0.660241,15.8451,166333.0
300011.SZ,20260508,37100,7.31,271201.0,7.34,0.00731386,0.582061,50725.6
300012.SZ,20260508,77700,16.41,1275057.0,16.48,0.00542885,0.277741,143124.0
300013.SZ,20260508,852800,4.71,4016688.0,4.78,0.19119,2.34457,44604.9
300014.SZ,20260508,370800,71.4,26475120.0,71.81,0.0175528,0.391571,211249.0
300015.SZ,20260508,381000,10.51,4004310.0,10.54,0.00478923,0.332728,795536.0
300016.SZ,20260508,60700,9.65,585755.0,9.68,0.0107976,0.267795,56216.4
300017.SZ,20260508,2094200,17.68,37025456.0,17.58,0.0894407,1.03154,234144.0
300018.SZ,20260508,16000,14.16,226560.0,14.28,0.00443619,0.0762728,36067.0
300019.SZ,20260508,19400,18.16,352304.0,18.24,0.00526302,0.345653,36861.0
300020.SZ,20260508,366300,3.37,1234431.0,3.37,0.0477834,2.88374,76658.4
300021.SZ,20260508,97800,4.48,438144.0,4.48,0.0111978,0.590602,87338.9
300022.SZ,20260508,34800,9.54,331992.0,9.54,0.00704132,0.228201,49422.6
300024.SZ,20260508,236500,15.3,3618450.0,15.42,0.01511,0.985045,156519.0
300025.SZ,20260508,110300,5.9,650770.0,5.93,0.0217703,0.753624,50665.4
300026.SZ,20260508,22200,3.43,76146.0,3.43,0.000739673,0.0771344,300133.0
300027.SZ,20260508,1905496,1.91,3639497.36,1.91,0.0743006,1.17219,256458.0
300030.SZ,20260508,78300,8.33,652239.0,8.35,0.0287627,0.552528,27222.8
300031.SZ,20260508,72300,23.43,1693989.0,23.61,0.0205455,0.425458,35190.2
300032.SZ,20260508,93300,5.36,500088.0,5.4,0.0116165,0.222283,80317.0
300033.SZ,20260508,94877,244.0,23149988.0,247.24,0.0216411,0.514869,43841.1
300034.SZ,20260508,38800,20.2,783760.0,20.34,0.0050583,0.241058,76705.7
300035.SZ,20260508,98500,20.81,2049785.0,20.96,0.0168852,0.154118,58335.1
300036.SZ,20260508,30500,15.39,469395.0,15.35,0.00695588,0.249622,43847.8
300037.SZ,20260508,202900,67.98,13793142.0,69.5,0.037663,0.52464,53872.4
300039.SZ,20260508,5000,5.83,29150.0,5.83,0.0005453,0.0522957,91692.6
300040.SZ,20260508,218600,7.59,1659174.0,7.66,0.0422517,0.306122,51737.6
300041.SZ,20260508,19600,11.7,229320.0,11.76,0.00360236,0.138252,54408.7
300042.SZ,20260508,1328289,63.93,84917515.77,66.3,0.66288,2.89515,20038.2
300043.SZ,20260508,229199,5.98,1370610.02,6.02,0.0184313,0.5078,124353.0
300044.SZ,20260508,179900,6.16,1108184.0,6.2,0.0251475,0.632084,71537.8
300045.SZ,20260508,109400,23.22,2540268.0,23.22,0.0211887,0.541339,51631.3
300046.SZ,20260508,32100,32.95,1057695.0,32.95,0.0135711,0.493888,23653.1
300047.SZ,20260508,72100,12.72,917112.0,12.81,0.0125629,0.340417,57391.1
300048.SZ,20260508,154900,6.65,1030085.0,6.69,0.0137052,0.78648,113023.0
300049.SZ,20260508,13200,51.41,678612.0,51.4,0.00564971,0.147098,23364.0
300050.SZ,20260508,125900,7.21,907739.0,7.27,0.0231215,0.378488,54451.5
300051.SZ,20260508,41400,16.74,693036.0,16.78,0.0112679,0.197276,36741.6
300052.SZ,20260508,2434200,14.97,36439974.0,14.27,0.929612,10.9549,26185.1
300053.SZ,20260508,172500,19.18,3308550.0,19.48,0.0265051,0.352413,65081.9
300054.SZ,20260508,603411,66.0,39825126.0,68.8,0.0817461,1.28715,73815.2
300055.SZ,20260508,24300,10.95,266085.0,11.01,0.00410517,0.106461,59193.6
300056.SZ,20260508,430400,11.74,5052896.0,11.8,0.111735,1.2819,38519.8
300057.SZ,20260508,774100,9.46,7322986.0,9.69,0.101379,0.474736,76356.9
300058.SZ,20260508,13084162,19.7,257757991.4,19.3,0.376205,2.85214,347793.0
300059.SZ,20260508,1257573,20.6,25906003.8,20.73,0.00942867,0.36442,1333780.0
300061.SZ,20260508,125300,9.96,1247988.0,9.98,0.0201392,0.390767,62217.0
300062.SZ,20260508,21900,7.85,171915.0,7.86,0.00477792,0.144294,45835.8
300063.SZ,20260508,1596400,13.11,20928804.0,12.88,0.254806,2.62702,62651.7
300065.SZ,20260508,427600,26.0,11117600.0,26.32,0.0651177,0.588708,65665.7
300066.SZ,20260508,24800,6.3,156240.0,6.33,0.00248472,0.119849,99809.9
300067.SZ,20260508,3455200,7.63,26363176.0,7.97,0.368648,1.40941,93726.4
300068.SZ,20260508,6952700,5.45,37892215.0,5.71,0.814437,9.27601,85368.2
300070.SZ,20260508,133900,3.9,522210.0,3.91,0.00389837,0.288408,343477.0
300071.SZ,20260508,961900,5.22,5021118.0,5.14,0.101751,2.09193,94535.1
300072.SZ,20260508,184600,4.47,825162.0,4.49,0.00791812,0.418915,233136.0
300073.SZ,20260508,146930,63.2,9285976.0,63.58,0.0290392,0.517632,50597.1
300074.SZ,20260508,65000,4.43,287950.0,4.42,0.0118216,0.232783,54983.9
300075.SZ,20260508,175000,13.96,2443000.0,13.79,0.0339517,1.37919,51543.8
300076.SZ,20260508,176300,4.6,810980.0,4.61,0.0415802,0.581821,42400.0
300077.SZ,20260508,502900,24.4,12270760.0,24.74,0.0888001,0.8527,56632.8
300078.SZ,20260508,43500,3.97,172695.0,3.98,0.00390707,0.195669,111337.0
300079.SZ,20260508,498684,5.75,2867433.0,5.75,0.0389147,1.64044,128148.0
300080.SZ,20260508,95400,4.47,426438.0,4.52,0.00509934,0.41379,187083.0
300081.SZ,20260508,49400,3.99,197106.0,3.99,0.00816959,0.270904,60468.1
300082.SZ,20260508,141600,12.52,1772832.0,12.68,0.0208751,0.32425,67832.1
300083.SZ,20260508,1252600,10.1,12651260.0,10.27,0.0839475,0.61794,149212.0
300084.SZ,20260508,229000,12.03,2754870.0,12.0,0.0642013,1.32383,35669.1
300085.SZ,20260508,294500,40.4,11897800.0,41.08,0.0451678,0.756525,65201.3
300086.SZ,20260508,523100,7.84,4101104.0,7.62,0.118704,2.3646,44067.5
300087.SZ,20260508,79400,8.3,659020.0,8.29,0.00879977,0.535018,90229.6
300088.SZ,20260508,585600,7.16,4192896.0,7.24,0.0235606,0.371719,248550.0
300091.SZ,20260508,15800,3.19,50402.0,3.19,0.000966112,0.0816768,163542.0
300092.SZ,20260508,12200,17.11,208742.0,17.07,0.00581323,0.218937,20986.6
300093.SZ,20260508,13600,22.99,312664.0,22.99,0.00588801,0.292877,23097.8
300094.SZ,20260508,64100,3.19,204479.0,3.19,0.00579819,0.134715,110552.0
300095.SZ,20260508,57700,10.04,579308.0,9.98,0.0171144,0.552492,33714.3
300096.SZ,20260508,32300,9.81,316863.0,9.67,0.00751163,0.385792,43000.0
300097.SZ,20260508,175100,12.0,2101200.0,11.78,0.0648498,0.901709,27000.8
300098.SZ,20260508,418500,5.82,2435670.0,5.85,0.0271446,0.469232,154174.0
300099.SZ,20260508,56200,9.51,534462.0,9.56,0.00966768,0.210712,58131.8
300100.SZ,20260508,31100,30.3,942330.0,30.5,0.00564269,0.340684,55115.6
300101.SZ,20260508,60700,21.12,1281984.0,21.3,0.0107248,0.243664,56597.9
300102.SZ,20260508,250200,30.9,7731180.0,31.22,0.0273167,0.419044,91592.4
300103.SZ,20260508,59600,8.43,502428.0,8.38,0.0187811,0.521221,31734.1
300105.SZ,20260508,8400,6.94,58296.0,6.94,0.00162957,0.092305,51547.3
300106.SZ,20260508,82100,12.46,1022966.0,12.37,0.0388488,0.507444,21133.2
300107.SZ,20260508,53400,7.29,389286.0,7.34,0.0153721,0.242764,34738.3
300109.SZ,20260508,64200,19.68,1263456.0,19.68,0.0143542,0.563938,44725.6
300110.SZ,20260508,30500,3.07,93635.0,3.08,0.00258217,0.113519,118118.0
300111.SZ,20260508,192100,4.02,772242.0,4.04,0.0149237,0.586427,128721.0
300112.SZ,20260508,9700,8.5,82450.0,8.5,0.00408239,0.13201,23760.6
300113.SZ,20260508,402085,28.3,11379005.5,28.92,0.0789919,0.835726,50902.0
300115.SZ,20260508,240100,34.85,8367485.0,34.9,0.0176893,0.518185,135732.0
300118.SZ,20260508,502000,18.3,9186600.0,18.39,0.0541637,0.596449,92682.0
300119.SZ,20260508,18000,17.88,321840.0,17.88,0.00539511,0.448075,33363.6
300120.SZ,20260508,18900,7.62,144018.0,7.65,0.0035833,0.132867,52744.7
300121.SZ,20260508,22000,12.35,271700.0,12.42,0.00512391,0.233236,42936.0
300122.SZ,20260508,73400,15.42,1131828.0,15.38,0.00518983,0.400344,141431.0
300123.SZ,20260508,1315600,4.45,5854420.0,4.51,0.132351,1.65739,99402.0
300124.SZ,20260508,544549,74.67,40661473.83,75.55,0.0225939,0.767741,241016.0
300125.SZ,20260508,18700,9.86,184382.0,9.82,0.00518278,0.247364,36081.0
300126.SZ,20260508,11500,8.21,94415.0,8.18,0.00545929,0.212661,21065.0
300127.SZ,20260508,14800,31.78,470344.0,32.03,0.00641203,0.190666,23081.6
300128.SZ,20260508,85800,6.83,586014.0,6.85,0.00661289,0.193734,129747.0
300129.SZ,20260508,100600,11.6,1166960.0,11.62,0.0139973,0.328207,71871.0
300130.SZ,20260508,39700,22.86,907542.0,22.86,0.00914406,0.490836,43416.1
300131.SZ,20260508,1998300,17.1,34170930.0,17.65,0.191726,1.76686,104227.0
300132.SZ,20260508,207700,8.89,1846453.0,8.94,0.0408793,0.718843,50808.1
300133.SZ,20260508,1143604,9.42,10772749.68,9.53,0.0682178,0.577142,167640.0
300134.SZ,20260508,109300,11.63,1271159.0,11.74,0.0142411,0.782558,76749.8
300135.SZ,20260508,47900,4.01,192079.0,4.01,0.00519748,0.156933,92160.0
300136.SZ,20260508,730507,101.0,73781207.0,101.65,0.0885248,0.670994,82520.0
300137.SZ,20260508,597700,18.99,11350323.0,19.3,0.112766,1.42309,53003.4
300138.SZ,20260508,11500,11.25,129375.0,11.25,0.00288717,0.156878,39831.3
300139.SZ,20260508,449022,59.01,26496788.22,60.46,0.19217,1.40284,23365.9
300140.SZ,20260508,29800,6.65,198170.0,6.69,0.00292122,0.133821,102012.0
300141.SZ,20260508,35600,13.09,466004.0,13.25,0.0139817,0.62739,25461.9
300142.SZ,20260508,150500,13.21,1988105.0,13.15,0.0095426,0.168281,157714.0
300143.SZ,20260508,26400,11.28,297792.0,11.28,0.00411691,0.296729,64125.8
300144.SZ,20260508,71000,7.56,536760.0,7.56,0.00273353,0.276052,259738.0
300145.SZ,20260508,276800,5.01,1386768.0,5.06,0.0144859,0.502036,191083.0
300146.SZ,20260508,139300,10.5,1462650.0,10.51,0.0124299,0.992758,112068.0
300147.SZ,20260508,56300,10.51,591713.0,10.35,0.00856447,0.322819,65736.7
300148.SZ,20260508,115400,4.23,488142.0,4.24,0.0141749,0.479987,81411.5
300149.SZ,20260508,37300,10.0,373000.0,9.98,0.00785985,0.213915,47456.3
300150.SZ,20260508,6200,5.16,31992.0,5.16,0.00133718,0.064962,46366.3
300151.SZ,20260508,115200,18.51,2132352.0,18.76,0.0312486,0.792541,36865.6
300152.SZ,20260508,131500,1.93,253795.0,1.95,0.0184491,0.319348,71277.3
300153.SZ,20260508,87300,31.03,2708919.0,31.42,0.0274244,0.262014,31833.0
300154.SZ,20260508,94700,9.87,934689.0,9.94,0.0300488,0.698613,31515.4
300155.SZ,20260508,82200,5.11,420042.0,5.1,0.0249512,0.799189,32944.3
300157.SZ,20260508,183300,5.66,1037478.0,5.63,0.0258962,0.488587,70782.5
300158.SZ,20260508,84600,5.9,499140.0,5.88,0.00853258,0.41493,99149.3
300159.SZ,20260508,133484,3.55,473868.2,3.54,0.0072869,0.264247,183184.0
300160.SZ,20260508,2700,5.25,14175.0,5.26,0.000354257,0.0373028,76216.0
300161.SZ,20260508,498700,39.28,19588936.0,39.14,0.255751,2.91494,19499.4
300162.SZ,20260508,107200,9.1,975520.0,9.21,0.0313302,0.388435,34216.2
300163.SZ,20260508,25300,4.43,112079.0,4.43,0.005541,0.0924224,45659.6
300164.SZ,20260508,875700,12.95,11340315.0,12.8,0.150152,1.15885,58321.1
300165.SZ,20260508,1379600,8.38,11561048.0,8.62,0.328059,2.18677,42053.5
300166.SZ,20260508,2498400,19.09,47694456.0,19.03,0.275835,1.37296,90575.9
300167.SZ,20260508,21000,5.55,116550.0,5.57,0.00593078,0.143466,35408.5
300168.SZ,20260508,121600,5.84,710144.0,5.83,0.00844924,0.387925,143918.0
300169.SZ,20260508,35800,6.51,233058.0,6.54,0.0118647,0.283805,30173.6
300170.SZ,20260508,1581900,23.75,37570125.0,23.48,0.161942,1.8275,97683.0
300171.SZ,20260508,9500,13.14,124830.0,13.19,0.00168842,0.0940652,56265.7
300172.SZ,20260508,55100,5.37,295887.0,5.37,0.0105367,0.324335,52293.6
300173.SZ,20260508,12400,4.18,51832.0,4.18,0.0016877,0.112685,73472.6
300174.SZ,20260508,49700,18.06,897582.0,18.25,0.0137219,0.328274,36219.5
300175.SZ,20260508,8100,6.31,51111.0,6.31,0.00172048,0.115873,47080.0
300176.SZ,20260508,41500,6.94,288010.0,6.96,0.0107157,0.228913,38728.1
300177.SZ,20260508,5400,8.43,45522.0,8.43,0.000890643,0.040451,60630.3
300179.SZ,20260508,314300,28.8,9051840.0,29.51,0.0840415,0.628514,37398.2
300180.SZ,20260508,42000,5.35,224700.0,5.38,0.00245231,0.191134,171267.0
300181.SZ,20260508,15700,15.21,238797.0,15.19,0.00260403,0.13407,60291.1
300182.SZ,20260508,2452900,6.14,15060806.0,6.07,0.108566,1.87482,225937.0
300183.SZ,20260508,20300,13.35,271005.0,13.44,0.00547127,0.215772,37102.9
300184.SZ,20260508,1727100,14.82,25595622.0,15.16,0.163861,1.20688,105400.0
300185.SZ,20260508,1655300,3.31,5479043.0,3.35,0.0430392,1.13299,384603.0
300187.SZ,20260508,339600,5.86,1990056.0,5.85,0.0529074,0.577946,64187.7
300188.SZ,20260508,319400,13.3,4248020.0,12.89,0.0373345,3.18997,85550.9
300189.SZ,20260508,321100,6.18,1984398.0,6.15,0.0362313,0.543947,88625.0
300190.SZ,20260508,78800,4.2,330960.0,4.2,0.00834532,0.311078,94424.2
300191.SZ,20260508,217800,37.11,8082558.0,36.96,0.0984652,1.03325,22119.5
300192.SZ,20260508,29900,20.2,603980.0,20.3,0.00921027,0.309751,32463.8
300193.SZ,20260508,10200,8.83,90066.0,8.84,0.00243219,0.125812,41937.6
300194.SZ,20260508,32300,4.11,132753.0,4.11,0.00333559,0.312516,96834.4
300195.SZ,20260508,68100,6.96,473976.0,7.0,0.0216972,0.368848,31386.5
300196.SZ,20260508,147600,20.9,3084840.0,21.23,0.059775,0.501559,24692.6
300197.SZ,20260508,466100,1.65,769065.0,1.65,0.0157189,0.745722,296522.0
300198.SZ,20260508,15500,2.49,38595.0,2.49,0.0015104,0.0831887,102622.0
300199.SZ,20260508,170600,20.78,3545068.0,20.98,0.0228942,0.351628,74516.7
300200.SZ,20260508,43900,10.3,452170.0,10.38,0.0103557,0.240173,42392.1
300201.SZ,20260508,120500,13.06,1573730.0,13.1,0.0120061,0.289591,100365.0
300203.SZ,20260508,102500,14.44,1480100.0,14.22,0.0228616,0.935531,44835.1
300204.SZ,20260508,55200,28.8,1589760.0,28.66,0.0121707,0.206515,45354.7
300205.SZ,20260508,200,6.08,1216.0,6.08,4.65056e-05,0.00416068,43005.6
300206.SZ,20260508,30200,14.98,452396.0,14.99,0.00892489,0.295616,33838.0
300207.SZ,20260508,227300,27.0,6137100.0,27.19,0.0132626,0.306123,171384.0
300209.SZ,20260508,2539300,23.01,58429293.0,22.62,0.34569,1.69131,73456.0
300210.SZ,20260508,170700,10.3,1758210.0,10.39,0.0352526,0.674304,48422.0
300211.SZ,20260508,52600,9.0,473400.0,9.02,0.0176225,1.17937,29848.2
300212.SZ,20260508,644300,6.07,3910901.0,6.07,0.092239,1.18943,69851.2
300213.SZ,20260508,35300,8.48,299344.0,8.55,0.00639236,0.254425,55222.2
300214.SZ,20260508,490400,9.06,4443024.0,9.08,0.105484,1.4247,46490.3
300215.SZ,20260508,317800,8.74,2777572.0,8.86,0.0424246,0.973279,74909.4
300217.SZ,20260508,61500,5.26,323490.0,5.27,0.00495403,0.20069,124141.0
300218.SZ,20260508,6200,15.38,95356.0,15.42,0.0028667,0.116886,21627.6
300219.SZ,20260508,37600,7.86,295536.0,7.95,0.00532095,0.17132,70664.1
300220.SZ,20260508,22700,14.84,336868.0,14.86,0.0150312,0.690404,15101.9
300221.SZ,20260508,105000,11.45,1202250.0,11.53,0.0229677,0.705198,45716.4
300222.SZ,20260508,155700,12.67,1972719.0,12.79,0.024566,0.526975,63380.4
300223.SZ,20260508,211200,134.0,28300800.0,137.35,0.0502175,0.571937,42057.1
300224.SZ,20260508,29500,13.53,399135.0,13.62,0.00318137,0.130194,92727.4
300225.SZ,20260508,70100,6.41,449341.0,6.38,0.0148503,0.315534,47204.6
300226.SZ,20260508,58400,25.18,1470512.0,25.2,0.0190568,0.615555,30645.3
300227.SZ,20260508,144900,11.88,1721412.0,11.95,0.033459,0.706654,43306.8
300228.SZ,20260508,48800,9.36,456768.0,9.41,0.00873137,0.145524,55890.4
300229.SZ,20260508,349600,19.91,6960536.0,19.52,0.0400444,1.34274,87303.0
300230.SZ,20260508,40600,5.07,205842.0,5.08,0.00644626,0.236285,62982.2
300231.SZ,20260508,70200,11.26,790452.0,11.32,0.0158011,0.410017,44427.3
300232.SZ,20260508,87600,6.45,565020.0,6.49,0.00989113,0.38121,88564.2
300233.SZ,20260508,10100,16.03,161903.0,16.1,0.00273109,0.112568,36981.5
300234.SZ,20260508,700,6.72,4704.0,6.78,0.000203496,0.00420037,34398.7
300235.SZ,20260508,6700,13.73,91991.0,13.78,0.00329834,0.0833111,20313.3
300236.SZ,20260508,131500,93.75,12328125.0,95.78,0.0472087,0.733614,27855.0
300237.SZ,20260508,262018,2.29,600021.22,2.3,0.0181717,1.47135,144190.0
300238.SZ,20260508,12000,14.21,170520.0,14.28,0.00452601,0.304032,26513.4
300239.SZ,20260508,15800,5.51,87058.0,5.51,0.00267905,0.160204,58976.2
300240.SZ,20260508,31700,6.94,219998.0,6.94,0.00872431,0.411663,36335.3
300241.SZ,20260508,283900,7.1,2015690.0,7.16,0.0482878,0.711279,58793.3
300242.SZ,20260508,106400,5.06,538384.0,5.03,0.0167677,0.542946,63455.5
300243.SZ,20260508,128300,18.59,2385097.0,19.07,0.0657786,0.373077,19504.8
300244.SZ,20260508,727500,21.02,15292050.0,20.5,0.145077,2.18256,50145.9
300245.SZ,20260508,141600,7.92,1121472.0,7.98,0.046521,0.440902,30437.9
300246.SZ,20260508,57300,18.24,1045152.0,18.21,0.0271144,0.407428,21132.7
300247.SZ,20260508,101200,4.22,427064.0,4.22,0.0126024,0.655991,80302.0
300248.SZ,20260508,80700,9.98,805386.0,9.95,0.019729,1.05055,40904.2
300249.SZ,20260508,167600,18.2,3050320.0,18.48,0.0447997,0.48823,37411.0
300250.SZ,20260508,377400,21.75,8208450.0,21.27,0.239734,3.57474,15742.4
300251.SZ,20260508,318000,14.79,4703220.0,14.83,0.0114579,0.569767,277537.0
300252.SZ,20260508,364600,15.53,5662238.0,15.77,0.0652495,0.995341,55877.9
300253.SZ,20260508,1696100,9.45,16028145.0,9.28,0.0936813,2.33367,181050.0
300254.SZ,20260508,185300,14.3,2649790.0,14.25,0.0820159,0.681107,22593.2
300255.SZ,20260508,103200,46.45,4793640.0,45.87,0.0112464,0.43224,91762.3
300256.SZ,20260508,38300,3.4,130220.0,3.42,0.00170724,0.183633,224339.0
300257.SZ,20260508,230400,34.0,7833600.0,34.18,0.0241335,1.38806,95469.0
300258.SZ,20260508,31900,11.69,372911.0,11.72,0.00559755,0.269471,56989.2
300259.SZ,20260508,33500,4.5,150750.0,4.51,0.00286439,0.25092,116953.0
300260.SZ,20260508,59499,54.0,3212946.0,54.76,0.0206855,0.351713,28763.7
300261.SZ,20260508,3400,5.97,20298.0,5.97,0.000360616,0.0293243,94283.0
300263.SZ,20260508,331400,11.23,3721622.0,11.38,0.0339714,0.782476,97552.8
300264.SZ,20260508,183100,8.84,1618604.0,8.71,0.0494349,0.749868,37038.6
300265.SZ,20260508,814900,18.91,15409759.0,19.39,0.174385,1.87209,46730.0
300266.SZ,20260508,74800,2.32,173536.0,2.33,0.00481636,0.302608,155304.0
300267.SZ,20260508,590300,4.46,2632738.0,4.51,0.0415011,0.49138,142237.0
300268.SZ,20260508,7300,14.01,102273.0,13.95,0.00545968,0.55037,13370.8
300269.SZ,20260508,41200,6.3,259560.0,6.3,0.0078375,0.152326,52567.8
300270.SZ,20260508,154700,14.21,2198287.0,14.37,0.0592879,0.947261,26093.0
300271.SZ,20260508,34300,6.52,223636.0,6.51,0.00431791,0.247612,79436.6
300272.SZ,20260508,61400,7.5,460500.0,7.53,0.01322,0.33885,46444.7
300274.SZ,20260508,629800,138.06,86950188.0,139.5,0.0396097,0.732081,159001.0
300275.SZ,20260508,34300,11.37,389991.0,11.38,0.0126353,0.691746,27146.1
300276.SZ,20260508,121500,7.17,871155.0,7.21,0.0114934,0.480031,105712.0
300277.SZ,20260508,106800,18.75,2002500.0,18.98,0.0139507,0.384073,76555.4
300278.SZ,20260508,209500,4.93,1032835.0,4.93,0.014864,0.852201,140945.0
300279.SZ,20260508,36400,7.75,282100.0,7.78,0.00747519,0.180984,48694.4
300281.SZ,20260508,17602,7.49,131838.98,7.5,0.00443012,0.194347,39732.6
300283.SZ,20260508,1148000,14.09,16175320.0,14.15,0.31262,1.09927,36721.9
300284.SZ,20260508,64200,6.93,444906.0,6.92,0.00545092,0.463016,117778.0
300285.SZ,20260508,285300,38.01,10844253.0,38.68,0.0334205,0.517244,85366.9
300286.SZ,20260508,10600,25.32,268392.0,25.31,0.00510167,0.191009,20777.5
300287.SZ,20260508,92200,4.45,410290.0,4.49,0.00699388,0.303478,131830.0
300288.SZ,20260508,22000,12.59,276980.0,12.59,0.00857468,0.443194,25656.9
300289.SZ,20260508,5100,6.67,34017.0,6.65,0.000938956,0.0618678,54315.6
300290.SZ,20260508,87300,16.14,1409022.0,16.29,0.0136504,0.265598,63954.2
300291.SZ,20260508,118200,6.54,773028.0,6.53,0.0127115,0.347735,92986.5
300292.SZ,20260508,634800,5.45,3459660.0,5.55,0.0568845,0.801453,111594.0
300293.SZ,20260508,40400,19.19,775276.0,19.36,0.0119372,0.414275,33843.8
300294.SZ,20260508,36600,17.39,636474.0,17.38,0.00725832,0.794613,50424.9
300295.SZ,20260508,7800,12.08,94224.0,12.13,0.00465521,0.0617403,16755.4
300296.SZ,20260508,380800,6.53,2486624.0,6.58,0.0167419,0.374641,227453.0
300298.SZ,20260508,35700,17.0,606900.0,17.04,0.00791727,0.334749,45091.3
300299.SZ,20260508,62000,6.28,389360.0,6.28,0.00899564,0.273164,68922.3
300300.SZ,20260508,310400,13.0,4035200.0,13.13,0.0465504,0.498264,66680.5
300301.SZ,20260508,222000,3.5,777000.0,3.46,0.0281084,1.293,78979.9
300302.SZ,20260508,963100,32.5,31300750.0,33.63,0.261134,1.39455,36881.4
300303.SZ,20260508,959100,10.01,9600591.0,10.22,0.0721862,0.713341,132865.0
300304.SZ,20260508,89600,13.1,1173760.0,13.23,0.0104855,0.365432,85451.6
300305.SZ,20260508,176600,6.73,1188518.0,6.67,0.0549341,2.07083,32147.6
300306.SZ,20260508,5400,12.68,68472.0,12.72,0.00342634,0.183763,15760.2
300307.SZ,20260508,19800,7.1,140580.0,7.14,0.0025162,0.0953468,78689.9
300308.SZ,20260508,268000,864.95,231806600.0,877.47,0.0241811,0.99545,110831.0
300310.SZ,20260508,122600,5.86,718436.0,5.88,0.0177328,0.506804,69137.3
300311.SZ,20260508,89700,5.45,488865.0,5.46,0.0166912,0.847878,53740.9
300313.SZ,20260508,33400,8.93,298262.0,8.92,0.016924,0.723041,19735.3
300314.SZ,20260508,18500,11.62,214970.0,11.6,0.0128703,0.57927,14374.1
300315.SZ,20260508,452100,5.13,2319273.0,5.16,0.0177888,0.546836,254148.0
300316.SZ,20260508,227600,45.99,10467324.0,46.11,0.0184807,0.639541,123156.0
300317.SZ,20260508,686600,5.41,3714506.0,5.39,0.0828313,0.559782,82891.3
300318.SZ,20260508,35400,5.56,196824.0,5.52,0.00446733,0.597407,79241.9
300319.SZ,20260508,221600,13.0,2880800.0,13.1,0.026294,0.659411,84277.8
300320.SZ,20260508,91300,9.83,897479.0,9.86,0.018812,0.651948,48533.0
300321.SZ,20260508,1800,40.33,72594.0,40.32,0.00202941,0.108194,8869.59
300322.SZ,20260508,79300,31.75,2517775.0,32.22,0.0180051,0.278059,44043.1
300323.SZ,20260508,810358,12.57,10186200.06,12.75,0.0682295,0.601068,118769.0
300324.SZ,20260508,207000,5.07,1049490.0,5.11,0.0121053,0.366393,170999.0
300326.SZ,20260508,40800,7.05,287640.0,7.09,0.00569262,0.386118,71671.8
300327.SZ,20260508,39000,27.5,1072500.0,27.69,0.0115094,0.374907,33885.4
300328.SZ,20260508,274800,18.28,5023344.0,18.49,0.0399975,0.555848,68704.2
300329.SZ,20260508,64200,15.05,966210.0,15.17,0.025462,1.37645,25214.0
300331.SZ,20260508,53300,54.9,2926170.0,55.8,0.0239949,0.397905,22213.1
300332.SZ,20260508,497100,5.62,2793702.0,5.55,0.0598874,1.46761,83005.8
300333.SZ,20260508,16000,9.27,148320.0,9.3,0.00477926,0.207867,33478.0
300334.SZ,20260508,30200,8.28,250056.0,8.2,0.00999901,0.302725,30203.0
300335.SZ,20260508,112300,6.82,765886.0,6.83,0.0292327,0.600383,38415.9
300337.SZ,20260508,185500,14.8,2745400.0,15.08,0.026075,0.422136,71141.0
300338.SZ,20260508,0,,0.0,3.58,0.0,0.0,34993.7
300339.SZ,20260508,178500,46.89,8369865.0,46.91,0.0229527,0.41905,77768.6
300340.SZ,20260508,9600,11.29,108384.0,11.32,0.00351053,0.129812,27346.3
300341.SZ,20260508,35400,15.75,557550.0,15.6,0.00686887,0.52429,51536.9
300342.SZ,20260508,973575,64.56,62854002.0,64.99,0.232468,1.51876,41879.9
300343.SZ,20260508,127600,6.7,854920.0,6.69,0.0119675,0.928498,106622.0
300345.SZ,20260508,389000,6.75,2625750.0,6.89,0.0811099,1.69255,47959.6
300346.SZ,20260508,364200,54.77,19947234.0,55.82,0.0555191,0.746162,65599.0
300347.SZ,20260508,22100,53.0,1171300.0,53.13,0.00390312,0.12182,56621.4
300348.SZ,20260508,41100,12.13,498543.0,12.13,0.00576495,0.280559,71292.9
300349.SZ,20260508,45000,13.45,605250.0,13.51,0.0121714,0.548251,36972.0
300350.SZ,20260508,95300,5.45,519385.0,5.42,0.0202093,0.705538,47156.5
300351.SZ,20260508,192700,23.8,4586260.0,24.1,0.0731556,0.952311,26341.1
300352.SZ,20260508,21996815,3.9,85787578.5,4.6,1.72372,34.6759,127613.0
300353.SZ,20260508,297600,19.67,5853792.0,19.19,0.0551049,1.74172,54006.1
300354.SZ,20260508,5000,37.52,187600.0,37.52,0.00614938,0.227748,8130.9
300355.SZ,20260508,250400,3.66,916464.0,3.67,0.018327,1.29497,136629.0
300357.SZ,20260508,38800,25.0,970000.0,25.08,0.00801795,0.374924,48391.4
300358.SZ,20260508,145102,9.87,1432156.74,9.88,0.0206904,0.726296,70130.0
300359.SZ,20260508,9100,4.98,45318.0,4.97,0.00143691,0.0943846,63330.2
300360.SZ,20260508,10100,14.97,151197.0,14.99,0.00201888,0.105543,50027.7
300363.SZ,20260508,79600,20.87,1661252.0,20.93,0.0159565,0.429674,49885.6
300364.SZ,20260508,1072600,32.7,35074020.0,32.36,0.16241,2.08283,66042.5
300365.SZ,20260508,95200,5.99,570248.0,5.99,0.0186038,0.541308,51172.5
300366.SZ,20260508,58900,5.78,340442.0,5.79,0.0111027,0.485026,53050.2
300368.SZ,20260508,828500,12.4,10273400.0,12.52,0.156633,2.04271,52894.3
300369.SZ,20260508,829300,7.99,6626107.0,7.6,0.102674,2.45361,80770.3
300370.SZ,20260508,142800,2.6,371280.0,2.59,0.00914523,0.578479,156147.0
300371.SZ,20260508,10000,13.49,134900.0,13.52,0.00714308,0.306876,13999.6
300373.SZ,20260508,114939,77.8,8942254.2,78.46,0.021201,0.600798,54213.8
300374.SZ,20260508,21300,14.12,300756.0,14.18,0.00866264,0.775506,24588.3
300375.SZ,20260508,68700,4.92,338004.0,4.91,0.0130053,0.527804,52824.8
300376.SZ,20260508,94100,6.07,571187.0,6.08,0.00404308,0.382442,232743.0
300377.SZ,20260508,51300,17.7,908010.0,17.86,0.00742486,0.191108,69092.2
300378.SZ,20260508,121900,43.8,5339220.0,43.24,0.0452302,0.9401,26951.0
300380.SZ,20260508,20000,37.5,750000.0,37.55,0.0157028,0.283688,12736.6
300381.SZ,20260508,12500,6.92,86500.0,6.94,0.00255446,0.0659943,48934.1
300382.SZ,20260508,54000,16.5,891000.0,16.74,0.00832899,0.17566,64833.8
300383.SZ,20260508,467400,17.25,8062650.0,17.54,0.026049,0.335522,179431.0
300384.SZ,20260508,13100,14.52,190212.0,14.47,0.00595148,0.293714,22011.3
300385.SZ,20260508,79500,15.8,1256100.0,15.88,0.0273513,0.487786,29066.3
300386.SZ,20260508,11400,12.7,144780.0,12.79,0.00454622,0.26987,25075.8
300387.SZ,20260508,51400,9.15,470310.0,9.14,0.0177881,0.498718,28895.7
300388.SZ,20260508,31000,8.36,259160.0,8.34,0.00455185,0.454585,68104.2
300389.SZ,20260508,85800,16.45,1411410.0,16.6,0.0391,0.633696,21943.7
300390.SZ,20260508,664500,110.0,73095000.0,111.08,0.0988446,0.895565,67226.8
300393.SZ,20260508,219600,11.49,2523204.0,11.65,0.022973,0.364358,95590.5
300394.SZ,20260508,373400,321.14,119913676.0,328.14,0.0480197,0.953481,77759.7
300395.SZ,20260508,676800,124.68,84383424.0,128.52,0.132315,1.78504,51150.7
300396.SZ,20260508,425600,8.3,3532480.0,8.34,0.156319,5.05611,27226.3
300397.SZ,20260508,326100,13.2,4304520.0,13.41,0.0798946,1.58903,40816.3
300398.SZ,20260508,1773200,35.0,62062000.0,35.82,0.314481,3.3053,56385.0
300399.SZ,20260508,41000,22.42,919220.0,22.64,0.020751,0.763932,19758.1
300400.SZ,20260508,177202,29.33,5197334.66,29.09,0.0732803,1.18106,24181.4
300401.SZ,20260508,84200,13.41,1129122.0,13.41,0.0157412,0.739354,53490.1
300402.SZ,20260508,29300,18.7,547910.0,18.89,0.012027,0.969628,24361.8
300403.SZ,20260508,58200,11.37,661734.0,11.36,0.0136281,0.605054,42705.9
300404.SZ,20260508,68000,10.73,729640.0,10.79,0.0238227,0.473381,28544.2
300405.SZ,20260508,78600,7.06,554916.0,7.06,0.0359194,0.386516,21882.3
300406.SZ,20260508,12800,12.89,164992.0,12.9,0.00301657,0.149337,42432.2
300407.SZ,20260508,8500,13.42,114070.0,13.46,0.00328285,0.119372,25892.1
300408.SZ,20260508,224600,84.5,18978700.0,86.98,0.012012,0.551779,186980.0
300409.SZ,20260508,103800,28.08,2914704.0,28.2,0.0150983,0.248363,68749.3
300410.SZ,20260508,46100,10.26,472986.0,10.36,0.0125574,0.239469,36711.5
300411.SZ,20260508,39400,10.29,405426.0,10.35,0.012746,1.0466,30911.6
300412.SZ,20260508,19100,5.3,101230.0,5.29,0.0040824,0.157437,46786.2
300413.SZ,20260508,71100,19.96,1419156.0,20.07,0.00695899,0.378278,102170.0
300414.SZ,20260508,35800,14.5,519100.0,14.53,0.011418,0.421924,31354.0
300415.SZ,20260508,105100,24.78,2604378.0,24.91,0.0231962,1.13924,45309.2
300416.SZ,20260508,42800,17.5,749000.0,17.63,0.00847602,0.26034,50495.4
300417.SZ,20260508,25600,14.91,381696.0,14.88,0.0306255,0.439634,8359.04
300418.SZ,20260508,923400,55.63,51368742.0,54.87,0.0736076,1.69698,125449.0
300419.SZ,20260508,26900,6.9,185610.0,6.86,0.00731468,0.127196,36775.4
300420.SZ,20260508,26500,3.71,98315.0,3.73,0.00237397,0.121345,111627.0
300421.SZ,20260508,79200,25.3,2003760.0,25.55,0.0343895,0.754995,23030.3
300422.SZ,20260508,309800,5.82,1803036.0,5.85,0.0599588,0.635182,51668.8
300423.SZ,20260508,44100,8.14,358974.0,8.09,0.0132357,0.385744,33319.0
300424.SZ,20260508,32400,18.31,593244.0,18.43,0.0132088,0.263562,24529.1
300425.SZ,20260508,23500,4.97,116795.0,4.97,0.00345213,0.279958,68073.8
300426.SZ,20260508,82800,7.33,606924.0,7.38,0.0207,0.970208,40000.0
300427.SZ,20260508,32600,11.13,362838.0,11.24,0.00648105,0.143608,50300.5
300428.SZ,20260508,8700,21.64,188268.0,21.7,0.00145787,0.0704537,59676.1
300429.SZ,20260508,345200,14.88,5136576.0,14.7,0.0861994,2.08223,40046.7
300430.SZ,20260508,961900,8.71,8378149.0,10.89,0.370174,32.3417,25985.0
300432.SZ,20260508,185500,27.3,5064150.0,27.7,0.0109718,0.28231,169070.0
300433.SZ,20260508,360399,27.4,9874932.6,27.62,0.00725193,0.496772,496970.0
300434.SZ,20260508,29500,11.55,340725.0,11.52,0.00862283,0.152944,34211.5
300435.SZ,20260508,52100,22.9,1193090.0,22.95,0.0141264,0.249407,36881.4
300436.SZ,20260508,57500,122.13,7022475.0,120.93,0.0420562,0.632883,13672.2
300437.SZ,20260508,23700,16.41,388917.0,16.49,0.0136402,0.184549,17375.1
300438.SZ,20260508,252000,87.6,22075200.0,89.4,0.0623509,0.450274,40416.4
300439.SZ,20260508,20500,10.19,208895.0,10.19,0.00701257,0.429932,29233.2
300440.SZ,20260508,34200,19.38,662796.0,19.39,0.0078114,0.228295,43782.2
300441.SZ,20260508,18000,7.0,126000.0,6.99,0.0028757,0.293461,62593.4
300442.SZ,20260508,438800,96.01,42129188.0,97.45,0.0269232,0.803036,162982.0
300443.SZ,20260508,36500,30.8,1124200.0,31.09,0.0150346,0.305948,24277.4
300444.SZ,20260508,245300,16.65,4084245.0,16.83,0.0394724,0.280176,62144.7
300445.SZ,20260508,109300,24.57,2685501.0,23.8,0.0777648,1.8441,14055.2
300446.SZ,20260508,33200,19.49,647068.0,19.53,0.00888746,0.28966,37356.0
300447.SZ,20260508,18200,19.47,354354.0,19.66,0.00903437,0.205543,20145.3
300448.SZ,20260508,38800,7.98,309624.0,7.98,0.00603828,0.132886,64256.7
300449.SZ,20260508,24400,7.73,188612.0,7.65,0.00632065,0.247546,38603.6
300450.SZ,20260508,149200,55.89,8338788.0,56.31,0.00956769,0.225175,155941.0
300451.SZ,20260508,106587,4.43,472180.41,4.41,0.00698156,0.420624,152669.0
300452.SZ,20260508,8300,14.04,116532.0,14.07,0.00417862,0.186626,19863.0
300453.SZ,20260508,66700,10.38,692346.0,10.36,0.018535,0.359607,35986.0
300454.SZ,20260508,470600,128.63,60533278.0,124.63,0.163401,2.98727,28800.3
300455.SZ,20260508,112600,27.7,3119020.0,28.09,0.01589,0.831498,70862.2
300456.SZ,20260508,794400,53.33,42365352.0,52.83,0.132965,1.30322,59744.9
300457.SZ,20260508,63800,28.85,1840630.0,29.03,0.0100497,0.271973,63484.6
300458.SZ,20260508,203140,36.11,7335385.4,36.72,0.0256521,0.434911,79190.4
300459.SZ,20260508,407800,4.32,1761696.0,4.35,0.0124057,0.275552,328719.0
300460.SZ,20260508,64900,9.95,645755.0,9.87,0.0231122,0.991303,28080.4
300461.SZ,20260508,39600,54.93,2175228.0,55.14,0.0275568,0.386852,14370.3
300462.SZ,20260508,7900,13.5,106650.0,13.66,0.00572323,0.21102,13803.4
300463.SZ,20260508,25100,10.46,262546.0,10.45,0.00510688,0.421691,49149.4
300464.SZ,20260508,15900,8.03,127677.0,8.07,0.00447455,0.115218,35534.3
300465.SZ,20260508,55400,14.54,805516.0,14.68,0.0124845,0.611354,44374.9
300466.SZ,20260508,42900,9.1,390390.0,9.15,0.00955729,0.515998,44887.2
300467.SZ,20260508,62300,41.59,2591057.0,41.77,0.0365993,0.486152,17022.2
300468.SZ,20260508,53100,29.32,1556892.0,29.55,0.0100228,0.262226,52979.0
300469.SZ,20260508,23800,57.55,1369690.0,57.95,0.00959237,0.203216,24811.4
300470.SZ,20260508,2300,33.8,77740.0,33.84,0.00116666,0.0657895,19714.4
300471.SZ,20260508,27600,11.85,327060.0,11.85,0.00752963,0.309171,36655.2
300472.SZ,20260508,14500,8.4,121800.0,8.38,0.00589562,0.262573,24594.5
300473.SZ,20260508,15100,34.2,516420.0,34.38,0.0100321,0.286046,15051.6
300474.SZ,20260508,91300,66.27,6050451.0,67.3,0.0224615,0.542947,40647.4
300475.SZ,20260508,555300,183.95,102147435.0,189.18,0.12468,1.0594,44538.0
300476.SZ,20260508,465588,333.03,155054771.64,338.06,0.0538131,1.0045,86519.5
300477.SZ,20260508,626000,2.73,1708980.0,2.78,0.0631677,0.735129,99101.3
300478.SZ,20260508,25500,31.31,798405.0,31.4,0.0201306,0.792369,12667.3
300479.SZ,20260508,14000,17.33,242620.0,17.37,0.00710918,0.282738,19692.8
300480.SZ,20260508,92400,37.0,3418800.0,37.81,0.0342017,0.379271,27016.2
300481.SZ,20260508,43600,14.61,636996.0,14.7,0.0150306,0.462422,29007.6
300482.SZ,20260508,45300,18.69,846657.0,18.55,0.0105331,0.944175,43007.1
300483.SZ,20260508,470000,21.43,10072100.0,20.7,0.123141,1.27804,38167.6
300484.SZ,20260508,14000,16.28,227920.0,16.37,0.00841586,0.329257,16635.3
300485.SZ,20260508,15200,10.82,164464.0,10.78,0.00555115,0.165706,27381.7
300486.SZ,20260508,19300,22.88,441584.0,22.87,0.00404607,0.186694,47700.6
300487.SZ,20260508,7800,64.88,506064.0,65.29,0.00253231,0.193254,30801.9
300488.SZ,20260508,438000,36.49,15982620.0,34.63,0.269948,6.21873,16225.3
300489.SZ,20260508,104600,111.65,11678590.0,113.6,0.0754427,0.773138,13864.8
300490.SZ,20260508,111600,20.2,2254320.0,20.43,0.0283787,0.383669,39325.3
300491.SZ,20260508,18900,27.46,518994.0,27.65,0.0119631,0.233707,15798.5
300492.SZ,20260508,11100,50.35,558885.0,50.41,0.00564365,0.368931,19668.1
300493.SZ,20260508,48700,16.78,817186.0,16.88,0.00961289,0.343485,50661.1
300494.SZ,20260508,96000,11.36,1090560.0,11.41,0.0240995,1.00858,39834.8
300496.SZ,20260508,88900,65.84,5853176.0,66.12,0.0241169,0.666967,36862.1
300497.SZ,20260508,357400,19.16,6847784.0,19.38,0.0789764,0.629449,45254.0
300498.SZ,20260508,85000,16.27,1382950.0,16.27,0.00142874,0.160269,594930.0
300499.SZ,20260508,480100,43.16,20721116.0,44.5,0.176892,1.5258,27140.8
300500.SZ,20260508,21300,11.91,253683.0,11.89,0.012709,0.280355,16759.8
300501.SZ,20260508,78100,13.66,1066846.0,13.7,0.0547399,0.674284,14267.5
300502.SZ,20260508,380100,553.0,210195300.0,563.5,0.0429302,1.00526,88539.1
300503.SZ,20260508,195500,65.5,12805250.0,67.07,0.0811287,0.942747,24097.5
300504.SZ,20260508,82400,17.84,1470016.0,17.95,0.0377546,0.712862,21825.2
300505.SZ,20260508,32300,25.54,824942.0,25.58,0.0148601,0.220302,21736.1
300506.SZ,20260508,24100,4.95,119295.0,4.95,0.00328027,0.231065,73469.6
300507.SZ,20260508,11200,8.2,91840.0,8.23,0.00144518,0.0872747,77499.2
300508.SZ,20260508,22700,34.47,782469.0,34.6,0.0277306,0.793923,8185.91
300509.SZ,20260508,31200,11.41,355992.0,11.41,0.0126263,0.426285,24710.4
300510.SZ,20260508,257124,4.28,1100490.72,4.2,0.0311782,1.35152,82469.1
300511.SZ,20260508,148500,7.81,1159785.0,7.84,0.0271976,0.256623,54600.3
300512.SZ,20260508,12900,9.3,119970.0,9.33,0.00398262,0.2535,32390.7
300513.SZ,20260508,17200,9.3,159960.0,9.28,0.005987,0.212899,28728.9
300514.SZ,20260508,1400,12.71,17794.0,12.72,0.00087359,0.0360355,16025.8
300515.SZ,20260508,74100,17.28,1280448.0,17.11,0.0367272,2.48619,20175.8
300516.SZ,20260508,13200,54.09,713988.0,54.59,0.00733333,0.31384,18000.0
300517.SZ,20260508,67200,12.68,852096.0,12.67,0.0532302,1.35109,12624.4
300518.SZ,20260508,48100,27.6,1327560.0,27.68,0.0241257,0.277144,19937.2
300519.SZ,20260508,19800,16.37,324126.0,16.35,0.0173532,0.611222,11410.0
300520.SZ,20260508,98400,37.94,3733296.0,37.9,0.0348665,0.686361,28221.9
300521.SZ,20260508,300,29.47,8841.0,29.47,0.000202901,0.00852434,14785.5
300522.SZ,20260508,48600,13.5,656100.0,13.55,0.0184717,0.864617,26310.6
300523.SZ,20260508,6500,22.11,143715.0,22.11,0.0027974,0.142575,23235.8
300525.SZ,20260508,72000,10.35,745200.0,10.33,0.0115506,0.48849,62334.6
300527.SZ,20260508,48200,8.05,388010.0,8.05,0.0047405,0.403381,101677.0
300528.SZ,20260508,57200,15.81,904332.0,15.85,0.0153513,0.594126,37260.8
300529.SZ,20260508,31300,19.11,598143.0,19.15,0.00610753,0.378129,51248.2
300530.SZ,20260508,5600,24.3,136080.0,24.44,0.00325673,0.226079,17195.1
300531.SZ,20260508,119600,20.66,2470936.0,20.78,0.0383815,0.713667,31160.8
300532.SZ,20260508,33100,7.93,262483.0,7.95,0.00547359,0.300516,60472.2
300533.SZ,20260508,69200,27.93,1932756.0,27.94,0.0419461,0.694239,16497.4
300534.SZ,20260508,13700,9.28,127136.0,9.25,0.00453565,0.190425,30205.1
300535.SZ,20260508,7300,19.28,140744.0,19.29,0.00899446,0.143434,8116.1
300536.SZ,20260508,190000,10.73,2038700.0,10.61,0.0647874,0.974436,29326.7
300537.SZ,20260508,34800,24.0,835200.0,24.1,0.0229303,0.510676,15176.4
300538.SZ,20260508,22300,16.58,369734.0,16.59,0.018432,0.467841,12098.5
300539.SZ,20260508,41700,30.23,1260591.0,30.35,0.0191383,0.471353,21788.8
300540.SZ,20260508,270240,30.0,8107200.0,30.35,0.130723,0.767634,20672.7
300541.SZ,20260508,329700,12.91,4256427.0,13.2,0.0853112,2.26415,38646.7
300542.SZ,20260508,4300,15.55,66865.0,15.63,0.0017368,0.123212,24758.2
300543.SZ,20260508,20300,9.66,196098.0,9.73,0.00811355,0.326469,25019.9
300545.SZ,20260508,29900,34.3,1025570.0,34.63,0.0250086,0.336324,11955.9
300546.SZ,20260508,5600,20.1,112560.0,20.01,0.00418179,0.218988,13391.4
300547.SZ,20260508,56200,41.28,2319936.0,42.01,0.0315334,0.296404,17822.4
300548.SZ,20260508,150200,263.0,39502600.0,273.29,0.0557783,0.798368,26928.0
300549.SZ,20260508,9100,18.5,168350.0,18.5,0.00900507,0.398151,10105.4
300550.SZ,20260508,11300,13.6,153680.0,13.58,0.00430803,0.0742572,26230.1
300551.SZ,20260508,16905,14.64,247489.2,14.72,0.00498565,0.161079,33907.3
300552.SZ,20260508,20500,27.81,570105.0,27.81,0.0151753,0.408209,13508.8
300553.SZ,20260508,50800,53.25,2705100.0,53.3,0.0598384,0.976946,8489.54
300554.SZ,20260508,31800,26.5,842700.0,26.5,0.0402048,0.441783,7909.49
300555.SZ,20260508,0,,0.0,13.58,0.0,0.0,19798.5
300556.SZ,20260508,17100,20.48,350208.0,20.52,0.0157594,0.238046,10850.6
300557.SZ,20260508,38900,37.4,1454860.0,37.93,0.0325829,1.02105,11938.8
300558.SZ,20260508,47200,52.58,2481776.0,52.96,0.0112544,0.28611,41939.3
300559.SZ,20260508,78200,13.38,1046316.0,13.4,0.0251336,0.47819,31113.7
300560.SZ,20260508,74700,16.32,1219104.0,16.32,0.039954,0.519115,18696.5
300561.SZ,20260508,28600,17.1,489060.0,17.02,0.0118644,0.285338,24105.8
300562.SZ,20260508,14600,14.4,210240.0,14.44,0.00895944,0.157157,16295.7
300563.SZ,20260508,10800,33.61,362988.0,33.61,0.0084279,0.341262,12814.6
300564.SZ,20260508,18400,16.3,299920.0,16.25,0.0162556,0.345575,11319.2
300565.SZ,20260508,60800,13.12,797696.0,13.23,0.0266427,0.524186,22820.5
300566.SZ,20260508,28400,19.9,565160.0,19.92,0.0125287,0.380811,22668.0
300567.SZ,20260508,73500,145.69,10708215.0,149.13,0.0323719,0.551017,22704.9
300568.SZ,20260508,151600,17.03,2581748.0,17.2,0.0125438,0.160074,120856.0
300569.SZ,20260508,80000,6.26,500800.0,6.31,0.00784591,0.286147,101964.0
300570.SZ,20260508,542100,145.95,79119495.0,150.05,0.282061,2.19598,19219.3
300571.SZ,20260508,467200,56.85,26560320.0,57.58,0.404022,1.53488,11563.7
300572.SZ,20260508,40300,32.7,1317810.0,32.41,0.02195,0.498214,18359.9
300573.SZ,20260508,16700,69.4,1158980.0,69.37,0.00882462,0.264642,18924.3
300575.SZ,20260508,15100,6.61,99811.0,6.61,0.00440608,0.103216,34270.8
300576.SZ,20260508,42000,38.2,1604400.0,38.78,0.0182323,0.335324,23036.1
300577.SZ,20260508,23500,21.88,514180.0,21.91,0.0165301,0.439321,14216.5
300578.SZ,20260508,258700,22.72,5877664.0,22.31,0.130514,3.71086,19821.6
300579.SZ,20260508,17700,27.65,489405.0,27.55,0.00679532,0.552474,26047.3
300580.SZ,20260508,48800,29.56,1442528.0,29.67,0.010326,0.435689,47259.2
300581.SZ,20260508,11000,12.94,142340.0,12.9,0.0019996,0.111137,55011.0
300582.SZ,20260508,70600,15.18,1071708.0,15.32,0.0318643,0.30564,22156.5
300583.SZ,20260508,38600,15.3,590580.0,15.3,0.0207361,0.666222,18614.9
300584.SZ,20260508,3700,42.68,157916.0,42.71,0.00450615,0.0861698,8210.99
300585.SZ,20260508,87900,21.8,1916220.0,21.77,0.0513701,0.652259,17111.1
300586.SZ,20260508,246400,11.94,2942016.0,12.05,0.0460908,0.519113,53459.6
300587.SZ,20260508,71400,6.55,467670.0,6.58,0.00678312,0.21906,105261.0
300588.SZ,20260508,15200,23.62,359024.0,23.8,0.00859621,0.253084,17682.2
300589.SZ,20260508,29600,16.59,491064.0,16.67,0.0126264,0.139239,23442.9
300590.SZ,20260508,158800,15.22,2416936.0,15.49,0.0443805,0.331503,35781.5
300591.SZ,20260508,64500,8.05,519225.0,8.05,0.0184052,0.21594,35044.5
300592.SZ,20260508,78800,13.9,1095320.0,13.9,0.0225873,0.631797,34886.9
300593.SZ,20260508,58400,29.4,1716960.0,29.75,0.0129702,0.267323,45026.4
300594.SZ,20260508,60400,19.13,1155452.0,19.02,0.0663788,0.577906,9099.29
300595.SZ,20260508,33200,14.11,468452.0,14.18,0.00496638,0.264591,66849.5
300596.SZ,20260508,16100,42.98,691978.0,43.19,0.00701159,0.18728,22962.0
300597.SZ,20260508,12500,9.9,123750.0,9.88,0.00460622,0.179437,27137.2
300598.SZ,20260508,29000,37.89,1098810.0,37.89,0.0133689,0.437954,21692.1
300599.SZ,20260508,63400,12.4,786160.0,12.33,0.0200621,0.306261,31601.8
300600.SZ,20260508,25100,12.91,324041.0,13.0,0.00853061,0.290539,29423.4
300601.SZ,20260508,102000,14.35,1463700.0,14.27,0.0113286,0.681837,90037.4
300602.SZ,20260508,132500,37.6,4982000.0,38.04,0.03351,0.450816,39540.4
300603.SZ,20260508,142200,10.9,1549980.0,10.87,0.0380284,0.558784,37393.1
300604.SZ,20260508,146200,180.01,26317462.0,185.8,0.029869,0.444839,48947.1
300605.SZ,20260508,16200,13.47,218214.0,13.48,0.0128182,0.162963,12638.3
300606.SZ,20260508,60600,39.32,2382792.0,39.87,0.051498,0.440513,11767.4
300607.SZ,20260508,121600,30.13,3663808.0,30.45,0.0360297,0.665096,33749.9
300608.SZ,20260508,106800,13.6,1452480.0,13.67,0.0371379,0.525959,28757.7
300609.SZ,20260508,10700,42.45,454215.0,42.38,0.00892193,0.168305,11992.9
300610.SZ,20260508,7400,12.58,93092.0,12.57,0.00441464,0.159116,16762.4
300611.SZ,20260508,14700,25.39,373233.0,25.39,0.00991214,0.250892,14830.3
300612.SZ,20260508,108000,16.05,1733400.0,15.85,0.0600402,1.30396,17987.9
300613.SZ,20260508,239300,59.07,14135451.0,60.56,0.108971,0.809095,21960.0
300614.SZ,20260508,4200,13.93,58506.0,13.93,0.00261779,0.108308,16044.1
300615.SZ,20260508,50300,14.4,724320.0,14.5,0.033249,0.787963,15128.3
300616.SZ,20260508,33500,14.5,485750.0,14.39,0.0215828,0.348377,15521.6
300617.SZ,20260508,27400,66.0,1808400.0,67.25,0.0197231,0.253,13892.4
300618.SZ,20260508,145200,47.78,6937656.0,48.49,0.0532851,0.896584,27249.7
300619.SZ,20260508,17800,44.22,787116.0,44.35,0.0121513,0.187368,14648.6
300620.SZ,20260508,153278,250.0,38319500.0,259.81,0.06203,1.03868,24710.3
300621.SZ,20260508,21800,9.05,197290.0,9.05,0.0107639,0.34608,20252.9
300622.SZ,20260508,27100,25.24,684004.0,25.35,0.0173972,0.456114,15577.3
300623.SZ,20260508,80100,29.55,2366955.0,29.81,0.0104384,0.379244,76735.7
300624.SZ,20260508,98900,72.63,7183107.0,71.29,0.0577575,0.890693,17123.3
300625.SZ,20260508,4000,12.06,48240.0,12.07,0.00246957,0.135723,16197.2
300626.SZ,20260508,27200,27.24,740928.0,27.2,0.0151194,0.349689,17990.2
300627.SZ,20260508,26400,32.67,862488.0,32.9,0.00407334,0.197146,64811.6
300628.SZ,20260508,51500,37.0,1905500.0,37.12,0.00709605,0.573991,72575.5
300629.SZ,20260508,22800,26.12,595536.0,26.13,0.0105172,0.199205,21678.9
300631.SZ,20260508,42200,31.42,1325924.0,31.57,0.0348818,0.523739,12098.0
300632.SZ,20260508,1454800,23.78,34595144.0,24.77,0.657699,3.14119,22119.6
300633.SZ,20260508,7100,24.12,171252.0,24.14,0.00264934,0.0923377,26799.1
300634.SZ,20260508,95600,24.77,2368012.0,24.69,0.0220138,0.446403,43427.4
300635.SZ,20260508,10900,15.16,165244.0,15.17,0.00905209,0.158714,12041.4
300636.SZ,20260508,48500,7.68,372480.0,7.69,0.0132024,0.611387,36735.8
300637.SZ,20260508,23500,11.03,259205.0,11.06,0.0100218,0.260132,23448.8
300638.SZ,20260508,80000,23.19,1855200.0,23.41,0.0150816,0.512172,53044.9
300639.SZ,20260508,280100,6.19,1733819.0,6.11,0.0440988,1.96506,63516.4
300640.SZ,20260508,89400,7.78,695532.0,7.82,0.0404985,0.547043,22074.9
300641.SZ,20260508,24800,17.84,442432.0,17.84,0.00471891,0.189656,52554.5
300642.SZ,20260508,8500,16.49,140165.0,16.46,0.00617253,0.206991,13770.7
300643.SZ,20260508,11200,18.22,204064.0,18.24,0.00485424,0.191772,23072.6
300644.SZ,20260508,9700,29.04,281688.0,29.12,0.0109473,0.20704,8860.66
300645.SZ,20260508,29300,16.95,496635.0,16.91,0.0210307,0.445816,13932.0
300647.SZ,20260508,38700,7.03,272061.0,7.1,0.00847491,0.220552,45664.2
300648.SZ,20260508,4900,50.5,247450.0,50.75,0.0036929,0.201432,13268.7
300649.SZ,20260508,16700,18.75,313125.0,18.77,0.0157378,0.230801,10611.4
300650.SZ,20260508,41600,16.75,696800.0,16.97,0.024421,0.548102,17034.5
300651.SZ,20260508,158000,34.01,5373580.0,34.43,0.152838,0.630315,10337.7
300652.SZ,20260508,83660,46.49,3889353.4,45.97,0.0698809,1.30117,11971.8
300653.SZ,20260508,4100,18.32,75112.0,18.22,0.00227778,0.247768,18000.0
300654.SZ,20260508,92900,11.45,1063705.0,11.46,0.0263444,0.795642,35263.6
300655.SZ,20260508,211000,15.49,3268390.0,15.7,0.0197771,0.398682,106689.0
300656.SZ,20260508,25100,29.41,738191.0,29.55,0.0188867,0.312325,13289.8
300657.SZ,20260508,1822600,40.47,73760622.0,40.53,0.389026,3.68577,46850.4
300658.SZ,20260508,103200,23.0,2373600.0,23.35,0.0467298,0.453724,22084.4
300659.SZ,20260508,15900,13.13,208767.0,13.12,0.00840208,0.310859,18923.9
300660.SZ,20260508,78500,44.0,3454000.0,44.3,0.0175702,1.17934,44677.9
300661.SZ,20260508,171300,88.56,15170328.0,89.75,0.0285963,0.5092,59902.9
300662.SZ,20260508,26500,25.0,662500.0,24.98,0.0135042,0.460332,19623.5
300663.SZ,20260508,1826400,9.94,18154416.0,10.05,0.39734,7.96478,45965.7
300664.SZ,20260508,67700,5.51,373027.0,5.53,0.00899697,0.421911,75247.6
300665.SZ,20260508,50500,9.08,458540.0,9.03,0.0231576,0.392313,21807.1
300666.SZ,20260508,77100,180.6,13924260.0,186.55,0.0348686,0.466641,22111.6
300667.SZ,20260508,55200,18.26,1007952.0,18.59,0.0319758,0.274139,17263.0
300668.SZ,20260508,33100,64.48,2134288.0,63.22,0.0332016,0.415269,9969.39
300669.SZ,20260508,2900,33.25,96425.0,32.96,0.00158904,0.22361,18250.0
300670.SZ,20260508,86300,7.38,636894.0,7.39,0.0384078,0.57838,22469.4
300671.SZ,20260508,89200,48.0,4281600.0,48.14,0.0404089,0.573119,22074.3
300672.SZ,20260508,45600,196.23,8948088.0,201.0,0.0216794,0.254387,21033.8
300673.SZ,20260508,8100,15.89,128709.0,15.85,0.00504882,0.232151,16043.3
300674.SZ,20260508,39800,20.27,806746.0,20.25,0.00566135,0.392414,70301.2
300675.SZ,20260508,18200,16.38,298116.0,16.4,0.0124091,0.512061,14666.7
300676.SZ,20260508,34600,41.32,1429672.0,41.28,0.00831639,0.568527,41604.6
300677.SZ,20260508,35500,52.61,1867655.0,52.4,0.00762435,0.253569,46561.3
300678.SZ,20260508,35100,29.35,1030185.0,29.45,0.0120537,0.63581,29119.7
300679.SZ,20260508,329000,50.0,16450000.0,50.51,0.0915309,1.06001,35944.1
300680.SZ,20260508,28100,42.05,1181605.0,42.16,0.0159806,0.271776,17583.8
300681.SZ,20260508,61389,31.35,1924545.15,31.64,0.026599,0.453788,23079.5
300682.SZ,20260508,120800,14.7,1775760.0,14.71,0.0117131,0.520264,103132.0
300683.SZ,20260508,26800,36.99,991332.0,37.01,0.0219557,0.338563,12206.4
300684.SZ,20260508,85000,59.01,5015850.0,60.21,0.0416049,0.630615,20430.3
300685.SZ,20260508,16100,20.21,325381.0,20.21,0.00413274,0.143079,38957.2
300686.SZ,20260508,37800,18.53,700434.0,18.71,0.0222453,0.300972,16992.4
300687.SZ,20260508,113800,28.85,3283130.0,28.84,0.0348107,0.455493,32691.1
300688.SZ,20260508,51600,27.97,1443252.0,27.97,0.0347759,0.625446,14837.8
300689.SZ,20260508,4200,54.51,228942.0,55.13,0.00415093,0.127802,10118.2
300690.SZ,20260508,21600,29.4,635040.0,29.63,0.0194853,0.433804,11085.3
300691.SZ,20260508,15900,16.94,269346.0,17.0,0.00720311,0.340997,22073.8
300692.SZ,20260508,36400,8.87,322868.0,8.88,0.00709411,0.176191,51310.2
300693.SZ,20260508,255500,52.19,13334545.0,51.67,0.0950333,1.24999,26885.3
300694.SZ,20260508,18700,12.68,237116.0,12.68,0.0086261,0.284107,21678.4
300695.SZ,20260508,7900,66.81,527799.0,66.79,0.00772564,0.455526,10225.7
300696.SZ,20260508,30600,39.29,1202274.0,39.68,0.0115039,0.37858,26599.8
300697.SZ,20260508,32800,16.65,546120.0,16.68,0.00990219,0.496632,33124.0
300698.SZ,20260508,33700,38.24,1288688.0,38.68,0.0284278,0.646733,11854.6
300699.SZ,20260508,104400,34.63,3615372.0,34.96,0.0127098,0.455155,82141.1
300700.SZ,20260508,45400,17.9,812660.0,18.1,0.0167769,0.384714,27061.0
300701.SZ,20260508,21600,12.08,260928.0,12.16,0.00867046,0.439674,24912.2
300702.SZ,20260508,1600,20.66,33056.0,20.61,0.00076042,0.0539441,21041.0
300703.SZ,20260508,30200,17.95,542090.0,17.92,0.018163,0.449928,16627.2
300705.SZ,20260508,15000,12.78,191700.0,12.78,0.00406628,0.31042,36888.8
300706.SZ,20260508,236800,48.95,11591360.0,50.06,0.208458,1.00784,11359.6
300707.SZ,20260508,20000,15.3,306000.0,15.32,0.013717,0.348124,14580.4
300708.SZ,20260508,81000,9.15,741150.0,9.22,0.0114082,0.296719,71001.4
300709.SZ,20260508,78700,42.72,3362064.0,43.18,0.0527208,0.834716,14927.7
300710.SZ,20260508,19200,32.96,632832.0,33.2,0.0257442,0.360489,7458.0
300711.SZ,20260508,22700,20.95,475565.0,21.04,0.00913754,0.296093,24842.6
300712.SZ,20260508,6700,27.48,184116.0,27.22,0.00358788,0.179943,18674.0
300713.SZ,20260508,25200,18.13,456876.0,18.17,0.0291749,0.5735,8637.56
300715.SZ,20260508,53800,14.61,786018.0,14.72,0.0171908,0.578111,31295.9
300716.SZ,20260508,120800,13.0,1570400.0,13.07,0.0754906,1.86418,16002.0
300717.SZ,20260508,4300,21.9,94170.0,21.9,0.00422175,0.165948,10185.3
300718.SZ,20260508,18274,73.6,1344966.4,74.08,0.00929231,0.357211,19665.7
300719.SZ,20260508,11500,15.46,177790.0,15.46,0.00640329,0.250272,17959.5
300720.SZ,20260508,1483100,63.0,93435300.0,69.94,0.805397,10.3339,18414.5
300721.SZ,20260508,165800,20.21,3350818.0,20.5,0.11984,0.576356,13835.2
300722.SZ,20260508,10300,28.47,293241.0,28.53,0.00372168,0.39171,27675.6
300723.SZ,20260508,102200,42.75,4369050.0,42.6,0.0243804,0.367158,41918.9
300724.SZ,20260508,112800,92.8,10467840.0,93.53,0.0392055,0.658085,28771.4
300725.SZ,20260508,32900,39.52,1300208.0,39.67,0.0162298,0.282375,20271.3
300726.SZ,20260508,34400,51.0,1754400.0,51.71,0.0160419,0.325995,21443.8
300727.SZ,20260508,11300,34.71,392223.0,35.05,0.00697062,0.340776,16210.9
300729.SZ,20260508,18000,12.49,224820.0,12.49,0.00547249,0.546149,32891.8
300730.SZ,20260508,28000,13.38,374640.0,13.37,0.0135426,0.461317,20675.5
300731.SZ,20260508,13300,74.77,994441.0,75.53,0.0110668,0.151543,12017.9
300732.SZ,20260508,34300,7.65,262395.0,7.66,0.00926652,0.283124,37015.0
300733.SZ,20260508,48100,19.65,945165.0,19.76,0.0213292,0.265345,22551.2
300735.SZ,20260508,19500,21.4,417300.0,21.55,0.00257454,0.121392,75741.7
300736.SZ,20260508,75200,29.88,2246976.0,28.85,0.0603011,0.785151,12470.7
300737.SZ,20260508,279300,7.38,2061234.0,7.32,0.031492,0.977206,88689.2
300738.SZ,20260508,405892,26.92,10926612.64,27.39,0.0412123,0.382895,98488.1
300739.SZ,20260508,153800,28.83,4434054.0,29.33,0.044819,0.73717,34315.8
300740.SZ,20260508,42400,26.24,1112576.0,26.4,0.0117353,0.310334,36130.3
300741.SZ,20260508,4100,16.73,68593.0,16.78,0.000665718,0.160615,61587.7
300743.SZ,20260508,16400,19.92,326688.0,19.87,0.0128717,0.458114,12741.1
300745.SZ,20260508,67617,42.37,2864932.29,41.33,0.0475134,0.3888,14231.2
300746.SZ,20260508,24900,12.22,304278.0,12.23,0.0111387,0.501736,22354.5
300747.SZ,20260508,104900,36.64,3843536.0,37.42,0.0200966,0.385124,52197.8
300748.SZ,20260508,207400,34.51,7157374.0,34.74,0.0183535,0.458313,113003.0
300749.SZ,20260508,23500,25.45,598075.0,25.58,0.0149305,0.253692,15739.6
300750.SZ,20260508,430400,449.0,193249600.0,451.64,0.0101107,1.14194,425688.0
300751.SZ,20260508,111700,263.12,29390504.0,264.28,0.0577702,0.866273,19335.2
300752.SZ,20260508,23400,20.1,470340.0,20.02,0.0148794,0.451499,15726.5
300753.SZ,20260508,33400,28.65,956910.0,28.4,0.0380003,0.965466,8789.4
300755.SZ,20260508,16300,13.81,225103.0,13.81,0.00391281,0.370837,41658.1
300756.SZ,20260508,3300,52.99,174867.0,53.0,0.00251471,0.0922426,13122.8
300757.SZ,20260508,109967,495.74,54515040.58,510.32,0.0729937,1.50626,15065.3
300758.SZ,20260508,46700,14.0,653800.0,14.14,0.0129815,0.216206,35974.2
300759.SZ,20260508,95300,28.18,2685554.0,28.07,0.00671112,0.192813,142003.0
300760.SZ,20260508,32900,170.4,5606160.0,170.5,0.00271587,0.252511,121140.0
300761.SZ,20260508,25600,22.58,578048.0,22.68,0.00407635,0.278081,62801.3
300762.SZ,20260508,336626,45.2,15215495.2,45.89,0.0536058,0.639914,62796.6
300763.SZ,20260508,123200,97.04,11955328.0,97.5,0.0383092,0.591469,32159.4
300765.SZ,20260508,31000,32.12,995720.0,32.12,0.00220705,0.276333,140459.0
300766.SZ,20260508,218000,32.1,6997800.0,32.2,0.0609046,0.608893,35793.7
300767.SZ,20260508,54200,24.9,1349580.0,25.11,0.0225935,0.498092,23989.2
300768.SZ,20260508,38500,17.85,687225.0,17.8,0.00915212,0.681441,42066.8
300769.SZ,20260508,420800,83.0,34926400.0,80.75,0.167145,0.719218,25175.7
300770.SZ,20260508,11802,38.95,459687.9,38.9,0.00517998,0.374387,22783.9
300771.SZ,20260508,61800,14.32,884976.0,14.35,0.0346077,0.78112,17857.3
300772.SZ,20260508,29800,16.83,501534.0,16.88,0.0042701,0.126507,69787.6
300773.SZ,20260508,185700,27.41,5090037.0,27.68,0.0252805,0.451107,73455.8
300774.SZ,20260508,13000,17.26,224380.0,17.41,0.00667076,0.110844,19488.0
300775.SZ,20260508,78600,30.47,2394942.0,30.65,0.0147844,0.2344,53164.1
300776.SZ,20260508,167500,110.0,18425000.0,113.02,0.0996521,1.48421,16808.5
300777.SZ,20260508,77106,39.9,3076529.4,39.63,0.0182549,0.457465,42238.6
300778.SZ,20260508,59000,13.59,801810.0,13.65,0.0289776,0.484913,20360.5
300779.SZ,20260508,40400,72.0,2908800.0,72.71,0.0251065,0.588013,16091.4
300780.SZ,20260508,76300,27.35,2086805.0,27.86,0.0709549,0.493704,10753.3
300781.SZ,20260508,115500,38.0,4389000.0,37.19,0.0953462,1.83155,12113.7
300782.SZ,20260508,174300,104.5,18214350.0,106.56,0.0388848,0.710221,44824.8
300783.SZ,20260508,27600,19.3,532680.0,19.42,0.00984721,0.243987,28028.2
300784.SZ,20260508,2800,51.3,143640.0,51.3,0.0166518,0.367782,1681.5
300785.SZ,20260508,318800,55.98,17846424.0,54.54,0.260597,2.97074,12233.4
300786.SZ,20260508,74100,16.8,1244880.0,16.83,0.0506168,0.85729,14639.4
300787.SZ,20260508,18444,11.11,204912.84,11.13,0.0093847,0.277885,19653.3
300788.SZ,20260508,39600,35.02,1386792.0,35.14,0.0208255,0.547894,19015.2
300789.SZ,20260508,7100,23.38,165998.0,23.38,0.00832016,0.227977,8533.49
300790.SZ,20260508,149200,30.58,4562536.0,31.09,0.0459612,0.826562,32462.2
300791.SZ,20260508,8100,19.12,154872.0,19.12,0.00315564,0.481208,25668.3
300792.SZ,20260508,208300,36.69,7642527.0,36.57,0.098008,3.63301,21253.4
300793.SZ,20260508,150800,14.6,2201680.0,14.45,0.0405281,2.40085,37208.7
300795.SZ,20260508,2800,11.08,31024.0,11.05,0.00160933,0.066867,17398.5
300796.SZ,20260508,4900,8.96,43904.0,8.9,0.0013568,0.0672006,36114.3
300797.SZ,20260508,6700,16.08,107736.0,16.07,0.00177018,0.218274,37849.2
300798.SZ,20260508,305210,11.05,3372570.5,11.11,0.0755081,0.827672,40420.8
300800.SZ,20260508,21700,12.79,277543.0,12.74,0.00926137,0.482395,23430.7
300801.SZ,20260508,28600,30.7,878020.0,30.96,0.0208943,0.301415,13687.9
300802.SZ,20260508,56700,21.95,1244565.0,22.06,0.0291192,0.732202,19471.7
300803.SZ,20260508,91060,103.02,9381001.2,104.0,0.0150428,0.461481,60533.9
300804.SZ,20260508,15400,47.52,731808.0,47.51,0.056,0.422949,2750.0
300805.SZ,20260508,79300,10.86,861198.0,10.79,0.0275012,1.01523,28835.1
300806.SZ,20260508,248600,82.11,20412546.0,83.03,0.078568,1.30888,31641.4
300807.SZ,20260508,448900,64.0,28729600.0,67.22,0.864267,9.63729,5194.0
300808.SZ,20260508,6400,27.71,177344.0,27.73,0.00538269,0.169842,11890.0
300809.SZ,20260508,40600,33.64,1365784.0,33.82,0.0269643,0.730038,15057.0
300810.SZ,20260508,7300,32.74,239002.0,32.96,0.00640326,0.249585,11400.4
300811.SZ,20260508,34291,100.3,3439387.3,101.3,0.0144259,0.314635,23770.4
300812.SZ,20260508,351800,38.56,13565408.0,39.75,0.398251,3.70167,8833.63
300813.SZ,20260508,10600,25.71,272526.0,25.71,0.013938,0.429754,7605.11
300814.SZ,20260508,27000,113.91,3075570.0,116.3,0.0141044,0.234603,19143.0
300815.SZ,20260508,19700,21.85,430445.0,21.83,0.00504636,0.328657,39038.0
300816.SZ,20260508,32100,80.4,2580840.0,80.4,0.0566452,0.820502,5666.86
300817.SZ,20260508,9800,20.49,200802.0,20.48,0.00782365,0.322249,12526.1
300818.SZ,20260508,22300,32.75,730325.0,32.74,0.0203686,0.742851,10948.2
300819.SZ,20260508,397100,72.1,28630910.0,70.67,0.294667,4.79351,13476.2
300820.SZ,20260508,22100,49.83,1101243.0,50.23,0.019771,0.320841,11178.0
300821.SZ,20260508,222077,15.29,3395557.33,15.43,0.0185096,0.288006,119979.0
300822.SZ,20260508,23300,15.36,357888.0,15.4,0.00806278,0.516424,28898.2
300823.SZ,20260508,28900,19.2,554880.0,19.24,0.0340844,0.269771,8478.94
300824.SZ,20260508,14500,10.0,145000.0,10.08,0.00458121,0.315292,31651.0
300825.SZ,20260508,38000,10.09,383420.0,10.09,0.00784333,0.216424,48448.8
300826.SZ,20260508,13500,17.15,231525.0,17.06,0.00796086,0.419728,16958.0
300827.SZ,20260508,289100,38.11,11017601.0,38.56,0.0750433,0.965147,38524.4
300828.SZ,20260508,83400,23.44,1954896.0,23.34,0.0988511,1.16651,8436.93
300829.SZ,20260508,26900,17.56,472364.0,17.56,0.0171618,0.467882,15674.3
300830.SZ,20260508,147700,11.17,1649809.0,11.15,0.0438169,0.907398,33708.5
300831.SZ,20260508,158100,20.3,3209430.0,20.51,0.0856984,0.601524,18448.4
300832.SZ,20260508,9600,47.2,453120.0,47.2,0.00140531,0.132121,68312.2
300833.SZ,20260508,9300,38.03,353679.0,38.11,0.0114456,0.264093,8125.37
300834.SZ,20260508,23700,40.75,965775.0,41.01,0.0123164,0.435303,19242.7
300835.SZ,20260508,33700,112.81,3801697.0,114.37,0.040532,0.613997,8314.42
300836.SZ,20260508,3700,61.24,226588.0,61.36,0.00583116,0.181217,6345.22
300837.SZ,20260508,5700,34.72,197904.0,34.55,0.0075404,0.269944,7559.28
300838.SZ,20260508,20900,17.79,371811.0,17.85,0.020542,0.326023,10174.3
300839.SZ,20260508,82600,15.54,1283604.0,15.4,0.0285133,0.995879,28968.9
300840.SZ,20260508,299300,23.01,6886893.0,21.86,0.169015,2.41043,17708.5
300841.SZ,20260508,5300,58.97,312541.0,58.98,0.00445685,0.277975,11891.8
300842.SZ,20260508,56300,96.8,5449840.0,96.07,0.0436024,0.60158,12912.1
300843.SZ,20260508,47000,85.2,4004400.0,86.85,0.0292831,0.465953,16050.2
300844.SZ,20260508,3200,34.43,110176.0,34.42,0.00356146,0.273957,8985.09
300845.SZ,20260508,12500,14.12,176500.0,14.12,0.00869372,0.152977,14378.2
300846.SZ,20260508,214500,30.25,6488625.0,30.8,0.0547184,0.526186,39200.7
300847.SZ,20260508,28500,16.25,463125.0,16.25,0.00962805,0.782114,29601.0
300848.SZ,20260508,24200,17.26,417692.0,17.45,0.00956059,0.149932,25312.3
300849.SZ,20260508,21600,23.88,515808.0,23.61,0.0195883,0.678542,11027.0
300850.SZ,20260508,29600,42.36,1253856.0,42.54,0.00984091,0.135598,30078.5
300851.SZ,20260508,10500,30.86,324030.0,30.91,0.0212812,0.643532,4933.94
300852.SZ,20260508,79443,46.55,3698071.65,47.41,0.051268,1.2801,15495.6
300853.SZ,20260508,21700,33.82,733894.0,33.94,0.0220721,0.179109,9831.4
300854.SZ,20260508,46700,34.06,1590602.0,33.96,0.0573749,0.701179,8139.45
300855.SZ,20260508,22100,39.66,876486.0,40.1,0.00754379,0.388941,29295.6
300856.SZ,20260508,4000,14.03,56120.0,14.1,0.000870065,0.0574363,45973.6
300857.SZ,20260508,238052,277.3,66011819.6,284.99,0.0493816,0.709945,48206.6
300858.SZ,20260508,38300,17.96,687868.0,17.9,0.0195668,0.213203,19574.0
300859.SZ,20260508,35200,30.3,1066560.0,30.45,0.0227097,1.0172,15500.0
300860.SZ,20260508,5300,25.0,132500.0,25.04,0.00484386,0.255348,10941.7
300861.SZ,20260508,116900,19.93,2329817.0,19.99,0.0277103,0.358811,42186.5
300862.SZ,20260508,9900,24.16,239184.0,24.21,0.0065359,0.216719,15147.1
300863.SZ,20260508,53300,60.52,3225716.0,60.52,0.0294689,1.33969,18086.9
300864.SZ,20260508,6600,22.74,150084.0,22.7,0.00417958,0.250823,15791.1
300865.SZ,20260508,16800,31.09,522312.0,31.02,0.0292264,0.406803,5748.22
300866.SZ,20260508,17000,121.0,2057000.0,121.99,0.00552802,0.243215,30752.4
300867.SZ,20260508,20900,21.95,458755.0,22.05,0.0109066,0.213771,19162.8
300868.SZ,20260508,84900,91.01,7726749.0,87.24,0.105122,2.09478,8076.35
300869.SZ,20260508,3500,12.79,44765.0,12.79,0.00132506,0.0995866,26413.9
300870.SZ,20260508,17200,389.0,6690800.0,395.33,0.0157771,0.367089,10901.9
300871.SZ,20260508,16500,26.32,434280.0,26.41,0.00817705,0.175835,20178.4
300872.SZ,20260508,94600,19.1,1806860.0,19.16,0.0224148,0.476539,42204.2
300873.SZ,20260508,10200,21.5,219300.0,21.58,0.00611365,0.431463,16684.0
300875.SZ,20260508,16700,39.4,657980.0,39.4,0.0190223,0.561042,8779.17
300876.SZ,20260508,7000,30.75,215250.0,30.68,0.0086308,0.21638,8110.49
300877.SZ,20260508,7400,30.41,225034.0,30.37,0.00616672,0.270768,11999.9
300878.SZ,20260508,41200,30.52,1257424.0,30.85,0.0285865,1.64325,14412.4
300879.SZ,20260508,18800,24.25,455900.0,24.15,0.00935191,0.525865,20102.8
300880.SZ,20260508,122000,23.5,2867000.0,23.24,0.0625268,1.3796,19511.6
300881.SZ,20260508,10000,52.0,520000.0,51.81,0.0174197,0.306302,5740.62
300882.SZ,20260508,4200,19.01,79842.0,19.03,0.00157701,0.0591583,26632.7
300883.SZ,20260508,108800,7.09,771392.0,7.16,0.0329024,0.438694,33067.5
300884.SZ,20260508,60900,13.4,816060.0,13.39,0.0318165,1.03227,19141.0
300885.SZ,20260508,326200,29.83,9730546.0,30.13,0.195309,1.50392,16701.8
300886.SZ,20260508,6600,29.95,197670.0,29.9,0.0151216,0.330703,4364.63
300887.SZ,20260508,79400,10.04,797176.0,10.0,0.0219218,0.737412,36219.7
300888.SZ,20260508,25600,32.05,820480.0,31.92,0.00441593,0.803918,57972.0
300889.SZ,20260508,3400,23.99,81566.0,24.11,0.00232293,0.0898784,14636.7
300890.SZ,20260508,65300,41.9,2736070.0,42.17,0.0599825,0.246456,10886.5
300891.SZ,20260508,8200,8.59,70438.0,8.58,0.00245896,0.114706,33347.4
300892.SZ,20260508,19200,27.92,536064.0,27.9,0.0297386,1.16641,6456.25
300893.SZ,20260508,3300,23.35,77055.0,23.3,0.00131545,0.127551,25086.5
300894.SZ,20260508,26800,10.45,280060.0,10.44,0.00911344,0.562902,29407.1
300895.SZ,20260508,37300,70.82,2641586.0,70.69,0.0269953,0.237173,13817.2
300896.SZ,20260508,6356,116.33,739393.48,116.96,0.00310881,0.2608,20445.1
300897.SZ,20260508,45400,26.8,1216720.0,26.46,0.0517937,2.80523,8765.54
300898.SZ,20260508,24400,24.45,596580.0,24.29,0.0212673,0.605566,11473.0
300899.SZ,20260508,3000,37.2,111600.0,37.4,0.0073285,0.384047,4093.61
300900.SZ,20260508,479100,45.85,21966735.0,44.87,0.186576,1.32737,25678.5
300901.SZ,20260508,20000,16.8,336000.0,16.82,0.00833333,0.444393,24000.0
300902.SZ,20260508,11500,18.25,209875.0,18.29,0.00921508,0.306756,12479.5
300903.SZ,20260508,619921,58.77,36432757.17,58.74,0.187464,1.71238,33068.8
300904.SZ,20260508,3200,61.5,196800.0,61.55,0.0145565,0.314784,2198.32
300905.SZ,20260508,191800,65.72,12605096.0,63.97,0.137347,1.08816,13964.6
300906.SZ,20260508,4300,36.44,156692.0,36.47,0.00595655,0.213659,7218.95
300907.SZ,20260508,22300,30.9,689070.0,30.9,0.0232292,1.08922,9600.0
300908.SZ,20260508,6900,28.63,197547.0,28.6,0.00559141,0.442505,12340.3
300909.SZ,20260508,8500,47.38,402730.0,47.56,0.00658204,0.246712,12913.9
300910.SZ,20260508,6200,48.8,302560.0,48.89,0.00299628,0.130263,20692.4
300911.SZ,20260508,201400,35.95,7240330.0,35.45,0.117546,1.96293,17133.7
300912.SZ,20260508,194600,30.3,5896380.0,30.74,0.226448,3.08263,8593.57
300913.SZ,20260508,49785,56.91,2833264.35,58.05,0.0194637,0.62708,25578.4
300915.SZ,20260508,5000,25.38,126900.0,25.39,0.00868971,0.267225,5753.93
300916.SZ,20260508,17200,38.25,657900.0,38.32,0.0184123,0.34612,9341.58
300917.SZ,20260508,10000,34.1,341000.0,34.23,0.00591716,0.176594,16900.0
300918.SZ,20260508,70100,14.92,1045892.0,15.07,0.0138501,0.823232,50613.4
300919.SZ,20260508,138700,62.99,8736713.0,63.58,0.0152001,0.471718,91249.5
300920.SZ,20260508,700,40.12,28084.0,39.92,0.00106596,0.072432,6566.84
300921.SZ,20260508,107600,28.45,3061220.0,28.92,0.0938091,0.700893,11470.1
300922.SZ,20260508,3400,18.87,64158.0,18.87,0.00272274,0.109562,12487.4
300923.SZ,20260508,16200,29.09,471258.0,28.92,0.0212246,0.749791,7632.66
300925.SZ,20260508,108100,19.36,2092816.0,19.36,0.0309278,0.931685,34952.3
300926.SZ,20260508,33200,23.25,771900.0,23.3,0.0111414,0.431966,29798.7
300927.SZ,20260508,30100,30.33,912933.0,30.63,0.0213704,0.432824,14084.9
300928.SZ,20260508,9300,35.33,328569.0,35.39,0.0173546,0.28246,5358.82
300929.SZ,20260508,23500,14.18,333230.0,14.18,0.018746,0.403943,12536.0
300930.SZ,20260508,11800,32.68,385624.0,32.78,0.0250398,0.624197,4712.5
300931.SZ,20260508,32300,15.5,500650.0,15.52,0.0168395,0.293022,19181.1
300932.SZ,20260508,363118,10.76,3907149.68,10.91,0.113762,2.63458,31919.1
300933.SZ,20260508,10700,8.52,91164.0,8.56,0.0019558,0.060504,54709.0
300935.SZ,20260508,7500,34.6,259500.0,34.37,0.0124462,0.333496,6025.95
300936.SZ,20260508,50700,79.62,4036734.0,79.99,0.106914,1.50057,4742.12
300937.SZ,20260508,4500,27.66,124470.0,27.56,0.00737886,0.179687,6098.5
300938.SZ,20260508,189000,59.99,11338110.0,61.99,0.0894268,0.830763,21134.6
300939.SZ,20260508,8000,40.48,323840.0,40.8,0.00666667,0.195833,12000.0
300940.SZ,20260508,47000,20.5,963500.0,20.65,0.0298452,0.570786,15747.9
300941.SZ,20260508,4100,18.05,74005.0,18.1,0.00331236,0.107213,12377.9
300942.SZ,20260508,6800,7.82,53176.0,7.82,0.00167873,0.0938979,40506.9
300943.SZ,20260508,149200,31.0,4625200.0,31.36,0.111823,1.23818,13342.6
300945.SZ,20260508,190000,15.91,3022900.0,15.94,0.0796979,1.59912,23840.0
300946.SZ,20260508,27300,49.98,1364454.0,49.97,0.0360138,2.47543,7580.43
300947.SZ,20260508,32300,17.48,564604.0,17.37,0.0213797,0.839972,15107.8
300948.SZ,20260508,32800,22.23,729144.0,22.28,0.0216414,0.663447,15156.2
300949.SZ,20260508,12300,40.89,502947.0,41.04,0.0358589,1.09958,3430.11
300950.SZ,20260508,6700,21.99,147333.0,21.98,0.00737392,0.25183,9086.08
300951.SZ,20260508,3300,33.39,110187.0,33.55,0.00217974,0.115366,15139.4
300952.SZ,20260508,24100,35.7,860370.0,35.7,0.0227086,0.502466,10612.7
300953.SZ,20260508,39000,236.61,9227790.0,238.75,0.0313107,0.548499,12455.8
300955.SZ,20260508,31100,41.0,1275100.0,40.99,0.0308532,0.856706,10080.0
300956.SZ,20260508,9100,15.83,144053.0,15.83,0.00432402,0.216072,21045.2
300957.SZ,20260508,11000,41.83,460130.0,41.83,0.00261101,0.125864,42129.3
300958.SZ,20260508,9900,14.37,142263.0,14.33,0.0108732,0.230479,9104.94
300959.SZ,20260508,7400,96.0,710400.0,97.06,0.0141415,0.187722,5232.82
300960.SZ,20260508,6800,21.35,145180.0,21.35,0.00519567,0.382309,13087.8
300961.SZ,20260508,20000,13.41,268200.0,13.41,0.0131642,0.276918,15192.7
300962.SZ,20260508,22200,15.52,344544.0,15.51,0.00840903,0.621659,26400.2
300963.SZ,20260508,6200,17.22,106764.0,17.31,0.00184309,0.0717813,33639.2
300964.SZ,20260508,7700,73.85,568645.0,74.59,0.0137476,0.19459,5600.98
300966.SZ,20260508,59400,27.81,1651914.0,27.87,0.0774783,0.491827,7666.67
300967.SZ,20260508,16600,16.68,276888.0,16.68,0.013302,0.42907,12479.3
300968.SZ,20260508,6200,12.18,75516.0,12.18,0.00149983,0.131074,41338.0
300969.SZ,20260508,17000,137.3,2334100.0,137.97,0.0314399,0.581554,5407.14
300970.SZ,20260508,38400,36.0,1382400.0,36.14,0.0405245,0.277241,9475.74
300971.SZ,20260508,15100,24.88,375688.0,24.93,0.0163681,0.335199,9225.28
300972.SZ,20260508,2700,227.98,615546.0,227.84,0.00151529,0.0921422,17818.4
300973.SZ,20260508,24300,29.58,718794.0,29.58,0.0204951,0.525153,11856.5
300975.SZ,20260508,541200,23.2,12555840.0,23.6,0.109984,0.893935,49207.3
300976.SZ,20260508,6800,66.66,453288.0,67.04,0.00786908,0.258001,8641.42
300977.SZ,20260508,300,21.74,6522.0,21.74,0.000316449,0.0098411,9480.21
300978.SZ,20260508,54500,11.15,607675.0,11.09,0.0189836,1.60505,28708.9
300979.SZ,20260508,5300,38.11,201983.0,38.06,0.000454159,0.183701,116699.0
300980.SZ,20260508,17400,34.5,600300.0,34.74,0.0176935,0.314478,9834.14
300981.SZ,20260508,14800,14.8,219040.0,14.8,0.00376593,0.171493,39299.7
300982.SZ,20260508,80000,22.79,1823200.0,23.11,0.041259,0.635085,19389.7
300983.SZ,20260508,19000,37.87,719530.0,37.36,0.0124337,0.723104,15281.0
300984.SZ,20260508,22500,67.78,1525050.0,67.58,0.0253972,0.58408,8859.25
300985.SZ,20260508,7400,22.7,167980.0,22.7,0.00396756,0.256634,18651.2
300986.SZ,20260508,188800,24.81,4684128.0,24.93,0.045866,0.816355,41163.4
300987.SZ,20260508,10900,17.56,191404.0,17.6,0.0062872,0.225295,17336.8
300988.SZ,20260508,26600,29.0,771400.0,28.98,0.0245739,0.536975,10824.5
300989.SZ,20260508,13400,15.71,210514.0,15.72,0.00822346,0.222472,16294.9
300990.SZ,20260508,12100,87.0,1052700.0,88.0,0.0156885,0.233558,7712.65
300991.SZ,20260508,10200,49.18,501636.0,49.48,0.0110699,0.325488,9214.2
300992.SZ,20260508,7600,31.0,235600.0,30.97,0.00980595,0.193717,7750.4
300993.SZ,20260508,44900,12.58,564842.0,12.44,0.0185648,1.14277,24185.5
300994.SZ,20260508,18400,14.87,273608.0,14.87,0.0157718,0.330264,11666.4
300995.SZ,20260508,27100,36.48,988608.0,36.15,0.0451362,2.0128,6004.05
300996.SZ,20260508,38360,13.0,498680.0,13.06,0.0115143,0.315989,33315.0
300997.SZ,20260508,32500,19.64,638300.0,19.63,0.00818451,0.391554,39709.1
300998.SZ,20260508,11800,28.01,330518.0,28.06,0.0109583,0.261399,10768.1
300999.SZ,20260508,52100,28.39,1479119.0,28.39,0.00960108,0.438379,54264.7
301000.SZ,20260508,665300,33.57,22334121.0,32.98,0.290183,11.203,22926.9
301001.SZ,20260508,6200,31.09,192758.0,31.15,0.012326,0.314953,5030.0
301002.SZ,20260508,32100,50.67,1626507.0,51.0,0.0377713,0.432334,8498.52
301003.SZ,20260508,39600,51.92,2056032.0,51.55,0.0527014,0.444483,7514.04
301004.SZ,20260508,2800,43.67,122276.0,43.58,0.0020572,0.331566,13610.7
301005.SZ,20260508,74300,186.0,13819800.0,187.09,0.0561303,0.815543,13237.1
301006.SZ,20260508,28700,18.03,517461.0,18.08,0.0342397,0.741937,8382.09
301007.SZ,20260508,72100,37.79,2724659.0,36.99,0.0476458,1.6839,15132.5
301008.SZ,20260508,52200,31.22,1629684.0,31.38,0.0450609,0.799131,11584.3
301009.SZ,20260508,15500,11.37,176235.0,11.32,0.0102625,0.549373,15103.5
301010.SZ,20260508,24500,22.79,558355.0,22.76,0.0226852,0.970342,10800.0
301011.SZ,20260508,11800,20.2,238360.0,20.1,0.00805091,0.336356,14656.7
301012.SZ,20260508,59600,36.6,2181360.0,36.9,0.0302599,0.320642,19696.0
301013.SZ,20260508,161600,27.5,4444000.0,27.75,0.0853935,1.19295,18924.2
301015.SZ,20260508,7700,24.83,191191.0,24.92,0.00146511,0.0913049,52555.7
301016.SZ,20260508,19000,17.73,336870.0,17.73,0.00648077,0.340512,29317.5
301017.SZ,20260508,70600,13.34,941804.0,13.34,0.0272908,0.826106,25869.5
301018.SZ,20260508,142300,135.0,19210500.0,136.68,0.071957,1.06291,19775.7
301019.SZ,20260508,8700,23.12,201144.0,23.17,0.00831665,0.43716,10460.9
301020.SZ,20260508,8200,23.39,191798.0,23.37,0.00560109,0.442183,14640.0
301021.SZ,20260508,12200,62.29,759938.0,62.7,0.00798951,0.231511,15270.0
301022.SZ,20260508,16300,30.4,495520.0,30.69,0.024261,0.496902,6718.59
301023.SZ,20260508,8100,42.8,346680.0,42.85,0.018605,0.561776,4353.67
301024.SZ,20260508,10000,43.28,432800.0,43.48,0.0162443,0.689201,6156.0
301025.SZ,20260508,102600,11.7,1200420.0,11.65,0.0370196,1.19915,27715.1
301026.SZ,20260508,7700,31.93,245861.0,32.0,0.00673612,0.106895,11430.9
301027.SZ,20260508,16700,24.41,407647.0,24.48,0.0137798,0.254933,12119.2
301028.SZ,20260508,377800,16.05,6063690.0,14.79,0.15214,10.3808,24832.4
301029.SZ,20260508,183126,29.87,5469973.62,29.85,0.0396479,1.18566,46188.1
301030.SZ,20260508,481600,9.52,4584832.0,9.65,0.238291,1.67601,20210.6
301031.SZ,20260508,17400,158.0,2749200.0,160.1,0.0223883,0.353253,7771.91
301032.SZ,20260508,4200,13.23,55566.0,13.27,0.00262709,0.0892353,15987.3
301033.SZ,20260508,3400,55.63,189142.0,55.62,0.00603333,0.187479,5635.37
301035.SZ,20260508,8700,82.7,719490.0,82.0,0.00310347,0.466617,28033.2
301036.SZ,20260508,1800,28.65,51570.0,28.55,0.00255558,0.15078,7043.41
301037.SZ,20260508,19200,16.73,321216.0,16.73,0.0282362,0.505642,6799.78
301038.SZ,20260508,6700,19.75,132325.0,19.7,0.00300341,0.195599,22308.0
301039.SZ,20260508,27200,8.85,240720.0,8.85,0.00187273,0.257829,145243.0
301040.SZ,20260508,5900,32.56,192104.0,32.76,0.00625237,0.133942,9436.41
301041.SZ,20260508,16300,30.53,497639.0,30.83,0.0206404,0.431566,7897.13
301042.SZ,20260508,1500,103.75,155625.0,103.75,0.00227201,0.0610669,6602.08
301043.SZ,20260508,4200,56.08,235536.0,56.46,0.00740117,0.371372,5674.77
301045.SZ,20260508,44500,51.84,2306880.0,52.93,0.0638304,0.637017,6971.6
301046.SZ,20260508,32000,24.18,773760.0,24.25,0.0248418,1.06403,12881.5
301047.SZ,20260508,2300,71.11,163553.0,71.33,0.00192339,0.203554,11958.1
301048.SZ,20260508,12800,11.09,141952.0,11.1,0.0024,0.160743,53333.3
301049.SZ,20260508,20600,25.6,527360.0,25.7,0.0481012,0.459489,4282.64
301050.SZ,20260508,15600,40.91,638196.0,41.17,0.00741078,0.252182,21050.4
301051.SZ,20260508,32800,24.41,800648.0,24.56,0.0203842,0.683253,16090.9
301052.SZ,20260508,30800,34.62,1066296.0,34.15,0.0384059,0.766777,8019.59
301053.SZ,20260508,4000,68.3,273200.0,68.3,0.00457244,0.0586442,8748.07
301055.SZ,20260508,99200,32.46,3220032.0,31.99,0.0635897,1.32349,15600.0
301056.SZ,20260508,50900,13.91,708019.0,13.95,0.0289211,1.44893,17599.6
301057.SZ,20260508,5000,32.71,163550.0,32.76,0.00617152,0.196728,8101.73
301058.SZ,20260508,10100,9.74,98374.0,9.77,0.0019716,0.183846,51227.4
301059.SZ,20260508,3300,14.56,48048.0,14.58,0.00159798,0.107505,20651.0
301060.SZ,20260508,160600,10.8,1734480.0,10.66,0.0445905,1.01439,36016.6
301061.SZ,20260508,3300,63.9,210870.0,64.0,0.00227058,0.0925562,14533.7
301062.SZ,20260508,5000,7.72,38600.0,7.72,0.0015962,0.0440506,31324.3
301063.SZ,20260508,6100,24.01,146461.0,24.01,0.00631161,0.206322,9664.73
301065.SZ,20260508,8000,24.1,192800.0,24.11,0.00927133,0.400755,8628.75
301066.SZ,20260508,35400,15.5,548700.0,15.49,0.0151855,0.435164,23311.7
301067.SZ,20260508,12100,33.84,409464.0,33.82,0.0189569,0.371762,6382.89
301068.SZ,20260508,6700,35.73,239391.0,35.83,0.00667853,0.337663,10032.2
301069.SZ,20260508,67500,23.24,1568700.0,23.23,0.0158163,0.6872,42677.4
301070.SZ,20260508,66500,108.0,7182000.0,110.22,0.112069,1.27675,5933.86
301071.SZ,20260508,52100,55.0,2865500.0,55.89,0.0270129,0.379032,19287.1
301072.SZ,20260508,4000,25.2,100800.0,25.2,0.00595771,0.202976,6713.99
301073.SZ,20260508,14300,24.66,352638.0,24.64,0.00804316,0.263101,17779.1
301075.SZ,20260508,4000,81.5,326000.0,81.5,0.005,0.1626,8000.0
301076.SZ,20260508,53200,40.33,2145556.0,40.72,0.0484499,1.26875,10980.4
301077.SZ,20260508,71500,32.0,2288000.0,32.54,0.0749455,0.656738,9540.26
301078.SZ,20260508,67100,8.65,580415.0,8.67,0.00534641,0.259937,125505.0
301079.SZ,20260508,34900,43.8,1528620.0,44.26,0.0453639,0.400316,7693.34
301080.SZ,20260508,6500,44.95,292175.0,44.93,0.0051588,0.231684,12599.8
301081.SZ,20260508,90200,16.97,1530694.0,16.45,0.0412782,1.24953,21851.7
301082.SZ,20260508,27500,12.63,347325.0,12.63,0.0100841,0.559907,27270.8
301083.SZ,20260508,13700,17.58,240846.0,17.65,0.0160028,0.606974,8560.99
301085.SZ,20260508,9600,77.94,748224.0,78.18,0.0162956,0.19079,5891.17
301086.SZ,20260508,13900,207.77,2888003.0,209.78,0.0296246,0.664025,4692.05
301087.SZ,20260508,21800,50.8,1107440.0,50.81,0.0112376,0.516707,19399.1
301088.SZ,20260508,3100,14.67,45477.0,14.66,0.00164894,0.194895,18800.0
301089.SZ,20260508,141100,28.27,3988897.0,27.75,0.155963,5.1232,9047.01
301090.SZ,20260508,20800,8.92,185536.0,8.99,0.00141408,0.0875899,147092.0
301091.SZ,20260508,3700,21.6,79920.0,21.71,0.000701714,0.0769631,52728.0
301092.SZ,20260508,25800,41.05,1059090.0,41.07,0.0423371,0.469047,6093.94
301093.SZ,20260508,20400,94.99,1937796.0,94.5,0.0129939,0.424494,15699.7
301095.SZ,20260508,46300,91.0,4213300.0,92.56,0.0267599,0.587542,17302.0
301096.SZ,20260508,4700,60.7,285290.0,60.43,0.00565652,0.148728,8309.0
301097.SZ,20260508,900,59.15,53235.0,58.9,0.00310974,0.123812,2894.14
301098.SZ,20260508,48200,9.62,463684.0,9.66,0.0322,0.592707,14968.9
301099.SZ,20260508,103600,63.65,6594140.0,64.4,0.115393,0.95557,8978.04
301100.SZ,20260508,9300,18.61,173073.0,18.65,0.0106286,0.327786,8750.0
301101.SZ,20260508,1800,36.41,65538.0,36.54,0.000942911,0.0766175,19089.8
301102.SZ,20260508,23400,11.18,261612.0,11.13,0.00576355,0.744586,40600.0
301103.SZ,20260508,10900,19.77,215493.0,19.77,0.00896134,0.467234,12163.4
301105.SZ,20260508,1800,58.2,104760.0,58.18,0.0109506,0.184494,1643.75
301106.SZ,20260508,15500,35.18,545290.0,35.22,0.015179,0.32554,10211.5
301107.SZ,20260508,1700,27.91,47447.0,27.89,0.002895,0.100012,5872.19
301108.SZ,20260508,6200,26.84,166408.0,26.88,0.00956297,0.329933,6483.34
301109.SZ,20260508,8200,17.03,139646.0,17.05,0.00356023,0.104548,23032.2
301110.SZ,20260508,46300,71.64,3316932.0,71.64,0.0708313,1.04719,6536.66
301111.SZ,20260508,3800,20.44,77672.0,20.43,0.002375,0.0729983,16000.0
301112.SZ,20260508,5200,36.36,189072.0,36.48,0.00471584,0.278583,11026.7
301113.SZ,20260508,6000,27.09,162540.0,27.09,0.0108921,0.342651,5508.59
301115.SZ,20260508,56600,24.18,1368588.0,23.73,0.0365712,0.701958,15476.7
301116.SZ,20260508,24900,11.0,273900.0,11.02,0.00554595,0.515661,44897.7
301117.SZ,20260508,85500,46.68,3991140.0,46.3,0.107615,1.95134,7944.99
301118.SZ,20260508,32300,28.7,927010.0,28.91,0.0307243,0.358277,10512.8
301119.SZ,20260508,4700,42.95,201865.0,43.08,0.00558792,0.324646,8411.0
301120.SZ,20260508,25300,20.77,525481.0,20.77,0.0115782,0.240503,21851.4
301121.SZ,20260508,500,39.21,19605.0,39.26,0.000988306,0.0328728,5059.16
301122.SZ,20260508,24400,33.16,809104.0,33.28,0.0322578,0.801299,7564.07
301123.SZ,20260508,92907,69.5,6457036.5,71.31,0.0562931,0.7008,16504.2
301125.SZ,20260508,6300,25.19,158697.0,25.3,0.00501347,0.150818,12566.1
301126.SZ,20260508,23600,11.91,281076.0,11.89,0.0171178,0.424474,13786.8
301127.SZ,20260508,109800,14.34,1574532.0,14.29,0.0167828,0.81542,65424.1
301128.SZ,20260508,42100,199.12,8382952.0,204.05,0.0462676,0.559549,9099.24
301129.SZ,20260508,13900,27.88,387532.0,27.66,0.0209708,0.680061,6628.25
301130.SZ,20260508,7700,32.28,248556.0,32.19,0.013047,0.445964,5901.74
301131.SZ,20260508,4900,43.54,213346.0,43.54,0.0125144,0.257828,3915.49
301132.SZ,20260508,20800,39.61,823888.0,39.91,0.0219561,0.295377,9473.44
301133.SZ,20260508,1600,47.77,76432.0,47.77,0.00143968,0.0518418,11113.6
301135.SZ,20260508,2100,27.2,57120.0,27.15,0.00263176,0.0586365,7979.44
301136.SZ,20260508,27400,16.38,448812.0,16.37,0.00996736,0.381086,27489.7
301137.SZ,20260508,34400,44.6,1534240.0,44.65,0.0189205,0.848314,18181.3
301138.SZ,20260508,2200,33.4,73480.0,33.4,0.00320886,0.136674,6856.01
301139.SZ,20260508,25000,18.5,462500.0,18.55,0.0328225,0.525176,7616.71
301141.SZ,20260508,9800,57.12,559776.0,57.55,0.0220162,0.221376,4451.26
301148.SZ,20260508,26000,79.42,2064920.0,80.18,0.0441628,0.825587,5887.31
301149.SZ,20260508,54300,14.04,762372.0,14.04,0.0207901,0.325311,26118.2
301150.SZ,20260508,80714,70.1,5658051.4,71.64,0.0362619,0.421371,22258.6
301151.SZ,20260508,10800,17.53,189324.0,17.53,0.00639644,0.338664,16884.4
301152.SZ,20260508,69000,34.62,2388780.0,34.81,0.0972116,0.621749,7097.92
301153.SZ,20260508,13400,21.07,282338.0,21.11,0.00403916,0.203931,33175.2
301155.SZ,20260508,5300,61.0,323300.0,61.06,0.00429991,0.0855647,12325.8
301156.SZ,20260508,4600,20.52,94392.0,20.5,0.00515551,0.15426,8922.5
301157.SZ,20260508,33200,74.5,2473400.0,75.72,0.160714,1.01164,2065.78
301158.SZ,20260508,42300,26.21,1108683.0,26.3,0.0288751,0.423757,14649.3
301159.SZ,20260508,12800,42.08,538624.0,41.58,0.0241441,0.471381,5301.5
301160.SZ,20260508,6700,61.6,412720.0,61.99,0.00883291,0.295336,7585.27
301161.SZ,20260508,11800,32.61,384798.0,32.7,0.0152853,0.391664,7719.83
301162.SZ,20260508,8200,67.38,552516.0,67.38,0.00962162,0.325118,8522.48
301163.SZ,20260508,20100,31.74,637974.0,31.57,0.0367287,0.955007,5472.56
301165.SZ,20260508,48300,98.4,4752720.0,99.0,0.006072,0.386685,79545.5
301166.SZ,20260508,4500,31.67,142515.0,31.67,0.00790602,0.276174,5691.87
301167.SZ,20260508,6000,17.85,107100.0,17.82,0.00845515,0.18692,7096.27
301168.SZ,20260508,5900,44.08,260072.0,44.59,0.00619011,0.306285,9531.33
301169.SZ,20260508,40200,82.5,3316500.0,83.68,0.0558263,1.67671,7200.9
301170.SZ,20260508,5700,30.2,172140.0,30.16,0.0169767,0.351897,3357.54
301171.SZ,20260508,2705300,45.05,121873765.0,43.0,0.54477,5.59934,49659.5
301172.SZ,20260508,40600,31.99,1298794.0,32.08,0.0411072,0.666491,9876.61
301173.SZ,20260508,9800,44.13,432474.0,43.71,0.0317886,1.56762,3082.87
301175.SZ,20260508,856700,6.32,5414344.0,6.3,0.13776,3.67301,62188.0
301176.SZ,20260508,54000,40.51,2187540.0,41.0,0.0329161,0.326031,16405.4
301177.SZ,20260508,600,29.76,17856.0,29.86,0.000149996,0.0185342,40001.0
301178.SZ,20260508,14400,59.37,854928.0,59.66,0.0291048,0.46387,4947.63
301179.SZ,20260508,33400,24.75,826650.0,24.99,0.0140646,0.270726,23747.5
301180.SZ,20260508,9300,18.98,176514.0,18.99,0.00566596,0.181424,16413.8
301181.SZ,20260508,21600,47.16,1018656.0,46.8,0.0241766,0.800655,8934.27
301182.SZ,20260508,9900,71.93,712107.0,72.6,0.0113293,0.312928,8738.42
301183.SZ,20260508,27420,196.0,5374320.0,200.33,0.0467129,0.41588,5869.9
301185.SZ,20260508,3100,18.18,56358.0,18.22,0.00223557,0.093291,13866.7
301186.SZ,20260508,2400,74.02,177648.0,74.61,0.00317253,0.0911876,7564.95
301187.SZ,20260508,600,20.8,12480.0,20.74,0.000235356,0.0311869,25493.3
301188.SZ,20260508,182100,26.07,4747347.0,26.28,0.0680654,0.818662,26753.7
301189.SZ,20260508,111800,93.62,10466716.0,94.86,0.0995035,1.23584,11235.8
301190.SZ,20260508,16200,24.65,399330.0,24.79,0.0113204,0.33258,14310.4
301191.SZ,20260508,30300,154.88,4692864.0,154.8,0.0580478,0.610971,5219.84
301192.SZ,20260508,6400,27.98,179072.0,27.72,0.0133699,0.401856,4786.88
301193.SZ,20260508,31000,25.52,791120.0,25.78,0.0180545,0.175416,17170.2
301195.SZ,20260508,1500,32.39,48585.0,32.65,0.00171057,0.17399,8768.98
301196.SZ,20260508,30600,117.6,3598560.0,119.3,0.0373346,0.725865,8196.16
301197.SZ,20260508,16600,32.04,531864.0,32.11,0.0152645,0.335459,10874.9
301198.SZ,20260508,22300,17.94,400062.0,18.12,0.0137419,0.280756,16227.7
301199.SZ,20260508,12600,22.0,277200.0,22.09,0.017573,0.470499,7170.1
301200.SZ,20260508,76775,186.35,14307021.25,193.95,0.0180546,1.77819,42523.8
301201.SZ,20260508,17200,41.67,716724.0,41.63,0.0158461,0.234448,10854.4
301202.SZ,20260508,16000,43.72,699520.0,44.35,0.0430831,0.60078,3713.75
301203.SZ,20260508,15400,48.99,754446.0,48.67,0.0351257,0.907768,4384.25
301205.SZ,20260508,188700,283.0,53402100.0,275.25,0.226246,1.99369,8340.47
301206.SZ,20260508,4400,27.24,119856.0,27.23,0.00337745,0.278296,13027.6
301207.SZ,20260508,73500,20.0,1470000.0,19.63,0.0122368,1.57424,60064.8
301208.SZ,20260508,4200,35.1,147420.0,35.25,0.0063567,0.349789,6607.21
301209.SZ,20260508,100,90.14,9014.0,90.14,0.000104512,0.00889821,9568.3
301210.SZ,20260508,19000,41.24,783560.0,41.35,0.0437144,0.350906,4346.39
301211.SZ,20260508,14100,11.48,161868.0,11.43,0.00337648,0.465677,41759.5
301212.SZ,20260508,700,29.19,20433.0,29.2,0.000746667,0.044979,9375.0
301213.SZ,20260508,3900,74.75,291525.0,74.56,0.00754191,0.219712,5171.1
301215.SZ,20260508,59700,6.49,387453.0,6.48,0.00451452,0.381132,132240.0
301216.SZ,20260508,85200,30.45,2594340.0,30.45,0.015538,0.438896,54833.2
301217.SZ,20260508,399004,85.48,34106861.92,86.8,0.0481299,0.574286,82901.6
301218.SZ,20260508,11000,36.43,400730.0,36.42,0.0156988,0.323889,7006.88
301219.SZ,20260508,127800,89.0,11374200.0,89.54,0.0607368,0.72081,21041.6
301220.SZ,20260508,0,,0.0,38.0,0.0,0.0,7778.1
301221.SZ,20260508,1300,49.2,63960.0,49.17,0.0020726,0.0688973,6272.32
301222.SZ,20260508,48200,49.56,2388792.0,50.4,0.0603846,0.866585,7982.17
301223.SZ,20260508,4300,20.17,86731.0,20.07,0.00222651,0.263872,19312.8
301225.SZ,20260508,13800,112.3,1549740.0,112.71,0.0461816,0.634599,2988.2
301226.SZ,20260508,20400,39.7,809880.0,40.17,0.01875,0.513871,10880.0
301227.SZ,20260508,5500,31.93,175615.0,31.95,0.010162,0.406718,5412.3
301228.SZ,20260508,14200,60.88,864496.0,60.98,0.0118888,0.346671,11944.0
301229.SZ,20260508,1500,17.9,26850.0,17.89,0.00116027,0.0485963,12928.1
301230.SZ,20260508,114500,44.68,5115860.0,43.63,0.0911509,1.43584,12561.6
301231.SZ,20260508,136900,33.33,4562877.0,31.6,0.209228,3.43347,6543.1
301232.SZ,20260508,35700,224.5,8014650.0,229.0,0.0799243,0.590674,4466.73
301233.SZ,20260508,1500,59.1,88650.0,59.19,0.00532281,0.120002,2818.06
301234.SZ,20260508,1900,40.47,76893.0,40.55,0.00472983,0.12851,4017.06
301235.SZ,20260508,85600,56.68,4851808.0,57.66,0.117671,1.4618,7274.51
301236.SZ,20260508,123200,41.8,5149760.0,41.79,0.0156801,0.596484,78570.9
301237.SZ,20260508,8100,70.63,572103.0,70.55,0.0139056,0.328718,5825.0
301238.SZ,20260508,28000,22.27,623560.0,22.34,0.00381818,0.153173,73333.3
301239.SZ,20260508,15100,44.37,669987.0,44.48,0.0106305,0.277995,14204.4
301246.SZ,20260508,112100,30.98,3472858.0,31.24,0.0659112,0.300039,17007.7
301248.SZ,20260508,73400,93.33,6850422.0,93.65,0.0653439,0.553565,11232.9
301251.SZ,20260508,9600,66.0,633600.0,66.79,0.0177802,0.158797,5399.25
301252.SZ,20260508,112200,43.53,4884066.0,43.95,0.232564,2.22811,4824.47
301255.SZ,20260508,6500,29.97,194805.0,30.04,0.0170693,0.228565,3808.0
301256.SZ,20260508,26400,14.25,376200.0,14.35,0.0055,0.320056,48000.0
301257.SZ,20260508,1800,53.18,95724.0,53.18,0.00238984,0.0744609,7531.89
301258.SZ,20260508,5100,30.88,157488.0,30.68,0.00572615,0.392661,8906.5
301259.SZ,20260508,11500,41.5,477250.0,41.71,0.0125178,0.225641,9186.93
301260.SZ,20260508,7600,17.08,129808.0,16.99,0.00370128,0.0901708,20533.4
301261.SZ,20260508,43500,88.25,3838875.0,89.4,0.116052,0.63027,3748.33
301262.SZ,20260508,76000,24.79,1884040.0,24.66,0.0622566,1.90296,12207.5
301263.SZ,20260508,9500,27.79,264005.0,27.85,0.00312926,0.219991,30358.6
301265.SZ,20260508,60900,27.02,1645518.0,27.6,0.0358663,0.575593,16979.7
301266.SZ,20260508,8000,41.61,332880.0,41.71,0.00766781,0.294164,10433.2
301267.SZ,20260508,27200,18.0,489600.0,17.97,0.00419465,0.417245,64844.4
301268.SZ,20260508,6300,23.47,147861.0,23.61,0.00182769,0.107507,34469.8
301269.SZ,20260508,46400,92.0,4268800.0,92.53,0.00850693,0.37987,54543.8
301270.SZ,20260508,6900,34.53,238257.0,34.55,0.00730214,0.238953,9449.28
301272.SZ,20260508,2600,45.57,118482.0,45.52,0.0082995,0.18156,3132.72
301273.SZ,20260508,4200,39.68,166656.0,39.76,0.00763828,0.220857,5498.62
301275.SZ,20260508,134500,45.51,6121095.0,45.33,0.0447053,1.14672,30085.9
301276.SZ,20260508,47100,26.0,1224600.0,25.75,0.0651744,1.30196,7226.76
301277.SZ,20260508,1900,11.33,21527.0,11.32,0.000484597,0.0825992,39207.8
301278.SZ,20260508,13100,40.35,528585.0,40.66,0.0254854,0.505961,5140.2
301279.SZ,20260508,29400,24.35,715890.0,24.35,0.0225288,1.42782,13050.0
301280.SZ,20260508,8040,46.0,369840.0,46.5,0.0143115,0.27344,5617.87
301281.SZ,20260508,50100,40.13,2010513.0,40.45,0.0706111,1.23288,7095.2
301282.SZ,20260508,67300,29.8,2005540.0,30.1,0.0381135,0.549926,17657.8
301283.SZ,20260508,5400,48.54,262116.0,48.58,0.00853393,0.366505,6327.69
301285.SZ,20260508,11400,108.0,1231200.0,106.68,0.00551604,0.338388,20667.0
301286.SZ,20260508,26700,57.39,1532313.0,57.4,0.0165551,0.58173,16127.9
301287.SZ,20260508,2400,45.29,108696.0,45.2,0.0140917,0.181707,1703.14
301288.SZ,20260508,4300,17.9,76970.0,17.74,0.00550508,0.623422,7810.96
301289.SZ,20260508,3700,56.7,209790.0,56.75,0.00477414,0.509389,7750.09
301290.SZ,20260508,11200,30.43,340816.0,30.22,0.0164317,0.400462,6816.09
301291.SZ,20260508,189400,60.45,11449230.0,61.99,0.117416,0.811773,16130.7
301292.SZ,20260508,56700,88.0,4989600.0,88.2,0.0666521,0.263064,8506.86
301293.SZ,20260508,40400,69.64,2813456.0,69.33,0.0196129,0.510289,20598.7
301295.SZ,20260508,4400,45.71,201124.0,45.73,0.014966,0.163576,2940.0
301296.SZ,20260508,27300,7.86,214578.0,7.84,0.00639177,0.540863,42711.2
301297.SZ,20260508,213300,46.26,9867258.0,47.69,0.0587639,0.90304,36297.8
301298.SZ,20260508,16200,16.64,269568.0,16.72,0.0149746,0.639276,10818.3
301299.SZ,20260508,8300,64.01,531283.0,64.4,0.0185354,0.401,4477.92
301300.SZ,20260508,4000,41.76,167040.0,41.9,0.0103165,0.233707,3877.3
301301.SZ,20260508,31800,9.97,317046.0,9.98,0.00514745,0.268878,61778.2
301302.SZ,20260508,46600,25.82,1203212.0,26.02,0.0335276,0.60796,13899.0
301303.SZ,20260508,400,15.09,6036.0,15.12,0.000391389,0.0121588,10220.0
301305.SZ,20260508,13800,26.46,365148.0,26.32,0.0111548,0.238117,12371.3
301306.SZ,20260508,15900,164.0,2607600.0,167.39,0.0272903,0.278289,5826.25
301307.SZ,20260508,91800,53.61,4921398.0,54.01,0.0843895,0.734004,10878.1
301308.SZ,20260508,512639,474.64,243318974.96,483.33,0.186826,2.03975,27439.4
301309.SZ,20260508,8400,35.29,296436.0,35.44,0.0138658,0.463705,6058.09
301310.SZ,20260508,6400,64.01,409664.0,64.01,0.0146397,0.112093,4371.67
301311.SZ,20260508,16000,16.85,269600.0,16.84,0.00666667,0.619121,24000.0
301312.SZ,20260508,71700,116.0,8317200.0,121.5,0.118409,1.13154,6055.28
301313.SZ,20260508,4300,35.99,154757.0,36.0,0.00547398,0.154405,7855.35
301314.SZ,20260508,3800,52.55,199690.0,52.9,0.0208135,0.266393,1825.74
301315.SZ,20260508,4300,52.58,226094.0,52.46,0.0116216,0.2781,3700.0
301316.SZ,20260508,178800,59.0,10549200.0,58.35,0.0736328,0.739588,24282.7
301317.SZ,20260508,36500,63.0,2299500.0,64.1,0.0699277,0.502045,5219.67
301318.SZ,20260508,1000,25.4,25400.0,25.48,0.00112634,0.0549277,8878.33
301319.SZ,20260508,128400,86.0,11042400.0,88.16,0.137211,1.63659,9357.86
301320.SZ,20260508,2400,17.9,42960.0,17.83,0.00351859,0.128073,6820.92
301321.SZ,20260508,25700,27.02,694414.0,27.41,0.0174095,0.279062,14762.0
301322.SZ,20260508,14100,40.59,572319.0,40.42,0.0148378,0.367267,9502.77
301323.SZ,20260508,3800,69.61,264518.0,69.73,0.00562405,0.199172,6756.7
301325.SZ,20260508,3300,43.6,143880.0,43.76,0.0057,0.117735,5789.47
301326.SZ,20260508,5900,186.91,1102769.0,186.45,0.00818792,0.259954,7205.74
301327.SZ,20260508,17100,64.35,1100385.0,64.69,0.00980609,0.52946,17438.1
301328.SZ,20260508,11500,65.0,747500.0,65.08,0.0104648,0.62351,10989.2
301329.SZ,20260508,12100,25.8,312180.0,25.87,0.0201855,0.198214,5994.4
301330.SZ,20260508,24500,31.5,771750.0,31.43,0.012608,0.451108,19432.2
301331.SZ,20260508,1100,27.0,29700.0,27.04,0.00107174,0.0779975,10263.7
301332.SZ,20260508,2000,9.46,18920.0,9.46,0.000755172,0.0668701,26484.0
301333.SZ,20260508,1200,61.6,73920.0,61.78,0.00124425,0.067445,9644.37
301335.SZ,20260508,4100,25.99,106559.0,25.95,0.00809896,0.275809,5062.38
301336.SZ,20260508,3700,56.52,209124.0,56.31,0.0121589,0.293184,3043.03
301337.SZ,20260508,2400,28.26,67824.0,28.26,0.00541882,0.155109,4429.01
301338.SZ,20260508,36400,209.8,7636720.0,209.0,0.0686469,0.690345,5302.5
301339.SZ,20260508,10500,13.26,139230.0,13.27,0.00184275,0.273108,56980.0
301345.SZ,20260508,1800,269.4,484920.0,271.3,0.00513849,0.117576,3502.97
301348.SZ,20260508,312600,26.36,8240136.0,26.26,0.201496,2.10587,15513.9
301349.SZ,20260508,41100,59.97,2464767.0,60.18,0.0510026,1.19061,8058.41
301353.SZ,20260508,18200,29.95,545090.0,29.77,0.0570868,1.1804,3188.12
301355.SZ,20260508,16100,12.88,207368.0,12.9,0.016059,0.40567,10025.5
301356.SZ,20260508,4600,23.94,110124.0,23.97,0.00839263,0.132757,5481.0
301357.SZ,20260508,13200,108.65,1434180.0,109.75,0.0138655,0.741489,9520.0
301358.SZ,20260508,201000,103.82,20867820.0,106.02,0.0264495,0.373707,75993.8
301359.SZ,20260508,4500,23.35,105075.0,23.37,0.00632493,0.172501,7114.7
301360.SZ,20260508,11200,85.09,953008.0,86.0,0.0443353,0.69718,2526.21
301361.SZ,20260508,45900,38.06,1746954.0,37.75,0.150769,2.33084,3044.4
301362.SZ,20260508,15800,160.03,2528474.0,164.9,0.0532524,0.388763,2967.0
301363.SZ,20260508,74000,28.86,2135640.0,28.99,0.0198284,0.468329,37320.3
301365.SZ,20260508,15300,36.88,564264.0,37.22,0.0150914,0.22729,10138.2
301366.SZ,20260508,40100,41.35,1658135.0,41.91,0.0342746,0.78186,11699.6
301367.SZ,20260508,1200,66.63,79956.0,66.7,0.00170944,0.0953857,7019.86
301368.SZ,20260508,2900,51.5,149350.0,51.81,0.00452267,0.140506,6412.14
301369.SZ,20260508,4400,180.18,792792.0,183.32,0.0121001,0.323671,3636.34
301370.SZ,20260508,74900,10.56,790944.0,10.46,0.0231352,2.0231,32374.9
301371.SZ,20260508,33800,30.49,1030562.0,30.33,0.0434506,0.530827,7778.94
301372.SZ,20260508,8200,37.38,306516.0,37.18,0.0199172,0.208857,4117.04
301373.SZ,20260508,83900,138.02,11579878.0,139.95,0.205722,1.26355,4078.31
301376.SZ,20260508,31600,17.68,558688.0,17.66,0.0163187,0.395473,19364.3
301377.SZ,20260508,11100,231.34,2567874.0,235.06,0.0156285,0.308582,7102.4
301378.SZ,20260508,15400,36.2,557480.0,36.2,0.0335406,0.246821,4591.45
301379.SZ,20260508,30700,27.62,847934.0,27.89,0.0199668,0.35596,15375.6
301380.SZ,20260508,6300,35.41,223083.0,35.39,0.00780296,0.37133,8073.86
301381.SZ,20260508,11600,21.58,250328.0,21.63,0.00593447,0.213708,19546.8
301382.SZ,20260508,68500,46.93,3214705.0,47.26,0.0387977,0.358183,17655.7
301383.SZ,20260508,10200,28.99,295698.0,29.08,0.0144447,0.667192,7061.42
301386.SZ,20260508,1900,26.24,49856.0,26.0,0.00422222,0.10818,4500.0
301387.SZ,20260508,80800,75.01,6060808.0,73.43,0.189297,1.85818,4268.43
301388.SZ,20260508,24100,33.41,805181.0,33.35,0.0840787,1.4617,2866.36
301389.SZ,20260508,88300,72.9,6437070.0,73.99,0.0311464,0.602977,28350.0
301390.SZ,20260508,14100,38.11,537351.0,38.06,0.0287426,0.956882,4905.62
301391.SZ,20260508,44500,82.97,3692165.0,84.0,0.0479342,1.15296,9283.56
301392.SZ,20260508,24500,162.97,3992765.0,165.91,0.060055,0.474334,4079.59
301393.SZ,20260508,5000,59.62,298100.0,59.8,0.0118751,0.251866,4210.48
301395.SZ,20260508,31000,14.88,461280.0,14.93,0.0243463,0.452507,12732.9
301396.SZ,20260508,89400,341.0,30485400.0,356.99,0.117506,0.791328,7608.11
301397.SZ,20260508,56400,42.28,2384592.0,43.3,0.0798367,0.854937,7064.42
301398.SZ,20260508,900,45.43,40887.0,45.43,0.00241812,0.0570119,3721.9
301399.SZ,20260508,4500,22.08,99360.0,22.09,0.00822916,0.10111,5468.36
301408.SZ,20260508,91300,21.82,1992166.0,21.81,0.0398761,0.241207,22895.9
301413.SZ,20260508,18100,112.0,2027200.0,112.28,0.0308086,0.462818,5874.99
301418.SZ,20260508,16000,43.14,690240.0,43.18,0.0543546,0.757601,2943.63
301419.SZ,20260508,25100,42.01,1054451.0,42.69,0.0316413,0.625949,7932.66
301421.SZ,20260508,42400,105.0,4452000.0,108.08,0.0915599,0.544534,4630.85
301428.SZ,20260508,160700,36.02,5788414.0,35.61,0.262597,2.84657,6119.65
301429.SZ,20260508,5100,21.94,111894.0,21.95,0.0115854,0.196134,4402.1
301439.SZ,20260508,10800,16.69,180252.0,16.76,0.00589369,0.161394,18324.7
301446.SZ,20260508,5300,42.81,226893.0,43.18,0.0170583,0.290621,3107.0
301448.SZ,20260508,2400,39.71,95304.0,39.73,0.00497075,0.239849,4828.25
301449.SZ,20260508,3200,69.85,223520.0,69.87,0.0229996,0.214293,1391.33
301456.SZ,20260508,3000,31.99,95970.0,32.0,0.00506675,0.133356,5920.96
301458.SZ,20260508,72100,42.08,3033968.0,42.5,0.0613711,0.782552,11748.2
301459.SZ,20260508,2400,37.8,90720.0,37.64,0.00919576,0.307088,2609.9
301468.SZ,20260508,92400,61.57,5689068.0,62.51,0.123196,1.21389,7500.26
301469.SZ,20260508,6700,36.4,243880.0,36.18,0.0145467,0.321577,4605.87
301479.SZ,20260508,35700,125.98,4497486.0,125.9,0.0700973,1.12679,5092.92
301486.SZ,20260508,113700,231.01,26265837.0,239.0,0.156928,1.1476,7245.38
301487.SZ,20260508,51000,25.01,1275510.0,25.24,0.0186954,0.236379,27279.4
301488.SZ,20260508,10000,135.59,1355900.0,135.15,0.0427128,0.731685,2341.22
301489.SZ,20260508,9200,237.0,2180400.0,241.41,0.0193275,0.264149,4760.07
301491.SZ,20260508,1610,50.52,81337.2,50.72,0.00563263,0.173401,2858.34
301498.SZ,20260508,34200,54.5,1863900.0,54.8,0.0190696,0.499249,17934.3
301499.SZ,20260508,16200,36.3,588060.0,36.4,0.04687,0.486046,3456.37
301500.SZ,20260508,191423,30.43,5825001.89,31.14,0.132886,0.487355,14405.1
301501.SZ,20260508,200,33.69,6738.0,33.68,0.00045977,0.0138573,4350.0
301502.SZ,20260508,47700,59.5,2838150.0,59.66,0.20223,1.63661,2358.7
301503.SZ,20260508,5100,35.86,182886.0,35.86,0.015702,0.377327,3248.0
301505.SZ,20260508,4300,23.15,99545.0,23.09,0.00549931,0.145062,7819.16
301507.SZ,20260508,12400,14.72,182528.0,14.73,0.0112654,0.347477,11007.2
301508.SZ,20260508,3400,29.69,100946.0,29.79,0.00577874,0.228173,5883.64
301509.SZ,20260508,11244,35.01,393652.44,35.08,0.0198164,0.367864,5674.09
301510.SZ,20260508,51100,39.85,2036335.0,40.19,0.018305,0.277423,27915.9
301511.SZ,20260508,353700,90.6,32045220.0,92.74,0.0944129,0.707961,37463.1
301512.SZ,20260508,7600,51.8,393680.0,52.3,0.0306286,0.451723,2481.34
301513.SZ,20260508,24900,87.16,2170284.0,88.15,0.123579,0.510492,2014.9
301515.SZ,20260508,5200,24.32,126464.0,24.32,0.00793039,0.259748,6557.06
301516.SZ,20260508,60300,21.66,1306098.0,21.78,0.0859275,0.641815,7017.54
301517.SZ,20260508,22300,70.0,1561000.0,70.6,0.0228572,0.345031,9756.21
301518.SZ,20260508,1400,38.38,53732.0,38.38,0.00261901,0.0533344,5345.52
301519.SZ,20260508,32100,15.9,510390.0,15.82,0.0425309,0.841622,7547.45
301520.SZ,20260508,2500,42.33,105825.0,42.09,0.0106511,0.362975,2347.17
301522.SZ,20260508,11800,33.0,389400.0,33.15,0.00426425,0.218103,27671.9
301525.SZ,20260508,4300,73.9,317770.0,72.74,0.00870424,0.243984,4940.12
301526.SZ,20260508,1200000,18.84,22608000.0,19.2,0.0854462,0.490878,140439.0
301528.SZ,20260508,700,73.89,51723.0,73.58,0.00219898,0.0640944,3183.3
301529.SZ,20260508,30812,151.3,4661855.6,149.66,0.0681101,0.651735,4523.85
301533.SZ,20260508,1500,33.14,49710.0,33.0,0.00527487,0.140774,2843.67
301535.SZ,20260508,3200,19.17,61344.0,19.15,0.00188461,0.110835,16979.6
301536.SZ,20260508,54300,88.2,4789260.0,88.58,0.0290075,0.548601,18719.3
301538.SZ,20260508,8300,78.4,650720.0,77.89,0.0265858,0.776342,3121.97
301539.SZ,20260508,1900,19.0,36100.0,18.92,0.00253125,0.0858203,7506.17
301548.SZ,20260508,3000,85.1,255300.0,85.19,0.0114351,0.131266,2623.5
301550.SZ,20260508,86900,187.0,16250300.0,186.4,0.0615964,1.67176,14108.0
301551.SZ,20260508,21700,28.22,612374.0,28.16,0.0140404,0.435162,15455.4
301552.SZ,20260508,8400,42.02,352968.0,41.95,0.0352941,0.530934,2380.0
301555.SZ,20260508,7400,37.52,277648.0,37.67,0.0153067,0.250512,4834.48
301556.SZ,20260508,18100,87.97,1592257.0,87.57,0.0613976,1.15728,2948.0
301557.SZ,20260508,9900,119.6,1184040.0,118.91,0.0557276,0.767101,1776.5
301558.SZ,20260508,55100,8.31,457881.0,8.33,0.0251046,0.613803,21948.2
301559.SZ,20260508,40000,16.81,672400.0,16.78,0.0444444,1.63217,9000.0
301560.SZ,20260508,21700,41.11,892087.0,41.62,0.0355388,0.436107,6106.0
301563.SZ,20260508,7600,169.73,1289948.0,171.93,0.0516313,0.473253,1471.98
301565.SZ,20260508,2900,22.55,65395.0,22.59,0.00226545,0.0633967,12801.0
301566.SZ,20260508,117600,25.6,3010560.0,25.58,0.0557117,0.686554,21108.7
301567.SZ,20260508,5800,44.97,260826.0,45.08,0.0273072,0.473437,2123.99
301568.SZ,20260508,30900,58.38,1803942.0,59.32,0.0649168,0.669119,4759.94
301571.SZ,20260508,5800,68.5,397300.0,69.05,0.00486714,0.160728,11916.7
301575.SZ,20260508,0,,0.0,47.26,0.0,0.0,1740.85
301577.SZ,20260508,10100,72.0,727200.0,72.1,0.0536061,0.557135,1884.12
301578.SZ,20260508,2600,35.48,92248.0,35.48,0.0112215,0.245344,2316.99
301580.SZ,20260508,34000,78.3,2662200.0,78.37,0.0472111,0.690796,7201.7
301581.SZ,20260508,2100,48.4,101640.0,48.6,0.00496518,0.353168,4229.45
301584.SZ,20260508,5700,26.51,151107.0,26.5,0.0106117,0.262514,5371.43
301585.SZ,20260508,3400,30.01,102034.0,30.08,0.004992,0.19714,6810.89
301586.SZ,20260508,600,42.94,25764.0,43.0,0.00113398,0.0444703,5291.11
301587.SZ,20260508,23200,29.12,675584.0,29.45,0.0315848,0.206715,7345.3
301588.SZ,20260508,67500,35.76,2413800.0,35.95,0.092013,0.556446,7335.92
301589.SZ,20260508,1300,175.09,227617.0,175.5,0.00377195,0.194546,3446.5
301590.SZ,20260508,2754,181.51,499878.54,183.02,0.0320133,0.41508,860.268
301591.SZ,20260508,1800,41.74,75132.0,41.74,0.00530373,0.123871,3393.84
301592.SZ,20260508,11100,132.54,1471194.0,133.87,0.0475203,0.776433,2335.84
301595.SZ,20260508,29800,45.35,1351430.0,45.75,0.122317,1.55792,2436.3
301596.SZ,20260508,4500,70.48,317160.0,70.49,0.0143694,0.490443,3131.66
301598.SZ,20260508,10700,64.6,691220.0,64.98,0.0609766,2.29917,1754.77
301599.SZ,20260508,210892,68.86,14522023.12,71.2,0.385539,0.58522,5470.05
301600.SZ,20260508,7200,120.0,864000.0,119.81,0.0223197,0.492188,3225.85
301601.SZ,20260508,3700,22.3,82510.0,22.28,0.00437973,0.260528,8448.0
301602.SZ,20260508,5000,18.9,94500.0,18.93,0.00239809,0.219619,20849.9
301603.SZ,20260508,136303,130.92,17844788.76,123.87,0.361235,2.43803,3773.25
301606.SZ,20260508,28600,73.89,2113254.0,75.0,0.0173335,0.471056,16499.9
301607.SZ,20260508,37800,51.65,1952370.0,51.85,0.0349014,0.50966,10830.5
301608.SZ,20260508,18500,95.43,1765455.0,95.96,0.0463228,1.28348,3993.72
301609.SZ,20260508,8300,47.0,390100.0,46.96,0.0226479,0.421352,3664.8
301611.SZ,20260508,100300,105.01,10532503.0,107.5,0.0684255,0.655942,14658.3
301613.SZ,20260508,6500,47.2,306800.0,47.37,0.0077472,0.455064,8390.12
301616.SZ,20260508,1800,45.45,81810.0,45.45,0.00633763,0.210111,2840.18
301617.SZ,20260508,9100,61.94,563654.0,62.43,0.0171569,0.372633,5304.0
301618.SZ,20260508,400,50.09,20036.0,50.36,0.00120648,0.0588144,3315.43
301622.SZ,20260508,1600,55.63,89008.0,55.65,0.0024745,0.104361,6465.94
301626.SZ,20260508,18000,287.99,5183820.0,288.0,0.0342082,0.742672,5261.9
301628.SZ,20260508,11000,110.35,1213850.0,110.94,0.0394608,0.574416,2787.58
301629.SZ,20260508,11900,319.8,3805620.0,327.43,0.0619919,0.501875,1919.61
301630.SZ,20260508,9600,259.0,2486400.0,263.79,0.096,0.504027,1000.0
301631.SZ,20260508,25519,122.56,3127608.64,122.0,0.0819522,0.652149,3113.89
301632.SZ,20260508,1400,20.98,29372.0,20.98,0.00191095,0.077797,7326.2
301633.SZ,20260508,800,62.99,50392.0,63.03,0.00313595,0.183883,2551.06
301636.SZ,20260508,3400,63.83,217022.0,63.84,0.0213047,0.189638,1595.9
301638.SZ,20260508,236299,30.53,7214208.47,30.53,0.100561,0.610054,23498.0
301656.SZ,20260508,11400,20.19,230166.0,20.27,0.00559842,0.0897091,20362.9
301658.SZ,20260508,46700,42.19,1970273.0,42.57,0.0479384,0.495465,9741.67
301662.SZ,20260508,10100,182.89,1847189.0,183.5,0.0328422,0.363232,3075.31
301665.SZ,20260508,26600,27.61,734426.0,27.43,0.0255352,0.773729,10417.0
301666.SZ,20260508,216885,416.93,90425863.05,432.28,0.81793,2.28232,2651.63
301667.SZ,20260508,23700,114.14,2705118.0,113.96,0.105359,0.373966,2249.45
301668.SZ,20260508,4800,45.3,217440.0,45.14,0.0197299,0.328934,2432.86
301678.SZ,20260508,9100,60.5,550550.0,60.88,0.0189935,0.384994,4791.11
301680.SZ,20260508,8100,111.0,899100.0,112.13,0.0482072,0.301518,1680.25
301682.SZ,20260508,26000,133.0,3458000.0,134.2,0.101219,0.698799,2568.68
301683.SZ,20260508,15200,135.17,2054584.0,136.58,0.10655,0.504524,1426.56
301687.SZ,20260508,7900,59.4,469260.0,59.79,0.0267476,0.23818,2953.53
301696.SZ,20260508,148500,110.0,16335000.0,113.35,0.493628,2.03731,3008.34
302132.SZ,20260508,24700,68.12,1682564.0,68.12,0.00421452,0.387394,58606.9
920000.BJ,20260508,300,16.15,4845.0,16.14,0.000520888,0.0498537,5759.39
920001.BJ,20260508,1041,15.03,15646.23,15.15,0.00117374,0.074952,8869.1
920002.BJ,20260508,7724,86.0,664264.0,87.4,0.0242473,1.33057,3185.51
920003.BJ,20260508,400,31.1,12440.0,31.2,0.00300422,0.042402,1331.46
920005.BJ,20260508,10000,35.23,352300.0,35.48,0.0465116,3.64025,2150.0
920006.BJ,20260508,500,20.27,10135.0,20.31,0.00104609,0.0457233,4779.71
920007.BJ,20260508,100,53.81,5381.0,53.48,0.000939598,0.0291544,1064.29
920008.BJ,20260508,4444,26.4,117321.6,26.42,0.0130626,0.478892,3402.07
920009.BJ,20260508,4419,65.5,289444.5,65.19,0.061375,2.1126,720.0
920010.BJ,20260508,326316,13.41,4375897.56,13.56,0.188081,2.36272,17349.8
920011.BJ,20260508,21924,25.46,558185.04,25.88,0.117871,0.831867,1860.0
920012.BJ,20260508,63218,64.08,4051009.44,66.76,0.476446,1.6003,1326.87
920014.BJ,20260508,1552,12.16,18872.32,12.12,0.00231478,0.0712389,6704.73
920015.BJ,20260508,13189,40.5,534154.5,40.79,0.0329622,0.580177,4001.24
920016.BJ,20260508,0,,0.0,17.0,0.0,0.0,3423.72
920017.BJ,20260508,10051,18.27,183631.77,18.27,0.00813782,0.603351,12351.0
920018.BJ,20260508,9866,29.19,287988.54,29.48,0.0223093,0.739769,4422.38
920019.BJ,20260508,5433,18.38,99858.54,18.5,0.00324289,0.30788,16753.6
920020.BJ,20260508,9374,16.06,150546.44,16.17,0.0170124,1.17954,5510.09
920021.BJ,20260508,202471,10.62,2150242.02,10.62,0.0817884,1.05093,24755.5
920022.BJ,20260508,6300,27.34,172242.0,26.61,0.0379175,1.50084,1661.5
920023.BJ,20260508,92872,2.55,236823.6,2.53,0.0345495,0.409045,26880.9
920026.BJ,20260508,2454,35.48,87067.92,35.18,0.00396619,0.185983,6187.3
920027.BJ,20260508,10300,18.79,193537.0,18.8,0.0244056,0.652152,4220.35
920028.BJ,20260508,57857,17.08,988197.56,16.88,0.0890661,1.138,6495.96
920029.BJ,20260508,17346,69.3,1202077.8,69.06,0.0128352,1.00283,13514.4
920030.BJ,20260508,500,5.76,2880.0,5.74,0.000444547,0.0242271,11247.4
920033.BJ,20260508,18791,17.09,321138.19,17.35,0.0227052,0.97478,8276.1
920035.BJ,20260508,4620,31.9,147378.0,31.99,0.0295835,0.336069,1561.68
920036.BJ,20260508,41058,45.9,1884562.2,44.25,0.314349,2.05963,1306.13
920037.BJ,20260508,14415,55.95,806519.25,55.96,0.0348272,1.14844,4139.0
920039.BJ,20260508,168,9.55,1604.4,9.55,0.000109219,0.0184492,15382.0
920045.BJ,20260508,15165,591.0,8962515.0,619.08,0.0753445,1.36735,2012.75
920046.BJ,20260508,86573,28.01,2424909.73,28.34,0.154796,1.55854,5592.7
920047.BJ,20260508,14146,28.71,406131.66,28.94,0.00785424,0.353966,18010.6
920050.BJ,20260508,4748,33.11,157206.28,33.21,0.0262282,1.17614,1810.27
920055.BJ,20260508,12500,35.38,442250.0,35.34,0.0816993,0.645822,1530.0
920056.BJ,20260508,2871,22.56,64769.76,22.79,0.00930817,0.340924,3084.39
920057.BJ,20260508,3000,6.19,18570.0,6.22,0.00260709,0.208061,11507.1
920058.BJ,20260508,300,27.48,8244.0,27.48,0.00108718,0.0840472,2759.44
920060.BJ,20260508,31072,32.2,1000518.4,32.52,0.032768,0.761616,9482.43
920061.BJ,20260508,15889,27.0,429003.0,27.2,0.0403639,0.577228,3936.44
920062.BJ,20260508,5665,10.57,59879.05,10.6,0.00426376,0.158471,13286.4
920066.BJ,20260508,2400,21.88,52512.0,21.88,0.0120765,0.724026,1987.33
920068.BJ,20260508,2700,19.96,53892.0,20.15,0.00430593,0.128101,6270.43
920069.BJ,20260508,29143,41.14,1198943.02,40.72,0.197209,1.87008,1477.77
920075.BJ,20260508,11100,22.17,246087.0,22.07,0.0318244,0.979406,3487.89
920076.BJ,20260508,3350,21.05,70517.5,21.18,0.0127335,0.332774,2630.85
920077.BJ,20260508,35250,19.35,682087.5,19.28,0.0116201,0.316202,30335.3
920078.BJ,20260508,21273,28.45,605216.85,29.21,0.102768,0.404483,2070.0
920080.BJ,20260508,9360,24.98,233812.8,24.78,0.0407387,1.04385,2297.57
920082.BJ,20260508,10000,15.12,151200.0,15.21,0.0252736,1.27214,3956.7
920086.BJ,20260508,1800,30.25,54450.0,30.44,0.00673036,0.119807,2674.45
920087.BJ,20260508,19036,13.8,262696.8,13.64,0.0116041,0.586142,16404.6
920088.BJ,20260508,93203,44.69,4165242.07,43.87,0.286195,1.58864,3256.62
920089.BJ,20260508,43520,18.05,785536.0,17.99,0.0507127,1.93659,8581.67
920090.BJ,20260508,100,5.0,500.0,5.02,6.71444e-05,0.00140672,14893.3
920091.BJ,20260508,2367,54.0,127818.0,53.34,0.0163239,0.19394,1450.02
920092.BJ,20260508,1996,30.22,60319.12,30.5,0.00605704,0.236928,3295.34
920098.BJ,20260508,0,,0.0,25.15,0.0,0.0,5537.57
920099.BJ,20260508,1289,30.32,39082.48,30.33,0.00265868,0.104528,4848.27
920100.BJ,20260508,2220,51.36,114019.2,51.75,0.0113438,0.270761,1957.01
920101.BJ,20260508,600,35.45,21270.0,35.5,0.00215684,0.138808,2781.85
920106.BJ,20260508,2831,56.1,158819.1,56.1,0.00648496,0.205837,4365.49
920108.BJ,20260508,21230,11.74,249240.2,11.8,0.0290951,0.957754,7296.77
920110.BJ,20260508,0,,0.0,32.41,0.0,0.0,1623.9
920111.BJ,20260508,62294,33.8,2105537.2,34.03,0.0827408,0.697544,7528.81
920112.BJ,20260508,200,32.9,6580.0,32.77,0.000862701,0.056075,2318.3
920116.BJ,20260508,12870,105.47,1357398.9,105.5,0.00838573,0.470545,15347.5
920118.BJ,20260508,0,,0.0,21.52,0.0,0.0,3133.91
920119.BJ,20260508,3578,94.64,338621.92,95.25,0.0188546,0.546037,1897.68
920121.BJ,20260508,300,36.99,11097.0,36.83,0.00252265,0.120854,1189.23
920122.BJ,20260508,1900,26.75,50825.0,26.9,0.00508359,0.317202,3737.51
920123.BJ,20260508,300,13.48,4044.0,13.53,0.000471454,0.0266678,6363.29
920124.BJ,20260508,5180,15.61,80859.8,15.61,0.00676846,0.316975,7653.14
920125.BJ,20260508,89154,95.0,8469630.0,100.0,0.540932,1.55222,1648.15
920128.BJ,20260508,12281,24.35,299042.35,24.65,0.0505391,2.87726,2430.0
920130.BJ,20260508,24739,19.99,494532.61,19.62,0.043718,2.67381,5658.76
920132.BJ,20260508,0,,0.0,14.16,0.0,0.0,2812.32
920139.BJ,20260508,69207,19.79,1369606.53,20.09,0.0266277,0.855818,25990.6
920145.BJ,20260508,7197,14.56,104788.32,14.43,0.0148108,0.910938,4859.3
920146.BJ,20260508,900,6.93,6237.0,6.92,0.000840039,0.0430337,10713.8
920149.BJ,20260508,11088,10.34,114649.92,10.35,0.0175257,1.16738,6326.7
920152.BJ,20260508,305634,20.5,6265497.0,19.17,0.372262,9.72819,8210.19
920156.BJ,20260508,139662,56.0,7821072.0,54.55,0.643367,1.50218,2170.8
920158.BJ,20260508,4781,16.86,80607.66,16.87,0.0125356,0.189542,3813.94
920159.BJ,20260508,2600,40.4,105040.0,40.48,0.0180556,0.17013,1440.0
920160.BJ,20260508,317,24.04,7620.68,24.15,0.00124372,0.0290714,2548.8
920163.BJ,20260508,9880,12.76,126068.8,12.73,0.0164415,1.3429,6009.2
920166.BJ,20260508,100,27.4,2740.0,27.46,0.000420792,0.0202901,2376.47
920167.BJ,20260508,43246,20.05,867082.3,20.0,0.066162,0.904012,6536.38
920168.BJ,20260508,17603,21.0,369663.0,20.8,0.0624785,1.31392,2817.45
920169.BJ,20260508,300,28.82,8646.0,28.81,0.000590514,0.0197569,5080.32
920171.BJ,20260508,24396,22.18,541103.28,22.29,0.0360717,0.460569,6763.2
920174.BJ,20260508,7150,40.37,288645.5,40.29,0.012935,0.44032,5527.65
920175.BJ,20260508,400,10.19,4076.0,10.18,0.000504567,0.035883,7927.59
920177.BJ,20260508,33556,34.5,1157682.0,35.1,0.285049,1.5162,1177.2
920179.BJ,20260508,30402,52.16,1585768.32,53.15,0.0509089,0.82724,5971.85
920180.BJ,20260508,64642,15.5,1001951.0,15.3,0.181225,3.28075,3566.95
920181.BJ,20260508,50298,105.06,5284307.88,109.99,0.501976,1.58978,1002.0
920183.BJ,20260508,2338,38.93,91018.34,39.03,0.0207825,0.303181,1124.98
920184.BJ,20260508,4600,16.21,74566.0,16.24,0.00514726,0.24134,8936.79
920185.BJ,20260508,40707,31.49,1281863.43,31.76,0.00364221,0.34744,111765.0
920186.BJ,20260508,376834,85.0,32030890.0,86.25,0.394465,1.04917,9553.05
920187.BJ,20260508,14032,35.26,494768.32,35.24,0.0612931,1.54485,2289.33
920188.BJ,20260508,8115,28.99,235253.85,29.17,0.0409975,0.255348,1979.39
920190.BJ,20260508,62571,25.0,1564275.0,24.75,0.0629214,2.44181,9944.3
920191.BJ,20260508,49402,12.95,639755.9,13.15,0.123768,0.751886,3991.5
920195.BJ,20260508,25400,16.65,422910.0,16.54,0.0358965,1.23392,7075.9
920198.BJ,20260508,4915,8.95,43989.25,8.92,0.00697499,0.333872,7046.6
920199.BJ,20260508,19117,34.95,668139.15,34.25,0.0504044,1.82808,3792.73
920200.BJ,20260508,943245,66.01,62263602.45,94.02,3.89465,4.13336,2421.9
920204.BJ,20260508,26554,17.26,458322.04,17.5,0.0531178,1.08054,4999.07
920207.BJ,20260508,64341,31.45,2023524.45,30.93,0.114253,1.35686,5631.45
920208.BJ,20260508,600,23.84,14304.0,23.93,0.000588936,0.0751051,10187.9
920212.BJ,20260508,22072,12.31,271706.32,12.48,0.0427733,1.56191,5160.23
920221.BJ,20260508,5166,15.2,78523.2,15.26,0.00836397,0.741922,6176.49
920223.BJ,20260508,42908,17.98,771485.84,18.27,0.0525938,1.83469,8158.38
920225.BJ,20260508,10144,28.2,286060.8,28.11,0.0122538,0.365095,8278.22
920227.BJ,20260508,6874,65.2,448184.8,65.08,0.0387962,1.00401,1771.82
920230.BJ,20260508,1173,12.3,14427.9,12.26,0.00248266,0.0307956,4724.77
920237.BJ,20260508,12517,20.8,260353.6,20.69,0.014768,0.794912,8475.77
920239.BJ,20260508,26214,30.97,811847.58,31.29,0.0146092,1.36217,17943.5
920242.BJ,20260508,4300,25.49,109607.0,25.5,0.011416,0.902975,3766.65
920245.BJ,20260508,2700,25.55,68985.0,25.53,0.00710602,0.529896,3799.6
920247.BJ,20260508,51722,20.19,1044267.18,20.66,0.0377138,1.37528,13714.3
920249.BJ,20260508,85853,10.58,908324.74,10.63,0.0688644,0.717362,12467.0
920252.BJ,20260508,701,26.98,18912.98,27.05,0.00102739,0.02999,6823.12
920260.BJ,20260508,800,9.66,7728.0,9.66,0.000809071,0.0610719,9887.88
920261.BJ,20260508,10785,15.38,165873.3,15.47,0.00629963,0.459009,17120.1
920262.BJ,20260508,272,16.99,4621.28,16.96,0.000726836,0.0389456,3742.25
920263.BJ,20260508,100,10.28,1028.0,10.31,9.75142e-05,0.00599533,10254.9
920266.BJ,20260508,0,,0.0,8.19,0.0,0.0,11849.0
920267.BJ,20260508,5700,18.68,106476.0,18.85,0.0192068,1.062,2967.7
920270.BJ,20260508,4900,15.9,77910.0,15.88,0.00603981,0.517754,8112.83
920271.BJ,20260508,4752,12.92,61395.84,13.01,0.00820861,0.859752,5789.04
920273.BJ,20260508,1000,22.16,22160.0,22.05,0.00145623,0.0662334,6867.07
920274.BJ,20260508,3000,22.8,68400.0,22.8,0.00368852,0.225448,8133.33
920275.BJ,20260508,2290,7.35,16831.5,7.41,0.00173597,0.21513,13191.5
920278.BJ,20260508,1377,7.99,11002.23,8.02,0.0018596,0.110969,7404.8
920284.BJ,20260508,25999,34.9,907365.1,35.33,0.0387694,0.664343,6706.07
920299.BJ,20260508,19668,23.53,462788.04,23.83,0.0433075,1.03709,4541.48
920300.BJ,20260508,2300,11.55,26565.0,11.64,0.003457,0.185041,6653.17
920304.BJ,20260508,10097,11.58,116923.26,11.53,0.00739956,0.582607,13645.4
920339.BJ,20260508,16898,8.16,137887.68,8.13,0.0111776,2.35599,15117.7
920344.BJ,20260508,4019,20.6,82791.4,20.58,0.00353387,0.390589,11372.8
920346.BJ,20260508,4500,21.0,94500.0,21.14,0.0100888,0.675806,4460.37
920351.BJ,20260508,7900,17.05,134695.0,17.18,0.0198291,0.609074,3984.03
920357.BJ,20260508,4600,26.47,121762.0,26.59,0.0103337,0.242171,4451.46
920363.BJ,20260508,8163,16.81,137220.03,16.95,0.0159778,0.803116,5108.96
920367.BJ,20260508,21656,19.01,411680.56,19.01,0.051571,1.93121,4199.26
920368.BJ,20260508,165800,35.91,5953878.0,36.43,0.0742269,1.87908,22336.9
920370.BJ,20260508,1024,3.44,3522.56,3.45,0.000390264,0.0401777,26238.6
920371.BJ,20260508,0,,0.0,9.24,0.0,0.0,19481.0
920374.BJ,20260508,1463,20.28,29669.64,20.44,0.00428862,0.175224,3411.35
920375.BJ,20260508,21424,13.9,297793.6,13.99,0.0330026,0.660316,6491.62
920378.BJ,20260508,100,8.86,886.0,8.9,8.97809e-05,0.00850029,11138.2
920392.BJ,20260508,1000,19.8,19800.0,19.72,0.00274802,0.260577,3638.99
920394.BJ,20260508,3368,50.92,171498.56,50.9,0.00231999,0.280521,14517.3
920395.BJ,20260508,500,9.89,4945.0,9.92,0.000477356,0.0801462,10474.4
920396.BJ,20260508,2516,29.31,73743.96,29.51,0.00490365,0.209097,5130.88
920402.BJ,20260508,5200,9.37,48724.0,9.4,0.00190565,0.0677738,27287.3
920403.BJ,20260508,3000,22.39,67170.0,22.36,0.00507669,0.172577,5909.36
920405.BJ,20260508,4200,18.35,77070.0,18.3,0.0038154,0.083666,11008.0
920407.BJ,20260508,2500,18.19,45475.0,18.09,0.00719199,0.363875,3476.09
920414.BJ,20260508,51768,11.72,606720.96,11.9,0.092315,2.14877,5607.76
920415.BJ,20260508,300,12.79,3837.0,12.79,0.000277184,0.0213648,10823.1
920418.BJ,20260508,13902,24.8,344769.6,24.91,0.00885937,0.745402,15691.9
920419.BJ,20260508,924,13.1,12104.4,13.18,0.000955619,0.110227,9669.13
920422.BJ,20260508,100,11.67,1167.0,11.61,0.000151006,0.00577855,6622.27
920425.BJ,20260508,41578,27.3,1135079.4,27.3,0.0702173,0.594163,5921.33
920427.BJ,20260508,64086,12.4,794666.4,12.61,0.125886,2.55354,5090.8
920429.BJ,20260508,1499,12.3,18437.7,12.22,0.0013207,0.147643,11350.0
920433.BJ,20260508,614,5.22,3205.08,5.22,0.000362635,0.0414984,16931.6
920436.BJ,20260508,2117,14.97,31691.49,14.86,0.00238218,0.167885,8886.82
920438.BJ,20260508,250702,55.0,13788610.0,57.2,0.179851,3.97594,13939.4
920445.BJ,20260508,4108,9.55,39231.4,9.58,0.00389339,0.245996,10551.2
920454.BJ,20260508,3250,14.7,47775.0,14.7,0.0066016,0.338298,4923.05
920455.BJ,20260508,0,,0.0,7.95,0.0,0.0,9376.24
920469.BJ,20260508,25323,6.81,172449.63,6.81,0.0244789,0.423866,10344.8
920471.BJ,20260508,37034,14.13,523290.42,14.32,0.0698351,0.48385,5303.06
920475.BJ,20260508,911,14.45,13163.95,14.54,0.00162104,0.0459138,5619.84
920476.BJ,20260508,2700,19.55,52785.0,19.67,0.00334863,0.204588,8063.0
920478.BJ,20260508,7255,16.11,116878.05,16.05,0.0154101,0.490041,4707.95
920489.BJ,20260508,9000,15.05,135450.0,15.13,0.0103656,0.432841,8682.55
920491.BJ,20260508,2237,25.68,57446.16,25.7,0.00193572,0.0839943,11556.4
920493.BJ,20260508,23527,166.01,3905717.27,169.2,0.053719,1.00664,4379.65
920496.BJ,20260508,21520,9.02,194110.4,9.05,0.0148415,0.850559,14499.8
920504.BJ,20260508,1080,22.11,23878.8,22.16,0.00631878,0.390451,1709.19
920505.BJ,20260508,3746,40.43,151450.78,40.83,0.0104024,0.292639,3601.09
920508.BJ,20260508,1000,19.77,19770.0,19.6,0.00313421,0.190074,3190.59
920509.BJ,20260508,24690,32.6,804894.0,33.1,0.0293979,1.23925,8398.55
920510.BJ,20260508,38129,16.06,612351.74,16.27,0.0406064,1.88613,9389.91
920519.BJ,20260508,977,12.3,12017.1,12.3,0.00169805,0.0815774,5753.67
920522.BJ,20260508,15360,58.22,894259.2,58.26,0.0118138,0.291728,13001.7
920523.BJ,20260508,7056,23.45,165463.2,23.6,0.00870686,0.481337,8103.95
920526.BJ,20260508,40708,24.92,1014443.36,25.03,0.0777353,0.958655,5236.75
920527.BJ,20260508,1251,17.61,22030.11,17.62,0.00344173,0.267751,3634.8
920533.BJ,20260508,14196,23.99,340562.04,24.0,0.0194101,1.01179,7313.71
920541.BJ,20260508,0,,0.0,12.4,0.0,0.0,9005.87
920547.BJ,20260508,1000,23.08,23080.0,23.08,0.00265123,0.181134,3771.84
920553.BJ,20260508,34396,9.05,311283.8,9.03,0.037792,2.38799,9101.38
920556.BJ,20260508,20597,9.33,192170.01,9.29,0.0175295,1.03164,11749.9
920564.BJ,20260508,8538,25.75,219853.5,25.75,0.0208291,0.440108,4099.07
920566.BJ,20260508,944,11.0,10384.0,10.99,0.000840257,0.0493562,11234.7
920570.BJ,20260508,9993,30.49,304686.57,30.69,0.041014,1.25114,2436.48
920571.BJ,20260508,230538,11.03,2542834.14,11.25,0.0815435,1.18302,28271.8
920575.BJ,20260508,133120,4.45,592384.0,4.49,0.0708693,1.14136,18783.9
920576.BJ,20260508,17629,75.0,1322175.0,75.95,0.0164942,0.467752,10688.0
920578.BJ,20260508,8789,19.1,167869.9,19.2,0.038213,1.24986,2300.0
920579.BJ,20260508,0,,0.0,18.22,0.0,0.0,4457.44
920580.BJ,20260508,18185,13.85,251862.25,13.9,0.0332067,1.21331,5476.31
920592.BJ,20260508,5220,33.1,172782.0,33.45,0.0103807,0.192889,5028.57
920593.BJ,20260508,24122,28.67,691577.74,28.66,0.014926,1.10769,16161.0
920599.BJ,20260508,11432,19.15,218922.8,19.18,0.00326093,0.346928,35057.4
920608.BJ,20260508,0,,0.0,16.6,0.0,0.0,4821.89
920627.BJ,20260508,4758,20.9,99442.2,21.04,0.0101629,0.189764,4681.75
920634.BJ,20260508,2194,21.53,47236.82,21.62,0.00541358,0.139681,4052.77
920639.BJ,20260508,1266,7.85,9938.1,7.91,0.00106607,0.0611073,11875.4
920640.BJ,20260508,23242,37.5,871575.0,37.92,0.012868,0.469448,18061.8
920641.BJ,20260508,16509,17.8,293860.2,17.99,0.0363461,1.03461,4542.16
920642.BJ,20260508,59426,12.52,744013.52,12.71,0.0594516,2.91896,9995.69
920651.BJ,20260508,1400,27.88,39032.0,28.1,0.00337615,0.15221,4146.74
920656.BJ,20260508,1400,16.22,22708.0,16.21,0.00432415,0.204069,3237.63
920662.BJ,20260508,27914,24.5,683893.0,24.93,0.103362,2.47459,2700.61
920663.BJ,20260508,1348,15.86,21379.28,15.91,0.00210373,0.152298,6407.65
920665.BJ,20260508,1844,11.11,20486.84,11.11,0.00287803,0.164055,6407.17
920670.BJ,20260508,13002,15.58,202571.16,15.45,0.0195127,0.542128,6663.36
920675.BJ,20260508,800,9.65,7720.0,9.66,0.00101243,0.054957,7901.79
920679.BJ,20260508,1000,18.6,18600.0,18.6,0.00268998,0.178014,3717.5
920682.BJ,20260508,17356,8.77,152212.12,8.87,0.00922346,0.551376,18817.2
920685.BJ,20260508,1411,12.8,18060.8,12.88,0.00256994,0.206595,5490.39
920689.BJ,20260508,5000,28.67,143350.0,28.81,0.013182,0.590228,3793.06
920690.BJ,20260508,4947,27.0,133569.0,27.0,0.0114782,0.560135,4309.91
920693.BJ,20260508,1581,31.21,49343.01,31.16,0.00431849,0.121871,3661.0
920694.BJ,20260508,4200,18.03,75726.0,17.85,0.00672103,0.539215,6249.04
920699.BJ,20260508,18279,44.0,804276.0,43.9,0.0875628,3.35556,2087.53
920701.BJ,20260508,495,15.14,7494.3,15.12,0.000493976,0.0535703,10020.7
920703.BJ,20260508,3695,12.04,44487.8,12.0,0.00484494,0.28801,7626.51
920706.BJ,20260508,85581,23.4,2002595.4,23.92,0.179521,4.75673,4767.19
920717.BJ,20260508,1580,9.27,14646.6,9.27,0.0035682,0.135633,4428.0
920718.BJ,20260508,3930,12.84,50461.2,13.03,0.00911618,0.37834,4311.01
920719.BJ,20260508,5500,11.19,61545.0,11.27,0.00751431,0.12426,7319.37
920720.BJ,20260508,3095,12.45,38532.75,12.43,0.00418146,0.216665,7401.72
920725.BJ,20260508,9769,32.7,319446.3,32.53,0.0235002,0.460332,4156.99
920726.BJ,20260508,6453,18.39,118670.67,18.53,0.011541,0.25407,5591.35
920729.BJ,20260508,0,,0.0,7.98,0.0,0.0,7682.5
920735.BJ,20260508,5433,28.5,154840.5,28.44,0.00476024,0.369676,11413.3
920748.BJ,20260508,1500,34.66,51990.0,34.69,0.00420568,0.213779,3566.6
920751.BJ,20260508,14000,25.2,352800.0,25.5,0.0168538,1.16503,8306.71
920753.BJ,20260508,0,,0.0,19.19,0.0,0.0,3238.15
920765.BJ,20260508,17108,15.48,264831.84,15.44,0.0323972,0.41857,5280.71
920768.BJ,20260508,200,12.42,2484.0,12.42,0.000261457,0.0103502,7649.43
920770.BJ,20260508,7250,15.28,110780.0,15.39,0.00885293,0.259697,8189.38
920779.BJ,20260508,1804,32.98,59495.92,33.37,0.00900505,0.175844,2003.32
920781.BJ,20260508,400,7.43,2972.0,7.43,0.0003917,0.0177398,10211.9
920786.BJ,20260508,10969,8.36,91700.84,8.35,0.00775488,0.246913,14144.6
920790.BJ,20260508,827,25.29,20914.83,25.29,0.00152148,0.0681995,5435.5
920792.BJ,20260508,11591,11.5,133296.5,11.57,0.0114055,1.28489,10162.6
920799.BJ,20260508,6343,36.22,229743.46,36.6,0.00528276,0.23145,12007.0
920802.BJ,20260508,22334,14.66,327416.44,15.2,0.101065,1.34913,2209.86
920806.BJ,20260508,5100,11.95,60945.0,11.93,0.00169584,0.271597,30073.7
920807.BJ,20260508,3000,11.75,35250.0,11.79,0.00242815,0.0899093,12355.1
920808.BJ,20260508,36056,83.69,3017526.64,85.05,0.0185309,1.01791,19457.2
920809.BJ,20260508,175817,9.31,1636856.27,9.25,0.038218,0.375991,46003.7
920810.BJ,20260508,794,11.35,9011.9,11.36,0.00127228,0.104749,6240.75
920819.BJ,20260508,9145,3.45,31550.25,3.45,0.000754771,0.175452,121162.0
920821.BJ,20260508,24276,23.38,567572.88,23.77,0.0333217,1.02164,7285.34
920826.BJ,20260508,9900,10.35,102465.0,10.36,0.0158465,0.589431,6247.45
920832.BJ,20260508,241,6.89,1660.49,6.87,0.000195392,0.0170931,12334.2
920833.BJ,20260508,3665,15.68,57467.2,15.5,0.00586783,0.316803,6245.92
920834.BJ,20260508,0,,0.0,11.86,0.0,0.0,6279.64
920837.BJ,20260508,500,13.58,6790.0,13.46,0.00036553,0.0384692,13678.8
920839.BJ,20260508,3287,32.42,106564.54,32.74,0.00505342,0.334837,6504.51
920855.BJ,20260508,0,,0.0,15.66,0.0,0.0,6703.69
920856.BJ,20260508,1600,12.45,19920.0,12.51,0.00301545,0.167774,5306.0
920857.BJ,20260508,8125,18.71,152018.75,18.79,0.0109787,0.327042,7400.72
920866.BJ,20260508,10715,7.63,81755.45,7.65,0.00938987,0.920548,11411.2
920870.BJ,20260508,66399,15.72,1043792.28,15.93,0.1006,3.52548,6600.29
920871.BJ,20260508,27500,13.19,362725.0,13.28,0.0584931,3.96626,4701.41
920873.BJ,20260508,137247,9.06,1243457.82,9.25,0.114557,0.872344,11980.6
920876.BJ,20260508,1115,23.2,25868.0,23.22,0.00284089,0.0991241,3924.82
920879.BJ,20260508,4405,17.69,77924.45,17.79,0.0029306,0.228334,15031.1
920885.BJ,20260508,8872,18.8,166793.6,18.9,0.0100245,0.307815,8850.32
920892.BJ,20260508,6618,15.1,99931.8,15.16,0.00438707,0.5253,15085.3
920895.BJ,20260508,0,,0.0,16.68,0.0,0.0,2873.69
920896.BJ,20260508,1400,17.21,24094.0,17.38,0.00316008,0.208855,4430.27
920906.BJ,20260508,3489,23.99,83701.11,23.75,0.01046,0.528111,3335.57
920914.BJ,20260508,4600,26.3,120980.0,26.37,0.00462222,0.171668,9951.92
920924.BJ,20260508,17091,21.08,360278.28,21.35,0.0261442,0.830263,6537.21
920925.BJ,20260508,12885,15.29,197011.65,15.23,0.0233023,0.65473,5529.51
920926.BJ,20260508,2300,14.4,33120.0,14.6,0.00286846,0.510031,8018.24
920931.BJ,20260508,4215,12.1,51001.5,12.05,0.0146477,0.849478,2877.58
920932.BJ,20260508,10755,15.3,164551.5,15.27,0.0123887,0.566548,8681.31
920942.BJ,20260508,885,25.5,22567.5,25.54,0.00213691,0.105406,4141.5
920943.BJ,20260508,900,17.51,15759.0,17.63,0.00173719,0.0588638,5180.78
920946.BJ,20260508,7906,10.35,81827.1,10.35,0.00185245,0.30758,42678.7
920950.BJ,20260508,3587,16.18,58037.66,16.11,0.010042,1.00308,3572.01
920953.BJ,20260508,12573,30.85,387877.05,30.2,0.020995,0.986195,5988.58
920957.BJ,20260508,7945,12.23,97167.35,12.21,0.0186045,0.225317,4270.47
920961.BJ,20260508,25144,20.27,509668.88,20.46,0.0241885,0.624551,10395.0
920964.BJ,20260508,100,6.06,606.0,6.06,6.77061e-05,0.0068583,14769.7
920970.BJ,20260508,18885,7.22,136349.7,7.23,0.0269511,0.561844,7007.13
920971.BJ,20260508,63595,29.4,1869693.0,29.92,0.0742041,2.20091,8570.28
920974.BJ,20260508,300,8.02,2406.0,8.04,0.000233551,0.00702201,12845.2
920976.BJ,20260508,5555,30.49,169371.95,30.28,0.0125908,0.392468,4411.96
920978.BJ,20260508,5821,26.29,153034.09,26.52,0.00576708,0.210251,10093.5
920981.BJ,20260508,120393,39.54,4760339.22,40.65,0.322686,1.99584,3730.96
920982.BJ,20260508,1790,184.89,330953.1,184.71,0.00326017,0.178317,5490.51
920985.BJ,20260508,67599,6.63,448181.37,6.67,0.0308224,2.15555,21931.8
920992.BJ,20260508,1700,15.3,26010.0,15.32,0.00346816,0.12779,4901.73
