ts_code,trade_date,vol,price,amount,pre_close,turnover_rate,volume_ratio,float_share
600000.SH,20260424,156900,9.53,1495257.0,9.54,0.000471089,0.225357,3330580.0
600004.SH,20260424,7500,8.83,66225.0,8.83,0.000316894,0.106578,236672.0
600006.SH,20260424,45000,6.3,283500.0,6.29,0.00225,0.361205,200000.0
600007.SH,20260424,7900,21.9,173010.0,21.73,0.000784288,0.35337,100728.0
600008.SH,20260424,100400,3.05,306220.0,3.06,0.00136774,0.174016,734059.0
600009.SH,20260424,14900,27.22,405578.0,27.22,0.000728151,0.239138,204628.0
600010.SH,20260424,4866300,2.76,13430988.0,2.77,0.0155073,0.534103,3138080.0
600011.SH,20260424,974900,7.0,6824300.0,6.99,0.00886457,0.827706,1099770.0
600012.SH,20260424,19600,16.1,315560.0,16.18,0.00168154,0.428467,116560.0
600015.SH,20260424,125600,7.19,903064.0,7.18,0.000816262,0.261459,1538720.0
600016.SH,20260424,372000,3.73,1387560.0,3.74,0.00104901,0.220037,3546210.0
600017.SH,20260424,1953000,3.02,5898060.0,3.0,0.0634987,7.39205,307565.0
600018.SH,20260424,118800,4.91,583308.0,4.92,0.00051104,0.246014,2324670.0
600019.SH,20260424,276100,6.39,1764279.0,6.38,0.00126756,0.267286,2178210.0
600020.SH,20260424,190500,3.78,720090.0,3.81,0.00847657,1.67722,224737.0
600021.SH,20260424,91700,17.75,1627675.0,17.88,0.00325035,0.257569,282124.0
600022.SH,20260424,803300,1.46,1172818.0,1.47,0.00750828,0.937602,1069880.0
600023.SH,20260424,306000,5.79,1771740.0,5.8,0.00228209,0.467297,1340870.0
600025.SH,20260424,141800,9.78,1386804.0,9.77,0.000761093,0.482362,1863110.0
600026.SH,20260424,137800,21.35,2942030.0,21.45,0.00360544,0.188786,382200.0
600027.SH,20260424,954000,4.9,4674600.0,4.89,0.0103519,0.816885,921568.0
600028.SH,20260424,2554900,5.43,13873107.0,5.45,0.00269639,1.03255,9475250.0
600029.SH,20260424,571200,5.59,3193008.0,5.62,0.00423834,0.422256,1347700.0
600030.SH,20260424,277000,26.37,7304490.0,26.48,0.00227486,0.232379,1217660.0
600031.SH,20260424,451400,19.5,8802300.0,19.6,0.00532664,0.696425,847439.0
600032.SH,20260424,1132800,11.57,13106496.0,12.04,0.0471082,0.971684,240468.0
600033.SH,20260424,68700,3.64,250068.0,3.64,0.00250328,0.309334,274440.0
600035.SH,20260424,143500,3.8,545300.0,3.8,0.0089124,1.62566,161012.0
600036.SH,20260424,221700,39.74,8810358.0,39.81,0.0010747,0.39593,2062890.0
600037.SH,20260424,29800,7.57,225586.0,7.59,0.00214115,0.29052,139178.0
600038.SH,20260424,7000,33.7,235900.0,33.71,0.00104644,0.143864,66893.5
600039.SH,20260424,40100,9.98,400198.0,10.04,0.000461153,0.207665,869559.0
600048.SH,20260424,411400,5.84,2402576.0,5.87,0.0034368,0.45256,1197040.0
600050.SH,20260424,707200,4.49,3175328.0,4.5,0.002282,0.33921,3099040.0
600051.SH,20260424,11400,7.35,83790.0,7.35,0.00366701,0.115995,31088.0
600052.SH,20260424,5284500,4.9,25894050.0,4.58,0.625981,15.1317,84419.5
600053.SH,20260424,7700,14.33,110341.0,14.33,0.00177607,0.168865,43354.1
600054.SH,20260424,47000,12.17,571990.0,12.17,0.00915644,0.469317,51330.0
600055.SH,20260424,1600,14.71,23536.0,14.71,0.000227576,0.0481299,70306.1
600056.SH,20260424,113720,10.37,1179276.0,10.43,0.0076049,0.440095,149535.0
600057.SH,20260424,660300,7.17,4734351.0,7.38,0.0315554,3.07017,209251.0
600058.SH,20260424,33200,11.16,370512.0,11.21,0.00309727,0.258703,107191.0
600059.SH,20260424,180400,9.02,1627208.0,9.0,0.0197906,2.49276,91154.2
600060.SH,20260424,34500,24.2,834900.0,24.34,0.0026535,0.285236,130017.0
600061.SH,20260424,54400,6.61,359584.0,6.62,0.0008508,0.137524,639399.0
600062.SH,20260424,30700,18.06,554442.0,18.05,0.00295697,0.412805,103823.0
600063.SH,20260424,49300,6.84,337212.0,6.89,0.00238267,0.128657,206911.0
600064.SH,20260424,218700,8.12,1775844.0,8.16,0.0126391,1.02712,173034.0
600066.SH,20260424,40600,36.79,1493674.0,36.97,0.00183384,0.211313,221394.0
600067.SH,20260424,163000,3.97,647110.0,3.95,0.0117126,0.718596,139167.0
600071.SH,20260424,15500,20.36,315580.0,20.53,0.00550477,0.231446,28157.4
600072.SH,20260424,213700,13.49,2882813.0,13.51,0.0197261,0.317486,108334.0
600073.SH,20260424,36500,5.81,212065.0,5.84,0.00389238,0.530681,93772.9
600075.SH,20260424,43100,6.37,274547.0,6.37,0.00252372,0.17492,170780.0
600076.SH,20260424,43800,3.31,144978.0,3.29,0.00325761,0.2525,134454.0
600078.SH,20260424,115300,12.54,1445862.0,12.72,0.0174019,0.410653,66257.3
600079.SH,20260424,51500,18.49,952235.0,18.51,0.00333727,0.586793,154318.0
600080.SH,20260424,2200,7.9,17380.0,7.93,0.000589385,0.0316575,37327.0
600081.SH,20260424,11000,10.61,116710.0,10.66,0.00198906,0.424608,55302.6
600082.SH,20260424,140900,2.92,411428.0,2.93,0.0222122,0.29948,63433.5
600084.SH,20260424,7500,6.49,48675.0,6.52,0.000667422,0.126174,112373.0
600085.SH,20260424,10600,27.64,292984.0,27.69,0.000772893,0.245261,137147.0
600088.SH,20260424,8800,14.06,123728.0,14.16,0.00221269,0.279981,39770.6
600089.SH,20260424,636600,27.5,17506500.0,27.68,0.012599,0.395456,505279.0
600094.SH,20260424,160200,4.83,773766.0,4.83,0.00753446,0.545126,212623.0
600095.SH,20260424,49176,9.3,457337.0,9.34,0.00171993,0.217304,285919.0
600096.SH,20260424,207800,33.8,7023640.0,34.0,0.0113989,0.353601,182299.0
600097.SH,20260424,15200,10.71,162792.0,10.76,0.00630871,0.548305,24093.7
600098.SH,20260424,236100,7.22,1704642.0,7.22,0.00673443,0.8378,350586.0
600099.SH,20260424,6000,11.26,67560.0,11.26,0.00273823,0.167945,21912.0
600100.SH,20260424,147100,8.57,1260647.0,8.59,0.00439065,0.331615,335030.0
600101.SH,20260424,124000,9.87,1223880.0,9.97,0.0226334,0.422883,54786.2
600103.SH,20260424,8800800,5.09,44796072.0,5.14,0.397807,1.55296,221233.0
600104.SH,20260424,140900,13.86,1952874.0,13.89,0.00122572,0.342648,1149530.0
600105.SH,20260424,1612400,48.5,78201400.0,48.5,0.110288,0.98652,146199.0
600106.SH,20260424,336500,6.05,2035825.0,6.11,0.0253193,1.59273,132902.0
600107.SH,20260424,7800,5.69,44382.0,5.7,0.00216667,0.152598,36000.0
600108.SH,20260424,372500,4.29,1598025.0,4.32,0.0191328,0.367498,194692.0
600109.SH,20260424,994200,8.62,8570004.0,8.55,0.0268314,5.13913,370536.0
600110.SH,20260424,3374300,8.94,30166242.0,9.27,0.194464,1.71824,173518.0
600111.SH,20260424,596700,47.0,28044900.0,47.16,0.0165059,0.520304,361507.0
600113.SH,20260424,11500,46.01,529115.0,45.97,0.00279512,0.265843,41143.1
600114.SH,20260424,45300,32.79,1485387.0,32.86,0.00734932,0.258023,61638.3
600115.SH,20260424,879600,4.41,3879036.0,4.46,0.00516653,0.408657,1702500.0
600116.SH,20260424,150000,6.65,997500.0,6.7,0.0078446,0.442618,191214.0
600117.SH,20260424,9300,2.59,24087.0,2.6,0.000285704,0.0691798,325512.0
600118.SH,20260424,433000,99.96,43282680.0,102.0,0.0366177,0.498445,118249.0
600119.SH,20260424,92100,5.9,543390.0,5.9,0.0252142,1.21472,36527.0
600120.SH,20260424,822800,5.68,4673504.0,5.76,0.024091,1.58049,341538.0
600121.SH,20260424,206400,4.17,860688.0,4.18,0.0169401,0.566672,121841.0
600123.SH,20260424,1619300,6.4,10363520.0,6.6,0.109914,5.82755,147324.0
600125.SH,20260424,58100,6.11,354991.0,6.11,0.00445033,0.258616,130552.0
600126.SH,20260424,3049471,10.39,31684004.0,10.43,0.0902961,1.37185,337719.0
600127.SH,20260424,159700,6.87,1097139.0,6.91,0.0248838,0.513227,64178.3
600128.SH,20260424,27000,10.41,281070.0,10.5,0.0109415,0.660477,24676.8
600129.SH,20260424,49300,15.84,780912.0,15.96,0.00894058,0.993045,55141.8
600130.SH,20260424,117400,4.62,542388.0,4.61,0.0156533,0.814587,75000.0
600131.SH,20260424,45600,18.49,843144.0,18.5,0.00381301,0.298504,119591.0
600132.SH,20260424,30400,53.26,1619104.0,53.26,0.00628137,0.973511,48397.1
600133.SH,20260424,289200,8.93,2582556.0,9.05,0.0271234,0.906446,106624.0
600135.SH,20260424,84600,10.82,915372.0,10.77,0.0152899,0.297671,55330.7
600136.SH,20260424,696600,1.78,1239948.0,1.79,0.0358501,2.61138,194309.0
600137.SH,20260424,22300,22.59,503757.0,22.79,0.0229382,0.515137,9721.76
600138.SH,20260424,22502,9.09999,204768.0,9.14,0.0031087,0.30448,72384.0
600141.SH,20260424,180900,32.5,5879250.0,32.72,0.0150532,0.679184,120174.0
600143.SH,20260424,161200,16.93,2729116.0,16.86,0.00611805,0.300349,263483.0
600148.SH,20260424,31200,18.02,562224.0,17.83,0.0220469,2.15473,14151.6
600149.SH,20260424,282200,6.23,1758106.0,6.26,0.0742319,0.964039,38016.0
600150.SH,20260424,1331900,38.6,51411340.0,38.6,0.0176982,0.917995,752562.0
600151.SH,20260424,718600,15.25,10958650.0,15.33,0.0501028,0.666164,143425.0
600152.SH,20260424,1135500,11.79,13387545.0,11.78,0.214618,0.957439,52907.9
600153.SH,20260424,130000,8.96,1164800.0,8.92,0.00448347,0.895745,289954.0
600155.SH,20260424,65600,6.25,410000.0,6.25,0.00296358,0.356144,221354.0
600156.SH,20260424,781000,9.69,7567890.0,9.84,0.194225,1.04105,40211.1
600157.SH,20260424,3769600,1.7,6408320.0,1.71,0.0172777,0.645414,2181780.0
600158.SH,20260424,326601,10.61,3465237.0,10.66,0.0340382,0.523942,95951.3
600159.SH,20260424,155200,2.94,456288.0,2.95,0.0186987,0.653292,83000.3
600160.SH,20260424,100700,33.67,3390569.0,33.61,0.00372998,0.297419,269975.0
600161.SH,20260424,26164,14.83,388012.0,14.9,0.00132317,0.394707,197737.0
600162.SH,20260424,166400,1.75,291200.0,1.75,0.00509112,0.576325,326844.0
600163.SH,20260424,739900,6.51,4816749.0,6.68,0.0388808,1.20574,190300.0
600165.SH,20260424,464600,3.5,1626100.0,3.57,0.0633908,9.1575,73291.4
600166.SH,20260424,7488100,3.76,28155256.0,3.74,0.0945778,2.166,791740.0
600167.SH,20260424,12800,6.69,85632.0,6.75,0.000565661,0.0955458,226284.0
600168.SH,20260424,31500,5.0,157500.0,5.02,0.00317094,0.422139,99339.8
600169.SH,20260424,44400,2.38,105672.0,2.38,0.00133208,0.302614,333314.0
600170.SH,20260424,828700,2.69,2229203.0,2.7,0.00932597,0.715738,888594.0
600171.SH,20260424,157600,28.67,4518392.0,28.22,0.0222309,1.28327,70892.3
600172.SH,20260424,961500,8.5,8172750.0,8.55,0.0753376,0.705437,127626.0
600173.SH,20260424,75800,7.4,560920.0,7.5,0.0108221,0.180431,70041.6
600176.SH,20260424,2077000,33.5,69579500.0,33.52,0.0518843,1.43439,400314.0
600177.SH,20260424,30400,7.5,228000.0,7.49,0.000657519,0.158711,462344.0
600178.SH,20260424,11800,11.34,133812.0,11.32,0.0025296,0.37138,46647.6
600179.SH,20260424,101200,4.38,443256.0,4.4,0.00262022,0.246592,386228.0
600180.SH,20260424,453200,3.09,1400388.0,3.2,0.041707,3.89116,108663.0
600182.SH,20260424,5900,14.65,86435.0,14.65,0.00347059,0.323678,17000.0
600183.SH,20260424,361000,74.2,26786200.0,74.95,0.0150762,0.551543,239450.0
600184.SH,20260424,756100,24.99,18894939.0,25.17,0.129752,1.5387,58272.7
600185.SH,20260424,27900,5.83,162657.0,5.86,0.0014801,0.109197,188501.0
600186.SH,20260424,8046200,9.58,77082596.0,9.45,0.449725,3.17728,178914.0
600187.SH,20260424,322600,1.7,548420.0,1.72,0.0199903,0.929278,161378.0
600188.SH,20260424,207830,20.63,4287533.0,20.63,0.00348629,0.357575,596135.0
600189.SH,20260424,21600,8.11,175176.0,8.18,0.00302014,0.188372,71519.8
600191.SH,20260424,14800,13.22,195656.0,13.25,0.00305197,0.145356,48493.2
600192.SH,20260424,72000,8.1,583200.0,8.15,0.0162989,1.19303,44174.8
600193.SH,20260424,109500,2.28,249660.0,2.4,0.0257421,2.40646,42537.3
600195.SH,20260424,59400,7.68,456192.0,7.7,0.00581698,0.356985,102115.0
600196.SH,20260424,96301,25.66,2471084.0,25.57,0.00454574,0.585802,211849.0
600197.SH,20260424,124400,12.12,1507728.0,12.01,0.0262905,4.00932,47317.5
600198.SH,20260424,38800,8.08,313504.0,8.12,0.00298015,0.234469,130195.0
600199.SH,20260424,125900,8.18,1029862.0,8.23,0.0191396,1.40889,65779.7
600201.SH,20260424,21300,14.02,298626.0,14.08,0.0019159,0.111378,111175.0
600202.SH,20260424,243600,5.95,1449420.0,5.95,0.0635466,3.6519,38334.1
600203.SH,20260424,185500,11.74,2177770.0,11.8,0.0312822,0.757839,59298.8
600206.SH,20260424,610800,25.73,15715884.0,25.95,0.0721514,0.671561,84655.3
600207.SH,20260424,69400,5.7,395580.0,5.79,0.00637099,0.183912,108931.0
600208.SH,20260424,3585500,4.3,15417650.0,4.3,0.0421428,1.21759,850798.0
600210.SH,20260424,38100,6.96,265176.0,7.0,0.00251197,0.22521,151674.0
600211.SH,20260424,2600,40.92,106392.0,40.99,0.000806654,0.127698,32231.9
600212.SH,20260424,15900,7.74,123066.0,7.74,0.00299333,0.0676474,53118.0
600215.SH,20260424,39700,6.6,262020.0,6.64,0.00868932,0.393058,45688.3
600216.SH,20260424,440500,14.79,6514995.0,14.65,0.0463007,2.26267,95138.9
600217.SH,20260424,13800,3.72,51336.0,3.73,0.000832502,0.146385,165765.0
600218.SH,20260424,2400,9.48,22752.0,9.48,0.000550964,0.0334443,43560.0
600219.SH,20260424,1544000,5.93,9155920.0,6.02,0.0134451,0.836518,1148370.0
600221.SH,20260424,974132,1.44,1402750.0,1.45,0.00227359,0.34224,4284550.0
600222.SH,20260424,15800,7.02,110916.0,7.06,0.00275316,0.110414,57388.6
600223.SH,20260424,8400,6.65,55860.0,6.68,0.000826309,0.161409,101657.0
600226.SH,20260424,240100,5.15,1236515.0,5.16,0.00807227,0.435694,297438.0
600227.SH,20260424,2522400,3.58,9030192.0,3.68,0.197433,1.63981,127760.0
600228.SH,20260424,68900,6.11,420979.0,6.21,0.016561,0.741311,41603.7
600229.SH,20260424,51200,5.98,306176.0,5.95,0.00774927,1.9636,66070.8
600230.SH,20260424,75300,18.85,1419405.0,19.23,0.0181901,0.708208,41396.1
600231.SH,20260424,488100,2.12,1034772.0,2.12,0.0172085,2.74371,283638.0
600232.SH,20260424,43800,8.48,371424.0,8.57,0.0120093,0.282773,36471.9
600233.SH,20260424,221600,22.38,4959408.0,22.38,0.00647441,0.757785,342271.0
600234.SH,20260424,403300,23.49,9473517.0,23.55,0.153626,2.48995,26252.1
600235.SH,20260424,200000,6.63,1326000.0,6.71,0.0569314,3.56218,35130.0
600236.SH,20260424,71400,10.04,716856.0,10.15,0.000905818,0.275015,788238.0
600237.SH,20260424,46300,9.15,423645.0,9.2,0.00741256,0.199904,62461.6
600238.SH,20260424,52300,4.76,248948.0,4.77,0.0117456,0.616497,44527.2
600239.SH,20260424,178700,2.0,357400.0,2.0,0.0111292,0.869969,160569.0
600241.SH,20260424,63400,9.34,592156.0,9.46,0.0215425,0.650103,29430.2
600243.SH,20260424,279200,3.51,979992.0,3.69,0.0636208,4.23897,43885.0
600246.SH,20260424,345920,10.0,3459200.0,10.03,0.0182987,0.622571,189041.0
600248.SH,20260424,38600,3.43,132398.0,3.44,0.00104163,0.352634,370574.0
600249.SH,20260424,41400,5.91,244674.0,5.93,0.00752727,0.259691,55000.0
600250.SH,20260424,73400,11.14,817676.0,11.22,0.0234661,0.346836,31279.1
600251.SH,20260424,67800,11.78,798684.0,11.9,0.00872594,0.349512,77699.4
600252.SH,20260424,168600,2.47,416442.0,2.48,0.00529495,0.517038,318416.0
600255.SH,20260424,104400,3.56,371664.0,3.58,0.00578026,0.223559,180615.0
600256.SH,20260424,16911100,6.05,102312155.0,6.59,0.264567,9.22342,639200.0
600257.SH,20260424,14100,6.2,87420.0,6.25,0.00292995,0.0857099,48123.7
600258.SH,20260424,52100,15.15,789315.0,15.23,0.00466594,0.292448,111660.0
600259.SH,20260424,192400,90.21,17356404.0,94.5,0.0571877,1.23504,33643.6
600261.SH,20260424,372800,4.02,1498656.0,4.02,0.027924,0.660467,133505.0
600262.SH,20260424,29900,23.78,711022.0,23.9,0.0175882,0.298099,17000.0
600266.SH,20260424,50300,4.79,240937.0,4.79,0.00242323,0.110983,207574.0
600267.SH,20260424,87400,11.24,982376.0,11.24,0.00729086,0.218394,119876.0
600268.SH,20260424,130000,15.49,2013700.0,15.67,0.0128607,0.318914,101083.0
600269.SH,20260424,74000,4.45,329300.0,4.45,0.00316861,0.52293,233541.0
600271.SH,20260424,25100,8.41,211091.0,8.43,0.00135464,0.131511,185288.0
600272.SH,20260424,2000,12.18,24360.0,12.15,0.00125,0.092098,16000.0
600273.SH,20260424,42600,8.96,381696.0,8.98,0.00324866,0.296534,131131.0
600276.SH,20260424,366000,56.5,20679000.0,56.4,0.00573757,0.612896,637900.0
600278.SH,20260424,3900,7.21,28119.0,7.21,0.000447291,0.0664401,87191.6
600279.SH,20260424,17100,4.78,81738.0,4.8,0.00144077,0.304054,118687.0
600280.SH,20260424,155300,2.94,456582.0,2.98,0.0137636,0.75577,112833.0
600281.SH,20260424,5900,5.49,32391.0,5.46,0.00114696,0.067488,51440.2
600282.SH,20260424,175800,5.26,924708.0,5.3,0.00285154,0.476914,616509.0
600283.SH,20260424,8100,9.24,74844.0,9.25,0.00148851,0.183418,54416.7
600284.SH,20260424,76400,7.36,562304.0,7.43,0.00787421,0.344224,97025.6
600285.SH,20260424,19100,21.48,410268.0,21.44,0.00337536,0.300978,56586.5
600287.SH,20260424,53000,5.49,290970.0,5.54,0.0121338,0.930631,43679.6
600288.SH,20260424,7300,15.01,109573.0,15.01,0.00167125,0.0619507,43680.0
600289.SH,20260424,577500,6.23,3597825.0,6.56,0.102046,6.39006,56592.3
600292.SH,20260424,133500,15.92,2125320.0,15.81,0.0170975,0.700953,78081.7
600293.SH,20260424,124300,3.11,386573.0,3.13,0.0107142,0.551568,116015.0
600295.SH,20260424,15300,15.38,235314.0,15.41,0.000774458,0.154813,197558.0
600298.SH,20260424,36800,39.35,1448080.0,39.5,0.0042933,0.668595,85715.0
600299.SH,20260424,21500,14.15,304225.0,14.09,0.00080167,0.103216,268190.0
600300.SH,20260424,48400,3.52,170368.0,3.53,0.00299293,0.133423,161714.0
600301.SH,20260424,95700,53.01,5073057.0,54.05,0.0347576,0.499015,27533.6
600302.SH,20260424,25700,10.5,269850.0,10.63,0.00742754,0.215125,34601.0
600303.SH,20260424,187500,3.07,575625.0,3.09,0.0277529,0.903864,67560.4
600305.SH,20260424,90200,7.46,672892.0,7.46,0.00817778,1.55215,110299.0
600307.SH,20260424,119300,1.76,209968.0,1.77,0.00190473,0.173825,626336.0
600308.SH,20260424,162500,4.0,650000.0,3.99,0.0107128,0.479815,151687.0
600309.SH,20260424,86600,88.1,7629460.0,87.65,0.00276636,0.250754,313047.0
600310.SH,20260424,5163700,5.29,27315973.0,5.28,0.3523,3.19525,146571.0
600312.SH,20260424,124900,21.7,2710330.0,21.78,0.00920466,0.382642,135692.0
600313.SH,20260424,70900,7.25,514025.0,7.3,0.00655148,0.171674,108220.0
600315.SH,20260424,14400,20.1,289440.0,20.16,0.00214214,0.332831,67222.6
600316.SH,20260424,58200,41.39,2408898.0,41.29,0.00811586,0.466685,71711.5
600318.SH,20260424,25200,7.66,193032.0,7.69,0.00491489,0.241063,51272.8
600319.SH,20260424,20300,7.31,148393.0,7.38,0.00523588,0.420916,38770.9
600320.SH,20260424,74500,5.09,379205.0,5.1,0.00224263,0.200931,332200.0
600322.SH,20260424,64600,2.37,153102.0,2.36,0.00584245,0.412718,110570.0
600325.SH,20260424,45800,3.52,161216.0,3.52,0.00166415,0.149953,275215.0
600326.SH,20260424,59300,9.15,542595.0,9.16,0.00435241,0.36016,136246.0
600327.SH,20260424,21600,3.69,79704.0,3.7,0.00244129,0.164835,88478.0
600328.SH,20260424,42800,8.66,370648.0,8.72,0.00291889,0.119176,146631.0
600329.SH,20260424,9500,40.34,383230.0,40.36,0.00167522,0.42746,56708.9
600330.SH,20260424,3900500,25.31,98721655.0,25.6,0.316231,2.04553,123343.0
600331.SH,20260424,266800,16.95,4522260.0,16.93,0.0131299,0.486515,203200.0
600332.SH,20260424,18300,22.68,415044.0,22.68,0.00130167,0.257957,140589.0
600333.SH,20260424,252600,5.46,1379196.0,5.35,0.0414757,2.83145,60903.1
600335.SH,20260424,193700,5.93,1148641.0,6.0,0.0129497,2.38773,149579.0
600336.SH,20260424,16700,7.06,117902.0,7.06,0.00209269,0.21138,79801.5
600337.SH,20260424,347400,3.15,1094310.0,3.16,0.0241754,0.496277,143700.0
600338.SH,20260424,2383074,19.28,45945667.0,20.52,0.26067,2.89848,91421.0
600339.SH,20260424,748500,3.94,2949090.0,3.95,0.0134064,0.715153,558315.0
600340.SH,20260424,744300,1.28,952704.0,1.3,0.0191172,0.78604,389336.0
600343.SH,20260424,144500,36.1,5216450.0,36.38,0.0226416,0.223837,63820.6
600345.SH,20260424,111700,51.3,5730210.0,51.81,0.0527984,0.457588,21155.9
600346.SH,20260424,30900,23.92,739128.0,24.12,0.000438977,0.0890623,703910.0
600348.SH,20260424,256800,9.92,2547456.0,10.03,0.0071185,0.406528,360750.0
600350.SH,20260424,8900,10.95,97455.0,10.95,0.000184091,0.177696,483457.0
600351.SH,20260424,44100,6.42,283122.0,6.42,0.00637283,0.268809,69200.0
600352.SH,20260424,97300,12.86,1251278.0,12.97,0.00299078,0.250405,325333.0
600353.SH,20260424,256300,17.2,4408360.0,17.1,0.0309238,0.768203,82881.1
600354.SH,20260424,61500,6.11,375765.0,6.16,0.0116521,0.348014,52780.2
600356.SH,20260424,23800,9.51,226338.0,9.55,0.00796702,0.206553,29873.1
600358.SH,20260424,21400,5.96,127544.0,5.97,0.00423816,0.121844,50493.7
600359.SH,20260424,31500,7.05,222075.0,7.08,0.0082566,0.408886,38151.3
600360.SH,20260424,74700,9.87,737289.0,9.84,0.00777886,0.223939,96029.5
600361.SH,20260424,169400,4.49,760606.0,4.51,0.00453831,0.235725,373266.0
600362.SH,20260424,142600,44.26,6311476.0,44.66,0.00687147,0.403595,207525.0
600363.SH,20260424,13900,52.5,729750.0,52.83,0.0030828,0.17835,45088.8
600365.SH,20260424,0,,0.0,3.08,0.0,0.0,42728.0
600366.SH,20260424,220300,12.7,2797810.0,12.87,0.0200447,0.973477,109904.0
600367.SH,20260424,288000,22.56,6497280.0,22.46,0.0894484,0.679808,32197.3
600368.SH,20260424,22101,3.82001,84426.0,3.82,0.00137303,0.211368,160965.0
600369.SH,20260424,84200,4.15,349430.0,4.16,0.0012671,0.335431,664511.0
600370.SH,20260424,204300,2.4,490320.0,2.4,0.00508433,0.415074,401823.0
600371.SH,20260424,12100,8.51,102971.0,8.58,0.00413565,0.263951,29257.8
600372.SH,20260424,145300,13.09,1901977.0,13.13,0.00300275,0.416712,483890.0
600373.SH,20260424,146400,8.24,1206336.0,8.21,0.0108657,1.52765,134736.0
600375.SH,20260424,27300,5.14,140322.0,5.16,0.00186643,0.171112,146269.0
600376.SH,20260424,71800,4.44,318792.0,4.45,0.00278341,0.146755,257957.0
600377.SH,20260424,53400,12.24,653616.0,12.2,0.00140446,0.62932,380218.0
600378.SH,20260424,193000,34.3,6619900.0,34.16,0.0179942,1.44523,107257.0
600379.SH,20260424,217800,12.09,2633202.0,12.22,0.0659597,2.70955,33020.2
600380.SH,20260424,98400,10.81,1063704.0,10.9,0.00537866,0.977814,182945.0
600381.SH,20260424,300300,3.42,1027026.0,3.41,0.0511531,2.5686,58706.1
600382.SH,20260424,85600,8.78,751568.0,8.81,0.012327,0.279476,69440.8
600383.SH,20260424,308600,2.7,833220.0,2.7,0.00683563,0.578528,451458.0
600386.SH,20260424,6400,4.0,25600.0,4.01,0.000793651,0.0677252,80640.0
600388.SH,20260424,29300,18.92,554356.0,19.03,0.002307,0.16709,127005.0
600389.SH,20260424,20100,29.73,597573.0,29.76,0.00466736,0.177068,43065.0
600390.SH,20260424,56800,5.22,296496.0,5.23,0.00126277,0.235853,449807.0
600391.SH,20260424,51300,40.52,2078676.0,40.7,0.0155394,0.268622,33012.9
600392.SH,20260424,611620,24.98,15278268.0,24.96,0.0348934,0.651559,175283.0
600395.SH,20260424,200817,5.84,1172771.0,5.84,0.00935501,0.77793,214662.0
600396.SH,20260424,9680110,9.65,93413062.0,9.83,0.657301,3.30724,147271.0
600397.SH,20260424,211200,14.5,3062400.0,14.63,0.0213342,0.398027,98996.0
600398.SH,20260424,133500,6.35,847725.0,6.36,0.00277965,0.394236,480277.0
600399.SH,20260424,56500,5.83,329395.0,5.86,0.00286497,0.149835,197210.0
600400.SH,20260424,364600,2.13,776598.0,2.16,0.0159119,0.804433,229137.0
600403.SH,20260424,81400,5.85,476190.0,5.86,0.0034047,0.434257,239081.0
600405.SH,20260424,29300,5.05,147965.0,5.08,0.00480234,0.277529,61011.9
600406.SH,20260424,479200,26.83,12856936.0,26.95,0.00598388,0.547241,800818.0
600408.SH,20260424,180300,3.16,569748.0,3.15,0.0179082,0.520372,100680.0
600409.SH,20260424,88600,7.3,646780.0,7.35,0.00429191,0.194867,206435.0
600410.SH,20260424,527342,27.12,14301515.0,27.52,0.0480934,0.279591,109649.0
600415.SH,20260424,4945500,13.5,66764250.0,13.63,0.0901878,3.93371,548356.0
600416.SH,20260424,102300,12.59,1287957.0,12.65,0.00693192,0.427521,147578.0
600418.SH,20260424,54500,45.24,2465580.0,45.41,0.00249541,0.168474,218401.0
600419.SH,20260424,111700,9.4,1049980.0,9.32,0.0354028,1.70751,31551.2
600420.SH,20260424,9100,9.75,88725.0,9.77,0.000678511,0.118022,134117.0
600421.SH,20260424,10300,4.76,49028.0,5.01,0.00526585,0.342309,19560.0
600422.SH,20260424,30500,11.01,335805.0,11.08,0.00402919,0.661177,75697.6
600423.SH,20260424,958000,2.77,2653660.0,2.81,0.119946,2.06909,79869.5
600425.SH,20260424,135700,4.08,553656.0,4.09,0.00845639,0.73771,160470.0
600426.SH,20260424,36500,36.48,1331520.0,36.33,0.00171934,0.140653,212291.0
600428.SH,20260424,67900,9.0,611100.0,9.06,0.00277677,0.243563,244529.0
600429.SH,20260424,289900,5.57,1614743.0,5.65,0.0193582,2.20044,149756.0
600433.SH,20260424,10912400,4.31,47032444.0,3.92,0.623466,13.0846,175028.0
600435.SH,20260424,44300,14.98,663614.0,14.96,0.0029292,0.174644,151236.0
600436.SH,20260424,6152,142.0,873584.0,142.43,0.0010197,0.213663,60331.7
600438.SH,20260424,541600,18.1,9802960.0,18.33,0.0120302,0.738007,450199.0
600439.SH,20260424,122820,2.44,299681.0,2.45,0.01085,0.775419,113199.0
600444.SH,20260424,7700,17.69,136213.0,17.78,0.00525877,0.311655,14642.2
600446.SH,20260424,834500,13.46,11232370.0,13.59,0.0886571,2.72668,94126.8
600448.SH,20260424,139000,3.2,444800.0,3.22,0.0220698,0.535342,62982.0
600449.SH,20260424,8600,12.71,109306.0,12.83,0.00179848,0.195892,47818.1
600452.SH,20260424,69000,11.94,823860.0,12.05,0.0044906,0.179694,153654.0
600455.SH,20260424,6300,25.2,158760.0,25.27,0.0100868,0.482179,6245.8
600456.SH,20260424,45200,35.0,1582000.0,35.2,0.00946047,0.400026,47777.8
600458.SH,20260424,120600,11.89,1433934.0,11.95,0.0139877,1.07047,86218.7
600459.SH,20260424,69700,21.16,1474852.0,21.5,0.0091746,0.301778,75970.6
600460.SH,20260424,119300,27.47,3277171.0,27.36,0.00716916,0.417771,166407.0
600461.SH,20260424,14500,10.22,148190.0,10.22,0.00112915,0.157432,128416.0
600463.SH,20260424,27500,9.98,274450.0,10.0,0.00916667,1.07113,30000.0
600467.SH,20260424,257600,2.35,605360.0,2.36,0.0176318,1.02747,146099.0
600468.SH,20260424,54300,8.01,434943.0,8.1,0.00499202,0.132188,108774.0
600469.SH,20260424,29200,7.0,204400.0,7.01,0.00400301,0.210686,72945.1
600470.SH,20260424,124300,6.8,845240.0,6.84,0.0238305,0.486452,52160.0
600475.SH,20260424,59000,17.88,1054920.0,17.71,0.00625739,0.511218,94288.6
600476.SH,20260424,26800,10.61,284348.0,10.66,0.0166387,0.471787,16107.0
600477.SH,20260424,79000,3.01,237790.0,3.03,0.00334892,0.170155,235897.0
600478.SH,20260424,73300,7.47,547551.0,7.53,0.00440097,0.163741,166554.0
600479.SH,20260424,20400,10.48,213792.0,10.5,0.00487447,0.342362,41850.7
600480.SH,20260424,111200,10.71,1190952.0,10.75,0.00916815,0.223166,121290.0
600481.SH,20260424,372800,6.36,2371008.0,6.4,0.0180604,0.640309,206418.0
600482.SH,20260424,717600,43.06,30899856.0,42.26,0.0316368,1.45707,226825.0
600483.SH,20260424,298100,10.0,2981000.0,10.0,0.0107225,1.01564,278014.0
600486.SH,20260424,18600,71.42,1328412.0,70.99,0.00460409,0.270489,40398.9
600487.SH,20260424,2243459,68.0,152555212.0,69.52,0.0917502,1.02382,244518.0
600488.SH,20260424,2882500,6.43,18534475.0,6.74,0.263993,1.8225,109189.0
600489.SH,20260424,434600,25.62,11134452.0,25.83,0.00896579,0.833902,484731.0
600490.SH,20260424,239200,8.65,2069080.0,8.69,0.0120043,0.419643,199262.0
600491.SH,20260424,432500,2.01,869325.0,2.01,0.0282724,0.537955,152976.0
600493.SH,20260424,95700,6.93,663201.0,7.03,0.0351838,1.06204,27200.0
600495.SH,20260424,20100,4.4,88440.0,4.4,0.00166364,0.0995534,120819.0
600496.SH,20260424,323600,3.95,1278220.0,3.96,0.0162603,0.425171,199013.0
600497.SH,20260424,795300,9.02,7173606.0,9.11,0.0157786,0.436356,504038.0
600498.SH,20260424,668400,54.45,36394380.0,55.01,0.0525628,0.617034,127162.0
600499.SH,20260424,1129800,18.7,21127260.0,18.01,0.0589095,4.71714,191786.0
600500.SH,20260424,78500,4.25,333625.0,4.26,0.00218766,0.256817,358831.0
600501.SH,20260424,22200,23.22,515484.0,23.39,0.00518905,0.236659,42782.4
600502.SH,20260424,395700,5.93,2346501.0,5.99,0.0230523,0.86312,171653.0
600503.SH,20260424,75900,2.25,170775.0,2.26,0.00473697,0.302022,160229.0
600505.SH,20260424,44800,13.37,598976.0,13.5,0.0122885,0.376781,36456.8
600506.SH,20260424,22600,20.7,467820.0,20.53,0.0117697,0.582919,19201.9
600507.SH,20260424,126400,6.1,771040.0,6.1,0.00546432,0.236167,231319.0
600508.SH,20260424,51100,13.35,682185.0,13.38,0.00707053,0.68287,72271.8
600509.SH,20260424,173800,8.25,1433850.0,8.33,0.0126455,0.498238,137440.0
600510.SH,20260424,170000,11.2,1904000.0,11.19,0.0164725,0.579576,103203.0
600511.SH,20260424,36600,28.79,1053714.0,28.83,0.0066143,0.648031,55334.6
600512.SH,20260424,90900,2.45,222705.0,2.46,0.00572633,0.222036,158741.0
600513.SH,20260424,56000,20.16,1128960.0,20.31,0.0196177,0.314097,28545.6
600515.SH,20260424,347800,3.42,1189476.0,3.41,0.00379032,0.365227,917601.0
600516.SH,20260424,141200,5.44,768128.0,5.44,0.00350723,0.242369,402597.0
600517.SH,20260424,58400,6.43,375512.0,6.41,0.00102126,0.255063,571844.0
600518.SH,20260424,719900,1.72,1238228.0,1.72,0.00520823,0.580286,1382240.0
600519.SH,20260424,44240,1413.1,62515544.0,1419.0,0.00353278,1.00707,125227.0
600520.SH,20260424,35200,28.47,1002144.0,28.81,0.022218,0.21183,15843.0
600521.SH,20260424,80000,16.04,1283200.0,16.14,0.00534312,0.268242,149725.0
600522.SH,20260424,1969400,34.0,66959600.0,34.07,0.0577038,0.720224,341295.0
600523.SH,20260424,2400,13.86,33264.0,13.89,0.000593994,0.0704161,40404.5
600525.SH,20260424,200,5.22,1044.0,5.21,1.51655e-05,0.00139052,131878.0
600526.SH,20260424,77800,5.33,414674.0,5.37,0.00891173,0.641132,87300.7
600527.SH,20260424,521400,2.48,1293072.0,2.5,0.0301081,0.413541,173176.0
600528.SH,20260424,41300,7.87,325031.0,7.87,0.00185906,0.247027,222155.0
600529.SH,20260424,9700,19.1,185270.0,19.11,0.00146169,0.159674,66361.4
600530.SH,20260424,32300,5.1,164730.0,5.14,0.00416817,0.324746,77492.0
600531.SH,20260424,721700,15.3,11042010.0,15.59,0.059681,0.659755,120926.0
600533.SH,20260424,295900,2.36,698324.0,2.38,0.028181,1.82254,105000.0
600535.SH,20260424,33100,14.13,467703.0,14.15,0.0022156,0.53946,149395.0
600536.SH,20260424,63400,37.38,2369892.0,37.55,0.00751491,0.580665,84365.6
600537.SH,20260424,475900,3.37,1603783.0,3.38,0.0402039,0.279488,118372.0
600538.SH,20260424,98500,6.81,670785.0,6.87,0.0187906,0.480997,52419.8
600539.SH,20260424,186900,15.83,2958627.0,16.12,0.0812609,1.02446,23000.0
600540.SH,20260424,126700,4.87,617029.0,4.88,0.0217931,0.786803,58137.7
600545.SH,20260424,225400,4.28,964712.0,4.31,0.0126069,0.197546,178791.0
600546.SH,20260424,507900,12.5,6348750.0,12.72,0.0256197,1.51854,198246.0
600547.SH,20260424,284200,35.65,10131730.0,35.84,0.0078629,0.552025,361444.0
600548.SH,20260424,4300,9.2,39560.0,9.23,0.000250813,0.169713,171443.0
600549.SH,20260424,1499000,60.7,90989300.0,62.65,0.096465,1.92308,155393.0
600550.SH,20260424,167400,15.6,2611440.0,15.8,0.00909027,0.232687,184153.0
600551.SH,20260424,16000,8.16,130560.0,8.2,0.00235969,0.457001,67805.5
600552.SH,20260424,364800,14.89,5431872.0,15.02,0.0386192,0.385367,94460.7
600556.SH,20260424,252700,6.1,1541470.0,6.16,0.0139787,0.617402,180775.0
600557.SH,20260424,29800,14.38,428524.0,14.46,0.00526354,0.49303,56615.9
600558.SH,20260424,23600,5.28,124608.0,5.28,0.00262922,0.163733,89760.5
600559.SH,20260424,521200,13.96,7275952.0,14.19,0.0573056,4.27553,90950.9
600560.SH,20260424,1200,14.28,17136.0,14.3,0.000536563,0.057311,22364.6
600561.SH,20260424,52800,6.63,350064.0,6.67,0.0185604,0.732679,28447.7
600562.SH,20260424,170300,29.8,5074940.0,29.79,0.0137133,0.937814,124186.0
600563.SH,20260424,39833,118.15,4706269.0,119.16,0.0177036,0.544346,22500.0
600566.SH,20260424,92300,25.5,2353650.0,25.15,0.0100484,2.72915,91855.2
600567.SH,20260424,799100,1.49,1190659.0,1.49,0.0126691,1.43565,630745.0
600568.SH,20260424,11200,2.79,31248.0,2.82,0.000671033,0.0959736,166907.0
600569.SH,20260424,109398,2.1,229736.0,2.11,0.00380856,0.545273,287242.0
600570.SH,20260424,111400,26.26,2925364.0,26.46,0.00588283,0.507001,189365.0
600571.SH,20260424,21900,13.34,292146.0,13.48,0.00478425,0.31617,45775.2
600572.SH,20260424,513800,4.5,2312100.0,4.51,0.0203063,0.399716,253025.0
600573.SH,20260424,117200,13.08,1532976.0,12.86,0.04688,0.920027,25000.0
600575.SH,20260424,531900,3.7,1968030.0,3.72,0.0136867,0.948604,388626.0
600576.SH,20260424,13100,5.83,76373.0,5.88,0.00198368,0.113223,66039.0
600577.SH,20260424,181000,12.86,2327660.0,12.97,0.00841432,0.287285,215109.0
600578.SH,20260424,193000,5.5,1061500.0,5.53,0.00288291,0.605683,669462.0
600579.SH,20260424,16400,7.7,126280.0,7.75,0.00332252,0.409799,49360.1
600580.SH,20260424,50700,37.8,1916460.0,37.88,0.00325494,0.158977,155763.0
600581.SH,20260424,233800,2.81,656978.0,2.82,0.0152522,0.616272,153290.0
600582.SH,20260424,80400,5.75,462300.0,5.75,0.00194269,0.439883,413859.0
600583.SH,20260424,313600,7.09,2223424.0,7.09,0.00709285,0.536397,442135.0
600584.SH,20260424,329000,44.82,14745780.0,44.41,0.0183859,0.526798,178941.0
600585.SH,20260424,46700,21.61,1009187.0,21.65,0.00116759,0.15683,399970.0
600586.SH,20260424,111200,5.51,612712.0,5.53,0.0078457,0.214558,141734.0
600587.SH,20260424,12800,14.21,181888.0,14.2,0.00210997,0.250419,60664.5
600588.SH,20260424,73600,12.11,891296.0,12.21,0.00215394,0.204026,341700.0
600589.SH,20260424,1386400,10.49,14543336.0,10.76,0.0937726,0.88496,147847.0
600590.SH,20260424,704600,17.2,12119120.0,17.59,0.083526,0.801248,84357.0
600592.SH,20260424,12200,19.73,240706.0,19.82,0.00305341,0.190686,39955.4
600593.SH,20260424,11100,33.17,368187.0,33.21,0.00861801,0.296544,12880.0
600594.SH,20260424,637700,4.46,2844142.0,4.55,0.0805251,0.600224,79192.7
600595.SH,20260424,324700,8.3,2695010.0,8.32,0.00810149,0.39937,400790.0
600596.SH,20260424,122600,12.5,1532500.0,12.5,0.00908419,0.575657,134960.0
600597.SH,20260424,12800,7.4,94720.0,7.41,0.000928576,0.280626,137846.0
600598.SH,20260424,57700,15.93,919161.0,16.01,0.0032458,0.252961,177768.0
600599.SH,20260424,293700,4.64,1362768.0,4.45,0.176928,6.99623,16600.0
600600.SH,20260424,12600,61.92,780192.0,61.99,0.00177684,0.37726,70912.6
600601.SH,20260424,603300,11.65,7028445.0,11.67,0.0144666,0.299773,417029.0
600602.SH,20260424,341800,22.52,7697336.0,22.82,0.031816,0.453552,107430.0
600603.SH,20260424,619100,6.32,3912712.0,6.75,0.0518801,3.26976,119333.0
600604.SH,20260424,129300,5.07,655551.0,5.08,0.0091868,1.05453,140745.0
600605.SH,20260424,64000,30.55,1955200.0,29.95,0.0310254,0.857322,20628.2
600606.SH,20260424,1265610,1.34,1695917.0,1.35,0.0090052,1.40632,1405420.0
600608.SH,20260424,393400,2.18,857612.0,2.29,0.123566,7.25759,31837.1
600609.SH,20260424,42800,3.98,170344.0,3.98,0.0032808,0.351323,130456.0
600610.SH,20260424,67400,9.27,624798.0,9.25,0.00951001,0.360926,70872.7
600611.SH,20260424,128100,4.76,609756.0,4.8,0.00819412,0.715288,156332.0
600612.SH,20260424,24200,41.0,992200.0,41.34,0.00763143,2.83646,31711.0
600613.SH,20260424,13000,5.76,74880.0,5.77,0.00271218,0.0922639,47932.0
600615.SH,20260424,17300,11.11,192203.0,11.21,0.00767981,0.717146,22526.6
600616.SH,20260424,24500,4.93,120785.0,4.95,0.00366216,0.405696,66900.5
600617.SH,20260424,506500,3.35,1696775.0,3.33,0.0285265,1.21159,177554.0
600618.SH,20260424,16100,12.91,207851.0,13.03,0.00214712,0.12652,74984.0
600619.SH,20260424,47400,17.48,828552.0,17.48,0.00600627,0.165087,78917.5
600620.SH,20260424,13100,6.02,78862.0,6.01,0.00190774,0.253717,68667.7
600621.SH,20260424,11800,14.06,165908.0,14.12,0.00111226,0.119827,106090.0
600622.SH,20260424,110800,2.51,278108.0,2.53,0.00738822,0.726639,149969.0
600623.SH,20260424,30400,9.81,298224.0,9.83,0.00162044,0.148241,187603.0
600624.SH,20260424,36700,4.25,155975.0,4.28,0.00540225,0.794424,67934.7
600626.SH,20260424,101900,3.83,390277.0,3.87,0.00919693,1.0046,110798.0
600628.SH,20260424,41700,7.07,294819.0,7.09,0.00644637,0.480207,64687.5
600629.SH,20260424,60600,20.31,1230786.0,20.46,0.00635809,0.270122,95311.7
600630.SH,20260424,208700,7.84,1636208.0,7.93,0.0491219,4.35762,42486.2
600633.SH,20260424,821100,13.6,11166960.0,13.72,0.0647517,2.42065,126807.0
600635.SH,20260424,524200,5.43,2846406.0,5.47,0.021672,1.32902,241879.0
600636.SH,20260424,1397793,5.42,7576038.0,5.49,0.318668,5.91144,43863.7
600637.SH,20260424,89000,9.9,881100.0,9.92,0.00264731,0.197342,336190.0
600638.SH,20260424,196100,6.43,1260923.0,6.48,0.029121,1.0281,67339.7
600639.SH,20260424,47500,11.34,538650.0,11.38,0.00558668,0.567124,85023.7
600640.SH,20260424,48300,12.55,606165.0,12.7,0.00607016,0.661984,79569.6
600641.SH,20260424,1131100,27.08,30630188.0,27.0,0.121541,1.73779,93063.0
600642.SH,20260424,49800,9.38,467124.0,9.39,0.00101761,0.222596,489381.0
600643.SH,20260424,45300,4.89,221517.0,4.91,0.00284843,0.140782,159035.0
600644.SH,20260424,152200,12.54,1908588.0,12.67,0.0263176,0.298392,57832.1
600645.SH,20260424,19000,27.68,525920.0,27.78,0.00406182,0.215078,46777.0
600648.SH,20260424,18000,10.6,190800.0,10.6,0.00158204,0.628903,113777.0
600649.SH,20260424,17100,4.24,72504.0,4.24,0.000682771,0.0634556,250450.0
600650.SH,20260424,19700,12.73,250781.0,12.79,0.00504404,0.604482,39056.0
600651.SH,20260424,50400,6.65,335160.0,6.68,0.00201035,0.234492,250703.0
600653.SH,20260424,57100,1.72,98212.0,1.73,0.00293365,0.454103,194638.0
600654.SH,20260424,1036900,3.86,4002434.0,3.89,0.0447435,0.387973,231743.0
600655.SH,20260424,46800,4.96,232128.0,4.97,0.00120313,0.196418,388985.0
600657.SH,20260424,81000,2.94,238140.0,2.96,0.00284023,0.411261,285188.0
600658.SH,20260424,107900,5.0,539500.0,5.01,0.00964611,0.501897,111859.0
600660.SH,20260424,24400,59.75,1457900.0,59.94,0.00121818,0.164759,200299.0
600661.SH,20260424,91300,10.05,917565.0,10.03,0.0318619,1.71342,28654.9
600662.SH,20260424,161100,5.13,826443.0,5.14,0.00707674,1.45985,227647.0
600663.SH,20260424,50300,7.61,382783.0,7.59,0.00159395,0.642299,315568.0
600664.SH,20260424,1071200,3.82,4091984.0,3.88,0.0425331,0.382799,251851.0
600665.SH,20260424,109000,3.22,350980.0,3.21,0.012614,1.17567,86412.2
600666.SH,20260424,2362420,6.44,15213985.0,6.56,0.0944117,0.394123,250225.0
600667.SH,20260424,3406000,9.65,32867900.0,9.9,0.162846,3.14101,209154.0
600668.SH,20260424,7700,11.17,86009.0,11.23,0.00186486,0.0529942,41290.1
600671.SH,20260424,9800,18.67,182966.0,18.85,0.00805123,0.458398,12172.1
600673.SH,20260424,133000,33.89,4507370.0,34.14,0.00443103,0.163825,300156.0
600674.SH,20260424,157900,15.01,2370079.0,15.0,0.00323924,0.421537,487461.0
600675.SH,20260424,43500,2.62,113970.0,2.63,0.000719468,0.189195,604614.0
600676.SH,20260424,14800,8.05,119140.0,8.05,0.001439,0.1189,102849.0
600678.SH,20260424,367000,11.81,4334270.0,11.79,0.105161,0.952556,34899.0
600679.SH,20260424,22200,11.08,245976.0,11.08,0.00645923,0.768631,34369.4
600681.SH,20260424,66300,4.04,267852.0,4.04,0.00494847,0.345578,133981.0
600682.SH,20260424,148700,6.85,1018595.0,6.9,0.0127743,1.0919,116406.0
600683.SH,20260424,497300,13.3,6614090.0,13.3,0.0671322,1.08241,74077.8
600684.SH,20260424,27300,4.67,127491.0,4.64,0.00319874,0.184372,85346.1
600685.SH,20260424,216600,31.8,6887880.0,32.24,0.0263685,0.893034,82143.5
600686.SH,20260424,46700,17.04,795768.0,17.24,0.00651282,0.200458,71704.7
600688.SH,20260424,147200,2.79,410688.0,2.79,0.00200851,0.400687,732881.0
600689.SH,20260424,3300,13.25,43725.0,13.25,0.00216814,0.110305,15220.4
600690.SH,20260424,156800,20.5,3214400.0,20.53,0.00250758,0.306595,625303.0
600691.SH,20260424,808000,3.27,2642160.0,3.25,0.0340127,1.31704,237559.0
600692.SH,20260424,37700,7.27,274079.0,7.33,0.0147837,0.44684,25501.1
600693.SH,20260424,328300,11.0,3611300.0,11.04,0.0377811,0.371748,86895.3
600694.SH,20260424,388700,17.56,6825572.0,17.04,0.112877,21.7809,34435.8
600696.SH,20260424,1815700,1.38,2505666.0,1.31,0.54286,21.9586,33446.9
600697.SH,20260424,17700,11.65,206205.0,11.66,0.0113917,0.5388,15537.6
600698.SH,20260424,21600,7.15,154440.0,7.15,0.00260099,0.204225,83045.2
600699.SH,20260424,360600,29.19,10525914.0,29.51,0.0266115,0.432377,135505.0
600702.SH,20260424,63900,45.98,2938122.0,46.45,0.0192112,1.20354,33261.9
600703.SH,20260424,4875000,15.35,74831250.0,15.51,0.0977146,1.28659,498902.0
600704.SH,20260424,118900,5.19,617091.0,5.19,0.00229928,0.336901,517118.0
600706.SH,20260424,16600,9.29,154214.0,9.33,0.00653466,0.230896,25403.0
600707.SH,20260424,872400,8.4,7328160.0,8.53,0.0243166,0.476942,358767.0
600708.SH,20260424,214800,3.24,695952.0,3.27,0.00965273,0.847792,222528.0
600710.SH,20260424,427700,13.0,5560100.0,13.39,0.0327301,2.50395,130675.0
600711.SH,20260424,364900,13.8,5035620.0,13.9,0.0118067,0.308377,309061.0
600712.SH,20260424,19600,5.75,112700.0,5.76,0.00363874,0.346867,53864.8
600713.SH,20260424,187700,5.61,1052997.0,5.7,0.0145526,0.445781,128980.0
600714.SH,20260424,21700,18.41,399497.0,18.3,0.00753011,0.124323,28817.6
600715.SH,20260424,1446000,2.12,3065520.0,2.14,0.0505175,1.55664,286237.0
600716.SH,20260424,67700,4.39,297203.0,4.38,0.00723244,0.655954,93606.1
600717.SH,20260424,90700,4.52,409964.0,4.53,0.00313407,0.56961,289400.0
600718.SH,20260424,71900,9.03,649257.0,9.05,0.0060095,0.526845,119644.0
600719.SH,20260424,198900,7.36,1463904.0,7.36,0.0491597,0.770537,40460.0
600720.SH,20260424,17200,6.76,116272.0,6.75,0.00170457,0.264528,100905.0
600721.SH,20260424,68800,8.65,595120.0,8.65,0.0178912,0.459469,38454.8
600722.SH,20260424,390100,13.56,5289756.0,13.7,0.0573407,0.734804,68032.0
600724.SH,20260424,7700,7.28,56056.0,7.28,0.000532893,0.0620216,144494.0
600725.SH,20260424,21100,4.07,85877.0,4.08,0.00171201,0.129159,123247.0
600726.SH,20260424,12455100,5.53,68876703.0,5.27,0.166616,4.75393,747534.0
600727.SH,20260424,148000,7.86,1163280.0,7.96,0.0279994,0.317617,52858.3
600728.SH,20260424,85400,5.63,480802.0,5.65,0.0040045,0.270969,213260.0
600729.SH,20260424,43300,21.53,932249.0,21.78,0.0224955,1.66974,19248.3
600730.SH,20260424,761000,8.31,6323910.0,8.55,0.129718,3.10944,58665.6
600731.SH,20260424,6200,6.95,43090.0,7.0,0.00114458,0.0541431,54168.3
600732.SH,20260424,161100,15.57,2508327.0,15.56,0.0076734,0.442137,209946.0
600733.SH,20260424,137800,7.22,994916.0,7.22,0.00281701,0.251278,489171.0
600734.SH,20260424,2310500,2.45,5660725.0,2.48,0.106091,1.27444,217785.0
600736.SH,20260424,25459400,9.2,234226480.0,8.37,2.21137,52.4209,115129.0
600737.SH,20260424,37700,14.8,557960.0,14.87,0.00176263,0.173143,213885.0
600738.SH,20260424,32600,4.72,153872.0,4.71,0.00428572,0.331776,76066.6
600739.SH,20260424,34800,11.63,404724.0,11.62,0.00227494,0.438942,152971.0
600740.SH,20260424,84500,4.21,355745.0,4.21,0.00329805,0.189647,256212.0
600741.SH,20260424,89200,20.45,1824140.0,20.36,0.0028293,0.613569,315272.0
600742.SH,20260424,100600,9.55,960730.0,9.44,0.0135386,0.690072,74305.8
600743.SH,20260424,823100,2.47,2033057.0,2.5,0.0350837,0.349577,234610.0
600744.SH,20260424,1959400,8.39,16439366.0,8.47,0.0964687,1.02229,203112.0
600745.SH,20260424,156200,28.21,4406402.0,28.35,0.0125497,0.41553,124465.0
600746.SH,20260424,66400,8.8,584320.0,8.8,0.0056857,0.241987,116784.0
600748.SH,20260424,100100,5.45,545545.0,5.48,0.00542676,0.470265,184456.0
600749.SH,20260424,164600,19.76,3252496.0,20.0,0.072522,0.436304,22696.6
600750.SH,20260424,25200,27.22,685944.0,27.31,0.00400836,0.533222,62868.5
600751.SH,20260424,151300,3.68,556784.0,3.67,0.00587986,0.377093,257319.0
600753.SH,20260424,11000,12.3,135300.0,12.3,0.00477623,0.422079,23030.7
600754.SH,20260424,27000,26.3,710100.0,26.51,0.00297999,0.221358,90604.4
600755.SH,20260424,65200,6.07,395764.0,6.09,0.00305793,0.390899,213216.0
600756.SH,20260424,19300,15.9,306870.0,16.0,0.00595498,0.153184,32409.9
600757.SH,20260424,11200,8.73,97776.0,8.77,0.000922952,0.151421,121350.0
600758.SH,20260424,1136600,4.05,4603230.0,4.14,0.0860576,1.38286,132074.0
600759.SH,20260424,2988500,5.27,15749395.0,5.28,0.0721218,1.03896,414369.0
600760.SH,20260424,68000,49.34,3355120.0,49.33,0.00240607,0.341136,282619.0
600761.SH,20260424,24900,16.9,420810.0,16.96,0.00279558,0.23706,89069.3
600763.SH,20260424,61200,42.49,2600388.0,42.65,0.0136824,0.6982,44728.9
600764.SH,20260424,49200,24.5,1205400.0,24.69,0.00692344,0.745634,71062.9
600765.SH,20260424,150100,16.39,2460139.0,16.48,0.00966831,0.758485,155249.0
600768.SH,20260424,33700,16.65,561105.0,16.6,0.0251968,0.276764,13374.7
600769.SH,20260424,69900,14.91,1042209.0,14.99,0.0186411,0.573806,37497.7
600770.SH,20260424,4455200,6.97,31052744.0,6.34,0.342708,13.0052,130000.0
600771.SH,20260424,99700,17.0,1694900.0,17.11,0.0203681,1.17478,48949.1
600773.SH,20260424,192100,23.25,4466325.0,23.44,0.0201873,0.42528,95158.7
600774.SH,20260424,11500,8.54,98210.0,8.53,0.00389989,0.363813,29488.0
600775.SH,20260424,228200,13.03,2973446.0,13.14,0.0339665,0.783869,67183.9
600776.SH,20260424,130700,16.65,2176155.0,16.89,0.0136715,0.208479,95600.0
600777.SH,20260424,3171540,6.0,19029240.0,5.91,0.0498188,7.7904,636615.0
600778.SH,20260424,63100,6.25,394375.0,6.24,0.0202754,1.07259,31121.5
600779.SH,20260424,33200,33.08,1098256.0,33.43,0.00681021,1.11949,48750.3
600780.SH,20260424,1121100,7.25,8127975.0,7.28,0.0977843,2.68524,114650.0
600782.SH,20260424,91800,3.22,295596.0,3.23,0.00291831,0.122751,314565.0
600783.SH,20260424,226300,21.88,4951444.0,21.68,0.030402,1.20591,74435.9
600784.SH,20260424,147900,7.76,1147704.0,7.7,0.02189,0.901823,67565.2
600785.SH,20260424,22800,17.05,388740.0,17.22,0.010105,0.335926,22563.1
600787.SH,20260424,27800,5.33,148174.0,5.35,0.00128106,0.169082,217008.0
600789.SH,20260424,16900,8.17,138073.0,8.19,0.00188056,0.202412,89867.0
600790.SH,20260424,96800,3.76,363968.0,3.78,0.00660394,1.11537,146579.0
600791.SH,20260424,292300,12.29,3592367.0,12.29,0.0646233,1.27877,45231.4
600792.SH,20260424,271400,4.23,1148022.0,4.22,0.0244521,1.00785,110992.0
600793.SH,20260424,1500,18.09,27135.0,18.2,0.000847918,0.051829,17690.4
600794.SH,20260424,19200,3.55,68160.0,3.55,0.0015998,0.191705,120015.0
600795.SH,20260424,4958300,4.99,24741917.0,4.95,0.0278,3.55202,1783560.0
600796.SH,20260424,12600,6.18,77868.0,6.24,0.00404523,0.121439,31147.8
600797.SH,20260424,42800,9.1,389480.0,9.15,0.00416534,0.106496,102753.0
600798.SH,20260424,34900,3.55,123895.0,3.56,0.00289258,0.227551,120653.0
600800.SH,20260424,119600,4.83,577668.0,4.86,0.0107774,0.233039,110973.0
600801.SH,20260424,11300,22.88,258544.0,23.0,0.000842217,0.147411,134170.0
600802.SH,20260424,25700,5.45,140065.0,5.46,0.00560831,0.385163,45824.8
600803.SH,20260424,27400,21.06,577044.0,20.97,0.000892006,0.281076,307173.0
600805.SH,20260424,27800,5.27,146506.0,5.28,0.00326953,0.244101,85027.5
600807.SH,20260424,34400,2.86,98384.0,2.88,0.00437093,0.250726,78701.8
600808.SH,20260424,195800,4.02,787116.0,4.05,0.00328097,0.348996,596775.0
600809.SH,20260424,89990,141.06,12693989.0,142.38,0.00737645,1.23771,121996.0
600810.SH,20260424,48700,8.45,411515.0,8.46,0.00450612,0.326469,108075.0
600812.SH,20260424,60200,5.3,319060.0,5.32,0.00350871,0.392287,171573.0
600814.SH,20260424,28800,7.7,221760.0,7.74,0.00391795,0.346882,73507.9
600815.SH,20260424,3759000,3.93,14772870.0,4.07,0.211883,2.25002,177409.0
600816.SH,20260424,1063300,2.62,2785846.0,2.63,0.0194418,1.34698,546914.0
600817.SH,20260424,20700,12.67,262269.0,12.76,0.00391124,0.330425,52924.4
600818.SH,20260424,8400,8.2,68880.0,8.21,0.00353004,0.214835,23795.8
600819.SH,20260424,13900,7.1,98690.0,7.08,0.00185974,0.216079,74741.6
600820.SH,20260424,98900,6.05,598345.0,6.05,0.00314558,0.642189,314410.0
600821.SH,20260424,2558200,9.39,24021498.0,9.58,0.130034,0.725859,196732.0
600822.SH,20260424,2600,9.76,25376.0,9.76,0.000656321,0.0664996,39614.8
600824.SH,20260424,10500,3.91,41055.0,3.93,0.000996179,0.144493,105403.0
600825.SH,20260424,71200,5.76,410112.0,5.81,0.00681413,0.886255,104489.0
600826.SH,20260424,375200,9.93,3725736.0,9.38,0.0510106,8.79539,73553.4
600827.SH,20260424,43700,8.08,353096.0,8.1,0.00272367,0.350964,160445.0
600828.SH,20260424,59400,5.09,302346.0,5.14,0.00343083,0.308393,173136.0
600829.SH,20260424,33800,9.6,324480.0,9.67,0.00582871,0.377218,57988.9
600830.SH,20260424,3500,8.67,30345.0,8.7,0.000770377,0.0982918,45432.3
600831.SH,20260424,153900,3.4,523260.0,3.45,0.0216472,1.30081,71094.7
600833.SH,20260424,6900,11.41,78729.0,11.43,0.00309297,0.257281,22308.6
600834.SH,20260424,14200,8.15,115730.0,8.14,0.00297456,0.619992,47738.2
600835.SH,20260424,68400,23.51,1608084.0,23.67,0.00848105,0.599613,80650.4
600838.SH,20260424,65800,9.58,630364.0,9.72,0.0164138,0.538418,40088.2
600839.SH,20260424,449800,9.2,4138160.0,9.28,0.00974657,0.322833,461496.0
600841.SH,20260424,246300,9.71,2391573.0,9.75,0.023614,0.93521,104302.0
600843.SH,20260424,355500,8.4,2986200.0,8.59,0.0757636,3.06206,46922.3
600844.SH,20260424,436300,3.45,1505235.0,3.5,0.0530307,0.817834,82273.1
600845.SH,20260424,45100,23.1,1041810.0,23.27,0.00211335,0.202911,213405.0
600846.SH,20260424,300,12.4,3720.0,12.4,4.80183e-05,0.00767153,62476.2
600847.SH,20260424,46600,14.0,652400.0,14.35,0.0304004,0.828836,15328.7
600848.SH,20260424,27700,9.16,253732.0,9.19,0.0011571,0.170002,239391.0
600850.SH,20260424,95600,20.58,1967448.0,20.56,0.0140547,0.965623,68019.9
600851.SH,20260424,11900,8.28,98532.0,8.31,0.00161202,0.0946151,73820.6
600853.SH,20260424,34600,4.0,138400.0,4.02,0.00341325,0.271087,101370.0
600854.SH,20260424,48100,5.15,247715.0,5.18,0.00925964,0.64756,51945.9
600855.SH,20260424,44100,19.23,848043.0,19.3,0.00943034,0.109196,46764.0
600857.SH,20260424,8200,11.92,97744.0,11.91,0.00365549,0.281951,22432.0
600858.SH,20260424,45700,5.51,251807.0,5.54,0.0088301,0.672567,51754.8
600859.SH,20260424,82700,12.3,1017210.0,12.35,0.00735878,0.612321,112383.0
600860.SH,20260424,58800,10.92,642096.0,11.01,0.013242,0.429874,44404.1
600861.SH,20260424,14600,16.31,238126.0,16.36,0.00398282,0.637065,36657.5
600862.SH,20260424,46900,21.46,1006474.0,21.53,0.00336672,0.254503,139305.0
600863.SH,20260424,609300,4.62,2814966.0,4.65,0.00933523,0.812401,652689.0
600864.SH,20260424,513400,7.22,3706748.0,7.28,0.0246759,0.467361,208057.0
600865.SH,20260424,157500,11.28,1776600.0,11.43,0.0418615,2.07683,37624.0
600866.SH,20260424,177200,6.71,1189012.0,6.72,0.0141109,0.690667,125577.0
600867.SH,20260424,211000,9.53,2010830.0,9.56,0.0107733,0.317642,195854.0
600868.SH,20260424,1213200,3.54,4294728.0,3.57,0.0639149,1.4409,189815.0
600869.SH,20260424,1721100,15.95,27451545.0,16.52,0.0775496,1.42136,221935.0
600871.SH,20260424,859900,2.71,2330329.0,2.72,0.00634752,0.621606,1354700.0
600872.SH,20260424,166500,21.0,3496500.0,21.2,0.0215957,0.377879,77098.8
600873.SH,20260424,455000,10.01,4554550.0,10.0,0.0162254,0.567081,280424.0
600874.SH,20260424,367200,6.28,2306016.0,6.22,0.0298435,3.38443,123042.0
600875.SH,20260424,908200,44.05,40006210.0,43.82,0.0401261,0.895555,226337.0
600876.SH,20260424,9300,9.8,91140.0,9.78,0.00235041,0.130888,39567.5
600877.SH,20260424,60000,17.0,1020000.0,17.05,0.00506731,0.254134,118406.0
600879.SH,20260424,920800,24.85,22881880.0,25.02,0.027909,0.423127,329930.0
600880.SH,20260424,275300,5.23,1439819.0,5.12,0.0251869,0.549293,109303.0
600881.SH,20260424,223600,1.44,321984.0,1.44,0.00691799,0.529421,323215.0
600882.SH,20260424,35800,20.72,741776.0,20.72,0.00701887,0.354595,51005.4
600883.SH,20260424,26000,7.98,207480.0,8.0,0.0110128,0.715434,23608.8
600884.SH,20260424,422300,14.96,6317608.0,14.96,0.0230122,0.342532,183511.0
600885.SH,20260424,29600,28.92,856032.0,28.92,0.00191265,0.135936,154759.0
600886.SH,20260424,75600,13.5,1020600.0,13.51,0.0010142,0.274049,745418.0
600887.SH,20260424,147600,25.23,3723948.0,25.27,0.00234512,0.355714,629393.0
600888.SH,20260424,52800,8.7,459360.0,8.75,0.00339968,0.137972,155309.0
600892.SH,20260424,7200,3.44,24768.0,3.45,0.00128728,0.170388,55932.0
600893.SH,20260424,155300,50.38,7824014.0,50.36,0.00582712,0.419054,266512.0
600894.SH,20260424,28000,9.95,278600.0,9.9,0.0033209,0.327725,84314.4
600895.SH,20260424,44600,36.91,1646186.0,37.12,0.00287985,0.186719,154869.0
600897.SH,20260424,8000,15.89,127120.0,15.95,0.00191877,0.373335,41693.4
600900.SH,20260424,325800,26.91,8767278.0,26.95,0.00133152,0.380747,2446820.0
600901.SH,20260424,1019500,7.07,7207865.0,7.18,0.0176066,3.09274,579045.0
600903.SH,20260424,49100,6.35,311785.0,6.35,0.00426953,0.703839,115001.0
600905.SH,20260424,2861000,4.15,11873150.0,4.15,0.0100078,2.01703,2858760.0
600906.SH,20260424,50500,6.31,318655.0,6.32,0.00237733,0.381597,212424.0
600908.SH,20260424,74400,5.87,436728.0,5.87,0.00372128,0.516207,199931.0
600909.SH,20260424,93000,5.62,522660.0,5.62,0.00185104,0.20264,502421.0
600916.SH,20260424,105300,8.87,934011.0,8.93,0.00626786,0.499182,168000.0
600917.SH,20260424,22300,5.26,117298.0,5.28,0.00142854,0.313644,156104.0
600918.SH,20260424,18200,5.98,108836.0,6.0,0.000463594,0.0956584,392585.0
600919.SH,20260424,263400,11.24,2960616.0,11.2,0.00143532,0.328611,1835130.0
600925.SH,20260424,36400,4.67,169988.0,4.7,0.00226643,0.259488,160605.0
600926.SH,20260424,135900,17.23,2341557.0,17.23,0.00187474,0.526364,724900.0
600927.SH,20260424,806116,14.2,11446847.0,14.53,0.055382,17.9175,145556.0
600928.SH,20260424,638100,3.84,2450304.0,3.85,0.0144257,2.38235,442335.0
600929.SH,20260424,170000,7.0,1190000.0,7.05,0.0103651,0.448782,164011.0
600930.SH,20260424,5796400,6.43,37270852.0,6.39,0.179465,2.93695,322981.0
600933.SH,20260424,25400,16.83,427482.0,16.82,0.0025988,0.185357,97737.6
600935.SH,20260424,41400,2.6,107640.0,2.6,0.00118036,0.180271,350740.0
600936.SH,20260424,22100,4.0,88400.0,4.02,0.00132254,0.10079,167103.0
600938.SH,20260424,457100,38.2,17461220.0,38.04,0.0152876,1.01852,299000.0
600939.SH,20260424,12900,2.84,36636.0,2.85,0.000678064,0.171226,190248.0
600941.SH,20260424,34200,95.8,3276360.0,95.85,0.00378835,0.323961,90276.8
600955.SH,20260424,61900,18.6,1151340.0,18.76,0.0112545,0.532567,55000.0
600956.SH,20260424,666900,9.1,6068790.0,9.19,0.0284018,2.09219,234809.0
600959.SH,20260424,1027600,3.92,4028192.0,3.95,0.020549,1.44985,500072.0
600960.SH,20260424,34100,5.04,171864.0,5.08,0.00358753,0.190532,95051.6
600961.SH,20260424,1444400,28.91,41757604.0,29.16,0.192122,1.97922,75181.2
600962.SH,20260424,36600,21.43,784338.0,21.64,0.0139583,0.449524,26221.0
600963.SH,20260424,309700,5.04,1560888.0,4.97,0.0176209,1.04905,175757.0
600965.SH,20260424,25200,5.25,132300.0,5.28,0.00307805,0.308156,81870.1
600966.SH,20260424,237030,6.7,1588101.0,6.81,0.0177306,1.67912,133684.0
600967.SH,20260424,45300,14.61,661833.0,14.61,0.0026619,0.233067,170179.0
600968.SH,20260424,482600,4.27,2060702.0,4.27,0.00474761,0.961288,1016510.0
600969.SH,20260424,163700,10.34,1692658.0,10.14,0.0442372,1.90695,37005.0
600970.SH,20260424,48200,10.12,487784.0,10.13,0.00183842,0.221289,262181.0
600971.SH,20260424,86900,7.78,676082.0,7.79,0.00724164,0.580075,120000.0
600973.SH,20260424,253300,7.47,1892151.0,7.44,0.0184706,0.563097,137137.0
600975.SH,20260424,36000,5.59,201240.0,5.6,0.00288078,0.257437,124966.0
600976.SH,20260424,1900,32.84,62396.0,32.91,0.00123941,0.0998536,15329.9
600977.SH,20260424,184100,14.15,2605015.0,14.3,0.00986074,0.304192,186700.0
600979.SH,20260424,1175300,5.2,6111560.0,5.39,0.0953776,0.768424,123226.0
600980.SH,20260424,12900,22.55,290895.0,22.59,0.00681589,0.455126,18926.4
600981.SH,20260424,201800,2.84,573112.0,2.88,0.00899915,1.03383,224243.0
600982.SH,20260424,945800,6.2,5863960.0,6.35,0.0846257,0.786526,111763.0
600983.SH,20260424,569200,10.15,5777380.0,10.8,0.0742655,7.58178,76643.9
600984.SH,20260424,27700,4.08,113016.0,4.08,0.00220358,0.124545,125704.0
600985.SH,20260424,64200,14.15,908430.0,14.18,0.00238373,0.358578,269326.0
600986.SH,20260424,8470700,11.7,99107190.0,12.13,0.569507,4.2677,148737.0
600987.SH,20260424,299200,7.23,2163216.0,7.44,0.0293098,3.73731,102082.0
600988.SH,20260424,172929,41.0,7090089.0,41.17,0.0103929,0.437961,166391.0
600989.SH,20260424,1941800,28.8,55923840.0,28.78,0.026479,2.00633,733336.0
600990.SH,20260424,4500,23.67,106515.0,23.72,0.00167278,0.103674,26901.3
600992.SH,20260424,4800,11.9,57120.0,11.88,0.00195846,0.144214,24509.0
600993.SH,20260424,18000,25.01,450180.0,25.09,0.00418306,0.496559,43030.7
600995.SH,20260424,575600,14.62,8415272.0,14.83,0.01801,1.93186,319601.0
600996.SH,20260424,59300,8.54,506422.0,8.58,0.00475618,0.149464,124680.0
600997.SH,20260424,67400,5.85,394290.0,5.85,0.00424487,0.595338,158780.0
600998.SH,20260424,153000,5.38,823140.0,5.41,0.00303423,0.458475,504247.0
600999.SH,20260424,227600,15.4,3505040.0,15.46,0.00306656,0.688417,742200.0
601000.SH,20260424,38000,4.91,186580.0,4.91,0.00064125,0.104655,592593.0
601001.SH,20260424,68900,17.96,1237444.0,17.95,0.00411663,0.464863,167370.0
601002.SH,20260424,174500,6.52,1137740.0,6.43,0.018283,0.252436,95444.1
601005.SH,20260424,204400,1.39,284116.0,1.4,0.00245861,0.414473,831364.0
601006.SH,20260424,280600,5.28,1481568.0,5.29,0.00139275,0.370608,2014720.0
601007.SH,20260424,277100,8.46,2344266.0,8.47,0.0710513,1.00611,39000.0
601008.SH,20260424,19700,4.81,94757.0,4.81,0.00158789,0.271585,124064.0
601009.SH,20260424,302000,11.79,3560580.0,11.79,0.00244266,0.638629,1236360.0
601010.SH,20260424,414700,2.32,962104.0,2.34,0.0224405,0.727509,184800.0
601011.SH,20260424,115100,3.1,356810.0,3.11,0.00600836,0.351869,191566.0
601012.SH,20260424,407300,17.51,7131823.0,17.53,0.00537473,0.378946,757806.0
601015.SH,20260424,309300,4.05,1252665.0,4.07,0.0151432,0.509201,204250.0
601016.SH,20260424,16813400,4.53,76164702.0,4.48,0.278451,3.73372,603820.0
601018.SH,20260424,63600,3.83,243588.0,3.83,0.000326919,0.182155,1945440.0
601019.SH,20260424,37800,7.6,287280.0,7.62,0.0018113,0.251931,208690.0
601020.SH,20260424,244600,32.2,7876120.0,32.56,0.0298306,0.555527,81996.5
601021.SH,20260424,13399,48.19,645698.0,48.2,0.00136957,0.277792,97833.3
601022.SH,20260424,7500,8.78,65850.0,8.76,0.000573117,0.0897609,130863.0
601026.SH,20260424,43700,19.09,834233.0,19.09,0.039339,0.869369,11108.6
601033.SH,20260424,32800,15.0,492000.0,14.97,0.0136667,1.03303,24000.0
601038.SH,20260424,11500,12.73,146395.0,12.76,0.00157167,0.201988,73170.5
601058.SH,20260424,93400,13.47,1258098.0,13.6,0.00284055,0.35484,328810.0
601059.SH,20260424,76900,16.74,1287306.0,16.75,0.00237126,1.26384,324300.0
601061.SH,20260424,350300,13.92,4876176.0,13.99,0.00714898,1.23488,490000.0
601065.SH,20260424,13800,8.35,115230.0,8.36,0.00214694,0.24801,64277.6
601066.SH,20260424,27300,21.53,587769.0,21.62,0.00042028,0.331031,649567.0
601068.SH,20260424,22000,6.3,138600.0,6.32,0.000859512,0.144365,255959.0
601069.SH,20260424,58800,32.04,1883952.0,32.29,0.00662768,0.335865,88718.8
601077.SH,20260424,35800,7.45,266710.0,7.45,0.000405058,0.146753,883824.0
601083.SH,20260424,37400,12.85,480590.0,12.91,0.0192664,0.390634,19412.0
601086.SH,20260424,30900,8.24,254616.0,8.33,0.00463964,0.221659,66600.0
601088.SH,20260424,130360,46.99,6125616.0,46.98,0.00079049,0.432875,1649100.0
601089.SH,20260424,4400,21.93,96492.0,22.09,0.000916667,0.122153,48000.0
601096.SH,20260424,41100,5.57,228927.0,5.58,0.00250156,0.155289,164298.0
601098.SH,20260424,22500,11.13,250425.0,11.14,0.00125278,0.311463,179600.0
601099.SH,20260424,1273900,3.71,4726169.0,3.75,0.018689,1.49462,681632.0
601100.SH,20260424,21300,100.99,2151087.0,100.22,0.00158858,0.181863,134082.0
601101.SH,20260424,1589500,9.55,15179725.0,9.36,0.110382,6.98524,144000.0
601106.SH,20260424,100300,4.15,416245.0,4.19,0.00146257,0.169435,685778.0
601107.SH,20260424,37300,6.27,233871.0,6.29,0.00172466,0.284047,216274.0
601108.SH,20260424,109800,8.22,902556.0,8.24,0.00236446,0.376408,464376.0
601111.SH,20260424,1107900,6.77,7500483.0,6.85,0.00951959,1.20013,1163810.0
601112.SH,20260424,66500,20.06,1333990.0,20.19,0.0375177,0.476103,17725.0
601113.SH,20260424,93000,4.58,425940.0,4.58,0.00842275,0.338926,110415.0
601116.SH,20260424,142000,13.63,1935460.0,13.85,0.0259276,1.31676,54767.8
601117.SH,20260424,655437,8.53,5590878.0,8.58,0.0107659,0.816278,608807.0
601118.SH,20260424,383000,6.81,2608230.0,6.85,0.00894979,0.991489,427943.0
601121.SH,20260424,49700,7.67,381199.0,7.73,0.0062125,0.473344,80000.0
601126.SH,20260424,189300,51.7,9786810.0,52.28,0.0229431,0.511307,82508.5
601127.SH,20260424,192406,92.48,17793707.0,92.48,0.0123559,0.982465,155720.0
601128.SH,20260424,1365863,7.4,10107386.0,7.36,0.0411836,3.38982,331652.0
601133.SH,20260424,52700,23.3,1227910.0,23.34,0.0100498,0.256144,52438.7
601136.SH,20260424,12300,16.23,199629.0,16.23,0.00045,0.156011,273333.0
601137.SH,20260424,174900,20.49,3583701.0,20.13,0.0190563,1.17721,91780.8
601138.SH,20260424,1884200,66.57,125431194.0,67.92,0.00949502,0.830775,1984410.0
601139.SH,20260424,95500,7.1,678050.0,7.1,0.00331973,0.399493,287674.0
601155.SH,20260424,21500,14.31,307665.0,14.31,0.000953174,0.13681,225562.0
601156.SH,20260424,8600,17.01,146286.0,17.06,0.000910443,0.143823,94459.6
601158.SH,20260424,15900,4.37,69483.0,4.38,0.000331248,0.301489,480003.0
601162.SH,20260424,620700,3.72,2309004.0,3.74,0.00721915,0.656919,859797.0
601163.SH,20260424,14600,14.07,205422.0,14.07,0.001825,0.388412,80000.0
601166.SH,20260424,319100,18.18,5801238.0,18.2,0.00150783,0.310704,2116290.0
601168.SH,20260424,451100,28.51,12860861.0,28.9,0.0189299,0.918898,238300.0
601169.SH,20260424,1305400,5.47,7140538.0,5.48,0.00617415,1.37864,2114300.0
601177.SH,20260424,3200,14.55,46560.0,14.59,0.00079988,0.0893235,40006.0
601179.SH,20260424,957000,17.71,16948470.0,18.02,0.01867,0.381799,512588.0
601186.SH,20260424,282500,6.85,1935125.0,6.86,0.00245583,0.54587,1150320.0
601187.SH,20260424,45200,7.94,358888.0,8.0,0.00171643,0.27367,263338.0
601188.SH,20260424,47900,3.27,156633.0,3.28,0.00366918,0.392362,130547.0
601198.SH,20260424,93000,12.84,1194120.0,12.84,0.00287708,0.708355,323245.0
601199.SH,20260424,136500,5.61,765765.0,5.66,0.0145956,2.86909,93521.0
601200.SH,20260424,26400,8.15,215160.0,8.19,0.00196103,0.298688,134623.0
601208.SH,20260424,570700,34.13,19477991.0,34.13,0.0564947,0.782327,101018.0
601211.SH,20260424,189831,16.71,3172076.0,16.79,0.00140648,0.196171,1349690.0
601212.SH,20260424,725900,7.62,5531358.0,7.76,0.00980313,0.608605,740477.0
601216.SH,20260424,92900,5.22,484938.0,5.24,0.00110097,0.152934,843802.0
601218.SH,20260424,400200,6.24,2497248.0,6.29,0.0412989,0.528789,96903.4
601222.SH,20260424,44900,6.24,280176.0,6.28,0.00219966,0.127111,204122.0
601225.SH,20260424,76300,26.02,1985326.0,26.12,0.000787004,0.174621,969500.0
601226.SH,20260424,28100,9.4,264140.0,9.4,0.00241778,0.134576,116222.0
601228.SH,20260424,55700,3.25,181025.0,3.26,0.000738283,0.246093,754453.0
601229.SH,20260424,564300,9.85,5558355.0,9.87,0.00397142,1.24851,1420900.0
601231.SH,20260424,329500,40.91,13479845.0,41.3,0.0137918,0.520428,238910.0
601233.SH,20260424,94500,20.17,1906065.0,20.28,0.0039795,0.299802,237467.0
601236.SH,20260424,34000,7.67,260780.0,7.68,0.00072083,0.383371,471679.0
601238.SH,20260424,73100,7.1,519010.0,7.1,0.000990019,0.543604,738370.0
601279.SH,20260424,12900,3.8,49020.0,3.81,0.000813477,0.119135,158579.0
601288.SH,20260424,1515000,7.03,10650450.0,7.03,0.000474558,0.521044,31924400.0
601298.SH,20260424,11500,9.08,104420.0,9.13,0.000213276,0.136615,539208.0
601311.SH,20260424,1582900,10.25,16224725.0,10.69,0.134928,2.21862,117315.0
601318.SH,20260424,219265,57.71,12653783.0,57.88,0.00205688,0.361761,1066010.0
601319.SH,20260424,232200,7.25,1683450.0,7.27,0.000654126,0.467259,3549780.0
601326.SH,20260424,128200,3.56,456392.0,3.56,0.00269466,0.588115,475756.0
601328.SH,20260424,506000,7.0,3542000.0,6.99,0.00194075,0.430531,2607240.0
601330.SH,20260424,652000,8.98,5854960.0,9.19,0.0659189,1.32511,98909.5
601333.SH,20260424,341400,3.05,1041270.0,3.05,0.00604009,0.930943,565224.0
601336.SH,20260424,99000,62.41,6178590.0,62.85,0.0047472,0.475051,208544.0
601339.SH,20260424,10100,8.21,82921.0,8.25,0.000673527,0.0696308,149957.0
601360.SH,20260424,419200,10.89,4565088.0,10.97,0.00598895,0.621078,699956.0
601366.SH,20260424,37500,3.82,143250.0,3.84,0.0039073,0.346932,95974.1
601368.SH,20260424,10900,4.75,51775.0,4.77,0.00123447,0.17638,88297.3
601369.SH,20260424,25300,9.16,231748.0,9.16,0.00148282,0.138623,170621.0
601375.SH,20260424,94300,4.0,377200.0,4.01,0.0027353,0.382703,344752.0
601377.SH,20260424,178010,5.91,1052039.0,5.92,0.00206126,0.254513,863599.0
601388.SH,20260424,445600,4.09,1822504.0,4.11,0.0202433,0.590027,220122.0
601390.SH,20260424,575100,5.24,3013524.0,5.24,0.00280827,0.46698,2047880.0
601398.SH,20260424,1164700,7.58,8828426.0,7.58,0.000431991,0.527234,26961200.0
601399.SH,20260424,370300,4.33,1603399.0,4.32,0.00513339,0.251633,721356.0
601456.SH,20260424,20600,9.34,192404.0,9.34,0.000470644,0.111333,437698.0
601500.SH,20260424,37900,4.25,161075.0,4.27,0.00239419,0.337714,158300.0
601512.SH,20260424,3470900,10.8,37485720.0,11.35,0.231565,18.1658,149889.0
601515.SH,20260424,70400,4.52,318208.0,4.54,0.00365815,0.177545,192447.0
601518.SH,20260424,122000,2.85,347700.0,2.85,0.00645314,0.826167,189055.0
601519.SH,20260424,217000,10.5,2278500.0,10.65,0.0109091,0.823615,198916.0
601528.SH,20260424,143400,5.35,767190.0,5.38,0.00826772,0.923733,173446.0
601555.SH,20260424,76100,8.26,628586.0,8.28,0.00153159,0.242562,496870.0
601566.SH,20260424,31200,10.52,328224.0,10.52,0.00542951,0.499053,57463.7
601567.SH,20260424,46500,25.36,1179240.0,25.52,0.00330912,0.238778,140521.0
601568.SH,20260424,726500,4.03,2927795.0,3.99,0.0182895,3.48186,397222.0
601577.SH,20260424,118600,9.94,1178884.0,9.96,0.00294975,0.783451,402068.0
601579.SH,20260424,118500,19.0,2251500.0,19.31,0.0247151,1.4334,47946.3
601588.SH,20260424,609000,1.78,1084020.0,1.77,0.0228947,0.701426,266000.0
601595.SH,20260424,34200,24.73,845766.0,25.01,0.00763052,0.66723,44820.0
601598.SH,20260424,37300,6.12,228276.0,6.11,0.000723223,0.293392,515747.0
601599.SH,20260424,110100,3.73,410673.0,3.75,0.00948694,0.544689,116054.0
601600.SH,20260424,1508800,11.87,17909456.0,11.9,0.0114534,0.689435,1317340.0
601601.SH,20260424,168880,36.73,6202962.0,36.96,0.00246719,0.553928,684504.0
601606.SH,20260424,14200,38.95,553090.0,38.94,0.00196071,0.077485,72422.8
601607.SH,20260424,22100,16.92,373932.0,16.97,0.00079234,0.304434,278921.0
601608.SH,20260424,31700,6.17,195589.0,6.18,0.000692207,0.122289,457955.0
601609.SH,20260424,211200,10.5,2217600.0,10.66,0.0122177,0.709056,172864.0
601611.SH,20260424,55000,13.93,766150.0,14.03,0.00182492,0.147317,301383.0
601615.SH,20260424,234500,16.51,3871595.0,16.68,0.0103692,0.258214,226150.0
601616.SH,20260424,27600,4.71,129996.0,4.77,0.00323308,0.10304,85367.5
601618.SH,20260424,237400,2.93,695582.0,2.94,0.00132978,0.278985,1785260.0
601619.SH,20260424,438800,6.17,2707396.0,6.27,0.0180229,0.30619,243469.0
601628.SH,20260424,41000,36.7,1504700.0,36.88,0.000196893,0.257879,2082350.0
601633.SH,20260424,40600,20.4,828240.0,20.45,0.000653864,0.338155,620924.0
601636.SH,20260424,1330400,6.13,8155352.0,6.03,0.0449664,1.73673,295865.0
601658.SH,20260424,353200,5.2,1836640.0,5.19,0.000486986,0.249889,7252780.0
601665.SH,20260424,217900,6.44,1403276.0,6.4,0.00354088,0.343811,615384.0
601666.SH,20260424,33700,8.01,269937.0,8.07,0.00136472,0.127548,246936.0
601668.SH,20260424,654040,4.84,3165554.0,4.85,0.00158285,0.255342,4132040.0
601669.SH,20260424,3916802,5.88,23030796.0,5.94,0.0299644,1.34515,1307150.0
601677.SH,20260424,134200,17.98,2412916.0,18.05,0.011018,0.271101,121801.0
601678.SH,20260424,104100,5.11,531951.0,5.16,0.00509461,0.216498,204334.0
601686.SH,20260424,40700,5.66,230362.0,5.7,0.0027658,0.634156,147155.0
601688.SH,20260424,106000,19.02,2016120.0,19.08,0.00145071,0.131247,730676.0
601689.SH,20260424,99100,57.6,5708160.0,57.97,0.0057025,0.328413,173784.0
601696.SH,20260424,100500,12.2,1226100.0,12.25,0.00361771,0.348072,277800.0
601698.SH,20260424,633900,38.2,24214980.0,38.2,0.0150057,0.544747,422439.0
601699.SH,20260424,34800,14.35,499380.0,14.38,0.00116333,0.125569,299141.0
601700.SH,20260424,40600,5.0,203000.0,5.03,0.00356529,0.194253,113876.0
601702.SH,20260424,18300,19.39,354837.0,19.4,0.00183269,0.193252,99853.1
601717.SH,20260424,31400,19.92,625488.0,19.96,0.0020361,0.242063,154217.0
601718.SH,20260424,80400,2.9,233160.0,2.91,0.00184358,0.23285,436107.0
601727.SH,20260424,633400,8.02,5079868.0,8.07,0.00502075,0.626695,1261560.0
601728.SH,20260424,5611700,5.85,32828445.0,5.96,0.0072288,4.44003,7762970.0
601766.SH,20260424,441000,5.96,2628360.0,5.97,0.00181274,0.265319,2432780.0
601777.SH,20260424,547000,10.74,5874780.0,10.84,0.0120988,1.61045,452110.0
601778.SH,20260424,28666800,7.54,216147672.0,7.19,0.80241,3.44617,357259.0
601788.SH,20260424,70200,14.87,1043874.0,14.92,0.00179691,0.295612,390670.0
601789.SH,20260424,653800,5.66,3700508.0,5.72,0.0601583,0.757746,108680.0
601798.SH,20260424,133100,8.8,1171280.0,9.05,0.0375429,2.35475,35452.8
601799.SH,20260424,4700,124.34,584398.0,124.65,0.0016452,0.147863,28567.9
601800.SH,20260424,115600,7.19,831164.0,7.2,0.000981014,0.359487,1178370.0
601801.SH,20260424,12600,6.05,76230.0,6.07,0.000643536,0.192398,195793.0
601808.SH,20260424,259600,15.24,3956304.0,15.24,0.00876888,1.16619,296047.0
601811.SH,20260424,73300,13.82,1013006.0,13.74,0.00925617,1.07541,79190.4
601816.SH,20260424,468800,4.92,2306496.0,4.92,0.000958188,0.393458,4892570.0
601818.SH,20260424,731200,3.18,2325216.0,3.18,0.00157563,0.567368,4640680.0
601825.SH,20260424,202400,8.88,1797312.0,8.89,0.00215906,1.05338,937444.0
601827.SH,20260424,41500,8.04,333660.0,8.04,0.00248216,0.673932,167193.0
601828.SH,20260424,367900,2.36,868244.0,2.37,0.0101844,3.05169,361240.0
601838.SH,20260424,243241,18.12,4407527.0,18.16,0.00573893,0.948176,423844.0
601857.SH,20260424,1797147,11.71,21044591.0,11.82,0.00110988,1.1639,16192200.0
601858.SH,20260424,147600,23.58,3480408.0,23.84,0.0186717,1.13462,79050.0
601860.SH,20260424,1123500,2.73,3067155.0,2.74,0.0316337,2.98172,355159.0
601865.SH,20260424,152500,14.55,2218875.0,14.54,0.00802199,0.811863,190103.0
601866.SH,20260424,154000,2.69,414260.0,2.68,0.00157917,0.186054,975198.0
601868.SH,20260424,4025478,2.97,11955670.0,2.99,0.0124133,0.437099,3242870.0
601869.SH,20260424,228800,378.39,86575632.0,385.02,0.0563078,1.22632,40633.8
601872.SH,20260424,784700,17.44,13685168.0,17.52,0.0097182,0.474062,807454.0
601877.SH,20260424,197400,32.18,6352332.0,32.52,0.0091858,0.614107,214897.0
601878.SH,20260424,45100,9.43,425293.0,9.46,0.000986052,0.221693,457380.0
601880.SH,20260424,373700,1.61,601657.0,1.61,0.00202954,0.454393,1841310.0
601881.SH,20260424,92100,12.55,1155855.0,12.57,0.0012715,0.264728,724342.0
601882.SH,20260424,6400,19.29,123456.0,19.42,0.00122605,0.186595,52200.0
601886.SH,20260424,111200,10.16,1129792.0,10.01,0.00981463,1.66066,113300.0
601888.SH,20260424,81700,66.01,5393017.0,66.28,0.00418443,0.322384,195248.0
601890.SH,20260424,396200,10.85,4298770.0,10.99,0.0412966,0.901805,95940.0
601898.SH,20260424,180700,17.69,3196583.0,17.6,0.00197443,0.458509,915200.0
601899.SH,20260424,1862500,34.02,63362250.0,34.4,0.00904047,0.628272,2060180.0
601900.SH,20260424,90100,13.03,1174003.0,13.15,0.0102158,0.742247,88197.0
601901.SH,20260424,64900,6.99,453651.0,7.01,0.000788377,0.136106,823210.0
601908.SH,20260424,923400,4.3,3970620.0,4.35,0.0382423,0.694722,241460.0
601916.SH,20260424,299995,2.97,890985.0,2.98,0.00139245,0.385314,2154440.0
601918.SH,20260424,457200,8.06,3685032.0,8.15,0.0176488,0.918204,259054.0
601919.SH,20260424,295500,14.44,4267020.0,14.45,0.00235342,0.470229,1255620.0
601921.SH,20260424,27900,7.97,222363.0,7.99,0.0012555,0.346626,222222.0
601928.SH,20260424,16500,9.49,156585.0,9.49,0.000648356,0.145585,254490.0
601929.SH,20260424,533500,2.92,1557820.0,2.94,0.0152875,0.526954,348979.0
601933.SH,20260424,2829700,3.81,10781157.0,3.87,0.0311811,1.17195,907504.0
601939.SH,20260424,409200,9.7,3969240.0,9.73,0.00426532,0.48479,959366.0
601949.SH,20260424,58700,6.31,370397.0,6.35,0.00308303,0.680741,190397.0
601952.SH,20260424,227700,10.15,2311155.0,10.26,0.0165239,1.0468,137800.0
601956.SH,20260424,34600,5.97,206562.0,6.01,0.00556613,0.247619,62161.7
601958.SH,20260424,143700,19.33,2777721.0,19.43,0.0044536,0.330498,322660.0
601963.SH,20260424,28500,11.07,315495.0,11.04,0.00140116,0.197531,203403.0
601965.SH,20260424,88400,16.58,1465672.0,16.73,0.00885412,0.858875,99840.6
601966.SH,20260424,13400,14.03,188002.0,14.03,0.000915612,0.191377,146350.0
601968.SH,20260424,121000,5.26,636460.0,5.29,0.0094844,0.668084,127578.0
601969.SH,20260424,29900,11.15,333385.0,11.2,0.00151586,0.140694,197248.0
601975.SH,20260424,369100,4.47,1649877.0,4.51,0.00788617,0.177045,468034.0
601985.SH,20260424,691300,9.09,6283917.0,9.09,0.00366091,0.469144,1888330.0
601988.SH,20260424,948400,5.82,5519688.0,5.82,0.000449979,0.506032,21076600.0
601990.SH,20260424,41100,7.3,300030.0,7.3,0.00111492,0.319424,368636.0
601991.SH,20260424,1714200,4.18,7165356.0,4.21,0.0138286,0.893398,1239610.0
601992.SH,20260424,102900,1.69,173901.0,1.7,0.00123468,0.1971,833416.0
601995.SH,20260424,59700,33.98,2028606.0,34.17,0.00204204,0.416459,292354.0
601996.SH,20260424,297700,2.61,776997.0,2.59,0.0265587,0.486079,112091.0
601997.SH,20260424,1415000,6.27,8872050.0,6.28,0.0387014,2.12142,365620.0
601998.SH,20260424,69900,8.36,584364.0,8.37,0.000171479,0.17927,4076300.0
601999.SH,20260424,80900,7.4,598660.0,7.49,0.0146847,0.443828,55091.5
603000.SH,20260424,33200,19.52,648064.0,19.63,0.00300265,0.190448,110569.0
603001.SH,20260424,51500,8.65,445475.0,8.63,0.0128435,0.607354,40098.0
603002.SH,20260424,323400,13.7,4430580.0,13.87,0.0285165,0.334095,113408.0
603004.SH,20260424,2200,21.25,46750.0,21.36,0.00373641,0.0641558,5888.0
603005.SH,20260424,61600,31.49,1939784.0,31.69,0.00944537,0.127934,65217.2
603006.SH,20260424,217000,13.24,2873080.0,12.73,0.0853476,9.98491,25425.4
603007.SH,20260424,154300,6.27,967461.0,6.38,0.0221986,0.371287,69508.9
603008.SH,20260424,124400,12.2,1517680.0,12.25,0.0337775,0.616135,36829.2
603009.SH,20260424,9500,48.15,457425.0,48.2,0.00280725,0.141653,33840.9
603010.SH,20260424,31500,12.81,403515.0,12.81,0.00538434,0.209767,58503.0
603011.SH,20260424,95700,21.58,2065206.0,21.78,0.0193562,0.523698,49441.4
603012.SH,20260424,127600,8.91,1136916.0,9.01,0.019737,0.658394,64650.0
603013.SH,20260424,5600,19.08,106848.0,19.09,0.00110189,0.188731,50822.0
603014.SH,20260424,2600,37.08,96408.0,37.14,0.00660446,0.331645,3936.73
603015.SH,20260424,11200,11.95,133840.0,11.98,0.00277078,0.209633,40421.9
603016.SH,20260424,148500,52.01,7723485.0,52.76,0.100229,1.84591,14816.0
603017.SH,20260424,1382400,16.0,22118400.0,16.46,0.500524,4.89992,27619.0
603018.SH,20260424,18200,7.3,132860.0,7.28,0.00266161,0.308948,68379.6
603019.SH,20260424,455600,93.06,42398136.0,91.68,0.0311477,0.814265,146271.0
603020.SH,20260424,33500,10.88,364480.0,11.02,0.00874131,0.586309,38323.8
603021.SH,20260424,98900,7.62,753618.0,7.66,0.0309113,1.12285,31994.8
603022.SH,20260424,15900,10.35,164565.0,10.38,0.00795,0.435878,20000.0
603023.SH,20260424,74100,4.31,319371.0,4.33,0.0132768,0.684538,55811.7
603025.SH,20260424,43800,16.11,705618.0,16.16,0.00394888,0.189605,110917.0
603026.SH,20260424,137700,101.2,13935240.0,102.76,0.0591746,0.655823,23270.1
603027.SH,20260424,29970,9.4,281718.0,9.48,0.00239834,0.229104,124962.0
603028.SH,20260424,22600,8.04,181704.0,8.05,0.00795243,0.444793,28419.0
603029.SH,20260424,15600,18.29,285324.0,18.43,0.0128562,0.910886,12134.2
603030.SH,20260424,872400,2.5,2181000.0,2.47,0.0662448,1.6672,131693.0
603031.SH,20260424,67500,56.33,3802275.0,56.36,0.0311317,0.45095,21682.1
603032.SH,20260424,68800,21.74,1495712.0,21.87,0.0296983,0.351286,23166.3
603033.SH,20260424,18400,11.28,207552.0,11.22,0.00181723,0.175852,101253.0
603035.SH,20260424,305600,13.16,4021696.0,13.37,0.0834182,4.88786,36634.7
603036.SH,20260424,0,,0.0,17.52,0.0,0.0,20600.6
603037.SH,20260424,21300,14.77,314601.0,14.66,0.00800315,0.368275,26614.5
603038.SH,20260424,12300,16.8,206640.0,16.93,0.00457799,0.093785,26867.7
603039.SH,20260424,92800,45.82,4252096.0,46.91,0.0361983,0.737249,25636.6
603040.SH,20260424,5900,81.75,482325.0,82.3,0.00434641,0.341567,13574.4
603041.SH,20260424,3500,12.83,44905.0,12.83,0.00191103,0.168278,18314.8
603042.SH,20260424,68900,20.34,1401426.0,20.18,0.0429043,0.353236,16059.0
603043.SH,20260424,7400,15.46,114404.0,15.49,0.00131216,0.315506,56395.6
603045.SH,20260424,37100,36.5,1354150.0,36.31,0.0273912,0.529961,13544.5
603048.SH,20260424,9200,22.26,204792.0,22.42,0.00626362,0.392154,14688.0
603049.SH,20260424,11900,48.73,579887.0,48.73,0.013608,0.400438,8744.86
603050.SH,20260424,68900,19.25,1326325.0,19.42,0.0170832,1.93421,40331.9
603051.SH,20260424,15500,22.02,341310.0,22.16,0.00958963,0.287702,16163.3
603052.SH,20260424,189600,94.0,17822400.0,94.66,0.100906,1.45524,18789.7
603053.SH,20260424,5300,9.67,51251.0,9.67,0.000596249,0.177297,88889.0
603055.SH,20260424,8500,9.19,78115.0,9.22,0.000958232,0.142394,88705.0
603057.SH,20260424,22800,27.05,616740.0,27.05,0.00553398,0.414732,41200.0
603058.SH,20260424,53000,11.96,633880.0,12.03,0.0128132,0.642508,41363.7
603059.SH,20260424,16700,35.68,595856.0,35.51,0.0166254,1.15147,10044.9
603060.SH,20260424,2508000,7.06,17706480.0,6.63,0.311955,26.7734,80396.1
603061.SH,20260424,16260,244.44,3974594.0,246.44,0.0186897,0.498146,8700.0
603062.SH,20260424,12600,51.1,643860.0,51.5,0.0339869,0.885094,3707.31
603063.SH,20260424,186800,42.42,7924056.0,41.79,0.0407148,0.369087,45880.1
603065.SH,20260424,5400,8.03,43362.0,8.02,0.00128888,0.164897,41896.8
603066.SH,20260424,1280300,11.0,14083300.0,10.11,0.43521,53.5723,29418.0
603067.SH,20260424,77400,37.55,2906370.0,37.66,0.0108897,0.234138,71076.0
603068.SH,20260424,41400,33.58,1390212.0,32.78,0.027275,1.99399,15178.7
603069.SH,20260424,107000,16.63,1779410.0,16.65,0.0338608,1.79762,31600.0
603070.SH,20260424,13900,14.79,205581.0,14.74,0.00346633,0.502505,40100.0
603071.SH,20260424,19100,14.14,270074.0,14.25,0.00342322,0.389387,55795.4
603072.SH,20260424,6300,35.8,225540.0,35.88,0.00499089,0.28705,12623.0
603073.SH,20260424,14700,19.93,292971.0,19.75,0.0288842,0.888601,5089.28
603075.SH,20260424,8200,23.53,192946.0,23.61,0.0198812,0.48237,4124.51
603076.SH,20260424,54600,30.08,1642368.0,30.19,0.0452356,1.14642,12070.1
603077.SH,20260424,875200,2.87,2511824.0,2.89,0.00990979,0.222186,883167.0
603078.SH,20260424,144300,23.6,3405480.0,23.65,0.0374186,1.03777,38563.7
603079.SH,20260424,8800,16.5,145200.0,16.59,0.00465536,0.261477,18903.0
603080.SH,20260424,7200,21.71,156312.0,21.82,0.00508834,0.379847,14150.0
603081.SH,20260424,31700,11.78,373426.0,11.83,0.00750297,0.461245,42249.9
603082.SH,20260424,3200,36.67,117344.0,36.5,0.00789015,0.296441,4055.69
603083.SH,20260424,371000,160.0,59360000.0,164.33,0.134621,0.770777,27558.8
603085.SH,20260424,4600,11.78,54188.0,11.79,0.0011584,0.0569184,39710.0
603086.SH,20260424,28800,7.3,210240.0,7.36,0.00662353,0.26273,43481.3
603087.SH,20260424,92200,59.25,5462850.0,59.48,0.0165275,1.08249,55785.9
603088.SH,20260424,27700,13.47,373119.0,13.56,0.00632605,0.0935725,43787.2
603089.SH,20260424,75800,11.86,898988.0,11.9,0.031579,2.64501,24003.3
603090.SH,20260424,6600,68.85,454410.0,68.85,0.0066,0.112164,10000.0
603091.SH,20260424,1200,83.5,100200.0,82.09,0.0038166,0.27571,3144.16
603092.SH,20260424,18800,73.74,1386312.0,74.8,0.0561992,0.7284,3345.25
603093.SH,20260424,57000,20.54,1170780.0,20.66,0.00934325,0.456196,61006.6
603095.SH,20260424,24500,17.31,424095.0,17.52,0.00948623,0.643713,25826.9
603096.SH,20260424,15200,17.62,267824.0,17.74,0.00985511,0.733758,15423.5
603097.SH,20260424,431200,29.42,12685904.0,32.69,0.269477,11.7032,16001.4
603098.SH,20260424,13400,15.25,204350.0,15.38,0.00248701,0.138619,53880.0
603099.SH,20260424,15000,34.6,519000.0,34.62,0.00562493,0.30817,26667.0
603100.SH,20260424,12300,19.21,236283.0,19.29,0.00240451,0.216431,51153.9
603101.SH,20260424,148700,10.31,1533097.0,10.31,0.0316114,0.401372,47040.0
603102.SH,20260424,3400,40.04,136136.0,40.04,0.0053125,0.521009,6400.0
603103.SH,20260424,92800,22.21,2061088.0,22.49,0.0146326,0.41288,63420.0
603105.SH,20260424,270000,12.03,3248100.0,12.05,0.0539988,0.775705,50001.1
603106.SH,20260424,17500,8.86,155050.0,8.78,0.00336202,0.381428,52052.0
603107.SH,20260424,500,14.12,7060.0,14.14,0.000229175,0.021924,21817.4
603108.SH,20260424,36500,13.6,496400.0,13.62,0.00604602,0.151184,60370.3
603109.SH,20260424,2600,23.71,61646.0,23.79,0.00124492,0.0480174,20884.8
603110.SH,20260424,3000,18.0,54000.0,18.16,0.00149086,0.0350667,20122.7
603111.SH,20260424,184200,6.9,1270980.0,6.95,0.0215974,3.31224,85287.9
603112.SH,20260424,81500,20.77,1692755.0,20.58,0.0152449,0.559096,53460.7
603113.SH,20260424,14900,7.1,105790.0,7.13,0.00175606,0.0912125,84849.1
603115.SH,20260424,484500,56.73,27485685.0,58.55,0.200297,4.44707,24189.0
603116.SH,20260424,147000,5.82,855540.0,5.96,0.0255119,2.05655,57620.1
603117.SH,20260424,84800,4.36,369728.0,4.4,0.0141523,0.97815,59919.8
603118.SH,20260424,150463,14.48,2178704.0,14.57,0.0191118,0.184639,78727.6
603119.SH,20260424,34790,77.81,2707010.0,77.77,0.017064,0.229256,20387.9
603120.SH,20260424,3600,37.36,134496.0,37.52,0.00949868,0.358442,3790.0
603121.SH,20260424,75300,20.41,1536873.0,20.99,0.022243,1.04305,33853.4
603122.SH,20260424,75000,15.37,1152750.0,15.45,0.0188417,0.28515,39805.3
603123.SH,20260424,97800,11.46,1120788.0,11.56,0.0149937,0.328045,65227.6
603124.SH,20260424,6200,125.47,777914.0,124.02,0.00798878,0.345766,7760.88
603125.SH,20260424,78800,18.41,1450708.0,18.6,0.0194647,2.54612,40483.6
603126.SH,20260424,109700,7.94,871018.0,8.15,0.0179689,0.903601,61050.0
603127.SH,20260424,100800,36.92,3721536.0,37.3,0.015991,0.412821,63035.3
603128.SH,20260424,29900,5.57,166543.0,5.58,0.00228411,0.443992,130905.0
603129.SH,20260424,500,270.93,135465.0,272.1,0.000325769,0.0327735,15348.3
603130.SH,20260424,12000,48.23,578760.0,48.23,0.00872637,0.207237,13751.4
603131.SH,20260424,13200,21.03,277596.0,21.06,0.00391799,0.131068,33690.7
603132.SH,20260424,32600,18.67,608642.0,18.94,0.00333333,0.335631,97800.0
603135.SH,20260424,56540,11.61,656429.0,11.87,0.00898119,0.611703,62953.8
603136.SH,20260424,28100,10.67,299827.0,10.67,0.0104025,0.53655,27012.7
603137.SH,20260424,7200,13.05,93960.0,13.07,0.00393586,0.389265,18293.3
603138.SH,20260424,28100,20.05,563405.0,20.1,0.00974534,0.159869,28834.3
603139.SH,20260424,19800,35.53,703494.0,35.3,0.0198238,0.260841,9988.0
603150.SH,20260424,21100,60.1,1268110.0,60.1,0.0246833,0.760546,8548.3
603151.SH,20260424,12000,15.16,181920.0,15.19,0.00701293,0.288002,17111.3
603153.SH,20260424,18200,16.5,300300.0,16.81,0.0045074,1.32837,40378.0
603155.SH,20260424,9900,16.25,160875.0,16.32,0.00313503,0.222349,31578.7
603156.SH,20260424,24500,32.87,805315.0,33.26,0.00194402,0.295946,126028.0
603158.SH,20260424,217300,13.1,2846630.0,13.1,0.0442773,0.541459,49077.0
603159.SH,20260424,800,25.66,20528.0,25.68,0.000571429,0.0538787,14000.0
603160.SH,20260424,168100,67.66,11373646.0,70.74,0.0360904,2.80706,46577.5
603161.SH,20260424,10800,14.47,156276.0,14.42,0.0056619,0.414556,19074.9
603162.SH,20260424,35000,14.06,492100.0,14.15,0.0125257,0.125874,27942.5
603163.SH,20260424,5000,103.0,515000.0,104.57,0.005,0.152855,10000.0
603165.SH,20260424,77800,17.03,1324934.0,17.19,0.0242787,0.531627,32044.5
603166.SH,20260424,14700,13.5,198450.0,13.5,0.00229431,0.219007,64071.6
603167.SH,20260424,19700,9.35,184195.0,9.4,0.00419913,0.460242,46914.4
603168.SH,20260424,11000,6.34,69740.0,6.37,0.00295291,0.144234,37251.4
603169.SH,20260424,7519700,7.94,59706418.0,8.82,0.575652,38.1839,130629.0
603170.SH,20260424,4900,13.26,64974.0,13.32,0.00122497,0.255888,40001.0
603171.SH,20260424,34400,55.69,1915736.0,56.02,0.0084752,0.297847,40589.0
603172.SH,20260424,21700,20.5,444850.0,20.75,0.0433307,1.01759,5008.0
603173.SH,20260424,164400,37.68,6194592.0,40.29,0.10275,9.72725,16000.0
603175.SH,20260424,39525,96.81,3826415.0,98.08,0.0869173,0.812011,4547.42
603176.SH,20260424,6100,5.41,33001.0,5.43,0.00132087,0.164523,46181.6
603177.SH,20260424,26800,11.56,309808.0,11.6,0.0131249,0.320143,20419.2
603178.SH,20260424,923300,18.04,16656332.0,19.08,0.390547,2.72066,23641.2
603179.SH,20260424,33400,62.0,2070800.0,62.01,0.0065472,0.225022,51014.2
603180.SH,20260424,31300,18.01,563713.0,18.84,0.0202908,5.77009,15425.7
603181.SH,20260424,76798,15.57,1195745.0,15.58,0.0130454,1.19874,58870.0
603182.SH,20260424,17500,14.67,256725.0,14.74,0.0106351,0.33187,16455.0
603183.SH,20260424,318500,4.68,1490580.0,4.72,0.0640648,1.9282,49715.3
603185.SH,20260424,60800,24.3,1477440.0,24.53,0.00895405,0.436959,67902.2
603186.SH,20260424,37300,69.17,2580041.0,69.8,0.0237897,0.249481,15679.1
603187.SH,20260424,15500,15.12,234360.0,15.27,0.00405375,0.310577,38236.2
603188.SH,20260424,4200,4.79,20118.0,4.76,0.000736622,0.0363005,57017.0
603189.SH,20260424,94350,12.5,1179375.0,12.6,0.035003,0.413252,26954.8
603190.SH,20260424,8700,25.11,218457.0,25.32,0.0211599,0.896534,4111.56
603191.SH,20260424,23500,20.33,477755.0,20.55,0.00712198,0.203402,32996.5
603192.SH,20260424,5300,23.53,124709.0,23.53,0.00380183,0.570319,13940.6
603193.SH,20260424,114700,25.9,2970730.0,26.04,0.110997,1.78691,10333.6
603194.SH,20260424,4400,33.35,146740.0,33.52,0.00278434,0.392146,15802.7
603195.SH,20260424,1900,41.59,79021.0,41.52,0.000105517,0.108167,180066.0
603196.SH,20260424,13600,32.75,445400.0,32.75,0.00573868,0.21961,23698.8
603197.SH,20260424,2800,33.61,94108.0,33.73,0.00132606,0.128531,21115.2
603198.SH,20260424,540200,39.0,21067800.0,39.02,0.067525,8.49761,80000.0
603199.SH,20260424,72600,37.88,2750088.0,38.48,0.0655945,3.12977,11068.0
603200.SH,20260424,65700,64.06,4208742.0,65.1,0.0374401,0.511342,17548.0
603201.SH,20260424,12200,15.72,191784.0,15.77,0.00647714,0.762239,18835.5
603202.SH,20260424,482800,85.45,41255260.0,94.94,0.961493,38.7065,5021.36
603203.SH,20260424,103000,45.01,4636030.0,45.28,0.04134,1.17303,24915.3
603205.SH,20260424,1700,25.35,43095.0,25.46,0.00411224,0.292553,4134.0
603206.SH,20260424,30100,16.63,500563.0,16.75,0.00986239,0.443987,30520.0
603207.SH,20260424,1200,27.5,33000.0,27.68,0.00220588,0.163901,5440.0
603208.SH,20260424,2000,12.85,25700.0,12.86,0.00112884,0.136061,17717.3
603209.SH,20260424,18200,15.11,275002.0,15.31,0.00566111,0.319176,32149.2
603210.SH,20260424,4200,16.14,67788.0,16.15,0.00180507,0.168201,23267.8
603211.SH,20260424,44500,23.9,1063550.0,23.95,0.0163718,0.272067,27180.8
603212.SH,20260424,448500,14.21,6373185.0,14.28,0.102516,1.74163,43749.1
603213.SH,20260424,3200,13.41,42912.0,13.41,0.000724027,0.239338,44197.2
603214.SH,20260424,8400,15.77,132468.0,15.77,0.00606323,0.426239,13854.0
603215.SH,20260424,12700,19.45,247015.0,19.6,0.00678316,0.621927,18722.8
603216.SH,20260424,5600,29.43,164808.0,29.61,0.00251471,0.113523,22269.0
603217.SH,20260424,104700,30.13,3154611.0,30.13,0.0503153,1.69281,20808.8
603218.SH,20260424,23500,14.43,339105.0,14.56,0.00228591,0.191369,102804.0
603219.SH,20260424,13500,17.3,233550.0,17.34,0.0024047,0.202509,56140.0
603220.SH,20260424,1021700,33.22,33940874.0,34.23,0.235273,1.29696,43426.1
603221.SH,20260424,39300,11.44,449592.0,11.41,0.0162216,2.17579,24227.0
603222.SH,20260424,343100,9.88,3389828.0,9.91,0.0653411,1.43304,52509.1
603223.SH,20260424,23900,9.25,221075.0,9.28,0.00338612,0.162204,70582.2
603225.SH,20260424,32400,17.06,552744.0,17.07,0.00194181,0.139327,166855.0
603226.SH,20260424,8400,38.8,325920.0,38.78,0.00236292,0.232822,35549.2
603227.SH,20260424,46700,8.73,407691.0,8.82,0.00435759,0.130866,107169.0
603228.SH,20260424,865800,71.12,61575696.0,70.0,0.0887312,1.69007,97575.6
603229.SH,20260424,2500,9.88,24700.0,9.92,0.000301097,0.0373,83029.7
603230.SH,20260424,7700,10.9,83930.0,10.9,0.00217808,0.272283,35352.3
603231.SH,20260424,9900,17.75,175725.0,17.76,0.00931625,0.533008,10626.6
603232.SH,20260424,37500,18.8,705000.0,18.88,0.0162127,0.477259,23130.0
603233.SH,20260424,448700,18.19,8161853.0,17.98,0.0393995,8.94107,113885.0
603235.SH,20260424,6000,26.33,157980.0,26.33,0.00137055,1.24626,43778.0
603236.SH,20260424,356000,79.6,28337600.0,85.03,0.136056,4.27909,26165.8
603237.SH,20260424,4000,17.46,69840.0,17.53,0.00204069,0.244075,19601.2
603238.SH,20260424,120700,15.15,1828605.0,15.59,0.0679966,5.87214,17750.9
603239.SH,20260424,31300,23.27,728351.0,23.29,0.0115618,0.684335,27072.0
603248.SH,20260424,29100,24.91,724881.0,25.08,0.0419859,0.348109,6930.89
603255.SH,20260424,8200,29.0,237800.0,29.16,0.0135146,0.608309,6067.52
603256.SH,20260424,331900,103.72,34424668.0,105.89,0.0377276,1.16693,87972.8
603257.SH,20260424,5700,56.58,322506.0,56.55,0.0228916,0.299828,2490.0
603258.SH,20260424,3400,17.15,58310.0,17.15,0.00140879,0.192827,24134.1
603259.SH,20260424,237436,99.03,23513287.0,100.19,0.00960004,0.571375,247328.0
603260.SH,20260424,46500,44.6,2073900.0,45.08,0.00393332,0.481176,118221.0
603261.SH,20260424,10400,35.59,370136.0,35.2,0.0134185,0.971919,7750.5
603262.SH,20260424,15600,25.98,405288.0,26.04,0.0389922,1.10611,4000.8
603266.SH,20260424,14100,20.2,284820.0,20.4,0.00708946,0.339223,19888.7
603267.SH,20260424,12400,52.15,646660.0,52.28,0.00536609,0.209694,23108.1
603268.SH,20260424,45600,142.69,6506664.0,142.48,0.0195499,0.319537,23325.0
603269.SH,20260424,142900,15.03,2147787.0,15.21,0.0462831,0.639668,30875.2
603270.SH,20260424,11600,25.99,301484.0,26.04,0.0164035,0.470889,7071.67
603271.SH,20260424,15000,48.85,732750.0,49.29,0.0158603,0.29646,9457.6
603272.SH,20260424,1299800,20.95,27230810.0,20.08,1.25431,18.1896,10362.7
603273.SH,20260424,4500,17.46,78570.0,17.35,0.00802734,0.380506,5605.84
603275.SH,20260424,1200,46.17,55404.0,46.18,0.00288906,0.0686117,4153.6
603276.SH,20260424,10900,16.99,185191.0,17.17,0.0144099,0.626529,7564.23
603277.SH,20260424,16900,13.18,222742.0,13.18,0.00277165,0.972483,60974.6
603278.SH,20260424,305300,12.82,3913946.0,13.2,0.0893319,0.571698,34175.9
603279.SH,20260424,117400,17.02,1998148.0,17.75,0.0203688,2.12405,57637.3
603280.SH,20260424,3600,33.77,121572.0,33.97,0.012884,0.314724,2794.17
603281.SH,20260424,2500,33.3,83250.0,33.3,0.000669643,0.0505297,37333.3
603282.SH,20260424,6900,21.24,146556.0,21.24,0.00515618,0.397209,13382.0
603283.SH,20260424,17900,50.2,898580.0,50.49,0.00660093,0.14372,27117.4
603284.SH,20260424,24400,53.01,1293444.0,54.2,0.132082,0.938974,1847.34
603285.SH,20260424,133000,42.23,5616590.0,41.88,0.213494,1.84306,6229.68
603286.SH,20260424,26500,64.26,1702890.0,64.5,0.0229607,0.432179,11541.5
603288.SH,20260424,96644,39.8,3846431.0,39.58,0.00173801,0.612551,556060.0
603289.SH,20260424,69000,11.71,807990.0,11.79,0.0235182,0.618401,29339.0
603290.SH,20260424,52887,106.08,5610253.0,106.0,0.0220847,1.02754,23947.3
603291.SH,20260424,1600,11.98,19168.0,11.98,0.000378053,0.033972,42322.1
603293.SH,20260424,78544,53.01,4163617.0,53.77,0.223794,0.680732,3509.65
603296.SH,20260424,56350,104.31,5877869.0,103.86,0.00987752,0.390326,57048.7
603297.SH,20260424,30600,115.0,3519000.0,118.93,0.027635,1.65423,11072.9
603298.SH,20260424,58500,25.86,1512810.0,25.61,0.00446629,1.02075,130981.0
603299.SH,20260424,17200,11.11,191092.0,11.21,0.0022112,0.196025,77785.7
603300.SH,20260424,419100,7.0,2933700.0,7.05,0.021012,0.609947,199457.0
603301.SH,20260424,10400,91.89,955656.0,91.77,0.00394124,0.377992,26387.6
603303.SH,20260424,4500,16.34,73530.0,16.18,0.000943506,0.135978,47694.5
603305.SH,20260424,161800,14.9,2410820.0,14.92,0.0140001,0.512302,115571.0
603306.SH,20260424,164991,104.35,17216811.0,106.0,0.0500738,1.17229,32949.5
603307.SH,20260424,2000,38.7,77400.0,38.76,0.00298507,0.612482,6700.0
603308.SH,20260424,657389,82.17,54017654.0,83.0,0.0968113,2.64707,67904.1
603309.SH,20260424,49600,13.21,655216.0,13.35,0.0169938,0.535339,29187.1
603310.SH,20260424,1200,16.18,19416.0,16.14,0.000618525,0.0961645,19401.0
603311.SH,20260424,31200,18.01,561912.0,18.2,0.0132268,0.37042,23588.4
603312.SH,20260424,2200,40.95,90090.0,41.02,0.00432055,0.176369,5091.95
603313.SH,20260424,17800,7.71,137238.0,7.73,0.0031196,0.284701,57058.7
603315.SH,20260424,1024800,18.84,19307232.0,19.53,0.319884,2.35796,32036.6
603316.SH,20260424,16700,15.41,257347.0,15.42,0.00631944,0.184615,26426.4
603317.SH,20260424,52300,13.64,713372.0,13.79,0.00491211,0.774139,106471.0
603318.SH,20260424,4480110,11.39,51028453.0,10.35,0.975908,8.74733,45907.1
603319.SH,20260424,100540,38.01,3821525.0,37.7,0.0296447,0.574062,33915.0
603320.SH,20260424,2800,23.31,65268.0,23.4,0.00187735,0.0638975,14914.6
603321.SH,20260424,22500,7.21,162225.0,7.21,0.00652998,0.701326,34456.4
603322.SH,20260424,35500,35.0,1242500.0,35.05,0.0225273,0.183913,15758.7
603323.SH,20260424,134500,5.02,675190.0,5.03,0.00666323,0.597467,201854.0
603324.SH,20260424,30300,26.77,811131.0,26.91,0.0205174,0.926006,14768.0
603325.SH,20260424,154482,69.3,10705603.0,77.0,0.451924,23.4694,3418.32
603326.SH,20260424,12900,8.6,110940.0,8.7,0.00404165,0.387011,31917.7
603327.SH,20260424,233900,10.22,2390458.0,10.29,0.0223729,0.527938,104546.0
603328.SH,20260424,306700,13.53,4149651.0,13.67,0.0307178,0.637154,99844.3
603329.SH,20260424,11100,10.15,112665.0,10.2,0.00537835,0.633348,20638.3
603330.SH,20260424,18200,7.24,131768.0,7.24,0.0042064,0.222401,43267.4
603331.SH,20260424,10100,14.88,150288.0,14.88,0.00499566,0.173334,20217.6
603332.SH,20260424,147900,14.59,2157861.0,14.88,0.0683623,1.05033,21634.7
603333.SH,20260424,38000,8.1,307800.0,8.12,0.00611397,0.323809,62152.8
603334.SH,20260424,1400,51.21,71694.0,51.38,0.00450833,0.0805329,3105.36
603335.SH,20260424,635600,6.32,4016992.0,6.52,0.148455,1.21713,42814.5
603336.SH,20260424,119400,10.9,1301460.0,10.83,0.019615,0.666717,60871.9
603337.SH,20260424,18200,37.88,689416.0,38.45,0.00384189,0.621612,47372.6
603338.SH,20260424,9900,49.28,487872.0,49.39,0.00195518,0.256736,50634.8
603339.SH,20260424,13000,13.71,178230.0,13.84,0.00420112,0.231665,30944.1
603341.SH,20260424,15600,37.3,581880.0,37.49,0.00585997,0.228986,26621.3
603344.SH,20260424,8300,28.01,232483.0,28.2,0.0153616,0.621716,5403.1
603345.SH,20260424,17100,97.7,1670670.0,96.73,0.00583032,0.414816,29329.4
603348.SH,20260424,10400,19.56,203424.0,19.51,0.00330708,0.376171,31447.7
603350.SH,20260424,9900,34.92,345708.0,35.25,0.0224365,0.529406,4412.45
603351.SH,20260424,1100,25.75,28325.0,25.72,0.000812173,0.12179,13543.9
603352.SH,20260424,9300,37.75,351075.0,37.75,0.0209354,0.609116,4442.24
603353.SH,20260424,20900,36.1,754490.0,36.51,0.012264,0.438184,17041.8
603355.SH,20260424,25000,30.67,766750.0,30.48,0.00435998,0.671168,57339.7
603356.SH,20260424,8600,16.99,146114.0,17.0,0.00644968,0.201744,13334.0
603357.SH,20260424,21200,8.14,172568.0,8.16,0.00381567,0.560241,55560.3
603358.SH,20260424,26400,36.16,954624.0,36.34,0.00579991,0.237542,45517.9
603359.SH,20260424,11000,5.63,61930.0,5.64,0.00246584,0.132945,44609.6
603360.SH,20260424,13500,23.24,313740.0,23.51,0.00191158,0.0892358,70622.4
603363.SH,20260424,48168400,3.27,157510668.0,3.63,2.24758,105.584,214313.0
603365.SH,20260424,104600,22.0,2301200.0,20.77,0.0402614,8.37429,25980.2
603366.SH,20260424,48600,8.41,408726.0,8.4,0.00597751,0.332429,81304.8
603367.SH,20260424,20700,15.49,320643.0,15.49,0.00457202,0.313786,45275.4
603368.SH,20260424,97800,16.68,1631304.0,16.76,0.0246217,3.87396,39721.1
603369.SH,20260424,63300,26.17,1656561.0,26.26,0.005077,0.623831,124680.0
603370.SH,20260424,4500,43.63,196335.0,43.91,0.0128608,0.721518,3499.0
603373.SH,20260424,600,39.0,23400.0,39.01,0.00132071,0.0436253,4543.01
603375.SH,20260424,15300,42.15,644895.0,42.12,0.0239884,0.340638,6378.09
603376.SH,20260424,1300,32.7,42510.0,32.75,0.00418847,0.150253,3103.76
603377.SH,20260424,0,,0.0,3.62,0.0,0.0,71542.2
603378.SH,20260424,25400,5.52,140208.0,5.52,0.00592632,0.405524,42859.7
603379.SH,20260424,22200,61.0,1354200.0,61.09,0.00363649,0.309078,61047.9
603380.SH,20260424,3600,34.94,125784.0,35.12,0.00224381,0.129461,16044.1
603381.SH,20260424,5900,23.8,140420.0,23.84,0.0041509,0.0815959,14213.8
603382.SH,20260424,800,27.0,21600.0,26.9,0.00220688,0.107922,3625.03
603383.SH,20260424,40400,32.8,1325120.0,33.41,0.0196712,0.560622,20537.6
603385.SH,20260424,38600,6.34,244724.0,6.39,0.0101402,0.97533,38066.5
603386.SH,20260424,7800,14.08,109824.0,14.16,0.00239027,0.137081,32632.3
603387.SH,20260424,59000,9.25,545750.0,9.33,0.0116336,0.31355,50715.4
603389.SH,20260424,17500,51.27,897225.0,50.8,0.00666027,0.945041,26275.2
603390.SH,20260424,3486200,13.69,47726078.0,13.27,0.994597,86.7853,35051.4
603391.SH,20260424,3000,62.25,186750.0,63.13,0.0131868,0.282723,2275.0
603392.SH,20260424,6700,38.7,259290.0,38.56,0.000529899,0.184395,126439.0
603393.SH,20260424,26900,33.47,900343.0,33.73,0.00635601,0.282148,42322.1
603395.SH,20260424,14300,28.02,400686.0,28.26,0.022,0.623854,6500.0
603396.SH,20260424,4100,34.94,143254.0,34.95,0.0029597,0.112801,13852.7
603398.SH,20260424,423600,11.5,4871400.0,11.9,0.0976844,3.79222,43364.2
603399.SH,20260424,171300,13.35,2286855.0,13.52,0.033438,0.270161,51229.1
603400.SH,20260424,300,65.83,19749.0,66.06,0.0015,0.0168537,2000.0
603402.SH,20260424,3300,132.8,438240.0,133.74,0.017069,0.233815,1933.33
603406.SH,20260424,200,34.2,6840.0,34.22,0.000545516,0.0162071,3666.25
603408.SH,20260424,64600,11.32,731272.0,11.47,0.0144334,2.49707,44757.3
603409.SH,20260424,6100,42.02,256322.0,42.02,0.0168675,0.191824,3616.43
603416.SH,20260424,700,51.68,36176.0,51.65,0.000502711,0.0379743,13924.5
603418.SH,20260424,1800,50.03,90054.0,50.29,0.00435155,0.249253,4136.46
603421.SH,20260424,120600,8.16,984096.0,8.3,0.0184915,0.64614,65219.1
603429.SH,20260424,9300,9.64,89652.0,9.82,0.00177317,0.200316,52448.5
603439.SH,20260424,12200,10.85,132370.0,10.86,0.003021,0.644221,40384.0
603444.SH,20260424,52000,391.9,20378800.0,387.7,0.072181,2.34392,7204.11
603456.SH,20260424,745600,15.09,11251104.0,16.54,0.0838275,6.81397,88944.6
603458.SH,20260424,32600,11.53,375878.0,11.56,0.0106493,0.180583,30612.5
603459.SH,20260424,197200,59.8,11792560.0,59.06,0.249456,0.702722,7905.19
603466.SH,20260424,839434,10.08,8461495.0,10.31,0.141125,2.10692,59481.8
603477.SH,20260424,74800,18.05,1350140.0,18.11,0.0146646,0.40313,51007.0
603486.SH,20260424,21000,63.6,1335600.0,63.92,0.00366267,0.357922,57335.2
603488.SH,20260424,3100,10.99,34069.0,10.98,0.00106168,0.0361997,29199.0
603489.SH,20260424,31400,34.98,1098372.0,35.33,0.0133835,0.458571,23461.8
603496.SH,20260424,409200,31.62,12938904.0,31.86,0.127791,1.53327,32020.9
603499.SH,20260424,24304,20.7,503093.0,20.51,0.00803187,0.397085,30259.4
603500.SH,20260424,25500,10.79,275145.0,10.75,0.00768458,0.676223,33183.3
603501.SH,20260424,54000,92.25,4981500.0,92.44,0.00446131,0.305739,121041.0
603505.SH,20260424,78700,17.68,1391416.0,17.73,0.00935047,0.610003,84166.9
603506.SH,20260424,12200,12.18,148596.0,12.16,0.00649704,0.450297,18777.8
603507.SH,20260424,72200,45.0,3249000.0,45.51,0.03972,0.5161,18177.2
603508.SH,20260424,8800,24.15,212520.0,24.26,0.00230805,0.330245,38127.4
603511.SH,20260424,9400,14.18,133292.0,14.21,0.00233896,0.796394,40188.7
603515.SH,20260424,16790,19.8,332442.0,19.88,0.00228023,0.60769,73632.8
603516.SH,20260424,40200,144.01,5789202.0,145.4,0.0197768,0.695396,20326.8
603517.SH,20260424,35100,13.01,456651.0,13.05,0.00579206,0.720033,60600.2
603518.SH,20260424,32900,8.98,295442.0,9.06,0.0095619,0.77908,34407.4
603519.SH,20260424,6400,14.21,90944.0,14.18,0.00240305,0.136313,26632.8
603520.SH,20260424,128800,10.58,1362704.0,10.58,0.0293789,0.870255,43841.0
603527.SH,20260424,65200,11.48,748496.0,11.59,0.0205697,0.390515,31697.1
603528.SH,20260424,26900,8.0,215200.0,7.95,0.00381058,0.472502,70593.0
603529.SH,20260424,792940,24.71,19593547.0,25.96,0.0935556,7.83668,84756.0
603530.SH,20260424,14600,61.24,894104.0,61.61,0.00341549,0.224406,42746.5
603533.SH,20260424,88100,26.5,2334650.0,26.84,0.0200731,0.396308,43889.7
603535.SH,20260424,2600,8.09,21034.0,8.16,0.000508888,0.0818505,51091.8
603536.SH,20260424,41100,9.65,396615.0,9.75,0.0170871,1.06649,24053.2
603538.SH,20260424,1302100,55.0,71615500.0,55.55,0.602173,2.30125,21623.4
603551.SH,20260424,2300,12.23,28129.0,12.27,0.000605449,0.0992221,37988.4
603556.SH,20260424,32600,30.12,981912.0,30.2,0.00670417,0.368254,48626.4
603557.SH,20260424,119200,3.71,442232.0,3.71,0.0191198,0.83342,62343.7
603558.SH,20260424,81100,13.56,1099716.0,13.67,0.0236693,0.808032,34263.8
603559.SH,20260424,2800,6.76,18928.0,6.77,0.000697772,0.0943362,40127.7
603565.SH,20260424,424400,10.88,4617472.0,11.03,0.0202089,2.13388,210006.0
603566.SH,20260424,5800,12.47,72326.0,12.44,0.001676,0.194494,34606.2
603567.SH,20260424,31400,6.67,209438.0,6.71,0.00334206,0.200735,93954.1
603568.SH,20260424,38800,21.27,825276.0,21.27,0.00227293,0.263387,170704.0
603569.SH,20260424,100700,6.32,636424.0,6.37,0.0166858,2.0473,60350.7
603577.SH,20260424,9500,11.06,105070.0,11.1,0.00280121,0.153094,33913.9
603578.SH,20260424,37000,12.96,479520.0,13.13,0.0205149,0.529003,18035.7
603579.SH,20260424,17000,19.86,337620.0,20.07,0.00845551,0.532399,20105.2
603580.SH,20260424,126000,18.03,2271780.0,18.98,0.0964238,5.42331,13067.3
603583.SH,20260424,8300,32.86,272738.0,32.98,0.00217137,0.20915,38224.7
603585.SH,20260424,281568,20.41,5746803.0,21.29,0.14704,1.99529,19149.1
603586.SH,20260424,334500,19.36,6475920.0,19.8,0.170617,5.58093,19605.3
603587.SH,20260424,14400,12.88,185472.0,12.95,0.00303738,0.331025,47409.3
603588.SH,20260424,238378,15.22,3628113.0,15.29,0.0156495,0.331955,152323.0
603589.SH,20260424,129200,24.65,3184780.0,24.94,0.021601,3.26344,59811.9
603590.SH,20260424,15500,35.8,554900.0,36.07,0.00979627,0.44161,15822.3
603595.SH,20260424,46400,17.63,818032.0,17.76,0.0199619,0.70948,23244.2
603596.SH,20260424,52100,46.44,2419524.0,46.64,0.0085901,0.574176,60651.2
603598.SH,20260424,97700,20.75,2027275.0,21.19,0.0362681,0.538997,26938.3
603599.SH,20260424,28400,13.69,388796.0,13.79,0.00311996,0.236024,91026.9
603600.SH,20260424,29300,11.19,327867.0,11.18,0.00976543,0.644285,30003.8
603601.SH,20260424,1145600,15.15,17355840.0,15.15,0.100285,0.476537,114234.0
603602.SH,20260424,33900,12.88,436632.0,13.03,0.0146717,1.06108,23105.8
603605.SH,20260424,16100,60.7,977270.0,60.76,0.0040659,0.433894,39597.6
603606.SH,20260424,64700,65.8,4257260.0,65.91,0.00940796,0.357697,68771.5
603607.SH,20260424,5100,23.49,119799.0,23.49,0.00285687,0.108093,17851.7
603608.SH,20260424,10500,12.78,134190.0,12.89,0.00250157,0.043733,41973.6
603609.SH,20260424,2800,6.85,19180.0,6.85,0.000308271,0.0801044,90829.1
603610.SH,20260424,4400,15.25,67100.0,15.37,0.00124649,0.0936358,35299.2
603611.SH,20260424,26200,20.59,539458.0,20.61,0.0101708,1.13272,25760.1
603612.SH,20260424,123300,24.65,3039345.0,24.69,0.0247538,0.692781,49810.4
603613.SH,20260424,76800,27.71,2128128.0,27.73,0.0106587,0.617583,72053.8
603615.SH,20260424,15800,20.06,316948.0,20.0,0.00653379,0.32411,24182.0
603616.SH,20260424,371600,6.1,2266760.0,6.31,0.0966971,3.72461,38429.3
603617.SH,20260424,9700,7.28,70616.0,7.28,0.0025284,0.210054,38364.1
603618.SH,20260424,3202700,31.66,101397482.0,31.41,0.463236,3.56121,69137.6
603619.SH,20260424,233700,33.51,7831287.0,33.39,0.0505474,0.997845,46233.8
603626.SH,20260424,107141,22.7,2432101.0,22.9,0.0193089,0.312292,55488.0
603628.SH,20260424,14100,13.36,188376.0,13.44,0.00518055,0.17906,27217.2
603629.SH,20260424,472200,111.68,52735296.0,116.48,0.183841,1.06233,25685.2
603630.SH,20260424,6800,16.31,110908.0,16.31,0.00301948,0.249316,22520.5
603633.SH,20260424,112600,8.59,967234.0,8.67,0.0263817,0.449635,42681.1
603636.SH,20260424,49900,8.95,446605.0,8.99,0.0085981,0.689482,58036.1
603637.SH,20260424,165900,16.61,2755599.0,16.5,0.0695056,0.874379,23868.6
603638.SH,20260424,19900,22.03,438397.0,22.28,0.00239445,0.166075,83108.9
603639.SH,20260424,20800,13.62,283296.0,13.62,0.00611984,0.649367,33987.8
603648.SH,20260424,29900,9.79,292721.0,9.76,0.00825026,1.52947,36241.3
603650.SH,20260424,232300,54.85,12741655.0,55.67,0.0378047,1.4808,61447.3
603655.SH,20260424,16800,43.55,731640.0,43.2,0.0158491,0.705087,10600.0
603656.SH,20260424,1000,20.1,20100.0,20.13,0.000546611,0.0340054,18294.5
603657.SH,20260424,3300,26.0,85800.0,26.02,0.00244101,0.224923,13519.0
603658.SH,20260424,5900,33.91,200069.0,33.91,0.00103251,0.302391,57142.5
603659.SH,20260424,651900,34.8,22686120.0,34.38,0.030514,1.08164,213640.0
603660.SH,20260424,29400,10.4,305760.0,10.45,0.00514442,0.135283,57149.3
603661.SH,20260424,3500,31.67,110845.0,31.68,0.00251677,0.425944,13906.7
603662.SH,20260424,2800,55.98,156744.0,56.03,0.000997045,0.086872,28083.0
603663.SH,20260424,80700,48.9,3946230.0,48.73,0.0190861,0.822077,42282.0
603665.SH,20260424,1700,26.4,44880.0,26.29,0.00106139,0.0445349,16016.8
603666.SH,20260424,323100,28.86,9324666.0,26.85,0.157203,9.1233,20553.0
603667.SH,20260424,153800,68.01,10459938.0,68.3,0.0419986,0.686658,36620.3
603668.SH,20260424,61500,13.39,823485.0,13.43,0.012159,0.478742,50579.7
603669.SH,20260424,19600,4.25,83300.0,4.26,0.00275153,0.102431,71233.0
603676.SH,20260424,74600,10.1,753460.0,10.2,0.0171431,3.93688,43516.1
603677.SH,20260424,4100,15.32,62812.0,15.36,0.00212875,0.309039,19260.1
603678.SH,20260424,18600,34.78,646908.0,34.84,0.00391112,0.160166,47556.7
603679.SH,20260424,19400,13.6,263840.0,13.73,0.0109181,0.413087,17768.6
603680.SH,20260424,2800,12.63,35364.0,12.75,0.000357271,0.0678804,78371.9
603681.SH,20260424,1600,17.4,27840.0,17.43,0.000672999,0.03303,23774.2
603682.SH,20260424,127100,7.07,898597.0,7.12,0.0268995,0.772091,47250.0
603683.SH,20260424,41100,28.9,1187790.0,28.77,0.0142624,0.299246,28816.9
603685.SH,20260424,3000,31.97,95910.0,31.96,0.00148909,0.0702723,20146.6
603686.SH,20260424,50700,18.55,940485.0,18.68,0.0122042,0.426011,41543.0
603687.SH,20260424,1553500,17.71,27512485.0,18.56,0.282438,1.45806,55003.2
603688.SH,20260424,180600,51.7,9337020.0,52.55,0.0333408,0.693261,54167.8
603689.SH,20260424,10600,8.14,86284.0,8.19,0.00202504,0.278434,52344.7
603690.SH,20260424,39100,25.62,1001742.0,25.87,0.0102098,0.369859,38296.4
603693.SH,20260424,387000,15.91,6157170.0,16.43,0.0434112,1.17236,89147.6
603696.SH,20260424,30300,15.42,467226.0,15.6,0.0128827,0.508608,23520.0
603697.SH,20260424,29960,10.42,312183.0,10.42,0.00700504,0.43675,42769.2
603698.SH,20260424,404200,42.74,17275508.0,43.1,0.0754119,0.67983,53599.0
603699.SH,20260424,17800,58.5,1041300.0,58.32,0.00234784,0.181467,75814.3
603700.SH,20260424,26000,12.64,328640.0,12.71,0.0130025,0.421843,19996.2
603701.SH,20260424,18600,25.7,478020.0,25.73,0.00711657,0.341375,26136.2
603703.SH,20260424,21500,13.69,294335.0,13.78,0.00518095,0.192586,41498.2
603706.SH,20260424,7600,20.4,155040.0,20.33,0.00401304,0.501909,18938.3
603707.SH,20260424,27100,9.35,253385.0,9.37,0.00167735,0.315641,161564.0
603708.SH,20260424,41700,10.86,452862.0,10.9,0.00653258,0.620872,63833.9
603709.SH,20260424,384300,19.09,7336287.0,19.09,0.307171,12.9458,12510.9
603711.SH,20260424,700,12.32,8624.0,12.38,0.000169543,0.0553245,41287.4
603712.SH,20260424,24100,16.31,393071.0,16.42,0.00312176,0.288464,77200.0
603713.SH,20260424,2400,58.51,140424.0,58.79,0.00151776,0.224549,15812.8
603716.SH,20260424,38300,21.58,826514.0,21.86,0.0169626,0.295448,22579.1
603717.SH,20260424,17300,6.66,115218.0,6.69,0.00596251,0.248081,29014.6
603718.SH,20260424,267300,3.9,1042470.0,3.87,0.0411877,1.0429,64898.0
603719.SH,20260424,12900,10.13,130677.0,10.15,0.00321696,0.299576,40100.0
603721.SH,20260424,2100,21.69,45549.0,21.79,0.00161538,0.0720682,13000.0
603722.SH,20260424,11650,38.5,448525.0,38.05,0.0121734,0.897452,9570.01
603725.SH,20260424,10600,9.6,101760.0,9.67,0.00369779,0.119794,28665.8
603726.SH,20260424,23700,22.98,544626.0,23.25,0.0128312,1.13016,18470.6
603727.SH,20260424,35800,17.89,640462.0,18.05,0.0127077,0.452061,28171.9
603728.SH,20260424,6300,57.46,361998.0,57.48,0.001504,0.138863,41888.2
603729.SH,20260424,26300,16.63,437369.0,16.75,0.0285357,1.33179,9216.51
603730.SH,20260424,275500,10.14,2793570.0,10.06,0.0128224,1.45392,214859.0
603733.SH,20260424,4600,22.51,103546.0,22.6,0.000649971,0.155029,70772.4
603737.SH,20260424,46900,43.39,2034991.0,43.66,0.00635659,0.732717,73781.8
603738.SH,20260424,998740,37.3,37253002.0,37.0,0.258816,1.48626,38588.8
603739.SH,20260424,4000,14.73,58920.0,14.8,0.00158085,0.132242,25302.9
603755.SH,20260424,15700,28.02,439914.0,28.08,0.0159207,1.45536,9861.37
603757.SH,20260424,79600,52.98,4217208.0,52.58,0.0426702,0.438541,18654.7
603758.SH,20260424,5900,12.55,74045.0,12.55,0.00134459,0.132439,43879.7
603759.SH,20260424,4000,9.4,37600.0,9.42,0.000866251,0.1114,46176.0
603766.SH,20260424,51400,15.92,818288.0,15.95,0.00250299,0.173963,205354.0
603767.SH,20260424,10000,18.51,185100.0,18.58,0.00324011,0.284009,30863.2
603768.SH,20260424,35000,10.8,378000.0,10.91,0.0147086,1.72112,23795.6
603773.SH,20260424,277400,60.38,16749412.0,60.5,0.123476,0.964856,22465.9
603776.SH,20260424,1500,20.43,30645.0,20.56,0.000534263,0.0258032,28076.1
603777.SH,20260424,199600,15.01,2995996.0,15.32,0.0596847,0.88517,33442.4
603778.SH,20260424,496000,26.18,12985280.0,26.54,0.0771556,0.456275,64285.7
603779.SH,20260424,32900,6.16,202664.0,6.17,0.00990717,0.712567,33208.3
603786.SH,20260424,15100,53.73,811323.0,53.81,0.00373895,0.379197,40385.7
603787.SH,20260424,70000,12.0,840000.0,12.05,0.0304158,0.970481,23014.4
603788.SH,20260424,197000,18.0,3546000.0,18.5,0.088315,1.68719,22306.5
603789.SH,20260424,248000,5.41,1341680.0,5.48,0.0953846,5.32035,26000.0
603790.SH,20260424,11300,23.01,260013.0,23.28,0.0059051,0.407408,19136.0
603797.SH,20260424,33400,4.63,154642.0,4.67,0.00579253,0.7017,57660.5
603798.SH,20260424,28100,17.58,493998.0,17.78,0.0109573,0.331878,25645.0
603799.SH,20260424,352800,62.21,21947688.0,62.22,0.0186903,0.425329,188761.0
603800.SH,20260424,33100,48.0,1588800.0,48.05,0.0159135,0.424651,20800.0
603801.SH,20260424,7000,8.94,62580.0,8.99,0.0016116,0.331654,43435.1
603803.SH,20260424,614300,14.66,9005638.0,14.87,0.144581,0.884749,42488.4
603806.SH,20260424,101600,18.0,1828800.0,18.15,0.00389459,0.221153,260874.0
603808.SH,20260424,32600,10.38,338388.0,10.3,0.00883246,0.270293,36909.3
603809.SH,20260424,174120,10.77,1875272.0,10.83,0.0189201,1.61948,92028.9
603810.SH,20260424,8200,15.31,125542.0,15.31,0.00495946,0.366273,16534.1
603811.SH,20260424,308700,12.05,3719835.0,11.91,0.0943159,4.7024,32730.4
603813.SH,20260424,216900,34.98,7587162.0,33.31,0.206542,21.1692,10501.5
603815.SH,20260424,379400,7.11,2697534.0,7.24,0.0612999,0.659194,61892.4
603816.SH,20260424,37700,30.4,1146080.0,30.23,0.00464191,0.624435,81216.6
603817.SH,20260424,12800,7.04,90112.0,7.06,0.00224528,0.130117,57008.4
603818.SH,20260424,87200,3.34,291248.0,3.38,0.0127013,0.692315,68654.4
603819.SH,20260424,43500,13.91,605085.0,13.92,0.0199789,0.48615,21773.0
603822.SH,20260424,8400,84.1,706440.0,85.69,0.0109338,0.550641,7682.59
603823.SH,20260424,5400,16.2,87480.0,16.2,0.00129693,0.0787781,41636.8
603825.SH,20260424,35500,8.51,302105.0,8.54,0.014013,1.58949,25333.7
603826.SH,20260424,82000,34.5,2829000.0,34.87,0.0125153,0.476097,65520.0
603828.SH,20260424,2200,5.22,11484.0,5.23,0.000369165,0.0442246,59594.0
603829.SH,20260424,1800,27.65,49770.0,27.81,0.000966359,0.0171866,18626.6
603833.SH,20260424,11000,47.0,517000.0,47.13,0.00180579,0.409423,60915.3
603836.SH,20260424,16000,13.19,211040.0,13.12,0.00779593,0.591252,20523.5
603838.SH,20260424,7300,8.72,63656.0,8.9,0.00228114,0.184911,32001.6
603839.SH,20260424,4600,7.53,34638.0,7.58,0.00118858,0.157524,38701.6
603843.SH,20260424,5335160,7.8,41614248.0,8.21,0.762576,22.638,69962.3
603848.SH,20260424,1600,15.24,24384.0,15.34,0.000397608,0.104112,40240.7
603855.SH,20260424,0,,0.0,19.35,0.0,0.0,33553.2
603856.SH,20260424,32500,12.9,419250.0,13.0,0.0115225,0.560891,28205.6
603858.SH,20260424,17100,16.4,280440.0,16.5,0.00162152,0.381443,105457.0
603859.SH,20260424,20600,40.8,840480.0,41.15,0.00841855,0.341976,24469.8
603860.SH,20260424,8400,31.4,263760.0,31.45,0.0125975,0.846689,6668.0
603861.SH,20260424,345300,17.14,5918442.0,17.23,0.0653252,1.65497,52858.6
603863.SH,20260424,18600,18.01,334986.0,18.25,0.00908869,0.227992,20465.0
603866.SH,20260424,39300,5.04,198072.0,5.06,0.00245668,0.564309,159972.0
603867.SH,20260424,15800,33.43,528194.0,33.42,0.00732544,0.286276,21568.7
603868.SH,20260424,5600,32.9,184240.0,33.0,0.00128558,0.405432,43560.0
603869.SH,20260424,2200,10.4,22880.0,10.49,0.000445239,0.138655,49411.7
603871.SH,20260424,22200,13.85,307470.0,13.94,0.0016228,0.176101,136801.0
603876.SH,20260424,153200,24.4,3738080.0,24.5,0.0164861,0.323281,92926.7
603877.SH,20260424,70700,14.69,1038583.0,14.5,0.0150642,2.19723,46932.4
603878.SH,20260424,93300,8.13,758529.0,8.03,0.0166269,0.433034,56113.8
603879.SH,20260424,48300,5.5,265650.0,5.54,0.0134411,0.388142,35934.4
603880.SH,20260424,18700,6.3,117810.0,6.3,0.00646965,0.340805,28904.2
603881.SH,20260424,130900,38.5,5039650.0,38.81,0.0182216,0.21276,71837.7
603882.SH,20260424,14500,28.75,416875.0,28.71,0.00315125,0.286548,46013.5
603883.SH,20260424,134200,14.23,1909666.0,14.33,0.0176837,1.32076,75889.0
603885.SH,20260424,47700,12.15,579555.0,12.16,0.00218406,0.370271,218401.0
603886.SH,20260424,33200,13.56,450192.0,13.54,0.0138333,0.703199,24000.0
603887.SH,20260424,54600,16.6,906360.0,16.72,0.00917216,0.252476,59527.9
603888.SH,20260424,100900,20.4,2058360.0,20.42,0.0149539,1.25221,67473.8
603889.SH,20260424,40600,8.89,360934.0,8.89,0.00560216,0.226648,72472.1
603890.SH,20260424,560400,19.43,10888572.0,19.76,0.125423,0.89549,44680.8
603893.SH,20260424,26700,176.0,4699200.0,176.78,0.0063439,0.334053,42087.7
603895.SH,20260424,13300,29.9,397670.0,29.86,0.0123057,0.586477,10808.0
603896.SH,20260424,2900,18.05,52345.0,18.13,0.00146284,0.223344,19824.4
603897.SH,20260424,44200,51.32,2268344.0,51.84,0.021411,0.274717,20643.6
603898.SH,20260424,38300,13.93,533519.0,13.8,0.0123015,0.649166,31134.5
603899.SH,20260424,4700,24.91,117077.0,24.9,0.000510331,0.154435,92097.0
603900.SH,20260424,14500,7.4,107300.0,7.44,0.00423081,0.188814,34272.4
603901.SH,20260424,58800,12.8,752640.0,12.84,0.0120584,0.409511,48762.7
603903.SH,20260424,665000,12.62,8392300.0,12.64,0.260458,7.57003,25531.9
603906.SH,20260424,1332500,30.44,40561300.0,30.45,0.235808,1.34569,56507.9
603908.SH,20260424,4400,22.63,99572.0,22.64,0.00472473,0.423095,9312.7
603909.SH,20260424,22100,11.62,256802.0,11.74,0.00847805,0.160656,26067.3
603912.SH,20260424,1687500,11.2,18900000.0,11.46,0.311433,2.72065,54185.1
603915.SH,20260424,13600,15.33,208488.0,15.39,0.00207117,0.248087,65663.2
603916.SH,20260424,19290,10.88,209875.0,10.96,0.00458928,0.164143,42032.8
603917.SH,20260424,8200,12.8,104960.0,12.81,0.00402276,0.209483,20384.0
603918.SH,20260424,11200,13.4,150080.0,13.47,0.00306759,0.169914,36510.8
603919.SH,20260424,76400,18.45,1409580.0,18.63,0.0150613,1.14763,50726.0
603920.SH,20260424,242100,57.9,14017590.0,58.74,0.0335974,0.37128,72059.2
603922.SH,20260424,73300,23.69,1736477.0,23.7,0.040904,0.622465,17920.0
603926.SH,20260424,90200,18.89,1703878.0,19.4,0.0390749,0.717103,23083.9
603927.SH,20260424,12700,16.7,212090.0,16.73,0.00152821,0.195603,83104.0
603928.SH,20260424,76300,15.59,1189517.0,15.75,0.0291132,1.12659,26208.0
603929.SH,20260424,11200,185.99,2083088.0,185.4,0.00524934,0.213213,21336.0
603931.SH,20260424,177100,30.7,5436970.0,32.01,0.088746,2.46069,19955.8
603933.SH,20260424,68600,23.09,1583974.0,23.19,0.0330531,0.474533,20754.5
603936.SH,20260424,781662,15.81,12358076.0,16.04,0.123995,1.41813,63039.8
603937.SH,20260424,16800,12.58,211344.0,12.59,0.00804249,0.177556,20889.1
603938.SH,20260424,140100,29.87,4184787.0,30.54,0.0366155,0.580757,38262.4
603939.SH,20260424,61800,24.66,1523988.0,24.7,0.00509736,0.594867,121239.0
603948.SH,20260424,31700,26.26,832442.0,26.64,0.019509,2.11697,16248.9
603949.SH,20260424,17700,17.86,316122.0,17.7,0.00842034,0.324023,21020.5
603950.SH,20260424,133800,60.92,8151096.0,63.81,0.0413465,0.854525,32360.7
603955.SH,20260424,3000,25.71,77130.0,25.78,0.00221043,0.213834,13572.0
603956.SH,20260424,120300,5.52,664056.0,5.59,0.0211087,2.17376,56990.6
603958.SH,20260424,14300,25.18,360074.0,25.28,0.00651896,0.133237,21936.0
603959.SH,20260424,1565300,5.66,8859598.0,5.9,0.319254,3.89916,49029.9
603960.SH,20260424,86600,22.02,1906932.0,22.33,0.0330285,0.547467,26219.8
603966.SH,20260424,14300,13.83,197769.0,13.87,0.00359548,0.115462,39772.2
603967.SH,20260424,358700,14.08,5050496.0,13.39,0.103471,12.686,34666.7
603968.SH,20260424,22700,11.57,262639.0,11.65,0.0111013,0.613636,20448.0
603969.SH,20260424,57800,9.05,523090.0,9.06,0.0068499,0.412815,84380.8
603970.SH,20260424,231100,12.76,2948836.0,12.65,0.0859747,14.8827,26880.0
603976.SH,20260424,45700,20.71,946447.0,21.0,0.0302241,2.29743,15120.4
603977.SH,20260424,34300,14.75,505925.0,14.84,0.0055212,0.160608,62124.2
603978.SH,20260424,28600,24.25,693550.0,24.25,0.0135484,0.371642,21109.4
603979.SH,20260424,18800,62.2,1169360.0,62.9,0.00301384,0.228484,62378.9
603980.SH,20260424,39700,6.25,248125.0,6.29,0.00586555,0.256259,67683.3
603982.SH,20260424,36400,7.62,277368.0,7.67,0.01072,0.669802,33955.4
603983.SH,20260424,5500,24.82,136510.0,24.82,0.00137157,0.276518,40100.0
603985.SH,20260424,670000,24.07,16126900.0,24.42,0.151976,1.03878,44085.8
603986.SH,20260424,178800,305.0,54534000.0,304.8,0.0267727,0.460479,66784.5
603987.SH,20260424,20400,8.6,175440.0,8.61,0.00467043,0.410861,43679.1
603988.SH,20260424,6300,24.38,153594.0,24.52,0.00267857,0.0886414,23520.0
603989.SH,20260424,17600,19.36,340736.0,19.46,0.00441346,0.25677,39878.0
603990.SH,20260424,19100,14.9,284590.0,14.83,0.00623607,0.163528,30628.3
603991.SH,20260424,56600,120.18,6802188.0,120.2,0.0759375,2.03976,7453.5
603992.SH,20260424,14800,34.19,506012.0,34.3,0.00334054,0.305564,44304.2
603993.SH,20260424,977800,19.08,18656424.0,19.36,0.00559996,0.500668,1746080.0
603995.SH,20260424,4400,18.05,79420.0,18.19,0.00120344,0.12037,36561.8
603997.SH,20260424,22400,12.64,283136.0,12.74,0.00176064,0.337705,127226.0
603998.SH,20260424,19300,10.36,199948.0,10.4,0.00439554,0.234347,43908.1
603999.SH,20260424,20700,6.66,137862.0,6.64,0.00359375,0.25988,57600.0
605001.SH,20260424,76200,7.09,540258.0,7.12,0.0193949,0.985629,39288.6
605003.SH,20260424,7900,27.13,214327.0,27.32,0.00718182,0.547649,11000.0
605005.SH,20260424,13800,20.57,283866.0,20.67,0.0034414,0.30875,40100.0
605006.SH,20260424,592100,10.15,6009815.0,10.64,0.0986754,1.1362,60004.8
605007.SH,20260424,53500,15.91,851185.0,16.05,0.0133233,0.488353,40155.3
605008.SH,20260424,13000,11.83,153790.0,11.83,0.0020125,0.813869,64596.2
605009.SH,20260424,500,28.67,14335.0,28.68,0.000232517,0.0522872,21503.8
605011.SH,20260424,27000,20.33,548910.0,20.53,0.00674831,0.528541,40010.0
605016.SH,20260424,75700,27.3,2066610.0,27.04,0.0180233,1.33565,42001.2
605018.SH,20260424,16100,12.57,202377.0,12.56,0.00342505,0.214928,47006.6
605020.SH,20260424,45900,26.5,1216350.0,26.4,0.00912663,0.379173,50292.4
605028.SH,20260424,26800,28.67,768356.0,29.55,0.01675,0.811586,16000.0
605033.SH,20260424,1000,22.09,22090.0,22.1,0.000739645,0.0559447,13520.0
605050.SH,20260424,42000,12.7,533400.0,12.79,0.00852222,0.535533,49282.9
605055.SH,20260424,8900,11.21,99769.0,11.35,0.00202273,0.106428,44000.0
605056.SH,20260424,93900,26.69,2506191.0,25.94,0.0232775,0.684364,40339.3
605058.SH,20260424,30400,36.18,1099872.0,37.04,0.0212701,0.461238,14292.4
605060.SH,20260424,101900,60.42,6156798.0,62.11,0.0426466,0.832347,23894.0
605066.SH,20260424,141100,7.5,1058250.0,7.56,0.0280833,0.976773,50243.3
605068.SH,20260424,2600,27.41,71266.0,27.46,0.00160297,0.058279,16219.8
605069.SH,20260424,10800,13.54,146232.0,13.68,0.00510161,0.189516,21169.8
605077.SH,20260424,78100,16.78,1310518.0,16.99,0.0260829,0.756219,29942.9
605080.SH,20260424,3200,25.02,80064.0,25.07,0.00227999,0.103814,14035.1
605081.SH,20260424,14100,5.86,82626.0,6.17,0.0124507,0.969708,11324.7
605086.SH,20260424,0,,0.0,32.01,0.0,0.0,17920.0
605088.SH,20260424,5000,35.81,179050.0,36.08,0.00250356,0.0981602,19971.5
605089.SH,20260424,200,27.29,5458.0,27.28,0.000144928,0.0106395,13800.0
605090.SH,20260424,410782,45.97,18883649.0,45.94,0.0583416,1.1606,70409.8
605098.SH,20260424,11700,68.0,795600.0,68.1,0.00981123,0.443741,11925.1
605099.SH,20260424,7000,38.75,271250.0,38.75,0.00174367,0.213057,40145.3
605100.SH,20260424,3300,50.25,165825.0,50.24,0.00194195,0.0696274,16993.2
605108.SH,20260424,77200,17.15,1323980.0,17.19,0.0296923,2.086,26000.0
605111.SH,20260424,57900,38.04,2202516.0,38.08,0.0139406,0.35456,41533.3
605116.SH,20260424,461900,24.0,11085600.0,26.23,0.113717,7.17705,40618.3
605117.SH,20260424,44200,147.3,6510660.0,148.8,0.00486071,0.323221,90933.3
605118.SH,20260424,3900,44.0,171600.0,44.09,0.000953852,0.0669452,40886.9
605122.SH,20260424,81900,13.41,1098279.0,13.61,0.0475185,2.9407,17235.4
605123.SH,20260424,6200,101.78,631036.0,103.14,0.00511674,0.177099,12117.1
605128.SH,20260424,900,33.64,30276.0,33.82,0.00042626,0.0385755,21113.9
605133.SH,20260424,19500,32.51,633945.0,32.72,0.006912,0.143674,28211.8
605136.SH,20260424,20400,10.5,214200.0,10.58,0.00509416,0.252892,40045.9
605138.SH,20260424,16200,6.94,112428.0,6.9,0.00291592,0.69995,55557.1
605151.SH,20260424,1500,19.49,29235.0,19.59,0.00111479,0.0883663,13455.4
605155.SH,20260424,2200,15.25,33550.0,15.33,0.00117755,0.113497,18682.8
605158.SH,20260424,27100,7.07,191597.0,7.15,0.00529897,0.622484,51142.0
605162.SH,20260424,179534,12.53,2249561.0,13.06,0.0442176,0.561629,40602.3
605166.SH,20260424,29200,11.68,341056.0,11.57,0.00927771,0.201251,31473.3
605167.SH,20260424,9500,17.52,166440.0,17.65,0.00211535,0.140763,44909.9
605168.SH,20260424,34600,41.0,1418600.0,41.26,0.0164123,0.36861,21081.7
605169.SH,20260424,16600,12.66,210156.0,12.6,0.00586821,0.498656,28288.0
605177.SH,20260424,3234,20.2999,65650.0,20.4,0.00287252,0.171572,11258.4
605178.SH,20260424,32000,65.99,2111680.0,67.2,0.0322971,0.701424,9908.0
605179.SH,20260424,10200,17.3,176460.0,17.36,0.00254364,0.204507,40100.0
605180.SH,20260424,1800,14.78,26604.0,14.92,0.00106509,0.127167,16900.0
605183.SH,20260424,84298,19.67,1658142.0,19.69,0.0204394,5.00659,41242.9
605186.SH,20260424,3100,19.64,60884.0,19.56,0.00227941,0.203896,13600.0
605188.SH,20260424,82100,16.2,1330020.0,16.43,0.0163429,0.651635,50235.9
605189.SH,20260424,47600,17.88,851088.0,17.77,0.0245263,0.459101,19407.8
605196.SH,20260424,21800,44.77,975986.0,44.93,0.00431715,0.202789,50496.3
605198.SH,20260424,13000,46.13,599690.0,47.09,0.00480528,0.347607,27053.6
605199.SH,20260424,700,6.6,4620.0,6.63,0.000174952,0.033489,40010.9
605208.SH,20260424,100600,14.67,1475802.0,14.69,0.0304904,0.483411,32994.0
605218.SH,20260424,17900,17.79,318441.0,17.91,0.00841033,0.913601,21283.3
605222.SH,20260424,175400,33.5,5875900.0,33.27,0.0424797,0.611511,41290.3
605228.SH,20260424,8321,14.71,122402.0,14.78,0.00174395,0.0772053,47713.5
605255.SH,20260424,10600,110.64,1172784.0,111.29,0.00790573,0.450243,13408.0
605258.SH,20260424,11500,36.74,422510.0,36.96,0.0130682,0.291921,8800.0
605259.SH,20260424,1000,21.52,21520.0,21.53,0.000579777,0.0483383,17248.0
605266.SH,20260424,5200,18.79,97708.0,18.77,0.00336476,0.462424,15454.3
605268.SH,20260424,192200,12.75,2450550.0,13.06,0.0436273,1.9123,44055.0
605277.SH,20260424,42100,23.65,995665.0,24.0,0.0132334,0.684243,31813.5
605286.SH,20260424,2200,43.98,96756.0,44.04,0.00130952,0.0549215,16800.0
605287.SH,20260424,36800,45.0,1656000.0,45.9,0.0262857,0.479724,14000.0
605288.SH,20260424,800,83.13,66504.0,83.74,0.00113962,0.0640824,7019.89
605289.SH,20260424,11000,129.9,1428900.0,128.9,0.0101535,0.256498,10833.8
605296.SH,20260424,11300,30.15,340695.0,30.32,0.00218153,0.376375,51798.4
605298.SH,20260424,38700,60.3,2333610.0,60.35,0.0207784,0.800249,18625.1
605299.SH,20260424,169900,19.74,3353826.0,19.82,0.0415173,0.429668,40922.7
605300.SH,20260424,1600,10.8,17280.0,10.8,0.000352114,0.124918,45439.9
605303.SH,20260424,1700,22.38,38046.0,22.75,0.00105435,0.019984,16123.7
605305.SH,20260424,10400,46.2,480480.0,46.22,0.00489366,0.117873,21252.0
605318.SH,20260424,8700,96.36,838332.0,95.88,0.00691964,0.238967,12572.9
605319.SH,20260424,15300,27.59,422127.0,27.47,0.00439464,0.146907,34815.2
605333.SH,20260424,161900,25.0,4047500.0,26.26,0.0348892,8.51706,46404.0
605336.SH,20260424,136500,14.78,2017470.0,14.99,0.0744224,1.44489,18341.2
605337.SH,20260424,4100,10.96,44936.0,11.01,0.00105101,0.157856,39010.2
605338.SH,20260424,5600,23.55,131880.0,23.6,0.00233755,0.141508,23956.7
605339.SH,20260424,700,15.74,11018.0,15.8,0.000164981,0.0760093,42429.1
605358.SH,20260424,40600,38.28,1554168.0,38.31,0.00604727,0.192546,67137.8
605365.SH,20260424,362700,31.58,11454066.0,32.0,0.0722491,1.86345,50201.3
605366.SH,20260424,354100,13.92,4929072.0,13.51,0.0456269,0.814556,77607.8
605368.SH,20260424,33600,7.69,258384.0,7.7,0.00470169,0.424502,71463.6
605369.SH,20260424,13600,17.8,242080.0,17.71,0.006168,1.94464,22049.3
605376.SH,20260424,93200,115.26,10742232.0,115.2,0.0356269,0.866422,26160.0
605377.SH,20260424,1200,9.6,11520.0,9.6,0.000215567,0.017749,55667.0
605378.SH,20260424,1300,20.05,26065.0,20.05,0.000497424,0.0651557,26134.6
605388.SH,20260424,980000,7.25,7105000.0,7.46,0.163202,1.46719,60048.4
605389.SH,20260424,7480,87.56,654949.0,85.84,0.00548923,0.426991,13626.7
605398.SH,20260424,17700,26.95,477015.0,27.2,0.0108778,0.739808,16271.6
605399.SH,20260424,7500,14.77,110775.0,14.7,0.00240749,0.224953,31152.7
605488.SH,20260424,15300,33.01,505053.0,33.26,0.00553933,0.25174,27620.7
605499.SH,20260424,12000,203.0,2436000.0,204.18,0.00230763,0.311857,52001.3
605500.SH,20260424,30100,9.06,272706.0,9.1,0.00726351,0.750705,41440.0
605507.SH,20260424,5400,23.91,129114.0,23.99,0.000966316,0.138654,55882.4
605555.SH,20260424,5400,16.21,87534.0,16.25,0.00111554,0.122572,48406.9
605566.SH,20260424,5700,32.58,185706.0,32.8,0.00427479,0.205283,13334.0
605567.SH,20260424,44700,10.49,468903.0,10.5,0.02235,1.1863,20000.0
605577.SH,20260424,10500,12.57,131985.0,12.52,0.0023625,0.414823,44444.4
605580.SH,20260424,14400,22.24,320256.0,22.33,0.00514286,0.357675,28000.0
605588.SH,20260424,74400,57.5,4278000.0,58.37,0.101779,2.99166,7309.96
605589.SH,20260424,316000,38.15,12055400.0,38.52,0.0374585,0.726782,84360.0
605598.SH,20260424,44500,50.0,2225000.0,50.9,0.0183115,0.519803,24301.7
605599.SH,20260424,9200,23.32,214544.0,23.39,0.00118286,0.271139,77777.8
688001.SH,20260424,1057498,50.7,53615149.0,46.07,0.237913,9.2377,44449.0
688002.SH,20260424,27346,132.8,3631549.0,133.45,0.00587157,0.297174,46573.6
688003.SH,20260424,8651,68.45,592161.0,68.73,0.00445192,0.260584,19432.1
688004.SH,20260424,13062,22.0,287364.0,21.8,0.0163096,0.730019,8008.8
688005.SH,20260424,90984,32.6,2966078.0,33.15,0.0127318,0.247789,71461.9
688006.SH,20260424,13192,30.28,399454.0,30.28,0.00218529,0.0875747,60367.2
688007.SH,20260424,51238,14.94,765496.0,14.9,0.011148,0.800472,45961.6
688008.SH,20260424,1619907,167.0,270524469.0,159.7,0.141301,3.18522,114643.0
688009.SH,20260424,64521,5.36001,345833.0,5.37,0.000748415,0.231979,862102.0
688010.SH,20260424,29431,34.41,1012721.0,34.76,0.01833,0.565906,16056.2
688011.SH,20260424,15064,70.5,1062012.0,70.5,0.015115,0.7694,9966.25
688012.SH,20260424,40030,317.0,12689510.0,315.05,0.00638521,0.323213,62691.8
688013.SH,20260424,5341,37.27,199059.0,37.29,0.00658118,0.450752,8115.56
688015.SH,20260424,4286,22.5901,96821.0,22.74,0.00227156,0.282445,18868.1
688016.SH,20260424,3700,100.18,370666.0,100.2,0.00300173,0.224554,12326.2
688017.SH,20260424,25067,202.9,5086094.0,203.77,0.0136731,0.37223,18333.0
688018.SH,20260424,18235,165.96,3026281.0,165.0,0.0109098,0.317278,16714.3
688019.SH,20260424,5334,244.77,1305603.0,244.77,0.0030481,0.15021,17499.4
688020.SH,20260424,35837,116.8,4185762.0,117.73,0.0434973,0.521685,8238.9
688021.SH,20260424,5339,23.64,126214.0,23.64,0.00698697,0.319327,7641.37
688022.SH,20260424,18671,16.28,303964.0,16.19,0.0106159,0.450874,17587.8
688023.SH,20260424,4700,50.0,235000.0,50.35,0.0046176,0.224219,10178.4
688025.SH,20260424,66932,295.0,19744940.0,301.68,0.0704181,1.31956,9504.94
688026.SH,20260424,34691,15.44,535629.0,15.51,0.0247228,1.92199,14032.0
688027.SH,20260424,2720,559.0,1520480.0,560.89,0.00338416,0.113548,8037.44
688028.SH,20260424,27919,111.0,3099009.0,112.45,0.0184957,0.311605,15094.9
688029.SH,20260424,2099,74.5002,156376.0,74.7,0.0011174,0.180602,18784.7
688030.SH,20260424,18760,15.15,284214.0,15.24,0.0104086,1.26677,18023.6
688031.SH,20260424,11683,138.33,1616109.0,138.71,0.00964454,0.200951,12113.6
688032.SH,20260424,1823,113.65,207184.0,114.5,0.00146929,0.116518,12407.4
688033.SH,20260424,47951,7.78,373059.0,7.75,0.00852919,0.407776,56219.9
688035.SH,20260424,40580,71.26,2891731.0,71.62,0.0285292,0.444101,14224.0
688036.SH,20260424,10067,54.28,546437.0,54.46,0.000874491,0.0889908,115118.0
688037.SH,20260424,14519,185.0,2686015.0,183.02,0.00720091,0.243371,20162.7
688038.SH,20260424,11808,22.48,265444.0,22.52,0.0101466,0.346975,11637.3
688039.SH,20260424,4694,41.0,192454.0,41.05,0.00424407,0.208043,11060.1
688041.SH,20260424,1153589,275.63,317963736.0,263.4,0.0496309,4.05976,232434.0
688045.SH,20260424,21249,53.5,1136822.0,53.66,0.0301075,0.744654,7057.7
688046.SH,20260424,64632,19.47,1258385.0,19.55,0.0157639,0.735294,41000.0
688047.SH,20260424,530324,162.0,85912488.0,150.66,0.13225,5.98535,40100.0
688048.SH,20260424,199901,380.45,76052335.0,367.0,0.1134,1.10677,17628.0
688049.SH,20260424,16475,46.91,772842.0,46.91,0.00940528,0.319451,17516.8
688050.SH,20260424,15021,52.43,787551.0,52.8,0.00776668,0.764499,19340.3
688051.SH,20260424,49203,38.4,1889395.0,39.19,0.063624,2.62027,7733.4
688052.SH,20260424,48913,184.18,9008796.0,177.61,0.0343181,1.32841,14252.8
688053.SH,20260424,4805,39.19,188308.0,39.16,0.004805,0.345822,10000.0
688055.SH,20260424,91156,4.07,371005.0,4.1,0.00273468,0.463733,333333.0
688056.SH,20260424,11118,34.12,379346.0,34.48,0.0164827,1.8432,6745.25
688057.SH,20260424,3240,12.2901,39820.0,12.28,0.00117391,0.288731,27600.0
688058.SH,20260424,69591,26.93,1874086.0,28.3,0.0917645,6.72774,7583.65
688059.SH,20260424,99720,122.55,12220686.0,117.94,0.106563,3.1418,9357.86
688060.SH,20260424,668,45.9102,30668.0,46.5,0.00110981,0.181291,6019.07
688061.SH,20260424,1050,33.18,34839.0,33.28,0.000913923,0.0835179,11488.9
688062.SH,20260424,11478,37.75,433295.0,38.1,0.00562179,0.114694,20417.0
688063.SH,20260424,57545,74.7,4298612.0,75.01,0.0234534,0.441728,24535.9
688065.SH,20260424,12410,49.0,608090.0,49.17,0.00212727,0.269646,58337.8
688066.SH,20260424,118483,17.9,2120846.0,17.94,0.0453474,0.778592,26127.8
688067.SH,20260424,7819,26.23,205092.0,26.36,0.0114985,0.785552,6800.0
688068.SH,20260424,1825,109.38,199619.0,109.92,0.00196855,0.0844998,9270.79
688069.SH,20260424,11190,36.29,406085.0,36.3,0.00990266,0.328916,11300.0
688070.SH,20260424,0,,0.0,47.8,0.0,0.0,8758.0
688071.SH,20260424,2907,32.6398,94884.0,32.72,0.00342848,0.129632,8478.97
688072.SH,20260424,11250,385.0,4331250.0,380.04,0.00397958,0.227273,28269.3
688073.SH,20260424,5200,57.68,299936.0,57.5,0.00572165,0.406074,9088.29
688075.SH,20260424,1722,37.5703,64696.0,37.78,0.00135502,0.333029,12708.3
688076.SH,20260424,16234,29.23,474520.0,29.25,0.0051365,0.651335,31605.2
688077.SH,20260424,200,29.06,5812.0,29.08,0.000174705,0.00845519,11447.9
688078.SH,20260424,7931,24.8,196689.0,24.48,0.0108803,1.13081,7289.3
688079.SH,20260424,29314,15.51,454660.0,15.63,0.00725046,0.193444,40430.5
688080.SH,20260424,20096,45.23,908942.0,45.92,0.0272835,0.543472,7365.61
688081.SH,20260424,2680,52.9601,141933.0,53.34,0.00260093,0.0844809,10304.0
688082.SH,20260424,11976,156.14,1869933.0,156.44,0.00252136,0.310541,47498.1
688083.SH,20260424,33381,52.68,1758511.0,53.3,0.0196768,0.925542,16964.6
688084.SH,20260424,4500,65.61,295245.0,65.8,0.00594773,0.158989,7565.91
688085.SH,20260424,1290,17.0,21930.0,17.06,0.000404717,0.0256327,31874.1
688087.SH,20260424,5465,39.95,218327.0,40.02,0.0029343,0.198476,18624.5
688088.SH,20260424,17660,40.78,720175.0,40.78,0.00440212,0.252182,40117.0
688089.SH,20260424,349671,15.2,5314999.0,16.02,0.207755,5.64667,16830.9
688090.SH,20260424,1030,72.1097,74273.0,72.34,0.000841709,0.0214501,12237.0
688091.SH,20260424,7037,52.25,367683.0,52.34,0.00340439,0.128627,20670.4
688092.SH,20260424,4101,28.3999,116468.0,28.51,0.00496106,0.520882,8266.37
688093.SH,20260424,11283,31.77,358461.0,31.94,0.00402414,0.290382,28038.3
688095.SH,20260424,4107,74.0399,304082.0,74.74,0.00449543,0.222071,9135.95
688096.SH,20260424,87903,8.15999,717288.0,8.07,0.03724,1.64094,23604.5
688097.SH,20260424,38418,63.0,2420334.0,63.36,0.00863309,0.282599,44500.9
688098.SH,20260424,24263,8.50999,206478.0,8.56,0.00590852,0.616684,41064.4
688099.SH,20260424,23574,86.8,2046223.0,86.18,0.00559732,0.171445,42116.6
688100.SH,20260424,2000,37.37,74740.0,37.57,0.000406764,0.0718084,49168.5
688101.SH,20260424,968,16.2603,15740.0,16.24,0.000291556,0.0492413,33201.2
688102.SH,20260424,35873,40.27,1444606.0,40.52,0.00461333,0.128588,77759.4
688103.SH,20260424,0,,0.0,58.68,0.0,0.0,9531.56
688105.SH,20260424,34528,19.44,671224.0,19.73,0.00868117,1.6386,39773.5
688106.SH,20260424,976891,35.5,34679631.0,34.4,0.194655,1.6855,50185.7
688107.SH,20260424,49690,29.87,1484240.0,29.96,0.0123962,0.747351,40084.9
688108.SH,20260424,19533,21.1,412146.0,21.09,0.0046735,0.173241,41795.2
688109.SH,20260424,46092,105.11,4844730.0,114.15,0.058461,5.06632,7884.23
688110.SH,20260424,80538,116.97,9420530.0,116.65,0.018211,0.615388,44225.0
688111.SH,20260424,186141,251.0,46721391.0,251.48,0.040171,2.70371,46337.2
688112.SH,20260424,31928,53.52,1708787.0,53.81,0.0200054,0.796655,15959.7
688113.SH,20260424,3013,38.1699,115006.0,38.17,0.00467875,0.363178,6439.76
688114.SH,20260424,11000,47.96,527560.0,48.6,0.00265486,0.269978,41433.5
688115.SH,20260424,13262,47.66,632067.0,48.36,0.019892,0.703688,6667.0
688116.SH,20260424,21977,41.01,901277.0,41.23,0.00599593,0.233704,36653.2
688117.SH,20260424,306540,38.94,11936668.0,37.48,0.19477,9.00776,15738.6
688118.SH,20260424,17856,28.13,502289.0,28.44,0.0191348,0.650884,9331.67
688119.SH,20260424,35724,5.05999,180763.0,5.1,0.00317547,0.210739,112500.0
688120.SH,20260424,17972,183.98,3306489.0,184.38,0.00508183,0.391651,35365.2
688121.SH,20260424,14602,9.73997,142223.0,9.79,0.00720493,0.306344,20266.7
688122.SH,20260424,64635,71.4,4614939.0,72.0,0.00994898,0.464481,64966.4
688123.SH,20260424,36261,122.88,4455752.0,121.89,0.0229107,0.385464,15827.1
688125.SH,20260424,3300,215.83,712239.0,218.69,0.00403967,0.292312,8168.97
688126.SH,20260424,323606,20.45,6617743.0,20.7,0.0118465,0.454663,273166.0
688127.SH,20260424,34526,69.5,2399557.0,69.47,0.00850608,0.38096,40589.8
688128.SH,20260424,1507,26.1997,39483.0,26.3,0.000372559,0.0729042,40450.0
688129.SH,20260424,12290,26.1,320769.0,26.39,0.010201,0.467188,12047.9
688130.SH,20260424,4063,21.3699,86826.0,21.37,0.00673964,0.289411,6028.51
688131.SH,20260424,13272,74.3,986110.0,73.8,0.00625731,0.398112,21210.4
688132.SH,20260424,8044,16.97,136507.0,17.07,0.00528428,0.683874,15222.5
688133.SH,20260424,24428,21.82,533019.0,22.15,0.0148555,0.593399,16443.7
688135.SH,20260424,54144,36.22,1961096.0,36.0,0.0232274,0.264327,23310.4
688136.SH,20260424,0,,0.0,29.45,0.0,0.0,20125.7
688137.SH,20260424,0,,0.0,48.17,0.0,0.0,7017.54
688138.SH,20260424,10635,29.35,312137.0,29.45,0.00337834,0.199002,31480.0
688139.SH,20260424,7800,33.45,260910.0,33.6,0.00246451,0.236381,31649.3
688141.SH,20260424,367375,75.0,27553125.0,71.63,0.0815806,2.80871,45032.2
688143.SH,20260424,50437,72.28,3645586.0,72.84,0.0412153,0.349692,12237.4
688146.SH,20260424,152383,72.49,11046244.0,70.81,0.105113,0.692548,14497.1
688147.SH,20260424,24509,65.05,1594310.0,65.03,0.00531466,0.299958,46115.9
688148.SH,20260424,31454,9.46,297555.0,9.53,0.00616536,0.0765506,51017.3
688150.SH,20260424,165917,53.0,8793601.0,53.35,0.041228,1.34531,40243.8
688151.SH,20260424,19908,20.91,416276.0,21.14,0.00577881,0.96492,34450.0
688152.SH,20260424,974,34.3604,33467.0,34.35,0.000947191,0.103465,10283.0
688153.SH,20260424,9779,34.39,336300.0,34.39,0.00238955,0.211618,40924.0
688155.SH,20260424,5099,86.5001,441064.0,86.46,0.00403287,0.106133,12643.6
688156.SH,20260424,116489,26.3,3063661.0,25.42,0.115663,2.68226,10071.4
688157.SH,20260424,20304,38.0,771552.0,38.09,0.0129795,0.720238,15643.1
688158.SH,20260424,434271,50.2,21800404.0,50.08,0.107102,0.840828,40547.4
688159.SH,20260424,10753,46.8,503240.0,47.2,0.0115962,0.216502,9272.88
688160.SH,20260424,2500,104.83,262075.0,105.0,0.00275233,0.121579,9083.22
688161.SH,20260424,28743,31.68,910578.0,31.55,0.00718575,0.825341,40000.0
688162.SH,20260424,3700,34.7,128390.0,34.6,0.00269874,0.136279,13710.1
688163.SH,20260424,11595,40.02,464032.0,40.75,0.0107143,0.261683,10822.0
688165.SH,20260424,15574,16.64,259151.0,16.76,0.00298478,0.320228,52178.0
688166.SH,20260424,103648,60.0,6218880.0,61.18,0.024497,0.678625,42310.4
688167.SH,20260424,23519,358.01,8420037.0,359.0,0.0261731,0.367725,8985.95
688168.SH,20260424,3435,85.6501,294208.0,85.95,0.00445035,0.135589,7718.5
688169.SH,20260424,34917,118.11,4124047.0,118.14,0.0134759,0.469678,25910.6
688170.SH,20260424,33742,58.16,1962435.0,58.44,0.0326451,0.423526,10336.0
688171.SH,20260424,4757,55.0,261635.0,54.77,0.00567841,0.152971,8377.34
688172.SH,20260424,24804,40.6,1007042.0,40.48,0.00318743,0.154249,77818.1
688173.SH,20260424,18526,14.76,273444.0,14.74,0.00451579,0.307662,41024.9
688175.SH,20260424,3700,34.81,128797.0,34.65,0.00286119,0.194184,12931.7
688176.SH,20260424,400,13.08,5232.0,13.06,9.18092e-05,0.00340874,43568.6
688177.SH,20260424,1596,22.0301,35160.0,22.27,0.000385433,0.0584364,41408.0
688178.SH,20260424,1495,32.2502,48214.0,32.25,0.00175887,0.0614796,8499.78
688179.SH,20260424,16734,19.24,321962.0,19.3,0.00480851,0.122824,34800.8
688180.SH,20260424,95891,40.31,3865366.0,40.72,0.012512,0.403134,76639.4
688181.SH,20260424,229107,36.2,8293673.0,37.12,0.170363,3.38749,13448.2
688182.SH,20260424,10760,31.31,336896.0,31.5,0.00269,0.139045,40000.0
688183.SH,20260424,103754,113.45,11770891.0,113.6,0.0124731,0.500827,83182.1
688184.SH,20260424,0,,0.0,10.18,0.0,0.0,10048.8
688185.SH,20260424,1807,65.6702,118666.0,65.95,0.00157992,0.0934409,11437.3
688186.SH,20260424,15077,21.25,320386.0,21.29,0.00537525,0.104225,28048.9
688187.SH,20260424,18511,52.2,966274.0,52.29,0.00213038,0.430556,86890.8
688188.SH,20260424,4342,138.5,601367.0,139.12,0.00150383,0.282169,28873.0
688189.SH,20260424,18753,7.26001,136147.0,7.26,0.00683418,0.420611,27440.0
688190.SH,20260424,0,,0.0,85.95,0.0,0.0,12000.0
688191.SH,20260424,23410,42.17,987200.0,42.91,0.0101057,0.385266,23165.0
688192.SH,20260424,17396,56.77,987571.0,56.82,0.00377178,0.451669,46121.4
688193.SH,20260424,4683,58.0201,271708.0,58.0,0.0116871,0.468468,4006.99
688195.SH,20260424,90094,359.98,32432038.0,363.0,0.0696513,0.828707,12935.0
688196.SH,20260424,8718,59.6,519593.0,59.08,0.007265,0.541891,12000.0
688197.SH,20260424,899,38.1001,34252.0,38.61,0.00140458,0.0455482,6400.49
688198.SH,20260424,6662,104.8,698178.0,103.82,0.00483636,0.802069,13774.8
688199.SH,20260424,2100,27.7,58170.0,27.69,0.00130251,0.0522758,16122.7
688200.SH,20260424,41430,318.0,13174740.0,308.51,0.0305682,1.50619,13553.3
688201.SH,20260424,52922,11.2,592726.0,11.25,0.0174931,0.390558,30253.1
688202.SH,20260424,800,67.01,53608.0,67.87,0.00059545,0.0239972,13435.2
688203.SH,20260424,184103,13.22,2433842.0,13.18,0.0908352,6.295,20267.8
688205.SH,20260424,170934,237.0,40511358.0,242.28,0.107991,1.08733,15828.5
688206.SH,20260424,3330,33.4099,111255.0,33.45,0.000765204,0.0864817,43517.8
688207.SH,20260424,13298,14.21,188965.0,14.16,0.0051349,0.394624,25897.3
688208.SH,20260424,7413,36.23,268573.0,36.36,0.00110611,0.0589873,67018.4
688209.SH,20260424,20897,22.88,478123.0,22.91,0.00481737,0.248199,43378.4
688210.SH,20260424,5300,45.45,240885.0,46.0,0.00327446,0.169986,16185.9
688211.SH,20260424,3465,32.4799,112543.0,32.81,0.00264316,0.738304,13109.3
688212.SH,20260424,10352,38.21,395550.0,38.3,0.00768721,0.406352,13466.5
688213.SH,20260424,34808,92.03,3203380.0,92.0,0.0107595,0.471498,32350.9
688215.SH,20260424,0,,0.0,78.55,0.0,0.0,6242.33
688216.SH,20260424,8339,28.03,233742.0,28.26,0.00783499,0.466285,10643.3
688217.SH,20260424,931,27.7497,25835.0,27.78,0.00166679,0.105904,5585.59
688218.SH,20260424,5579,29.9299,166979.0,30.02,0.00478986,0.0575774,11647.5
688219.SH,20260424,2520,10.8599,27367.0,10.86,0.000458515,0.0484104,54960.0
688220.SH,20260424,27591,91.44,2522921.0,90.7,0.00747441,0.185038,36913.9
688221.SH,20260424,12990,18.8,244212.0,18.99,0.0034679,0.11455,37457.9
688222.SH,20260424,20274,26.82,543749.0,26.81,0.0050599,0.128901,40068.0
688223.SH,20260424,797647,6.7,5344235.0,6.73,0.00776722,0.548379,1026940.0
688225.SH,20260424,7700,16.55,127435.0,16.56,0.00192495,0.234116,40001.0
688226.SH,20260424,73233,58.5,4284131.0,59.35,0.0387937,0.45471,18877.6
688227.SH,20260424,163616,117.44,19215063.0,115.5,0.144722,1.0883,11305.5
688228.SH,20260424,20724,100.83,2089601.0,105.16,0.0306792,1.10498,6755.08
688229.SH,20260424,12350,93.39,1153367.0,94.04,0.0278153,0.496346,4440.0
688230.SH,20260424,1000,63.99,63990.0,64.34,0.00085034,0.10988,11760.0
688231.SH,20260424,9108,35.05,319235.0,35.41,0.00368958,0.223307,24685.7
688232.SH,20260424,3100,21.84,67704.0,21.92,0.000962787,0.135442,32198.2
688233.SH,20260424,37410,80.65,3017117.0,81.97,0.0219664,0.518064,17030.6
688234.SH,20260424,52529,106.02,5569125.0,107.41,0.0122243,0.340768,42971.1
688235.SH,20260424,12426,233.01,2895382.0,234.32,0.0108,0.402342,11505.5
688236.SH,20260424,702,20.0199,14054.0,20.08,0.000243388,0.0527171,28842.8
688237.SH,20260424,1800,54.04,97272.0,54.38,0.00200709,0.142396,8968.2
688238.SH,20260424,55464,6.62001,367172.0,6.66,0.00865076,0.576668,64114.6
688239.SH,20260424,99864,62.53,6244496.0,63.15,0.0523858,1.66288,19063.2
688244.SH,20260424,1310,18.9,24759.0,18.92,0.000867771,0.104544,15096.2
688246.SH,20260424,16192,18.66,302143.0,18.76,0.0117687,0.649323,13758.6
688247.SH,20260424,7119,9.15002,65139.0,9.15,0.00157034,0.353362,45334.0
688248.SH,20260424,27916,59.86,1671052.0,59.61,0.00494351,0.47512,56470.0
688249.SH,20260424,665741,28.85,19206628.0,30.14,0.0560285,2.42863,118822.0
688251.SH,20260424,300,32.2,9660.0,32.51,0.00030029,0.009811,9990.33
688252.SH,20260424,31540,22.68,715327.0,22.47,0.00771109,0.464746,40902.1
688253.SH,20260424,7243,48.24,349402.0,47.86,0.00528747,0.204496,13698.4
688255.SH,20260424,11247,29.3,329537.0,29.21,0.0102377,0.458464,10985.9
688256.SH,20260424,35411,1319.64,46729772.0,1323.0,0.0083975,0.472951,42168.5
688257.SH,20260424,10012,73.79,738785.0,74.09,0.00396659,0.109033,25240.8
688258.SH,20260424,31684,121.0,3833764.0,119.04,0.0261544,0.554714,12114.2
688259.SH,20260424,15324,36.82,564230.0,37.1,0.0137189,0.840527,11170.0
688260.SH,20260424,12020,30.62,368052.0,31.1,0.0100167,0.282573,12000.0
688261.SH,20260424,4844,73.1501,354339.0,73.05,0.00396735,0.133409,12209.7
688262.SH,20260424,512532,35.95,18425525.0,35.96,0.152539,5.2403,33600.0
688265.SH,20260424,2595,42.1599,109405.0,42.09,0.00332848,0.53779,7796.35
688266.SH,20260424,3254,96.6199,314401.0,98.0,0.00122928,0.115826,26470.8
688267.SH,20260424,8500,28.36,241060.0,28.45,0.00482406,0.202538,17620.0
688268.SH,20260424,263631,157.11,41419066.0,147.33,0.219848,1.85813,11991.5
688269.SH,20260424,94326,42.53,4011685.0,39.24,0.0721676,7.79404,13070.4
688270.SH,20260424,87440,159.49,13945806.0,158.73,0.04085,0.379544,21405.2
688271.SH,20260424,14682,116.28,1707223.0,116.66,0.00178145,0.307646,82415.8
688272.SH,20260424,2900,43.83,127107.0,44.05,0.00381579,0.058331,7600.0
688273.SH,20260424,3820,48.4301,185003.0,48.29,0.00382,0.191056,10000.0
688275.SH,20260424,20815,143.11,2978835.0,142.16,0.0165043,0.445982,12611.8
688276.SH,20260424,4366,17.68,77191.0,17.73,0.00105546,0.173914,41365.8
688277.SH,20260424,11836,20.25,239679.0,20.2,0.00259566,0.164335,45599.2
688278.SH,20260424,3137,61.1001,191671.0,61.15,0.000768516,0.151433,40818.9
688279.SH,20260424,3086,195.43,603097.0,196.32,0.00329849,0.179348,9355.81
688280.SH,20260424,14809,10.78,159641.0,10.74,0.00284491,0.0734931,52054.4
688281.SH,20260424,1700,75.66,128622.0,76.06,0.000623691,0.0794021,27257.1
688282.SH,20260424,11425,81.0,925425.0,82.53,0.012983,0.401354,8800.0
688283.SH,20260424,5996,47.49,284750.0,47.3,0.00492282,0.23431,12180.0
688285.SH,20260424,153803,9.29,1428830.0,9.2,0.0408735,2.58988,37629.0
688286.SH,20260424,11591,69.17,801749.0,69.95,0.0206761,0.862729,5605.98
688287.SH,20260424,3419195,1.2,4103034.0,1.5,0.922821,10.5513,37051.6
688288.SH,20260424,11923,26.73,318702.0,26.82,0.0119453,0.306236,9981.37
688289.SH,20260424,7518,17.6,132317.0,17.66,0.00129758,0.245106,57938.8
688290.SH,20260424,0,,0.0,54.48,0.0,0.0,10219.0
688291.SH,20260424,16555,43.47,719646.0,42.84,0.016125,0.725654,10266.7
688292.SH,20260424,15875,22.88,363220.0,22.94,0.0100253,0.48811,15834.9
688293.SH,20260424,200,49.74,9948.0,49.74,0.000175716,0.00993765,11382.0
688295.SH,20260424,304980,63.2,19274736.0,65.03,0.0338867,1.06555,90000.0
688296.SH,20260424,5500,13.74,75570.0,13.74,0.00512137,0.35094,10739.3
688297.SH,20260424,35699,46.99,1677496.0,47.26,0.00528874,0.353407,67500.0
688298.SH,20260424,6630,22.09,146457.0,22.11,0.00328869,0.653885,20160.0
688299.SH,20260424,27454,16.89,463698.0,17.02,0.00955278,0.399605,28739.3
688300.SH,20260424,64573,89.14,5756037.0,90.05,0.0267417,0.950188,24146.9
688301.SH,20260424,43528,120.0,5223360.0,117.48,0.0205856,1.89603,21144.9
688302.SH,20260424,10840,46.86,507962.0,47.13,0.0109478,0.73285,9901.56
688303.SH,20260424,85898,23.22,1994552.0,23.34,0.00400418,0.374605,214521.0
688305.SH,20260424,3449,58.0,200042.0,58.32,0.00260865,0.19302,13221.4
688306.SH,20260424,32803,9.39999,308348.0,9.46,0.00267064,0.345668,122828.0
688307.SH,20260424,16503,94.63,1561679.0,94.68,0.0185899,0.204771,8877.4
688308.SH,20260424,122752,92.55,11360698.0,92.28,0.0773087,0.714128,15878.2
688309.SH,20260424,22520,67.57,1521676.0,65.74,0.0283623,0.540992,7940.13
688310.SH,20260424,9162,16.13,147783.0,16.23,0.00557555,0.566176,16432.5
688311.SH,20260424,4232,38.91,164667.0,39.18,0.0024351,0.0873491,17379.2
688312.SH,20260424,42323,66.68,2822098.0,67.15,0.0290339,0.466416,14577.1
688313.SH,20260424,408499,142.51,58215192.0,139.3,0.0903786,0.833825,45198.6
688314.SH,20260424,1260,45.5,57330.0,45.9,0.00155098,0.0586134,8123.92
688315.SH,20260424,5620,14.05,78961.0,14.19,0.00135031,0.205534,41620.0
688316.SH,20260424,16326,76.22,1244368.0,76.85,0.0340848,0.381758,4789.81
688317.SH,20260424,4610,20.0601,92477.0,20.07,0.00239907,0.26512,19215.8
688318.SH,20260424,6412,112.03,718336.0,112.93,0.00250352,0.227146,25611.9
688319.SH,20260424,0,,0.0,28.85,0.0,0.0,40540.9
688320.SH,20260424,1300,30.65,39845.0,30.83,0.000860849,0.0736173,15101.4
688321.SH,20260424,7457,30.1501,224829.0,30.27,0.00182856,0.0810375,40780.8
688322.SH,20260424,13972,79.21,1106722.0,79.81,0.00438438,0.204136,31867.6
688323.SH,20260424,408,21.201,8650.0,21.19,0.000226664,0.0086307,18000.2
688325.SH,20260424,800,120.56,96448.0,120.58,0.000979606,0.0557617,8166.55
688326.SH,20260424,25571,119.5,3055735.0,120.7,0.0229083,1.545,11162.4
688327.SH,20260424,136102,13.18,1793824.0,13.33,0.0163301,0.670068,83344.1
688328.SH,20260424,11943,41.0,489663.0,41.22,0.0126439,0.161602,9445.63
688329.SH,20260424,24551,21.0,515571.0,20.93,0.0318018,0.846764,7720.0
688330.SH,20260424,12535,49.68,622739.0,49.45,0.00895357,0.342635,14000.0
688331.SH,20260424,25468,134.99,3437925.0,134.9,0.0156156,0.29958,16309.3
688332.SH,20260424,2200,125.0,275000.0,125.06,0.00182424,0.11502,12059.8
688333.SH,20260424,23414,85.5,2001897.0,85.03,0.00853522,0.167933,27432.2
688334.SH,20260424,2400,21.47,51528.0,21.47,0.00152959,0.0875684,15690.5
688335.SH,20260424,13944,34.93,487064.0,34.24,0.00941942,0.36646,14803.5
688336.SH,20260424,8426,78.9799,665485.0,79.32,0.00136611,0.112595,61678.6
688337.SH,20260424,161318,68.88,11111584.0,66.93,0.0867688,1.61662,18591.7
688338.SH,20260424,9700,29.96,290612.0,29.88,0.00913867,0.813097,10614.2
688339.SH,20260424,14937,25.0,373425.0,24.93,0.0076292,0.393115,19578.7
688343.SH,20260424,38301,94.53,3620594.0,94.25,0.0106509,0.288506,35960.3
688345.SH,20260424,10879,53.25,579307.0,54.35,0.010879,0.329318,10000.0
688347.SH,20260424,78327,123.18,9648320.0,123.59,0.0192096,0.493003,40775.0
688348.SH,20260424,33184,51.49,1708644.0,52.14,0.021234,1.4583,15627.7
688349.SH,20260424,58409,24.79,1447959.0,24.74,0.00491045,0.788179,118948.0
688350.SH,20260424,1213,27.3298,33151.0,27.49,0.000846803,0.0454565,14324.5
688351.SH,20260424,14318,24.0,343632.0,24.05,0.0030425,0.272609,47060.0
688352.SH,20260424,60456,12.62,762955.0,12.58,0.0165234,0.29954,36588.1
688353.SH,20260424,19620,115.77,2271407.0,115.77,0.0123009,0.282823,15950.0
688355.SH,20260424,5486,23.5,128921.0,23.55,0.00442576,0.177665,12395.6
688356.SH,20260424,1700,104.38,177446.0,105.1,0.00280294,0.181455,6065.07
688357.SH,20260424,5221,36.81,192185.0,37.03,0.00521788,0.347287,10006.0
688358.SH,20260424,1500,28.7,43050.0,28.79,0.00133958,0.152865,11197.6
688359.SH,20260424,24229,94.25,2283583.0,95.19,0.0245367,0.400079,9874.61
688360.SH,20260424,8698,18.0,156564.0,18.12,0.00344767,0.297535,25228.6
688361.SH,20260424,35277,168.7,5951230.0,167.12,0.0127417,0.467608,27686.2
688362.SH,20260424,27203,45.78,1245353.0,45.95,0.00662695,0.159322,41049.1
688363.SH,20260424,6896,42.99,296459.0,42.99,0.00143166,0.316443,48167.8
688365.SH,20260424,52783,18.83,993904.0,18.99,0.0123955,0.364251,42582.5
688366.SH,20260424,800,39.0,31200.0,39.1,0.000412261,0.228622,19405.2
688367.SH,20260424,18800,40.01,752188.0,41.2,0.0214552,0.375879,8762.46
688368.SH,20260424,39787,145.98,5808106.0,142.63,0.0449568,0.886448,8850.05
688369.SH,20260424,8737,23.6901,206980.0,23.66,0.00758301,0.191332,11521.8
688370.SH,20260424,6915,24.45,169072.0,24.54,0.00504347,1.02883,13710.8
688371.SH,20260424,1388,21.1001,29287.0,21.1,0.000413745,0.070519,33547.2
688372.SH,20260424,21048,142.81,3005865.0,143.07,0.0125461,0.253361,16776.5
688373.SH,20260424,64863,5.85001,379449.0,5.89,0.0107099,0.639094,60563.8
688375.SH,20260424,32628,132.21,4313748.0,131.99,0.00547436,0.430676,59601.5
688376.SH,20260424,3300,67.8,223740.0,69.4,0.00243989,0.144661,13525.2
688377.SH,20260424,1000,41.25,41250.0,41.25,0.000513762,0.0576329,19464.3
688378.SH,20260424,7919,38.9,308049.0,38.79,0.00328643,0.111464,24096.1
688379.SH,20260424,23747,60.87,1445480.0,61.28,0.0263605,0.350312,9008.55
688380.SH,20260424,205153,46.28,9494481.0,46.59,0.0512415,2.63508,40036.5
688381.SH,20260424,170148,28.25,4806681.0,27.4,0.0687467,1.67091,24750.0
688382.SH,20260424,23702,22.44,531873.0,22.63,0.00409822,0.129616,57834.8
688383.SH,20260424,0,,0.0,99.8,0.0,0.0,10164.7
688385.SH,20260424,19779,75.34,1490150.0,75.08,0.00366693,0.154687,53938.9
688386.SH,20260424,2797,77.5002,216768.0,77.5,0.00307363,0.162549,9100.0
688387.SH,20260424,262186,17.41,4564658.0,17.7,0.0130002,0.291859,201678.0
688388.SH,20260424,69822,47.05,3285125.0,47.0,0.0153228,0.228204,45567.4
688389.SH,20260424,1700,12.52,21284.0,12.57,0.000396746,0.0526978,42848.6
688390.SH,20260424,17809,91.5,1629524.0,91.78,0.00732693,0.192966,24306.2
688391.SH,20260424,544,29.5993,16102.0,29.61,0.000472298,0.053917,11518.2
688392.SH,20260424,2394,140.51,336381.0,139.94,0.00206855,0.0844475,11573.3
688393.SH,20260424,2088,22.75,47502.0,22.88,0.00223154,0.200428,9356.77
688395.SH,20260424,1073,26.1398,28048.0,26.18,0.00123906,0.123316,8659.77
688396.SH,20260424,88353,53.0,4682709.0,52.69,0.00665203,0.378895,132821.0
688398.SH,20260424,3600,30.13,108468.0,30.63,0.00214523,0.11814,16781.4
688399.SH,20260424,2994,62.99,188592.0,62.36,0.00356974,0.131584,8387.17
688400.SH,20260424,50944,46.9,2389274.0,47.1,0.0110513,0.31156,46097.7
688401.SH,20260424,74928,62.5,4683000.0,63.3,0.0387528,0.746804,19334.9
688403.SH,20260424,234355,16.34,3829361.0,16.35,0.0242492,0.342152,96644.3
688408.SH,20260424,32233,42.53,1370869.0,42.34,0.0147138,0.521086,21906.6
688409.SH,20260424,13673,101.02,1381246.0,102.47,0.00446523,0.301623,30621.1
688410.SH,20260424,12255,15.85,194242.0,15.99,0.00383447,0.414501,31960.1
688411.SH,20260424,7434,225.03,1672873.0,226.5,0.00560742,0.171723,13257.4
688416.SH,20260424,31900,100.83,3216477.0,103.8,0.0384311,0.476629,8300.57
688418.SH,20260424,26328,46.45,1222936.0,46.69,0.013673,0.241878,19255.5
688419.SH,20260424,1609,46.8297,75349.0,46.93,0.00270377,0.0771247,5950.95
688420.SH,20260424,0,,0.0,24.3,0.0,0.0,4173.9
688425.SH,20260424,100229,4.83,484106.0,4.83,0.00187924,0.613555,533350.0
688426.SH,20260424,2670,19.3,51531.0,19.45,0.00694814,0.207313,3842.76
688428.SH,20260424,396643,28.38,11256728.0,28.38,0.147803,4.21258,26836.0
688429.SH,20260424,3677,14.1199,51919.0,14.23,0.00306858,0.114888,11982.7
688432.SH,20260424,18500,15.38,284530.0,15.46,0.00147964,0.130818,125030.0
688433.SH,20260424,6082,81.93,498298.0,82.5,0.00146351,0.135796,41557.8
688435.SH,20260424,18662,39.74,741628.0,40.07,0.0332964,0.732899,5604.81
688439.SH,20260424,2030,51.3901,104322.0,51.48,0.001015,0.0917138,20000.0
688443.SH,20260424,7300,30.94,225862.0,31.19,0.00625643,0.152282,11668.0
688448.SH,20260424,200,62.82,12564.0,62.63,0.000279126,0.0150666,7165.23
688449.SH,20260424,24825,46.33,1150142.0,46.41,0.0084668,0.347322,29320.4
688450.SH,20260424,7197,46.43,334157.0,46.9,0.0147086,0.283902,4893.07
688455.SH,20260424,39210,23.07,904575.0,23.1,0.023335,0.555835,16803.1
688456.SH,20260424,6072,56.8701,345315.0,56.87,0.00585761,0.213385,10366.0
688458.SH,20260424,7418,36.23,268754.0,36.07,0.00872003,0.478305,8506.85
688459.SH,20260424,400,9.23,3692.0,9.28,8.33333e-05,0.0288306,48000.0
688466.SH,20260424,8735,17.09,149281.0,17.1,0.0071508,0.642978,12215.4
688468.SH,20260424,6700,7.2,48240.0,7.2,0.00167037,0.259108,40110.8
688469.SH,20260424,316751,6.64,2103227.0,6.66,0.00715046,0.304768,442980.0
688472.SH,20260424,176100,13.12,2310432.0,13.02,0.0130671,0.365349,134765.0
688475.SH,20260424,10347,30.02,310617.0,30.18,0.0013139,0.172553,78750.0
688478.SH,20260424,29611,43.6,1291040.0,44.44,0.0214005,0.295134,13836.6
688479.SH,20260424,2872,36.0999,103679.0,36.2,0.00460866,0.0832008,6231.74
688480.SH,20260424,10970,91.0,998270.0,91.97,0.0115079,0.210757,9532.62
688484.SH,20260424,39794,37.8,1504213.0,37.08,0.00930499,0.72254,42766.3
688485.SH,20260424,34450,43.94,1513733.0,44.75,0.0388134,0.245863,8875.8
688486.SH,20260424,19545,74.59,1457862.0,74.44,0.0146603,0.57354,13332.0
688488.SH,20260424,36512,18.09,660502.0,18.09,0.00867716,0.281872,42078.3
688489.SH,20260424,400,38.3,15320.0,38.66,0.000349863,0.0833966,11433.1
688496.SH,20260424,68598,5.29999,363569.0,5.32,0.0288293,1.27934,23794.6
688498.SH,20260424,22867,1393.99,31876369.0,1394.99,0.0269535,0.648681,8483.86
688499.SH,20260424,3516,53.4101,187790.0,53.45,0.00208382,0.0508125,16872.9
688500.SH,20260424,0,,0.0,48.28,0.0,0.0,7331.59
688501.SH,20260424,13266,26.5,351549.0,26.51,0.0106789,0.56981,12422.6
688502.SH,20260424,8257,497.3,4106206.0,487.55,0.0156383,0.253238,5280.0
688503.SH,20260424,88323,91.08,8044459.0,90.87,0.0439593,0.697535,20092.0
688505.SH,20260424,16906,7.66,129500.0,7.72,0.00237921,0.415917,71057.2
688506.SH,20260424,2633,287.52,757040.0,287.52,0.000637725,0.129398,41287.4
688507.SH,20260424,2100,93.5,196350.0,94.5,0.0042652,0.0989067,4923.57
688508.SH,20260424,75892,75.8,5752614.0,73.99,0.0577959,0.649661,13131.0
688509.SH,20260424,12541,4.44996,55807.0,4.46,0.00325916,0.218718,38479.2
688510.SH,20260424,30287,33.88,1026124.0,34.28,0.0116703,0.286126,25952.3
688511.SH,20260424,44854,24.82,1113276.0,24.77,0.0335538,0.499319,13367.8
688512.SH,20260424,6400,12.45,79680.0,12.46,0.00197184,0.0671893,32457.0
688513.SH,20260424,4000,63.8,255200.0,64.5,0.00226587,0.136291,17653.2
688515.SH,20260424,600,128.84,77304.0,129.36,0.00120435,0.0285225,4981.94
688516.SH,20260424,45660,77.7,3547782.0,78.56,0.0145063,0.388934,31476.0
688517.SH,20260424,102340,21.29,2178819.0,21.83,0.0749122,1.97728,13661.3
688518.SH,20260424,75337,27.85,2098135.0,28.29,0.0220719,0.345512,34132.5
688519.SH,20260424,20187,146.16,2950532.0,147.12,0.00859859,0.242419,23477.1
688520.SH,20260424,12493,41.2,514712.0,41.52,0.0028053,0.326972,44533.6
688521.SH,20260424,68916,235.0,16195260.0,235.5,0.013104,0.242444,52591.5
688522.SH,20260424,2423,34.5101,83618.0,34.73,0.00196837,0.0483998,12309.7
688523.SH,20260424,23479,70.01,1643765.0,70.81,0.0243266,0.230363,9651.59
688525.SH,20260424,476640,262.0,124879680.0,264.3,0.101233,1.26647,47083.7
688526.SH,20260424,9041,14.81,133897.0,14.88,0.0019396,0.576038,46612.8
688528.SH,20260424,11022,11.09,122234.0,11.11,0.00656071,0.543659,16800.0
688529.SH,20260424,15300,19.13,292689.0,19.13,0.00909761,0.839429,16817.6
688530.SH,20260424,79527,35.62,2832752.0,36.66,0.117334,0.443692,6777.82
688533.SH,20260424,400,26.31,10524.0,26.42,0.000242443,0.0381064,16498.7
688535.SH,20260424,64175,119.0,7636825.0,121.18,0.0795264,2.24162,8069.65
688536.SH,20260424,99604,224.0,22311296.0,212.82,0.0734278,1.77968,13564.9
688538.SH,20260424,124400,2.23,277412.0,2.23,0.00216264,0.235249,575224.0
688539.SH,20260424,5694,42.5999,242564.0,42.6,0.00306261,0.0914737,18592.0
688543.SH,20260424,9535,69.01,658010.0,69.34,0.00822252,0.170196,11596.2
688545.SH,20260424,19481,51.0,993531.0,51.5,0.0106892,0.403545,18225.0
688548.SH,20260424,195424,30.0,5862720.0,30.05,0.0282728,0.563962,69120.9
688549.SH,20260424,34058,9.70999,330703.0,9.74,0.00577921,0.141238,58931.9
688550.SH,20260424,40637,41.55,1688467.0,42.54,0.0233755,1.23924,17384.4
688551.SH,20260424,32070,48.02,1540001.0,49.45,0.0381465,0.846417,8407.07
688552.SH,20260424,39884,46.46,1853011.0,46.12,0.0459347,0.368956,8682.75
688553.SH,20260424,28654,19.17,549297.0,19.18,0.00834081,0.2437,34354.0
688556.SH,20260424,172471,13.4,2311111.0,13.42,0.0207603,0.46777,83077.4
688557.SH,20260424,7102,34.65,246084.0,34.89,0.00691666,0.36305,10268.0
688558.SH,20260424,2400,33.36,80064.0,33.3,0.00181818,0.085065,13200.0
688559.SH,20260424,36145,56.49,2041831.0,57.1,0.0145888,0.470696,24775.9
688560.SH,20260424,11613,16.07,186621.0,16.14,0.00576895,0.065218,20130.2
688561.SH,20260424,5976,29.99,179220.0,30.05,0.000875922,0.1294,68225.3
688562.SH,20260424,8632,19.51,168410.0,19.65,0.00498902,0.214472,17302.0
688563.SH,20260424,8981,59.7101,536256.0,60.0,0.00767679,0.248975,11698.9
688565.SH,20260424,36000,12.16,437760.0,12.39,0.0240433,1.28379,14973.0
688566.SH,20260424,19762,29.4,581003.0,29.52,0.0099092,0.628851,19943.1
688567.SH,20260424,86377,13.59,1173863.0,13.67,0.00706789,0.533176,122210.0
688568.SH,20260424,26848,62.28,1672093.0,62.61,0.00332245,0.173328,80807.9
688569.SH,20260424,1200,20.37,24444.0,20.53,0.00056962,0.0494604,21066.7
688570.SH,20260424,995,17.7799,17691.0,17.78,0.000528693,0.203919,18820.0
688571.SH,20260424,24116,7.92001,190999.0,8.03,0.00568545,0.344344,42417.1
688573.SH,20260424,9761,21.01,205079.0,21.1,0.0183422,0.230706,5321.62
688575.SH,20260424,14116,14.0,197624.0,14.1,0.00247047,0.409284,57138.8
688576.SH,20260424,500,70.1,35050.0,71.0,0.00229439,0.121216,2179.22
688577.SH,20260424,5204,69.0,359076.0,68.38,0.0046765,0.491202,11128.0
688578.SH,20260424,25115,96.52,2424100.0,96.37,0.00558111,0.481857,45000.0
688579.SH,20260424,8376,10.86,90963.0,10.9,0.00209395,0.123222,40001.0
688580.SH,20260424,6600,58.91,388806.0,59.27,0.00689142,0.331396,9577.13
688581.SH,20260424,900,57.58,51822.0,58.16,0.00216556,0.207452,4155.97
688582.SH,20260424,627859,56.4,35411248.0,62.04,0.250924,9.58933,25021.9
688583.SH,20260424,5600,115.59,647304.0,115.6,0.0181798,0.290656,3080.34
688584.SH,20260424,16926,20.58,348337.0,20.6,0.00493038,0.391291,34330.0
688585.SH,20260424,34809,120.36,4189611.0,121.44,0.00862972,0.792342,40336.2
688586.SH,20260424,3200,13.96,44672.0,13.98,0.000404378,0.0518861,79133.9
688588.SH,20260424,16536,11.82,195456.0,11.89,0.0041339,0.494922,40001.0
688589.SH,20260424,1600,21.9,35040.0,21.95,0.00110095,0.0659174,14532.9
688590.SH,20260424,9067,14.35,130111.0,14.43,0.00322076,0.112985,28151.7
688591.SH,20260424,3756,34.02,127779.0,33.94,0.00222991,0.0730704,16843.7
688592.SH,20260424,0,,0.0,45.94,0.0,0.0,3852.18
688593.SH,20260424,1800,31.22,56196.0,31.46,0.000557825,0.0219659,32268.2
688595.SH,20260424,29859,34.67,1035212.0,33.82,0.020722,0.999678,14409.4
688596.SH,20260424,21143,32.09,678479.0,32.13,0.00718829,0.252778,29413.1
688597.SH,20260424,23779,9.93999,236363.0,9.85,0.00707581,0.246975,33606.0
688598.SH,20260424,3613,23.6001,85267.0,23.67,0.00177477,0.0934897,20357.6
688599.SH,20260424,123403,16.23,2002831.0,16.23,0.00526785,0.373265,234257.0
688600.SH,20260424,20025,27.91,558898.0,27.9,0.0148654,0.879397,13470.8
688601.SH,20260424,7246,50.16,363459.0,50.26,0.00541989,0.158347,13369.3
688602.SH,20260424,134439,7.68,1032492.0,7.93,0.0517877,1.76735,25959.6
688603.SH,20260424,5204,93.4001,486054.0,92.8,0.0109739,0.111559,4742.16
688605.SH,20260424,22741,64.36,1463611.0,64.61,0.0209881,0.706409,10835.2
688606.SH,20260424,0,,0.0,56.64,0.0,0.0,7928.09
688607.SH,20260424,1195,67.5004,80663.0,68.56,0.00135597,0.0442355,8812.9
688608.SH,20260424,4870,168.76,821861.0,169.5,0.00288689,0.100018,16869.4
688609.SH,20260424,213859,9.41,2012413.0,9.32,0.0427718,1.54331,50000.0
688610.SH,20260424,5184,116.0,601344.0,116.85,0.0126647,0.245488,4093.26
688611.SH,20260424,4615,63.52,293145.0,64.0,0.00300868,0.236934,15339.0
688612.SH,20260424,13252,32.4,429365.0,32.29,0.00524722,0.177184,25255.3
688613.SH,20260424,3343,19.7401,65991.0,19.74,0.00243999,0.121315,13700.9
688615.SH,20260424,11892,182.0,2164344.0,183.61,0.0123016,0.221056,9667.02
688616.SH,20260424,4341,13.7001,59472.0,13.75,0.00242003,0.176852,17937.8
688617.SH,20260424,2027,248.0,502696.0,247.79,0.00143716,0.283727,14104.2
688618.SH,20260424,12904,39.54,510224.0,39.54,0.0117258,0.266596,11004.8
688619.SH,20260424,23600,16.2,382320.0,16.16,0.0127266,0.473139,18543.8
688620.SH,20260424,15677,11.98,187810.0,12.12,0.00674806,0.198604,23231.9
688621.SH,20260424,47719,58.59,2795856.0,61.15,0.0426062,2.10411,11200.0
688622.SH,20260424,15642,79.03,1236187.0,79.02,0.0221981,0.663557,7046.55
688623.SH,20260424,400,94.11,37644.0,95.2,0.00208957,0.0411857,1914.27
688625.SH,20260424,0,,0.0,70.8,0.0,0.0,18832.1
688626.SH,20260424,2536,58.1301,147418.0,58.1,0.001585,0.151176,16000.0
688627.SH,20260424,5673,275.99,1565691.0,276.37,0.00784087,0.178334,7235.17
688628.SH,20260424,196007,106.0,20776742.0,100.9,0.17537,2.94891,11176.8
688629.SH,20260424,100998,129.56,13085301.0,128.75,0.0555596,0.394513,18178.3
688630.SH,20260424,22826,241.13,5504033.0,240.95,0.0173265,0.319245,13174.1
688631.SH,20260424,3213,57.9499,186193.0,58.53,0.00495298,0.121197,6487.0
688633.SH,20260424,449352,30.0,13480560.0,28.0,0.31255,20.0913,14377.0
688636.SH,20260424,3435,46.6801,160346.0,46.77,0.00204919,0.0576986,16762.7
688638.SH,20260424,2567,42.0199,107865.0,42.22,0.00970106,0.215955,2646.1
688639.SH,20260424,8346,28.28,236025.0,28.28,0.00333686,0.187278,25011.6
688646.SH,20260424,1400,53.36,74704.0,53.85,0.00241442,0.0890042,5798.5
688648.SH,20260424,8344,57.0,475608.0,57.83,0.0120008,0.273671,6952.89
688651.SH,20260424,5499,37.77,207697.0,37.5,0.0169438,0.469138,3245.44
688652.SH,20260424,1702,106.3,180923.0,106.16,0.00140952,0.0412742,12075.0
688653.SH,20260424,26737,13.35,356939.0,13.35,0.00845007,0.549002,31641.2
688655.SH,20260424,50041,36.1,1806480.0,36.1,0.0375148,0.370273,13339.0
688656.SH,20260424,700,139.69,97783.0,139.0,0.00110271,0.171415,6347.97
688657.SH,20260424,2380,51.1798,121808.0,51.24,0.00579858,0.169354,4104.45
688658.SH,20260424,23660,19.8,468468.0,19.84,0.00525778,0.198963,45000.0
688659.SH,20260424,8562,9.67998,82880.0,9.72,0.00535125,0.4001,16000.0
688660.SH,20260424,36067,12.3,443624.0,12.34,0.00270502,0.237392,133333.0
688661.SH,20260424,29532,111.12,3281596.0,111.04,0.0194433,0.26624,15188.8
688662.SH,20260424,37077,68.7,2547190.0,68.8,0.0420184,0.454602,8824.0
688663.SH,20260424,6463,68.3901,442005.0,68.94,0.00456831,0.103817,14147.5
688665.SH,20260424,600,47.3,28380.0,47.57,0.00059293,0.0966401,10119.2
688667.SH,20260424,2390,150.01,358524.0,152.64,0.0045355,0.109864,5269.55
688668.SH,20260424,36970,234.08,8653938.0,235.37,0.0265454,0.436863,13927.1
688669.SH,20260424,3000,27.3,81900.0,27.46,0.00247253,0.0855884,12133.3
688670.SH,20260424,8500,16.83,143055.0,16.87,0.00689935,0.73826,12320.0
688671.SH,20260424,6169,21.23,130968.0,21.23,0.0131684,0.599295,4684.71
688676.SH,20260424,280026,93.7,26238436.0,92.53,0.0609038,1.74122,45978.4
688677.SH,20260424,117965,96.66,11402497.0,100.52,0.098405,1.1906,11987.7
688678.SH,20260424,96662,23.4,2261891.0,23.56,0.0239793,0.26709,40310.6
688679.SH,20260424,12137,56.47,685376.0,55.4,0.00921636,0.332281,13169.0
688680.SH,20260424,7347,50.05,367717.0,50.01,0.0075299,0.243224,9757.1
688681.SH,20260424,3000,18.65,55950.0,18.71,0.00286615,0.144239,10467.0
688682.SH,20260424,2650,48.5,128525.0,47.91,0.00260215,0.120268,10183.9
688683.SH,20260424,14620,43.73,639333.0,43.4,0.00942144,0.723557,15517.8
688685.SH,20260424,8000,44.58,356640.0,44.38,0.00544767,0.157848,14685.2
688686.SH,20260424,500,104.55,52275.0,105.0,0.000409047,0.0247773,12223.5
688687.SH,20260424,2828,20.68,58483.0,20.75,0.00165434,0.0914643,17094.4
688689.SH,20260424,56414,38.3,2160656.0,38.3,0.0437644,1.67874,12890.4
688690.SH,20260424,159311,33.5,5336919.0,33.32,0.0394515,1.02379,40381.5
688691.SH,20260424,10997,97.73,1074737.0,98.0,0.0150716,0.199298,7296.5
688692.SH,20260424,4561,253.39,1155712.0,255.55,0.00623627,0.297548,7313.67
688693.SH,20260424,32052,83.11,2663842.0,82.3,0.0823865,0.475835,3890.44
688695.SH,20260424,1456,23.1902,33765.0,23.2,0.00272682,0.125512,5339.55
688696.SH,20260424,920,89.6098,82441.0,89.84,0.00131391,0.113975,7002.0
688697.SH,20260424,7202,16.2399,116960.0,16.33,0.00157478,0.0742186,45733.3
688698.SH,20260424,18115,65.5,1186533.0,66.62,0.00846405,0.337864,21402.3
688699.SH,20260424,800,45.0,36000.0,45.0,0.000726846,0.0345272,11006.5
688700.SH,20260424,51518,64.03,3298698.0,64.35,0.0172647,0.359468,29840.1
688701.SH,20260424,5507,9.00999,49618.0,9.01,0.00410121,0.265151,13427.7
688702.SH,20260424,106014,255.0,27033570.0,252.6,0.0522258,1.29651,20299.2
688707.SH,20260424,401673,16.15,6487019.0,16.48,0.0789544,0.906691,50874.0
688708.SH,20260424,1700,54.11,91987.0,53.58,0.00119486,0.145226,14227.6
688709.SH,20260424,8779,42.5499,373546.0,42.55,0.00395903,0.154752,22174.6
688710.SH,20260424,0,,0.0,67.99,0.0,0.0,9069.4
688711.SH,20260424,5552,27.62,153346.0,27.48,0.00260544,0.127541,21309.3
688712.SH,20260424,3842,39.86,153142.0,39.86,0.0103517,0.136213,3711.47
688716.SH,20260424,3678,31.9899,117659.0,32.2,0.00525976,0.224121,6992.72
688717.SH,20260424,11953,109.89,1313515.0,109.89,0.0120679,0.230404,9904.78
688718.SH,20260424,3762,16.11,60606.0,16.0,0.00216513,0.192951,17375.4
688719.SH,20260424,22041,56.99,1256117.0,56.89,0.0245658,0.416021,8972.23
688720.SH,20260424,31543,77.03,2429757.0,77.3,0.0559429,0.796288,5638.43
688721.SH,20260424,4450,42.96,191172.0,43.19,0.00832016,0.154639,5348.45
688722.SH,20260424,1512,17.3102,26173.0,17.35,0.000674683,0.0391084,22410.5
688726.SH,20260424,82145,59.51,4888449.0,59.98,0.0373515,0.450197,21992.4
688727.SH,20260424,23524,49.8,1171495.0,50.59,0.0468203,0.687089,5024.32
688728.SH,20260424,29888,13.26,396315.0,13.26,0.00119605,0.22882,249889.0
688729.SH,20260424,22328,22.61,504836.0,22.7,0.0103851,0.421412,21500.1
688733.SH,20260424,5644,28.3,159725.0,28.46,0.00282518,0.140115,19977.5
688737.SH,20260424,1000,29.61,29610.0,30.05,0.000836369,0.02831,11956.5
688739.SH,20260424,800,23.85,19080.0,23.81,0.0001921,0.045506,41645.0
688750.SH,20260424,7585,18.61,141157.0,18.61,0.00325651,0.212782,23291.8
688755.SH,20260424,1209,36.8098,44503.0,37.09,0.00686932,0.526208,1760.0
688757.SH,20260424,1100,26.36,28996.0,26.25,0.000606996,0.0273662,18122.0
688758.SH,20260424,19500,20.44,398580.0,20.18,0.00653959,0.306329,29818.4
688759.SH,20260424,400,35.04,14016.0,34.94,0.000860919,0.0179255,4646.2
688765.SH,20260424,1300,61.85,80405.0,61.85,0.00317237,0.123243,4097.88
688766.SH,20260424,11905,264.39,3147563.0,266.13,0.00804125,0.225343,14804.9
688767.SH,20260424,4162,36.0601,150082.0,36.06,0.00278705,0.230009,14933.3
688768.SH,20260424,1000,46.17,46170.0,46.17,0.00114595,0.0731574,8726.35
688772.SH,20260424,59709,16.63,992961.0,16.66,0.00527378,0.127727,113219.0
688775.SH,20260424,4146,193.02,800261.0,194.59,0.0126402,0.410653,3280.0
688776.SH,20260424,8047,82.2,661463.0,81.87,0.00742457,0.479855,10838.3
688777.SH,20260424,75446,66.66,5029230.0,67.0,0.00958411,0.380101,78719.9
688778.SH,20260424,36105,80.0,2888400.0,79.91,0.00715388,0.308389,50469.1
688779.SH,20260424,45742,10.9,498588.0,10.96,0.00237101,0.145476,192922.0
688781.SH,20260424,16793,39.19,658118.0,38.91,0.0411239,0.297433,4083.51
688783.SH,20260424,6389,22.8699,146116.0,22.91,0.00388112,0.0963706,16461.8
688785.SH,20260424,400,288.1,115240.0,289.9,0.00314276,0.0529703,1272.77
688786.SH,20260424,4028,31.79,128050.0,32.21,0.00280111,0.183363,14380.0
688787.SH,20260424,93363,141.99,13256612.0,135.53,0.154766,4.66102,6032.52
688788.SH,20260424,1100,55.45,60995.0,55.95,0.000701198,0.0608493,15687.4
688789.SH,20260424,3200,69.1,221120.0,69.6,0.00177525,0.180724,18025.6
688790.SH,20260424,0,,0.0,135.9,0.0,0.0,1205.77
688793.SH,20260424,3601,20.5601,74037.0,20.7,0.00418987,0.290225,8594.54
688795.SH,20260424,4451,605.0,2692855.0,605.62,0.0151485,0.171163,2938.24
688796.SH,20260424,15129,97.63,1477044.0,99.41,0.0421566,0.790047,3588.76
688798.SH,20260424,66360,70.89,4704260.0,68.92,0.0488864,2.03707,13574.3
688799.SH,20260424,20331,57.56,1170252.0,56.61,0.015482,0.372408,13132.0
688800.SH,20260424,22057,91.03,2007849.0,91.5,0.0107242,0.251392,20567.4
688802.SH,20260424,14931,666.67,9954050.0,670.0,0.0823145,0.588397,1813.9
688805.SH,20260424,4906,54.0799,265316.0,54.0,0.0155653,0.0901181,3151.89
688807.SH,20260424,13927,337.0,4693399.0,338.0,0.0926265,0.443927,1503.57
688809.SH,20260424,10246,406.0,4159876.0,404.5,0.0420728,0.345973,2435.3
688811.SH,20260424,140764,23.8,3350183.0,23.97,0.152795,0.319293,9212.61
688813.SH,20260424,93540,77.06,7208192.0,75.18,0.311002,0.904224,3007.7
688816.SH,20260424,1000,65.1,65100.0,65.3,0.00518558,0.0624392,1928.42
688818.SH,20260424,33855,69.04,2337349.0,69.72,0.0256446,0.13701,13201.6
688819.SH,20260424,18471,35.82,661631.0,35.82,0.00190011,0.437051,97210.0
688820.SH,20260424,523881,90.5,47411231.0,88.6,0.302992,0.540829,17290.3
688981.SH,20260424,268390,105.58,28336616.0,105.98,0.0134224,0.598884,199956.0
689009.SH,20260424,11905,43.74,520725.0,43.85,0.0214251,0.115249,5556.58
000001.SZ,20260424,388200,10.98,4262436.0,11.0,0.00200045,0.532272,1940560.0
000002.SZ,20260424,854800,3.8,3248240.0,3.81,0.00879701,0.983859,971694.0
000004.SZ,20260424,265300,2.91,772023.0,3.06,0.210076,5.55043,12628.8
000006.SZ,20260424,90800,9.72,882576.0,9.72,0.006726,0.272573,134998.0
000007.SZ,20260424,6300,13.7,86310.0,13.68,0.00181845,0.114637,34644.8
000008.SZ,20260424,567100,2.66,1508486.0,2.67,0.0208777,1.14775,271630.0
000009.SZ,20260424,17100,8.85,151335.0,8.88,0.000663815,0.0741575,257602.0
000010.SZ,20260424,75600,3.68,278208.0,3.7,0.00870825,0.162194,86814.2
000011.SZ,20260424,13800,8.41,116058.0,8.41,0.0026212,0.289874,52647.6
000012.SZ,20260424,45000,4.45,200250.0,4.47,0.00229672,0.31777,195932.0
000014.SZ,20260424,11100,13.05,144855.0,13.13,0.0045859,0.185841,24204.6
000016.SZ,20260424,332900,3.2,1065280.0,3.22,0.0208506,0.598292,159659.0
000017.SZ,20260424,5900,6.35,37465.0,6.37,0.00133841,0.0690207,44082.2
000019.SZ,20260424,527000,8.15,4295050.0,8.08,0.126617,1.89125,41621.6
000020.SZ,20260424,32800,15.4,505120.0,15.49,0.018105,0.602381,18116.5
000021.SZ,20260424,272100,28.5,7754850.0,28.73,0.0173154,0.432623,157143.0
000025.SZ,20260424,1600,15.68,25088.0,15.71,0.000407354,0.044186,39277.8
000026.SZ,20260424,424500,18.0,7641000.0,18.09,0.116442,1.72773,36456.1
000027.SZ,20260424,342000,7.03,2404260.0,7.07,0.00718882,0.733523,475739.0
000028.SZ,20260424,17400,25.0,435000.0,25.0,0.00363976,0.371365,47805.3
000029.SZ,20260424,11200,20.32,227584.0,20.33,0.00125608,0.294888,89166.0
000030.SZ,20260424,117200,5.2,609440.0,5.21,0.00701416,0.236217,167091.0
000031.SZ,20260424,14800,2.89,42772.0,2.89,0.000345286,0.0674428,428630.0
000032.SZ,20260424,21000,18.19,381990.0,18.32,0.00184541,0.116194,113796.0
000034.SZ,20260424,190700,36.88,7033016.0,36.69,0.031452,0.823238,60632.0
000035.SZ,20260424,163100,6.97,1136807.0,6.95,0.00705137,0.250585,231303.0
000036.SZ,20260424,63400,5.03,318902.0,5.05,0.00452485,0.189273,140115.0
000037.SZ,20260424,329900,11.3,3727870.0,11.58,0.097342,0.599524,33890.8
000039.SZ,20260424,28500,11.3,322050.0,11.34,0.00123837,0.0482366,230141.0
000042.SZ,20260424,130000,8.99,1168700.0,9.05,0.0195753,2.44517,66410.2
000045.SZ,20260424,36600,11.77,430782.0,11.82,0.00800837,0.423549,45702.2
000048.SZ,20260424,53300,14.55,775515.0,14.55,0.0100604,0.397463,52980.3
000049.SZ,20260424,113950,28.6,3258970.0,28.77,0.0296332,0.462798,38453.5
000050.SZ,20260424,32700,8.3,271410.0,8.32,0.0013305,0.160194,245772.0
000055.SZ,20260424,20000,3.38,67600.0,3.39,0.00295922,0.225037,67585.4
000056.SZ,20260424,0,,0.0,1.93,0.0,0.0,90372.7
000058.SZ,20260424,15300,8.07,123471.0,8.07,0.00155371,0.201082,98473.9
000059.SZ,20260424,69700,5.28,368016.0,5.29,0.00435785,0.302598,159941.0
000060.SZ,20260424,686100,6.44,4418484.0,6.49,0.0154488,0.52755,444112.0
000061.SZ,20260424,54400,7.48,406912.0,7.52,0.0030318,0.400772,179431.0
000062.SZ,20260424,639900,30.81,19715319.0,31.22,0.0612403,0.864055,104490.0
000063.SZ,20260424,336000,36.57,12287520.0,36.85,0.00834239,0.28648,402762.0
000065.SZ,20260424,114900,13.52,1553448.0,13.61,0.0117851,0.266554,97496.2
000066.SZ,20260424,18044100,17.36,313245576.0,16.19,0.559405,15.9783,322559.0
000068.SZ,20260424,22200,3.17,70374.0,3.19,0.00220529,0.231269,100667.0
000069.SZ,20260424,70400,2.16,152064.0,2.17,0.0010205,0.209492,689860.0
000070.SZ,20260424,827100,20.51,16963821.0,20.99,0.0930707,0.617542,88867.9
000078.SZ,20260424,2012359,3.31,6660908.29,3.33,0.0766192,1.11895,262644.0
000088.SZ,20260424,156700,4.52,708284.0,4.5,0.00495434,0.730894,316289.0
000089.SZ,20260424,544300,6.98,3799214.0,6.88,0.0265416,10.0269,205074.0
000090.SZ,20260424,39100,3.58,139978.0,3.59,0.00209266,0.186896,186843.0
000096.SZ,20260424,63100,9.77,616487.0,9.79,0.012352,0.949732,51084.8
000099.SZ,20260424,42000,17.8,747600.0,17.96,0.00541397,0.411981,77577.0
000100.SZ,20260424,1137900,4.25,4836075.0,4.26,0.00594763,0.335768,1913200.0
000151.SZ,20260424,603100,10.89,6567759.0,10.57,0.195853,5.76736,30793.5
000153.SZ,20260424,96140,6.28,603759.2,6.32,0.0209515,0.598499,45886.9
000155.SZ,20260424,281793,16.78,4728486.54,16.73,0.0152637,0.36245,184617.0
000156.SZ,20260424,53900,7.49,403711.0,7.53,0.00317082,0.596171,169988.0
000157.SZ,20260424,357600,7.96,2846496.0,8.0,0.00505823,0.442739,706967.0
000158.SZ,20260424,347300,18.18,6313914.0,18.39,0.0218715,0.856345,158791.0
000159.SZ,20260424,287800,6.61,1902358.0,6.7,0.0598749,1.31433,48066.8
000166.SZ,20260424,397500,4.64,1844400.0,4.65,0.00176388,0.603242,2253550.0
000301.SZ,20260424,81200,12.43,1009316.0,12.47,0.00122879,0.23759,660813.0
000333.SZ,20260424,114000,79.56,9069840.0,79.85,0.00166314,0.440134,685449.0
000338.SZ,20260424,660500,29.67,19597035.0,29.49,0.0132008,0.529648,500349.0
000400.SZ,20260424,88200,26.15,2306430.0,26.15,0.00871799,0.290455,101170.0
000401.SZ,20260424,32400,4.67,151308.0,4.69,0.0012313,0.219119,263135.0
000402.SZ,20260424,155900,2.67,416253.0,2.68,0.00521637,0.29208,298867.0
000403.SZ,20260424,22300,12.63,281649.0,12.68,0.00237055,0.436663,94071.0
000404.SZ,20260424,1432400,8.51,12189724.0,8.64,0.206743,2.74719,69284.0
000407.SZ,20260424,347300,4.68,1625364.0,4.74,0.0396563,2.06281,87577.5
000408.SZ,20260424,17500,87.0,1522500.0,87.29,0.0011145,0.120285,157021.0
000409.SZ,20260424,27600,10.17,280692.0,10.17,0.00467414,0.291656,59048.3
000410.SZ,20260424,726000,6.6,4791600.0,6.68,0.0368338,4.42814,197102.0
000411.SZ,20260424,68200,11.09,756338.0,11.16,0.0120979,1.34226,56373.6
000415.SZ,20260424,96000,4.54,435840.0,4.56,0.0017801,0.137069,539296.0
000417.SZ,20260424,3500,6.37,22295.0,6.39,0.000449278,0.0258625,77902.7
000419.SZ,20260424,34500,5.55,191475.0,5.59,0.00634678,0.34195,54358.3
000420.SZ,20260424,466200,5.22,2433564.0,5.26,0.0189664,0.292397,245803.0
000421.SZ,20260424,87700,5.97,523569.0,5.99,0.0152709,1.34191,57429.6
000422.SZ,20260424,163642,16.28,2664091.76,16.28,0.0154692,0.369211,105786.0
000423.SZ,20260424,13500,52.21,704835.0,52.21,0.00210002,0.160243,64285.0
000425.SZ,20260424,190000,9.73,1848700.0,9.8,0.00210895,0.135053,900922.0
000426.SZ,20260424,238000,40.76,9700880.0,41.1,0.0134069,0.37479,177521.0
000428.SZ,20260424,60300,3.75,226125.0,3.77,0.005918,0.333367,101893.0
000429.SZ,20260424,6300,12.79,80577.0,12.77,0.000483377,0.136379,130333.0
000430.SZ,20260424,14300,7.84,112112.0,7.86,0.00385906,0.20695,37055.6
000488.SZ,20260424,892200,2.7,2408940.0,2.68,0.0526614,3.99425,169422.0
000498.SZ,20260424,31800,5.73,182214.0,5.76,0.00219409,0.155835,144935.0
000501.SZ,20260424,3200,8.25,26400.0,8.26,0.000416547,0.0558642,76822.1
000503.SZ,20260424,728700,7.49,5457963.0,7.57,0.0744152,4.43971,97923.5
000504.SZ,20260424,4400,9.45,41580.0,9.43,0.00133689,0.1733,32912.2
000505.SZ,20260424,25400,6.45,163830.0,6.48,0.00401657,0.297521,63238.0
000506.SZ,20260424,126900,16.3,2068470.0,16.48,0.0136642,0.408183,92870.7
000507.SZ,20260424,27700,5.26,145702.0,5.28,0.00306975,0.227628,90235.4
000509.SZ,20260424,25500,3.48,88740.0,3.51,0.00237624,0.0977989,107312.0
000510.SZ,20260424,142500,13.42,1912350.0,13.62,0.0234891,0.295131,60666.5
000513.SZ,20260424,80200,33.1,2654620.0,33.56,0.0141162,2.01291,56814.0
000514.SZ,20260424,10300,4.71,48513.0,4.72,0.00122071,0.113066,84377.1
000516.SZ,20260424,149900,4.59,688041.0,4.58,0.00683154,0.585097,219423.0
000517.SZ,20260424,30400,1.87,56848.0,1.87,0.00121991,0.172047,249199.0
000518.SZ,20260424,15000,2.86,42900.0,2.88,0.00145697,0.0675019,102954.0
000519.SZ,20260424,74600,17.78,1326388.0,17.65,0.00535704,0.367839,139256.0
000520.SZ,20260424,16000,3.9,62400.0,3.91,0.0015809,0.0970244,101208.0
000521.SZ,20260424,5500,5.65,31075.0,5.67,0.000628198,0.0587446,87552.1
000523.SZ,20260424,29400,3.19,93786.0,3.2,0.0022186,0.164559,132516.0
000524.SZ,20260424,27900,10.15,283185.0,10.24,0.00416438,0.258185,66996.7
000525.SZ,20260424,17800,5.62,100036.0,5.63,0.00160106,0.0951517,111176.0
000526.SZ,20260424,3600,34.29,123444.0,34.54,0.00301357,0.111565,11945.9
000528.SZ,20260424,60900,9.74,593166.0,9.78,0.0029942,0.234619,203393.0
000529.SZ,20260424,17000,5.51,93670.0,5.53,0.00298306,0.291844,56988.4
000530.SZ,20260424,578700,5.8,3356460.0,5.96,0.0964433,2.51317,60004.1
000531.SZ,20260424,423900,7.05,2988495.0,7.19,0.0465955,1.31285,90974.5
000532.SZ,20260424,27200,13.65,371280.0,13.7,0.00791734,0.476435,34355.0
000533.SZ,20260424,2845300,13.55,38553815.0,14.45,0.415431,2.45593,68490.2
000534.SZ,20260424,262700,44.2,11611340.0,44.01,0.0525431,0.969844,49997.0
000536.SZ,20260424,126100,4.06,511966.0,4.09,0.00456374,0.380659,276308.0
000537.SZ,20260424,3033600,11.65,35341440.0,11.65,0.147569,4.07245,205572.0
000538.SZ,20260424,69400,54.45,3778830.0,54.28,0.00391442,1.05433,177293.0
000539.SZ,20260424,4721300,6.78,32010414.0,7.15,0.184759,2.75414,255539.0
000541.SZ,20260424,23000,5.62,129260.0,5.64,0.00186917,0.339721,123049.0
000543.SZ,20260424,1578300,8.18,12910494.0,8.31,0.0696248,4.18744,226686.0
000544.SZ,20260424,10100,8.37,84537.0,8.39,0.00103623,0.210139,97468.4
000545.SZ,20260424,227900,2.88,656352.0,2.91,0.0231276,0.511934,98540.3
000546.SZ,20260424,259200,6.5,1684800.0,6.51,0.0372037,0.354403,69670.5
000547.SZ,20260424,339400,26.12,8865128.0,26.22,0.0213577,0.158358,158912.0
000548.SZ,20260424,28500,5.12,145920.0,5.14,0.00570895,0.42392,49921.6
000550.SZ,20260424,13600,19.05,259080.0,19.21,0.00262314,0.292554,51846.3
000551.SZ,20260424,139500,14.84,2070180.0,14.98,0.0287898,0.890525,48454.7
000552.SZ,20260424,980900,2.64,2589576.0,2.64,0.0263271,0.52579,372581.0
000553.SZ,20260424,7700,6.08,46816.0,6.09,0.000353686,0.105313,217707.0
000554.SZ,20260424,321300,8.02,2576826.0,8.04,0.088597,1.43847,36265.3
000555.SZ,20260424,68300,14.88,1016304.0,15.08,0.00700778,0.198307,97463.2
000557.SZ,20260424,41900,4.66,195254.0,4.65,0.00287396,0.566235,145792.0
000558.SZ,20260424,100600,4.25,427550.0,4.28,0.00780641,0.289506,128868.0
000559.SZ,20260424,1154104,17.58,20289148.32,17.98,0.0348214,0.890954,331435.0
000560.SZ,20260424,292500,2.89,845325.0,2.9,0.0125084,0.314991,233844.0
000561.SZ,20260424,18500,9.65,178525.0,9.68,0.00238326,0.148531,77624.7
000563.SZ,20260424,290100,3.38,980538.0,3.39,0.0056727,0.769301,511397.0
000564.SZ,20260424,624500,1.81,1130345.0,1.82,0.00413716,0.336297,1509490.0
000565.SZ,20260424,6800,7.14,48552.0,7.17,0.00156829,0.114827,43359.2
000566.SZ,20260424,32500,5.11,166075.0,5.13,0.00250629,0.111032,129674.0
000567.SZ,20260424,18900,5.42,102438.0,5.41,0.000969279,0.141641,194990.0
000568.SZ,20260424,87600,100.9,8838840.0,101.85,0.00595409,1.06565,147126.0
000570.SZ,20260424,411000,6.7,2753700.0,6.8,0.0739618,0.632024,55569.2
000571.SZ,20260424,156300,5.89,920607.0,5.89,0.0192017,0.54786,81399.2
000572.SZ,20260424,76900,5.58,429102.0,5.56,0.00468259,0.230181,164225.0
000573.SZ,20260424,30000,4.8,144000.0,4.8,0.0047396,0.100146,63296.5
000576.SZ,20260424,6200,9.48,58776.0,9.47,0.00142918,0.0743459,43381.5
000581.SZ,20260424,524200,19.67,10311014.0,19.25,0.066028,2.03649,79390.5
000582.SZ,20260424,92300,10.93,1008839.0,10.96,0.00427939,0.368561,215685.0
000586.SZ,20260424,409700,18.94,7759718.0,19.14,0.214289,0.996876,19119.0
000589.SZ,20260424,33600,4.61,154896.0,4.62,0.00217501,0.185367,154482.0
000590.SZ,20260424,23900,10.77,257403.0,10.77,0.00998502,0.579918,23935.9
000591.SZ,20260424,3340500,5.58,18639990.0,5.69,0.0851191,2.93557,392450.0
000592.SZ,20260424,513200,10.71,5496372.0,10.71,0.0267977,0.2919,191509.0
000593.SZ,20260424,956600,19.64,18787624.0,19.64,0.266847,3.30364,35848.3
000595.SZ,20260424,243600,6.52,1588272.0,6.56,0.0213936,1.22424,113866.0
000596.SZ,20260424,11200,109.11,1222032.0,109.86,0.00274107,0.410202,40860.0
000597.SZ,20260424,39600,5.06,200376.0,5.08,0.00281016,0.244188,140917.0
000598.SZ,20260424,15500,6.89,106795.0,6.91,0.000520269,0.0818111,297923.0
000599.SZ,20260424,18100,5.34,96654.0,5.36,0.00221611,0.150994,81674.5
000600.SZ,20260424,207000,9.43,1952010.0,9.45,0.0189899,0.847841,109005.0
000601.SZ,20260424,1871100,7.24,13546764.0,7.51,0.17828,1.29111,104953.0
000603.SZ,20260424,189400,37.84,7166896.0,38.43,0.0284079,0.918238,66671.6
000605.SZ,20260424,21900,6.64,145416.0,6.64,0.00620997,0.507199,35265.9
000607.SZ,20260424,236600,3.88,918008.0,3.91,0.0267335,2.16161,88503.3
000608.SZ,20260424,76600,3.83,293378.0,3.86,0.010276,0.483929,74542.8
000609.SZ,20260424,67900,11.87,805973.0,11.3,0.0233287,1.77187,29105.8
000610.SZ,20260424,0,,0.0,8.22,0.0,0.0,23550.4
000612.SZ,20260424,195200,13.19,2574688.0,13.13,0.0163731,0.478995,119220.0
000615.SZ,20260424,329400,3.39,1116666.0,3.34,0.0355986,4.07995,92531.6
000617.SZ,20260424,1263183,9.4,11873920.2,9.43,0.00999189,0.771274,1264210.0
000619.SZ,20260424,19500,5.89,114855.0,5.88,0.00541667,0.303689,36000.0
000620.SZ,20260424,417300,2.72,1135056.0,2.74,0.00893242,0.334358,467175.0
000623.SZ,20260424,31800,17.91,569538.0,17.92,0.0026701,0.316133,119097.0
000625.SZ,20260424,266200,9.98,2656676.0,10.01,0.00321999,0.332682,826711.0
000626.SZ,20260424,286200,8.85,2532870.0,8.99,0.0568177,1.11243,50371.7
000628.SZ,20260424,182000,63.33,11526060.0,63.33,0.094674,1.09526,19223.9
000629.SZ,20260424,310600,3.43,1065358.0,3.45,0.00334322,0.31739,929044.0
000630.SZ,20260424,1711175,6.23,10660620.25,6.3,0.0153565,0.625623,1114300.0
000631.SZ,20260424,110000,3.2,352000.0,3.22,0.00478261,0.600778,230000.0
000632.SZ,20260424,316100,4.58,1447738.0,4.6,0.0679082,1.38656,46548.2
000633.SZ,20260424,39500,6.38,252010.0,6.39,0.010257,0.37026,38510.2
000635.SZ,20260424,8000,7.91,63280.0,7.9,0.00218091,0.133384,36682.0
000636.SZ,20260424,134200,22.01,2953742.0,22.16,0.0115988,0.243019,115701.0
000637.SZ,20260424,35000,4.42,154700.0,4.43,0.00959995,0.5073,36458.5
000639.SZ,20260424,416200,2.03,844886.0,2.03,0.0385575,0.735855,107943.0
000650.SZ,20260424,99000,5.66,560340.0,5.71,0.00743586,0.92787,133139.0
000651.SZ,20260424,96600,36.81,3555846.0,36.96,0.00175154,0.347824,551516.0
000652.SZ,20260424,118300,4.21,498043.0,4.22,0.00802326,0.653971,147446.0
000655.SZ,20260424,26300,8.33,219079.0,8.34,0.00441764,0.348693,59534.0
000656.SZ,20260424,2036400,1.43,2912052.0,1.42,0.026759,2.23082,761015.0
000657.SZ,20260424,570400,55.31,31548824.0,56.57,0.0392587,0.476619,145293.0
000659.SZ,20260424,123100,4.0,492400.0,4.02,0.00957453,0.426367,128570.0
000661.SZ,20260424,19200,85.3,1637760.0,85.62,0.00480463,0.374089,39961.5
000663.SZ,20260424,97100,6.32,613672.0,6.32,0.0317008,1.50671,30630.1
000665.SZ,20260424,282400,4.64,1310336.0,4.59,0.0248347,2.30139,113712.0
000668.SZ,20260424,2100,14.84,31164.0,14.78,0.00143011,0.090575,14684.2
000669.SZ,20260424,1448500,3.98,5765030.0,4.17,0.212887,6.32955,68040.9
000670.SZ,20260424,205100,7.56,1550556.0,7.53,0.0249555,0.542739,82186.3
000672.SZ,20260424,89800,13.45,1207810.0,13.39,0.00926351,0.744655,96939.5
000676.SZ,20260424,15400,7.48,115192.0,7.5,0.00122317,0.0799012,125903.0
000677.SZ,20260424,593100,4.2,2491020.0,4.19,0.0686476,1.64142,86397.8
000678.SZ,20260424,46500,12.0,558000.0,12.13,0.0101172,0.33129,45961.2
000679.SZ,20260424,57000,6.74,384180.0,6.73,0.0159933,1.12011,35640.0
000680.SZ,20260424,60600,10.95,663570.0,10.98,0.00460949,0.26847,131468.0
000681.SZ,20260424,102600,20.5,2103300.0,20.69,0.0151745,0.404614,67613.5
000682.SZ,20260424,422700,13.65,5769855.0,13.58,0.0315317,1.57314,134056.0
000683.SZ,20260424,185300,8.8,1630640.0,8.87,0.0055444,0.294046,334211.0
000685.SZ,20260424,49300,11.61,572373.0,11.64,0.00393154,0.393062,125396.0
000686.SZ,20260424,19500,8.27,161265.0,8.3,0.000833172,0.133528,234045.0
000688.SZ,20260424,121100,40.89,4951779.0,40.84,0.0102189,0.486571,118506.0
000690.SZ,20260424,1129900,5.4,6101460.0,5.48,0.0519621,0.589433,217447.0
000691.SZ,20260424,8100,7.49,60669.0,7.49,0.00250565,0.148272,32327.0
000692.SZ,20260424,64900,4.41,286209.0,4.46,0.0121802,0.427366,53283.3
000695.SZ,20260424,54200,14.48,784816.0,14.57,0.0244352,0.396978,22181.1
000697.SZ,20260424,39000,9.99,389610.0,9.99,0.00597145,0.634937,65310.7
000698.SZ,20260424,40000,3.9,156000.0,3.91,0.00509091,0.778988,78571.4
000700.SZ,20260424,282100,11.28,3182088.0,11.25,0.0307293,0.739484,91801.5
000701.SZ,20260424,58700,5.73,336351.0,5.71,0.00879076,0.529495,66774.7
000702.SZ,20260424,35900,6.73,241607.0,6.73,0.0134641,0.229583,26663.5
000703.SZ,20260424,131700,14.88,1959696.0,14.98,0.00346405,0.238184,380191.0
000705.SZ,20260424,6300,8.46,53298.0,8.53,0.00223435,0.111334,28196.1
000707.SZ,20260424,237600,6.04,1435104.0,6.0,0.0431448,0.929059,55070.4
000708.SZ,20260424,76700,15.65,1200355.0,15.71,0.00151967,0.656461,504714.0
000709.SZ,20260424,207900,2.28,474012.0,2.29,0.00201153,0.289058,1033540.0
000710.SZ,20260424,17200,9.65,165980.0,9.7,0.00521956,0.25112,32953.0
000711.SZ,20260424,2299200,4.25,9771600.0,4.34,0.0965369,1.80217,238168.0
000712.SZ,20260424,25700,10.3,264710.0,10.34,0.00286916,0.242534,89573.4
000713.SZ,20260424,117000,6.48,758160.0,6.48,0.0190549,1.81794,61401.5
000715.SZ,20260424,2651700,6.3,16705710.0,6.61,0.545582,8.70082,48603.1
000716.SZ,20260424,8600,4.99,42914.0,4.99,0.00116407,0.102041,73878.4
000717.SZ,20260424,125500,2.4,301200.0,2.41,0.00517833,0.929566,242356.0
000718.SZ,20260424,105100,2.07,217557.0,2.08,0.00460542,0.408324,228209.0
000719.SZ,20260424,23100,14.32,330792.0,14.49,0.0034625,0.165868,66714.8
000720.SZ,20260424,1117000,4.8,5361600.0,4.87,0.0888955,0.748394,125653.0
000721.SZ,20260424,115500,7.6,877800.0,7.68,0.0225427,1.09793,51236.0
000722.SZ,20260424,785900,14.94,11741346.0,15.63,0.169317,1.67096,46415.8
000723.SZ,20260424,436400,4.5,1963800.0,4.51,0.00992945,0.794148,439501.0
000725.SZ,20260424,2540000,4.17,10591800.0,4.19,0.00698922,0.316874,3634170.0
000726.SZ,20260424,19200,6.65,127680.0,6.68,0.0032579,0.184747,58933.6
000727.SZ,20260424,90000,2.65,238500.0,2.67,0.00198694,0.0855161,452957.0
000728.SZ,20260424,96200,7.34,706108.0,7.36,0.00220451,0.27169,436378.0
000729.SZ,20260424,523600,12.97,6791092.0,12.95,0.0208638,1.37988,250961.0
000731.SZ,20260424,251400,7.26,1825164.0,7.18,0.0458069,1.40957,54882.6
000733.SZ,20260424,24700,46.9,1158430.0,46.8,0.00445772,0.304853,55409.5
000735.SZ,20260424,48100,6.78,326118.0,6.81,0.00417935,0.187032,115090.0
000736.SZ,20260424,12900,5.2,67080.0,5.2,0.00172668,0.237362,74709.8
000737.SZ,20260424,91500,13.72,1255380.0,13.84,0.00480431,0.287872,190454.0
000738.SZ,20260424,124500,21.3,2651850.0,21.45,0.00946636,0.45605,131518.0
000739.SZ,20260424,59400,18.53,1100682.0,18.48,0.0051295,0.521447,115801.0
000750.SZ,20260424,160900,3.83,616247.0,3.83,0.00277595,0.507073,579620.0
000751.SZ,20260424,3660500,6.3,23061150.0,6.74,0.259634,2.15153,140987.0
000752.SZ,20260424,68400,9.99,683316.0,9.86,0.0259328,1.46862,26375.8
000753.SZ,20260424,27900,6.35,177165.0,6.33,0.00281397,0.156577,99148.1
000755.SZ,20260424,5500,5.18,28490.0,5.19,0.000374836,0.133026,146731.0
000756.SZ,20260424,17800,14.31,254718.0,14.36,0.00356785,0.459606,49889.9
000757.SZ,20260424,91600,4.7,430520.0,4.68,0.0171949,1.07704,53271.6
000758.SZ,20260424,102700,6.9,708630.0,6.93,0.00519693,0.234206,197617.0
000759.SZ,20260424,27400,5.23,143302.0,5.23,0.0041787,0.124067,65570.6
000761.SZ,20260424,10300,2.98,30694.0,2.98,0.00027776,0.0901932,370824.0
000762.SZ,20260424,487600,35.0,17066000.0,35.72,0.0936251,0.803534,52080.1
000766.SZ,20260424,41300,22.97,948661.0,22.96,0.00427533,0.237063,96600.8
000767.SZ,20260424,2491600,4.06,10115896.0,4.15,0.0855559,0.976092,291225.0
000768.SZ,20260424,198400,24.16,4793344.0,24.28,0.00714591,0.689808,277641.0
000776.SZ,20260424,153300,20.15,3088995.0,20.32,0.00259652,0.286885,590405.0
000777.SZ,20260424,11100,21.91,243201.0,22.08,0.00289507,0.103083,38341.1
000778.SZ,20260424,172500,4.58,790050.0,4.61,0.00443044,0.201915,389352.0
000779.SZ,20260424,19000,8.58,163020.0,8.65,0.004088,0.311865,46477.5
000782.SZ,20260424,107300,6.26,671698.0,6.27,0.0203166,0.296394,52814.0
000783.SZ,20260424,328800,7.18,2360784.0,7.2,0.00594567,0.917626,553007.0
000785.SZ,20260424,110500,2.54,280670.0,2.55,0.00187365,0.182815,589759.0
000786.SZ,20260424,19500,24.78,483210.0,24.88,0.00115418,0.147482,168951.0
000788.SZ,20260424,201900,6.26,1263894.0,6.31,0.0338766,0.382776,59598.7
000789.SZ,20260424,69800,5.08,354584.0,5.09,0.00875336,1.50448,79740.8
000790.SZ,20260424,114200,3.86,440812.0,3.85,0.018342,0.588854,62261.5
000791.SZ,20260424,865100,8.29,7171679.0,8.53,0.0446937,1.1573,193562.0
000792.SZ,20260424,389300,35.48,13812364.0,35.69,0.00735705,0.462273,529153.0
000793.SZ,20260424,252300,2.8,706440.0,2.8,0.0128658,0.754619,196101.0
000795.SZ,20260424,25300,9.16,231748.0,9.18,0.00223167,0.159023,113368.0
000796.SZ,20260424,173600,5.13,890568.0,5.12,0.0130451,0.386267,133077.0
000797.SZ,20260424,79200,2.69,213048.0,2.7,0.00504275,0.429017,157057.0
000798.SZ,20260424,184300,9.6,1769280.0,9.86,0.0503777,1.58823,36583.6
000799.SZ,20260424,121900,43.36,5285584.0,44.25,0.0375192,1.99653,32490.0
000800.SZ,20260424,34700,7.08,245676.0,7.08,0.000705164,0.269578,492084.0
000801.SZ,20260424,29400,13.98,411012.0,14.05,0.00289379,0.230232,101597.0
000802.SZ,20260424,473600,4.08,1932288.0,4.14,0.0661874,1.43039,71554.4
000803.SZ,20260424,37800,7.83,295974.0,7.83,0.00822118,0.133424,45978.8
000807.SZ,20260424,2399000,34.0,81566000.0,33.55,0.0691769,5.02929,346792.0
000809.SZ,20260424,39900,3.51,140049.0,3.55,0.00483759,0.299312,82479.1
000810.SZ,20260424,49600,12.62,625952.0,12.66,0.00446603,0.17017,111061.0
000811.SZ,20260424,275800,22.43,6186194.0,22.43,0.028189,0.579675,97839.6
000812.SZ,20260424,122700,3.88,476076.0,3.88,0.0162368,1.21607,75569.0
000813.SZ,20260424,184200,3.34,615228.0,3.37,0.00878498,0.624043,209676.0
000815.SZ,20260424,1240000,20.77,25754800.0,20.37,0.17835,0.90569,69526.3
000816.SZ,20260424,27800,3.13,87014.0,3.13,0.00193121,0.107,143951.0
000818.SZ,20260424,204300,14.5,2962350.0,14.65,0.0310387,0.592426,65821.1
000819.SZ,20260424,14100,16.62,234342.0,16.67,0.00385739,0.0863088,36553.2
000820.SZ,20260424,36500,3.37,123005.0,3.37,0.0122909,0.351973,29696.7
000821.SZ,20260424,73100,10.85,793135.0,10.94,0.0120896,0.456815,60465.1
000822.SZ,20260424,128500,6.08,781280.0,6.1,0.0143561,0.299731,89509.2
000823.SZ,20260424,70600,15.88,1121128.0,15.97,0.0131476,0.276359,53697.9
000825.SZ,20260424,259600,4.5,1168200.0,4.5,0.00455739,0.67576,569625.0
000826.SZ,20260424,262480,1.85,485588.0,1.87,0.0184174,0.552005,142517.0
000828.SZ,20260424,9400,10.09,94846.0,10.11,0.000904266,0.181102,103952.0
000829.SZ,20260424,828800,12.14,10061632.0,12.14,0.0809273,1.25387,102413.0
000830.SZ,20260424,194517,16.08,3127833.36,16.16,0.0102153,0.521134,190417.0
000831.SZ,20260424,189100,51.07,9657337.0,51.11,0.0178191,0.490257,106122.0
000833.SZ,20260424,1051200,26.01,27341712.0,24.97,0.231694,2.44172,45370.2
000837.SZ,20260424,35000,10.71,374850.0,10.77,0.00347428,0.325099,100740.0
000838.SZ,20260424,0,,0.0,1.71,0.0,0.0,105377.0
000839.SZ,20260424,125700,3.07,385899.0,3.08,0.00320677,0.220385,391983.0
000848.SZ,20260424,11486,8.39,96367.54,8.39,0.00113594,0.104979,101114.0
000850.SZ,20260424,29900,4.65,139035.0,4.67,0.0031694,0.193049,94339.7
000852.SZ,20260424,426300,7.12,3035256.0,7.28,0.0450695,1.93808,94587.3
000856.SZ,20260424,8100,10.5,85050.0,10.52,0.00356828,0.12051,22700.0
000858.SZ,20260424,134900,100.65,13577685.0,101.18,0.00347551,0.948558,388144.0
000859.SZ,20260424,449700,9.4,4227180.0,9.51,0.0501939,0.882894,89592.5
000860.SZ,20260424,89900,12.8,1150720.0,12.9,0.0121197,1.83068,74176.7
000862.SZ,20260424,569400,6.9,3928860.0,7.03,0.0906735,0.986087,62796.7
000863.SZ,20260424,131100,4.47,586017.0,4.44,0.0112666,0.354057,116362.0
000868.SZ,20260424,24100,4.3,103630.0,4.3,0.00328638,0.37273,73332.9
000869.SZ,20260424,9400,19.0,178600.0,19.04,0.00206542,1.18344,45511.2
000875.SZ,20260424,141700,6.61,936637.0,6.64,0.00423949,0.22596,334238.0
000876.SZ,20260424,75700,8.6,651020.0,8.68,0.00168222,0.236003,450000.0
000877.SZ,20260424,36600,4.72,172752.0,4.71,0.000514732,0.397598,711049.0
000878.SZ,20260424,333900,19.2,6410880.0,19.35,0.0166648,0.771753,200362.0
000880.SZ,20260424,113400,31.21,3539214.0,31.55,0.04995,0.324756,22702.7
000881.SZ,20260424,62300,7.59,472857.0,7.66,0.00689363,0.624368,90373.2
000882.SZ,20260424,84100,1.58,132878.0,1.58,0.00307438,0.199521,273551.0
000883.SZ,20260424,183300,4.88,894504.0,4.9,0.00282888,0.391279,647959.0
000885.SZ,20260424,185600,14.28,2650368.0,14.39,0.0289061,1.99664,64207.8
000886.SZ,20260424,242200,5.66,1370852.0,5.6,0.024769,2.15992,97783.7
000887.SZ,20260424,31700,18.28,579476.0,18.35,0.0024118,0.17673,131437.0
000888.SZ,20260424,21900,12.25,268275.0,12.25,0.00415628,0.219217,52691.3
000889.SZ,20260424,2438000,4.35,10605300.0,4.35,0.28028,1.12243,86984.5
000890.SZ,20260424,1913800,16.63,31826494.0,16.76,0.45622,2.08814,41949.1
000892.SZ,20260424,5689300,4.96,28218928.0,5.51,0.800367,12.5062,71083.6
000893.SZ,20260424,40700,52.09,2120063.0,52.09,0.00501349,0.303926,81181.0
000895.SZ,20260424,19300,28.9,557770.0,29.02,0.000557126,0.201881,346421.0
000897.SZ,20260424,47200,2.07,97704.0,2.07,0.00291855,0.213436,161724.0
000898.SZ,20260424,340800,2.3,783840.0,2.3,0.00428277,1.35074,795748.0
000899.SZ,20260424,169800,13.19,2239662.0,13.37,0.0174033,0.48747,97567.8
000900.SZ,20260424,126700,4.11,520737.0,4.11,0.00834795,1.39425,151774.0
000901.SZ,20260424,56200,22.69,1275178.0,22.83,0.0070409,0.176823,79819.3
000902.SZ,20260424,43000,15.49,666070.0,15.47,0.00376274,0.225934,114278.0
000903.SZ,20260424,428100,2.43,1040283.0,2.45,0.0222938,2.4115,192026.0
000905.SZ,20260424,89700,10.75,964275.0,10.85,0.0120921,0.849798,74180.8
000906.SZ,20260424,2051400,6.23,12780222.0,5.78,0.292539,41.5325,70124.0
000908.SZ,20260424,65900,7.03,463277.0,7.07,0.00749056,0.50597,87977.4
000909.SZ,20260424,57600,5.73,330048.0,6.03,0.0131594,1.52717,43771.1
000910.SZ,20260424,1100,6.88,7568.0,6.89,0.00020103,0.0290321,54718.1
000911.SZ,20260424,125900,5.83,733997.0,5.81,0.0314499,0.689424,40032.0
000912.SZ,20260424,725000,5.0,3625000.0,4.94,0.0462372,1.55645,156800.0
000913.SZ,20260424,20600,13.71,282426.0,13.84,0.00396076,0.171734,52010.3
000915.SZ,20260424,461400,29.2,13472880.0,30.13,0.197028,13.9617,23418.0
000917.SZ,20260424,144700,9.97,1442659.0,10.0,0.0102084,0.395056,141746.0
000919.SZ,20260424,377700,7.36,2779872.0,7.47,0.0607463,0.646372,62176.7
000920.SZ,20260424,17500,11.51,201425.0,11.54,0.00370293,0.362638,47259.9
000921.SZ,20260424,12700,22.45,285115.0,22.49,0.00138324,0.256959,91813.3
000922.SZ,20260424,13300,13.95,185535.0,14.1,0.00226416,0.179708,58741.3
000923.SZ,20260424,22100,18.47,408187.0,18.58,0.00351966,0.246514,62790.1
000925.SZ,20260424,7542935,9.09,68565279.15,8.36,1.12039,23.7935,67324.4
000926.SZ,20260424,161500,1.94,313310.0,1.95,0.0102656,0.789901,157321.0
000927.SZ,20260424,421100,2.92,1229612.0,2.93,0.00695993,0.492532,605035.0
000928.SZ,20260424,111100,6.76,751036.0,6.83,0.00774417,0.251483,143463.0
000929.SZ,20260424,500,10.7,5350.0,10.66,0.000269173,0.0135704,18575.4
000930.SZ,20260424,1303809,6.07,7914120.63,6.41,0.0702352,6.27779,185635.0
000931.SZ,20260424,33700,4.96,167152.0,4.99,0.00448717,0.215591,75103.0
000932.SZ,20260424,164800,4.9,807520.0,4.92,0.00240492,0.238884,685261.0
000933.SZ,20260424,254600,32.46,8264316.0,32.78,0.0113285,0.646826,224742.0
000935.SZ,20260424,2400,28.65,68760.0,28.63,0.000314366,0.0466383,76344.0
000936.SZ,20260424,407200,8.25,3359400.0,8.35,0.0459652,0.562939,88588.7
000937.SZ,20260424,88000,5.68,499840.0,5.68,0.00256306,0.462919,343340.0
000938.SZ,20260424,1820700,30.88,56223216.0,31.2,0.0636592,0.93228,286007.0
000948.SZ,20260424,1500,15.2,22800.0,15.2,0.000385456,0.037382,38914.9
000949.SZ,20260424,225200,8.02,1806104.0,8.13,0.0135954,0.271138,165644.0
000950.SZ,20260424,592000,6.06,3587520.0,6.07,0.0342556,1.23765,172818.0
000951.SZ,20260424,26400,24.03,634392.0,24.14,0.00224706,0.148827,117487.0
000952.SZ,20260424,11700,6.56,76752.0,6.56,0.00340122,0.175392,34399.4
000953.SZ,20260424,306700,6.71,2057957.0,6.51,0.0837698,5.59006,36612.2
000955.SZ,20260424,142300,4.96,705808.0,4.99,0.0264344,0.977847,53831.3
000957.SZ,20260424,163700,12.4,2029880.0,12.52,0.0276099,0.770104,59290.4
000958.SZ,20260424,521600,6.16,3213056.0,6.23,0.00968904,1.85776,538340.0
000959.SZ,20260424,80100,4.41,353241.0,4.45,0.00107494,0.166025,745161.0
000960.SZ,20260424,852730,36.9,31465737.0,37.37,0.0518241,0.974033,164543.0
000962.SZ,20260424,75500,46.88,3539440.0,47.58,0.0150501,0.275541,50165.9
000963.SZ,20260424,128100,34.35,4400235.0,34.09,0.00730742,1.4759,175301.0
000965.SZ,20260424,25310,3.52,89091.2,3.53,0.00228053,0.163786,110983.0
000966.SZ,20260424,1772100,4.64,8222544.0,4.6,0.0543335,2.1525,326152.0
000967.SZ,20260424,1269200,13.26,16829592.0,13.73,0.0394224,0.462406,321949.0
000968.SZ,20260424,777200,9.25,7189100.0,9.25,0.0803305,1.1745,96750.3
000969.SZ,20260424,140900,21.1,2972990.0,21.2,0.01363,0.497721,103375.0
000970.SZ,20260424,61000,11.98,730780.0,11.99,0.00501758,0.332928,121573.0
000972.SZ,20260424,1300,3.94,5122.0,3.94,0.00016855,0.010792,77128.4
000973.SZ,20260424,359200,17.1,6142320.0,17.26,0.0371296,0.435145,96742.3
000975.SZ,20260424,104400,27.6,2881440.0,27.73,0.00413067,0.341789,252743.0
000977.SZ,20260424,199700,73.78,14733866.0,73.83,0.0136144,0.204353,146683.0
000978.SZ,20260424,213200,7.05,1503060.0,7.12,0.0455439,0.469452,46812.0
000980.SZ,20260424,2680100,2.22,5949822.0,2.2,0.0532676,0.921382,503139.0
000981.SZ,20260424,1913900,3.89,7445071.0,3.93,0.020118,0.676896,951336.0
000983.SZ,20260424,279200,6.46,1803632.0,6.5,0.00491803,0.542137,567707.0
000985.SZ,20260424,4200,18.95,79590.0,18.88,0.00323975,0.320694,12964.0
000987.SZ,20260424,160100,9.06,1450506.0,9.12,0.00319348,0.353305,501334.0
000988.SZ,20260424,992300,115.0,114114500.0,117.65,0.0987377,1.06827,100499.0
000989.SZ,20260424,139700,9.87,1378839.0,9.87,0.0201252,0.581934,69415.4
000990.SZ,20260424,1245600,12.34,15370704.0,12.4,0.102499,1.27022,121524.0
000993.SZ,20260424,228200,13.0,2966600.0,13.22,0.0518934,0.870637,43974.8
000995.SZ,20260424,460900,13.99,6447991.0,14.04,0.259797,3.14495,17740.8
000997.SZ,20260424,96500,20.91,2017815.0,21.04,0.00957874,0.389225,100744.0
000998.SZ,20260424,489100,9.69,4739379.0,9.68,0.0372106,2.1386,131441.0
000999.SZ,20260424,33400,27.28,911152.0,27.28,0.00200879,0.355718,166269.0
001201.SZ,20260424,10000,12.98,129800.0,13.0,0.00492284,0.161943,20313.5
001202.SZ,20260424,22900,16.5,377850.0,16.5,0.0196021,1.66301,11682.4
001203.SZ,20260424,377700,43.64,16482828.0,44.77,0.0289209,1.29585,130597.0
001205.SZ,20260424,3700,14.45,53465.0,14.46,0.00222243,0.0941807,16648.4
001206.SZ,20260424,113400,19.3,2188620.0,19.65,0.106116,2.40535,10686.4
001207.SZ,20260424,24220,17.48,423365.6,17.56,0.00827689,0.302599,29262.2
001208.SZ,20260424,229900,20.79,4779621.0,20.66,0.0721292,0.46635,31873.4
001209.SZ,20260424,3200,20.52,65664.0,20.55,0.00333005,0.165262,9609.46
001210.SZ,20260424,10800,20.67,223236.0,20.8,0.0113327,0.530149,9529.9
001211.SZ,20260424,137300,30.85,4235705.0,31.41,0.204936,3.10759,6699.66
001212.SZ,20260424,10700,49.93,534251.0,50.05,0.00615478,0.190418,17384.9
001213.SZ,20260424,77800,4.01,311978.0,4.02,0.0017505,0.803331,444444.0
001215.SZ,20260424,133000,43.41,5773530.0,43.4,0.137421,3.83299,9678.29
001216.SZ,20260424,5000,18.34,91700.0,18.38,0.00203622,0.115661,24555.3
001217.SZ,20260424,6000,11.9,71400.0,11.98,0.00182602,0.123207,32858.3
001218.SZ,20260424,11020,24.08,265361.6,24.1,0.00933414,0.700938,11806.1
001219.SZ,20260424,2200,14.88,32736.0,14.89,0.00115715,0.0623897,19012.2
001220.SZ,20260424,1900,43.78,83182.0,43.79,0.00840386,0.0526611,2260.86
001221.SZ,20260424,1100,63.43,69773.0,63.8,0.00305479,0.111334,3600.9
001222.SZ,20260424,5200,19.31,100412.0,19.28,0.00484127,0.355561,10741.0
001223.SZ,20260424,1300,57.28,74464.0,57.51,0.00139258,0.082946,9335.2
001225.SZ,20260424,2400,48.36,116064.0,48.76,0.0114075,0.241303,2103.88
001226.SZ,20260424,300,44.63,13389.0,44.63,0.000884259,0.0307376,3392.67
001227.SZ,20260424,363100,2.25,816975.0,2.25,0.00860937,1.06817,421750.0
001228.SZ,20260424,19200,34.1,654720.0,33.62,0.0240407,1.20396,7986.46
001229.SZ,20260424,7500,38.1,285750.0,38.22,0.0142371,0.275402,5267.94
001230.SZ,20260424,20700,28.3,585810.0,27.92,0.0263505,0.45006,7855.63
001231.SZ,20260424,5200,23.33,121316.0,23.34,0.0102279,0.174255,5084.15
001233.SZ,20260424,2800,67.8,189840.0,68.51,0.00791275,0.137868,3538.59
001234.SZ,20260424,1093900,32.22,35245458.0,32.52,1.19571,22.3439,9148.55
001236.SZ,20260424,47200,8.91,420552.0,9.02,0.00622627,0.746398,75807.8
001238.SZ,20260424,1200,47.13,56556.0,46.98,0.00115755,0.343656,10366.7
001239.SZ,20260424,8100,14.82,120042.0,14.88,0.00710526,0.337724,11400.0
001255.SZ,20260424,3800,35.76,135888.0,35.82,0.00534789,0.32566,7105.6
001256.SZ,20260424,1600,23.45,37520.0,23.48,0.00149655,0.0861688,10691.3
001257.SZ,20260424,153800,22.76,3500488.0,22.96,0.112305,0.495114,13694.8
001258.SZ,20260424,315500,9.49,2994095.0,9.58,0.0338039,0.625674,93332.4
001259.SZ,20260424,3200,31.32,100224.0,31.34,0.00673054,0.391071,4754.45
001260.SZ,20260424,25900,21.2,549080.0,21.38,0.0225217,1.45769,11500.0
001266.SZ,20260424,4200,32.0,134400.0,32.08,0.00723123,0.285871,5808.14
001267.SZ,20260424,2244400,51.82,116304808.0,50.92,0.370582,3.15278,60564.3
001268.SZ,20260424,84900,37.04,3144696.0,37.71,0.134905,1.13847,6293.33
001269.SZ,20260424,1200,21.72,26064.0,21.72,0.000623662,0.0471657,19241.2
001270.SZ,20260424,48500,158.0,7663000.0,159.3,0.023833,0.576636,20350.0
001277.SZ,20260424,2300,35.0,80500.0,35.24,0.00504945,0.347468,4554.95
001278.SZ,20260424,6000,21.08,126480.0,21.23,0.0070331,0.262082,8531.09
001279.SZ,20260424,2000,31.27,62540.0,31.34,0.005,0.252767,4000.0
001280.SZ,20260424,26300,81.59,2145817.0,82.59,0.0166364,0.221965,15808.7
001282.SZ,20260424,76300,21.93,1673259.0,22.12,0.0976143,1.32173,7816.48
001283.SZ,20260424,29300,73.0,2138900.0,73.13,0.036745,0.527673,7973.87
001285.SZ,20260424,2000,52.34,104680.0,52.46,0.00481965,0.118276,4149.68
001286.SZ,20260424,72600,11.58,840708.0,11.62,0.00537778,0.234377,135000.0
001287.SZ,20260424,227900,27.3,6221670.0,26.8,0.0299908,0.94831,75990.0
001288.SZ,20260424,1900,27.55,52345.0,27.7,0.00125069,0.048289,15191.6
001289.SZ,20260424,222500,16.22,3608950.0,16.36,0.00441299,2.08325,504193.0
001296.SZ,20260424,12400,25.11,311364.0,25.36,0.016135,0.470158,7685.13
001298.SZ,20260424,21845,21.45,468575.25,21.41,0.0091526,0.150016,23867.5
001299.SZ,20260424,282900,15.1,4271790.0,15.28,0.129455,1.90233,21853.1
001300.SZ,20260424,11100,17.16,190476.0,17.18,0.00455336,0.177414,24377.6
001301.SZ,20260424,27500,74.97,2061675.0,74.98,0.0148053,0.325031,18574.4
001306.SZ,20260424,1000,67.41,67410.0,67.41,0.00645171,0.0959055,1549.98
001308.SZ,20260424,2400,20.13,48312.0,20.14,0.000492574,0.112578,48723.7
001309.SZ,20260424,157800,491.0,77479800.0,494.69,0.0978141,1.03925,16132.6
001311.SZ,20260424,6200,29.67,183954.0,29.65,0.00455032,0.120311,13625.4
001312.SZ,20260424,195300,26.48,5171544.0,26.93,0.341671,0.62732,5716.03
001313.SZ,20260424,30100,8.36,251636.0,8.41,0.00430538,0.207948,69912.6
001314.SZ,20260424,574700,49.37,28372939.0,48.5,1.10948,17.9685,5179.9
001316.SZ,20260424,5300,50.17,265901.0,50.19,0.00476226,0.175525,11129.2
001317.SZ,20260424,94800,50.5,4787400.0,49.31,0.110901,3.05575,8548.14
001318.SZ,20260424,3900,13.44,52416.0,13.51,0.00137975,0.158745,28266.0
001319.SZ,20260424,79000,23.78,1878620.0,24.96,0.0963414,4.11338,8200.01
001322.SZ,20260424,12500,7.12,89000.0,7.15,0.00159111,0.264337,78561.3
001323.SZ,20260424,3400,24.34,82756.0,24.43,0.00109238,0.35584,31124.8
001324.SZ,20260424,61300,20.6,1262780.0,20.3,0.0750732,1.66871,8165.36
001325.SZ,20260424,22500,64.08,1441800.0,65.59,0.114796,0.62432,1960.0
001326.SZ,20260424,400,53.33,21332.0,53.38,0.00165952,0.0382796,2410.33
001328.SZ,20260424,6600,34.27,226182.0,34.09,0.00408121,0.288453,16171.7
001330.SZ,20260424,1457300,8.22,11979006.0,8.44,0.106023,0.750064,137452.0
001331.SZ,20260424,13900,49.16,683324.0,49.15,0.00827994,0.369669,16787.6
001332.SZ,20260424,2100,57.32,120372.0,57.33,0.00437468,0.125254,4800.35
001333.SZ,20260424,14900,24.27,361623.0,24.25,0.0338636,0.531248,4400.0
001335.SZ,20260424,1300,44.76,58188.0,45.04,0.00508925,0.0984703,2554.4
001336.SZ,20260424,13900,25.75,357925.0,25.79,0.0298391,1.24298,4658.32
001337.SZ,20260424,14200,47.01,667542.0,47.55,0.00338095,0.169781,42000.0
001338.SZ,20260424,35300,12.55,443015.0,12.64,0.00703564,0.260712,50173.1
001339.SZ,20260424,458700,75.0,34402500.0,73.4,0.368336,5.2668,12453.3
001356.SZ,20260424,1400,10.79,15106.0,10.81,0.000697744,0.0532211,20064.7
001358.SZ,20260424,3000,27.54,82620.0,27.63,0.00603665,0.23814,4969.65
001359.SZ,20260424,3800,82.3,312740.0,82.3,0.00819319,0.204037,4638.0
001360.SZ,20260424,27400,20.67,566358.0,21.04,0.0218354,1.1789,12548.4
001366.SZ,20260424,73800,14.39,1061982.0,14.5,0.0459298,0.63223,16068.0
001367.SZ,20260424,40300,25.6,1031680.0,25.91,0.0331314,0.648476,12163.7
001368.SZ,20260424,5700,28.4,161880.0,28.4,0.00526748,0.212029,10821.1
001369.SZ,20260424,68500,15.61,1069285.0,15.77,0.0340746,0.406388,20102.9
001373.SZ,20260424,4900,34.5,169050.0,34.62,0.0147894,0.448726,3313.17
001376.SZ,20260424,146600,15.68,2298688.0,15.87,0.0685839,1.73108,21375.3
001378.SZ,20260424,6900,25.0,172500.0,25.05,0.0106967,0.336903,6450.58
001379.SZ,20260424,26300,21.28,559664.0,21.39,0.0390793,1.64357,6729.9
001380.SZ,20260424,12500,19.02,237750.0,19.18,0.014204,0.678527,8800.33
001382.SZ,20260424,10800,20.23,218484.0,20.41,0.0171429,0.199043,6300.0
001386.SZ,20260424,20000,19.46,389200.0,19.48,0.0185972,0.37083,10754.3
001387.SZ,20260424,9700,13.13,127361.0,13.14,0.00851547,0.475489,11391.0
001388.SZ,20260424,28800,37.96,1093248.0,38.41,0.0923077,2.81701,3120.0
001389.SZ,20260424,197995,171.83,34021480.85,168.38,0.130307,1.62647,15194.5
001390.SZ,20260424,18000,21.44,385920.0,21.6,0.036,1.18382,5000.0
001391.SZ,20260424,98700,5.3,523110.0,5.32,0.00649618,0.960901,151935.0
001395.SZ,20260424,47900,40.8,1954320.0,39.32,0.102154,5.80224,4689.0
001396.SZ,20260424,2500,45.57,113925.0,45.66,0.0112576,0.0796877,2220.71
001400.SZ,20260424,13400,204.48,2740032.0,205.94,0.0893333,0.503323,1500.0
001696.SZ,20260424,43600,19.16,835376.0,19.19,0.00489119,0.185084,89139.8
001872.SZ,20260424,6500,22.12,143780.0,22.1,0.000282363,0.293964,230200.0
001896.SZ,20260424,2425200,17.49,42416748.0,17.97,0.158948,1.07397,152578.0
001914.SZ,20260424,2700,10.2,27540.0,10.16,0.000256236,0.0313992,105372.0
001965.SZ,20260424,92100,9.46,871266.0,9.45,0.00135539,0.842653,679510.0
001979.SZ,20260424,138300,8.6,1189380.0,8.62,0.00164377,0.287294,841358.0
002001.SZ,20260424,102400,34.97,3580928.0,34.74,0.0033719,0.225508,303686.0
002003.SZ,20260424,12400,10.15,125860.0,10.16,0.00121319,0.190186,102210.0
002004.SZ,20260424,167400,5.37,898938.0,5.41,0.00888855,0.565952,188332.0
002005.SZ,20260424,149700,2.94,440118.0,2.92,0.00854455,1.12556,175199.0
002006.SZ,20260424,27100,17.5,474250.0,17.65,0.00521361,0.298859,51979.3
002007.SZ,20260424,25700,14.73,378561.0,14.73,0.0016336,0.391967,157321.0
002008.SZ,20260424,525500,103.6,54441800.0,103.6,0.0549268,1.04611,95672.7
002009.SZ,20260424,77700,24.01,1865577.0,24.2,0.0219416,0.281735,35412.3
002010.SZ,20260424,23100,5.78,133518.0,5.79,0.000837768,0.0936216,275732.0
002011.SZ,20260424,18900,12.01,226989.0,12.09,0.00178376,0.199861,105956.0
002012.SZ,20260424,14900,7.02,104598.0,7.08,0.00318631,0.100115,46762.5
002014.SZ,20260424,198400,11.3,2241920.0,11.62,0.0328196,8.6349,60451.7
002015.SZ,20260424,1617891,20.06,32454893.46,20.68,0.0996653,0.795289,162332.0
002016.SZ,20260424,220200,5.4,1189080.0,5.43,0.0272156,1.22551,80909.6
002017.SZ,20260424,43600,18.82,820552.0,18.95,0.00751613,0.456633,58008.6
002019.SZ,20260424,192400,11.65,2241460.0,11.75,0.0228646,1.03792,84147.4
002020.SZ,20260424,44900,15.1,677990.0,15.09,0.00620193,0.43285,72396.8
002021.SZ,20260424,284600,2.93,833878.0,2.94,0.0238072,0.724215,119544.0
002022.SZ,20260424,35300,5.69,200857.0,5.69,0.006864,0.484014,51427.8
002023.SZ,20260424,307900,12.8,3941120.0,12.91,0.0415598,0.430957,74086.0
002024.SZ,20260424,4911200,1.34,6581008.0,1.35,0.0530752,12.6659,925329.0
002025.SZ,20260424,74700,73.0,5453100.0,73.6,0.0164584,0.205381,45387.1
002026.SZ,20260424,44200,12.88,569296.0,12.84,0.0100342,0.765769,44049.4
002027.SZ,20260424,287300,6.2,1781260.0,6.23,0.00198931,0.214662,1444220.0
002028.SZ,20260424,69800,222.95,15561910.0,223.99,0.0114298,0.543332,61068.3
002029.SZ,20260424,35400,9.66,341964.0,9.68,0.00532006,0.208166,66540.6
002030.SZ,20260424,87200,5.76,502272.0,5.77,0.00621328,0.957432,140345.0
002031.SZ,20260424,52600,5.94,312444.0,5.95,0.00271308,0.150149,193875.0
002032.SZ,20260424,10025,47.27,473881.75,47.27,0.00125128,0.428697,80118.1
002033.SZ,20260424,1401500,10.68,14968020.0,10.9,0.255059,1.33611,54948.0
002034.SZ,20260424,513800,17.32,8899016.0,18.25,0.113574,2.62785,45239.4
002035.SZ,20260424,48700,6.15,299505.0,6.16,0.00622732,0.328234,78203.8
002036.SZ,20260424,101700,8.89,904113.0,8.91,0.00963554,0.438487,105547.0
002037.SZ,20260424,14600,8.24,120304.0,8.26,0.00301725,0.281099,48388.4
002038.SZ,20260424,561700,7.12,3999304.0,7.18,0.0659339,0.714742,85191.3
002039.SZ,20260424,86000,21.31,1832660.0,21.38,0.0201143,0.484379,42755.7
002040.SZ,20260424,110000,9.92,1091200.0,9.81,0.0226302,1.49392,48607.5
002041.SZ,20260424,90200,10.0,902000.0,10.09,0.01025,0.784011,88000.0
002042.SZ,20260424,398800,4.93,1966084.0,4.96,0.0234494,0.445866,170068.0
002043.SZ,20260424,4500,13.61,61245.0,13.65,0.000557259,0.0429755,80752.3
002044.SZ,20260424,184300,5.23,963889.0,5.26,0.00475708,0.185461,387423.0
002045.SZ,20260424,14500,11.23,162835.0,11.28,0.00258133,0.101334,56172.5
002046.SZ,20260424,39300,52.83,2076219.0,53.31,0.00743188,0.23456,52880.3
002047.SZ,20260424,111700,5.37,599829.0,5.37,0.0073673,0.335167,151616.0
002048.SZ,20260424,15400,28.17,433818.0,28.4,0.00216963,0.112101,70979.9
002049.SZ,20260424,116040,71.0,8238840.0,71.36,0.0136596,0.540757,84951.5
002050.SZ,20260424,300100,44.83,13453483.0,45.16,0.0081456,0.342698,368420.0
002051.SZ,20260424,841200,10.65,8958780.0,10.81,0.0679847,0.716424,123734.0
002052.SZ,20260424,13600,10.05,136680.0,10.06,0.00197277,0.116264,68938.7
002053.SZ,20260424,50400,11.9,599760.0,11.99,0.00547396,0.429385,92072.3
002054.SZ,20260424,20200,8.09,163418.0,8.14,0.00526025,0.151659,38401.2
002055.SZ,20260424,271700,5.96,1619332.0,6.0,0.0457415,1.69755,59399.0
002056.SZ,20260424,116000,19.0,2204000.0,19.1,0.00713832,0.372822,162503.0
002057.SZ,20260424,16200,9.58,155196.0,9.65,0.00215018,0.195163,75342.5
002058.SZ,20260424,7220,23.07,166565.4,23.05,0.0050448,0.28047,14311.8
002059.SZ,20260424,20400,4.9,99960.0,4.92,0.00207518,0.116789,98304.6
002060.SZ,20260424,282900,3.9,1103310.0,3.93,0.018102,0.583218,156281.0
002061.SZ,20260424,29900,3.88,116012.0,3.89,0.00115038,0.192942,259914.0
002062.SZ,20260424,297000,9.32,2768040.0,9.23,0.026407,0.470473,112470.0
002063.SZ,20260424,203300,6.46,1313318.0,6.45,0.0115268,0.502491,176372.0
002064.SZ,20260424,73900,11.37,840243.0,11.36,0.00149233,0.187721,495199.0
002065.SZ,20260424,87100,8.31,723801.0,8.33,0.00299527,0.28789,290792.0
002066.SZ,20260424,4600,23.17,106582.0,23.18,0.00199134,0.0761578,23100.0
002067.SZ,20260424,120300,4.82,579846.0,4.86,0.00899369,0.24885,133760.0
002068.SZ,20260424,37300,8.5,317050.0,8.53,0.00507497,0.308493,73497.9
002069.SZ,20260424,34600,3.76,130096.0,3.76,0.00487176,0.298744,71021.6
002072.SZ,20260424,12600,7.36,92736.0,7.41,0.00342827,0.221779,36753.2
002073.SZ,20260424,24000,7.15,171600.0,7.19,0.0023677,0.107296,101364.0
002074.SZ,20260424,390600,39.51,15432606.0,39.76,0.0224975,0.59351,173619.0
002075.SZ,20260424,252400,4.58,1155992.0,4.61,0.011505,1.19121,219382.0
002076.SZ,20260424,326800,2.13,696084.0,2.11,0.0313545,1.09899,104227.0
002077.SZ,20260424,50800,15.42,783336.0,15.48,0.00875336,0.315227,58034.9
002078.SZ,20260424,14200,14.51,206042.0,14.58,0.000511278,0.0778306,277735.0
002079.SZ,20260424,100500,10.45,1050225.0,10.53,0.0123957,0.283602,81076.4
002080.SZ,20260424,619800,52.0,32229600.0,53.12,0.0369341,1.06389,167812.0
002081.SZ,20260424,23323200,5.45,127111440.0,5.43,0.881916,14.9844,264460.0
002082.SZ,20260424,91700,27.97,2564849.0,27.97,0.0165747,0.310428,55325.3
002083.SZ,20260424,436500,11.01,4805865.0,11.06,0.0461259,0.690107,94632.3
002084.SZ,20260424,40900,3.69,150921.0,3.68,0.0063456,0.252262,64454.1
002085.SZ,20260424,44100,14.3,630630.0,14.36,0.00207696,0.172537,212330.0
002086.SZ,20260424,183300,1.91,350103.0,1.92,0.0115918,0.510106,158129.0
002088.SZ,20260424,4500,10.31,46395.0,10.3,0.000889695,0.0923486,50579.1
002090.SZ,20260424,27000,10.48,282960.0,10.48,0.00683482,0.313388,39503.6
002091.SZ,20260424,123700,9.46,1170202.0,9.52,0.00774,0.424776,159819.0
002092.SZ,20260424,169400,6.2,1050280.0,6.18,0.00657725,0.349692,257555.0
002093.SZ,20260424,80600,9.63,776178.0,9.74,0.008,0.686496,100750.0
002094.SZ,20260424,20200,6.04,122008.0,6.04,0.00292561,0.112718,69045.4
002095.SZ,20260424,24400,16.2,395280.0,16.28,0.00969376,0.948419,25170.8
002096.SZ,20260424,33300,11.58,385614.0,11.67,0.00268453,0.591795,124044.0
002097.SZ,20260424,38300,9.9,379170.0,9.92,0.00357043,0.272153,107270.0
002098.SZ,20260424,5700,8.73,49761.0,8.73,0.00159223,0.189053,35798.9
002099.SZ,20260424,73300,6.87,503571.0,6.93,0.00453674,0.294597,161570.0
002100.SZ,20260424,146500,7.8,1142700.0,7.81,0.0107306,0.437835,136525.0
002101.SZ,20260424,20100,10.08,202608.0,10.13,0.00303528,0.287444,66221.2
002102.SZ,20260424,181400,2.78,504292.0,2.8,0.00834831,0.415937,217290.0
002103.SZ,20260424,34300,8.04,275772.0,8.1,0.00883712,0.644423,38813.6
002104.SZ,20260424,36100,14.35,518035.0,14.45,0.00601969,0.180338,59969.9
002105.SZ,20260424,49900,6.17,307883.0,6.16,0.0136911,0.927489,36447.1
002106.SZ,20260424,33500,10.43,349405.0,10.53,0.00475243,0.200494,70490.2
002107.SZ,20260424,126600,7.47,945702.0,7.54,0.0221563,0.35554,57139.4
002108.SZ,20260424,1037500,5.89,6110875.0,5.96,0.0629743,0.358134,164750.0
002109.SZ,20260424,100500,3.89,390945.0,3.92,0.00787451,0.335309,127627.0
002110.SZ,20260424,163500,3.53,577155.0,3.55,0.00673095,0.68415,242908.0
002111.SZ,20260424,11900,9.86,117334.0,9.89,0.00243478,0.246436,48875.1
002112.SZ,20260424,65400,20.5,1340700.0,20.57,0.0249543,0.257963,26208.0
002114.SZ,20260424,75200,8.79,661008.0,8.88,0.0232536,0.556016,32339.1
002115.SZ,20260424,237400,12.3,2920020.0,12.48,0.0315609,0.466717,75219.6
002116.SZ,20260424,200900,10.03,2015027.0,10.25,0.0436076,4.14036,46070.0
002117.SZ,20260424,4000,10.26,41040.0,10.25,0.000764021,0.0524527,52354.6
002119.SZ,20260424,300400,20.61,6191244.0,20.63,0.080046,0.70365,37528.4
002120.SZ,20260424,159400,7.4,1179560.0,7.42,0.00566226,0.267584,281513.0
002121.SZ,20260424,45500,7.47,339885.0,7.51,0.00325018,0.160119,139992.0
002122.SZ,20260424,128400,2.92,374928.0,2.92,0.00645966,0.861471,198772.0
002123.SZ,20260424,60400,10.0,604000.0,10.08,0.00838808,0.256176,72007.0
002124.SZ,20260424,5109500,2.76,14102220.0,2.87,0.259056,1.37597,197235.0
002125.SZ,20260424,59000,13.81,814790.0,13.92,0.00937236,0.384879,62951.1
002126.SZ,20260424,50100,47.8,2394780.0,48.12,0.00630812,0.247114,79421.5
002127.SZ,20260424,923800,2.85,2632830.0,2.8,0.046312,3.76078,199473.0
002128.SZ,20260424,93400,32.4,3026160.0,32.75,0.00416672,0.595059,224157.0
002129.SZ,20260424,294000,8.58,2522520.0,8.64,0.00727762,0.463292,403978.0
002130.SZ,20260424,2113209,24.17,51076261.53,26.06,0.184246,5.20348,114695.0
002131.SZ,20260424,22457535,7.3,163940005.5,7.86,0.383575,4.54717,585480.0
002132.SZ,20260424,950500,4.6,4372300.0,4.63,0.067918,0.817302,139948.0
002133.SZ,20260424,46200,3.23,149226.0,3.23,0.00600101,0.321155,76987.0
002134.SZ,20260424,6900,22.81,157389.0,22.98,0.0027993,0.0775161,24649.0
002135.SZ,20260424,549300,7.26,3987918.0,7.35,0.0526215,1.51478,104387.0
002136.SZ,20260424,18200,13.99,254618.0,14.02,0.0084866,0.166556,21445.6
002137.SZ,20260424,25100,8.03,201553.0,8.07,0.00633106,0.232532,39645.8
002138.SZ,20260424,108300,35.45,3839235.0,35.51,0.0143159,0.477206,75650.0
002139.SZ,20260424,25100,12.02,301702.0,12.1,0.00234341,0.178641,107109.0
002140.SZ,20260424,15100,12.46,188146.0,12.45,0.0021359,0.211259,70696.1
002141.SZ,20260424,79200,3.66,289872.0,3.67,0.00766747,0.344486,103294.0
002142.SZ,20260424,58000,32.07,1860060.0,32.02,0.000878803,0.242608,659989.0
002144.SZ,20260424,9300,14.68,136524.0,14.75,0.00675667,0.216596,13764.2
002145.SZ,20260424,85600,4.64,397184.0,4.65,0.0022956,0.205011,372887.0
002146.SZ,20260424,741700,1.27,941959.0,1.28,0.0189619,0.90635,391152.0
002148.SZ,20260424,3500,7.52,26320.0,7.53,0.000778959,0.0455126,44931.8
002149.SZ,20260424,488100,62.67,30589227.0,64.33,0.099992,0.5122,48813.9
002150.SZ,20260424,122300,29.94,3661662.0,30.32,0.0341101,0.611429,35854.5
002151.SZ,20260424,34900,39.03,1362147.0,39.33,0.00788139,0.170961,44281.5
002152.SZ,20260424,55000,12.05,662750.0,12.09,0.00221584,0.283175,248213.0
002153.SZ,20260424,24600,9.58,235668.0,9.63,0.00153773,0.155933,159976.0
002154.SZ,20260424,25500,3.62,92310.0,3.63,0.00216143,0.155355,117977.0
002155.SZ,20260424,379300,29.89,11337277.0,29.89,0.024275,0.644629,156251.0
002156.SZ,20260424,2268400,48.77,110629868.0,47.24,0.149487,2.72513,151745.0
002157.SZ,20260424,1078500,3.25,3505125.0,3.25,0.0149016,0.390748,723746.0
002158.SZ,20260424,9100,25.65,233415.0,25.71,0.00170544,0.159677,53358.7
002159.SZ,20260424,7200,17.47,125784.0,17.64,0.00519959,0.180571,13847.3
002160.SZ,20260424,244000,4.86,1185840.0,4.91,0.0236726,0.97999,103073.0
002161.SZ,20260424,49200,7.31,359652.0,7.31,0.00698127,0.219821,70474.3
002162.SZ,20260424,82600,4.42,365092.0,4.42,0.00899298,0.546572,91849.4
002163.SZ,20260424,112600,12.16,1369216.0,12.18,0.0140128,0.306298,80354.9
002164.SZ,20260424,15100,12.51,188901.0,12.61,0.00314731,0.210114,47977.5
002165.SZ,20260424,396400,8.86,3512104.0,8.98,0.0544817,1.05428,72758.4
002166.SZ,20260424,203700,8.76,1784412.0,8.8,0.0275797,2.1624,73858.5
002167.SZ,20260424,69500,12.73,884735.0,12.86,0.00916025,0.269969,75871.3
002168.SZ,20260424,137500,4.35,598125.0,4.36,0.0175346,1.14055,78416.3
002169.SZ,20260424,155963,12.97,2022840.11,12.97,0.0205573,0.38675,75867.4
002170.SZ,20260424,35100,13.56,475956.0,13.61,0.00445924,0.14122,78713.0
002171.SZ,20260424,112900,11.72,1323188.0,11.82,0.00699616,0.30597,161374.0
002172.SZ,20260424,25500,3.71,94605.0,3.73,0.00333272,0.188267,76514.1
002173.SZ,20260424,262100,24.24,6353304.0,24.73,0.0622765,1.07032,42086.5
002174.SZ,20260424,65700,9.4,617580.0,9.47,0.00670915,0.389421,97925.9
002175.SZ,20260424,308400,2.39,737076.0,2.42,0.0241545,0.632227,127678.0
002176.SZ,20260424,634200,12.26,7775292.0,12.38,0.0371743,0.404566,170602.0
002177.SZ,20260424,415600,7.49,3112844.0,7.34,0.0615778,0.83551,67491.9
002178.SZ,20260424,109300,6.03,659079.0,5.97,0.0153558,1.02448,71178.3
002179.SZ,20260424,66700,35.84,2390528.0,35.85,0.00318149,0.233462,209650.0
002180.SZ,20260424,27600,18.33,505908.0,18.47,0.00202898,0.164392,136029.0
002181.SZ,20260424,1452800,12.81,18610368.0,13.12,0.128052,1.65387,113454.0
002182.SZ,20260424,135100,15.89,2146739.0,15.91,0.0156092,0.62411,86551.2
002183.SZ,20260424,421600,5.77,2432632.0,5.81,0.0162342,0.229719,259699.0
002184.SZ,20260424,3200,11.22,35904.0,11.29,0.00133127,0.0642985,24037.2
002185.SZ,20260424,217200,12.41,2695452.0,12.47,0.00664997,0.225825,326618.0
002186.SZ,20260424,62000,10.41,645420.0,10.3,0.0202085,1.32449,30680.2
002187.SZ,20260424,17800,6.0,106800.0,6.03,0.00253961,0.180958,70089.5
002188.SZ,20260424,29500,6.27,184965.0,6.32,0.0114624,0.271437,25736.3
002189.SZ,20260424,9900,20.61,204039.0,20.65,0.00379078,0.221893,26116.0
002190.SZ,20260424,13400,30.9,414060.0,31.1,0.00373541,0.357651,35872.9
002191.SZ,20260424,600,3.54,2124.0,3.54,4.16518e-05,0.00478473,144052.0
002192.SZ,20260424,230800,78.97,18226276.0,78.44,0.0890715,0.765239,25911.8
002193.SZ,20260424,71000,6.17,438070.0,6.17,0.0271288,0.866004,26171.4
002194.SZ,20260424,1679800,11.72,19687256.0,12.36,0.328796,5.47318,51089.4
002195.SZ,20260424,1293200,9.03,11677596.0,9.1,0.0230877,0.587439,560126.0
002196.SZ,20260424,163700,14.01,2293437.0,14.03,0.0335169,0.561577,48841.0
002197.SZ,20260424,40100,7.55,302755.0,7.55,0.00750936,0.187032,53400.0
002198.SZ,20260424,12400,7.38,91512.0,7.38,0.00244344,0.0723221,50748.1
002199.SZ,20260424,2800,9.37,26236.0,9.39,0.00115017,0.0956275,24344.2
002200.SZ,20260424,25200,7.57,190764.0,7.55,0.0128751,1.06945,19572.6
002201.SZ,20260424,4016300,14.2,57031460.0,14.8,0.667134,3.53977,60202.3
002202.SZ,20260424,515100,25.66,13217466.0,25.7,0.0153144,0.269702,336350.0
002203.SZ,20260424,163400,17.75,2900350.0,17.64,0.00738651,0.248258,221214.0
002204.SZ,20260424,90000,6.87,618300.0,6.89,0.0046599,0.33772,193137.0
002205.SZ,20260424,16800,12.56,211008.0,12.64,0.00903988,0.576414,18584.3
002206.SZ,20260424,5700,6.16,35112.0,6.2,0.000539346,0.0382367,105684.0
002207.SZ,20260424,928800,6.6,6130080.0,6.96,0.356119,3.99216,26081.2
002208.SZ,20260424,24200,12.5,302500.0,12.51,0.00301343,0.078273,80307.2
002209.SZ,20260424,54200,16.8,910560.0,16.93,0.034674,0.549278,15631.3
002210.SZ,20260424,161800,2.5,404500.0,2.52,0.00609128,0.305141,265626.0
002211.SZ,20260424,3404200,3.53,12016826.0,3.72,0.787142,39.8385,43247.6
002212.SZ,20260424,580800,7.84,4553472.0,7.77,0.0497753,2.24426,116684.0
002213.SZ,20260424,424500,34.16,14500920.0,34.13,0.205512,1.27598,20655.7
002214.SZ,20260424,3100,18.56,57536.0,18.56,0.000647971,0.0733525,47841.7
002215.SZ,20260424,18300,10.14,185562.0,10.15,0.00227897,0.149652,80299.3
002216.SZ,20260424,34600,13.37,462602.0,13.46,0.00548769,0.495397,63050.2
002217.SZ,20260424,6584500,2.76,18173220.0,2.77,0.0904548,0.884566,727932.0
002218.SZ,20260424,271100,5.3,1436830.0,5.35,0.0195362,0.27391,138768.0
002219.SZ,20260424,350800,2.33,817364.0,2.35,0.0107217,0.23792,327187.0
002221.SZ,20260424,219900,8.12,1785588.0,8.25,0.0150526,1.17888,146088.0
002222.SZ,20260424,294100,91.8,26998380.0,92.2,0.0628215,0.893121,46815.2
002223.SZ,20260424,16300,32.32,526816.0,32.38,0.00173375,0.271003,94015.8
002224.SZ,20260424,36100,4.35,157035.0,4.37,0.0044768,0.225312,80638.0
002225.SZ,20260424,391900,5.6,2194640.0,5.74,0.0402288,2.66521,97417.7
002226.SZ,20260424,464500,5.41,2512945.0,5.51,0.0175358,2.9347,264887.0
002227.SZ,20260424,143900,7.81,1123859.0,7.81,0.058511,0.841206,24593.7
002228.SZ,20260424,144200,3.78,545076.0,3.8,0.011924,0.336887,120932.0
002229.SZ,20260424,6355030,16.88,107272906.4,18.76,1.28864,9.37949,49315.6
002230.SZ,20260424,172600,48.5,8371100.0,48.89,0.00788382,0.469255,218929.0
002232.SZ,20260424,3600,18.03,64908.0,18.09,0.000881168,0.0818277,40854.8
002233.SZ,20260424,58800,9.5,558600.0,9.51,0.00501162,0.613672,117327.0
002234.SZ,20260424,15800,8.65,136670.0,8.69,0.00524205,0.255304,30140.9
002235.SZ,20260424,68500,9.42,645270.0,9.51,0.012374,0.20727,55357.8
002236.SZ,20260424,78300,18.18,1423494.0,18.32,0.00325082,0.161656,240862.0
002237.SZ,20260424,274300,17.28,4739904.0,17.13,0.0230049,0.424001,119236.0
002238.SZ,20260424,37300,7.01,261473.0,7.04,0.00464763,0.675072,80255.9
002239.SZ,20260424,217100,2.99,649129.0,2.98,0.00664697,0.387218,326615.0
002240.SZ,20260424,187320,46.01,8618593.2,46.3,0.020519,0.339938,91290.9
002241.SZ,20260424,799100,24.76,19785716.0,24.31,0.025428,1.00977,314259.0
002242.SZ,20260424,2914500,11.69,34070505.0,11.41,0.382638,9.79825,76168.6
002243.SZ,20260424,76300,9.1,694330.0,9.11,0.00633646,0.670678,120414.0
002244.SZ,20260424,689600,9.69,6682224.0,10.23,0.0256748,2.79496,268590.0
002245.SZ,20260424,127200,20.93,2662296.0,21.16,0.0117177,0.197676,108554.0
002246.SZ,20260424,561862,24.94,14012838.28,25.91,0.102336,2.19131,54903.5
002247.SZ,20260424,198500,2.69,533965.0,2.71,0.030845,0.99636,64354.1
002248.SZ,20260424,12100,12.09,146289.0,12.08,0.00393502,0.0822037,30749.6
002249.SZ,20260424,48100,9.27,445887.0,9.31,0.0025836,0.161655,186174.0
002250.SZ,20260424,40100,16.39,657239.0,16.32,0.00448057,0.364588,89497.6
002251.SZ,20260424,263200,4.16,1094912.0,4.19,0.0122278,0.382161,215247.0
002252.SZ,20260424,187000,5.57,1041590.0,5.58,0.00281891,0.824868,663378.0
002253.SZ,20260424,0,,0.0,11.09,0.0,0.0,20830.4
002254.SZ,20260424,36900,10.84,399996.0,10.89,0.00433828,0.145382,85056.8
002255.SZ,20260424,59000,10.68,630120.0,10.75,0.00924805,0.309071,63797.2
002256.SZ,20260424,1437200,4.45,6395540.0,4.46,0.0736281,0.867991,195197.0
002258.SZ,20260424,59000,13.85,817150.0,13.85,0.00738286,0.351998,79914.9
002259.SZ,20260424,1435700,5.64,8097348.0,5.7,0.190834,2.60926,75232.8
002261.SZ,20260424,668900,37.83,25304487.0,38.22,0.058386,0.496091,114565.0
002262.SZ,20260424,77000,21.52,1657040.0,21.37,0.00871113,0.447905,88392.7
002263.SZ,20260424,5513200,4.29,23651628.0,4.37,0.293514,1.44117,187835.0
002264.SZ,20260424,72200,8.1,584820.0,8.16,0.0110266,0.478155,65478.3
002265.SZ,20260424,48300,22.61,1092063.0,22.62,0.00467552,0.435004,103304.0
002266.SZ,20260424,352900,4.5,1588050.0,4.54,0.00720675,0.565324,489680.0
002267.SZ,20260424,66100,7.86,519546.0,7.9,0.00594384,0.863996,111208.0
002268.SZ,20260424,41500,16.0,664000.0,16.08,0.00490976,0.339991,84525.4
002269.SZ,20260424,69600,1.59,110664.0,1.6,0.00277015,0.191294,251250.0
002270.SZ,20260424,37000,27.8,1028600.0,28.0,0.00412849,0.233348,89621.1
002271.SZ,20260424,337074,15.3,5157232.2,15.42,0.0176064,0.521736,191449.0
002272.SZ,20260424,390300,18.8,7337640.0,18.95,0.0956306,0.468993,40813.3
002273.SZ,20260424,635100,33.35,21180585.0,33.48,0.0466273,0.648052,136208.0
002274.SZ,20260424,34900,6.31,220219.0,6.33,0.00372128,0.172122,93784.9
002275.SZ,20260424,6200,14.12,87544.0,14.11,0.00110904,0.398808,55904.1
002276.SZ,20260424,134400,13.94,1873536.0,13.93,0.0133454,0.48594,100709.0
002277.SZ,20260424,60600,5.82,352692.0,5.86,0.00434666,0.277724,139417.0
002278.SZ,20260424,799000,12.27,9803730.0,12.39,0.240118,3.71704,33275.3
002279.SZ,20260424,8800,8.07,71016.0,8.08,0.00111431,0.0447655,78972.7
002281.SZ,20260424,1300619,129.7,168690284.3,131.68,0.166853,1.6818,77949.9
002282.SZ,20260424,31700,6.79,215243.0,6.83,0.00627717,0.650494,50500.5
002283.SZ,20260424,198559,11.31,2245702.29,11.18,0.0197999,0.689225,100283.0
002284.SZ,20260424,17600,13.7,241120.0,13.74,0.00240802,0.142578,73088.9
002285.SZ,20260424,104200,2.97,309474.0,2.97,0.00527531,0.129186,197524.0
002286.SZ,20260424,22000,10.28,226160.0,10.36,0.00595315,0.237679,36955.2
002287.SZ,20260424,23100,22.87,528297.0,23.07,0.00404561,1.49878,57099.0
002289.SZ,20260424,40500,31.0,1255500.0,31.66,0.0144667,1.10868,27995.4
002290.SZ,20260424,1605124,81.35,130576837.4,73.95,0.649332,17.8285,24719.6
002291.SZ,20260424,93400,6.22,580948.0,6.21,0.0107464,0.366256,86912.5
002292.SZ,20260424,92300,8.06,743938.0,8.13,0.00906797,0.32004,101787.0
002293.SZ,20260424,309220,10.84,3351944.8,10.97,0.0374094,2.50966,82658.3
002294.SZ,20260424,16100,55.6,895160.0,55.97,0.00144451,0.0960203,111457.0
002295.SZ,20260424,3700,10.68,39516.0,10.69,0.00147826,0.101613,25029.4
002296.SZ,20260424,25900,11.21,290339.0,11.3,0.00745505,0.271435,34741.5
002297.SZ,20260424,4029900,21.57,86924943.0,22.24,0.70317,2.36776,57310.5
002298.SZ,20260424,118400,9.92,1174528.0,10.0,0.0179188,0.364994,66075.7
002299.SZ,20260424,19200,18.71,359232.0,18.8,0.00157514,0.194991,121894.0
002300.SZ,20260424,668400,10.47,6998148.0,10.59,0.0925384,0.935413,72229.5
002301.SZ,20260424,1555600,7.52,11698112.0,7.45,0.21666,12.1925,71799.0
002302.SZ,20260424,64200,5.57,357594.0,5.57,0.00508574,0.771429,126235.0
002303.SZ,20260424,80200,3.35,268670.0,3.35,0.00829471,0.500997,96688.1
002304.SZ,20260424,37000,49.9,1846300.0,50.03,0.00245617,0.857715,150641.0
002305.SZ,20260424,103500,2.23,230805.0,2.23,0.0059685,0.475718,173410.0
002306.SZ,20260424,7500,2.32,17400.0,2.33,0.000921421,0.0553455,81396.0
002307.SZ,20260424,94500,4.43,418635.0,4.46,0.00745097,0.298141,126829.0
002309.SZ,20260424,3908300,4.18,16336694.0,4.2,0.162431,0.887199,240613.0
002310.SZ,20260424,2078500,2.95,6131575.0,2.94,0.0483483,1.03484,429901.0
002311.SZ,20260424,12400,46.71,579204.0,46.84,0.000745855,0.159848,166252.0
002312.SZ,20260424,94000,11.37,1068780.0,11.43,0.00498986,0.297044,188382.0
002313.SZ,20260424,1133200,8.91,10096812.0,8.76,0.302692,12.2142,37437.4
002314.SZ,20260424,226400,2.45,554680.0,2.46,0.0169173,0.336913,133828.0
002315.SZ,20260424,92500,31.54,2917450.0,32.0,0.0351827,0.891021,26291.3
002316.SZ,20260424,79400,5.08,403352.0,5.11,0.0232991,0.67513,34078.5
002317.SZ,20260424,79800,18.28,1458744.0,18.45,0.0104777,0.320769,76161.7
002318.SZ,20260424,5600,28.62,160272.0,28.75,0.000586579,0.0617193,95468.9
002319.SZ,20260424,39400,10.75,423550.0,10.88,0.0197,0.790656,20000.0
002320.SZ,20260424,87600,8.23,720948.0,8.26,0.00391806,0.681965,223580.0
002321.SZ,20260424,585800,2.11,1236038.0,2.09,0.0275818,1.34696,212387.0
002322.SZ,20260424,195800,13.43,2629594.0,14.19,0.05572,2.84921,35140.0
002323.SZ,20260424,380600,1.98,753588.0,2.02,0.0179496,0.381574,212038.0
002324.SZ,20260424,222600,16.68,3712968.0,16.83,0.0286754,0.395476,77627.6
002326.SZ,20260424,266205,24.94,6639152.7,25.31,0.0329397,0.609965,80815.9
002327.SZ,20260424,26300,7.2,189360.0,7.22,0.00535699,0.395484,49094.8
002328.SZ,20260424,906600,11.23,10181118.0,11.24,0.158832,0.614536,57079.2
002329.SZ,20260424,34100,3.88,132308.0,3.92,0.00524302,0.10439,65038.9
002330.SZ,20260424,185600,4.6,853760.0,4.61,0.0292201,1.65368,63517.9
002331.SZ,20260424,161554,8.89,1436215.06,9.01,0.0408117,0.604733,39585.2
002332.SZ,20260424,43000,8.91,383130.0,8.96,0.00436737,0.287069,98457.4
002333.SZ,20260424,410100,5.6,2296560.0,5.59,0.0615295,0.890043,66650.9
002334.SZ,20260424,73000,7.92,578160.0,7.96,0.00993181,0.13395,73501.2
002335.SZ,20260424,184100,66.69,12277629.0,67.53,0.0404907,0.48695,45467.3
002337.SZ,20260424,11800,5.92,69856.0,5.94,0.00200681,0.147501,58799.7
002338.SZ,20260424,70300,61.4,4316420.0,61.87,0.0292917,0.412144,24000.0
002339.SZ,20260424,234600,10.25,2404650.0,10.36,0.0489981,1.14012,47879.4
002340.SZ,20260424,488260,8.33,4067205.8,8.32,0.00961964,0.306981,507566.0
002342.SZ,20260424,819200,18.78,15384576.0,18.96,0.085808,0.319208,95469.0
002343.SZ,20260424,12900,6.17,79593.0,6.22,0.00272336,0.131555,47368.0
002344.SZ,20260424,86100,4.4,378840.0,4.42,0.00671989,0.843258,128127.0
002345.SZ,20260424,30800,10.78,332024.0,10.86,0.00355154,0.188594,86722.9
002346.SZ,20260424,4600,18.71,86066.0,18.86,0.00116952,0.126163,39332.5
002347.SZ,20260424,92900,7.94,737626.0,8.03,0.0188292,0.379186,49338.3
002348.SZ,20260424,102000,9.92,1011840.0,9.92,0.011289,0.411398,90353.3
002349.SZ,20260424,59600,7.18,427928.0,7.22,0.00732024,0.367953,81418.1
002350.SZ,20260424,108900,13.93,1516977.0,14.25,0.0205258,0.468759,53055.1
002351.SZ,20260424,131700,11.0,1448700.0,11.27,0.0252756,3.35818,52105.7
002352.SZ,20260424,96300,36.6,3524580.0,36.7,0.00201886,0.52872,477001.0
002353.SZ,20260424,170700,130.0,22191000.0,130.39,0.0247213,0.835594,69049.6
002354.SZ,20260424,120800,5.58,674064.0,5.62,0.00743067,0.241769,162569.0
002355.SZ,20260424,24700,5.98,147706.0,6.0,0.00399569,0.117727,61816.7
002356.SZ,20260424,85200,3.32,282864.0,3.34,0.00649763,0.291911,131125.0
002357.SZ,20260424,31100,10.79,335569.0,10.8,0.00992096,0.325168,31347.8
002358.SZ,20260424,73100,7.41,541671.0,7.47,0.00786228,0.219837,92975.6
002360.SZ,20260424,1204400,6.2,7467280.0,6.4,0.367731,4.11061,32752.2
002361.SZ,20260424,4296300,22.77,97826751.0,22.99,0.530982,1.26933,80912.3
002362.SZ,20260424,7600,18.3,139080.0,18.36,0.00366099,0.26176,20759.4
002363.SZ,20260424,40800,8.21,334968.0,8.23,0.0098134,0.373263,41575.8
002364.SZ,20260424,898400,43.4,38990560.0,43.53,0.160974,0.875825,55810.4
002365.SZ,20260424,6200,13.12,81344.0,13.16,0.00252764,0.0963248,24528.8
002366.SZ,20260424,81200,7.08,574896.0,7.08,0.00438834,0.211162,185036.0
002367.SZ,20260424,12200,6.33,77226.0,6.32,0.00153541,0.15484,79457.6
002368.SZ,20260424,12900,20.14,259806.0,20.32,0.0020792,0.181511,62043.0
002369.SZ,20260424,18700,7.08,132396.0,7.09,0.00330263,0.147292,56621.5
002370.SZ,20260424,162000,6.8,1101600.0,6.84,0.0217255,0.362773,74566.8
002371.SZ,20260424,46510,475.03,22093645.3,475.0,0.00642179,0.325657,72425.3
002372.SZ,20260424,10100,10.42,105242.0,10.42,0.000686674,0.137905,147086.0
002373.SZ,20260424,226900,9.78,2219082.0,9.88,0.0164708,0.915946,137759.0
002374.SZ,20260424,147500,3.08,454300.0,3.09,0.0135918,0.689936,108521.0
002375.SZ,20260424,260100,4.22,1097622.0,4.24,0.0196037,0.968084,132679.0
002376.SZ,20260424,52400,7.13,373612.0,7.16,0.00670669,0.437316,78131.0
002377.SZ,20260424,1156700,3.38,3909646.0,3.21,0.132601,3.17876,87231.5
002378.SZ,20260424,497500,30.97,15407575.0,31.37,0.0416276,0.553376,119512.0
002379.SZ,20260424,28500,26.43,753255.0,26.43,0.00250798,0.168436,113637.0
002380.SZ,20260424,45500,33.7,1533350.0,33.96,0.0319963,0.684079,14220.4
002381.SZ,20260424,17900,6.4,114560.0,6.39,0.00558682,0.375463,32039.7
002382.SZ,20260424,248400,7.45,1850580.0,7.5,0.0248596,1.0374,99921.0
002383.SZ,20260424,108100,9.5,1026950.0,9.58,0.014601,0.517502,74036.0
002384.SZ,20260424,1971600,193.5,381504600.0,186.66,0.142218,1.8928,138632.0
002385.SZ,20260424,935600,3.87,3620772.0,3.9,0.0265488,1.38598,352408.0
002386.SZ,20260424,288300,6.58,1897014.0,6.62,0.022153,0.536469,130140.0
002387.SZ,20260424,14900,8.04,119796.0,8.06,0.0010681,0.135128,139500.0
002388.SZ,20260424,73400,4.9,359660.0,4.9,0.0144995,0.414102,50622.3
002389.SZ,20260424,27300,21.87,597051.0,21.97,0.00277225,0.129584,98476.1
002390.SZ,20260424,78700,3.15,247905.0,3.17,0.00408239,0.271106,192779.0
002391.SZ,20260424,146500,6.37,933205.0,6.37,0.0315666,0.905832,46409.8
002392.SZ,20260424,69800,8.61,600978.0,8.67,0.00603,0.14181,115755.0
002393.SZ,20260424,167000,21.9,3657300.0,22.56,0.0667205,4.11551,25029.8
002394.SZ,20260424,593700,12.38,7350006.0,13.75,0.183646,7.49593,32328.6
002395.SZ,20260424,17500,17.99,314825.0,18.08,0.00652533,0.280534,26818.6
002396.SZ,20260424,56500,27.0,1525500.0,27.02,0.0096866,0.227498,58328.0
002397.SZ,20260424,823300,4.36,3589588.0,4.39,0.12708,2.57708,64786.2
002398.SZ,20260424,48600,4.97,241542.0,4.99,0.00797376,0.455324,60949.9
002399.SZ,20260424,31400,10.92,342888.0,10.98,0.00251764,1.06788,124720.0
002400.SZ,20260424,544500,8.8,4791600.0,8.92,0.0315439,0.527041,172616.0
002401.SZ,20260424,2900,14.45,41905.0,14.45,0.000780935,0.099191,37135.0
002402.SZ,20260424,75800,31.4,2380120.0,31.49,0.00931641,0.286656,81361.8
002403.SZ,20260424,5900,10.39,61301.0,10.38,0.00198545,0.101472,29716.1
002404.SZ,20260424,29100,6.96,202536.0,6.96,0.00638798,0.454769,45554.3
002405.SZ,20260424,413900,9.08,3758212.0,9.17,0.017569,0.87248,235585.0
002406.SZ,20260424,49300,7.6,374680.0,7.66,0.00818647,0.35078,60221.3
002407.SZ,20260424,2124840,30.54,64892613.6,30.04,0.196969,2.03401,107877.0
002408.SZ,20260424,156200,6.11,954382.0,6.13,0.00567774,0.280213,275110.0
002409.SZ,20260424,85900,89.33,7673447.0,89.13,0.0269682,0.757551,31852.3
002410.SZ,20260424,993600,11.4,11327040.0,11.71,0.0632818,3.32685,157012.0
002412.SZ,20260424,6900,6.41,44229.0,6.45,0.00138597,0.0796785,49784.5
002413.SZ,20260424,515400,13.95,7189830.0,14.1,0.039786,0.272049,129543.0
002414.SZ,20260424,472200,13.9,6563580.0,14.05,0.0138939,0.381509,339861.0
002415.SZ,20260424,225800,33.68,7604944.0,33.49,0.00249602,0.293587,904640.0
002416.SZ,20260424,306200,13.42,4109204.0,13.55,0.0250183,0.553462,122390.0
002418.SZ,20260424,5142100,6.51,33475071.0,6.51,0.452491,1.77999,113640.0
002419.SZ,20260424,106500,5.6,596400.0,5.65,0.00911269,0.406617,116870.0
002420.SZ,20260424,22400,7.71,172704.0,7.68,0.00560618,0.260044,39955.9
002421.SZ,20260424,127800,2.78,355284.0,2.8,0.00636869,0.130606,200669.0
002422.SZ,20260424,22800,33.15,755820.0,33.2,0.00174594,0.122952,130589.0
002423.SZ,20260424,37500,10.09,378375.0,10.09,0.00162753,0.391026,230411.0
002424.SZ,20260424,10600,4.97,52682.0,4.98,0.000873712,0.101316,121321.0
002425.SZ,20260424,32400,3.13,101412.0,3.16,0.00338891,0.230298,95606.1
002426.SZ,20260424,427000,3.8,1622600.0,3.83,0.0125492,0.244319,340260.0
002427.SZ,20260424,56500,6.22,351430.0,6.28,0.00573776,0.376927,98470.5
002428.SZ,20260424,2087495,76.07,158795744.65,76.88,0.31966,1.82278,65303.6
002429.SZ,20260424,15446500,11.79,182114235.0,13.1,0.341409,7.56268,452433.0
002430.SZ,20260424,364300,30.71,11187653.0,30.5,0.0372519,1.45485,97793.8
002431.SZ,20260424,566300,2.38,1347794.0,2.4,0.0314191,1.59295,180240.0
002432.SZ,20260424,211800,85.31,18068658.0,86.15,0.048311,0.602721,43841.0
002434.SZ,20260424,106800,7.16,764688.0,7.2,0.00814446,0.436323,131132.0
002436.SZ,20260424,1392300,28.4,39541320.0,28.4,0.0921749,0.969014,151050.0
002437.SZ,20260424,320400,3.61,1156644.0,3.65,0.0153592,0.238775,208605.0
002438.SZ,20260424,80300,16.88,1355464.0,16.93,0.0171259,0.912887,46888.1
002439.SZ,20260424,342000,14.85,5078700.0,15.07,0.0469394,0.686237,72859.9
002440.SZ,20260424,97200,11.61,1128492.0,11.66,0.0102709,0.477686,94635.9
002441.SZ,20260424,15200,9.35,142120.0,9.38,0.00381379,0.146837,39855.4
002442.SZ,20260424,59600,5.75,342700.0,5.79,0.0120975,0.583788,49266.3
002443.SZ,20260424,1632500,11.26,18381950.0,11.14,0.314289,3.99135,51942.7
002444.SZ,20260424,22000,31.31,688820.0,31.36,0.00191799,0.193906,114703.0
002445.SZ,20260424,1016600,3.46,3517436.0,3.49,0.0429615,0.778127,236631.0
002446.SZ,20260424,205400,10.38,2132052.0,10.47,0.0242281,0.421574,84777.7
002448.SZ,20260424,1390300,17.0,23635100.0,17.52,0.3052,4.72228,45553.7
002449.SZ,20260424,460200,7.89,3630978.0,8.11,0.0744086,3.54928,61847.7
002451.SZ,20260424,16900,9.4,158860.0,9.48,0.00384835,0.126008,43914.9
002452.SZ,20260424,43300,11.1,480630.0,11.21,0.00839302,0.207565,51590.5
002453.SZ,20260424,9300,4.82,44826.0,4.83,0.00151772,0.0711132,61276.3
002454.SZ,20260424,35600,10.38,369528.0,10.41,0.00567832,0.209623,62694.6
002455.SZ,20260424,2865800,10.78,30893324.0,11.19,0.433679,3.35765,66081.2
002456.SZ,20260424,113800,9.12,1037856.0,9.17,0.00343078,0.161786,331703.0
002457.SZ,20260424,333000,10.91,3633030.0,11.11,0.0999189,1.89078,33327.0
002458.SZ,20260424,141100,10.96,1546456.0,10.97,0.0195866,0.531958,72038.9
002459.SZ,20260424,58300,10.85,632555.0,10.87,0.00176358,0.135564,330578.0
002460.SZ,20260424,373900,79.95,29893305.0,79.88,0.0308698,0.5174,121122.0
002461.SZ,20260424,17300,9.91,171443.0,9.92,0.000781628,0.227085,221333.0
002462.SZ,20260424,2700,13.89,37503.0,13.94,0.000926338,0.0982085,29147.0
002463.SZ,20260424,485900,105.98,51495682.0,106.62,0.0252703,0.585436,192281.0
002465.SZ,20260424,257300,16.5,4245450.0,16.58,0.0103838,0.246158,247789.0
002466.SZ,20260424,413500,67.9,28076650.0,67.97,0.0280225,0.45906,147560.0
002467.SZ,20260424,504300,7.08,3570444.0,7.14,0.0368962,0.311178,136681.0
002468.SZ,20260424,159400,17.61,2807034.0,17.73,0.0108642,0.365879,146720.0
002469.SZ,20260424,29600,8.24,243904.0,8.24,0.00471035,0.249387,62840.3
002470.SZ,20260424,899200,2.93,2634656.0,2.96,0.0273668,0.351627,328574.0
002471.SZ,20260424,773600,9.05,7001080.0,9.11,0.0576282,0.313214,134240.0
002472.SZ,20260424,240700,37.55,9038285.0,38.03,0.0321563,1.97329,74853.2
002474.SZ,20260424,31400,7.2,226080.0,7.23,0.00591598,0.2017,53076.6
002475.SZ,20260424,1161400,67.51,78406114.0,67.77,0.0159768,0.461332,726927.0
002476.SZ,20260424,11600,5.79,67164.0,5.83,0.00189565,0.133434,61192.7
002478.SZ,20260424,2480600,10.6,26294360.0,11.33,0.343229,6.01707,72272.4
002479.SZ,20260424,323500,5.76,1863360.0,5.76,0.0374824,1.35067,86307.3
002480.SZ,20260424,24400,6.27,152988.0,6.25,0.00317862,0.182405,76763.0
002481.SZ,20260424,313600,4.51,1414336.0,4.41,0.0280463,3.01608,111815.0
002482.SZ,20260424,644100,1.67,1075647.0,1.67,0.0172055,1.88089,374356.0
002483.SZ,20260424,18800,6.95,130660.0,7.0,0.00212369,0.215961,88525.1
002484.SZ,20260424,139100,34.2,4757220.0,34.59,0.0169537,0.323363,82047.2
002485.SZ,20260424,48800,4.87,237656.0,4.92,0.00897059,1.54881,54400.0
002486.SZ,20260424,162200,2.75,446050.0,2.76,0.0197692,0.834878,82046.7
002487.SZ,20260424,378800,85.95,32557860.0,85.25,0.0600393,1.95443,63092.0
002488.SZ,20260424,21400,11.48,245672.0,11.54,0.00232587,0.0833017,92008.4
002489.SZ,20260424,61900,3.34,206746.0,3.34,0.00323572,0.241511,191302.0
002490.SZ,20260424,1874400,9.9,18556560.0,9.77,0.346008,3.77555,54172.2
002491.SZ,20260424,2380795,16.34,38902190.3,16.83,0.202368,1.2079,117647.0
002492.SZ,20260424,39200,7.99,313208.0,8.01,0.00985334,0.287574,39783.5
002493.SZ,20260424,81400,11.8,960520.0,11.89,0.000869454,0.143449,936220.0
002494.SZ,20260424,86600,5.48,474568.0,5.5,0.0301984,0.682561,28677.0
002495.SZ,20260424,986600,2.49,2456634.0,2.48,0.140787,4.9138,70077.4
002496.SZ,20260424,308700,2.17,669879.0,2.18,0.0261334,0.679217,118125.0
002497.SZ,20260424,161000,27.52,4430720.0,27.78,0.0152095,0.31995,105855.0
002498.SZ,20260424,841700,8.83,7432211.0,9.09,0.0253006,0.370658,332680.0
002500.SZ,20260424,42300,5.54,234342.0,5.56,0.00117835,0.252541,358977.0
002501.SZ,20260424,585100,1.68,982968.0,1.71,0.0164981,0.347367,354647.0
002506.SZ,20260424,4414200,4.51,19908042.0,4.56,0.0755283,0.701146,584443.0
002507.SZ,20260424,42700,12.27,523929.0,12.33,0.00371053,0.609103,115078.0
002508.SZ,20260424,5200,19.27,100204.0,19.38,0.000557013,0.103905,93355.2
002510.SZ,20260424,83300,6.71,558943.0,6.73,0.00828982,0.365884,100485.0
002511.SZ,20260424,34500,8.82,304290.0,8.85,0.00272724,0.182002,126502.0
002512.SZ,20260424,751200,4.04,3034848.0,4.09,0.0686371,1.12359,109445.0
002513.SZ,20260424,55600,5.99,333044.0,6.02,0.019236,0.438953,28904.1
002514.SZ,20260424,8825,4.1,36182.5,4.13,0.00159286,0.0630008,55403.4
002515.SZ,20260424,248500,6.57,1632645.0,6.57,0.020527,0.259734,121060.0
002516.SZ,20260424,38800,5.76,223488.0,5.77,0.00266222,0.343461,145743.0
002517.SZ,20260424,204900,17.22,3528378.0,17.37,0.0108465,0.37587,188909.0
002518.SZ,20260424,47900,48.5,2323150.0,49.13,0.00847577,0.420955,56514.0
002519.SZ,20260424,471100,8.01,3773511.0,8.12,0.0421527,0.460734,111760.0
002520.SZ,20260424,16500,5.38,88770.0,5.38,0.00229984,0.0764291,71744.0
002521.SZ,20260424,3100,8.56,26536.0,8.59,0.000740904,0.0477197,41840.8
002522.SZ,20260424,181600,6.06,1100496.0,6.08,0.0200659,0.526013,90502.0
002523.SZ,20260424,845100,4.0,3380400.0,4.03,0.0598707,4.67484,141154.0
002524.SZ,20260424,32000,4.05,129600.0,4.05,0.00626398,0.242218,51085.7
002526.SZ,20260424,109000,3.35,365150.0,3.37,0.00615442,0.579756,177108.0
002527.SZ,20260424,57600,12.85,740160.0,12.97,0.0108908,0.493472,52888.9
002528.SZ,20260424,1373400,5.02,6894468.0,4.87,0.130773,2.86807,105022.0
002529.SZ,20260424,41071,7.26,298175.46,7.26,0.0157965,1.08512,26000.0
002530.SZ,20260424,10400,8.89,92456.0,8.91,0.00149614,0.0622609,69512.3
002531.SZ,20260424,614000,12.63,7754820.0,12.68,0.0343634,0.997119,178679.0
002532.SZ,20260424,476100,17.58,8369838.0,17.67,0.0115928,0.797528,410686.0
002533.SZ,20260424,20500,13.89,284745.0,13.91,0.00321495,0.110157,63764.5
002534.SZ,20260424,150600,18.84,2837304.0,18.71,0.0182465,1.21708,82536.3
002535.SZ,20260424,29800,3.33,99234.0,3.34,0.00399283,0.32078,74633.9
002536.SZ,20260424,175100,38.11,6673061.0,38.11,0.0321638,0.272389,54440.1
002537.SZ,20260424,149700,7.67,1148199.0,7.71,0.0128036,0.646987,116920.0
002538.SZ,20260424,59200,7.05,417360.0,7.1,0.00693573,0.421885,85355.1
002539.SZ,20260424,9300,14.17,131781.0,14.22,0.00104519,0.0473245,88979.4
002540.SZ,20260424,15000,6.16,92400.0,6.16,0.00171617,0.093067,87403.8
002541.SZ,20260424,33300,19.4,646020.0,19.4,0.00671139,0.369151,49617.2
002542.SZ,20260424,3575800,1.83,6543714.0,1.88,0.203312,2.63309,175877.0
002543.SZ,20260424,20200,8.39,169478.0,8.42,0.00305315,0.490865,66161.1
002544.SZ,20260424,37500,26.95,1010625.0,27.17,0.0055109,0.271419,68046.9
002545.SZ,20260424,88600,21.85,1935910.0,21.85,0.00783957,0.3862,113016.0
002546.SZ,20260424,161200,8.65,1394380.0,8.61,0.020119,0.602225,80123.2
002547.SZ,20260424,765700,3.24,2480868.0,3.13,0.0693062,0.93635,110481.0
002548.SZ,20260424,69100,4.86,335826.0,4.87,0.00858949,0.319963,80447.1
002549.SZ,20260424,53700,18.77,1007949.0,18.8,0.00775609,0.0994138,69236.0
002550.SZ,20260424,700000,7.19,5033000.0,7.46,0.07437,4.19004,94124.0
002551.SZ,20260424,34300,3.34,114562.0,3.37,0.00561203,0.30136,61118.7
002552.SZ,20260424,15400,21.28,327712.0,21.51,0.00417907,0.0955381,36850.3
002553.SZ,20260424,20900,24.2,505780.0,24.4,0.00833333,0.234654,25080.0
002554.SZ,20260424,148600,3.41,506726.0,3.44,0.0111439,0.490616,133347.0
002555.SZ,20260424,121500,21.21,2577015.0,21.3,0.00765422,0.258643,158736.0
002556.SZ,20260424,35500,6.25,221875.0,6.29,0.00375415,0.202617,94562.1
002557.SZ,20260424,41000,22.9,938900.0,22.9,0.00812246,0.207624,50477.3
002558.SZ,20260424,115300,31.52,3634256.0,31.88,0.00606663,0.299192,190056.0
002559.SZ,20260424,51000,10.5,535500.0,10.54,0.0101189,0.203434,50400.5
002560.SZ,20260424,1155500,13.65,15772575.0,14.27,0.255113,0.85253,45293.6
002561.SZ,20260424,1000,8.04,8040.0,8.06,0.00024129,0.0245186,41444.0
002562.SZ,20260424,268600,5.66,1520276.0,5.74,0.033017,1.3132,81351.9
002563.SZ,20260424,81600,5.31,433296.0,5.35,0.00369717,0.445348,220709.0
002564.SZ,20260424,40500,6.28,254340.0,6.31,0.00471531,0.175639,85890.4
002565.SZ,20260424,3111600,19.55,60831780.0,19.76,0.293563,1.19643,105994.0
002566.SZ,20260424,13600,7.53,102408.0,7.57,0.00586737,0.197308,23179.0
002567.SZ,20260424,60850,4.13,251310.5,4.15,0.00425103,0.252388,143142.0
002568.SZ,20260424,33100,17.0,562700.0,17.13,0.00433768,0.610117,76308.1
002569.SZ,20260424,0,,0.0,12.79,0.0,0.0,13995.6
002570.SZ,20260424,51100,4.91,250901.0,4.93,0.0047315,0.270311,108000.0
002571.SZ,20260424,48500,11.4,552900.0,11.62,0.0162585,0.579158,29830.6
002572.SZ,20260424,15700,12.61,197977.0,12.56,0.00240996,0.152744,65146.4
002573.SZ,20260424,81000,3.61,292410.0,3.6,0.00573351,0.886802,141275.0
002574.SZ,20260424,15000,5.3,79500.0,5.3,0.00284091,0.222035,52800.0
002575.SZ,20260424,175900,6.26,1101134.0,6.35,0.0300429,0.393354,58549.6
002576.SZ,20260424,7300,18.59,135707.0,18.67,0.00450541,0.15338,16202.8
002577.SZ,20260424,4000,15.33,61320.0,15.32,0.00142515,0.253913,28067.3
002578.SZ,20260424,98900,3.76,371864.0,3.77,0.0114845,0.301739,86116.3
002579.SZ,20260424,313732,12.78,4009494.96,12.95,0.0537754,0.495272,58341.2
002580.SZ,20260424,2861125,26.7,76392037.5,26.97,0.632518,2.46785,45233.9
002581.SZ,20260424,16400,7.32,120048.0,7.37,0.00409191,0.324668,40079.1
002582.SZ,20260424,223500,12.68,2833980.0,12.72,0.0649252,0.71343,34424.2
002583.SZ,20260424,32100,10.58,339618.0,10.59,0.00250249,0.15663,128272.0
002584.SZ,20260424,559300,7.89,4412877.0,7.91,0.1194,2.6714,46842.7
002585.SZ,20260424,128500,7.54,968890.0,7.54,0.0144942,0.221271,88656.2
002586.SZ,20260424,11800,4.69,55342.0,4.68,0.00108504,0.102286,108752.0
002587.SZ,20260424,47600,6.27,298452.0,6.28,0.00893565,0.335479,53269.8
002588.SZ,20260424,654800,11.65,7628420.0,11.81,0.0762604,1.82633,85863.7
002589.SZ,20260424,669700,3.21,2149737.0,3.24,0.049041,0.526173,136559.0
002590.SZ,20260424,30700,12.4,380680.0,12.43,0.00620256,0.467348,49495.7
002591.SZ,20260424,43400,6.83,296422.0,6.84,0.0194173,0.599079,22351.2
002592.SZ,20260424,15100,7.77,117327.0,7.82,0.00574804,0.355977,26269.8
002593.SZ,20260424,21500,5.05,108575.0,5.08,0.00383583,0.181928,56050.4
002594.SZ,20260424,268000,99.91,26775880.0,99.98,0.00768654,0.63996,348661.0
002595.SZ,20260424,19700,90.5,1782850.0,90.86,0.00247965,0.341256,79446.8
002596.SZ,20260424,35400,3.4,120360.0,3.39,0.00308759,0.121367,114653.0
002597.SZ,20260424,22600,22.86,516636.0,22.86,0.00398416,0.324559,56724.7
002598.SZ,20260424,40400,8.03,324412.0,8.06,0.0140998,0.527684,28653.0
002599.SZ,20260424,52300,6.85,358255.0,6.89,0.0131405,0.573096,39800.7
002600.SZ,20260424,372415,14.41,5366500.15,14.55,0.00517276,0.225227,719954.0
002601.SZ,20260424,59900,17.49,1047651.0,17.53,0.00301368,0.269564,198760.0
002602.SZ,20260424,255400,16.55,4226870.0,16.54,0.00375763,0.400479,679683.0
002603.SZ,20260424,77800,16.57,1289146.0,16.65,0.00565059,0.560378,137685.0
002605.SZ,20260424,23400,20.18,472212.0,20.18,0.00693823,0.384733,33726.2
002606.SZ,20260424,5185818,14.0,72601452.0,13.34,1.23137,18.9935,42114.2
002607.SZ,20260424,1017100,2.51,2552921.0,2.53,0.0200059,1.16563,508400.0
002608.SZ,20260424,106500,7.8,830700.0,7.86,0.00281889,0.408985,377808.0
002609.SZ,20260424,22900,8.31,190299.0,8.31,0.00498476,0.312185,45940.0
002611.SZ,20260424,119500,17.6,2103200.0,17.69,0.0119273,0.399362,100190.0
002612.SZ,20260424,15900,16.46,261714.0,16.46,0.00624168,0.384613,25473.9
002613.SZ,20260424,235500,3.84,904320.0,3.87,0.030495,0.519054,77225.7
002614.SZ,20260424,41600,5.99,249184.0,6.01,0.00942742,0.565726,44126.6
002615.SZ,20260424,22400,7.72,172928.0,7.79,0.0073269,0.190572,30572.3
002616.SZ,20260424,140600,5.85,822510.0,5.91,0.0239327,0.850342,58748.0
002617.SZ,20260424,307300,7.89,2424597.0,7.91,0.0163664,0.464447,187762.0
002620.SZ,20260424,379200,10.43,3955056.0,10.45,0.120243,1.99714,31536.0
002622.SZ,20260424,129200,2.5,323000.0,2.5,0.0153814,0.64304,83997.5
002623.SZ,20260424,3500,22.09,77315.0,22.3,0.00176202,0.080423,19863.6
002624.SZ,20260424,2989700,18.16,54292952.0,19.02,0.163574,2.91913,182773.0
002625.SZ,20260424,69800,39.52,2758496.0,39.84,0.00323961,0.376766,215458.0
002626.SZ,20260424,24800,16.1,399280.0,16.18,0.0040665,0.296426,60986.1
002627.SZ,20260424,31300,7.15,223795.0,7.17,0.00436476,0.123812,71710.8
002628.SZ,20260424,409000,5.56,2274040.0,5.56,0.0542595,0.751342,75378.5
002629.SZ,20260424,82000,6.61,542020.0,6.66,0.0226361,0.223615,36225.4
002630.SZ,20260424,511700,2.03,1038751.0,2.03,0.0496665,0.960754,103027.0
002631.SZ,20260424,47900,7.26,347754.0,7.26,0.006036,0.234482,79357.2
002632.SZ,20260424,61900,11.18,692042.0,11.13,0.010776,0.44125,57442.6
002633.SZ,20260424,9700,19.2,186240.0,19.2,0.00649182,0.257373,14941.9
002634.SZ,20260424,962300,4.8,4619040.0,4.75,0.215514,1.69586,44651.5
002635.SZ,20260424,184200,16.64,3065088.0,16.6,0.0465701,0.647877,39553.3
002636.SZ,20260424,362785,42.51,15421990.35,43.25,0.0500866,0.772705,72431.5
002637.SZ,20260424,141700,12.4,1757080.0,12.32,0.0304476,0.697534,46538.9
002638.SZ,20260424,435200,4.28,1862656.0,4.33,0.0321732,1.01142,135268.0
002639.SZ,20260424,215200,18.11,3897272.0,18.37,0.0330762,0.306991,65061.9
002640.SZ,20260424,113800,3.33,378954.0,3.34,0.00735018,0.290725,154826.0
002641.SZ,20260424,28700,4.09,117383.0,4.08,0.00253088,0.280674,113399.0
002642.SZ,20260424,12900,7.77,100233.0,7.77,0.00194988,0.122164,66158.0
002643.SZ,20260424,33300,16.72,556776.0,16.78,0.00366218,0.257516,90929.6
002644.SZ,20260424,7500,8.19,61425.0,8.19,0.0014687,0.160012,51065.7
002645.SZ,20260424,253900,21.96,5575644.0,21.96,0.0454263,0.521557,55892.8
002646.SZ,20260424,73800,7.85,579330.0,7.9,0.0155065,1.66788,47593.0
002647.SZ,20260424,522900,12.42,6494418.0,12.62,0.0515024,0.737232,101529.0
002648.SZ,20260424,300900,27.4,8244660.0,27.38,0.00893811,0.522092,336648.0
002649.SZ,20260424,12500,11.72,146500.0,11.78,0.00227876,0.133486,54854.3
002650.SZ,20260424,2400,7.08,16992.0,7.03,0.000216793,0.0358852,110705.0
002651.SZ,20260424,17600,9.46,166496.0,9.5,0.00311249,0.230287,56546.4
002652.SZ,20260424,47800,4.66,222748.0,4.68,0.00933477,0.310364,51206.4
002653.SZ,20260424,12200,56.26,686372.0,56.34,0.00227279,0.21764,53678.6
002654.SZ,20260424,149500,14.6,2182700.0,14.74,0.0176872,0.296966,84524.3
002655.SZ,20260424,183600,24.94,4578984.0,24.71,0.0505709,0.466159,36305.5
002656.SZ,20260424,15900,3.0,47700.0,3.01,0.00235002,0.180356,67659.0
002657.SZ,20260424,10000,21.52,215200.0,21.6,0.00297518,0.126115,33611.4
002658.SZ,20260424,1653611,8.9,14717137.9,8.88,0.461179,8.08106,35856.1
002659.SZ,20260424,1081400,4.99,5396186.0,5.11,0.180752,7.56833,59827.8
002660.SZ,20260424,23400,8.45,197730.0,8.5,0.00682242,0.623451,34298.7
002661.SZ,20260424,40500,8.7,352350.0,8.76,0.0128746,1.46418,31457.2
002662.SZ,20260424,73800,4.18,308484.0,4.19,0.00492006,0.273546,149998.0
002663.SZ,20260424,159300,2.07,329751.0,2.07,0.0123212,0.270699,129289.0
002664.SZ,20260424,32100,19.93,639753.0,19.99,0.00797365,0.285291,40257.6
002666.SZ,20260424,241700,5.2,1256840.0,5.27,0.0482755,2.35658,50066.8
002667.SZ,20260424,40800,31.01,1265208.0,31.59,0.0172435,0.172364,23661.1
002668.SZ,20260424,29500,9.74,287330.0,9.78,0.00272112,0.169669,108411.0
002669.SZ,20260424,19200,13.73,263616.0,13.83,0.00634254,0.132467,30271.8
002670.SZ,20260424,61400,12.57,771798.0,12.6,0.0037823,0.210303,162335.0
002671.SZ,20260424,29800,4.74,141252.0,4.73,0.00540943,0.311036,55089.0
002672.SZ,20260424,15500,4.19,64945.0,4.19,0.00171248,0.204677,90511.8
002673.SZ,20260424,231200,7.08,1636896.0,7.08,0.00517274,0.835113,446958.0
002674.SZ,20260424,1300,13.87,18031.0,13.82,0.000444348,0.0372624,29256.4
002675.SZ,20260424,131700,13.58,1788486.0,13.69,0.0177163,0.825084,74338.4
002676.SZ,20260424,15000,6.69,100350.0,6.69,0.0020834,0.11976,71997.6
002677.SZ,20260424,25300,7.32,185196.0,7.33,0.00473012,0.404464,53487.1
002678.SZ,20260424,6200,5.77,35774.0,5.77,0.000456697,0.0394913,135757.0
002679.SZ,20260424,154300,10.94,1688042.0,10.74,0.065449,4.2838,23575.6
002681.SZ,20260424,41900,5.06,212014.0,5.07,0.00267004,0.155628,156926.0
002682.SZ,20260424,48800,5.78,282064.0,5.84,0.00867771,0.294805,56236.0
002683.SZ,20260424,127700,39.39,5030103.0,40.2,0.0191581,1.06355,66655.9
002685.SZ,20260424,65300,7.9,515870.0,7.93,0.00648103,0.0977716,100756.0
002686.SZ,20260424,817200,7.51,6137172.0,7.77,0.156333,1.80184,52272.9
002687.SZ,20260424,235900,4.84,1141756.0,4.83,0.0570643,0.779959,41339.4
002688.SZ,20260424,27200,5.71,155312.0,5.74,0.00363897,0.346922,74746.4
002689.SZ,20260424,57900,3.67,212493.0,3.67,0.00555177,0.5046,104291.0
002690.SZ,20260424,8400,17.55,147420.0,17.69,0.00193661,0.178399,43374.7
002691.SZ,20260424,312700,6.15,1923105.0,6.83,0.0930709,6.2692,33598.0
002692.SZ,20260424,1149600,6.54,7518384.0,6.69,0.160176,1.39581,71770.9
002693.SZ,20260424,52200,8.57,447354.0,8.61,0.0127013,0.302071,41098.2
002694.SZ,20260424,169200,2.85,482220.0,2.86,0.0235399,1.18828,71878.1
002695.SZ,20260424,17500,11.38,199150.0,11.4,0.00342161,0.234783,51145.5
002696.SZ,20260424,31700,6.73,213341.0,6.74,0.0094772,0.497168,33448.7
002697.SZ,20260424,64000,5.15,329600.0,5.17,0.00558786,0.346676,114534.0
002698.SZ,20260424,20000,13.72,274400.0,13.8,0.00238028,0.325116,84023.9
002700.SZ,20260424,18000,6.57,118260.0,6.61,0.00683203,0.403995,26346.5
002701.SZ,20260424,237800,5.4,1284120.0,5.43,0.00929849,0.705535,255741.0
002702.SZ,20260424,23900,5.53,132167.0,5.54,0.00520988,0.178189,45874.4
002703.SZ,20260424,678600,21.0,14250600.0,21.34,0.115793,1.56043,58604.8
002705.SZ,20260424,995200,18.21,18122592.0,18.5,0.123153,2.1454,80810.3
002706.SZ,20260424,119700,10.5,1256850.0,10.6,0.0130908,0.171202,91438.1
002707.SZ,20260424,225800,6.31,1424798.0,6.39,0.0273628,1.30358,82520.7
002708.SZ,20260424,27600,13.22,364872.0,13.22,0.00534204,0.074801,51665.7
002709.SZ,20260424,965300,49.42,47705126.0,49.41,0.063969,0.776388,150901.0
002712.SZ,20260424,798800,5.29,4225652.0,5.11,0.14768,7.71018,54090.0
002713.SZ,20260424,535500,13.4,7175700.0,13.67,0.101709,2.16017,52650.1
002714.SZ,20260424,168500,43.48,7326380.0,43.49,0.00443399,0.406815,380019.0
002715.SZ,20260424,6100,15.14,92354.0,15.2,0.00442029,0.204919,13800.0
002716.SZ,20260424,1732900,11.69,20257601.0,11.79,0.074538,0.939487,232485.0
002717.SZ,20260424,5118100,1.51,7728331.0,1.57,0.316871,8.36642,161520.0
002718.SZ,20260424,1700,70.5,119850.0,71.09,0.00180888,0.0974297,9398.08
002719.SZ,20260424,27400,8.08,221392.0,8.12,0.0169281,0.5574,16186.1
002721.SZ,20260424,138400,2.85,394440.0,2.86,0.00520422,0.332329,265938.0
002722.SZ,20260424,6400,14.99,95936.0,14.99,0.00287825,0.107369,22235.7
002723.SZ,20260424,30700,9.97,306079.0,10.05,0.00968107,0.159987,31711.4
002724.SZ,20260424,27100,6.99,189429.0,7.02,0.00477291,0.391698,56778.8
002725.SZ,20260424,71200,16.33,1162696.0,16.46,0.0335827,0.560355,21201.4
002726.SZ,20260424,912900,3.15,2875635.0,3.15,0.0846553,1.0991,107837.0
002727.SZ,20260424,42800,12.59,538852.0,12.68,0.0107724,0.986944,39731.2
002728.SZ,20260424,24800,10.23,253704.0,10.3,0.00747153,0.204391,33192.7
002729.SZ,20260424,24400,18.68,455792.0,18.68,0.013906,0.226737,17546.4
002730.SZ,20260424,181500,28.56,5183640.0,28.54,0.0524521,0.773243,34603.0
002731.SZ,20260424,394400,5.34,2106096.0,5.62,0.171735,3.43861,22965.6
002732.SZ,20260424,8000,15.9,127200.0,15.97,0.00510966,0.717141,15656.6
002733.SZ,20260424,485000,28.87,14001950.0,30.33,0.131485,1.78362,36886.3
002734.SZ,20260424,459600,17.2,7905120.0,17.55,0.105814,2.03253,43434.6
002735.SZ,20260424,16600,15.06,249996.0,15.05,0.00582335,0.163531,28505.9
002736.SZ,20260424,122500,11.13,1363425.0,11.14,0.00127439,0.242039,961243.0
002737.SZ,20260424,1600,12.11,19376.0,12.12,0.000273973,0.0621576,58400.0
002738.SZ,20260424,98100,80.02,7849962.0,80.35,0.013793,0.439776,71122.8
002739.SZ,20260424,201500,10.08,2031120.0,10.15,0.00959564,0.405259,209991.0
002741.SZ,20260424,150900,20.01,3019509.0,20.27,0.0353928,0.785289,42635.8
002742.SZ,20260424,20000,4.74,94800.0,4.71,0.00381708,0.472328,52396.0
002743.SZ,20260424,18100,5.09,92129.0,5.11,0.00416503,0.238505,43457.1
002745.SZ,20260424,121900,8.8,1072720.0,8.88,0.0114495,0.228286,106468.0
002746.SZ,20260424,55000,6.17,339350.0,6.22,0.00775001,0.552576,70967.6
002747.SZ,20260424,122824,20.76,2549826.24,20.87,0.0156983,1.06957,78240.5
002748.SZ,20260424,3600,12.04,43344.0,12.1,0.0015,0.105365,24000.0
002749.SZ,20260424,8300,12.68,105244.0,12.66,0.00182981,0.186369,45359.9
002752.SZ,20260424,648400,7.17,4649028.0,7.25,0.0664667,1.24082,97552.7
002753.SZ,20260424,17800,7.21,128338.0,7.26,0.00733082,0.37832,24281.0
002755.SZ,20260424,63900,15.92,1017288.0,15.97,0.00688465,0.344014,92815.2
002756.SZ,20260424,25400,71.0,1803400.0,71.1,0.00653409,0.128043,38873.1
002757.SZ,20260424,111800,22.4,2504320.0,22.38,0.0396378,0.480644,28205.4
002758.SZ,20260424,47200,9.79,462088.0,9.79,0.00910836,0.832968,51820.5
002759.SZ,20260424,100000,31.78,3178000.0,31.95,0.0199624,0.207626,50094.2
002760.SZ,20260424,70000,22.43,1570100.0,22.21,0.0648216,1.23438,10798.9
002761.SZ,20260424,87700,8.06,706862.0,8.09,0.00810694,1.10299,108179.0
002762.SZ,20260424,143800,8.05,1157590.0,7.9,0.0680296,2.64291,21137.8
002763.SZ,20260424,31100,8.24,256264.0,8.27,0.0102433,0.217446,30361.4
002765.SZ,20260424,9000,10.17,91530.0,10.15,0.00151042,0.0969781,59586.0
002766.SZ,20260424,41500,4.67,193805.0,4.68,0.00484401,0.229479,85672.8
002767.SZ,20260424,17300,20.78,359494.0,21.28,0.0132874,0.435121,13019.9
002768.SZ,20260424,3800,52.2,198360.0,52.27,0.00214995,0.126839,17674.8
002769.SZ,20260424,41600,10.1,420160.0,10.12,0.0111525,0.484014,37301.0
002771.SZ,20260424,250500,15.82,3962910.0,16.02,0.143541,0.541304,17451.5
002772.SZ,20260424,81500,18.22,1484930.0,18.47,0.021931,0.504287,37161.9
002773.SZ,20260424,22800,25.58,583224.0,25.79,0.0033199,0.177188,68676.8
002774.SZ,20260424,24800,11.56,286688.0,11.51,0.00880156,0.17285,28176.8
002775.SZ,20260424,151400,3.62,548068.0,3.66,0.0264792,1.23046,57177.0
002777.SZ,20260424,8200,16.2,132840.0,16.32,0.00202714,0.146908,40451.1
002778.SZ,20260424,3400,20.43,69462.0,20.45,0.00275463,0.111507,12342.9
002779.SZ,20260424,1800,92.7,166860.0,92.56,0.00108559,0.078459,16580.8
002780.SZ,20260424,9100,14.97,136227.0,15.09,0.00696508,0.252925,13065.2
002782.SZ,20260424,16300,21.7,353710.0,21.86,0.00335045,0.108752,48650.1
002783.SZ,20260424,29200,9.69,282948.0,9.69,0.00633147,0.2352,46118.8
002785.SZ,20260424,9600,41.0,393600.0,41.32,0.00496137,0.149205,19349.5
002786.SZ,20260424,15100,7.0,105700.0,7.04,0.00305599,0.297271,49411.2
002787.SZ,20260424,874000,19.98,17462520.0,19.44,0.348401,2.77736,25086.0
002788.SZ,20260424,292600,13.93,4075918.0,14.18,0.0766316,0.664404,38182.7
002789.SZ,20260424,99300,12.87,1277991.0,13.27,0.0634642,3.54921,15646.6
002790.SZ,20260424,38500,7.8,300300.0,7.79,0.0147681,0.780234,26069.8
002791.SZ,20260424,12600,18.2,229320.0,18.29,0.00578766,0.270168,21770.5
002792.SZ,20260424,170700,48.5,8278950.0,49.1,0.0505292,0.271288,33782.4
002793.SZ,20260424,2961900,5.6,16586640.0,5.63,0.272751,12.0682,108593.0
002795.SZ,20260424,47000,8.09,380230.0,8.05,0.0108188,0.22074,43442.9
002796.SZ,20260424,131300,59.99,7876687.0,60.99,0.0576615,0.492352,22770.8
002797.SZ,20260424,496600,7.76,3853616.0,7.79,0.0118171,0.31559,420240.0
002798.SZ,20260424,27500,6.91,190025.0,6.91,0.00573607,0.119873,47942.2
002799.SZ,20260424,83600,8.12,678832.0,7.91,0.0261221,1.69463,32003.6
002800.SZ,20260424,17200,17.6,302720.0,17.68,0.011634,0.288628,14784.3
002801.SZ,20260424,2400,31.85,76440.0,32.06,0.00207249,0.157445,11580.3
002802.SZ,20260424,228100,15.08,3439748.0,15.42,0.152388,0.979897,14968.3
002803.SZ,20260424,132700,19.11,2535897.0,19.45,0.0459672,0.650017,28868.4
002805.SZ,20260424,108500,17.71,1921535.0,17.87,0.0389527,0.530181,27854.3
002806.SZ,20260424,4800,14.11,67728.0,14.14,0.00275694,0.0563266,17410.6
002807.SZ,20260424,5445631,4.58,24940989.98,4.79,0.221546,16.4332,245802.0
002808.SZ,20260424,216100,3.47,749867.0,3.65,0.130965,2.90199,16500.6
002809.SZ,20260424,53200,10.23,544236.0,10.25,0.0312996,0.762354,16997.0
002810.SZ,20260424,36300,26.27,953601.0,26.28,0.0112177,0.231903,32359.5
002811.SZ,20260424,5700,13.1,74670.0,13.14,0.00201708,0.13072,28258.7
002812.SZ,20260424,358700,70.5,25288350.0,70.16,0.0436026,0.855751,82265.7
002813.SZ,20260424,4000,26.99,107960.0,27.08,0.00333734,0.104543,11985.6
002815.SZ,20260424,212900,15.32,3261628.0,15.45,0.0273953,0.623602,77714.2
002816.SZ,20260424,34100,25.2,859320.0,24.9,0.0341,0.710503,10000.0
002817.SZ,20260424,26000,7.6,197600.0,7.61,0.0089643,0.317233,29003.9
002818.SZ,20260424,73800,10.87,802206.0,10.88,0.0247373,3.43595,29833.5
002819.SZ,20260424,10500,26.61,279405.0,26.33,0.00443789,0.459929,23659.9
002820.SZ,20260424,7100,10.3,73130.0,10.35,0.00353465,0.175187,20086.8
002821.SZ,20260424,24000,111.5,2676000.0,112.01,0.00757098,0.380566,31700.0
002822.SZ,20260424,9500,3.24,30780.0,3.25,0.000888726,0.0758027,106895.0
002823.SZ,20260424,6800,15.72,106896.0,15.82,0.0031066,0.16907,21888.9
002824.SZ,20260424,60700,27.49,1668643.0,27.43,0.0275908,0.18399,22000.1
002825.SZ,20260424,32900,9.88,325052.0,9.85,0.0128202,0.288613,25662.7
002826.SZ,20260424,1800,20.51,36918.0,20.54,0.000983718,0.0441298,18297.9
002827.SZ,20260424,9900,31.66,313434.0,31.8,0.00358697,0.531132,27599.9
002828.SZ,20260424,244500,11.72,2865540.0,11.91,0.126316,1.57736,19356.2
002829.SZ,20260424,27500,22.79,626725.0,22.95,0.0188293,0.47079,14604.9
002830.SZ,20260424,17300,20.88,361224.0,20.98,0.0258779,0.486428,6685.25
002831.SZ,20260424,29300,37.19,1089667.0,37.38,0.00573393,0.251194,51099.3
002832.SZ,20260424,11500,18.08,207920.0,18.1,0.00295312,0.10991,38941.8
002833.SZ,20260424,5700,18.05,102885.0,18.01,0.00197759,0.121041,28822.9
002835.SZ,20260424,61700,15.0,925500.0,15.39,0.0484727,3.56157,12728.8
002836.SZ,20260424,38800,12.49,484612.0,12.57,0.0168403,1.28101,23040.0
002837.SZ,20260424,328396,99.14,32557179.44,100.68,0.0388242,0.409185,84585.5
002838.SZ,20260424,49700,28.58,1420426.0,28.35,0.0118156,0.884561,42063.2
002839.SZ,20260424,452600,4.73,2140798.0,4.76,0.0185338,1.59396,244202.0
002840.SZ,20260424,255300,12.61,3219333.0,12.63,0.0320475,0.661145,79663.0
002841.SZ,20260424,77100,38.5,2968350.0,38.79,0.014844,1.01388,51940.1
002842.SZ,20260424,255400,31.97,8165138.0,32.31,0.0951344,0.492425,26846.2
002843.SZ,20260424,107500,25.63,2755225.0,26.07,0.0428641,0.346508,25079.3
002845.SZ,20260424,86500,14.94,1292310.0,14.96,0.0345676,0.827361,25023.4
002846.SZ,20260424,181800,16.01,2910618.0,16.15,0.0698813,0.771181,26015.6
002847.SZ,20260424,44700,55.1,2462970.0,54.91,0.0181913,1.55782,24572.1
002848.SZ,20260424,200,14.72,2944.0,14.72,0.000121267,0.00221728,16492.5
002849.SZ,20260424,9500,17.09,162355.0,17.22,0.00490785,0.167762,19356.7
002850.SZ,20260424,7800,204.17,1592526.0,205.87,0.00391805,0.128094,19907.9
002851.SZ,20260424,118700,105.14,12480118.0,106.46,0.0259193,0.50087,45796.0
002852.SZ,20260424,7800,9.58,74724.0,9.62,0.00272917,0.168812,28580.1
002853.SZ,20260424,79700,27.28,2174216.0,27.64,0.0619246,1.63841,12870.5
002855.SZ,20260424,24800,11.38,282224.0,11.4,0.010072,0.711421,24622.7
002856.SZ,20260424,38000,11.77,447260.0,11.85,0.0306688,0.564385,12390.4
002857.SZ,20260424,3300,20.44,67452.0,20.45,0.00257813,0.110686,12800.0
002858.SZ,20260424,6500,15.47,100555.0,15.55,0.00442242,0.116117,14697.8
002859.SZ,20260424,55100,44.84,2470684.0,45.58,0.0135748,0.375878,40589.9
002860.SZ,20260424,45800,12.82,587156.0,12.9,0.0130284,0.186554,35154.0
002861.SZ,20260424,5000,15.25,76250.0,15.33,0.0033296,0.141756,15016.8
002862.SZ,20260424,14600,17.48,255208.0,17.5,0.0115645,0.495351,12624.8
002863.SZ,20260424,21000,5.42,113820.0,5.43,0.00350302,0.218762,59948.4
002864.SZ,20260424,5500,30.18,165990.0,30.26,0.00741333,0.183518,7419.07
002865.SZ,20260424,45600,76.0,3465600.0,76.38,0.0204001,0.219575,22352.8
002866.SZ,20260424,468600,24.64,11546304.0,25.38,0.258591,0.886461,18121.2
002867.SZ,20260424,16700,12.52,209084.0,12.57,0.00154759,0.215255,107910.0
002868.SZ,20260424,13700,39.0,534300.0,39.1,0.0128034,1.91157,10700.2
002869.SZ,20260424,32300,21.15,683145.0,20.98,0.0205056,0.884059,15751.8
002870.SZ,20260424,500,36.8,18400.0,36.92,0.000385408,0.0196651,12973.3
002871.SZ,20260424,9200,18.04,165968.0,18.08,0.00615815,0.267095,14939.6
002872.SZ,20260424,2700,4.95,13365.0,4.96,0.00125629,0.115466,21491.8
002873.SZ,20260424,66100,9.37,619357.0,9.36,0.0275772,0.789433,23969.1
002875.SZ,20260424,52800,22.72,1199616.0,22.72,0.0289413,0.309957,18243.8
002876.SZ,20260424,19000,28.9,549100.0,28.9,0.0127567,0.236299,14894.2
002877.SZ,20260424,18000,8.7,156600.0,8.77,0.00748395,0.302709,24051.5
002878.SZ,20260424,56100,18.14,1017654.0,18.34,0.023778,0.4701,23593.3
002879.SZ,20260424,6500,21.34,138710.0,21.46,0.00471462,0.0710776,13786.9
002880.SZ,20260424,4000,26.02,104080.0,26.11,0.00176367,0.231474,22680.0
002881.SZ,20260424,10900,38.89,423901.0,39.18,0.00599147,0.296359,18192.5
002882.SZ,20260424,15000,27.6,414000.0,27.81,0.00607823,0.127502,24678.3
002883.SZ,20260424,119000,9.3,1106700.0,9.39,0.0776129,3.32376,15332.5
002884.SZ,20260424,9500,18.68,177460.0,18.78,0.00347893,0.267929,27307.2
002885.SZ,20260424,272400,31.28,8520672.0,31.08,0.117969,0.85535,23090.8
002886.SZ,20260424,6900,22.45,154905.0,22.6,0.0033002,0.0966589,20907.8
002887.SZ,20260424,14900,12.57,187293.0,12.67,0.00685905,0.161728,21723.1
002888.SZ,20260424,2500,18.72,46800.0,18.69,0.00333676,0.148197,7492.3
002889.SZ,20260424,3000,13.34,40020.0,13.38,0.00119387,0.197435,25128.5
002890.SZ,20260424,8910,15.39,137124.9,15.49,0.00551782,0.367122,16147.7
002891.SZ,20260424,255900,41.1,10517490.0,42.53,0.0794973,1.84128,32189.8
002892.SZ,20260424,10700,10.87,116309.0,10.9,0.00221341,0.181385,48341.7
002893.SZ,20260424,162500,10.65,1730625.0,10.78,0.0801367,1.39481,20277.9
002895.SZ,20260424,5600,35.72,200032.0,35.71,0.000941237,0.0526991,59496.1
002896.SZ,20260424,13600,70.88,963968.0,71.1,0.00692032,0.274983,19652.3
002897.SZ,20260424,66600,66.7,4442220.0,66.64,0.0365081,0.510058,18242.5
002898.SZ,20260424,192700,10.19,1963613.0,10.73,0.190297,31.9473,10126.3
002899.SZ,20260424,65100,32.16,2093616.0,32.99,0.0440469,1.37484,14779.7
002900.SZ,20260424,20600,10.68,220008.0,10.66,0.0127853,0.411313,16112.2
002901.SZ,20260424,8900,43.89,390621.0,43.86,0.00308517,0.596135,28847.6
002902.SZ,20260424,421400,26.52,11175528.0,27.02,0.237232,0.978566,17763.2
002903.SZ,20260424,43300,32.02,1386466.0,31.73,0.0405941,0.407668,10666.6
002905.SZ,20260424,6800,9.81,66708.0,9.81,0.00194597,0.0788552,34944.0
002906.SZ,20260424,13000,31.91,414830.0,31.91,0.00247802,0.127276,52461.3
002907.SZ,20260424,29300,13.8,404340.0,13.88,0.00976945,0.837252,29991.5
002908.SZ,20260424,4500,8.81,39645.0,8.86,0.00139823,0.101345,32183.5
002909.SZ,20260424,16500,6.32,104280.0,6.33,0.00433758,0.172603,38039.7
002910.SZ,20260424,57700,10.35,597195.0,10.71,0.0337305,1.83865,17106.2
002911.SZ,20260424,157100,13.57,2131847.0,13.76,0.012399,2.42208,126704.0
002912.SZ,20260424,10200,27.15,276930.0,27.38,0.00628769,0.249776,16222.2
002913.SZ,20260424,20100,50.31,1011231.0,50.86,0.00666261,0.302356,30168.3
002915.SZ,20260424,5100,20.88,106488.0,20.9,0.00177038,0.106903,28807.4
002916.SZ,20260424,335577,305.0,102350985.0,301.3,0.0504772,2.82247,66480.9
002917.SZ,20260424,75700,13.1,991670.0,12.97,0.0290545,1.33724,26054.5
002918.SZ,20260424,6300,11.46,72198.0,11.43,0.00294129,0.122702,21419.2
002919.SZ,20260424,32800,20.77,681256.0,20.7,0.012406,0.864013,26438.8
002920.SZ,20260424,29200,108.5,3168200.0,109.25,0.00526384,0.337213,55472.8
002921.SZ,20260424,38500,26.49,1019865.0,26.2,0.0299607,0.440535,12850.2
002922.SZ,20260424,87200,41.84,3648448.0,41.11,0.0232545,0.405701,37498.2
002923.SZ,20260424,20300,12.24,248472.0,12.32,0.00786563,0.231992,25808.5
002925.SZ,20260424,29000,19.43,563470.0,19.54,0.00396691,0.278537,73104.8
002926.SZ,20260424,238700,8.48,2024176.0,8.55,0.00909333,1.36214,262500.0
002927.SZ,20260424,66600,17.67,1176822.0,17.81,0.0301715,0.840235,22073.8
002928.SZ,20260424,147000,8.45,1242150.0,8.54,0.0115002,0.704593,127824.0
002929.SZ,20260424,170400,57.14,9736656.0,57.12,0.0809268,0.764218,21056.1
002930.SZ,20260424,1700,12.85,21845.0,12.85,0.000392302,0.0201527,43333.9
002932.SZ,20260424,15659,16.92,264950.28,16.95,0.0100317,0.196369,15609.5
002933.SZ,20260424,1700,31.58,53686.0,31.67,0.00145618,0.0835342,11674.4
002935.SZ,20260424,57300,21.2,1214760.0,21.52,0.0138042,0.286749,41509.1
002936.SZ,20260424,1776000,1.82,3232320.0,1.82,0.0252657,3.79159,702930.0
002937.SZ,20260424,393500,31.0,12198500.0,32.03,0.132512,6.57502,29695.4
002938.SZ,20260424,353700,74.89,26488593.0,75.42,0.0153154,0.695531,230943.0
002939.SZ,20260424,46300,8.93,413459.0,8.95,0.00128516,0.297494,360266.0
002940.SZ,20260424,201900,39.0,7874100.0,39.2,0.108973,0.546458,18527.5
002941.SZ,20260424,56900,15.7,893330.0,15.77,0.00779718,0.463098,72975.1
002942.SZ,20260424,10700,19.0,203300.0,19.16,0.00774794,0.573252,13810.1
002943.SZ,20260424,84900,56.01,4755249.0,56.54,0.0583049,0.466483,14561.4
002945.SZ,20260424,28100,15.45,434145.0,15.52,0.00104074,0.256247,270000.0
002946.SZ,20260424,11300,18.24,206112.0,18.32,0.00132831,0.257334,85070.6
002947.SZ,20260424,294051,78.08,22959502.08,78.6,0.152648,1.77956,19263.4
002948.SZ,20260424,106200,5.7,605340.0,5.73,0.00341205,0.207521,311250.0
002949.SZ,20260424,1200,14.05,16860.0,14.12,0.000790067,0.0248281,15188.6
002950.SZ,20260424,100400,14.01,1406604.0,14.12,0.0222126,0.353286,45199.5
002951.SZ,20260424,20400,16.11,328644.0,16.22,0.0050857,0.194337,40112.4
002952.SZ,20260424,71300,26.9,1917970.0,26.63,0.0541608,0.600259,13164.5
002953.SZ,20260424,4900,11.99,58751.0,12.05,0.00180387,0.081798,27163.8
002955.SZ,20260424,7400,25.75,190550.0,25.72,0.00378233,0.246393,19564.7
002956.SZ,20260424,9200,27.99,257508.0,27.95,0.00412141,0.494315,22322.4
002957.SZ,20260424,207300,47.97,9944181.0,47.03,0.0495129,0.597003,41867.9
002958.SZ,20260424,687400,3.1,2130940.0,3.12,0.0126372,1.17435,543949.0
002959.SZ,20260424,4700,42.7,200690.0,42.86,0.00312254,0.356031,15051.8
002960.SZ,20260424,40800,12.06,492048.0,12.12,0.00504609,0.256923,80854.7
002961.SZ,20260424,30900,24.33,751797.0,24.32,0.00647892,0.299313,47693.1
002962.SZ,20260424,182600,17.02,3107852.0,17.05,0.0872916,0.437721,20918.4
002963.SZ,20260424,9700,14.67,142299.0,14.72,0.00849298,0.165475,11421.2
002965.SZ,20260424,19100,29.9,571090.0,30.0,0.0100307,0.424158,19041.6
002966.SZ,20260424,62700,8.79,551133.0,8.81,0.00142622,0.260996,439622.0
002967.SZ,20260424,97000,21.99,2133030.0,21.7,0.0177257,0.631176,54722.7
002968.SZ,20260424,65500,11.19,732945.0,11.4,0.0307495,1.9821,21301.1
002969.SZ,20260424,407900,21.41,8733139.0,21.54,0.0373436,0.825048,109229.0
002970.SZ,20260424,65900,63.01,4152359.0,63.22,0.0526482,0.827822,12517.1
002971.SZ,20260424,299900,33.12,9932688.0,33.88,0.19175,4.44386,15640.1
002972.SZ,20260424,47600,12.88,613088.0,12.95,0.0353519,0.65277,13464.6
002973.SZ,20260424,2600,12.52,32552.0,12.64,0.000818503,0.0581714,31765.3
002975.SZ,20260424,236900,112.3,26603870.0,112.61,0.223788,1.62727,10585.9
002976.SZ,20260424,9800,28.4,278320.0,28.55,0.0147003,0.443298,6666.54
002978.SZ,20260424,35700,32.79,1170603.0,33.15,0.00966747,0.931728,36928.0
002979.SZ,20260424,142800,42.49,6067572.0,41.85,0.0646301,2.17823,22095.0
002980.SZ,20260424,337880,78.39,26486413.2,75.9,0.333248,1.5861,10139.0
002981.SZ,20260424,5600,23.99,134344.0,24.0,0.00468945,0.346438,11941.7
002982.SZ,20260424,135000,14.3,1930500.0,14.36,0.103773,1.06772,13009.1
002983.SZ,20260424,4100,23.76,97416.0,23.8,0.00319919,0.116897,12815.8
002984.SZ,20260424,17300,17.29,299117.0,17.34,0.00242328,0.216496,71390.7
002985.SZ,20260424,106500,39.73,4231245.0,40.22,0.0321811,0.767237,33093.9
002986.SZ,20260424,42000,14.53,610260.0,14.65,0.0139148,0.393186,30183.7
002987.SZ,20260424,14000,16.27,227780.0,16.35,0.00165979,0.179279,84347.8
002988.SZ,20260424,36700,34.38,1261746.0,33.99,0.0146934,0.706732,24977.2
002989.SZ,20260424,3900,25.0,97500.0,25.11,0.00212723,0.0928162,18333.7
002990.SZ,20260424,116100,49.16,5707476.0,49.19,0.0841191,0.427971,13801.9
002991.SZ,20260424,5800,50.94,295452.0,51.05,0.0116154,0.321434,4993.37
002992.SZ,20260424,1200,53.4,64080.0,53.75,0.000759304,0.0303862,15804.0
002993.SZ,20260424,28900,47.9,1384310.0,48.04,0.0121201,0.30588,23844.7
002995.SZ,20260424,58100,22.02,1279362.0,22.37,0.0516825,0.515759,11241.7
002996.SZ,20260424,25300,7.19,181907.0,7.21,0.00607722,0.337504,41630.8
002997.SZ,20260424,145900,29.95,4369705.0,30.88,0.0697014,4.54026,20932.1
002998.SZ,20260424,26200,9.3,243660.0,9.3,0.00968612,0.254981,27049.0
002999.SZ,20260424,32400,6.93,224532.0,6.96,0.00942642,0.408838,34371.5
003000.SZ,20260424,194200,11.09,2153678.0,11.17,0.0630396,3.26519,30806.0
003001.SZ,20260424,21600,16.34,352944.0,16.31,0.0200918,0.805529,10750.7
003002.SZ,20260424,5500,28.8,158400.0,28.81,0.00300797,0.174733,18284.7
003003.SZ,20260424,13000,12.85,167050.0,12.91,0.011036,0.425101,11779.6
003004.SZ,20260424,0,,0.0,31.89,0.0,0.0,6874.14
003005.SZ,20260424,8800,17.99,158312.0,18.0,0.00693032,0.28121,12697.8
003006.SZ,20260424,35600,19.08,679248.0,19.22,0.00830664,0.315981,42857.3
003007.SZ,20260424,31300,42.38,1326494.0,42.38,0.0435402,0.614555,7188.76
003008.SZ,20260424,19900,21.5,427850.0,21.64,0.0256037,0.558786,7772.32
003009.SZ,20260424,7700,58.95,453915.0,59.2,0.00467553,0.14508,16468.7
003010.SZ,20260424,8800,30.8,271040.0,31.01,0.00389136,0.146134,22614.2
003011.SZ,20260424,5400,23.19,125226.0,23.19,0.00691521,0.269143,7808.88
003012.SZ,20260424,74000,6.23,461020.0,6.24,0.00646565,0.977455,114451.0
003013.SZ,20260424,27300,13.49,368277.0,13.42,0.0068259,1.53888,39994.7
003015.SZ,20260424,29600,15.68,464128.0,15.68,0.011968,0.377749,24732.5
003016.SZ,20260424,3400,8.03,27302.0,8.04,0.000827487,0.0950194,41088.3
003017.SZ,20260424,7500,30.83,231225.0,31.04,0.0108244,0.527845,6928.8
003018.SZ,20260424,599800,51.27,30751746.0,54.77,0.252667,3.22313,23738.8
003019.SZ,20260424,15400,35.86,552244.0,36.05,0.00900809,0.190019,17095.7
003020.SZ,20260424,3400,24.1,81940.0,23.55,0.0024687,0.209107,13772.5
003021.SZ,20260424,12600,97.55,1229130.0,97.54,0.00607802,0.370255,20730.4
003022.SZ,20260424,1343900,24.92,33489988.0,24.77,0.10071,6.48268,133443.0
003023.SZ,20260424,29400,31.0,911400.0,31.06,0.027968,0.295663,10512.0
003025.SZ,20260424,6800,13.7,93160.0,13.67,0.00300332,0.174078,22641.6
003026.SZ,20260424,9600,37.88,363648.0,38.06,0.0100318,0.153577,9569.53
003027.SZ,20260424,238200,23.84,5678688.0,24.15,0.227158,1.51679,10486.1
003028.SZ,20260424,1500,28.12,42180.0,28.22,0.00212651,0.104163,7053.82
003029.SZ,20260424,9800,20.72,203056.0,20.76,0.00556505,0.323329,17609.9
003030.SZ,20260424,2000,20.32,40640.0,20.3,0.00251934,0.133409,7938.58
003031.SZ,20260424,186100,125.85,23420685.0,124.78,0.0547101,1.20618,34015.7
003032.SZ,20260424,22400,6.34,142016.0,6.35,0.00810948,0.773833,27622.0
003033.SZ,20260424,2100,56.39,118419.0,56.11,0.00260082,0.129492,8074.36
003035.SZ,20260424,1007100,9.0,9063900.0,9.18,0.0265874,0.732485,378788.0
003036.SZ,20260424,165500,30.46,5041130.0,30.54,0.0765217,1.1915,21627.8
003037.SZ,20260424,5400,7.05,38070.0,7.05,0.00090139,0.190724,59907.5
003038.SZ,20260424,9300,14.3,132990.0,14.41,0.0056976,0.0829167,16322.7
003039.SZ,20260424,57600,15.19,874944.0,15.28,0.00932765,0.586292,61751.9
003040.SZ,20260424,9600,15.5,148800.0,15.5,0.00210134,0.166944,45685.0
003042.SZ,20260424,12900,16.42,211818.0,16.42,0.0101283,0.312208,12736.6
003043.SZ,20260424,4800,55.81,267888.0,56.48,0.0057261,0.16902,8382.67
003816.SZ,20260424,659700,4.65,3067605.0,4.66,0.00167713,0.475856,3933510.0
300001.SZ,20260424,69800,30.88,2155424.0,31.08,0.00674461,0.229502,103490.0
300002.SZ,20260424,129400,9.4,1216360.0,9.44,0.00700576,0.409611,184705.0
300003.SZ,20260424,336500,14.8,4980200.0,14.84,0.0213121,1.05465,157891.0
300004.SZ,20260424,23000,13.63,313490.0,13.69,0.00479173,0.132412,47999.4
300005.SZ,20260424,79400,15.0,1191000.0,14.95,0.00905789,0.292261,87658.4
300006.SZ,20260424,55000,6.18,339900.0,6.21,0.00520922,0.103763,105582.0
300007.SZ,20260424,21800,42.99,937182.0,43.04,0.00770464,0.217569,28294.6
300008.SZ,20260424,601900,8.05,4845295.0,8.13,0.0365388,0.561423,164729.0
300009.SZ,20260424,759080,9.2,6983536.0,9.67,0.0617014,4.67981,123025.0
300010.SZ,20260424,286300,5.78,1654814.0,5.83,0.0172124,0.876529,166333.0
300011.SZ,20260424,45200,7.31,330412.0,7.38,0.00891069,0.720982,50725.6
300012.SZ,20260424,398700,16.88,6730056.0,17.15,0.0278569,0.713815,143124.0
300013.SZ,20260424,11200,3.7,41440.0,3.71,0.00251143,0.110973,44596.2
300014.SZ,20260424,202400,71.9,14552560.0,71.87,0.00967715,0.262843,209153.0
300015.SZ,20260424,1286600,10.25,13187650.0,10.41,0.0161727,1.36146,795536.0
300016.SZ,20260424,24300,9.51,231093.0,9.53,0.00432258,0.105652,56216.4
300017.SZ,20260424,997200,18.53,18478116.0,18.9,0.0432586,0.401882,230520.0
300018.SZ,20260424,159200,15.17,2415064.0,15.3,0.0441401,0.430884,36067.0
300019.SZ,20260424,5000,18.51,92550.0,18.61,0.00135645,0.0477658,36861.0
300020.SZ,20260424,243600,3.6,876960.0,3.57,0.0317774,1.68277,76658.4
300021.SZ,20260424,35600,4.31,153436.0,4.32,0.00407608,0.320535,87338.9
300022.SZ,20260424,167500,9.54,1597950.0,9.64,0.0338914,0.755189,49422.6
300024.SZ,20260424,318700,14.52,4627524.0,14.78,0.0206958,1.76198,153993.0
300025.SZ,20260424,272400,5.23,1424652.0,5.17,0.0537646,2.37614,50665.4
300026.SZ,20260424,97100,3.36,326256.0,3.37,0.00323524,0.220854,300133.0
300027.SZ,20260424,17146000,1.95,33434700.0,1.97,0.689986,5.50965,248498.0
300029.SZ,20260424,31500,3.52,110880.0,3.52,0.0157217,0.452328,20036.0
300030.SZ,20260424,232900,8.09,1884161.0,8.13,0.0855534,1.45761,27222.8
300031.SZ,20260424,11000,21.0,231000.0,21.07,0.00312587,0.187773,35190.2
300032.SZ,20260424,104500,5.55,579975.0,5.59,0.013011,0.30268,80317.0
300033.SZ,20260424,73180,234.31,17146805.8,236.01,0.0166921,0.495252,43841.1
300034.SZ,20260424,226700,20.01,4536267.0,20.01,0.0295545,1.14299,76705.7
300035.SZ,20260424,106800,23.7,2531160.0,23.96,0.0183081,0.202328,58334.8
300036.SZ,20260424,10000,15.89,158900.0,16.03,0.00228062,0.0987282,43847.8
300037.SZ,20260424,113500,62.01,7038135.0,62.31,0.0210683,0.499607,53872.4
300039.SZ,20260424,49100,5.77,283307.0,5.8,0.00535485,0.454588,91692.6
300040.SZ,20260424,610400,7.25,4425400.0,7.36,0.11798,1.00035,51737.6
300041.SZ,20260424,22600,11.22,253572.0,11.24,0.00415375,0.185985,54408.7
300042.SZ,20260424,88700,46.28,4105036.0,46.57,0.0442656,0.467991,20038.2
300043.SZ,20260424,541400,5.84,3161776.0,5.94,0.0435372,1.18552,124353.0
300044.SZ,20260424,293650,6.73,1976264.5,6.71,0.0410482,0.645164,71537.8
300045.SZ,20260424,36300,22.8,827640.0,22.91,0.00703062,0.147561,51631.3
300046.SZ,20260424,12900,31.53,406737.0,31.79,0.00545382,0.229749,23653.1
300047.SZ,20260424,26500,12.05,319325.0,12.13,0.00461744,0.211666,57391.1
300048.SZ,20260424,158100,6.43,1016583.0,6.51,0.014041,0.342646,112598.0
300049.SZ,20260424,43000,59.26,2548180.0,58.8,0.0184044,0.652946,23364.0
300050.SZ,20260424,340800,7.02,2392416.0,7.07,0.0625879,0.753802,54451.5
300051.SZ,20260424,111400,18.07,2012998.0,17.9,0.0302984,0.265796,36767.6
300052.SZ,20260424,86400,12.63,1091232.0,12.7,0.0329958,0.277074,26185.1
300053.SZ,20260424,110000,18.35,2018500.0,18.45,0.0169018,0.324631,65081.9
300054.SZ,20260424,251600,55.2,13888320.0,55.95,0.0340852,0.740836,73815.1
300055.SZ,20260424,130800,11.9,1556520.0,12.09,0.022097,0.40938,59193.6
300056.SZ,20260424,169200,9.11,1541412.0,9.3,0.0439309,0.912295,38515.0
300057.SZ,20260424,1959700,7.46,14619362.0,7.18,0.25665,2.28796,76356.9
300058.SZ,20260424,10888813,18.08,196869739.04,19.0,0.313083,1.60016,347793.0
300059.SZ,20260424,503300,19.85,9990505.0,19.89,0.0037735,0.224241,1333780.0
300061.SZ,20260424,1749100,9.97,17438527.0,9.8,0.281129,12.6828,62217.0
300062.SZ,20260424,50100,7.55,378255.0,7.6,0.0109282,0.281344,45844.8
300063.SZ,20260424,578700,11.8,6828660.0,12.14,0.0923623,0.770741,62655.4
300065.SZ,20260424,320500,25.6,8204800.0,25.7,0.0488078,0.347015,65665.7
300066.SZ,20260424,35700,6.28,224196.0,6.31,0.0035768,0.180316,99809.9
300067.SZ,20260424,38999531,7.35,286646552.85,7.27,4.16002,198.796,93748.4
300068.SZ,20260424,55300,12.1,669130.0,12.13,0.00648164,0.168295,85318.0
300069.SZ,20260424,84000,24.69,2073960.0,24.81,0.0717949,0.742302,11700.0
300070.SZ,20260424,52000,4.03,209560.0,4.04,0.00151393,0.151802,343477.0
300071.SZ,20260424,179400,4.75,852150.0,4.8,0.0189771,0.454346,94535.1
300072.SZ,20260424,199000,4.67,929330.0,4.66,0.00853579,0.506752,233136.0
300073.SZ,20260424,51500,58.26,3000390.0,58.57,0.0101784,0.254548,50597.1
300074.SZ,20260424,41100,3.89,159879.0,3.91,0.0075125,0.304582,54708.8
300075.SZ,20260424,100100,12.86,1287286.0,12.67,0.0194204,1.29721,51543.8
300076.SZ,20260424,164600,4.65,765390.0,4.61,0.0388208,0.411303,42400.0
300077.SZ,20260424,787700,23.72,18684244.0,23.71,0.139089,1.58649,56632.8
300078.SZ,20260424,19900,3.81,75819.0,3.81,0.00178737,0.0887994,111337.0
300079.SZ,20260424,119800,5.47,655306.0,5.54,0.00934857,0.382534,128148.0
300080.SZ,20260424,98700,4.45,439215.0,4.47,0.00527573,0.29257,187083.0
300081.SZ,20260424,122300,4.15,507545.0,4.11,0.0202248,0.252244,60470.4
300082.SZ,20260424,190600,12.18,2321508.0,12.23,0.0280988,0.511394,67832.1
300083.SZ,20260424,758200,8.12,6156584.0,8.4,0.0507995,0.751857,149254.0
300084.SZ,20260424,57800,11.45,661810.0,11.46,0.0167003,0.362982,34610.2
300085.SZ,20260424,48700,36.59,1781933.0,36.59,0.00746918,0.220088,65201.3
300086.SZ,20260424,60400,7.05,425820.0,7.09,0.013706,0.299949,44068.3
300087.SZ,20260424,10000,7.92,79200.0,7.94,0.00110828,0.0955555,90229.6
300088.SZ,20260424,1202700,7.04,8467008.0,7.13,0.0483886,0.399427,248550.0
300091.SZ,20260424,151500,3.36,509040.0,3.36,0.00926367,0.473611,163542.0
300092.SZ,20260424,12300,15.64,192372.0,15.71,0.00586088,0.196407,20986.6
300093.SZ,20260424,9900,22.72,224928.0,22.68,0.00428613,0.12105,23097.8
300094.SZ,20260424,24100,3.04,73264.0,3.04,0.00217997,0.0707747,110552.0
300095.SZ,20260424,15400,9.47,145838.0,9.49,0.0045678,0.235292,33714.3
300096.SZ,20260424,400,9.4,3760.0,9.3,9.30233e-05,0.00507456,43000.0
300097.SZ,20260424,246400,10.15,2500960.0,10.14,0.0912564,0.916025,27000.8
300098.SZ,20260424,161200,5.17,833404.0,5.19,0.0104557,0.422899,154174.0
300099.SZ,20260424,75100,9.11,684161.0,9.15,0.0129189,0.173418,58131.8
300100.SZ,20260424,15300,29.91,457623.0,29.98,0.00277598,0.145582,55115.6
300101.SZ,20260424,126400,22.41,2832624.0,22.77,0.0223304,0.422567,56604.3
300102.SZ,20260424,307800,33.46,10298988.0,33.96,0.0336035,0.354078,91597.7
300103.SZ,20260424,42900,7.81,335049.0,7.94,0.0135187,0.358091,31733.7
300105.SZ,20260424,73000,6.53,476690.0,6.57,0.0141618,0.960071,51547.3
300106.SZ,20260424,418500,10.61,4440285.0,10.63,0.198029,3.99321,21133.2
300107.SZ,20260424,733200,7.28,5337696.0,7.49,0.211064,4.40651,34738.3
300109.SZ,20260424,384300,18.71,7190253.0,19.2,0.085924,3.4567,44725.6
300110.SZ,20260424,158700,3.05,484035.0,3.05,0.0134395,0.46927,118085.0
300111.SZ,20260424,102300,3.76,384648.0,3.76,0.00794742,0.293092,128721.0
300112.SZ,20260424,16100,7.81,125741.0,7.83,0.00677592,0.23142,23760.6
300113.SZ,20260424,139818,28.55,3991803.9,28.81,0.0274681,0.239522,50902.0
300115.SZ,20260424,156100,32.98,5148178.0,32.82,0.0115006,0.316232,135732.0
300118.SZ,20260424,67300,16.28,1095644.0,16.35,0.00726134,0.126982,92682.6
300119.SZ,20260424,3900,18.15,70785.0,18.13,0.00116898,0.106607,33362.3
300120.SZ,20260424,8800,7.13,62744.0,7.15,0.00166841,0.0956858,52744.7
300121.SZ,20260424,28300,12.41,351203.0,12.51,0.00659121,0.252659,42936.0
300122.SZ,20260424,53500,14.86,795010.0,14.92,0.00378277,0.412301,141431.0
300123.SZ,20260424,945300,4.0,3781200.0,4.02,0.0950987,1.1806,99402.0
300124.SZ,20260424,160100,65.02,10409702.0,65.34,0.00667482,0.500507,239857.0
300125.SZ,20260424,4300,9.46,40678.0,9.47,0.00119176,0.0481781,36081.0
300126.SZ,20260424,9700,7.43,72071.0,7.45,0.00460479,0.225447,21065.0
300127.SZ,20260424,9700,29.7,288090.0,29.6,0.00420248,0.16046,23081.6
300128.SZ,20260424,41700,6.11,254787.0,6.13,0.00321334,0.142779,129772.0
300129.SZ,20260424,373000,11.38,4244740.0,11.39,0.0518985,0.687427,71871.0
300130.SZ,20260424,24300,23.03,559629.0,23.11,0.005597,0.251285,43416.1
300131.SZ,20260424,1861900,16.93,31521967.0,17.35,0.178639,1.10944,104227.0
300132.SZ,20260424,20300,8.88,180264.0,8.9,0.00399542,0.0994302,50808.1
300133.SZ,20260424,2636384,8.45,22277444.8,8.5,0.157265,1.82436,167640.0
300134.SZ,20260424,19100,11.07,211437.0,11.13,0.00268101,0.0970994,71241.8
300135.SZ,20260424,76800,3.71,284928.0,3.73,0.00833333,0.529106,92160.0
300136.SZ,20260424,1512500,83.0,125537500.0,83.41,0.183845,1.20477,82270.3
300137.SZ,20260424,546800,16.94,9262792.0,16.61,0.103163,1.24148,53003.4
300138.SZ,20260424,65600,11.64,763584.0,11.74,0.0164694,1.00322,39831.3
300139.SZ,20260424,134000,54.02,7238680.0,54.47,0.0573485,0.565766,23365.9
300140.SZ,20260424,245800,6.66,1637028.0,6.69,0.0240952,0.926287,102012.0
300141.SZ,20260424,1600,13.08,20928.0,13.09,0.000628094,0.022366,25473.9
300142.SZ,20260424,46100,11.9,548590.0,11.94,0.00295418,0.133607,156050.0
300143.SZ,20260424,17300,11.44,197912.0,11.44,0.00269782,0.151013,64125.8
300144.SZ,20260424,305000,7.67,2339350.0,7.71,0.0129302,1.16376,235882.0
300145.SZ,20260424,260600,4.91,1279546.0,4.92,0.0136381,0.289981,191083.0
300146.SZ,20260424,26400,10.7,282480.0,10.72,0.0023557,0.211722,112068.0
300147.SZ,20260424,118100,10.18,1202258.0,10.08,0.0179648,0.566327,65739.8
300148.SZ,20260424,147100,4.16,611936.0,4.2,0.0180687,0.437571,81411.5
300149.SZ,20260424,36400,10.61,386204.0,10.66,0.00767038,0.150863,47455.3
300150.SZ,20260424,450200,5.05,2273510.0,5.43,0.0978221,5.65621,46022.3
300151.SZ,20260424,50400,17.95,904680.0,17.91,0.0136713,0.231991,36865.6
300152.SZ,20260424,123500,1.97,243295.0,1.99,0.0173305,0.629514,71261.8
300153.SZ,20260424,125100,27.11,3391461.0,27.75,0.0392988,0.697963,31833.0
300154.SZ,20260424,5300,8.07,42771.0,8.08,0.00168172,0.111547,31515.4
300155.SZ,20260424,23700,4.52,107124.0,4.54,0.00716604,0.281271,33072.7
300157.SZ,20260424,739900,6.17,4565183.0,6.17,0.104532,2.26753,70782.5
300158.SZ,20260424,14700,5.88,86436.0,5.91,0.00148261,0.0576805,99149.3
300159.SZ,20260424,94800,3.32,314736.0,3.31,0.00517513,0.277261,183184.0
300160.SZ,20260424,37500,5.12,192000.0,5.16,0.00492023,0.361127,76216.0
300161.SZ,20260424,6600,28.64,189024.0,28.79,0.0033847,0.223485,19499.5
300162.SZ,20260424,228200,9.21,2101722.0,9.29,0.0666936,0.687252,34216.2
300163.SZ,20260424,49700,4.79,238063.0,4.82,0.0109522,0.161034,45379.0
300164.SZ,20260424,2039600,13.48,27493808.0,13.9,0.349719,2.17808,58321.1
300165.SZ,20260424,223000,6.26,1395980.0,6.27,0.0530277,0.666522,42053.5
300166.SZ,20260424,1602000,16.34,26176680.0,16.23,0.176865,0.999017,90577.8
300167.SZ,20260424,19100,6.1,116510.0,6.19,0.00532192,0.256298,35889.3
300168.SZ,20260424,46000,5.37,247020.0,5.39,0.00319626,0.380392,143918.0
300169.SZ,20260424,46800,5.71,267228.0,5.77,0.0155103,0.7321,30173.6
300170.SZ,20260424,297400,20.88,6209712.0,21.19,0.0304454,0.544866,97683.0
300171.SZ,20260424,17400,14.14,246036.0,14.14,0.00309247,0.274526,56265.7
300172.SZ,20260424,16600,5.31,88146.0,5.33,0.00317439,0.0882867,52293.6
300173.SZ,20260424,41400,4.21,174294.0,4.23,0.00563476,0.384423,73472.6
300174.SZ,20260424,17200,17.41,299452.0,17.32,0.00474883,0.105262,36219.5
300175.SZ,20260424,20200,6.41,129482.0,6.38,0.00429057,0.446778,47080.0
300176.SZ,20260424,3700,7.07,26159.0,7.08,0.000955379,0.0346113,38728.1
300177.SZ,20260424,19400,7.95,154230.0,7.96,0.00319972,0.178189,60630.3
300179.SZ,20260424,327000,27.9,9123300.0,27.95,0.0874374,0.601261,37398.2
300180.SZ,20260424,127000,5.42,688340.0,5.44,0.00741533,0.413241,171267.0
300181.SZ,20260424,40000,16.41,656400.0,16.56,0.00663448,0.360818,60291.1
300182.SZ,20260424,491600,5.75,2826700.0,5.82,0.0217628,0.399839,225890.0
300183.SZ,20260424,260400,14.36,3739344.0,15.18,0.0701832,3.95642,37102.9
300184.SZ,20260424,566100,12.99,7353639.0,13.07,0.0537095,0.312101,105400.0
300185.SZ,20260424,409700,3.17,1298749.0,3.2,0.0106525,0.235492,384603.0
300187.SZ,20260424,9300,5.0,46500.0,5.03,0.00144888,0.0832939,64187.7
300188.SZ,20260424,20500,12.74,261170.0,12.77,0.00239624,0.115501,85550.9
300189.SZ,20260424,196800,6.48,1275264.0,6.57,0.0222062,0.347891,88624.0
300190.SZ,20260424,135300,4.03,545259.0,4.04,0.014329,0.553966,94424.2
300191.SZ,20260424,354100,42.38,15006758.0,43.15,0.160085,2.1904,22119.5
300192.SZ,20260424,30600,19.34,591804.0,19.6,0.00942589,0.267095,32463.8
300193.SZ,20260424,0,,0.0,8.54,0.0,0.0,41937.6
300194.SZ,20260424,99400,4.07,404558.0,4.1,0.0102649,1.038,96834.4
300195.SZ,20260424,11300,7.45,84185.0,7.44,0.00359973,0.175667,31391.2
300196.SZ,20260424,493900,18.71,9240869.0,19.86,0.200019,1.66226,24692.6
300197.SZ,20260424,69500,1.63,113285.0,1.64,0.00234384,0.191318,296522.0
300198.SZ,20260424,110100,2.47,271947.0,2.47,0.0107287,0.970131,102622.0
300199.SZ,20260424,144600,21.83,3156618.0,22.05,0.0193912,0.274046,74569.8
300200.SZ,20260424,599000,10.12,6061880.0,10.22,0.1413,3.03082,42392.1
300201.SZ,20260424,160900,11.56,1860004.0,11.61,0.0160314,0.3959,100365.0
300203.SZ,20260424,289200,14.51,4196292.0,14.08,0.064503,2.68101,44835.1
300204.SZ,20260424,179900,28.41,5110959.0,28.86,0.0396549,0.474724,45366.4
300205.SZ,20260424,518900,6.25,3243125.0,6.31,0.120659,4.06158,43005.6
300206.SZ,20260424,290600,15.79,4588574.0,15.38,0.0858799,3.24577,33838.0
300207.SZ,20260424,4122659,26.6,109662729.4,29.13,0.240551,4.30626,171384.0
300209.SZ,20260424,924000,12.95,11965800.0,13.18,0.12579,0.918626,73456.0
300210.SZ,20260424,25700,9.09,233613.0,9.11,0.00530751,0.237506,48422.0
300211.SZ,20260424,332700,8.63,2871201.0,8.77,0.111988,8.65688,29708.6
300212.SZ,20260424,64700,7.82,505954.0,7.9,0.00926255,0.193707,69851.2
300213.SZ,20260424,3000,7.63,22890.0,7.67,0.00054326,0.0342595,55222.2
300214.SZ,20260424,41300,7.8,322140.0,7.82,0.00888358,0.291213,46490.3
300215.SZ,20260424,69500,8.11,563645.0,8.08,0.0139036,0.281204,49987.0
300217.SZ,20260424,132800,5.21,691888.0,5.22,0.0108236,0.243586,122695.0
300218.SZ,20260424,1400,14.24,19936.0,14.27,0.00064732,0.0251397,21627.6
300219.SZ,20260424,35400,7.56,267624.0,7.6,0.00500956,0.186856,70664.9
300220.SZ,20260424,35600,13.88,494128.0,13.86,0.0235731,1.51833,15101.9
300221.SZ,20260424,53700,11.18,600366.0,11.17,0.0117463,0.220661,45716.4
300222.SZ,20260424,54400,11.05,601120.0,10.96,0.0085831,0.421785,63380.4
300223.SZ,20260424,302900,120.5,36499450.0,119.34,0.0720212,1.23646,42057.1
300224.SZ,20260424,237900,13.31,3166449.0,13.42,0.0256559,0.71728,92727.4
300225.SZ,20260424,105400,6.55,690370.0,6.5,0.0221868,0.356611,47505.7
300226.SZ,20260424,30100,23.8,716380.0,23.83,0.00982518,0.318779,30635.6
300227.SZ,20260424,33200,11.56,383792.0,11.68,0.00766624,0.163762,43306.8
300228.SZ,20260424,199900,8.94,1787106.0,9.05,0.0357664,0.643143,55890.4
300229.SZ,20260424,92300,18.09,1669707.0,18.17,0.0105724,0.372399,87303.0
300230.SZ,20260424,11600,4.69,54404.0,4.72,0.00184179,0.116103,62982.2
300231.SZ,20260424,120100,11.29,1355929.0,11.44,0.027033,0.536662,44427.2
300232.SZ,20260424,90100,6.28,565828.0,6.3,0.0101734,0.228182,88564.2
300233.SZ,20260424,55700,16.05,893985.0,16.06,0.0150616,0.472487,36981.5
300234.SZ,20260424,41900,6.45,270255.0,6.47,0.0121807,0.182805,34398.7
300235.SZ,20260424,64100,14.16,907656.0,14.16,0.0315557,0.649544,20313.3
300236.SZ,20260424,64300,86.29,5548447.0,85.4,0.0230838,0.572628,27855.0
300237.SZ,20260424,801600,2.39,1915824.0,2.34,0.0555933,4.45633,144190.0
300238.SZ,20260424,8900,14.54,129406.0,14.55,0.00335679,0.16518,26513.4
300239.SZ,20260424,40600,5.32,215992.0,5.35,0.00688414,0.473028,58976.2
300240.SZ,20260424,49900,6.44,321356.0,6.46,0.0137332,0.516198,36335.3
300241.SZ,20260424,587000,6.62,3885940.0,6.72,0.100106,1.24108,58638.0
300242.SZ,20260424,30900,4.64,143376.0,4.68,0.00486956,0.161133,63455.5
300243.SZ,20260424,319500,17.32,5533740.0,17.58,0.163806,0.970615,19504.8
300244.SZ,20260424,42200,19.28,813616.0,19.37,0.00841544,0.187113,50145.9
300245.SZ,20260424,81900,12.27,1004913.0,12.44,0.0269073,0.388207,30437.9
300246.SZ,20260424,49800,16.91,842118.0,16.92,0.0235654,0.293168,21132.7
300247.SZ,20260424,87300,4.34,378882.0,4.33,0.0108715,0.612974,80302.0
300248.SZ,20260424,99300,10.0,993000.0,10.2,0.024272,1.59775,40911.3
300249.SZ,20260424,46100,17.9,825190.0,17.99,0.0123226,0.12401,37411.0
300250.SZ,20260424,40500,21.87,885735.0,21.87,0.0257266,0.482191,15742.4
300251.SZ,20260424,402200,15.3,6153660.0,15.35,0.0144918,0.359103,277537.0
300252.SZ,20260424,81400,14.94,1216116.0,15.02,0.0145675,0.193784,55877.9
300253.SZ,20260424,639400,8.69,5556386.0,8.72,0.0353162,0.957741,181050.0
300254.SZ,20260424,8600,11.82,101652.0,11.88,0.00380646,0.0703333,22593.2
300255.SZ,20260424,44600,39.68,1769728.0,40.1,0.00486,0.25283,91769.6
300256.SZ,20260424,42900,3.33,142857.0,3.38,0.00191228,0.195222,224339.0
300257.SZ,20260424,25400,28.7,728980.0,28.88,0.00266055,0.179453,95469.0
300258.SZ,20260424,20500,11.45,234725.0,11.48,0.00359717,0.087592,56989.2
300259.SZ,20260424,71100,4.48,318528.0,4.5,0.00607935,0.312675,116953.0
300260.SZ,20260424,45800,48.77,2233666.0,49.25,0.0159228,0.328062,28763.7
300261.SZ,20260424,11800,6.0,70800.0,6.01,0.00126045,0.0952193,93617.3
300263.SZ,20260424,194500,10.46,2034470.0,10.46,0.0199379,0.385987,97552.8
300264.SZ,20260424,20400,8.3,169320.0,8.37,0.00550713,0.117824,37042.9
300265.SZ,20260424,444900,19.17,8528733.0,19.15,0.0952065,0.547256,46730.0
300266.SZ,20260424,159700,2.39,381683.0,2.39,0.0102841,1.17588,155288.0
300267.SZ,20260424,4866700,4.0,19466800.0,4.27,0.342154,4.69507,142237.0
300268.SZ,20260424,0,,0.0,13.53,0.0,0.0,13370.8
300269.SZ,20260424,129200,6.74,870808.0,6.84,0.0245778,0.454272,52567.8
300270.SZ,20260424,64500,12.53,808185.0,12.72,0.0247192,0.281012,26093.0
300271.SZ,20260424,24100,6.46,155686.0,6.48,0.00302292,0.27647,79724.2
300272.SZ,20260424,437300,8.58,3752034.0,8.65,0.0941499,1.40392,46447.2
300274.SZ,20260424,177000,133.96,23710920.0,134.5,0.011132,0.289605,159001.0
300275.SZ,20260424,5100,10.95,55845.0,10.95,0.00187872,0.12256,27146.1
300276.SZ,20260424,43600,7.28,317408.0,7.33,0.0041244,0.114701,105712.0
300277.SZ,20260424,431900,19.98,8629362.0,20.05,0.0564166,1.12105,76555.4
300278.SZ,20260424,58500,4.62,270270.0,4.65,0.00415057,0.20969,140945.0
300279.SZ,20260424,112600,8.25,928950.0,8.32,0.0231238,0.571016,48694.4
300281.SZ,20260424,46400,6.79,315056.0,6.82,0.0116781,0.968756,39732.6
300283.SZ,20260424,2218800,10.43,23142084.0,9.79,0.604218,6.49812,36721.9
300284.SZ,20260424,14500,6.66,96570.0,6.69,0.00121101,0.166033,119735.0
300285.SZ,20260424,230900,35.95,8300855.0,36.0,0.027048,0.547017,85366.9
300286.SZ,20260424,21400,24.08,515312.0,24.02,0.0102996,0.293507,20777.5
300287.SZ,20260424,384100,4.38,1682358.0,4.45,0.0291377,1.08741,131822.0
300288.SZ,20260424,9700,12.45,120765.0,12.54,0.00378065,0.237928,25656.9
300289.SZ,20260424,42300,6.68,282564.0,6.67,0.00778781,0.618188,54315.6
300290.SZ,20260424,53100,14.67,778977.0,14.83,0.00830281,0.167074,63954.2
300291.SZ,20260424,18000,6.5,117000.0,6.55,0.00193391,0.0958924,93075.9
300292.SZ,20260424,2471900,5.46,13496574.0,5.45,0.221507,2.48769,111594.0
300293.SZ,20260424,2700,18.07,48789.0,18.07,0.000797783,0.0441011,33843.8
300294.SZ,20260424,10300,18.5,190550.0,18.56,0.00204264,0.309323,50424.9
300296.SZ,20260424,4941900,7.05,34840395.0,7.6,0.217272,3.95441,227453.0
300298.SZ,20260424,14100,16.12,227292.0,16.2,0.00312699,0.368063,45091.3
300299.SZ,20260424,60000,5.87,352200.0,5.9,0.00870545,0.396257,68922.3
300300.SZ,20260424,260100,12.38,3220038.0,12.33,0.0390069,0.411441,66680.5
300301.SZ,20260424,426500,3.8,1620700.0,3.85,0.0540011,1.64333,78979.9
300302.SZ,20260424,81995,23.37,1916223.15,23.5,0.0222321,0.296784,36881.4
300303.SZ,20260424,1065000,10.1,10756500.0,10.27,0.0801567,0.591986,132865.0
300304.SZ,20260424,8300,12.32,102256.0,12.38,0.000971311,0.0453471,85451.6
300305.SZ,20260424,56700,6.14,348138.0,6.17,0.0176374,0.732032,32147.6
300306.SZ,20260424,1500,12.08,18120.0,12.09,0.000951762,0.0606129,15760.2
300307.SZ,20260424,28500,6.31,179835.0,6.37,0.00362181,0.463541,78689.9
300308.SZ,20260424,312514,900.25,281340728.5,897.0,0.0281975,1.02357,110831.0
300310.SZ,20260424,157900,5.86,925294.0,5.9,0.0228386,0.385403,69137.3
300311.SZ,20260424,71600,5.32,380912.0,5.33,0.0133232,0.902444,53740.9
300313.SZ,20260424,1500,8.44,12660.0,8.33,0.00076006,0.072692,19735.3
300314.SZ,20260424,39000,11.36,443040.0,11.4,0.027132,0.831688,14374.1
300315.SZ,20260424,119400,4.75,567150.0,4.78,0.00462248,0.232773,258303.0
300316.SZ,20260424,208300,43.37,9033971.0,43.59,0.0169136,0.638068,123156.0
300317.SZ,20260424,390800,4.84,1891472.0,4.89,0.0471461,0.592557,82891.3
300318.SZ,20260424,42500,5.47,232475.0,5.51,0.00532222,0.599211,79853.9
300319.SZ,20260424,194300,12.14,2358802.0,12.05,0.0230547,0.601183,84277.8
300320.SZ,20260424,100200,9.31,932862.0,9.42,0.0206458,0.843072,48533.0
300321.SZ,20260424,18500,38.49,712065.0,38.49,0.0208578,0.564129,8869.59
300322.SZ,20260424,71300,30.54,2177502.0,31.16,0.0161887,0.138252,44043.1
300323.SZ,20260424,719700,10.52,7571244.0,10.67,0.0605964,0.718017,118769.0
300324.SZ,20260424,336500,4.66,1568090.0,4.74,0.0196785,0.798671,170999.0
300326.SZ,20260424,20900,6.79,141911.0,6.82,0.00291607,0.20154,71671.8
300327.SZ,20260424,98100,27.53,2700693.0,27.25,0.0289505,0.819972,33885.4
300328.SZ,20260424,137100,16.67,2285457.0,16.73,0.0199551,0.414338,68704.2
300329.SZ,20260424,1000,13.82,13820.0,13.85,0.000396604,0.0230295,25214.0
300331.SZ,20260424,270200,53.31,14404362.0,53.31,0.128534,1.71263,21021.6
300332.SZ,20260424,274900,5.53,1520197.0,5.6,0.0331183,0.786877,83005.4
300333.SZ,20260424,13300,8.81,117173.0,8.9,0.00397276,0.211809,33478.0
300334.SZ,20260424,31800,7.17,228006.0,7.13,0.0105288,0.563772,30203.0
300335.SZ,20260424,343700,6.74,2316538.0,6.76,0.0894681,0.921026,38415.9
300337.SZ,20260424,171000,14.01,2395710.0,14.13,0.0240368,0.279893,71141.0
300338.SZ,20260424,577000,3.55,2048350.0,3.56,0.165159,6.98713,34936.1
300339.SZ,20260424,389600,43.0,16752800.0,42.11,0.0500973,1.47197,77768.6
300340.SZ,20260424,20400,10.86,221544.0,10.93,0.00745987,0.285489,27346.3
300341.SZ,20260424,9500,14.95,142025.0,15.02,0.00184334,0.243451,51536.9
300342.SZ,20260424,703331,71.06,49978700.86,72.33,0.16794,0.959978,41879.9
300343.SZ,20260424,43700,6.5,284050.0,6.54,0.00409859,0.2996,106622.0
300345.SZ,20260424,43900,6.33,277887.0,6.36,0.00915829,0.180625,47934.7
300346.SZ,20260424,509000,51.17,26045530.0,52.36,0.0775926,1.06874,65599.0
300347.SZ,20260424,13800,55.8,770040.0,56.11,0.00243724,0.14139,56621.4
300348.SZ,20260424,60800,13.44,817152.0,13.45,0.00861438,0.400333,70579.7
300349.SZ,20260424,23000,13.45,309350.0,13.55,0.00622093,0.194824,36972.0
300350.SZ,20260424,4600,5.1,23460.0,5.1,0.000975474,0.0347421,47156.5
300351.SZ,20260424,45600,20.33,927048.0,20.28,0.0173113,0.161722,26341.1
300352.SZ,20260424,194700,7.27,1415469.0,7.26,0.0152513,0.279464,127661.0
300353.SZ,20260424,14900,19.1,284590.0,19.15,0.00277334,0.116751,53725.9
300354.SZ,20260424,400,35.88,14352.0,36.03,0.00049195,0.0147935,8130.9
300355.SZ,20260424,223400,3.68,822112.0,3.68,0.0163508,0.852713,136629.0
300357.SZ,20260424,462100,26.47,12231787.0,26.0,0.0954625,5.60344,48406.4
300358.SZ,20260424,237200,9.91,2350652.0,9.92,0.0338229,0.869372,70130.0
300359.SZ,20260424,16300,4.83,78729.0,4.88,0.00257381,0.245155,63330.2
300360.SZ,20260424,11700,15.9,186030.0,16.04,0.00233871,0.192906,50027.7
300363.SZ,20260424,207500,21.11,4380325.0,21.37,0.0415951,1.67032,49885.6
300364.SZ,20260424,480600,30.01,14422806.0,30.43,0.0727713,0.723152,66042.5
300365.SZ,20260424,30800,5.58,171864.0,5.62,0.00601886,0.198287,51172.5
300366.SZ,20260424,148000,5.39,797720.0,5.43,0.0278981,1.91547,53050.2
300368.SZ,20260424,34900,10.08,351792.0,10.16,0.00659806,0.240118,52894.3
300369.SZ,20260424,52400,8.07,422868.0,8.1,0.00648753,0.240811,80770.3
300370.SZ,20260424,182500,2.46,448950.0,2.46,0.0116877,1.1321,156147.0
300371.SZ,20260424,9200,12.41,114172.0,12.45,0.00684471,0.466358,13441.0
300373.SZ,20260424,70300,82.6,5806780.0,82.16,0.0129672,0.512447,54213.8
300374.SZ,20260424,1700,13.84,23528.0,13.78,0.000691384,0.064227,24588.3
300375.SZ,20260424,98600,4.77,470322.0,4.77,0.0186655,0.890194,52824.8
300376.SZ,20260424,39400,6.16,242704.0,6.2,0.00169285,0.152137,232743.0
300377.SZ,20260424,34500,17.04,587880.0,17.11,0.00499333,0.118211,69092.2
300378.SZ,20260424,75200,40.83,3070416.0,41.36,0.0279025,0.632821,26951.0
300380.SZ,20260424,400,33.54,13416.0,33.79,0.000314057,0.0182702,12736.6
300381.SZ,20260424,13100,6.1,79910.0,6.11,0.00267707,0.205226,48934.1
300382.SZ,20260424,619200,15.26,9448992.0,15.41,0.0955057,2.06339,64833.8
300383.SZ,20260424,655500,17.34,11366370.0,17.61,0.0365475,0.400115,179355.0
300384.SZ,20260424,144300,14.9,2150070.0,15.2,0.0655216,3.7989,22023.3
300385.SZ,20260424,294900,14.6,4305540.0,15.0,0.101458,1.06416,29066.3
300386.SZ,20260424,43900,12.77,560603.0,12.77,0.0175069,0.644933,25075.8
300387.SZ,20260424,81200,8.76,711312.0,8.86,0.0281011,0.961091,28895.7
300388.SZ,20260424,113600,8.25,937200.0,8.28,0.0166803,1.72382,68104.2
300389.SZ,20260424,25400,19.4,492760.0,19.4,0.0115751,0.299866,21943.7
300390.SZ,20260424,388700,80.3,31212610.0,80.07,0.0578192,0.611875,67226.8
300393.SZ,20260424,40000,10.15,406000.0,10.25,0.00418452,0.0669822,95590.5
300394.SZ,20260424,394085,342.32,134903177.2,350.09,0.0506798,0.791502,77759.7
300395.SZ,20260424,420216,110.19,46303601.04,110.19,0.0821329,1.03133,51163.0
300396.SZ,20260424,1600,10.99,17584.0,11.04,0.000587608,0.0664024,27229.0
300397.SZ,20260424,546100,12.96,7077456.0,11.73,0.134671,5.10581,40550.5
300398.SZ,20260424,347500,31.46,10932350.0,31.7,0.0616298,0.658184,56385.0
300399.SZ,20260424,11400,20.73,236322.0,20.75,0.00576979,0.331259,19758.1
300400.SZ,20260424,124300,26.19,3255417.0,26.11,0.0514031,0.604396,24181.4
300401.SZ,20260424,78900,13.28,1047792.0,13.25,0.0147504,0.478828,53490.1
300402.SZ,20260424,24800,18.51,459048.0,18.64,0.0101799,0.685898,24361.8
300403.SZ,20260424,9000,11.83,106470.0,11.9,0.00210744,0.112659,42705.9
300404.SZ,20260424,87000,10.02,871740.0,10.1,0.0304791,1.02845,28544.2
300405.SZ,20260424,10700,5.83,62381.0,5.86,0.00488979,0.165438,21882.3
300406.SZ,20260424,1100,11.69,12859.0,11.74,0.000259237,0.0407438,42432.2
300407.SZ,20260424,33300,12.95,431235.0,13.07,0.0128611,0.390292,25892.1
300408.SZ,20260424,1182316,72.11,85256806.76,70.1,0.0632321,4.02516,186980.0
300409.SZ,20260424,113400,26.6,3016440.0,26.61,0.0164947,0.333778,68749.3
300410.SZ,20260424,105100,9.53,1001603.0,9.57,0.0286286,0.255002,36711.5
300411.SZ,20260424,4900,10.45,51205.0,10.47,0.00158517,0.0899593,30911.6
300412.SZ,20260424,13800,5.29,73002.0,5.31,0.00294959,0.103216,46786.2
300413.SZ,20260424,81400,20.9,1701260.0,21.0,0.00796711,0.612957,102170.0
300414.SZ,20260424,139000,14.48,2012720.0,14.48,0.0443325,1.37611,31354.0
300415.SZ,20260424,46600,23.9,1113740.0,23.88,0.0102849,0.381285,45309.2
300416.SZ,20260424,76600,17.15,1313690.0,17.2,0.0151697,0.411573,50495.4
300417.SZ,20260424,59400,12.33,732402.0,12.5,0.0678375,2.19238,8756.22
300418.SZ,20260424,249000,52.19,12995310.0,52.36,0.0198487,0.380654,125449.0
300419.SZ,20260424,28500,7.78,221730.0,7.77,0.00774975,0.243057,36775.4
300420.SZ,20260424,46100,3.63,167343.0,3.64,0.00412973,0.244641,111630.0
300421.SZ,20260424,45000,24.0,1080000.0,24.14,0.019536,0.478463,23034.4
300422.SZ,20260424,1482600,5.41,8020866.0,4.63,0.289881,20.8543,51145.2
300423.SZ,20260424,52900,7.76,410504.0,7.72,0.0158687,0.507276,33336.0
300424.SZ,20260424,19300,18.12,349716.0,18.12,0.00786822,0.199083,24529.1
300425.SZ,20260424,84000,4.93,414120.0,4.91,0.0123699,1.30609,67907.0
300426.SZ,20260424,109500,7.41,811395.0,7.54,0.027375,1.78038,40000.0
300427.SZ,20260424,44700,11.62,519414.0,11.65,0.00888659,0.134537,50300.5
300428.SZ,20260424,6600,20.62,136092.0,20.62,0.00110597,0.0854576,59676.1
300429.SZ,20260424,219700,14.18,3115346.0,14.35,0.0548609,1.12641,40046.7
300430.SZ,20260424,43000,17.25,741750.0,17.38,0.0165477,0.82179,25985.4
300432.SZ,20260424,171680,26.75,4592440.0,27.07,0.0101552,0.265049,169056.0
300433.SZ,20260424,161600,26.44,4272704.0,26.6,0.00325171,0.148839,496970.0
300434.SZ,20260424,2541200,11.8,29986160.0,10.37,0.742778,39.4328,34212.1
300435.SZ,20260424,56300,23.24,1308412.0,23.3,0.0152651,0.270179,36881.4
300436.SZ,20260424,53000,117.75,6240750.0,119.4,0.0387648,0.627117,13672.2
300437.SZ,20260424,11700,15.54,181818.0,15.66,0.00673379,0.0987417,17375.1
300438.SZ,20260424,169100,67.12,11349992.0,68.09,0.0418394,0.473056,40416.4
300439.SZ,20260424,12100,9.6,116160.0,9.64,0.00413913,0.434306,29233.2
300440.SZ,20260424,22200,17.08,379176.0,17.05,0.00507056,0.194092,43782.2
300441.SZ,20260424,12200,7.07,86254.0,7.1,0.00194717,0.279277,62654.9
300442.SZ,20260424,318162,94.78,30155394.36,95.87,0.0195213,0.532301,162982.0
300443.SZ,20260424,65400,29.72,1943688.0,30.06,0.0269386,0.546369,24277.4
300444.SZ,20260424,7489300,16.63,124547059.0,16.0,1.20514,10.6015,62144.7
300445.SZ,20260424,173500,21.52,3733720.0,21.05,0.123442,5.02364,14055.2
300446.SZ,20260424,64400,20.22,1302168.0,20.42,0.0172395,0.398205,37356.0
300447.SZ,20260424,42500,20.71,880175.0,20.84,0.0210968,0.265792,20145.3
300448.SZ,20260424,92900,7.6,706040.0,7.67,0.0144576,0.261637,64256.7
300449.SZ,20260424,15900,6.79,107961.0,6.82,0.00411879,0.271891,38603.6
300450.SZ,20260424,228500,57.08,13042780.0,57.08,0.0146529,0.279274,155941.0
300451.SZ,20260424,77000,4.3,331100.0,4.35,0.00504358,0.235176,152669.0
300452.SZ,20260424,42100,13.76,579296.0,13.81,0.0211952,0.659294,19863.0
300453.SZ,20260424,28200,9.9,279180.0,9.94,0.00783639,0.173436,35986.0
300454.SZ,20260424,21900,107.5,2354250.0,108.38,0.00760409,0.221802,28800.3
300455.SZ,20260424,103500,26.51,2743785.0,26.61,0.0146058,0.528446,70862.2
300456.SZ,20260424,1140096,47.68,54359777.28,47.07,0.190827,1.21994,59744.9
300457.SZ,20260424,25100,28.01,703051.0,28.18,0.00395371,0.157979,63484.6
300458.SZ,20260424,170500,41.3,7041650.0,41.4,0.0258365,0.473805,65992.0
300459.SZ,20260424,153800,3.96,609048.0,3.98,0.00467876,0.218666,328719.0
300460.SZ,20260424,102600,9.8,1005480.0,9.97,0.0365379,0.986373,28080.4
300461.SZ,20260424,39400,58.65,2310810.0,59.09,0.0274176,0.290817,14370.3
300462.SZ,20260424,12600,13.43,169218.0,13.46,0.00912818,0.465883,13803.4
300463.SZ,20260424,4800,10.5,50400.0,10.52,0.000976006,0.102162,49180.0
300464.SZ,20260424,10900,7.94,86546.0,7.99,0.00306746,0.0689142,35534.3
300465.SZ,20260424,152400,14.34,2185416.0,14.44,0.0343437,1.68507,44374.9
300466.SZ,20260424,73100,8.94,653514.0,8.96,0.0162853,0.881329,44887.2
300467.SZ,20260424,13400,31.46,421564.0,31.81,0.00794982,0.382833,16855.7
300468.SZ,20260424,30900,29.7,917730.0,29.67,0.0058325,0.123515,52979.0
300469.SZ,20260424,32300,49.91,1612093.0,50.37,0.013012,0.390191,24823.3
300470.SZ,20260424,38800,33.72,1308336.0,33.72,0.019681,0.705011,19714.4
300471.SZ,20260424,55200,12.5,690000.0,12.54,0.0150593,0.462164,36655.2
300472.SZ,20260424,18900,8.27,156303.0,8.22,0.00713635,0.300533,26484.1
300473.SZ,20260424,24400,35.15,857660.0,35.2,0.0162612,0.434559,15005.0
300474.SZ,20260424,204800,60.5,12390400.0,62.12,0.0503845,2.78051,40647.4
300475.SZ,20260424,1040500,160.0,166480000.0,156.39,0.233621,3.17247,44538.0
300476.SZ,20260424,323500,325.32,105241020.0,331.95,0.0373904,0.602839,86519.5
300477.SZ,20260424,401700,2.14,859638.0,2.19,0.0405409,0.96788,99085.1
300478.SZ,20260424,20100,30.4,611040.0,30.32,0.0158676,0.288851,12667.3
300479.SZ,20260424,177700,18.18,3230586.0,18.88,0.0902359,4.92381,19692.8
300480.SZ,20260424,250800,34.35,8614980.0,33.38,0.0928332,1.82329,27016.2
300481.SZ,20260424,35600,14.7,523320.0,14.81,0.0122727,0.448503,29007.6
300482.SZ,20260424,116500,18.31,2133115.0,18.45,0.0270886,1.93362,43007.1
300483.SZ,20260424,326200,21.04,6863248.0,21.25,0.0854651,1.09865,38167.6
300484.SZ,20260424,5900,16.81,99179.0,16.96,0.00354668,0.176569,16635.3
300485.SZ,20260424,108800,11.56,1257728.0,11.51,0.0397345,1.01602,27381.7
300486.SZ,20260424,58700,23.2,1361840.0,23.0,0.0123059,0.434639,47700.6
300487.SZ,20260424,11900,63.05,750295.0,63.56,0.0038634,0.157317,30801.9
300488.SZ,20260424,7500,28.98,217350.0,29.14,0.0046224,0.176789,16225.3
300489.SZ,20260424,74300,91.07,6766501.0,87.07,0.0535888,0.374704,13864.8
300490.SZ,20260424,257000,18.83,4839310.0,18.8,0.0653524,0.533665,39325.3
300491.SZ,20260424,174500,25.28,4411360.0,26.45,0.111866,2.30066,15599.0
300492.SZ,20260424,1300,54.24,70512.0,54.3,0.000660969,0.0427935,19668.1
300493.SZ,20260424,17000,15.86,269620.0,15.87,0.00335563,0.181917,50661.1
300494.SZ,20260424,257900,11.23,2896217.0,11.81,0.0647424,2.48257,39834.8
300496.SZ,20260424,61300,64.0,3923200.0,65.08,0.0166295,0.423367,36862.1
300497.SZ,20260424,115000,17.89,2057350.0,18.0,0.0260864,0.250352,44084.3
300498.SZ,20260424,259300,16.01,4151393.0,16.02,0.00435849,0.541745,594930.0
300499.SZ,20260424,448800,41.61,18674568.0,42.4,0.165363,0.935707,27140.4
300500.SZ,20260424,76000,10.39,789640.0,10.68,0.0453466,2.15022,16759.8
300501.SZ,20260424,47600,19.27,917252.0,19.21,0.0472577,0.78304,10072.4
300502.SZ,20260424,1954781,552.76,1080524745.56,608.28,0.220775,5.19483,88541.9
300503.SZ,20260424,149900,60.23,9028477.0,60.75,0.0622056,0.486152,24097.5
300504.SZ,20260424,16400,15.93,261252.0,16.1,0.00751427,0.195993,21825.2
300505.SZ,20260424,21700,25.43,551831.0,25.45,0.00998338,0.135432,21736.1
300506.SZ,20260424,10100,4.95,49995.0,4.94,0.00137472,0.13745,73469.6
300507.SZ,20260424,9100,8.02,72982.0,8.03,0.00117421,0.050777,77499.2
300508.SZ,20260424,9300,32.97,306621.0,32.96,0.011361,0.211651,8185.91
300509.SZ,20260424,138000,11.93,1646340.0,12.06,0.055847,1.68686,24710.4
300510.SZ,20260424,24700,4.04,99788.0,4.02,0.00299506,0.151127,82469.1
300511.SZ,20260424,474000,7.49,3550260.0,7.55,0.0846347,1.16668,56005.4
300512.SZ,20260424,800,8.91,7128.0,8.9,0.000246984,0.025412,32390.7
300513.SZ,20260424,35500,8.5,301750.0,8.55,0.0123145,0.628308,28827.8
300514.SZ,20260424,48600,11.67,567162.0,11.94,0.030326,0.99018,16025.8
300515.SZ,20260424,9400,17.0,159800.0,17.0,0.00465905,0.267423,20175.8
300516.SZ,20260424,137300,55.69,7646237.0,60.81,0.0762778,2.38008,18000.0
300517.SZ,20260424,64400,11.79,759276.0,11.74,0.0510123,1.49311,12624.4
300518.SZ,20260424,21800,24.41,532138.0,24.63,0.0109331,0.126735,19939.4
300519.SZ,20260424,6100,15.51,94611.0,15.58,0.00534619,0.191346,11410.0
300520.SZ,20260424,87500,34.33,3003875.0,34.54,0.0314739,0.640922,27800.8
300521.SZ,20260424,1000,26.82,26820.0,26.78,0.000667869,0.0356029,14973.0
300522.SZ,20260424,4300,13.37,57491.0,13.46,0.00163432,0.0362341,26310.6
300523.SZ,20260424,114600,22.45,2572770.0,22.52,0.0493203,4.16684,23235.8
300525.SZ,20260424,24400,10.11,246684.0,10.17,0.00392231,0.242953,62208.3
300527.SZ,20260424,105800,8.22,869676.0,8.25,0.0104055,1.19329,101677.0
300528.SZ,20260424,32700,16.18,529086.0,16.35,0.00877598,0.156113,37260.8
300529.SZ,20260424,40900,18.51,757059.0,18.6,0.00798076,0.592435,51248.2
300530.SZ,20260424,20300,23.96,486388.0,23.96,0.0118057,0.572505,17195.1
300531.SZ,20260424,31600,19.2,606720.0,19.44,0.0102345,0.161725,30875.9
300532.SZ,20260424,53115,11.12,590638.8,11.13,0.0123014,0.598152,43177.9
300533.SZ,20260424,138500,30.51,4225635.0,30.78,0.0839528,0.807731,16497.4
300534.SZ,20260424,4400,9.14,40216.0,9.15,0.00145671,0.0759144,30205.1
300535.SZ,20260424,33700,19.42,654454.0,19.55,0.0415224,1.8536,8116.1
300536.SZ,20260424,25300,8.76,221628.0,8.77,0.00862695,0.232946,29326.7
300537.SZ,20260424,13900,23.3,323870.0,23.38,0.00915437,0.242117,15184.0
300538.SZ,20260424,5500,15.52,85360.0,15.6,0.00454601,0.17952,12098.5
300539.SZ,20260424,20900,29.66,619894.0,29.7,0.00959207,0.143814,21788.8
300540.SZ,20260424,376100,30.36,11418396.0,30.72,0.181931,1.10746,20672.7
300541.SZ,20260424,623292,13.01,8109028.92,14.47,0.161279,6.59281,38646.7
300542.SZ,20260424,2200,15.45,33990.0,15.39,0.000888302,0.0549091,24766.4
300543.SZ,20260424,192400,9.18,1766232.0,9.57,0.0768989,4.47237,25019.9
300545.SZ,20260424,43200,31.26,1350432.0,31.47,0.0361328,0.596498,11955.9
300546.SZ,20260424,3900,19.8,77220.0,19.93,0.00291232,0.0863317,13391.4
300547.SZ,20260424,52000,35.88,1865760.0,36.16,0.0294396,0.240343,17663.3
300548.SZ,20260424,178983,265.15,47457342.45,270.96,0.0664672,0.874559,26928.0
300549.SZ,20260424,3700,17.19,63603.0,17.25,0.0036614,0.227214,10105.4
300550.SZ,20260424,23800,10.95,260610.0,11.04,0.00907356,0.356388,26230.1
300551.SZ,20260424,19400,13.22,256468.0,13.32,0.00572148,0.193454,33907.3
300552.SZ,20260424,23400,27.14,635076.0,27.48,0.017322,0.398749,13508.8
300553.SZ,20260424,10000,41.82,418200.0,42.06,0.0117792,0.266181,8489.54
300554.SZ,20260424,2200,22.14,48708.0,22.15,0.00278147,0.0906001,7909.49
300555.SZ,20260424,1200,13.26,15912.0,13.2,0.000606107,0.050196,19798.5
300556.SZ,20260424,4100,17.55,71955.0,17.64,0.00377858,0.117895,10850.6
300557.SZ,20260424,7200,35.66,256752.0,35.57,0.00603078,0.115843,11938.8
300558.SZ,20260424,255200,49.86,12724272.0,49.9,0.0608499,1.98315,41939.3
300559.SZ,20260424,236100,13.01,3071661.0,13.09,0.075883,0.80697,31113.7
300560.SZ,20260424,9000,15.65,140850.0,15.8,0.00481374,0.150928,18696.5
300561.SZ,20260424,414100,16.84,6973444.0,17.36,0.171785,2.46822,24105.8
300562.SZ,20260424,153700,14.4,2213280.0,14.38,0.0943196,1.56457,16295.7
300563.SZ,20260424,47800,32.88,1571664.0,33.38,0.0373013,1.32627,12814.6
300564.SZ,20260424,3400,14.99,50966.0,15.01,0.00300375,0.170558,11319.2
300565.SZ,20260424,320600,12.82,4110092.0,12.51,0.140488,1.50362,22820.5
300566.SZ,20260424,5500,18.63,102465.0,18.63,0.00242632,0.141639,22668.0
300567.SZ,20260424,27000,132.7,3582900.0,132.5,0.0118917,0.26776,22704.9
300568.SZ,20260424,154700,15.24,2357628.0,15.35,0.0128003,0.237079,120856.0
300569.SZ,20260424,399500,6.38,2548810.0,6.39,0.0391805,0.691093,101964.0
300570.SZ,20260424,591800,129.95,76904410.0,135.03,0.30792,1.97867,19219.3
300571.SZ,20260424,67100,36.52,2450492.0,36.9,0.0580263,0.454642,11563.7
300572.SZ,20260424,7400,28.44,210456.0,28.43,0.00403056,0.122805,18359.7
300573.SZ,20260424,19300,68.21,1316453.0,68.21,0.0101985,0.350666,18924.3
300575.SZ,20260424,694600,6.41,4452386.0,6.14,0.20268,5.89776,34270.8
300576.SZ,20260424,93200,37.62,3506184.0,37.88,0.0400595,0.775857,23265.4
300577.SZ,20260424,200,18.72,3744.0,18.71,0.000140682,0.0190272,14216.5
300578.SZ,20260424,45400,21.84,991536.0,21.83,0.0229043,0.723743,19821.6
300579.SZ,20260424,51850,26.76,1387506.0,26.87,0.0199061,1.67816,26047.3
300580.SZ,20260424,50900,29.3,1491370.0,29.13,0.0107704,0.218618,47259.2
300581.SZ,20260424,20000,12.51,250200.0,12.52,0.00363564,0.192038,55011.0
300582.SZ,20260424,6500,12.88,83720.0,12.86,0.00293401,0.0780837,22154.0
300583.SZ,20260424,12400,13.5,167400.0,13.48,0.00666133,0.599462,18614.9
300584.SZ,20260424,2600,41.54,108004.0,41.96,0.00316646,0.071198,8211.07
300585.SZ,20260424,17700,19.15,338955.0,19.09,0.0103442,0.206692,17111.1
300586.SZ,20260424,52200,10.32,538704.0,10.34,0.00976437,0.177875,53459.6
300587.SZ,20260424,74800,5.82,435336.0,5.84,0.00711069,0.1776,105194.0
300588.SZ,20260424,1600,24.96,39936.0,24.94,0.000904865,0.0519582,17682.2
300589.SZ,20260424,410700,16.2,6653340.0,15.78,0.177326,1.56041,23160.7
300590.SZ,20260424,2405300,14.46,34780638.0,14.56,0.678717,16.7899,35438.9
300591.SZ,20260424,9600,6.71,64416.0,6.7,0.00273938,0.0979047,35044.5
300592.SZ,20260424,21337,14.19,302772.03,14.15,0.00611579,0.247871,34888.4
300593.SZ,20260424,110500,29.68,3279640.0,29.86,0.0245412,0.365154,45026.4
300594.SZ,20260424,8500,26.0,221000.0,26.22,0.00934085,0.153499,9099.81
300595.SZ,20260424,97000,14.16,1373520.0,14.3,0.0145102,0.95158,66849.5
300596.SZ,20260424,9900,40.3,398970.0,39.8,0.00443857,0.242814,22304.5
300597.SZ,20260424,34900,9.21,321429.0,9.26,0.0128606,0.923505,27137.2
300598.SZ,20260424,14800,37.8,559440.0,37.9,0.00682276,0.280582,21692.1
300599.SZ,20260424,3800,10.83,41154.0,10.83,0.00178957,0.0304203,21234.1
300600.SZ,20260424,292800,13.86,4058208.0,13.88,0.0995125,1.57903,29423.4
300601.SZ,20260424,58700,14.27,837649.0,14.27,0.00651951,0.317957,90037.4
300602.SZ,20260424,83900,34.55,2898745.0,34.55,0.0212188,0.313005,39540.4
300603.SZ,20260424,212200,11.11,2357542.0,11.33,0.0567484,0.463272,37393.1
300604.SZ,20260424,79000,157.5,12442500.0,155.61,0.0161399,0.416131,48947.1
300605.SZ,20260424,36700,13.78,505726.0,13.84,0.0290389,0.888194,12638.2
300606.SZ,20260424,44700,36.61,1636467.0,37.0,0.0379861,0.394356,11767.4
300607.SZ,20260424,421800,28.77,12135186.0,29.27,0.124978,2.66597,33749.9
300608.SZ,20260424,85400,13.0,1110200.0,13.0,0.0296964,0.510586,28757.7
300609.SZ,20260424,61100,37.5,2291250.0,37.71,0.0509467,1.76273,11992.9
300610.SZ,20260424,18700,11.77,220099.0,11.83,0.0111559,0.467376,16762.4
300611.SZ,20260424,14500,26.13,378885.0,26.25,0.00977728,0.249973,14830.3
300612.SZ,20260424,25200,14.66,369432.0,14.74,0.0140094,0.382735,17987.9
300613.SZ,20260424,1589300,55.9,88841870.0,46.73,0.723726,33.2342,21960.0
300614.SZ,20260424,64700,13.71,887037.0,13.56,0.0403264,1.85727,16044.1
300615.SZ,20260424,309800,12.98,4021204.0,13.41,0.204782,5.00613,15128.3
300616.SZ,20260424,94100,14.52,1366332.0,14.6,0.0607064,0.87354,15500.8
300617.SZ,20260424,54900,60.85,3340665.0,61.79,0.0395181,0.448877,13892.4
300618.SZ,20260424,47600,44.82,2133432.0,45.06,0.0174681,0.317887,27249.7
300619.SZ,20260424,410400,43.0,17647200.0,46.06,0.282132,4.4086,14546.4
300620.SZ,20260424,286285,242.03,69289558.55,246.93,0.115856,1.15935,24710.3
300621.SZ,20260424,52400,8.31,435444.0,8.41,0.0258728,1.44682,20252.9
300622.SZ,20260424,5600,24.45,136920.0,24.58,0.00359498,0.136751,15577.3
300623.SZ,20260424,170700,28.06,4789842.0,27.81,0.0222452,0.843214,76735.7
300624.SZ,20260424,24500,69.73,1708385.0,70.44,0.014308,0.326018,17123.3
300625.SZ,20260424,6800,11.77,80036.0,11.68,0.00419826,0.410565,16197.2
300626.SZ,20260424,39100,27.74,1084634.0,28.01,0.0217341,0.385246,17990.2
300627.SZ,20260424,579769,33.01,19138174.69,34.75,0.0894545,4.90596,64811.6
300628.SZ,20260424,54400,37.13,2019872.0,37.28,0.00749564,0.477102,72575.5
300629.SZ,20260424,14400,25.33,364752.0,25.43,0.00664102,0.0879457,21683.4
300631.SZ,20260424,3000,26.33,78990.0,26.4,0.00247975,0.114253,12098.0
300632.SZ,20260424,288700,16.03,4627861.0,16.5,0.130509,0.823954,22121.1
300633.SZ,20260424,18500,27.46,508010.0,27.63,0.00690321,0.170636,26799.1
300634.SZ,20260424,91800,27.0,2478600.0,27.29,0.0211388,0.735446,43427.4
300635.SZ,20260424,7600,13.56,103056.0,13.6,0.00631155,0.128505,12041.4
300636.SZ,20260424,27300,7.83,213759.0,7.86,0.00743145,0.478028,36735.8
300637.SZ,20260424,4700,11.6,54520.0,11.6,0.00200422,0.11627,23450.5
300638.SZ,20260424,603805,24.13,14569814.65,26.0,0.113829,4.13762,53044.9
300639.SZ,20260424,20600,6.18,127308.0,6.21,0.00324325,0.0774226,63516.4
300640.SZ,20260424,39200,6.78,265776.0,6.81,0.0177577,0.449089,22074.9
300641.SZ,20260424,113600,19.42,2206112.0,19.67,0.0216157,0.671812,52554.5
300642.SZ,20260424,2600,16.4,42640.0,16.44,0.00188807,0.106359,13770.7
300643.SZ,20260424,10400,17.18,178672.0,17.35,0.00450507,0.30525,23085.1
300644.SZ,20260424,3400,29.42,100028.0,29.59,0.00383824,0.132138,8858.24
300645.SZ,20260424,9300,16.7,155310.0,16.77,0.00667526,0.357511,13932.0
300647.SZ,20260424,24300,6.65,161595.0,6.68,0.00532145,0.110421,45664.2
300648.SZ,20260424,3100,50.44,156364.0,50.44,0.00233633,0.118367,13268.7
300649.SZ,20260424,200100,19.6,3921960.0,18.83,0.188566,2.69183,10611.7
300650.SZ,20260424,44400,15.3,679320.0,15.6,0.0260647,0.635049,17034.5
300651.SZ,20260424,39000,28.24,1101360.0,28.52,0.0446056,0.262864,8743.3
300652.SZ,20260424,3000,41.89,125670.0,42.33,0.00250589,0.172355,11971.8
300653.SZ,20260424,0,,0.0,18.55,0.0,0.0,18000.0
300654.SZ,20260424,142700,10.84,1546868.0,10.66,0.0405097,1.29896,35226.2
300655.SZ,20260424,475520,15.49,7365804.8,15.61,0.0445707,1.17956,106689.0
300656.SZ,20260424,15700,23.37,366909.0,23.25,0.0118136,0.33495,13289.8
300657.SZ,20260424,109500,36.77,4026315.0,37.14,0.0233723,0.260385,46850.4
300658.SZ,20260424,39500,20.11,794345.0,20.17,0.0178859,0.178628,22084.4
300659.SZ,20260424,119800,12.59,1508282.0,12.86,0.0633063,2.86455,18923.9
300660.SZ,20260424,16700,42.32,706744.0,42.46,0.00373787,0.318015,44677.9
300661.SZ,20260424,1217117,91.5,111366205.5,86.99,0.203227,3.66541,59889.5
300662.SZ,20260424,12700,23.86,303022.0,23.78,0.00647023,0.371773,19628.4
300663.SZ,20260424,30100,12.88,387688.0,12.92,0.00654836,0.323802,45965.7
300664.SZ,20260424,46500,5.95,276675.0,6.0,0.00618149,0.228753,75224.5
300665.SZ,20260424,3200,7.56,24192.0,7.59,0.00146741,0.0737708,21807.1
300666.SZ,20260424,41000,155.2,6363200.0,155.95,0.0185423,0.37587,22111.6
300667.SZ,20260424,5300,17.84,94552.0,17.77,0.00307014,0.0629763,17263.0
300668.SZ,20260424,39200,60.04,2353568.0,61.1,0.0393204,0.624965,9969.39
300669.SZ,20260424,600,33.12,19872.0,33.54,0.000328767,0.0340136,18250.0
300670.SZ,20260424,78500,6.16,483560.0,6.24,0.0349364,1.01359,22469.4
300671.SZ,20260424,52700,45.9,2418930.0,45.81,0.0238739,0.384186,22074.3
300672.SZ,20260424,30000,159.5,4785000.0,161.08,0.0142628,0.297267,21033.8
300673.SZ,20260424,25500,15.7,400350.0,15.81,0.0158944,0.630263,16043.3
300674.SZ,20260424,26300,20.2,531260.0,20.31,0.00374105,0.262802,70301.2
300675.SZ,20260424,45900,15.33,703647.0,15.33,0.0312954,1.80898,14666.7
300676.SZ,20260424,7500,39.04,292800.0,39.09,0.00180268,0.176695,41604.7
300677.SZ,20260424,494760,52.58,26014480.8,55.13,0.10626,3.0887,46561.3
300678.SZ,20260424,37400,28.41,1062534.0,28.69,0.0128435,0.792265,29119.7
300679.SZ,20260424,258700,42.18,10911966.0,42.39,0.0719728,1.23855,35944.1
300680.SZ,20260424,3500,38.87,136045.0,39.06,0.00199047,0.0406727,17583.8
300681.SZ,20260424,215729,30.01,6474027.29,30.38,0.0934722,0.998185,23079.5
300682.SZ,20260424,777700,15.5,12054350.0,16.16,0.0754079,4.51948,103132.0
300683.SZ,20260424,70500,32.26,2274330.0,32.24,0.0577563,0.876432,12206.5
300684.SZ,20260424,64700,59.8,3869060.0,60.05,0.0316686,0.392219,20430.3
300685.SZ,20260424,24900,22.17,552033.0,22.24,0.00639164,0.276717,38957.2
300686.SZ,20260424,26100,19.93,520173.0,19.81,0.0153598,0.122181,16992.4
300687.SZ,20260424,74100,23.0,1704300.0,23.24,0.0225169,0.468962,32908.6
300688.SZ,20260424,32900,24.2,796180.0,24.59,0.022173,0.81747,14837.8
300689.SZ,20260424,62900,50.01,3145629.0,52.1,0.0621651,2.10817,10118.2
300690.SZ,20260424,16200,29.76,482112.0,29.73,0.014614,0.138427,11085.3
300691.SZ,20260424,18900,16.43,310527.0,16.27,0.00856218,0.328456,22073.8
300692.SZ,20260424,235300,9.35,2200055.0,9.33,0.0458583,0.806393,51310.2
300693.SZ,20260424,140300,48.75,6839625.0,48.8,0.0521846,0.7044,26885.3
300694.SZ,20260424,12900,12.74,164346.0,12.68,0.00595063,0.109825,21678.4
300695.SZ,20260424,25490,64.47,1643340.3,68.05,0.0249274,2.75557,10225.7
300696.SZ,20260424,33900,38.8,1315320.0,38.94,0.0127498,0.253029,26588.7
300697.SZ,20260424,39400,15.88,625672.0,16.05,0.0118947,0.572079,33124.0
300698.SZ,20260424,98600,40.41,3984426.0,41.15,0.0831745,1.57815,11854.6
300699.SZ,20260424,410600,35.0,14371000.0,35.79,0.0499872,1.53957,82141.1
300700.SZ,20260424,13400,16.88,226192.0,16.74,0.00495177,0.127371,27061.0
300701.SZ,20260424,96400,11.88,1145232.0,11.78,0.0386959,2.66584,24912.2
300702.SZ,20260424,15700,21.4,335980.0,21.95,0.00743496,0.670573,21116.4
300703.SZ,20260424,45100,18.81,848331.0,18.99,0.0271242,0.256149,16627.2
300705.SZ,20260424,5100,13.62,69462.0,13.65,0.00138253,0.123731,36888.8
300706.SZ,20260424,37300,37.9,1413670.0,38.33,0.0328182,0.293142,11365.6
300707.SZ,20260424,184800,15.08,2786784.0,15.87,0.126745,3.67115,14580.4
300708.SZ,20260424,727900,9.11,6631169.0,9.52,0.102519,1.58895,71001.4
300709.SZ,20260424,15300,39.15,598995.0,39.4,0.010249,0.254446,14928.3
300710.SZ,20260424,1300,28.61,37193.0,28.61,0.00174309,0.039546,7458.0
300711.SZ,20260424,29800,24.68,735464.0,24.57,0.0119955,0.579008,24842.6
300712.SZ,20260424,13000,28.47,370110.0,28.83,0.00696155,0.406947,18674.0
300713.SZ,20260424,10200,16.68,170136.0,16.83,0.0114467,0.317483,8910.88
300715.SZ,20260424,7200,13.03,93816.0,13.1,0.00230062,0.129047,31295.9
300716.SZ,20260424,28600,13.32,380952.0,13.45,0.0178728,0.506837,16002.0
300717.SZ,20260424,7500,20.45,153375.0,20.55,0.00736352,0.432881,10185.3
300718.SZ,20260424,6400,69.42,444288.0,69.1,0.00330166,0.16409,19384.2
300719.SZ,20260424,5300,15.69,83157.0,15.82,0.00295067,0.109226,17962.0
300720.SZ,20260424,145200,69.22,10050744.0,70.45,0.0831368,1.13712,17465.2
300721.SZ,20260424,1445728,18.04,26080933.12,17.69,1.04497,18.8009,13835.2
300722.SZ,20260424,95798,30.15,2888309.7,30.57,0.0346145,2.87564,27675.6
300723.SZ,20260424,567100,35.17,19944907.0,34.55,0.135285,5.31635,41918.9
300724.SZ,20260424,116100,91.2,10588320.0,90.95,0.0403525,0.499937,28771.4
300725.SZ,20260424,29600,38.12,1128352.0,38.46,0.0146019,0.395648,20271.3
300726.SZ,20260424,161000,48.3,7776300.0,47.42,0.0750798,2.1341,21443.8
300727.SZ,20260424,5900,33.67,198653.0,33.7,0.00364471,0.161345,16187.9
300729.SZ,20260424,8100,12.9,104490.0,13.02,0.00246888,0.239522,32808.4
300730.SZ,20260424,9600,13.33,127968.0,13.45,0.00496588,0.126965,19331.9
300731.SZ,20260424,6300,72.43,456309.0,71.84,0.00524217,0.0719223,12017.9
300732.SZ,20260424,204500,7.07,1445815.0,7.07,0.0552479,1.94493,37015.0
300733.SZ,20260424,3900,17.58,68562.0,17.63,0.0017294,0.0784018,22551.2
300735.SZ,20260424,19800,22.89,453222.0,23.02,0.00261415,0.121449,75741.7
300736.SZ,20260424,82300,28.4,2337320.0,28.07,0.0657946,0.397082,12508.6
300737.SZ,20260424,529600,7.07,3744272.0,6.8,0.0597141,1.80218,88689.2
300738.SZ,20260424,394900,24.21,9560529.0,24.56,0.0400964,0.410136,98487.6
300739.SZ,20260424,119700,28.4,3399480.0,28.92,0.0348819,0.37133,34315.8
300740.SZ,20260424,417000,23.78,9916260.0,23.2,0.115416,2.88066,36130.3
300741.SZ,20260424,9300,16.86,156798.0,16.9,0.00151004,0.19426,61587.7
300743.SZ,20260424,19900,18.8,374120.0,18.87,0.0156188,0.383322,12741.1
300745.SZ,20260424,22700,26.74,606998.0,26.98,0.0159509,0.65564,14231.2
300746.SZ,20260424,38500,13.1,504350.0,13.3,0.0172224,1.26462,22354.5
300747.SZ,20260424,198900,36.16,7192224.0,36.43,0.0381051,0.596512,52197.8
300748.SZ,20260424,80400,32.05,2576820.0,32.25,0.00711484,0.243842,113003.0
300749.SZ,20260424,24300,24.51,595593.0,24.55,0.0154388,0.270258,15739.6
300750.SZ,20260424,726082,442.0,320928244.0,438.9,0.0170568,1.58745,425685.0
300751.SZ,20260424,24200,229.5,5553900.0,229.46,0.012516,0.274922,19335.2
300752.SZ,20260424,3800,18.81,71478.0,18.9,0.00241631,0.0576983,15726.5
300753.SZ,20260424,8600,26.95,231770.0,27.17,0.0097832,0.254988,8790.58
300755.SZ,20260424,98000,13.22,1295560.0,13.42,0.0235325,2.8192,41644.6
300756.SZ,20260424,20000,56.36,1127200.0,54.61,0.0152404,0.428636,13123.0
300757.SZ,20260424,72100,515.5,37167550.0,515.88,0.0478584,0.935578,15065.3
300758.SZ,20260424,394100,14.95,5891795.0,15.26,0.109551,1.21388,35974.2
300759.SZ,20260424,99800,29.4,2934120.0,29.62,0.00702801,0.391643,142003.0
300760.SZ,20260424,54800,160.25,8781700.0,161.04,0.00452369,0.632321,121140.0
300761.SZ,20260424,26400,22.2,586080.0,22.3,0.00420374,0.222338,62801.3
300762.SZ,20260424,99100,41.23,4085893.0,41.4,0.0157811,0.199069,62796.6
300763.SZ,20260424,121700,96.15,11701455.0,96.45,0.037843,0.753589,32159.1
300765.SZ,20260424,20700,31.06,642942.0,31.06,0.00147374,0.190313,140459.0
300766.SZ,20260424,322600,38.78,12510428.0,38.86,0.0900488,0.99029,35825.0
300767.SZ,20260424,16000,23.13,370080.0,23.22,0.00666967,0.116833,23989.2
300768.SZ,20260424,31900,17.3,551870.0,17.36,0.00758318,0.551136,42066.8
300769.SZ,20260424,100400,49.76,4995904.0,49.86,0.0398796,0.521446,25175.7
300770.SZ,20260424,11800,39.6,467280.0,39.67,0.0051791,0.582322,22783.9
300771.SZ,20260424,17900,13.94,249526.0,13.97,0.0100239,0.389898,17857.3
300772.SZ,20260424,20400,16.39,334356.0,16.37,0.00292316,0.104503,69787.6
300773.SZ,20260424,165300,26.88,4443264.0,27.05,0.0225033,0.242246,73455.8
300774.SZ,20260424,14700,16.09,236523.0,16.25,0.00754309,0.134761,19488.0
300775.SZ,20260424,255600,38.39,9812484.0,37.9,0.0480776,0.890689,53164.1
300776.SZ,20260424,140800,112.46,15834368.0,114.52,0.0837673,0.644499,16808.5
300777.SZ,20260424,112700,35.9,4045930.0,35.92,0.0266817,0.417453,42238.6
300778.SZ,20260424,15000,12.42,186300.0,12.53,0.00736668,0.361155,20361.9
300779.SZ,20260424,35900,86.0,3087400.0,86.66,0.02231,0.769475,16091.4
300780.SZ,20260424,166200,22.85,3797670.0,23.42,0.154554,1.2985,10753.5
300781.SZ,20260424,12200,35.14,428708.0,35.31,0.0100689,0.27691,12116.6
300782.SZ,20260424,161100,104.15,16778565.0,104.78,0.03594,0.499585,44824.8
300783.SZ,20260424,31800,18.38,584484.0,18.49,0.0113464,0.589183,28026.6
300784.SZ,20260424,4700,48.04,225788.0,48.52,0.0279512,0.885706,1681.5
300785.SZ,20260424,34700,52.14,1809258.0,52.16,0.0283649,0.228075,12233.4
300786.SZ,20260424,2600,14.75,38350.0,14.8,0.00177672,0.0627544,14633.7
300787.SZ,20260424,257400,10.99,2828826.0,11.9,0.130971,5.91181,19653.3
300788.SZ,20260424,11100,38.93,432123.0,39.23,0.00583745,0.114433,19015.2
300789.SZ,20260424,1400,20.81,29134.0,20.81,0.00141563,0.0766216,9889.6
300790.SZ,20260424,42400,29.7,1259280.0,29.9,0.0130613,0.208486,32462.4
300791.SZ,20260424,55900,19.6,1095640.0,20.37,0.0217778,2.51486,25668.3
300792.SZ,20260424,7300,35.37,258201.0,35.65,0.00343475,0.120593,21253.4
300793.SZ,20260424,4500,14.01,63045.0,14.01,0.00120939,0.0904147,37208.7
300795.SZ,20260424,7500,11.28,84600.0,11.29,0.00431071,0.227141,17398.5
300796.SZ,20260424,5800,8.47,49126.0,8.47,0.00160601,0.0767924,36114.3
300797.SZ,20260424,100,15.54,1554.0,15.6,2.64206e-05,0.00366562,37849.2
300798.SZ,20260424,147724,11.25,1661895.0,11.38,0.0387304,0.218011,38141.6
300800.SZ,20260424,51300,12.2,625860.0,12.11,0.0218944,1.25156,23430.7
300801.SZ,20260424,326700,30.08,9827136.0,31.07,0.238677,2.15211,13687.9
300802.SZ,20260424,5700,19.0,108300.0,19.1,0.00292733,0.155178,19471.7
300803.SZ,20260424,61500,98.63,6065745.0,98.17,0.0101596,0.363517,60533.9
300804.SZ,20260424,82200,47.03,3865866.0,47.43,0.298909,2.39437,2750.0
300805.SZ,20260424,107900,10.7,1154530.0,10.87,0.0374196,1.14433,28835.1
300806.SZ,20260424,88900,66.66,5926074.0,67.12,0.0281142,0.335481,31621.0
300808.SZ,20260424,4900,22.96,112504.0,22.99,0.00412112,0.161369,11890.0
300809.SZ,20260424,2400,34.51,82824.0,34.49,0.00159395,0.04426,15057.0
300810.SZ,20260424,41900,34.4,1441360.0,35.15,0.0367529,1.02215,11400.4
300811.SZ,20260424,80700,84.4,6811080.0,84.02,0.0339498,1.01708,23770.4
300812.SZ,20260424,60800,37.64,2288512.0,38.13,0.0655822,0.383691,9270.81
300813.SZ,20260424,7200,24.7,177840.0,24.85,0.00946732,0.180149,7605.11
300814.SZ,20260424,12900,96.75,1248075.0,97.58,0.00673875,0.173658,19143.0
300815.SZ,20260424,20300,20.69,420007.0,20.72,0.00520005,0.503752,39038.1
300816.SZ,20260424,3600,67.07,241452.0,67.56,0.00635273,0.144941,5666.86
300817.SZ,20260424,4200,19.44,81648.0,19.44,0.00335299,0.113709,12526.1
300818.SZ,20260424,5600,34.7,194320.0,34.99,0.00511498,0.153454,10948.2
300819.SZ,20260424,86000,56.38,4848680.0,56.61,0.0638161,0.999424,13476.2
300820.SZ,20260424,3000,46.38,139140.0,46.38,0.00268385,0.133861,11178.0
300821.SZ,20260424,574000,14.09,8087660.0,14.29,0.0478417,0.82051,119979.0
300822.SZ,20260424,12700,13.86,176022.0,13.82,0.00439474,0.762105,28898.2
300823.SZ,20260424,14900,16.19,241231.0,16.19,0.0175729,0.802257,8478.94
300824.SZ,20260424,74600,9.81,731826.0,9.84,0.0235695,2.07959,31651.0
300825.SZ,20260424,8700,8.76,76212.0,8.8,0.00179571,0.137951,48448.8
300826.SZ,20260424,9000,16.6,149400.0,16.65,0.00530724,0.386587,16958.0
300827.SZ,20260424,553500,37.46,20734110.0,38.96,0.143675,1.8575,38524.4
300828.SZ,20260424,110200,21.86,2408972.0,22.05,0.130616,1.22212,8436.93
300829.SZ,20260424,25000,18.22,455500.0,18.3,0.0159496,0.433434,15674.3
300830.SZ,20260424,72300,10.68,772164.0,10.81,0.0214486,0.411906,33708.5
300831.SZ,20260424,117000,16.23,1898910.0,16.4,0.06342,0.945417,18448.4
300832.SZ,20260424,10800,46.77,505116.0,46.77,0.00158098,0.201619,68312.2
300833.SZ,20260424,400,34.2,13680.0,34.26,0.000492275,0.0297632,8125.55
300834.SZ,20260424,109600,38.62,4232752.0,38.76,0.0569567,0.828536,19242.7
300835.SZ,20260424,3300,94.07,310431.0,94.95,0.00396901,0.0789912,8314.42
300836.SZ,20260424,142400,59.0,8401600.0,61.59,0.224421,8.72197,6345.22
300837.SZ,20260424,800,36.05,28840.0,36.3,0.0010583,0.0435222,7559.28
300838.SZ,20260424,3500,15.72,55020.0,15.78,0.00343964,0.136147,10175.5
300839.SZ,20260424,50500,14.71,742855.0,14.83,0.0174325,0.460336,28968.9
300840.SZ,20260424,5000,19.0,95000.0,19.08,0.0028235,0.081207,17708.5
300841.SZ,20260424,3800,58.18,221084.0,58.13,0.00319548,0.170463,11891.8
300842.SZ,20260424,12400,85.68,1062432.0,85.64,0.00960336,0.22037,12912.1
300843.SZ,20260424,12800,68.8,880640.0,69.05,0.007975,0.146605,16050.2
300844.SZ,20260424,3800,34.73,131974.0,34.83,0.00422035,0.455485,9003.99
300845.SZ,20260424,100400,13.12,1317248.0,13.6,0.0694285,0.992922,14460.9
300846.SZ,20260424,180900,28.75,5200875.0,29.01,0.0461472,0.407901,39200.7
300847.SZ,20260424,26400,16.03,423192.0,16.19,0.00891862,0.599378,29601.0
300848.SZ,20260424,90000,16.61,1494900.0,17.01,0.0355559,0.832557,25312.3
300849.SZ,20260424,1800,21.11,37998.0,21.21,0.00148187,0.0558057,12146.8
300850.SZ,20260424,26800,41.13,1102284.0,41.01,0.00891001,0.18343,30078.5
300851.SZ,20260424,13200,28.77,379764.0,28.87,0.0243947,1.60991,5411.0
300852.SZ,20260424,31700,46.99,1489583.0,47.53,0.0204574,0.490667,15495.6
300853.SZ,20260424,64500,25.81,1664745.0,25.85,0.0656061,0.766565,9831.4
300854.SZ,20260424,27400,29.35,804190.0,29.57,0.0336854,0.445635,8134.09
300855.SZ,20260424,9100,40.05,364455.0,40.34,0.00310627,0.0840701,29295.6
300856.SZ,20260424,18600,13.14,244404.0,13.18,0.0040458,0.512002,45973.6
300857.SZ,20260424,265772,255.0,67771860.0,257.11,0.0551319,0.880142,48206.6
300858.SZ,20260424,831600,23.64,19659024.0,23.15,0.424849,2.2325,19574.0
300859.SZ,20260424,40200,32.11,1290822.0,32.48,0.0259355,0.754024,15500.0
300860.SZ,20260424,71300,23.8,1696940.0,24.42,0.0651636,3.50146,10941.7
300861.SZ,20260424,13200,16.7,220440.0,16.8,0.00312896,0.153733,42186.5
300862.SZ,20260424,45100,23.26,1049026.0,23.43,0.0297747,0.696267,15147.1
300863.SZ,20260424,5300,57.32,303796.0,57.81,0.0029303,0.110661,18086.9
300864.SZ,20260424,1210,21.27,25736.7,21.3,0.000766256,0.072872,15791.1
300865.SZ,20260424,138000,29.76,4106880.0,29.83,0.240074,4.87996,5748.22
300866.SZ,20260424,27200,120.65,3281680.0,122.0,0.00884484,0.380702,30752.4
300867.SZ,20260424,447800,21.82,9770996.0,21.01,0.233682,5.0622,19162.8
300868.SZ,20260424,29000,71.55,2074950.0,72.68,0.0359401,0.582012,8068.98
300869.SZ,20260424,1000,12.82,12820.0,12.82,0.000378589,0.0297222,26413.9
300870.SZ,20260424,18600,354.12,6586632.0,357.0,0.0170613,0.279337,10901.9
300871.SZ,20260424,31800,26.87,854466.0,26.99,0.0157594,0.280835,20178.4
300872.SZ,20260424,70300,16.1,1131830.0,16.25,0.0166571,0.889112,42204.2
300873.SZ,20260424,10200,20.65,210630.0,20.7,0.00611365,0.256393,16684.0
300875.SZ,20260424,12600,39.66,499716.0,39.61,0.0143522,0.279006,8779.17
300876.SZ,20260424,1000,27.11,27110.0,27.28,0.00123297,0.0473135,8110.49
300877.SZ,20260424,13500,28.24,381240.0,28.63,0.0112501,0.656571,11999.9
300878.SZ,20260424,8300,25.28,209824.0,25.6,0.00575893,0.473878,14412.4
300879.SZ,20260424,37000,24.95,923150.0,25.15,0.0184054,0.821939,20102.8
300880.SZ,20260424,111500,23.2,2586800.0,23.38,0.0571454,1.26716,19511.6
300881.SZ,20260424,10100,47.77,482477.0,47.65,0.0175939,0.410288,5740.62
300882.SZ,20260424,3100,21.9,67890.0,22.04,0.00116398,0.0774392,26632.7
300883.SZ,20260424,24400,6.66,162504.0,6.71,0.00737886,0.196131,33067.5
300884.SZ,20260424,4000,12.95,51800.0,12.96,0.00208976,0.090775,19141.0
300885.SZ,20260424,6900,24.2,166980.0,24.22,0.0041313,0.0871259,16701.8
300886.SZ,20260424,7600,28.95,220020.0,29.21,0.0174127,0.541583,4364.63
300887.SZ,20260424,42800,9.62,411736.0,9.67,0.0118168,0.439402,36219.7
300888.SZ,20260424,21108,31.64,667857.12,31.64,0.00364125,0.369173,57969.1
300889.SZ,20260424,5500,24.97,137335.0,24.92,0.00375768,0.124812,14636.7
300890.SZ,20260424,629400,41.89,26365566.0,42.64,0.578146,3.17534,10886.5
300891.SZ,20260424,16300,8.38,136594.0,8.41,0.00488793,0.23472,33347.4
300892.SZ,20260424,24500,27.42,671790.0,27.69,0.0379477,1.4151,6456.25
300893.SZ,20260424,43606,23.4,1020380.4,23.71,0.0173823,1.37538,25086.5
300894.SZ,20260424,48400,10.0,484000.0,10.04,0.0164586,1.05623,29407.1
300895.SZ,20260424,435600,67.33,29328948.0,68.63,0.315259,2.28052,13817.2
300896.SZ,20260424,19900,116.51,2318549.0,117.43,0.00973337,0.810526,20445.1
300897.SZ,20260424,5300,26.47,140291.0,26.51,0.00606269,0.316597,8741.99
300898.SZ,20260424,36200,24.08,871696.0,24.38,0.0315523,0.676618,11473.0
300899.SZ,20260424,2000,36.2,72400.0,36.1,0.00488567,0.237008,4093.61
300900.SZ,20260424,248400,45.22,11232648.0,45.76,0.0967346,0.436591,25678.5
300901.SZ,20260424,81200,16.34,1326808.0,16.34,0.0338333,0.719969,24000.0
300902.SZ,20260424,11300,18.15,205095.0,18.15,0.00931934,0.199418,12125.3
300903.SZ,20260424,193700,42.4,8212880.0,42.64,0.0589838,0.548581,32839.5
300904.SZ,20260424,100,57.01,5701.0,57.01,0.000454892,0.0123066,2198.32
300905.SZ,20260424,115800,51.49,5962542.0,51.3,0.0829238,0.545911,13964.6
300906.SZ,20260424,12300,34.7,426810.0,35.0,0.0170385,0.35421,7218.95
300907.SZ,20260424,29200,28.64,836288.0,29.58,0.0304167,1.16247,9600.0
300908.SZ,20260424,1600,28.82,46112.0,28.82,0.00129656,0.0941731,12340.3
300909.SZ,20260424,1200,43.7,52440.0,43.91,0.000981908,0.0315643,12221.1
300910.SZ,20260424,30500,46.73,1425265.0,47.26,0.0147397,0.464365,20692.4
300911.SZ,20260424,22700,31.52,715504.0,31.82,0.0132487,0.272399,17133.7
300912.SZ,20260424,17700,25.4,449580.0,25.37,0.0205968,0.199068,8593.57
300913.SZ,20260424,8100,54.13,438453.0,54.78,0.00316674,0.109112,25578.4
300915.SZ,20260424,10000,23.86,238600.0,23.75,0.0173604,0.90004,5760.23
300916.SZ,20260424,337800,33.46,11302788.0,35.64,0.361573,4.7686,9342.52
300917.SZ,20260424,5600,32.61,182616.0,32.74,0.00331361,0.128131,16900.0
300918.SZ,20260424,29100,14.55,423405.0,14.49,0.00574946,0.230789,50613.4
300919.SZ,20260424,108400,58.14,6302376.0,57.1,0.0118795,0.540772,91249.5
300920.SZ,20260424,500,38.43,19215.0,39.0,0.000761401,0.0526271,6566.84
300921.SZ,20260424,15400,25.73,396242.0,25.87,0.0134262,0.200097,11470.1
300922.SZ,20260424,103300,19.0,1962700.0,19.56,0.0827231,3.29073,12487.4
300923.SZ,20260424,1800,27.38,49284.0,27.41,0.00235391,0.169941,7646.85
300925.SZ,20260424,68900,18.82,1296698.0,19.15,0.0197113,0.368305,34954.6
300926.SZ,20260424,40800,25.31,1032648.0,25.48,0.0136919,0.778575,29798.7
300927.SZ,20260424,108900,31.1,3386790.0,31.77,0.0773167,1.11545,14084.9
300928.SZ,20260424,13700,29.12,398944.0,29.59,0.0255662,1.09521,5358.65
300929.SZ,20260424,14200,12.49,177358.0,12.56,0.0112034,0.513944,12674.7
300930.SZ,20260424,4800,29.34,140832.0,29.38,0.0101857,0.514928,4712.5
300931.SZ,20260424,22500,13.12,295200.0,13.14,0.0121638,0.349523,18497.5
300932.SZ,20260424,22020,13.7,301674.0,13.73,0.00965816,0.199956,22799.4
300933.SZ,20260424,18500,7.77,143745.0,7.8,0.00338152,0.135937,54709.0
300935.SZ,20260424,10400,30.85,320840.0,31.16,0.0172587,0.487103,6025.95
300936.SZ,20260424,20300,75.88,1540364.0,76.22,0.0428079,0.360992,4742.12
300937.SZ,20260424,12500,27.71,346375.0,27.68,0.0187606,0.435127,6662.9
300938.SZ,20260424,322044,57.2,18420916.8,55.43,0.152378,1.14807,21134.6
300939.SZ,20260424,22100,39.71,877591.0,39.74,0.0184167,0.444531,12000.0
300940.SZ,20260424,9700,22.81,221257.0,22.86,0.00615954,0.191306,15747.9
300941.SZ,20260424,64300,18.48,1188264.0,18.69,0.060496,1.95781,10628.8
300942.SZ,20260424,11100,8.15,90465.0,8.16,0.00274027,0.226741,40506.9
300943.SZ,20260424,32200,29.25,941850.0,29.54,0.023969,0.360623,13434.0
300945.SZ,20260424,6000,15.28,91680.0,15.39,0.00251677,0.0976493,23840.1
300946.SZ,20260424,2500,45.9,114750.0,45.91,0.00329797,0.209974,7580.43
300947.SZ,20260424,6000,17.34,104040.0,17.34,0.00397147,0.17644,15107.8
300948.SZ,20260424,3900,19.25,75075.0,19.25,0.00257321,0.0954717,15156.2
300949.SZ,20260424,3600,37.5,135000.0,37.7,0.0104953,0.424228,3430.11
300950.SZ,20260424,4900,21.6,105840.0,21.72,0.00538682,0.231606,9096.28
300951.SZ,20260424,82500,33.86,2793450.0,34.28,0.0544934,1.81896,15139.4
300952.SZ,20260424,9600,35.61,341856.0,35.77,0.00904574,0.138173,10612.7
300953.SZ,20260424,29800,219.04,6527392.0,218.35,0.0239246,0.339861,12455.8
300955.SZ,20260424,2700,37.0,99900.0,36.97,0.00267857,0.103654,10080.0
300956.SZ,20260424,49800,14.39,716622.0,14.46,0.0236633,0.960673,21045.2
300957.SZ,20260424,12100,36.7,444070.0,36.88,0.00285647,0.190843,42360.0
300958.SZ,20260424,9800,13.24,129752.0,13.33,0.0107634,0.395294,9104.94
300959.SZ,20260424,88000,99.18,8727840.0,101.32,0.168083,1.58525,5235.52
300960.SZ,20260424,5000,23.1,115500.0,23.06,0.00382034,0.323064,13087.8
300961.SZ,20260424,197300,13.61,2685253.0,13.82,0.129319,2.86081,15256.9
300962.SZ,20260424,9500,16.06,152570.0,16.16,0.00359846,0.429726,26400.2
300963.SZ,20260424,13300,16.52,219716.0,16.54,0.00382772,0.166073,34746.6
300964.SZ,20260424,53700,67.67,3633879.0,69.6,0.095876,0.875511,5600.98
300965.SZ,20260424,21000,60.3,1266300.0,59.7,0.0388215,2.03338,5409.38
300966.SZ,20260424,22900,21.49,492121.0,21.67,0.0298696,1.431,7666.67
300967.SZ,20260424,13100,16.56,216936.0,16.55,0.0104974,0.181252,12479.3
300968.SZ,20260424,21800,11.63,253534.0,11.7,0.0052736,0.621184,41338.0
300969.SZ,20260424,10418,123.6,1287664.8,125.0,0.0205534,0.38598,5068.76
300970.SZ,20260424,561430,45.08,25309264.4,42.0,0.592492,4.02552,9475.74
300971.SZ,20260424,57100,23.81,1359551.0,23.65,0.0618951,1.04902,9225.28
300972.SZ,20260424,3300,215.36,710688.0,216.01,0.00185202,0.214756,17818.4
300973.SZ,20260424,8500,33.6,285600.0,33.62,0.00716908,0.411967,11856.5
300975.SZ,20260424,3242500,21.07,68319475.0,20.74,0.658947,7.83797,49207.3
300976.SZ,20260424,53800,62.02,3336676.0,60.04,0.0624295,3.52292,8617.73
300977.SZ,20260424,8000,20.0,160000.0,20.07,0.00843863,0.359372,9480.21
300978.SZ,20260424,21500,10.88,233920.0,10.92,0.0109753,0.800904,19589.5
300979.SZ,20260424,11100,42.3,469530.0,42.46,0.000951163,0.723786,116699.0
300980.SZ,20260424,7800,33.2,258960.0,33.1,0.00793155,0.160164,9834.14
300981.SZ,20260424,177400,14.34,2543916.0,14.47,0.0451359,1.3224,39303.5
300982.SZ,20260424,5000,21.95,109750.0,22.03,0.00257869,0.106001,19389.7
300983.SZ,20260424,4700,30.17,141799.0,30.22,0.00307571,0.587543,15281.0
300984.SZ,20260424,1700,59.55,101235.0,59.78,0.0019189,0.0608255,8859.25
300985.SZ,20260424,4579,22.41,102615.39,22.57,0.00246832,0.118452,18551.1
300986.SZ,20260424,101228,23.48,2376833.44,23.58,0.0245917,0.366148,41163.4
300987.SZ,20260424,24800,17.13,424824.0,17.17,0.0143048,0.78164,17336.8
300988.SZ,20260424,9800,27.45,269010.0,27.62,0.00918723,0.273059,10667.0
300989.SZ,20260424,14900,15.06,224394.0,15.05,0.00989289,0.41254,15061.3
300990.SZ,20260424,27800,87.0,2418600.0,88.66,0.0360447,0.419278,7712.65
300991.SZ,20260424,9100,49.0,445900.0,48.99,0.00987606,0.157384,9214.2
300992.SZ,20260424,7700,32.63,251251.0,33.11,0.00993517,0.157656,7750.25
300993.SZ,20260424,300,12.21,3663.0,12.18,0.000124041,0.014215,24185.5
300994.SZ,20260424,17200,14.98,257656.0,14.9,0.0147432,0.646863,11666.4
300995.SZ,20260424,20200,34.77,702354.0,35.48,0.033644,1.38261,6004.05
300996.SZ,20260424,11500,17.32,199180.0,17.41,0.00483125,0.144928,23803.3
300997.SZ,20260424,199400,20.5,4087700.0,19.83,0.0502151,1.40442,39709.1
300998.SZ,20260424,700,26.21,18347.0,26.18,0.000650071,0.0223578,10768.1
300999.SZ,20260424,34100,27.94,952754.0,27.96,0.00628401,0.405903,54264.7
301000.SZ,20260424,3400,29.25,99450.0,29.25,0.00148297,0.107051,22926.9
301001.SZ,20260424,1800,28.29,50922.0,28.48,0.00357853,0.142135,5030.0
301002.SZ,20260424,26900,45.22,1216418.0,45.56,0.0316526,0.359314,8498.52
301003.SZ,20260424,97300,64.69,6294337.0,64.71,0.129491,1.8058,7514.04
301004.SZ,20260424,600,48.86,29316.0,48.99,0.000440829,0.0767201,13610.7
301005.SZ,20260424,28687,173.0,4962851.0,174.9,0.0216717,0.250101,13237.1
301006.SZ,20260424,8300,17.39,144337.0,17.39,0.00964151,0.621592,8608.61
301007.SZ,20260424,12200,35.49,432978.0,35.97,0.00806211,0.324795,15132.5
301008.SZ,20260424,18600,31.72,589992.0,31.8,0.0160562,0.182923,11584.3
301009.SZ,20260424,4000,11.45,45800.0,11.51,0.00264839,0.204307,15103.5
301010.SZ,20260424,19100,20.29,387539.0,20.36,0.0176852,1.06453,10800.0
301011.SZ,20260424,1000,21.72,21720.0,21.77,0.00068228,0.0458472,14656.7
301012.SZ,20260424,56700,35.0,1984500.0,35.06,0.0287875,0.211299,19696.0
301013.SZ,20260424,62000,24.1,1494200.0,24.4,0.0327623,0.426438,18924.2
301015.SZ,20260424,31200,25.37,791544.0,25.57,0.00593656,0.207037,52555.7
301016.SZ,20260424,3200,23.57,75424.0,23.57,0.0015281,0.115464,20941.1
301017.SZ,20260424,65000,15.06,978900.0,15.27,0.0251262,0.468898,25869.4
301018.SZ,20260424,36600,124.1,4542060.0,124.1,0.0185076,0.208714,19775.7
301019.SZ,20260424,300,22.1,6630.0,22.14,0.000286781,0.0118136,10460.9
301020.SZ,20260424,29600,22.49,665704.0,22.67,0.0202186,1.411,14640.0
301021.SZ,20260424,22100,63.18,1396278.0,63.31,0.0144691,0.393679,15273.9
301022.SZ,20260424,126100,33.44,4216784.0,34.77,0.187688,1.38797,6718.59
301023.SZ,20260424,13200,40.09,529188.0,40.34,0.0303192,1.1498,4353.67
301024.SZ,20260424,5000,40.0,200000.0,40.25,0.00812216,0.44953,6156.0
301025.SZ,20260424,14300,10.98,157014.0,11.04,0.00515965,0.251409,27715.1
301026.SZ,20260424,600,29.94,17964.0,29.94,0.000524892,0.0162446,11430.9
301027.SZ,20260424,20100,24.6,494460.0,24.6,0.016999,0.270708,11824.2
301028.SZ,20260424,1700,14.08,23936.0,14.03,0.000684216,0.0660592,24845.9
301029.SZ,20260424,41800,27.38,1144484.0,27.46,0.00904995,0.439146,46188.1
301030.SZ,20260424,36500,11.27,411355.0,11.38,0.0180599,0.296647,20210.6
301031.SZ,20260424,5100,148.0,754800.0,148.82,0.00660589,0.225731,7720.38
301032.SZ,20260424,11100,13.13,145743.0,13.08,0.00694302,0.26976,15987.3
301033.SZ,20260424,2400,56.35,135240.0,56.56,0.00425011,0.30118,5646.91
301035.SZ,20260424,4600,78.61,361606.0,78.4,0.00164084,0.4566,28034.5
301036.SZ,20260424,8400,26.75,224700.0,26.75,0.011926,0.452013,7043.41
301037.SZ,20260424,8400,14.84,124656.0,14.87,0.0123533,0.59951,6799.78
301038.SZ,20260424,10800,20.62,222696.0,20.68,0.00484131,0.524663,22308.0
301039.SZ,20260424,34900,9.25,322825.0,9.29,0.00240287,0.357675,145243.0
301040.SZ,20260424,10900,32.4,353160.0,32.73,0.011551,0.183993,9436.41
301041.SZ,20260424,6100,29.12,177632.0,29.11,0.00772433,0.103617,7897.13
301042.SZ,20260424,3500,98.22,343770.0,98.3,0.00530136,0.19082,6602.08
301043.SZ,20260424,2100,51.8,108780.0,52.3,0.00370059,0.174831,5674.77
301045.SZ,20260424,3700,40.52,149924.0,40.26,0.00578505,0.118743,6395.8
301046.SZ,20260424,5500,24.92,137060.0,25.15,0.00426968,0.197758,12881.5
301047.SZ,20260424,2200,72.51,159522.0,72.67,0.00183976,0.261192,11958.1
301048.SZ,20260424,14300,10.69,152867.0,10.68,0.00268125,0.159812,53333.3
301049.SZ,20260424,5300,23.14,122642.0,23.15,0.0123756,0.315738,4282.64
301050.SZ,20260424,466300,41.04,19136952.0,48.7,0.221662,7.7805,21036.6
301051.SZ,20260424,1300,22.49,29237.0,22.49,0.000807413,0.0484955,16100.8
301052.SZ,20260424,9800,34.42,337316.0,34.44,0.0122201,0.178356,8019.59
301053.SZ,20260424,8800,60.18,529584.0,60.8,0.0101063,0.122644,8707.4
301055.SZ,20260424,36400,33.26,1210664.0,33.47,0.0233333,0.273333,15600.0
301056.SZ,20260424,25200,14.76,371952.0,14.84,0.0143185,0.324637,17599.6
301057.SZ,20260424,32700,33.3,1088910.0,33.6,0.0395946,1.02167,8258.7
301058.SZ,20260424,29000,9.95,288550.0,9.91,0.00566103,0.700529,51227.4
301059.SZ,20260424,4600,13.95,64170.0,14.01,0.00222505,0.186327,20673.7
301060.SZ,20260424,1200,9.43,11316.0,9.48,0.000333163,0.028233,36018.5
301061.SZ,20260424,3700,72.05,266585.0,71.62,0.0025458,0.270205,14533.7
301062.SZ,20260424,15300,8.29,126837.0,8.31,0.00488438,0.258468,31324.3
301063.SZ,20260424,10900,24.52,267268.0,24.62,0.0108515,0.459064,10044.7
301065.SZ,20260424,2000,22.9,45800.0,23.05,0.00231783,0.132715,8628.75
301066.SZ,20260424,30100,14.08,423808.0,14.09,0.012912,0.527213,23311.7
301067.SZ,20260424,3300,33.4,110220.0,33.7,0.00517007,0.242469,6382.89
301068.SZ,20260424,9000,38.5,346500.0,38.07,0.00893054,0.269074,10077.8
301069.SZ,20260424,13330,21.89,291793.7,22.02,0.00312343,0.161586,42677.4
301070.SZ,20260424,38200,98.72,3771104.0,98.72,0.0643587,0.485666,5935.48
301071.SZ,20260424,169900,50.51,8581649.0,50.64,0.0873099,1.09268,19459.4
301072.SZ,20260424,4900,22.58,110642.0,22.6,0.00729819,0.395648,6713.99
301073.SZ,20260424,14100,25.35,357435.0,25.55,0.00791337,0.180657,17817.9
301075.SZ,20260424,4700,75.0,352500.0,75.0,0.005875,0.131619,8000.0
301076.SZ,20260424,45700,37.83,1728831.0,38.15,0.0416196,1.1612,10980.4
301077.SZ,20260424,45700,31.8,1453260.0,32.16,0.0479022,0.554003,9540.26
301078.SZ,20260424,89700,8.79,788463.0,8.85,0.00714714,0.414027,125505.0
301079.SZ,20260424,50800,44.58,2264664.0,43.7,0.0660311,0.289545,7693.34
301080.SZ,20260424,20100,45.93,923193.0,46.2,0.0159526,0.48333,12599.8
301081.SZ,20260424,29400,15.27,448938.0,15.42,0.0134543,0.333156,21851.7
301082.SZ,20260424,5700,12.84,73188.0,12.9,0.00209015,0.078328,27270.8
301083.SZ,20260424,2300,16.36,37628.0,16.33,0.0026866,0.125642,8560.99
301085.SZ,20260424,13300,68.68,913444.0,69.29,0.0225761,0.177242,5891.17
301086.SZ,20260424,19700,186.01,3664397.0,189.96,0.0419859,0.649795,4692.05
301087.SZ,20260424,2000,53.54,107080.0,53.55,0.00103097,0.0600691,19399.1
301088.SZ,20260424,5500,14.38,79090.0,14.49,0.00292787,0.442254,18785.0
301089.SZ,20260424,1000,26.56,26560.0,26.81,0.00110534,0.0518621,9047.01
301090.SZ,20260424,102900,8.57,881853.0,8.59,0.00699561,0.272394,147092.0
301091.SZ,20260424,150600,22.16,3337296.0,23.01,0.0285617,2.0158,52728.0
301092.SZ,20260424,4900,33.9,166110.0,33.92,0.00807401,0.200831,6068.86
301093.SZ,20260424,44930,77.62,3487466.6,77.97,0.0286299,1.25355,15693.4
301095.SZ,20260424,18200,83.99,1528618.0,84.1,0.010519,0.195617,17302.0
301096.SZ,20260424,16200,57.0,923400.0,57.19,0.0195682,0.642292,8278.72
301097.SZ,20260424,22500,58.65,1319625.0,58.94,0.0777434,2.31263,2894.14
301098.SZ,20260424,65600,8.65,567440.0,8.67,0.0438241,1.3941,14968.9
301099.SZ,20260424,118200,53.39,6310698.0,54.22,0.131655,0.8896,8978.04
301100.SZ,20260424,10000,18.23,182300.0,18.33,0.0114286,0.88372,8750.0
301101.SZ,20260424,12300,35.7,439110.0,36.06,0.00644322,0.584933,19089.8
301102.SZ,20260424,8800,10.67,93896.0,10.74,0.00216749,0.343163,40600.0
301103.SZ,20260424,10800,18.93,204444.0,19.04,0.0068343,0.734338,15802.6
301105.SZ,20260424,1400,56.79,79506.0,56.81,0.00851711,0.180293,1643.75
301106.SZ,20260424,69700,31.49,2194853.0,33.05,0.0682565,2.12511,10211.5
301107.SZ,20260424,38400,26.92,1033728.0,27.92,0.0653929,3.80132,5872.19
301108.SZ,20260424,7800,27.73,216294.0,27.76,0.0120308,0.55083,6483.34
301109.SZ,20260424,133500,16.44,2194740.0,16.52,0.0579622,1.47961,23032.2
301110.SZ,20260424,52700,71.95,3791765.0,73.51,0.0806222,0.777675,6536.66
301111.SZ,20260424,9900,18.7,185130.0,18.9,0.0061875,0.223814,16000.0
301112.SZ,20260424,1400,33.2,46480.0,33.22,0.00126965,0.096303,11026.7
301113.SZ,20260424,6000,24.39,146340.0,24.54,0.0108921,0.468577,5508.59
301115.SZ,20260424,1000,20.78,20780.0,20.77,0.000646134,0.0309622,15476.7
301116.SZ,20260424,246400,11.22,2764608.0,10.34,0.0548803,8.86145,44897.7
301117.SZ,20260424,90600,43.9,3977340.0,44.89,0.114034,1.60452,7944.99
301118.SZ,20260424,6700,25.13,168371.0,25.19,0.00637777,0.336813,10505.2
301119.SZ,20260424,2000,42.42,84840.0,42.33,0.00237784,0.110544,8411.0
301120.SZ,20260424,569300,22.0,12524600.0,23.32,0.260406,2.95504,21862.0
301121.SZ,20260424,700,36.93,25851.0,36.93,0.00138363,0.0540155,5059.16
301122.SZ,20260424,900,30.99,27891.0,31.27,0.00118984,0.068831,7564.07
301123.SZ,20260424,71600,66.12,4734192.0,67.81,0.0306507,0.527281,23360.0
301125.SZ,20260424,3700,24.26,89762.0,24.27,0.00288811,0.0855376,12811.1
301126.SZ,20260424,28790,11.08,318993.2,11.13,0.02088,1.06438,13788.3
301127.SZ,20260424,13800,15.11,208518.0,15.21,0.00210932,0.129555,65424.1
301128.SZ,20260424,11000,180.11,1981210.0,181.5,0.0120889,0.142598,9099.24
301129.SZ,20260424,7300,26.39,192647.0,26.53,0.0110135,0.267203,6628.25
301130.SZ,20260424,5700,29.59,168663.0,29.68,0.00965818,0.472603,5901.74
301131.SZ,20260424,2600,41.82,108732.0,41.82,0.0066403,0.29024,3915.49
301132.SZ,20260424,7500,40.32,302400.0,40.72,0.00791687,0.115732,9473.44
301133.SZ,20260424,1300,46.29,60177.0,46.29,0.00116974,0.0391575,11113.6
301135.SZ,20260424,45500,27.67,1258985.0,27.91,0.0595077,3.99073,7646.08
301136.SZ,20260424,1500,15.62,23430.0,15.68,0.000545049,0.0246314,27520.5
301137.SZ,20260424,14600,43.52,635392.0,43.81,0.00803021,0.31918,18181.3
301138.SZ,20260424,10800,35.98,388584.0,35.86,0.0157526,0.478961,6856.01
301139.SZ,20260424,30600,17.16,525096.0,17.26,0.0401748,0.63836,7616.71
301141.SZ,20260424,20700,52.5,1086750.0,52.5,0.0465037,0.414973,4451.26
301148.SZ,20260424,96300,67.09,6460767.0,69.7,0.163572,1.68038,5887.31
301149.SZ,20260424,68400,12.86,879624.0,13.01,0.026184,0.611171,26122.9
301150.SZ,20260424,122900,55.11,6773019.0,56.33,0.0552148,0.667768,22258.5
301151.SZ,20260424,1300,18.37,23881.0,18.49,0.000769942,0.123805,16884.4
301152.SZ,20260424,14000,29.65,415100.0,29.88,0.0197185,0.248266,7099.94
301153.SZ,20260424,19200,23.65,454080.0,23.74,0.00578745,0.361395,33175.2
301155.SZ,20260424,10100,64.11,647511.0,64.4,0.00818814,0.19994,12334.9
301156.SZ,20260424,4100,18.83,77203.0,18.87,0.00459512,0.229891,8922.5
301157.SZ,20260424,11300,73.5,830550.0,74.36,0.0546949,0.196555,2066.01
301158.SZ,20260424,46300,24.18,1119534.0,24.23,0.0316056,0.480902,14649.3
301159.SZ,20260424,8200,39.42,323244.0,39.65,0.0154673,0.504031,5301.5
301160.SZ,20260424,5000,56.98,284900.0,57.32,0.00659172,0.228198,7585.27
301161.SZ,20260424,3000,30.99,92970.0,30.85,0.0025,0.124056,12000.0
301162.SZ,20260424,16700,71.38,1192046.0,71.19,0.0195952,0.802818,8522.48
301163.SZ,20260424,14400,29.89,430416.0,29.92,0.0263131,0.540816,5472.56
301165.SZ,20260424,27000,92.3,2492100.0,92.3,0.00339429,0.225672,79545.5
301166.SZ,20260424,8700,30.0,261000.0,30.16,0.015285,0.895314,5691.87
301167.SZ,20260424,25900,16.51,427609.0,16.53,0.0364981,1.38504,7096.27
301168.SZ,20260424,4300,42.37,182191.0,42.72,0.00451144,0.247017,9531.33
301169.SZ,20260424,7800,65.91,514098.0,65.92,0.0108306,0.446812,7201.8
301170.SZ,20260424,25700,28.0,719600.0,28.57,0.0765441,2.42343,3357.54
301171.SZ,20260424,522300,46.89,24490647.0,47.6,0.136668,1.11484,38216.6
301172.SZ,20260424,122294,31.43,3843700.42,32.06,0.123822,1.43979,9876.61
301173.SZ,20260424,500,41.96,20980.0,42.06,0.00162187,0.0705057,3082.87
301175.SZ,20260424,191500,6.2,1187300.0,6.21,0.0307937,0.730157,62188.0
301176.SZ,20260424,82400,30.25,2492600.0,28.64,0.0502275,1.22142,16405.4
301177.SZ,20260424,800,28.95,23160.0,28.95,0.000199995,0.0834974,40000.9
301178.SZ,20260424,43700,52.57,2297309.0,54.23,0.088325,1.74604,4947.63
301179.SZ,20260424,127400,25.99,3311126.0,26.02,0.0536409,0.58719,23750.5
301180.SZ,20260424,24300,17.81,432783.0,17.81,0.0148046,0.32624,16413.8
301181.SZ,20260424,3100,47.01,145731.0,47.26,0.00346978,0.059528,8934.27
301182.SZ,20260424,8300,65.41,542903.0,65.99,0.00866192,0.204568,9582.17
301183.SZ,20260424,64200,188.0,12069600.0,189.99,0.109363,0.621414,5870.33
301185.SZ,20260424,5000,18.42,92100.0,18.54,0.00357474,0.244992,13987.0
301186.SZ,20260424,45887,73.73,3383248.51,73.78,0.0606574,1.00348,7564.95
301187.SZ,20260424,10800,20.38,220104.0,20.39,0.00423641,0.518182,25493.3
301188.SZ,20260424,106169,26.48,2811355.12,26.56,0.0396839,0.359688,26753.7
301189.SZ,20260424,60500,80.9,4894450.0,80.88,0.0541349,0.626907,11175.8
301190.SZ,20260424,40700,23.53,957671.0,23.66,0.0255406,1.64013,15935.4
301191.SZ,20260424,15000,150.99,2264850.0,150.16,0.0287365,0.346433,5219.84
301192.SZ,20260424,12700,25.69,326263.0,25.74,0.0265309,0.589696,4786.88
301193.SZ,20260424,48350,21.73,1050645.5,21.98,0.0303351,0.56098,15938.6
301195.SZ,20260424,57900,31.29,1811691.0,32.4,0.0660112,6.38739,8771.23
301196.SZ,20260424,55100,116.7,6430170.0,121.0,0.0672266,1.13094,8196.16
301197.SZ,20260424,10700,28.4,303880.0,28.3,0.00983915,0.148498,10874.9
301198.SZ,20260424,52000,16.37,851240.0,16.52,0.0334288,0.753052,15555.4
301199.SZ,20260424,2600,22.22,57772.0,22.24,0.00362617,0.17876,7170.1
301200.SZ,20260424,12240,190.0,2325600.0,191.1,0.00290471,0.218312,42138.5
301201.SZ,20260424,8800,39.68,349184.0,39.97,0.00810729,0.144783,10854.4
301202.SZ,20260424,1000,41.15,41150.0,41.42,0.00268962,0.0462536,3718.0
301203.SZ,20260424,3200,44.05,140960.0,44.1,0.00729885,0.234056,4384.25
301205.SZ,20260424,90800,265.38,24096504.0,270.23,0.108867,0.856951,8340.47
301206.SZ,20260424,100,25.98,2598.0,25.99,7.67559e-05,0.011818,13028.3
301207.SZ,20260424,11300,19.01,214813.0,19.15,0.0018813,0.264973,60064.8
301208.SZ,20260424,800,34.0,27200.0,34.17,0.0012108,0.0843311,6607.21
301209.SZ,20260424,9600,96.0,921600.0,94.79,0.0100331,0.651754,9568.3
301210.SZ,20260424,7700,35.13,270501.0,35.15,0.0177158,0.164623,4346.39
301211.SZ,20260424,12800,11.4,145920.0,11.44,0.00306517,0.372674,41759.5
301212.SZ,20260424,17900,27.24,487596.0,28.23,0.0190933,1.73913,9375.0
301213.SZ,20260424,2000,70.05,140100.0,70.98,0.00386765,0.127819,5171.1
301215.SZ,20260424,56700,6.3,357210.0,6.26,0.00428766,0.562371,132240.0
301216.SZ,20260424,32800,30.15,988920.0,30.35,0.00598178,0.24522,54833.2
301217.SZ,20260424,258000,47.5,12255000.0,48.28,0.0311213,0.537468,82901.6
301218.SZ,20260424,3700,34.55,127835.0,34.83,0.00528052,0.111111,7006.88
301219.SZ,20260424,96600,81.0,7824600.0,81.25,0.045909,0.519655,21041.6
301220.SZ,20260424,5600,38.58,216048.0,38.58,0.0071947,0.242826,7783.5
301221.SZ,20260424,7600,53.15,403940.0,53.3,0.0121167,0.353081,6272.32
301222.SZ,20260424,63500,41.91,2661285.0,42.77,0.0795524,1.34849,7982.17
301223.SZ,20260424,5800,19.3,111940.0,19.14,0.00517788,0.296806,11201.5
301225.SZ,20260424,2100,109.15,229215.0,110.2,0.00702764,0.107946,2988.2
301226.SZ,20260424,126600,38.25,4842450.0,38.63,0.11636,2.29859,10880.0
301227.SZ,20260424,1300,32.09,41717.0,32.21,0.00240194,0.0421392,5412.3
301228.SZ,20260424,6900,55.65,383985.0,55.65,0.00577695,0.135473,11944.0
301229.SZ,20260424,22200,16.26,360972.0,16.45,0.0171719,0.711753,12928.1
301230.SZ,20260424,58700,42.57,2498859.0,42.78,0.0467298,0.645246,12561.6
301231.SZ,20260424,12800,30.65,392320.0,30.99,0.0195626,0.431671,6543.1
301232.SZ,20260424,35900,227.46,8165814.0,223.43,0.0803721,0.505987,4466.73
301233.SZ,20260424,24800,54.01,1339448.0,54.49,0.0880037,3.13671,2818.06
301234.SZ,20260424,800,40.18,32144.0,40.04,0.00199151,0.0780445,4017.06
301235.SZ,20260424,42000,53.5,2247000.0,53.5,0.0577358,0.535881,7274.51
301236.SZ,20260424,139200,42.9,5971680.0,42.55,0.0177165,0.520876,78570.9
301237.SZ,20260424,87700,71.04,6230208.0,71.87,0.150558,1.89981,5825.0
301238.SZ,20260424,10500,20.84,218820.0,20.89,0.00143182,0.0931465,73333.3
301239.SZ,20260424,18900,39.05,738045.0,39.44,0.0126321,0.829622,14961.9
301246.SZ,20260424,22400,23.42,524608.0,23.65,0.0131705,0.135628,17007.7
301248.SZ,20260424,299200,60.79,18188368.0,63.1,0.266361,2.76552,11232.9
301251.SZ,20260424,4500,64.5,290250.0,64.3,0.0083344,0.108751,5399.31
301252.SZ,20260424,39700,36.56,1451432.0,36.99,0.0839671,1.30482,4728.04
301255.SZ,20260424,14100,29.3,413130.0,29.13,0.0370273,0.328991,3808.0
301256.SZ,20260424,119100,13.95,1661445.0,14.11,0.0248125,0.798183,48000.0
301257.SZ,20260424,100,55.8,5580.0,56.21,0.000132769,0.00705952,7531.89
301258.SZ,20260424,38700,28.22,1092114.0,28.5,0.0434514,2.73514,8906.5
301259.SZ,20260424,7400,37.94,280756.0,38.23,0.0074845,0.117961,9887.1
301260.SZ,20260424,1500,15.26,22890.0,15.27,0.000733727,0.0915825,20443.6
301261.SZ,20260424,700,74.11,51877.0,74.71,0.0018675,0.0469693,3748.33
301262.SZ,20260424,82200,23.4,1923480.0,23.69,0.0673354,1.77894,12207.5
301263.SZ,20260424,4400,28.71,126324.0,28.77,0.00144934,0.104287,30358.6
301265.SZ,20260424,71500,25.98,1857570.0,26.21,0.0421091,0.362905,16979.7
301266.SZ,20260424,5800,41.68,241744.0,41.8,0.00555917,0.170352,10433.2
301267.SZ,20260424,39400,17.61,693834.0,17.67,0.00607608,0.965115,64844.4
301268.SZ,20260424,18300,21.43,392169.0,21.6,0.005309,0.432499,34469.8
301269.SZ,20260424,17300,86.41,1494893.0,86.78,0.00317177,0.332275,54543.8
301270.SZ,20260424,61300,33.33,2043129.0,34.0,0.0648726,1.34978,9449.28
301272.SZ,20260424,3000,42.2,126600.0,42.3,0.00957595,0.262441,3132.85
301273.SZ,20260424,7400,31.79,235246.0,32.01,0.0134579,0.60155,5498.62
301275.SZ,20260424,4100,41.0,168100.0,41.04,0.00139676,0.101457,29353.6
301276.SZ,20260424,2500,26.75,66875.0,26.75,0.00345936,0.105722,7226.76
301277.SZ,20260424,33500,11.35,380225.0,11.45,0.00854421,1.56354,39207.8
301278.SZ,20260424,56700,39.71,2251557.0,40.51,0.110307,0.996805,5140.2
301279.SZ,20260424,1000,28.36,28360.0,28.76,0.000995134,0.0597908,10048.9
301280.SZ,20260424,3100,61.6,190960.0,61.4,0.00772535,0.158611,4012.76
301281.SZ,20260424,27000,39.0,1053000.0,39.19,0.0380539,0.825832,7095.2
301282.SZ,20260424,99300,43.8,4349340.0,44.43,0.0844516,0.49774,11758.2
301283.SZ,20260424,1200,48.88,58656.0,48.92,0.00189643,0.0684099,6327.69
301285.SZ,20260424,3800,106.16,403408.0,106.14,0.00183868,0.0988733,20667.0
301286.SZ,20260424,14700,48.6,714420.0,47.92,0.00911462,0.438421,16127.9
301287.SZ,20260424,1800,40.63,73134.0,40.49,0.0105687,0.152263,1703.14
301288.SZ,20260424,500,18.26,9130.0,18.31,0.000640126,0.077884,7810.96
301289.SZ,20260424,2900,56.68,164372.0,57.16,0.00374189,0.353112,7750.09
301290.SZ,20260424,28000,28.89,808920.0,29.05,0.0410793,0.883703,6816.09
301291.SZ,20260424,25200,56.03,1411956.0,56.31,0.0155905,0.215566,16163.7
301292.SZ,20260424,175500,81.0,14215500.0,83.76,0.206304,0.83688,8506.86
301293.SZ,20260424,42600,66.6,2837160.0,67.15,0.0264686,0.512118,16094.6
301295.SZ,20260424,15000,46.25,693750.0,46.25,0.0510204,0.356968,2940.0
301296.SZ,20260424,5900,7.77,45843.0,7.81,0.00138137,0.306068,42711.2
301297.SZ,20260424,99000,41.11,4069890.0,41.43,0.0272744,0.464312,36297.8
301298.SZ,20260424,125400,15.74,1973796.0,16.17,0.115914,8.21757,10818.3
301299.SZ,20260424,7100,63.0,447300.0,63.39,0.0158556,0.362754,4477.92
301300.SZ,20260424,3900,45.18,176202.0,45.2,0.0100585,0.456108,3877.3
301301.SZ,20260424,43500,9.9,430650.0,9.86,0.00704132,0.351382,61778.2
301302.SZ,20260424,111100,25.06,2784166.0,25.02,0.0799338,1.21195,13899.0
301303.SZ,20260424,13300,15.98,212534.0,15.98,0.0130137,0.227501,10220.0
301305.SZ,20260424,7000,28.38,198660.0,28.39,0.00565824,0.138825,12371.3
301306.SZ,20260424,22700,167.05,3792035.0,168.8,0.0389365,0.301689,5830.0
301307.SZ,20260424,44400,42.21,1874124.0,41.77,0.0407371,0.447494,10899.2
301308.SZ,20260424,150055,359.01,53871245.55,358.19,0.0546859,1.07951,27439.4
301309.SZ,20260424,5300,33.6,178080.0,33.92,0.00874863,0.165612,6058.09
301310.SZ,20260424,29700,63.77,1893969.0,63.46,0.0679375,0.392368,4371.67
301311.SZ,20260424,5100,16.7,85170.0,16.75,0.002125,0.206481,24000.0
301312.SZ,20260424,40200,117.39,4719078.0,117.01,0.0663884,0.477714,6055.28
301313.SZ,20260424,15900,35.78,568902.0,35.65,0.021063,0.398049,7548.78
301314.SZ,20260424,5000,51.0,255000.0,50.66,0.0273862,0.262581,1825.74
301315.SZ,20260424,5100,50.99,260049.0,51.17,0.0137838,0.386882,3700.0
301316.SZ,20260424,25000,48.22,1205500.0,48.58,0.00624984,0.202009,40001.0
301317.SZ,20260424,65100,59.03,3842853.0,60.08,0.12472,1.13024,5219.67
301318.SZ,20260424,2100,27.13,56973.0,27.14,0.00236531,0.167752,8878.33
301319.SZ,20260424,67800,78.67,5333826.0,78.21,0.0724524,0.542816,9357.86
301320.SZ,20260424,1400,16.94,23716.0,17.03,0.00205251,0.0968584,6820.92
301321.SZ,20260424,12800,23.59,301952.0,23.69,0.00867089,0.2372,14762.0
301322.SZ,20260424,8900,36.22,322358.0,36.42,0.00936569,0.278003,9502.77
301323.SZ,20260424,13600,67.6,919360.0,68.6,0.0200967,0.50133,6767.3
301325.SZ,20260424,5400,44.91,242514.0,45.08,0.00932728,0.304544,5789.47
301326.SZ,20260424,15100,157.73,2381723.0,159.06,0.0209555,0.614022,7205.74
301327.SZ,20260424,12900,64.0,825600.0,64.29,0.00739758,0.330136,17438.1
301328.SZ,20260424,11200,62.5,700000.0,62.75,0.0101918,0.361412,10989.2
301329.SZ,20260424,9100,23.55,214305.0,23.26,0.0151808,0.453483,5994.4
301330.SZ,20260424,112500,36.17,4069125.0,36.81,0.0578937,2.52716,19432.2
301331.SZ,20260424,3900,26.02,101478.0,26.24,0.00379762,0.445639,10269.6
301332.SZ,20260424,32500,9.28,301600.0,9.27,0.0122689,1.86439,26489.8
301333.SZ,20260424,3100,66.53,206243.0,67.1,0.00321431,0.219944,9644.37
301335.SZ,20260424,1200,25.21,30252.0,25.41,0.00237043,0.0556691,5062.38
301336.SZ,20260424,2500,51.41,128525.0,51.81,0.0082155,0.278147,3043.03
301337.SZ,20260424,6800,27.1,184280.0,27.35,0.0183854,0.488247,3698.58
301338.SZ,20260424,32801,178.81,5865146.81,180.61,0.0554539,0.563039,5915.0
301339.SZ,20260424,16640,13.0,216320.0,13.12,0.00292032,0.481933,56980.0
301345.SZ,20260424,6800,283.82,1929976.0,283.57,0.0194121,0.313378,3502.97
301348.SZ,20260424,100800,23.66,2384928.0,23.69,0.0649739,1.03327,15513.9
301349.SZ,20260424,51500,62.5,3218750.0,61.84,0.0639084,1.05348,8058.41
301353.SZ,20260424,1600,27.64,44224.0,27.71,0.00501862,0.245305,3188.12
301355.SZ,20260424,5300,12.16,64448.0,12.21,0.00528913,0.170856,10020.5
301356.SZ,20260424,8200,20.38,167116.0,20.55,0.0149608,0.771279,5481.0
301357.SZ,20260424,58100,118.0,6855800.0,113.89,0.0610294,1.865,9520.0
301358.SZ,20260424,127800,86.33,11032974.0,86.28,0.0168172,0.510122,75993.8
301359.SZ,20260424,21200,21.01,445412.0,21.59,0.0297974,1.29115,7114.7
301360.SZ,20260424,1100,79.95,87945.0,79.68,0.00435436,0.0506725,2526.21
301361.SZ,20260424,300,36.1,10830.0,36.34,0.000985416,0.0147948,3044.4
301362.SZ,20260424,7000,149.3,1045100.0,150.49,0.0235929,0.202559,2967.0
301363.SZ,20260424,25600,26.13,668928.0,26.4,0.00685954,0.292516,37320.3
301365.SZ,20260424,37200,34.68,1290096.0,35.12,0.0366928,0.617591,10138.2
301366.SZ,20260424,10600,37.27,395062.0,37.43,0.00906011,0.200358,11699.6
301367.SZ,20260424,5300,71.6,379480.0,72.27,0.00757754,0.538793,6994.36
301368.SZ,20260424,1300,47.97,62361.0,48.0,0.0020274,0.04865,6412.14
301369.SZ,20260424,18200,164.99,3002818.0,167.29,0.0500503,1.19169,3636.34
301370.SZ,20260424,5600,10.16,56896.0,10.15,0.00172974,0.224771,32374.9
301371.SZ,20260424,115000,27.1,3116500.0,26.43,0.147835,2.13128,7778.94
301372.SZ,20260424,10900,32.14,350326.0,32.26,0.0264753,0.354561,4117.04
301373.SZ,20260424,144013,105.05,15128565.65,106.21,0.353119,1.67883,4078.31
301376.SZ,20260424,4300,16.42,70606.0,16.5,0.00222058,0.115358,19364.3
301377.SZ,20260424,21200,223.38,4735656.0,223.35,0.0298491,0.433057,7102.4
301378.SZ,20260424,11800,30.75,362850.0,31.0,0.0256999,0.702502,4591.45
301379.SZ,20260424,16900,25.45,430105.0,25.6,0.0132863,0.255169,12719.8
301380.SZ,20260424,3200,33.06,105792.0,33.26,0.00396341,0.257399,8073.86
301381.SZ,20260424,3100,21.45,66495.0,21.52,0.00158594,0.0651132,19546.8
301382.SZ,20260424,131845,39.83,5251386.35,40.68,0.0747893,0.526312,17628.9
301383.SZ,20260424,1300,28.08,36504.0,28.31,0.00184099,0.109877,7061.42
301386.SZ,20260424,25900,25.24,653716.0,25.93,0.0575556,1.35115,4500.0
301387.SZ,20260424,3500,62.4,218400.0,62.48,0.00819973,0.0802383,4268.43
301388.SZ,20260424,7000,31.49,220430.0,31.68,0.025588,0.405459,2735.66
301389.SZ,20260424,37800,59.81,2260818.0,59.81,0.0446972,0.32604,8456.9
301390.SZ,20260424,2000,35.06,70120.0,35.15,0.00651977,0.185179,3067.59
301391.SZ,20260424,1000,71.81,71810.0,72.1,0.00107717,0.0495385,9283.56
301392.SZ,20260424,39700,159.89,6347633.0,162.43,0.0973137,0.5915,4079.59
301393.SZ,20260424,48900,62.22,3042558.0,61.22,0.116139,1.58191,4210.48
301395.SZ,20260424,22300,12.3,274290.0,12.4,0.0162264,0.261688,13743.0
301396.SZ,20260424,130395,328.89,42885611.55,333.33,0.17139,0.888271,7608.11
301397.SZ,20260424,44430,36.51,1622139.3,37.23,0.0628094,0.702951,7073.78
301398.SZ,20260424,1800,45.36,81648.0,45.57,0.00483624,0.0948551,3721.9
301399.SZ,20260424,18900,22.5,425250.0,22.56,0.0345625,0.197311,5468.36
301408.SZ,20260424,374050,20.35,7611917.5,20.94,0.16337,0.962465,22895.9
301413.SZ,20260424,46800,112.2,5250960.0,115.71,0.0796597,1.40906,5874.99
301418.SZ,20260424,5700,39.47,224979.0,39.63,0.0193638,0.52386,2943.63
301419.SZ,20260424,26800,42.46,1137928.0,42.57,0.0337844,0.364742,7932.66
301421.SZ,20260424,13500,95.23,1285605.0,96.4,0.0291523,0.216237,4630.85
301428.SZ,20260424,28300,32.88,930504.0,33.33,0.0462443,0.641195,6119.67
301429.SZ,20260424,10200,19.47,198594.0,19.43,0.0231602,0.890195,4404.11
301439.SZ,20260424,9500,15.67,148865.0,15.77,0.00518426,0.243283,18324.7
301446.SZ,20260424,3400,38.9,132260.0,38.73,0.010943,0.258081,3107.0
301448.SZ,20260424,6200,39.8,246760.0,38.75,0.0128411,0.724951,4828.25
301449.SZ,20260424,4400,78.36,344784.0,79.17,0.0316245,0.25302,1391.33
301456.SZ,20260424,2900,29.58,85782.0,29.78,0.00479338,0.21271,6050.01
301458.SZ,20260424,63313,39.32,2489467.16,39.71,0.0538917,0.443401,11748.2
301459.SZ,20260424,3700,36.98,136826.0,36.92,0.0141768,0.359606,2609.9
301468.SZ,20260424,116400,54.3,6320520.0,55.18,0.155195,1.98012,7500.26
301469.SZ,20260424,6800,36.19,246092.0,36.04,0.0147638,0.311539,4605.87
301479.SZ,20260424,7300,109.0,795700.0,110.65,0.0143336,0.143904,5092.92
301486.SZ,20260424,72800,200.0,14560000.0,205.45,0.100478,0.524881,7245.38
301487.SZ,20260424,19400,22.85,443290.0,22.94,0.00711159,0.148932,27279.4
301488.SZ,20260424,1000,133.2,133200.0,132.9,0.00427128,0.0886961,2341.22
301489.SZ,20260424,7500,208.99,1567425.0,208.99,0.0157562,0.168325,4760.04
301491.SZ,20260424,2300,48.51,111573.0,48.61,0.00804661,0.31859,2858.34
301498.SZ,20260424,65100,56.6,3684660.0,57.0,0.0362992,0.598214,17934.3
301499.SZ,20260424,6900,34.73,239637.0,34.77,0.0199631,0.187206,3456.37
301500.SZ,20260424,68100,25.07,1707267.0,25.3,0.047275,0.520665,14405.1
301501.SZ,20260424,700,37.78,26446.0,37.93,0.0016092,0.0797214,4350.0
301502.SZ,20260424,3000,47.79,143370.0,47.81,0.0127189,0.192524,2358.7
301503.SZ,20260424,9700,35.61,345417.0,35.51,0.0298645,1.23579,3248.0
301505.SZ,20260424,97500,22.68,2211300.0,23.09,0.124694,2.18092,7819.16
301507.SZ,20260424,8100,14.12,114372.0,14.08,0.00735115,0.276647,11018.7
301508.SZ,20260424,4800,29.53,141744.0,29.7,0.00815822,0.420648,5883.64
301509.SZ,20260424,17000,41.25,701250.0,41.84,0.0299607,0.265816,5674.09
301510.SZ,20260424,244400,34.25,8370700.0,32.48,0.0875486,3.77084,27915.9
301511.SZ,20260424,129300,63.0,8145900.0,63.38,0.034514,0.284025,37463.1
301512.SZ,20260424,3900,48.14,187746.0,47.73,0.0157173,0.209021,2481.34
301513.SZ,20260424,67300,83.05,5589265.0,85.92,0.334012,0.640884,2014.9
301515.SZ,20260424,74200,22.14,1642788.0,22.58,0.113161,5.59182,6557.06
301516.SZ,20260424,105500,19.11,2016105.0,19.27,0.150338,1.26873,7017.54
301517.SZ,20260424,25900,70.2,1818180.0,70.02,0.0263863,0.229077,9815.71
301518.SZ,20260424,2700,41.97,113319.0,42.24,0.00504686,0.103872,5349.87
301519.SZ,20260424,14000,14.22,199080.0,14.34,0.0185488,0.768758,7547.66
301520.SZ,20260424,4100,40.79,167239.0,40.94,0.0174678,0.339698,2347.17
301522.SZ,20260424,64200,31.7,2035140.0,31.98,0.0228131,1.12477,28141.7
301525.SZ,20260424,2000,73.8,147600.0,74.04,0.00404848,0.159496,4940.12
301526.SZ,20260424,3160852,14.59,46116830.68,14.99,0.225069,1.73751,140439.0
301528.SZ,20260424,9100,68.5,623350.0,67.8,0.0285867,0.493007,3183.3
301529.SZ,20260424,10000,120.73,1207300.0,119.21,0.0221051,0.274558,4523.85
301533.SZ,20260424,1100,31.61,34771.0,31.8,0.00386824,0.165354,2843.67
301535.SZ,20260424,23300,19.1,445030.0,19.33,0.0137223,0.656784,16979.6
301536.SZ,20260424,1081308,88.0,95155104.0,83.33,0.577643,12.0743,18719.3
301538.SZ,20260424,17600,76.64,1348864.0,79.35,0.0563747,1.08825,3121.97
301539.SZ,20260424,2900,19.01,55129.0,19.14,0.00386348,0.203281,7506.18
301548.SZ,20260424,28400,84.0,2385600.0,84.03,0.108252,0.811676,2623.5
301550.SZ,20260424,25100,151.54,3803654.0,151.54,0.0177914,0.47523,14108.0
301551.SZ,20260424,8600,29.27,251722.0,29.27,0.00556441,0.231732,15455.4
301552.SZ,20260424,72800,41.21,3000088.0,42.48,0.305882,2.7294,2380.0
301555.SZ,20260424,8200,36.21,296922.0,36.11,0.0169606,0.33537,4834.73
301556.SZ,20260424,4300,89.74,385882.0,90.42,0.0145862,0.160871,2948.0
301557.SZ,20260424,4000,106.46,425840.0,107.46,0.0225162,0.3635,1776.5
301558.SZ,20260424,6000,8.28,49680.0,8.29,0.00273621,0.0937823,21928.2
301559.SZ,20260424,12200,16.63,202886.0,16.7,0.0135556,0.561678,9000.0
301560.SZ,20260424,21500,39.45,848175.0,39.43,0.0884046,0.613671,2432.0
301563.SZ,20260424,3300,164.08,541464.0,163.72,0.0224188,0.216019,1471.98
301565.SZ,20260424,5500,21.11,116105.0,21.14,0.00429654,0.202316,12801.0
301566.SZ,20260424,73100,23.57,1722967.0,24.0,0.0352288,0.371496,20750.1
301567.SZ,20260424,6500,41.12,267280.0,41.28,0.0306029,0.78451,2123.99
301568.SZ,20260424,19200,54.66,1049472.0,54.76,0.0403367,0.441388,4759.94
301571.SZ,20260424,7800,69.84,544752.0,70.22,0.00654544,0.137766,11916.7
301575.SZ,20260424,39400,46.55,1834070.0,45.27,0.226326,5.58724,1740.85
301577.SZ,20260424,3900,64.7,252330.0,65.35,0.0206994,0.217638,1884.12
301578.SZ,20260424,3200,32.8,104960.0,32.96,0.013811,0.570674,2316.99
301580.SZ,20260424,15900,77.36,1230024.0,78.03,0.0220781,0.2613,7201.7
301581.SZ,20260424,27800,45.99,1278522.0,45.31,0.0657296,6.07065,4229.45
301584.SZ,20260424,13300,26.93,358169.0,27.12,0.0247606,0.412263,5371.43
301585.SZ,20260424,1500,28.35,42525.0,28.48,0.00220235,0.150923,6810.89
301586.SZ,20260424,900,42.32,38088.0,42.54,0.00170097,0.110759,5291.11
301587.SZ,20260424,33000,27.44,905520.0,27.62,0.0449267,0.319903,7345.3
301588.SZ,20260424,328200,29.17,9573594.0,26.75,0.447388,4.2096,7335.92
301589.SZ,20260424,300,168.99,50697.0,169.5,0.000870449,0.0638209,3446.5
301590.SZ,20260424,2700,183.99,496773.0,185.72,0.0313856,0.445084,860.268
301591.SZ,20260424,5200,40.75,211900.0,40.94,0.0153172,0.475382,3394.87
301592.SZ,20260424,1400,126.11,176554.0,126.8,0.00599355,0.103949,2335.84
301595.SZ,20260424,2100,45.32,95172.0,45.4,0.00861963,0.118745,2436.3
301596.SZ,20260424,2700,67.3,181710.0,67.29,0.00862162,0.188733,3131.66
301598.SZ,20260424,5300,62.09,329077.0,62.23,0.0302033,0.635065,1754.77
301600.SZ,20260424,800,107.15,85720.0,107.1,0.00247997,0.0803809,3225.85
301601.SZ,20260424,104400,23.02,2403288.0,23.73,0.12358,4.90153,8448.0
301602.SZ,20260424,600,18.93,11358.0,18.93,0.000287771,0.0367117,20849.9
301603.SZ,20260424,46400,107.27,4977328.0,108.0,0.122971,0.528127,3773.25
301606.SZ,20260424,5000,72.32,361600.0,72.5,0.00303033,0.159402,16499.9
301607.SZ,20260424,48700,53.95,2627365.0,53.35,0.0435422,0.688623,11184.5
301608.SZ,20260424,6200,90.0,558000.0,90.07,0.0155244,0.305944,3993.72
301609.SZ,20260424,10400,45.82,476528.0,46.21,0.0283781,0.40948,3664.8
301611.SZ,20260424,70900,106.81,7572829.0,106.7,0.0483686,0.424748,14658.3
301613.SZ,20260424,1800,45.75,82350.0,46.0,0.00214538,0.153586,8390.12
301616.SZ,20260424,2700,48.51,130977.0,48.68,0.00950644,0.322151,2840.18
301617.SZ,20260424,25400,59.77,1518158.0,59.0,0.0478884,0.804644,5304.0
301618.SZ,20260424,9700,48.33,468801.0,48.69,0.0292571,2.24371,3315.43
301622.SZ,20260424,9000,56.21,505890.0,56.54,0.0139191,0.387551,6465.94
301626.SZ,20260424,4000,264.98,1059920.0,264.99,0.00760182,0.154977,5261.9
301628.SZ,20260424,40700,108.68,4423276.0,110.67,0.146005,1.64965,2787.58
301629.SZ,20260424,14500,325.0,4712500.0,327.0,0.0755364,0.46046,1919.61
301630.SZ,20260424,58400,219.3,12807120.0,214.1,0.584,3.9878,1000.0
301631.SZ,20260424,25100,108.71,2728621.0,108.92,0.0817443,0.601873,3070.55
301632.SZ,20260424,5900,20.74,122366.0,20.8,0.00805329,0.353305,7326.2
301633.SZ,20260424,1300,62.3,80990.0,62.22,0.00509591,0.429905,2551.06
301636.SZ,20260424,14500,67.0,971500.0,68.2,0.0908125,0.436416,1596.7
301638.SZ,20260424,186500,28.0,5222000.0,28.46,0.0793684,0.509344,23498.0
301656.SZ,20260424,30100,21.65,651665.0,21.7,0.0147818,0.454032,20362.9
301658.SZ,20260424,55100,41.39,2280589.0,41.75,0.0565612,0.569911,9741.67
301662.SZ,20260424,3200,155.73,498336.0,155.73,0.0104054,0.103788,3075.31
301665.SZ,20260424,2100,26.31,55251.0,26.31,0.00201594,0.106059,10417.0
301666.SZ,20260424,174486,220.03,38392154.58,221.99,0.658032,1.55945,2651.63
301667.SZ,20260424,90200,111.21,10031142.0,115.69,0.400988,1.05997,2249.45
301668.SZ,20260424,1600,49.15,78640.0,49.54,0.00657663,0.109544,2432.86
301678.SZ,20260424,2000,59.02,118040.0,59.36,0.0041744,0.0848552,4791.11
301680.SZ,20260424,3800,101.39,385282.0,102.27,0.0226157,0.170495,1680.25
301682.SZ,20260424,18500,122.52,2266620.0,123.54,0.0720214,0.378169,2568.68
301683.SZ,20260424,15800,130.5,2061900.0,131.53,0.110756,0.408102,1426.56
301687.SZ,20260424,14400,58.5,842400.0,57.86,0.0487552,0.367521,2953.53
301696.SZ,20260424,52000,93.88,4881760.0,94.58,0.172853,0.521168,3008.34
302132.SZ,20260424,19600,68.55,1343580.0,68.84,0.00334431,0.366311,58606.9
920000.BJ,20260424,6041,16.68,100763.88,16.32,0.010489,0.640127,5759.39
920001.BJ,20260424,1500,15.6,23400.0,15.5,0.00169126,0.0604446,8869.1
920002.BJ,20260424,2048,85.21,174510.08,85.5,0.00642911,0.249709,3185.51
920003.BJ,20260424,23147,31.5,729130.5,31.98,0.173847,1.26583,1331.46
920005.BJ,20260424,1628,35.75,58201.0,36.03,0.00757209,0.312056,2150.0
920006.BJ,20260424,3228,22.61,72985.08,22.68,0.00675355,0.203498,4779.71
920007.BJ,20260424,0,,0.0,55.59,0.0,0.0,1064.29
920008.BJ,20260424,1000,26.18,26180.0,26.29,0.00293939,0.0762295,3402.07
920009.BJ,20260424,0,,0.0,66.48,0.0,0.0,720.0
920010.BJ,20260424,174731,12.58,2198115.98,12.48,0.100626,1.05846,17364.3
920011.BJ,20260424,4236,25.53,108145.08,25.6,0.0227742,0.0948086,1860.0
920012.BJ,20260424,35474,60.31,2139436.94,60.18,0.267352,0.603953,1326.87
920014.BJ,20260424,3613,12.61,45559.93,12.66,0.00538873,0.0893059,6704.73
920015.BJ,20260424,27794,41.33,1148726.02,41.96,0.0694634,1.20521,4001.24
920016.BJ,20260424,2808,17.16,48185.28,17.19,0.0082016,0.319964,3423.72
920017.BJ,20260424,200,17.24,3448.0,17.37,0.000161931,0.0109403,12351.0
920018.BJ,20260424,8467,28.76,243510.92,28.92,0.0191458,0.425321,4422.38
920019.BJ,20260424,1300,18.4,23920.0,18.33,0.000775954,0.0472292,16753.6
920020.BJ,20260424,2550,15.71,40060.5,15.75,0.00462787,0.274677,5510.09
920021.BJ,20260424,157469,9.99,1573115.31,10.05,0.0636098,0.591866,24755.5
920022.BJ,20260424,1500,26.86,40290.0,26.96,0.00902799,0.248403,1661.5
920023.BJ,20260424,72638,3.09,224451.42,3.09,0.0270222,0.916492,26880.9
920026.BJ,20260424,1100,36.77,40447.0,36.86,0.00295583,0.0703503,3721.46
920027.BJ,20260424,1581,18.0,28458.0,18.0,0.00374613,0.0925853,4220.35
920028.BJ,20260424,8178,16.08,131502.24,16.19,0.0192156,0.125483,4255.91
920029.BJ,20260424,900,85.95,77355.0,85.95,0.000665955,0.1082,13514.4
920030.BJ,20260424,3034,5.65,17142.1,5.66,0.00269751,0.166112,11247.4
920033.BJ,20260424,0,,0.0,15.38,0.0,0.0,8276.1
920035.BJ,20260424,1434,37.2,53344.8,37.0,0.0110189,0.10014,1301.4
920036.BJ,20260424,5801,48.0,278448.0,48.04,0.0444137,0.206923,1306.13
920037.BJ,20260424,1970,75.71,149148.7,75.54,0.00666344,0.137178,2956.43
920039.BJ,20260424,548,9.65,5288.2,9.7,0.000356261,0.042778,15382.0
920045.BJ,20260424,11108,577.0,6409316.0,590.0,0.0551881,0.631561,2012.75
920046.BJ,20260424,20210,26.65,538596.5,26.82,0.03154,0.30845,6407.73
920047.BJ,20260424,41758,26.7,1114938.6,26.94,0.0231852,0.521354,18010.6
920050.BJ,20260424,2800,33.83,94724.0,33.63,0.0154673,0.416614,1810.27
920055.BJ,20260424,12039,34.51,415465.89,35.09,0.0786863,0.491776,1530.0
920056.BJ,20260424,0,,0.0,22.16,0.0,0.0,3084.39
920057.BJ,20260424,10858,6.22,67536.76,6.22,0.00943594,0.704345,11507.1
920058.BJ,20260424,191,27.6,5271.6,27.75,0.00069217,0.0388915,2759.44
920060.BJ,20260424,37301,34.1,1271964.1,34.45,0.039337,0.458613,9482.43
920061.BJ,20260424,320,23.63,7561.6,23.6,0.000812917,0.0278141,3936.44
920062.BJ,20260424,7047,10.33,72795.51,10.36,0.00527826,0.13203,13351.0
920066.BJ,20260424,1100,21.99,24189.0,21.92,0.00553506,0.204919,1987.33
920068.BJ,20260424,1100,20.73,22803.0,20.73,0.00175427,0.0300045,6270.43
920069.BJ,20260424,64666,39.5,2554307.0,36.93,0.437591,3.27329,1477.77
920075.BJ,20260424,1878,21.39,40170.42,21.3,0.00538435,0.242509,3487.89
920076.BJ,20260424,0,,0.0,20.6,0.0,0.0,1976.14
920077.BJ,20260424,77051,18.04,1390000.04,18.25,0.0253997,0.579577,30335.3
920078.BJ,20260424,81307,26.51,2155448.57,27.61,0.392787,1.01387,2070.0
920080.BJ,20260424,900,23.56,21204.0,23.46,0.00391718,0.135087,2297.57
920082.BJ,20260424,0,,0.0,15.3,0.0,0.0,3956.7
920086.BJ,20260424,3834,30.8,118087.2,30.83,0.0143357,0.134578,2674.45
920087.BJ,20260424,11080,14.63,162100.4,14.68,0.0067542,0.205634,16404.6
920088.BJ,20260424,71904,52.35,3764174.4,52.36,0.220793,1.15514,3256.62
920089.BJ,20260424,2100,18.61,39081.0,18.59,0.00244707,0.0908448,8581.67
920091.BJ,20260424,1800,58.88,105984.0,59.0,0.0124136,0.12047,1450.02
920092.BJ,20260424,9556,30.66,292986.96,30.63,0.0289985,0.622709,3295.34
920098.BJ,20260424,1300,26.39,34307.0,26.33,0.0023476,0.122862,5537.57
920099.BJ,20260424,21809,33.32,726675.88,33.4,0.044983,1.68247,4848.27
920100.BJ,20260424,300,49.15,14745.0,49.15,0.00153295,0.0335929,1957.01
920101.BJ,20260424,1000,34.92,34920.0,34.73,0.00359473,0.0966855,2781.85
920106.BJ,20260424,1800,66.0,118800.0,66.33,0.00412325,0.146882,4365.49
920108.BJ,20260424,1300,11.32,14716.0,11.4,0.00178161,0.125264,7296.77
920110.BJ,20260424,151,34.7,5239.7,34.94,0.00092986,0.0905277,1623.9
920111.BJ,20260424,330951,36.2,11980426.2,37.6,0.439579,2.48501,7528.81
920112.BJ,20260424,0,,0.0,33.51,0.0,0.0,2318.3
920116.BJ,20260424,5902,98.8,583117.6,98.62,0.00384558,0.123113,15347.5
920118.BJ,20260424,1517,20.95,31781.15,20.71,0.0048406,0.283181,3133.91
920119.BJ,20260424,3545,94.2,333939.0,93.22,0.0186807,0.258966,1897.68
920121.BJ,20260424,0,,0.0,36.16,0.0,0.0,1189.23
920122.BJ,20260424,400,26.48,10592.0,26.4,0.00107023,0.0471293,3737.51
920123.BJ,20260424,30886,13.69,422829.34,13.81,0.0485378,2.03959,6363.29
920124.BJ,20260424,0,,0.0,16.09,0.0,0.0,7653.14
920128.BJ,20260424,14500,24.8,359600.0,25.02,0.0379234,1.93237,3823.5
920130.BJ,20260424,1422,19.95,28368.9,19.82,0.00251292,0.110178,5658.76
920132.BJ,20260424,388,13.54,5253.52,13.63,0.00137964,0.0453459,2812.32
920139.BJ,20260424,19564,18.46,361151.44,18.28,0.00752665,0.333166,25993.0
920145.BJ,20260424,3476,14.68,51027.68,14.68,0.00715329,0.342487,4859.3
920146.BJ,20260424,3739,6.98,26098.22,6.99,0.0034899,0.113428,10713.8
920149.BJ,20260424,3419,10.17,34771.23,10.23,0.00540408,0.335267,6326.7
920152.BJ,20260424,2000,15.51,31020.0,15.5,0.00243424,0.11155,8216.12
920158.BJ,20260424,6708,17.01,114103.08,17.08,0.0175881,0.172784,3813.94
920159.BJ,20260424,11575,41.85,484413.75,42.68,0.0803819,0.558373,1440.0
920160.BJ,20260424,1674,23.14,38736.36,22.97,0.0065678,0.171705,2548.8
920163.BJ,20260424,291,12.52,3643.32,12.59,0.000484258,0.0321483,6009.2
920166.BJ,20260424,2350,28.05,65917.5,28.27,0.00988861,0.181039,2376.47
920167.BJ,20260424,100,17.26,1726.0,17.21,0.00015299,0.006804,6536.38
920168.BJ,20260424,800,21.67,17336.0,21.65,0.00283945,0.0453954,2817.45
920169.BJ,20260424,7673,29.94,229729.62,29.78,0.0151034,0.290691,5080.32
920171.BJ,20260424,6149,20.8,127899.2,20.69,0.00909185,0.105809,6763.2
920174.BJ,20260424,2600,38.59,100334.0,38.61,0.00298848,0.168581,8700.08
920175.BJ,20260424,6576,10.16,66812.16,10.26,0.00829509,0.217898,7927.59
920177.BJ,20260424,14161,34.1,482890.1,34.55,0.120294,0.279454,1177.2
920179.BJ,20260424,109756,48.92,5369263.52,50.5,0.183789,1.6588,5971.85
920180.BJ,20260424,1000,16.26,16260.0,16.21,0.00280352,0.0440479,3566.95
920181.BJ,20260424,29313,87.18,2555507.34,86.89,0.292545,0.728318,1002.0
920183.BJ,20260424,700,38.97,27279.0,38.9,0.00622232,0.0635162,1124.98
920184.BJ,20260424,0,,0.0,16.06,0.0,0.0,8936.79
920185.BJ,20260424,16758,31.37,525698.46,31.3,0.0014994,0.114477,111765.0
920187.BJ,20260424,39326,38.2,1502253.2,37.2,0.17178,3.34924,2289.33
920188.BJ,20260424,25924,25.03,648877.72,25.39,0.13097,0.633084,1979.39
920190.BJ,20260424,1000,22.52,22520.0,22.58,0.0010056,0.0549041,9944.3
920191.BJ,20260424,58283,12.55,731451.65,12.63,0.146018,0.293858,3991.5
920195.BJ,20260424,0,,0.0,19.83,0.0,0.0,7075.9
920198.BJ,20260424,100,8.78,878.0,8.79,0.000141912,0.00487884,7046.6
920199.BJ,20260424,19593,33.49,656169.57,33.87,0.0516594,1.17857,3792.73
920204.BJ,20260424,4333,15.68,67941.44,15.8,0.0086676,0.312659,4999.07
920207.BJ,20260424,29596,31.9,944112.4,31.96,0.0525549,0.477299,5631.45
920208.BJ,20260424,300,23.88,7164.0,23.92,0.000294468,0.0211743,10187.9
920212.BJ,20260424,441,11.9,5247.9,11.98,0.000854614,0.0420123,5160.23
920221.BJ,20260424,1500,14.71,22065.0,14.85,0.00242856,0.152515,6176.49
920223.BJ,20260424,1860,18.26,33963.6,18.29,0.00227987,0.0330083,8158.38
920225.BJ,20260424,6589,29.12,191871.68,29.09,0.00795945,0.0898015,8278.22
920227.BJ,20260424,100,60.41,6041.0,60.86,0.000564391,0.0128505,1771.82
920230.BJ,20260424,20875,12.0,250500.0,11.88,0.044182,0.403481,4724.77
920237.BJ,20260424,3905,20.17,78763.85,20.06,0.00460725,0.14358,8475.77
920239.BJ,20260424,600,30.1,18060.0,30.24,0.000334383,0.0257235,17943.5
920242.BJ,20260424,1543,25.79,39793.97,25.79,0.00409648,0.0933193,3766.65
920245.BJ,20260424,1012,25.3,25603.6,25.46,0.00266344,0.156205,3799.6
920247.BJ,20260424,1200,21.45,25740.0,21.45,0.00105,0.0373165,11428.6
920249.BJ,20260424,85687,10.1,865438.7,10.24,0.0687313,0.318525,12467.0
920252.BJ,20260424,3050,27.3,83265.0,27.3,0.00447009,0.0771022,6823.12
920260.BJ,20260424,600,10.11,6066.0,10.14,0.000606803,0.033619,9887.88
920261.BJ,20260424,22733,15.78,358726.74,15.79,0.0132786,0.775076,17120.1
920262.BJ,20260424,800,20.33,16264.0,20.4,0.0025653,0.107018,3118.54
920263.BJ,20260424,100,11.68,1168.0,11.7,9.74718e-05,0.00902988,10259.4
920266.BJ,20260424,4765,8.24,39263.6,8.24,0.00402142,0.420317,11849.0
920267.BJ,20260424,267,19.22,5131.74,19.35,0.000899685,0.044475,2967.7
920270.BJ,20260424,200,15.95,3190.0,16.08,0.000246523,0.0141586,8112.83
920271.BJ,20260424,128313,14.04,1801514.52,14.43,0.221648,16.0548,5789.04
920273.BJ,20260424,27679,24.05,665679.95,24.05,0.0403069,1.12972,6867.07
920274.BJ,20260424,100,22.13,2213.0,22.27,0.000122951,0.00554278,8133.33
920275.BJ,20260424,714,7.38,5269.32,7.41,0.00054126,0.0394112,13191.5
920278.BJ,20260424,668,8.01,5350.68,7.99,0.000902118,0.0335344,7404.8
920284.BJ,20260424,11108,31.8,353234.4,32.12,0.0163926,0.259016,6776.23
920299.BJ,20260424,6898,23.57,162585.86,23.65,0.0151889,0.185792,4541.48
920300.BJ,20260424,100,11.89,1189.0,11.9,0.000150304,0.00566836,6653.17
920304.BJ,20260424,19145,12.1,231654.5,11.99,0.0140304,0.724453,13645.4
920305.BJ,20260424,3985,5.53,22037.05,5.52,0.00491363,0.0679727,8110.09
920339.BJ,20260424,1100,8.22,9042.0,8.25,0.000727623,0.0945592,15117.7
920344.BJ,20260424,100,21.61,2161.0,21.78,8.7929e-05,0.00893635,11372.8
920346.BJ,20260424,0,,0.0,21.2,0.0,0.0,4460.37
920351.BJ,20260424,542,17.11,9273.62,17.16,0.00136043,0.038144,3984.03
920357.BJ,20260424,22593,26.5,598714.5,26.75,0.0507541,0.678319,4451.46
920363.BJ,20260424,100,17.15,1715.0,17.09,0.000195735,0.00710117,5108.96
920367.BJ,20260424,2400,18.8,45120.0,18.85,0.0057153,0.13427,4199.26
920368.BJ,20260424,36684,34.6,1269266.4,34.61,0.016423,0.271634,22336.9
920370.BJ,20260424,9000,3.43,30870.0,3.43,0.00344228,0.301054,26145.4
920371.BJ,20260424,9200,9.87,90804.0,9.95,0.00473228,0.523362,19440.9
920374.BJ,20260424,900,20.36,18324.0,20.32,0.00263825,0.0854138,3411.35
920375.BJ,20260424,6351,13.71,87072.21,13.7,0.00978338,0.0996337,6491.62
920378.BJ,20260424,604,8.73,5272.92,8.79,0.000542277,0.0542827,11138.2
920392.BJ,20260424,4700,20.74,97478.0,20.69,0.0129157,0.499493,3638.99
920394.BJ,20260424,1353,48.05,65011.65,48.19,0.000931993,0.073257,14517.3
920395.BJ,20260424,532,9.85,5240.2,9.92,0.000507907,0.0378055,10474.4
920396.BJ,20260424,200,29.77,5954.0,29.77,0.000389797,0.0118919,5130.88
920402.BJ,20260424,12863,9.34,120140.42,9.35,0.00471391,0.200373,27287.3
920403.BJ,20260424,7008,23.05,161534.4,22.96,0.0118592,0.393917,5909.36
920405.BJ,20260424,13370,19.98,267132.6,19.85,0.0121457,0.484195,11008.0
920407.BJ,20260424,500,18.28,9140.0,18.3,0.0014384,0.0439877,3476.09
920414.BJ,20260424,6300,12.43,78309.0,12.43,0.0112344,0.226835,5607.76
920415.BJ,20260424,0,,0.0,12.76,0.0,0.0,10823.1
920418.BJ,20260424,2904,25.46,73935.84,25.48,0.00186523,0.118438,15569.1
920419.BJ,20260424,978,13.81,13506.18,13.78,0.00101147,0.0876018,9669.13
920422.BJ,20260424,2600,11.5,29900.0,11.59,0.00392615,0.128132,6622.27
920425.BJ,20260424,1300,19.8,25740.0,19.9,0.00219545,0.0995133,5921.33
920427.BJ,20260424,430,12.21,5250.3,12.25,0.000844661,0.0263067,5090.8
920429.BJ,20260424,1857,13.54,25143.78,13.61,0.00163612,0.0875783,11350.0
920433.BJ,20260424,200,5.12,1024.0,5.15,0.000118122,0.00835584,16931.6
920436.BJ,20260424,368,14.23,5236.64,14.3,0.000414097,0.0259053,8886.82
920438.BJ,20260424,27203,43.88,1193667.64,43.6,0.0195152,0.334152,13939.4
920445.BJ,20260424,600,10.0,6000.0,10.04,0.000568655,0.027412,10551.2
920454.BJ,20260424,368,14.46,5321.28,14.56,0.000747504,0.0325527,4923.05
920455.BJ,20260424,1077,7.86,8465.22,7.88,0.00114865,0.101448,9376.24
920469.BJ,20260424,1600,8.94,14304.0,9.01,0.00154667,0.0702267,10344.8
920471.BJ,20260424,141843,13.17,1868072.31,13.55,0.267474,5.57408,5303.06
920475.BJ,20260424,386,13.26,5118.36,13.35,0.000686852,0.0390787,5619.84
920476.BJ,20260424,1000,21.18,21180.0,21.0,0.00124023,0.060477,8063.0
920478.BJ,20260424,2217,16.63,36868.71,16.75,0.00469305,0.0989205,4724.01
920489.BJ,20260424,138510,15.24,2110892.4,15.57,0.159527,2.94514,8682.55
920491.BJ,20260424,1800,26.41,47538.0,26.53,0.00155758,0.0386145,11556.4
920493.BJ,20260424,18942,165.0,3125430.0,166.62,0.0432501,0.490319,4379.65
920496.BJ,20260424,5574,9.2,51280.8,9.22,0.00384418,0.207872,14499.8
920504.BJ,20260424,238,22.27,5300.26,22.27,0.00139247,0.0670372,1709.19
920505.BJ,20260424,3485,39.48,137587.8,39.8,0.00967762,0.214677,3601.09
920508.BJ,20260424,364,20.05,7298.2,20.01,0.00114085,0.0559121,3190.59
920509.BJ,20260424,3300,31.91,105303.0,31.73,0.00392925,0.084858,8398.55
920510.BJ,20260424,1500,15.18,22770.0,15.12,0.00159746,0.0594612,9389.91
920519.BJ,20260424,27500,12.05,331375.0,12.04,0.0436547,1.47604,6299.44
920522.BJ,20260424,28212,57.4,1619368.8,58.2,0.0216986,0.37845,13001.7
920523.BJ,20260424,4850,24.09,116836.5,23.93,0.00598473,0.213429,8103.95
920526.BJ,20260424,34354,23.44,805257.76,23.58,0.0656018,0.445349,5236.75
920527.BJ,20260424,302,17.52,5291.04,17.64,0.000830858,0.0421802,3634.8
920533.BJ,20260424,2700,23.52,63504.0,23.6,0.0036917,0.105112,7313.71
920541.BJ,20260424,1900,12.22,23218.0,12.3,0.00210974,0.119137,9005.87
920547.BJ,20260424,0,,0.0,23.32,0.0,0.0,3771.84
920553.BJ,20260424,300,8.9,2670.0,8.91,0.00032962,0.0209768,9101.38
920556.BJ,20260424,10653,9.52,101416.56,9.66,0.00906648,0.326976,11749.9
920564.BJ,20260424,1200,26.43,31716.0,26.34,0.00292749,0.0349599,4099.07
920566.BJ,20260424,2908,10.52,30592.16,10.59,0.00258842,0.180308,11234.7
920570.BJ,20260424,181,29.25,5294.25,29.45,0.000742874,0.0295575,2436.48
920571.BJ,20260424,144023,10.51,1513681.73,10.39,0.0509423,0.669131,28271.8
920575.BJ,20260424,13909,7.22,100422.98,7.21,0.00740476,0.261135,18783.9
920576.BJ,20260424,23810,77.01,1833608.1,78.48,0.0222258,0.380829,10712.8
920578.BJ,20260424,500,19.14,9570.0,19.24,0.00217391,0.0523803,2300.0
920579.BJ,20260424,500,18.32,9160.0,18.2,0.00112172,0.0323792,4457.44
920580.BJ,20260424,102493,14.04,1439001.72,14.08,0.187157,3.33859,5476.31
920592.BJ,20260424,2404,31.77,76375.08,31.86,0.00478068,0.141034,5028.57
920593.BJ,20260424,8082,27.66,223548.12,27.66,0.00500092,0.244948,16161.0
920599.BJ,20260424,10200,19.14,195228.0,19.12,0.00290951,0.199213,35057.4
920608.BJ,20260424,317,16.74,5306.58,16.86,0.000657419,0.0831648,4821.89
920627.BJ,20260424,3800,20.05,76190.0,19.98,0.00811662,0.18581,4681.75
920634.BJ,20260424,57028,22.6,1288832.8,22.21,0.140714,2.15353,4052.77
920639.BJ,20260424,1379,7.73,10659.67,7.76,0.00116123,0.0424979,11875.4
920640.BJ,20260424,8613,37.88,326260.44,37.8,0.00477672,0.113329,18031.2
920641.BJ,20260424,5926,19.0,112594.0,18.96,0.0130466,0.177272,4542.16
920642.BJ,20260424,430,12.3,5289.0,12.29,0.000430185,0.0155313,9995.69
920651.BJ,20260424,600,28.33,16998.0,28.5,0.00144692,0.0370891,4146.74
920656.BJ,20260424,0,,0.0,16.48,0.0,0.0,3237.63
920662.BJ,20260424,3075,25.76,79212.0,25.76,0.0113863,0.105189,2700.61
920663.BJ,20260424,500,15.69,7845.0,15.68,0.000780317,0.0372343,6407.65
920665.BJ,20260424,572,11.23,6423.56,11.22,0.00089275,0.0270051,6407.17
920670.BJ,20260424,15487,17.22,266686.14,17.27,0.023242,0.371626,6663.36
920675.BJ,20260424,5200,9.71,50492.0,9.78,0.00658079,0.218642,7901.79
920679.BJ,20260424,1293,18.06,23351.58,18.19,0.00347814,0.341589,3717.5
920682.BJ,20260424,4164,9.01,37517.64,8.95,0.00221287,0.0677705,18817.2
920685.BJ,20260424,420,12.57,5279.4,12.61,0.000764973,0.0552039,5490.39
920689.BJ,20260424,9942,29.78,296072.76,30.08,0.026211,0.536638,3793.06
920690.BJ,20260424,800,25.7,20560.0,25.57,0.00185619,0.0702599,4309.91
920693.BJ,20260424,0,,0.0,29.57,0.0,0.0,3661.0
920694.BJ,20260424,600,17.52,10512.0,17.55,0.000960147,0.0704871,6249.04
920699.BJ,20260424,1089,43.0,46827.0,43.4,0.00521669,0.210713,2087.53
920701.BJ,20260424,0,,0.0,15.88,0.0,0.0,10020.7
920703.BJ,20260424,14000,13.56,189840.0,13.65,0.018357,1.52805,7626.51
920706.BJ,20260424,1089,23.69,25798.41,23.7,0.00228437,0.0396137,4767.19
920717.BJ,20260424,4668,9.19,42898.92,9.25,0.010542,0.351225,4428.0
920718.BJ,20260424,405,13.0,5265.0,13.08,0.000939454,0.0763077,4311.01
920719.BJ,20260424,57358,12.35,708371.3,12.52,0.0783647,0.681434,7319.37
920720.BJ,20260424,0,,0.0,12.34,0.0,0.0,7401.72
920725.BJ,20260424,23224,31.07,721569.68,31.25,0.055193,0.604932,4207.78
920726.BJ,20260424,64364,18.96,1220341.44,19.13,0.115114,1.46034,5591.35
920729.BJ,20260424,0,,0.0,8.15,0.0,0.0,7682.5
920735.BJ,20260424,3700,31.03,114811.0,31.13,0.00356602,0.187341,10375.7
920748.BJ,20260424,3961,36.22,143467.42,35.94,0.0111058,0.393543,3566.6
920751.BJ,20260424,0,,0.0,23.46,0.0,0.0,8306.71
920753.BJ,20260424,280,18.91,5294.8,18.87,0.000864691,0.0467371,3238.15
920765.BJ,20260424,900,14.81,13329.0,14.77,0.00170432,0.0739735,5280.71
920768.BJ,20260424,11703,12.26,143478.78,12.3,0.0152992,0.36169,7649.43
920770.BJ,20260424,15784,15.9,250965.6,16.11,0.0192737,0.404656,8189.38
920779.BJ,20260424,5015,33.55,168253.25,33.88,0.0250334,0.252238,2003.32
920781.BJ,20260424,1500,7.6,11400.0,7.57,0.00146887,0.0755527,10211.9
920786.BJ,20260424,360531,8.32,2999617.92,8.55,0.254889,4.39795,14144.6
920790.BJ,20260424,2100,26.09,54789.0,26.01,0.00386349,0.15141,5435.5
920792.BJ,20260424,9742,11.55,112520.1,11.45,0.0095861,0.948109,10162.6
920799.BJ,20260424,1702,35.9,61101.8,36.0,0.00141751,0.0408301,12007.0
920802.BJ,20260424,3559,14.38,51178.42,14.41,0.0161051,0.588741,2209.86
920806.BJ,20260424,1200,11.81,14172.0,11.81,0.00039902,0.042461,30073.7
920807.BJ,20260424,3700,11.97,44289.0,11.94,0.00299472,0.0884726,12355.1
920808.BJ,20260424,35791,80.0,2863280.0,81.88,0.0183947,0.564612,19457.2
920809.BJ,20260424,48173,7.89,380084.97,7.84,0.0104928,0.183713,45910.7
920810.BJ,20260424,2911,11.84,34466.24,11.71,0.0046645,0.304535,6240.75
920819.BJ,20260424,26000,3.56,92560.0,3.57,0.00214588,0.37992,121162.0
920821.BJ,20260424,7768,24.94,193733.92,25.25,0.0106625,0.127649,7285.34
920826.BJ,20260424,7000,10.61,74270.0,10.67,0.0112046,0.209115,6247.45
920832.BJ,20260424,3074,6.95,21364.3,6.93,0.00249227,0.165771,12334.2
920833.BJ,20260424,16681,16.8,280240.8,16.76,0.026707,0.680558,6245.92
920834.BJ,20260424,432,12.16,5253.12,12.24,0.000687937,0.0242343,6279.64
920837.BJ,20260424,1600,12.9,20640.0,12.9,0.0011697,0.125018,13678.8
920839.BJ,20260424,300,34.05,10215.0,34.24,0.000461218,0.0241838,6504.51
920855.BJ,20260424,331,15.72,5203.32,15.83,0.000493758,0.0806281,6703.69
920856.BJ,20260424,41084,13.13,539432.92,13.39,0.0774293,3.28764,5306.0
920857.BJ,20260424,0,,0.0,23.64,0.0,0.0,7400.72
920866.BJ,20260424,7851,7.56,59353.56,7.58,0.00688006,0.510338,11411.2
920870.BJ,20260424,0,,0.0,14.76,0.0,0.0,6600.29
920871.BJ,20260424,540,13.15,7101.0,13.16,0.00114859,0.0640579,4701.41
920873.BJ,20260424,2141,8.14,17427.74,8.16,0.00178705,0.0729393,11980.6
920876.BJ,20260424,1709,24.87,42502.83,24.89,0.00435433,0.112915,3924.82
920879.BJ,20260424,0,,0.0,21.45,0.0,0.0,13080.7
920885.BJ,20260424,16858,20.61,347443.38,20.45,0.0190479,0.373345,8850.32
920892.BJ,20260424,200,15.02,3004.0,15.13,0.00013258,0.0137134,15085.3
920895.BJ,20260424,313,16.9,5289.7,17.02,0.00108919,0.0492203,2873.69
920896.BJ,20260424,7926,17.58,139339.08,17.48,0.0178906,0.499422,4430.27
920906.BJ,20260424,1221,23.51,28705.71,23.53,0.00366054,0.125141,3335.57
920914.BJ,20260424,11642,24.93,290235.06,24.52,0.0116982,0.466984,9951.92
920924.BJ,20260424,4541,21.13,95951.33,21.23,0.00694638,0.117548,6537.21
920925.BJ,20260424,1600,17.09,27344.0,16.98,0.00289357,0.0934267,5529.51
920926.BJ,20260424,187,14.74,2756.38,14.61,0.000233218,0.0239069,8018.24
920931.BJ,20260424,438,12.15,5321.7,12.23,0.00152211,0.0594961,2877.58
920932.BJ,20260424,100,15.36,1536.0,15.41,0.00011519,0.00564103,8681.31
920942.BJ,20260424,3259,25.65,83593.35,25.4,0.00786913,0.21025,4141.5
920943.BJ,20260424,3300,20.59,67947.0,20.54,0.00636969,0.212801,5180.78
920946.BJ,20260424,3800,10.18,38684.0,10.07,0.000890374,0.118258,42678.7
920950.BJ,20260424,2678,16.14,43222.92,16.1,0.00749718,0.644922,3572.01
920953.BJ,20260424,5300,30.28,160484.0,30.41,0.00885019,0.286732,5988.58
920957.BJ,20260424,667,11.41,7610.47,11.4,0.00156189,0.0896518,4270.47
920961.BJ,20260424,7947,23.76,188820.72,23.7,0.007645,0.194024,10395.0
920964.BJ,20260424,6300,6.06,38178.0,6.02,0.00426548,0.253228,14769.7
920970.BJ,20260424,28214,7.21,203422.94,7.28,0.0402647,0.531089,7007.13
920971.BJ,20260424,8038,28.49,229002.62,28.25,0.00937892,0.163546,8570.28
920974.BJ,20260424,136137,7.89,1074120.93,7.63,0.105983,6.06456,12845.2
920976.BJ,20260424,3937,30.2,118897.4,30.48,0.00892347,0.304938,4411.96
920978.BJ,20260424,14700,27.81,408807.0,27.87,0.0145638,0.343018,10093.5
920981.BJ,20260424,242429,40.0,9697160.0,42.0,0.649776,3.65206,3730.96
920982.BJ,20260424,6999,194.8,1363405.2,195.25,0.0127475,0.55613,5490.51
920985.BJ,20260424,12420,6.69,83089.8,6.64,0.00566301,0.296828,21931.8
920992.BJ,20260424,2700,15.91,42957.0,15.87,0.00550826,0.122045,4901.73
