ts_code,trade_date,vol,price,amount,pre_close,turnover_rate,volume_ratio,float_share
600000.SH,20260417,271400,9.97,2705858.0,10.0,0.000814872,0.604658,3330580.0
600004.SH,20260417,20900,8.92,186428.0,8.92,0.000883079,0.316816,236672.0
600006.SH,20260417,34100,6.39,217899.0,6.38,0.001705,0.329179,200000.0
600007.SH,20260417,15100,21.05,317855.0,21.33,0.00149908,0.678369,100728.0
600008.SH,20260417,470700,3.06,1440342.0,3.05,0.00641229,0.603226,734059.0
600009.SH,20260417,8500,27.4,232900.0,27.43,0.000415388,0.100363,204628.0
600010.SH,20260417,4031800,2.86,11530948.0,2.88,0.012848,0.279982,3138080.0
600011.SH,20260417,353700,6.99,2472363.0,6.99,0.00321612,0.492096,1099770.0
600012.SH,20260417,25700,15.72,404004.0,15.68,0.00220487,0.407629,116560.0
600015.SH,20260417,125500,7.2,903600.0,7.21,0.000815612,0.312303,1538720.0
600016.SH,20260417,769100,3.71,2853361.0,3.72,0.00216879,0.605443,3546210.0
600017.SH,20260417,504600,2.98,1503708.0,2.98,0.0164063,1.37621,307565.0
600018.SH,20260417,669900,4.97,3329403.0,4.98,0.0028817,2.06809,2324670.0
600019.SH,20260417,139440,6.35,885444.0,6.36,0.000640159,0.185443,2178210.0
600020.SH,20260417,20600,3.84,79104.0,3.83,0.000916626,0.195116,224737.0
600021.SH,20260417,138700,17.94,2488278.0,17.94,0.00491629,0.370146,282124.0
600022.SH,20260417,2782890,1.51,4202164.0,1.51,0.0260111,2.79576,1069880.0
600023.SH,20260417,132500,5.53,732725.0,5.54,0.000988162,0.25194,1340870.0
600025.SH,20260417,118100,9.56,1129036.0,9.56,0.000633887,0.459673,1863110.0
600026.SH,20260417,293000,21.88,6410840.0,21.99,0.0084322,0.362703,347478.0
600027.SH,20260417,189900,4.66,884934.0,4.66,0.00206062,0.23147,921568.0
600028.SH,20260417,1001300,5.67,5677371.0,5.66,0.00105675,0.644908,9475250.0
600029.SH,20260417,903700,5.73,5178201.0,5.76,0.00670551,0.746114,1347700.0
600030.SH,20260417,632200,26.2,16563640.0,26.31,0.00519195,0.303884,1217660.0
600031.SH,20260417,228800,20.47,4683536.0,20.39,0.0026999,0.345437,847439.0
600032.SH,20260417,379600,9.7,3682120.0,9.84,0.0157859,0.460876,240468.0
600033.SH,20260417,200900,3.68,739312.0,3.69,0.00732036,0.764755,274440.0
600035.SH,20260417,44500,3.81,169545.0,3.81,0.00276378,0.605673,161012.0
600036.SH,20260417,241900,39.85,9639715.0,39.91,0.00117262,0.373106,2062890.0
600037.SH,20260417,51100,7.71,393981.0,7.75,0.00367156,0.348544,139178.0
600038.SH,20260417,55200,34.13,1883976.0,34.12,0.00825192,1.09626,66893.5
600039.SH,20260417,17600,9.56,168256.0,9.61,0.000202401,0.0971692,869559.0
600048.SH,20260417,189700,5.98,1134406.0,5.97,0.00158474,0.151067,1197040.0
600050.SH,20260417,2549700,4.6,11728620.0,4.6,0.00822738,2.23965,3099040.0
600051.SH,20260417,150100,7.38,1107738.0,7.37,0.0482823,1.45903,31088.0
600052.SH,20260417,38300,3.84,147072.0,3.85,0.00453687,0.323658,84419.5
600053.SH,20260417,19200,15.16,291072.0,15.17,0.00442865,0.491715,43354.1
600054.SH,20260417,88500,12.61,1115985.0,12.62,0.0172414,0.513762,51330.0
600055.SH,20260417,40700,14.78,601546.0,14.64,0.00578897,1.48838,70306.1
600056.SH,20260417,358800,10.8,3875040.0,10.89,0.0239944,0.708138,149535.0
600057.SH,20260417,28300,7.93,224419.0,7.94,0.00135244,0.192788,209251.0
600058.SH,20260417,20200,11.08,223816.0,11.12,0.00188449,0.202319,107191.0
600059.SH,20260417,39500,8.91,351945.0,8.95,0.00433331,0.753748,91154.2
600060.SH,20260417,18800,23.1,434280.0,23.08,0.00144597,0.154323,130017.0
600061.SH,20260417,55900,6.95,388505.0,6.96,0.000874259,0.17766,639399.0
600062.SH,20260417,16800,18.57,311976.0,18.62,0.00162637,0.154915,103298.0
600063.SH,20260417,63500,7.11,451485.0,7.12,0.00306896,0.114461,206911.0
600064.SH,20260417,34200,8.5,290700.0,8.48,0.00197649,0.296884,173034.0
600066.SH,20260417,54000,36.33,1961820.0,36.45,0.00243909,0.305377,221394.0
600067.SH,20260417,37100,4.11,152481.0,4.11,0.00266586,0.157902,139167.0
600071.SH,20260417,21000,20.4,428400.0,20.39,0.00745808,0.443083,28157.4
600072.SH,20260417,34600,12.03,416238.0,12.05,0.00319383,0.161397,108334.0
600073.SH,20260417,92800,5.93,550304.0,5.96,0.00989624,1.12908,93772.9
600075.SH,20260417,173600,6.09,1057224.0,6.14,0.0101652,0.441288,170780.0
600076.SH,20260417,46800,3.59,168012.0,3.59,0.00348074,0.268697,134454.0
600078.SH,20260417,38600,13.16,507976.0,13.19,0.00582577,0.0957362,66257.3
600079.SH,20260417,44900,18.91,849059.0,18.98,0.00290958,0.433249,154318.0
600080.SH,20260417,13100,8.3,108730.0,8.29,0.00350952,0.0887664,37327.0
600081.SH,20260417,1900,11.14,21166.0,11.15,0.000343564,0.0962708,55302.6
600082.SH,20260417,8110600,2.91,23601846.0,3.0,1.2786,26.2559,63433.5
600084.SH,20260417,37600,6.82,256432.0,6.87,0.00334601,0.633516,112373.0
600085.SH,20260417,20800,27.87,579696.0,27.94,0.00151662,0.447203,137147.0
600088.SH,20260417,5600,14.59,81704.0,14.69,0.00140807,0.194543,39770.6
600089.SH,20260417,509633,27.8,14167797.0,27.95,0.0100862,0.2755,505279.0
600094.SH,20260417,396500,4.87,1930955.0,4.87,0.018648,1.12303,212623.0
600095.SH,20260417,40800,9.45,385560.0,9.45,0.00142698,0.197916,285919.0
600096.SH,20260417,996300,34.3,34173090.0,33.81,0.0546519,2.2619,182299.0
600097.SH,20260417,26400,10.86,286704.0,10.88,0.0109572,0.967037,24093.7
600098.SH,20260417,56000,7.11,398160.0,7.11,0.00159732,0.237279,350586.0
600099.SH,20260417,4600,11.42,52532.0,11.42,0.00209931,0.106019,21912.0
600100.SH,20260417,126200,8.25,1041150.0,8.27,0.00376683,0.285443,335030.0
600101.SH,20260417,113400,9.3,1054620.0,9.29,0.0206986,0.708154,54786.2
600103.SH,20260417,2589750,4.03,10436693.0,4.06,0.11706,0.908204,221233.0
600104.SH,20260417,135400,14.05,1902370.0,14.05,0.00117787,0.34069,1149530.0
600105.SH,20260417,900000,39.47,35523000.0,39.47,0.0615597,0.421506,146199.0
600106.SH,20260417,15400,6.13,94402.0,6.13,0.00115874,0.0749676,132902.0
600107.SH,20260417,0,,0.0,5.66,0.0,0.0,36000.0
600108.SH,20260417,822300,4.55,3741465.0,4.56,0.042236,1.07079,194692.0
600109.SH,20260417,63800,8.68,553784.0,8.69,0.00172183,0.238486,370536.0
600110.SH,20260417,1439585,9.9,14251892.0,10.05,0.0829645,0.597604,173518.0
600111.SH,20260417,839100,49.0,41115900.0,49.39,0.0232112,0.760457,361507.0
600113.SH,20260417,22300,46.22,1030706.0,46.37,0.0054201,0.705492,41143.1
600114.SH,20260417,35100,31.28,1097928.0,31.37,0.00569451,0.239505,61638.3
600115.SH,20260417,1295659,4.4,5700900.0,4.42,0.00761035,0.565244,1702500.0
600116.SH,20260417,44900,6.58,295442.0,6.59,0.00234815,0.355218,191214.0
600117.SH,20260417,9900,2.56,25344.0,2.57,0.000304137,0.102122,325512.0
600118.SH,20260417,177100,84.9,15035790.0,85.49,0.0149769,0.375333,118249.0
600119.SH,20260417,23000,6.02,138460.0,6.0,0.00629671,0.544234,36527.0
600120.SH,20260417,250500,5.7,1427850.0,5.75,0.00733447,0.597656,341538.0
600121.SH,20260417,74800,4.16,311168.0,4.17,0.00613914,0.170724,121841.0
600123.SH,20260417,39700,6.26,248522.0,6.28,0.00269474,0.146341,147324.0
600125.SH,20260417,74000,6.19,458060.0,6.2,0.00566823,0.209461,130552.0
600126.SH,20260417,2599100,10.09,26224919.0,10.17,0.0769605,0.986732,337719.0
600127.SH,20260417,176300,7.13,1257019.0,7.17,0.0274703,0.310355,64178.3
600128.SH,20260417,28600,10.6,303160.0,10.6,0.0115899,0.5447,24676.8
600129.SH,20260417,30500,16.55,504775.0,16.57,0.00553119,0.437875,55141.8
600130.SH,20260417,95000,4.71,447450.0,4.71,0.0126667,0.534976,75000.0
600131.SH,20260417,32200,18.26,587972.0,18.32,0.00269252,0.23138,119591.0
600132.SH,20260417,12300,54.11,665553.0,54.37,0.00254147,0.326741,48397.1
600133.SH,20260417,94900,8.79,834171.0,8.82,0.00890044,0.427189,106624.0
600135.SH,20260417,369800,11.01,4071498.0,11.01,0.0668345,1.59737,55330.7
600136.SH,20260417,78400,1.83,143472.0,1.83,0.00403481,0.302054,194309.0
600137.SH,20260417,35800,21.48,768984.0,21.59,0.0368246,1.19946,9721.76
600138.SH,20260417,117700,9.34,1099318.0,9.38,0.0162605,1.57932,72384.0
600141.SH,20260417,49900,32.4,1616760.0,32.47,0.00415231,0.209527,120174.0
600143.SH,20260417,114600,17.05,1953930.0,17.04,0.00434943,0.309163,263483.0
600148.SH,20260417,1400,18.19,25466.0,18.2,0.000989284,0.0997855,14151.6
600149.SH,20260417,109900,5.82,639618.0,5.84,0.0289089,0.487661,38016.0
600150.SH,20260417,167200,32.61,5452392.0,32.72,0.00222174,0.303171,752562.0
600151.SH,20260417,177600,13.8,2450880.0,13.91,0.0123828,0.267369,143425.0
600152.SH,20260417,1471400,12.22,17980508.0,12.64,0.278106,1.22146,52907.9
600153.SH,20260417,55400,8.94,495276.0,8.96,0.00191065,0.379941,289954.0
600155.SH,20260417,143400,6.37,913458.0,6.38,0.0064783,0.52318,221354.0
600156.SH,20260417,1924700,8.98,17283806.0,8.42,0.478649,11.3308,40211.1
600157.SH,20260417,2395701,1.7,4072692.0,1.7,0.0109805,0.416135,2181780.0
600158.SH,20260417,473500,11.24,5322140.0,11.31,0.0493479,0.68184,95951.3
600159.SH,20260417,166700,3.06,510102.0,3.07,0.0200843,0.492806,83000.3
600160.SH,20260417,153868,34.1,5246899.0,34.1,0.00569935,0.427326,269975.0
600161.SH,20260417,66000,15.33,1011780.0,15.41,0.00333776,0.457952,197737.0
600162.SH,20260417,282400,1.81,511144.0,1.82,0.00864021,0.528516,326844.0
600163.SH,20260417,44800,6.08,272384.0,6.11,0.00235418,0.0926828,190300.0
600165.SH,20260417,17100,3.61,61731.0,3.6,0.00233315,0.160595,73291.4
600166.SH,20260417,1965200,3.41,6701332.0,3.41,0.0248213,0.38111,791740.0
600167.SH,20260417,200800,6.63,1331304.0,6.67,0.0088738,2.34536,226284.0
600168.SH,20260417,28500,4.9,139650.0,4.91,0.00286894,0.478746,99339.8
600169.SH,20260417,215000,2.41,518150.0,2.4,0.00645037,1.67982,333314.0
600170.SH,20260417,1212700,2.75,3334925.0,2.74,0.0136474,1.02771,888594.0
600171.SH,20260417,19600,27.55,539980.0,27.61,0.00276476,0.24228,70892.3
600172.SH,20260417,838756,8.62,7230077.0,8.77,0.0657201,0.634735,127626.0
600173.SH,20260417,258000,7.43,1916940.0,7.42,0.0368352,0.847392,70041.6
600176.SH,20260417,1796400,32.65,58652460.0,33.0,0.0448748,1.25091,400314.0
600177.SH,20260417,61000,7.3,445300.0,7.3,0.00131936,0.288208,462344.0
600178.SH,20260417,3300,11.41,37653.0,11.4,0.000707432,0.0759094,46647.6
600179.SH,20260417,38500,4.45,171325.0,4.47,0.000996821,0.114098,386228.0
600180.SH,20260417,29400,3.28,96432.0,3.29,0.00270562,0.220689,108663.0
600182.SH,20260417,10000,14.55,145500.0,14.55,0.00588235,0.422779,17000.0
600183.SH,20260417,184900,67.05,12397545.0,67.56,0.00772186,0.261725,239450.0
600184.SH,20260417,528300,21.75,11490525.0,21.87,0.0906599,1.0111,58272.7
600185.SH,20260417,101900,5.86,597134.0,5.87,0.00540582,0.429053,188501.0
600186.SH,20260417,3489700,8.02,27987394.0,8.14,0.196019,1.50783,178029.0
600187.SH,20260417,138300,1.84,254472.0,1.87,0.00856994,0.5131,161378.0
600188.SH,20260417,99000,19.38,1918620.0,19.37,0.0016607,0.172139,596135.0
600189.SH,20260417,18700,7.65,143055.0,7.67,0.00261466,0.167651,71519.8
600191.SH,20260417,12700,12.28,155956.0,12.3,0.00261892,0.255824,48493.2
600192.SH,20260417,18100,8.41,152221.0,8.47,0.00409736,0.289572,44174.8
600193.SH,20260417,430500,3.17,1364685.0,3.1,0.101205,2.2019,42537.3
600195.SH,20260417,82800,7.92,655776.0,7.96,0.00810852,0.239944,102115.0
600196.SH,20260417,65700,26.6,1747620.0,26.7,0.00310127,0.359566,211849.0
600197.SH,20260417,17500,12.07,211225.0,12.1,0.00369842,0.828921,47317.5
600198.SH,20260417,108700,8.45,918515.0,8.47,0.00834902,0.894895,130195.0
600199.SH,20260417,79000,8.06,636740.0,8.09,0.0120098,1.30111,65779.7
600201.SH,20260417,26000,14.73,382980.0,14.82,0.00233866,0.107505,111175.0
600202.SH,20260417,43100,5.93,255583.0,5.89,0.0112433,0.560955,38334.1
600203.SH,20260417,18200,11.48,208936.0,11.48,0.0030692,0.141584,59298.8
600206.SH,20260417,98800,22.32,2205216.0,22.33,0.0116709,0.238711,84655.3
600207.SH,20260417,75400,5.39,406406.0,5.41,0.0069218,0.190966,108931.0
600208.SH,20260417,240700,3.24,779868.0,3.25,0.00282911,0.442619,850798.0
600210.SH,20260417,21800,6.99,152382.0,6.99,0.0014373,0.157039,151674.0
600211.SH,20260417,5700,42.29,241053.0,42.25,0.00176843,0.205067,32231.9
600212.SH,20260417,85800,8.12,696696.0,8.12,0.0161527,0.342673,53118.0
600215.SH,20260417,28500,6.66,189810.0,6.65,0.00623792,0.624882,45688.3
600216.SH,20260417,24000,15.25,366000.0,15.33,0.00252263,0.0752238,95138.9
600217.SH,20260417,20900,3.83,80047.0,3.83,0.00126082,0.180661,165765.0
600218.SH,20260417,55900,9.68,541112.0,9.73,0.0128329,0.387292,43560.0
600219.SH,20260417,1820700,6.39,11634273.0,6.39,0.0158546,0.807504,1148370.0
600221.SH,20260417,1744000,1.46,2546240.0,1.47,0.00407044,0.793288,4284550.0
600222.SH,20260417,62800,7.3,458440.0,7.29,0.0109429,0.258016,57388.6
600223.SH,20260417,7500,6.79,50925.0,6.81,0.000737776,0.14156,101657.0
600226.SH,20260417,241200,5.43,1309716.0,5.41,0.00810925,0.43807,297438.0
600227.SH,20260417,1187900,3.59,4264561.0,3.6,0.092979,0.994707,127760.0
600228.SH,20260417,4700,6.35,29845.0,6.33,0.00112971,0.0370061,41603.7
600229.SH,20260417,7300,6.05,44165.0,6.05,0.00110488,0.230423,66070.8
600230.SH,20260417,54500,19.49,1062205.0,19.61,0.0131655,0.446232,41396.1
600231.SH,20260417,138900,2.1,291690.0,2.11,0.00489708,0.708977,283638.0
600232.SH,20260417,8600,8.73,75078.0,8.79,0.00235798,0.0684381,36471.9
600233.SH,20260417,82400,21.34,1758416.0,21.43,0.00240745,0.287064,342271.0
600234.SH,20260417,12200,17.93,218746.0,18.11,0.00464725,0.185486,26252.1
600235.SH,20260417,89800,6.81,611538.0,6.78,0.0255622,1.40941,35130.0
600236.SH,20260417,63000,9.71,611730.0,9.81,0.000799251,0.437738,788238.0
600237.SH,20260417,137200,9.36,1284192.0,9.38,0.0219655,0.364802,62461.6
600238.SH,20260417,373100,4.65,1734915.0,4.6,0.0837916,2.39871,44527.2
600239.SH,20260417,28100,2.07,58167.0,2.07,0.00175003,0.122322,160569.0
600241.SH,20260417,22200,9.92,220224.0,9.96,0.00754327,0.174559,29430.2
600243.SH,20260417,71600,3.62,259192.0,3.64,0.0163154,0.590024,43885.0
600246.SH,20260417,169300,9.66,1635438.0,9.7,0.00895572,0.163871,189041.0
600248.SH,20260417,261700,3.45,902865.0,3.44,0.00706202,2.54742,370574.0
600249.SH,20260417,130100,6.07,789707.0,6.09,0.0236545,0.492926,55000.0
600250.SH,20260417,246800,11.51,2840668.0,11.61,0.0789024,0.71373,31279.1
600251.SH,20260417,140400,11.55,1621620.0,11.52,0.0180696,1.38798,77699.4
600252.SH,20260417,321300,2.58,828954.0,2.58,0.0100906,0.439895,318416.0
600255.SH,20260417,122800,3.61,443308.0,3.6,0.006799,0.263658,180615.0
600256.SH,20260417,718100,6.34,4552754.0,6.32,0.0112344,0.418586,639200.0
600257.SH,20260417,106100,6.37,675857.0,6.39,0.0220473,0.482902,48123.7
600258.SH,20260417,99400,15.36,1526784.0,15.43,0.008902,0.578234,111660.0
600259.SH,20260417,53450,94.11,5030180.0,95.5,0.0158871,0.318316,33643.6
600261.SH,20260417,17000,3.72,63240.0,3.71,0.00127336,0.131198,133505.0
600262.SH,20260417,18300,26.14,478362.0,26.39,0.0107647,0.347123,17000.0
600265.SH,20260417,1000,20.69,20690.0,20.69,0.000770416,0.216984,12980.0
600266.SH,20260417,418800,5.1,2135880.0,5.08,0.0201759,1.00981,207574.0
600267.SH,20260417,2763600,11.47,31698492.0,11.53,0.230538,7.18117,119876.0
600268.SH,20260417,127800,15.45,1974510.0,15.55,0.0126431,0.328561,101083.0
600269.SH,20260417,96100,4.5,432450.0,4.51,0.00411491,0.820701,233541.0
600271.SH,20260417,59900,8.68,519932.0,8.68,0.0032328,0.319318,185288.0
600272.SH,20260417,2900,12.41,35989.0,12.49,0.0018125,0.074336,16000.0
600273.SH,20260417,43700,9.16,400292.0,9.16,0.00333255,0.261024,131131.0
600276.SH,20260417,173167,57.2,9905152.0,57.47,0.00271464,0.242905,637900.0
600278.SH,20260417,58500,7.33,428805.0,7.32,0.00670937,0.886044,87191.6
600279.SH,20260417,15700,4.93,77401.0,4.94,0.00132281,0.177174,118687.0
600280.SH,20260417,83000,3.12,258960.0,3.14,0.00735597,0.574903,112833.0
600281.SH,20260417,12200,5.48,66856.0,5.51,0.00237169,0.140017,51440.2
600282.SH,20260417,60700,5.66,343562.0,5.7,0.000984576,0.183617,616509.0
600283.SH,20260417,15100,9.17,138467.0,9.17,0.00277488,0.449434,54416.7
600284.SH,20260417,1721600,7.3,12567680.0,7.5,0.177438,10.4537,97025.6
600285.SH,20260417,35000,21.3,745500.0,21.24,0.00618522,0.458514,56586.5
600287.SH,20260417,19600,5.79,113484.0,5.79,0.00448722,0.403559,43679.6
600288.SH,20260417,11400,15.06,171684.0,15.06,0.00260989,0.255656,43680.0
600289.SH,20260417,14200,7.44,105648.0,7.45,0.00250918,0.209559,56592.3
600292.SH,20260417,128200,15.5,1987100.0,15.71,0.0164187,0.658341,78081.7
600293.SH,20260417,57900,3.19,184701.0,3.21,0.00499076,0.221737,116015.0
600295.SH,20260417,81300,15.04,1222752.0,15.24,0.00411526,0.479205,197558.0
600298.SH,20260417,17300,40.38,698574.0,40.34,0.00201832,0.410098,85715.0
600299.SH,20260417,94800,14.21,1347108.0,14.21,0.00353481,0.30999,268190.0
600300.SH,20260417,640300,3.63,2324289.0,3.66,0.0395945,1.53713,161714.0
600301.SH,20260417,86300,50.0,4315000.0,50.96,0.0313436,0.879302,27533.6
600302.SH,20260417,40700,11.71,476597.0,11.76,0.0117627,0.348569,34601.0
600303.SH,20260417,101500,3.07,311605.0,3.08,0.0150236,0.545641,67560.4
600305.SH,20260417,15800,7.45,117710.0,7.46,0.00143247,0.318392,110299.0
600307.SH,20260417,214300,1.82,390026.0,1.83,0.00342149,0.236797,626336.0
600308.SH,20260417,19100,3.84,73344.0,3.85,0.00125917,0.172833,151687.0
600309.SH,20260417,121700,89.5,10892150.0,90.1,0.00388759,0.348462,313047.0
600310.SH,20260417,297700,4.42,1315834.0,4.41,0.020311,0.249764,146571.0
600312.SH,20260417,93200,20.14,1877048.0,20.21,0.00686849,0.257248,135692.0
600313.SH,20260417,120400,7.42,893368.0,7.46,0.0111255,0.215943,108220.0
600315.SH,20260417,12900,20.65,266385.0,20.77,0.001919,0.299109,67222.6
600316.SH,20260417,12400,38.9,482360.0,39.11,0.00172915,0.0938276,71711.5
600318.SH,20260417,48200,7.91,381262.0,7.97,0.0094007,0.338047,51272.8
600319.SH,20260417,13300,7.48,99484.0,7.43,0.0034304,0.343365,38770.9
600320.SH,20260417,60600,5.09,308454.0,5.09,0.0018242,0.17564,332200.0
600322.SH,20260417,45700,2.42,110594.0,2.41,0.00413313,0.161473,110570.0
600323.SH,20260417,4700,28.5,133950.0,28.57,0.000576442,0.0901781,81534.7
600325.SH,20260417,57400,3.53,202622.0,3.54,0.00208564,0.131978,275215.0
600326.SH,20260417,50300,9.36,470808.0,9.39,0.00369184,0.267614,136246.0
600327.SH,20260417,48500,3.95,191575.0,3.96,0.00548159,0.44384,88478.0
600328.SH,20260417,58400,8.52,497568.0,8.58,0.00398279,0.212504,146631.0
600329.SH,20260417,26900,41.15,1106935.0,41.15,0.00474352,0.84521,56708.9
600330.SH,20260417,7875405,21.73,171132551.0,19.75,0.638494,4.52864,123343.0
600331.SH,20260417,279000,16.44,4586760.0,16.43,0.0137303,0.416945,203200.0
600332.SH,20260417,56700,22.88,1297296.0,22.92,0.00403303,0.712487,140589.0
600333.SH,20260417,10300,5.21,53663.0,5.23,0.00169121,0.134091,60903.1
600335.SH,20260417,47000,6.09,286230.0,6.08,0.00314216,0.566564,149579.0
600336.SH,20260417,65400,7.1,464340.0,7.11,0.00819534,1.00724,79801.5
600337.SH,20260417,1072400,3.4,3646160.0,3.45,0.0746278,0.61766,143700.0
600338.SH,20260417,909155,20.51,18646769.0,20.51,0.099447,1.10919,91421.0
600339.SH,20260417,528600,4.01,2119686.0,4.02,0.00946778,0.341063,558315.0
600340.SH,20260417,472800,1.35,638280.0,1.37,0.0121438,0.303535,389336.0
600343.SH,20260417,296300,35.28,10453464.0,35.28,0.046427,0.499613,63820.6
600345.SH,20260417,335700,51.3,17221410.0,51.07,0.158679,1.06696,21155.9
600346.SH,20260417,88800,24.11,2140968.0,24.3,0.00126152,0.210912,703910.0
600348.SH,20260417,85100,9.26,788026.0,9.26,0.00235897,0.287914,360750.0
600350.SH,20260417,3200,10.12,32384.0,10.17,6.61899e-05,0.0424632,483457.0
600351.SH,20260417,188300,6.77,1274791.0,6.77,0.027211,0.633397,69200.0
600352.SH,20260417,64000,12.97,830080.0,13.02,0.00196721,0.104928,325333.0
600353.SH,20260417,17900,15.35,274765.0,15.42,0.00215972,0.0582277,82881.1
600354.SH,20260417,73800,6.34,467892.0,6.37,0.0139825,0.346462,52780.2
600356.SH,20260417,660500,9.48,6261540.0,9.53,0.221102,4.315,29873.1
600359.SH,20260417,7600,7.06,53656.0,7.09,0.00199207,0.0831021,38151.3
600360.SH,20260417,50300,9.55,480365.0,9.53,0.00523797,0.47412,96029.5
600361.SH,20260417,375400,4.43,1663022.0,4.46,0.0100572,0.486957,373266.0
600362.SH,20260417,329400,46.79,15412626.0,47.22,0.0158728,0.724552,207525.0
600363.SH,20260417,24700,52.6,1299220.0,52.48,0.00547807,0.393915,45088.8
600365.SH,20260417,29200,3.13,91396.0,3.13,0.00683393,0.698454,42728.0
600366.SH,20260417,103000,12.51,1288530.0,12.55,0.00937181,0.440346,109904.0
600367.SH,20260417,261000,21.28,5554080.0,21.28,0.0810627,0.803619,32197.3
600368.SH,20260417,398900,3.88,1547732.0,3.87,0.0247817,5.61331,160965.0
600369.SH,20260417,57000,4.25,242250.0,4.26,0.000857774,0.170251,664511.0
600370.SH,20260417,233000,2.43,566190.0,2.43,0.00579857,0.329067,401823.0
600371.SH,20260417,43600,8.64,376704.0,8.66,0.014902,0.796777,29257.8
600372.SH,20260417,171600,13.24,2271984.0,13.27,0.00354626,0.446806,483890.0
600373.SH,20260417,56700,8.49,481383.0,8.53,0.00420823,0.943615,134736.0
600375.SH,20260417,13200,5.2,68640.0,5.21,0.000902449,0.0739191,146269.0
600376.SH,20260417,219800,4.8,1055040.0,4.8,0.00852082,0.448873,257957.0
600377.SH,20260417,19600,11.76,230496.0,11.79,0.000515493,0.25813,380218.0
600378.SH,20260417,63300,32.88,2081304.0,33.1,0.00590174,0.559257,107257.0
600379.SH,20260417,18700,11.99,224213.0,12.02,0.00566321,0.129046,33020.2
600380.SH,20260417,43800,11.22,491436.0,11.24,0.00239416,0.297495,182945.0
600381.SH,20260417,2537000,2.78,7052860.0,2.93,0.432153,23.3713,58706.1
600382.SH,20260417,197776,10.15,2007426.0,10.05,0.0284812,0.658226,69440.8
600383.SH,20260417,121900,2.82,343758.0,2.81,0.00270014,0.172284,451458.0
600386.SH,20260417,41000,4.11,168510.0,4.11,0.00508433,0.42088,80640.0
600388.SH,20260417,21100,18.89,398579.0,18.95,0.00166136,0.119637,127005.0
600389.SH,20260417,27200,28.93,786896.0,28.92,0.00631603,0.25219,43065.0
600390.SH,20260417,199600,5.32,1061872.0,5.34,0.00443746,0.815328,449807.0
600391.SH,20260417,26500,39.73,1052845.0,39.75,0.00802716,0.284023,33012.9
600392.SH,20260417,352230,25.2,8876196.0,25.41,0.020095,0.491294,175283.0
600395.SH,20260417,167500,5.78,968150.0,5.76,0.00780295,0.610237,214662.0
600396.SH,20260417,5031000,7.29,36675990.0,7.29,0.341616,1.82451,147271.0
600397.SH,20260417,599300,14.88,8917584.0,14.88,0.0605378,1.66097,98996.0
600398.SH,20260417,113900,6.75,768825.0,6.77,0.00237155,0.327228,480277.0
600399.SH,20260417,98400,5.9,580560.0,5.89,0.0049896,0.26526,197210.0
600400.SH,20260417,210900,2.03,428127.0,2.03,0.00920409,0.741733,229137.0
600403.SH,20260417,26400,5.74,151536.0,5.72,0.00110423,0.18662,239081.0
600405.SH,20260417,10000,5.3,53000.0,5.31,0.00163902,0.0917312,61011.9
600406.SH,20260417,476200,26.94,12828828.0,26.87,0.00594642,0.59091,800818.0
600408.SH,20260417,278200,3.16,879112.0,3.19,0.0276321,0.752881,100680.0
600409.SH,20260417,79800,6.88,549024.0,6.88,0.00386562,0.199186,206435.0
600410.SH,20260417,1512000,27.78,42003360.0,27.99,0.137894,0.966134,109649.0
600415.SH,20260417,332900,12.28,4088012.0,12.33,0.00607087,0.325643,548356.0
600416.SH,20260417,53300,12.33,657189.0,12.38,0.00361164,0.252167,147578.0
600418.SH,20260417,1199230,46.0,55164580.0,45.5,0.0549096,4.24902,218401.0
600419.SH,20260417,9900,9.69,95931.0,9.7,0.00313776,0.308392,31551.2
600420.SH,20260417,47500,9.88,469300.0,9.92,0.00354168,0.292121,134117.0
600421.SH,20260417,26200,5.62,147244.0,5.72,0.0133947,0.545413,19560.0
600422.SH,20260417,16900,11.27,190463.0,11.28,0.00223257,0.254452,75697.6
600423.SH,20260417,2144300,2.89,6197027.0,2.84,0.268475,3.43995,79869.5
600425.SH,20260417,121300,4.03,488839.0,4.05,0.00755903,0.658716,160470.0
600426.SH,20260417,79700,35.76,2850072.0,35.72,0.00375429,0.284412,212291.0
600428.SH,20260417,105200,9.05,952060.0,9.11,0.00430216,0.277372,244529.0
600429.SH,20260417,27400,5.85,160290.0,5.83,0.00182965,0.125374,149756.0
600433.SH,20260417,1273300,3.62,4609346.0,3.69,0.0727484,3.18145,175028.0
600435.SH,20260417,63500,14.91,946785.0,14.91,0.00419874,0.254881,151236.0
600436.SH,20260417,25600,147.47,3775232.0,148.07,0.00424321,1.3788,60331.7
600438.SH,20260417,326546,17.41,5685166.0,17.59,0.00725337,0.405607,450199.0
600439.SH,20260417,309000,2.58,797220.0,2.58,0.0272972,1.89175,113199.0
600444.SH,20260417,7200,17.75,127800.0,17.75,0.0049173,0.197279,14642.2
600446.SH,20260417,31900,12.8,408320.0,12.85,0.00338905,0.212056,94126.8
600448.SH,20260417,48900,3.27,159903.0,3.27,0.00776413,0.29599,62982.0
600449.SH,20260417,24600,13.03,320538.0,12.96,0.0051445,0.521923,47818.1
600452.SH,20260417,324900,12.2,3963780.0,12.29,0.0211449,0.832394,153654.0
600455.SH,20260417,18000,25.74,463320.0,25.75,0.0288194,1.06084,6245.8
600456.SH,20260417,14700,34.5,507150.0,34.62,0.00307675,0.232662,47777.8
600458.SH,20260417,20300,11.84,240352.0,11.84,0.00235448,0.171325,86218.7
600459.SH,20260417,145100,20.81,3019531.0,21.05,0.0190995,1.05417,75970.6
600460.SH,20260417,82900,26.61,2205969.0,26.68,0.00498176,0.363177,166407.0
600461.SH,20260417,56600,9.82,555812.0,9.82,0.00440757,0.569337,128416.0
600463.SH,20260417,18700,10.19,190553.0,10.15,0.00623333,0.545361,30000.0
600467.SH,20260417,33300,2.43,80919.0,2.43,0.00227927,0.111327,146099.0
600468.SH,20260417,142300,7.96,1132708.0,8.0,0.0130822,0.313218,108774.0
600469.SH,20260417,179300,7.3,1308890.0,7.28,0.0245801,0.78863,72945.1
600470.SH,20260417,111800,6.86,766948.0,6.86,0.021434,0.351701,52160.0
600475.SH,20260417,7000,17.33,121310.0,17.35,0.000742402,0.0589441,94288.6
600476.SH,20260417,12300,11.41,140343.0,11.45,0.00763643,0.231044,16107.0
600477.SH,20260417,164500,3.14,516530.0,3.15,0.00697339,0.453518,235897.0
600478.SH,20260417,193612,7.64,1479196.0,7.67,0.0116246,0.346015,166554.0
600479.SH,20260417,14000,10.77,150780.0,10.83,0.00334522,0.193786,41850.7
600480.SH,20260417,225200,11.42,2571784.0,11.59,0.0185671,0.31175,121290.0
600481.SH,20260417,360300,6.44,2320332.0,6.44,0.0174549,0.559276,206418.0
600482.SH,20260417,196900,38.6,7600340.0,39.0,0.00868072,0.321206,226825.0
600483.SH,20260417,69700,10.06,701182.0,10.05,0.00250707,0.299371,278014.0
600486.SH,20260417,14400,77.94,1122336.0,78.12,0.00356446,0.272194,40398.9
600487.SH,20260417,832141,52.59,43762295.0,53.14,0.0340319,0.493918,244518.0
600488.SH,20260417,3317800,6.11,20271758.0,6.29,0.303859,1.60439,109189.0
600489.SH,20260417,504255,26.61,13418226.0,27.07,0.0104028,0.931375,484731.0
600490.SH,20260417,343500,8.47,2909445.0,8.53,0.0172386,0.756232,199262.0
600491.SH,20260417,335100,2.41,807591.0,2.42,0.0219054,0.720641,152976.0
600493.SH,20260417,119000,7.46,887740.0,7.46,0.04375,1.84159,27200.0
600495.SH,20260417,10200,4.41,44982.0,4.43,0.000844237,0.0455412,120819.0
600496.SH,20260417,97900,3.91,382789.0,3.91,0.00491929,0.41847,199013.0
600497.SH,20260417,329700,8.4,2769480.0,8.39,0.00654117,0.398425,504038.0
600498.SH,20260417,339100,48.2,16344620.0,48.63,0.0266667,0.348757,127162.0
600499.SH,20260417,179200,18.38,3293696.0,18.44,0.00934377,0.513974,191786.0
600500.SH,20260417,44600,4.31,192226.0,4.31,0.00124293,0.157699,358831.0
600501.SH,20260417,52700,23.14,1219478.0,23.3,0.0123181,0.539461,42782.4
600502.SH,20260417,379500,5.82,2208690.0,5.83,0.0221085,0.52111,171653.0
600503.SH,20260417,425300,2.4,1020720.0,2.39,0.0265433,1.71345,160229.0
600505.SH,20260417,37200,12.91,480252.0,12.88,0.0102039,0.420078,36456.8
600506.SH,20260417,14100,21.44,302304.0,21.4,0.00734303,0.239634,19201.9
600507.SH,20260417,1090100,6.09,6638709.0,6.05,0.0471254,3.20929,231319.0
600508.SH,20260417,23900,12.77,305203.0,12.8,0.00330696,0.34077,72271.8
600509.SH,20260417,49900,7.96,397204.0,7.95,0.00363068,0.170726,137440.0
600510.SH,20260417,23900,8.87,211993.0,8.87,0.00231583,0.198666,103203.0
600511.SH,20260417,14400,28.9,416160.0,28.99,0.00260235,0.26809,55334.6
600512.SH,20260417,399900,2.55,1019745.0,2.55,0.0251921,0.901882,158741.0
600513.SH,20260417,173900,21.94,3815366.0,22.23,0.06092,0.532095,28545.6
600515.SH,20260417,127000,3.62,459740.0,3.63,0.00138404,0.221732,917601.0
600516.SH,20260417,183600,5.61,1029996.0,5.61,0.00456039,0.444059,402597.0
600517.SH,20260417,30300,6.49,196647.0,6.51,0.000529865,0.131216,571844.0
600518.SH,20260417,2827000,1.76,4975520.0,1.76,0.0204524,2.01689,1382240.0
600519.SH,20260417,442300,1400.0,619220000.0,1462.84,0.0353199,16.0979,125227.0
600520.SH,20260417,222600,25.12,5591712.0,25.28,0.140504,5.09646,15843.0
600521.SH,20260417,133100,16.22,2158882.0,16.29,0.00888962,0.425112,149725.0
600522.SH,20260417,607900,28.01,17027279.0,28.0,0.0178116,0.326267,341295.0
600523.SH,20260417,9600,14.06,134976.0,14.11,0.00237598,0.250261,40404.5
600525.SH,20260417,27600,5.5,151800.0,5.51,0.00209284,0.204514,131878.0
600526.SH,20260417,4000,5.43,21720.0,5.44,0.000458186,0.0488654,87300.7
600527.SH,20260417,3015600,2.69,8111964.0,2.74,0.174135,1.50275,173176.0
600528.SH,20260417,116700,7.93,925431.0,7.95,0.00525309,0.491381,222155.0
600529.SH,20260417,6600,18.64,123024.0,18.65,0.000994554,0.143541,66361.4
600530.SH,20260417,6700,5.2,34840.0,5.23,0.000864605,0.121482,77492.0
600531.SH,20260417,2138185,14.2,30362227.0,14.04,0.176817,4.77421,120926.0
600533.SH,20260417,196600,2.48,487568.0,2.47,0.0187238,0.96098,105000.0
600535.SH,20260417,89700,14.43,1294371.0,14.42,0.00600422,0.944958,149395.0
600536.SH,20260417,26900,37.7,1014130.0,37.75,0.0031885,0.294761,84365.6
600537.SH,20260417,410900,4.17,1713453.0,4.16,0.0347127,0.191318,118372.0
600538.SH,20260417,30000,6.66,199800.0,6.66,0.00572302,0.208994,52419.8
600539.SH,20260417,127100,16.19,2057749.0,16.27,0.0552609,0.490823,23000.0
600540.SH,20260417,69300,4.84,335412.0,4.83,0.01192,0.388843,58137.7
600543.SH,20260417,31500,4.78,150570.0,4.78,0.00980942,0.51281,32112.0
600545.SH,20260417,806800,4.18,3372424.0,4.18,0.0451253,0.474766,178791.0
600546.SH,20260417,46000,11.95,549700.0,11.95,0.00232035,0.179667,198246.0
600547.SH,20260417,684200,38.5,26341700.0,39.25,0.0189296,1.61727,361444.0
600548.SH,20260417,20800,9.14,190112.0,9.2,0.00121323,0.506327,171443.0
600549.SH,20260417,1560300,62.17,97003851.0,61.88,0.10041,2.58714,155393.0
600550.SH,20260417,582100,16.0,9313600.0,15.92,0.0316096,0.648798,184153.0
600551.SH,20260417,3400,8.14,27676.0,8.2,0.000501434,0.067988,67805.5
600552.SH,20260417,108400,13.58,1472072.0,13.65,0.0114757,0.186578,94460.7
600556.SH,20260417,303600,6.2,1882320.0,6.24,0.0167944,0.551118,180775.0
600557.SH,20260417,9100,13.99,127309.0,14.02,0.00160732,0.193396,56615.9
600558.SH,20260417,31200,5.46,170352.0,5.46,0.00347592,0.228344,89760.5
600559.SH,20260417,83800,13.53,1133814.0,13.64,0.00921376,1.50085,90950.9
600560.SH,20260417,5300,14.61,77433.0,14.68,0.00236982,0.2589,22364.6
600561.SH,20260417,24700,6.57,162279.0,6.56,0.00868261,0.518526,28447.7
600562.SH,20260417,37800,27.45,1037610.0,27.39,0.00304383,0.275262,124186.0
600563.SH,20260417,29000,123.02,3567580.0,123.7,0.0128889,0.375013,22500.0
600566.SH,20260417,6700,25.19,168773.0,25.24,0.000729409,0.106185,91855.2
600567.SH,20260417,820300,1.54,1263262.0,1.54,0.0130052,1.21136,630745.0
600568.SH,20260417,10400,2.87,29848.0,2.89,0.000623102,0.0484078,166907.0
600569.SH,20260417,122500,2.17,265825.0,2.19,0.00426469,0.503624,287242.0
600570.SH,20260417,90000,26.55,2389500.0,26.72,0.00475273,0.334314,189365.0
600571.SH,20260417,34300,13.7,469910.0,13.7,0.00749315,0.445265,45775.2
600572.SH,20260417,5969869,4.78,28535974.0,4.94,0.235949,4.41045,253015.0
600573.SH,20260417,96400,12.18,1174152.0,12.29,0.03856,0.750104,25000.0
600575.SH,20260417,97600,3.64,355264.0,3.66,0.00251141,0.241507,388626.0
600576.SH,20260417,67299,6.12,411870.0,6.12,0.0101908,0.512834,66039.0
600577.SH,20260417,88000,12.48,1098240.0,12.46,0.00409094,0.182545,215109.0
600578.SH,20260417,87100,5.3,461630.0,5.32,0.00130104,0.341558,669462.0
600579.SH,20260417,13200,8.02,105864.0,8.02,0.00267423,0.336024,49360.1
600580.SH,20260417,105700,38.1,4027170.0,38.35,0.00678594,0.339404,155763.0
600581.SH,20260417,1243700,3.02,3755974.0,2.96,0.0811339,2.33221,153290.0
600582.SH,20260417,44200,5.74,253708.0,5.74,0.001068,0.250315,413859.0
600583.SH,20260417,202400,7.27,1471448.0,7.26,0.00457778,0.273133,442135.0
600584.SH,20260417,299700,43.68,13090896.0,43.73,0.0167485,0.489789,178941.0
600585.SH,20260417,121600,22.2,2699520.0,22.25,0.00304023,0.450694,399970.0
600586.SH,20260417,243000,5.3,1287900.0,5.32,0.0171448,0.64313,141734.0
600587.SH,20260417,15200,14.43,219336.0,14.47,0.00250559,0.344776,60664.5
600588.SH,20260417,221300,12.34,2730842.0,12.36,0.00647645,0.719588,341700.0
600589.SH,20260417,1591400,11.3,17982820.0,11.48,0.107638,0.859823,147847.0
600590.SH,20260417,543700,14.97,8139189.0,14.98,0.0644523,0.711856,84357.0
600592.SH,20260417,4300,20.17,86731.0,20.12,0.0010762,0.0771689,39955.4
600593.SH,20260417,13100,37.35,489285.0,37.33,0.0101708,0.358573,12880.0
600594.SH,20260417,2382500,4.72,11245400.0,4.68,0.300848,1.66425,79192.7
600595.SH,20260417,325700,8.48,2761936.0,8.59,0.00812644,0.513453,400790.0
600596.SH,20260417,39300,12.19,479067.0,12.28,0.00291198,0.146206,134960.0
600597.SH,20260417,9400,7.47,70218.0,7.48,0.000681923,0.188473,137846.0
600598.SH,20260417,225500,16.11,3632805.0,16.23,0.0126851,0.743065,177768.0
600599.SH,20260417,123700,4.03,498511.0,4.11,0.0745181,1.73688,16600.0
600600.SH,20260417,38500,61.88,2382380.0,62.06,0.00542922,0.911543,70912.6
600601.SH,20260417,205900,10.43,2147537.0,10.46,0.0049373,0.192012,417029.0
600602.SH,20260417,662782,24.26,16079091.0,24.63,0.0616941,0.689258,107430.0
600603.SH,20260417,73300,7.0,513100.0,6.97,0.00614248,0.461991,119333.0
600604.SH,20260417,49700,4.87,242039.0,4.87,0.0035312,0.635515,140745.0
600605.SH,20260417,98895,30.93,3058822.0,31.25,0.0479416,1.26718,20628.2
600606.SH,20260417,740970,1.48,1096636.0,1.49,0.00527223,0.712695,1405420.0
600608.SH,20260417,10300,2.34,24102.0,2.38,0.00323521,0.162795,31837.1
600609.SH,20260417,13600,4.13,56168.0,4.14,0.0010425,0.084285,130456.0
600610.SH,20260417,30700,9.22,283054.0,9.22,0.00433171,0.21116,70872.7
600611.SH,20260417,83500,4.71,393285.0,4.72,0.00534121,0.584102,156332.0
600612.SH,20260417,400,41.83,16732.0,41.92,0.000126139,0.0444967,31711.0
600613.SH,20260417,110500,6.25,690625.0,6.27,0.0230535,0.499755,47932.0
600615.SH,20260417,7100,11.62,82502.0,11.61,0.00315183,0.296171,22526.6
600616.SH,20260417,9700,5.06,49082.0,5.08,0.00144991,0.165949,66900.5
600617.SH,20260417,269900,3.24,874476.0,3.24,0.015201,0.528871,177554.0
600618.SH,20260417,11700,12.83,150111.0,12.82,0.00156033,0.160788,74984.0
600619.SH,20260417,143500,17.41,2498335.0,17.33,0.0181835,0.449637,78917.5
600620.SH,20260417,39500,6.22,245690.0,6.18,0.00575234,0.798968,68667.7
600621.SH,20260417,20600,14.23,293138.0,14.27,0.00194175,0.15723,106090.0
600622.SH,20260417,151500,2.61,395415.0,2.61,0.0101021,0.648935,149969.0
600623.SH,20260417,67300,9.98,671654.0,9.98,0.00358735,0.329141,187603.0
600624.SH,20260417,2600,4.61,11986.0,4.61,0.00038272,0.0665689,67934.7
600626.SH,20260417,93500,3.95,369325.0,3.96,0.00843879,0.978123,110798.0
600628.SH,20260417,70200,7.21,506142.0,7.22,0.0108522,0.798713,64687.5
600629.SH,20260417,104100,21.08,2194428.0,21.08,0.0109221,0.380703,95311.7
600630.SH,20260417,1600,7.99,12784.0,8.01,0.000376593,0.0418143,42486.2
600633.SH,20260417,207300,13.08,2711484.0,13.17,0.0163476,0.896493,126807.0
600635.SH,20260417,129900,5.36,696264.0,5.39,0.00537045,0.437094,241879.0
600636.SH,20260417,4959820,6.1,30254902.0,6.41,1.13074,44.5595,43863.7
600637.SH,20260417,1000500,9.83,9834915.0,9.93,0.02976,2.4043,336190.0
600638.SH,20260417,22200,5.97,132534.0,5.98,0.00329672,0.294146,67339.7
600639.SH,20260417,23600,11.2,264320.0,11.22,0.0027757,0.223883,85023.7
600640.SH,20260417,32000,12.11,387520.0,12.15,0.00402164,0.712506,79569.6
600641.SH,20260417,222500,22.2,4939500.0,22.08,0.0239085,0.430169,93063.0
600642.SH,20260417,45300,9.23,418119.0,9.2,0.000925659,0.140456,489381.0
600643.SH,20260417,157200,5.17,812724.0,5.17,0.00988461,0.319807,159035.0
600644.SH,20260417,114800,11.31,1298388.0,11.38,0.0198506,0.466867,57832.1
600645.SH,20260417,24300,28.5,692550.0,28.66,0.00519486,0.226732,46777.0
600648.SH,20260417,25400,10.65,270510.0,10.66,0.00223244,0.58226,113777.0
600649.SH,20260417,480000,4.42,2121600.0,4.39,0.0191655,1.56531,250450.0
600650.SH,20260417,14000,12.79,179060.0,12.82,0.0035846,0.404349,39056.0
600651.SH,20260417,47200,6.76,319072.0,6.81,0.00188271,0.248619,250703.0
600653.SH,20260417,51000,1.78,90780.0,1.77,0.00262025,0.268026,194638.0
600654.SH,20260417,7797500,4.48,34932800.0,4.68,0.336472,1.72482,231743.0
600655.SH,20260417,852700,5.01,4272027.0,5.0,0.0219212,2.6383,388985.0
600657.SH,20260417,118500,3.12,369720.0,3.11,0.00415516,0.589638,285188.0
600658.SH,20260417,553600,5.17,2862112.0,5.22,0.0494911,1.73927,111859.0
600660.SH,20260417,26200,59.05,1547110.0,59.15,0.00130805,0.246238,200299.0
600661.SH,20260417,12800,9.9,126720.0,9.92,0.00446695,0.401841,28654.9
600662.SH,20260417,17000,5.13,87210.0,5.16,0.00074677,0.18528,227647.0
600663.SH,20260417,34900,7.87,274663.0,7.88,0.00110594,0.489841,315568.0
600664.SH,20260417,31913492,4.25,135632341.0,4.4,1.26716,9.733,251851.0
600665.SH,20260417,59600,3.25,193700.0,3.24,0.00689717,0.566045,86412.2
600666.SH,20260417,15282700,6.85,104686495.0,6.85,0.610757,2.8214,250225.0
600667.SH,20260417,436400,9.91,4324724.0,9.98,0.020865,0.285556,209154.0
600668.SH,20260417,30300,11.46,347238.0,11.37,0.00733833,0.315389,41290.1
600671.SH,20260417,8200,19.47,159654.0,19.51,0.00673674,0.227139,12172.1
600673.SH,20260417,400700,35.3,14144710.0,35.54,0.0133497,0.52731,300156.0
600674.SH,20260417,29600,14.64,433344.0,14.66,0.000607228,0.132226,487461.0
600675.SH,20260417,342400,2.68,917632.0,2.65,0.00566312,1.09869,604614.0
600676.SH,20260417,135900,8.04,1092636.0,8.06,0.0132135,1.00479,102849.0
600678.SH,20260417,30000,10.57,317100.0,10.59,0.00859623,0.381277,34899.0
600679.SH,20260417,6500,11.5,74750.0,11.54,0.00189122,0.214805,34369.4
600681.SH,20260417,101300,4.03,408239.0,4.04,0.00756078,0.39113,133981.0
600682.SH,20260417,43500,7.15,311025.0,7.15,0.00373692,0.215316,116406.0
600683.SH,20260417,1858100,11.98,22260038.0,10.9,0.250831,8.02395,74077.8
600684.SH,20260417,18900,4.63,87507.0,4.65,0.00221451,0.105381,85346.1
600685.SH,20260417,53800,29.3,1576340.0,29.37,0.00654951,0.286105,82143.5
600686.SH,20260417,143600,16.06,2306216.0,16.15,0.0200266,0.71677,71704.7
600688.SH,20260417,100100,2.87,287287.0,2.87,0.00136584,0.238804,732881.0
600689.SH,20260417,14200,13.95,198090.0,13.97,0.00932958,0.373442,15220.4
600690.SH,20260417,260840,21.0,5477640.0,21.06,0.00417142,0.606775,625303.0
600691.SH,20260417,317500,3.16,1003300.0,3.15,0.0133651,0.625953,237559.0
600692.SH,20260417,63300,7.5,474750.0,7.52,0.0248225,0.670763,25501.1
600693.SH,20260417,278000,11.51,3199780.0,11.57,0.0319925,0.786648,86895.3
600694.SH,20260417,4700,17.01,79947.0,17.06,0.00136486,0.225387,34435.8
600696.SH,20260417,906200,0.98,888076.0,1.03,0.270937,15.2006,33446.9
600697.SH,20260417,7900,11.88,93852.0,11.88,0.00508444,0.257726,15537.6
600698.SH,20260417,25700,7.29,187353.0,7.35,0.0030947,0.15836,83045.2
600699.SH,20260417,180400,25.8,4654320.0,25.98,0.0133131,0.514969,135505.0
600702.SH,20260417,92500,46.47,4298475.0,46.97,0.0278096,1.50573,33261.9
600703.SH,20260417,720200,12.13,8736026.0,12.13,0.0144357,0.303562,498902.0
600704.SH,20260417,254600,5.27,1341742.0,5.28,0.00492344,0.753184,517118.0
600706.SH,20260417,99200,9.67,959264.0,9.66,0.0390505,1.51475,25403.0
600707.SH,20260417,952800,7.1,6764880.0,7.08,0.0265576,0.686339,358767.0
600708.SH,20260417,13300,3.36,44688.0,3.36,0.000597678,0.0616745,222528.0
600710.SH,20260417,36300,12.99,471537.0,12.99,0.00277789,0.199035,130675.0
600711.SH,20260417,375600,14.15,5314740.0,14.28,0.0121529,0.358621,309061.0
600712.SH,20260417,32000,6.04,193280.0,6.01,0.0059408,0.429333,53864.8
600713.SH,20260417,662600,6.08,4028608.0,6.23,0.0513722,0.554351,128980.0
600714.SH,20260417,190000,18.56,3526400.0,18.23,0.0659319,0.970123,28817.6
600715.SH,20260417,358900,2.0,717800.0,2.01,0.0125386,1.49677,286237.0
600716.SH,20260417,28800,4.21,121248.0,4.24,0.00307672,0.344185,93606.1
600717.SH,20260417,78500,4.47,350895.0,4.47,0.00271251,0.449117,289400.0
600718.SH,20260417,65000,9.1,591500.0,9.13,0.00543279,0.633819,119644.0
600719.SH,20260417,801600,7.47,5987952.0,7.33,0.198122,4.59304,40460.0
600720.SH,20260417,19300,7.04,135872.0,7.02,0.00191269,0.345629,100905.0
600721.SH,20260417,117400,9.04,1061296.0,9.1,0.0305294,0.313614,38454.8
600722.SH,20260417,337000,14.16,4771920.0,13.92,0.0495355,0.529629,68032.0
600724.SH,20260417,19500,6.74,131430.0,6.77,0.00134953,0.156222,144494.0
600725.SH,20260417,28800,4.17,120096.0,4.17,0.00233677,0.151019,123247.0
600726.SH,20260417,1095500,4.64,5083120.0,4.62,0.0146549,0.448228,747534.0
600727.SH,20260417,1832200,7.3,13375060.0,6.99,0.346625,11.8089,52858.3
600728.SH,20260417,130400,5.65,736760.0,5.67,0.0061146,0.458128,213260.0
600729.SH,20260417,4500,22.32,100440.0,22.41,0.00233787,0.19206,19248.3
600730.SH,20260417,67400,8.75,589750.0,8.8,0.0114888,0.389814,58665.6
600731.SH,20260417,15400,6.88,105952.0,6.91,0.00284299,0.160969,54168.3
600732.SH,20260417,102000,15.67,1598340.0,15.69,0.00485839,0.167075,209946.0
600733.SH,20260417,138100,7.17,990177.0,7.19,0.00282314,0.280859,489171.0
600734.SH,20260417,4610200,3.41,15720782.0,3.79,0.211686,9.82376,217785.0
600736.SH,20260417,52100,6.17,321457.0,6.2,0.00452535,0.385471,115129.0
600737.SH,20260417,61800,14.5,896100.0,14.39,0.00288941,0.340956,213885.0
600738.SH,20260417,16800,4.87,81816.0,4.87,0.00220859,0.141706,76066.6
600739.SH,20260417,25600,11.71,299776.0,11.71,0.00167352,0.238955,152971.0
600740.SH,20260417,85800,4.24,363792.0,4.25,0.00334879,0.245796,256212.0
600741.SH,20260417,45000,20.55,924750.0,20.61,0.00142734,0.266181,315272.0
600742.SH,20260417,129700,10.26,1330722.0,10.24,0.0174549,1.49952,74305.8
600743.SH,20260417,9010774,2.56,23067581.0,2.65,0.384074,3.96233,234610.0
600744.SH,20260417,392400,7.46,2927304.0,7.49,0.0193193,0.436673,203112.0
600745.SH,20260417,72000,31.09,2238480.0,31.17,0.00578475,0.420936,124465.0
600746.SH,20260417,251400,9.88,2483832.0,9.71,0.0215269,1.31344,116784.0
600748.SH,20260417,221200,5.37,1187844.0,5.38,0.011992,0.946596,184456.0
600749.SH,20260417,1518100,20.0,30362000.0,19.93,0.668868,4.6618,22696.6
600750.SH,20260417,13400,27.27,365418.0,27.28,0.00213143,0.281253,62868.5
600751.SH,20260417,42000,3.77,158340.0,3.79,0.00163222,0.0963282,257319.0
600753.SH,20260417,0,,0.0,12.05,0.0,0.0,23030.7
600754.SH,20260417,78000,27.75,2164500.0,27.89,0.00860885,0.614722,90604.4
600755.SH,20260417,101600,6.34,644144.0,6.36,0.00476512,0.547198,213216.0
600756.SH,20260417,37800,16.78,634284.0,16.88,0.0116631,0.269931,32409.9
600757.SH,20260417,47400,8.76,415224.0,8.81,0.00390607,0.467328,121350.0
600758.SH,20260417,249838,3.88,969371.0,3.89,0.0189165,0.315615,132074.0
600759.SH,20260417,2070400,5.28,10931712.0,5.27,0.0499652,0.487346,414369.0
600760.SH,20260417,98300,50.51,4965133.0,50.5,0.00347819,0.386777,282619.0
600761.SH,20260417,35100,17.58,617058.0,17.57,0.00394075,0.372332,89069.3
600763.SH,20260417,22000,41.49,912780.0,41.63,0.00491852,0.365558,44728.9
600764.SH,20260417,23200,24.24,562368.0,24.28,0.00326471,0.587958,71062.9
600765.SH,20260417,35800,16.7,597860.0,16.73,0.00230597,0.174501,155249.0
600768.SH,20260417,522700,17.58,9189066.0,17.52,0.390812,6.18883,13374.7
600769.SH,20260417,54000,15.0,810000.0,14.87,0.0144009,0.377059,37497.7
600770.SH,20260417,664900,5.86,3896314.0,5.69,0.0511462,2.37048,130000.0
600771.SH,20260417,7900,17.38,137302.0,17.37,0.00161392,0.132792,48949.1
600773.SH,20260417,135300,21.55,2915715.0,21.12,0.0142184,0.272558,95158.7
600774.SH,20260417,9000,8.85,79650.0,8.89,0.00305209,0.256237,29488.0
600775.SH,20260417,133000,13.53,1799490.0,13.49,0.0197964,0.747947,67183.9
600776.SH,20260417,60500,15.55,940775.0,15.62,0.00632845,0.344625,95600.0
600777.SH,20260417,116500,5.87,683855.0,5.84,0.00182999,0.389264,636615.0
600778.SH,20260417,27900,6.43,179397.0,6.43,0.00896487,0.478842,31121.5
600779.SH,20260417,36100,32.73,1181553.0,33.05,0.00740508,1.73334,48750.3
600780.SH,20260417,296200,6.49,1922338.0,6.49,0.0258351,1.3599,114650.0
600782.SH,20260417,117600,3.55,417480.0,3.55,0.00373849,0.309379,314565.0
600783.SH,20260417,79200,20.68,1637856.0,20.8,0.01064,0.584694,74435.9
600784.SH,20260417,96400,7.3,703720.0,7.34,0.0142677,0.989247,67565.2
600785.SH,20260417,36700,18.0,660600.0,18.07,0.0162655,0.467122,22563.1
600787.SH,20260417,60700,5.38,326566.0,5.38,0.00279713,0.366421,217008.0
600789.SH,20260417,25800,8.37,215946.0,8.38,0.00287091,0.16974,89867.0
600790.SH,20260417,43200,3.7,159840.0,3.7,0.00294721,0.726685,146579.0
600791.SH,20260417,93800,12.08,1133104.0,12.08,0.0207378,0.311614,45231.4
600792.SH,20260417,45700,4.03,184171.0,4.02,0.0041174,0.208997,110992.0
600793.SH,20260417,10700,18.52,198164.0,18.59,0.00604848,0.374584,17690.4
600794.SH,20260417,94800,3.63,344124.0,3.65,0.007899,0.678869,120015.0
600795.SH,20260417,406200,4.83,1961946.0,4.83,0.00227747,0.328648,1783560.0
600796.SH,20260417,8200,6.42,52644.0,6.46,0.00263261,0.112627,31147.8
600797.SH,20260417,1043700,9.5,9915150.0,9.5,0.101574,3.64787,102753.0
600798.SH,20260417,23000,3.65,83950.0,3.66,0.00190629,0.102488,120653.0
600800.SH,20260417,62400,4.51,281424.0,4.51,0.00562299,0.156022,110973.0
600801.SH,20260417,24400,22.96,560224.0,23.14,0.00181859,0.194973,134170.0
600802.SH,20260417,45900,5.67,260253.0,5.67,0.0100164,0.412308,45824.8
600803.SH,20260417,22600,20.81,470306.0,20.95,0.000735743,0.226923,307173.0
600805.SH,20260417,137000,5.24,717880.0,5.25,0.0161124,1.30749,85027.5
600807.SH,20260417,56100,2.99,167739.0,3.0,0.00712817,0.273704,78701.8
600808.SH,20260417,235200,3.93,924336.0,3.95,0.00394118,0.432965,596775.0
600809.SH,20260417,69400,139.2,9660480.0,141.16,0.00568869,0.987736,121996.0
600810.SH,20260417,59100,8.61,508851.0,8.64,0.00546841,0.211401,108075.0
600812.SH,20260417,51200,5.56,284672.0,5.58,0.00298415,0.197704,171573.0
600814.SH,20260417,46300,7.67,355121.0,7.7,0.00629865,0.747582,73507.9
600815.SH,20260417,396800,4.1,1626880.0,4.11,0.0223663,0.341546,177409.0
600816.SH,20260417,308700,2.55,787185.0,2.56,0.0056444,0.960929,546914.0
600817.SH,20260417,8200,12.51,102582.0,12.46,0.00154938,0.110121,52924.4
600818.SH,20260417,20400,8.57,174828.0,8.61,0.00857294,0.584433,23795.8
600819.SH,20260417,45600,7.01,319656.0,7.08,0.00610102,0.807883,74741.6
600820.SH,20260417,30400,6.14,186656.0,6.13,0.000966892,0.252934,314410.0
600821.SH,20260417,1882900,8.71,16400059.0,8.86,0.0957086,0.670197,196732.0
600822.SH,20260417,20400,10.13,206652.0,10.18,0.00514959,0.341234,39614.8
600824.SH,20260417,35400,4.01,141954.0,4.03,0.00335855,0.485079,105403.0
600825.SH,20260417,34100,5.97,203577.0,5.98,0.00326351,0.265617,104489.0
600826.SH,20260417,15200,9.6,145920.0,9.55,0.00206653,0.300764,73553.4
600827.SH,20260417,74400,8.38,623472.0,8.39,0.0046371,1.00961,160445.0
600828.SH,20260417,50700,5.2,263640.0,5.24,0.00292833,0.353925,173136.0
600829.SH,20260417,84100,9.96,837636.0,9.97,0.0145028,0.422089,57988.9
600830.SH,20260417,7300,8.9,64970.0,8.88,0.00160679,0.18763,45432.3
600831.SH,20260417,119400,3.55,423870.0,3.57,0.0167945,0.905718,71094.7
600833.SH,20260417,56700,11.62,658854.0,11.68,0.0254162,1.34776,22308.6
600834.SH,20260417,3500,8.33,29155.0,8.35,0.000733166,0.149922,47738.2
600835.SH,20260417,16400,22.87,375068.0,22.87,0.00203347,0.158686,80650.4
600838.SH,20260417,12300,10.2,125460.0,10.13,0.00306823,0.198283,40088.2
600839.SH,20260417,775200,9.11,7062072.0,9.18,0.0167976,0.562064,461496.0
600841.SH,20260417,89400,9.48,847512.0,9.56,0.00857123,0.219064,104302.0
600843.SH,20260417,10600,9.52,100912.0,9.55,0.00225906,0.159976,46922.3
600844.SH,20260417,394400,3.55,1400120.0,3.54,0.0479379,0.382395,82273.1
600845.SH,20260417,64900,23.32,1513468.0,23.45,0.00304116,0.32196,213405.0
600846.SH,20260417,5200,12.22,63544.0,12.27,0.000832318,0.320432,62476.2
600847.SH,20260417,189500,14.48,2743960.0,14.63,0.123624,3.63438,15328.7
600848.SH,20260417,32400,9.41,304884.0,9.42,0.00135343,0.162785,239391.0
600850.SH,20260417,30200,20.58,621516.0,20.68,0.00443988,0.250465,68019.9
600851.SH,20260417,39900,8.38,334362.0,8.41,0.00540499,0.258092,73820.6
600853.SH,20260417,38600,3.99,154014.0,3.99,0.00380785,0.389042,101370.0
600854.SH,20260417,84000,5.12,430080.0,5.11,0.0161707,1.16322,51945.9
600855.SH,20260417,189000,19.65,3713850.0,19.81,0.0404157,0.543059,46764.0
600857.SH,20260417,12800,12.1,154880.0,12.1,0.00570614,0.52797,22432.0
600858.SH,20260417,46400,5.71,264944.0,5.71,0.00896535,0.823537,51754.8
600859.SH,20260417,26000,12.3,319800.0,12.32,0.00231352,0.251473,112383.0
600860.SH,20260417,186600,12.0,2239200.0,11.84,0.0420232,1.28279,44404.1
600861.SH,20260417,11500,16.37,188255.0,16.35,0.00313715,0.469737,36657.5
600862.SH,20260417,62293,21.71,1352381.0,21.82,0.0044717,0.375821,139305.0
600863.SH,20260417,430500,4.66,2006130.0,4.68,0.00659579,0.385116,652689.0
600864.SH,20260417,441700,7.2,3180240.0,7.26,0.0212298,0.255643,208057.0
600865.SH,20260417,19900,11.48,228452.0,11.48,0.00528917,0.38457,37624.0
600866.SH,20260417,72800,6.99,508872.0,6.99,0.00579724,0.316378,125577.0
600867.SH,20260417,789200,10.3,8128760.0,10.41,0.0402953,0.778961,195854.0
600868.SH,20260417,572800,3.44,1970432.0,3.46,0.0301768,1.09875,189815.0
600869.SH,20260417,732656,14.3,10476981.0,14.37,0.0330121,0.750654,221935.0
600871.SH,20260417,360000,2.69,968400.0,2.7,0.00265741,0.179154,1354700.0
600872.SH,20260417,69100,19.95,1378545.0,19.82,0.00896253,0.648553,77098.8
600873.SH,20260417,64500,10.83,698535.0,10.85,0.00230009,0.194449,280424.0
600874.SH,20260417,15400,6.13,94402.0,6.14,0.00125161,0.15364,123042.0
600875.SH,20260417,3618600,42.5,153790500.0,42.04,0.159877,3.32013,226337.0
600876.SH,20260417,42000,9.6,403200.0,9.64,0.0106148,0.345107,39567.5
600877.SH,20260417,111800,17.14,1916252.0,17.2,0.00944209,0.487113,118406.0
600879.SH,20260417,629903,23.02,14500367.0,23.16,0.019092,0.402058,329930.0
600880.SH,20260417,99300,5.05,501465.0,5.08,0.00908484,0.229082,109303.0
600881.SH,20260417,189800,1.59,301782.0,1.59,0.00587225,0.653239,323215.0
600882.SH,20260417,16400,19.07,312748.0,19.08,0.00321535,0.215424,51005.4
600883.SH,20260417,42700,8.04,343308.0,8.07,0.0180865,1.03439,23608.8
600884.SH,20260417,902600,14.75,13313350.0,14.75,0.0491851,0.627463,183511.0
600885.SH,20260417,68800,27.4,1885120.0,27.4,0.00444561,0.322307,154759.0
600886.SH,20260417,82900,13.3,1102570.0,13.33,0.00111213,0.415416,745418.0
600887.SH,20260417,386400,25.59,9887976.0,25.6,0.00613925,1.09604,629393.0
600888.SH,20260417,86100,8.56,737016.0,8.6,0.0055438,0.286377,155309.0
600889.SH,20260417,8600,14.76,126936.0,14.8,0.00234751,0.198217,36634.6
600892.SH,20260417,8000,3.65,29200.0,3.66,0.00143031,0.17918,55932.0
600893.SH,20260417,57800,50.31,2907918.0,50.63,0.00216875,0.173601,266512.0
600894.SH,20260417,70600,10.05,709530.0,9.99,0.00837342,0.697512,84314.4
600895.SH,20260417,51001,36.45,1858986.0,36.47,0.00329317,0.216368,154869.0
600897.SH,20260417,27800,16.26,452028.0,16.36,0.00666772,0.443795,41693.4
600900.SH,20260417,418941,26.55,11122884.0,26.55,0.00171218,0.568723,2446820.0
600901.SH,20260417,169400,6.88,1165472.0,6.9,0.00292551,0.508377,579045.0
600903.SH,20260417,16400,6.25,102500.0,6.26,0.00142608,0.24864,115001.0
600905.SH,20260417,394600,4.1,1617860.0,4.1,0.00138032,0.39283,2858760.0
600906.SH,20260417,58400,6.46,377264.0,6.48,0.00274923,0.348125,212424.0
600908.SH,20260417,37800,5.66,213948.0,5.67,0.00189065,0.310956,199931.0
600909.SH,20260417,168400,5.75,968300.0,5.75,0.00335177,0.315359,502421.0
600916.SH,20260417,143400,9.11,1306374.0,9.16,0.00853571,0.533807,168000.0
600917.SH,20260417,121100,5.35,647885.0,5.37,0.00775765,2.34984,156104.0
600918.SH,20260417,32400,6.08,196992.0,6.09,0.0008253,0.141408,392585.0
600919.SH,20260417,554300,10.9,6041870.0,10.9,0.00302049,0.93467,1835130.0
600925.SH,20260417,17500,4.56,79800.0,4.56,0.00108963,0.256675,160605.0
600926.SH,20260417,112600,17.05,1919830.0,17.03,0.00155332,0.486802,724900.0
600927.SH,20260417,7500,14.44,108300.0,14.44,0.000515267,0.132518,145556.0
600928.SH,20260417,54400,3.62,196928.0,3.62,0.00122984,0.339244,442335.0
600929.SH,20260417,58800,6.82,401016.0,6.9,0.00358512,0.098834,164011.0
600930.SH,20260417,573100,6.03,3455793.0,6.03,0.0177441,0.505288,322981.0
600933.SH,20260417,19900,17.3,344270.0,17.34,0.00203606,0.182475,97737.6
600935.SH,20260417,226800,2.62,594216.0,2.63,0.00646632,0.643789,350740.0
600936.SH,20260417,178700,4.13,738031.0,4.18,0.010694,0.829185,167103.0
600938.SH,20260417,205800,36.98,7610484.0,36.96,0.00688294,0.368636,299000.0
600939.SH,20260417,31400,2.92,91688.0,2.91,0.00165048,0.367723,190248.0
600941.SH,20260417,28400,93.66,2659944.0,93.66,0.00314588,0.43347,90276.8
600955.SH,20260417,77500,18.24,1413600.0,18.37,0.0140909,0.722698,55000.0
600956.SH,20260417,60300,8.1,488430.0,8.11,0.00256805,0.364773,234809.0
600958.SH,20260417,354600,9.29,3294234.0,9.28,0.00474732,0.658982,746948.0
600959.SH,20260417,550500,4.13,2273565.0,4.11,0.0110084,0.389966,500072.0
600960.SH,20260417,50900,5.24,266716.0,5.23,0.00535499,0.364769,95051.6
600961.SH,20260417,802681,22.09,17731223.0,20.08,0.106766,4.28013,75181.2
600962.SH,20260417,2300,18.7,43010.0,18.83,0.00087716,0.0996085,26221.0
600963.SH,20260417,44000,4.8,211200.0,4.79,0.00250346,0.212092,175757.0
600965.SH,20260417,5500,5.55,30525.0,5.54,0.000671796,0.0775453,81870.1
600966.SH,20260417,8700,6.5,56550.0,6.52,0.000650786,0.0624389,133684.0
600967.SH,20260417,54700,14.7,804090.0,14.77,0.00321425,0.249434,170179.0
600968.SH,20260417,168700,4.3,725410.0,4.3,0.0016596,0.244911,1016510.0
600969.SH,20260417,13000,9.85,128050.0,9.85,0.00351303,0.131634,37005.0
600970.SH,20260417,86600,10.62,919692.0,10.57,0.00330306,0.279873,262181.0
600971.SH,20260417,22900,7.29,166941.0,7.3,0.00190833,0.189843,120000.0
600973.SH,20260417,129800,7.24,939752.0,7.25,0.00946501,0.246058,137137.0
600975.SH,20260417,56600,5.73,324318.0,5.75,0.00452923,0.246161,124966.0
600976.SH,20260417,5100,33.64,171564.0,33.68,0.00332684,0.206587,15329.9
600977.SH,20260417,208800,14.14,2952432.0,14.2,0.0111837,0.628494,186700.0
600979.SH,20260417,71200,4.42,314704.0,4.43,0.005778,0.207327,123226.0
600980.SH,20260417,10900,22.7,247430.0,22.68,0.00575917,0.412012,18926.4
600981.SH,20260417,227200,2.96,672512.0,2.96,0.0101319,1.44572,224243.0
600982.SH,20260417,452100,5.7,2576970.0,5.7,0.0404518,0.464924,111763.0
600983.SH,20260417,43900,10.76,472364.0,10.79,0.00572779,0.323651,76643.9
600984.SH,20260417,62500,4.26,266250.0,4.26,0.00497198,0.219925,125704.0
600985.SH,20260417,29900,13.6,406640.0,13.61,0.00111018,0.188878,269326.0
600986.SH,20260417,3552700,10.94,38866538.0,10.98,0.238857,1.89371,148737.0
600987.SH,20260417,5900,7.55,44545.0,7.55,0.000577967,0.0542547,102082.0
600988.SH,20260417,195400,43.36,8472544.0,44.1,0.0117434,0.517484,166391.0
600989.SH,20260417,659541,28.3,18665010.0,28.16,0.00899371,0.643767,733336.0
600990.SH,20260417,24900,24.15,601335.0,24.06,0.00925607,0.504624,26901.3
600992.SH,20260417,5600,12.1,67760.0,12.1,0.00228487,0.123483,24509.0
600993.SH,20260417,11600,25.05,290580.0,25.09,0.00269575,0.354539,43030.7
600995.SH,20260417,111400,14.12,1572968.0,14.16,0.0034856,0.489912,319601.0
600996.SH,20260417,951700,9.8,9326660.0,9.44,0.0763314,2.90746,124680.0
600997.SH,20260417,12800,5.74,73472.0,5.75,0.000806147,0.115166,158780.0
600998.SH,20260417,96500,5.33,514345.0,5.34,0.00191374,0.250693,504247.0
600999.SH,20260417,93100,15.85,1475635.0,15.85,0.00125438,0.293521,742200.0
601000.SH,20260417,103632,4.8,497434.0,4.82,0.00174879,0.25562,592593.0
601001.SH,20260417,26700,16.96,452832.0,17.03,0.00159527,0.162783,167370.0
601002.SH,20260417,182200,6.02,1096844.0,6.04,0.0190897,0.325302,95444.1
601003.SH,20260417,42700,4.65,198555.0,4.63,0.00166615,0.349296,256279.0
601005.SH,20260417,593700,1.41,837117.0,1.41,0.00714128,1.01084,831364.0
601006.SH,20260417,337300,5.29,1784317.0,5.29,0.00167418,0.367494,2014720.0
601007.SH,20260417,235400,8.33,1960882.0,8.31,0.060359,1.307,39000.0
601008.SH,20260417,47700,4.83,230391.0,4.86,0.0038448,0.6771,124064.0
601009.SH,20260417,19000,11.13,211470.0,11.11,0.000153677,0.051612,1236360.0
601010.SH,20260417,358600,2.36,846296.0,2.36,0.0194048,0.460766,184800.0
601011.SH,20260417,31500,3.22,101430.0,3.23,0.00164434,0.104328,191566.0
601012.SH,20260417,512400,17.45,8941380.0,17.51,0.00676163,0.391245,757806.0
601015.SH,20260417,261300,4.02,1050426.0,4.02,0.0127932,0.461126,204250.0
601016.SH,20260417,755900,4.05,3061395.0,4.06,0.0125186,0.285931,603820.0
601018.SH,20260417,197100,3.89,766719.0,3.89,0.00101314,0.534466,1945440.0
601019.SH,20260417,170500,7.7,1312850.0,7.72,0.00817001,0.675267,208690.0
601020.SH,20260417,255900,29.1,7446690.0,29.3,0.0312087,0.569723,81996.5
601021.SH,20260417,33444,47.51,1588924.0,47.72,0.00341847,0.519074,97833.3
601022.SH,20260417,42200,8.81,371782.0,8.82,0.00322474,0.588249,130863.0
601026.SH,20260417,83826,18.67,1565031.0,18.91,0.0754607,2.30272,11108.6
601033.SH,20260417,25700,14.88,382416.0,14.89,0.0107083,0.724331,24000.0
601038.SH,20260417,4400,12.83,56452.0,12.89,0.000601335,0.0668741,73170.5
601058.SH,20260417,122900,13.8,1696020.0,13.87,0.00373772,0.252946,328810.0
601059.SH,20260417,29000,16.92,490680.0,16.95,0.000894234,0.37484,324300.0
601061.SH,20260417,38500,12.48,480480.0,12.53,0.000785714,0.233753,490000.0
601065.SH,20260417,4000,8.4,33600.0,8.42,0.000960947,0.1087,41625.6
601066.SH,20260417,18700,21.94,410278.0,21.92,0.000287884,0.158952,649567.0
601068.SH,20260417,30100,6.25,188125.0,6.26,0.00117597,0.162613,255959.0
601069.SH,20260417,664400,32.76,21765744.0,33.94,0.0748883,2.94863,88718.8
601077.SH,20260417,43900,7.19,315641.0,7.21,0.000496705,0.12019,883824.0
601083.SH,20260417,19100,12.77,243907.0,12.77,0.00983927,0.15813,19412.0
601086.SH,20260417,56400,9.03,509292.0,9.01,0.00846847,1.09343,66600.0
601088.SH,20260417,121054,45.55,5514010.0,45.53,0.000734059,0.448871,1649100.0
601089.SH,20260417,2900,23.04,66816.0,23.17,0.000604167,0.0943434,48000.0
601096.SH,20260417,91300,5.54,505802.0,5.57,0.00555699,0.278798,164298.0
601098.SH,20260417,34700,11.11,385517.0,11.09,0.00193207,0.419336,179600.0
601099.SH,20260417,270500,3.83,1036015.0,3.83,0.00396842,0.227014,681632.0
601100.SH,20260417,24500,106.75,2615375.0,107.0,0.00182724,0.25763,134082.0
601101.SH,20260417,34100,8.31,283371.0,8.35,0.00236806,0.237608,144000.0
601106.SH,20260417,130600,4.18,545908.0,4.19,0.00190441,0.250491,685778.0
601107.SH,20260417,110500,6.01,664105.0,6.03,0.00510926,0.673057,216274.0
601108.SH,20260417,259400,8.3,2153020.0,8.31,0.00558599,0.562912,464376.0
601111.SH,20260417,433500,6.97,3021495.0,6.99,0.00372483,0.548382,1163810.0
601112.SH,20260417,88700,19.9,1765130.0,20.0,0.0500423,0.573956,17725.0
601113.SH,20260417,359000,4.59,1647810.0,4.56,0.0325136,1.84861,110415.0
601116.SH,20260417,132500,14.3,1894750.0,14.19,0.024193,1.93465,54767.8
601117.SH,20260417,428700,8.64,3703968.0,8.66,0.00704164,0.409034,608807.0
601118.SH,20260417,229400,6.6,1514040.0,6.63,0.00536053,0.690266,427943.0
601121.SH,20260417,15000,7.76,116400.0,7.75,0.001875,0.15945,80000.0
601126.SH,20260417,225400,46.45,10469830.0,46.5,0.0273184,0.725169,82508.5
601127.SH,20260417,66728,89.47,5970154.0,89.91,0.00428512,0.432242,155720.0
601128.SH,20260417,324400,7.17,2325948.0,7.15,0.00978133,1.06425,331652.0
601133.SH,20260417,218400,25.38,5542992.0,25.5,0.0416486,0.58982,52438.7
601136.SH,20260417,12600,16.4,206640.0,16.4,0.000460976,0.152552,273333.0
601137.SH,20260417,71900,20.03,1440157.0,20.13,0.00783389,0.44067,91780.7
601138.SH,20260417,1593430,59.6,94968428.0,59.32,0.00802974,0.830338,1984410.0
601139.SH,20260417,72400,6.87,497388.0,6.87,0.00251673,0.26477,287674.0
601155.SH,20260417,35400,14.24,504096.0,14.22,0.00156941,0.210353,225562.0
601156.SH,20260417,8900,17.33,154237.0,17.33,0.000942202,0.114866,94459.6
601158.SH,20260417,20700,4.38,90666.0,4.37,0.000431248,0.36442,480003.0
601162.SH,20260417,1786233,3.8,6787685.0,3.8,0.0207751,1.26904,859797.0
601163.SH,20260417,18200,14.21,258622.0,14.22,0.002275,0.528286,80000.0
601166.SH,20260417,316800,18.6,5892480.0,18.61,0.00149696,0.586443,2116290.0
601168.SH,20260417,587300,28.57,16779161.0,28.9,0.0246454,1.12604,238300.0
601169.SH,20260417,639900,5.43,3474657.0,5.43,0.00302654,0.833117,2114300.0
601177.SH,20260417,22300,14.75,328925.0,14.72,0.00557416,0.568229,40006.0
601179.SH,20260417,1426200,17.45,24887190.0,17.44,0.0278235,0.548003,512588.0
601186.SH,20260417,390600,6.95,2714670.0,6.96,0.00339556,0.99257,1150320.0
601187.SH,20260417,79300,7.54,597922.0,7.57,0.00301134,0.521218,263338.0
601188.SH,20260417,36400,3.28,119392.0,3.28,0.00278827,0.287579,130547.0
601198.SH,20260417,140000,12.95,1813000.0,13.01,0.00433109,0.668569,323245.0
601199.SH,20260417,20800,5.68,118144.0,5.69,0.0022241,0.400904,93521.0
601200.SH,20260417,21200,8.12,172144.0,8.13,0.00157477,0.283278,134623.0
601208.SH,20260417,219500,34.18,7502510.0,34.01,0.0217287,0.409876,101018.0
601211.SH,20260417,915060,17.09,15638375.0,17.13,0.00677977,0.766104,1349690.0
601212.SH,20260417,576400,7.95,4582380.0,8.04,0.00778417,0.495149,740477.0
601216.SH,20260417,117200,5.34,625848.0,5.35,0.00138895,0.166952,843802.0
601218.SH,20260417,242700,6.0,1456200.0,6.02,0.0250456,0.497747,96903.4
601222.SH,20260417,45800,6.17,282586.0,6.16,0.00224376,0.186693,204122.0
601225.SH,20260417,94900,25.08,2380092.0,24.99,0.000978855,0.321552,969500.0
601226.SH,20260417,161300,9.42,1519446.0,9.42,0.0138786,0.738626,116222.0
601228.SH,20260417,149100,3.26,486066.0,3.26,0.00197627,0.374531,754453.0
601229.SH,20260417,92500,9.8,906500.0,9.8,0.000650995,0.24532,1420900.0
601231.SH,20260417,400320,38.31,15336259.0,37.95,0.0167561,0.637718,238910.0
601233.SH,20260417,39000,20.38,794820.0,20.38,0.00164233,0.0932074,237467.0
601236.SH,20260417,20500,7.78,159490.0,7.79,0.000434618,0.154436,471679.0
601238.SH,20260417,39400,7.3,287620.0,7.29,0.000533608,0.285347,738370.0
601279.SH,20260417,40300,3.96,159588.0,3.98,0.00254133,0.381035,158579.0
601288.SH,20260417,2830100,7.0,19810700.0,7.0,0.0008865,0.769234,31924400.0
601298.SH,20260417,17600,8.85,155760.0,8.87,0.000326405,0.19304,539208.0
601311.SH,20260417,141300,10.23,1445499.0,10.27,0.0120445,0.284303,117315.0
601318.SH,20260417,384900,58.4,22478160.0,58.52,0.00361067,0.629811,1066010.0
601319.SH,20260417,315400,7.48,2359192.0,7.49,0.000888507,0.64988,3549780.0
601326.SH,20260417,142500,3.56,507300.0,3.57,0.00299523,0.362987,475756.0
601328.SH,20260417,661200,6.91,4568892.0,6.92,0.00253601,0.574901,2607240.0
601330.SH,20260417,50500,7.94,400970.0,7.96,0.00510568,0.236842,98909.5
601333.SH,20260417,335000,3.07,1028450.0,3.07,0.00592686,0.794897,565224.0
601336.SH,20260417,194900,63.26,12329374.0,63.89,0.00934575,0.947331,208544.0
601339.SH,20260417,155500,8.09,1257995.0,8.05,0.0103696,0.698804,149957.0
601360.SH,20260417,263171,10.95,2881722.0,11.03,0.00375982,0.363113,699956.0
601366.SH,20260417,24700,4.04,99788.0,4.05,0.00257361,0.238313,95974.1
601368.SH,20260417,52500,4.84,254100.0,4.84,0.00594582,0.87622,88297.3
601369.SH,20260417,30700,10.24,314368.0,10.22,0.00179931,0.30521,170621.0
601375.SH,20260417,236600,4.06,960596.0,4.06,0.0068629,0.688682,344752.0
601377.SH,20260417,166500,6.0,999000.0,6.01,0.00192798,0.152106,863599.0
601388.SH,20260417,406800,4.03,1639404.0,4.04,0.0184806,0.495683,220122.0
601390.SH,20260417,708877,5.29,3749959.0,5.3,0.00346151,0.528633,2047880.0
601398.SH,20260417,874900,7.45,6518005.0,7.46,0.000324503,0.39673,26961200.0
601399.SH,20260417,180600,4.27,771162.0,4.29,0.00250362,0.17079,721356.0
601456.SH,20260417,88400,9.33,824772.0,9.33,0.00201966,0.344949,437698.0
601500.SH,20260417,163700,4.26,697362.0,4.29,0.0103411,1.30056,158300.0
601512.SH,20260417,7900,8.9,70310.0,8.9,0.000527057,0.269387,149889.0
601515.SH,20260417,87700,4.62,405174.0,4.62,0.0045571,0.22304,192447.0
601518.SH,20260417,140220,2.81,394018.0,2.82,0.00741688,0.445998,189055.0
601519.SH,20260417,162500,10.75,1746875.0,10.72,0.00816928,0.580667,198916.0
601528.SH,20260417,7000,5.27,36890.0,5.28,0.000403585,0.0579122,173446.0
601555.SH,20260417,163400,8.31,1357854.0,8.31,0.00328858,0.375563,496870.0
601566.SH,20260417,9900,10.77,106623.0,10.76,0.00172283,0.246286,57463.7
601567.SH,20260417,114600,26.09,2989914.0,26.13,0.00815537,0.494326,140521.0
601568.SH,20260417,25600,4.11,105216.0,4.12,0.000644476,0.0940707,397222.0
601577.SH,20260417,28100,9.47,266107.0,9.48,0.000698886,0.199345,402068.0
601579.SH,20260417,50700,19.03,964821.0,19.19,0.0105743,0.392294,47946.3
601588.SH,20260417,3570200,1.88,6711976.0,1.94,0.134218,1.93536,266000.0
601595.SH,20260417,57500,25.0,1437500.0,24.88,0.0128291,1.46254,44820.0
601598.SH,20260417,66600,6.05,402930.0,6.08,0.00129133,0.345833,515747.0
601599.SH,20260417,46600,3.79,176614.0,3.8,0.00401536,0.249695,116054.0
601600.SH,20260417,1234400,12.7,15676880.0,12.8,0.00937042,0.45535,1317340.0
601601.SH,20260417,93500,37.7,3524950.0,37.87,0.00136595,0.295915,684504.0
601606.SH,20260417,12200,39.66,483852.0,39.8,0.00168455,0.0862599,72422.8
601607.SH,20260417,33900,17.14,581046.0,17.14,0.0012154,0.334558,278921.0
601608.SH,20260417,82700,6.27,518529.0,6.28,0.00180585,0.296924,457955.0
601609.SH,20260417,42100,10.49,441629.0,10.52,0.00243544,0.210417,172864.0
601611.SH,20260417,131800,14.35,1891330.0,14.41,0.00437317,0.315262,301383.0
601615.SH,20260417,192200,16.54,3178988.0,16.52,0.0084988,0.275133,226150.0
601616.SH,20260417,110200,4.86,535572.0,4.86,0.0129089,0.376846,85367.5
601618.SH,20260417,554200,2.99,1657058.0,2.99,0.00310431,0.626297,1785260.0
601619.SH,20260417,329000,5.63,1852270.0,5.63,0.013513,0.299139,243469.0
601628.SH,20260417,65100,37.78,2459478.0,37.87,0.000312627,0.363765,2082350.0
601633.SH,20260417,22900,20.93,479297.0,20.94,0.000368805,0.148109,620924.0
601636.SH,20260417,133200,5.86,780552.0,5.88,0.00450205,0.297468,295865.0
601658.SH,20260417,769600,5.06,3894176.0,5.07,0.00106111,0.592487,7252780.0
601665.SH,20260417,118200,6.13,724566.0,6.13,0.00192075,0.210944,615384.0
601666.SH,20260417,53700,7.95,426915.0,7.95,0.00217465,0.274547,246936.0
601668.SH,20260417,1124600,4.98,5600508.0,4.98,0.00272166,0.784686,4132040.0
601669.SH,20260417,1018500,5.71,5815635.0,5.72,0.00779175,0.500122,1307150.0
601677.SH,20260417,148800,17.6,2618880.0,17.68,0.0122167,0.314221,121801.0
601678.SH,20260417,89600,5.09,456064.0,5.1,0.00438499,0.16881,204334.0
601686.SH,20260417,37500,5.87,220125.0,5.86,0.00254834,0.804108,147155.0
601688.SH,20260417,273900,18.98,5198622.0,19.01,0.00374858,0.265443,730676.0
601689.SH,20260417,468100,60.09,28128129.0,61.16,0.0269358,1.51597,173784.0
601696.SH,20260417,156700,12.49,1957183.0,12.5,0.00564075,0.355555,277800.0
601698.SH,20260417,150100,33.9,5088390.0,33.9,0.00355318,0.303718,422439.0
601699.SH,20260417,31800,13.57,431526.0,13.55,0.00106304,0.126401,299141.0
601700.SH,20260417,23300,5.28,123024.0,5.28,0.00204609,0.161115,113876.0
601702.SH,20260417,12700,20.05,254635.0,20.05,0.00127187,0.163276,99853.1
601717.SH,20260417,87000,20.12,1750440.0,20.2,0.00564142,0.547563,154217.0
601718.SH,20260417,73600,2.97,218592.0,2.98,0.00168766,0.246999,436107.0
601727.SH,20260417,319600,8.11,2591956.0,8.13,0.00253336,0.349564,1261560.0
601728.SH,20260417,201500,5.85,1178775.0,5.85,0.000259566,0.197042,7762970.0
601766.SH,20260417,981400,6.2,6084680.0,6.19,0.00403407,0.978006,2432780.0
601777.SH,20260417,46100,10.06,463766.0,10.06,0.00101966,0.275459,452110.0
601778.SH,20260417,47467400,7.0,332271800.0,6.66,1.32866,9.91939,357259.0
601788.SH,20260417,76400,15.55,1188020.0,15.58,0.00195562,0.397189,390670.0
601789.SH,20260417,965600,5.85,5648760.0,5.85,0.0888481,1.27063,108680.0
601798.SH,20260417,11000,9.16,100760.0,9.2,0.00310272,0.180705,35452.8
601799.SH,20260417,26300,130.23,3425049.0,130.0,0.00920612,0.652908,28567.9
601800.SH,20260417,178200,7.6,1354320.0,7.59,0.00151225,1.16377,1178370.0
601801.SH,20260417,24500,6.12,149940.0,6.13,0.00125132,0.155783,195793.0
601808.SH,20260417,119800,15.26,1828148.0,15.34,0.00404666,0.491506,296047.0
601811.SH,20260417,58800,14.26,838488.0,14.34,0.00742514,0.38527,79190.4
601816.SH,20260417,373000,4.92,1835160.0,4.93,0.000762381,0.331608,4892570.0
601818.SH,20260417,439200,3.2,1405440.0,3.2,0.000946413,0.415789,4640680.0
601825.SH,20260417,23200,9.17,212744.0,9.17,0.000247481,0.148561,937444.0
601827.SH,20260417,41800,7.96,332728.0,7.96,0.0025001,0.664563,167193.0
601828.SH,20260417,119500,2.42,289190.0,2.43,0.00330709,0.606537,361345.0
601838.SH,20260417,92700,17.26,1600002.0,17.27,0.00218713,0.526773,423844.0
601857.SH,20260417,940300,11.66,10963898.0,11.65,0.000580711,0.589046,16192200.0
601858.SH,20260417,27400,21.48,588552.0,21.5,0.00346616,0.365481,79050.0
601860.SH,20260417,190700,2.68,511076.0,2.68,0.00536943,0.663836,355159.0
601865.SH,20260417,45300,14.18,642354.0,14.19,0.00238292,0.244663,190103.0
601866.SH,20260417,447400,2.79,1248246.0,2.78,0.00458778,0.313019,975198.0
601868.SH,20260417,3027800,2.87,8689786.0,2.88,0.00933678,0.529288,3242870.0
601869.SH,20260417,92856,367.44,34119009.0,368.52,0.0228519,0.46171,40633.8
601872.SH,20260417,469482,17.99,8445981.0,18.08,0.00581435,0.271197,807454.0
601877.SH,20260417,233700,33.39,7803243.0,33.45,0.010875,0.680863,214897.0
601878.SH,20260417,62300,9.68,603064.0,9.7,0.00136211,0.250665,457380.0
601880.SH,20260417,453100,1.64,743084.0,1.63,0.00246075,0.378024,1841310.0
601881.SH,20260417,140600,12.97,1823582.0,12.98,0.00194107,0.358643,724342.0
601882.SH,20260417,2600,19.1,49660.0,19.18,0.000498084,0.0710436,52200.0
601886.SH,20260417,1900,9.5,18050.0,9.56,0.000167696,0.0332252,113300.0
601888.SH,20260417,134700,68.34,9205398.0,68.49,0.00689893,0.658672,195248.0
601890.SH,20260417,95500,10.47,999885.0,10.53,0.00995414,0.390736,95940.0
601898.SH,20260417,155000,16.84,2610200.0,16.74,0.00169362,0.38824,915200.0
601899.SH,20260417,1793600,35.0,62776000.0,35.3,0.00870604,0.739282,2060180.0
601900.SH,20260417,28300,12.99,367617.0,13.03,0.00320873,0.388119,88197.0
601901.SH,20260417,445700,7.09,3160013.0,7.12,0.00541417,0.746422,823210.0
601908.SH,20260417,789200,4.33,3417236.0,4.37,0.0326845,0.456478,241460.0
601916.SH,20260417,286200,3.02,864324.0,3.02,0.00132842,0.40417,2154440.0
601918.SH,20260417,128200,7.57,970474.0,7.59,0.00494877,0.287549,259054.0
601919.SH,20260417,632550,14.88,9412344.0,14.92,0.00503775,0.920219,1255620.0
601921.SH,20260417,16700,7.96,132932.0,7.99,0.0007515,0.251792,222222.0
601928.SH,20260417,19400,9.75,189150.0,9.78,0.000762309,0.333853,254490.0
601929.SH,20260417,180600,2.96,534576.0,2.97,0.0051751,0.265826,348979.0
601933.SH,20260417,8667000,4.18,36228060.0,3.97,0.0955037,6.78626,907504.0
601939.SH,20260417,454200,9.47,4301274.0,9.45,0.00473438,0.604808,959366.0
601949.SH,20260417,49400,6.29,310726.0,6.32,0.00259458,0.683164,190397.0
601952.SH,20260417,54000,9.87,532980.0,9.9,0.00391872,0.307338,137800.0
601956.SH,20260417,12100,6.69,80949.0,6.72,0.00194654,0.207377,62161.7
601958.SH,20260417,216500,19.5,4221750.0,19.62,0.00670984,0.719321,322660.0
601963.SH,20260417,62062,10.41,646065.0,10.44,0.00305119,0.371843,203403.0
601965.SH,20260417,32200,17.42,560924.0,17.39,0.00322514,0.494878,99840.6
601966.SH,20260417,115900,14.31,1658529.0,14.28,0.00791936,1.47553,146350.0
601968.SH,20260417,17300,5.16,89268.0,5.17,0.00135603,0.170726,127578.0
601969.SH,20260417,59600,11.17,665732.0,11.2,0.00302158,0.215709,197248.0
601975.SH,20260417,1251100,4.37,5467307.0,4.37,0.0267309,0.489339,468034.0
601985.SH,20260417,613965,8.74,5366054.0,8.76,0.00325137,0.698776,1888330.0
601988.SH,20260417,895300,5.77,5165881.0,5.79,0.000424785,0.454009,21076600.0
601990.SH,20260417,52900,7.43,393047.0,7.43,0.00143502,0.310215,368636.0
601991.SH,20260417,1153943,3.88,4477299.0,3.87,0.00930893,1.00244,1239610.0
601992.SH,20260417,364300,1.75,637525.0,1.75,0.00437117,0.591446,833416.0
601995.SH,20260417,188900,33.86,6396154.0,33.92,0.00646134,1.11584,292354.0
601996.SH,20260417,251400,2.6,653640.0,2.6,0.0224281,0.705445,112091.0
601997.SH,20260417,283300,5.78,1637474.0,5.79,0.00774849,1.30705,365620.0
601998.SH,20260417,118300,8.29,980707.0,8.29,0.000290214,0.369117,4076300.0
601999.SH,20260417,436800,8.05,3516240.0,8.23,0.0792863,1.23696,55091.5
603000.SH,20260417,81000,19.76,1600560.0,19.84,0.00732574,0.507153,110569.0
603001.SH,20260417,23500,9.21,216435.0,9.28,0.00586064,0.346269,40098.0
603002.SH,20260417,569300,12.94,7366742.0,12.89,0.0501993,0.605585,113408.0
603004.SH,20260417,57700,22.41,1293057.0,22.89,0.0979959,3.16908,5888.0
603005.SH,20260417,422500,30.0,12675000.0,29.71,0.0647836,1.23231,65217.2
603006.SH,20260417,7300,13.21,96433.0,13.21,0.00287114,0.331638,25425.4
603007.SH,20260417,195400,6.92,1352168.0,6.92,0.0281115,1.16284,69508.9
603008.SH,20260417,421584,12.65,5333038.0,12.61,0.11447,1.48879,36829.2
603009.SH,20260417,10900,51.0,555900.0,51.2,0.00322095,0.165357,33840.9
603010.SH,20260417,117900,12.69,1496151.0,12.42,0.0201528,0.778972,58503.0
603011.SH,20260417,31600,21.5,679400.0,21.5,0.0063914,0.194092,49441.4
603012.SH,20260417,6600,8.67,57222.0,8.66,0.00102088,0.0399059,64650.0
603013.SH,20260417,22800,19.33,440724.0,19.26,0.00448625,0.738551,50822.0
603014.SH,20260417,4600,37.62,173052.0,37.62,0.0116848,0.600805,3936.73
603015.SH,20260417,4900,12.37,60613.0,12.36,0.00121221,0.138917,40421.9
603016.SH,20260417,30000,47.24,1417200.0,47.53,0.0202484,0.453196,14816.0
603017.SH,20260417,90200,12.75,1150050.0,12.82,0.0326586,0.464071,27619.0
603018.SH,20260417,10800,7.57,81756.0,7.56,0.00157942,0.177631,68379.6
603019.SH,20260417,253900,89.01,22599639.0,88.99,0.0173582,0.512247,146271.0
603020.SH,20260417,3600,11.38,40968.0,11.31,0.000939365,0.0947485,38323.8
603021.SH,20260417,605700,8.0,4845600.0,8.14,0.189312,6.17304,31994.8
603022.SH,20260417,50300,10.56,531168.0,10.56,0.02515,1.19917,20000.0
603023.SH,20260417,68500,4.48,306880.0,4.48,0.0122734,0.459447,55811.7
603025.SH,20260417,42000,14.99,629580.0,14.89,0.0037866,0.259148,110917.0
603026.SH,20260417,283489,97.98,27776252.0,97.47,0.121825,1.0538,23270.1
603027.SH,20260417,17800,9.51,169278.0,9.55,0.00142444,0.10661,124962.0
603028.SH,20260417,5900,8.55,50445.0,8.54,0.00207608,0.147889,28419.0
603029.SH,20260417,10100,18.81,189981.0,18.76,0.00832358,0.436978,12134.2
603030.SH,20260417,114600,2.38,272748.0,2.38,0.00870203,0.614557,131693.0
603031.SH,20260417,108200,53.27,5763814.0,52.24,0.0499029,1.37419,21682.1
603032.SH,20260417,297000,22.04,6545880.0,22.15,0.128203,1.74545,23166.3
603033.SH,20260417,21000,11.5,241500.0,11.61,0.00207401,0.174489,101253.0
603035.SH,20260417,7200,14.46,104112.0,14.46,0.00196535,0.231035,36634.7
603036.SH,20260417,11100,18.22,202242.0,18.18,0.00538819,0.294069,20600.6
603037.SH,20260417,23000,14.7,338100.0,14.75,0.0086419,0.267789,26614.5
603038.SH,20260417,13700,15.83,216871.0,15.82,0.00509906,0.409296,26867.7
603039.SH,20260417,21900,44.02,964038.0,44.32,0.00854248,0.293803,25636.6
603040.SH,20260417,10300,86.13,887139.0,86.02,0.0075878,0.565726,13574.4
603041.SH,20260417,18200,12.79,232778.0,12.8,0.00993733,0.770518,18314.8
603042.SH,20260417,349234,22.01,7686640.0,21.7,0.21747,1.5852,16059.0
603043.SH,20260417,24100,15.41,371381.0,15.47,0.00427338,0.874757,56395.6
603045.SH,20260417,18300,33.7,616710.0,33.72,0.013511,0.221279,13544.5
603048.SH,20260417,4000,22.4,89600.0,22.4,0.00272331,0.143077,14688.0
603049.SH,20260417,46800,50.2,2349360.0,50.7,0.0535172,1.83368,8744.86
603050.SH,20260417,900,19.83,17847.0,19.82,0.000223148,0.0260924,40331.9
603051.SH,20260417,9300,22.22,206646.0,22.23,0.00575378,0.152435,16163.3
603052.SH,20260417,266700,79.0,21069300.0,75.77,0.141939,2.67397,18789.7
603053.SH,20260417,15300,9.62,147186.0,9.66,0.00172125,0.559837,88889.0
603055.SH,20260417,43800,9.53,417414.0,9.53,0.00493771,0.53569,88705.0
603057.SH,20260417,6000,25.6,153600.0,25.55,0.00145631,0.188494,41200.0
603058.SH,20260417,13600,12.13,164968.0,12.16,0.00328791,0.12951,41363.7
603059.SH,20260417,11700,34.5,403650.0,34.76,0.0116477,0.684692,10044.9
603060.SH,20260417,15100,6.37,96187.0,6.38,0.0018782,0.437293,80396.1
603061.SH,20260417,56840,250.9,14261156.0,245.98,0.0653333,1.91486,8700.0
603062.SH,20260417,1600,50.44,80704.0,50.44,0.0043158,0.143998,3707.31
603063.SH,20260417,365400,37.0,13519800.0,36.94,0.0796424,0.672595,45880.1
603065.SH,20260417,20300,8.31,168693.0,8.32,0.00484524,0.633927,41896.8
603066.SH,20260417,8600,10.05,86430.0,10.06,0.00292338,0.404565,29418.0
603067.SH,20260417,408596,36.55,14934184.0,37.9,0.0574872,1.24108,71076.0
603068.SH,20260417,4000,32.7,130800.0,32.85,0.00263527,0.185241,15178.7
603069.SH,20260417,7700,17.56,135212.0,17.63,0.00243671,0.241367,31600.0
603070.SH,20260417,1600,15.17,24272.0,15.25,0.000399002,0.0576006,40100.0
603071.SH,20260417,10300,13.99,144097.0,14.05,0.00184603,0.345807,55795.4
603072.SH,20260417,34100,36.8,1254880.0,37.2,0.0270142,1.41038,12623.0
603073.SH,20260417,14100,19.82,279462.0,19.77,0.0277053,0.899166,5089.28
603075.SH,20260417,3600,22.69,81684.0,22.79,0.00872832,0.254827,4124.51
603076.SH,20260417,46000,29.28,1346880.0,29.42,0.0381106,1.15828,12070.1
603077.SH,20260417,1357600,3.0,4072800.0,3.0,0.0153719,0.565058,883167.0
603078.SH,20260417,42400,23.2,983680.0,23.16,0.0109948,0.549081,38563.7
603079.SH,20260417,3100,16.6,51460.0,16.69,0.00163995,0.128181,18903.0
603080.SH,20260417,1700,21.33,36261.0,21.38,0.00120141,0.104572,14150.0
603081.SH,20260417,14400,12.2,175680.0,12.22,0.00340829,0.300927,42249.9
603082.SH,20260417,500,37.0,18500.0,36.94,0.00123284,0.0263416,4055.69
603083.SH,20260417,778496,139.0,108210944.0,132.08,0.282485,1.83392,27558.8
603085.SH,20260417,12400,11.57,143468.0,11.57,0.00312264,0.176677,39710.0
603086.SH,20260417,40800,7.58,309264.0,7.6,0.00938334,0.670516,43481.3
603087.SH,20260417,13800,65.67,906246.0,65.97,0.00247375,0.212647,55785.9
603088.SH,20260417,249902,13.62,3403665.0,13.58,0.057072,0.638984,43787.2
603089.SH,20260417,2200,12.81,28182.0,12.79,0.00091654,0.103917,24003.3
603090.SH,20260417,26600,69.99,1861734.0,69.99,0.0266,0.403027,10000.0
603091.SH,20260417,1500,80.11,120165.0,80.11,0.00477075,0.157969,3144.16
603092.SH,20260417,3300,69.39,228987.0,69.39,0.00986475,0.212086,3345.25
603093.SH,20260417,34400,19.72,678368.0,19.9,0.00563874,0.216943,61006.6
603095.SH,20260417,300,18.02,5406.0,18.02,0.000116158,0.013319,25826.9
603096.SH,20260417,9100,17.34,157794.0,17.35,0.0059001,0.573536,15423.5
603097.SH,20260417,28500,33.4,951900.0,33.77,0.017811,0.61086,16001.4
603098.SH,20260417,7700,14.21,109417.0,14.25,0.0014291,0.103517,53880.0
603099.SH,20260417,56400,36.62,2065368.0,36.61,0.0211497,0.984084,26667.0
603100.SH,20260417,83700,20.0,1674000.0,20.15,0.0163624,1.87138,51153.9
603101.SH,20260417,211000,9.73,2053030.0,9.82,0.0448554,0.769932,47040.0
603102.SH,20260417,6300,40.73,256599.0,40.72,0.00984375,1.00487,6400.0
603103.SH,20260417,107700,23.15,2493255.0,23.15,0.016982,1.60433,63420.0
603105.SH,20260417,58900,10.9,642010.0,10.92,0.0117797,0.285465,50001.1
603106.SH,20260417,9100,9.16,83356.0,9.2,0.00174825,0.146123,52052.0
603107.SH,20260417,10100,14.59,147359.0,14.59,0.00462933,0.85126,21817.4
603108.SH,20260417,26000,12.89,335140.0,12.92,0.00430675,0.279677,60370.3
603109.SH,20260417,39400,23.79,937326.0,23.29,0.0188654,0.819258,20884.8
603110.SH,20260417,124100,17.55,2177955.0,17.6,0.0616717,1.25613,20122.7
603111.SH,20260417,2300,6.77,15571.0,6.79,0.000269675,0.0527774,85287.9
603112.SH,20260417,75500,20.37,1537935.0,20.41,0.0141225,0.461982,53460.7
603113.SH,20260417,80800,7.19,580952.0,7.16,0.00952279,0.38104,84849.1
603115.SH,20260417,26200,46.47,1217514.0,46.96,0.0108314,0.238188,24189.0
603116.SH,20260417,4800,5.67,27216.0,5.68,0.000833043,0.098463,57620.1
603117.SH,20260417,30100,4.6,138460.0,4.62,0.00502338,0.285363,59919.8
603118.SH,20260417,286100,13.78,3942458.0,13.8,0.0363405,0.446496,78727.6
603119.SH,20260417,357522,78.03,27897442.0,79.75,0.175359,2.4932,20387.9
603120.SH,20260417,7500,38.58,289350.0,38.82,0.0197889,0.905943,3790.0
603121.SH,20260417,34000,22.0,748000.0,22.0,0.0100433,0.328576,33853.4
603122.SH,20260417,208000,16.75,3484000.0,16.92,0.0522544,0.382659,39805.3
603123.SH,20260417,197900,12.6,2493540.0,12.78,0.0303399,0.322003,65227.6
603124.SH,20260417,1900,124.88,237272.0,124.56,0.00244818,0.0952884,7760.88
603125.SH,20260417,5500,17.99,98945.0,18.0,0.00135857,0.218067,40483.6
603126.SH,20260417,14900,8.01,119349.0,8.05,0.00244062,0.12659,61050.0
603127.SH,20260417,112105,37.9,4248780.0,38.53,0.0177845,0.261366,63035.3
603128.SH,20260417,45400,5.65,256510.0,5.66,0.00346817,0.357884,130905.0
603129.SH,20260417,24600,275.53,6778038.0,275.19,0.0160279,1.26139,15348.3
603130.SH,20260417,4100,37.92,155472.0,37.88,0.00298151,0.315726,13751.4
603131.SH,20260417,5500,21.04,115720.0,21.11,0.0016325,0.0819561,33690.7
603132.SH,20260417,29900,18.66,557934.0,18.68,0.00305726,0.23737,97800.0
603135.SH,20260417,5200,10.96,56992.0,10.94,0.000826002,0.161524,62953.8
603136.SH,20260417,30500,11.48,350140.0,11.5,0.011291,0.756678,27012.7
603137.SH,20260417,7200,13.42,96624.0,13.48,0.00976492,0.39348,7373.33
603138.SH,20260417,301700,20.64,6227088.0,21.49,0.104632,1.71178,28834.3
603139.SH,20260417,45500,30.84,1403220.0,31.0,0.0455547,0.720569,9988.0
603150.SH,20260417,16700,59.2,988640.0,58.82,0.019536,0.505678,8548.3
603151.SH,20260417,25900,17.17,444703.0,17.19,0.0151362,1.14797,17111.3
603153.SH,20260417,22600,16.68,376968.0,16.55,0.0055971,1.52276,40378.0
603155.SH,20260417,3600,16.04,57744.0,16.07,0.00114001,0.123973,31578.7
603156.SH,20260417,29800,31.48,938104.0,31.61,0.00236456,0.520312,126028.0
603158.SH,20260417,191400,12.94,2476716.0,13.15,0.0389999,0.369762,49077.0
603159.SH,20260417,7500,27.5,206250.0,27.39,0.00535714,0.393361,14000.0
603160.SH,20260417,13400,68.5,917900.0,68.77,0.00287692,0.253213,46577.5
603161.SH,20260417,4500,14.6,65700.0,14.65,0.00235912,0.226595,19074.9
603162.SH,20260417,1734100,15.0,26011500.0,14.18,0.620595,12.5542,27942.5
603163.SH,20260417,38800,112.3,4357240.0,111.08,0.0388,1.02321,10000.0
603165.SH,20260417,24100,15.75,379575.0,15.8,0.00752079,0.195012,32044.5
603166.SH,20260417,27100,13.96,378316.0,13.89,0.00422965,0.497452,64071.6
603167.SH,20260417,4400,9.31,40964.0,9.31,0.000937877,0.101454,46914.4
603168.SH,20260417,27000,6.72,181440.0,6.75,0.00724805,0.280224,37251.4
603169.SH,20260417,43200,9.92,428544.0,9.97,0.00330707,0.204948,130629.0
603170.SH,20260417,8100,13.18,106758.0,13.17,0.00202495,0.277166,40001.0
603171.SH,20260417,89100,55.52,4946832.0,56.39,0.0219518,1.00768,40589.0
603172.SH,20260417,22600,21.25,480250.0,21.18,0.0451278,1.15347,5008.0
603173.SH,20260417,5800,42.32,245456.0,42.6,0.003625,0.404811,16000.0
603175.SH,20260417,15800,91.2,1440960.0,91.02,0.0359097,0.346734,4399.93
603176.SH,20260417,7200,5.49,39528.0,5.49,0.00155906,0.209823,46181.6
603177.SH,20260417,43900,11.82,518898.0,11.82,0.0214994,0.542703,20419.2
603178.SH,20260417,25100,15.75,395325.0,15.84,0.0106171,1.28237,23641.2
603179.SH,20260417,56600,67.06,3795596.0,67.28,0.011095,0.339425,51014.2
603180.SH,20260417,7800,19.08,148824.0,18.99,0.00505649,1.1122,15425.7
603181.SH,20260417,42100,15.15,637815.0,15.06,0.00715135,1.26016,58870.0
603182.SH,20260417,66400,14.7,976080.0,14.72,0.0403525,0.647136,16455.0
603183.SH,20260417,128700,4.63,595881.0,4.63,0.0258874,1.05958,49715.3
603185.SH,20260417,93500,24.6,2300100.0,24.81,0.0137698,0.475109,67902.2
603186.SH,20260417,36800,71.9,2645920.0,72.01,0.0234708,0.298373,15679.1
603187.SH,20260417,69700,15.33,1068501.0,15.16,0.0182288,1.53585,38236.2
603188.SH,20260417,42800,4.96,212288.0,4.98,0.00750653,0.308931,57017.0
603189.SH,20260417,547900,15.25,8355475.0,16.94,0.203266,6.36192,26954.8
603190.SH,20260417,3100,25.79,79949.0,25.66,0.00753972,0.286655,4111.56
603191.SH,20260417,26800,21.04,563872.0,21.07,0.00812208,0.19237,32996.5
603192.SH,20260417,2300,24.25,55775.0,24.16,0.00164985,0.214997,13940.6
603193.SH,20260417,21500,24.55,527825.0,24.61,0.0208059,0.35177,10333.6
603194.SH,20260417,2800,34.05,95340.0,34.1,0.00177185,0.228011,15802.7
603195.SH,20260417,20500,41.01,840705.0,41.18,0.00113847,1.18982,180066.0
603196.SH,20260417,18200,31.9,580580.0,31.94,0.0076797,0.232812,23698.8
603197.SH,20260417,3600,33.06,119016.0,33.11,0.00170493,0.149934,21115.2
603198.SH,20260417,60800,35.3,2146240.0,35.74,0.0076,2.14241,80000.0
603199.SH,20260417,10500,38.35,402675.0,38.44,0.00948681,0.362181,11068.0
603200.SH,20260417,74900,64.46,4828054.0,65.5,0.0426829,0.597116,17548.0
603201.SH,20260417,400,16.68,6672.0,16.65,0.000212365,0.0280996,18835.5
603202.SH,20260417,5200,98.96,514592.0,98.88,0.0156334,0.163591,3326.2
603203.SH,20260417,37900,44.11,1671769.0,43.86,0.0152115,0.671811,24915.3
603205.SH,20260417,2400,26.08,62592.0,25.98,0.00580552,0.319092,4134.0
603206.SH,20260417,507400,17.22,8737428.0,17.54,0.166252,6.99085,30520.0
603207.SH,20260417,800,28.18,22544.0,28.14,0.00147059,0.080524,5440.0
603208.SH,20260417,5900,13.27,78293.0,13.27,0.00333008,0.331228,17717.3
603209.SH,20260417,19700,14.54,286438.0,14.58,0.00612769,0.290526,32149.2
603210.SH,20260417,1800,16.77,30186.0,16.77,0.000773603,0.0686821,23267.8
603211.SH,20260417,83300,26.22,2184126.0,26.49,0.0306466,0.713049,27180.8
603212.SH,20260417,27400,13.0,356200.0,13.07,0.00626299,0.332333,43749.1
603213.SH,20260417,35000,13.61,476350.0,13.61,0.00791905,2.00786,44197.2
603214.SH,20260417,14000,15.98,223720.0,15.98,0.0101054,0.414683,13854.0
603215.SH,20260417,4000,19.3,77200.0,19.3,0.00213643,0.216415,18722.8
603216.SH,20260417,87600,30.8,2698080.0,30.87,0.0393372,0.812441,22269.0
603217.SH,20260417,21300,26.32,560616.0,26.34,0.0102361,0.369811,20808.8
603218.SH,20260417,44000,14.06,618640.0,14.09,0.00428,0.500637,102804.0
603219.SH,20260417,1900,16.47,31293.0,16.47,0.00033844,0.0488882,56140.0
603220.SH,20260417,1685428,32.56,54877536.0,31.93,0.388114,3.01164,43426.1
603221.SH,20260417,10800,11.55,124740.0,11.5,0.00445784,0.590226,24227.0
603222.SH,20260417,210700,10.61,2235527.0,10.62,0.0401264,0.45713,52509.1
603223.SH,20260417,22500,8.67,195075.0,8.68,0.00318777,0.350185,70582.2
603225.SH,20260417,123500,17.73,2189655.0,17.97,0.00740166,0.614126,166855.0
603226.SH,20260417,5800,41.0,237800.0,40.97,0.00163154,0.149732,35549.2
603227.SH,20260417,656700,9.71,6376557.0,9.91,0.0612769,2.183,107169.0
603228.SH,20260417,171500,63.16,10831940.0,63.35,0.0175761,0.567845,97575.6
603229.SH,20260417,11300,10.17,114921.0,10.24,0.00136096,0.0972244,83029.7
603230.SH,20260417,12200,11.17,136274.0,11.22,0.00345098,0.0715028,35352.3
603231.SH,20260417,8500,17.73,150705.0,17.8,0.0079988,0.407003,10626.6
603232.SH,20260417,218900,20.39,4463371.0,20.78,0.094639,2.14204,23130.0
603233.SH,20260417,24000,17.67,424080.0,17.52,0.00210739,0.493271,113885.0
603235.SH,20260417,11900,26.78,318682.0,26.86,0.00271826,2.23208,43778.0
603236.SH,20260417,14200,77.54,1101068.0,77.72,0.00542694,0.267561,26165.8
603237.SH,20260417,3200,17.26,55232.0,17.26,0.00163256,0.249997,19601.2
603238.SH,20260417,33100,16.05,531255.0,16.03,0.0186469,1.64993,17750.9
603239.SH,20260417,16900,24.31,410839.0,24.38,0.00624261,0.242327,27072.0
603248.SH,20260417,69800,26.8,1870640.0,27.11,0.100709,0.530467,6930.89
603255.SH,20260417,7400,29.65,219410.0,29.68,0.0121961,0.514303,6067.52
603256.SH,20260417,839400,97.69,82000986.0,101.5,0.0954159,2.48879,87972.8
603257.SH,20260417,6500,57.82,375830.0,57.25,0.0261044,0.540782,2490.0
603258.SH,20260417,3900,17.95,70005.0,18.04,0.00161597,0.189692,24134.1
603259.SH,20260417,162076,105.0,17017980.0,105.66,0.00655308,0.506804,247328.0
603260.SH,20260417,112100,43.11,4832631.0,43.92,0.00948227,1.01195,118221.0
603261.SH,20260417,200,35.52,7104.0,35.61,0.000258048,0.0473261,7750.5
603262.SH,20260417,3000,25.52,76560.0,25.52,0.0074985,0.316089,4000.8
603266.SH,20260417,4100,19.7,80770.0,19.76,0.00206147,0.13448,19888.7
603267.SH,20260417,23200,51.38,1192016.0,51.43,0.0100398,0.414,23108.1
603269.SH,20260417,190100,15.62,2969362.0,15.46,0.0615705,0.638533,30875.2
603270.SH,20260417,7600,25.87,196612.0,25.98,0.0107471,0.251729,7071.67
603271.SH,20260417,14000,50.14,701960.0,50.15,0.0148029,0.444818,9457.6
603272.SH,20260417,80500,31.41,2528505.0,31.4,0.0776825,1.19295,10362.7
603273.SH,20260417,3200,17.99,57568.0,18.05,0.00570833,0.250279,5605.84
603275.SH,20260417,5100,47.72,243372.0,47.4,0.0122785,0.196795,4153.6
603276.SH,20260417,20100,16.91,339891.0,16.89,0.0265724,1.14135,7564.23
603277.SH,20260417,5600,14.21,79576.0,14.29,0.000918415,0.580617,60974.6
603278.SH,20260417,13600,10.95,148920.0,10.92,0.00397941,0.225987,34175.9
603279.SH,20260417,18000,18.82,338760.0,18.8,0.00312298,0.269417,57637.3
603280.SH,20260417,3200,35.44,113408.0,35.28,0.0114524,0.256008,2794.17
603281.SH,20260417,5900,35.94,212046.0,36.18,0.00158036,0.146815,37333.3
603282.SH,20260417,5000,21.25,106250.0,21.25,0.00373636,0.322331,13382.0
603283.SH,20260417,30700,49.0,1504300.0,49.29,0.0113211,0.174908,27117.4
603284.SH,20260417,12800,56.63,724864.0,56.93,0.0692888,0.284304,1847.34
603285.SH,20260417,75700,36.0,2725200.0,35.85,0.121515,1.43209,6229.68
603286.SH,20260417,6400,62.28,398592.0,62.26,0.00554521,0.232093,11541.5
603288.SH,20260417,96100,40.5,3892050.0,40.74,0.00172823,0.718206,556060.0
603289.SH,20260417,74900,12.22,915278.0,12.35,0.0255291,0.81978,29339.0
603290.SH,20260417,20800,99.66,2072928.0,99.66,0.00868572,0.495396,23947.3
603291.SH,20260417,11300,11.8,133340.0,11.8,0.00267,0.267695,42322.1
603293.SH,20260417,353700,66.07,23368959.0,71.02,1.00779,1.40186,3509.65
603296.SH,20260417,26300,96.81,2546103.0,97.57,0.00461009,0.180319,57048.7
603297.SH,20260417,2100,110.2,231420.0,110.72,0.00189652,0.124525,11072.9
603298.SH,20260417,68500,25.84,1770040.0,25.45,0.00522976,1.05133,130981.0
603299.SH,20260417,2100,11.21,23541.0,11.24,0.000269973,0.0321819,77785.7
603300.SH,20260417,591300,7.06,4174578.0,7.1,0.0296454,0.982015,199457.0
603301.SH,20260417,22100,91.47,2021487.0,92.31,0.00837514,0.621092,26387.6
603303.SH,20260417,9200,15.62,143704.0,15.5,0.00192895,0.566678,47694.5
603305.SH,20260417,89400,15.1,1349940.0,15.18,0.00773551,0.413069,115571.0
603306.SH,20260417,179800,107.8,19382440.0,104.09,0.0545684,0.95153,32949.5
603307.SH,20260417,2100,39.8,83580.0,39.84,0.00313433,0.584665,6700.0
603308.SH,20260417,138200,68.14,9416948.0,69.0,0.0203522,0.633912,67904.1
603309.SH,20260417,8500,14.01,119085.0,14.12,0.00291224,0.172012,29187.1
603310.SH,20260417,3500,16.22,56770.0,16.19,0.00180403,0.254216,19401.0
603311.SH,20260417,31100,19.55,608005.0,19.7,0.0131845,0.224982,23588.4
603312.SH,20260417,700,41.38,28966.0,41.58,0.00137472,0.0460935,5091.95
603313.SH,20260417,4900,8.05,39445.0,8.06,0.000858765,0.113185,57058.7
603315.SH,20260417,708300,17.01,12048183.0,16.84,0.221091,3.12055,32036.6
603316.SH,20260417,59900,15.09,903891.0,15.19,0.0226667,0.541418,26426.4
603317.SH,20260417,15800,13.23,209034.0,13.31,0.00148397,0.170997,106471.0
603318.SH,20260417,170700,7.62,1300734.0,7.61,0.0371838,0.715982,45907.1
603319.SH,20260417,21600,34.68,749088.0,34.68,0.00636887,0.16063,33915.0
603320.SH,20260417,18300,22.74,416142.0,22.81,0.0122698,0.364805,14914.6
603321.SH,20260417,7300,7.44,54312.0,7.44,0.00211862,0.1996,34456.4
603322.SH,20260417,617800,36.8,22735040.0,36.26,0.392038,7.88803,15758.7
603323.SH,20260417,23000,4.86,111780.0,4.86,0.00113944,0.134784,201854.0
603324.SH,20260417,15000,26.29,394350.0,26.42,0.0101571,0.543085,14768.0
603325.SH,20260417,3100,75.02,232562.0,75.15,0.00906878,0.509609,3418.32
603326.SH,20260417,35300,8.81,310993.0,8.76,0.0110597,0.972328,31917.7
603327.SH,20260417,706600,10.5,7419300.0,10.56,0.0675875,1.49117,104546.0
603328.SH,20260417,92100,12.88,1186248.0,12.89,0.00922437,0.284323,99844.3
603329.SH,20260417,4700,10.46,49162.0,10.44,0.00227732,0.299043,20638.3
603330.SH,20260417,29900,6.85,204815.0,6.85,0.00691052,0.655307,43267.4
603331.SH,20260417,28200,15.2,428640.0,15.3,0.0139483,0.545305,20217.6
603332.SH,20260417,9100,13.2,120120.0,13.2,0.0042062,0.312386,21634.7
603333.SH,20260417,21400,7.84,167776.0,7.84,0.00344313,0.229106,62152.8
603334.SH,20260417,6500,55.39,360035.0,54.84,0.0209315,0.379567,3105.36
603335.SH,20260417,726000,6.33,4595580.0,6.26,0.169569,2.63188,42814.5
603336.SH,20260417,9700,9.32,90404.0,9.32,0.00159351,0.119635,60871.9
603337.SH,20260417,6200,39.61,245582.0,39.61,0.00130877,0.274584,47372.6
603338.SH,20260417,30000,51.6,1548000.0,51.42,0.00592478,0.612762,50634.8
603339.SH,20260417,8400,13.28,111552.0,13.23,0.00271457,0.403807,30944.1
603341.SH,20260417,18400,38.9,715760.0,39.03,0.00691176,0.286877,26621.3
603344.SH,20260417,3000,28.0,84000.0,28.07,0.00555237,0.244172,5403.1
603345.SH,20260417,8000,94.95,759600.0,94.89,0.00272764,0.200702,29329.4
603348.SH,20260417,18100,20.2,365620.0,20.31,0.00575558,0.40026,31447.7
603350.SH,20260417,7700,36.81,283437.0,37.05,0.0174506,0.256565,4412.45
603351.SH,20260417,600,26.52,15912.0,26.59,0.000443003,0.0555458,13543.9
603352.SH,20260417,6500,38.6,250900.0,38.54,0.0146323,0.308804,4442.24
603353.SH,20260417,14900,38.64,575736.0,38.46,0.00874321,0.205501,17041.8
603355.SH,20260417,21300,27.5,585750.0,27.65,0.00371471,0.607902,57339.7
603356.SH,20260417,36000,16.27,585720.0,16.34,0.0269987,0.673554,13334.0
603357.SH,20260417,4700,8.16,38352.0,8.16,0.000845928,0.142321,55560.3
603358.SH,20260417,69800,34.48,2406704.0,34.48,0.0153346,0.551434,45517.9
603359.SH,20260417,109300,5.94,649242.0,5.87,0.0245015,1.585,44609.6
603360.SH,20260417,12000,26.54,318480.0,26.51,0.00169918,0.134921,70622.4
603363.SH,20260417,599900,4.15,2489585.0,4.2,0.0279918,0.837026,214313.0
603365.SH,20260417,500,20.69,10345.0,20.69,0.000192454,0.0344859,25980.2
603366.SH,20260417,77800,8.92,693976.0,8.92,0.00956893,0.381306,81304.8
603367.SH,20260417,17200,16.3,280360.0,16.35,0.00379897,0.122571,45275.4
603368.SH,20260417,11700,17.05,199485.0,17.07,0.00294554,0.314604,39721.1
603369.SH,20260417,87600,26.12,2288112.0,26.36,0.00702599,1.27938,124680.0
603370.SH,20260417,4000,44.13,176520.0,44.1,0.0114318,0.526254,3499.0
603373.SH,20260417,900,41.07,36963.0,41.08,0.00198107,0.0684075,4543.01
603375.SH,20260417,1600,39.73,63568.0,39.73,0.00250859,0.0910725,6378.09
603376.SH,20260417,3700,33.77,124949.0,33.82,0.011921,0.381067,3103.76
603377.SH,20260417,54300,3.8,206340.0,3.81,0.00758992,0.822892,71542.2
603378.SH,20260417,70100,5.68,398168.0,5.63,0.0163557,0.943973,42859.7
603379.SH,20260417,17800,62.29,1108762.0,62.33,0.00291574,0.260021,61047.9
603380.SH,20260417,2700,36.33,98091.0,36.23,0.00168286,0.0997514,16044.1
603381.SH,20260417,20600,23.26,479156.0,23.28,0.014493,0.376738,14213.8
603382.SH,20260417,2200,27.16,59752.0,27.15,0.00606891,0.316196,3625.03
603383.SH,20260417,86000,32.36,2782960.0,32.83,0.0418743,1.02586,20537.6
603385.SH,20260417,70700,6.53,461671.0,6.5,0.0185728,1.1281,38066.5
603386.SH,20260417,27400,14.17,388258.0,14.22,0.0083966,0.542269,32632.3
603387.SH,20260417,106100,9.84,1044024.0,9.93,0.0209207,0.250378,50715.4
603389.SH,20260417,4000,49.22,196880.0,48.78,0.00152235,0.17764,26275.2
603390.SH,20260417,9100,12.05,109655.0,12.05,0.00259619,0.287891,35051.4
603391.SH,20260417,3400,66.23,225182.0,65.87,0.0149451,0.287682,2275.0
603392.SH,20260417,6500,39.3,255450.0,39.35,0.000514081,0.229404,126439.0
603393.SH,20260417,26700,33.45,893115.0,33.6,0.00630876,0.235797,42322.1
603395.SH,20260417,16200,28.07,454734.0,28.01,0.0249231,0.725784,6500.0
603396.SH,20260417,12200,35.3,430660.0,35.56,0.00880692,0.325931,13852.7
603398.SH,20260417,43000,12.56,540080.0,12.57,0.00991602,0.475826,43364.2
603399.SH,20260417,1988500,13.09,26029465.0,12.97,0.388159,3.33428,51229.1
603400.SH,20260417,4300,70.0,301000.0,70.02,0.0215,0.410881,2000.0
603402.SH,20260417,10400,138.88,1444352.0,139.9,0.0537931,0.599187,1933.33
603406.SH,20260417,8400,34.8,292320.0,34.63,0.0229117,1.02768,3666.25
603408.SH,20260417,6000,12.26,73560.0,12.21,0.00134056,0.328589,44757.3
603409.SH,20260417,24100,42.03,1012923.0,42.05,0.0666403,0.717606,3616.43
603416.SH,20260417,83700,51.75,4331475.0,50.23,0.0601099,5.71624,13924.5
603418.SH,20260417,600,51.39,30834.0,51.46,0.00145052,0.0799249,4136.46
603421.SH,20260417,52900,8.26,436954.0,8.33,0.00811113,0.180485,65219.1
603429.SH,20260417,31100,9.45,293895.0,9.65,0.00592962,0.399604,52448.5
603439.SH,20260417,5000,11.05,55250.0,11.12,0.00123811,0.250098,40384.0
603444.SH,20260417,24800,384.75,9541800.0,386.43,0.0344248,0.889948,7204.11
603456.SH,20260417,34200,17.35,593370.0,17.39,0.00384509,0.252611,88944.6
603458.SH,20260417,71800,11.88,852984.0,11.88,0.0234545,0.390946,30612.5
603459.SH,20260417,797300,66.7,53179910.0,68.69,1.00858,1.83326,7905.19
603466.SH,20260417,250200,9.47,2369394.0,9.61,0.0420633,1.27735,59481.8
603477.SH,20260417,95400,18.84,1797336.0,18.84,0.0187033,0.341606,51007.0
603486.SH,20260417,19900,62.8,1249720.0,62.92,0.00347082,0.425115,57335.2
603488.SH,20260417,73000,11.3,824900.0,11.26,0.0250008,0.648866,29199.0
603489.SH,20260417,4000,34.18,136720.0,34.42,0.0017049,0.109302,23461.8
603496.SH,20260417,90900,30.0,2727000.0,30.08,0.0283877,0.711438,32020.9
603499.SH,20260417,21500,22.34,480310.0,22.13,0.00710522,0.471456,30259.4
603500.SH,20260417,5300,11.26,59678.0,11.26,0.00159719,0.132545,33183.3
603501.SH,20260417,73200,93.63,6853716.0,93.71,0.00604755,0.444376,121041.0
603505.SH,20260417,22400,17.74,397376.0,17.8,0.00266138,0.203479,84166.9
603506.SH,20260417,15300,12.44,190332.0,12.44,0.00814793,0.787307,18777.8
603507.SH,20260417,80200,45.93,3683586.0,45.87,0.0441211,0.626911,18177.2
603508.SH,20260417,12500,24.28,303500.0,24.34,0.00327848,0.262453,38127.4
603511.SH,20260417,2000,14.21,28420.0,14.21,0.000497652,0.139593,40188.7
603515.SH,20260417,10800,20.01,216108.0,20.1,0.00146674,0.523654,73632.8
603516.SH,20260417,73400,142.0,10422800.0,142.91,0.0361099,1.20108,20326.8
603517.SH,20260417,14100,12.8,180480.0,12.88,0.00232673,0.351159,60600.2
603518.SH,20260417,11000,9.05,99550.0,9.11,0.00319699,0.354095,34407.4
603519.SH,20260417,15800,14.27,225466.0,14.27,0.00593254,0.331511,26632.8
603520.SH,20260417,75400,11.02,830908.0,11.1,0.0171985,0.271928,43841.0
603527.SH,20260417,203800,11.81,2406878.0,11.93,0.0642961,1.0564,31697.1
603528.SH,20260417,24700,8.22,203034.0,8.24,0.00349893,0.279301,70593.0
603529.SH,20260417,40200,29.29,1177458.0,29.31,0.00474302,0.366217,84756.0
603530.SH,20260417,94000,62.0,5828000.0,63.2,0.0219901,1.19371,42746.5
603533.SH,20260417,103400,25.51,2637734.0,25.76,0.0235591,0.468112,43889.7
603535.SH,20260417,3200,8.41,26912.0,8.42,0.000626323,0.1124,51091.8
603536.SH,20260417,31600,9.95,314420.0,9.96,0.0131375,0.735027,24053.2
603538.SH,20260417,704800,56.0,39468800.0,56.0,0.325944,0.979047,21623.4
603551.SH,20260417,15800,12.28,194024.0,12.13,0.00415917,0.36904,37988.4
603556.SH,20260417,5700,35.6,202920.0,35.73,0.0011722,0.127506,48626.4
603557.SH,20260417,105300,4.05,426465.0,4.08,0.0168902,0.879325,62343.7
603558.SH,20260417,53700,13.79,740523.0,13.78,0.0156725,0.628985,34263.8
603559.SH,20260417,4300,7.1,30530.0,7.12,0.00107158,0.161604,40127.7
603565.SH,20260417,36000,11.86,426960.0,11.87,0.00171423,0.248783,210006.0
603566.SH,20260417,200,12.88,2576.0,12.87,5.77931e-05,0.00556641,34606.2
603567.SH,20260417,130900,6.83,894047.0,6.84,0.0139323,0.512603,93954.1
603568.SH,20260417,58200,23.18,1349076.0,23.19,0.0034094,0.726757,170704.0
603569.SH,20260417,39600,6.88,272448.0,6.88,0.00656164,1.21828,60350.7
603577.SH,20260417,22300,11.17,249091.0,11.17,0.00657547,0.289702,33913.9
603578.SH,20260417,2800,12.77,35756.0,12.76,0.00155248,0.0884184,18035.7
603579.SH,20260417,15300,20.25,309825.0,20.32,0.00760996,0.512102,20105.2
603580.SH,20260417,1300,19.28,25064.0,18.95,0.000994848,0.0472247,13067.3
603583.SH,20260417,52700,33.18,1748586.0,33.3,0.0137869,1.70294,38224.7
603585.SH,20260417,203134,24.6,4997096.0,25.08,0.109458,1.09829,18558.1
603586.SH,20260417,1600,18.32,29312.0,18.33,0.000816107,0.0946284,19605.3
603587.SH,20260417,3600,12.29,44244.0,12.32,0.000759345,0.277855,47409.3
603588.SH,20260417,426100,15.73,6702553.0,15.7,0.0279734,0.367134,152323.0
603589.SH,20260417,28000,24.95,698600.0,25.05,0.00468134,1.12227,59811.9
603590.SH,20260417,12100,38.8,469480.0,38.94,0.00764741,0.414892,15822.3
603595.SH,20260417,9300,16.7,155310.0,16.65,0.00400099,0.366392,23244.2
603596.SH,20260417,84400,46.11,3891684.0,46.47,0.0139156,0.913312,60651.2
603598.SH,20260417,135800,21.03,2855874.0,21.31,0.0504115,0.631784,26938.3
603599.SH,20260417,25800,14.2,366360.0,14.19,0.00283433,0.229564,91026.9
603600.SH,20260417,6700,11.25,75375.0,11.21,0.00223305,0.123797,30003.8
603601.SH,20260417,1951197,14.7,28682596.0,15.03,0.170807,0.862567,114234.0
603602.SH,20260417,15000,13.35,200250.0,13.39,0.00649189,0.502201,23105.8
603605.SH,20260417,12200,59.8,729560.0,59.98,0.00308099,0.375436,39597.6
603606.SH,20260417,28900,59.79,1727931.0,59.64,0.00420232,0.312118,68771.5
603607.SH,20260417,1600,22.56,36096.0,22.55,0.000896274,0.0585076,17851.7
603608.SH,20260417,84800,11.69,991312.0,11.66,0.0202032,0.529827,41973.6
603609.SH,20260417,8400,7.06,59304.0,7.06,0.000924814,0.186517,90829.1
603610.SH,20260417,18600,15.52,288672.0,15.49,0.00526925,0.392493,35299.2
603611.SH,20260417,1600,20.65,33040.0,20.7,0.000621116,0.0689343,25760.1
603612.SH,20260417,41200,27.55,1135060.0,27.59,0.00827136,0.272221,49810.4
603613.SH,20260417,49600,27.77,1377392.0,27.64,0.00688375,0.426468,72053.8
603615.SH,20260417,4100,19.43,79663.0,19.5,0.00169548,0.10284,24182.0
603616.SH,20260417,60500,6.44,389620.0,6.43,0.0157432,0.607461,38429.3
603617.SH,20260417,49800,7.53,374994.0,7.49,0.0129809,0.992459,38364.1
603618.SH,20260417,500600,22.5,11263500.0,22.82,0.0724064,0.547785,69137.6
603619.SH,20260417,81800,34.68,2836824.0,34.5,0.0176927,0.279496,46233.8
603626.SH,20260417,620500,23.2,14395600.0,23.75,0.111826,2.06121,55488.0
603628.SH,20260417,14900,13.28,197872.0,13.33,0.00547449,0.179185,27217.2
603629.SH,20260417,974700,96.61,94165767.0,95.85,0.379479,2.29419,25685.2
603630.SH,20260417,2800,16.35,45780.0,16.36,0.00124331,0.113164,22520.5
603633.SH,20260417,110100,8.08,889608.0,8.16,0.025796,0.769434,42681.1
603636.SH,20260417,95800,9.28,889024.0,9.37,0.016507,1.56414,58036.1
603637.SH,20260417,149600,15.1,2258960.0,15.03,0.0626765,0.954274,23868.6
603638.SH,20260417,2900,20.41,59189.0,20.49,0.00034894,0.0703539,83108.9
603639.SH,20260417,13200,13.24,174768.0,13.23,0.00388374,0.31249,33987.8
603648.SH,20260417,4000,9.96,39840.0,9.96,0.00110371,0.207173,36241.3
603650.SH,20260417,64274,52.77,3391739.0,52.77,0.01046,0.744294,61447.3
603655.SH,20260417,1100,39.9,43890.0,39.97,0.00103774,0.0654793,10600.0
603656.SH,20260417,1800,20.55,36990.0,20.52,0.0009839,0.0932074,18294.5
603657.SH,20260417,3400,25.98,88332.0,26.08,0.00251498,0.159826,13519.0
603658.SH,20260417,4500,34.33,154485.0,34.3,0.000787505,0.268447,57142.5
603659.SH,20260417,499000,35.89,17909110.0,35.61,0.0233571,0.656805,213640.0
603660.SH,20260417,8100,10.2,82620.0,10.21,0.00141734,0.0369181,57149.3
603661.SH,20260417,1500,31.75,47625.0,31.75,0.00107862,0.216012,13906.7
603662.SH,20260417,6751,56.61,382174.0,56.9,0.00240395,0.225196,28083.0
603663.SH,20260417,22800,44.49,1014372.0,44.51,0.00539237,0.277954,42282.0
603665.SH,20260417,100,28.19,2819.0,28.19,6.24346e-05,0.00341602,16016.8
603666.SH,20260417,3700,26.01,96237.0,26.19,0.00180022,0.187741,20553.0
603667.SH,20260417,238700,69.87,16677969.0,70.95,0.0651825,1.04878,36620.3
603668.SH,20260417,20100,13.44,270144.0,13.43,0.00397393,0.12647,50579.7
603669.SH,20260417,50200,4.65,233430.0,4.65,0.00696018,0.244474,72124.6
603676.SH,20260417,16700,10.53,175851.0,10.52,0.00383766,0.712147,43516.1
603677.SH,20260417,1800,15.77,28386.0,15.77,0.000934575,0.134095,19260.1
603678.SH,20260417,72800,33.16,2414048.0,33.2,0.0153081,0.856233,47556.7
603679.SH,20260417,25700,14.11,362627.0,14.09,0.0144637,0.513891,17768.6
603680.SH,20260417,33400,13.37,446558.0,13.4,0.00426173,1.00862,78371.9
603681.SH,20260417,26800,18.12,485616.0,18.12,0.0121718,0.364513,22018.1
603682.SH,20260417,214200,7.32,1567944.0,7.25,0.0453333,0.731862,47250.0
603683.SH,20260417,67900,28.78,1954162.0,28.66,0.0235625,0.446603,28816.9
603685.SH,20260417,24300,31.1,755730.0,30.98,0.0120616,0.616011,20146.6
603686.SH,20260417,51200,18.85,965120.0,18.83,0.0123246,0.467316,41543.0
603687.SH,20260417,5094800,19.38,98737224.0,19.84,0.926274,6.52829,55003.2
603688.SH,20260417,183800,52.8,9704640.0,52.0,0.0339316,0.559225,54167.8
603689.SH,20260417,10600,8.13,86178.0,8.14,0.00202504,0.250357,52344.7
603690.SH,20260417,44700,25.19,1125993.0,25.36,0.0116721,0.583352,38296.4
603693.SH,20260417,29300,14.0,410200.0,14.03,0.00328668,0.163518,89147.6
603696.SH,20260417,24500,15.94,390530.0,15.87,0.0104167,0.499863,23520.0
603697.SH,20260417,6800,9.95,67660.0,9.95,0.00158993,0.165579,42769.2
603698.SH,20260417,1118000,43.0,48074000.0,42.58,0.208586,3.10504,53599.0
603699.SH,20260417,20700,52.0,1076400.0,52.04,0.00273036,0.325094,75814.3
603700.SH,20260417,48900,13.5,660150.0,13.58,0.0244547,2.01927,19996.2
603701.SH,20260417,15600,24.76,386256.0,24.78,0.00596874,0.326984,26136.2
603703.SH,20260417,29900,13.49,403351.0,13.5,0.00720513,0.350011,41498.2
603706.SH,20260417,18200,19.81,360542.0,19.65,0.00961017,2.133,18938.3
603707.SH,20260417,23900,9.7,231830.0,9.72,0.00147929,0.165097,161564.0
603708.SH,20260417,3200,11.41,36512.0,11.42,0.000501301,0.0784767,63833.9
603709.SH,20260417,13100,17.01,222831.0,17.02,0.0104708,0.828623,12510.9
603711.SH,20260417,14500,12.57,182265.0,12.59,0.00351197,0.860697,41287.4
603712.SH,20260417,4900,16.53,80997.0,16.56,0.000634715,0.0624634,77200.0
603713.SH,20260417,4700,60.71,285337.0,60.55,0.00297228,0.285673,15812.8
603716.SH,20260417,79700,23.29,1856213.0,23.29,0.0352982,0.357132,22579.1
603717.SH,20260417,107900,6.92,746668.0,6.92,0.0371881,1.12331,29014.6
603718.SH,20260417,246200,4.59,1130058.0,4.54,0.0379365,2.44395,64898.0
603719.SH,20260417,7900,10.2,80580.0,10.27,0.00197007,0.242902,40100.0
603721.SH,20260417,68300,21.83,1490989.0,22.1,0.0525385,2.79174,13000.0
603722.SH,20260417,2700,36.29,97983.0,36.22,0.00282131,0.269445,9570.01
603725.SH,20260417,42600,9.26,394476.0,9.29,0.0148609,0.586997,28665.8
603726.SH,20260417,7900,23.68,187072.0,23.75,0.00427706,0.413417,18470.6
603727.SH,20260417,13200,19.48,257136.0,19.48,0.00468552,0.143127,28171.9
603728.SH,20260417,28600,59.07,1689402.0,59.3,0.00682769,0.681385,41888.2
603729.SH,20260417,40100,16.9,677690.0,16.81,0.0429621,1.82177,9333.8
603730.SH,20260417,56200,10.03,563686.0,10.01,0.00261567,0.255492,214859.0
603733.SH,20260417,26300,21.68,570184.0,21.57,0.00371614,0.931211,70772.4
603737.SH,20260417,4900,49.99,244951.0,49.72,0.000664121,0.118763,73781.8
603738.SH,20260417,648000,28.11,18215280.0,27.43,0.167925,1.53296,38588.8
603739.SH,20260417,5400,15.33,82782.0,15.43,0.00213414,0.13439,25302.9
603755.SH,20260417,7600,28.9,219640.0,28.74,0.00770684,0.767801,9861.37
603757.SH,20260417,137100,56.27,7714617.0,56.28,0.0734934,0.581358,18654.7
603758.SH,20260417,1900,12.84,24396.0,12.83,0.000433002,0.0564985,43879.7
603759.SH,20260417,2400,9.45,22680.0,9.46,0.000519751,0.063678,46176.0
603766.SH,20260417,46100,15.8,728380.0,15.78,0.0022449,0.223143,205354.0
603767.SH,20260417,20600,18.75,386250.0,18.75,0.00667463,0.961754,30863.2
603768.SH,20260417,78200,11.41,892262.0,11.17,0.0328632,4.43095,23795.6
603773.SH,20260417,216600,48.0,10396800.0,48.09,0.0964129,0.789956,22465.9
603776.SH,20260417,2400,19.04,45696.0,19.16,0.000854821,0.0951726,28076.1
603777.SH,20260417,248400,16.43,4081212.0,16.44,0.0742769,0.547583,33442.4
603778.SH,20260417,5311400,24.8,131722720.0,26.4,0.826218,6.13219,64285.7
603779.SH,20260417,43800,6.38,279444.0,6.34,0.0131895,0.793082,33208.3
603786.SH,20260417,8000,57.12,456960.0,57.12,0.0019809,0.246781,40385.7
603787.SH,20260417,51500,12.71,654565.0,12.71,0.0223773,0.686797,23014.4
603788.SH,20260417,5200,15.85,82420.0,15.81,0.00233116,0.356597,22306.5
603789.SH,20260417,17300,5.34,92382.0,5.34,0.00665385,0.655769,26000.0
603790.SH,20260417,500,22.31,11155.0,22.21,0.000261288,0.0231554,19136.0
603797.SH,20260417,49000,4.76,233240.0,4.75,0.00849802,1.00646,57660.5
603798.SH,20260417,62900,17.0,1069300.0,16.84,0.0245272,0.391964,25645.0
603799.SH,20260417,4275185,67.22,287377936.0,65.91,0.226911,4.49022,188408.0
603800.SH,20260417,9100,46.59,423969.0,46.51,0.004375,0.0867734,20800.0
603801.SH,20260417,26400,9.05,238920.0,9.03,0.00607803,1.33421,43435.1
603803.SH,20260417,673800,15.5,10443900.0,15.2,0.158585,0.765018,42488.4
603806.SH,20260417,118600,17.48,2073128.0,17.55,0.00454625,0.244744,260874.0
603808.SH,20260417,96000,10.19,978240.0,10.28,0.0260097,0.609392,36909.3
603809.SH,20260417,38500,11.22,431970.0,11.25,0.00418347,0.296724,92028.9
603810.SH,20260417,44100,16.16,712656.0,15.78,0.0266722,2.71059,16534.1
603811.SH,20260417,20200,12.17,245834.0,12.23,0.00617163,0.268524,32730.4
603813.SH,20260417,23600,28.2,665520.0,28.51,0.022473,1.86813,10501.5
603815.SH,20260417,1805100,6.45,11642895.0,6.69,0.291651,6.58777,61892.4
603816.SH,20260417,18900,30.86,583254.0,30.61,0.00232711,0.235453,81216.6
603817.SH,20260417,8100,7.14,57834.0,7.15,0.00142084,0.0525369,57008.4
603818.SH,20260417,73900,3.45,254955.0,3.44,0.0107641,0.682944,68654.4
603819.SH,20260417,68900,14.18,977002.0,14.22,0.0316447,0.734084,21773.0
603822.SH,20260417,2300,85.79,197317.0,85.35,0.00299378,0.255401,7682.59
603823.SH,20260417,54900,15.61,856989.0,15.64,0.0131855,1.41535,41636.8
603825.SH,20260417,1300,8.33,10829.0,8.38,0.000513151,0.084351,25333.7
603826.SH,20260417,382200,35.5,13568100.0,34.16,0.0583333,2.16815,65520.0
603828.SH,20260417,0,,0.0,6.01,0.0,0.0,59594.0
603829.SH,20260417,15400,27.53,423962.0,27.53,0.00826774,0.268726,18626.6
603833.SH,20260417,6700,50.94,341298.0,50.77,0.00109989,0.262925,60915.3
603836.SH,20260417,7000,12.98,90860.0,12.97,0.00341072,0.42243,20523.5
603838.SH,20260417,458800,8.55,3922740.0,9.0,0.143368,22.9203,32001.6
603839.SH,20260417,2700,7.58,20466.0,7.57,0.000697645,0.120494,38701.6
603843.SH,20260417,1133200,7.38,8363016.0,7.64,0.161973,3.37291,69962.3
603848.SH,20260417,2200,15.65,34430.0,15.59,0.000546711,0.150388,40240.7
603855.SH,20260417,700,19.7,13790.0,19.79,0.000208624,0.0400906,33553.2
603856.SH,20260417,6800,12.83,87244.0,12.89,0.00241087,0.276892,28205.6
603858.SH,20260417,31200,16.81,524472.0,16.87,0.00295856,0.433618,105457.0
603859.SH,20260417,25100,39.66,995466.0,39.66,0.0102576,0.552497,24469.8
603860.SH,20260417,15500,31.97,495535.0,31.83,0.0232454,1.21668,6668.0
603861.SH,20260417,22900,16.36,374644.0,16.45,0.00433231,0.119229,52858.6
603863.SH,20260417,7800,18.9,147420.0,18.95,0.00381139,0.0584765,20465.0
603866.SH,20260417,36300,5.06,183678.0,5.06,0.00226915,0.456258,159972.0
603867.SH,20260417,11700,33.2,388440.0,32.85,0.00542453,0.207821,21568.7
603868.SH,20260417,5200,31.62,164424.0,31.81,0.00119376,0.407131,43560.0
603869.SH,20260417,16700,10.59,176853.0,10.59,0.00337977,0.84358,49411.7
603871.SH,20260417,36900,13.65,503685.0,13.65,0.00269735,0.141618,136801.0
603876.SH,20260417,79600,25.09,1997164.0,25.34,0.00856589,0.232918,92926.7
603877.SH,20260417,44900,14.77,663173.0,14.36,0.00956696,2.83253,46932.4
603878.SH,20260417,305300,8.27,2524831.0,8.27,0.0544073,2.60259,56113.8
603879.SH,20260417,47000,5.41,254270.0,5.43,0.0130794,0.626138,35934.4
603880.SH,20260417,34600,6.47,223862.0,6.46,0.0119706,0.514082,28904.2
603881.SH,20260417,665500,41.25,27451875.0,42.08,0.0926394,0.880429,71837.7
603882.SH,20260417,7800,27.31,213018.0,27.45,0.00169516,0.162535,46013.5
603883.SH,20260417,10700,13.72,146804.0,13.79,0.00140995,0.137556,75889.0
603885.SH,20260417,74400,11.9,885360.0,11.97,0.00340659,0.522478,218401.0
603886.SH,20260417,3500,13.26,46410.0,13.33,0.00145833,0.0731516,24000.0
603887.SH,20260417,220000,16.85,3707000.0,17.01,0.0369574,1.14045,59527.9
603888.SH,20260417,34500,20.29,700005.0,20.42,0.00511309,0.419637,67473.8
603889.SH,20260417,87600,9.16,802416.0,9.06,0.0120874,0.262786,72472.1
603890.SH,20260417,1173300,18.8,22058040.0,18.89,0.262596,2.03823,44680.8
603893.SH,20260417,26600,170.39,4532374.0,170.98,0.00632014,0.312769,42087.7
603895.SH,20260417,3800,28.7,109060.0,28.66,0.00351591,0.182244,10808.0
603896.SH,20260417,2300,18.65,42895.0,18.73,0.00116019,0.176567,19824.4
603897.SH,20260417,269200,52.0,13998400.0,50.6,0.130404,1.6448,20643.6
603898.SH,20260417,3400,13.4,45560.0,13.4,0.00109204,0.100921,31134.5
603899.SH,20260417,6072,25.76,156415.0,25.75,0.000659305,0.246033,92097.0
603900.SH,20260417,73900,7.62,563118.0,7.66,0.0216241,1.42217,34174.9
603901.SH,20260417,110300,12.53,1382059.0,12.53,0.0226197,0.87936,48762.7
603903.SH,20260417,21700,11.87,257579.0,11.89,0.00849916,0.359919,25531.9
603906.SH,20260417,3523100,25.8,90895980.0,25.05,0.62347,7.97781,56507.9
603908.SH,20260417,6600,22.85,150810.0,22.85,0.0070871,0.569898,9312.7
603909.SH,20260417,64000,13.62,871680.0,13.48,0.0245518,0.389872,26067.3
603912.SH,20260417,3034500,11.17,33895365.0,10.47,0.560027,9.46645,54184.9
603915.SH,20260417,22200,15.22,337884.0,15.44,0.00338089,0.389487,65663.2
603916.SH,20260417,29200,10.8,315360.0,10.77,0.00694696,0.558163,42032.8
603917.SH,20260417,5100,13.08,66708.0,13.12,0.00250196,0.160698,20384.0
603918.SH,20260417,67800,13.99,948522.0,14.0,0.0185699,1.08625,36510.8
603919.SH,20260417,62900,17.9,1125910.0,18.11,0.0124,1.36088,50726.0
603920.SH,20260417,4414500,62.28,274935060.0,58.86,0.612621,13.9568,72059.2
603922.SH,20260417,13000,19.57,254410.0,19.55,0.00725446,0.339023,17920.0
603926.SH,20260417,23500,18.36,431460.0,18.2,0.0101803,0.439917,23083.9
603927.SH,20260417,10700,17.06,182542.0,17.1,0.00128754,0.172426,83104.0
603928.SH,20260417,386600,15.5,5992300.0,14.85,0.147512,14.6703,26208.0
603929.SH,20260417,32400,186.0,6026400.0,187.07,0.0151856,0.413131,21336.0
603931.SH,20260417,3800,28.4,107920.0,28.39,0.0019042,0.195048,19955.8
603933.SH,20260417,732000,25.0,18300000.0,24.95,0.352695,4.28615,20754.5
603936.SH,20260417,54000,14.31,772740.0,14.33,0.00856602,0.156435,63039.8
603937.SH,20260417,31200,14.24,444288.0,14.18,0.0149361,0.387356,20889.1
603938.SH,20260417,56100,26.09,1463649.0,26.43,0.0146619,0.35594,38262.4
603939.SH,20260417,15800,22.95,362610.0,22.95,0.00130321,0.16285,121239.0
603948.SH,20260417,1900,27.28,51832.0,27.24,0.00116931,0.1766,16248.9
603949.SH,20260417,19300,18.7,360910.0,18.68,0.0091815,0.192931,21020.5
603950.SH,20260417,248900,60.21,14986269.0,61.65,0.0769143,1.24103,32360.7
603955.SH,20260417,7800,26.18,204204.0,26.37,0.00574713,0.607855,13572.0
603956.SH,20260417,35000,5.71,199850.0,5.76,0.00614136,0.560972,56990.6
603958.SH,20260417,175300,25.82,4526246.0,25.82,0.0799143,1.00571,21936.0
603959.SH,20260417,639300,6.92,4423956.0,6.96,0.13039,1.84881,49029.9
603960.SH,20260417,79500,24.41,1940595.0,24.54,0.0303206,0.583644,26219.8
603966.SH,20260417,50100,14.13,707913.0,14.14,0.0125967,0.318422,39772.2
603967.SH,20260417,11500,13.06,150190.0,13.04,0.00331731,0.397699,34666.7
603968.SH,20260417,23000,11.83,272090.0,11.84,0.011248,0.272641,20448.0
603969.SH,20260417,92300,9.4,867620.0,9.41,0.0109385,0.741434,84380.8
603970.SH,20260417,3100,12.78,39618.0,12.74,0.00115327,0.20291,26880.0
603976.SH,20260417,6000,20.07,120420.0,20.09,0.00396815,0.434441,15120.4
603977.SH,20260417,53900,14.31,771309.0,14.37,0.00867617,0.29466,62124.2
603978.SH,20260417,25200,25.5,642600.0,25.36,0.0119378,0.221254,21109.4
603979.SH,20260417,25800,63.23,1631334.0,63.71,0.00413601,0.318884,62378.9
603980.SH,20260417,39200,6.39,250488.0,6.43,0.00579168,0.170188,67683.3
603982.SH,20260417,38200,7.9,301780.0,7.87,0.0112501,0.696541,33955.4
603983.SH,20260417,17000,24.6,418200.0,24.84,0.0042394,0.9099,40100.0
603985.SH,20260417,1756330,25.1,44083883.0,24.54,0.398389,3.14648,44085.8
603986.SH,20260417,363500,284.0,103234000.0,286.73,0.0544288,0.818803,66784.5
603987.SH,20260417,21100,8.91,188001.0,8.94,0.00483069,0.412965,43679.1
603988.SH,20260417,63700,26.33,1677221.0,26.44,0.0270833,0.713808,23520.0
603989.SH,20260417,10700,19.48,208436.0,19.51,0.00268318,0.12488,39878.0
603990.SH,20260417,12100,15.12,182952.0,15.18,0.0039506,0.116924,30628.3
603991.SH,20260417,4200,111.88,469896.0,112.0,0.00563494,0.176414,7453.5
603992.SH,20260417,7700,34.55,266035.0,34.51,0.00173798,0.148834,44304.2
603993.SH,20260417,1668165,20.02,33396663.0,20.29,0.00955375,0.655707,1746080.0
603995.SH,20260417,5000,18.15,90750.0,18.22,0.00136755,0.0646493,36561.8
603997.SH,20260417,11500,13.04,149960.0,13.03,0.0009039,0.0992009,127226.0
603998.SH,20260417,13700,10.73,147001.0,10.74,0.00312015,0.147258,43908.1
603999.SH,20260417,14600,6.93,101178.0,6.95,0.00253472,0.238322,57600.0
605001.SH,20260417,18500,7.54,139490.0,7.54,0.00470875,0.426659,39288.6
605003.SH,20260417,1200,28.89,34668.0,28.88,0.00109091,0.118795,11000.0
605005.SH,20260417,26500,20.89,553585.0,20.96,0.00660848,0.345947,40100.0
605006.SH,20260417,462900,10.4,4814160.0,10.49,0.0771438,0.747247,60004.8
605007.SH,20260417,6100,14.09,85949.0,14.12,0.0015191,0.130753,40155.3
605008.SH,20260417,1000,12.16,12160.0,12.16,0.000154808,0.0623518,64596.2
605009.SH,20260417,35000,28.69,1004150.0,28.44,0.0162762,4.40404,21503.8
605011.SH,20260417,10100,19.52,197152.0,19.52,0.00252437,0.378018,40010.0
605016.SH,20260417,33300,26.88,895104.0,26.71,0.00792834,0.393826,42001.2
605018.SH,20260417,129200,12.5,1615000.0,12.57,0.0274855,1.44783,47006.6
605020.SH,20260417,16700,25.22,421174.0,25.32,0.00332058,0.223592,50292.4
605028.SH,20260417,2800,28.28,79184.0,28.24,0.00175,0.187416,16000.0
605033.SH,20260417,3000,22.6,67800.0,22.77,0.00221893,0.130582,13520.0
605050.SH,20260417,54900,13.03,715347.0,13.1,0.0111398,0.620572,49282.9
605055.SH,20260417,78600,11.51,904686.0,11.28,0.0178636,0.718333,44000.0
605056.SH,20260417,55900,28.66,1602094.0,28.25,0.0138574,0.350213,40339.3
605058.SH,20260417,30100,35.79,1077279.0,35.9,0.0210602,0.53299,14292.4
605060.SH,20260417,306500,60.0,18390000.0,58.95,0.128275,2.84575,23894.0
605066.SH,20260417,19400,8.28,160632.0,8.3,0.00386121,0.189228,50243.3
605068.SH,20260417,6400,27.08,173312.0,27.08,0.00394578,0.251504,16219.8
605069.SH,20260417,73400,13.04,957136.0,13.22,0.0346721,0.974289,21169.8
605077.SH,20260417,300,14.72,4416.0,14.76,0.000100191,0.00598187,29942.9
605080.SH,20260417,800,24.1,19280.0,24.1,0.000569999,0.0471772,14035.1
605081.SH,20260417,1064600,7.59,8080314.0,7.23,0.940068,46.0657,11324.7
605086.SH,20260417,17300,34.47,596331.0,34.2,0.00965402,1.07153,17920.0
605088.SH,20260417,17900,36.42,651918.0,36.42,0.00896276,0.493327,19971.5
605089.SH,20260417,200,25.43,5086.0,25.4,0.000144928,0.00994104,13800.0
605090.SH,20260417,207600,42.6,8843760.0,42.71,0.0294845,1.07621,70409.8
605098.SH,20260417,66100,63.25,4180825.0,63.27,0.0554293,2.54023,11925.1
605099.SH,20260417,7300,41.14,300322.0,41.14,0.00181839,0.142457,40145.3
605100.SH,20260417,6400,48.32,309248.0,47.76,0.00376621,0.163283,16993.2
605108.SH,20260417,6200,16.9,104780.0,16.9,0.00238462,0.340292,26000.0
605111.SH,20260417,15500,37.66,583730.0,37.89,0.00373195,0.166159,41533.3
605116.SH,20260417,59600,27.85,1659860.0,28.1,0.0146732,0.589918,40618.3
605117.SH,20260417,78700,139.0,10939300.0,139.99,0.0086547,0.334534,90933.3
605118.SH,20260417,22800,43.13,983364.0,43.2,0.00560037,0.60252,40711.6
605122.SH,20260417,12200,12.88,157136.0,12.94,0.00707845,0.624746,17235.4
605123.SH,20260417,7700,99.74,767998.0,100.66,0.00635466,0.269553,12117.1
605128.SH,20260417,19000,35.54,675260.0,35.22,0.00899882,1.01568,21113.9
605133.SH,20260417,64200,29.96,1923432.0,29.96,0.0227564,0.651232,28211.8
605136.SH,20260417,3900,10.19,39741.0,10.28,0.000973884,0.0643548,40045.9
605138.SH,20260417,9200,6.88,63296.0,6.84,0.00165595,0.387638,55557.1
605151.SH,20260417,3000,19.67,59010.0,19.7,0.00222958,0.124776,13455.4
605155.SH,20260417,5500,15.55,85525.0,15.57,0.00294388,0.266,18682.8
605158.SH,20260417,14200,7.53,106926.0,7.5,0.00277658,0.502411,51142.0
605162.SH,20260417,279900,13.0,3638700.0,13.04,0.0689369,0.679832,40602.3
605166.SH,20260417,241700,11.0,2658700.0,11.13,0.0767953,3.33164,31473.3
605167.SH,20260417,86100,17.87,1538607.0,17.78,0.0191717,0.855797,44909.9
605168.SH,20260417,20400,37.32,761328.0,37.33,0.00967664,0.482978,21081.7
605169.SH,20260417,13300,12.18,161994.0,12.25,0.00470164,0.486031,28288.0
605177.SH,20260417,4200,20.68,86856.0,20.67,0.00373054,0.234838,11258.4
605178.SH,20260417,31000,87.0,2697000.0,85.7,0.0312878,0.591932,9908.0
605179.SH,20260417,8600,17.6,151360.0,17.71,0.00214464,0.39009,40100.0
605180.SH,20260417,7100,14.9,105790.0,14.87,0.00420118,0.517044,16900.0
605183.SH,20260417,9200,19.5,179400.0,19.56,0.00223068,0.592348,41242.9
605186.SH,20260417,4600,19.9,91540.0,19.83,0.00338235,0.329722,13600.0
605188.SH,20260417,39800,17.49,696102.0,17.4,0.00792263,1.24676,50235.9
605189.SH,20260417,260700,17.5,4562250.0,17.64,0.134328,1.26276,19407.8
605196.SH,20260417,15300,49.58,758574.0,50.0,0.00302993,0.147888,50496.3
605198.SH,20260417,7200,47.47,341784.0,47.17,0.00266138,0.243057,27053.6
605199.SH,20260417,11300,6.95,78535.0,6.94,0.00282423,0.31493,40010.9
605208.SH,20260417,57900,15.23,881817.0,14.83,0.0175486,0.545825,32994.0
605218.SH,20260417,1500,18.39,27585.0,18.4,0.000704776,0.0624381,21283.3
605222.SH,20260417,317400,26.1,8284140.0,26.61,0.0768703,1.4416,41290.3
605228.SH,20260417,42400,14.79,627096.0,14.86,0.00888637,0.202541,47713.5
605255.SH,20260417,22300,115.0,2564500.0,113.0,0.0166319,0.590613,13408.0
605258.SH,20260417,12800,37.07,474496.0,37.08,0.0145455,0.287178,8800.0
605259.SH,20260417,2300,21.25,48875.0,21.19,0.00133349,0.113071,17248.0
605266.SH,20260417,4000,19.1,76400.0,19.12,0.00258828,0.302058,15454.3
605268.SH,20260417,17900,12.5,223750.0,12.55,0.0040631,0.173431,44055.0
605277.SH,20260417,14900,24.18,360282.0,24.17,0.00468355,0.228206,31813.5
605286.SH,20260417,7300,44.7,326310.0,44.47,0.00434524,0.15351,16800.0
605287.SH,20260417,46500,46.88,2179920.0,46.98,0.0332143,0.82561,14000.0
605288.SH,20260417,2300,84.44,194212.0,84.63,0.0032764,0.253054,7019.89
605289.SH,20260417,54800,130.85,7170580.0,131.59,0.0505827,0.880897,10833.8
605296.SH,20260417,9600,30.5,292800.0,30.76,0.00185334,0.223638,51798.4
605298.SH,20260417,6400,50.0,320000.0,49.77,0.00343622,0.311096,18625.1
605299.SH,20260417,281800,19.11,5385198.0,19.3,0.0688616,0.675484,40922.7
605300.SH,20260417,5000,10.98,54900.0,10.97,0.00110036,0.407519,45439.9
605303.SH,20260417,207200,24.0,4972800.0,24.0,0.128506,1.84689,16123.7
605305.SH,20260417,47000,43.3,2035100.0,43.11,0.0221156,0.460269,21252.0
605318.SH,20260417,9000,96.37,867330.0,96.69,0.00715825,0.245282,12572.9
605319.SH,20260417,98900,28.99,2867111.0,29.0,0.0284072,0.738954,34815.2
605333.SH,20260417,2700,26.24,70848.0,26.26,0.000581846,0.169397,46404.0
605336.SH,20260417,238500,15.7,3744450.0,15.65,0.130035,4.50342,18341.2
605337.SH,20260417,12600,11.04,139104.0,11.11,0.00322992,0.494977,39010.2
605338.SH,20260417,12000,25.6,307200.0,25.8,0.00500904,0.37564,23956.7
605339.SH,20260417,2100,16.12,33852.0,16.2,0.000494944,0.265192,42429.1
605358.SH,20260417,40300,35.76,1441128.0,35.85,0.00600258,0.294538,67137.8
605365.SH,20260417,136300,25.18,3432034.0,25.01,0.0271507,1.26753,50201.3
605366.SH,20260417,823300,13.97,11501501.0,14.0,0.106085,2.21987,77607.8
605368.SH,20260417,5200,8.22,42744.0,8.24,0.000727643,0.15283,71463.6
605369.SH,20260417,1000,17.79,17790.0,17.81,0.000453529,0.126833,22049.3
605376.SH,20260417,22900,109.6,2509840.0,110.15,0.00875382,0.218277,26160.0
605377.SH,20260417,10400,9.76,101504.0,9.76,0.00186825,0.188079,55667.0
605378.SH,20260417,9000,20.4,183600.0,20.48,0.00344371,0.356784,26134.6
605388.SH,20260417,4257500,8.4,35763000.0,8.06,0.709011,17.1704,60048.4
605389.SH,20260417,300,71.9,21570.0,72.33,0.000220156,0.0390023,13626.7
605398.SH,20260417,5600,27.35,153160.0,27.51,0.00344157,0.262703,16271.6
605399.SH,20260417,21700,15.0,325500.0,14.95,0.00696568,0.5284,31152.7
605488.SH,20260417,21800,33.7,734660.0,33.98,0.00789263,0.377566,27620.7
605499.SH,20260417,29400,194.0,5703600.0,194.26,0.0056537,0.591495,52001.3
605500.SH,20260417,51500,9.01,464015.0,8.97,0.0124276,1.56579,41440.0
605507.SH,20260417,16200,24.27,393174.0,24.25,0.00289895,0.317366,55882.4
605555.SH,20260417,9500,16.21,153995.0,16.21,0.00196253,0.136273,48406.9
605566.SH,20260417,3100,31.14,96534.0,31.08,0.00232488,0.129516,13334.0
605567.SH,20260417,16900,11.02,186238.0,11.01,0.00845,0.504389,20000.0
605577.SH,20260417,2200,12.75,28050.0,12.79,0.000495,0.0815344,44444.4
605580.SH,20260417,87500,23.13,2023875.0,23.14,0.03125,2.11997,28000.0
605588.SH,20260417,5300,56.1,297330.0,55.86,0.00725039,0.409899,7309.96
605589.SH,20260417,175600,36.33,6379548.0,36.66,0.0208156,0.459417,84360.0
605598.SH,20260417,54200,54.18,2936556.0,54.06,0.022303,0.888142,24301.7
605599.SH,20260417,7300,22.55,164615.0,22.71,0.000938571,0.188456,77777.8
688001.SH,20260417,21512,40.86,878980.0,40.84,0.00483971,0.24062,44449.0
688002.SH,20260417,16542,125.55,2076848.0,125.6,0.0035518,0.16438,46573.6
688003.SH,20260417,30246,71.92,2175292.0,71.93,0.015565,0.814613,19432.1
688004.SH,20260417,34017,22.47,764362.0,22.68,0.0424745,2.56533,8008.8
688005.SH,20260417,125453,30.97,3885279.0,31.14,0.0175552,0.528385,71461.9
688006.SH,20260417,65653,30.77,2020143.0,30.31,0.0108756,0.354521,60367.2
688007.SH,20260417,10625,14.38,152788.0,14.41,0.00231171,0.236032,45961.6
688008.SH,20260417,243300,150.52,36621516.0,151.0,0.0212225,0.495501,114643.0
688009.SH,20260417,172877,5.35,924892.0,5.35,0.0020053,0.544322,862102.0
688010.SH,20260417,3600,34.3,123480.0,34.33,0.00224213,0.0800479,16056.2
688011.SH,20260417,570,67.9404,38726.0,67.94,0.00057193,0.020746,9966.25
688012.SH,20260417,58147,316.5,18403526.0,318.5,0.00927506,0.522142,62691.8
688013.SH,20260417,600,38.52,23112.0,38.3,0.000739321,0.0394462,8115.56
688015.SH,20260417,5326,23.0601,122818.0,23.06,0.00282276,0.374693,18868.1
688016.SH,20260417,84829,102.1,8661041.0,100.53,0.06882,4.47772,12326.2
688017.SH,20260417,17224,206.0,3548144.0,207.98,0.00939507,0.352919,18333.0
688018.SH,20260417,13691,152.41,2086645.0,152.0,0.00873693,0.4912,15670.3
688019.SH,20260417,14575,254.0,3702050.0,253.45,0.00832884,0.502972,17499.4
688020.SH,20260417,2720,90.6401,246541.0,90.63,0.00330141,0.13475,8238.9
688021.SH,20260417,1384,24.5,33908.0,24.41,0.00181119,0.0608638,7641.37
688022.SH,20260417,8724,16.8,146563.0,16.87,0.00496025,0.139972,17587.8
688023.SH,20260417,10403,51.7,537835.0,51.39,0.0102206,0.470473,10178.4
688025.SH,20260417,22211,286.0,6352346.0,282.68,0.0233678,0.453653,9504.94
688026.SH,20260417,3679,16.3001,59968.0,16.38,0.00262187,0.264952,14032.0
688027.SH,20260417,22358,607.55,13583603.0,619.14,0.0278173,0.735934,8037.44
688028.SH,20260417,39210,98.22,3851206.0,98.21,0.0259757,0.44959,15094.9
688029.SH,20260417,1539,75.0903,115564.0,75.56,0.000819282,0.0850836,18784.7
688030.SH,20260417,4955,15.7201,77893.0,15.77,0.00274918,0.283574,18023.6
688031.SH,20260417,39239,138.0,5414982.0,139.5,0.0323925,0.658125,12113.6
688032.SH,20260417,3378,113.81,384450.0,114.05,0.00272258,0.184382,12407.4
688033.SH,20260417,25772,8.26998,213134.0,8.28,0.00458415,0.247451,56219.9
688035.SH,20260417,12618,62.89,793546.0,62.87,0.00887092,0.192827,14224.0
688036.SH,20260417,19002,53.6,1018507.0,53.69,0.00165065,0.250977,115118.0
688037.SH,20260417,27921,181.0,5053701.0,184.23,0.0138478,0.511506,20162.7
688038.SH,20260417,33403,24.1,805012.0,23.88,0.0287033,1.07369,11637.3
688039.SH,20260417,13746,43.88,603174.0,43.88,0.0124284,0.777233,11060.1
688041.SH,20260417,373933,258.0,96474714.0,253.0,0.0160877,1.17172,232434.0
688045.SH,20260417,2200,49.7,109340.0,49.5,0.00311716,0.138974,7057.7
688046.SH,20260417,1599,18.5003,29582.0,18.65,0.00039,0.014773,41000.0
688047.SH,20260417,204313,146.5,29931855.0,141.58,0.0509509,2.69775,40100.0
688048.SH,20260417,239748,307.0,73602636.0,298.0,0.136004,1.35419,17628.0
688049.SH,20260417,9568,46.56,445486.0,46.88,0.0054622,0.199626,17516.8
688050.SH,20260417,2534,51.1101,129513.0,51.25,0.00131022,0.216647,19340.3
688051.SH,20260417,18709,32.42,606546.0,32.22,0.0241925,2.03148,7733.4
688052.SH,20260417,10025,163.61,1640190.0,162.27,0.00703368,0.34188,14252.8
688053.SH,20260417,1500,39.0,58500.0,38.99,0.0015,0.149688,10000.0
688055.SH,20260417,13200,4.25,56100.0,4.25,0.000396,0.0663934,333333.0
688056.SH,20260417,5350,35.6301,190621.0,35.64,0.00793151,0.854041,6745.25
688057.SH,20260417,25000,12.43,310750.0,12.48,0.00905797,2.14189,27600.0
688058.SH,20260417,3800,28.75,109250.0,29.18,0.00501078,0.353568,7583.65
688059.SH,20260417,5700,125.85,717345.0,125.9,0.00609114,0.203585,9357.86
688060.SH,20260417,1200,46.54,55848.0,46.54,0.00199366,0.325535,6019.07
688061.SH,20260417,1000,32.55,32550.0,32.66,0.00222118,0.0962386,4502.11
688062.SH,20260417,13217,40.0,528680.0,40.15,0.00647353,0.137746,20417.0
688063.SH,20260417,72083,74.5,5370184.0,75.3,0.0293786,0.547181,24535.9
688065.SH,20260417,11249,48.75,548389.0,48.76,0.00192825,0.323681,58337.8
688066.SH,20260417,21074,19.62,413472.0,19.95,0.00806573,0.165643,26127.8
688067.SH,20260417,4814,27.01,130026.0,27.01,0.00707941,0.411139,6800.0
688068.SH,20260417,4051,125.96,510264.0,125.4,0.00436964,0.141315,9270.79
688069.SH,20260417,2808,35.75,100386.0,35.05,0.00248496,0.127792,11300.0
688070.SH,20260417,4204,48.74,204903.0,48.85,0.00480018,0.301537,8758.0
688071.SH,20260417,12253,32.31,395894.0,32.05,0.014451,0.814606,8478.97
688072.SH,20260417,20210,395.64,7995884.0,402.89,0.0071491,0.410595,28269.3
688073.SH,20260417,1307,61.9403,80956.0,62.42,0.00143811,0.081204,9088.29
688075.SH,20260417,3700,38.8,143560.0,38.88,0.00291149,0.992983,12708.3
688076.SH,20260417,200,30.7,6140.0,30.7,6.32807e-05,0.00691708,31605.2
688077.SH,20260417,300,29.58,8874.0,29.83,0.000262058,0.014881,11447.9
688078.SH,20260417,2405,25.0,60125.0,25.08,0.00329936,0.333699,7289.3
688079.SH,20260417,31158,15.5,482949.0,15.56,0.00770655,0.219794,40430.5
688080.SH,20260417,2576,57.0,146832.0,56.93,0.00349733,0.180367,7365.61
688081.SH,20260417,9521,50.25,478430.0,50.83,0.0092401,0.256669,10304.0
688082.SH,20260417,12175,154.53,1881403.0,155.86,0.00256326,0.314125,47498.1
688083.SH,20260417,13974,55.2,771365.0,55.8,0.00823714,0.342543,16964.6
688084.SH,20260417,8880,67.03,595226.0,66.92,0.0117369,0.281421,7565.91
688085.SH,20260417,8087,17.8099,144029.0,17.81,0.00253717,0.196784,31874.1
688087.SH,20260417,400,38.2,15280.0,38.1,0.00021477,0.0170016,18624.5
688088.SH,20260417,7375,41.75,307906.0,42.06,0.00183837,0.15989,40117.0
688089.SH,20260417,2000,18.79,37580.0,18.85,0.00118829,0.105326,16830.9
688090.SH,20260417,4334,68.15,295362.0,67.97,0.00354172,0.0773904,12237.0
688091.SH,20260417,12602,56.67,714155.0,57.0,0.00609665,0.282593,20670.4
688092.SH,20260417,7214,29.22,210793.0,29.42,0.00872692,0.795385,8266.37
688093.SH,20260417,11501,34.2,393334.0,34.1,0.00410189,0.504967,28038.3
688095.SH,20260417,20100,76.0,1527600.0,76.69,0.022001,0.858901,9135.95
688096.SH,20260417,40088,8.5,340748.0,8.47,0.0169832,0.561752,23604.5
688097.SH,20260417,77689,65.22,5066877.0,63.83,0.0174579,0.576611,44500.9
688098.SH,20260417,45368,9.20001,417386.0,9.12,0.011048,0.484662,41064.4
688099.SH,20260417,19558,80.9,1582242.0,81.17,0.00464378,0.198959,42116.6
688100.SH,20260417,3316,38.3999,127334.0,38.4,0.000674415,0.133031,49168.5
688101.SH,20260417,1771,16.8001,29753.0,16.81,0.000533414,0.117939,33201.2
688102.SH,20260417,68852,37.18,2559917.0,37.01,0.00885449,0.336663,77759.4
688103.SH,20260417,2409,57.99,139698.0,57.26,0.00252739,0.223661,9531.56
688105.SH,20260417,500,19.28,9640.0,19.35,0.000125712,0.0390324,39773.5
688106.SH,20260417,243958,27.49,6706405.0,27.49,0.0486111,0.55641,50185.7
688107.SH,20260417,12326,30.1,371013.0,30.28,0.00307497,0.173643,40084.9
688108.SH,20260417,31459,21.9,688952.0,21.74,0.00752694,0.285695,41795.2
688109.SH,20260417,7401,123.73,915726.0,126.01,0.00938709,0.740239,7884.23
688110.SH,20260417,37963,120.0,4555560.0,120.75,0.00858406,0.284915,44225.0
688111.SH,20260417,37810,251.0,9490310.0,252.46,0.00815975,0.338382,46337.2
688112.SH,20260417,9770,50.46,492994.0,50.43,0.00612167,0.207874,15959.7
688113.SH,20260417,4822,39.05,188299.0,39.05,0.00748786,0.648269,6439.76
688114.SH,20260417,14449,50.9,735454.0,51.3,0.00348728,0.603353,41433.5
688115.SH,20260417,4100,42.13,172733.0,42.3,0.00614969,0.591183,6667.0
688116.SH,20260417,17084,40.15,685923.0,40.31,0.00466098,0.237994,36653.2
688117.SH,20260417,7188,37.0,265956.0,37.4,0.00456712,0.16264,15738.6
688118.SH,20260417,2810,29.5,82895.0,29.61,0.00301125,0.11817,9331.67
688119.SH,20260417,218041,5.06,1103287.0,5.1,0.0193814,1.7889,112500.0
688120.SH,20260417,6430,189.0,1215270.0,189.5,0.00181817,0.131038,35365.2
688121.SH,20260417,3729,10.9,40646.0,10.93,0.00183997,0.157622,20266.7
688122.SH,20260417,43199,73.3,3166487.0,73.76,0.00664943,0.355824,64966.4
688123.SH,20260417,33306,122.16,4068661.0,123.2,0.0210436,0.268483,15827.1
688125.SH,20260417,2790,259.7,724563.0,260.58,0.00341536,0.269429,8168.97
688126.SH,20260417,113913,17.78,2025373.0,17.85,0.0041701,0.431563,273166.0
688127.SH,20260417,25023,69.58,1741100.0,69.36,0.00616485,0.271193,40589.8
688128.SH,20260417,16367,25.79,422105.0,25.86,0.00404623,0.737561,40450.0
688129.SH,20260417,22436,23.7,531733.0,23.89,0.0186224,2.25377,12047.9
688130.SH,20260417,2900,21.28,61712.0,21.33,0.00481048,0.259585,6028.51
688131.SH,20260417,9455,76.27,721133.0,76.2,0.00445772,0.253838,21210.4
688132.SH,20260417,8770,17.33,151984.0,17.29,0.0057612,0.641414,15222.5
688133.SH,20260417,4198,21.47,90131.0,21.45,0.00255295,0.120226,16443.7
688135.SH,20260417,134323,35.45,4761750.0,35.37,0.0576237,0.449081,23310.4
688136.SH,20260417,8500,32.14,273190.0,32.43,0.00422345,0.135942,20125.7
688137.SH,20260417,3543,50.1301,177611.0,50.47,0.00504878,0.194518,7017.54
688138.SH,20260417,5144,27.9901,143981.0,28.08,0.00163405,0.238461,31480.0
688139.SH,20260417,15353,33.8,518931.0,34.03,0.00485098,0.298385,31649.3
688141.SH,20260417,15818,67.44,1066766.0,67.73,0.0035126,0.100783,45032.2
688143.SH,20260417,97834,65.48,6406170.0,64.26,0.0799464,0.807956,12237.4
688146.SH,20260417,195629,64.06,12531994.0,63.51,0.134944,1.07181,14497.1
688147.SH,20260417,12460,69.06,860488.0,70.0,0.00270189,0.161055,46115.9
688148.SH,20260417,3633563,10.3,37425699.0,9.43,0.712222,15.1394,51017.3
688150.SH,20260417,43168,49.2,2123866.0,49.56,0.0107266,0.304195,40243.8
688151.SH,20260417,4149,20.6799,85801.0,20.74,0.00120435,0.177756,34450.0
688152.SH,20260417,5085,35.0,177975.0,35.16,0.00494504,0.565327,10283.0
688153.SH,20260417,17941,34.17,613044.0,34.61,0.00438398,0.557022,40924.0
688155.SH,20260417,7500,82.4,618000.0,82.51,0.00593185,0.183575,12643.6
688156.SH,20260417,43658,25.55,1115462.0,25.66,0.0433484,0.691677,10071.4
688157.SH,20260417,11750,39.95,469413.0,39.8,0.00751129,0.442645,15643.1
688158.SH,20260417,454456,46.66,21204917.0,47.33,0.11208,0.96274,40547.4
688159.SH,20260417,81945,47.0,3851415.0,47.84,0.0883706,1.92839,9272.88
688160.SH,20260417,44713,108.0,4829004.0,109.0,0.0492259,2.21432,9083.22
688161.SH,20260417,800,30.51,24408.0,30.63,0.0002,0.0317284,40000.0
688162.SH,20260417,12692,35.23,447139.0,35.34,0.00925742,0.434055,13710.1
688163.SH,20260417,23930,34.0,813620.0,33.99,0.0221124,0.763758,10822.0
688165.SH,20260417,34216,17.27,590910.0,17.26,0.00655755,0.594039,52178.0
688166.SH,20260417,140683,57.8,8131477.0,58.22,0.0332502,0.674492,42310.4
688167.SH,20260417,29853,400.0,11941200.0,396.0,0.0332219,0.502013,8985.95
688168.SH,20260417,1519,82.4003,125166.0,81.78,0.001968,0.0816974,7718.5
688169.SH,20260417,21784,111.33,2425213.0,111.95,0.00840736,0.442961,25910.6
688170.SH,20260417,58993,57.96,3419234.0,57.31,0.0570753,0.74982,10336.0
688171.SH,20260417,12369,49.4,611029.0,49.6,0.0147648,0.462682,8377.34
688172.SH,20260417,35609,39.01,1389107.0,39.39,0.00457593,0.233214,77818.1
688173.SH,20260417,9537,14.59,139145.0,14.57,0.00232468,0.171144,41024.9
688175.SH,20260417,4051,35.7401,144783.0,35.74,0.00313261,0.151538,12931.7
688176.SH,20260417,72035,14.1,1015694.0,14.21,0.0165337,0.502842,43568.6
688177.SH,20260417,28184,23.25,655278.0,23.45,0.00680641,0.551546,41408.0
688178.SH,20260417,33056,33.87,1119607.0,33.5,0.0388904,1.1111,8499.78
688179.SH,20260417,20333,18.27,371484.0,18.39,0.00584268,0.180657,34800.8
688180.SH,20260417,90598,44.35,4018021.0,44.38,0.0118213,0.318201,76639.4
688181.SH,20260417,12337,33.27,410452.0,33.62,0.00917375,0.478104,13448.2
688182.SH,20260417,14351,30.98,444594.0,31.05,0.00358775,0.300897,40000.0
688183.SH,20260417,89962,104.73,9421720.0,105.3,0.0108151,0.300242,83182.1
688184.SH,20260417,3656,10.3999,38022.0,10.41,0.00363826,0.572603,10048.8
688185.SH,20260417,4406,71.15,313487.0,71.8,0.00385231,0.176723,11437.3
688186.SH,20260417,15566,24.04,374207.0,24.04,0.00554959,0.182531,28048.9
688187.SH,20260417,12747,51.9,661569.0,52.11,0.00146701,0.284116,86890.8
688188.SH,20260417,1671,144.8,241961.0,144.51,0.000578742,0.0948587,28873.0
688189.SH,20260417,8760,7.73995,67802.0,7.73,0.00319242,0.127909,27440.0
688190.SH,20260417,3628,87.9901,319228.0,87.92,0.00302333,0.304144,12000.0
688191.SH,20260417,1873,40.59,76025.0,40.64,0.000808546,0.0418555,23165.0
688192.SH,20260417,9618,61.06,587275.0,61.05,0.00208537,0.235371,46121.4
688193.SH,20260417,1051,51.2902,53906.0,51.13,0.00262292,0.295705,4006.99
688195.SH,20260417,46801,347.0,16239947.0,342.26,0.0361817,0.593758,12935.0
688196.SH,20260417,1700,60.68,103156.0,60.5,0.00141667,0.0938086,12000.0
688197.SH,20260417,6230,41.73,259978.0,42.06,0.00973363,0.380537,6400.49
688198.SH,20260417,712,95.4607,67968.0,95.46,0.000516885,0.159411,13774.8
688199.SH,20260417,3100,27.0,83700.0,27.1,0.00192275,0.0899912,16122.7
688200.SH,20260417,7123,295.0,2101285.0,299.08,0.00525554,0.298965,13553.3
688201.SH,20260417,20935,14.06,294346.0,14.13,0.00691996,0.303801,30253.1
688202.SH,20260417,9351,71.5201,668784.0,72.06,0.00696007,0.183755,13435.2
688203.SH,20260417,1000,12.38,12380.0,12.38,0.000493393,0.0432857,20267.8
688205.SH,20260417,143922,246.32,35450867.0,240.81,0.0909257,1.07947,15828.5
688206.SH,20260417,19455,32.65,635206.0,32.65,0.00447059,0.50142,43517.8
688207.SH,20260417,5623,14.64,82321.0,14.72,0.00217127,0.165284,25897.3
688208.SH,20260417,25102,36.1,906182.0,36.3,0.00374554,0.23744,67018.4
688209.SH,20260417,7080,21.65,153282.0,21.68,0.00163215,0.121346,43378.4
688210.SH,20260417,6479,48.19,312223.0,48.73,0.00400287,0.164405,16185.9
688211.SH,20260417,700,33.04,23128.0,32.89,0.000533973,0.154389,13109.3
688212.SH,20260417,3544,34.64,122764.0,34.91,0.00263171,0.185389,13466.5
688213.SH,20260417,35611,95.23,3391236.0,95.24,0.0110077,0.447343,32350.9
688215.SH,20260417,3390,76.6401,259810.0,76.61,0.00543067,0.337,6242.33
688216.SH,20260417,8700,29.97,260739.0,29.49,0.00818548,0.394239,10628.6
688217.SH,20260417,2982,28.61,85315.0,28.61,0.00533874,0.386599,5585.59
688218.SH,20260417,0,,0.0,24.1,0.0,0.0,11647.5
688219.SH,20260417,28589,10.96,313335.0,10.97,0.00520178,0.588973,54960.0
688220.SH,20260417,265266,79.0,20956014.0,80.81,0.0718607,2.56516,36913.9
688221.SH,20260417,13135,20.47,268873.0,20.51,0.00350661,0.108613,37457.9
688222.SH,20260417,28959,27.2,787685.0,27.43,0.00722746,0.157864,40068.0
688223.SH,20260417,4208090,6.9,29035821.0,7.14,0.040977,2.59645,1026940.0
688225.SH,20260417,2652,17.0999,45349.0,17.08,0.000662983,0.0754206,40001.0
688226.SH,20260417,60140,54.7,3289658.0,53.88,0.0318579,0.35318,18877.6
688227.SH,20260417,594690,96.03,57108081.0,84.47,0.526017,14.6115,11305.5
688228.SH,20260417,14453,110.9,1602838.0,110.92,0.0213958,0.799454,6755.08
688229.SH,20260417,10385,90.8,942958.0,91.81,0.0233896,0.432851,4440.0
688230.SH,20260417,500,65.46,32730.0,65.45,0.00042517,0.0541335,11760.0
688231.SH,20260417,2400,33.81,81144.0,34.09,0.000972222,0.0655209,24685.7
688232.SH,20260417,6872,22.4499,154276.0,22.59,0.00213428,0.322999,32198.2
688233.SH,20260417,11906,74.37,885449.0,74.37,0.00699096,0.216429,17030.6
688234.SH,20260417,133131,93.0,12381183.0,91.71,0.0309815,1.09034,42971.1
688235.SH,20260417,25830,255.0,6586650.0,256.99,0.0224501,0.699266,11505.5
688236.SH,20260417,1625,20.76,33735.0,20.83,0.000563399,0.0829404,28842.8
688237.SH,20260417,2000,57.81,115620.0,57.43,0.0022301,0.149704,8968.2
688238.SH,20260417,27444,7.13001,195676.0,7.17,0.00428046,0.323295,64114.6
688239.SH,20260417,10815,62.5,675938.0,62.5,0.00567325,0.197452,19063.2
688244.SH,20260417,4100,19.57,80237.0,19.61,0.00271592,0.178309,15096.2
688246.SH,20260417,9682,19.58,189574.0,19.6,0.00703707,0.389045,13758.6
688247.SH,20260417,200,9.51,1902.0,9.52,4.4117e-05,0.00777397,45334.0
688248.SH,20260417,14965,59.0,882935.0,59.51,0.00265008,0.235902,56470.0
688249.SH,20260417,37639,29.69,1117502.0,29.85,0.00316768,0.188661,118822.0
688251.SH,20260417,9227,36.05,332633.0,36.0,0.00923593,0.271779,9990.33
688252.SH,20260417,0,,0.0,21.68,0.0,0.0,40902.1
688253.SH,20260417,3900,41.1,160290.0,41.34,0.00284704,0.129056,13698.4
688255.SH,20260417,14559,29.88,435023.0,29.9,0.0132525,0.74275,10985.9
688256.SH,20260417,32132,1299.87,41767423.0,1307.0,0.0076199,0.358517,42168.5
688257.SH,20260417,24221,78.79,1908373.0,79.32,0.00959595,0.254925,25240.8
688258.SH,20260417,36284,115.19,4179554.0,114.1,0.0299516,0.816673,12114.2
688259.SH,20260417,6933,37.72,261513.0,37.55,0.0062068,0.422428,11170.0
688260.SH,20260417,7874,29.1701,229685.0,29.15,0.00656167,0.211643,12000.0
688261.SH,20260417,2230,73.7,164351.0,74.17,0.00182642,0.0641565,12209.7
688262.SH,20260417,86967,35.75,3109070.0,35.76,0.025883,0.907788,33600.0
688265.SH,20260417,9600,43.85,420960.0,43.77,0.0123135,1.17686,7796.35
688266.SH,20260417,2704,100.33,271292.0,101.5,0.0010215,0.0810127,26470.8
688267.SH,20260417,0,,0.0,31.11,0.0,0.0,17620.0
688268.SH,20260417,58804,93.0,5468772.0,94.05,0.0490379,0.525577,11991.5
688269.SH,20260417,5528,38.7599,214265.0,38.8,0.0042294,0.447224,13070.4
688270.SH,20260417,181887,173.0,31466451.0,176.1,0.0849734,0.983608,21405.2
688271.SH,20260417,11968,114.46,1369857.0,114.51,0.00145215,0.296604,82415.8
688272.SH,20260417,6800,48.0,326400.0,49.24,0.00894737,0.175274,7600.0
688273.SH,20260417,15356,47.26,725725.0,47.45,0.015356,0.413097,10000.0
688275.SH,20260417,52068,130.8,6810494.0,130.8,0.041285,0.809548,12611.8
688276.SH,20260417,2600,17.92,46592.0,17.98,0.000628539,0.180949,41365.8
688277.SH,20260417,1600,22.02,35232.0,22.1,0.000350883,0.0128879,45599.2
688278.SH,20260417,13563,65.3,885664.0,65.0,0.00332272,0.575448,40818.9
688279.SH,20260417,10104,179.0,1808616.0,181.2,0.0107997,0.49728,9355.81
688280.SH,20260417,35016,10.91,382025.0,10.92,0.00672681,0.180651,52054.4
688281.SH,20260417,5555,75.3001,418292.0,75.98,0.002038,0.185606,27257.1
688282.SH,20260417,900,87.2,78480.0,88.26,0.00102273,0.0414059,8800.0
688283.SH,20260417,1275,41.2298,52568.0,41.26,0.0010468,0.0748598,12180.0
688285.SH,20260417,11013,8.70998,95923.0,8.71,0.00292673,0.33794,37629.0
688286.SH,20260417,1487,70.2999,104536.0,70.62,0.00265253,0.120463,5605.98
688288.SH,20260417,12923,25.9,334706.0,26.14,0.0129471,0.452496,9981.37
688289.SH,20260417,5313,18.1899,96643.0,18.22,0.000917002,0.170806,57938.8
688290.SH,20260417,0,,0.0,53.85,0.0,0.0,10219.0
688291.SH,20260417,4000,42.56,170240.0,42.73,0.0038961,0.153608,10266.7
688292.SH,20260417,7300,24.78,180894.0,24.8,0.00461008,0.276809,15834.9
688293.SH,20260417,557,55.5799,30958.0,55.51,0.000489369,0.0271447,11382.0
688295.SH,20260417,74261,51.85,3850433.0,52.35,0.00825122,0.39674,90000.0
688296.SH,20260417,9467,14.08,133295.0,14.07,0.00881527,0.67094,10739.3
688297.SH,20260417,29027,49.56,1438578.0,49.67,0.0043003,0.310805,67500.0
688298.SH,20260417,5066,22.8999,116011.0,22.9,0.0025129,0.451051,20160.0
688299.SH,20260417,51106,17.87,913264.0,17.99,0.0177826,0.960653,28739.3
688300.SH,20260417,9254,92.31,854237.0,91.94,0.00383237,0.17742,24146.9
688301.SH,20260417,2818,110.96,312685.0,111.18,0.00133271,0.105785,21144.9
688302.SH,20260417,3535,47.5001,167913.0,47.59,0.00357014,0.175322,9901.56
688303.SH,20260417,80132,22.35,1790950.0,22.59,0.0037354,0.434146,214521.0
688305.SH,20260417,237,57.4388,13613.0,57.68,0.000179255,0.0217388,13221.4
688306.SH,20260417,3187,9.18011,29257.0,9.2,0.000259468,0.0479841,122828.0
688307.SH,20260417,72645,83.99,6101454.0,82.05,0.0818314,1.12762,8877.4
688308.SH,20260417,80107,101.91,8163704.0,104.0,0.050451,0.637048,15878.2
688309.SH,20260417,9725,72.55,705549.0,72.0,0.0122479,0.311569,7940.13
688310.SH,20260417,2129,15.9798,34021.0,15.96,0.00128084,0.118752,16622.0
688311.SH,20260417,8091,39.0,315549.0,39.27,0.00465557,0.191249,17379.2
688312.SH,20260417,117871,61.99,7306823.0,61.35,0.0808603,1.29667,14577.1
688313.SH,20260417,564118,118.0,66565924.0,114.89,0.124809,1.19184,45198.6
688314.SH,20260417,2719,48.1401,130893.0,48.34,0.00334691,0.0948683,8123.92
688315.SH,20260417,11311,14.33,162087.0,14.34,0.00271768,0.345942,41620.0
688316.SH,20260417,27838,77.91,2168859.0,77.91,0.0581192,0.55947,4789.81
688317.SH,20260417,850,20.6106,17519.0,20.51,0.000442344,0.0198829,19215.8
688318.SH,20260417,14006,113.4,1588280.0,114.03,0.00546854,0.367188,25611.9
688319.SH,20260417,18641,28.76,536115.0,28.98,0.00459807,0.179189,40540.9
688320.SH,20260417,893,31.4099,28049.0,31.55,0.000591337,0.0400852,15101.4
688321.SH,20260417,47637,31.36,1493896.0,31.63,0.0116812,0.480282,40780.8
688322.SH,20260417,22783,83.0,1890989.0,83.54,0.00714926,0.310559,31867.6
688323.SH,20260417,7908,21.4,169231.0,21.44,0.00439329,0.122804,18000.2
688325.SH,20260417,1000,118.0,118000.0,117.26,0.00122451,0.0863962,8166.55
688326.SH,20260417,7867,120.7,949547.0,121.6,0.0070478,0.625606,11162.4
688327.SH,20260417,110505,13.35,1475242.0,13.45,0.0132589,0.56617,83344.1
688328.SH,20260417,20028,40.29,806928.0,40.69,0.0212035,0.360224,9445.63
688329.SH,20260417,2400,24.49,58776.0,24.39,0.00310881,0.143338,7720.0
688330.SH,20260417,4114,50.15,206317.0,50.19,0.00293857,0.14734,14000.0
688331.SH,20260417,103620,153.76,15932611.0,153.26,0.0635343,0.960961,16309.3
688332.SH,20260417,11310,128.0,1447680.0,127.96,0.00937825,0.541951,12059.8
688333.SH,20260417,19626,95.48,1873890.0,95.78,0.00715436,0.258954,27432.2
688334.SH,20260417,16433,22.27,365963.0,22.16,0.0104732,0.403717,15690.5
688335.SH,20260417,1724,34.0,58616.0,34.38,0.00116459,0.0983907,14803.5
688336.SH,20260417,26149,85.8,2243584.0,86.57,0.00423956,0.214104,61678.6
688337.SH,20260417,52840,59.06,3120730.0,57.26,0.0284213,0.634231,18591.7
688338.SH,20260417,4171,29.5399,123211.0,29.58,0.00392963,0.407028,10614.2
688339.SH,20260417,2000,25.48,50960.0,25.61,0.00102152,0.0410781,19578.7
688343.SH,20260417,43819,90.99,3987091.0,91.26,0.0121854,0.30629,35960.3
688345.SH,20260417,6663,52.24,348075.0,52.24,0.006663,0.131654,10000.0
688347.SH,20260417,98684,123.55,12192408.0,125.13,0.0242021,0.622317,40775.0
688348.SH,20260417,7661,52.72,403888.0,53.2,0.00490218,0.290596,15627.7
688349.SH,20260417,6886,23.6001,162510.0,23.67,0.000578906,0.144277,118948.0
688350.SH,20260417,3800,28.83,109554.0,28.83,0.0026528,0.135185,14324.5
688351.SH,20260417,31736,23.98,761029.0,24.13,0.00674373,0.688341,47060.0
688352.SH,20260417,12463,12.91,160897.0,12.92,0.0034063,0.143489,36588.1
688353.SH,20260417,90810,123.5,11215035.0,124.62,0.0569342,1.02522,15950.0
688355.SH,20260417,4180,23.4299,97937.0,23.34,0.00337216,0.169253,12395.6
688356.SH,20260417,5992,108.5,650132.0,108.6,0.00987952,0.516613,6065.07
688357.SH,20260417,2311,35.8001,82734.0,35.8,0.00230962,0.208953,10006.0
688358.SH,20260417,3700,29.9,110630.0,30.1,0.00330429,0.442265,11197.6
688359.SH,20260417,12481,96.5,1204417.0,96.49,0.0126395,0.266756,9874.61
688360.SH,20260417,49951,19.28,963055.0,19.16,0.0197994,1.61518,25228.6
688361.SH,20260417,7245,175.5,1271498.0,176.49,0.00291795,0.132002,24829.1
688362.SH,20260417,12405,48.38,600154.0,48.65,0.00302199,0.0771131,41049.1
688363.SH,20260417,5413,43.1899,233787.0,43.19,0.00112378,0.208038,48167.8
688365.SH,20260417,149323,19.54,2917771.0,19.88,0.0350668,0.952251,42582.5
688366.SH,20260417,1200,38.94,46728.0,39.2,0.000618391,0.313241,19405.2
688367.SH,20260417,2000,38.5,77000.0,38.17,0.00228246,0.0688649,8762.46
688368.SH,20260417,6696,147.26,986053.0,146.18,0.00756606,0.319348,8850.05
688369.SH,20260417,5396,25.0,134900.0,25.09,0.00468329,0.0931799,11521.8
688370.SH,20260417,19912,25.48,507358.0,25.64,0.0145229,2.16413,13710.8
688371.SH,20260417,13324,21.05,280470.0,21.15,0.00397171,0.608296,33547.2
688372.SH,20260417,37079,155.83,5778021.0,156.0,0.0221018,0.446183,16776.5
688373.SH,20260417,30439,6.36999,193896.0,6.38,0.00502594,0.250821,60563.8
688375.SH,20260417,31012,124.97,3875570.0,126.89,0.00520323,0.413011,59601.5
688376.SH,20260417,10024,73.66,738368.0,74.65,0.00741135,0.314401,13525.2
688377.SH,20260417,5350,39.7,212395.0,39.7,0.00274863,0.228376,19464.3
688378.SH,20260417,20069,37.18,746165.0,37.56,0.00832875,0.532007,24096.1
688379.SH,20260417,81165,54.33,4409694.0,52.79,0.0900977,3.2704,9008.55
688380.SH,20260417,10725,46.5,498713.0,46.84,0.00267881,0.113565,40036.5
688381.SH,20260417,87085,25.35,2207605.0,24.93,0.0351859,1.49588,24750.0
688382.SH,20260417,72538,22.53,1634281.0,22.63,0.0125423,0.374229,57834.8
688383.SH,20260417,3200,94.06,300992.0,94.25,0.00314817,0.2004,10164.7
688385.SH,20260417,17003,69.8,1186809.0,69.8,0.0031523,0.175228,53938.3
688386.SH,20260417,1764,78.0,137592.0,79.25,0.00193846,0.108484,9100.0
688387.SH,20260417,358626,17.3,6204230.0,17.37,0.0177821,0.353799,201678.0
688388.SH,20260417,127467,49.2,6271376.0,49.2,0.0279733,0.383107,45567.4
688389.SH,20260417,14500,12.73,184585.0,12.73,0.00338401,0.741,42848.6
688390.SH,20260417,33048,86.47,2857661.0,86.91,0.0135965,0.322491,24306.2
688391.SH,20260417,0,,0.0,30.86,0.0,0.0,11518.2
688392.SH,20260417,4018,127.78,513420.0,128.73,0.00347177,0.196967,11573.3
688393.SH,20260417,5100,23.6,120360.0,23.79,0.0054506,0.433875,9356.77
688395.SH,20260417,200,26.75,5350.0,26.64,0.000230953,0.0201458,8659.77
688396.SH,20260417,44096,49.1,2165114.0,49.08,0.00331996,0.254683,132821.0
688398.SH,20260417,7763,27.8799,216432.0,27.6,0.00462595,0.184186,16781.4
688399.SH,20260417,3200,53.0,169600.0,53.24,0.00381535,0.209363,8387.17
688400.SH,20260417,29461,47.85,1409709.0,48.23,0.00639099,0.160272,46097.7
688401.SH,20260417,11316,54.57,617514.0,54.6,0.00585264,0.297872,19334.9
688403.SH,20260417,652519,17.12,11171125.0,16.88,0.0700802,1.33478,93110.3
688408.SH,20260417,177807,42.73,7597693.0,40.93,0.081166,3.05982,21906.6
688409.SH,20260417,27392,99.06,2713452.0,99.12,0.00894547,0.486612,30621.1
688410.SH,20260417,14413,15.78,227437.0,15.9,0.00450969,0.410851,31960.1
688411.SH,20260417,22985,232.0,5332520.0,234.34,0.0173375,0.474835,13257.4
688416.SH,20260417,10497,84.02,881958.0,84.66,0.0126461,0.227903,8300.57
688418.SH,20260417,16448,47.01,773220.0,47.6,0.00854199,0.157264,19255.5
688419.SH,20260417,7622,48.5,369667.0,48.91,0.012808,0.258221,5950.95
688420.SH,20260417,600,24.86,14916.0,24.95,0.0014375,0.0842119,4173.9
688425.SH,20260417,76386,4.85,370472.0,4.85,0.00143219,0.345574,533350.0
688426.SH,20260417,3605,20.5001,73903.0,20.4,0.00938129,0.332565,3842.76
688428.SH,20260417,48087,31.3,1505123.0,31.3,0.0179189,0.339464,26836.0
688429.SH,20260417,5141,14.6501,75316.0,14.85,0.00429034,0.101032,11982.7
688432.SH,20260417,35679,14.65,522697.0,14.68,0.00285363,0.386451,125030.0
688433.SH,20260417,11624,82.58,959910.0,82.49,0.00280659,0.190259,41416.9
688435.SH,20260417,8300,43.2,358560.0,43.08,0.0148087,0.462975,5604.81
688439.SH,20260417,5081,50.9101,258674.0,51.02,0.0025405,0.270013,20000.0
688443.SH,20260417,9025,32.29,291417.0,32.29,0.00773483,0.139937,11668.0
688448.SH,20260417,21918,61.66,1351464.0,61.69,0.0305894,1.36657,7165.23
688449.SH,20260417,65746,48.0,3155808.0,47.87,0.0224233,0.669243,29320.4
688450.SH,20260417,111465,40.3,4492040.0,40.29,0.227802,4.41306,4893.07
688455.SH,20260417,5078,29.5,149801.0,29.1,0.00302207,0.132548,16803.1
688456.SH,20260417,2901,56.7201,164545.0,56.91,0.00279857,0.12554,10366.0
688458.SH,20260417,3583,35.53,127304.0,35.78,0.0042119,0.245464,8506.85
688459.SH,20260417,2800,9.3,26040.0,9.34,0.000583333,0.201303,48000.0
688466.SH,20260417,1200,17.53,21036.0,17.53,0.000982365,0.0712895,12215.4
688468.SH,20260417,2874,7.27001,20894.0,7.28,0.000716515,0.0999939,40110.8
688469.SH,20260417,118760,6.63,787379.0,6.65,0.00268093,0.187875,442980.0
688472.SH,20260417,153076,13.3,2035911.0,13.39,0.0113587,0.350346,134765.0
688475.SH,20260417,25533,29.21,745819.0,29.36,0.00324229,0.317221,78750.0
688478.SH,20260417,54829,37.99,2082954.0,38.11,0.0530213,0.633423,10340.9
688479.SH,20260417,10054,35.29,354806.0,35.28,0.0161335,0.418764,6231.74
688480.SH,20260417,4821,86.86,418752.0,87.77,0.00505737,0.138962,9532.62
688484.SH,20260417,8215,37.53,308309.0,37.6,0.0019209,0.187078,42766.3
688485.SH,20260417,143781,44.03,6330677.0,43.32,0.161992,1.03537,8875.8
688486.SH,20260417,31623,67.93,2148150.0,67.95,0.0237197,1.01535,13332.0
688488.SH,20260417,26340,19.8,521532.0,19.9,0.00625976,0.155194,42078.3
688489.SH,20260417,3521,39.6299,139537.0,39.71,0.00307967,0.545099,11433.1
688496.SH,20260417,44983,5.73001,257753.0,5.77,0.0189047,0.598274,23794.6
688498.SH,20260417,44786,1339.26,59980098.0,1313.0,0.0527897,1.42706,8483.86
688499.SH,20260417,44828,51.95,2328815.0,51.13,0.0265681,0.846308,16872.9
688500.SH,20260417,14727,53.23,783918.0,53.66,0.020087,0.789034,7331.59
688501.SH,20260417,13000,26.55,345150.0,26.05,0.0104648,0.557161,12422.6
688502.SH,20260417,1967,353.45,695236.0,353.4,0.00372538,0.162908,5280.0
688503.SH,20260417,57886,94.29,5458071.0,95.8,0.0288105,0.480171,20092.0
688505.SH,20260417,3611,8.0,28888.0,8.04,0.000508182,0.0802904,71057.2
688506.SH,20260417,2792,310.01,865548.0,312.7,0.000676236,0.13773,41287.4
688507.SH,20260417,6904,92.25,636894.0,92.84,0.0140223,0.459725,4923.57
688508.SH,20260417,12116,65.23,790327.0,65.49,0.009227,0.246117,13131.0
688509.SH,20260417,17237,4.53002,78084.0,4.56,0.00447956,0.277368,38479.2
688510.SH,20260417,78332,32.0,2506624.0,32.95,0.0301831,0.850008,25952.3
688511.SH,20260417,0,,0.0,22.52,0.0,0.0,13367.8
688512.SH,20260417,45001,12.82,576913.0,12.76,0.0138648,0.387139,32457.0
688513.SH,20260417,14505,66.88,970094.0,65.92,0.00821663,0.320464,17653.2
688515.SH,20260417,6500,128.87,837655.0,128.97,0.0130471,0.403709,4981.94
688516.SH,20260417,79159,79.0,6253561.0,77.09,0.025149,0.477743,31476.0
688517.SH,20260417,22542,21.4,482399.0,21.45,0.0165006,0.34334,13661.3
688518.SH,20260417,22452,26.83,602387.0,26.81,0.00657789,0.2329,34132.5
688519.SH,20260417,45887,153.77,7056044.0,154.35,0.0195454,0.501687,23477.1
688520.SH,20260417,17630,44.5,784535.0,45.01,0.00395881,0.435081,44533.6
688521.SH,20260417,358769,237.0,85028253.0,244.7,0.068218,1.26431,52591.5
688522.SH,20260417,3400,35.42,120428.0,35.51,0.00276205,0.0883899,12309.7
688523.SH,20260417,31130,69.5,2163535.0,69.32,0.0322537,0.324102,9651.59
688525.SH,20260417,1326198,273.08,362158150.0,286.8,0.281668,3.03207,47083.7
688526.SH,20260417,3200,15.23,48736.0,15.21,0.000686507,0.138063,46612.8
688528.SH,20260417,9968,10.74,107056.0,10.96,0.00593333,0.57457,16800.0
688529.SH,20260417,2300,18.3,42090.0,18.27,0.00136762,0.195214,16817.6
688530.SH,20260417,54503,31.78,1732105.0,31.63,0.0804138,0.579002,6777.82
688533.SH,20260417,9904,26.93,266715.0,26.91,0.0060029,1.10577,16498.7
688535.SH,20260417,5635,124.37,700825.0,125.3,0.00698296,0.196638,8069.65
688536.SH,20260417,12938,196.7,2544905.0,195.8,0.00953785,0.273716,13564.9
688538.SH,20260417,102411,2.27,232473.0,2.28,0.00178037,0.205126,575224.0
688539.SH,20260417,15616,38.0,593408.0,38.23,0.0149121,0.476365,10472.0
688543.SH,20260417,12803,71.0,909013.0,71.43,0.0110407,0.200279,11596.2
688545.SH,20260417,5373,51.92,278966.0,52.25,0.00294815,0.0906564,18225.0
688548.SH,20260417,86714,25.51,2212074.0,26.01,0.0125453,0.377189,69120.9
688549.SH,20260417,65443,9.25,605348.0,9.27,0.0111049,0.324394,58931.9
688550.SH,20260417,7999,41.91,335238.0,41.99,0.00460124,0.321502,17384.4
688551.SH,20260417,4627,47.5401,219968.0,46.74,0.0055037,0.168682,8407.07
688552.SH,20260417,5282,46.5299,245771.0,46.82,0.00608332,0.0537775,8682.75
688553.SH,20260417,16975,19.82,336445.0,19.93,0.0049412,0.103106,34354.0
688556.SH,20260417,302296,14.05,4247259.0,14.26,0.0363873,0.607134,83077.4
688557.SH,20260417,5300,32.23,170819.0,32.18,0.00516169,0.360947,10268.0
688558.SH,20260417,2400,30.25,72600.0,30.25,0.00181818,0.244625,13200.0
688559.SH,20260417,21280,56.3,1198064.0,56.3,0.00858899,0.357626,24775.9
688560.SH,20260417,17309,14.85,257039.0,14.82,0.00859853,0.464276,20130.2
688561.SH,20260417,16383,30.63,501811.0,30.62,0.00240131,0.349346,68225.3
688562.SH,20260417,20261,19.89,402991.0,19.89,0.0117102,0.426081,17302.0
688563.SH,20260417,3394,60.85,206525.0,61.02,0.00290113,0.126167,11698.9
688565.SH,20260417,25483,12.83,326947.0,12.96,0.0170193,1.03359,14973.0
688566.SH,20260417,18710,31.88,596475.0,32.19,0.0093817,0.456449,19943.1
688567.SH,20260417,30265,13.45,407064.0,13.5,0.00247647,0.202832,122210.0
688568.SH,20260417,22889,60.95,1395085.0,61.0,0.00283252,0.184744,80807.9
688569.SH,20260417,1980,20.3202,40234.0,20.31,0.000939873,0.197478,21066.7
688570.SH,20260417,1328,17.8102,23652.0,17.95,0.000705632,0.238571,18820.0
688571.SH,20260417,18291,7.80001,142670.0,7.8,0.00431218,0.411124,42417.1
688573.SH,20260417,36250,21.55,781188.0,21.39,0.0681183,0.477399,5321.62
688575.SH,20260417,792,14.6199,11579.0,14.65,0.00013861,0.014421,57138.8
688576.SH,20260417,4770,69.74,332660.0,69.78,0.0218885,1.45721,2179.22
688577.SH,20260417,1300,67.0,87100.0,67.27,0.00116823,0.156463,11128.0
688578.SH,20260417,22624,98.71,2233215.0,99.31,0.00502756,0.4627,45000.0
688579.SH,20260417,10302,11.22,115588.0,11.3,0.00257544,0.136179,40001.0
688580.SH,20260417,0,,0.0,58.28,0.0,0.0,9577.13
688581.SH,20260417,0,,0.0,56.18,0.0,0.0,4155.97
688582.SH,20260417,10859,61.58,668697.0,61.77,0.0043398,0.256837,25021.9
688583.SH,20260417,2400,124.53,298872.0,125.3,0.00779134,0.171006,3080.34
688584.SH,20260417,8399,20.14,169156.0,20.17,0.00245272,0.266277,34243.6
688585.SH,20260417,22781,129.0,2938749.0,129.31,0.00564778,0.733451,40336.2
688586.SH,20260417,28796,14.4,414662.0,14.4,0.00363889,0.375831,79133.9
688588.SH,20260417,22800,12.2,278160.0,12.21,0.00569986,0.705623,40001.0
688589.SH,20260417,500,22.68,11340.0,22.62,0.000344048,0.0174587,14532.9
688590.SH,20260417,46421,14.86,689816.0,14.98,0.0164896,0.385297,28151.7
688591.SH,20260417,11900,35.1,417690.0,35.29,0.00706494,0.185761,16843.7
688592.SH,20260417,2755,44.4399,122432.0,44.75,0.0071518,0.214609,3852.18
688593.SH,20260417,6747,32.34,218198.0,32.35,0.00209091,0.0665867,32268.2
688595.SH,20260417,10359,34.01,352310.0,34.14,0.00718908,0.203191,14409.4
688596.SH,20260417,25965,32.2,836073.0,32.28,0.00882769,0.41741,29413.1
688597.SH,20260417,300,9.01,2703.0,9.02,8.92697e-05,0.00756667,33606.0
688598.SH,20260417,13169,23.42,308418.0,23.58,0.00646885,0.436174,20357.6
688599.SH,20260417,225776,16.5,3725304.0,16.65,0.00963797,0.710094,234257.0
688600.SH,20260417,3671,27.1501,99668.0,27.14,0.00272514,0.123767,13470.8
688601.SH,20260417,5264,52.39,275781.0,52.42,0.00393739,0.0820606,13369.3
688602.SH,20260417,19190,8.22001,157742.0,8.27,0.00739225,0.185235,25959.6
688603.SH,20260417,16787,92.86,1558841.0,94.16,0.0353995,0.241258,4742.16
688605.SH,20260417,9756,64.68,631018.0,64.6,0.00900401,0.329716,10835.2
688606.SH,20260417,893,61.2497,54696.0,61.26,0.00112638,0.314202,7928.09
688607.SH,20260417,0,,0.0,65.6,0.0,0.0,8812.9
688608.SH,20260417,8408,168.0,1412544.0,169.31,0.00498418,0.20025,16869.4
688609.SH,20260417,6453,8.47993,54721.0,8.53,0.0012906,0.107067,50000.0
688610.SH,20260417,13448,113.38,1524734.0,112.68,0.032854,0.412433,4093.26
688611.SH,20260417,222,57.8288,12838.0,58.41,0.000144729,0.0156754,15339.0
688612.SH,20260417,26369,31.71,836161.0,31.89,0.010441,0.53073,25255.3
688613.SH,20260417,6001,21.3999,128421.0,21.32,0.00438002,0.215624,13700.9
688615.SH,20260417,31190,184.0,5738960.0,187.21,0.0322643,0.680102,9667.02
688616.SH,20260417,17057,13.75,234534.0,13.63,0.00950896,0.805668,17937.8
688617.SH,20260417,1233,258.44,318657.0,257.21,0.000874209,0.129077,14104.2
688618.SH,20260417,77446,40.42,3130367.0,41.21,0.0703748,1.21188,11004.8
688619.SH,20260417,3680,15.4,56672.0,15.5,0.00198449,0.0824907,18543.8
688620.SH,20260417,1988,11.5101,22882.0,11.53,0.000855722,0.0458329,23231.9
688621.SH,20260417,1500,67.12,100680.0,67.14,0.00133929,0.0621301,11200.0
688622.SH,20260417,8708,98.47,857477.0,98.47,0.0123578,0.394272,7046.55
688623.SH,20260417,0,,0.0,90.06,0.0,0.0,1914.27
688625.SH,20260417,9716,70.83,688184.0,71.54,0.00515928,0.184813,18832.1
688626.SH,20260417,5901,59.84,353116.0,59.52,0.00368812,0.306113,16000.0
688627.SH,20260417,29196,278.0,8116488.0,280.82,0.0403529,0.666786,7235.17
688628.SH,20260417,18888,65.0,1227720.0,64.83,0.0168994,0.482869,11176.8
688629.SH,20260417,326454,129.0,42112566.0,131.88,0.179584,1.43562,18178.3
688630.SH,20260417,22445,234.8,5270086.0,236.82,0.0170373,0.286392,13174.1
688631.SH,20260417,62942,56.08,3529787.0,56.86,0.0970279,2.50624,6487.0
688633.SH,20260417,7108,26.21,186301.0,26.47,0.00494401,0.495686,14377.0
688636.SH,20260417,28386,45.67,1296389.0,45.54,0.016934,0.494861,16762.7
688638.SH,20260417,2700,42.88,115776.0,42.88,0.0102037,0.254127,2646.1
688639.SH,20260417,1482,28.5601,42326.0,28.59,0.000592526,0.0367893,25011.6
688646.SH,20260417,7200,52.0,374400.0,51.4,0.012417,0.832625,5798.5
688648.SH,20260417,5715,53.27,304438.0,52.8,0.0082196,0.369592,6952.89
688651.SH,20260417,1900,39.49,75031.0,39.4,0.00585436,0.152617,3245.44
688652.SH,20260417,9689,106.91,1035851.0,107.41,0.00802402,0.265608,12075.0
688653.SH,20260417,4451,13.2399,58931.0,13.3,0.00140671,0.0991672,31641.2
688655.SH,20260417,79661,34.75,2768220.0,34.37,0.0597204,0.469777,13339.0
688656.SH,20260417,0,,0.0,138.5,0.0,0.0,6347.97
688657.SH,20260417,400,48.96,19584.0,49.1,0.000974551,0.040624,4104.45
688658.SH,20260417,19336,20.68,399868.0,20.67,0.00429689,0.149901,45000.0
688659.SH,20260417,17752,9.98,177165.0,10.01,0.011095,0.689179,16000.0
688660.SH,20260417,48056,12.62,606467.0,12.63,0.0036042,0.354285,133333.0
688661.SH,20260417,23381,84.34,1971954.0,85.33,0.0153936,0.446763,15188.8
688662.SH,20260417,52580,66.29,3485528.0,64.77,0.0595875,0.878358,8824.0
688663.SH,20260417,54811,62.56,3428976.0,62.26,0.0387426,1.3793,14147.5
688665.SH,20260417,200,47.05,9410.0,47.05,0.000197643,0.0256896,10119.2
688667.SH,20260417,10521,136.75,1438747.0,136.75,0.0199657,0.321839,5269.55
688668.SH,20260417,184380,215.0,39641700.0,207.23,0.13239,2.21495,13927.1
688669.SH,20260417,200,25.96,5192.0,25.9,0.000164835,0.005332,12133.3
688670.SH,20260417,6371,17.8799,113913.0,17.81,0.00517127,0.505288,12320.0
688671.SH,20260417,6952,21.6999,150858.0,21.7,0.0148398,0.692855,4684.71
688676.SH,20260417,38723,86.5,3349540.0,86.58,0.00842199,0.268385,45978.4
688677.SH,20260417,51844,77.06,3995099.0,75.7,0.0432477,0.531336,11987.7
688678.SH,20260417,215886,29.5,6368637.0,29.2,0.0749778,1.16882,28793.3
688679.SH,20260417,47538,55.77,2651194.0,55.14,0.0360985,0.969366,13169.0
688680.SH,20260417,4316,50.9101,219728.0,51.18,0.00442345,0.178019,9757.1
688681.SH,20260417,25384,19.19,487119.0,19.19,0.0242515,1.23337,10467.0
688682.SH,20260417,5965,48.0,286320.0,48.4,0.00585729,0.271172,10183.9
688683.SH,20260417,4431,38.9,172366.0,39.15,0.00285543,0.2373,15517.8
688685.SH,20260417,36644,44.63,1635422.0,45.2,0.0249531,0.79218,14685.2
688686.SH,20260417,15606,106.02,1654548.0,104.31,0.0127672,0.613437,12223.5
688687.SH,20260417,11421,21.31,243382.0,21.45,0.00668112,0.309647,17094.4
688689.SH,20260417,1849,36.5998,67673.0,36.52,0.0014344,0.0622396,12890.4
688690.SH,20260417,100264,30.72,3080110.0,31.03,0.0248292,0.394589,40381.5
688691.SH,20260417,21148,105.96,2240842.0,107.34,0.0289838,0.28696,7296.5
688692.SH,20260417,7720,250.73,1935636.0,247.75,0.0105556,0.555142,7313.67
688693.SH,20260417,57680,93.99,5421343.0,93.98,0.148261,0.751843,3890.44
688695.SH,20260417,5600,24.26,135856.0,24.4,0.0104878,0.547602,5339.55
688696.SH,20260417,1400,94.9,132860.0,94.92,0.00199943,0.170522,7002.0
688697.SH,20260417,418040,15.98,6680279.0,15.22,0.0914082,19.7441,45733.3
688698.SH,20260417,25071,69.5,1742435.0,70.61,0.0117142,0.443603,21402.3
688699.SH,20260417,0,,0.0,46.34,0.0,0.0,11006.5
688700.SH,20260417,63958,58.5,3741543.0,58.36,0.0214335,0.500921,29840.1
688701.SH,20260417,32020,9.55,305791.0,9.55,0.0238462,1.25633,13427.7
688702.SH,20260417,29695,227.46,6754425.0,225.5,0.0146287,0.468134,20299.2
688707.SH,20260417,1790,14.0201,25096.0,14.02,0.00035185,0.0218826,50874.0
688708.SH,20260417,200,52.98,10596.0,53.15,0.000140572,0.0161859,14227.6
688709.SH,20260417,65964,43.8,2889223.0,44.08,0.0297475,0.903907,22174.6
688710.SH,20260417,1374,70.7001,97142.0,71.01,0.00151499,0.0899996,9069.4
688711.SH,20260417,35138,28.26,993000.0,28.01,0.0164895,0.921029,21309.3
688712.SH,20260417,29768,41.8,1244302.0,42.15,0.0802054,0.777137,3711.47
688716.SH,20260417,2706,33.2602,90002.0,33.29,0.00386974,0.16988,6992.72
688717.SH,20260417,4468,105.0,469140.0,105.76,0.00451095,0.0461342,9904.78
688718.SH,20260417,13131,16.0,210096.0,16.03,0.00755722,0.480878,17375.4
688719.SH,20260417,14380,53.58,770480.0,53.86,0.0160272,0.297718,8972.23
688720.SH,20260417,22102,75.07,1659197.0,76.55,0.0391988,0.666035,5638.43
688721.SH,20260417,3821,39.72,151770.0,39.92,0.00714412,0.400385,5348.45
688722.SH,20260417,19396,17.41,337684.0,17.42,0.00865486,0.672856,22410.5
688726.SH,20260417,185901,66.01,12271325.0,66.11,0.0845295,0.714404,21992.4
688727.SH,20260417,1384,50.0701,69297.0,50.32,0.0027546,0.0554032,5024.32
688728.SH,20260417,10649,13.31,141738.0,13.29,0.00042615,0.099626,249889.0
688729.SH,20260417,32734,23.19,759101.0,23.15,0.0152251,0.595391,21500.1
688733.SH,20260417,43084,29.3,1262361.0,29.65,0.0215662,0.6824,19977.5
688737.SH,20260417,2209,26.2001,57876.0,26.24,0.00184754,0.155381,11956.5
688739.SH,20260417,1405,24.79,34830.0,24.79,0.000337375,0.0930737,41645.0
688750.SH,20260417,15172,18.38,278861.0,18.45,0.00651387,0.562438,23291.8
688755.SH,20260417,0,,0.0,38.59,0.0,0.0,1760.0
688757.SH,20260417,0,,0.0,25.8,0.0,0.0,18122.0
688758.SH,20260417,17718,20.74,367471.0,21.0,0.00594198,0.257384,29818.4
688759.SH,20260417,9859,39.61,390515.0,39.61,0.0212195,0.314363,4646.2
688765.SH,20260417,3530,65.8799,232556.0,66.41,0.00861422,0.312252,4097.88
688766.SH,20260417,22442,261.03,5858035.0,265.18,0.0151585,0.38456,14804.9
688767.SH,20260417,600,35.1,21060.0,35.39,0.000401786,0.0300483,14933.3
688768.SH,20260417,2500,46.74,116850.0,46.93,0.00286488,0.197052,8726.35
688772.SH,20260417,120666,16.35,1972889.0,16.42,0.0106578,0.369543,113219.0
688775.SH,20260417,1800,194.98,350964.0,195.18,0.0054878,0.177864,3280.0
688776.SH,20260417,1984,85.5101,169652.0,85.37,0.00183054,0.112961,10838.3
688777.SH,20260417,78560,67.45,5298872.0,67.38,0.00997969,0.489115,78719.9
688778.SH,20260417,26809,76.2,2042846.0,76.66,0.00531196,0.34935,50469.1
688779.SH,20260417,46610,10.86,506185.0,10.92,0.002416,0.147258,192922.0
688781.SH,20260417,15511,37.7,584765.0,37.9,0.0379845,0.233097,4083.51
688783.SH,20260417,46877,22.38,1049107.0,22.53,0.0284763,1.04872,16461.8
688785.SH,20260417,1200,305.38,366456.0,306.88,0.00942828,0.184272,1272.77
688786.SH,20260417,1000,32.91,32910.0,33.05,0.00069541,0.0360702,14380.0
688787.SH,20260417,6638,133.0,882854.0,134.2,0.0110037,0.326939,6032.52
688788.SH,20260417,411,58.0,23838.0,58.13,0.000261993,0.0227648,15687.4
688789.SH,20260417,3300,71.09,234597.0,71.11,0.00183073,0.211474,18025.6
688790.SH,20260417,1305,141.2,184266.0,141.78,0.010823,0.151098,1205.77
688793.SH,20260417,5500,21.41,117755.0,21.56,0.00639941,0.337185,8594.54
688795.SH,20260417,21531,640.06,13781132.0,647.73,0.0732786,0.647789,2938.24
688796.SH,20260417,14852,100.11,1486834.0,100.88,0.0413847,0.562315,3588.76
688798.SH,20260417,11977,67.6,809645.0,67.94,0.00882328,0.468844,13574.3
688799.SH,20260417,16309,57.98,945596.0,58.5,0.0124193,0.265062,13132.0
688800.SH,20260417,23879,96.5,2304324.0,96.69,0.0116101,0.25037,20567.4
688802.SH,20260417,26713,725.0,19366925.0,736.74,0.147269,0.958032,1813.9
688805.SH,20260417,68415,53.28,3645151.0,53.33,0.217061,1.32666,3151.89
688807.SH,20260417,27729,319.51,8859693.0,302.66,0.184422,1.05707,1503.57
688809.SH,20260417,11622,369.98,4299908.0,375.35,0.0477231,0.470059,2435.3
688811.SH,20260417,213603,18.59,3970880.0,18.89,0.231859,0.41784,9212.61
688813.SH,20260417,83138,66.0,5487108.0,65.99,0.276417,0.843868,3007.7
688816.SH,20260417,9226,67.0,618142.0,67.04,0.0478422,0.607412,1928.42
688818.SH,20260417,119410,67.0,8000470.0,67.0,0.0904509,0.50947,13201.6
688819.SH,20260417,10253,35.01,358958.0,35.12,0.00105473,0.177807,97210.0
688981.SH,20260417,144598,103.82,15012164.0,104.18,0.00723148,0.324551,199956.0
689009.SH,20260417,14101,45.7,644416.0,45.81,0.0253771,0.128459,5556.58
000001.SZ,20260417,269100,11.09,2984319.0,11.09,0.00138671,0.523917,1940560.0
000002.SZ,20260417,373120,3.96,1477555.2,3.96,0.00383989,0.3549,971694.0
000004.SZ,20260417,680500,3.82,2599510.0,3.64,0.538849,11.1091,12628.8
000006.SZ,20260417,512900,9.38,4811002.0,9.4,0.037993,1.97427,134998.0
000007.SZ,20260417,2700,13.72,37044.0,13.69,0.000779338,0.0398152,34644.8
000008.SZ,20260417,327700,2.69,881513.0,2.7,0.0120642,0.427406,271630.0
000009.SZ,20260417,42600,8.91,379566.0,8.94,0.00165371,0.183506,257602.0
000010.SZ,20260417,284600,4.12,1172552.0,4.08,0.0327827,0.689417,86814.2
000011.SZ,20260417,8900,8.37,74493.0,8.39,0.00169049,0.223675,52647.6
000012.SZ,20260417,46600,4.54,211564.0,4.54,0.00237838,0.279452,195932.0
000014.SZ,20260417,14600,13.33,194618.0,13.33,0.00603191,0.199057,24204.6
000016.SZ,20260417,420700,3.28,1379896.0,3.29,0.0263498,0.992161,159659.0
000017.SZ,20260417,18800,6.9,129720.0,6.89,0.00426476,0.348213,44082.2
000019.SZ,20260417,104300,7.74,807282.0,7.77,0.0250591,0.355029,41621.6
000020.SZ,20260417,28800,15.75,453600.0,15.9,0.0158971,0.391102,18116.5
000021.SZ,20260417,444100,28.46,12639086.0,28.77,0.0282609,0.607738,157143.0
000025.SZ,20260417,5700,16.26,92682.0,16.29,0.0014512,0.183082,39277.8
000026.SZ,20260417,359500,17.5,6291250.0,17.73,0.0986118,1.53244,36456.1
000027.SZ,20260417,203100,6.69,1358739.0,6.71,0.00426915,0.779261,475739.0
000028.SZ,20260417,35900,26.51,951709.0,26.51,0.00750963,0.579329,47805.3
000029.SZ,20260417,10800,20.2,218160.0,20.16,0.00121122,0.28565,89166.0
000030.SZ,20260417,2083600,5.59,11647324.0,5.2,0.124699,13.4442,167091.0
000031.SZ,20260417,99000,2.9,287100.0,2.9,0.00230968,0.39284,428630.0
000032.SZ,20260417,162900,18.8,3062520.0,19.02,0.0143151,0.663554,113796.0
000034.SZ,20260417,298400,36.61,10924424.0,35.93,0.0492149,1.74341,60632.0
000035.SZ,20260417,146800,6.78,995304.0,6.81,0.00634667,0.285719,231303.0
000036.SZ,20260417,261700,5.06,1324202.0,5.03,0.0186775,0.512613,140115.0
000037.SZ,20260417,153900,10.07,1549773.0,10.06,0.0454105,0.514915,33890.8
000039.SZ,20260417,44700,12.06,539082.0,12.1,0.00194229,0.0920533,230141.0
000042.SZ,20260417,6300,8.91,56133.0,8.91,0.000948608,0.172771,66413.1
000045.SZ,20260417,36100,12.1,436810.0,12.16,0.00789897,0.413809,45702.2
000048.SZ,20260417,68500,15.35,1051475.0,15.39,0.0130139,0.414698,52636.0
000049.SZ,20260417,40000,27.24,1089600.0,27.3,0.0104022,0.278022,38453.5
000050.SZ,20260417,64800,8.27,535896.0,8.29,0.00263659,0.358854,245772.0
000055.SZ,20260417,13900,3.51,48789.0,3.52,0.00205666,0.147473,67585.4
000056.SZ,20260417,525300,1.88,987564.0,1.87,0.058126,1.10452,90372.7
000058.SZ,20260417,7300,8.06,58838.0,8.07,0.000741313,0.159085,98473.9
000059.SZ,20260417,112300,5.3,595190.0,5.28,0.0070212,0.528491,159944.0
000060.SZ,20260417,1977000,6.62,13087740.0,6.55,0.0445158,2.39083,444112.0
000061.SZ,20260417,23700,7.34,173958.0,7.34,0.00132084,0.187401,179431.0
000062.SZ,20260417,1237800,29.5,36515100.0,28.62,0.118461,2.48644,104490.0
000063.SZ,20260417,214500,35.2,7550400.0,35.4,0.00532572,0.23093,402762.0
000065.SZ,20260417,512200,14.37,7360314.0,14.38,0.0525354,0.784442,97496.2
000066.SZ,20260417,3019400,16.2,48914280.0,15.6,0.0936077,3.32032,322559.0
000068.SZ,20260417,5200,3.31,17212.0,3.31,0.000516554,0.0592246,100667.0
000069.SZ,20260417,147400,2.22,327228.0,2.22,0.00213666,0.303087,689860.0
000070.SZ,20260417,3228480,20.74,66958675.2,20.77,0.36329,1.80307,88867.9
000078.SZ,20260417,1304900,3.83,4997767.0,3.91,0.0496832,0.389049,262644.0
000088.SZ,20260417,78200,4.56,356592.0,4.56,0.00247242,0.351712,316289.0
000089.SZ,20260417,69200,6.83,472636.0,6.84,0.00337439,1.14265,205074.0
000090.SZ,20260417,17400,3.65,63510.0,3.65,0.000931248,0.113425,186846.0
000096.SZ,20260417,76500,9.72,743580.0,9.71,0.0149751,1.08839,51084.8
000099.SZ,20260417,140900,18.03,2540427.0,18.17,0.0181626,1.09576,77577.0
000100.SZ,20260417,1332100,4.32,5754672.0,4.33,0.00696269,0.429524,1913200.0
000151.SZ,20260417,76500,11.92,911880.0,11.93,0.0248429,1.59541,30793.5
000153.SZ,20260417,205600,6.75,1387800.0,6.81,0.0448059,0.778171,45886.9
000155.SZ,20260417,1150300,17.0,19555100.0,16.94,0.0623074,1.06208,184617.0
000156.SZ,20260417,38200,7.63,291466.0,7.67,0.00224722,0.390186,169988.0
000157.SZ,20260417,803800,8.16,6559008.0,8.2,0.0113697,0.778549,706967.0
000158.SZ,20260417,80200,17.75,1423550.0,17.83,0.00505066,0.327352,158791.0
000159.SZ,20260417,33100,6.36,210516.0,6.32,0.00688624,0.24522,48066.8
000166.SZ,20260417,234100,4.75,1111975.0,4.75,0.00103881,0.286477,2253550.0
000301.SZ,20260417,716800,11.81,8465408.0,11.54,0.0108472,3.3732,660813.0
000333.SZ,20260417,76800,78.18,6004224.0,77.9,0.00112063,0.321862,685329.0
000338.SZ,20260417,312700,27.13,8483551.0,27.4,0.00624963,0.25521,500349.0
000400.SZ,20260417,222391,26.05,5793285.55,26.04,0.0219819,0.432583,101170.0
000401.SZ,20260417,59300,4.77,282861.0,4.78,0.00225359,0.476938,263135.0
000402.SZ,20260417,662200,2.82,1867404.0,2.84,0.022157,0.483357,298867.0
000403.SZ,20260417,49600,13.0,644800.0,13.06,0.00527261,0.653756,94071.0
000404.SZ,20260417,9700,7.14,69258.0,7.13,0.00140028,0.124231,69272.0
000407.SZ,20260417,93400,4.62,431508.0,4.63,0.0106648,0.557905,87577.5
000408.SZ,20260417,107200,86.4,9262080.0,86.44,0.00682712,0.760539,157021.0
000409.SZ,20260417,85300,11.03,940859.0,11.18,0.0144458,1.13691,59048.3
000410.SZ,20260417,99600,6.7,667320.0,6.72,0.00592534,0.876468,168092.0
000411.SZ,20260417,20900,11.08,231572.0,11.12,0.00370741,0.367759,56373.6
000415.SZ,20260417,244300,4.6,1123780.0,4.59,0.00452998,0.370522,539296.0
000417.SZ,20260417,46100,6.68,307948.0,6.68,0.00591763,0.478353,77902.7
000419.SZ,20260417,14200,5.96,84632.0,5.96,0.0026123,0.147142,54358.3
000420.SZ,20260417,545000,4.99,2719550.0,5.01,0.0221722,0.475352,245803.0
000421.SZ,20260417,55100,6.07,334457.0,6.08,0.00959435,0.440237,57429.6
000422.SZ,20260417,268800,15.91,4276608.0,15.92,0.0254099,0.677677,105786.0
000423.SZ,20260417,35700,55.45,1979565.0,55.63,0.00555339,0.631504,64285.0
000425.SZ,20260417,294000,10.17,2989980.0,10.2,0.00326332,0.283136,900922.0
000426.SZ,20260417,527600,43.63,23019188.0,44.75,0.0297205,0.956002,177521.0
000428.SZ,20260417,58300,3.94,229702.0,3.97,0.00572171,0.332404,101893.0
000429.SZ,20260417,7600,12.85,97660.0,12.85,0.000583122,0.142097,130333.0
000430.SZ,20260417,100600,8.13,817878.0,8.1,0.0271484,0.809766,37055.6
000488.SZ,20260417,152600,2.68,408968.0,2.7,0.0090071,0.955456,169422.0
000498.SZ,20260417,37000,5.95,220150.0,5.95,0.00255287,0.277092,144935.0
000501.SZ,20260417,3600,8.58,30888.0,8.6,0.000468615,0.0749246,76822.1
000503.SZ,20260417,31300,7.71,241323.0,7.74,0.00319637,0.349338,97923.5
000504.SZ,20260417,6400,9.81,62784.0,9.88,0.00194457,0.266437,32912.2
000505.SZ,20260417,19616,6.66,130642.56,6.68,0.00310193,0.165694,63238.0
000506.SZ,20260417,515800,17.1,8820180.0,17.38,0.0555396,1.03921,92870.7
000507.SZ,20260417,41400,5.32,220248.0,5.32,0.004588,0.31715,90235.4
000509.SZ,20260417,102900,3.73,383817.0,3.73,0.00958882,0.381943,107312.0
000510.SZ,20260417,253000,15.0,3795000.0,15.15,0.0417034,0.52821,60666.5
000513.SZ,20260417,8800,34.2,300960.0,34.31,0.00154891,0.165957,56814.0
000514.SZ,20260417,31000,4.8,148800.0,4.8,0.00367398,0.28842,84377.1
000516.SZ,20260417,106800,4.68,499824.0,4.7,0.00484385,0.302561,220486.0
000517.SZ,20260417,163200,1.94,316608.0,1.93,0.00654899,0.551885,249199.0
000518.SZ,20260417,96200,3.14,302068.0,3.13,0.00934402,0.724409,102954.0
000519.SZ,20260417,96200,17.73,1705626.0,17.8,0.00690815,0.352266,139256.0
000520.SZ,20260417,158200,4.2,664440.0,4.21,0.0156311,0.943756,101208.0
000521.SZ,20260417,26500,5.7,151050.0,5.72,0.00302677,0.350749,87552.1
000523.SZ,20260417,100100,3.23,323323.0,3.23,0.0075538,0.472305,132516.0
000524.SZ,20260417,50600,10.75,543950.0,10.8,0.00755261,0.390859,66996.7
000525.SZ,20260417,128200,5.86,751252.0,5.88,0.0115313,0.338425,111176.0
000526.SZ,20260417,8100,32.23,261063.0,32.28,0.00678054,0.372739,11945.9
000528.SZ,20260417,51000,9.66,492660.0,9.66,0.00250746,0.235338,203393.0
000529.SZ,20260417,15600,5.81,90636.0,5.82,0.0027374,0.3179,56988.4
000530.SZ,20260417,57200,6.03,344916.0,6.06,0.00953267,0.375234,60004.1
000531.SZ,20260417,71100,6.67,474237.0,6.68,0.00781537,0.358353,90974.5
000532.SZ,20260417,19900,13.72,273028.0,13.8,0.00579247,0.338412,34355.0
000533.SZ,20260417,938300,15.45,14496735.0,15.69,0.136998,0.836235,68490.2
000534.SZ,20260417,634500,44.37,28152765.0,43.9,0.126908,1.90062,49997.0
000536.SZ,20260417,91000,4.24,385840.0,4.25,0.00329342,0.274737,276308.0
000537.SZ,20260417,143811,10.02,1440986.22,10.07,0.00699566,0.405989,205572.0
000538.SZ,20260417,25200,55.4,1396080.0,55.52,0.00142137,0.384763,177293.0
000539.SZ,20260417,308500,5.55,1712175.0,5.58,0.0120725,0.399586,255539.0
000541.SZ,20260417,2400,5.7,13680.0,5.7,0.000195037,0.053201,123053.0
000543.SZ,20260417,109900,8.1,890190.0,8.13,0.00484811,0.418039,226686.0
000544.SZ,20260417,9300,8.26,76818.0,8.27,0.000954155,0.227658,97468.4
000545.SZ,20260417,906800,3.04,2756672.0,3.04,0.0920233,2.08225,98540.3
000546.SZ,20260417,2879800,6.96,20043408.0,7.08,0.413346,5.58002,69670.5
000547.SZ,20260417,576000,27.12,15621120.0,27.4,0.0362465,0.340229,158912.0
000548.SZ,20260417,19100,5.28,100848.0,5.3,0.003826,0.217789,49921.6
000550.SZ,20260417,81600,18.98,1548768.0,19.13,0.0157388,1.24552,51846.3
000551.SZ,20260417,30600,14.26,436356.0,14.26,0.00631517,0.228345,48454.7
000553.SZ,20260417,19600,6.26,122696.0,6.29,0.000900292,0.199014,217707.0
000554.SZ,20260417,108300,8.0,866400.0,8.0,0.0298632,0.328791,36265.3
000555.SZ,20260417,1962300,15.97,31337931.0,16.3,0.201338,4.20742,97463.2
000557.SZ,20260417,8100,4.67,37827.0,4.68,0.000555587,0.118249,145792.0
000558.SZ,20260417,248700,4.58,1139046.0,4.58,0.0192987,0.939174,128868.0
000559.SZ,20260417,732300,16.28,11921844.0,16.54,0.0220948,0.620876,331435.0
000560.SZ,20260417,322800,2.98,961944.0,2.96,0.0143089,0.322337,225594.0
000561.SZ,20260417,16100,9.89,159229.0,9.97,0.00207408,0.136498,77624.7
000563.SZ,20260417,231000,3.39,783090.0,3.39,0.00451704,0.604342,511397.0
000564.SZ,20260417,1379900,1.88,2594212.0,1.88,0.00914151,0.85292,1509490.0
000565.SZ,20260417,12900,7.27,93783.0,7.27,0.00297515,0.191539,43359.2
000566.SZ,20260417,234100,5.55,1299255.0,5.54,0.018053,0.680223,129674.0
000567.SZ,20260417,28600,5.33,152438.0,5.35,0.00146674,0.152126,194990.0
000568.SZ,20260417,422600,101.0,42682600.0,103.05,0.0287238,6.03766,147126.0
000570.SZ,20260417,3531700,6.76,23874292.0,6.74,0.635549,10.2916,55569.2
000571.SZ,20260417,912101,5.89,5372274.89,5.69,0.112053,4.54446,81399.2
000572.SZ,20260417,72900,5.81,423549.0,5.83,0.00443902,0.184285,164225.0
000573.SZ,20260417,295900,4.97,1470623.0,4.96,0.0467483,0.639018,63296.5
000576.SZ,20260417,31900,9.65,307835.0,9.69,0.00735336,0.367653,43381.5
000581.SZ,20260417,755500,19.7,14883350.0,20.81,0.0951671,8.47836,79386.7
000582.SZ,20260417,99600,10.73,1068708.0,10.73,0.00461785,0.345527,215685.0
000586.SZ,20260417,710000,21.06,14952600.0,21.15,0.371358,1.29999,19119.0
000589.SZ,20260417,59800,4.63,276874.0,4.62,0.003871,0.350797,154482.0
000590.SZ,20260417,54300,11.58,628794.0,11.59,0.0226856,1.24199,23935.9
000591.SZ,20260417,555500,5.3,2944150.0,5.33,0.0141547,0.797777,392450.0
000592.SZ,20260417,636600,11.08,7053528.0,11.11,0.0332412,0.206688,191509.0
000593.SZ,20260417,696200,18.88,13144256.0,18.33,0.194207,2.70368,35848.3
000595.SZ,20260417,295000,6.65,1961750.0,6.58,0.0259077,2.42992,113866.0
000596.SZ,20260417,21600,105.46,2277936.0,106.8,0.00528634,0.895538,40860.0
000597.SZ,20260417,151000,5.45,822950.0,5.46,0.0107155,0.649428,140917.0
000598.SZ,20260417,43000,6.66,286380.0,6.66,0.00144333,0.20891,297923.0
000599.SZ,20260417,11100,5.43,60273.0,5.44,0.00135905,0.0718671,81674.5
000600.SZ,20260417,50900,9.3,473370.0,9.3,0.00466951,0.241616,109005.0
000601.SZ,20260417,265000,6.63,1756950.0,6.64,0.0252495,0.331265,104953.0
000603.SZ,20260417,228400,40.71,9298164.0,41.17,0.0342574,1.30895,66671.6
000605.SZ,20260417,12600,6.82,85932.0,6.83,0.00357286,0.247838,35265.9
000607.SZ,20260417,32500,4.07,132275.0,4.09,0.00367218,0.286753,88503.3
000608.SZ,20260417,100200,4.04,404808.0,4.04,0.013442,0.622914,74542.8
000609.SZ,20260417,1763800,10.01,17655638.0,9.77,0.605995,18.6687,29105.8
000610.SZ,20260417,480100,9.5,4560950.0,9.65,0.20386,2.59562,23550.4
000612.SZ,20260417,415100,13.62,5653662.0,13.73,0.034818,0.554864,119220.0
000615.SZ,20260417,48100,3.41,164021.0,3.41,0.00519822,0.526304,92531.6
000617.SZ,20260417,988300,9.73,9616159.0,9.73,0.00781754,0.353972,1264210.0
000619.SZ,20260417,142000,5.85,830700.0,5.88,0.0394444,1.80172,36000.0
000620.SZ,20260417,1036200,2.88,2984256.0,2.89,0.0221801,0.489139,467175.0
000623.SZ,20260417,45800,18.35,840430.0,18.39,0.00384543,0.454129,119102.0
000625.SZ,20260417,767600,10.12,7768112.0,10.15,0.00928498,1.26375,826711.0
000626.SZ,20260417,218200,8.46,1845972.0,8.45,0.043318,0.965322,50371.7
000628.SZ,20260417,46000,58.45,2688700.0,58.46,0.0239286,0.399465,19223.9
000629.SZ,20260417,658100,3.43,2257283.0,3.44,0.00708371,0.700303,929033.0
000630.SZ,20260417,4202300,6.31,26516513.0,6.32,0.0377124,1.63239,1114300.0
000631.SZ,20260417,155000,3.27,506850.0,3.26,0.00673913,0.557266,230000.0
000632.SZ,20260417,75700,4.51,341407.0,4.52,0.0162627,0.279106,46548.2
000633.SZ,20260417,99000,6.8,673200.0,6.81,0.0257074,1.3438,38510.4
000635.SZ,20260417,100,8.18,818.0,8.19,2.72613e-05,0.00164781,36682.0
000636.SZ,20260417,297200,22.0,6538400.0,22.22,0.0256868,0.43762,115701.0
000637.SZ,20260417,54000,4.44,239760.0,4.42,0.0148114,0.619757,36458.5
000639.SZ,20260417,466800,2.23,1040964.0,2.22,0.0432452,0.732791,107943.0
000650.SZ,20260417,39800,5.87,233626.0,5.89,0.00298937,0.255409,133139.0
000651.SZ,20260417,114300,37.25,4257675.0,37.32,0.00207247,0.571973,551516.0
000652.SZ,20260417,319100,4.1,1308310.0,4.13,0.0216418,2.35577,147446.0
000655.SZ,20260417,112000,8.55,957600.0,8.6,0.0188128,0.864938,59534.0
000656.SZ,20260417,1191900,1.43,1704417.0,1.43,0.015662,1.20375,761015.0
000657.SZ,20260417,3654000,53.5,195489000.0,51.9,0.251493,3.77628,145293.0
000659.SZ,20260417,37800,4.2,158760.0,4.19,0.00294003,0.0736431,128570.0
000661.SZ,20260417,17800,87.27,1553406.0,87.3,0.00445429,0.424928,39961.5
000663.SZ,20260417,63900,6.41,409599.0,6.41,0.0208618,0.873667,30630.1
000665.SZ,20260417,78900,4.79,377931.0,4.82,0.00693858,0.613452,113712.0
000668.SZ,20260417,211400,15.47,3270358.0,15.08,0.143964,7.82547,14684.2
000669.SZ,20260417,289600,4.4,1274240.0,4.4,0.0425626,1.10905,68040.9
000670.SZ,20260417,278800,8.12,2263856.0,8.12,0.0339229,0.347853,82186.3
000672.SZ,20260417,115900,13.36,1548424.0,13.49,0.0119559,1.20267,96939.5
000676.SZ,20260417,36200,7.7,278740.0,7.74,0.00287523,0.253013,125903.0
000677.SZ,20260417,60900,4.4,267960.0,4.43,0.00704879,0.14328,86397.8
000678.SZ,20260417,142600,12.52,1785352.0,12.62,0.0310262,0.667523,45961.2
000679.SZ,20260417,20700,6.89,142623.0,6.9,0.00580808,0.308974,35640.0
000680.SZ,20260417,35000,11.75,411250.0,11.8,0.00266225,0.141533,131468.0
000681.SZ,20260417,81400,20.73,1687422.0,20.85,0.012039,0.431055,67613.5
000682.SZ,20260417,100800,13.07,1317456.0,13.07,0.00751926,0.291051,134056.0
000683.SZ,20260417,51900,8.65,448935.0,8.66,0.00154971,0.150668,334901.0
000685.SZ,20260417,20900,11.12,232408.0,11.17,0.00166672,0.201392,125396.0
000686.SZ,20260417,104800,8.33,872984.0,8.35,0.00447777,0.521129,234045.0
000688.SZ,20260417,171538,47.0,8062286.0,46.73,0.014475,0.641002,118506.0
000690.SZ,20260417,202800,4.71,955188.0,4.72,0.0093264,0.326845,217447.0
000691.SZ,20260417,40200,8.1,325620.0,8.12,0.0124354,0.723653,32327.0
000692.SZ,20260417,58500,4.27,249795.0,4.26,0.010979,0.406613,53283.3
000695.SZ,20260417,61300,14.73,902949.0,14.81,0.0276361,0.310705,22181.1
000697.SZ,20260417,7300,10.05,73365.0,10.06,0.00111773,0.11208,65310.7
000698.SZ,20260417,11900,3.89,46291.0,3.89,0.00151455,0.200049,78571.4
000700.SZ,20260417,249200,11.85,2953020.0,11.94,0.0271455,0.714637,91801.5
000701.SZ,20260417,12500,5.85,73125.0,5.87,0.00187197,0.132671,66774.7
000702.SZ,20260417,159800,6.72,1073856.0,6.75,0.0599322,1.04623,26663.5
000703.SZ,20260417,448500,15.88,7122180.0,15.97,0.0117967,0.519502,380191.0
000705.SZ,20260417,7400,8.94,66156.0,8.96,0.00262448,0.10087,28196.1
000707.SZ,20260417,18800,5.86,110168.0,5.88,0.00341381,0.16574,55070.4
000708.SZ,20260417,10100,16.81,169781.0,16.84,0.000200113,0.096909,504714.0
000709.SZ,20260417,186400,2.33,434312.0,2.33,0.00180351,0.235983,1033540.0
000710.SZ,20260417,8200,10.32,84624.0,10.32,0.00248839,0.13807,32953.0
000711.SZ,20260417,4253700,4.01,17057337.0,3.9,0.178601,2.97493,238168.0
000712.SZ,20260417,30500,10.52,320860.0,10.55,0.00340503,0.225079,89573.4
000713.SZ,20260417,36200,6.59,238558.0,6.63,0.00589562,0.429169,61401.5
000715.SZ,20260417,6200,5.76,35712.0,5.77,0.00127564,0.09429,48603.1
000716.SZ,20260417,21600,5.15,111240.0,5.17,0.00292372,0.260287,73878.4
000717.SZ,20260417,57100,2.46,140466.0,2.46,0.00235604,0.337956,242356.0
000718.SZ,20260417,436800,2.15,939120.0,2.14,0.0191403,1.28711,228209.0
000719.SZ,20260417,328200,13.67,4486494.0,13.93,0.0491945,3.56271,66714.8
000720.SZ,20260417,856100,4.96,4246256.0,4.99,0.068132,0.465967,125653.0
000721.SZ,20260417,172800,8.18,1413504.0,8.27,0.0337263,1.22689,51236.0
000722.SZ,20260417,185700,13.2,2451240.0,13.23,0.0400079,0.670322,46415.8
000723.SZ,20260417,351200,4.59,1612008.0,4.58,0.00799089,0.516078,439501.0
000725.SZ,20260417,2879647,4.01,11547384.47,4.03,0.00792382,0.63711,3634170.0
000726.SZ,20260417,122600,6.95,852070.0,6.97,0.0208031,1.53045,58933.6
000727.SZ,20260417,719200,2.73,1963416.0,2.73,0.0158779,0.622933,452957.0
000728.SZ,20260417,75000,7.85,588750.0,7.85,0.00171869,0.341035,436378.0
000729.SZ,20260417,232400,12.93,3004932.0,12.98,0.00926042,0.412294,250961.0
000731.SZ,20260417,40300,7.07,284921.0,7.07,0.00734295,0.210962,54882.6
000733.SZ,20260417,53700,46.75,2510475.0,46.97,0.00969148,0.68085,55409.5
000735.SZ,20260417,53600,6.93,371448.0,6.94,0.00465723,0.23365,115090.0
000736.SZ,20260417,88700,5.27,467449.0,5.28,0.0118726,0.959088,74709.8
000737.SZ,20260417,333600,13.9,4637040.0,14.04,0.0175161,0.874058,190454.0
000738.SZ,20260417,83000,21.73,1803590.0,21.75,0.0063109,0.323459,131518.0
000739.SZ,20260417,15200,18.0,273600.0,18.06,0.0013126,0.214251,115801.0
000750.SZ,20260417,139800,3.88,542424.0,3.89,0.00241192,0.298796,579620.0
000751.SZ,20260417,1480540,5.63,8335440.2,5.48,0.105013,3.61017,140987.0
000752.SZ,20260417,28000,9.53,266840.0,9.53,0.0106158,0.357849,26375.8
000753.SZ,20260417,88100,6.65,585865.0,6.64,0.0088857,0.270372,99148.1
000755.SZ,20260417,23800,5.14,122332.0,5.15,0.00162202,0.558743,146731.0
000756.SZ,20260417,17300,14.67,253791.0,14.76,0.00346763,0.298525,49889.9
000757.SZ,20260417,63200,4.76,300832.0,4.77,0.0118637,0.581831,53271.6
000758.SZ,20260417,133500,6.83,911805.0,6.86,0.0067555,0.41421,197617.0
000759.SZ,20260417,54700,5.57,304679.0,5.56,0.00834215,0.439304,65570.6
000761.SZ,20260417,55400,3.05,168970.0,3.06,0.00149397,0.354381,370824.0
000762.SZ,20260417,1084621,37.85,41052904.85,37.11,0.20826,1.58275,52080.1
000766.SZ,20260417,139700,22.71,3172587.0,22.93,0.0144616,0.629605,96600.8
000767.SZ,20260417,602800,3.83,2308724.0,3.83,0.0206988,0.396968,291225.0
000768.SZ,20260417,90900,24.67,2242503.0,24.72,0.00327375,0.375776,277663.0
000776.SZ,20260417,171400,19.84,3400576.0,19.88,0.00290309,0.212422,590405.0
000777.SZ,20260417,11900,22.68,269892.0,22.67,0.00310372,0.172795,38341.1
000778.SZ,20260417,266100,4.49,1194789.0,4.47,0.00683443,0.434218,389352.0
000779.SZ,20260417,37700,8.95,337415.0,8.96,0.00811146,0.564243,46477.5
000782.SZ,20260417,1162000,5.86,6809320.0,5.81,0.220018,8.32261,52814.0
000783.SZ,20260417,200300,7.33,1468199.0,7.36,0.00362201,0.362536,553007.0
000785.SZ,20260417,1363000,2.63,3584690.0,2.63,0.0231111,1.73315,589759.0
000786.SZ,20260417,27700,25.68,711336.0,25.57,0.00163953,0.167954,168951.0
000788.SZ,20260417,2019900,6.64,13412136.0,6.66,0.338917,2.12731,59598.7
000789.SZ,20260417,19000,5.13,97470.0,5.13,0.00238272,0.30528,79740.8
000790.SZ,20260417,256100,4.18,1070498.0,4.17,0.041133,1.00877,62261.5
000791.SZ,20260417,309500,8.08,2500760.0,8.13,0.0159897,0.410802,193562.0
000792.SZ,20260417,963520,38.8,37384576.0,38.51,0.0182087,0.907247,529153.0
000793.SZ,20260417,638300,2.88,1838304.0,2.88,0.0325496,0.917485,196101.0
000795.SZ,20260417,60600,9.27,561762.0,9.33,0.00534541,0.248709,113368.0
000796.SZ,20260417,265500,5.5,1460250.0,5.52,0.0199509,0.488977,133077.0
000797.SZ,20260417,140800,2.8,394240.0,2.8,0.00896488,0.528051,157057.0
000798.SZ,20260417,41800,10.37,433466.0,10.38,0.0114259,0.518564,36583.6
000799.SZ,20260417,91800,43.09,3955662.0,43.89,0.0282548,1.76186,32490.0
000800.SZ,20260417,45400,7.06,320524.0,7.11,0.000922607,0.173457,492084.0
000801.SZ,20260417,56100,14.02,786522.0,14.08,0.00552183,0.48474,101597.0
000802.SZ,20260417,170000,3.93,668100.0,3.95,0.0237608,1.89989,71546.5
000803.SZ,20260417,11600,8.28,96048.0,8.29,0.0025229,0.0803006,45978.8
000807.SZ,20260417,345100,35.85,12371835.0,36.42,0.00995121,0.67916,346792.0
000809.SZ,20260417,100900,3.53,356177.0,3.52,0.0122334,0.699132,82479.1
000810.SZ,20260417,24700,11.86,292942.0,11.93,0.00222401,0.164081,111061.0
000811.SZ,20260417,83300,19.06,1587698.0,19.26,0.00851394,0.311712,97839.6
000812.SZ,20260417,87000,3.98,346260.0,4.0,0.0115127,0.727636,75569.0
000813.SZ,20260417,48400,3.43,166012.0,3.44,0.00230832,0.17598,209676.0
000815.SZ,20260417,4573600,23.0,105192800.0,22.21,0.657823,3.72384,69526.3
000816.SZ,20260417,127000,3.24,411480.0,3.25,0.00882245,0.510216,143951.0
000818.SZ,20260417,203400,14.91,3032694.0,15.0,0.0309019,0.382096,65821.1
000819.SZ,20260417,1600,14.83,23728.0,14.79,0.000437718,0.0425513,36553.2
000820.SZ,20260417,6000,3.47,20820.0,3.46,0.00202043,0.108936,29696.7
000821.SZ,20260417,248000,11.4,2827200.0,11.4,0.0410154,1.75246,60465.1
000822.SZ,20260417,210100,5.78,1214378.0,5.78,0.0234724,0.594271,89509.2
000823.SZ,20260417,63400,15.86,1005524.0,15.86,0.0118068,0.20235,53697.9
000825.SZ,20260417,289000,4.49,1297610.0,4.47,0.00507352,0.973781,569625.0
000826.SZ,20260417,132840,1.95,259038.0,1.96,0.00932097,0.313352,142517.0
000828.SZ,20260417,50800,10.08,512064.0,10.07,0.00488689,0.982087,103952.0
000829.SZ,20260417,237200,10.79,2559388.0,10.8,0.0231611,0.979565,102413.0
000830.SZ,20260417,74600,16.18,1207028.0,16.18,0.00391772,0.262491,190417.0
000831.SZ,20260417,207300,51.36,10646928.0,51.69,0.0195341,0.709686,106122.0
000833.SZ,20260417,281200,24.5,6889400.0,24.45,0.061979,0.63743,45370.2
000837.SZ,20260417,42900,10.87,466323.0,10.91,0.00425847,0.418276,100740.0
000838.SZ,20260417,959300,1.85,1774705.0,1.85,0.0910354,1.77157,105377.0
000839.SZ,20260417,216900,3.2,694080.0,3.22,0.00553341,0.310113,391983.0
000848.SZ,20260417,13700,8.16,111792.0,8.18,0.0013549,0.0966896,101114.0
000850.SZ,20260417,16100,4.95,79695.0,4.97,0.0017066,0.231122,94339.7
000852.SZ,20260417,31400,6.83,214462.0,6.87,0.00331968,0.244573,94587.3
000856.SZ,20260417,37000,10.94,404780.0,10.94,0.0162996,0.341443,22700.0
000858.SZ,20260417,411407,101.5,41757810.5,103.44,0.0105993,3.59852,388144.0
000859.SZ,20260417,159900,9.61,1536639.0,9.61,0.0178475,0.598652,89592.5
000860.SZ,20260417,62500,12.99,811875.0,13.01,0.00842583,1.2501,74176.7
000862.SZ,20260417,169200,6.29,1064268.0,6.3,0.0269441,0.427202,62796.7
000863.SZ,20260417,75000,5.21,390750.0,5.21,0.00644543,0.291365,116362.0
000868.SZ,20260417,26900,4.42,118898.0,4.42,0.00366821,0.322251,73332.9
000869.SZ,20260417,6100,19.12,116632.0,19.15,0.00134035,0.675435,45510.4
000875.SZ,20260417,98700,6.68,659316.0,6.67,0.00295296,0.196433,334240.0
000876.SZ,20260417,296300,8.88,2631144.0,8.91,0.00658444,0.570398,450000.0
000877.SZ,20260417,45500,4.78,217490.0,4.79,0.0006399,0.405817,711049.0
000878.SZ,20260417,346300,19.43,6728609.0,19.6,0.0172837,0.68849,200362.0
000880.SZ,20260417,45000,28.11,1264950.0,28.29,0.0198214,0.343694,22702.7
000881.SZ,20260417,14600,7.56,110376.0,7.56,0.00161552,0.188294,90373.2
000882.SZ,20260417,308600,1.65,509190.0,1.65,0.0112812,0.466694,273551.0
000883.SZ,20260417,32500,4.66,151450.0,4.66,0.000501575,0.130801,647959.0
000885.SZ,20260417,71400,13.62,972468.0,13.6,0.0111201,1.33855,64207.8
000886.SZ,20260417,58800,5.73,336924.0,5.74,0.00601327,0.55965,97783.7
000887.SZ,20260417,47200,18.73,884056.0,18.83,0.00359107,0.313482,131437.0
000888.SZ,20260417,79700,12.64,1007408.0,12.7,0.0151258,0.537949,52691.3
000889.SZ,20260417,6418400,4.85,31129240.0,5.0,0.737875,2.7219,86985.0
000890.SZ,20260417,626300,12.32,7716016.0,12.39,0.1493,0.779193,41949.1
000892.SZ,20260417,1103100,6.35,7004685.0,6.44,0.155183,2.87666,71083.6
000893.SZ,20260417,39500,56.28,2223060.0,56.4,0.00486567,0.18873,81181.0
000895.SZ,20260417,42300,28.61,1210203.0,28.71,0.00122106,0.371408,346421.0
000897.SZ,20260417,336200,2.13,716106.0,2.13,0.0207885,0.993201,161724.0
000898.SZ,20260417,176000,2.33,410080.0,2.34,0.00221176,0.516393,795748.0
000899.SZ,20260417,83900,13.18,1105802.0,13.22,0.00859915,0.424025,97567.8
000900.SZ,20260417,137300,4.11,564303.0,4.11,0.00904636,1.47822,151774.0
000901.SZ,20260417,50700,22.83,1157481.0,22.9,0.00635184,0.206058,79819.3
000902.SZ,20260417,13400,15.38,206092.0,15.42,0.00117258,0.101229,114278.0
000903.SZ,20260417,55100,2.55,140505.0,2.55,0.0028694,0.270099,192026.0
000905.SZ,20260417,205700,10.94,2250358.0,11.03,0.0277296,0.991143,74180.8
000906.SZ,20260417,17100,5.74,98154.0,5.73,0.00243854,0.330225,70124.0
000908.SZ,20260417,148200,7.1,1052220.0,7.13,0.0168452,0.832424,87977.4
000909.SZ,20260417,25800,6.7,172860.0,6.66,0.00589431,0.3002,43771.1
000910.SZ,20260417,12300,7.04,86592.0,7.04,0.00224789,0.402077,54718.1
000911.SZ,20260417,65900,5.85,385515.0,5.86,0.0164618,0.616347,40032.0
000912.SZ,20260417,260300,4.92,1280676.0,4.94,0.0166008,0.444129,156800.0
000913.SZ,20260417,36800,15.29,562672.0,15.24,0.00707553,0.606135,52010.3
000915.SZ,20260417,5200,31.6,164320.0,31.61,0.00222052,0.173035,23418.0
000917.SZ,20260417,157200,9.83,1545276.0,9.89,0.0110903,0.44106,141746.0
000919.SZ,20260417,3603400,8.23,29655982.0,8.3,0.579542,3.27698,62176.7
000920.SZ,20260417,4000,11.78,47120.0,11.81,0.000846384,0.0773491,47259.9
000921.SZ,20260417,13200,22.82,301224.0,22.87,0.0014377,0.165165,91813.3
000922.SZ,20260417,67400,14.31,964494.0,14.21,0.011474,0.803322,58741.3
000923.SZ,20260417,19900,19.13,380687.0,19.22,0.00316929,0.19455,62790.1
000925.SZ,20260417,27900,7.34,204786.0,7.35,0.00414411,0.243955,67324.4
000926.SZ,20260417,185700,2.06,382542.0,2.05,0.0118039,0.628903,157321.0
000927.SZ,20260417,684500,2.98,2039810.0,2.99,0.0113134,0.390413,605035.0
000928.SZ,20260417,269600,7.01,1889896.0,7.02,0.0187923,0.407504,143463.0
000929.SZ,20260417,21800,10.22,222796.0,10.16,0.0117359,0.291838,18575.4
000930.SZ,20260417,96200,6.55,630110.0,6.55,0.00518222,0.298574,185635.0
000931.SZ,20260417,34000,5.38,182920.0,5.38,0.00452712,0.214849,75103.0
000932.SZ,20260417,214100,5.09,1089769.0,5.1,0.00312436,0.318413,685261.0
000933.SZ,20260417,778900,34.54,26903206.0,35.41,0.0346575,1.61053,224742.0
000935.SZ,20260417,29300,27.21,797253.0,27.3,0.00383789,0.593465,76344.0
000936.SZ,20260417,38900,7.57,294473.0,7.58,0.00439108,0.29071,88588.7
000937.SZ,20260417,23900,5.55,132645.0,5.55,0.000696104,0.158589,343340.0
000938.SZ,20260417,594401,27.93,16601619.93,28.09,0.0207827,0.379807,286007.0
000948.SZ,20260417,13200,15.56,205392.0,15.58,0.0033922,0.387542,38912.8
000949.SZ,20260417,661700,7.35,4863495.0,7.43,0.039947,0.99623,165644.0
000950.SZ,20260417,435000,6.05,2631750.0,6.1,0.0251709,0.403631,172818.0
000951.SZ,20260417,166000,24.04,3990640.0,24.53,0.0141292,0.533673,117487.0
000952.SZ,20260417,48800,6.98,340624.0,7.0,0.0141863,0.678812,34399.4
000953.SZ,20260417,18100,6.68,120908.0,6.68,0.0049437,0.306331,36612.2
000955.SZ,20260417,263200,5.1,1342320.0,5.05,0.0489118,2.62487,53811.1
000957.SZ,20260417,100900,12.18,1228962.0,12.31,0.0170179,0.299953,59290.4
000958.SZ,20260417,97900,6.04,591316.0,6.04,0.00181855,0.498845,538340.0
000959.SZ,20260417,366600,4.81,1763346.0,4.83,0.00491974,0.379137,745161.0
000960.SZ,20260417,356700,35.11,12523737.0,35.41,0.0216782,0.693162,164543.0
000962.SZ,20260417,62700,45.83,2873541.0,46.29,0.0124985,0.326506,50165.9
000963.SZ,20260417,38000,35.13,1334940.0,35.29,0.0021677,0.322074,175301.0
000965.SZ,20260417,112200,3.66,410652.0,3.64,0.0101096,0.543127,110983.0
000966.SZ,20260417,180200,4.33,780266.0,4.34,0.00552503,0.367435,326152.0
000967.SZ,20260417,10050704,14.01,140810363.04,13.07,0.317515,4.53801,316542.0
000968.SZ,20260417,692000,9.37,6484040.0,9.29,0.0715244,0.75304,96750.3
000969.SZ,20260417,97600,21.2,2069120.0,21.19,0.00944139,0.548247,103375.0
000970.SZ,20260417,52700,12.15,640305.0,12.19,0.00433486,0.266678,121573.0
000972.SZ,20260417,1406500,3.99,5611935.0,3.93,0.182358,12.3399,77128.4
000973.SZ,20260417,643800,17.27,11118426.0,17.29,0.0665479,0.695462,96742.3
000975.SZ,20260417,216000,29.77,6430320.0,30.14,0.00854622,0.834196,252743.0
000977.SZ,20260417,487400,68.98,33620852.0,68.28,0.0332281,0.538864,146683.0
000978.SZ,20260417,1044700,8.2,8566540.0,8.5,0.223169,1.50132,46812.0
000980.SZ,20260417,966900,2.08,2011152.0,2.08,0.0192174,0.871498,503139.0
000981.SZ,20260417,1126100,4.06,4571966.0,4.08,0.011837,0.454934,951336.0
000983.SZ,20260417,363200,6.45,2342640.0,6.44,0.00639767,0.939632,567707.0
000985.SZ,20260417,23600,18.96,447456.0,18.85,0.0182043,1.65889,12964.0
000987.SZ,20260417,242200,8.86,2145892.0,8.92,0.00483111,0.364025,501334.0
000988.SZ,20260417,620600,113.0,70127800.0,112.32,0.0617521,0.545877,100499.0
000989.SZ,20260417,95000,9.67,918650.0,9.74,0.0136857,0.447174,69415.4
000990.SZ,20260417,275600,10.54,2904824.0,10.58,0.0226787,0.370332,121524.0
000993.SZ,20260417,111800,12.15,1358370.0,12.22,0.0254237,0.398764,43974.8
000995.SZ,20260417,175000,13.8,2415000.0,13.97,0.0986427,1.30777,17740.8
000997.SZ,20260417,527800,20.67,10909626.0,20.22,0.0523902,2.57283,100744.0
000998.SZ,20260417,52000,10.05,522600.0,10.09,0.00395422,0.24245,131505.0
000999.SZ,20260417,72900,27.71,2020059.0,27.8,0.00438445,0.46516,166269.0
001201.SZ,20260417,52700,13.4,706180.0,13.5,0.0259434,0.625129,20313.5
001202.SZ,20260417,5600,17.09,95704.0,17.11,0.00479354,0.439856,11682.4
001203.SZ,20260417,793800,48.66,38626308.0,46.39,0.0607822,2.56855,130597.0
001205.SZ,20260417,56500,14.69,829985.0,14.5,0.0339371,2.71209,16648.4
001206.SZ,20260417,132100,21.32,2816372.0,21.64,0.123615,3.80468,10686.4
001207.SZ,20260417,32500,20.02,650650.0,20.1,0.0111065,0.464757,29262.2
001208.SZ,20260417,845000,21.84,18454800.0,22.2,0.321036,2.32521,26321.0
001209.SZ,20260417,2300,20.68,47564.0,20.68,0.00239347,0.124854,9609.46
001210.SZ,20260417,15000,21.6,324000.0,21.59,0.0157399,0.642445,9529.9
001211.SZ,20260417,44900,31.98,1435902.0,31.76,0.0670184,0.606809,6699.66
001212.SZ,20260417,60900,47.8,2911020.0,48.5,0.0350305,1.27571,17384.9
001213.SZ,20260417,24200,4.03,97526.0,4.04,0.0005445,0.172478,444444.0
001215.SZ,20260417,5500,39.0,214500.0,38.75,0.00568282,0.220803,9678.29
001216.SZ,20260417,20400,19.0,387600.0,19.02,0.00830777,0.51038,24555.3
001217.SZ,20260417,15300,11.61,177633.0,11.62,0.00465636,0.335284,32858.3
001218.SZ,20260417,7000,25.42,177940.0,25.5,0.0075344,0.530776,9290.72
001219.SZ,20260417,26400,14.75,389400.0,14.9,0.0138858,0.939262,19012.2
001220.SZ,20260417,11800,43.68,515424.0,43.67,0.0521924,0.46511,2260.86
001221.SZ,20260417,5000,63.22,316100.0,63.39,0.0138854,0.350026,3600.9
001222.SZ,20260417,13900,20.05,278695.0,20.14,0.0129411,0.887759,10741.0
001223.SZ,20260417,19900,55.66,1107634.0,55.66,0.0213172,1.41657,9335.2
001225.SZ,20260417,3400,50.23,170782.0,50.13,0.0161606,0.324808,2103.88
001226.SZ,20260417,600,45.5,27300.0,45.5,0.00176852,0.0587153,3392.67
001227.SZ,20260417,248500,2.24,556640.0,2.24,0.00589212,0.685842,421750.0
001228.SZ,20260417,1800,33.53,60354.0,33.53,0.00225381,0.0692046,7986.46
001229.SZ,20260417,1000,36.89,36890.0,36.9,0.00189827,0.0528774,5267.94
001230.SZ,20260417,122200,28.02,3424044.0,27.72,0.155557,4.55525,7855.63
001231.SZ,20260417,14900,24.48,364752.0,24.53,0.0293068,0.317078,5084.15
001233.SZ,20260417,5700,69.37,395409.0,69.39,0.0161081,0.256502,3538.59
001234.SZ,20260417,42200,28.49,1202278.0,28.35,0.0461275,1.28526,9148.55
001236.SZ,20260417,23600,9.36,220896.0,9.4,0.00311314,0.264325,75807.8
001238.SZ,20260417,1500,47.01,70515.0,47.33,0.00144694,0.254317,10366.7
001239.SZ,20260417,4300,15.49,66607.0,15.5,0.00377193,0.11911,11400.0
001255.SZ,20260417,24400,38.0,927200.0,37.48,0.0343391,2.15559,7105.6
001256.SZ,20260417,14800,24.68,365264.0,24.42,0.0138431,0.441704,10691.3
001257.SZ,20260417,217300,23.25,5052225.0,23.43,0.158673,0.599502,13694.8
001258.SZ,20260417,138800,8.86,1229768.0,8.89,0.0148716,0.419008,93332.4
001259.SZ,20260417,2800,31.46,88088.0,31.59,0.00588922,0.314042,4754.45
001260.SZ,20260417,1700,21.15,35955.0,21.16,0.00147826,0.143999,11500.0
001266.SZ,20260417,500,33.06,16530.0,33.2,0.000860861,0.0341677,5808.14
001267.SZ,20260417,277600,42.63,11834088.0,41.54,0.0458356,0.532312,60564.3
001268.SZ,20260417,118400,31.9,3776960.0,31.34,0.188136,8.57938,6293.33
001269.SZ,20260417,11700,22.54,263718.0,22.61,0.0060807,0.20606,19241.2
001270.SZ,20260417,539500,140.88,76004760.0,141.04,0.265111,8.00156,20350.0
001277.SZ,20260417,3200,35.4,113280.0,35.36,0.00702533,0.465793,4554.95
001278.SZ,20260417,5900,21.56,127204.0,21.49,0.00691588,0.309028,8531.09
001279.SZ,20260417,2400,31.3,75120.0,31.3,0.006,0.447808,4000.0
001280.SZ,20260417,44900,83.0,3726700.0,83.17,0.028402,0.469961,15808.7
001282.SZ,20260417,17300,21.5,371950.0,21.7,0.0221327,0.238553,7816.48
001283.SZ,20260417,41700,70.6,2944020.0,70.86,0.0522958,0.586536,7973.87
001285.SZ,20260417,6800,53.43,363324.0,53.43,0.0163868,0.426559,4149.68
001286.SZ,20260417,34300,11.33,388619.0,11.34,0.00254074,0.170817,135000.0
001287.SZ,20260417,72100,27.47,1980587.0,27.59,0.00948809,0.18943,75990.0
001288.SZ,20260417,11500,27.67,318205.0,27.58,0.00756997,0.182625,15191.6
001289.SZ,20260417,19200,15.46,296832.0,15.48,0.000380806,0.217451,504193.0
001296.SZ,20260417,1300,25.25,32825.0,25.31,0.00169158,0.0651302,7685.13
001298.SZ,20260417,134200,21.18,2842356.0,20.97,0.056227,2.53099,23867.5
001299.SZ,20260417,821400,14.88,12222432.0,15.38,0.376099,3.21907,21840.0
001300.SZ,20260417,75500,17.44,1316720.0,17.65,0.0309711,1.2796,24377.6
001301.SZ,20260417,12400,74.74,926776.0,74.73,0.00666477,0.1772,18605.3
001306.SZ,20260417,800,67.0,53600.0,67.16,0.00516137,0.119278,1549.98
001308.SZ,20260417,100,20.74,2074.0,20.75,2.01342e-05,0.00671949,49666.8
001309.SZ,20260417,195592,510.0,99751920.0,516.8,0.121579,0.991493,16087.6
001311.SZ,20260417,11100,32.49,360639.0,32.72,0.00814653,0.335021,13625.4
001313.SZ,20260417,30200,8.09,244318.0,8.14,0.00431968,0.205259,69912.6
001314.SZ,20260417,5000,43.5,217500.0,43.6,0.00401976,0.308672,12438.6
001316.SZ,20260417,19600,48.37,948052.0,48.77,0.0176114,0.66053,11129.2
001317.SZ,20260417,2400,48.49,116376.0,48.55,0.00280763,0.129182,8548.14
001318.SZ,20260417,10900,13.64,148676.0,13.68,0.00385622,0.680102,28266.0
001319.SZ,20260417,6800,25.65,174420.0,25.66,0.00829268,0.279372,8200.01
001322.SZ,20260417,26700,7.43,198381.0,7.42,0.00339862,0.891918,78561.3
001323.SZ,20260417,1300,23.61,30693.0,23.7,0.000417673,0.159964,31124.8
001324.SZ,20260417,11100,19.91,221001.0,19.94,0.013594,0.554663,8165.36
001325.SZ,20260417,12900,64.64,833856.0,64.9,0.0658163,0.289109,1960.0
001326.SZ,20260417,6300,56.5,355950.0,55.95,0.0261375,0.474696,2410.33
001328.SZ,20260417,2000,32.25,64500.0,32.46,0.00123673,0.153401,16171.7
001330.SZ,20260417,3170000,7.62,24155400.0,7.48,0.230626,3.76678,137452.0
001331.SZ,20260417,25600,51.21,1310976.0,51.2,0.0152494,0.309771,16787.6
001332.SZ,20260417,1700,54.8,93160.0,54.9,0.00354141,0.126463,4800.35
001333.SZ,20260417,8200,24.75,202950.0,24.77,0.0186364,0.317031,4400.0
001335.SZ,20260417,2600,43.09,112034.0,43.22,0.0101785,0.309449,2554.4
001336.SZ,20260417,31600,25.93,819388.0,25.93,0.0678357,2.34958,4658.32
001337.SZ,20260417,135401,47.92,6488415.92,48.42,0.0322383,1.32102,42000.0
001338.SZ,20260417,5700,13.48,76836.0,13.5,0.00113607,0.0751965,50173.1
001339.SZ,20260417,71900,71.82,5163858.0,72.65,0.0602104,0.803161,11941.5
001356.SZ,20260417,12400,11.1,137640.0,11.12,0.00618002,0.625643,20064.7
001358.SZ,20260417,9800,26.93,263914.0,26.97,0.0197197,0.780797,4969.65
001359.SZ,20260417,2500,79.4,198500.0,79.46,0.00539025,0.103963,4638.0
001360.SZ,20260417,2700,21.74,58698.0,21.66,0.00215166,0.108309,12548.4
001366.SZ,20260417,19300,14.32,276376.0,14.27,0.0120115,0.69414,16068.0
001367.SZ,20260417,84700,27.45,2325015.0,27.4,0.0696334,1.35458,12163.7
001368.SZ,20260417,6300,28.34,178542.0,28.21,0.00582195,0.169128,10821.1
001369.SZ,20260417,210300,15.99,3362697.0,16.07,0.104612,0.993654,20102.9
001373.SZ,20260417,9400,34.69,326086.0,34.59,0.0283716,0.688675,3313.17
001376.SZ,20260417,33400,16.3,544420.0,16.33,0.0156255,0.313081,21375.3
001378.SZ,20260417,32100,25.39,815019.0,25.65,0.049763,1.51674,6450.58
001379.SZ,20260417,6400,21.72,139008.0,21.71,0.0095098,0.399745,6729.9
001380.SZ,20260417,1400,20.14,28196.0,20.22,0.00159085,0.089307,8800.33
001382.SZ,20260417,15000,20.31,304650.0,20.38,0.0238095,0.283986,6300.0
001386.SZ,20260417,9000,19.69,177210.0,19.68,0.0091967,0.38507,9786.12
001387.SZ,20260417,5700,13.34,76038.0,13.38,0.00500394,0.268687,11391.0
001388.SZ,20260417,9400,39.92,375248.0,39.92,0.0301282,0.95671,3120.0
001389.SZ,20260417,151300,137.02,20731126.0,135.65,0.0995752,1.3193,15194.5
001390.SZ,20260417,19200,21.99,422208.0,21.87,0.0384,1.35808,5000.0
001391.SZ,20260417,55100,5.32,293132.0,5.32,0.00362654,0.336387,151935.0
001395.SZ,20260417,3700,39.29,145373.0,39.29,0.00789081,0.755183,4689.0
001396.SZ,20260417,9200,46.4,426880.0,46.08,0.0414281,0.643266,2220.71
001400.SZ,20260417,13700,177.6,2433120.0,176.0,0.0913333,0.508658,1500.0
001696.SZ,20260417,171700,19.46,3341282.0,19.56,0.0192619,0.660043,89139.8
001872.SZ,20260417,2300,21.52,49496.0,21.59,9.9913e-05,0.0849403,230200.0
001896.SZ,20260417,2421801,17.28,41848721.28,17.06,0.158725,1.24816,152578.0
001914.SZ,20260417,32700,9.92,324384.0,9.9,0.0031033,0.48669,105372.0
001965.SZ,20260417,18900,9.22,174258.0,9.26,0.000278142,0.122692,679510.0
001979.SZ,20260417,168100,8.55,1437255.0,8.53,0.00199796,0.265115,841358.0
002001.SZ,20260417,175069,37.64,6589597.16,37.62,0.0057648,0.384922,303686.0
002003.SZ,20260417,37200,10.0,372000.0,9.95,0.00363956,0.734485,102210.0
002004.SZ,20260417,100800,5.23,527184.0,5.26,0.00535709,0.381771,188162.0
002005.SZ,20260417,25900,2.89,74851.0,2.89,0.00147832,0.226777,175199.0
002006.SZ,20260417,15000,18.1,271500.0,18.15,0.00288576,0.226462,51979.3
002007.SZ,20260417,45600,15.01,684456.0,15.07,0.00289852,0.450322,157321.0
002008.SZ,20260417,1098700,88.4,97125080.0,86.67,0.11484,2.33821,95672.4
002009.SZ,20260417,116500,24.56,2861240.0,24.48,0.0328982,0.54151,35412.3
002010.SZ,20260417,95300,5.88,560364.0,5.9,0.00345658,0.487527,275706.0
002011.SZ,20260417,39600,12.17,481932.0,12.18,0.0037374,0.451712,105956.0
002012.SZ,20260417,15900,7.07,112413.0,7.1,0.00340016,0.0745046,46762.5
002014.SZ,20260417,14000,12.01,168140.0,11.98,0.0023159,0.71469,60451.7
002015.SZ,20260417,1318800,18.42,24292296.0,18.42,0.0812407,0.858898,162332.0
002016.SZ,20260417,30100,5.82,175182.0,5.82,0.0037202,0.287358,80909.6
002017.SZ,20260417,16400,19.08,312912.0,19.05,0.00282717,0.102424,58008.6
002019.SZ,20260417,56600,12.51,708066.0,12.6,0.00672629,0.225607,84147.4
002020.SZ,20260417,34900,15.8,551420.0,15.85,0.00482065,0.281841,72396.8
002021.SZ,20260417,63700,3.03,193011.0,3.05,0.00532859,0.182866,119544.0
002022.SZ,20260417,56400,5.84,329376.0,5.86,0.0109668,0.812031,51427.8
002023.SZ,20260417,864800,12.4,10723520.0,12.28,0.116729,1.60818,74086.0
002024.SZ,20260417,585300,1.33,778449.0,1.34,0.00632532,1.81074,925329.0
002025.SZ,20260417,230000,76.9,17687000.0,76.3,0.0506752,0.595568,45387.1
002026.SZ,20260417,4000,13.3,53200.0,13.33,0.000908072,0.0746049,44049.4
002027.SZ,20260417,251100,6.27,1574397.0,6.29,0.00173865,0.190535,1444220.0
002028.SZ,20260417,50000,215.97,10798500.0,215.88,0.00820386,0.407798,60946.9
002029.SZ,20260417,41100,9.62,395382.0,9.68,0.00617668,0.325344,66540.6
002030.SZ,20260417,95500,5.97,570135.0,5.97,0.00680468,0.913444,140345.0
002031.SZ,20260417,159400,6.21,989874.0,6.21,0.00822178,0.456259,193875.0
002032.SZ,20260417,7500,45.5,341250.0,45.65,0.000936118,0.511515,80118.1
002033.SZ,20260417,4864900,10.92,53124708.0,10.93,0.885364,11.0599,54948.0
002034.SZ,20260417,185671,19.39,3600160.69,19.68,0.042996,1.5784,43183.3
002035.SZ,20260417,96500,6.41,618565.0,6.42,0.0123396,0.309401,78203.8
002036.SZ,20260417,188800,9.18,1733184.0,9.23,0.0178878,0.838271,105547.0
002037.SZ,20260417,11800,8.46,99828.0,8.48,0.0024386,0.144949,48388.4
002038.SZ,20260417,2804454,7.83,21958874.82,7.91,0.329195,2.31961,85191.3
002039.SZ,20260417,451900,20.68,9345292.0,20.85,0.105694,2.585,42755.7
002040.SZ,20260417,42600,10.02,426852.0,9.99,0.00876407,0.549043,48607.5
002041.SZ,20260417,68800,10.46,719648.0,10.54,0.00781818,0.624972,88000.0
002042.SZ,20260417,1608750,4.91,7898962.5,4.92,0.0945944,1.80145,170068.0
002043.SZ,20260417,8200,14.46,118572.0,14.41,0.00101545,0.108932,80752.3
002044.SZ,20260417,396700,5.32,2110444.0,5.36,0.0102395,0.25827,387423.0
002045.SZ,20260417,10300,11.86,122158.0,11.88,0.00183329,0.149476,56183.3
002046.SZ,20260417,29600,49.21,1456616.0,49.55,0.00559755,0.166583,52880.3
002047.SZ,20260417,200300,5.57,1115671.0,5.55,0.013211,0.682835,151616.0
002048.SZ,20260417,36000,27.78,1000080.0,27.85,0.00507186,0.238167,70979.9
002049.SZ,20260417,84800,70.9,6012320.0,70.99,0.00998217,0.587398,84951.4
002050.SZ,20260417,498600,45.4,22636440.0,45.78,0.0135335,0.56668,368420.0
002051.SZ,20260417,3759800,11.58,43538484.0,11.59,0.303862,2.55587,123734.0
002052.SZ,20260417,22900,10.48,239992.0,10.43,0.00332179,0.198646,68938.7
002053.SZ,20260417,12000,11.28,135360.0,11.29,0.00130332,0.136265,92072.3
002054.SZ,20260417,273000,8.53,2328690.0,8.58,0.0710915,1.54813,38401.2
002055.SZ,20260417,148900,6.14,914246.0,6.18,0.0250678,0.834867,59399.0
002056.SZ,20260417,94000,19.34,1817960.0,19.41,0.0057845,0.263179,162503.0
002057.SZ,20260417,57300,9.67,554091.0,9.68,0.00760527,0.607562,75342.5
002058.SZ,20260417,0,,0.0,21.96,0.0,0.0,14311.8
002059.SZ,20260417,424900,5.24,2226476.0,5.28,0.0432228,2.22796,98304.6
002060.SZ,20260417,580600,3.89,2258534.0,3.92,0.0371509,0.831125,156281.0
002061.SZ,20260417,32400,3.89,126036.0,3.9,0.00124657,0.225631,259914.0
002062.SZ,20260417,864800,8.05,6961640.0,8.05,0.0768915,4.91584,112470.0
002063.SZ,20260417,319000,6.5,2073500.0,6.51,0.0180867,0.777801,176372.0
002064.SZ,20260417,33600,11.05,371280.0,11.05,0.000678515,0.0799049,495199.0
002065.SZ,20260417,91800,8.43,773874.0,8.47,0.00315689,0.285879,290792.0
002066.SZ,20260417,26900,22.91,616279.0,22.84,0.011645,0.340478,23100.0
002067.SZ,20260417,37200,4.77,177444.0,4.78,0.00278109,0.146457,133760.0
002068.SZ,20260417,54600,8.76,478296.0,8.76,0.00742878,0.28183,73497.9
002069.SZ,20260417,47200,3.76,177472.0,3.76,0.00664586,0.489206,71021.6
002072.SZ,20260417,39500,7.7,304150.0,7.68,0.0107474,0.662707,36753.2
002073.SZ,20260417,142600,7.21,1028146.0,7.26,0.0140681,0.660357,101364.0
002074.SZ,20260417,385066,39.66,15271717.56,39.78,0.0221788,0.397308,173619.0
002075.SZ,20260417,38500,4.73,182105.0,4.74,0.00175493,0.184138,219382.0
002076.SZ,20260417,230000,2.18,501400.0,2.19,0.0220671,0.889098,104227.0
002077.SZ,20260417,28500,16.04,457140.0,16.12,0.00491084,0.160413,58034.9
002078.SZ,20260417,35900,14.5,520550.0,14.52,0.0012926,0.185237,277735.0
002079.SZ,20260417,244900,10.17,2490633.0,10.25,0.0302061,0.984071,81076.4
002080.SZ,20260417,338100,48.24,16309944.0,48.85,0.0201475,0.509406,167812.0
002081.SZ,20260417,1293700,3.45,4463265.0,3.37,0.0489185,7.85741,264460.0
002082.SZ,20260417,359200,28.6,10273120.0,29.01,0.0649251,0.658495,55325.3
002083.SZ,20260417,899500,12.1,10883950.0,12.34,0.0950521,0.875799,94632.3
002084.SZ,20260417,44200,3.8,167960.0,3.8,0.0068566,0.315944,64463.4
002085.SZ,20260417,296500,14.51,4302215.0,14.52,0.0139641,1.07772,212330.0
002086.SZ,20260417,87100,2.04,177684.0,2.05,0.00550817,0.228484,158129.0
002088.SZ,20260417,4200,10.13,42546.0,10.17,0.000830382,0.128439,50579.1
002090.SZ,20260417,72200,11.11,802142.0,11.19,0.0182315,1.17462,39601.8
002091.SZ,20260417,71700,9.38,672546.0,9.42,0.00448632,0.297863,159819.0
002092.SZ,20260417,85400,6.31,538874.0,6.34,0.0033158,0.122775,257555.0
002093.SZ,20260417,12700,9.75,123825.0,9.79,0.00126055,0.15255,100750.0
002094.SZ,20260417,10400,6.38,66352.0,6.38,0.00150626,0.0678864,69045.4
002095.SZ,20260417,9800,16.75,164150.0,16.86,0.00389339,0.416415,25170.8
002096.SZ,20260417,15400,11.79,181566.0,11.83,0.0012415,0.230075,124044.0
002097.SZ,20260417,51200,10.09,516608.0,10.1,0.00477301,0.398202,107270.0
002098.SZ,20260417,500,9.02,4510.0,9.02,0.000139669,0.0222455,35798.9
002099.SZ,20260417,270100,7.07,1909607.0,7.08,0.0167172,1.12035,161570.0
002100.SZ,20260417,377100,8.2,3092220.0,8.32,0.0276213,0.84503,136525.0
002101.SZ,20260417,57570,10.41,599303.7,10.5,0.00869359,0.466877,66221.2
002102.SZ,20260417,143000,2.9,414700.0,2.9,0.00658108,0.296798,217290.0
002103.SZ,20260417,12600,8.21,103446.0,8.26,0.00324629,0.165103,38813.6
002104.SZ,20260417,90400,15.29,1382216.0,15.3,0.0150742,0.232727,59969.9
002105.SZ,20260417,23700,6.36,150732.0,6.36,0.00650258,0.335646,36447.1
002106.SZ,20260417,23600,10.62,250632.0,10.62,0.00334798,0.283421,70490.2
002107.SZ,20260417,654900,8.0,5239200.0,8.11,0.114614,0.899297,57139.4
002108.SZ,20260417,853200,5.06,4317192.0,5.07,0.0517876,1.2331,164750.0
002109.SZ,20260417,98500,3.97,391045.0,3.97,0.0077178,0.213909,127627.0
002110.SZ,20260417,61700,3.77,232609.0,3.78,0.00254006,0.34349,242908.0
002111.SZ,20260417,8500,10.06,85510.0,10.05,0.00173913,0.133045,48875.1
002112.SZ,20260417,162600,21.8,3544680.0,22.15,0.0620422,0.529012,26208.0
002114.SZ,20260417,38100,8.81,335661.0,8.81,0.0117814,0.532898,32339.1
002115.SZ,20260417,89900,12.45,1119255.0,12.5,0.0119517,0.270814,75219.6
002116.SZ,20260417,33500,10.53,352755.0,10.65,0.00727154,0.666193,46070.0
002117.SZ,20260417,29800,10.15,302470.0,10.16,0.00569196,0.374586,52354.6
002119.SZ,20260417,279400,22.5,6286500.0,22.58,0.0744503,0.866308,37528.4
002120.SZ,20260417,238400,6.91,1647344.0,6.96,0.00846853,0.691306,281513.0
002121.SZ,20260417,106300,7.59,806817.0,7.63,0.00759328,0.344442,139992.0
002122.SZ,20260417,96500,2.99,288535.0,3.0,0.00485359,0.649951,198822.0
002123.SZ,20260417,50100,9.95,498495.0,9.99,0.00695766,0.369113,72007.0
002124.SZ,20260417,8156800,2.81,22920608.0,2.93,0.413556,3.45126,197235.0
002125.SZ,20260417,207500,14.28,2963100.0,14.29,0.0329621,1.00214,62951.1
002126.SZ,20260417,95600,48.85,4670060.0,49.46,0.012037,0.337925,79421.5
002127.SZ,20260417,92500,2.81,259925.0,2.81,0.00463721,0.503312,199473.0
002128.SZ,20260417,186800,33.54,6265272.0,33.8,0.00833343,0.898767,224157.0
002129.SZ,20260417,327925,8.71,2856226.75,8.76,0.0081174,0.479441,403978.0
002130.SZ,20260417,392000,25.75,10094000.0,25.57,0.0341775,0.814329,114695.0
002131.SZ,20260417,2194300,7.96,17466628.0,8.05,0.0374787,0.405429,585480.0
002132.SZ,20260417,6581990,4.38,28829116.2,4.42,0.470316,4.98411,139948.0
002133.SZ,20260417,112800,3.32,374496.0,3.32,0.0146518,0.671253,76987.0
002134.SZ,20260417,52700,22.1,1164670.0,22.24,0.0213802,0.415623,24649.0
002135.SZ,20260417,242300,7.58,1836634.0,7.58,0.0232117,0.666096,104387.0
002136.SZ,20260417,35100,12.87,451737.0,12.87,0.016367,0.6238,21445.6
002137.SZ,20260417,7700,8.31,63987.0,8.35,0.00194219,0.0983985,39645.9
002138.SZ,20260417,91200,35.6,3246720.0,35.74,0.0120555,0.417689,75650.0
002139.SZ,20260417,39000,12.37,482430.0,12.4,0.00364115,0.341101,107109.0
002140.SZ,20260417,15500,12.47,193285.0,12.54,0.00219248,0.206826,70696.1
002141.SZ,20260417,62800,3.78,237384.0,3.79,0.00616308,0.335534,101897.0
002142.SZ,20260417,14100,31.31,441471.0,31.3,0.00021364,0.0764018,659989.0
002144.SZ,20260417,5000,15.3,76500.0,15.3,0.00363255,0.111799,13764.4
002145.SZ,20260417,111600,4.61,514476.0,4.62,0.00299286,0.327293,372887.0
002146.SZ,20260417,784500,1.38,1082610.0,1.38,0.0200561,0.830558,391152.0
002148.SZ,20260417,9300,7.76,72168.0,7.75,0.00206981,0.114833,44931.8
002149.SZ,20260417,392500,53.11,20845675.0,53.64,0.0804074,0.540906,48813.9
002150.SZ,20260417,262300,31.66,8304418.0,31.17,0.0731568,0.753485,35854.5
002151.SZ,20260417,41200,38.27,1576724.0,38.38,0.00930411,0.270837,44281.5
002152.SZ,20260417,66300,12.07,800241.0,12.06,0.00267109,0.323392,248213.0
002153.SZ,20260417,59400,9.75,579150.0,9.76,0.00371305,0.398255,159976.0
002154.SZ,20260417,221300,3.74,827662.0,3.76,0.0187579,1.22909,117977.0
002155.SZ,20260417,916800,29.25,26816400.0,29.74,0.0586748,1.65357,156251.0
002156.SZ,20260417,1149400,48.31,55527514.0,48.02,0.0757454,1.62167,151745.0
002157.SZ,20260417,3914262,3.41,13347633.42,3.42,0.0540834,0.95931,723746.0
002158.SZ,20260417,3700,24.64,91168.0,24.73,0.00069342,0.0610246,53358.7
002159.SZ,20260417,28400,17.81,505804.0,17.72,0.0205095,0.584139,13847.3
002160.SZ,20260417,105000,5.12,537600.0,5.15,0.010187,0.406893,103073.0
002161.SZ,20260417,26500,7.34,194510.0,7.34,0.00376024,0.148289,70474.3
002162.SZ,20260417,43900,4.67,205013.0,4.69,0.00477956,0.327158,91849.4
002163.SZ,20260417,129100,12.89,1664099.0,12.95,0.0160662,0.613576,80354.9
002164.SZ,20260417,35600,12.86,457816.0,12.89,0.00742014,0.229307,47977.5
002165.SZ,20260417,111000,9.74,1081140.0,9.75,0.015255,0.273896,72763.0
002166.SZ,20260417,16700,9.0,150300.0,9.02,0.00226108,0.161688,73858.5
002167.SZ,20260417,40600,12.88,522928.0,12.95,0.00536043,0.190267,75740.2
002168.SZ,20260417,24600,4.27,105042.0,4.27,0.0031371,0.29393,78416.3
002169.SZ,20260417,236700,14.62,3460554.0,14.75,0.0311992,0.825339,75867.4
002170.SZ,20260417,196400,13.87,2724068.0,13.87,0.0249514,0.530806,78713.0
002171.SZ,20260417,129400,11.5,1488100.0,11.49,0.00801863,0.475222,161374.0
002172.SZ,20260417,39400,3.86,152084.0,3.87,0.00514938,0.251134,76514.1
002173.SZ,20260417,62300,25.5,1588650.0,25.81,0.0148028,0.286843,42086.5
002174.SZ,20260417,27500,9.72,267300.0,9.72,0.00280825,0.200344,97925.9
002175.SZ,20260417,877800,2.66,2334948.0,2.68,0.068751,1.21091,127678.0
002176.SZ,20260417,1081630,11.35,12276500.5,11.28,0.0634008,0.734793,170602.0
002177.SZ,20260417,256300,7.8,1999140.0,7.87,0.0379749,0.24766,67491.9
002178.SZ,20260417,24100,6.11,147251.0,6.14,0.00338586,0.213569,71178.3
002179.SZ,20260417,80500,35.55,2861775.0,35.62,0.00383973,0.233631,209650.0
002180.SZ,20260417,60500,17.66,1068430.0,17.75,0.00444759,0.310375,136029.0
002181.SZ,20260417,982100,13.26,13022646.0,13.62,0.0865639,0.886201,113454.0
002182.SZ,20260417,42300,16.6,702180.0,16.69,0.00488728,0.186471,86551.2
002183.SZ,20260417,2820100,5.94,16751394.0,5.9,0.108591,1.68676,259699.0
002184.SZ,20260417,3700,11.63,43031.0,11.66,0.00153928,0.0800378,24037.2
002185.SZ,20260417,288400,12.5,3605000.0,12.54,0.0088316,0.31491,326555.0
002186.SZ,20260417,17700,10.67,188859.0,10.66,0.00577466,0.411275,30651.1
002187.SZ,20260417,9200,6.28,57776.0,6.31,0.00131261,0.128979,70089.5
002188.SZ,20260417,177200,6.58,1165976.0,6.53,0.0688522,0.742937,25736.3
002189.SZ,20260417,9100,19.88,180908.0,19.95,0.00348445,0.354055,26116.0
002190.SZ,20260417,13700,31.68,434016.0,31.65,0.00381904,0.198941,35872.9
002191.SZ,20260417,33900,3.69,125091.0,3.71,0.00235332,0.284866,144052.0
002192.SZ,20260417,435590,80.06,34873335.4,80.02,0.168105,1.09775,25911.8
002193.SZ,20260417,187200,6.47,1211184.0,6.54,0.0715284,1.5235,26171.4
002194.SZ,20260417,29400,10.66,313404.0,10.64,0.00575462,0.346403,51089.4
002195.SZ,20260417,415600,9.13,3794428.0,9.18,0.00741976,0.25826,560126.0
002196.SZ,20260417,230600,14.31,3299886.0,14.47,0.0472144,0.628128,48841.0
002197.SZ,20260417,165800,8.18,1356244.0,8.22,0.0310487,0.570008,53400.0
002198.SZ,20260417,41200,7.72,318064.0,7.72,0.00811853,0.296157,50748.1
002199.SZ,20260417,14200,9.35,132770.0,9.33,0.005833,0.348151,24344.2
002200.SZ,20260417,3900,7.73,30147.0,7.71,0.00199258,0.149295,19572.6
002201.SZ,20260417,396200,12.14,4809868.0,12.25,0.0658114,0.722122,60202.3
002202.SZ,20260417,750100,24.99,18744999.0,24.99,0.0223011,0.369254,336350.0
002203.SZ,20260417,1831417,16.61,30419836.37,15.81,0.0827893,4.36821,221214.0
002204.SZ,20260417,321900,6.78,2182482.0,6.75,0.0166669,1.20115,193137.0
002205.SZ,20260417,20200,12.87,259974.0,12.95,0.0108694,0.699529,18584.3
002206.SZ,20260417,46200,6.38,294756.0,6.41,0.00541607,0.372323,85301.7
002207.SZ,20260417,268300,7.51,2014933.0,7.52,0.102871,0.896272,26081.2
002208.SZ,20260417,112200,12.48,1400256.0,12.36,0.0139711,0.414309,80308.4
002209.SZ,20260417,270100,16.48,4451248.0,16.5,0.172794,4.98448,15631.3
002210.SZ,20260417,220400,2.59,570836.0,2.58,0.00829739,0.550563,265626.0
002211.SZ,20260417,32800,3.63,119064.0,3.63,0.00758424,0.435871,43247.6
002212.SZ,20260417,141100,7.5,1058250.0,7.55,0.0120924,0.762514,116685.0
002213.SZ,20260417,1223500,39.06,47789910.0,38.34,0.59233,2.66754,20655.7
002214.SZ,20260417,5400,18.99,102546.0,18.98,0.00112872,0.174164,47841.7
002215.SZ,20260417,25900,10.32,267288.0,10.37,0.00322543,0.283606,80299.3
002216.SZ,20260417,9300,12.93,120249.0,12.96,0.00147501,0.146421,63050.2
002217.SZ,20260417,713300,2.43,1733319.0,2.44,0.00979899,0.306168,727932.0
002218.SZ,20260417,239400,5.62,1345428.0,5.61,0.0172518,0.299128,138768.0
002219.SZ,20260417,3037800,2.35,7138830.0,2.37,0.0928411,2.34622,327204.0
002221.SZ,20260417,33000,8.04,265320.0,8.05,0.00225892,0.158875,146088.0
002222.SZ,20260417,230800,86.85,20044980.0,85.58,0.0493003,0.691345,46815.2
002223.SZ,20260417,18500,32.9,608650.0,32.93,0.00196775,0.230098,94015.8
002224.SZ,20260417,16900,4.38,74022.0,4.39,0.00209579,0.122205,80638.0
002225.SZ,20260417,67500,5.66,382050.0,5.67,0.00692893,0.442391,97417.7
002226.SZ,20260417,78700,5.62,442294.0,5.63,0.00297108,0.285127,264887.0
002227.SZ,20260417,142200,8.04,1143288.0,8.04,0.0578197,1.54839,24593.7
002228.SZ,20260417,6800,3.94,26792.0,3.95,0.000562299,0.0428464,120932.0
002229.SZ,20260417,1913300,19.99,38246867.0,19.9,0.38797,2.35502,49315.6
002230.SZ,20260417,221600,47.86,10605776.0,48.1,0.0101222,0.63458,218925.0
002232.SZ,20260417,24001,18.1,434418.1,18.16,0.0058747,0.554491,40854.8
002233.SZ,20260417,20700,9.25,191475.0,9.27,0.0017643,0.323959,117327.0
002234.SZ,20260417,3300,8.76,28908.0,8.75,0.00109486,0.0607866,30140.9
002235.SZ,20260417,439900,9.6,4223040.0,9.74,0.0794648,0.99814,55357.8
002236.SZ,20260417,239700,19.04,4563888.0,19.17,0.00995175,0.410013,240862.0
002237.SZ,20260417,1422500,16.51,23485475.0,16.51,0.119302,4.9467,119236.0
002238.SZ,20260417,12400,7.41,91884.0,7.43,0.00154506,0.275839,80255.9
002239.SZ,20260417,190400,3.06,582624.0,3.07,0.00582949,0.301945,326615.0
002240.SZ,20260417,1217900,49.58,60383482.0,49.8,0.133409,1.59415,91290.9
002241.SZ,20260417,674356,24.01,16191287.56,24.22,0.0214868,0.917589,313847.0
002242.SZ,20260417,141000,9.94,1401540.0,10.01,0.0185116,2.30367,76168.6
002243.SZ,20260417,38206,8.84,337741.04,8.83,0.00317288,0.467997,120414.0
002244.SZ,20260417,341200,10.25,3497300.0,10.12,0.0127034,1.53711,268590.0
002245.SZ,20260417,299500,19.79,5927105.0,19.82,0.0275899,0.322037,108554.0
002246.SZ,20260417,79700,25.88,2062636.0,25.9,0.0145164,0.380111,54903.5
002247.SZ,20260417,106000,2.83,299980.0,2.83,0.0164714,0.554481,64354.1
002248.SZ,20260417,17600,12.85,226160.0,12.9,0.00572366,0.137338,30749.6
002249.SZ,20260417,49900,9.42,470058.0,9.43,0.00268244,0.186499,186024.0
002250.SZ,20260417,6500,16.55,107575.0,16.6,0.000726277,0.0460325,89497.6
002251.SZ,20260417,441200,4.26,1879512.0,4.23,0.0204974,1.32867,215247.0
002252.SZ,20260417,62800,5.73,359844.0,5.74,0.00094667,0.226285,663378.0
002253.SZ,20260417,19500,11.71,228345.0,11.8,0.00936132,0.287791,20830.4
002254.SZ,20260417,57900,10.1,584790.0,10.1,0.00680722,0.257431,85056.8
002255.SZ,20260417,59500,10.91,649145.0,10.91,0.00932642,0.345129,63797.2
002256.SZ,20260417,411200,4.13,1698256.0,4.15,0.0210754,0.270404,195109.0
002258.SZ,20260417,32400,14.62,473688.0,14.67,0.00405432,0.281463,79914.9
002259.SZ,20260417,39500,5.11,201845.0,5.12,0.00525037,0.139032,75232.8
002261.SZ,20260417,603200,36.85,22227920.0,37.12,0.0526512,0.654857,114565.0
002262.SZ,20260417,33600,22.76,764736.0,22.93,0.0038013,0.457616,88390.8
002263.SZ,20260417,18998415,5.26,99931662.9,5.17,1.01144,4.46833,187835.0
002264.SZ,20260417,41900,8.35,349865.0,8.38,0.00639907,0.303702,65478.3
002265.SZ,20260417,19900,22.4,445760.0,22.45,0.00192635,0.15366,103304.0
002266.SZ,20260417,116400,4.42,514488.0,4.43,0.00237706,0.147781,489680.0
002267.SZ,20260417,44900,7.63,342587.0,7.63,0.0040375,0.644004,111208.0
002268.SZ,20260417,33200,17.29,574028.0,17.34,0.00392761,0.378872,84529.8
002269.SZ,20260417,211500,1.65,348975.0,1.66,0.00841791,0.472148,251250.0
002270.SZ,20260417,34700,27.57,956679.0,27.66,0.00387186,0.215004,89621.1
002271.SZ,20260417,1645500,17.34,28532970.0,16.56,0.0859277,4.55178,191498.0
002272.SZ,20260417,601600,19.7,11851520.0,19.58,0.147403,0.67101,40813.3
002273.SZ,20260417,474600,29.7,14095620.0,29.45,0.0348404,0.614425,136221.0
002274.SZ,20260417,53900,6.21,334719.0,6.22,0.00574719,0.233082,93784.9
002275.SZ,20260417,35200,14.34,504768.0,14.37,0.00629649,1.37742,55904.1
002276.SZ,20260417,59900,14.46,866154.0,14.46,0.00594685,0.338965,100726.0
002277.SZ,20260417,65700,5.73,376461.0,5.76,0.00471247,0.385606,139417.0
002278.SZ,20260417,35100,11.37,399087.0,11.37,0.0105484,0.235839,33275.3
002279.SZ,20260417,109800,8.25,905850.0,8.24,0.0139035,0.603172,78972.7
002281.SZ,20260417,1366900,110.99,151712231.0,106.21,0.175361,2.00519,77947.7
002282.SZ,20260417,21400,7.0,149800.0,7.01,0.00423758,0.433235,50500.5
002283.SZ,20260417,205800,11.0,2263800.0,11.15,0.020522,0.457007,100283.0
002284.SZ,20260417,74100,14.25,1055925.0,14.36,0.0101383,0.583842,73088.9
002285.SZ,20260417,274000,3.12,854880.0,3.11,0.0138717,0.484616,197524.0
002286.SZ,20260417,15700,10.02,157314.0,9.99,0.00424839,0.26188,36955.2
002287.SZ,20260417,5400,23.44,126576.0,23.44,0.000945726,0.293907,57099.0
002289.SZ,20260417,800,26.23,20984.0,26.23,0.000285762,0.0545678,27995.4
002290.SZ,20260417,102800,71.6,7360480.0,70.53,0.0415864,1.12057,24719.6
002291.SZ,20260417,83500,6.45,538575.0,6.48,0.00960736,0.400559,86912.5
002292.SZ,20260417,102400,7.88,806912.0,7.91,0.0100602,0.575954,101787.0
002293.SZ,20260417,4000,10.29,41160.0,10.33,0.00048392,0.0652287,82658.3
002294.SZ,20260417,347400,58.88,20454912.0,60.54,0.0311691,2.41636,111457.0
002295.SZ,20260417,7000,10.99,76930.0,10.98,0.00279671,0.23396,25029.4
002296.SZ,20260417,21300,11.52,245376.0,11.55,0.00613099,0.231998,34741.5
002297.SZ,20260417,14407934,17.01,245078957.34,16.08,2.51401,38.6912,57310.5
002298.SZ,20260417,147900,10.45,1545555.0,10.44,0.0223869,0.431947,66065.4
002299.SZ,20260417,43300,18.69,809277.0,18.71,0.00355227,0.32398,121894.0
002300.SZ,20260417,175900,9.62,1692158.0,9.72,0.0243529,0.509116,72229.5
002301.SZ,20260417,13800,6.92,95496.0,6.91,0.00192203,0.168828,71799.0
002302.SZ,20260417,13900,5.64,78396.0,5.65,0.00110112,0.145588,126235.0
002303.SZ,20260417,14800,3.36,49728.0,3.37,0.0015307,0.0838776,96688.1
002304.SZ,20260417,103650,49.9,5172135.0,50.4,0.0068806,2.72996,150641.0
002305.SZ,20260417,1007500,2.36,2377700.0,2.36,0.0580992,3.09256,173410.0
002306.SZ,20260417,62100,2.41,149661.0,2.41,0.00762936,0.223985,81396.0
002307.SZ,20260417,109700,4.63,507911.0,4.6,0.00864943,0.335656,126829.0
002309.SZ,20260417,2474400,4.1,10145040.0,4.09,0.102837,0.573407,240613.0
002310.SZ,20260417,2040000,2.97,6058800.0,2.99,0.0485829,0.895582,419901.0
002311.SZ,20260417,14700,49.18,722946.0,49.22,0.000884199,0.131869,166252.0
002312.SZ,20260417,129700,11.5,1491550.0,11.47,0.00688495,0.447793,188382.0
002313.SZ,20260417,9500,8.56,81320.0,8.55,0.00253757,0.180518,37437.4
002314.SZ,20260417,1321800,2.68,3542424.0,2.63,0.0987688,1.76437,133828.0
002315.SZ,20260417,61800,42.09,2601162.0,42.09,0.0305576,0.882028,20224.1
002316.SZ,20260417,210400,5.29,1113016.0,5.29,0.0617398,1.2354,34078.5
002317.SZ,20260417,57200,18.71,1070212.0,18.8,0.00751033,0.202404,76161.7
002318.SZ,20260417,33600,29.76,999936.0,29.79,0.00351947,0.362532,95468.9
002319.SZ,20260417,25700,11.32,290924.0,11.26,0.01285,0.459291,20000.0
002320.SZ,20260417,17100,8.59,146889.0,8.59,0.000764999,0.118823,223530.0
002321.SZ,20260417,544100,2.22,1207902.0,2.24,0.0256142,0.579346,212421.0
002322.SZ,20260417,29700,14.4,427680.0,14.47,0.00845192,0.432714,35140.0
002323.SZ,20260417,709700,2.07,1469079.0,2.07,0.0334704,0.64362,212038.0
002324.SZ,20260417,34300,15.42,528906.0,15.52,0.00441853,0.204629,77627.6
002326.SZ,20260417,90700,24.55,2226685.0,24.72,0.011223,0.207729,80815.9
002327.SZ,20260417,52300,7.03,367669.0,7.06,0.0106529,0.783584,49094.8
002328.SZ,20260417,2801601,13.24,37093197.24,13.4,0.490827,1.57949,57079.2
002329.SZ,20260417,196300,4.21,826423.0,4.21,0.0301819,0.261732,65038.9
002330.SZ,20260417,57600,4.83,278208.0,4.86,0.00906831,0.459446,63517.9
002331.SZ,20260417,6700,8.31,55677.0,8.35,0.00169258,0.13649,39584.5
002332.SZ,20260417,30100,9.04,272104.0,9.04,0.00305716,0.263822,98457.4
002333.SZ,20260417,811800,6.19,5025042.0,6.39,0.121799,3.23722,66650.9
002334.SZ,20260417,1378300,8.61,11867163.0,9.01,0.187627,3.60291,73459.4
002335.SZ,20260417,99100,61.59,6103569.0,62.06,0.0217959,0.41311,45467.3
002337.SZ,20260417,17500,6.22,108850.0,6.23,0.00297621,0.2736,58799.7
002338.SZ,20260417,111350,55.14,6139839.0,53.93,0.0463958,2.56953,24000.0
002339.SZ,20260417,95500,10.5,1002750.0,10.59,0.019946,0.471528,47879.4
002340.SZ,20260417,634900,8.31,5276019.0,8.31,0.0125087,0.429407,507566.0
002342.SZ,20260417,2025705,18.07,36604489.35,18.51,0.212185,0.677569,95469.0
002343.SZ,20260417,84300,6.41,540363.0,6.41,0.0177968,0.955872,47368.0
002344.SZ,20260417,84600,4.42,373932.0,4.42,0.00660282,0.871253,128127.0
002345.SZ,20260417,34500,10.77,371565.0,10.82,0.00397819,0.238855,86722.9
002346.SZ,20260417,31800,19.21,610878.0,19.21,0.00808492,0.929756,39332.5
002347.SZ,20260417,300400,8.24,2475296.0,8.26,0.0608858,0.678335,49338.3
002348.SZ,20260417,118100,9.48,1119588.0,9.48,0.0130709,0.418095,90353.3
002349.SZ,20260417,137800,7.69,1059682.0,7.72,0.016925,0.460247,81418.1
002350.SZ,20260417,77400,13.81,1068894.0,13.94,0.0145886,0.274177,53055.1
002351.SZ,20260417,12300,11.37,139851.0,11.4,0.00236059,0.24971,52105.7
002352.SZ,20260417,126900,37.36,4740984.0,37.56,0.00266037,0.661977,477001.0
002353.SZ,20260417,573690,115.13,66048929.7,116.3,0.0827544,2.57586,69324.4
002354.SZ,20260417,266900,5.76,1537344.0,5.78,0.0164152,0.625624,162593.0
002355.SZ,20260417,435755,6.27,2732183.85,6.3,0.0704915,1.83323,61816.7
002356.SZ,20260417,72500,3.46,250850.0,3.47,0.00552909,0.267045,131125.0
002357.SZ,20260417,79200,11.12,880704.0,11.21,0.0252649,0.574749,31347.8
002358.SZ,20260417,117500,7.54,885950.0,7.56,0.0126377,0.354789,92975.6
002360.SZ,20260417,174500,6.58,1148210.0,6.55,0.0532788,0.824615,32752.2
002361.SZ,20260417,6025100,18.8,113271880.0,19.26,0.744646,1.83177,80912.3
002362.SZ,20260417,4900,18.85,92365.0,18.87,0.00236038,0.207175,20759.4
002363.SZ,20260417,61700,8.46,521982.0,8.5,0.0148404,0.283246,41575.8
002364.SZ,20260417,1751900,43.03,75384257.0,42.8,0.313902,2.32144,55810.4
002365.SZ,20260417,34900,13.98,487902.0,14.09,0.0142124,0.523304,24556.0
002366.SZ,20260417,63100,7.27,458737.0,7.28,0.00341015,0.186905,185036.0
002367.SZ,20260417,44200,6.46,285532.0,6.45,0.00556272,0.479571,79457.6
002368.SZ,20260417,51000,20.9,1065900.0,21.01,0.00822011,0.616539,62043.0
002369.SZ,20260417,22900,7.26,166254.0,7.26,0.0040444,0.229241,56621.5
002370.SZ,20260417,548900,7.6,4171640.0,7.69,0.0736119,0.753053,74566.8
002371.SZ,20260417,54100,470.0,25427000.0,473.56,0.00746976,0.78637,72425.3
002372.SZ,20260417,67900,10.61,720419.0,10.6,0.00461635,0.791211,147086.0
002373.SZ,20260417,116800,9.85,1150480.0,9.86,0.00847855,0.637477,137759.0
002374.SZ,20260417,13300,3.22,42826.0,3.22,0.00122557,0.0887892,108521.0
002375.SZ,20260417,361500,3.92,1417080.0,3.9,0.0272461,3.74244,132679.0
002376.SZ,20260417,20000,7.2,144000.0,7.23,0.0025598,0.208822,78131.0
002377.SZ,20260417,222100,3.36,746256.0,3.36,0.02546,0.809244,87234.9
002378.SZ,20260417,1259400,32.39,40791966.0,32.39,0.105378,2.12901,119512.0
002379.SZ,20260417,51200,29.2,1495040.0,29.3,0.00450556,0.313775,113637.0
002380.SZ,20260417,35200,33.64,1184128.0,33.76,0.0247532,0.325847,14220.4
002381.SZ,20260417,33100,6.48,214488.0,6.49,0.0103309,0.5795,32039.7
002382.SZ,20260417,155300,7.49,1163197.0,7.55,0.0155423,0.426166,99921.0
002383.SZ,20260417,65700,9.63,632691.0,9.69,0.00887406,0.654753,74036.0
002384.SZ,20260417,3305200,155.0,512306000.0,149.55,0.238415,3.28442,138632.0
002385.SZ,20260417,260700,4.02,1048014.0,4.03,0.00739768,0.309618,352408.0
002386.SZ,20260417,112300,6.27,704121.0,6.27,0.00862914,0.243216,130140.0
002387.SZ,20260417,24500,8.18,200410.0,8.19,0.00175628,0.203308,139500.0
002388.SZ,20260417,44900,5.07,227643.0,5.07,0.0088696,0.302923,50622.3
002389.SZ,20260417,60200,22.27,1340654.0,22.3,0.00611316,0.244073,98476.1
002390.SZ,20260417,78400,3.31,259504.0,3.31,0.00406677,0.234995,192782.0
002391.SZ,20260417,18000,6.23,112140.0,6.22,0.0038783,0.252215,46412.1
002392.SZ,20260417,25800,7.19,185502.0,7.19,0.00225548,0.176024,114388.0
002393.SZ,20260417,13700,23.49,321813.0,23.68,0.00547348,0.273897,25029.8
002394.SZ,20260417,56100,13.4,751740.0,13.37,0.0173531,0.948047,32328.6
002395.SZ,20260417,36800,17.91,659088.0,17.93,0.0137218,0.596989,26818.6
002396.SZ,20260417,65700,29.02,1906614.0,29.09,0.0112639,0.411345,58328.0
002397.SZ,20260417,30300,4.2,127260.0,4.19,0.00467692,0.130582,64786.2
002398.SZ,20260417,47000,5.18,243460.0,5.2,0.00771125,0.506618,60949.9
002399.SZ,20260417,32200,11.39,366758.0,11.35,0.00258178,0.797672,124720.0
002400.SZ,20260417,941000,8.86,8337260.0,8.88,0.0545139,0.970353,172616.0
002401.SZ,20260417,18000,15.08,271440.0,15.13,0.00484719,0.563151,37135.0
002402.SZ,20260417,84800,31.72,2689856.0,31.91,0.0104226,0.329622,81361.8
002403.SZ,20260417,3900,10.6,41340.0,10.62,0.00131242,0.155577,29716.1
002404.SZ,20260417,18800,6.95,130660.0,6.97,0.00412694,0.314238,45554.3
002405.SZ,20260417,183600,9.09,1668924.0,9.14,0.00779336,0.351547,235585.0
002406.SZ,20260417,49700,7.7,382690.0,7.72,0.0082529,0.304533,60221.3
002407.SZ,20260417,855400,30.35,25961390.0,30.1,0.0792942,0.852026,107877.0
002408.SZ,20260417,764300,6.73,5143739.0,6.82,0.0277816,1.24686,275110.0
002409.SZ,20260417,26100,85.42,2229462.0,86.12,0.00819408,0.267868,31852.3
002410.SZ,20260417,80700,11.55,932085.0,11.59,0.00513974,0.330546,157012.0
002412.SZ,20260417,29600,6.8,201280.0,6.83,0.00594563,0.25315,49784.5
002413.SZ,20260417,384400,13.55,5208620.0,13.59,0.0296735,0.351164,129543.0
002414.SZ,20260417,324600,13.09,4249014.0,13.09,0.00955096,0.523692,339861.0
002415.SZ,20260417,104100,33.49,3486309.0,33.54,0.00115073,0.146064,904643.0
002416.SZ,20260417,74400,13.58,1010352.0,13.62,0.00607891,0.248571,122390.0
002418.SZ,20260417,4033500,5.57,22466595.0,5.63,0.354937,1.55895,113640.0
002419.SZ,20260417,95100,5.76,547776.0,5.78,0.00813724,0.461213,116870.0
002420.SZ,20260417,5500,7.79,42845.0,7.8,0.00137652,0.0568975,39955.9
002421.SZ,20260417,7664600,2.87,21997402.0,2.9,0.381952,10.857,200669.0
002422.SZ,20260417,290200,35.92,10423984.0,35.92,0.0222224,1.25225,130589.0
002423.SZ,20260417,41800,10.36,433048.0,10.36,0.00181415,0.390467,230411.0
002424.SZ,20260417,21600,5.01,108216.0,5.02,0.00178039,0.235909,121321.0
002425.SZ,20260417,33400,3.31,110554.0,3.31,0.0034935,0.256607,95606.1
002426.SZ,20260417,320913,3.73,1197005.49,3.76,0.00943141,0.264654,340260.0
002427.SZ,20260417,72500,6.42,465450.0,6.45,0.00736261,0.212449,98470.5
002428.SZ,20260417,4340183,60.53,262711276.99,56.36,0.664617,4.70827,65303.6
002429.SZ,20260417,374000,10.18,3807320.0,10.17,0.00826641,0.399424,452433.0
002430.SZ,20260417,102700,28.25,2901275.0,28.24,0.0105017,0.720407,97793.8
002431.SZ,20260417,222000,2.59,574980.0,2.6,0.0123169,0.281204,180240.0
002432.SZ,20260417,126700,74.2,9401140.0,75.28,0.0288999,0.32621,43841.0
002434.SZ,20260417,15200,8.25,125400.0,8.28,0.00115912,0.107225,131134.0
002436.SZ,20260417,662932,24.98,16560041.36,24.93,0.0438883,0.43694,151050.0
002437.SZ,20260417,2289205,3.86,8836331.3,3.87,0.109739,1.13924,208605.0
002438.SZ,20260417,4300,16.68,71724.0,16.76,0.000917078,0.0492989,46888.1
002439.SZ,20260417,527200,14.88,7844736.0,14.82,0.072358,1.08931,72859.9
002440.SZ,20260417,47300,11.8,558140.0,11.87,0.00499811,0.138384,94635.9
002441.SZ,20260417,24200,10.16,245872.0,10.18,0.00606395,0.352006,39908.0
002442.SZ,20260417,14300,5.83,83369.0,5.84,0.00290259,0.116838,49266.3
002443.SZ,20260417,48300,9.45,456435.0,9.39,0.00929872,0.165321,51942.7
002444.SZ,20260417,28000,31.57,883960.0,31.58,0.00244108,0.238246,114703.0
002445.SZ,20260417,526200,3.4,1789080.0,3.42,0.0222365,0.407046,236638.0
002446.SZ,20260417,446000,10.3,4593800.0,10.48,0.0526082,1.35257,84777.7
002448.SZ,20260417,26700,15.38,410646.0,15.42,0.00586121,0.159558,45553.7
002449.SZ,20260417,24800,8.07,200136.0,8.1,0.00400985,0.186938,61847.7
002451.SZ,20260417,27400,9.85,269890.0,9.87,0.00623934,0.219015,43914.9
002452.SZ,20260417,41100,10.82,444702.0,10.88,0.00796659,0.195618,51590.5
002453.SZ,20260417,26100,4.9,127890.0,4.93,0.00425939,0.243528,61276.3
002454.SZ,20260417,107500,10.48,1126600.0,10.53,0.0171466,0.394986,62694.6
002455.SZ,20260417,233200,11.87,2768084.0,11.95,0.0352899,0.290607,66081.2
002456.SZ,20260417,188000,9.35,1757800.0,9.4,0.00566772,0.187304,331703.0
002457.SZ,20260417,253600,11.31,2868216.0,11.2,0.0760827,2.0513,33332.2
002458.SZ,20260417,63000,10.37,653310.0,10.39,0.00874527,0.363527,72038.9
002459.SZ,20260417,186900,10.88,2033472.0,10.94,0.00565374,0.364064,330578.0
002460.SZ,20260417,1950989,85.46,166731519.94,85.6,0.161077,1.96127,121122.0
002461.SZ,20260417,43800,9.68,423984.0,9.76,0.00197892,0.329632,221333.0
002462.SZ,20260417,18800,14.5,272600.0,14.51,0.00645005,0.514933,29147.0
002463.SZ,20260417,451260,93.68,42274036.8,94.4,0.0234688,0.481759,192281.0
002465.SZ,20260417,583600,15.48,9034128.0,15.48,0.0235523,0.842642,247789.0
002466.SZ,20260417,1272268,65.78,83689789.04,65.32,0.0862205,1.61381,147560.0
002467.SZ,20260417,5166300,7.73,39935499.0,7.91,0.377962,1.91365,136688.0
002468.SZ,20260417,1536700,18.01,27675967.0,18.03,0.104737,3.64057,146720.0
002469.SZ,20260417,172200,8.84,1522248.0,8.86,0.0274028,1.10468,62840.3
002470.SZ,20260417,1486100,2.84,4220524.0,2.8,0.0452286,0.805069,328575.0
002471.SZ,20260417,2617800,9.35,24476430.0,9.24,0.195009,1.26683,134240.0
002472.SZ,20260417,61700,38.83,2395811.0,38.79,0.00817,0.503776,75520.2
002474.SZ,20260417,25800,7.61,196338.0,7.65,0.0048609,0.209039,53076.6
002475.SZ,20260417,612400,59.85,36652140.0,60.45,0.0084245,0.241744,726927.0
002476.SZ,20260417,18900,5.98,113022.0,5.99,0.0030886,0.19464,61192.7
002478.SZ,20260417,236300,10.92,2580396.0,11.08,0.0326957,0.560348,72272.4
002479.SZ,20260417,68200,5.69,388058.0,5.71,0.007902,0.201242,86307.3
002480.SZ,20260417,63300,6.13,388029.0,6.15,0.00824522,0.790029,76771.8
002481.SZ,20260417,11300,4.49,50737.0,4.5,0.00101076,0.14035,111797.0
002482.SZ,20260417,181700,1.68,305256.0,1.68,0.00485367,0.411458,374356.0
002483.SZ,20260417,4100,6.97,28577.0,6.97,0.000463146,0.0575695,88525.1
002484.SZ,20260417,259353,34.02,8823189.06,33.84,0.0316102,0.382708,82047.2
002485.SZ,20260417,8500,4.88,41480.0,4.88,0.0015625,0.276491,54400.0
002486.SZ,20260417,249300,2.87,715491.0,2.87,0.0303851,1.35069,82046.7
002487.SZ,20260417,1809502,85.46,154640040.92,77.7,0.286804,9.66202,63092.0
002488.SZ,20260417,34300,11.6,397880.0,11.64,0.00372792,0.163101,92008.4
002489.SZ,20260417,42200,3.45,145590.0,3.46,0.00220593,0.265801,191303.0
002490.SZ,20260417,368100,8.85,3257685.0,8.8,0.06795,0.597457,54172.2
002491.SZ,20260417,3189200,15.62,49815304.0,15.62,0.271082,1.20955,117647.0
002492.SZ,20260417,35600,7.5,267000.0,7.52,0.00894844,0.301596,39783.5
002493.SZ,20260417,125900,12.14,1528426.0,12.14,0.00134477,0.26396,936220.0
002494.SZ,20260417,371200,5.41,2008192.0,5.4,0.129442,2.52482,28677.0
002495.SZ,20260417,265500,2.59,687645.0,2.58,0.0378867,1.2349,70077.4
002496.SZ,20260417,778500,1.96,1525860.0,1.97,0.0699805,2.26547,111245.0
002497.SZ,20260417,621000,27.59,17133390.0,27.26,0.0586651,0.950476,105855.0
002498.SZ,20260417,3337219,8.82,29434271.58,8.99,0.100313,1.94086,332680.0
002500.SZ,20260417,10800,5.7,61560.0,5.7,0.000300855,0.0529119,358977.0
002501.SZ,20260417,7595835,1.75,13292711.25,1.82,0.21418,14.1214,354647.0
002506.SZ,20260417,2143600,4.43,9496148.0,4.43,0.0366776,0.410317,584443.0
002507.SZ,20260417,37600,12.37,465112.0,12.4,0.00326735,0.575537,115078.0
002508.SZ,20260417,2600,20.11,52286.0,20.12,0.000278506,0.0572904,93355.2
002510.SZ,20260417,85600,7.06,604336.0,7.09,0.00851871,0.419,100485.0
002511.SZ,20260417,208700,8.81,1838647.0,8.82,0.0164978,0.973262,126502.0
002512.SZ,20260417,525200,4.08,2142816.0,4.1,0.0479875,0.687456,109445.0
002513.SZ,20260417,32900,6.02,198058.0,6.02,0.0113825,0.482429,28904.1
002514.SZ,20260417,34800,4.4,153120.0,4.43,0.0062812,0.255882,55403.4
002515.SZ,20260417,314800,5.92,1863616.0,5.92,0.0260036,0.495036,121060.0
002516.SZ,20260417,12100,5.72,69212.0,5.75,0.000830229,0.12286,145743.0
002517.SZ,20260417,527700,18.29,9651633.0,18.47,0.0279341,0.519282,188909.0
002518.SZ,20260417,27000,47.85,1291950.0,47.94,0.00477757,0.246567,56514.0
002519.SZ,20260417,332800,8.29,2758912.0,8.33,0.029778,0.382717,111760.0
002520.SZ,20260417,60200,5.52,332304.0,5.54,0.00839094,0.326667,71744.0
002521.SZ,20260417,14000,8.7,121800.0,8.75,0.00334602,0.123178,41840.8
002522.SZ,20260417,126900,6.12,776628.0,6.17,0.0140218,0.308294,90502.0
002523.SZ,20260417,67900,4.08,277032.0,4.08,0.00481034,0.420414,141154.0
002524.SZ,20260417,82400,4.16,342784.0,4.16,0.0161297,0.572628,51085.7
002526.SZ,20260417,47100,3.47,163437.0,3.48,0.00265939,0.210875,177108.0
002527.SZ,20260417,26900,13.4,360460.0,13.46,0.00508614,0.339432,52888.9
002528.SZ,20260417,3642567,5.37,19560584.79,5.12,0.346839,5.94912,105022.0
002529.SZ,20260417,0,,0.0,7.17,0.0,0.0,26000.0
002530.SZ,20260417,94700,9.13,864611.0,9.13,0.0136235,0.418296,69512.3
002531.SZ,20260417,174500,12.29,2144605.0,12.16,0.00976614,0.346272,178679.0
002532.SZ,20260417,451400,19.45,8779730.0,19.69,0.0109914,0.663944,410686.0
002533.SZ,20260417,52200,13.75,717750.0,13.79,0.00818637,0.284261,63764.5
002534.SZ,20260417,32000,18.15,580800.0,18.19,0.00387708,0.186548,82536.3
002535.SZ,20260417,25200,3.49,87948.0,3.5,0.00337648,0.264528,74633.9
002536.SZ,20260417,292800,35.67,10444176.0,36.01,0.0537839,0.503135,54440.1
002537.SZ,20260417,76200,7.79,593598.0,7.83,0.00651728,0.177265,116920.0
002538.SZ,20260417,239200,7.11,1700712.0,7.12,0.0280241,1.26602,85355.1
002539.SZ,20260417,142600,14.73,2100498.0,14.64,0.0160262,0.398851,88979.4
002540.SZ,20260417,33800,6.9,233220.0,6.9,0.00386711,0.427879,87403.8
002541.SZ,20260417,5900,21.44,126496.0,21.55,0.0011891,0.129256,49617.2
002542.SZ,20260417,5084300,2.08,10575344.0,2.03,0.289082,2.99277,175877.0
002543.SZ,20260417,18000,8.54,153720.0,8.56,0.00272063,0.374283,66161.1
002544.SZ,20260417,44000,26.91,1184040.0,26.94,0.00646613,0.360797,68046.9
002545.SZ,20260417,85600,22.41,1918296.0,22.44,0.00757412,0.486842,113016.0
002546.SZ,20260417,103000,9.1,937300.0,9.17,0.0128552,0.339231,80123.2
002547.SZ,20260417,405900,3.09,1254231.0,3.13,0.0367394,1.048,110481.0
002548.SZ,20260417,97900,5.17,506143.0,5.16,0.0121695,0.347059,80447.1
002549.SZ,20260417,361100,19.1,6897010.0,19.39,0.052155,0.968073,69236.0
002550.SZ,20260417,92700,7.9,732330.0,7.93,0.00984871,0.262469,94124.0
002551.SZ,20260417,28700,3.47,99589.0,3.48,0.00469578,0.19454,61118.7
002552.SZ,20260417,122600,21.4,2623640.0,21.52,0.0332697,0.506548,36850.3
002553.SZ,20260417,23300,25.4,591820.0,25.49,0.00929027,0.19154,25080.0
002554.SZ,20260417,87700,3.58,313966.0,3.58,0.00657682,0.236382,133347.0
002555.SZ,20260417,1683900,22.4,37719360.0,23.29,0.105312,3.73688,159897.0
002556.SZ,20260417,228500,6.33,1446405.0,6.31,0.024164,1.3155,94562.1
002557.SZ,20260417,7700,22.68,174636.0,22.6,0.00152544,0.168139,50477.3
002558.SZ,20260417,290100,33.0,9573300.0,33.27,0.0152639,0.349569,190056.0
002559.SZ,20260417,30200,10.41,314382.0,10.45,0.00599122,0.130174,50407.1
002560.SZ,20260417,2357200,14.21,33495812.0,13.91,0.520427,1.61352,45293.6
002561.SZ,20260417,1000,8.11,8110.0,8.1,0.00024129,0.0280316,41444.0
002562.SZ,20260417,51200,5.98,306176.0,5.99,0.00729835,0.252906,70152.9
002563.SZ,20260417,876200,5.28,4626336.0,5.24,0.0396993,6.18881,220709.0
002564.SZ,20260417,103200,6.06,625392.0,6.09,0.0120153,0.898085,85890.4
002565.SZ,20260417,2866800,17.86,51201048.0,17.75,0.270467,1.42869,105994.0
002566.SZ,20260417,74000,7.9,584600.0,7.96,0.0319254,1.11319,23179.0
002567.SZ,20260417,129300,4.29,554697.0,4.31,0.00903301,0.35054,143142.0
002568.SZ,20260417,46700,17.27,806509.0,17.3,0.00611992,0.898173,76308.1
002569.SZ,20260417,32300,13.6,439280.0,13.61,0.0230786,0.939701,13995.6
002570.SZ,20260417,139100,5.06,703846.0,5.06,0.0128797,0.760654,108000.0
002571.SZ,20260417,1200,12.15,14580.0,12.15,0.000402271,0.0212268,29830.6
002572.SZ,20260417,63300,13.08,827964.0,13.08,0.00971658,0.724286,65146.4
002573.SZ,20260417,76300,3.57,272391.0,3.59,0.00540082,0.739978,141275.0
002574.SZ,20260417,77000,5.57,428890.0,5.57,0.0145833,1.19918,52800.0
002575.SZ,20260417,1366300,6.74,9208862.0,6.85,0.233358,1.66472,58549.6
002576.SZ,20260417,7300,18.84,137532.0,18.91,0.00450541,0.155843,16202.8
002577.SZ,20260417,2200,15.83,34826.0,15.85,0.00078383,0.119085,28067.3
002578.SZ,20260417,81400,4.04,328856.0,4.06,0.00945234,0.204462,86116.3
002579.SZ,20260417,128200,12.8,1640960.0,12.83,0.0219742,0.236266,58341.2
002580.SZ,20260417,5639100,29.13,164266983.0,27.8,1.24665,4.39444,45233.9
002581.SZ,20260417,326600,7.69,2511554.0,7.54,0.0814888,6.67902,40079.1
002582.SZ,20260417,120700,12.15,1466505.0,12.26,0.0350625,0.377269,34424.2
002583.SZ,20260417,78900,10.8,852120.0,10.85,0.00615099,0.251309,128272.0
002584.SZ,20260417,29200,7.63,222796.0,7.63,0.00623363,0.232661,46842.7
002585.SZ,20260417,144200,7.06,1018052.0,7.13,0.0162651,0.410669,88656.2
002586.SZ,20260417,158600,4.9,777140.0,4.87,0.0145837,2.40592,108752.0
002587.SZ,20260417,80300,6.51,522753.0,6.56,0.0150742,0.527841,53269.8
002588.SZ,20260417,24100,10.58,254978.0,10.58,0.0028069,0.181449,85859.8
002589.SZ,20260417,16351700,3.61,59029637.0,3.64,1.19741,10.2262,136559.0
002590.SZ,20260417,61300,12.65,775445.0,12.72,0.0123849,1.05089,49495.7
002591.SZ,20260417,68400,7.02,480168.0,6.92,0.0306023,0.869883,22351.2
002592.SZ,20260417,13400,8.27,110818.0,8.28,0.00510091,0.255536,26269.8
002593.SZ,20260417,64100,5.33,341653.0,5.33,0.0114361,0.409565,56050.4
002594.SZ,20260417,354300,104.99,37197957.0,105.54,0.0101617,0.614125,348661.0
002595.SZ,20260417,95200,91.49,8709848.0,89.02,0.0119829,2.52968,79446.8
002596.SZ,20260417,91900,3.57,328083.0,3.58,0.00801552,0.441078,114653.0
002597.SZ,20260417,30400,22.96,697984.0,22.95,0.00535922,0.285228,56724.7
002598.SZ,20260417,59800,8.2,490360.0,8.23,0.0208705,0.262397,28653.0
002599.SZ,20260417,27500,7.07,194425.0,7.1,0.00690943,0.324965,39800.7
002600.SZ,20260417,377300,13.7,5169010.0,13.74,0.00524062,0.40075,719954.0
002601.SZ,20260417,75400,17.89,1348906.0,17.9,0.00379351,0.398676,198760.0
002602.SZ,20260417,535900,17.17,9201403.0,17.32,0.00788455,0.484135,679683.0
002603.SZ,20260417,92400,17.01,1571724.0,17.16,0.00671099,0.621106,137685.0
002605.SZ,20260417,14800,21.03,311244.0,21.14,0.00438828,0.290328,33726.2
002606.SZ,20260417,284700,12.16,3461952.0,12.23,0.0676019,0.888523,42114.2
002607.SZ,20260417,689600,2.65,1827440.0,2.65,0.0135641,0.770705,508400.0
002608.SZ,20260417,22800,8.08,184224.0,8.08,0.000603481,0.177565,377808.0
002609.SZ,20260417,13700,8.47,116039.0,8.48,0.00298215,0.221343,45940.0
002611.SZ,20260417,309700,17.83,5521951.0,17.85,0.0309112,1.15564,100190.0
002612.SZ,20260417,23200,17.11,396952.0,17.15,0.00910735,0.534324,25473.9
002613.SZ,20260417,1932400,4.13,7980812.0,4.17,0.250228,4.57354,77225.7
002614.SZ,20260417,7400,6.23,46102.0,6.23,0.00167699,0.107606,44126.6
002615.SZ,20260417,63200,8.25,521400.0,8.31,0.0206723,0.518975,30572.3
002616.SZ,20260417,59400,5.79,343926.0,5.8,0.010111,0.440428,58748.0
002617.SZ,20260417,373600,7.66,2861776.0,7.65,0.0198975,0.524533,187762.0
002620.SZ,20260417,385500,9.2,3546600.0,9.35,0.122241,1.39399,31536.0
002622.SZ,20260417,258400,2.53,653752.0,2.51,0.0307628,0.967606,83997.5
002623.SZ,20260417,13600,22.34,303824.0,22.3,0.00684669,0.330959,19863.6
002624.SZ,20260417,1253500,20.6,25822100.0,20.78,0.0685822,1.50887,182773.0
002625.SZ,20260417,64100,39.96,2561436.0,39.96,0.00297506,0.236773,215458.0
002626.SZ,20260417,3000,18.25,54750.0,18.31,0.000491916,0.0628234,60986.0
002627.SZ,20260417,132600,7.91,1048866.0,7.96,0.0184909,0.614152,71710.8
002628.SZ,20260417,39600,5.06,200376.0,5.06,0.00525349,0.152592,75378.5
002629.SZ,20260417,125200,6.71,840092.0,6.68,0.0345614,0.605052,36225.4
002630.SZ,20260417,3043880,2.13,6483464.4,2.13,0.295444,6.22641,103027.0
002631.SZ,20260417,123500,7.27,897845.0,7.22,0.0155625,0.577911,79357.2
002632.SZ,20260417,31800,12.07,383826.0,12.06,0.00553596,0.318543,57442.6
002633.SZ,20260417,21800,18.93,412674.0,18.91,0.0145899,0.81198,14941.9
002634.SZ,20260417,2379700,5.85,13921245.0,6.04,0.53295,6.22227,44651.5
002635.SZ,20260417,117100,16.1,1885310.0,15.96,0.0296056,0.358668,39553.3
002636.SZ,20260417,199300,38.72,7716896.0,38.74,0.0275156,0.364297,72431.5
002637.SZ,20260417,38500,11.95,460075.0,11.89,0.00869618,0.281166,44272.3
002638.SZ,20260417,188900,4.74,895386.0,4.74,0.0139648,0.23971,135268.0
002639.SZ,20260417,323900,19.45,6299855.0,19.64,0.0497833,0.38311,65061.9
002640.SZ,20260417,68800,3.5,240800.0,3.51,0.00444369,0.18841,154826.0
002641.SZ,20260417,51900,4.15,215385.0,4.13,0.00457674,0.824025,113399.0
002642.SZ,20260417,65400,8.07,527778.0,8.1,0.00988542,0.550986,66158.0
002643.SZ,20260417,39900,16.54,659946.0,16.53,0.00438801,0.31484,90929.6
002644.SZ,20260417,15400,8.66,133364.0,8.65,0.00301572,0.235913,51065.7
002645.SZ,20260417,391600,22.43,8783588.0,22.73,0.0700627,0.620578,55892.8
002646.SZ,20260417,26400,8.01,211464.0,8.04,0.00554704,0.786862,47593.0
002647.SZ,20260417,496200,10.02,4971924.0,10.12,0.0488727,0.873484,101529.0
002648.SZ,20260417,118300,28.22,3338426.0,28.2,0.00351405,0.196168,336648.0
002649.SZ,20260417,30800,12.02,370216.0,12.07,0.00561487,0.360073,54854.3
002650.SZ,20260417,38000,7.39,280820.0,7.34,0.00343256,0.190332,110705.0
002651.SZ,20260417,15000,9.57,143550.0,9.59,0.00265269,0.245759,56546.4
002652.SZ,20260417,90300,4.85,437955.0,4.86,0.0176345,0.51009,51206.4
002653.SZ,20260417,20200,56.31,1137462.0,56.85,0.00376314,0.211633,53678.6
002654.SZ,20260417,72800,14.8,1077440.0,14.94,0.00861291,0.134766,84524.3
002655.SZ,20260417,816000,21.88,17854080.0,22.77,0.225543,1.79964,36179.3
002656.SZ,20260417,2800,3.1,8680.0,3.1,0.00041384,0.0407434,67659.0
002657.SZ,20260417,45000,22.55,1014750.0,22.55,0.0133883,0.536352,33611.4
002658.SZ,20260417,19500,8.53,166335.0,8.53,0.0054384,0.274834,35856.1
002659.SZ,20260417,24100,5.22,125802.0,5.24,0.00402823,0.243773,59827.8
002660.SZ,20260417,8100,8.6,69660.0,8.63,0.00236161,0.229207,34298.7
002661.SZ,20260417,27200,8.99,244528.0,9.01,0.00864667,0.920587,31457.2
002662.SZ,20260417,42700,4.13,176351.0,4.15,0.0028467,0.164023,149998.0
002663.SZ,20260417,4219200,2.33,9830736.0,2.3,0.326338,4.84135,129289.0
002664.SZ,20260417,11200,21.45,240240.0,21.5,0.00278208,0.192719,40257.6
002666.SZ,20260417,61300,5.48,335924.0,5.48,0.0122436,0.693848,50066.8
002667.SZ,20260417,133700,28.36,3791732.0,28.75,0.0565063,0.412553,23661.1
002668.SZ,20260417,27800,9.32,259096.0,9.34,0.00256431,0.286705,108411.0
002669.SZ,20260417,18800,13.37,251356.0,13.38,0.0062104,0.347223,30271.8
002670.SZ,20260417,117000,14.5,1696500.0,14.58,0.00720732,0.760536,162335.0
002671.SZ,20260417,24800,4.82,119536.0,4.83,0.00450146,0.205532,55093.2
002672.SZ,20260417,21900,4.34,95046.0,4.33,0.00241957,0.277666,90511.8
002673.SZ,20260417,79000,7.36,581440.0,7.36,0.0017675,0.298288,446958.0
002674.SZ,20260417,25400,13.43,341122.0,13.4,0.00868187,0.911466,29256.4
002675.SZ,20260417,102100,14.12,1441652.0,14.23,0.0137345,0.375568,74338.4
002676.SZ,20260417,48400,6.94,335896.0,6.94,0.00672244,0.264461,71997.6
002677.SZ,20260417,72600,7.89,572814.0,7.86,0.0135734,1.25629,53487.1
002678.SZ,20260417,106500,5.89,627285.0,5.9,0.00784487,0.305407,135757.0
002679.SZ,20260417,1600,10.65,17040.0,10.65,0.000678668,0.0445343,23575.6
002681.SZ,20260417,50600,5.23,264638.0,5.25,0.00322444,0.230266,156926.0
002682.SZ,20260417,53200,6.03,320796.0,6.04,0.00946013,0.330099,56236.0
002683.SZ,20260417,46500,42.25,1964625.0,42.42,0.00697613,0.285084,66655.9
002685.SZ,20260417,317900,8.39,2667181.0,8.44,0.0315516,0.496157,100756.0
002686.SZ,20260417,669800,7.69,5150762.0,7.59,0.128134,1.64456,52273.3
002687.SZ,20260417,750500,5.17,3880085.0,4.9,0.181522,8.02368,41345.0
002688.SZ,20260417,10800,5.92,63936.0,5.92,0.00144489,0.0714836,74746.4
002689.SZ,20260417,961000,3.93,3776730.0,3.9,0.0921459,8.12556,104291.0
002690.SZ,20260417,11600,18.2,211120.0,18.27,0.00267437,0.32943,43374.7
002691.SZ,20260417,15500,7.44,115320.0,7.41,0.00461337,0.414388,33598.0
002692.SZ,20260417,740000,6.3,4662000.0,6.45,0.103106,0.98729,71770.9
002693.SZ,20260417,74500,8.36,622820.0,8.36,0.0181273,0.861555,41098.2
002694.SZ,20260417,99200,3.0,297600.0,2.95,0.0138012,0.811942,71878.1
002695.SZ,20260417,17800,11.11,197758.0,11.11,0.00348027,0.395206,51145.5
002696.SZ,20260417,57800,6.92,399976.0,6.92,0.0172802,0.863409,33448.7
002697.SZ,20260417,137000,5.37,735690.0,5.39,0.0119615,0.926094,114534.0
002698.SZ,20260417,36500,13.99,510635.0,14.02,0.004344,0.556539,84023.9
002700.SZ,20260417,43200,6.65,287280.0,6.64,0.0163969,1.00833,26346.5
002701.SZ,20260417,83800,5.38,450844.0,5.4,0.00327676,0.123047,255741.0
002702.SZ,20260417,24600,5.6,137760.0,5.66,0.00536247,0.222174,45874.4
002703.SZ,20260417,793000,20.28,16082040.0,20.28,0.135313,2.54884,58604.8
002705.SZ,20260417,1599483,17.3,27671055.9,17.89,0.19793,3.91923,80810.3
002706.SZ,20260417,42700,10.18,434686.0,10.19,0.00466982,0.0866973,91438.1
002707.SZ,20260417,201600,6.72,1354752.0,6.75,0.0244302,1.03258,82520.7
002708.SZ,20260417,511400,14.02,7169828.0,13.78,0.0989826,2.34628,51665.7
002709.SZ,20260417,484100,49.0,23720900.0,49.16,0.0320806,0.38823,150901.0
002712.SZ,20260417,81400,5.22,424908.0,5.23,0.015049,0.75358,54090.0
002713.SZ,20260417,478100,14.89,7118909.0,15.13,0.0908071,1.53139,52650.1
002714.SZ,20260417,399540,46.16,18442766.4,46.44,0.0105137,0.799397,380019.0
002715.SZ,20260417,9500,15.6,148200.0,15.59,0.00688406,0.226991,13800.0
002716.SZ,20260417,3550100,11.86,42104186.0,12.05,0.152702,2.20733,232485.0
002717.SZ,20260417,564400,1.66,936904.0,1.66,0.034943,1.30988,161520.0
002718.SZ,20260417,6300,75.67,476721.0,75.29,0.0067035,0.204592,9398.08
002719.SZ,20260417,71200,8.6,612320.0,8.53,0.0439883,1.36983,16186.1
002721.SZ,20260417,1057700,3.14,3321178.0,3.1,0.0397724,2.75131,265938.0
002722.SZ,20260417,10200,14.75,150450.0,14.82,0.00458722,0.537178,22235.7
002723.SZ,20260417,25300,9.9,250470.0,9.99,0.00797821,0.19649,31711.4
002724.SZ,20260417,14800,7.04,104192.0,7.04,0.00260661,0.27794,56778.8
002725.SZ,20260417,52700,16.27,857429.0,16.1,0.0248569,0.634585,21201.4
002726.SZ,20260417,5393100,3.62,19523022.0,3.62,0.500129,14.2035,107834.0
002727.SZ,20260417,9700,12.64,122608.0,12.66,0.0024414,0.18192,39731.2
002728.SZ,20260417,43200,10.95,473040.0,10.96,0.0130149,0.215247,33192.7
002729.SZ,20260417,14100,20.4,287640.0,20.45,0.00803585,0.100893,17546.4
002730.SZ,20260417,116000,27.61,3202760.0,27.78,0.0335231,0.461363,34603.0
002731.SZ,20260417,82200,7.21,592662.0,7.22,0.0357926,0.445552,22965.6
002732.SZ,20260417,21300,16.24,345912.0,16.29,0.0136045,1.47466,15656.6
002733.SZ,20260417,379600,32.21,12226916.0,32.18,0.102911,0.905511,36886.3
002734.SZ,20260417,276400,17.81,4922684.0,17.82,0.0636359,1.38671,43434.6
002735.SZ,20260417,20800,15.15,315120.0,15.13,0.00729673,0.270207,28505.9
002736.SZ,20260417,137700,12.2,1679940.0,12.27,0.00143252,0.380311,961243.0
002737.SZ,20260417,7000,12.4,86800.0,12.39,0.00119863,0.196118,58400.0
002738.SZ,20260417,277900,85.53,23768787.0,85.49,0.0390733,0.752695,71122.8
002739.SZ,20260417,216700,9.89,2143163.0,9.93,0.0103195,0.886311,209991.0
002741.SZ,20260417,48700,19.11,930657.0,19.24,0.0114223,0.266978,42635.8
002742.SZ,20260417,46200,4.77,220374.0,4.77,0.00881747,0.859243,52396.0
002743.SZ,20260417,12200,5.35,65270.0,5.35,0.00280737,0.187246,43457.1
002745.SZ,20260417,55600,8.37,465372.0,8.42,0.00522225,0.228539,106468.0
002746.SZ,20260417,10200,6.17,62934.0,6.19,0.00143728,0.0989914,70967.6
002747.SZ,20260417,36230,21.0,760830.0,20.97,0.0046306,0.341923,78240.5
002748.SZ,20260417,10400,12.35,128440.0,12.34,0.00433333,0.237986,24000.0
002749.SZ,20260417,1900,13.36,25384.0,13.42,0.000418824,0.120694,45365.1
002752.SZ,20260417,41200,6.29,259148.0,6.31,0.00422336,0.151949,97552.7
002753.SZ,20260417,10000,7.31,73100.0,7.33,0.00411844,0.166156,24281.0
002755.SZ,20260417,83900,16.22,1360858.0,16.23,0.00903947,0.395926,92815.2
002756.SZ,20260417,69800,79.0,5514200.0,78.9,0.0179559,0.353068,38873.1
002757.SZ,20260417,790000,22.79,18004100.0,22.79,0.280088,5.96663,28205.4
002758.SZ,20260417,4600,9.85,45310.0,9.85,0.000887679,0.0712882,51820.5
002759.SZ,20260417,336500,35.6,11979400.0,36.2,0.0671735,0.498272,50094.2
002760.SZ,20260417,6500,21.65,140725.0,21.65,0.00601915,0.209821,10798.9
002761.SZ,20260417,99000,8.18,809820.0,8.2,0.00915151,1.15432,108179.0
002762.SZ,20260417,208100,7.72,1606532.0,7.77,0.098449,3.37206,21137.8
002763.SZ,20260417,14800,8.08,119584.0,8.08,0.00487461,0.226163,30361.4
002765.SZ,20260417,28500,10.3,293550.0,10.33,0.004783,0.333778,59586.0
002766.SZ,20260417,606400,4.85,2941040.0,4.89,0.0707809,3.6181,85672.8
002767.SZ,20260417,9900,21.59,213741.0,21.68,0.00760377,0.473044,13019.9
002768.SZ,20260417,6700,50.45,338015.0,50.5,0.0037907,0.220339,17674.8
002769.SZ,20260417,29700,10.5,311850.0,10.56,0.00796225,0.493168,37301.0
002771.SZ,20260417,1761240,20.21,35594660.4,18.37,1.00922,9.03171,17451.5
002772.SZ,20260417,42000,18.16,762720.0,18.18,0.0113019,0.308241,37161.9
002773.SZ,20260417,29500,27.19,802105.0,27.28,0.00429507,0.207032,68683.4
002774.SZ,20260417,2200,10.89,23958.0,10.9,0.000780773,0.0675398,28177.2
002775.SZ,20260417,31700,3.88,122996.0,3.87,0.00554419,0.259576,57177.0
002777.SZ,20260417,16300,16.66,271558.0,16.66,0.00402955,0.310364,40451.1
002778.SZ,20260417,7000,20.63,144410.0,20.57,0.00567129,0.189389,12342.9
002779.SZ,20260417,5200,96.81,503412.0,97.18,0.00313615,0.159551,16580.8
002780.SZ,20260417,19200,14.93,286656.0,14.95,0.0146956,0.449393,13065.2
002782.SZ,20260417,9500,22.17,210615.0,22.17,0.00195272,0.0964575,48650.1
002783.SZ,20260417,7300,9.7,70810.0,9.68,0.00158287,0.0744538,46118.8
002785.SZ,20260417,11400,42.44,483816.0,42.7,0.00589162,0.166213,19349.5
002786.SZ,20260417,19000,7.19,136610.0,7.21,0.00384528,0.381321,49411.2
002787.SZ,20260417,586900,16.26,9542994.0,16.31,0.233955,1.5136,25086.0
002788.SZ,20260417,1551800,15.7,24363260.0,15.7,0.40645,2.27334,38179.4
002789.SZ,20260417,5100,13.1,66810.0,13.1,0.00325949,0.170523,15646.6
002790.SZ,20260417,3600,7.76,27936.0,7.77,0.00138091,0.117686,26069.8
002791.SZ,20260417,38300,19.42,743786.0,19.49,0.0175927,0.796046,21770.5
002792.SZ,20260417,338800,48.52,16438576.0,49.38,0.100289,0.567999,33782.4
002793.SZ,20260417,49700,5.14,255458.0,5.17,0.0045767,0.193539,108594.0
002795.SZ,20260417,24400,7.92,193248.0,7.93,0.00561657,0.152798,43442.9
002796.SZ,20260417,18900,48.66,919674.0,48.5,0.0083001,0.125742,22770.8
002797.SZ,20260417,2689000,7.92,21296880.0,8.0,0.0639872,1.12412,420240.0
002798.SZ,20260417,1007600,7.16,7214416.0,7.11,0.21017,5.52701,47942.2
002799.SZ,20260417,11200,8.21,91952.0,8.25,0.00349961,0.23987,32003.6
002800.SZ,20260417,24000,16.85,404400.0,16.91,0.0162335,0.31167,14784.3
002801.SZ,20260417,15300,32.18,492354.0,32.34,0.0132121,1.0896,11580.3
002802.SZ,20260417,792100,15.05,11921105.0,14.87,0.529184,11.3217,14968.3
002803.SZ,20260417,25600,17.19,440064.0,17.28,0.00886782,0.308082,28868.4
002805.SZ,20260417,813900,18.59,15130401.0,18.51,0.292199,3.49354,27854.3
002806.SZ,20260417,50800,14.34,728472.0,14.21,0.0291777,0.394121,17410.6
002807.SZ,20260417,41500,4.62,191730.0,4.63,0.00168835,0.142242,245802.0
002808.SZ,20260417,630000,4.29,2702700.0,4.52,0.381804,11.4244,16500.6
002809.SZ,20260417,27600,10.6,292560.0,10.64,0.0179107,0.332015,15409.8
002810.SZ,20260417,47700,24.47,1167219.0,24.48,0.0147406,0.31311,32359.5
002811.SZ,20260417,11700,13.78,161226.0,13.78,0.00413263,0.350794,28311.3
002812.SZ,20260417,267600,70.94,18983544.0,71.38,0.0325287,0.728114,82265.7
002813.SZ,20260417,4800,24.33,116784.0,24.46,0.0040048,0.36754,11985.6
002815.SZ,20260417,192500,15.31,2947175.0,15.48,0.0247702,0.625423,77714.2
002816.SZ,20260417,12200,25.37,309514.0,25.37,0.0122,0.338893,10000.0
002817.SZ,20260417,23500,8.08,189880.0,8.1,0.00810235,0.379492,29003.9
002818.SZ,20260417,10800,10.81,116748.0,10.81,0.00362009,0.530959,29833.5
002819.SZ,20260417,8200,26.6,218120.0,26.75,0.00348818,0.270866,23507.9
002820.SZ,20260417,20700,10.45,216315.0,10.48,0.0103053,0.399549,20086.8
002821.SZ,20260417,28800,117.22,3375936.0,117.41,0.00908518,0.254885,31700.0
002822.SZ,20260417,15100,3.41,51491.0,3.4,0.00141261,0.0746744,106895.0
002823.SZ,20260417,44600,15.78,703788.0,15.83,0.0203757,0.753871,21888.9
002824.SZ,20260417,536300,28.0,15016400.0,28.78,0.243771,1.28031,22000.1
002825.SZ,20260417,23100,11.2,258720.0,11.29,0.0090043,0.285619,25654.4
002826.SZ,20260417,22200,21.37,474414.0,21.37,0.0121325,0.414056,18297.9
002827.SZ,20260417,26200,32.61,854382.0,32.74,0.0094928,1.02382,27599.9
002828.SZ,20260417,107700,11.99,1291323.0,11.97,0.0556411,0.389717,19356.2
002829.SZ,20260417,12700,23.15,294005.0,23.21,0.00869572,0.238532,14604.9
002830.SZ,20260417,13300,21.74,289142.0,21.74,0.0198945,0.832885,6685.25
002831.SZ,20260417,66400,36.28,2408992.0,36.34,0.0129943,0.622234,51099.3
002832.SZ,20260417,18900,17.66,333774.0,17.65,0.00485339,0.207099,38941.8
002833.SZ,20260417,4100,18.27,74907.0,18.3,0.00142248,0.0903494,28822.9
002835.SZ,20260417,2400,15.89,38136.0,15.89,0.00188549,0.135243,12728.8
002836.SZ,20260417,3800,12.92,49096.0,13.0,0.00164931,0.114528,23040.0
002837.SZ,20260417,251700,105.68,26599656.0,106.18,0.029605,0.421716,85019.5
002838.SZ,20260417,13300,27.89,370937.0,28.07,0.00316191,0.213745,42063.2
002839.SZ,20260417,129200,4.51,582692.0,4.52,0.0052907,0.679049,244202.0
002840.SZ,20260417,195200,13.7,2674240.0,13.82,0.0245032,0.349759,79663.0
002841.SZ,20260417,44000,34.98,1539120.0,35.15,0.0084713,0.913824,51940.1
002842.SZ,20260417,703100,33.86,23806966.0,33.85,0.261899,1.75103,26846.2
002843.SZ,20260417,326800,24.84,8117712.0,24.78,0.130307,1.06365,25079.3
002845.SZ,20260417,48600,13.85,673110.0,13.9,0.0194217,1.11695,25023.5
002846.SZ,20260417,2600,14.59,37934.0,14.58,0.0010116,0.0547698,25701.8
002847.SZ,20260417,10300,54.69,563307.0,54.86,0.00419174,0.3805,24572.1
002848.SZ,20260417,46700,15.15,707505.0,14.99,0.0283157,1.11892,16492.6
002849.SZ,20260417,6500,18.01,117065.0,18.04,0.003358,0.0753209,19356.7
002850.SZ,20260417,241200,202.11,48748932.0,205.59,0.121158,4.77182,19907.9
002851.SZ,20260417,80700,104.53,8435571.0,104.53,0.0176216,0.432452,45796.0
002852.SZ,20260417,17200,9.91,170452.0,9.92,0.00601817,0.410352,28580.1
002853.SZ,20260417,7100,25.81,183251.0,25.78,0.0055165,0.261661,12870.5
002855.SZ,20260417,17900,11.87,212473.0,11.82,0.00726971,0.5214,24622.7
002856.SZ,20260417,92640,11.75,1088520.0,11.72,0.0747673,1.68776,12390.4
002857.SZ,20260417,4700,21.42,100674.0,21.42,0.00367187,0.153839,12800.0
002858.SZ,20260417,38900,16.08,625512.0,16.15,0.0264665,0.474673,14697.8
002859.SZ,20260417,306800,48.65,14925820.0,46.33,0.0755852,3.28757,40589.9
002860.SZ,20260417,25400,12.89,327406.0,12.98,0.00722535,0.286308,35154.0
002861.SZ,20260417,12000,15.93,191160.0,15.9,0.00799103,0.209113,15016.8
002862.SZ,20260417,14600,17.16,250536.0,17.15,0.0115645,0.413044,12624.8
002863.SZ,20260417,8900,5.57,49573.0,5.61,0.00148461,0.0902999,59948.4
002864.SZ,20260417,6700,32.32,216544.0,32.42,0.00903078,0.232981,7419.07
002865.SZ,20260417,103107,74.41,7672191.87,75.11,0.046127,0.471054,22352.8
002866.SZ,20260417,190900,24.23,4625507.0,23.99,0.105346,0.491893,18121.2
002867.SZ,20260417,44700,12.45,556515.0,12.45,0.00414235,0.263352,107910.0
002868.SZ,20260417,3200,39.65,126880.0,39.51,0.00299058,0.286607,10700.2
002869.SZ,20260417,4600,22.26,102396.0,22.26,0.0029203,0.113945,15751.8
002870.SZ,20260417,3500,37.24,130340.0,37.26,0.00271399,0.174551,12896.2
002871.SZ,20260417,9400,18.01,169294.0,18.06,0.00629202,0.20332,14939.6
002872.SZ,20260417,5700,5.08,28956.0,5.09,0.00265217,0.261459,21491.8
002873.SZ,20260417,89000,9.85,876650.0,9.89,0.0371312,0.383036,23969.1
002875.SZ,20260417,468000,21.41,10019880.0,20.99,0.256528,6.1847,18243.7
002876.SZ,20260417,116800,29.45,3439760.0,29.56,0.07842,0.953615,14894.2
002877.SZ,20260417,13100,9.05,118555.0,9.03,0.00544665,0.205088,24051.5
002878.SZ,20260417,48800,17.56,856928.0,17.77,0.0206839,0.44949,23593.3
002879.SZ,20260417,18200,21.47,390754.0,21.54,0.0132009,0.306618,13786.9
002880.SZ,20260417,2200,27.15,59730.0,27.28,0.000970018,0.117129,22680.0
002881.SZ,20260417,31800,39.87,1267866.0,40.15,0.0174797,0.82739,18192.5
002882.SZ,20260417,87600,29.02,2542152.0,29.63,0.0354968,1.0173,24678.3
002883.SZ,20260417,15700,9.66,151662.0,9.69,0.0102397,0.448348,15332.5
002884.SZ,20260417,43700,18.96,828552.0,18.84,0.0160031,0.604726,27307.2
002885.SZ,20260417,150026,26.27,3941183.02,26.3,0.0649723,0.843617,23090.8
002886.SZ,20260417,1800,22.16,39888.0,22.17,0.000860922,0.0409576,20907.8
002887.SZ,20260417,4000,11.42,45680.0,11.42,0.00184136,0.11218,21723.1
002888.SZ,20260417,8300,19.02,157866.0,19.01,0.011078,0.36421,7492.3
002889.SZ,20260417,1900,13.51,25669.0,13.57,0.000756115,0.114957,25128.5
002890.SZ,20260417,2800,16.6,46480.0,16.7,0.00173392,0.126019,16148.4
002891.SZ,20260417,121300,42.0,5094600.0,42.0,0.0376828,0.905429,32189.8
002892.SZ,20260417,14000,11.06,154840.0,11.05,0.00289605,0.307559,48341.7
002893.SZ,20260417,19600,10.33,202468.0,10.36,0.00966571,0.1547,20277.9
002895.SZ,20260417,29200,38.38,1120696.0,38.53,0.00490788,0.281006,59496.1
002896.SZ,20260417,33100,74.0,2449400.0,73.83,0.0168428,0.652966,19652.3
002897.SZ,20260417,46500,66.51,3092715.0,66.34,0.0254899,0.393553,18242.5
002898.SZ,20260417,10600,13.44,142464.0,13.44,0.0104678,0.688584,10126.3
002899.SZ,20260417,37400,33.24,1243176.0,33.36,0.025305,0.832849,14779.7
002900.SZ,20260417,52000,11.5,598000.0,11.56,0.0322736,0.44121,16112.2
002901.SZ,20260417,3600,43.92,158112.0,44.12,0.00124794,0.181744,28847.6
002902.SZ,20260417,538900,30.07,16204723.0,30.62,0.30338,0.988057,17763.2
002903.SZ,20260417,40100,31.1,1247110.0,31.43,0.037602,0.361801,10664.3
002905.SZ,20260417,88100,9.94,875714.0,9.95,0.0252118,1.03304,34944.0
002906.SZ,20260417,39900,31.3,1248870.0,31.3,0.00760561,0.385506,52461.3
002907.SZ,20260417,21800,14.48,315664.0,14.52,0.00726874,0.418907,29991.5
002908.SZ,20260417,5800,9.15,53070.0,9.21,0.00180217,0.121014,32183.5
002909.SZ,20260417,213800,6.54,1398252.0,6.48,0.0562045,1.88927,38039.7
002910.SZ,20260417,32400,10.77,348948.0,10.77,0.0189405,0.958116,17106.2
002911.SZ,20260417,32500,13.68,444600.0,13.68,0.00256504,0.280693,126704.0
002912.SZ,20260417,23100,26.6,614460.0,26.63,0.0142398,0.587212,16222.2
002913.SZ,20260417,11100,50.65,562215.0,50.92,0.00367935,0.136869,30168.3
002915.SZ,20260417,11400,21.27,242478.0,21.28,0.0039573,0.250448,28807.5
002916.SZ,20260417,21100,269.45,5685395.0,270.14,0.00317384,0.138743,66480.9
002917.SZ,20260417,10000,14.18,141800.0,14.15,0.00383811,0.175495,26054.5
002918.SZ,20260417,16100,11.9,191590.0,11.88,0.00751664,0.211592,21419.2
002919.SZ,20260417,8500,20.28,172380.0,20.27,0.00321497,0.24216,26438.8
002920.SZ,20260417,41900,107.5,4504250.0,108.39,0.00755324,0.585696,55472.8
002921.SZ,20260417,28900,27.54,795906.0,27.51,0.02249,0.379857,12850.2
002922.SZ,20260417,80800,39.61,3200488.0,39.82,0.0215477,0.323676,37498.2
002923.SZ,20260417,224400,12.84,2881296.0,12.91,0.0869482,1.54762,25808.5
002925.SZ,20260417,80800,20.11,1624888.0,20.11,0.0110526,0.640699,73104.8
002926.SZ,20260417,27700,8.6,238220.0,8.62,0.00105524,0.165468,262500.0
002927.SZ,20260417,28700,17.3,496510.0,17.25,0.0130018,0.299841,22073.8
002928.SZ,20260417,223100,8.52,1900812.0,8.54,0.0174538,0.752998,127824.0
002929.SZ,20260417,483000,64.5,31153500.0,65.29,0.229387,2.01798,21056.1
002930.SZ,20260417,32200,13.82,445004.0,13.84,0.00743067,0.445149,43333.9
002931.SZ,20260417,54700,69.43,3797821.0,70.16,0.0271796,0.703186,20125.4
002932.SZ,20260417,22600,17.02,384652.0,17.02,0.0144784,0.462157,15609.5
002933.SZ,20260417,3300,32.8,108240.0,32.84,0.00282671,0.20005,11674.4
002935.SZ,20260417,23500,18.8,441800.0,18.77,0.00566141,0.436754,41509.1
002936.SZ,20260417,813500,1.82,1480570.0,1.82,0.011573,1.88483,702930.0
002937.SZ,20260417,5200,31.3,162760.0,31.13,0.00175111,0.0665272,29695.4
002938.SZ,20260417,209100,60.95,12744645.0,61.0,0.00905417,0.504011,230943.0
002939.SZ,20260417,58800,9.19,540372.0,9.2,0.00163213,0.256164,360266.0
002940.SZ,20260417,695900,35.96,25024564.0,35.6,0.375603,4.31304,18527.5
002941.SZ,20260417,51600,15.84,817344.0,15.85,0.0070709,0.463359,72975.1
002942.SZ,20260417,2600,19.52,50752.0,19.52,0.00189492,0.16911,13720.9
002943.SZ,20260417,204900,58.01,11886249.0,57.35,0.140715,0.915489,14561.4
002945.SZ,20260417,30900,15.71,485439.0,15.77,0.00114444,0.201178,270000.0
002946.SZ,20260417,12900,18.3,236070.0,18.3,0.00151639,0.234823,85070.6
002947.SZ,20260417,167200,72.0,12038400.0,72.06,0.0867969,0.910945,19263.4
002948.SZ,20260417,106200,5.25,557550.0,5.25,0.00341205,0.32227,311250.0
002949.SZ,20260417,26300,14.25,374775.0,14.18,0.0173156,0.794836,15188.6
002950.SZ,20260417,224700,13.41,3013227.0,13.5,0.0497129,0.605521,45199.5
002951.SZ,20260417,77700,14.69,1141413.0,14.93,0.0193705,0.946164,40112.4
002952.SZ,20260417,18800,25.72,483536.0,25.93,0.0142808,0.275332,13164.5
002953.SZ,20260417,19900,12.37,246163.0,12.41,0.00732594,0.231668,27163.8
002955.SZ,20260417,6300,25.51,160713.0,25.38,0.00322009,0.301997,19564.7
002956.SZ,20260417,20400,27.86,568344.0,27.75,0.00913879,0.6277,22322.4
002957.SZ,20260417,616300,43.0,26500900.0,41.79,0.147201,1.47619,41867.9
002958.SZ,20260417,357100,2.99,1067729.0,2.99,0.00656495,1.05172,543949.0
002959.SZ,20260417,9300,42.88,398784.0,43.05,0.00617864,0.507185,15051.8
002960.SZ,20260417,100300,12.18,1221654.0,12.17,0.012405,0.830103,80854.7
002961.SZ,20260417,41500,23.8,987700.0,23.85,0.00870147,0.36236,47693.1
002962.SZ,20260417,133900,16.62,2225418.0,16.7,0.0640106,0.33324,20918.4
002963.SZ,20260417,25700,14.79,380103.0,14.79,0.022502,0.782637,11421.2
002965.SZ,20260417,12400,31.07,385268.0,31.07,0.00621798,0.228669,19942.2
002966.SZ,20260417,153900,8.65,1331235.0,8.6,0.00350073,0.513645,439622.0
002967.SZ,20260417,13400,21.23,284482.0,21.36,0.00244871,0.22758,54722.7
002968.SZ,20260417,4600,11.97,55062.0,11.93,0.00215804,0.18338,21315.6
002969.SZ,20260417,383200,22.8,8736960.0,22.93,0.0350823,0.583513,109229.0
002970.SZ,20260417,13400,59.53,797702.0,59.99,0.010765,0.144532,12447.8
002971.SZ,20260417,3500,29.98,104930.0,30.03,0.00223783,0.0896402,15640.1
002972.SZ,20260417,13800,13.02,179676.0,13.02,0.0102491,0.334401,13464.6
002973.SZ,20260417,11700,13.18,154206.0,13.17,0.00368326,0.33592,31765.3
002975.SZ,20260417,144300,96.0,13852800.0,90.88,0.136313,1.10508,10585.9
002976.SZ,20260417,14000,28.77,402780.0,28.6,0.0210004,0.503086,6666.54
002977.SZ,20260417,6700,29.88,200196.0,29.8,0.010057,0.299033,6662.02
002978.SZ,20260417,11200,33.9,379680.0,33.98,0.00303293,0.339943,36928.0
002979.SZ,20260417,15200,39.57,601464.0,39.65,0.00688653,0.290459,22072.1
002980.SZ,20260417,266400,66.4,17688960.0,66.47,0.262748,1.31448,10139.0
002981.SZ,20260417,1400,24.4,34160.0,24.46,0.00117236,0.0716437,11941.7
002982.SZ,20260417,19900,14.37,285963.0,14.37,0.015297,0.452476,13009.1
002983.SZ,20260417,2200,23.85,52470.0,24.0,0.00171664,0.0758561,12815.8
002984.SZ,20260417,34600,17.79,615534.0,17.81,0.00484657,0.368133,71390.7
002985.SZ,20260417,34900,36.85,1286065.0,36.86,0.0105457,0.444269,33093.9
002986.SZ,20260417,56700,15.02,851634.0,15.06,0.0187849,0.665722,30183.7
002987.SZ,20260417,30100,16.63,500563.0,16.7,0.00356826,0.280588,84354.7
002988.SZ,20260417,10400,34.13,354952.0,34.33,0.00416379,0.0993382,24977.2
002989.SZ,20260417,24300,26.6,646380.0,26.63,0.0132543,0.541362,18333.7
002990.SZ,20260417,1637766,48.07,78727411.62,46.32,1.20603,7.73505,13579.9
002991.SZ,20260417,600,50.46,30276.0,50.45,0.00120159,0.0994517,4993.37
002992.SZ,20260417,1300,50.35,65455.0,50.35,0.000822579,0.0826255,15804.0
002993.SZ,20260417,16200,52.68,853416.0,52.5,0.00679396,0.280802,23844.7
002995.SZ,20260417,146900,24.05,3532945.0,24.23,0.130674,0.917115,11241.7
002996.SZ,20260417,5700,7.48,42636.0,7.49,0.00136918,0.0637152,41630.8
002997.SZ,20260417,8300,32.4,268920.0,32.42,0.0039652,0.307843,20932.1
002998.SZ,20260417,53700,9.23,495651.0,9.27,0.0198528,0.273945,27049.0
002999.SZ,20260417,30000,7.0,210000.0,7.01,0.00872816,0.379316,34371.5
003000.SZ,20260417,6200,10.41,64542.0,10.41,0.00201259,0.249637,30806.0
003001.SZ,20260417,9400,16.97,159518.0,17.0,0.0088945,0.277202,10568.3
003002.SZ,20260417,2600,28.41,73866.0,28.36,0.00142195,0.0835257,18284.7
003003.SZ,20260417,15700,13.22,207554.0,13.2,0.0133281,0.440242,11779.6
003004.SZ,20260417,1000,31.08,31080.0,31.48,0.00145473,0.114259,6874.14
003005.SZ,20260417,2100,18.19,38199.0,18.26,0.00165383,0.108165,12697.8
003006.SZ,20260417,2500,16.92,42300.0,16.95,0.000583331,0.0520905,42857.3
003007.SZ,20260417,67200,45.0,3024000.0,45.54,0.0934792,1.02191,7188.76
003008.SZ,20260417,24800,23.75,589000.0,23.55,0.0319081,0.983523,7772.32
003009.SZ,20260417,13400,58.91,789394.0,58.92,0.00813663,0.362093,16468.7
003010.SZ,20260417,10300,31.27,322081.0,31.27,0.00455466,0.092091,22614.2
003011.SZ,20260417,8000,23.99,191920.0,24.09,0.0102448,0.232298,7808.88
003012.SZ,20260417,32100,6.3,202230.0,6.31,0.00280469,0.391999,114451.0
003013.SZ,20260417,10100,13.3,134330.0,13.32,0.00252533,0.693732,39994.7
003015.SZ,20260417,76300,16.18,1234534.0,16.22,0.0308501,0.637418,24732.5
003016.SZ,20260417,47500,8.28,393300.0,8.25,0.0115605,1.34002,41088.3
003017.SZ,20260417,8100,30.91,250371.0,30.93,0.0116903,0.498893,6928.8
003018.SZ,20260417,79000,35.51,2805290.0,35.65,0.0332789,0.525221,23738.8
003019.SZ,20260417,7900,33.56,265124.0,33.56,0.00462337,0.0809901,17087.1
003020.SZ,20260417,7900,24.5,193550.0,24.5,0.00573609,0.436315,13772.5
003021.SZ,20260417,22600,101.4,2291640.0,101.89,0.0109019,0.679612,20730.4
003022.SZ,20260417,28300,21.64,612412.0,21.65,0.00212075,0.218663,133443.0
003023.SZ,20260417,16900,27.8,469820.0,27.86,0.0160796,0.362007,10510.2
003025.SZ,20260417,100,13.98,1398.0,14.0,4.41665e-05,0.00318339,22641.6
003026.SZ,20260417,20400,37.03,755412.0,37.36,0.0213177,0.320459,9569.53
003027.SZ,20260417,10800,22.22,239976.0,22.32,0.0102994,0.195186,10486.1
003028.SZ,20260417,2900,27.91,80939.0,28.04,0.00411125,0.134204,7053.82
003029.SZ,20260417,32700,21.7,709590.0,21.81,0.0185691,0.743599,17609.9
003030.SZ,20260417,8100,20.44,165564.0,20.44,0.0102033,0.614975,7938.58
003031.SZ,20260417,218700,102.93,22510791.0,102.25,0.0642939,1.41022,34015.7
003032.SZ,20260417,5500,6.43,35365.0,6.45,0.00199117,0.175023,27622.0
003033.SZ,20260417,13300,60.13,799729.0,60.6,0.0164719,0.749596,8074.36
003035.SZ,20260417,363000,7.81,2835030.0,7.83,0.0095832,0.538636,378788.0
003036.SZ,20260417,154800,28.36,4390128.0,28.94,0.0715744,0.774855,21627.8
003037.SZ,20260417,8200,7.19,58958.0,7.19,0.00136878,0.29314,59907.5
003038.SZ,20260417,211100,16.1,3398710.0,16.17,0.129329,1.5335,16322.7
003039.SZ,20260417,2500,14.69,36725.0,14.75,0.000404846,0.0900476,61751.9
003040.SZ,20260417,5700,16.13,91941.0,16.13,0.00124767,0.0584711,45685.0
003041.SZ,20260417,106700,57.9,6177930.0,57.97,0.0779837,2.95766,13682.3
003042.SZ,20260417,16400,17.33,284212.0,17.41,0.0128763,0.290055,12736.6
003043.SZ,20260417,5100,54.25,276675.0,54.25,0.00608398,0.141467,8382.67
003816.SZ,20260417,328000,4.41,1446480.0,4.42,0.00083386,0.220733,3933510.0
300001.SZ,20260417,94000,28.85,2711900.0,28.89,0.009083,0.406843,103490.0
300002.SZ,20260417,207800,9.62,1999036.0,9.7,0.0112504,0.654571,184705.0
300003.SZ,20260417,56400,16.55,933420.0,16.64,0.00357208,0.23523,157891.0
300004.SZ,20260417,118100,14.37,1697097.0,14.55,0.0246045,0.559499,47999.4
300005.SZ,20260417,49200,14.53,714876.0,14.61,0.0056127,0.245536,87658.4
300006.SZ,20260417,423743,6.4,2711955.2,6.4,0.040134,0.51186,105582.0
300007.SZ,20260417,18000,44.02,792360.0,44.24,0.0063538,0.221174,28329.5
300008.SZ,20260417,170100,7.6,1292760.0,7.62,0.0103261,0.287893,164729.0
300009.SZ,20260417,66500,9.9,658350.0,9.96,0.00540542,0.323863,123025.0
300010.SZ,20260417,182900,6.18,1130322.0,6.18,0.010996,0.563678,166333.0
300011.SZ,20260417,20100,7.55,151755.0,7.55,0.0039625,0.285127,50725.6
300012.SZ,20260417,90400,15.81,1429224.0,15.81,0.00631619,0.433464,143124.0
300013.SZ,20260417,54300,3.81,206883.0,3.81,0.0121759,0.570297,44596.2
300014.SZ,20260417,407600,70.48,28727648.0,70.98,0.0197309,0.482251,206580.0
300015.SZ,20260417,303200,9.55,2895560.0,9.58,0.00381127,0.560823,795536.0
300016.SZ,20260417,57260,10.31,590350.6,10.36,0.0101865,0.218562,56211.5
300017.SZ,20260417,3363969,18.68,62838940.92,19.14,0.145929,1.28438,230520.0
300018.SZ,20260417,33200,13.01,431932.0,13.09,0.00738907,0.233893,44931.2
300019.SZ,20260417,30395,19.92,605468.4,19.91,0.00824584,0.3401,36861.0
300020.SZ,20260417,125900,3.7,465830.0,3.68,0.0164235,0.737634,76658.4
300021.SZ,20260417,13500,4.33,58455.0,4.35,0.00154685,0.16256,87273.9
300022.SZ,20260417,44300,9.74,431482.0,9.74,0.00896352,0.163838,49422.6
300024.SZ,20260417,62200,14.99,932378.0,15.01,0.00403915,0.410642,153993.0
300025.SZ,20260417,25000,5.35,133750.0,5.37,0.00493689,0.258196,50639.2
300026.SZ,20260417,187900,3.62,680198.0,3.64,0.00686135,0.345995,273853.0
300027.SZ,20260417,26031881,2.02,52584399.62,2.09,1.04757,13.188,248498.0
300029.SZ,20260417,36500,4.59,167535.0,4.61,0.0182172,0.787177,20036.0
300030.SZ,20260417,39500,7.78,307310.0,7.78,0.0145099,0.4827,27222.8
300031.SZ,20260417,30100,21.29,640829.0,21.38,0.00855352,0.515833,35190.2
300032.SZ,20260417,124100,6.02,747082.0,6.01,0.0154513,0.297886,80317.0
300033.SZ,20260417,70534,237.4,16744771.6,239.77,0.0160886,0.421368,43841.1
300034.SZ,20260417,55800,19.09,1065222.0,19.17,0.00727456,0.325644,76705.7
300035.SZ,20260417,128500,22.93,2946505.0,23.0,0.022028,0.284926,58334.8
300036.SZ,20260417,137700,16.02,2205954.0,16.1,0.0314041,1.45824,43847.8
300037.SZ,20260417,115200,63.47,7311744.0,63.51,0.0213838,0.404161,53872.4
300039.SZ,20260417,45500,5.97,271635.0,6.01,0.00496223,0.332816,91692.6
300040.SZ,20260417,192800,6.76,1303328.0,6.8,0.037265,0.469334,51737.6
300041.SZ,20260417,41700,11.12,463704.0,11.12,0.00766421,0.383657,54408.7
300042.SZ,20260417,194700,49.26,9590922.0,49.4,0.0971646,0.540209,20038.2
300043.SZ,20260417,107600,5.62,604712.0,5.67,0.00865276,0.373421,124353.0
300044.SZ,20260417,287100,6.6,1894860.0,6.57,0.0401326,0.552894,71537.8
300045.SZ,20260417,52100,23.0,1198300.0,23.05,0.0100908,0.232496,51631.3
300046.SZ,20260417,19200,31.51,604992.0,31.71,0.00811732,0.3888,23653.1
300047.SZ,20260417,68900,12.35,850915.0,12.39,0.0120053,0.531291,57391.1
300048.SZ,20260417,123900,6.75,836325.0,6.78,0.0110037,0.505897,112598.0
300049.SZ,20260417,16100,56.57,910777.0,56.81,0.00689094,0.29458,23364.0
300050.SZ,20260417,347700,7.27,2527779.0,7.34,0.063855,0.453092,54451.5
300051.SZ,20260417,902800,16.64,15022592.0,16.16,0.245542,1.78962,36767.6
300052.SZ,20260417,728100,13.55,9865755.0,13.78,0.278059,3.59352,26185.1
300053.SZ,20260417,72200,18.0,1299600.0,18.13,0.0110937,0.215514,65081.9
300054.SZ,20260417,126800,51.32,6507376.0,51.78,0.0171781,0.40024,73815.1
300055.SZ,20260417,328700,12.05,3960835.0,12.08,0.0519397,0.951696,63284.9
300056.SZ,20260417,27100,9.22,249862.0,9.34,0.00703622,0.181814,38515.0
300057.SZ,20260417,407300,7.22,2940706.0,7.29,0.0556295,0.471931,73216.6
300058.SZ,20260417,6396860,16.96,108490745.6,17.2,0.183927,1.16131,347793.0
300059.SZ,20260417,1210200,19.95,24143490.0,20.06,0.00907349,0.363151,1333780.0
300061.SZ,20260417,23100,8.15,188265.0,8.18,0.00371281,0.232479,62217.0
300062.SZ,20260417,31700,7.75,245675.0,7.8,0.00691463,0.171064,45844.8
300063.SZ,20260417,330800,11.95,3953060.0,12.1,0.0527967,0.561203,62655.4
300065.SZ,20260417,398700,26.62,10613394.0,27.02,0.0606946,0.445927,65689.5
300066.SZ,20260417,241400,6.48,1564272.0,6.56,0.0239982,1.0959,100591.0
300068.SZ,20260417,258300,12.7,3280410.0,12.79,0.030275,0.375607,85318.0
300069.SZ,20260417,78500,23.53,1847105.0,23.6,0.067094,0.587428,11700.0
300070.SZ,20260417,135800,4.05,549990.0,4.06,0.00395369,0.216228,343477.0
300071.SZ,20260417,278300,5.02,1397066.0,5.07,0.0294388,0.775851,94535.1
300072.SZ,20260417,268100,4.64,1243984.0,4.66,0.0114997,0.462509,233136.0
300073.SZ,20260417,171600,57.56,9877296.0,56.85,0.033915,0.879499,50597.1
300074.SZ,20260417,29200,4.17,121764.0,4.17,0.00533735,0.224111,54708.8
300075.SZ,20260417,20300,12.8,259840.0,12.83,0.00393839,0.316251,51543.8
300076.SZ,20260417,8315400,4.93,40994922.0,5.95,1.96118,75.4423,42400.0
300077.SZ,20260417,92800,21.73,2016544.0,21.94,0.0163863,0.200778,56632.8
300078.SZ,20260417,42400,4.08,172992.0,4.09,0.00380827,0.176777,111337.0
300079.SZ,20260417,99800,5.42,540916.0,5.41,0.00778787,0.437256,128148.0
300080.SZ,20260417,75400,4.64,349856.0,4.65,0.00403023,0.267171,187086.0
300081.SZ,20260417,614800,3.51,2157948.0,3.53,0.10167,1.6299,60470.4
300082.SZ,20260417,233800,11.32,2646616.0,11.42,0.0344674,0.645978,67832.1
300083.SZ,20260417,75900,7.59,576081.0,7.64,0.00508531,0.411915,149254.0
300084.SZ,20260417,14100,10.91,153831.0,10.94,0.00407395,0.080722,34610.2
300085.SZ,20260417,155100,37.65,5839515.0,38.0,0.0237879,0.363336,65201.3
300086.SZ,20260417,160700,7.62,1224534.0,7.67,0.0364662,0.384367,44068.3
300087.SZ,20260417,56100,8.06,452166.0,8.06,0.00621747,0.554675,90229.6
300088.SZ,20260417,12752198,7.52,95896528.96,7.77,0.513063,4.9336,248550.0
300091.SZ,20260417,253600,3.09,783624.0,3.1,0.0155067,1.43405,163542.0
300092.SZ,20260417,6400,16.4,104960.0,16.49,0.00304956,0.131581,20986.6
300093.SZ,20260417,18700,20.23,378301.0,20.1,0.00809602,0.406927,23097.8
300094.SZ,20260417,53700,3.16,169692.0,3.15,0.00485745,0.218565,110552.0
300095.SZ,20260417,8400,9.63,80892.0,9.67,0.00244659,0.0971377,34333.5
300096.SZ,20260417,5800,9.3,53940.0,9.29,0.00134884,0.0545302,43000.0
300097.SZ,20260417,459100,10.32,4737912.0,10.5,0.170032,1.74307,27000.8
300098.SZ,20260417,133700,5.41,723317.0,5.45,0.008672,0.397853,154174.0
300099.SZ,20260417,43900,9.25,406075.0,9.3,0.0075518,0.191401,58131.8
300100.SZ,20260417,22500,30.6,688500.0,30.8,0.00408233,0.352881,55115.6
300101.SZ,20260417,39300,21.26,835518.0,21.3,0.00694293,0.278372,56604.3
300102.SZ,20260417,247000,32.15,7941050.0,32.43,0.0269657,0.401013,91597.7
300103.SZ,20260417,134900,7.56,1019844.0,7.58,0.04251,1.87427,31733.7
300105.SZ,20260417,29800,6.73,200554.0,6.73,0.0057811,0.39674,51547.3
300106.SZ,20260417,19400,9.82,190508.0,9.85,0.00917985,0.321349,21133.2
300107.SZ,20260417,9000,7.04,63360.0,7.08,0.00259151,0.129521,34728.8
300109.SZ,20260417,2200,18.73,41206.0,18.79,0.000491889,0.0202156,44725.6
300110.SZ,20260417,895000,3.35,2998250.0,3.35,0.075793,1.84343,118085.0
300111.SZ,20260417,82100,4.02,330042.0,4.06,0.00637813,0.218924,128721.0
300112.SZ,20260417,33100,8.0,264800.0,8.01,0.0139306,0.595891,23760.6
300113.SZ,20260417,488300,29.79,14546457.0,30.09,0.0959294,0.702855,50902.0
300115.SZ,20260417,325300,33.35,10848755.0,33.71,0.0239743,0.851315,135687.0
300118.SZ,20260417,71200,16.6,1181920.0,16.71,0.00768213,0.145912,92682.6
300119.SZ,20260417,16100,18.9,304290.0,18.94,0.0048258,0.274903,33362.3
300120.SZ,20260417,17000,7.51,127670.0,7.52,0.00322307,0.215861,52744.7
300121.SZ,20260417,16000,12.58,201280.0,12.62,0.00372648,0.113666,42936.0
300122.SZ,20260417,94700,15.6,1477320.0,15.69,0.00669586,0.557962,141431.0
300123.SZ,20260417,53300,6.35,338455.0,6.39,0.00532777,0.24826,100042.0
300124.SZ,20260417,180958,66.71,12071708.18,66.84,0.00754442,0.614879,239857.0
300125.SZ,20260417,38300,9.42,360786.0,9.4,0.010615,0.466157,36081.0
300126.SZ,20260417,31100,7.82,243202.0,7.88,0.0147636,0.906172,21065.3
300127.SZ,20260417,103100,29.8,3072380.0,30.6,0.0446676,1.8034,23081.6
300128.SZ,20260417,112100,6.1,683810.0,6.1,0.00863825,0.517218,129772.0
300129.SZ,20260417,140800,12.45,1752960.0,12.51,0.0195906,0.469989,71871.0
300130.SZ,20260417,41500,23.6,979400.0,23.45,0.00955866,0.358093,43416.1
300131.SZ,20260417,812000,15.38,12488560.0,15.18,0.0779071,0.512796,104227.0
300132.SZ,20260417,36000,8.52,306720.0,8.47,0.00708548,0.306925,50808.1
300133.SZ,20260417,744300,7.44,5537592.0,7.52,0.0461659,1.38225,161223.0
300134.SZ,20260417,53800,11.08,596104.0,11.12,0.00755175,0.302175,71241.8
300135.SZ,20260417,16700,3.77,62959.0,3.77,0.00181207,0.0900337,92160.0
300136.SZ,20260417,460926,69.01,31808503.26,69.8,0.0560248,0.568979,82271.7
300137.SZ,20260417,980560,15.6,15296736.0,16.13,0.184999,1.71368,53003.4
300138.SZ,20260417,29500,12.02,354590.0,12.05,0.00740623,0.531346,39831.3
300139.SZ,20260417,275200,55.81,15358912.0,57.18,0.117778,1.01709,23365.9
300140.SZ,20260417,168200,6.3,1059660.0,6.33,0.0164882,0.819299,102012.0
300141.SZ,20260417,65700,13.44,883008.0,13.33,0.0257911,0.890597,25473.9
300142.SZ,20260417,131000,12.65,1657150.0,12.74,0.00839473,0.348874,156050.0
300143.SZ,20260417,20800,12.21,253968.0,12.33,0.00324363,0.116184,64125.8
300144.SZ,20260417,322100,7.9,2544590.0,7.95,0.0136551,1.14406,235882.0
300145.SZ,20260417,282900,5.15,1456935.0,5.17,0.0148051,0.208162,191083.0
300146.SZ,20260417,126900,11.13,1412397.0,11.13,0.0113234,1.0148,112068.0
300147.SZ,20260417,53900,9.77,526603.0,9.77,0.00819899,0.253845,65739.8
300148.SZ,20260417,253200,4.38,1109016.0,4.39,0.0310985,1.08619,81418.6
300149.SZ,20260417,135600,11.27,1528212.0,11.42,0.0285743,0.335436,47455.3
300150.SZ,20260417,38700,5.48,212076.0,5.49,0.00840896,0.439564,46022.3
300151.SZ,20260417,34300,16.94,581042.0,17.02,0.00930406,0.285156,36865.6
300152.SZ,20260417,216900,2.15,466335.0,2.16,0.030437,0.924737,71261.8
300153.SZ,20260417,69400,28.5,1977900.0,28.78,0.0218013,0.422931,31833.0
300154.SZ,20260417,9700,8.41,81577.0,8.41,0.00307786,0.114905,31515.4
300155.SZ,20260417,21000,4.7,98700.0,4.71,0.00634965,0.315092,33072.7
300157.SZ,20260417,101400,6.36,644904.0,6.39,0.0143256,0.241903,70782.5
300158.SZ,20260417,117600,6.27,737352.0,6.3,0.0118586,0.337426,99168.6
300159.SZ,20260417,303363,3.44,1043568.72,3.41,0.0165606,0.91945,183184.0
300160.SZ,20260417,25000,5.47,136750.0,5.5,0.00327929,0.346272,76236.0
300161.SZ,20260417,8200,28.66,235012.0,28.69,0.00420524,0.432373,19499.5
300162.SZ,20260417,63400,9.37,594058.0,9.43,0.0185292,0.237171,34216.2
300163.SZ,20260417,853300,5.16,4403028.0,5.05,0.188039,3.40727,45379.0
300164.SZ,20260417,579500,13.76,7973920.0,13.64,0.0993637,0.42622,58321.1
300165.SZ,20260417,98000,5.6,548800.0,5.62,0.0233037,0.356802,42053.5
300166.SZ,20260417,3989100,16.45,65620695.0,16.9,0.440406,2.14318,90577.8
300167.SZ,20260417,3500,6.11,21385.0,6.12,0.00097522,0.0497327,35889.3
300168.SZ,20260417,19300,5.58,107694.0,5.6,0.00134104,0.142367,143918.0
300169.SZ,20260417,42800,5.99,256372.0,5.99,0.0141846,0.630863,30173.6
300170.SZ,20260417,598100,21.01,12566081.0,21.25,0.0612286,1.03034,97683.0
300171.SZ,20260417,6100,14.94,91134.0,14.99,0.00108414,0.0993621,56265.7
300172.SZ,20260417,28200,5.32,150024.0,5.34,0.00539263,0.175669,52293.6
300173.SZ,20260417,50700,4.32,219024.0,4.33,0.00690053,0.585031,73472.6
300174.SZ,20260417,8100,17.06,138186.0,17.04,0.00223637,0.117466,36219.5
300175.SZ,20260417,6100,6.52,39772.0,6.52,0.00129567,0.108636,47080.0
300176.SZ,20260417,10200,7.34,74868.0,7.37,0.00263375,0.10467,38728.1
300177.SZ,20260417,38500,7.98,307230.0,8.04,0.00634996,0.399915,60630.3
300179.SZ,20260417,172300,24.33,4192059.0,24.49,0.0460718,0.333757,37398.2
300180.SZ,20260417,146000,6.02,878920.0,6.02,0.00852471,0.448385,171267.0
300181.SZ,20260417,17700,15.9,281430.0,15.91,0.00293576,0.208878,60291.1
300182.SZ,20260417,967900,5.76,5575104.0,5.82,0.0428483,0.774025,225890.0
300183.SZ,20260417,27700,15.07,417439.0,15.15,0.00746572,0.303703,37102.9
300184.SZ,20260417,884500,11.93,10552085.0,11.93,0.0839181,1.03129,105400.0
300185.SZ,20260417,319700,3.21,1026237.0,3.22,0.00831247,0.247211,384603.0
300187.SZ,20260417,44300,5.13,227259.0,5.15,0.0068989,0.512107,64213.1
300188.SZ,20260417,27300,12.49,340977.0,12.54,0.0031911,0.320677,85550.5
300189.SZ,20260417,164300,6.76,1110668.0,6.8,0.018539,0.270486,88624.0
300190.SZ,20260417,29400,4.21,123774.0,4.21,0.00311361,0.0973988,94424.2
300191.SZ,20260417,58606,37.11,2174868.66,37.11,0.0264952,0.304326,22119.5
300192.SZ,20260417,24700,19.52,482144.0,19.72,0.00760848,0.268394,32463.8
300193.SZ,20260417,27100,8.69,235499.0,8.7,0.00646198,0.421875,41937.6
300194.SZ,20260417,37200,4.24,157728.0,4.25,0.00384161,0.184339,96834.4
300195.SZ,20260417,6900,7.72,53268.0,7.74,0.00219806,0.0989349,31391.2
300196.SZ,20260417,232000,19.41,4503120.0,19.43,0.0939553,0.733448,24692.6
300197.SZ,20260417,299500,1.7,509150.0,1.71,0.0101004,0.816252,296522.0
300198.SZ,20260417,10100,2.62,26462.0,2.63,0.000984198,0.0821162,102622.0
300199.SZ,20260417,234600,20.88,4898448.0,20.95,0.0314605,0.399036,74569.8
300200.SZ,20260417,22600,9.57,216282.0,9.56,0.00533118,0.288398,42392.1
300201.SZ,20260417,133400,12.12,1616808.0,12.17,0.0132905,0.313701,100372.0
300203.SZ,20260417,3800,13.74,52212.0,13.79,0.000847517,0.0537894,44836.9
300204.SZ,20260417,247500,30.94,7657650.0,31.51,0.0545557,0.421571,45366.4
300205.SZ,20260417,18100,5.8,104980.0,5.75,0.00420875,0.313526,43005.6
300206.SZ,20260417,15200,14.64,222528.0,14.74,0.004492,0.184284,33838.0
300207.SZ,20260417,1947255,29.17,56801428.35,29.33,0.11362,1.05767,171384.0
300209.SZ,20260417,2866700,13.51,38729117.0,13.58,0.390261,2.16238,73456.0
300210.SZ,20260417,403300,9.59,3867647.0,9.72,0.0832886,3.31867,48422.0
300211.SZ,20260417,4500,8.36,37620.0,8.39,0.00151471,0.171323,29708.6
300212.SZ,20260417,156400,8.26,1291864.0,8.28,0.0223905,0.433593,69851.2
300213.SZ,20260417,20500,7.93,162565.0,7.93,0.00371228,0.25819,55222.2
300214.SZ,20260417,236100,7.97,1881717.0,8.02,0.0507848,1.6057,46490.3
300215.SZ,20260417,136800,8.29,1134072.0,8.45,0.0273671,0.434842,49987.0
300217.SZ,20260417,118000,5.3,625400.0,5.32,0.00961733,0.365884,122695.0
300218.SZ,20260417,10700,14.85,158895.0,14.86,0.00494737,0.209174,21627.6
300219.SZ,20260417,22400,7.68,172032.0,7.7,0.00316989,0.115101,70664.9
300220.SZ,20260417,13500,14.08,190080.0,14.12,0.00893925,0.633133,15101.9
300221.SZ,20260417,77800,10.85,844130.0,10.96,0.017018,0.393478,45716.4
300222.SZ,20260417,32900,11.16,367164.0,11.19,0.00519088,0.251223,63380.4
300223.SZ,20260417,189500,115.0,21792500.0,116.1,0.0450578,0.849561,42057.1
300224.SZ,20260417,37300,14.81,552413.0,14.9,0.00402255,0.195339,92727.4
300225.SZ,20260417,33800,5.8,196040.0,5.8,0.00711493,0.122923,47505.7
300226.SZ,20260417,17600,25.4,447040.0,25.38,0.00574496,0.269318,30635.6
300227.SZ,20260417,59500,11.91,708645.0,11.98,0.0137392,0.268036,43306.8
300228.SZ,20260417,26300,9.32,245116.0,9.35,0.00470564,0.0918822,55890.4
300229.SZ,20260417,98200,18.58,1824556.0,18.72,0.0112482,0.447468,87303.0
300230.SZ,20260417,7200,4.85,34920.0,4.85,0.00114318,0.0680805,62982.2
300231.SZ,20260417,322100,11.71,3771791.0,11.68,0.0725006,1.04412,44427.2
300232.SZ,20260417,131800,6.99,921282.0,7.02,0.0149202,0.531122,88336.7
300233.SZ,20260417,76900,15.75,1211175.0,15.83,0.0207942,0.447505,36981.5
300234.SZ,20260417,8100,5.88,47628.0,5.88,0.00235474,0.065807,34398.7
300235.SZ,20260417,16100,13.45,216545.0,13.48,0.00792579,0.225674,20313.4
300236.SZ,20260417,25400,83.7,2125980.0,83.69,0.00911865,0.258286,27855.0
300237.SZ,20260417,230100,2.36,543036.0,2.37,0.0159581,1.11939,144190.0
300238.SZ,20260417,1400,15.29,21406.0,15.3,0.000528035,0.0239275,26513.4
300239.SZ,20260417,60000,5.4,324000.0,5.4,0.0101736,0.36163,58976.2
300240.SZ,20260417,46900,7.09,332521.0,7.12,0.0129066,0.751865,36337.9
300241.SZ,20260417,87000,6.75,587250.0,6.8,0.0148368,0.23561,58638.0
300242.SZ,20260417,74900,4.73,354277.0,4.76,0.0118035,0.373354,63455.5
300243.SZ,20260417,174300,15.8,2753940.0,15.84,0.0893625,0.540188,19504.8
300244.SZ,20260417,78300,18.96,1484568.0,19.16,0.0156144,0.452881,50145.9
300245.SZ,20260417,435900,14.27,6220293.0,14.42,0.14321,1.57854,30437.9
300246.SZ,20260417,65400,16.13,1054902.0,16.14,0.0309473,0.349187,21132.7
300247.SZ,20260417,53900,4.63,249557.0,4.65,0.00671003,0.530445,80327.5
300248.SZ,20260417,12900,10.58,136482.0,10.59,0.00315316,0.197707,40911.3
300249.SZ,20260417,170900,17.82,3045438.0,18.1,0.0457654,0.555006,37342.6
300250.SZ,20260417,46900,21.78,1021482.0,21.96,0.029805,1.02434,15735.6
300251.SZ,20260417,784176,16.01,12554657.76,16.16,0.0282549,0.623401,277536.0
300252.SZ,20260417,70600,14.07,993342.0,14.11,0.0126344,0.262111,55879.2
300253.SZ,20260417,202100,8.54,1725934.0,8.61,0.0111627,0.421931,181050.0
300254.SZ,20260417,128900,12.13,1563557.0,12.14,0.0570526,0.648896,22593.2
300255.SZ,20260417,85680,44.6,3821328.0,44.85,0.00933643,0.276431,91769.6
300256.SZ,20260417,102800,3.52,361856.0,3.55,0.00458234,0.321439,224339.0
300257.SZ,20260417,13600,30.88,419968.0,30.86,0.00142455,0.0845133,95469.0
300258.SZ,20260417,49800,12.85,639930.0,12.88,0.00873851,0.308879,56989.1
300259.SZ,20260417,59200,4.85,287120.0,4.86,0.00506185,0.235696,116953.0
300260.SZ,20260417,9800,48.78,478044.0,48.97,0.00340707,0.102747,28763.7
300261.SZ,20260417,73900,6.2,458180.0,6.19,0.00789384,0.735505,93617.3
300263.SZ,20260417,51000,10.13,516630.0,10.19,0.00522793,0.157983,97552.9
300264.SZ,20260417,75800,8.64,654912.0,8.64,0.0204628,0.416763,37042.9
300265.SZ,20260417,239500,19.18,4593610.0,19.49,0.0512517,0.416932,46730.2
300266.SZ,20260417,51700,2.45,126665.0,2.46,0.0033293,0.28396,155288.0
300267.SZ,20260417,449600,4.08,1834368.0,4.09,0.0316087,0.4382,142239.0
300268.SZ,20260417,12400,14.35,177940.0,14.28,0.00927398,1.11349,13370.8
300269.SZ,20260417,124200,7.47,927774.0,7.43,0.0236266,0.559598,52568.0
300270.SZ,20260417,87700,11.34,994518.0,11.45,0.0336105,1.0057,26093.0
300271.SZ,20260417,27800,6.71,186538.0,6.73,0.00348702,0.328489,79724.2
300272.SZ,20260417,93500,8.4,785400.0,8.45,0.0201304,0.358442,46447.2
300274.SZ,20260417,639312,133.08,85079640.96,133.9,0.0402079,0.707399,159001.0
300275.SZ,20260417,0,,0.0,11.18,0.0,0.0,27146.1
300276.SZ,20260417,369600,7.28,2690688.0,7.36,0.0349628,1.46762,105712.0
300277.SZ,20260417,310500,19.9,6178950.0,20.01,0.0405588,0.727019,76555.4
300278.SZ,20260417,25900,4.6,119140.0,4.62,0.0018376,0.158545,140945.0
300279.SZ,20260417,73500,8.63,634305.0,8.74,0.0150941,0.487605,48694.4
300281.SZ,20260417,6700,6.85,45895.0,6.89,0.00168627,0.142349,39732.6
300283.SZ,20260417,85200,9.2,783840.0,9.26,0.0232014,0.189894,36721.9
300284.SZ,20260417,153900,6.75,1038825.0,6.79,0.0128534,1.55195,119735.0
300285.SZ,20260417,233600,35.19,8220384.0,35.68,0.0277651,0.515497,84134.5
300286.SZ,20260417,5800,26.26,152308.0,26.24,0.00279148,0.108728,20777.5
300287.SZ,20260417,78100,4.3,335830.0,4.34,0.00592465,0.424672,131822.0
300288.SZ,20260417,22100,12.82,283322.0,12.92,0.00861365,0.556434,25656.9
300289.SZ,20260417,15900,6.68,106212.0,6.68,0.00292733,0.257207,54315.6
300290.SZ,20260417,912207,16.23,14805119.61,16.39,0.142634,2.90264,63954.2
300291.SZ,20260417,312200,6.7,2091740.0,6.78,0.0335425,2.14251,93075.9
300292.SZ,20260417,91600,4.98,456168.0,5.02,0.00820829,0.190339,111594.0
300293.SZ,20260417,10600,18.04,191224.0,18.12,0.00313204,0.144296,33843.8
300294.SZ,20260417,29900,19.0,568100.0,19.05,0.00592961,0.621413,50424.9
300295.SZ,20260417,55400,10.08,558432.0,10.12,0.0330695,0.666139,16752.6
300296.SZ,20260417,302500,7.65,2314125.0,7.67,0.0132995,0.290753,227453.0
300298.SZ,20260417,22800,15.92,362976.0,15.93,0.00505641,0.652324,45091.3
300299.SZ,20260417,10905,5.96,64993.8,5.99,0.00158222,0.0790312,68922.3
300300.SZ,20260417,200800,12.9,2590320.0,12.93,0.0301138,0.215438,66680.5
300301.SZ,20260417,357500,3.75,1340625.0,3.8,0.0452647,0.785056,78979.9
300302.SZ,20260417,302500,23.99,7256975.0,23.51,0.0820197,0.846159,36881.4
300303.SZ,20260417,329100,9.65,3175815.0,9.66,0.0247593,0.249732,132920.0
300304.SZ,20260417,30000,12.87,386100.0,12.93,0.00351076,0.200889,85451.6
300305.SZ,20260417,41300,6.32,261016.0,6.32,0.012847,0.547234,32147.6
300306.SZ,20260417,1700,12.42,21114.0,12.49,0.00107866,0.0644129,15760.2
300307.SZ,20260417,19500,6.54,127530.0,6.56,0.00247808,0.297862,78689.9
300308.SZ,20260417,1137907,841.0,956979787.0,809.61,0.102932,3.89063,110550.0
300310.SZ,20260417,704100,6.3,4435830.0,6.33,0.101841,2.62684,69137.3
300311.SZ,20260417,20700,5.35,110745.0,5.36,0.00385181,0.253051,53740.9
300313.SZ,20260417,13700,8.31,113847.0,8.34,0.00694188,0.379339,19735.3
300314.SZ,20260417,7800,12.89,100542.0,12.87,0.00542641,0.225678,14374.1
300315.SZ,20260417,216600,4.94,1070004.0,4.97,0.00838551,0.223445,258303.0
300316.SZ,20260417,587550,44.66,26239983.0,45.6,0.047708,1.65098,123156.0
300317.SZ,20260417,216200,4.83,1044246.0,4.85,0.0260823,0.381783,82891.3
300318.SZ,20260417,73200,5.81,425292.0,5.85,0.00916674,0.726198,79853.9
300319.SZ,20260417,41900,12.36,517884.0,12.41,0.00497165,0.163548,84277.8
300320.SZ,20260417,60700,9.84,597288.0,9.91,0.012507,0.583355,48533.0
300321.SZ,20260417,7500,34.46,258450.0,34.41,0.00845586,0.601347,8869.59
300322.SZ,20260417,525000,31.92,16758000.0,31.26,0.119201,1.05479,44043.1
300323.SZ,20260417,166100,9.87,1639407.0,9.93,0.0139851,0.335314,118769.0
300324.SZ,20260417,48100,4.82,231842.0,4.84,0.00281288,0.129823,170999.0
300326.SZ,20260417,22700,6.87,155949.0,6.82,0.00318799,0.227226,71204.7
300327.SZ,20260417,22300,25.18,561514.0,25.35,0.006581,0.270208,33885.4
300328.SZ,20260417,95100,16.76,1593876.0,16.83,0.0138556,0.202615,68636.7
300329.SZ,20260417,5200,14.99,77948.0,15.0,0.00206244,0.103495,25212.8
300331.SZ,20260417,15200,43.88,666976.0,44.13,0.00723066,0.141617,21021.6
300332.SZ,20260417,97100,5.74,557354.0,5.77,0.011698,0.221136,83005.4
300333.SZ,20260417,8800,9.3,81840.0,9.3,0.00262859,0.0948971,33478.0
300334.SZ,20260417,32500,7.33,238225.0,7.35,0.0107605,0.614081,30203.0
300335.SZ,20260417,424900,6.9,2931810.0,7.02,0.110605,1.1731,38416.1
300337.SZ,20260417,1478626,13.8,20405038.8,13.56,0.207844,4.72836,71141.1
300338.SZ,20260417,245300,3.8,932140.0,3.83,0.0702139,2.67967,34936.1
300339.SZ,20260417,79900,40.51,3236749.0,40.74,0.0102741,0.502575,77768.6
300340.SZ,20260417,17800,11.32,201496.0,11.32,0.00650911,0.243786,27346.3
300341.SZ,20260417,6700,14.96,100232.0,15.03,0.00130004,0.141774,51536.9
300342.SZ,20260417,421000,55.03,23167630.0,55.8,0.100526,0.71498,41879.9
300343.SZ,20260417,20000,6.65,133000.0,6.67,0.00187579,0.111382,106622.0
300344.SZ,20260417,1154500,0.26,300170.0,0.26,0.180392,2.20041,63999.4
300345.SZ,20260417,41000,6.68,273880.0,6.73,0.0085533,0.13942,47934.7
300346.SZ,20260417,99900,48.07,4802193.0,48.04,0.0152289,0.358303,65599.0
300347.SZ,20260417,25500,58.63,1495065.0,58.62,0.0045036,0.198302,56621.4
300348.SZ,20260417,78000,13.78,1074840.0,13.82,0.0110513,0.208472,70579.7
300349.SZ,20260417,18400,14.27,262568.0,14.27,0.00497558,0.303653,36980.6
300350.SZ,20260417,19500,5.33,103935.0,5.36,0.00413516,0.153699,47156.5
300351.SZ,20260417,343900,18.21,6262419.0,17.85,0.130556,2.36018,26341.1
300352.SZ,20260417,946300,7.73,7314899.0,7.81,0.074126,1.25838,127661.0
300353.SZ,20260417,35400,19.71,697734.0,19.71,0.006589,0.369713,53725.9
300354.SZ,20260417,12600,37.1,467460.0,37.0,0.0154965,0.65247,8130.86
300355.SZ,20260417,188300,3.81,717423.0,3.81,0.0145017,0.196538,129847.0
300357.SZ,20260417,60500,26.95,1630475.0,27.1,0.0124983,0.519087,48406.4
300358.SZ,20260417,57000,10.56,601920.0,10.61,0.00812776,0.292126,70130.0
300359.SZ,20260417,90300,5.07,457821.0,5.06,0.0142586,1.24065,63330.2
300360.SZ,20260417,24400,16.5,402600.0,16.53,0.0048773,0.393803,50027.7
300363.SZ,20260417,12800,22.4,286720.0,22.53,0.00256587,0.0901013,49885.6
300364.SZ,20260417,267500,28.02,7495350.0,28.41,0.0405051,0.511561,66041.1
300365.SZ,20260417,68500,5.99,410315.0,6.01,0.0133861,0.328658,51172.5
300366.SZ,20260417,63900,5.66,361674.0,5.65,0.0120452,1.01885,53050.2
300368.SZ,20260417,97100,10.85,1053535.0,10.93,0.0183573,0.503097,52894.3
300369.SZ,20260417,61500,8.26,507990.0,8.29,0.00761086,0.224835,80805.6
300370.SZ,20260417,44800,2.55,114240.0,2.55,0.00286909,0.234413,156147.0
300371.SZ,20260417,3700,12.68,46916.0,12.68,0.00275276,0.167282,13441.0
300373.SZ,20260417,32300,77.55,2504865.0,77.76,0.00595789,0.310267,54213.8
300374.SZ,20260417,10800,14.2,153360.0,14.2,0.00439232,0.358699,24588.3
300375.SZ,20260417,13200,4.87,64284.0,4.89,0.00249883,0.127981,52824.8
300376.SZ,20260417,83900,6.24,523536.0,6.27,0.00360483,0.296501,232743.0
300377.SZ,20260417,665200,17.96,11946992.0,18.43,0.0963326,2.17059,69052.4
300378.SZ,20260417,61200,40.94,2505528.0,41.27,0.0227078,0.59417,26951.0
300380.SZ,20260417,4100,35.0,143500.0,35.14,0.00321908,0.173688,12736.6
300381.SZ,20260417,9300,6.39,59427.0,6.39,0.00190052,0.117471,48934.1
300382.SZ,20260417,13700,12.06,165222.0,12.1,0.00211309,0.180854,64833.8
300383.SZ,20260417,1405200,18.51,26010252.0,18.78,0.0783472,0.794246,179355.0
300384.SZ,20260417,48700,15.76,767512.0,15.9,0.022113,1.11889,22023.3
300385.SZ,20260417,426500,14.45,6162925.0,14.42,0.146734,1.01075,29066.3
300386.SZ,20260417,5600,14.35,80360.0,14.4,0.00223323,0.0978558,25075.8
300387.SZ,20260417,12600,8.61,108486.0,8.61,0.00436052,0.166693,28895.7
300388.SZ,20260417,1100,7.99,8789.0,7.99,0.000161517,0.0384233,68104.2
300389.SZ,20260417,22300,19.87,443101.0,19.98,0.0101624,0.183334,21943.7
300390.SZ,20260417,1126100,85.0,95718500.0,85.68,0.167508,1.15649,67226.8
300393.SZ,20260417,88800,9.53,846264.0,9.54,0.00928963,0.156695,95590.5
300394.SZ,20260417,540300,361.89,195529167.0,355.57,0.0696395,1.22333,77585.2
300395.SZ,20260417,157100,107.55,16896105.0,108.94,0.0307058,0.425977,51163.0
300396.SZ,20260417,600,11.66,6996.0,11.62,0.000220353,0.0297159,27229.0
300397.SZ,20260417,48500,11.91,577635.0,11.97,0.0119604,0.444802,40550.5
300398.SZ,20260417,313800,28.93,9078234.0,29.2,0.0556531,0.758533,56385.0
300399.SZ,20260417,20300,21.18,429954.0,21.29,0.0102743,0.504485,19758.1
300400.SZ,20260417,51300,27.9,1431270.0,28.11,0.0212147,0.240197,24181.4
300401.SZ,20260417,78500,14.2,1114700.0,14.19,0.0146756,0.776701,53490.1
300402.SZ,20260417,4800,19.25,92400.0,19.31,0.00197029,0.159041,24361.8
300403.SZ,20260417,13400,11.9,159460.0,11.97,0.00313774,0.176259,42705.9
300404.SZ,20260417,13700,10.36,141932.0,10.43,0.00479958,0.120621,28544.2
300405.SZ,20260417,38100,6.12,233172.0,6.14,0.0174113,0.488664,21882.3
300406.SZ,20260417,8400,12.1,101640.0,12.11,0.00197963,0.330917,42432.2
300407.SZ,20260417,7700,13.16,101332.0,13.24,0.00298525,0.0837442,25793.5
300408.SZ,20260417,118400,64.91,7685344.0,65.07,0.00633221,0.362473,186980.0
300409.SZ,20260417,146000,26.8,3912800.0,26.77,0.0212366,0.358354,68749.3
300410.SZ,20260417,472700,9.6,4537920.0,9.63,0.128761,1.76689,36711.5
300411.SZ,20260417,18500,10.83,200355.0,10.88,0.00598482,0.23145,30911.6
300412.SZ,20260417,39800,5.28,210144.0,5.3,0.00850679,0.34399,46786.2
300413.SZ,20260417,52300,21.1,1103530.0,21.17,0.00511892,0.401726,102170.0
300414.SZ,20260417,36800,14.11,519248.0,14.18,0.0117369,0.47521,31354.0
300415.SZ,20260417,168500,24.87,4190595.0,25.52,0.0371889,2.97031,45309.2
300416.SZ,20260417,30500,18.2,555100.0,18.26,0.00604015,0.178418,50495.4
300417.SZ,20260417,37400,12.8,478720.0,12.8,0.0427125,1.16946,8756.22
300418.SZ,20260417,301300,51.45,15501885.0,52.02,0.0240177,0.602062,125449.0
300419.SZ,20260417,8300,7.38,61254.0,7.37,0.00225695,0.120259,36775.4
300420.SZ,20260417,193600,3.68,712448.0,3.69,0.0173431,0.989669,111630.0
300421.SZ,20260417,65700,24.9,1635930.0,25.12,0.0285225,0.487437,23034.4
300422.SZ,20260417,14000,4.66,65240.0,4.66,0.00273731,0.162806,51145.2
300423.SZ,20260417,18400,8.15,149960.0,8.15,0.00551955,0.152745,33336.0
300424.SZ,20260417,70400,18.12,1275648.0,18.01,0.0287006,0.70544,24529.1
300425.SZ,20260417,26200,4.94,129428.0,4.94,0.00385822,0.413123,67907.0
300426.SZ,20260417,51000,7.64,389640.0,7.72,0.01275,0.748139,40000.0
300427.SZ,20260417,78500,12.62,990670.0,12.72,0.0156062,0.197482,50300.5
300428.SZ,20260417,19900,21.43,426457.0,21.53,0.00333467,0.309409,59676.1
300429.SZ,20260417,55700,13.75,765875.0,13.8,0.0139088,0.356487,40046.7
300430.SZ,20260417,23600,18.18,429048.0,18.22,0.00908202,0.493682,25985.4
300432.SZ,20260417,347600,25.98,9030648.0,25.97,0.0205613,0.453184,169056.0
300433.SZ,20260417,1288600,25.46,32807756.0,25.64,0.0259291,1.12756,496970.0
300434.SZ,20260417,22900,10.48,239992.0,10.53,0.00669354,0.293711,34212.1
300435.SZ,20260417,50900,27.61,1405349.0,27.75,0.013801,0.508132,36881.5
300436.SZ,20260417,124200,116.0,14407200.0,117.01,0.0908413,1.00393,13672.2
300437.SZ,20260417,37400,15.93,595782.0,15.99,0.0215251,0.336421,17375.1
300438.SZ,20260417,446300,67.3,30035990.0,68.58,0.110425,0.85374,40416.4
300439.SZ,20260417,7100,9.92,70432.0,9.95,0.00242874,0.11985,29233.2
300440.SZ,20260417,74600,16.46,1227916.0,16.57,0.0170389,0.71499,43782.2
300441.SZ,20260417,3700,7.16,26492.0,7.17,0.000590536,0.115942,62654.9
300442.SZ,20260417,567305,94.0,53326670.0,95.78,0.0348078,0.922945,162982.0
300443.SZ,20260417,15900,29.82,474138.0,29.93,0.0065493,0.153037,24277.4
300444.SZ,20260417,403900,15.38,6211982.0,15.39,0.0649935,0.550117,62144.7
300445.SZ,20260417,9800,21.49,210602.0,21.46,0.00697251,0.22783,14055.2
300446.SZ,20260417,56800,20.55,1167240.0,20.55,0.015205,0.394731,37356.0
300447.SZ,20260417,27900,19.88,554652.0,19.96,0.0138494,0.267203,20145.3
300448.SZ,20260417,38000,6.77,257260.0,6.82,0.00818007,0.171848,46454.4
300449.SZ,20260417,2000,7.15,14300.0,7.17,0.000518086,0.0330331,38603.6
300450.SZ,20260417,279700,53.6,14991920.0,53.66,0.0179362,0.471498,155941.0
300451.SZ,20260417,65500,4.59,300645.0,4.61,0.00429032,0.281991,152669.0
300452.SZ,20260417,6800,14.93,101524.0,14.97,0.00342345,0.134059,19863.0
300453.SZ,20260417,38000,9.43,358340.0,9.5,0.0105597,0.37853,35986.0
300454.SZ,20260417,119700,114.0,13645800.0,113.14,0.0415621,0.86298,28800.3
300455.SZ,20260417,16500,25.17,415305.0,25.22,0.00232846,0.123839,70862.2
300456.SZ,20260417,212500,52.88,11237000.0,52.55,0.0355679,0.36579,59744.9
300457.SZ,20260417,54700,27.88,1525036.0,28.02,0.00862911,0.302221,63390.1
300458.SZ,20260417,125500,37.78,4741390.0,38.1,0.0190175,0.339394,65992.0
300459.SZ,20260417,228700,4.16,951392.0,4.16,0.0069573,0.367615,328719.0
300460.SZ,20260417,49300,8.63,425459.0,8.65,0.0175567,1.3904,28080.4
300461.SZ,20260417,207300,58.6,12147780.0,61.12,0.144256,1.69424,14370.3
300462.SZ,20260417,5500,12.72,69960.0,12.82,0.00398452,0.223082,13803.4
300463.SZ,20260417,1300,10.83,14079.0,10.86,0.000264335,0.024688,49180.0
300464.SZ,20260417,107000,7.76,830320.0,7.81,0.0301118,0.509547,35534.3
300465.SZ,20260417,18100,15.22,275482.0,15.25,0.00407888,0.146868,44374.9
300466.SZ,20260417,4600,8.76,40296.0,8.8,0.00102479,0.10195,44887.2
300467.SZ,20260417,80600,32.22,2596932.0,32.35,0.0478176,1.79657,16855.7
300468.SZ,20260417,109100,31.44,3430104.0,31.6,0.0205931,0.228856,52979.0
300469.SZ,20260417,12700,54.4,690880.0,54.66,0.00511617,0.197758,24823.3
300470.SZ,20260417,15700,37.11,582627.0,37.25,0.00796371,0.254554,19714.4
300471.SZ,20260417,35657,13.13,468176.41,13.11,0.00972768,0.347207,36655.2
300472.SZ,20260417,10900,8.04,87636.0,8.07,0.00411567,0.174913,26484.1
300473.SZ,20260417,5200,32.24,167648.0,32.26,0.00346551,0.137422,15005.0
300474.SZ,20260417,76800,60.6,4654080.0,60.91,0.0188942,0.952443,40647.4
300475.SZ,20260417,168700,156.0,26317200.0,156.8,0.0378778,0.406427,44538.0
300476.SZ,20260417,334100,305.04,101913864.0,303.5,0.0389858,0.703849,85698.0
300477.SZ,20260417,456600,2.52,1150632.0,2.54,0.0460816,1.13021,99085.1
300478.SZ,20260417,15500,26.81,415555.0,26.72,0.0122362,0.40984,12667.3
300479.SZ,20260417,17000,19.23,326910.0,19.2,0.00863258,0.380796,19692.8
300480.SZ,20260417,61100,34.22,2090842.0,34.15,0.0226161,0.258964,27016.2
300481.SZ,20260417,121900,15.14,1845566.0,15.15,0.0420235,1.46638,29007.6
300482.SZ,20260417,11800,17.85,210630.0,17.91,0.00274373,0.280013,43007.1
300483.SZ,20260417,191100,19.54,3734094.0,19.65,0.0500686,0.538621,38167.6
300484.SZ,20260417,34300,17.31,593733.0,17.31,0.0206189,1.03176,16635.3
300485.SZ,20260417,128300,12.0,1539600.0,12.09,0.0468561,0.517814,27381.7
300486.SZ,20260417,11500,24.0,276000.0,24.08,0.00241087,0.0897035,47700.6
300487.SZ,20260417,10000,71.4,714000.0,71.62,0.00324655,0.381814,30801.9
300488.SZ,20260417,4600,28.77,132342.0,28.93,0.00283507,0.174022,16225.3
300489.SZ,20260417,126200,68.35,8625770.0,67.01,0.0910216,0.793959,13864.8
300490.SZ,20260417,139000,19.67,2734130.0,19.67,0.0353462,0.440525,39325.3
300491.SZ,20260417,70100,27.46,1924946.0,27.75,0.0449389,0.716841,15599.0
300492.SZ,20260417,22700,50.95,1156565.0,50.95,0.0115415,0.541264,19668.1
300493.SZ,20260417,42500,15.9,675750.0,16.0,0.00838907,0.474311,50661.1
300494.SZ,20260417,79500,11.86,942870.0,11.96,0.0199574,0.839388,39834.8
300496.SZ,20260417,25200,61.27,1544004.0,61.54,0.00683629,0.268518,36862.1
300497.SZ,20260417,340300,19.01,6469103.0,18.96,0.0771931,0.53376,44084.3
300498.SZ,20260417,155480,17.08,2655598.4,17.17,0.00261342,0.282679,594930.0
300499.SZ,20260417,226100,41.9,9473590.0,41.95,0.0833077,0.543443,27140.4
300500.SZ,20260417,16700,10.75,179525.0,10.7,0.00996432,0.445339,16759.8
300501.SZ,20260417,32100,19.43,623703.0,19.53,0.0318692,0.403353,10072.4
300502.SZ,20260417,668900,550.0,367895000.0,537.5,0.0755461,1.60258,88541.9
300503.SZ,20260417,123000,56.51,6950730.0,56.37,0.0510426,0.709231,24097.5
300504.SZ,20260417,14500,15.96,231420.0,15.95,0.00664371,0.163692,21825.2
300505.SZ,20260417,174600,27.05,4722930.0,27.51,0.0803271,1.09685,21736.1
300506.SZ,20260417,0,,0.0,5.06,0.0,0.0,73469.6
300507.SZ,20260417,30500,8.65,263825.0,8.67,0.00393553,0.282924,77499.2
300508.SZ,20260417,4400,39.14,172216.0,39.14,0.00537509,0.252281,8185.91
300509.SZ,20260417,23400,12.13,283842.0,12.16,0.00946971,0.361811,24710.4
300510.SZ,20260417,67800,4.25,288150.0,4.25,0.00822126,0.404293,82469.1
300511.SZ,20260417,27100,7.06,191326.0,7.07,0.00483882,0.119461,56005.4
300512.SZ,20260417,4700,9.19,43193.0,9.2,0.00145103,0.144268,32390.7
300513.SZ,20260417,10800,8.94,96552.0,8.95,0.00374639,0.135123,28827.8
300514.SZ,20260417,0,,0.0,13.24,0.0,0.0,16025.8
300515.SZ,20260417,16400,18.5,303400.0,18.54,0.00812842,0.869916,20176.1
300516.SZ,20260417,9900,60.75,601425.0,61.01,0.0055,0.19769,18000.0
300517.SZ,20260417,8600,11.94,102684.0,11.96,0.0068122,0.237475,12624.4
300518.SZ,20260417,18300,20.64,377712.0,20.75,0.00917782,0.268842,19939.4
300519.SZ,20260417,2800,15.39,43092.0,15.39,0.00245399,0.114016,11410.0
300520.SZ,20260417,430800,37.63,16211004.0,38.4,0.154959,2.50074,27800.8
300521.SZ,20260417,2700,26.41,71307.0,26.57,0.00180325,0.135745,14973.0
300522.SZ,20260417,266700,13.49,3597783.0,13.5,0.101366,1.67931,26310.6
300523.SZ,20260417,31700,22.02,698034.0,22.02,0.0136427,2.04266,23235.8
300525.SZ,20260417,29400,10.48,308112.0,10.49,0.00472606,0.3017,62208.3
300527.SZ,20260417,17100,8.16,139536.0,8.16,0.0016818,0.233727,101677.0
300528.SZ,20260417,221000,16.75,3701750.0,17.04,0.0593117,1.81006,37260.8
300529.SZ,20260417,8300,17.66,146578.0,17.72,0.00161957,0.248022,51248.2
300530.SZ,20260417,4300,24.66,106038.0,24.68,0.00250071,0.179648,17195.1
300531.SZ,20260417,90900,20.11,1827999.0,20.31,0.0294405,0.348823,30875.9
300532.SZ,20260417,15800,11.91,188178.0,11.93,0.00365928,0.208821,43177.9
300533.SZ,20260417,52800,25.7,1356960.0,25.87,0.032004,0.475182,16498.0
300534.SZ,20260417,12500,9.51,118875.0,9.6,0.00413837,0.186521,30205.1
300535.SZ,20260417,8300,19.92,165336.0,19.92,0.0102266,0.394031,8116.1
300536.SZ,20260417,19300,8.16,157488.0,8.11,0.00658104,0.332382,29326.7
300537.SZ,20260417,5200,22.13,115076.0,22.21,0.00342466,0.147282,15184.0
300538.SZ,20260417,67800,15.85,1074630.0,15.95,0.0560399,1.25791,12098.5
300539.SZ,20260417,18700,28.95,541365.0,28.96,0.00858238,0.254826,21788.8
300540.SZ,20260417,72600,20.68,1501368.0,20.59,0.0351187,1.61164,20672.7
300541.SZ,20260417,39200,14.7,576240.0,14.78,0.0101432,0.348579,38646.7
300542.SZ,20260417,15200,16.24,246848.0,16.28,0.00613736,0.239909,24766.4
300543.SZ,20260417,97300,9.88,961324.0,9.82,0.0388891,2.54128,25019.9
300545.SZ,20260417,32700,32.25,1054575.0,32.57,0.0273505,0.505381,11955.9
300546.SZ,20260417,12600,21.84,275184.0,21.84,0.00940902,0.22154,13391.4
300547.SZ,20260417,110700,38.8,4295160.0,38.82,0.0626723,0.455909,17663.3
300548.SZ,20260417,148803,246.09,36618930.27,241.26,0.0552595,0.598926,26928.0
300549.SZ,20260417,30500,17.4,530700.0,17.54,0.0301817,1.67209,10105.5
300550.SZ,20260417,60700,11.72,711404.0,11.83,0.0231414,0.616636,26230.1
300551.SZ,20260417,4800,14.13,67824.0,14.15,0.00141562,0.0520713,33907.3
300552.SZ,20260417,60100,26.62,1599862.0,26.84,0.0444895,0.983431,13508.8
300553.SZ,20260417,2800,42.32,118496.0,42.27,0.00329818,0.0944805,8489.54
300554.SZ,20260417,2700,22.8,61560.0,22.87,0.00341362,0.113797,7909.49
300555.SZ,20260417,500,13.8,6900.0,13.8,0.000252545,0.0155898,19798.5
300556.SZ,20260417,106300,18.52,1968676.0,18.53,0.0979665,2.94867,10850.6
300557.SZ,20260417,63400,34.6,2193640.0,34.84,0.0531493,1.50023,11928.7
300558.SZ,20260417,16200,44.91,727542.0,45.09,0.00386273,0.17704,41939.3
300559.SZ,20260417,101000,15.28,1543280.0,15.28,0.0324616,0.390752,31113.7
300560.SZ,20260417,47300,16.3,770990.0,16.4,0.0252989,0.592798,18696.5
300561.SZ,20260417,137100,16.83,2307393.0,16.97,0.0568744,0.693849,24105.8
300562.SZ,20260417,7100,13.42,95282.0,13.46,0.00435699,0.166121,16295.7
300563.SZ,20260417,26500,32.96,873440.0,32.96,0.0206796,0.811593,12814.6
300564.SZ,20260417,3600,15.2,54720.0,15.13,0.00318044,0.182861,11319.2
300565.SZ,20260417,48000,14.36,689280.0,14.42,0.0210337,0.173436,22820.5
300566.SZ,20260417,10000,18.69,186900.0,18.77,0.0044115,0.240423,22668.0
300567.SZ,20260417,37100,129.5,4804450.0,130.4,0.0163401,0.438244,22704.9
300568.SZ,20260417,369300,15.74,5812782.0,15.8,0.0303416,0.454783,121714.0
300569.SZ,20260417,53100,6.6,350460.0,6.63,0.00520772,0.189595,101964.0
300570.SZ,20260417,86700,133.97,11615199.0,134.52,0.045111,0.27132,19219.3
300571.SZ,20260417,169300,36.3,6145590.0,36.25,0.146406,1.04341,11563.7
300572.SZ,20260417,4500,28.98,130410.0,29.08,0.00245102,0.0679917,18359.7
300573.SZ,20260417,17300,67.73,1171729.0,67.81,0.00912778,0.49588,18953.1
300575.SZ,20260417,53700,6.08,326496.0,6.11,0.0156693,0.548388,34270.8
300576.SZ,20260417,9900,35.28,349272.0,35.36,0.00425524,0.186528,23265.4
300577.SZ,20260417,1200,19.02,22824.0,19.09,0.000844091,0.120747,14216.5
300578.SZ,20260417,24800,21.88,542624.0,22.07,0.0125116,0.316365,19821.6
300579.SZ,20260417,10500,27.31,286755.0,27.48,0.00403112,0.298757,26047.3
300580.SZ,20260417,37800,27.18,1027404.0,27.2,0.00799843,0.222796,47259.2
300581.SZ,20260417,11800,12.9,152220.0,12.94,0.00214503,0.132392,55011.0
300582.SZ,20260417,30100,12.97,390397.0,13.06,0.0135867,0.461356,22154.0
300583.SZ,20260417,19700,14.33,282301.0,14.26,0.0105829,0.968553,18614.9
300584.SZ,20260417,7700,43.6,335720.0,43.77,0.00937758,0.147055,8211.07
300585.SZ,20260417,8700,17.49,152163.0,17.6,0.00508442,0.0704421,17111.1
300586.SZ,20260417,70100,10.14,710814.0,10.15,0.0131127,0.234469,53459.6
300587.SZ,20260417,396900,5.87,2329803.0,5.93,0.0377304,1.32892,105194.0
300588.SZ,20260417,400,25.3,10120.0,25.29,0.000226216,0.0127327,17682.2
300589.SZ,20260417,34200,16.15,552330.0,16.19,0.0147664,0.240038,23160.7
300590.SZ,20260417,5300,11.87,62911.0,11.88,0.00149564,0.145071,35436.2
300591.SZ,20260417,7500,7.05,52875.0,7.05,0.00214014,0.0997058,35044.5
300592.SZ,20260417,5200,13.12,68224.0,13.12,0.00149047,0.0667449,34888.4
300593.SZ,20260417,168400,28.07,4726988.0,27.86,0.0374003,0.620502,45026.4
300594.SZ,20260417,4700,29.52,138744.0,29.79,0.00516494,0.111713,9099.81
300595.SZ,20260417,29100,14.16,412056.0,14.21,0.00435306,0.492399,66849.5
300596.SZ,20260417,2000,44.06,88120.0,43.81,0.000896681,0.0731896,22304.5
300597.SZ,20260417,43400,9.49,411866.0,9.5,0.0159928,0.916985,27137.2
300598.SZ,20260417,11500,37.77,434355.0,37.94,0.00530147,0.396453,21692.1
300599.SZ,20260417,23000,10.97,252310.0,10.97,0.0108316,0.136494,21234.1
300600.SZ,20260417,8200,12.71,104222.0,12.71,0.00278689,0.227962,29423.4
300601.SZ,20260417,9900,14.2,140580.0,14.24,0.00109954,0.102929,90037.4
300602.SZ,20260417,63500,34.8,2209800.0,35.06,0.0160595,0.294955,39540.4
300603.SZ,20260417,426200,12.18,5191116.0,12.32,0.113978,0.87096,37393.1
300604.SZ,20260417,112500,153.7,17291250.0,154.09,0.022984,0.510899,48947.1
300605.SZ,20260417,64100,14.8,948680.0,14.88,0.0507191,1.35274,12638.2
300606.SZ,20260417,20700,37.71,780597.0,38.04,0.0175909,0.18228,11767.4
300607.SZ,20260417,25200,26.23,660996.0,26.23,0.00746668,0.37189,33749.9
300608.SZ,20260417,267700,13.17,3525609.0,13.35,0.0930881,0.955162,28757.7
300609.SZ,20260417,7500,37.23,279225.0,37.6,0.00625369,0.164828,11992.9
300610.SZ,20260417,95000,12.02,1141900.0,11.96,0.0566744,1.99723,16762.4
300611.SZ,20260417,11000,27.3,300300.0,27.48,0.00741725,0.228456,14830.3
300612.SZ,20260417,14600,15.18,221628.0,15.28,0.00811655,0.249036,17987.9
300613.SZ,20260417,5500,43.92,241560.0,44.16,0.00250456,0.123181,21960.0
300614.SZ,20260417,143500,13.42,1925770.0,13.21,0.0894412,4.79872,16044.1
300615.SZ,20260417,65500,13.84,906520.0,13.81,0.0432964,0.836464,15128.3
300616.SZ,20260417,7300,12.25,89425.0,12.24,0.00470943,0.293472,15500.8
300617.SZ,20260417,60600,60.76,3682056.0,59.57,0.0436211,0.675617,13892.4
300618.SZ,20260417,105500,45.95,4847725.0,45.87,0.0387161,0.633897,27249.7
300619.SZ,20260417,23700,42.68,1011516.0,42.82,0.0162927,0.352755,14546.4
300620.SZ,20260417,310400,238.16,73924864.0,231.06,0.125616,1.64262,24710.3
300621.SZ,20260417,58700,8.41,493667.0,8.4,0.0289835,1.33247,20252.9
300622.SZ,20260417,18400,24.89,457976.0,25.06,0.0118121,0.345349,15577.3
300623.SZ,20260417,50300,28.54,1435562.0,28.61,0.00655497,0.417675,76735.7
300624.SZ,20260417,27300,70.31,1919463.0,71.19,0.0159432,0.371515,17123.3
300625.SZ,20260417,5500,11.82,65010.0,11.82,0.00339565,0.340091,16197.2
300626.SZ,20260417,52500,26.0,1365000.0,26.15,0.0291826,0.407417,17990.2
300627.SZ,20260417,145200,34.0,4936800.0,34.28,0.0224034,1.76159,64811.6
300628.SZ,20260417,19900,35.58,708042.0,35.67,0.00274219,0.231089,72569.7
300629.SZ,20260417,18797,23.81,447556.57,24.01,0.00866884,0.158571,21683.4
300631.SZ,20260417,11900,27.54,327726.0,27.65,0.00987626,0.420368,12049.1
300632.SZ,20260417,229700,17.18,3946246.0,17.41,0.103838,0.674172,22121.1
300633.SZ,20260417,479300,28.65,13731945.0,27.29,0.178849,10.6936,26799.1
300634.SZ,20260417,97900,27.7,2711830.0,27.78,0.0225434,0.559567,43427.4
300635.SZ,20260417,39700,14.52,576444.0,14.35,0.0329695,0.57622,12041.4
300636.SZ,20260417,1700,8.16,13872.0,8.18,0.000462764,0.023209,36735.8
300637.SZ,20260417,4400,11.85,52140.0,11.83,0.00187629,0.0897528,23450.5
300638.SZ,20260417,33900,25.59,867501.0,25.68,0.00639082,0.272779,53044.9
300639.SZ,20260417,103900,6.78,704442.0,6.84,0.016358,0.255269,63516.4
300640.SZ,20260417,77900,7.06,549974.0,7.06,0.0352889,0.900151,22074.9
300641.SZ,20260417,33400,18.88,630592.0,18.88,0.00635531,0.324532,52554.5
300642.SZ,20260417,1600,17.13,27408.0,17.12,0.00116189,0.0632103,13770.7
300643.SZ,20260417,7200,17.88,128736.0,17.93,0.0031189,0.153623,23085.1
300644.SZ,20260417,17100,30.54,522234.0,30.63,0.0193041,0.432599,8858.24
300645.SZ,20260417,23100,17.33,400323.0,17.3,0.0165805,0.805264,13932.0
300647.SZ,20260417,86300,6.4,552320.0,6.4,0.0188988,0.776857,45664.2
300648.SZ,20260417,33800,53.02,1792076.0,53.64,0.0254735,1.1444,13268.7
300649.SZ,20260417,49100,15.58,764978.0,15.65,0.0462698,1.87151,10611.7
300650.SZ,20260417,28200,16.1,454020.0,16.1,0.0165546,0.273321,17034.5
300651.SZ,20260417,171300,30.1,5156130.0,30.42,0.195921,0.87724,8743.3
300652.SZ,20260417,3400,43.32,147288.0,43.5,0.00284001,0.197881,11971.8
300653.SZ,20260417,2000,19.93,39860.0,19.93,0.00111111,0.108545,18000.0
300654.SZ,20260417,7900,10.86,85794.0,10.92,0.00224265,0.101526,35226.2
300655.SZ,20260417,100400,15.04,1510016.0,15.06,0.00941054,0.40623,106689.0
300656.SZ,20260417,58700,24.22,1421714.0,24.23,0.0441692,0.807655,13289.8
300657.SZ,20260417,353100,35.0,12358500.0,35.25,0.0753676,0.788646,46850.4
300658.SZ,20260417,109500,22.18,2428710.0,22.32,0.0485557,0.334905,22551.4
300659.SZ,20260417,11200,13.1,146720.0,13.15,0.00591845,0.242703,18923.9
300660.SZ,20260417,16600,43.5,722100.0,43.77,0.00371549,0.343661,44677.9
300661.SZ,20260417,39900,77.35,3086265.0,77.71,0.00666226,0.14069,59889.5
300662.SZ,20260417,11300,24.41,275833.0,24.53,0.00575698,0.276204,19628.4
300663.SZ,20260417,21800,13.35,291030.0,13.37,0.00474267,0.216662,45965.7
300664.SZ,20260417,120100,6.31,757831.0,6.34,0.0159655,0.359174,75224.5
300665.SZ,20260417,22900,7.78,178162.0,7.76,0.0105012,0.467121,21807.1
300666.SZ,20260417,64500,151.76,9788520.0,154.05,0.0291702,0.649365,22111.6
300667.SZ,20260417,28800,17.83,513504.0,17.86,0.016683,0.255353,17263.0
300668.SZ,20260417,25300,57.19,1446907.0,56.8,0.0253777,0.313058,9969.39
300669.SZ,20260417,0,,0.0,31.89,0.0,0.0,18250.0
300670.SZ,20260417,63500,6.47,410845.0,6.47,0.0282606,0.761653,22469.4
300671.SZ,20260417,44500,44.1,1962450.0,44.62,0.0201592,0.229898,22074.3
300672.SZ,20260417,56900,164.06,9335014.0,162.63,0.0270517,0.403273,21033.8
300673.SZ,20260417,5300,16.2,85860.0,16.25,0.00330355,0.147366,16043.3
300674.SZ,20260417,32300,20.45,660535.0,20.5,0.00459452,0.234278,70301.2
300675.SZ,20260417,92700,15.69,1454463.0,15.23,0.0632045,5.23548,14666.7
300676.SZ,20260417,11600,40.28,467248.0,40.36,0.00278815,0.274213,41604.7
300677.SZ,20260417,20600,53.06,1093036.0,53.09,0.00442427,0.122986,46561.3
300678.SZ,20260417,8500,29.0,246500.0,29.08,0.00291898,0.199866,29119.7
300679.SZ,20260417,279999,43.88,12286356.12,43.23,0.0778984,0.998933,35944.1
300680.SZ,20260417,35600,40.3,1434680.0,40.59,0.0202459,0.505572,17583.8
300681.SZ,20260417,314000,27.85,8744900.0,27.52,0.136052,1.57038,23079.5
300682.SZ,20260417,20100,16.18,325218.0,16.22,0.00194895,0.103379,103132.0
300683.SZ,20260417,26700,35.0,934500.0,35.23,0.0218737,0.242426,12206.5
300684.SZ,20260417,140700,59.17,8325219.0,59.64,0.0688683,0.980402,20430.3
300685.SZ,20260417,67500,23.41,1580175.0,23.52,0.0173267,0.531482,38957.2
300686.SZ,20260417,114100,18.2,2076620.0,18.2,0.0671477,0.551466,16992.4
300687.SZ,20260417,97500,20.39,1988025.0,20.58,0.0296275,1.18136,32908.6
300688.SZ,20260417,2300,25.16,57868.0,25.27,0.00155009,0.04767,14837.8
300689.SZ,20260417,38800,51.33,1991604.0,51.69,0.0383467,1.27855,10118.2
300690.SZ,20260417,28000,30.91,865480.0,30.93,0.025275,0.340002,11078.1
300691.SZ,20260417,5200,16.45,85540.0,16.51,0.00235573,0.157965,22073.8
300692.SZ,20260417,57996,8.62,499925.52,8.62,0.0115146,0.401046,50367.4
300693.SZ,20260417,80600,50.93,4104958.0,50.96,0.0299792,0.363979,26885.3
300694.SZ,20260417,9100,12.28,111748.0,12.31,0.00419219,0.241911,21707.0
300695.SZ,20260417,1400,72.17,101038.0,72.21,0.0013691,0.0927478,10225.7
300696.SZ,20260417,93300,34.66,3233778.0,34.26,0.0350901,0.840225,26588.7
300697.SZ,20260417,25100,15.92,399592.0,16.02,0.0124571,0.39884,20149.1
300698.SZ,20260417,6100,36.52,222772.0,36.81,0.00514568,0.277772,11854.6
300699.SZ,20260417,78400,34.62,2714208.0,34.95,0.00954455,0.440058,82141.1
300700.SZ,20260417,17700,15.4,272580.0,15.41,0.00654077,0.161034,27061.0
300701.SZ,20260417,9300,11.9,110670.0,11.94,0.00373311,0.294513,24912.2
300702.SZ,20260417,6800,22.8,155040.0,22.93,0.00322024,0.207116,21116.4
300703.SZ,20260417,309200,19.85,6137620.0,20.29,0.182245,7.31186,16966.2
300705.SZ,20260417,6200,14.14,87668.0,14.18,0.00168073,0.107232,36888.8
300706.SZ,20260417,14700,36.5,536550.0,36.6,0.0129337,0.129206,11365.6
300707.SZ,20260417,10700,16.21,173447.0,16.34,0.00733861,0.222264,14580.4
300708.SZ,20260417,792200,9.64,7636808.0,9.6,0.111575,2.82796,71001.4
300709.SZ,20260417,17600,42.14,741664.0,42.34,0.0117897,0.269977,14928.3
300710.SZ,20260417,1100,30.3,33330.0,30.12,0.00147493,0.0407661,7458.0
300711.SZ,20260417,4400,25.26,111144.0,25.31,0.00177115,0.102992,24842.6
300712.SZ,20260417,43700,28.53,1246761.0,28.53,0.0234015,1.6885,18674.0
300713.SZ,20260417,136800,16.97,2321496.0,17.07,0.15352,3.88448,8910.88
300715.SZ,20260417,6700,13.44,90048.0,13.42,0.00214086,0.143309,31295.9
300716.SZ,20260417,9000,14.1,126900.0,14.14,0.0056243,0.146583,16002.0
300717.SZ,20260417,18400,20.82,383088.0,20.82,0.0180652,0.93583,10185.3
300718.SZ,20260417,8100,72.13,584253.0,71.92,0.00417866,0.183903,19384.2
300719.SZ,20260417,88300,16.06,1418098.0,16.16,0.0491593,1.84484,17962.0
300720.SZ,20260417,58100,60.8,3532480.0,57.9,0.0332662,0.34377,17465.2
300721.SZ,20260417,4600,14.24,65504.0,14.27,0.00332486,0.126488,13835.2
300722.SZ,20260417,13900,31.25,434375.0,31.07,0.00502247,0.38006,27675.6
300723.SZ,20260417,46700,37.11,1733037.0,37.05,0.0111406,0.247213,41918.9
300724.SZ,20260417,60400,109.2,6595680.0,110.39,0.020993,0.395215,28771.4
300725.SZ,20260417,13100,38.38,502778.0,38.56,0.00646231,0.172571,20271.4
300726.SZ,20260417,4500,44.12,198540.0,44.22,0.0020985,0.0936893,21443.8
300727.SZ,20260417,72600,34.41,2498166.0,34.39,0.0448484,2.16635,16187.9
300729.SZ,20260417,19800,12.9,255420.0,13.04,0.00603504,0.532855,32808.4
300730.SZ,20260417,51900,14.78,767082.0,14.89,0.0268468,0.470314,19331.9
300731.SZ,20260417,8100,74.84,606204.0,75.26,0.00673994,0.0991989,12017.9
300732.SZ,20260417,49000,6.86,336140.0,6.85,0.0132379,0.812887,37015.0
300733.SZ,20260417,3900,18.18,70902.0,18.2,0.00172961,0.0635785,22548.4
300735.SZ,20260417,39300,22.24,874032.0,22.25,0.00518869,0.507949,75741.7
300736.SZ,20260417,1054760,24.74,26094762.4,23.78,0.843226,8.50858,12508.6
300737.SZ,20260417,186400,6.53,1217192.0,6.38,0.0210172,0.914013,88689.2
300738.SZ,20260417,1164200,25.97,30234274.0,25.94,0.118208,1.38845,98487.2
300739.SZ,20260417,275500,29.02,7995010.0,28.82,0.0802837,0.596208,34315.8
300740.SZ,20260417,16900,21.6,365040.0,21.61,0.00467752,0.300875,36130.3
300741.SZ,20260417,31900,17.1,545490.0,17.21,0.00517961,0.462968,61587.7
300743.SZ,20260417,6600,18.27,120582.0,18.3,0.00518009,0.327466,12741.1
300745.SZ,20260417,29500,27.21,802695.0,27.29,0.0207292,0.725696,14231.2
300746.SZ,20260417,1700,13.69,23273.0,13.66,0.000760472,0.0487925,22354.5
300747.SZ,20260417,40800,32.6,1330080.0,32.6,0.00801141,0.170537,50927.4
300748.SZ,20260417,81600,32.46,2648736.0,32.67,0.00722104,0.26926,113003.0
300749.SZ,20260417,56800,25.01,1420568.0,25.26,0.0360874,0.488763,15739.6
300750.SZ,20260417,1055700,455.96,481356972.0,453.98,0.0248,2.22619,425685.0
300751.SZ,20260417,52300,231.0,12081300.0,231.89,0.0270491,0.451646,19335.2
300752.SZ,20260417,21400,19.4,415160.0,19.5,0.0136076,0.208194,15726.5
300753.SZ,20260417,8600,28.34,243724.0,28.48,0.0097832,0.246596,8790.58
300755.SZ,20260417,7700,13.31,102487.0,13.4,0.00184898,0.275962,41644.6
300756.SZ,20260417,5600,49.5,277200.0,49.52,0.00426731,0.158216,13123.0
300757.SZ,20260417,96918,504.82,48926144.76,496.46,0.064332,1.43439,15065.3
300758.SZ,20260417,13600,13.96,189856.0,13.91,0.00378049,0.159281,35974.2
300759.SZ,20260417,85900,31.24,2683516.0,31.39,0.00604916,0.22389,142003.0
300760.SZ,20260417,28200,159.92,4509744.0,160.46,0.00232789,0.393567,121140.0
300761.SZ,20260417,17800,21.97,391066.0,22.12,0.00283432,0.166144,62801.6
300762.SZ,20260417,109600,39.08,4283168.0,39.3,0.0174532,0.307377,62796.6
300763.SZ,20260417,49600,92.58,4591968.0,93.38,0.0154233,0.228028,32159.1
300765.SZ,20260417,23800,33.64,800632.0,34.0,0.00169444,0.15422,140459.0
300766.SZ,20260417,142561,37.11,5290438.71,37.48,0.0397937,0.520432,35825.0
300767.SZ,20260417,32700,23.01,752427.0,22.95,0.0136311,0.161473,23989.2
300768.SZ,20260417,35500,17.03,604565.0,17.14,0.00843896,0.341881,42066.8
300769.SZ,20260417,114200,47.64,5440488.0,47.92,0.0453611,0.492744,25175.7
300770.SZ,20260417,33000,40.78,1345740.0,40.8,0.0144839,1.50256,22783.9
300771.SZ,20260417,11700,14.0,163800.0,14.04,0.00655194,0.24218,17857.3
300772.SZ,20260417,79800,16.0,1276800.0,16.04,0.0114347,0.271803,69787.6
300773.SZ,20260417,3437759,26.76,91994430.84,25.26,0.468004,6.22434,73455.8
300774.SZ,20260417,72200,18.23,1316206.0,18.35,0.0370484,0.752938,19488.0
300775.SZ,20260417,54600,37.39,2041494.0,37.72,0.0102701,0.231569,53164.1
300776.SZ,20260417,143420,84.78,12159147.6,82.8,0.085326,1.45222,16808.5
300777.SZ,20260417,323800,31.35,10151130.0,31.69,0.0766597,1.62065,42238.6
300778.SZ,20260417,184600,13.7,2529020.0,12.79,0.0906593,5.78373,20361.9
300779.SZ,20260417,3100,90.11,279341.0,90.61,0.00192649,0.075526,16091.4
300780.SZ,20260417,15200,24.08,366016.0,24.33,0.0141349,0.123331,10753.5
300781.SZ,20260417,6300,35.99,226737.0,36.2,0.0051995,0.1543,12116.6
300782.SZ,20260417,206740,105.8,21873092.0,103.47,0.0461218,0.660812,44824.8
300783.SZ,20260417,6600,18.64,123024.0,18.67,0.00235491,0.165292,28026.6
300784.SZ,20260417,1900,50.8,96520.0,50.58,0.0112234,0.297162,1692.89
300785.SZ,20260417,23200,50.91,1181112.0,51.41,0.0189644,0.211906,12233.4
300786.SZ,20260417,235100,15.0,3526500.0,14.9,0.160656,4.4306,14633.7
300787.SZ,20260417,19500,12.28,239460.0,12.28,0.00992201,0.588789,19653.3
300788.SZ,20260417,17000,33.02,561340.0,33.41,0.00894024,0.229829,19015.2
300789.SZ,20260417,800,21.5,17200.0,21.43,0.000808931,0.0340557,9889.6
300790.SZ,20260417,36400,29.97,1090908.0,30.18,0.011213,0.153043,32462.4
300791.SZ,20260417,46800,21.4,1001520.0,21.44,0.0182326,2.05895,25668.3
300792.SZ,20260417,10900,35.77,389893.0,35.8,0.0051286,0.186829,21253.4
300793.SZ,20260417,24600,14.36,353256.0,14.4,0.00661135,0.627386,37208.7
300795.SZ,20260417,3300,11.9,39270.0,11.91,0.00189671,0.116152,17398.5
300796.SZ,20260417,16600,9.16,152056.0,9.15,0.00459652,0.344922,36114.3
300797.SZ,20260417,5500,15.51,85305.0,15.51,0.00145314,0.124554,37849.2
300798.SZ,20260417,2037165,12.96,26401658.4,13.42,0.534105,3.97062,38141.6
300800.SZ,20260417,17000,12.02,204340.0,12.02,0.00725313,0.605301,23438.2
300801.SZ,20260417,1800,26.53,47754.0,26.64,0.00131877,0.0366898,13649.1
300802.SZ,20260417,32300,19.01,614023.0,19.0,0.0165882,0.998529,19471.7
300803.SZ,20260417,61500,99.17,6098955.0,99.82,0.0101596,0.269967,60533.9
300804.SZ,20260417,23000,50.5,1161500.0,51.08,0.0836364,0.489464,2750.0
300805.SZ,20260417,7200,10.5,75600.0,10.58,0.00249695,0.1303,28835.1
300806.SZ,20260417,65500,55.63,3643765.0,54.39,0.0207141,0.385492,31621.0
300807.SZ,20260417,6200,54.54,338148.0,54.65,0.0119369,0.371435,5194.0
300808.SZ,20260417,3700,24.93,92241.0,25.03,0.00311187,0.138548,11890.0
300809.SZ,20260417,2500,33.3,83250.0,33.45,0.00166036,0.107476,15057.0
300810.SZ,20260417,10000,32.34,323400.0,32.53,0.00877266,0.477429,11399.1
300811.SZ,20260417,9000,84.1,756900.0,84.06,0.00378742,0.109451,23762.8
300812.SZ,20260417,86100,41.42,3566262.0,41.97,0.0928722,0.486114,9270.81
300813.SZ,20260417,5400,28.0,151200.0,28.13,0.00710049,0.107027,7605.11
300814.SZ,20260417,33500,97.0,3249500.0,97.92,0.0174999,0.319631,19143.0
300815.SZ,20260417,44100,21.3,939330.0,21.36,0.0112967,1.28359,39038.1
300816.SZ,20260417,4400,68.21,300124.0,68.7,0.00776445,0.154429,5666.86
300817.SZ,20260417,15200,20.3,308560.0,20.26,0.0121346,0.167859,12526.1
300818.SZ,20260417,8500,35.06,298010.0,35.1,0.0077638,0.276308,10948.2
300819.SZ,20260417,29200,50.78,1482776.0,50.69,0.0216678,0.329785,13476.2
300820.SZ,20260417,4000,46.92,187680.0,47.07,0.00357847,0.160005,11178.0
300821.SZ,20260417,285100,13.82,3940082.0,13.86,0.0237625,0.400977,119979.0
300822.SZ,20260417,2700,14.08,38016.0,14.14,0.000934314,0.174034,28898.2
300823.SZ,20260417,13900,16.44,228516.0,16.44,0.0163936,0.584161,8478.94
300824.SZ,20260417,1300,10.46,13598.0,10.42,0.000410749,0.0419398,31649.5
300825.SZ,20260417,27600,8.97,247572.0,9.05,0.00569674,0.397644,48448.8
300826.SZ,20260417,7100,16.6,117860.0,16.61,0.00418682,0.226711,16958.0
300827.SZ,20260417,92200,37.8,3485160.0,38.13,0.0239329,0.297647,38524.4
300828.SZ,20260417,9200,21.59,198628.0,21.69,0.0109044,0.0943694,8436.93
300829.SZ,20260417,10200,18.33,186966.0,18.42,0.00644572,0.21112,15824.4
300830.SZ,20260417,87100,11.0,958100.0,11.06,0.0258392,0.584225,33708.5
300831.SZ,20260417,93300,17.23,1607559.0,17.03,0.0505734,0.693927,18448.4
300832.SZ,20260417,10100,46.16,466216.0,46.34,0.00147851,0.171151,68312.2
300833.SZ,20260417,1600,33.94,54304.0,33.92,0.0019691,0.162947,8125.55
300834.SZ,20260417,267657,40.94,10957877.58,41.06,0.139096,2.01673,19242.7
300835.SZ,20260417,12600,95.0,1197000.0,95.0,0.0151544,0.280498,8314.42
300836.SZ,20260417,1200,62.21,74652.0,62.5,0.00189119,0.0622476,6345.22
300837.SZ,20260417,13900,37.35,519165.0,37.26,0.018388,0.957142,7559.28
300838.SZ,20260417,10000,15.38,153800.0,15.37,0.00982754,0.43535,10175.5
300839.SZ,20260417,35600,15.04,535424.0,15.02,0.012289,0.219328,28968.9
300840.SZ,20260417,206000,19.7,4058200.0,19.71,0.116328,1.85876,17708.5
300841.SZ,20260417,4500,59.09,265905.0,59.28,0.00378376,0.200153,11892.9
300842.SZ,20260417,21500,84.35,1813525.0,85.49,0.016651,0.399955,12912.1
300843.SZ,20260417,32100,68.5,2198850.0,67.98,0.0199998,0.360051,16050.2
300844.SZ,20260417,5500,34.38,189090.0,34.43,0.0061084,0.404051,9003.99
300845.SZ,20260417,22900,12.92,295868.0,12.94,0.0158358,0.288398,14460.9
300846.SZ,20260417,319800,30.79,9846642.0,31.22,0.0815802,0.691395,39200.7
300847.SZ,20260417,9600,15.77,151392.0,15.82,0.00324313,0.290842,29601.0
300848.SZ,20260417,800,14.95,11960.0,14.99,0.000316052,0.0300727,25312.3
300849.SZ,20260417,0,,0.0,20.55,0.0,0.0,12146.8
300850.SZ,20260417,23800,42.2,1004360.0,42.33,0.00791262,0.145399,30078.5
300851.SZ,20260417,10300,29.45,303335.0,29.25,0.0190353,1.05461,5411.0
300852.SZ,20260417,5200,42.7,222040.0,43.13,0.00335578,0.113516,15495.6
300853.SZ,20260417,43900,23.65,1038235.0,23.55,0.0446528,0.73463,9831.4
300854.SZ,20260417,42400,28.81,1221544.0,28.88,0.0521263,0.365417,8134.09
300855.SZ,20260417,10000,44.19,441900.0,44.52,0.00341348,0.203653,29295.6
300856.SZ,20260417,6300,12.6,79380.0,12.58,0.00137035,0.290673,45973.6
300857.SZ,20260417,350000,309.74,108409000.0,319.0,0.101646,1.33652,34433.3
300858.SZ,20260417,537100,22.98,12342558.0,23.5,0.274394,2.15037,19574.0
300859.SZ,20260417,61500,34.8,2140200.0,35.05,0.0396774,0.963772,15500.0
300860.SZ,20260417,1600,23.78,38048.0,23.9,0.0014623,0.133691,10941.7
300861.SZ,20260417,8900,16.84,149876.0,16.88,0.00210968,0.11924,42186.5
300862.SZ,20260417,800,22.57,18056.0,22.63,0.000528154,0.0165667,15147.1
300863.SZ,20260417,7200,59.44,427968.0,59.42,0.00398079,0.124894,18086.9
300864.SZ,20260417,200,20.67,4134.0,20.73,0.000126654,0.0197703,15791.1
300865.SZ,20260417,2000,27.27,54540.0,27.27,0.00355546,0.249364,5625.14
300866.SZ,20260417,48000,119.73,5747040.0,120.68,0.0156085,0.510117,30752.4
300867.SZ,20260417,14700,20.12,295764.0,20.12,0.00767112,0.263142,19162.8
300868.SZ,20260417,52700,76.59,4036293.0,76.9,0.0653119,0.702011,8068.98
300869.SZ,20260417,4900,13.3,65170.0,13.31,0.00185509,0.139889,26413.9
300870.SZ,20260417,24100,353.56,8520796.0,354.49,0.0221063,0.391523,10901.9
300871.SZ,20260417,130800,27.44,3589152.0,27.9,0.0648217,0.909143,20178.4
300872.SZ,20260417,14100,16.46,232086.0,16.48,0.0033409,0.138948,42204.2
300873.SZ,20260417,400,22.85,9140.0,22.81,0.000239751,0.0182912,16684.0
300875.SZ,20260417,12200,41.12,501664.0,41.38,0.0138965,0.24265,8779.17
300876.SZ,20260417,2200,26.1,57420.0,26.19,0.00271254,0.163032,8110.49
300877.SZ,20260417,1800,28.31,50958.0,28.18,0.00150001,0.0703524,11999.9
300878.SZ,20260417,5100,26.83,136833.0,27.1,0.00353862,0.288613,14412.4
300879.SZ,20260417,6700,24.83,166361.0,24.93,0.00333286,0.150996,20102.8
300880.SZ,20260417,31200,23.16,722592.0,23.16,0.0159904,0.339431,19511.6
300881.SZ,20260417,26000,46.41,1206660.0,46.8,0.0452912,0.575149,5740.62
300882.SZ,20260417,12900,23.01,296829.0,23.12,0.00484367,0.273902,26632.7
300883.SZ,20260417,65200,6.7,436840.0,6.7,0.0197173,0.476836,33067.5
300884.SZ,20260417,9600,13.69,131424.0,13.68,0.00501542,0.256975,19141.0
300885.SZ,20260417,8000,24.2,193600.0,24.24,0.00478991,0.0965319,16701.8
300886.SZ,20260417,12000,28.38,340560.0,28.31,0.0274937,0.87054,4364.63
300887.SZ,20260417,25300,10.05,254265.0,10.06,0.00698514,0.291722,36219.7
300888.SZ,20260417,16500,33.88,559020.0,33.89,0.00283652,0.436332,58169.8
300889.SZ,20260417,2500,25.83,64575.0,25.84,0.00170804,0.0493613,14636.7
300890.SZ,20260417,19200,32.05,615360.0,32.05,0.0176365,0.316232,10886.5
300891.SZ,20260417,8600,8.41,72326.0,8.48,0.00257891,0.147965,33347.4
300892.SZ,20260417,5100,28.39,144789.0,28.43,0.00789932,0.384543,6456.25
300893.SZ,20260417,1500,22.79,34185.0,22.9,0.000597931,0.0373536,25086.5
300894.SZ,20260417,26200,10.18,266716.0,10.2,0.0089094,0.749628,29407.1
300895.SZ,20260417,122700,62.61,7682247.0,63.4,0.0888022,0.88982,13817.2
300896.SZ,20260417,18400,115.7,2128880.0,115.78,0.0089997,0.870439,20445.1
300897.SZ,20260417,7100,24.77,175867.0,24.75,0.00812172,0.613767,8741.99
300898.SZ,20260417,26700,23.95,639465.0,24.03,0.0232711,0.717087,11473.5
300899.SZ,20260417,4400,39.73,174812.0,39.65,0.0107485,0.475816,4093.61
300900.SZ,20260417,290900,42.87,12470883.0,42.81,0.113285,0.715691,25678.5
300901.SZ,20260417,181200,14.57,2640084.0,14.59,0.0755,3.49543,24000.0
300902.SZ,20260417,1600,17.82,28512.0,17.92,0.00131955,0.0650743,12125.3
300903.SZ,20260417,117614,39.24,4615173.36,39.11,0.0358148,0.325491,32839.5
300904.SZ,20260417,900,59.54,53586.0,59.41,0.00409403,0.0711396,2198.32
300905.SZ,20260417,1376500,55.58,76505870.0,46.32,0.985705,11.7986,13964.6
300906.SZ,20260417,2400,33.18,79632.0,33.15,0.00332424,0.174097,7219.7
300907.SZ,20260417,12100,29.32,354772.0,29.33,0.0126042,0.900424,9600.0
300908.SZ,20260417,17700,29.29,518433.0,29.24,0.0143432,1.22613,12340.3
300909.SZ,20260417,4500,41.8,188100.0,42.23,0.00368215,0.112371,12221.1
300910.SZ,20260417,8700,48.57,422559.0,48.51,0.00420445,0.269224,20692.4
300911.SZ,20260417,83500,35.87,2995145.0,36.16,0.0487343,0.962577,17133.7
300912.SZ,20260417,107200,26.68,2860096.0,26.69,0.124744,2.06824,8593.57
300913.SZ,20260417,22900,53.82,1232478.0,54.41,0.00895287,0.315307,25578.4
300915.SZ,20260417,300,23.03,6909.0,22.9,0.000520813,0.038932,5760.23
300916.SZ,20260417,3800,31.15,118370.0,31.15,0.00406743,0.161512,9342.52
300917.SZ,20260417,23700,33.1,784470.0,33.22,0.0140237,0.406624,16900.0
300918.SZ,20260417,53300,14.4,767520.0,14.56,0.0105308,0.387275,50613.4
300919.SZ,20260417,101400,56.49,5728086.0,56.49,0.0111124,0.443677,91249.5
300920.SZ,20260417,100,39.63,3963.0,39.63,0.00015228,0.00862313,6566.84
300921.SZ,20260417,40900,26.51,1084259.0,26.79,0.0356579,0.512511,11470.1
300922.SZ,20260417,7300,19.92,145416.0,19.9,0.00584587,0.224576,12487.4
300923.SZ,20260417,2300,27.57,63411.0,27.57,0.00300777,0.190097,7646.85
300925.SZ,20260417,16200,18.42,298404.0,18.49,0.00463458,0.22117,34954.6
300926.SZ,20260417,21900,25.75,563925.0,25.89,0.00734932,0.373821,29798.7
300927.SZ,20260417,12800,29.88,382464.0,30.06,0.00908517,0.219677,14088.9
300928.SZ,20260417,22300,30.97,690631.0,30.63,0.041615,1.59832,5358.65
300929.SZ,20260417,41300,12.79,528227.0,12.81,0.0325845,1.33374,12674.7
300930.SZ,20260417,2200,30.45,66990.0,30.49,0.00466844,0.23103,4712.5
300931.SZ,20260417,12600,13.18,166068.0,13.15,0.00681172,0.182571,18497.5
300932.SZ,20260417,207200,14.36,2975392.0,14.39,0.0908797,1.9561,22799.4
300933.SZ,20260417,49200,8.04,395568.0,8.07,0.00899303,0.391232,54709.0
300935.SZ,20260417,14400,32.56,468864.0,32.64,0.0238967,0.790602,6025.95
300936.SZ,20260417,81600,73.32,5982912.0,74.1,0.171933,1.15357,4746.03
300937.SZ,20260417,8900,30.5,271450.0,30.79,0.0133576,0.232725,6662.9
300938.SZ,20260417,344200,52.98,18235716.0,51.19,0.162861,2.04921,21134.6
300939.SZ,20260417,22600,40.47,914622.0,40.72,0.0188333,0.402183,12000.0
300940.SZ,20260417,23200,23.91,554712.0,23.94,0.0147321,0.594232,15747.9
300941.SZ,20260417,9000,20.24,182160.0,20.29,0.00846755,0.364669,10628.8
300942.SZ,20260417,17100,8.53,145863.0,8.54,0.0042215,0.176742,40506.9
300943.SZ,20260417,59400,30.72,1824768.0,31.25,0.0442161,0.325642,13434.0
300945.SZ,20260417,28800,15.76,453888.0,15.87,0.0120805,0.440616,23840.1
300946.SZ,20260417,0,,0.0,46.03,0.0,0.0,7580.43
300947.SZ,20260417,14500,16.98,246210.0,16.99,0.00959771,0.414556,15107.8
300948.SZ,20260417,3500,19.02,66570.0,19.01,0.00230929,0.118429,15156.2
300949.SZ,20260417,11900,39.4,468860.0,39.37,0.0346928,1.54086,3430.11
300950.SZ,20260417,7300,21.81,159213.0,21.74,0.00802526,0.448535,9096.28
300951.SZ,20260417,1400,38.01,53214.0,37.95,0.000924737,0.0662177,15139.4
300952.SZ,20260417,32600,38.0,1238800.0,38.34,0.0311103,0.775863,10478.9
300953.SZ,20260417,153500,206.44,31688540.0,207.86,0.123236,1.67401,12455.8
300955.SZ,20260417,4100,37.74,154734.0,37.83,0.00406746,0.195131,10080.0
300956.SZ,20260417,5800,15.15,87870.0,15.18,0.00275597,0.192905,21045.2
300957.SZ,20260417,20800,36.89,767312.0,36.92,0.00491029,0.421752,42360.0
300958.SZ,20260417,18100,13.35,241635.0,13.35,0.0198793,0.577887,9104.94
300959.SZ,20260417,16000,84.87,1357920.0,84.69,0.0305605,0.460177,5235.52
300960.SZ,20260417,5300,24.21,128313.0,24.29,0.00404956,0.292033,13087.8
300961.SZ,20260417,15900,13.73,218307.0,13.73,0.0104215,0.20889,15256.9
300962.SZ,20260417,400,16.35,6540.0,16.4,0.000151514,0.020227,26400.2
300963.SZ,20260417,25500,17.29,440895.0,17.29,0.00733886,0.364146,34746.6
300964.SZ,20260417,141280,72.14,10191939.2,74.5,0.252241,2.05122,5600.98
300965.SZ,20260417,1300,55.51,72163.0,55.6,0.00240324,0.250545,5409.38
300966.SZ,20260417,4100,21.92,89872.0,21.92,0.00534783,0.203247,7666.67
300967.SZ,20260417,66100,18.19,1202359.0,18.57,0.0529677,0.642392,12479.3
300968.SZ,20260417,200,12.18,2436.0,12.18,4.83816e-05,0.00535455,41338.0
300969.SZ,20260417,18500,129.33,2392605.0,130.65,0.0364981,0.851106,5068.76
300970.SZ,20260417,12700,31.11,395097.0,30.75,0.0133493,0.164998,9513.61
300971.SZ,20260417,24200,23.69,573298.0,23.69,0.0262865,1.19294,9206.25
300972.SZ,20260417,5600,208.7,1168720.0,210.5,0.00319414,0.346392,17532.1
300973.SZ,20260417,4400,33.43,147092.0,33.56,0.00371106,0.235565,11856.5
300975.SZ,20260417,159400,20.4,3251760.0,20.6,0.0323935,0.367014,49207.3
300976.SZ,20260417,2300,59.79,137517.0,59.7,0.00266892,0.165989,8617.73
300977.SZ,20260417,10700,19.99,213893.0,19.96,0.0112867,0.49312,9480.21
300978.SZ,20260417,5000,11.26,56300.0,11.28,0.0026148,0.16737,19121.9
300979.SZ,20260417,13200,43.3,571560.0,43.25,0.00113111,0.544826,116699.0
300980.SZ,20260417,4800,36.75,176400.0,36.83,0.00488095,0.0891135,9834.14
300981.SZ,20260417,39900,13.75,548625.0,13.83,0.0101518,0.235851,39303.5
300982.SZ,20260417,1500,22.7,34050.0,22.68,0.000773606,0.0333305,19389.7
300983.SZ,20260417,1500,29.81,44715.0,29.81,0.00098161,0.181652,15281.0
300984.SZ,20260417,5500,57.96,318780.0,57.99,0.0062082,0.213285,8859.25
300985.SZ,20260417,43100,22.06,950786.0,22.16,0.0232331,1.95659,18551.1
300986.SZ,20260417,336100,24.99,8399139.0,25.13,0.0816502,0.709855,41163.4
300987.SZ,20260417,23300,17.68,411944.0,17.68,0.0134396,0.721468,17336.8
300988.SZ,20260417,8200,28.0,229600.0,28.03,0.00768727,0.179744,10667.0
300989.SZ,20260417,62000,14.94,926280.0,14.87,0.0411651,1.75547,15061.3
300990.SZ,20260417,12400,85.2,1056480.0,85.74,0.0160775,0.225124,7712.65
300991.SZ,20260417,5600,53.61,300216.0,54.08,0.00607758,0.112257,9214.2
300992.SZ,20260417,14200,32.6,462920.0,32.87,0.018322,0.190618,7750.25
300993.SZ,20260417,3000,12.43,37290.0,12.48,0.00124588,0.129237,24079.4
300994.SZ,20260417,41900,15.38,644422.0,15.38,0.0359151,1.33459,11666.4
300995.SZ,20260417,1900,36.37,69103.0,36.36,0.00316453,0.155264,6004.05
300996.SZ,20260417,37400,17.57,657118.0,17.63,0.0158113,0.341308,23653.9
300997.SZ,20260417,38000,20.66,785080.0,20.77,0.00956959,0.701552,39709.1
300998.SZ,20260417,10800,25.3,273240.0,25.21,0.0100297,0.261505,10768.1
300999.SZ,20260417,21000,28.43,597030.0,28.57,0.00386992,0.26481,54264.7
301000.SZ,20260417,5400,29.91,161514.0,30.04,0.00235531,0.184587,22926.9
301001.SZ,20260417,11800,28.82,340076.0,28.76,0.0234592,0.968865,5030.0
301002.SZ,20260417,25500,40.48,1032240.0,40.52,0.0300052,0.603989,8498.52
301003.SZ,20260417,25600,53.01,1357056.0,53.45,0.0340696,0.669497,7514.04
301004.SZ,20260417,17600,51.6,908160.0,51.95,0.012931,1.56645,13610.7
301005.SZ,20260417,42900,168.5,7228650.0,169.47,0.032409,0.379153,13237.1
301006.SZ,20260417,5200,17.51,91052.0,17.62,0.00604046,0.310065,8608.61
301007.SZ,20260417,2000,35.01,70020.0,35.15,0.00132166,0.0682638,15132.5
301008.SZ,20260417,96100,38.0,3651800.0,38.53,0.0829569,0.756956,11584.3
301009.SZ,20260417,6800,11.88,80784.0,11.9,0.00450227,0.40806,15103.5
301010.SZ,20260417,10300,21.56,222068.0,21.56,0.00953704,0.60312,10800.0
301011.SZ,20260417,16000,22.11,353760.0,22.19,0.0109165,0.590036,14656.7
301012.SZ,20260417,216100,32.19,6956259.0,32.82,0.109718,1.76612,19696.0
301013.SZ,20260417,35600,24.6,875760.0,24.79,0.0188119,0.213584,18924.2
301015.SZ,20260417,77300,25.96,2006708.0,26.22,0.0147082,0.409121,52555.7
301016.SZ,20260417,37500,24.35,913125.0,24.41,0.0181028,0.927187,20715.0
301017.SZ,20260417,155400,15.45,2400930.0,15.56,0.0600709,0.835424,25869.4
301018.SZ,20260417,194000,119.9,23260600.0,122.83,0.0981002,1.19743,19775.7
301019.SZ,20260417,17600,21.13,371888.0,21.2,0.0168245,1.68312,10460.9
301020.SZ,20260417,4600,21.98,101108.0,21.88,0.00314208,0.46474,14640.0
301021.SZ,20260417,35300,58.3,2057990.0,58.39,0.0231113,0.780585,15273.9
301023.SZ,20260417,3200,40.87,130784.0,41.03,0.00735012,0.280045,4353.67
301024.SZ,20260417,4600,39.49,181654.0,39.4,0.00747238,0.223151,6156.0
301025.SZ,20260417,38700,10.99,425313.0,10.97,0.0139635,0.722608,27715.1
301026.SZ,20260417,5200,29.79,154908.0,30.0,0.00454907,0.180131,11430.9
301027.SZ,20260417,6800,22.9,155720.0,23.0,0.0057509,0.0970375,11824.2
301028.SZ,20260417,8700,14.61,127107.0,14.65,0.00350158,0.360849,24845.9
301029.SZ,20260417,22700,27.25,618575.0,27.27,0.00491469,0.224693,46188.1
301030.SZ,20260417,160800,11.5,1849200.0,11.4,0.0795623,1.80172,20210.6
301031.SZ,20260417,12400,148.96,1847104.0,149.06,0.0180874,0.621775,6855.61
301032.SZ,20260417,1500,13.19,19785.0,13.16,0.000938246,0.0285181,15987.3
301033.SZ,20260417,3200,59.69,191008.0,59.73,0.00566681,0.280777,5646.91
301035.SZ,20260417,1200,78.28,93936.0,78.24,0.000428044,0.0938855,28034.5
301036.SZ,20260417,800,28.6,22880.0,28.6,0.00113582,0.082597,7043.36
301037.SZ,20260417,10000,14.92,149200.0,14.92,0.0147064,0.644035,6799.78
301038.SZ,20260417,2600,20.97,54522.0,20.97,0.0011655,0.159316,22308.0
301039.SZ,20260417,32100,9.2,295320.0,9.22,0.00221009,0.272216,145243.0
301040.SZ,20260417,59800,34.88,2085824.0,34.88,0.0633715,0.681094,9436.41
301041.SZ,20260417,8100,28.7,232470.0,28.77,0.0102635,0.21827,7892.06
301042.SZ,20260417,4900,95.4,467460.0,95.4,0.0074219,0.294162,6602.08
301043.SZ,20260417,8200,54.04,443128.0,54.26,0.0144499,1.01948,5674.77
301045.SZ,20260417,1500,40.48,60720.0,40.02,0.00234529,0.0644414,6395.8
301046.SZ,20260417,4200,26.5,111300.0,26.5,0.00326048,0.136318,12881.5
301047.SZ,20260417,2000,74.96,149920.0,75.23,0.00167251,0.145952,11958.1
301048.SZ,20260417,38300,10.83,414789.0,10.92,0.00718125,0.297889,53333.3
301049.SZ,20260417,9200,22.86,210312.0,22.86,0.0214821,0.796261,4282.64
301050.SZ,20260417,17300,49.0,847700.0,49.25,0.00822378,0.268392,21036.6
301051.SZ,20260417,5900,22.48,132632.0,22.49,0.00366441,0.160894,16100.8
301052.SZ,20260417,9800,33.51,328398.0,33.74,0.0122201,0.334576,8019.59
301053.SZ,20260417,66900,62.59,4187271.0,61.36,0.0768312,0.723918,8707.4
301055.SZ,20260417,70200,34.48,2420496.0,33.8,0.045,0.516421,15600.0
301056.SZ,20260417,22200,15.3,339660.0,15.13,0.0126139,0.781492,17599.6
301057.SZ,20260417,6400,31.97,204608.0,32.13,0.00774941,0.408637,8258.7
301058.SZ,20260417,38300,9.93,380319.0,9.98,0.00747646,0.887213,51227.4
301059.SZ,20260417,13000,14.16,184080.0,14.17,0.00628818,0.562071,20673.7
301060.SZ,20260417,2000,9.92,19840.0,9.95,0.000555271,0.039604,36018.5
301061.SZ,20260417,7300,73.41,535893.0,73.88,0.0050228,0.477104,14533.7
301062.SZ,20260417,12100,8.22,99462.0,8.27,0.00386281,0.202872,31324.3
301063.SZ,20260417,6600,24.69,162954.0,24.72,0.00657065,0.333805,10044.7
301065.SZ,20260417,800,23.23,18584.0,23.22,0.000927133,0.0594956,8628.75
301066.SZ,20260417,32300,14.6,471580.0,14.36,0.0138557,0.834358,23311.7
301067.SZ,20260417,1400,34.16,47824.0,34.35,0.00219336,0.0796537,6382.89
301068.SZ,20260417,6500,35.31,229515.0,34.35,0.00644983,0.635495,10077.8
301069.SZ,20260417,12500,21.48,268500.0,21.65,0.00292895,0.166725,42677.4
301070.SZ,20260417,56718,92.25,5232235.5,92.2,0.0955576,0.514622,5935.48
301071.SZ,20260417,33800,44.75,1512550.0,44.98,0.0173695,0.306858,19459.4
301072.SZ,20260417,30900,22.72,702048.0,22.63,0.0460233,2.4866,6713.99
301073.SZ,20260417,20100,27.95,561795.0,28.16,0.0112808,0.384368,17817.9
301075.SZ,20260417,7000,70.0,490000.0,70.53,0.00875,0.317438,8000.0
301076.SZ,20260417,11900,38.6,459340.0,38.49,0.0108375,0.509941,10980.4
301077.SZ,20260417,3000,27.43,82290.0,27.44,0.00314457,0.151877,9540.26
301078.SZ,20260417,128800,8.8,1133440.0,8.85,0.0102626,0.429882,125505.0
301079.SZ,20260417,91500,48.54,4441410.0,49.03,0.131607,0.490115,6952.52
301080.SZ,20260417,16600,48.74,809084.0,49.23,0.0131748,0.277897,12599.8
301081.SZ,20260417,6800,14.95,101660.0,15.06,0.00311188,0.127107,21851.7
301082.SZ,20260417,18200,17.96,326872.0,18.01,0.00867595,0.366382,20977.5
301083.SZ,20260417,600,17.49,10494.0,17.49,0.000700853,0.0360419,8560.99
301085.SZ,20260417,216584,65.63,14214407.92,67.26,0.367641,3.81198,5891.17
301086.SZ,20260417,55600,162.01,9007756.0,164.61,0.118498,1.84239,4692.05
301087.SZ,20260417,9100,56.88,517608.0,57.2,0.00469093,0.251512,19399.1
301088.SZ,20260417,800,14.37,11496.0,14.38,0.000425872,0.0794732,18785.0
301089.SZ,20260417,5100,28.33,144483.0,28.4,0.00563722,0.192885,9047.01
301090.SZ,20260417,4400,7.78,34232.0,7.75,0.000299131,0.0557014,147093.0
301091.SZ,20260417,406700,23.5,9557450.0,23.73,0.0771317,4.97002,52728.0
301092.SZ,20260417,1900,34.23,65037.0,34.23,0.00313074,0.149705,6068.86
301093.SZ,20260417,480,76.01,36484.8,75.51,0.000305861,0.00905367,15693.4
301095.SZ,20260417,50000,80.43,4021500.0,80.4,0.0286526,0.485678,17450.4
301096.SZ,20260417,9700,57.55,558235.0,58.19,0.0117168,0.272934,8278.72
301097.SZ,20260417,3000,60.19,180570.0,60.3,0.0103658,0.412332,2894.14
301098.SZ,20260417,27900,8.69,242451.0,8.69,0.0186386,0.568831,14968.9
301099.SZ,20260417,14100,53.3,751530.0,53.59,0.015705,0.184253,8978.04
301100.SZ,20260417,3200,18.5,59200.0,18.59,0.00365714,0.272047,8750.0
301101.SZ,20260417,2200,34.98,76956.0,35.07,0.00115233,0.104092,19091.7
301102.SZ,20260417,23900,10.95,261705.0,10.93,0.0058867,1.05048,40600.0
301103.SZ,20260417,14000,19.49,272860.0,19.48,0.00885927,0.784955,15802.6
301105.SZ,20260417,0,,0.0,58.43,0.0,0.0,1643.75
301106.SZ,20260417,28700,29.88,857556.0,30.0,0.0281056,1.51889,10211.5
301107.SZ,20260417,800,28.19,22552.0,28.2,0.00136235,0.0683559,5872.19
301108.SZ,20260417,4600,27.49,126454.0,27.68,0.00709511,0.181841,6483.34
301109.SZ,20260417,8000,15.21,121680.0,15.25,0.00347339,0.156103,23032.2
301110.SZ,20260417,7200,61.09,439848.0,61.1,0.0110148,0.288684,6536.66
301111.SZ,20260417,6700,19.23,128841.0,19.42,0.0041875,0.0743095,16000.0
301112.SZ,20260417,400,33.68,13472.0,33.71,0.000362757,0.0438703,11026.7
301113.SZ,20260417,4900,25.71,125979.0,25.7,0.00889519,0.340141,5508.59
301115.SZ,20260417,1000,20.89,20890.0,20.83,0.000646134,0.043506,15476.7
301116.SZ,20260417,300,10.39,3117.0,10.39,6.68185e-05,0.00910508,44897.7
301117.SZ,20260417,16600,45.45,754470.0,45.8,0.0208937,0.306061,7944.99
301118.SZ,20260417,200,24.4,4880.0,24.4,0.000190381,0.00999185,10505.2
301119.SZ,20260417,700,45.1,31570.0,45.15,0.000832243,0.0391457,8411.0
301120.SZ,20260417,61100,23.8,1454180.0,23.94,0.0279481,0.271987,21862.0
301121.SZ,20260417,1600,37.42,59872.0,37.47,0.00316258,0.118403,5059.16
301122.SZ,20260417,200,30.68,6136.0,30.68,0.000264408,0.0106402,7564.07
301123.SZ,20260417,126912,68.41,8682049.92,69.61,0.0543288,0.851825,23360.0
301125.SZ,20260417,36500,22.52,821980.0,22.52,0.0284908,0.748674,12811.1
301126.SZ,20260417,4800,11.36,54528.0,11.4,0.00348121,0.128013,13788.3
301127.SZ,20260417,4500,16.48,74160.0,16.47,0.00068782,0.0528026,65424.1
301128.SZ,20260417,94406,187.13,17666194.78,190.07,0.103752,1.24741,9099.24
301129.SZ,20260417,6400,26.67,170688.0,26.7,0.00965564,0.371174,6628.25
301130.SZ,20260417,1500,31.44,47160.0,31.5,0.00254162,0.0674652,5901.74
301131.SZ,20260417,2200,42.14,92708.0,42.12,0.00561871,0.232681,3915.49
301132.SZ,20260417,37600,42.61,1602136.0,42.76,0.0396899,0.53897,9473.44
301133.SZ,20260417,8400,44.96,377664.0,44.74,0.00755831,0.229973,11113.6
301135.SZ,20260417,6600,28.33,186978.0,28.46,0.00863188,0.656547,7646.08
301136.SZ,20260417,7800,15.92,124176.0,16.06,0.00283425,0.117432,27520.5
301137.SZ,20260417,19400,45.0,873000.0,44.86,0.0106703,0.392056,18181.3
301138.SZ,20260417,200,38.25,7650.0,38.16,0.000291715,0.0192653,6856.01
301139.SZ,20260417,251500,18.91,4755865.0,18.9,0.330195,3.44518,7616.71
301141.SZ,20260417,14700,52.19,767193.0,52.59,0.0330244,0.425779,4451.26
301148.SZ,20260417,144100,62.0,8934200.0,60.23,0.244764,5.054,5887.31
301149.SZ,20260417,44500,12.85,571825.0,12.93,0.0170349,0.204476,26122.9
301150.SZ,20260417,73000,59.69,4357370.0,60.91,0.0327964,0.444082,22258.5
301151.SZ,20260417,12900,18.99,244971.0,18.96,0.0076402,1.18852,16884.4
301152.SZ,20260417,28100,29.96,841876.0,29.88,0.0395778,0.454646,7099.94
301153.SZ,20260417,10200,24.99,254898.0,25.08,0.00307458,0.157449,33175.2
301155.SZ,20260417,19600,65.68,1287328.0,65.91,0.0158898,0.43649,12334.9
301156.SZ,20260417,6500,18.68,121420.0,18.58,0.00728495,0.36899,8922.5
301157.SZ,20260417,94500,76.1,7191450.0,79.5,0.457404,1.95546,2066.01
301158.SZ,20260417,155500,23.65,3677575.0,24.43,0.106129,3.21108,14652.0
301159.SZ,20260417,4900,42.1,206290.0,42.28,0.00924267,0.295282,5301.5
301160.SZ,20260417,1200,58.68,70416.0,58.7,0.00162317,0.053243,7392.92
301161.SZ,20260417,4200,30.59,128478.0,30.65,0.0035,0.256189,12000.0
301162.SZ,20260417,1700,67.6,114920.0,68.11,0.00199473,0.060237,8522.48
301163.SZ,20260417,10600,30.0,318000.0,30.15,0.0193693,0.477714,5472.56
301165.SZ,20260417,29364,94.33,2769906.12,95.55,0.00369147,0.309506,79545.5
301166.SZ,20260417,3800,30.92,117496.0,30.92,0.00667619,0.303939,5691.87
301167.SZ,20260417,23800,16.75,398650.0,16.69,0.0335388,0.88398,7096.27
301168.SZ,20260417,4200,44.18,185556.0,43.75,0.00440652,0.203445,9531.33
301169.SZ,20260417,2600,57.97,150722.0,57.97,0.00361021,0.207254,7201.8
301170.SZ,20260417,1100,29.15,32065.0,29.1,0.00327621,0.093261,3357.54
301171.SZ,20260417,392700,46.82,18386214.0,47.58,0.102756,0.981557,38216.6
301172.SZ,20260417,11300,29.45,332785.0,29.6,0.0114412,0.128052,9876.61
301173.SZ,20260417,1300,43.76,56888.0,43.72,0.00421686,0.246711,3082.87
301175.SZ,20260417,36200,6.27,226974.0,6.29,0.00582106,0.21086,62188.0
301176.SZ,20260417,24100,29.2,703720.0,29.54,0.0146903,0.280357,16405.4
301177.SZ,20260417,2400,28.96,69504.0,28.96,0.000599986,0.254967,40000.9
301178.SZ,20260417,60800,56.18,3415744.0,56.01,0.122887,2.76514,4947.63
301179.SZ,20260417,119500,27.2,3250400.0,27.57,0.0503146,0.518852,23750.5
301180.SZ,20260417,27700,20.81,576437.0,20.94,0.016876,0.320387,16413.8
301181.SZ,20260417,13500,47.52,641520.0,48.0,0.0149699,0.206732,9018.12
301182.SZ,20260417,47100,69.2,3259320.0,68.82,0.0491538,0.812235,9582.17
301183.SZ,20260417,72700,189.0,13740300.0,186.38,0.123843,0.928712,5870.33
301185.SZ,20260417,5000,19.12,95600.0,19.18,0.00357474,0.215098,13987.0
301186.SZ,20260417,17000,66.8,1135600.0,66.8,0.0224721,0.465889,7564.95
301187.SZ,20260417,5200,20.03,104156.0,20.04,0.00203975,0.169028,25493.3
301188.SZ,20260417,118500,23.16,2744460.0,23.31,0.044293,0.489889,26753.7
301189.SZ,20260417,303400,77.58,23537772.0,81.84,0.27148,2.32844,11175.8
301190.SZ,20260417,1300,22.45,29185.0,22.27,0.000815794,0.0893374,15935.4
301191.SZ,20260417,22800,149.0,3397200.0,149.77,0.0436795,0.430459,5219.84
301192.SZ,20260417,9500,26.66,253270.0,26.57,0.0198459,0.472064,4786.88
301193.SZ,20260417,16200,20.99,340038.0,21.01,0.0116985,0.413,13847.9
301195.SZ,20260417,700,32.2,22540.0,32.2,0.000798063,0.0860982,8771.23
301196.SZ,20260417,10400,118.21,1229384.0,119.4,0.0126889,0.151778,8196.16
301197.SZ,20260417,36400,27.11,986804.0,27.38,0.0334715,0.315838,10874.9
301198.SZ,20260417,7000,14.33,100310.0,14.35,0.00450003,0.286468,15555.4
301199.SZ,20260417,15800,22.75,359450.0,22.82,0.022036,1.20736,7170.1
301200.SZ,20260417,10100,194.29,1962329.0,196.26,0.00239686,0.211417,42138.5
301201.SZ,20260417,37900,43.0,1629700.0,43.0,0.0349166,0.24597,10854.4
301202.SZ,20260417,8700,41.29,359223.0,41.68,0.0233997,0.515373,3718.0
301203.SZ,20260417,2900,41.52,120408.0,41.5,0.00661459,0.334175,4384.25
301205.SZ,20260417,52500,266.66,13999650.0,264.87,0.0629461,0.473666,8340.47
301206.SZ,20260417,1900,26.68,50692.0,26.63,0.00145836,0.235201,13028.3
301207.SZ,20260417,16000,20.09,321440.0,20.11,0.00266379,0.310758,60064.8
301208.SZ,20260417,2900,35.0,101500.0,35.17,0.00438915,0.232046,6607.21
301209.SZ,20260417,1700,93.35,158695.0,93.35,0.0017767,0.206027,9568.3
301210.SZ,20260417,98600,39.7,3914420.0,39.81,0.226855,3.14105,4346.39
301211.SZ,20260417,11700,12.18,142506.0,12.23,0.00280176,0.299807,41759.5
301212.SZ,20260417,1500,27.62,41430.0,27.62,0.0016,0.149768,9375.0
301213.SZ,20260417,300,70.35,21105.0,70.35,0.000580147,0.0210889,5171.1
301215.SZ,20260417,15100,6.17,93167.0,6.2,0.00114186,0.181284,132240.0
301216.SZ,20260417,77000,29.8,2294600.0,29.8,0.0140426,0.428458,54833.1
301217.SZ,20260417,260600,45.11,11755666.0,46.02,0.0314349,0.509546,82901.6
301218.SZ,20260417,6300,35.79,225477.0,35.7,0.00899116,0.224868,7006.88
301219.SZ,20260417,160000,80.35,12856000.0,79.97,0.0553715,0.822136,28895.7
301220.SZ,20260417,19400,41.0,795400.0,41.19,0.0249245,0.80223,7783.5
301221.SZ,20260417,7200,53.75,387000.0,53.8,0.011479,0.362444,6272.32
301222.SZ,20260417,64300,38.01,2444043.0,39.14,0.0805546,1.25674,7982.17
301223.SZ,20260417,24700,20.17,498199.0,20.05,0.0220506,1.68028,11201.5
301225.SZ,20260417,70800,113.48,8034384.0,117.5,0.236932,3.28309,2988.2
301226.SZ,20260417,64800,40.41,2618568.0,40.96,0.0595588,0.767941,10880.0
301227.SZ,20260417,1500,32.76,49140.0,33.09,0.00277147,0.150146,5412.3
301228.SZ,20260417,36200,53.26,1928012.0,53.26,0.030308,0.482729,11944.0
301229.SZ,20260417,3000,18.69,56070.0,18.69,0.00232053,0.161325,12928.1
301230.SZ,20260417,18900,40.74,769986.0,41.03,0.0150459,0.207519,12561.6
301231.SZ,20260417,12700,31.51,400177.0,31.69,0.0194098,0.375164,6543.1
301232.SZ,20260417,57000,212.0,12084000.0,217.67,0.12761,0.680738,4466.73
301233.SZ,20260417,800,54.2,43360.0,54.0,0.00283883,0.13496,2818.06
301234.SZ,20260417,1500,39.2,58800.0,39.2,0.00220588,0.0982028,6800.0
301235.SZ,20260417,51600,51.66,2665656.0,52.08,0.0709326,1.04812,7274.51
301236.SZ,20260417,45900,39.74,1824066.0,39.9,0.00584186,0.362365,78570.9
301237.SZ,20260417,3400,59.35,201790.0,59.31,0.00583691,0.323387,5825.0
301238.SZ,20260417,79400,21.45,1703130.0,21.48,0.0108273,0.682551,73333.3
301239.SZ,20260417,4000,37.94,151760.0,37.94,0.00267346,0.110366,14961.9
301246.SZ,20260417,73700,24.25,1787225.0,24.4,0.0433332,0.252706,17007.7
301248.SZ,20260417,185300,60.17,11149501.0,61.31,0.164962,1.57497,11232.9
301251.SZ,20260417,7700,68.51,527527.0,68.46,0.0142611,0.117131,5399.31
301252.SZ,20260417,16800,38.62,648816.0,38.77,0.0355327,0.486883,4728.04
301255.SZ,20260417,34200,28.97,990774.0,29.0,0.0898109,0.607708,3808.0
301256.SZ,20260417,48200,13.5,650700.0,13.3,0.0100417,0.650681,48000.0
301257.SZ,20260417,9700,58.96,571912.0,58.95,0.0128786,0.368458,7531.89
301258.SZ,20260417,2200,32.47,71434.0,32.47,0.00247011,0.252488,8906.5
301259.SZ,20260417,28700,34.55,991585.0,34.69,0.0290277,1.37682,9887.1
301260.SZ,20260417,2400,15.78,37872.0,15.77,0.00117396,0.132641,20443.6
301261.SZ,20260417,4000,77.49,309960.0,77.6,0.0106714,0.349419,3748.33
301262.SZ,20260417,28600,23.34,667524.0,23.5,0.0234281,0.726868,12207.5
301263.SZ,20260417,37000,29.1,1076700.0,29.02,0.0121876,0.956248,30358.6
301265.SZ,20260417,41000,24.46,1002860.0,24.5,0.0243398,0.269897,16844.8
301266.SZ,20260417,49500,40.77,2018115.0,41.23,0.0474446,1.85431,10433.2
301267.SZ,20260417,1300,17.18,22334.0,17.22,0.00020048,0.0410328,64844.4
301268.SZ,20260417,5100,22.52,114852.0,22.63,0.00147956,0.157611,34469.8
301269.SZ,20260417,11800,84.8,1000640.0,85.12,0.0021634,0.270295,54543.8
301270.SZ,20260417,24900,33.32,829668.0,33.41,0.0263512,0.975154,9449.28
301272.SZ,20260417,3700,41.26,152662.0,41.06,0.0118103,0.661734,3132.85
301273.SZ,20260417,26100,30.88,805968.0,30.51,0.0474665,1.79943,5498.62
301275.SZ,20260417,19700,42.0,827400.0,41.85,0.00671126,0.416611,29353.6
301276.SZ,20260417,100,24.9,2490.0,25.01,0.000138375,0.00615248,7226.76
301277.SZ,20260417,4500,12.18,54810.0,12.15,0.00114773,0.125221,39207.8
301278.SZ,20260417,10400,39.1,406640.0,39.23,0.0202327,0.473654,5140.2
301279.SZ,20260417,12300,28.8,354240.0,28.82,0.0122401,0.891809,10048.9
301280.SZ,20260417,3200,62.76,200832.0,62.73,0.00797455,0.148061,4012.76
301281.SZ,20260417,9100,38.51,350441.0,38.81,0.0128256,0.159358,7095.2
301282.SZ,20260417,262300,44.97,11795631.0,45.45,0.223078,1.3081,11758.2
301283.SZ,20260417,59000,49.98,2948820.0,49.9,0.0932411,4.38629,6327.69
301285.SZ,20260417,12100,95.8,1159180.0,96.99,0.00585474,0.277059,20667.0
301286.SZ,20260417,31800,46.98,1493964.0,46.74,0.0197173,1.9581,16127.9
301287.SZ,20260417,2000,43.11,86220.0,43.3,0.0117431,0.192819,1703.14
301288.SZ,20260417,3000,18.69,56070.0,18.55,0.00384076,0.379363,7810.96
301289.SZ,20260417,1400,55.75,78050.0,55.66,0.00180643,0.251395,7750.09
301290.SZ,20260417,18800,27.8,522640.0,27.66,0.0275808,1.36447,6816.34
301291.SZ,20260417,94200,55.46,5224332.0,55.65,0.0582788,0.788126,16163.7
301292.SZ,20260417,339500,90.62,30765490.0,92.95,0.399089,1.11517,8506.86
301293.SZ,20260417,24000,69.0,1656000.0,69.63,0.0149119,0.311133,16094.6
301295.SZ,20260417,18000,40.05,720900.0,40.29,0.0612245,0.572985,2940.0
301296.SZ,20260417,4200,7.94,33348.0,7.94,0.000988756,0.200874,42477.6
301297.SZ,20260417,9100,34.54,314314.0,34.7,0.00250704,0.270305,36297.8
301298.SZ,20260417,3100,16.47,51057.0,16.43,0.00286551,0.151593,10818.3
301299.SZ,20260417,7900,68.55,541545.0,69.11,0.0177539,0.391056,4449.71
301300.SZ,20260417,600,44.23,26538.0,44.23,0.00154747,0.0645874,3877.3
301301.SZ,20260417,16200,10.5,170100.0,10.51,0.00262229,0.116866,61778.2
301302.SZ,20260417,30700,22.03,676321.0,21.96,0.0220879,0.571167,13899.0
301303.SZ,20260417,28600,16.02,458172.0,16.03,0.0281123,0.651706,10173.5
301305.SZ,20260417,10600,27.19,288214.0,27.1,0.00856819,0.133009,12371.3
301306.SZ,20260417,71800,172.0,12349600.0,173.0,0.123156,0.766962,5830.0
301307.SZ,20260417,59200,41.55,2459760.0,42.0,0.0543161,0.589428,10899.2
301308.SZ,20260417,86635,366.0,31708410.0,372.06,0.0315732,0.448573,27439.4
301309.SZ,20260417,69500,35.1,2439450.0,35.4,0.114723,1.41041,6058.09
301310.SZ,20260417,92180,54.3,5005374.0,54.6,0.183464,1.11391,5024.42
301311.SZ,20260417,4600,16.89,77694.0,16.89,0.00191667,0.254173,24000.0
301312.SZ,20260417,87700,121.69,10672213.0,121.15,0.144832,1.08685,6055.28
301313.SZ,20260417,46000,33.19,1526740.0,33.43,0.060937,1.3966,7548.78
301314.SZ,20260417,1200,49.52,59424.0,49.51,0.00657269,0.131585,1825.74
301315.SZ,20260417,1500,51.14,76710.0,51.31,0.00405405,0.121572,3700.0
301316.SZ,20260417,40300,45.71,1842113.0,46.07,0.0100747,0.376004,40001.0
301317.SZ,20260417,22000,62.77,1380940.0,62.36,0.0421482,0.296474,5219.67
301318.SZ,20260417,13100,27.4,358940.0,27.4,0.014755,1.32655,8878.33
301319.SZ,20260417,48800,58.88,2873344.0,56.99,0.0521705,0.785759,9353.95
301320.SZ,20260417,1900,17.4,33060.0,17.4,0.00278555,0.138212,6820.92
301321.SZ,20260417,29600,23.49,695304.0,23.45,0.0200514,0.494813,14762.0
301322.SZ,20260417,9900,35.69,353331.0,35.83,0.010418,0.267127,9502.77
301323.SZ,20260417,5400,63.83,344682.0,64.08,0.00797955,0.159919,6767.3
301325.SZ,20260417,2200,45.36,99792.0,45.36,0.0038,0.12075,5789.47
301326.SZ,20260417,5900,162.8,960520.0,161.66,0.00818792,0.364505,7205.74
301327.SZ,20260417,22300,64.07,1428761.0,64.61,0.0127881,0.383165,17438.1
301328.SZ,20260417,20900,59.0,1233100.0,59.16,0.0190186,0.873921,10989.2
301329.SZ,20260417,300,23.2,6960.0,23.2,0.000500467,0.0137422,5994.4
301330.SZ,20260417,5100,34.18,174318.0,34.29,0.00262452,0.217289,19432.2
301331.SZ,20260417,600,26.77,16062.0,26.73,0.00058425,0.0636589,10269.6
301332.SZ,20260417,1600,9.39,15024.0,9.38,0.000604007,0.0903393,26489.8
301333.SZ,20260417,6600,69.26,457116.0,69.48,0.00684337,0.316559,9644.37
301335.SZ,20260417,7700,26.04,200508.0,26.17,0.0152132,0.334015,5061.39
301336.SZ,20260417,6200,51.75,320850.0,51.52,0.0203744,0.712191,3043.03
301337.SZ,20260417,1700,28.28,48076.0,28.28,0.00459636,0.133858,3698.58
301338.SZ,20260417,58300,167.8,9782740.0,163.09,0.098563,1.1515,5915.0
301339.SZ,20260417,13600,13.38,181968.0,13.47,0.0023868,0.398707,56980.0
301345.SZ,20260417,33000,242.59,8005470.0,241.67,0.0942056,1.8385,3502.97
301348.SZ,20260417,30500,24.5,747250.0,24.68,0.0196598,0.443007,15513.9
301349.SZ,20260417,14800,61.12,904576.0,61.58,0.0145098,0.211944,10200.0
301353.SZ,20260417,2400,28.28,67872.0,28.16,0.00752794,0.375923,3188.12
301355.SZ,20260417,5100,12.5,63750.0,12.5,0.00508954,0.113824,10020.5
301356.SZ,20260417,800,21.85,17480.0,21.89,0.00145959,0.0792289,5481.0
301357.SZ,20260417,4500,114.6,515700.0,115.11,0.0189076,0.15372,2380.0
301358.SZ,20260417,201700,85.2,17184840.0,85.22,0.0265416,0.703556,75993.8
301359.SZ,20260417,29300,21.44,628192.0,21.68,0.0428383,2.1836,6839.67
301360.SZ,20260417,49530,86.79,4298708.7,81.0,0.19454,2.96467,2546.0
301361.SZ,20260417,8800,39.24,345312.0,39.1,0.0289055,0.338457,3044.4
301362.SZ,20260417,21200,152.12,3224944.0,155.8,0.0714526,0.429816,2967.0
301363.SZ,20260417,28500,26.08,743280.0,26.21,0.00763659,0.432033,37320.3
301365.SZ,20260417,42600,30.62,1304412.0,30.63,0.0420191,0.844535,10138.2
301366.SZ,20260417,12200,34.3,418460.0,34.45,0.0104277,0.510822,11699.6
301367.SZ,20260417,1200,69.38,83256.0,69.42,0.00171567,0.192285,6994.36
301368.SZ,20260417,20800,53.21,1106768.0,53.83,0.0324384,1.2908,6412.14
301369.SZ,20260417,27124,176.6,4790098.4,173.82,0.0745915,1.18434,3636.34
301370.SZ,20260417,11900,10.53,125307.0,10.53,0.00367569,0.364976,32374.9
301371.SZ,20260417,2600,24.15,62790.0,24.2,0.00334236,0.122102,7778.94
301372.SZ,20260417,31400,33.01,1036514.0,32.98,0.0762683,0.587304,4117.04
301373.SZ,20260417,73200,91.19,6675108.0,92.94,0.179486,0.763823,4078.31
301376.SZ,20260417,32700,16.38,535626.0,16.37,0.0168868,1.05568,19364.3
301377.SZ,20260417,44207,217.17,9600434.19,216.64,0.0622423,0.790938,7102.4
301378.SZ,20260417,5600,32.53,182168.0,32.53,0.0121966,0.377324,4591.45
301379.SZ,20260417,2300,25.76,59248.0,25.88,0.00180628,0.0459371,12733.4
301380.SZ,20260417,6500,34.0,221000.0,34.13,0.00805067,0.526607,8073.86
301381.SZ,20260417,20500,20.6,422300.0,20.75,0.0104876,0.35049,19546.8
301382.SZ,20260417,958800,39.41,37786308.0,40.49,0.543881,5.83301,17628.9
301383.SZ,20260417,3600,29.2,105120.0,29.22,0.00509812,0.224076,7061.42
301386.SZ,20260417,2900,26.14,75806.0,26.25,0.00644444,0.16207,4500.0
301387.SZ,20260417,8500,62.0,527000.0,61.79,0.0199136,0.259112,4268.43
301388.SZ,20260417,1700,32.66,55522.0,32.65,0.00621423,0.082545,2735.66
301389.SZ,20260417,13400,57.13,765542.0,57.48,0.015845,0.148527,8456.9
301390.SZ,20260417,7000,35.97,251790.0,35.98,0.0228192,0.476921,3067.59
301391.SZ,20260417,5900,80.65,475835.0,80.73,0.00635532,0.223332,9283.56
301392.SZ,20260417,84800,154.46,13098208.0,154.36,0.207864,1.30825,4079.59
301393.SZ,20260417,21600,57.8,1248480.0,58.63,0.0513006,0.423036,4210.48
301395.SZ,20260417,147000,13.15,1933050.0,13.12,0.106963,1.05516,13743.0
301396.SZ,20260417,281719,285.02,80295549.38,289.42,0.370288,1.83654,7608.11
301397.SZ,20260417,96700,36.83,3561461.0,36.94,0.136702,1.11013,7073.78
301398.SZ,20260417,5500,48.0,264000.0,48.32,0.0147774,0.181849,3721.9
301399.SZ,20260417,59000,24.13,1423670.0,24.46,0.107893,0.553711,5468.36
301408.SZ,20260417,906500,20.49,18574185.0,20.59,0.395922,2.27331,22895.9
301413.SZ,20260417,37200,123.66,4600152.0,125.66,0.0633193,1.02557,5874.99
301418.SZ,20260417,1200,39.44,47328.0,39.44,0.00407659,0.136895,2943.63
301419.SZ,20260417,168400,45.0,7578000.0,45.65,0.212287,1.54941,7932.66
301421.SZ,20260417,5700,94.45,538365.0,94.39,0.0123088,0.129253,4630.85
301428.SZ,20260417,54300,35.54,1929822.0,35.71,0.0887303,0.981403,6119.67
301429.SZ,20260417,7400,19.89,147186.0,19.9,0.0168025,0.507972,4404.11
301439.SZ,20260417,5900,16.2,95580.0,16.28,0.0032197,0.160756,18324.7
301446.SZ,20260417,9700,38.62,374614.0,38.51,0.03053,0.852848,3177.2
301448.SZ,20260417,3000,39.1,117300.0,39.22,0.00621343,0.178656,4828.25
301449.SZ,20260417,3600,79.88,287568.0,79.81,0.0258746,0.151538,1391.33
301456.SZ,20260417,1300,29.57,38441.0,29.61,0.00214876,0.0967016,6050.01
301458.SZ,20260417,9800,34.75,340550.0,34.84,0.0083417,0.242736,11748.2
301459.SZ,20260417,300,38.59,11577.0,38.74,0.00114947,0.030936,2609.9
301468.SZ,20260417,25800,53.17,1371786.0,53.93,0.0343988,0.312267,7500.26
301469.SZ,20260417,4600,34.16,157136.0,34.16,0.00998726,0.394619,4605.87
301479.SZ,20260417,38700,103.48,4004676.0,102.55,0.0759878,1.17623,5092.92
301486.SZ,20260417,24000,168.59,4046160.0,169.13,0.0331246,0.257276,7245.38
301487.SZ,20260417,76300,22.22,1695386.0,22.32,0.0279698,0.529475,27279.4
301488.SZ,20260417,6300,134.16,845208.0,134.83,0.0269091,0.516824,2341.22
301489.SZ,20260417,63400,202.02,12808068.0,208.75,0.133192,1.32808,4760.04
301491.SZ,20260417,600,50.9,30540.0,50.95,0.00209912,0.113841,2858.34
301498.SZ,20260417,22800,53.2,1212960.0,53.11,0.0127055,0.34242,17945.0
301499.SZ,20260417,115500,34.55,3990525.0,34.82,0.334165,2.25444,3456.37
301500.SZ,20260417,29100,24.1,701310.0,24.34,0.0202012,0.13553,14405.1
301501.SZ,20260417,1600,37.87,60592.0,37.8,0.00367816,0.25827,4350.0
301502.SZ,20260417,13100,45.78,599718.0,45.8,0.0555391,0.783367,2358.7
301503.SZ,20260417,1200,36.35,43620.0,36.22,0.00369458,0.192129,3248.0
301505.SZ,20260417,20400,22.9,467160.0,22.68,0.0260898,0.827345,7819.16
301507.SZ,20260417,7200,14.34,103248.0,14.39,0.00653435,0.218354,11018.7
301508.SZ,20260417,2000,29.76,59520.0,29.77,0.00339926,0.173463,5883.64
301509.SZ,20260417,31700,46.33,1468661.0,46.8,0.055868,0.295592,5674.09
301510.SZ,20260417,9611,30.78,295826.58,30.93,0.00344284,0.211061,27915.9
301511.SZ,20260417,190100,47.9,9105790.0,47.92,0.0507433,0.46222,37463.1
301512.SZ,20260417,5400,46.6,251640.0,46.66,0.0217624,0.836819,2481.34
301515.SZ,20260417,5400,22.96,123984.0,22.96,0.0082354,0.299486,6557.06
301516.SZ,20260417,55000,20.08,1104400.0,20.34,0.078375,0.527555,7017.54
301517.SZ,20260417,16800,68.08,1143744.0,69.26,0.0171154,0.118625,9815.71
301518.SZ,20260417,6100,42.46,259006.0,42.47,0.0114022,0.216409,5349.87
301519.SZ,20260417,10900,14.42,157178.0,14.38,0.0144416,0.571818,7547.66
301520.SZ,20260417,800,44.79,35832.0,44.8,0.00356777,0.0550191,2242.3
301522.SZ,20260417,17900,32.3,578170.0,32.3,0.00636068,0.365732,28141.7
301525.SZ,20260417,2200,72.99,160578.0,73.12,0.00445333,0.205076,4940.12
301526.SZ,20260417,1111800,14.0,15565200.0,14.38,0.0791659,0.444384,140439.0
301528.SZ,20260417,6700,68.49,458883.0,68.98,0.0210361,0.606374,3185.0
301529.SZ,20260417,143000,115.0,16445000.0,115.82,0.316102,4.1454,4523.85
301533.SZ,20260417,200,32.62,6524.0,32.63,0.000703316,0.025051,2843.67
301535.SZ,20260417,28400,19.99,567716.0,19.83,0.0167259,0.87985,16979.6
301536.SZ,20260417,16800,75.3,1265040.0,75.88,0.00897468,0.307485,18719.3
301538.SZ,20260417,6700,82.5,552750.0,81.3,0.0214608,0.625971,3121.97
301539.SZ,20260417,3600,19.26,69336.0,19.37,0.00479605,0.303497,7506.18
301548.SZ,20260417,38800,78.98,3064424.0,79.2,0.147894,1.99597,2623.5
301550.SZ,20260417,106400,157.04,16709056.0,161.33,0.0754184,1.65258,14108.0
301551.SZ,20260417,22200,29.72,659784.0,29.83,0.0143639,0.653724,15455.4
301552.SZ,20260417,3400,42.01,142834.0,42.28,0.0142857,0.116554,2380.0
301555.SZ,20260417,6600,36.05,237930.0,36.13,0.0136512,0.306233,4834.73
301556.SZ,20260417,3900,84.13,328107.0,84.73,0.0132293,0.29671,2948.0
301557.SZ,20260417,26600,114.0,3032400.0,114.64,0.149733,1.8377,1776.5
301558.SZ,20260417,36000,8.3,298800.0,8.31,0.0164172,0.613599,21928.2
301559.SZ,20260417,1600,17.1,27360.0,17.1,0.00177778,0.0543033,9000.0
301560.SZ,20260417,14600,41.8,610280.0,41.6,0.0600329,0.570495,2432.0
301563.SZ,20260417,4500,163.63,736335.0,165.16,0.0305711,0.231691,1471.98
301565.SZ,20260417,6800,21.71,147628.0,21.77,0.00531209,0.32107,12801.0
301566.SZ,20260417,59300,21.45,1271985.0,21.58,0.0285782,0.70603,20750.1
301567.SZ,20260417,1200,43.44,52128.0,43.52,0.00564976,0.158919,2123.99
301568.SZ,20260417,10500,55.44,582120.0,55.4,0.0220591,0.262451,4759.94
301571.SZ,20260417,36100,72.23,2607503.0,73.25,0.0302936,0.76584,11916.7
301575.SZ,20260417,1400,45.9,64260.0,45.94,0.00804203,0.245735,1740.85
301577.SZ,20260417,2400,62.99,151176.0,63.18,0.0127381,0.264108,1884.12
301578.SZ,20260417,1100,33.84,37224.0,33.9,0.00474754,0.192196,2316.99
301580.SZ,20260417,53000,74.77,3962810.0,76.34,0.0735937,1.06903,7201.7
301581.SZ,20260417,4000,46.44,185760.0,46.21,0.00818364,1.08439,4887.8
301584.SZ,20260417,7900,28.02,221358.0,28.28,0.0147074,0.148112,5371.43
301585.SZ,20260417,42900,29.08,1247532.0,28.6,0.0629873,6.61996,6810.89
301586.SZ,20260417,2400,44.01,105624.0,44.04,0.00453591,0.285469,5291.11
301587.SZ,20260417,46200,27.2,1256640.0,27.58,0.0628973,0.473646,7345.3
301588.SZ,20260417,17500,21.48,375900.0,21.69,0.0238552,0.346818,7335.92
301589.SZ,20260417,400,174.61,69844.0,174.99,0.0011606,0.0620233,3446.5
301590.SZ,20260417,2100,184.02,386442.0,184.18,0.024411,0.389584,860.268
301591.SZ,20260417,1500,42.95,64425.0,42.82,0.00441843,0.12461,3394.87
301592.SZ,20260417,6200,124.01,768862.0,124.95,0.0265429,0.301099,2335.84
301595.SZ,20260417,3500,48.5,169750.0,48.83,0.014366,0.149366,2436.3
301596.SZ,20260417,800,69.63,55704.0,70.25,0.00255455,0.104827,3131.66
301598.SZ,20260417,2300,61.68,141864.0,61.68,0.0131071,0.526658,1754.77
301600.SZ,20260417,400,105.2,42080.0,105.7,0.00123998,0.0472848,3225.85
301601.SZ,20260417,15600,23.34,364104.0,23.22,0.0184659,1.72719,8448.0
301602.SZ,20260417,1700,19.39,32963.0,19.45,0.00081535,0.110458,20849.9
301603.SZ,20260417,259500,90.0,23355000.0,90.41,0.687736,5.95759,3773.25
301606.SZ,20260417,9400,75.02,705188.0,75.08,0.00569701,0.19056,16499.9
301607.SZ,20260417,7900,48.5,383150.0,48.62,0.00706332,0.270183,11184.5
301608.SZ,20260417,2700,85.98,232146.0,85.98,0.00676062,0.356962,3993.72
301609.SZ,20260417,7500,47.94,359550.0,47.94,0.020465,0.238859,3664.8
301611.SZ,20260417,128400,101.0,12968400.0,99.0,0.0875956,0.997047,14658.3
301613.SZ,20260417,5200,47.21,245492.0,47.21,0.00619776,0.424955,8390.12
301616.SZ,20260417,1200,51.53,61836.0,51.67,0.00422509,0.139221,2840.18
301617.SZ,20260417,4300,57.9,248970.0,57.86,0.00810709,0.217935,5304.0
301618.SZ,20260417,300,48.94,14682.0,48.89,0.00090486,0.0851445,3315.43
301622.SZ,20260417,2900,63.0,182700.0,63.15,0.00448504,0.107017,6465.94
301626.SZ,20260417,3500,275.18,963130.0,276.48,0.00665159,0.162597,5261.9
301628.SZ,20260417,8700,107.96,939252.0,108.3,0.0312099,0.36329,2787.58
301629.SZ,20260417,17900,278.73,4989267.0,280.75,0.0932483,0.869962,1919.61
301630.SZ,20260417,14000,222.23,3111220.0,222.25,0.14,0.616833,1000.0
301631.SZ,20260417,18200,101.93,1855126.0,103.3,0.0592728,0.632705,3070.55
301632.SZ,20260417,5400,21.15,114210.0,21.09,0.00737081,0.302086,7326.2
301633.SZ,20260417,0,,0.0,63.01,0.0,0.0,2551.06
301636.SZ,20260417,71300,75.3,5368890.0,77.37,0.446547,2.07337,1596.7
301638.SZ,20260417,188300,29.19,5496477.0,29.24,0.0801344,0.461199,23498.0
301656.SZ,20260417,23300,21.8,507940.0,21.77,0.0114424,0.340224,20362.9
301658.SZ,20260417,41500,41.46,1720590.0,41.5,0.0426005,0.26915,9741.67
301662.SZ,20260417,19000,145.43,2763170.0,145.68,0.0617824,0.894365,3075.31
301665.SZ,20260417,6900,26.89,185541.0,26.91,0.00662379,0.282,10417.0
301666.SZ,20260417,849162,262.0,222480444.0,244.55,3.20241,3.861,2651.63
301667.SZ,20260417,74700,98.99,7394553.0,102.58,0.332082,0.804345,2249.45
301668.SZ,20260417,4900,51.82,253918.0,51.82,0.0201409,0.299641,2432.86
301678.SZ,20260417,2100,62.7,131670.0,62.95,0.00438312,0.115462,4791.11
301680.SZ,20260417,17900,106.39,1904381.0,106.4,0.106532,0.537374,1680.25
301682.SZ,20260417,46600,123.8,5769080.0,124.75,0.181416,0.749048,2568.68
301683.SZ,20260417,15200,125.08,1901216.0,125.5,0.10655,0.350666,1426.56
301687.SZ,20260417,9100,57.4,522340.0,57.76,0.0308106,0.305089,2953.53
301696.SZ,20260417,178200,112.99,20134818.0,114.99,0.592354,0.996299,3008.34
302132.SZ,20260417,15300,68.89,1054017.0,68.93,0.00261061,0.214701,58606.9
920000.BJ,20260417,1400,15.88,22232.0,15.9,0.00243081,0.267014,5759.39
920001.BJ,20260417,2000,15.44,30880.0,15.47,0.00225502,0.136582,8869.1
920002.BJ,20260417,1758,84.45,148463.1,84.56,0.00551874,0.402063,3185.51
920003.BJ,20260417,3900,27.99,109161.0,27.64,0.0292912,3.05992,1331.46
920005.BJ,20260417,0,,0.0,36.06,0.0,0.0,2150.0
920006.BJ,20260417,1300,22.28,28964.0,22.28,0.00271983,0.136622,4779.71
920007.BJ,20260417,700,54.6,38220.0,54.9,0.00657719,0.283866,1064.29
920008.BJ,20260417,1948,25.36,49401.28,25.45,0.00572592,0.229857,3402.07
920009.BJ,20260417,641,66.09,42363.69,65.98,0.00890278,0.285984,720.0
920010.BJ,20260417,200617,11.86,2379317.62,11.92,0.115534,1.57294,17364.3
920011.BJ,20260417,14908,25.23,376128.84,25.14,0.0801505,0.32109,1860.0
920012.BJ,20260417,44399,49.5,2197750.5,49.1,0.334615,0.530508,1326.87
920014.BJ,20260417,3400,12.66,43044.0,12.7,0.00507105,0.107568,6704.73
920015.BJ,20260417,2755,40.12,110530.6,40.12,0.00688536,0.191887,4001.24
920016.BJ,20260417,3400,16.74,56916.0,16.74,0.00993071,0.779707,3423.72
920017.BJ,20260417,2488,17.4,43291.2,17.4,0.00201442,0.160108,12351.0
920018.BJ,20260417,7500,28.24,211800.0,28.32,0.0169592,0.550283,4422.38
920019.BJ,20260417,2691,18.29,49218.39,18.3,0.00160623,0.169029,16753.6
920020.BJ,20260417,2551,15.46,39438.46,15.46,0.00462969,0.529288,5510.09
920021.BJ,20260417,137199,10.42,1429613.58,10.5,0.0554217,0.62953,24755.5
920022.BJ,20260417,6319,26.99,170549.81,26.56,0.0380319,1.81878,1661.5
920023.BJ,20260417,63146,3.11,196384.06,3.1,0.0234911,0.898431,26880.9
920026.BJ,20260417,335,35.95,12043.25,35.95,0.000900184,0.0248287,3721.46
920027.BJ,20260417,5000,18.01,90050.0,18.09,0.0118474,0.413486,4220.35
920028.BJ,20260417,25469,15.46,393750.74,15.53,0.0598438,0.526564,4255.91
920029.BJ,20260417,300,85.51,25653.0,85.55,0.000221985,0.058541,13514.4
920030.BJ,20260417,500,5.51,2755.0,5.52,0.000444547,0.0352032,11247.4
920033.BJ,20260417,1400,15.12,21168.0,15.17,0.00169162,0.289567,8276.1
920035.BJ,20260417,1000,33.3,33300.0,33.4,0.00768403,0.173239,1301.4
920036.BJ,20260417,7039,45.0,316755.0,44.9,0.0538921,0.350313,1306.13
920037.BJ,20260417,3548,73.37,260316.76,73.48,0.012001,0.353779,2956.43
920039.BJ,20260417,2336,9.59,22402.24,9.59,0.00151866,0.444669,15382.0
920045.BJ,20260417,38961,460.0,17922060.0,445.55,0.193571,2.07886,2012.75
920046.BJ,20260417,38344,25.49,977388.56,25.61,0.0598402,0.662075,6407.73
920047.BJ,20260417,59345,35.05,2080042.25,34.73,0.03295,0.703142,18010.6
920050.BJ,20260417,0,,0.0,31.76,0.0,0.0,1810.27
920055.BJ,20260417,818,33.28,27223.04,33.16,0.00534641,0.0417742,1530.0
920056.BJ,20260417,36728,22.6,830052.8,22.64,0.119077,5.26384,3084.39
920057.BJ,20260417,5000,6.13,30650.0,6.13,0.00434516,0.555478,11507.1
920058.BJ,20260417,3677,27.78,102147.06,27.81,0.0133252,0.690594,2759.44
920060.BJ,20260417,11669,32.34,377375.46,32.34,0.0123059,0.408617,9482.43
920061.BJ,20260417,1813,23.34,42315.42,23.38,0.00460568,0.204055,3936.44
920062.BJ,20260417,7600,10.41,79116.0,10.46,0.00569246,0.199657,13351.0
920066.BJ,20260417,1329,21.38,28414.02,21.37,0.00668736,0.440774,1987.33
920068.BJ,20260417,8100,20.43,165483.0,20.64,0.0129178,0.532614,6270.43
920069.BJ,20260417,18562,36.0,668232.0,35.68,0.125608,1.08481,1477.77
920075.BJ,20260417,129,20.95,2702.55,20.85,0.000369852,0.0294785,3487.89
920076.BJ,20260417,35132,20.91,734610.12,20.66,0.177781,9.12953,1976.14
920077.BJ,20260417,28278,17.5,494865.0,17.52,0.0093218,0.310359,30335.3
920078.BJ,20260417,18755,23.66,443743.3,23.73,0.0906039,0.502269,2070.0
920080.BJ,20260417,4944,22.77,112574.88,22.7,0.0218178,1.77715,2266.04
920082.BJ,20260417,2700,15.07,40689.0,15.12,0.00682387,0.466221,3956.7
920086.BJ,20260417,2081,28.3,58892.3,28.44,0.00778104,0.157531,2674.45
920087.BJ,20260417,14577,14.95,217926.15,14.97,0.00888592,0.349726,16404.6
920088.BJ,20260417,53947,51.1,2756691.7,50.75,0.165653,0.770634,3256.62
920089.BJ,20260417,43409,18.53,804368.77,18.35,0.0505834,4.3397,8581.67
920090.BJ,20260417,31209,5.73,178827.57,5.73,0.0230584,0.476992,13534.7
920091.BJ,20260417,8691,58.88,511726.08,58.64,0.0599371,1.03545,1450.02
920092.BJ,20260417,26585,31.4,834769.0,31.73,0.0806746,2.37399,3295.34
920098.BJ,20260417,2200,26.2,57640.0,26.18,0.00397286,0.354489,5537.57
920099.BJ,20260417,2564,30.99,79458.36,30.87,0.00528848,0.299871,4848.27
920100.BJ,20260417,1672,48.89,81744.08,48.91,0.00854363,0.274132,1957.01
920101.BJ,20260417,2594,34.99,90764.06,34.81,0.00932472,0.905687,2781.85
920106.BJ,20260417,247,63.3,15635.1,63.21,0.000565802,0.0531846,4365.49
920108.BJ,20260417,58703,11.2,657473.6,10.94,0.0804507,12.8524,7296.77
920110.BJ,20260417,1400,34.22,47908.0,34.08,0.00862122,0.902157,1623.9
920111.BJ,20260417,16341,24.44,399374.04,24.35,0.0217046,1.37658,7528.81
920112.BJ,20260417,10200,33.3,339660.0,33.28,0.0439978,4.82344,2318.3
920116.BJ,20260417,18851,93.94,1770862.94,93.81,0.0122828,0.675747,15347.5
920118.BJ,20260417,1000,20.7,20700.0,20.65,0.0031909,0.305874,3133.91
920119.BJ,20260417,16614,90.28,1499911.92,89.9,0.0875492,3.02468,1897.68
920121.BJ,20260417,100,36.25,3625.0,36.3,0.000840882,0.0535793,1189.23
920122.BJ,20260417,500,26.15,13075.0,26.15,0.00133779,0.116724,3737.51
920123.BJ,20260417,172,12.78,2198.16,12.68,0.0002703,0.0249784,6363.29
920124.BJ,20260417,3267,15.7,51291.9,15.69,0.00426884,0.31555,7653.14
920128.BJ,20260417,900,24.6,22140.0,24.65,0.00235386,0.262607,3823.5
920130.BJ,20260417,4774,20.08,95861.92,20.05,0.00843647,0.474528,5658.76
920132.BJ,20260417,3427,13.44,46058.88,13.41,0.0121857,0.285114,2812.32
920139.BJ,20260417,3728,17.79,66321.12,17.79,0.00143423,0.0976987,25993.0
920145.BJ,20260417,5600,14.38,80528.0,14.38,0.0115243,0.960643,4859.3
920146.BJ,20260417,13457,6.97,93795.29,6.96,0.0125605,0.859937,10713.8
920149.BJ,20260417,11270,10.27,115742.9,10.25,0.0178134,1.99656,6326.7
920152.BJ,20260417,5520,15.68,86553.6,15.46,0.0067185,0.379638,8216.12
920158.BJ,20260417,8953,16.9,151305.7,16.88,0.0234744,0.19309,3813.94
920159.BJ,20260417,1900,38.59,73321.0,38.69,0.0131944,0.194257,1440.0
920160.BJ,20260417,5051,22.9,115667.9,22.97,0.0198172,0.847956,2548.8
920163.BJ,20260417,677,12.49,8455.73,12.49,0.00112661,0.150751,6009.2
920166.BJ,20260417,24983,28.62,715013.46,28.88,0.105126,2.13783,2376.47
920167.BJ,20260417,500,16.98,8490.0,17.02,0.000764949,0.0472739,6536.38
920168.BJ,20260417,0,,0.0,21.7,0.0,0.0,2817.45
920169.BJ,20260417,4500,29.75,133875.0,29.47,0.00885771,0.246585,5080.32
920171.BJ,20260417,39111,20.68,808815.48,20.87,0.0578292,0.471981,6763.2
920174.BJ,20260417,3335,38.3,127730.5,38.18,0.0038333,0.271567,8700.08
920175.BJ,20260417,6777,9.76,66143.52,9.77,0.00854863,1.05245,7927.59
920177.BJ,20260417,197340,35.99,7102266.6,36.58,1.67635,1.85744,1177.2
920179.BJ,20260417,61955,46.08,2854886.4,44.89,0.103745,2.70549,5971.85
920180.BJ,20260417,500,16.55,8275.0,16.57,0.00140176,0.0418558,3566.95
920181.BJ,20260417,18549,64.0,1187136.0,64.49,0.18512,0.325065,1002.0
920183.BJ,20260417,12946,39.43,510460.78,39.0,0.115077,1.83154,1124.98
920184.BJ,20260417,700,16.12,11284.0,16.07,0.000783279,0.0274407,8936.79
920185.BJ,20260417,51218,30.59,1566758.62,30.45,0.00458267,0.603006,111765.0
920187.BJ,20260417,578,35.98,20796.44,36.0,0.00252476,0.0915277,2289.33
920188.BJ,20260417,13751,24.43,335936.93,24.23,0.069471,0.470421,1979.39
920190.BJ,20260417,3496,22.27,77855.92,22.31,0.00351558,0.323647,9944.3
920195.BJ,20260417,0,,0.0,19.18,0.0,0.0,7075.9
920198.BJ,20260417,8270,8.7,71949.0,8.7,0.0117362,0.731564,7046.6
920199.BJ,20260417,7300,34.35,250755.0,34.35,0.0192474,0.82645,3792.73
920204.BJ,20260417,2600,15.23,39598.0,15.12,0.00520096,0.51484,4999.07
920207.BJ,20260417,17047,30.34,517205.98,30.16,0.0302711,0.517974,5631.45
920208.BJ,20260417,950,22.9,21755.0,22.9,0.000932482,0.186665,10187.9
920212.BJ,20260417,2313,11.92,27570.96,11.89,0.00448236,0.443496,5160.23
920221.BJ,20260417,0,,0.0,14.72,0.0,0.0,6176.49
920223.BJ,20260417,9779,17.39,170056.81,17.39,0.0119865,0.224669,8158.38
920225.BJ,20260417,31068,28.62,889166.16,28.58,0.0375298,0.80378,8278.22
920227.BJ,20260417,4069,61.12,248697.28,61.1,0.0229651,0.714053,1771.82
920230.BJ,20260417,53282,12.3,655368.6,12.35,0.112772,0.822261,4724.77
920237.BJ,20260417,87906,20.73,1822291.38,21.14,0.103714,1.38157,8475.77
920239.BJ,20260417,3367,29.98,100942.66,30.03,0.00187645,0.20753,17943.5
920242.BJ,20260417,28870,24.15,697210.5,23.46,0.077329,8.55451,3733.4
920245.BJ,20260417,864,24.47,21142.08,24.55,0.00227393,0.138938,3799.6
920247.BJ,20260417,11432,20.2,230926.4,20.26,0.010003,0.97569,11428.6
920249.BJ,20260417,1497068,9.2,13773025.6,9.77,1.20083,12.264,12467.0
920252.BJ,20260417,77960,28.15,2194574.0,27.61,0.114259,2.28225,6823.12
920260.BJ,20260417,3100,9.96,30876.0,10.0,0.00313515,0.203287,9887.88
920261.BJ,20260417,0,,0.0,14.19,0.0,0.0,17120.1
920262.BJ,20260417,1054,20.29,21385.66,20.25,0.00337979,0.250872,3118.54
920263.BJ,20260417,6100,11.81,72041.0,11.85,0.00594578,0.807152,10259.4
920266.BJ,20260417,4766,8.06,38413.96,8.07,0.00402226,0.617505,11849.0
920267.BJ,20260417,2313,19.38,44825.94,19.1,0.0077939,0.752447,2967.7
920270.BJ,20260417,4204,15.69,65960.76,15.72,0.00518191,0.49757,8112.83
920271.BJ,20260417,15400,14.05,216370.0,13.97,0.026602,4.00437,5789.04
920273.BJ,20260417,11485,23.2,266452.0,23.2,0.0167247,0.691913,6867.07
920274.BJ,20260417,6560,21.91,143729.6,22.0,0.00806557,0.581961,8133.33
920275.BJ,20260417,1300,7.18,9334.0,7.17,0.000985487,0.175292,13191.5
920278.BJ,20260417,3300,7.85,25905.0,7.88,0.00445657,0.227003,7404.8
920284.BJ,20260417,2100,30.0,63000.0,30.16,0.00309907,0.0738478,6776.23
920299.BJ,20260417,13192,24.09,317795.28,24.06,0.0290478,0.50713,4541.48
920300.BJ,20260417,19097,12.11,231264.67,12.11,0.0287036,1.14011,6653.17
920304.BJ,20260417,5250,12.25,64312.5,12.16,0.00384745,0.414319,13645.4
920305.BJ,20260417,17022,6.35,108089.7,6.5,0.0209887,0.284763,8110.09
920339.BJ,20260417,1476,8.25,12177.0,8.22,0.000976338,0.231129,15117.7
920344.BJ,20260417,3300,21.91,72303.0,22.11,0.00290166,0.239078,11372.8
920346.BJ,20260417,1050,20.31,21325.5,20.36,0.00235406,0.296819,4460.37
920351.BJ,20260417,4597,17.4,79987.8,17.34,0.0115386,0.243097,3984.03
920357.BJ,20260417,18740,24.28,455007.2,24.25,0.0420985,1.79738,4451.46
920363.BJ,20260417,3700,16.62,61494.0,16.68,0.00724218,0.435391,5108.96
920367.BJ,20260417,8800,19.59,172392.0,19.6,0.0209561,0.400121,4199.26
920368.BJ,20260417,43609,35.35,1541578.15,35.13,0.0195233,0.508073,22336.9
920370.BJ,20260417,8500,3.47,29495.0,3.47,0.00325104,0.560381,26145.4
920371.BJ,20260417,0,,0.0,9.63,0.0,0.0,19440.9
920374.BJ,20260417,25313,20.34,514866.42,20.34,0.0742022,4.25864,3411.35
920375.BJ,20260417,166212,13.88,2307022.56,14.14,0.256041,3.20543,6491.62
920378.BJ,20260417,5000,8.84,44200.0,8.83,0.00448905,1.00806,11138.2
920392.BJ,20260417,1993,19.71,39282.03,19.7,0.00547679,0.462874,3638.99
920394.BJ,20260417,54660,45.91,2509440.6,46.37,0.0376517,3.91599,14517.3
920395.BJ,20260417,18042,9.92,178976.64,9.76,0.0172249,4.12093,10474.4
920396.BJ,20260417,600,30.2,18120.0,30.1,0.00116939,0.0538098,5130.88
920402.BJ,20260417,2446,8.93,21842.78,8.94,0.000896387,0.0829669,27287.3
920403.BJ,20260417,391,21.72,8492.52,21.7,0.000661662,0.0370692,5909.36
920405.BJ,20260417,2700,20.8,56160.0,20.81,0.00245276,0.186916,11008.0
920407.BJ,20260417,900,18.08,16272.0,18.15,0.00258912,0.123744,3476.09
920414.BJ,20260417,3433,12.37,42466.21,12.35,0.00612188,0.163726,5607.76
920415.BJ,20260417,45944,12.79,587623.76,12.64,0.0424498,2.87727,10823.1
920418.BJ,20260417,1253,24.5,30698.5,24.52,0.0008048,0.0922179,15569.1
920419.BJ,20260417,1537,13.81,21225.97,13.88,0.0015896,0.149294,9669.13
920422.BJ,20260417,18048,11.83,213507.84,11.9,0.0272535,0.547736,6622.27
920425.BJ,20260417,3517,19.13,67280.21,19.21,0.00593954,0.410699,5921.33
920427.BJ,20260417,2055,12.03,24721.65,12.06,0.00403669,0.254877,5090.8
920429.BJ,20260417,8162,12.91,105371.42,12.98,0.00719116,0.771605,11350.0
920433.BJ,20260417,5200,5.19,26988.0,5.19,0.00307117,0.127556,16931.6
920436.BJ,20260417,572,13.83,7910.76,13.78,0.00064365,0.106581,8886.82
920438.BJ,20260417,8831,43.09,380527.79,43.14,0.00633528,0.180754,13939.4
920445.BJ,20260417,2057,9.95,20467.15,9.95,0.00194954,0.177976,10551.2
920454.BJ,20260417,300,13.98,4194.0,13.95,0.00047484,0.0359111,6317.91
920455.BJ,20260417,2810,7.65,21496.5,7.64,0.00299694,0.456675,9376.24
920469.BJ,20260417,2515,8.83,22207.45,8.86,0.00243117,0.231689,10344.8
920471.BJ,20260417,3095,12.46,38563.7,12.43,0.00583625,0.270882,5303.06
920475.BJ,20260417,1632,13.11,21395.52,13.15,0.002904,0.247442,5619.84
920476.BJ,20260417,929,20.66,19193.14,20.79,0.00115218,0.0866611,8063.0
920478.BJ,20260417,55579,16.88,938173.52,16.52,0.117652,1.66707,4724.01
920489.BJ,20260417,19482,14.07,274111.74,14.03,0.0224381,1.15429,8682.55
920491.BJ,20260417,18317,25.46,466350.82,25.34,0.0158501,0.641166,11556.4
920493.BJ,20260417,46789,160.3,7500276.7,160.99,0.106833,2.21793,4379.65
920496.BJ,20260417,14343,9.25,132672.75,9.25,0.00989183,0.782546,14499.8
920504.BJ,20260417,6302,21.89,137950.78,21.9,0.0368713,3.14076,1709.19
920505.BJ,20260417,2700,39.97,107919.0,40.22,0.00749772,0.192399,3601.09
920508.BJ,20260417,1081,19.78,21382.18,19.84,0.00338809,0.178837,3190.59
920509.BJ,20260417,3700,29.76,110112.0,29.77,0.00440552,0.222814,8398.55
920510.BJ,20260417,1100,14.62,16082.0,14.62,0.00117147,0.104414,9389.91
920519.BJ,20260417,15200,11.85,180120.0,11.88,0.0241291,2.24714,6299.44
920522.BJ,20260417,68954,52.38,3611810.52,52.19,0.0530345,1.87111,13001.7
920523.BJ,20260417,10681,24.14,257839.34,24.04,0.01318,0.485139,8103.95
920526.BJ,20260417,1700,19.01,32317.0,19.03,0.00324629,0.274494,5236.75
920527.BJ,20260417,6300,16.75,105525.0,16.86,0.0173325,1.46798,3634.8
920533.BJ,20260417,71839,22.9,1645113.1,23.27,0.0982251,3.92487,7313.71
920541.BJ,20260417,9300,11.91,110763.0,11.95,0.0103266,1.52366,9005.87
920547.BJ,20260417,3000,22.46,67380.0,22.3,0.00795368,0.929384,3771.84
920553.BJ,20260417,3438,8.8,30254.4,8.79,0.00377745,0.426451,9101.38
920556.BJ,20260417,2787,9.36,26086.32,9.4,0.00237194,0.182388,11749.9
920564.BJ,20260417,18376,26.92,494681.92,27.18,0.0448297,0.688438,4099.07
920566.BJ,20260417,39876,10.8,430660.8,10.6,0.0354937,2.58055,11234.7
920570.BJ,20260417,100,29.07,2907.0,29.05,0.000410428,0.024046,2436.48
920571.BJ,20260417,100157,10.18,1019598.26,10.13,0.0354265,0.580525,28271.8
920575.BJ,20260417,1397,7.94,11092.18,7.9,0.000743723,0.036857,18783.9
920576.BJ,20260417,13500,76.59,1033965.0,76.65,0.0126018,0.289195,10712.8
920578.BJ,20260417,1300,18.55,24115.0,18.53,0.00565217,0.253601,2300.0
920579.BJ,20260417,1300,17.68,22984.0,17.69,0.00291647,0.17917,4457.44
920580.BJ,20260417,35746,13.13,469344.98,13.06,0.0652739,2.60782,5476.31
920592.BJ,20260417,5202,31.75,165163.5,31.87,0.0103449,0.277149,5028.57
920593.BJ,20260417,11281,26.6,300074.6,26.56,0.00698037,0.553344,16161.0
920599.BJ,20260417,6700,18.51,124017.0,18.55,0.00191115,0.240121,35057.4
920608.BJ,20260417,1320,16.34,21568.8,16.41,0.00273752,0.295662,4821.89
920627.BJ,20260417,1000,20.28,20280.0,20.21,0.00213595,0.0426106,4681.75
920634.BJ,20260417,33702,21.4,721222.8,21.2,0.0831579,3.09906,4052.77
920639.BJ,20260417,2000,7.75,15500.0,7.72,0.00168416,0.10276,11875.4
920640.BJ,20260417,27685,37.01,1024621.85,37.2,0.0153539,0.457174,18031.2
920641.BJ,20260417,5700,18.38,104766.0,18.33,0.0125491,0.464394,4542.16
920642.BJ,20260417,5614,12.2,68490.8,12.2,0.00561642,0.324758,9995.69
920651.BJ,20260417,1000,27.15,27150.0,27.05,0.00241153,0.0856522,4146.74
920656.BJ,20260417,28908,16.28,470622.24,15.98,0.0892876,5.88754,3237.63
920662.BJ,20260417,10800,25.71,277668.0,25.88,0.039991,0.574795,2700.61
920663.BJ,20260417,1800,16.19,29142.0,16.2,0.00280914,0.0995983,6407.65
920665.BJ,20260417,2256,10.91,24612.96,10.93,0.00352106,0.213656,6407.17
920670.BJ,20260417,9777,16.83,164546.91,16.93,0.0146728,0.495806,6663.36
920675.BJ,20260417,2900,9.72,28188.0,9.76,0.00367006,0.143642,7901.79
920679.BJ,20260417,4600,17.88,82248.0,17.83,0.0123739,2.022,3717.5
920682.BJ,20260417,6419,8.77,56294.63,8.77,0.00341124,0.255241,18817.2
920685.BJ,20260417,2340,12.39,28992.6,12.38,0.00426199,0.407866,5490.39
920689.BJ,20260417,400,27.85,11140.0,27.85,0.00105456,0.0671489,3793.06
920690.BJ,20260417,1835,24.7,45324.5,24.83,0.00425763,0.253928,4309.91
920693.BJ,20260417,5838,26.89,156983.82,26.79,0.0159465,0.669912,3661.0
920694.BJ,20260417,306,17.65,5400.9,17.65,0.000489675,0.0647286,6249.04
920699.BJ,20260417,300,39.35,11805.0,39.29,0.00143711,0.196049,2087.53
920701.BJ,20260417,3283,15.57,51116.31,15.58,0.00327621,0.70518,10020.7
920703.BJ,20260417,0,,0.0,13.49,0.0,0.0,7626.51
920706.BJ,20260417,45980,24.98,1148580.4,24.76,0.096451,1.7906,4767.19
920717.BJ,20260417,4109,8.91,36611.19,8.91,0.00927958,0.513961,4428.0
920718.BJ,20260417,7600,13.03,99028.0,13.03,0.0176293,2.69331,4311.01
920719.BJ,20260417,37712,10.64,401255.68,10.53,0.0515236,2.56085,7319.37
920720.BJ,20260417,8849,12.01,106276.49,11.97,0.0119553,0.841308,7401.72
920725.BJ,20260417,8422,32.0,269504.0,32.06,0.0200153,0.274809,4207.78
920726.BJ,20260417,33510,19.11,640376.1,19.1,0.0599279,1.06595,5591.72
920729.BJ,20260417,0,,0.0,8.15,0.0,0.0,7682.5
920735.BJ,20260417,3000,31.28,93840.0,31.11,0.00289136,0.181133,10375.7
920748.BJ,20260417,1259,37.01,46595.59,37.23,0.00352997,0.0959544,3566.6
920751.BJ,20260417,0,,0.0,20.84,0.0,0.0,8306.71
920753.BJ,20260417,1158,18.45,21365.1,18.45,0.00357611,0.317403,3238.15
920765.BJ,20260417,5379,14.41,77511.39,14.52,0.0101861,0.646578,5280.71
920768.BJ,20260417,92648,12.21,1131232.08,11.99,0.121118,4.77307,7649.43
920770.BJ,20260417,10199,15.6,159104.4,15.62,0.0124539,0.472206,8189.38
920779.BJ,20260417,10276,35.08,360482.08,34.74,0.0512948,0.502233,2003.32
920781.BJ,20260417,2000,7.41,14820.0,7.41,0.0019585,0.197474,10211.9
920786.BJ,20260417,36027,8.39,302266.53,8.37,0.0253361,0.398765,14219.6
920790.BJ,20260417,1885,26.9,50706.5,27.07,0.00346794,0.11052,5435.5
920792.BJ,20260417,13900,11.19,155541.0,11.14,0.0136776,2.71099,10162.6
920799.BJ,20260417,9392,36.18,339802.56,36.2,0.00782211,0.207671,12007.0
920802.BJ,20260417,3600,14.1,50760.0,14.03,0.0162906,1.12914,2209.86
920806.BJ,20260417,49395,11.65,575451.75,11.62,0.0164247,2.94167,30073.7
920807.BJ,20260417,22109,12.0,265308.0,11.88,0.0178946,0.748388,12355.1
920808.BJ,20260417,13697,79.11,1083569.67,79.7,0.00703955,0.35097,19457.2
920809.BJ,20260417,267544,8.13,2175132.72,8.13,0.0582749,1.06759,45910.7
920810.BJ,20260417,3664,11.28,41329.92,11.28,0.00587108,0.79772,6240.75
920819.BJ,20260417,100,3.5,350.0,3.5,8.25338e-06,0.00237404,121162.0
920821.BJ,20260417,2229,21.76,48503.04,21.8,0.00305957,0.154611,7285.34
920826.BJ,20260417,55844,10.69,596972.36,10.65,0.0893869,2.16207,6247.45
920832.BJ,20260417,8800,6.64,58432.0,6.64,0.00713466,1.16604,12334.2
920833.BJ,20260417,15257,15.48,236178.36,15.39,0.0244271,1.30902,6245.92
920834.BJ,20260417,7425,11.82,87763.5,11.77,0.0118239,0.931558,6279.64
920837.BJ,20260417,0,,0.0,12.49,0.0,0.0,13678.8
920839.BJ,20260417,0,,0.0,32.66,0.0,0.0,6505.38
920855.BJ,20260417,3500,15.8,55300.0,15.67,0.005221,1.44166,6703.69
920856.BJ,20260417,3500,13.0,45500.0,13.05,0.0065963,0.608202,5306.0
920857.BJ,20260417,2700,25.26,68202.0,25.26,0.0036483,0.557248,7400.72
920866.BJ,20260417,200,7.57,1514.0,7.52,0.000175266,0.0222749,11411.2
920870.BJ,20260417,3713,14.38,53392.94,14.2,0.00562551,0.50305,6600.29
920871.BJ,20260417,3400,13.17,44778.0,13.18,0.00723187,0.802803,4701.41
920873.BJ,20260417,14283,8.02,114549.66,7.98,0.0119217,0.5324,11980.6
920876.BJ,20260417,2776,24.3,67456.8,24.28,0.00707293,0.341371,3924.82
920879.BJ,20260417,350,19.7,6895.0,19.77,0.000267569,0.0555717,13080.7
920885.BJ,20260417,24638,20.09,494977.42,20.13,0.0278385,1.07791,8850.32
920892.BJ,20260417,12355,14.93,184460.15,14.75,0.00819012,2.40038,15085.3
920895.BJ,20260417,100,16.55,1655.0,16.48,0.000347985,0.0285243,2873.69
920896.BJ,20260417,200,16.88,3376.0,16.88,0.00045144,0.0447118,4430.27
920906.BJ,20260417,2129,23.72,50499.88,23.61,0.00638271,0.466495,3335.57
920914.BJ,20260417,14532,24.3,353127.6,24.5,0.0146022,0.773305,9951.92
920924.BJ,20260417,92075,21.6,1988820.0,21.56,0.140847,2.32746,6537.21
920925.BJ,20260417,6182,16.95,104784.9,16.95,0.01118,0.575123,5529.51
920926.BJ,20260417,1000,14.42,14420.0,14.46,0.00124716,0.255851,8018.24
920931.BJ,20260417,1790,11.97,21426.3,12.01,0.0062205,0.395262,2877.58
920932.BJ,20260417,38716,15.45,598162.2,15.23,0.0445969,2.5806,8681.31
920942.BJ,20260417,200,25.23,5046.0,25.23,0.000482917,0.0228462,4141.5
920943.BJ,20260417,525,20.17,10589.25,20.12,0.00101336,0.0755545,5180.78
920946.BJ,20260417,100,10.1,1010.0,10.1,2.34309e-05,0.00388479,42678.7
920950.BJ,20260417,100,15.72,1572.0,15.69,0.000279954,0.0439339,3572.01
920953.BJ,20260417,690,30.11,20775.9,30.11,0.00115219,0.058242,5988.58
920957.BJ,20260417,5000,10.97,54850.0,10.98,0.0117083,1.20678,4270.47
920961.BJ,20260417,1900,22.45,42655.0,22.45,0.0018278,0.111938,10395.0
920964.BJ,20260417,9247,5.82,53817.54,5.84,0.00626078,0.775773,14769.7
920970.BJ,20260417,29379,7.5,220342.5,7.53,0.0419273,0.37795,7007.13
920971.BJ,20260417,7300,25.8,188340.0,25.67,0.00851781,0.407584,8570.28
920974.BJ,20260417,1347,7.56,10183.32,7.56,0.00104864,0.0966656,12845.2
920976.BJ,20260417,30399,29.88,908322.12,30.3,0.0689014,2.15487,4411.96
920978.BJ,20260417,6408,26.47,169619.76,26.36,0.00634864,0.303506,10093.5
920981.BJ,20260417,976,29.77,29055.52,29.77,0.00261595,0.0746983,3730.96
920982.BJ,20260417,13037,179.95,2346008.15,179.11,0.0237446,1.44357,5490.51
920985.BJ,20260417,5668,6.8,38542.4,6.79,0.00258438,0.199657,21931.8
920992.BJ,20260417,1900,14.96,28424.0,14.94,0.00391607,0.159487,4851.8
